"ToolID","ToolName","FileName","Category","Layer","Role","Path","RelativePath","ToolType","Priority","TargetEnv","HardGateRequired","AllowDirectRun","EntryMode","Status","Risk","SizeBytes","ModifiedTime","Sha256","AIInstruction","EngineerInstruction"
"VIA-SUP-0001","VeritasNexusCore_FREEZE_Run","VeritasNexusCore_FREEZE_Run.log","_freeze_reports","L6_Report_Matrix","Report, matrix, dashboard, validation output","C:\Users\tonyk\Downloads\VeritasIntelligenceAnalytics\supportive modules\_freeze_reports\FREEZE_20260608_181208\VeritasNexusCore_FREEZE_Run.log","_freeze_reports\FREEZE_20260608_181208\VeritasNexusCore_FREEZE_Run.log","other","4","via_core_312","False","False","NexusCoreManaged","FOUND","LOW","468","2026-06-08 18:12:14","34DD90E87EEE4DFC06E6DB7395DCABAF6C3B8094A63D9B8F98ED5AD57D21C088","Do not call directly. Route through NexusCore.","Register and expose in matrix/report."
"VIA-SUP-0002","VeritasNexusCore_FREEZE_Run","VeritasNexusCore_FREEZE_Run.log","_freeze_reports","L6_Report_Matrix","Report, matrix, dashboard, validation output","C:\Users\tonyk\Downloads\VeritasIntelligenceAnalytics\supportive modules\_freeze_reports\FREEZE_20260608_200408\VeritasNexusCore_FREEZE_Run.log","_freeze_reports\FREEZE_20260608_200408\VeritasNexusCore_FREEZE_Run.log","other","4","via_core_312","False","False","NexusCoreManaged","FOUND","LOW","468","2026-06-08 20:04:16","30285B7A3622F5282A1C3355907C82BBBAD6D55ACFF6916696050BCE14ABD887","Do not call directly. Route through NexusCore.","Register and expose in matrix/report."
"VIA-SUP-0003","VeritasNexusCore_FREEZE_Run","VeritasNexusCore_FREEZE_Run.log","_freeze_reports","L6_Report_Matrix","Report, matrix, dashboard, validation output","C:\Users\tonyk\Downloads\VeritasIntelligenceAnalytics\supportive modules\_freeze_reports\FREEZE_HOTFIX_20260608_200957\VeritasNexusCore_FREEZE_Run.log","_freeze_reports\FREEZE_HOTFIX_20260608_200957\VeritasNexusCore_FREEZE_Run.log","other","4","via_core_312","False","False","NexusCoreManaged","FOUND","LOW","7003","2026-06-08 20:10:16","0002434E09E5C443C7F14F5348A5A8AA00F3CAE2CF945E15231AC016E26C9B85","Do not call directly. Route through NexusCore.","Register and expose in matrix/report."
"VIA-SUP-0004","VeritasNexusCore_FREEZE_Manifest_v03","VeritasNexusCore_FREEZE_Manifest_v03.csv","_freeze_reports","L6_Report_Matrix","Report, matrix, dashboard, validation output","C:\Users\tonyk\Downloads\VeritasIntelligenceAnalytics\supportive modules\_freeze_reports\FREEZE_REPORT_RECOVERY_20260608_201541\VeritasNexusCore_FREEZE_Manifest_v03.csv","_freeze_reports\FREEZE_REPORT_RECOVERY_20260608_201541\VeritasNexusCore_FREEZE_Manifest_v03.csv","csv","4","document/report","False","False","NexusCoreManaged","FOUND","LOW","26546","2026-06-08 20:15:46","6C463E94FC1C0D7DA5F8F0A611E497B0A731BE22C36BBA929B3BA0B0465496D7","Do not call directly. Route through NexusCore.","Register and expose in matrix/report."
"VIA-SUP-0005","VeritasNexusCore_FREEZE_Manifest_v03","VeritasNexusCore_FREEZE_Manifest_v03.json","_freeze_reports","L6_Report_Matrix","Report, matrix, dashboard, validation output","C:\Users\tonyk\Downloads\VeritasIntelligenceAnalytics\supportive modules\_freeze_reports\FREEZE_REPORT_RECOVERY_20260608_201541\VeritasNexusCore_FREEZE_Manifest_v03.json","_freeze_reports\FREEZE_REPORT_RECOVERY_20260608_201541\VeritasNexusCore_FREEZE_Manifest_v03.json","json","4","document/report","False","False","NexusCoreManaged","FOUND","LOW","39345","2026-06-08 20:15:46","888F89CD8A32ED19633A90C56C2C42457B1BBEA74E3ECDB4F81405091E6CA2E3","Do not call directly. Route through NexusCore.","Register and expose in matrix/report."
"VIA-SUP-0006","VeritasNexusCore_FREEZE_Report_v03","VeritasNexusCore_FREEZE_Report_v03.html","_freeze_reports","L6_Report_Matrix","Report, matrix, dashboard, validation output","C:\Users\tonyk\Downloads\VeritasIntelligenceAnalytics\supportive modules\_freeze_reports\FREEZE_REPORT_RECOVERY_20260608_201541\VeritasNexusCore_FREEZE_Report_v03.html","_freeze_reports\FREEZE_REPORT_RECOVERY_20260608_201541\VeritasNexusCore_FREEZE_Report_v03.html","html","4","document/report","False","False","NexusCoreManaged","FOUND","LOW","37060","2026-06-08 20:15:46","3DC14374296BA3C4484A0C635629F904D991D8E513C53F02EB6EFBD971DAE7BE","Do not call directly. Route through NexusCore.","Register and expose in matrix/report."
"VIA-SUP-0007","VeritasNexusCore_FREEZE_ReportRecovery_v03","VeritasNexusCore_FREEZE_ReportRecovery_v03.log","_freeze_reports","L6_Report_Matrix","Report, matrix, dashboard, validation output","C:\Users\tonyk\Downloads\VeritasIntelligenceAnalytics\supportive modules\_freeze_reports\FREEZE_REPORT_RECOVERY_20260608_201541\VeritasNexusCore_FREEZE_ReportRecovery_v03.log","_freeze_reports\FREEZE_REPORT_RECOVERY_20260608_201541\VeritasNexusCore_FREEZE_ReportRecovery_v03.log","other","4","via_core_312","False","False","NexusCoreManaged","FOUND","LOW","2335","2026-06-08 20:15:46","19574E8328497695DAA5612C48257254B54633E9D0A475AA14BEAB4F6360A893","Do not call directly. Route through NexusCore.","Register and expose in matrix/report."
"VIA-SUP-0008","VDF_NexusCore_ModuleRegistry","VDF_NexusCore_ModuleRegistry.csv","_nexus_registry","L2_SSOT_Registry","Registry or canonical tool data","C:\Users\tonyk\Downloads\VeritasIntelligenceAnalytics\supportive modules\_nexus_registry\VDF_NexusCore_ModuleRegistry.csv","_nexus_registry\VDF_NexusCore_ModuleRegistry.csv","csv","1","document/report","False","False","NexusCoreManaged","FOUND","LOW","5568","2026-06-09 03:22:00","08BA97F8621B11A30BB04411CAD4D0C8238369137577E954170179F6F5ADDF35","Do not call directly. Route through NexusCore.","Register and expose in matrix/report."
"VIA-SUP-0009","VDF_NexusCore_ModuleRegistry","VDF_NexusCore_ModuleRegistry.json","_nexus_registry","L2_SSOT_Registry","Registry or canonical tool data","C:\Users\tonyk\Downloads\VeritasIntelligenceAnalytics\supportive modules\_nexus_registry\VDF_NexusCore_ModuleRegistry.json","_nexus_registry\VDF_NexusCore_ModuleRegistry.json","json","1","document/report","False","False","NexusCoreManaged","FOUND","LOW","9870","2026-06-09 03:22:00","47D9A19A11091517EFC576D9DD113F7F4E1B463CA7D0CA57E35490707EEDA4BF","Do not call directly. Route through NexusCore.","Register and expose in matrix/report."
"VIA-SUP-0010","VDF_VRN_CrossLinks","VDF_VRN_CrossLinks.json","_nexus_registry","L2_SSOT_Registry","Registry or canonical tool data","C:\Users\tonyk\Downloads\VeritasIntelligenceAnalytics\supportive modules\_nexus_registry\VDF_VRN_CrossLinks.json","_nexus_registry\VDF_VRN_CrossLinks.json","json","1","document/report","False","False","NexusCoreManaged","FOUND","LOW","27893","2026-06-09 03:22:00","A12C44D4B92C7B4D929E2CD3FDC3EC115AFCD04B3DEC1D0966AFAFAD92C1E31A","Do not call directly. Route through NexusCore.","Register and expose in matrix/report."
"VIA-SUP-0011","NEXUSCORE_AI_ONBOARDING","NEXUSCORE_AI_ONBOARDING.md","_nexuscore_ai_onboarding","L9_Supportive_Tool","Supportive utility","C:\Users\tonyk\Downloads\VeritasIntelligenceAnalytics\supportive modules\_nexuscore_ai_onboarding\RUN_20260610_161032\NEXUSCORE_AI_ONBOARDING.md","_nexuscore_ai_onboarding\RUN_20260610_161032\NEXUSCORE_AI_ONBOARDING.md","markdown","9","document/report","False","False","NexusCoreManaged","FOUND","LOW","2266","2026-06-10 16:10:38","5555C5290040EC97BE006D0108D4D105EAEAA552B060496769AC6DCC0B024C1E","Do not call directly. Route through NexusCore.","Register and expose in matrix/report."
"VIA-SUP-0012","NEXUSCORE_PROGRESS","NEXUSCORE_PROGRESS.html","_nexuscore_ai_onboarding","L6_Report_Matrix","Report, matrix, dashboard, validation output","C:\Users\tonyk\Downloads\VeritasIntelligenceAnalytics\supportive modules\_nexuscore_ai_onboarding\RUN_20260610_161032\NEXUSCORE_PROGRESS.html","_nexuscore_ai_onboarding\RUN_20260610_161032\NEXUSCORE_PROGRESS.html","html","4","document/report","False","False","NexusCoreManaged","FOUND","LOW","7188","2026-06-10 16:10:38","EF5BA016354249AB244389440B91649F4F538A6FE878B325DBDE27E1D3BFCB5A","Do not call directly. Route through NexusCore.","Register and expose in matrix/report."
"VIA-SUP-0013","NEXUSCORE_TOOL_MATRIX","NEXUSCORE_TOOL_MATRIX.csv","_nexuscore_ai_onboarding","L6_Report_Matrix","Report, matrix, dashboard, validation output","C:\Users\tonyk\Downloads\VeritasIntelligenceAnalytics\supportive modules\_nexuscore_ai_onboarding\RUN_20260610_161032\NEXUSCORE_TOOL_MATRIX.csv","_nexuscore_ai_onboarding\RUN_20260610_161032\NEXUSCORE_TOOL_MATRIX.csv","csv","4","document/report","False","False","NexusCoreManaged","FOUND","LOW","2768","2026-06-10 16:10:38","9233F7A708F99B688FF24C7D24810B2C0AC52F29A038E0546D6E9304A0F93E80","Do not call directly. Route through NexusCore.","Register and expose in matrix/report."
"VIA-SUP-0014","NEXUSCORE_TOOL_MATRIX","NEXUSCORE_TOOL_MATRIX.html","_nexuscore_ai_onboarding","L6_Report_Matrix","Report, matrix, dashboard, validation output","C:\Users\tonyk\Downloads\VeritasIntelligenceAnalytics\supportive modules\_nexuscore_ai_onboarding\RUN_20260610_161032\NEXUSCORE_TOOL_MATRIX.html","_nexuscore_ai_onboarding\RUN_20260610_161032\NEXUSCORE_TOOL_MATRIX.html","html","4","document/report","False","False","NexusCoreManaged","FOUND","LOW","5110","2026-06-10 16:10:38","B6369F5FC2DB7790D626784123E7EB122C66592C158D74E70171013BA84E8D8E","Do not call directly. Route through NexusCore.","Register and expose in matrix/report."
"VIA-SUP-0015","NEXUSCORE_TOOL_MATRIX","NEXUSCORE_TOOL_MATRIX.json","_nexuscore_ai_onboarding","L6_Report_Matrix","Report, matrix, dashboard, validation output","C:\Users\tonyk\Downloads\VeritasIntelligenceAnalytics\supportive modules\_nexuscore_ai_onboarding\RUN_20260610_161032\NEXUSCORE_TOOL_MATRIX.json","_nexuscore_ai_onboarding\RUN_20260610_161032\NEXUSCORE_TOOL_MATRIX.json","json","4","document/report","False","False","NexusCoreManaged","FOUND","LOW","4034","2026-06-10 16:10:38","3B3DE773F940859BE7B14D950ACBD27B20FD718D4156DC1A06A47BCC201F315E","Do not call directly. Route through NexusCore.","Register and expose in matrix/report."
"VIA-SUP-0016","NEXUSCORE_AI_ONBOARDING","NEXUSCORE_AI_ONBOARDING.md","_nexuscore_ai_onboarding","L9_Supportive_Tool","Supportive utility","C:\Users\tonyk\Downloads\VeritasIntelligenceAnalytics\supportive modules\_nexuscore_ai_onboarding\RUN_20260610_161210\NEXUSCORE_AI_ONBOARDING.md","_nexuscore_ai_onboarding\RUN_20260610_161210\NEXUSCORE_AI_ONBOARDING.md","markdown","9","document/report","False","False","NexusCoreManaged","FOUND","LOW","2266","2026-06-10 16:12:21","5555C5290040EC97BE006D0108D4D105EAEAA552B060496769AC6DCC0B024C1E","Do not call directly. Route through NexusCore.","Register and expose in matrix/report."
"VIA-SUP-0017","NEXUSCORE_PROGRESS","NEXUSCORE_PROGRESS.html","_nexuscore_ai_onboarding","L6_Report_Matrix","Report, matrix, dashboard, validation output","C:\Users\tonyk\Downloads\VeritasIntelligenceAnalytics\supportive modules\_nexuscore_ai_onboarding\RUN_20260610_161210\NEXUSCORE_PROGRESS.html","_nexuscore_ai_onboarding\RUN_20260610_161210\NEXUSCORE_PROGRESS.html","html","4","document/report","False","False","NexusCoreManaged","FOUND","LOW","7188","2026-06-10 16:12:21","EA7D8B7613C15433B337524C9AF83D0CACA5FFDF62B79D926BA1F83080A3E19A","Do not call directly. Route through NexusCore.","Register and expose in matrix/report."
"VIA-SUP-0018","NEXUSCORE_TOOL_MATRIX","NEXUSCORE_TOOL_MATRIX.csv","_nexuscore_ai_onboarding","L6_Report_Matrix","Report, matrix, dashboard, validation output","C:\Users\tonyk\Downloads\VeritasIntelligenceAnalytics\supportive modules\_nexuscore_ai_onboarding\RUN_20260610_161210\NEXUSCORE_TOOL_MATRIX.csv","_nexuscore_ai_onboarding\RUN_20260610_161210\NEXUSCORE_TOOL_MATRIX.csv","csv","4","document/report","False","False","NexusCoreManaged","FOUND","LOW","2768","2026-06-10 16:12:21","9233F7A708F99B688FF24C7D24810B2C0AC52F29A038E0546D6E9304A0F93E80","Do not call directly. Route through NexusCore.","Register and expose in matrix/report."
"VIA-SUP-0019","NEXUSCORE_TOOL_MATRIX","NEXUSCORE_TOOL_MATRIX.html","_nexuscore_ai_onboarding","L6_Report_Matrix","Report, matrix, dashboard, validation output","C:\Users\tonyk\Downloads\VeritasIntelligenceAnalytics\supportive modules\_nexuscore_ai_onboarding\RUN_20260610_161210\NEXUSCORE_TOOL_MATRIX.html","_nexuscore_ai_onboarding\RUN_20260610_161210\NEXUSCORE_TOOL_MATRIX.html","html","4","document/report","False","False","NexusCoreManaged","FOUND","LOW","5110","2026-06-10 16:12:21","6F3D1E956B055C25A3F4ADE87BCAF76E585E7C8A007C453AF3F3CF1859FFD040","Do not call directly. Route through NexusCore.","Register and expose in matrix/report."
"VIA-SUP-0020","NEXUSCORE_TOOL_MATRIX","NEXUSCORE_TOOL_MATRIX.json","_nexuscore_ai_onboarding","L6_Report_Matrix","Report, matrix, dashboard, validation output","C:\Users\tonyk\Downloads\VeritasIntelligenceAnalytics\supportive modules\_nexuscore_ai_onboarding\RUN_20260610_161210\NEXUSCORE_TOOL_MATRIX.json","_nexuscore_ai_onboarding\RUN_20260610_161210\NEXUSCORE_TOOL_MATRIX.json","json","4","document/report","False","False","NexusCoreManaged","FOUND","LOW","4034","2026-06-10 16:12:21","3B3DE773F940859BE7B14D950ACBD27B20FD718D4156DC1A06A47BCC201F315E","Do not call directly. Route through NexusCore.","Register and expose in matrix/report."
"VIA-SUP-0021","Invoke-VeritasNexusCore.snapshot","Invoke-VeritasNexusCore.snapshot.txt","_supportive_nexuscore_onboarding","L1_Control_Entry","Single approved entry for supportive modules","C:\Users\tonyk\Downloads\VeritasIntelligenceAnalytics\supportive modules\_supportive_nexuscore_onboarding\RUN_20260610_153602\Invoke-VeritasNexusCore.snapshot.txt","_supportive_nexuscore_onboarding\RUN_20260610_153602\Invoke-VeritasNexusCore.snapshot.txt","text","0","document/report","False","False","NexusCoreManaged","FOUND","LOW","2913","2026-06-10 15:36:06","7B3963CF51A27130172DE953E8DBFDCD05150969833E536F2C0315DA4C3ED6E9","Do not call directly. Route through NexusCore.","Register and expose in matrix/report."
"VIA-SUP-0022","Read_Me_VeritasNexusCore.snapshot","Read_Me_VeritasNexusCore.snapshot.txt","_supportive_nexuscore_onboarding","L0_SSOT_Documentation","Human and AI onboarding SSOT","C:\Users\tonyk\Downloads\VeritasIntelligenceAnalytics\supportive modules\_supportive_nexuscore_onboarding\RUN_20260610_153602\Read_Me_VeritasNexusCore.snapshot.txt","_supportive_nexuscore_onboarding\RUN_20260610_153602\Read_Me_VeritasNexusCore.snapshot.txt","text","0","document/report","False","False","NexusCoreManaged","FOUND","LOW","11110","2026-06-10 15:36:05","8547E1597A3917295B69D1575C98676565298992E26290E94EE261C8C7B03B25","Do not call directly. Route through NexusCore.","Register and expose in matrix/report."
"VIA-SUP-0023","supportive_modules_onboarding_report","supportive_modules_onboarding_report.html","_supportive_nexuscore_onboarding","L6_Report_Matrix","Report, matrix, dashboard, validation output","C:\Users\tonyk\Downloads\VeritasIntelligenceAnalytics\supportive modules\_supportive_nexuscore_onboarding\RUN_20260610_153602\supportive_modules_onboarding_report.html","_supportive_nexuscore_onboarding\RUN_20260610_153602\supportive_modules_onboarding_report.html","html","4","document/report","False","False","NexusCoreManaged","FOUND","LOW","60581","2026-06-10 15:36:06","4F327761140F8A9C4F0C46C0E87284881D3104AE61758D10F7DE15810E299F26","Do not call directly. Route through NexusCore.","Register and expose in matrix/report."
"VIA-SUP-0024","supportive_modules_registry","supportive_modules_registry.csv","_supportive_nexuscore_onboarding","L2_SSOT_Registry","Registry or canonical tool data","C:\Users\tonyk\Downloads\VeritasIntelligenceAnalytics\supportive modules\_supportive_nexuscore_onboarding\RUN_20260610_153602\supportive_modules_registry.csv","_supportive_nexuscore_onboarding\RUN_20260610_153602\supportive_modules_registry.csv","csv","1","document/report","False","False","NexusCoreManaged","FOUND","LOW","47854","2026-06-10 15:36:06","17F0C6005AFA2314D1D61EC0FE702A70519079CC6214D2E565829F0DA75A5D6E","Do not call directly. Route through NexusCore.","Register and expose in matrix/report."
"VIA-SUP-0025","supportive_modules_registry","supportive_modules_registry.json","_supportive_nexuscore_onboarding","L2_SSOT_Registry","Registry or canonical tool data","C:\Users\tonyk\Downloads\VeritasIntelligenceAnalytics\supportive modules\_supportive_nexuscore_onboarding\RUN_20260610_153602\supportive_modules_registry.json","_supportive_nexuscore_onboarding\RUN_20260610_153602\supportive_modules_registry.json","json","1","document/report","False","False","NexusCoreManaged","FOUND","LOW","1731","2026-06-10 15:36:06","A4EFD8967AC02DFFE8170A0B694916A29C34D27C63CEFFBC29E137EC7348C2E4","Do not call directly. Route through NexusCore.","Register and expose in matrix/report."
"VIA-SUP-0026","Invoke-VeritasNexusCore.snapshot","Invoke-VeritasNexusCore.snapshot.txt","_supportive_nexuscore_onboarding","L1_Control_Entry","Single approved entry for supportive modules","C:\Users\tonyk\Downloads\VeritasIntelligenceAnalytics\supportive modules\_supportive_nexuscore_onboarding\RUN_20260610_154007\Invoke-VeritasNexusCore.snapshot.txt","_supportive_nexuscore_onboarding\RUN_20260610_154007\Invoke-VeritasNexusCore.snapshot.txt","text","0","document/report","False","False","NexusCoreManaged","FOUND","LOW","2913","2026-06-10 15:40:10","7B3963CF51A27130172DE953E8DBFDCD05150969833E536F2C0315DA4C3ED6E9","Do not call directly. Route through NexusCore.","Register and expose in matrix/report."
"VIA-SUP-0027","Read_Me_VeritasNexusCore.snapshot","Read_Me_VeritasNexusCore.snapshot.txt","_supportive_nexuscore_onboarding","L0_SSOT_Documentation","Human and AI onboarding SSOT","C:\Users\tonyk\Downloads\VeritasIntelligenceAnalytics\supportive modules\_supportive_nexuscore_onboarding\RUN_20260610_154007\Read_Me_VeritasNexusCore.snapshot.txt","_supportive_nexuscore_onboarding\RUN_20260610_154007\Read_Me_VeritasNexusCore.snapshot.txt","text","0","document/report","False","False","NexusCoreManaged","FOUND","LOW","11110","2026-06-10 15:40:10","8547E1597A3917295B69D1575C98676565298992E26290E94EE261C8C7B03B25","Do not call directly. Route through NexusCore.","Register and expose in matrix/report."
"VIA-SUP-0028","supportive_modules_onboarding_report","supportive_modules_onboarding_report.html","_supportive_nexuscore_onboarding","L6_Report_Matrix","Report, matrix, dashboard, validation output","C:\Users\tonyk\Downloads\VeritasIntelligenceAnalytics\supportive modules\_supportive_nexuscore_onboarding\RUN_20260610_154007\supportive_modules_onboarding_report.html","_supportive_nexuscore_onboarding\RUN_20260610_154007\supportive_modules_onboarding_report.html","html","4","document/report","False","False","NexusCoreManaged","FOUND","LOW","62533","2026-06-10 15:40:10","70764AF2CF2C6A9B3B76DD3347487C40052C74F162ABFA59BF23E745C2834FA9","Do not call directly. Route through NexusCore.","Register and expose in matrix/report."
"VIA-SUP-0029","supportive_modules_registry","supportive_modules_registry.csv","_supportive_nexuscore_onboarding","L2_SSOT_Registry","Registry or canonical tool data","C:\Users\tonyk\Downloads\VeritasIntelligenceAnalytics\supportive modules\_supportive_nexuscore_onboarding\RUN_20260610_154007\supportive_modules_registry.csv","_supportive_nexuscore_onboarding\RUN_20260610_154007\supportive_modules_registry.csv","csv","1","document/report","False","False","NexusCoreManaged","FOUND","LOW","49551","2026-06-10 15:40:10","2A9432E9121F38F91CE0C97BE9C81D1ADD598C46CBA8C39E28A7D79A149A3C80","Do not call directly. Route through NexusCore.","Register and expose in matrix/report."
"VIA-SUP-0030","supportive_modules_registry","supportive_modules_registry.json","_supportive_nexuscore_onboarding","L2_SSOT_Registry","Registry or canonical tool data","C:\Users\tonyk\Downloads\VeritasIntelligenceAnalytics\supportive modules\_supportive_nexuscore_onboarding\RUN_20260610_154007\supportive_modules_registry.json","_supportive_nexuscore_onboarding\RUN_20260610_154007\supportive_modules_registry.json","json","1","document/report","False","False","NexusCoreManaged","FOUND","LOW","1731","2026-06-10 15:40:10","A4EFD8967AC02DFFE8170A0B694916A29C34D27C63CEFFBC29E137EC7348C2E4","Do not call directly. Route through NexusCore.","Register and expose in matrix/report."
"VIA-SUP-0031","VIA_Runtime_Bridge_All_in_One.cpython-313","VIA_Runtime_Bridge_All_in_One.cpython-313.pyc","10_Core_Runtime","L5_Acceleration_InstallPlanner","Acceleration, cache, wheelhouse, retry, download/install planning","C:\Users\tonyk\Downloads\VeritasIntelligenceAnalytics\supportive modules\10_Core_Runtime\__pycache__\VIA_Runtime_Bridge_All_in_One.cpython-313.pyc","10_Core_Runtime\__pycache__\VIA_Runtime_Bridge_All_in_One.cpython-313.pyc","other","3","via_core_312","True","False","NexusCoreManaged","FOUND","LOW","25583","2026-06-10 12:33:57","2C69CBAE5FCDA2887F60982C84BFDD92225701146E12A55B88486520D2918E97","Do not call directly. Route through NexusCore.","Wire to HardGate and EnvManager before execution."
"VIA-SUP-0032","VIA_RuntimeImportFirewall.cpython-313","VIA_RuntimeImportFirewall.cpython-313.pyc","10_Core_Runtime","L3_HardGate_Protection","Protection, network guard, environment risk gate","C:\Users\tonyk\Downloads\VeritasIntelligenceAnalytics\supportive modules\10_Core_Runtime\__pycache__\VIA_RuntimeImportFirewall.cpython-313.pyc","10_Core_Runtime\__pycache__\VIA_RuntimeImportFirewall.cpython-313.pyc","other","1","via_core_312","False","False","NexusCoreManaged","FOUND","LOW","12289","2026-06-10 12:33:57","97536968E6763C28CC5C5E4ED997C489C885F5884D0220E7C29FBA481C821267","Do not call directly. Route through NexusCore.","Register and expose in matrix/report."
"VIA-SUP-0033","VIA_Supportive_Runtime_HardGate_Bridge.cpython-313","VIA_Supportive_Runtime_HardGate_Bridge.cpython-313.pyc","10_Core_Runtime","L3_HardGate_Protection","Protection, network guard, environment risk gate","C:\Users\tonyk\Downloads\VeritasIntelligenceAnalytics\supportive modules\10_Core_Runtime\__pycache__\VIA_Supportive_Runtime_HardGate_Bridge.cpython-313.pyc","10_Core_Runtime\__pycache__\VIA_Supportive_Runtime_HardGate_Bridge.cpython-313.pyc","other","1","via_core_312","False","False","NexusCoreManaged","FOUND","LOW","17901","2026-06-10 12:33:57","F02A3BCD5362E467111144DF1AC424CEFB13B71021E51564B4B4123B1214647A","Do not call directly. Route through NexusCore.","Register and expose in matrix/report."
"VIA-SUP-0034","VIA_Runtime_Bridge_All_in_One","VIA_Runtime_Bridge_All_in_One.py","10_Core_Runtime","L5_Acceleration_InstallPlanner","Acceleration, cache, wheelhouse, retry, download/install planning","C:\Users\tonyk\Downloads\VeritasIntelligenceAnalytics\supportive modules\10_Core_Runtime\VIA_Runtime_Bridge_All_in_One.py","10_Core_Runtime\VIA_Runtime_Bridge_All_in_One.py","python","3","via_core_312","True","False","NexusCoreManaged","FOUND","LOW","29537","2026-05-26 16:47:58","B5BDD7A1F29DF1325C2E2D9C26A62E7F287F05951AD27EF907AB7E6CB43E442F","Do not call directly. Route through NexusCore.","Wire to HardGate and EnvManager before execution."
"VIA-SUP-0035","VIA_Runtime_Bridge_All_in_One.py.freeze.lock","VIA_Runtime_Bridge_All_in_One.py.freeze.lock.json","10_Core_Runtime","L5_Acceleration_InstallPlanner","Acceleration, cache, wheelhouse, retry, download/install planning","C:\Users\tonyk\Downloads\VeritasIntelligenceAnalytics\supportive modules\10_Core_Runtime\VIA_Runtime_Bridge_All_in_One.py.freeze.lock.json","10_Core_Runtime\VIA_Runtime_Bridge_All_in_One.py.freeze.lock.json","json","3","document/report","True","False","NexusCoreManaged","FOUND","LOW","1079","2026-06-08 20:10:15","7DD93E617DEA7A3E2D7542E252B37018106E3CC0D353CCF6445DDED9C7E152DB","Do not call directly. Route through NexusCore.","Wire to HardGate and EnvManager before execution."
"VIA-SUP-0036","VIA_RuntimeImportFirewall","VIA_RuntimeImportFirewall.py","10_Core_Runtime","L3_HardGate_Protection","Protection, network guard, environment risk gate","C:\Users\tonyk\Downloads\VeritasIntelligenceAnalytics\supportive modules\10_Core_Runtime\VIA_RuntimeImportFirewall.py","10_Core_Runtime\VIA_RuntimeImportFirewall.py","python","1","via_core_312","True","False","NexusCoreManaged","FOUND","LOW","9658","2026-05-26 16:35:45","44E6514C7D2B242208611A36E9D725E2AD27A0BC05F16D731DED8F95A2A80900","Do not call directly. Route through NexusCore.","Wire to HardGate and EnvManager before execution."
"VIA-SUP-0037","VIA_RuntimeImportFirewall.py.freeze.lock","VIA_RuntimeImportFirewall.py.freeze.lock.json","10_Core_Runtime","L3_HardGate_Protection","Protection, network guard, environment risk gate","C:\Users\tonyk\Downloads\VeritasIntelligenceAnalytics\supportive modules\10_Core_Runtime\VIA_RuntimeImportFirewall.py.freeze.lock.json","10_Core_Runtime\VIA_RuntimeImportFirewall.py.freeze.lock.json","json","1","document/report","False","False","NexusCoreManaged","FOUND","LOW","1063","2026-06-08 20:10:15","7167308BBF556A824EE4F233EBC7A85477EA08CEEE3B33B3C16DE3CDDF058DD9","Do not call directly. Route through NexusCore.","Register and expose in matrix/report."
"VIA-SUP-0038","VIA_Supportive_Runtime_HardGate_Bridge","VIA_Supportive_Runtime_HardGate_Bridge.py","10_Core_Runtime","L3_HardGate_Protection","Protection, network guard, environment risk gate","C:\Users\tonyk\Downloads\VeritasIntelligenceAnalytics\supportive modules\10_Core_Runtime\VIA_Supportive_Runtime_HardGate_Bridge.py","10_Core_Runtime\VIA_Supportive_Runtime_HardGate_Bridge.py","python","1","via_core_312","True","False","NexusCoreManaged","FOUND","LOW","14829","2026-05-26 16:47:59","7BED139672C8E1B9C3F61FE12AF23781FB865F10954A29BEA4D9608755556FA6","Do not call directly. Route through NexusCore.","Wire to HardGate and EnvManager before execution."
"VIA-SUP-0039","VIA_Supportive_Runtime_HardGate_Bridge.py.freeze.lock","VIA_Supportive_Runtime_HardGate_Bridge.py.freeze.lock.json","10_Core_Runtime","L3_HardGate_Protection","Protection, network guard, environment risk gate","C:\Users\tonyk\Downloads\VeritasIntelligenceAnalytics\supportive modules\10_Core_Runtime\VIA_Supportive_Runtime_HardGate_Bridge.py.freeze.lock.json","10_Core_Runtime\VIA_Supportive_Runtime_HardGate_Bridge.py.freeze.lock.json","json","1","document/report","False","False","NexusCoreManaged","FOUND","LOW","1115","2026-06-08 20:10:15","EE46C31A91150D8263E66BF834703E62DF64C3F19A2EC3D8BE4E2FA29A1BE116","Do not call directly. Route through NexusCore.","Register and expose in matrix/report."
"VIA-SUP-0040","VIA_RegistryCore_v1.cpython-313","VIA_RegistryCore_v1.cpython-313.pyc","20_Registry_SSOT","L2_SSOT_Registry","Registry or canonical tool data","C:\Users\tonyk\Downloads\VeritasIntelligenceAnalytics\supportive modules\20_Registry_SSOT\__pycache__\VIA_RegistryCore_v1.cpython-313.pyc","20_Registry_SSOT\__pycache__\VIA_RegistryCore_v1.cpython-313.pyc","other","1","via_core_312","False","False","NexusCoreManaged","FOUND","LOW","47261","2026-06-10 12:33:57","C9CFAECDF399583C43336EE04B9B688B0B892CD1D58210264C79F306FB5A90CA","Do not call directly. Route through NexusCore.","Register and expose in matrix/report."
"VIA-SUP-0041","VIA_SSOT_Unified.cpython-313","VIA_SSOT_Unified.cpython-313.pyc","20_Registry_SSOT","L2_SSOT_Registry","Registry or canonical tool data","C:\Users\tonyk\Downloads\VeritasIntelligenceAnalytics\supportive modules\20_Registry_SSOT\__pycache__\VIA_SSOT_Unified.cpython-313.pyc","20_Registry_SSOT\__pycache__\VIA_SSOT_Unified.cpython-313.pyc","other","1","via_core_312","False","False","NexusCoreManaged","FOUND","LOW","273840","2026-06-10 12:33:57","DB04DF6C8E2FA7B3934CA7B17813844A7361AC7EC3E03454EA4EE76D7CF76211","Do not call directly. Route through NexusCore.","Register and expose in matrix/report."
"VIA-SUP-0042","VIA_RegistryCore_v1","VIA_RegistryCore_v1.py","20_Registry_SSOT","L2_SSOT_Registry","Registry or canonical tool data","C:\Users\tonyk\Downloads\VeritasIntelligenceAnalytics\supportive modules\20_Registry_SSOT\VIA_RegistryCore_v1.py","20_Registry_SSOT\VIA_RegistryCore_v1.py","python","1","via_core_312","True","False","NexusCoreManaged","FOUND","LOW","49130","2026-05-26 16:47:57","F69DAB6BD6C78F8BB012F2EDA69064D08570221149777B2A9AB5269CCB8FDFDD","Do not call directly. Route through NexusCore.","Wire to HardGate and EnvManager before execution."
"VIA-SUP-0043","VIA_RegistryCore_v1.py.freeze.lock","VIA_RegistryCore_v1.py.freeze.lock.json","20_Registry_SSOT","L2_SSOT_Registry","Registry or canonical tool data","C:\Users\tonyk\Downloads\VeritasIntelligenceAnalytics\supportive modules\20_Registry_SSOT\VIA_RegistryCore_v1.py.freeze.lock.json","20_Registry_SSOT\VIA_RegistryCore_v1.py.freeze.lock.json","json","1","document/report","False","False","NexusCoreManaged","FOUND","LOW","1042","2026-06-08 20:10:15","79B2893DFCE11199D9A774CE75EF69C59DE6FDB24F184865692F6FFE0964FEEB","Do not call directly. Route through NexusCore.","Register and expose in matrix/report."
"VIA-SUP-0044","VIA_SSOT_Unified","VIA_SSOT_Unified.py","20_Registry_SSOT","L2_SSOT_Registry","Registry or canonical tool data","C:\Users\tonyk\Downloads\VeritasIntelligenceAnalytics\supportive modules\20_Registry_SSOT\VIA_SSOT_Unified.py","20_Registry_SSOT\VIA_SSOT_Unified.py","python","1","via_core_312","True","False","NexusCoreManaged","FOUND","LOW","306724","2026-05-26 16:47:58","613700C560AA1C95958F88CFB998F40D162DABFA955D26553279B345DC00C441","Do not call directly. Route through NexusCore.","Wire to HardGate and EnvManager before execution."
"VIA-SUP-0045","VIA_SSOT_Unified.py.freeze.lock","VIA_SSOT_Unified.py.freeze.lock.json","20_Registry_SSOT","L2_SSOT_Registry","Registry or canonical tool data","C:\Users\tonyk\Downloads\VeritasIntelligenceAnalytics\supportive modules\20_Registry_SSOT\VIA_SSOT_Unified.py.freeze.lock.json","20_Registry_SSOT\VIA_SSOT_Unified.py.freeze.lock.json","json","1","document/report","False","False","NexusCoreManaged","FOUND","LOW","1031","2026-06-08 20:10:15","E081E6EB1574E5B138A07B13C7A6B8E6C0AF696D4DF8E2FAB9084770662F84D3","Do not call directly. Route through NexusCore.","Register and expose in matrix/report."
"VIA-SUP-0046","VIS_Supportive_Module_Index","VIS_Supportive_Module_Index.html","20_Registry_SSOT","L2_SSOT_Registry","Registry or canonical tool data","C:\Users\tonyk\Downloads\VeritasIntelligenceAnalytics\supportive modules\20_Registry_SSOT\VIS_Supportive_Module_Index.html","20_Registry_SSOT\VIS_Supportive_Module_Index.html","html","1","document/report","False","False","NexusCoreManaged","FOUND","LOW","1934207","2026-05-23 09:00:08","8A38C287D890FC14051215C986E4A66FAB557AD62F5434E9ECFB0E5DC899B4C2","Do not call directly. Route through NexusCore.","Register and expose in matrix/report."
"VIA-SUP-0047","VIS_Supportive_Module_Index.html.freeze.lock","VIS_Supportive_Module_Index.html.freeze.lock.json","20_Registry_SSOT","L2_SSOT_Registry","Registry or canonical tool data","C:\Users\tonyk\Downloads\VeritasIntelligenceAnalytics\supportive modules\20_Registry_SSOT\VIS_Supportive_Module_Index.html.freeze.lock.json","20_Registry_SSOT\VIS_Supportive_Module_Index.html.freeze.lock.json","json","1","document/report","False","False","NexusCoreManaged","FOUND","LOW","1128","2026-06-08 20:10:15","A58E20207023D23156C9E26317F4A0D29C87FFF718EF5427AE22AD701210BADE","Do not call directly. Route through NexusCore.","Register and expose in matrix/report."
"VIA-SUP-0048","VIS_Supportive_Module_Index","VIS_Supportive_Module_Index.json","20_Registry_SSOT","L2_SSOT_Registry","Registry or canonical tool data","C:\Users\tonyk\Downloads\VeritasIntelligenceAnalytics\supportive modules\20_Registry_SSOT\VIS_Supportive_Module_Index.json","20_Registry_SSOT\VIS_Supportive_Module_Index.json","json","1","document/report","False","False","NexusCoreManaged","FOUND","LOW","2652","2026-05-23 09:00:08","D8226503E7D46077DDEC8024A46FC691020BC183D478B191C2C475A4B243C63A","Do not call directly. Route through NexusCore.","Register and expose in matrix/report."
"VIA-SUP-0049","VIS_Supportive_Module_Index.json.freeze.lock","VIS_Supportive_Module_Index.json.freeze.lock.json","20_Registry_SSOT","L2_SSOT_Registry","Registry or canonical tool data","C:\Users\tonyk\Downloads\VeritasIntelligenceAnalytics\supportive modules\20_Registry_SSOT\VIS_Supportive_Module_Index.json.freeze.lock.json","20_Registry_SSOT\VIS_Supportive_Module_Index.json.freeze.lock.json","json","1","document/report","False","False","NexusCoreManaged","FOUND","LOW","1017","2026-06-08 20:10:15","BA360B1169FAA58C0CB68869FA59E7D769BCAE1BC05F15662104D833070EC199","Do not call directly. Route through NexusCore.","Register and expose in matrix/report."
"VIA-SUP-0050","VIA_HardGate_SealEngine.cpython-313","VIA_HardGate_SealEngine.cpython-313.pyc","30_HardGate_Governance","L3_HardGate_Protection","Protection, network guard, environment risk gate","C:\Users\tonyk\Downloads\VeritasIntelligenceAnalytics\supportive modules\30_HardGate_Governance\__pycache__\VIA_HardGate_SealEngine.cpython-313.pyc","30_HardGate_Governance\__pycache__\VIA_HardGate_SealEngine.cpython-313.pyc","other","1","via_core_312","False","False","NexusCoreManaged","FOUND","LOW","5051","2026-06-10 12:33:57","55F78E264495AB3F2EF7CF454D3C0364F090856E725F262FB5AE7407EF7F9059","Do not call directly. Route through NexusCore.","Register and expose in matrix/report."
"VIA-SUP-0051","VIA_Panorama_AST_RuntimeInjector.cpython-313","VIA_Panorama_AST_RuntimeInjector.cpython-313.pyc","30_HardGate_Governance","L3_HardGate_Protection","Protection, network guard, environment risk gate","C:\Users\tonyk\Downloads\VeritasIntelligenceAnalytics\supportive modules\30_HardGate_Governance\__pycache__\VIA_Panorama_AST_RuntimeInjector.cpython-313.pyc","30_HardGate_Governance\__pycache__\VIA_Panorama_AST_RuntimeInjector.cpython-313.pyc","other","1","via_core_312","False","False","NexusCoreManaged","FOUND","LOW","15009","2026-06-10 12:33:57","6270F038D39DE07E73F64CCC321A6F054EBFFDFE65998DA40A7473D41A9950C3","Do not call directly. Route through NexusCore.","Register and expose in matrix/report."
"VIA-SUP-0052","VIA_HardGate_SealEngine","VIA_HardGate_SealEngine.py","30_HardGate_Governance","L3_HardGate_Protection","Protection, network guard, environment risk gate","C:\Users\tonyk\Downloads\VeritasIntelligenceAnalytics\supportive modules\30_HardGate_Governance\VIA_HardGate_SealEngine.py","30_HardGate_Governance\VIA_HardGate_SealEngine.py","python","1","via_core_312","True","False","NexusCoreManaged","FOUND","LOW","4582","2026-05-26 16:35:45","8FE7C3FAC5A244B3C15417DCA983265C703503495784ABB601FDD573C43DE9FB","Do not call directly. Route through NexusCore.","Wire to HardGate and EnvManager before execution."
"VIA-SUP-0053","VIA_HardGate_SealEngine.py.freeze.lock","VIA_HardGate_SealEngine.py.freeze.lock.json","30_HardGate_Governance","L3_HardGate_Protection","Protection, network guard, environment risk gate","C:\Users\tonyk\Downloads\VeritasIntelligenceAnalytics\supportive modules\30_HardGate_Governance\VIA_HardGate_SealEngine.py.freeze.lock.json","30_HardGate_Governance\VIA_HardGate_SealEngine.py.freeze.lock.json","json","1","document/report","False","False","NexusCoreManaged","FOUND","LOW","1068","2026-06-08 20:10:15","BC1B162C729135260A82277A622465025F5F138AB9A0F8C1B314A65699C255CD","Do not call directly. Route through NexusCore.","Register and expose in matrix/report."
"VIA-SUP-0054","VIA_Panorama_AST_RuntimeInjector","VIA_Panorama_AST_RuntimeInjector.py","30_HardGate_Governance","L3_HardGate_Protection","Protection, network guard, environment risk gate","C:\Users\tonyk\Downloads\VeritasIntelligenceAnalytics\supportive modules\30_HardGate_Governance\VIA_Panorama_AST_RuntimeInjector.py","30_HardGate_Governance\VIA_Panorama_AST_RuntimeInjector.py","python","1","via_core_312","True","False","NexusCoreManaged","FOUND","LOW","13403","2026-05-26 16:47:57","63CEFE28FEEB3A5493D69D3DF95557857BF7E371CEB4693A366D6043FDCABA0B","Do not call directly. Route through NexusCore.","Wire to HardGate and EnvManager before execution."
"VIA-SUP-0055","VIA_Panorama_AST_RuntimeInjector.py.freeze.lock","VIA_Panorama_AST_RuntimeInjector.py.freeze.lock.json","30_HardGate_Governance","L3_HardGate_Protection","Protection, network guard, environment risk gate","C:\Users\tonyk\Downloads\VeritasIntelligenceAnalytics\supportive modules\30_HardGate_Governance\VIA_Panorama_AST_RuntimeInjector.py.freeze.lock.json","30_HardGate_Governance\VIA_Panorama_AST_RuntimeInjector.py.freeze.lock.json","json","1","document/report","False","False","NexusCoreManaged","FOUND","LOW","1105","2026-06-08 20:10:15","04A3172BA7EE056AF7C64147F91CA4FFC759F8A75A33C18F2F111A48ECDEBA32","Do not call directly. Route through NexusCore.","Register and expose in matrix/report."
"VIA-SUP-0056","VIA_Supportive_HardGate_Seal","VIA_Supportive_HardGate_Seal.json","30_HardGate_Governance","L3_HardGate_Protection","Protection, network guard, environment risk gate","C:\Users\tonyk\Downloads\VeritasIntelligenceAnalytics\supportive modules\30_HardGate_Governance\VIA_Supportive_HardGate_Seal.json","30_HardGate_Governance\VIA_Supportive_HardGate_Seal.json","json","1","document/report","False","False","NexusCoreManaged","FOUND","LOW","714","2026-04-30 15:51:22","61377677573CA329539355026571083E983F2274C2476D81BFFBA3571572AD8E","Do not call directly. Route through NexusCore.","Register and expose in matrix/report."
"VIA-SUP-0057","VIA_Supportive_HardGate_Seal.json.freeze.lock","VIA_Supportive_HardGate_Seal.json.freeze.lock.json","30_HardGate_Governance","L3_HardGate_Protection","Protection, network guard, environment risk gate","C:\Users\tonyk\Downloads\VeritasIntelligenceAnalytics\supportive modules\30_HardGate_Governance\VIA_Supportive_HardGate_Seal.json.freeze.lock.json","30_HardGate_Governance\VIA_Supportive_HardGate_Seal.json.freeze.lock.json","json","1","document/report","False","False","NexusCoreManaged","FOUND","LOW","1033","2026-06-08 20:10:15","9ACB3F04E1FA962E549EC0B46146201E1B02CA549AA05B69934512AA6C40DBC7","Do not call directly. Route through NexusCore.","Register and expose in matrix/report."
"VIA-SUP-0058","VIA_Supportive_HardGate_Seal","VIA_Supportive_HardGate_Seal.ps1","30_HardGate_Governance","L3_HardGate_Protection","Protection, network guard, environment risk gate","C:\Users\tonyk\Downloads\VeritasIntelligenceAnalytics\supportive modules\30_HardGate_Governance\VIA_Supportive_HardGate_Seal.ps1","30_HardGate_Governance\VIA_Supportive_HardGate_Seal.ps1","powershell","1","PowerShell 7","False","False","NexusCoreManaged","FOUND","LOW","366","2026-04-28 11:44:50","E748F25011ABEE2FE9118958CDA34FC1339130469AC06676028211F477ABD390","Do not call directly. Route through NexusCore.","Register and expose in matrix/report."
"VIA-SUP-0059","VIA_Supportive_HardGate_Seal.ps1.freeze.lock","VIA_Supportive_HardGate_Seal.ps1.freeze.lock.json","30_HardGate_Governance","L3_HardGate_Protection","Protection, network guard, environment risk gate","C:\Users\tonyk\Downloads\VeritasIntelligenceAnalytics\supportive modules\30_HardGate_Governance\VIA_Supportive_HardGate_Seal.ps1.freeze.lock.json","30_HardGate_Governance\VIA_Supportive_HardGate_Seal.ps1.freeze.lock.json","json","1","document/report","False","False","NexusCoreManaged","FOUND","LOW","1041","2026-06-08 20:10:15","9FAB4C43651CC0CBB49D6C9A0DB52F3986906AB6F831563A738AC69B3150FCD2","Do not call directly. Route through NexusCore.","Register and expose in matrix/report."
"VIA-SUP-0060","VIA_VRN_HardGate_Bridge_Seal","VIA_VRN_HardGate_Bridge_Seal.json","30_HardGate_Governance","L3_HardGate_Protection","Protection, network guard, environment risk gate","C:\Users\tonyk\Downloads\VeritasIntelligenceAnalytics\supportive modules\30_HardGate_Governance\VIA_VRN_HardGate_Bridge_Seal.json","30_HardGate_Governance\VIA_VRN_HardGate_Bridge_Seal.json","json","1","document/report","False","False","NexusCoreManaged","FOUND","LOW","898","2026-05-06 14:46:08","C294C9426C75EECB9F119D66E1FF6B9CEA0D02D590F465222604C4E30DD0AC6C","Do not call directly. Route through NexusCore.","Register and expose in matrix/report."
"VIA-SUP-0061","VIA_VRN_HardGate_Bridge_Seal.json.freeze.lock","VIA_VRN_HardGate_Bridge_Seal.json.freeze.lock.json","30_HardGate_Governance","L3_HardGate_Protection","Protection, network guard, environment risk gate","C:\Users\tonyk\Downloads\VeritasIntelligenceAnalytics\supportive modules\30_HardGate_Governance\VIA_VRN_HardGate_Bridge_Seal.json.freeze.lock.json","30_HardGate_Governance\VIA_VRN_HardGate_Bridge_Seal.json.freeze.lock.json","json","1","document/report","False","False","NexusCoreManaged","FOUND","LOW","1033","2026-06-08 20:10:15","DA748419C222C3F8CE13650492EFA705EF2295D1517CE505702FD8AC14BC1A8B","Do not call directly. Route through NexusCore.","Register and expose in matrix/report."
"VIA-SUP-0062","VIA_EnvManager.cpython-313","VIA_EnvManager.cpython-313.pyc","40_Environment_Health","L4_EnvManager","Environment planning, venv isolation, dependency governance","C:\Users\tonyk\Downloads\VeritasIntelligenceAnalytics\supportive modules\40_Environment_Health\__pycache__\VIA_EnvManager.cpython-313.pyc","40_Environment_Health\__pycache__\VIA_EnvManager.cpython-313.pyc","other","2","via_core_312","True","False","NexusCoreManaged","FOUND","LOW","69578","2026-06-10 12:33:57","F8FD0C72AC89D3A2D85881AB4207C943C7A314565E0FAA8E0BCE33D129ECA4C9","Do not call directly. Route through NexusCore.","Wire to HardGate and EnvManager before execution."
"VIA-SUP-0063","VIS_InstallHealthRegistry.cpython-313","VIS_InstallHealthRegistry.cpython-313.pyc","40_Environment_Health","L2_SSOT_Registry","Registry or canonical tool data","C:\Users\tonyk\Downloads\VeritasIntelligenceAnalytics\supportive modules\40_Environment_Health\__pycache__\VIS_InstallHealthRegistry.cpython-313.pyc","40_Environment_Health\__pycache__\VIS_InstallHealthRegistry.cpython-313.pyc","other","1","via_core_312","False","False","NexusCoreManaged","FOUND","LOW","7265","2026-06-10 12:33:57","9BA736634C9817D25E2AAB9C1ABE02884F9A8E606FADB218BD52B4587741884B","Do not call directly. Route through NexusCore.","Register and expose in matrix/report."
"VIA-SUP-0064","VIA_EnvManager","VIA_EnvManager.py","40_Environment_Health","L4_EnvManager","Environment planning, venv isolation, dependency governance","C:\Users\tonyk\Downloads\VeritasIntelligenceAnalytics\supportive modules\40_Environment_Health\VIA_EnvManager.py","40_Environment_Health\VIA_EnvManager.py","python","2","via_core_312","True","False","NexusCoreManaged","FOUND","LOW","68497","2026-04-26 02:33:51","E9AEB5985276B97F36F2FF8E74B7A3A6A63EA577AEEBCBADDB6366C115A0E5A8","Do not call directly. Route through NexusCore.","Wire to HardGate and EnvManager before execution."
"VIA-SUP-0065","VIA_EnvManager.py.freeze.lock","VIA_EnvManager.py.freeze.lock.json","40_Environment_Health","L4_EnvManager","Environment planning, venv isolation, dependency governance","C:\Users\tonyk\Downloads\VeritasIntelligenceAnalytics\supportive modules\40_Environment_Health\VIA_EnvManager.py.freeze.lock.json","40_Environment_Health\VIA_EnvManager.py.freeze.lock.json","json","2","document/report","True","False","NexusCoreManaged","FOUND","LOW","1032","2026-06-08 20:10:15","ECC8D554CC084C21A76A3F2B059F95464858C895FA805BDDE234E7D9BE5596EF","Do not call directly. Route through NexusCore.","Wire to HardGate and EnvManager before execution."
"VIA-SUP-0066","VIS_InstallHealthRegistry","VIS_InstallHealthRegistry.py","40_Environment_Health","L2_SSOT_Registry","Registry or canonical tool data","C:\Users\tonyk\Downloads\VeritasIntelligenceAnalytics\supportive modules\40_Environment_Health\VIS_InstallHealthRegistry.py","40_Environment_Health\VIS_InstallHealthRegistry.py","python","1","via_core_312","True","False","NexusCoreManaged","FOUND","LOW","5107","2026-05-26 16:35:46","6D68E22432FE7D1EBC72A6CE75036EA4D5041E97C1BF81BA43BC370180336942","Do not call directly. Route through NexusCore.","Wire to HardGate and EnvManager before execution."
"VIA-SUP-0067","VIS_InstallHealthRegistry.py.freeze.lock","VIS_InstallHealthRegistry.py.freeze.lock.json","40_Environment_Health","L2_SSOT_Registry","Registry or canonical tool data","C:\Users\tonyk\Downloads\VeritasIntelligenceAnalytics\supportive modules\40_Environment_Health\VIS_InstallHealthRegistry.py.freeze.lock.json","40_Environment_Health\VIS_InstallHealthRegistry.py.freeze.lock.json","json","1","document/report","False","False","NexusCoreManaged","FOUND","LOW","1074","2026-06-08 20:10:15","1505E3EB2B58CA5CB301EF0CDEE80273A38B8075E9A594CDA61B5A336194B2DA","Do not call directly. Route through NexusCore.","Register and expose in matrix/report."
"VIA-SUP-0068","VeritasAegisNexus.cpython-313","VeritasAegisNexus.cpython-313.pyc","50_Protection_Acceleration","L3_HardGate_Protection","Protection, network guard, environment risk gate","C:\Users\tonyk\Downloads\VeritasIntelligenceAnalytics\supportive modules\50_Protection_Acceleration\__pycache__\VeritasAegisNexus.cpython-313.pyc","50_Protection_Acceleration\__pycache__\VeritasAegisNexus.cpython-313.pyc","other","1","via_core_312","False","False","NexusCoreManaged","FOUND","LOW","233225","2026-06-10 12:33:57","A518BFF38480953AEB5C12F4176D5EB9F094E88B26EC7AF8A23519AA445D0AC2","Do not call directly. Route through NexusCore.","Register and expose in matrix/report."
"VIA-SUP-0069","VeritasCeleritas.cpython-313","VeritasCeleritas.cpython-313.pyc","50_Protection_Acceleration","L3_HardGate_Protection","Protection, network guard, environment risk gate","C:\Users\tonyk\Downloads\VeritasIntelligenceAnalytics\supportive modules\50_Protection_Acceleration\__pycache__\VeritasCeleritas.cpython-313.pyc","50_Protection_Acceleration\__pycache__\VeritasCeleritas.cpython-313.pyc","other","1","via_core_312","False","False","NexusCoreManaged","FOUND","LOW","305509","2026-06-10 12:33:57","4C4D811086DC4ECF5A3F9AF2F355AC0A5993F5A82E056C0CC28107F07CFAC9FD","Do not call directly. Route through NexusCore.","Register and expose in matrix/report."
"VIA-SUP-0070","VeritasAegisNexus","VeritasAegisNexus.py","50_Protection_Acceleration","L3_HardGate_Protection","Protection, network guard, environment risk gate","C:\Users\tonyk\Downloads\VeritasIntelligenceAnalytics\supportive modules\50_Protection_Acceleration\VeritasAegisNexus.py","50_Protection_Acceleration\VeritasAegisNexus.py","python","1","via_core_312","True","False","NexusCoreManaged","FOUND","LOW","208495","2026-05-26 02:51:15","4A9443686A8F5DE076A9F69D4CD00FAB9576180D17F9FE03F9FF59A526BE4D7D","Do not call directly. Route through NexusCore.","Wire to HardGate and EnvManager before execution."
"VIA-SUP-0071","VeritasAegisNexus.py.freeze.lock","VeritasAegisNexus.py.freeze.lock.json","50_Protection_Acceleration","L3_HardGate_Protection","Protection, network guard, environment risk gate","C:\Users\tonyk\Downloads\VeritasIntelligenceAnalytics\supportive modules\50_Protection_Acceleration\VeritasAegisNexus.py.freeze.lock.json","50_Protection_Acceleration\VeritasAegisNexus.py.freeze.lock.json","json","1","document/report","False","False","NexusCoreManaged","FOUND","LOW","1056","2026-06-08 20:10:15","ABB75DE9D63B46B014AB3C698708BD70A2CCEBBD4DBCED2E8836F9C94F2341CA","Do not call directly. Route through NexusCore.","Register and expose in matrix/report."
"VIA-SUP-0072","VeritasCeleritas","VeritasCeleritas.py","50_Protection_Acceleration","L3_HardGate_Protection","Protection, network guard, environment risk gate","C:\Users\tonyk\Downloads\VeritasIntelligenceAnalytics\supportive modules\50_Protection_Acceleration\VeritasCeleritas.py","50_Protection_Acceleration\VeritasCeleritas.py","python","1","via_core_312","True","False","NexusCoreManaged","FOUND","LOW","242127","2026-05-06 00:35:34","ECB06BE4BADB7CE648E275A4C35A1AC44759F155AB39A137F9FBBBB7A536A1D0","Do not call directly. Route through NexusCore.","Wire to HardGate and EnvManager before execution."
"VIA-SUP-0073","VeritasCeleritas.py.freeze.lock","VeritasCeleritas.py.freeze.lock.json","50_Protection_Acceleration","L3_HardGate_Protection","Protection, network guard, environment risk gate","C:\Users\tonyk\Downloads\VeritasIntelligenceAnalytics\supportive modules\50_Protection_Acceleration\VeritasCeleritas.py.freeze.lock.json","50_Protection_Acceleration\VeritasCeleritas.py.freeze.lock.json","json","1","document/report","False","False","NexusCoreManaged","FOUND","LOW","1053","2026-06-08 20:10:15","1F062BFA1F191DBB4269A0F7BE86C440BE7990D4B05BB03B90F15AD1B6C8C543","Do not call directly. Route through NexusCore.","Register and expose in matrix/report."
"VIA-SUP-0074","Invoke-VIA-ALL","Invoke-VIA-ALL.ps1","60_PowerShell_Entry_Internal","L9_Supportive_Tool","Supportive utility","C:\Users\tonyk\Downloads\VeritasIntelligenceAnalytics\supportive modules\60_PowerShell_Entry_Internal\Invoke-VIA-ALL.ps1","60_PowerShell_Entry_Internal\Invoke-VIA-ALL.ps1","powershell","9","PowerShell 7","False","False","NexusCoreManaged","FOUND","LOW","23138","2026-06-06 08:50:39","631FD2B4B10A00CE4E6AD033B9D287620904854CE342B7B421D63F022C10744F","Do not call directly. Route through NexusCore.","Register and expose in matrix/report."
"VIA-SUP-0075","Invoke-VIA-ALL.ps1.freeze.lock","Invoke-VIA-ALL.ps1.freeze.lock.json","60_PowerShell_Entry_Internal","L9_Supportive_Tool","Supportive utility","C:\Users\tonyk\Downloads\VeritasIntelligenceAnalytics\supportive modules\60_PowerShell_Entry_Internal\Invoke-VIA-ALL.ps1.freeze.lock.json","60_PowerShell_Entry_Internal\Invoke-VIA-ALL.ps1.freeze.lock.json","json","9","document/report","False","False","NexusCoreManaged","FOUND","LOW","997","2026-06-08 20:10:15","0AA97299E49BC896F3085F8074660C3519B25EDBBE0CA2C8DAB45C12183771CD","Do not call directly. Route through NexusCore.","Register and expose in matrix/report."
"VIA-SUP-0076","Invoke-VIA-FinishProject-SafeFast","Invoke-VIA-FinishProject-SafeFast.ps1","60_PowerShell_Entry_Internal","L9_Supportive_Tool","Supportive utility","C:\Users\tonyk\Downloads\VeritasIntelligenceAnalytics\supportive modules\60_PowerShell_Entry_Internal\Invoke-VIA-FinishProject-SafeFast.ps1","60_PowerShell_Entry_Internal\Invoke-VIA-FinishProject-SafeFast.ps1","powershell","9","PowerShell 7","False","False","NexusCoreManaged","FOUND","LOW","10436","2026-04-28 11:52:20","EAC08E2189071F28F6C2B47D97647FC0CE3F78A9AD9E9500CCC89D469206FBD6","Do not call directly. Route through NexusCore.","Register and expose in matrix/report."
"VIA-SUP-0077","Invoke-VIA-FinishProject-SafeFast.ps1.freeze.lock","Invoke-VIA-FinishProject-SafeFast.ps1.freeze.lock.json","60_PowerShell_Entry_Internal","L9_Supportive_Tool","Supportive utility","C:\Users\tonyk\Downloads\VeritasIntelligenceAnalytics\supportive modules\60_PowerShell_Entry_Internal\Invoke-VIA-FinishProject-SafeFast.ps1.freeze.lock.json","60_PowerShell_Entry_Internal\Invoke-VIA-FinishProject-SafeFast.ps1.freeze.lock.json","json","9","document/report","False","False","NexusCoreManaged","FOUND","LOW","1073","2026-06-08 20:10:15","D78FF17814951EA49C30BA67DBDFDD4465EB9D7198807EC8FE7F8DA0501CE408","Do not call directly. Route through NexusCore.","Register and expose in matrix/report."
"VIA-SUP-0078","Invoke-VIA-PanoramaHardGateSafeFix","Invoke-VIA-PanoramaHardGateSafeFix.ps1","60_PowerShell_Entry_Internal","L3_HardGate_Protection","Protection, network guard, environment risk gate","C:\Users\tonyk\Downloads\VeritasIntelligenceAnalytics\supportive modules\60_PowerShell_Entry_Internal\Invoke-VIA-PanoramaHardGateSafeFix.ps1","60_PowerShell_Entry_Internal\Invoke-VIA-PanoramaHardGateSafeFix.ps1","powershell","1","PowerShell 7","False","False","NexusCoreManaged","FOUND","LOW","6368","2026-04-28 11:47:36","A13450E1C53DD610CB2395A62602E3A867EAB8D2151D946163319227BFB144DB","Do not call directly. Route through NexusCore.","Register and expose in matrix/report."
"VIA-SUP-0079","Invoke-VIA-PanoramaHardGateSafeFix.ps1.freeze.lock","Invoke-VIA-PanoramaHardGateSafeFix.ps1.freeze.lock.json","60_PowerShell_Entry_Internal","L3_HardGate_Protection","Protection, network guard, environment risk gate","C:\Users\tonyk\Downloads\VeritasIntelligenceAnalytics\supportive modules\60_PowerShell_Entry_Internal\Invoke-VIA-PanoramaHardGateSafeFix.ps1.freeze.lock.json","60_PowerShell_Entry_Internal\Invoke-VIA-PanoramaHardGateSafeFix.ps1.freeze.lock.json","json","1","document/report","False","False","NexusCoreManaged","FOUND","LOW","1077","2026-06-08 20:10:15","1584A10A4A51E7F04B3775365F35E032BAACDCBD65413DDFC64E0F0EF98D0302","Do not call directly. Route through NexusCore.","Register and expose in matrix/report."
"VIA-SUP-0080","Invoke-VIA-SupportiveHardGate","Invoke-VIA-SupportiveHardGate.ps1","60_PowerShell_Entry_Internal","L3_HardGate_Protection","Protection, network guard, environment risk gate","C:\Users\tonyk\Downloads\VeritasIntelligenceAnalytics\supportive modules\60_PowerShell_Entry_Internal\Invoke-VIA-SupportiveHardGate.ps1","60_PowerShell_Entry_Internal\Invoke-VIA-SupportiveHardGate.ps1","powershell","1","PowerShell 7","False","False","NexusCoreManaged","FOUND","LOW","1770","2026-04-28 11:44:49","FBB40A799485EE5F5B45A6442E1FC4EF01965496F15AAD31C94028D3076A9BB0","Do not call directly. Route through NexusCore.","Register and expose in matrix/report."
"VIA-SUP-0081","Invoke-VIA-SupportiveHardGate.ps1.freeze.lock","Invoke-VIA-SupportiveHardGate.ps1.freeze.lock.json","60_PowerShell_Entry_Internal","L3_HardGate_Protection","Protection, network guard, environment risk gate","C:\Users\tonyk\Downloads\VeritasIntelligenceAnalytics\supportive modules\60_PowerShell_Entry_Internal\Invoke-VIA-SupportiveHardGate.ps1.freeze.lock.json","60_PowerShell_Entry_Internal\Invoke-VIA-SupportiveHardGate.ps1.freeze.lock.json","json","1","document/report","False","False","NexusCoreManaged","FOUND","LOW","1057","2026-06-08 20:10:15","D79565BB6C18E817705311BBFA5F828C2577AE19B0734609BA73B022326E4465","Do not call directly. Route through NexusCore.","Register and expose in matrix/report."
"VIA-SUP-0082","Invoke-VRN-Guarded-Entry-v217","Invoke-VRN-Guarded-Entry-v217.ps1","60_PowerShell_Entry_Internal","L3_HardGate_Protection","Protection, network guard, environment risk gate","C:\Users\tonyk\Downloads\VeritasIntelligenceAnalytics\supportive modules\60_PowerShell_Entry_Internal\Invoke-VRN-Guarded-Entry-v217.ps1","60_PowerShell_Entry_Internal\Invoke-VRN-Guarded-Entry-v217.ps1","powershell","1","PowerShell 7","False","False","NexusCoreManaged","FOUND","LOW","2316","2026-05-24 21:03:20","BA76A6D425993E8A0BA8B7285CD0DFA70075611CFEFCCCFD6F42BCD1BEE2DD12","Do not call directly. Route through NexusCore.","Register and expose in matrix/report."
"VIA-SUP-0083","Invoke-VRN-Guarded-Entry-v217.ps1.freeze.lock","Invoke-VRN-Guarded-Entry-v217.ps1.freeze.lock.json","60_PowerShell_Entry_Internal","L3_HardGate_Protection","Protection, network guard, environment risk gate","C:\Users\tonyk\Downloads\VeritasIntelligenceAnalytics\supportive modules\60_PowerShell_Entry_Internal\Invoke-VRN-Guarded-Entry-v217.ps1.freeze.lock.json","60_PowerShell_Entry_Internal\Invoke-VRN-Guarded-Entry-v217.ps1.freeze.lock.json","json","1","document/report","False","False","NexusCoreManaged","FOUND","LOW","1057","2026-06-08 20:10:15","9A58FAF4BBA6B46FE154B06865707758DC4128FA80076D85E6368359860EF587","Do not call directly. Route through NexusCore.","Register and expose in matrix/report."
"VIA-SUP-0084","Invoke-VRN-MQ-NoOCR-Staging-v222","Invoke-VRN-MQ-NoOCR-Staging-v222.ps1","60_PowerShell_Entry_Internal","L9_Supportive_Tool","Supportive utility","C:\Users\tonyk\Downloads\VeritasIntelligenceAnalytics\supportive modules\60_PowerShell_Entry_Internal\Invoke-VRN-MQ-NoOCR-Staging-v222.ps1","60_PowerShell_Entry_Internal\Invoke-VRN-MQ-NoOCR-Staging-v222.ps1","powershell","9","PowerShell 7","False","False","NexusCoreManaged","FOUND","LOW","2233","2026-05-25 01:52:32","C36A7B42BFCC5FA3998860131CAB268CAF5331765B62305D7B5FF530D8D1EBFD","Do not call directly. Route through NexusCore.","Register and expose in matrix/report."
"VIA-SUP-0085","Invoke-VRN-MQ-NoOCR-Staging-v222.ps1.freeze.lock","Invoke-VRN-MQ-NoOCR-Staging-v222.ps1.freeze.lock.json","60_PowerShell_Entry_Internal","L9_Supportive_Tool","Supportive utility","C:\Users\tonyk\Downloads\VeritasIntelligenceAnalytics\supportive modules\60_PowerShell_Entry_Internal\Invoke-VRN-MQ-NoOCR-Staging-v222.ps1.freeze.lock.json","60_PowerShell_Entry_Internal\Invoke-VRN-MQ-NoOCR-Staging-v222.ps1.freeze.lock.json","json","9","document/report","False","False","NexusCoreManaged","FOUND","LOW","1069","2026-06-08 20:10:15","5BE33CDF19C2C950C5F6B458710669AEDD739D7A39AE821CB1258ABF1D8A6C2C","Do not call directly. Route through NexusCore.","Register and expose in matrix/report."
"VIA-SUP-0086","Invoke-VRN-PURE-NOHANG-v2192","Invoke-VRN-PURE-NOHANG-v2192.ps1","60_PowerShell_Entry_Internal","L9_Supportive_Tool","Supportive utility","C:\Users\tonyk\Downloads\VeritasIntelligenceAnalytics\supportive modules\60_PowerShell_Entry_Internal\Invoke-VRN-PURE-NOHANG-v2192.ps1","60_PowerShell_Entry_Internal\Invoke-VRN-PURE-NOHANG-v2192.ps1","powershell","9","PowerShell 7","False","False","NexusCoreManaged","FOUND","LOW","1877","2026-05-24 22:15:22","7E562A514C00C31B55FAFA38C0BCD35D655E3E9A2918347DA76AA6D39423FA95","Do not call directly. Route through NexusCore.","Register and expose in matrix/report."
"VIA-SUP-0087","Invoke-VRN-PURE-NOHANG-v2192.ps1.freeze.lock","Invoke-VRN-PURE-NOHANG-v2192.ps1.freeze.lock.json","60_PowerShell_Entry_Internal","L9_Supportive_Tool","Supportive utility","C:\Users\tonyk\Downloads\VeritasIntelligenceAnalytics\supportive modules\60_PowerShell_Entry_Internal\Invoke-VRN-PURE-NOHANG-v2192.ps1.freeze.lock.json","60_PowerShell_Entry_Internal\Invoke-VRN-PURE-NOHANG-v2192.ps1.freeze.lock.json","json","9","document/report","False","False","NexusCoreManaged","FOUND","LOW","1053","2026-06-08 20:10:15","7E8814E3676FBB4B0368AB83E81E738C8D16548CCA603C4BBADAD147E2059E88","Do not call directly. Route through NexusCore.","Register and expose in matrix/report."
"VIA-SUP-0088","VIS_VRN_BrokerAlias_Compatibility_v0222.cpython-313","VIS_VRN_BrokerAlias_Compatibility_v0222.cpython-313.pyc","70_VRN_Rules","L5_Acceleration_InstallPlanner","Acceleration, cache, wheelhouse, retry, download/install planning","C:\Users\tonyk\Downloads\VeritasIntelligenceAnalytics\supportive modules\70_VRN_Rules\__pycache__\VIS_VRN_BrokerAlias_Compatibility_v0222.cpython-313.pyc","70_VRN_Rules\__pycache__\VIS_VRN_BrokerAlias_Compatibility_v0222.cpython-313.pyc","other","3","via_vrn_312","True","False","NexusCoreManaged","FOUND","LOW","5370","2026-06-10 12:33:57","90AAD67A2EFC763F831232788E940E67A1DCFAD56928D458D98992D7DB9A2254","Do not call directly. Route through NexusCore.","Wire to HardGate and EnvManager before execution."
"VIA-SUP-0089","VIS_VRN_BrokerAlias_Extension_v0224.cpython-313","VIS_VRN_BrokerAlias_Extension_v0224.cpython-313.pyc","70_VRN_Rules","L5_Acceleration_InstallPlanner","Acceleration, cache, wheelhouse, retry, download/install planning","C:\Users\tonyk\Downloads\VeritasIntelligenceAnalytics\supportive modules\70_VRN_Rules\__pycache__\VIS_VRN_BrokerAlias_Extension_v0224.cpython-313.pyc","70_VRN_Rules\__pycache__\VIS_VRN_BrokerAlias_Extension_v0224.cpython-313.pyc","other","3","via_vrn_312","True","False","NexusCoreManaged","FOUND","LOW","5697","2026-06-10 12:33:57","357836533D820A446B481ED911AB8D6FC72FE923860B0FC9E0C10B8C3B7EE1D9","Do not call directly. Route through NexusCore.","Wire to HardGate and EnvManager before execution."
"VIA-SUP-0090","VIS_VRN_BrokerAnalystAdapters_v06146.cpython-313","VIS_VRN_BrokerAnalystAdapters_v06146.cpython-313.pyc","70_VRN_Rules","L5_Acceleration_InstallPlanner","Acceleration, cache, wheelhouse, retry, download/install planning","C:\Users\tonyk\Downloads\VeritasIntelligenceAnalytics\supportive modules\70_VRN_Rules\__pycache__\VIS_VRN_BrokerAnalystAdapters_v06146.cpython-313.pyc","70_VRN_Rules\__pycache__\VIS_VRN_BrokerAnalystAdapters_v06146.cpython-313.pyc","other","3","via_vrn_312","True","False","NexusCoreManaged","FOUND","LOW","14806","2026-06-10 12:33:57","99DE6672CECA37D3E0C208EB4B4E35BE15EB1147CCAFF36147BF55BDB26921F6","Do not call directly. Route through NexusCore.","Wire to HardGate and EnvManager before execution."
"VIA-SUP-0091","VIS_VRN_FinancialRescueRules_v06126.cpython-313","VIS_VRN_FinancialRescueRules_v06126.cpython-313.pyc","70_VRN_Rules","L5_Acceleration_InstallPlanner","Acceleration, cache, wheelhouse, retry, download/install planning","C:\Users\tonyk\Downloads\VeritasIntelligenceAnalytics\supportive modules\70_VRN_Rules\__pycache__\VIS_VRN_FinancialRescueRules_v06126.cpython-313.pyc","70_VRN_Rules\__pycache__\VIS_VRN_FinancialRescueRules_v06126.cpython-313.pyc","other","3","via_vrn_312","True","False","NexusCoreManaged","FOUND","LOW","9681","2026-06-10 12:33:57","122C53F1ADC7ED0F375D4086B84C9B817A978A34B571D977928C4F6A906CA942","Do not call directly. Route through NexusCore.","Wire to HardGate and EnvManager before execution."
"VIA-SUP-0092","VIS_VRN_FinancialSSOT_v05910.cpython-313","VIS_VRN_FinancialSSOT_v05910.cpython-313.pyc","70_VRN_Rules","L2_SSOT_Registry","Registry or canonical tool data","C:\Users\tonyk\Downloads\VeritasIntelligenceAnalytics\supportive modules\70_VRN_Rules\__pycache__\VIS_VRN_FinancialSSOT_v05910.cpython-313.pyc","70_VRN_Rules\__pycache__\VIS_VRN_FinancialSSOT_v05910.cpython-313.pyc","other","1","via_vrn_312","False","False","NexusCoreManaged","FOUND","LOW","18937","2026-06-10 12:33:57","192170DBAF3BEF17A889B1CE22B67E80CF6196AE254E8CF6D2C6D598DFA1D694","Do not call directly. Route through NexusCore.","Register and expose in matrix/report."
"VIA-SUP-0093","VIS_VRN_FinancialSSOT_v05911.cpython-313","VIS_VRN_FinancialSSOT_v05911.cpython-313.pyc","70_VRN_Rules","L2_SSOT_Registry","Registry or canonical tool data","C:\Users\tonyk\Downloads\VeritasIntelligenceAnalytics\supportive modules\70_VRN_Rules\__pycache__\VIS_VRN_FinancialSSOT_v05911.cpython-313.pyc","70_VRN_Rules\__pycache__\VIS_VRN_FinancialSSOT_v05911.cpython-313.pyc","other","1","via_vrn_312","False","False","NexusCoreManaged","FOUND","LOW","27096","2026-06-10 12:33:57","F935A854CFBDBE26926D7E72C48C03BA58F12EC02A0FCBE05850993920C9ED9C","Do not call directly. Route through NexusCore.","Register and expose in matrix/report."
"VIA-SUP-0094","VIS_VRN_FinancialSSOT_v05912.cpython-313","VIS_VRN_FinancialSSOT_v05912.cpython-313.pyc","70_VRN_Rules","L2_SSOT_Registry","Registry or canonical tool data","C:\Users\tonyk\Downloads\VeritasIntelligenceAnalytics\supportive modules\70_VRN_Rules\__pycache__\VIS_VRN_FinancialSSOT_v05912.cpython-313.pyc","70_VRN_Rules\__pycache__\VIS_VRN_FinancialSSOT_v05912.cpython-313.pyc","other","1","via_vrn_312","False","False","NexusCoreManaged","FOUND","LOW","27228","2026-06-10 12:33:57","9AF0CA8651599C49A439ECEE7028EF7199DC49D882E238CA199E9CD36C5F5E34","Do not call directly. Route through NexusCore.","Register and expose in matrix/report."
"VIA-SUP-0095","VIS_VRN_FinancialSSOT_v0599.cpython-313","VIS_VRN_FinancialSSOT_v0599.cpython-313.pyc","70_VRN_Rules","L2_SSOT_Registry","Registry or canonical tool data","C:\Users\tonyk\Downloads\VeritasIntelligenceAnalytics\supportive modules\70_VRN_Rules\__pycache__\VIS_VRN_FinancialSSOT_v0599.cpython-313.pyc","70_VRN_Rules\__pycache__\VIS_VRN_FinancialSSOT_v0599.cpython-313.pyc","other","1","via_vrn_312","False","False","NexusCoreManaged","FOUND","LOW","15949","2026-06-10 12:33:57","17AAEECBF34E0ADF82F3E00808365F14B7B756C45E287AD39019CD4C69114362","Do not call directly. Route through NexusCore.","Register and expose in matrix/report."
"VIA-SUP-0096","VIS_VRN_FinancialSSOT_v0600.cpython-313","VIS_VRN_FinancialSSOT_v0600.cpython-313.pyc","70_VRN_Rules","L2_SSOT_Registry","Registry or canonical tool data","C:\Users\tonyk\Downloads\VeritasIntelligenceAnalytics\supportive modules\70_VRN_Rules\__pycache__\VIS_VRN_FinancialSSOT_v0600.cpython-313.pyc","70_VRN_Rules\__pycache__\VIS_VRN_FinancialSSOT_v0600.cpython-313.pyc","other","1","via_vrn_312","False","False","NexusCoreManaged","FOUND","LOW","27532","2026-06-10 12:33:57","04897DCE8359E3D41357E7191B3264D6AECF7CD956C9D5B8E09A6CE649243B4F","Do not call directly. Route through NexusCore.","Register and expose in matrix/report."
"VIA-SUP-0097","VIS_VRN_FinancialSSOT_v0608.cpython-313","VIS_VRN_FinancialSSOT_v0608.cpython-313.pyc","70_VRN_Rules","L2_SSOT_Registry","Registry or canonical tool data","C:\Users\tonyk\Downloads\VeritasIntelligenceAnalytics\supportive modules\70_VRN_Rules\__pycache__\VIS_VRN_FinancialSSOT_v0608.cpython-313.pyc","70_VRN_Rules\__pycache__\VIS_VRN_FinancialSSOT_v0608.cpython-313.pyc","other","1","via_vrn_312","False","False","NexusCoreManaged","FOUND","LOW","14723","2026-06-10 12:33:57","8C75E50F4C151117E45F237C3819D1B12C168F8B1C1EE0503BE1F753049549EF","Do not call directly. Route through NexusCore.","Register and expose in matrix/report."
"VIA-SUP-0098","VIS_VRN_HistoricalValidationPolicy_v0100.cpython-313","VIS_VRN_HistoricalValidationPolicy_v0100.cpython-313.pyc","70_VRN_Rules","L5_Acceleration_InstallPlanner","Acceleration, cache, wheelhouse, retry, download/install planning","C:\Users\tonyk\Downloads\VeritasIntelligenceAnalytics\supportive modules\70_VRN_Rules\__pycache__\VIS_VRN_HistoricalValidationPolicy_v0100.cpython-313.pyc","70_VRN_Rules\__pycache__\VIS_VRN_HistoricalValidationPolicy_v0100.cpython-313.pyc","other","3","via_vrn_312","True","False","NexusCoreManaged","FOUND","LOW","9324","2026-06-10 12:33:57","836FC74FCDEBBF816095FB54CAB1B57D979DC5DD2A8B61B3B9FAABD53918172D","Do not call directly. Route through NexusCore.","Wire to HardGate and EnvManager before execution."
"VIA-SUP-0099","VIS_VRN_InputRoutePolicy_v0224.cpython-313","VIS_VRN_InputRoutePolicy_v0224.cpython-313.pyc","70_VRN_Rules","L5_Acceleration_InstallPlanner","Acceleration, cache, wheelhouse, retry, download/install planning","C:\Users\tonyk\Downloads\VeritasIntelligenceAnalytics\supportive modules\70_VRN_Rules\__pycache__\VIS_VRN_InputRoutePolicy_v0224.cpython-313.pyc","70_VRN_Rules\__pycache__\VIS_VRN_InputRoutePolicy_v0224.cpython-313.pyc","other","3","via_vrn_312","True","False","NexusCoreManaged","FOUND","LOW","7106","2026-06-10 12:33:57","83E076D48CB45D4878B091CE534286E69E0030CC4989F5C28A8EA651ECADD1DF","Do not call directly. Route through NexusCore.","Wire to HardGate and EnvManager before execution."
"VIA-SUP-0100","VIS_VRN_NewReportCompatibilityGate_v01.cpython-313","VIS_VRN_NewReportCompatibilityGate_v01.cpython-313.pyc","70_VRN_Rules","L5_Acceleration_InstallPlanner","Acceleration, cache, wheelhouse, retry, download/install planning","C:\Users\tonyk\Downloads\VeritasIntelligenceAnalytics\supportive modules\70_VRN_Rules\__pycache__\VIS_VRN_NewReportCompatibilityGate_v01.cpython-313.pyc","70_VRN_Rules\__pycache__\VIS_VRN_NewReportCompatibilityGate_v01.cpython-313.pyc","other","3","via_vrn_312","True","False","NexusCoreManaged","FOUND","LOW","15100","2026-06-10 12:33:57","676A7CA969F3DBE1A663D03A79788FDAAA705DF2EBE402BEB1FAD2357FD81952","Do not call directly. Route through NexusCore.","Wire to HardGate and EnvManager before execution."
"VIA-SUP-0101","VIS_VRN_Q1_AliasRoutePatch_v0100.cpython-313","VIS_VRN_Q1_AliasRoutePatch_v0100.cpython-313.pyc","70_VRN_Rules","L5_Acceleration_InstallPlanner","Acceleration, cache, wheelhouse, retry, download/install planning","C:\Users\tonyk\Downloads\VeritasIntelligenceAnalytics\supportive modules\70_VRN_Rules\__pycache__\VIS_VRN_Q1_AliasRoutePatch_v0100.cpython-313.pyc","70_VRN_Rules\__pycache__\VIS_VRN_Q1_AliasRoutePatch_v0100.cpython-313.pyc","other","3","via_vrn_312","True","False","NexusCoreManaged","FOUND","LOW","8262","2026-06-10 12:33:57","F8068E1BBFE5834ADC1223175EE7E85E96937A2A900FACCD6F9FB63CFEE32463","Do not call directly. Route through NexusCore.","Wire to HardGate and EnvManager before execution."
"VIA-SUP-0102","VIS_VRN_TableGeometryReconstructor_v0101.cpython-313","VIS_VRN_TableGeometryReconstructor_v0101.cpython-313.pyc","70_VRN_Rules","L5_Acceleration_InstallPlanner","Acceleration, cache, wheelhouse, retry, download/install planning","C:\Users\tonyk\Downloads\VeritasIntelligenceAnalytics\supportive modules\70_VRN_Rules\__pycache__\VIS_VRN_TableGeometryReconstructor_v0101.cpython-313.pyc","70_VRN_Rules\__pycache__\VIS_VRN_TableGeometryReconstructor_v0101.cpython-313.pyc","other","3","via_vrn_312","True","False","NexusCoreManaged","FOUND","LOW","18588","2026-06-10 12:33:57","21EF572AE8D030F4311A225534CBB47301DF652A63830DFD7278A0089C134EA4","Do not call directly. Route through NexusCore.","Wire to HardGate and EnvManager before execution."
"VIA-SUP-0103","VIS_VRN_TableHeaderPeriodOriginalRestore_v0100.cpython-313","VIS_VRN_TableHeaderPeriodOriginalRestore_v0100.cpython-313.pyc","70_VRN_Rules","L5_Acceleration_InstallPlanner","Acceleration, cache, wheelhouse, retry, download/install planning","C:\Users\tonyk\Downloads\VeritasIntelligenceAnalytics\supportive modules\70_VRN_Rules\__pycache__\VIS_VRN_TableHeaderPeriodOriginalRestore_v0100.cpython-313.pyc","70_VRN_Rules\__pycache__\VIS_VRN_TableHeaderPeriodOriginalRestore_v0100.cpython-313.pyc","other","3","via_vrn_312","True","False","NexusCoreManaged","FOUND","LOW","17385","2026-06-10 12:33:57","E88979F88D78EDD9EFCF4687926CCBB26BC6EBBB5033E2DB191399A978111BE4","Do not call directly. Route through NexusCore.","Wire to HardGate and EnvManager before execution."
"VIA-SUP-0104","VIS_VRN_TWOfficialYFinance_v06051.cpython-313","VIS_VRN_TWOfficialYFinance_v06051.cpython-313.pyc","70_VRN_Rules","L5_Acceleration_InstallPlanner","Acceleration, cache, wheelhouse, retry, download/install planning","C:\Users\tonyk\Downloads\VeritasIntelligenceAnalytics\supportive modules\70_VRN_Rules\__pycache__\VIS_VRN_TWOfficialYFinance_v06051.cpython-313.pyc","70_VRN_Rules\__pycache__\VIS_VRN_TWOfficialYFinance_v06051.cpython-313.pyc","other","3","via_vrn_312","True","False","NexusCoreManaged","FOUND","LOW","4954","2026-06-10 12:33:57","B86E73AD8EAAA44BBEB903111AA1904B930164730890F24F4AE31CAE3B09DF74","Do not call directly. Route through NexusCore.","Wire to HardGate and EnvManager before execution."
"VIA-SUP-0105","VIS_VRN_BrokerAlias_Compatibility_v0222","VIS_VRN_BrokerAlias_Compatibility_v0222.py","70_VRN_Rules","L9_Supportive_Tool","Supportive utility","C:\Users\tonyk\Downloads\VeritasIntelligenceAnalytics\supportive modules\70_VRN_Rules\VIS_VRN_BrokerAlias_Compatibility_v0222.py","70_VRN_Rules\VIS_VRN_BrokerAlias_Compatibility_v0222.py","python","9","via_vrn_312","True","False","NexusCoreManaged","FOUND","LOW","4922","2026-05-26 16:35:46","1311200F8FC91708A7EEAE3A325A4D6527699C6A8A5DFECBB456DAD9D53EB11C","Do not call directly. Route through NexusCore.","Wire to HardGate and EnvManager before execution."
"VIA-SUP-0106","VIS_VRN_BrokerAlias_Compatibility_v0222.py.freeze.lock","VIS_VRN_BrokerAlias_Compatibility_v0222.py.freeze.lock.json","70_VRN_Rules","L9_Supportive_Tool","Supportive utility","C:\Users\tonyk\Downloads\VeritasIntelligenceAnalytics\supportive modules\70_VRN_Rules\VIS_VRN_BrokerAlias_Compatibility_v0222.py.freeze.lock.json","70_VRN_Rules\VIS_VRN_BrokerAlias_Compatibility_v0222.py.freeze.lock.json","json","9","document/report","False","False","NexusCoreManaged","FOUND","LOW","1112","2026-06-08 20:10:15","3F289A26BF866F06F280F5B11E504627796E8C9E04EF8A750651E569B46CC934","Do not call directly. Route through NexusCore.","Register and expose in matrix/report."
"VIA-SUP-0107","VIS_VRN_BrokerAlias_Extension_v0224","VIS_VRN_BrokerAlias_Extension_v0224.py","70_VRN_Rules","L9_Supportive_Tool","Supportive utility","C:\Users\tonyk\Downloads\VeritasIntelligenceAnalytics\supportive modules\70_VRN_Rules\VIS_VRN_BrokerAlias_Extension_v0224.py","70_VRN_Rules\VIS_VRN_BrokerAlias_Extension_v0224.py","python","9","via_vrn_312","True","False","NexusCoreManaged","FOUND","LOW","4801","2026-05-26 16:35:46","1B54BDB3B4AD82A3DBA3AC5BDAAF578348DFE2E1AB68241F17467671F01497E3","Do not call directly. Route through NexusCore.","Wire to HardGate and EnvManager before execution."
"VIA-SUP-0108","VIS_VRN_BrokerAlias_Extension_v0224.py.freeze.lock","VIS_VRN_BrokerAlias_Extension_v0224.py.freeze.lock.json","70_VRN_Rules","L9_Supportive_Tool","Supportive utility","C:\Users\tonyk\Downloads\VeritasIntelligenceAnalytics\supportive modules\70_VRN_Rules\VIS_VRN_BrokerAlias_Extension_v0224.py.freeze.lock.json","70_VRN_Rules\VIS_VRN_BrokerAlias_Extension_v0224.py.freeze.lock.json","json","9","document/report","False","False","NexusCoreManaged","FOUND","LOW","1096","2026-06-08 20:10:15","209129C15BEF5DBD585D694C205BAA040EE27A0DF7474CAF60B25EBBB86657BF","Do not call directly. Route through NexusCore.","Register and expose in matrix/report."
"VIA-SUP-0109","VIS_VRN_BrokerAnalystAdapters_v06146","VIS_VRN_BrokerAnalystAdapters_v06146.py","70_VRN_Rules","L9_Supportive_Tool","Supportive utility","C:\Users\tonyk\Downloads\VeritasIntelligenceAnalytics\supportive modules\70_VRN_Rules\VIS_VRN_BrokerAnalystAdapters_v06146.py","70_VRN_Rules\VIS_VRN_BrokerAnalystAdapters_v06146.py","python","9","via_vrn_312","True","False","NexusCoreManaged","FOUND","LOW","14701","2026-05-26 16:35:46","061D58110B1903F283460B19529E1E43BDD20607E52DFC6014963FC6042A4958","Do not call directly. Route through NexusCore.","Wire to HardGate and EnvManager before execution."
"VIA-SUP-0110","VIS_VRN_BrokerAnalystAdapters_v06146.py.freeze.lock","VIS_VRN_BrokerAnalystAdapters_v06146.py.freeze.lock.json","70_VRN_Rules","L9_Supportive_Tool","Supportive utility","C:\Users\tonyk\Downloads\VeritasIntelligenceAnalytics\supportive modules\70_VRN_Rules\VIS_VRN_BrokerAnalystAdapters_v06146.py.freeze.lock.json","70_VRN_Rules\VIS_VRN_BrokerAnalystAdapters_v06146.py.freeze.lock.json","json","9","document/report","False","False","NexusCoreManaged","FOUND","LOW","1101","2026-06-08 20:10:15","7DF24832B4A006083AFAC2BAD47EDA1B58DCFFF7326A52DFF62B347305DA6219","Do not call directly. Route through NexusCore.","Register and expose in matrix/report."
"VIA-SUP-0111","VIS_VRN_FinancialRescueRules_v06126","VIS_VRN_FinancialRescueRules_v06126.py","70_VRN_Rules","L9_Supportive_Tool","Supportive utility","C:\Users\tonyk\Downloads\VeritasIntelligenceAnalytics\supportive modules\70_VRN_Rules\VIS_VRN_FinancialRescueRules_v06126.py","70_VRN_Rules\VIS_VRN_FinancialRescueRules_v06126.py","python","9","via_vrn_312","True","False","NexusCoreManaged","FOUND","LOW","9644","2026-05-26 16:35:46","72391B3885F303111A5725D4D8237ECB7AFCC4F4261DD5499CBF30BD40724EA9","Do not call directly. Route through NexusCore.","Wire to HardGate and EnvManager before execution."
"VIA-SUP-0112","VIS_VRN_FinancialRescueRules_v06126.py.freeze.lock","VIS_VRN_FinancialRescueRules_v06126.py.freeze.lock.json","70_VRN_Rules","L9_Supportive_Tool","Supportive utility","C:\Users\tonyk\Downloads\VeritasIntelligenceAnalytics\supportive modules\70_VRN_Rules\VIS_VRN_FinancialRescueRules_v06126.py.freeze.lock.json","70_VRN_Rules\VIS_VRN_FinancialRescueRules_v06126.py.freeze.lock.json","json","9","document/report","False","False","NexusCoreManaged","FOUND","LOW","1096","2026-06-08 20:10:15","6190618814768C1442663B21F6526DA053B6ED1A5A9D4529DDA16032115CFA10","Do not call directly. Route through NexusCore.","Register and expose in matrix/report."
"VIA-SUP-0113","VIS_VRN_FinancialSSOT_v05910","VIS_VRN_FinancialSSOT_v05910.py","70_VRN_Rules","L2_SSOT_Registry","Registry or canonical tool data","C:\Users\tonyk\Downloads\VeritasIntelligenceAnalytics\supportive modules\70_VRN_Rules\VIS_VRN_FinancialSSOT_v05910.py","70_VRN_Rules\VIS_VRN_FinancialSSOT_v05910.py","python","1","via_vrn_312","True","False","NexusCoreManaged","FOUND","LOW","18265","2026-05-21 15:05:07","B09761CF7C9A07A20C95EF943531A2256D639C9A7E8854A0F492E892ECE5C7E1","Do not call directly. Route through NexusCore.","Wire to HardGate and EnvManager before execution."
"VIA-SUP-0114","VIS_VRN_FinancialSSOT_v05910.py.freeze.lock","VIS_VRN_FinancialSSOT_v05910.py.freeze.lock.json","70_VRN_Rules","L2_SSOT_Registry","Registry or canonical tool data","C:\Users\tonyk\Downloads\VeritasIntelligenceAnalytics\supportive modules\70_VRN_Rules\VIS_VRN_FinancialSSOT_v05910.py.freeze.lock.json","70_VRN_Rules\VIS_VRN_FinancialSSOT_v05910.py.freeze.lock.json","json","1","document/report","False","False","NexusCoreManaged","FOUND","LOW","1092","2026-06-08 20:10:15","5AF39122C96B133EF78E037F70026D81BE39E1CDE18DA11691E4B8B15E8DB368","Do not call directly. Route through NexusCore.","Register and expose in matrix/report."
"VIA-SUP-0115","VIS_VRN_FinancialSSOT_v05911","VIS_VRN_FinancialSSOT_v05911.py","70_VRN_Rules","L2_SSOT_Registry","Registry or canonical tool data","C:\Users\tonyk\Downloads\VeritasIntelligenceAnalytics\supportive modules\70_VRN_Rules\VIS_VRN_FinancialSSOT_v05911.py","70_VRN_Rules\VIS_VRN_FinancialSSOT_v05911.py","python","1","via_vrn_312","True","False","NexusCoreManaged","FOUND","LOW","26447","2026-05-21 15:23:25","9D16FC690D6329F2192BD20887523C94BBA2C7AB3B06481C6BD2931E5B36E974","Do not call directly. Route through NexusCore.","Wire to HardGate and EnvManager before execution."
"VIA-SUP-0116","VIS_VRN_FinancialSSOT_v05911.py.freeze.lock","VIS_VRN_FinancialSSOT_v05911.py.freeze.lock.json","70_VRN_Rules","L2_SSOT_Registry","Registry or canonical tool data","C:\Users\tonyk\Downloads\VeritasIntelligenceAnalytics\supportive modules\70_VRN_Rules\VIS_VRN_FinancialSSOT_v05911.py.freeze.lock.json","70_VRN_Rules\VIS_VRN_FinancialSSOT_v05911.py.freeze.lock.json","json","1","document/report","False","False","NexusCoreManaged","FOUND","LOW","1092","2026-06-08 20:10:15","2D8FBEAF7760FF7135A17C084D50FBA8529FA4E324D5D2E2F5F679FA44C99A71","Do not call directly. Route through NexusCore.","Register and expose in matrix/report."
"VIA-SUP-0117","VIS_VRN_FinancialSSOT_v05912","VIS_VRN_FinancialSSOT_v05912.py","70_VRN_Rules","L2_SSOT_Registry","Registry or canonical tool data","C:\Users\tonyk\Downloads\VeritasIntelligenceAnalytics\supportive modules\70_VRN_Rules\VIS_VRN_FinancialSSOT_v05912.py","70_VRN_Rules\VIS_VRN_FinancialSSOT_v05912.py","python","1","via_vrn_312","True","False","NexusCoreManaged","FOUND","LOW","26597","2026-05-21 15:32:32","517CFC63810311BCD707692943770B40A0A0DE7C8A887D3568ABA76146AE7452","Do not call directly. Route through NexusCore.","Wire to HardGate and EnvManager before execution."
"VIA-SUP-0118","VIS_VRN_FinancialSSOT_v05912.py.freeze.lock","VIS_VRN_FinancialSSOT_v05912.py.freeze.lock.json","70_VRN_Rules","L2_SSOT_Registry","Registry or canonical tool data","C:\Users\tonyk\Downloads\VeritasIntelligenceAnalytics\supportive modules\70_VRN_Rules\VIS_VRN_FinancialSSOT_v05912.py.freeze.lock.json","70_VRN_Rules\VIS_VRN_FinancialSSOT_v05912.py.freeze.lock.json","json","1","document/report","False","False","NexusCoreManaged","FOUND","LOW","1092","2026-06-08 20:10:15","E922E5B25014496ECDB9AA6BCBADC323DF48AFEC807626D823A43D7DCF1ACF4F","Do not call directly. Route through NexusCore.","Register and expose in matrix/report."
"VIA-SUP-0119","VIS_VRN_FinancialSSOT_v0599","VIS_VRN_FinancialSSOT_v0599.py","70_VRN_Rules","L2_SSOT_Registry","Registry or canonical tool data","C:\Users\tonyk\Downloads\VeritasIntelligenceAnalytics\supportive modules\70_VRN_Rules\VIS_VRN_FinancialSSOT_v0599.py","70_VRN_Rules\VIS_VRN_FinancialSSOT_v0599.py","python","1","via_vrn_312","True","False","NexusCoreManaged","FOUND","LOW","15529","2026-05-26 16:35:46","CAF62B4FCA57094247E51ACCEF10E24D3B326B2B5A07238E0FE069385216DC7E","Do not call directly. Route through NexusCore.","Wire to HardGate and EnvManager before execution."
"VIA-SUP-0120","VIS_VRN_FinancialSSOT_v0599.py.freeze.lock","VIS_VRN_FinancialSSOT_v0599.py.freeze.lock.json","70_VRN_Rules","L2_SSOT_Registry","Registry or canonical tool data","C:\Users\tonyk\Downloads\VeritasIntelligenceAnalytics\supportive modules\70_VRN_Rules\VIS_VRN_FinancialSSOT_v0599.py.freeze.lock.json","70_VRN_Rules\VIS_VRN_FinancialSSOT_v0599.py.freeze.lock.json","json","1","document/report","False","False","NexusCoreManaged","FOUND","LOW","1072","2026-06-08 20:10:15","AD6250498C3D606C932170510015B526ACFD56404DD64FA7529CFD4058F7BDFD","Do not call directly. Route through NexusCore.","Register and expose in matrix/report."
"VIA-SUP-0121","VIS_VRN_FinancialSSOT_v0600","VIS_VRN_FinancialSSOT_v0600.py","70_VRN_Rules","L2_SSOT_Registry","Registry or canonical tool data","C:\Users\tonyk\Downloads\VeritasIntelligenceAnalytics\supportive modules\70_VRN_Rules\VIS_VRN_FinancialSSOT_v0600.py","70_VRN_Rules\VIS_VRN_FinancialSSOT_v0600.py","python","1","via_vrn_312","True","False","NexusCoreManaged","FOUND","LOW","26861","2026-05-21 15:40:23","F7ACF9DE0E7EBB41A71C93054B6BBF56D23825832D17ACA3D8CE18B2998A71B2","Do not call directly. Route through NexusCore.","Wire to HardGate and EnvManager before execution."
"VIA-SUP-0122","VIS_VRN_FinancialSSOT_v0600.py.freeze.lock","VIS_VRN_FinancialSSOT_v0600.py.freeze.lock.json","70_VRN_Rules","L2_SSOT_Registry","Registry or canonical tool data","C:\Users\tonyk\Downloads\VeritasIntelligenceAnalytics\supportive modules\70_VRN_Rules\VIS_VRN_FinancialSSOT_v0600.py.freeze.lock.json","70_VRN_Rules\VIS_VRN_FinancialSSOT_v0600.py.freeze.lock.json","json","1","document/report","False","False","NexusCoreManaged","FOUND","LOW","1088","2026-06-08 20:10:15","EC3DDE299CDD11E7E4E5608328A97C3C36811058487C0021B1DD7290771CCC13","Do not call directly. Route through NexusCore.","Register and expose in matrix/report."
"VIA-SUP-0123","VIS_VRN_FinancialSSOT_v0608","VIS_VRN_FinancialSSOT_v0608.py","70_VRN_Rules","L2_SSOT_Registry","Registry or canonical tool data","C:\Users\tonyk\Downloads\VeritasIntelligenceAnalytics\supportive modules\70_VRN_Rules\VIS_VRN_FinancialSSOT_v0608.py","70_VRN_Rules\VIS_VRN_FinancialSSOT_v0608.py","python","1","via_vrn_312","True","False","NexusCoreManaged","FOUND","LOW","17050","2026-05-26 16:35:47","6F57063354728310ED3D31C78A8BD9C4E979130F0382094915B5B9E360DF4126","Do not call directly. Route through NexusCore.","Wire to HardGate and EnvManager before execution."
"VIA-SUP-0124","VIS_VRN_FinancialSSOT_v0608.py.freeze.lock","VIS_VRN_FinancialSSOT_v0608.py.freeze.lock.json","70_VRN_Rules","L2_SSOT_Registry","Registry or canonical tool data","C:\Users\tonyk\Downloads\VeritasIntelligenceAnalytics\supportive modules\70_VRN_Rules\VIS_VRN_FinancialSSOT_v0608.py.freeze.lock.json","70_VRN_Rules\VIS_VRN_FinancialSSOT_v0608.py.freeze.lock.json","json","1","document/report","False","False","NexusCoreManaged","FOUND","LOW","1063","2026-06-08 20:10:15","CCB693AEB8801F8B93CC54292719ACCE939884A18B2D54C9A2268B3BE3B26CEA","Do not call directly. Route through NexusCore.","Register and expose in matrix/report."
"VIA-SUP-0125","VIS_VRN_HistoricalValidationPolicy_v0100","VIS_VRN_HistoricalValidationPolicy_v0100.py","70_VRN_Rules","L9_Supportive_Tool","Supportive utility","C:\Users\tonyk\Downloads\VeritasIntelligenceAnalytics\supportive modules\70_VRN_Rules\VIS_VRN_HistoricalValidationPolicy_v0100.py","70_VRN_Rules\VIS_VRN_HistoricalValidationPolicy_v0100.py","python","9","via_vrn_312","True","False","NexusCoreManaged","FOUND","LOW","8849","2026-05-31 06:47:07","9A3D88F76AD637A3CCBDDC50FDFF8B8285C0976187C423C75FCF953776D5380D","Do not call directly. Route through NexusCore.","Wire to HardGate and EnvManager before execution."
"VIA-SUP-0126","VIS_VRN_HistoricalValidationPolicy_v0100.py.freeze.lock","VIS_VRN_HistoricalValidationPolicy_v0100.py.freeze.lock.json","70_VRN_Rules","L9_Supportive_Tool","Supportive utility","C:\Users\tonyk\Downloads\VeritasIntelligenceAnalytics\supportive modules\70_VRN_Rules\VIS_VRN_HistoricalValidationPolicy_v0100.py.freeze.lock.json","70_VRN_Rules\VIS_VRN_HistoricalValidationPolicy_v0100.py.freeze.lock.json","json","9","document/report","False","False","NexusCoreManaged","FOUND","LOW","1117","2026-06-08 20:10:15","329D491CB16AEC509104402D27726AF68533886002B894F0C999C5CB8C760E8E","Do not call directly. Route through NexusCore.","Register and expose in matrix/report."
"VIA-SUP-0127","VIS_VRN_InputRoutePolicy_v0224","VIS_VRN_InputRoutePolicy_v0224.py","70_VRN_Rules","L9_Supportive_Tool","Supportive utility","C:\Users\tonyk\Downloads\VeritasIntelligenceAnalytics\supportive modules\70_VRN_Rules\VIS_VRN_InputRoutePolicy_v0224.py","70_VRN_Rules\VIS_VRN_InputRoutePolicy_v0224.py","python","9","via_vrn_312","True","False","NexusCoreManaged","FOUND","LOW","5859","2026-05-26 16:35:47","2E64C3ECD1017B99BECA64EC98183578CFE375BAD552BE166116341397BF0DE3","Do not call directly. Route through NexusCore.","Wire to HardGate and EnvManager before execution."
"VIA-SUP-0128","VIS_VRN_InputRoutePolicy_v0224.py.freeze.lock","VIS_VRN_InputRoutePolicy_v0224.py.freeze.lock.json","70_VRN_Rules","L9_Supportive_Tool","Supportive utility","C:\Users\tonyk\Downloads\VeritasIntelligenceAnalytics\supportive modules\70_VRN_Rules\VIS_VRN_InputRoutePolicy_v0224.py.freeze.lock.json","70_VRN_Rules\VIS_VRN_InputRoutePolicy_v0224.py.freeze.lock.json","json","9","document/report","False","False","NexusCoreManaged","FOUND","LOW","1076","2026-06-08 20:10:15","6AAF63058C2D030444F6751EB0B4514141FEAB92F33614F90E3DC8C8BB1953CD","Do not call directly. Route through NexusCore.","Register and expose in matrix/report."
"VIA-SUP-0129","VIS_VRN_NewReportCompatibilityGate_v01","VIS_VRN_NewReportCompatibilityGate_v01.py","70_VRN_Rules","L6_Report_Matrix","Report, matrix, dashboard, validation output","C:\Users\tonyk\Downloads\VeritasIntelligenceAnalytics\supportive modules\70_VRN_Rules\VIS_VRN_NewReportCompatibilityGate_v01.py","70_VRN_Rules\VIS_VRN_NewReportCompatibilityGate_v01.py","python","4","via_vrn_312","True","False","NexusCoreManaged","FOUND","LOW","12017","2026-05-26 16:35:47","F0EF4591F5B046B11408BEB259AEDD3E6D9DE09B462B0A8302AB94CC6B7BB1B5","Do not call directly. Route through NexusCore.","Wire to HardGate and EnvManager before execution."
"VIA-SUP-0130","VIS_VRN_NewReportCompatibilityGate_v01.py.freeze.lock","VIS_VRN_NewReportCompatibilityGate_v01.py.freeze.lock.json","70_VRN_Rules","L6_Report_Matrix","Report, matrix, dashboard, validation output","C:\Users\tonyk\Downloads\VeritasIntelligenceAnalytics\supportive modules\70_VRN_Rules\VIS_VRN_NewReportCompatibilityGate_v01.py.freeze.lock.json","70_VRN_Rules\VIS_VRN_NewReportCompatibilityGate_v01.py.freeze.lock.json","json","4","document/report","False","False","NexusCoreManaged","FOUND","LOW","1109","2026-06-08 20:10:15","D424D22F80B4A579275B3D365D04C6A4600FCD3384C37C7CDBC9A4B6286DB084","Do not call directly. Route through NexusCore.","Register and expose in matrix/report."
"VIA-SUP-0131","VIS_VRN_Q1_AliasRoutePatch_v0100","VIS_VRN_Q1_AliasRoutePatch_v0100.py","70_VRN_Rules","L9_Supportive_Tool","Supportive utility","C:\Users\tonyk\Downloads\VeritasIntelligenceAnalytics\supportive modules\70_VRN_Rules\VIS_VRN_Q1_AliasRoutePatch_v0100.py","70_VRN_Rules\VIS_VRN_Q1_AliasRoutePatch_v0100.py","python","9","via_vrn_312","True","False","NexusCoreManaged","FOUND","LOW","17160","2026-06-01 21:46:52","F559FE9F8336DFB5FA39BB2750C6D7264E62FC8BC1C3FA00D76F6291E9939878","Do not call directly. Route through NexusCore.","Wire to HardGate and EnvManager before execution."
"VIA-SUP-0132","VIS_VRN_Q1_AliasRoutePatch_v0100.py.freeze.lock","VIS_VRN_Q1_AliasRoutePatch_v0100.py.freeze.lock.json","70_VRN_Rules","L9_Supportive_Tool","Supportive utility","C:\Users\tonyk\Downloads\VeritasIntelligenceAnalytics\supportive modules\70_VRN_Rules\VIS_VRN_Q1_AliasRoutePatch_v0100.py.freeze.lock.json","70_VRN_Rules\VIS_VRN_Q1_AliasRoutePatch_v0100.py.freeze.lock.json","json","9","document/report","False","False","NexusCoreManaged","FOUND","LOW","1084","2026-06-08 20:10:15","D895A9A75BD56A18FB0CE2A36EE62DA9DE27DB1F4330D6AE57F66C2AFB36DD7A","Do not call directly. Route through NexusCore.","Register and expose in matrix/report."
"VIA-SUP-0133","VIS_VRN_SupportiveGapRegistry_v0224","VIS_VRN_SupportiveGapRegistry_v0224.json","70_VRN_Rules","L2_SSOT_Registry","Registry or canonical tool data","C:\Users\tonyk\Downloads\VeritasIntelligenceAnalytics\supportive modules\70_VRN_Rules\VIS_VRN_SupportiveGapRegistry_v0224.json","70_VRN_Rules\VIS_VRN_SupportiveGapRegistry_v0224.json","json","1","document/report","False","False","NexusCoreManaged","FOUND","LOW","1891","2026-05-25 12:27:25","62C55E3999A2B54F8DBEA4941C390E33D7EED549D69DC1DD0F2172AB60AE8761","Do not call directly. Route through NexusCore.","Register and expose in matrix/report."
"VIA-SUP-0134","VIS_VRN_SupportiveGapRegistry_v0224.json.freeze.lock","VIS_VRN_SupportiveGapRegistry_v0224.json.freeze.lock.json","70_VRN_Rules","L2_SSOT_Registry","Registry or canonical tool data","C:\Users\tonyk\Downloads\VeritasIntelligenceAnalytics\supportive modules\70_VRN_Rules\VIS_VRN_SupportiveGapRegistry_v0224.json.freeze.lock.json","70_VRN_Rules\VIS_VRN_SupportiveGapRegistry_v0224.json.freeze.lock.json","json","1","document/report","False","False","NexusCoreManaged","FOUND","LOW","1041","2026-06-08 20:10:15","A94E6F2E16BE9961B289D80127A259735384306DACF3D0757F6B3E017F80BABC","Do not call directly. Route through NexusCore.","Register and expose in matrix/report."
"VIA-SUP-0135","VIS_VRN_TableGeometryReconstructor_v0101","VIS_VRN_TableGeometryReconstructor_v0101.py","70_VRN_Rules","L9_Supportive_Tool","Supportive utility","C:\Users\tonyk\Downloads\VeritasIntelligenceAnalytics\supportive modules\70_VRN_Rules\VIS_VRN_TableGeometryReconstructor_v0101.py","70_VRN_Rules\VIS_VRN_TableGeometryReconstructor_v0101.py","python","9","via_vrn_312","True","False","NexusCoreManaged","FOUND","LOW","15350","2026-05-31 18:18:27","64C7E51FA82C8177EDEBAFD21CB474FB4EC7AE001BE1E61F4C65CD26AD9E2603","Do not call directly. Route through NexusCore.","Wire to HardGate and EnvManager before execution."
"VIA-SUP-0136","VIS_VRN_TableGeometryReconstructor_v0101.py.freeze.lock","VIS_VRN_TableGeometryReconstructor_v0101.py.freeze.lock.json","70_VRN_Rules","L9_Supportive_Tool","Supportive utility","C:\Users\tonyk\Downloads\VeritasIntelligenceAnalytics\supportive modules\70_VRN_Rules\VIS_VRN_TableGeometryReconstructor_v0101.py.freeze.lock.json","70_VRN_Rules\VIS_VRN_TableGeometryReconstructor_v0101.py.freeze.lock.json","json","9","document/report","False","False","NexusCoreManaged","FOUND","LOW","1117","2026-06-08 20:10:15","EBC07BF6B2E3C8B8A902A77D6FD27555EB919B45BF4EC864FC43432C7D5D0A92","Do not call directly. Route through NexusCore.","Register and expose in matrix/report."
"VIA-SUP-0137","VIS_VRN_TableGeometryReconstructorPolicy_v0101","VIS_VRN_TableGeometryReconstructorPolicy_v0101.json","70_VRN_Rules","L9_Supportive_Tool","Supportive utility","C:\Users\tonyk\Downloads\VeritasIntelligenceAnalytics\supportive modules\70_VRN_Rules\VIS_VRN_TableGeometryReconstructorPolicy_v0101.json","70_VRN_Rules\VIS_VRN_TableGeometryReconstructorPolicy_v0101.json","json","9","document/report","False","False","NexusCoreManaged","FOUND","LOW","711","2026-05-31 18:18:27","E0D08141541CC1AE50692B0DA1B482CD16652F4B7A8F25ED687ED95AE8F08F81","Do not call directly. Route through NexusCore.","Register and expose in matrix/report."
"VIA-SUP-0138","VIS_VRN_TableGeometryReconstructorPolicy_v0101.json.freeze.lock","VIS_VRN_TableGeometryReconstructorPolicy_v0101.json.freeze.lock.json","70_VRN_Rules","L9_Supportive_Tool","Supportive utility","C:\Users\tonyk\Downloads\VeritasIntelligenceAnalytics\supportive modules\70_VRN_Rules\VIS_VRN_TableGeometryReconstructorPolicy_v0101.json.freeze.lock.json","70_VRN_Rules\VIS_VRN_TableGeometryReconstructorPolicy_v0101.json.freeze.lock.json","json","9","document/report","False","False","NexusCoreManaged","FOUND","LOW","1085","2026-06-08 20:10:15","CB1888EEA3A5488A5D37620A8AACF2548F101746622BB9F3A50E5C1FEF8FFAEB","Do not call directly. Route through NexusCore.","Register and expose in matrix/report."
"VIA-SUP-0139","VIS_VRN_TableHeaderPeriodOriginalRestore_v0100","VIS_VRN_TableHeaderPeriodOriginalRestore_v0100.py","70_VRN_Rules","L9_Supportive_Tool","Supportive utility","C:\Users\tonyk\Downloads\VeritasIntelligenceAnalytics\supportive modules\70_VRN_Rules\VIS_VRN_TableHeaderPeriodOriginalRestore_v0100.py","70_VRN_Rules\VIS_VRN_TableHeaderPeriodOriginalRestore_v0100.py","python","9","via_vrn_312","True","False","NexusCoreManaged","FOUND","LOW","13791","2026-05-31 20:58:00","B715A6392EF26D0F7E956E7EEE70F7F2725793CB1597B2AE6584E96C4FF0CA71","Do not call directly. Route through NexusCore.","Wire to HardGate and EnvManager before execution."
"VIA-SUP-0140","VIS_VRN_TableHeaderPeriodOriginalRestore_v0100.py.freeze.lock","VIS_VRN_TableHeaderPeriodOriginalRestore_v0100.py.freeze.lock.json","70_VRN_Rules","L9_Supportive_Tool","Supportive utility","C:\Users\tonyk\Downloads\VeritasIntelligenceAnalytics\supportive modules\70_VRN_Rules\VIS_VRN_TableHeaderPeriodOriginalRestore_v0100.py.freeze.lock.json","70_VRN_Rules\VIS_VRN_TableHeaderPeriodOriginalRestore_v0100.py.freeze.lock.json","json","9","document/report","False","False","NexusCoreManaged","FOUND","LOW","1141","2026-06-08 20:10:15","4DD9C8582C2C1988046046229F1CAB7F6C952BC2D73B73563383CF997657B8DF","Do not call directly. Route through NexusCore.","Register and expose in matrix/report."
"VIA-SUP-0141","VIS_VRN_TWOfficialYFinance_v06051","VIS_VRN_TWOfficialYFinance_v06051.py","70_VRN_Rules","L9_Supportive_Tool","Supportive utility","C:\Users\tonyk\Downloads\VeritasIntelligenceAnalytics\supportive modules\70_VRN_Rules\VIS_VRN_TWOfficialYFinance_v06051.py","70_VRN_Rules\VIS_VRN_TWOfficialYFinance_v06051.py","python","9","via_vrn_312","True","False","NexusCoreManaged","FOUND","LOW","4451","2026-05-26 16:35:47","00C6D57671ED963F891A307863AE774B5CA4E44C1DCD031BB9319010ADAC3D0C","Do not call directly. Route through NexusCore.","Wire to HardGate and EnvManager before execution."
"VIA-SUP-0142","VIS_VRN_TWOfficialYFinance_v06051.py.freeze.lock","VIS_VRN_TWOfficialYFinance_v06051.py.freeze.lock.json","70_VRN_Rules","L9_Supportive_Tool","Supportive utility","C:\Users\tonyk\Downloads\VeritasIntelligenceAnalytics\supportive modules\70_VRN_Rules\VIS_VRN_TWOfficialYFinance_v06051.py.freeze.lock.json","70_VRN_Rules\VIS_VRN_TWOfficialYFinance_v06051.py.freeze.lock.json","json","9","document/report","False","False","NexusCoreManaged","FOUND","LOW","1088","2026-06-08 20:10:15","BDF5DCF255BB5E600D2000151505469CB27BEEDFF88782C00FD37091DFE84F51","Do not call directly. Route through NexusCore.","Register and expose in matrix/report."
"VIA-SUP-0143","VETF_VIA_HardGate_SealEngine.cpython-313","VETF_VIA_HardGate_SealEngine.cpython-313.pyc","80_VETF_Supportive_Sort","L3_HardGate_Protection","Protection, network guard, environment risk gate","C:\Users\tonyk\Downloads\VeritasIntelligenceAnalytics\supportive modules\80_VETF_Supportive_Sort\__pycache__\VETF_VIA_HardGate_SealEngine.cpython-313.pyc","80_VETF_Supportive_Sort\__pycache__\VETF_VIA_HardGate_SealEngine.cpython-313.pyc","other","1","via_core_312","False","False","NexusCoreManaged","FOUND","LOW","5057","2026-06-10 12:33:57","D47ED7104E51424069C48545E9C6BE3A7C6C9AC50AC4C3FBC1B9CF4ACC5912CC","Do not call directly. Route through NexusCore.","Register and expose in matrix/report."
"VIA-SUP-0144","VETF_VIA_RegistryCore_v1.cpython-313","VETF_VIA_RegistryCore_v1.cpython-313.pyc","80_VETF_Supportive_Sort","L2_SSOT_Registry","Registry or canonical tool data","C:\Users\tonyk\Downloads\VeritasIntelligenceAnalytics\supportive modules\80_VETF_Supportive_Sort\__pycache__\VETF_VIA_RegistryCore_v1.cpython-313.pyc","80_VETF_Supportive_Sort\__pycache__\VETF_VIA_RegistryCore_v1.cpython-313.pyc","other","1","via_core_312","False","False","NexusCoreManaged","FOUND","LOW","47273","2026-06-10 12:33:57","9A1588A4C78C9D632674FB9590E9A56244D9DC87DF15813B62342617E2EC9613","Do not call directly. Route through NexusCore.","Register and expose in matrix/report."
"VIA-SUP-0145","VETF_VIA_Runtime_Bridge_All_in_One.cpython-313","VETF_VIA_Runtime_Bridge_All_in_One.cpython-313.pyc","80_VETF_Supportive_Sort","L5_Acceleration_InstallPlanner","Acceleration, cache, wheelhouse, retry, download/install planning","C:\Users\tonyk\Downloads\VeritasIntelligenceAnalytics\supportive modules\80_VETF_Supportive_Sort\__pycache__\VETF_VIA_Runtime_Bridge_All_in_One.cpython-313.pyc","80_VETF_Supportive_Sort\__pycache__\VETF_VIA_Runtime_Bridge_All_in_One.cpython-313.pyc","other","3","via_core_312","True","False","NexusCoreManaged","FOUND","LOW","25596","2026-06-10 12:33:57","7F1EE3AC640A87E7A97F3AB2BDA9BE4A289542892451A3FCD6BD6F9F45D75BD3","Do not call directly. Route through NexusCore.","Wire to HardGate and EnvManager before execution."
"VIA-SUP-0146","VETF_VIA_RuntimeImportFirewall.cpython-313","VETF_VIA_RuntimeImportFirewall.cpython-313.pyc","80_VETF_Supportive_Sort","L3_HardGate_Protection","Protection, network guard, environment risk gate","C:\Users\tonyk\Downloads\VeritasIntelligenceAnalytics\supportive modules\80_VETF_Supportive_Sort\__pycache__\VETF_VIA_RuntimeImportFirewall.cpython-313.pyc","80_VETF_Supportive_Sort\__pycache__\VETF_VIA_RuntimeImportFirewall.cpython-313.pyc","other","1","via_core_312","False","False","NexusCoreManaged","FOUND","LOW","12302","2026-06-10 12:33:57","01938A887E47FDAD07F0F6C34D1EEFD58D0526336EAFFD9D6E85767504BAE377","Do not call directly. Route through NexusCore.","Register and expose in matrix/report."
"VIA-SUP-0147","VETF_VIA_SSOT_Unified.cpython-313","VETF_VIA_SSOT_Unified.cpython-313.pyc","80_VETF_Supportive_Sort","L2_SSOT_Registry","Registry or canonical tool data","C:\Users\tonyk\Downloads\VeritasIntelligenceAnalytics\supportive modules\80_VETF_Supportive_Sort\__pycache__\VETF_VIA_SSOT_Unified.cpython-313.pyc","80_VETF_Supportive_Sort\__pycache__\VETF_VIA_SSOT_Unified.cpython-313.pyc","other","1","via_core_312","False","False","NexusCoreManaged","FOUND","LOW","273852","2026-06-10 12:33:58","17939AA03FF7A0E9F9A47B02302CC44C9A58D21205273BBAAE734A456DAC4027","Do not call directly. Route through NexusCore.","Register and expose in matrix/report."
"VIA-SUP-0148","VETF_VIA_Supportive_Runtime_HardGate_Bridge.cpython-313","VETF_VIA_Supportive_Runtime_HardGate_Bridge.cpython-313.pyc","80_VETF_Supportive_Sort","L3_HardGate_Protection","Protection, network guard, environment risk gate","C:\Users\tonyk\Downloads\VeritasIntelligenceAnalytics\supportive modules\80_VETF_Supportive_Sort\__pycache__\VETF_VIA_Supportive_Runtime_HardGate_Bridge.cpython-313.pyc","80_VETF_Supportive_Sort\__pycache__\VETF_VIA_Supportive_Runtime_HardGate_Bridge.cpython-313.pyc","other","1","via_core_312","False","False","NexusCoreManaged","FOUND","LOW","17914","2026-06-10 12:33:58","06918C11373EFAEF0A8C7E858C034826AE7C6E976B5C813BB2ED373B254B27DE","Do not call directly. Route through NexusCore.","Register and expose in matrix/report."
"VIA-SUP-0149","VETF_VIS_InstallHealthRegistry.cpython-313","VETF_VIS_InstallHealthRegistry.cpython-313.pyc","80_VETF_Supportive_Sort","L2_SSOT_Registry","Registry or canonical tool data","C:\Users\tonyk\Downloads\VeritasIntelligenceAnalytics\supportive modules\80_VETF_Supportive_Sort\__pycache__\VETF_VIS_InstallHealthRegistry.cpython-313.pyc","80_VETF_Supportive_Sort\__pycache__\VETF_VIS_InstallHealthRegistry.cpython-313.pyc","other","1","via_core_312","False","False","NexusCoreManaged","FOUND","LOW","7272","2026-06-10 12:33:58","6D3C7C4DC74D8AC85819357B7BD5A88DBC5C34E90A691FC08DC9084B85592EB2","Do not call directly. Route through NexusCore.","Register and expose in matrix/report."
"VIA-SUP-0150","VETF_VIS_VRN_FinancialRescueRules_v06126.cpython-313","VETF_VIS_VRN_FinancialRescueRules_v06126.cpython-313.pyc","80_VETF_Supportive_Sort","L5_Acceleration_InstallPlanner","Acceleration, cache, wheelhouse, retry, download/install planning","C:\Users\tonyk\Downloads\VeritasIntelligenceAnalytics\supportive modules\80_VETF_Supportive_Sort\__pycache__\VETF_VIS_VRN_FinancialRescueRules_v06126.cpython-313.pyc","80_VETF_Supportive_Sort\__pycache__\VETF_VIS_VRN_FinancialRescueRules_v06126.cpython-313.pyc","other","3","via_vrn_312","True","False","NexusCoreManaged","FOUND","LOW","9697","2026-06-10 12:33:58","56288454E3F674A08F83FBEF14ECD7A6B02F2B4A599C6BA2170F612F83F52E3A","Do not call directly. Route through NexusCore.","Wire to HardGate and EnvManager before execution."
"VIA-SUP-0151","VETF_VIS_VRN_FinancialSSOT_v0608.cpython-313","VETF_VIS_VRN_FinancialSSOT_v0608.cpython-313.pyc","80_VETF_Supportive_Sort","L2_SSOT_Registry","Registry or canonical tool data","C:\Users\tonyk\Downloads\VeritasIntelligenceAnalytics\supportive modules\80_VETF_Supportive_Sort\__pycache__\VETF_VIS_VRN_FinancialSSOT_v0608.cpython-313.pyc","80_VETF_Supportive_Sort\__pycache__\VETF_VIS_VRN_FinancialSSOT_v0608.cpython-313.pyc","other","1","via_vrn_312","False","False","NexusCoreManaged","FOUND","LOW","14739","2026-06-10 12:33:58","8B85BF8E83C226E840ACB78A457B0563239B0980AFE75B56BB8F519D7BDB91E8","Do not call directly. Route through NexusCore.","Register and expose in matrix/report."
"VIA-SUP-0152","VETF_VIS_VRN_HistoricalValidationPolicy_v0100.cpython-313","VETF_VIS_VRN_HistoricalValidationPolicy_v0100.cpython-313.pyc","80_VETF_Supportive_Sort","L5_Acceleration_InstallPlanner","Acceleration, cache, wheelhouse, retry, download/install planning","C:\Users\tonyk\Downloads\VeritasIntelligenceAnalytics\supportive modules\80_VETF_Supportive_Sort\__pycache__\VETF_VIS_VRN_HistoricalValidationPolicy_v0100.cpython-313.pyc","80_VETF_Supportive_Sort\__pycache__\VETF_VIS_VRN_HistoricalValidationPolicy_v0100.cpython-313.pyc","other","3","via_vrn_312","True","False","NexusCoreManaged","FOUND","LOW","9340","2026-06-10 12:33:58","A1544882E58FFDB83217A6570228C79B723EE590EB3971676B56EC8CAEA9401F","Do not call directly. Route through NexusCore.","Wire to HardGate and EnvManager before execution."
"VIA-SUP-0153","VETF_VIA_HardGate_SealEngine","VETF_VIA_HardGate_SealEngine.py","80_VETF_Supportive_Sort","L3_HardGate_Protection","Protection, network guard, environment risk gate","C:\Users\tonyk\Downloads\VeritasIntelligenceAnalytics\supportive modules\80_VETF_Supportive_Sort\VETF_VIA_HardGate_SealEngine.py","80_VETF_Supportive_Sort\VETF_VIA_HardGate_SealEngine.py","python","1","via_core_312","True","False","NexusCoreManaged","FOUND","LOW","4582","2026-05-26 16:35:45","8FE7C3FAC5A244B3C15417DCA983265C703503495784ABB601FDD573C43DE9FB","Do not call directly. Route through NexusCore.","Wire to HardGate and EnvManager before execution."
"VIA-SUP-0154","VETF_VIA_HardGate_SealEngine.py.freeze.lock","VETF_VIA_HardGate_SealEngine.py.freeze.lock.json","80_VETF_Supportive_Sort","L3_HardGate_Protection","Protection, network guard, environment risk gate","C:\Users\tonyk\Downloads\VeritasIntelligenceAnalytics\supportive modules\80_VETF_Supportive_Sort\VETF_VIA_HardGate_SealEngine.py.freeze.lock.json","80_VETF_Supportive_Sort\VETF_VIA_HardGate_SealEngine.py.freeze.lock.json","json","1","document/report","False","False","NexusCoreManaged","FOUND","LOW","1080","2026-06-08 20:10:15","23F3B5687F3CC693A05715644E2B04B9193E7F029762204DCCB35AAA6A9AF703","Do not call directly. Route through NexusCore.","Register and expose in matrix/report."
"VIA-SUP-0155","VETF_VIA_RegistryCore_v1","VETF_VIA_RegistryCore_v1.py","80_VETF_Supportive_Sort","L2_SSOT_Registry","Registry or canonical tool data","C:\Users\tonyk\Downloads\VeritasIntelligenceAnalytics\supportive modules\80_VETF_Supportive_Sort\VETF_VIA_RegistryCore_v1.py","80_VETF_Supportive_Sort\VETF_VIA_RegistryCore_v1.py","python","1","via_core_312","True","False","NexusCoreManaged","FOUND","LOW","49130","2026-05-26 16:47:57","F69DAB6BD6C78F8BB012F2EDA69064D08570221149777B2A9AB5269CCB8FDFDD","Do not call directly. Route through NexusCore.","Wire to HardGate and EnvManager before execution."
"VIA-SUP-0156","VETF_VIA_RegistryCore_v1.py.freeze.lock","VETF_VIA_RegistryCore_v1.py.freeze.lock.json","80_VETF_Supportive_Sort","L2_SSOT_Registry","Registry or canonical tool data","C:\Users\tonyk\Downloads\VeritasIntelligenceAnalytics\supportive modules\80_VETF_Supportive_Sort\VETF_VIA_RegistryCore_v1.py.freeze.lock.json","80_VETF_Supportive_Sort\VETF_VIA_RegistryCore_v1.py.freeze.lock.json","json","1","document/report","False","False","NexusCoreManaged","FOUND","LOW","1066","2026-06-08 20:10:15","4BB31CEDAFB7CBE72F45895F291BE16CF303E9BBBAF3F5A4D35CB5D5B0DF57F3","Do not call directly. Route through NexusCore.","Register and expose in matrix/report."
"VIA-SUP-0157","VETF_VIA_Runtime_Bridge_All_in_One","VETF_VIA_Runtime_Bridge_All_in_One.py","80_VETF_Supportive_Sort","L5_Acceleration_InstallPlanner","Acceleration, cache, wheelhouse, retry, download/install planning","C:\Users\tonyk\Downloads\VeritasIntelligenceAnalytics\supportive modules\80_VETF_Supportive_Sort\VETF_VIA_Runtime_Bridge_All_in_One.py","80_VETF_Supportive_Sort\VETF_VIA_Runtime_Bridge_All_in_One.py","python","3","via_core_312","True","False","NexusCoreManaged","FOUND","LOW","29537","2026-05-26 16:47:58","B5BDD7A1F29DF1325C2E2D9C26A62E7F287F05951AD27EF907AB7E6CB43E442F","Do not call directly. Route through NexusCore.","Wire to HardGate and EnvManager before execution."
"VIA-SUP-0158","VETF_VIA_Runtime_Bridge_All_in_One.py.freeze.lock","VETF_VIA_Runtime_Bridge_All_in_One.py.freeze.lock.json","80_VETF_Supportive_Sort","L5_Acceleration_InstallPlanner","Acceleration, cache, wheelhouse, retry, download/install planning","C:\Users\tonyk\Downloads\VeritasIntelligenceAnalytics\supportive modules\80_VETF_Supportive_Sort\VETF_VIA_Runtime_Bridge_All_in_One.py.freeze.lock.json","80_VETF_Supportive_Sort\VETF_VIA_Runtime_Bridge_All_in_One.py.freeze.lock.json","json","3","document/report","True","False","NexusCoreManaged","FOUND","LOW","1105","2026-06-08 20:10:15","B3D1E0201A603EA7BAD7AA4BEAAD7BDAFE9D400DFD2392906948FD3828FB5DA2","Do not call directly. Route through NexusCore.","Wire to HardGate and EnvManager before execution."
"VIA-SUP-0159","VETF_VIA_RuntimeImportFirewall","VETF_VIA_RuntimeImportFirewall.py","80_VETF_Supportive_Sort","L3_HardGate_Protection","Protection, network guard, environment risk gate","C:\Users\tonyk\Downloads\VeritasIntelligenceAnalytics\supportive modules\80_VETF_Supportive_Sort\VETF_VIA_RuntimeImportFirewall.py","80_VETF_Supportive_Sort\VETF_VIA_RuntimeImportFirewall.py","python","1","via_core_312","True","False","NexusCoreManaged","FOUND","LOW","9658","2026-05-26 16:35:45","44E6514C7D2B242208611A36E9D725E2AD27A0BC05F16D731DED8F95A2A80900","Do not call directly. Route through NexusCore.","Wire to HardGate and EnvManager before execution."
"VIA-SUP-0160","VETF_VIA_RuntimeImportFirewall.py.freeze.lock","VETF_VIA_RuntimeImportFirewall.py.freeze.lock.json","80_VETF_Supportive_Sort","L3_HardGate_Protection","Protection, network guard, environment risk gate","C:\Users\tonyk\Downloads\VeritasIntelligenceAnalytics\supportive modules\80_VETF_Supportive_Sort\VETF_VIA_RuntimeImportFirewall.py.freeze.lock.json","80_VETF_Supportive_Sort\VETF_VIA_RuntimeImportFirewall.py.freeze.lock.json","json","1","document/report","False","False","NexusCoreManaged","FOUND","LOW","1089","2026-06-08 20:10:15","9B712132FFE96164A5E4667EA1FA4BA2C4F80693889508D1EADFC00C2D33DB6C","Do not call directly. Route through NexusCore.","Register and expose in matrix/report."
"VIA-SUP-0161","VETF_VIA_SSOT_Unified","VETF_VIA_SSOT_Unified.py","80_VETF_Supportive_Sort","L2_SSOT_Registry","Registry or canonical tool data","C:\Users\tonyk\Downloads\VeritasIntelligenceAnalytics\supportive modules\80_VETF_Supportive_Sort\VETF_VIA_SSOT_Unified.py","80_VETF_Supportive_Sort\VETF_VIA_SSOT_Unified.py","python","1","via_core_312","True","False","NexusCoreManaged","FOUND","LOW","306724","2026-05-26 16:47:58","613700C560AA1C95958F88CFB998F40D162DABFA955D26553279B345DC00C441","Do not call directly. Route through NexusCore.","Wire to HardGate and EnvManager before execution."
"VIA-SUP-0162","VETF_VIA_SSOT_Unified.py.freeze.lock","VETF_VIA_SSOT_Unified.py.freeze.lock.json","80_VETF_Supportive_Sort","L2_SSOT_Registry","Registry or canonical tool data","C:\Users\tonyk\Downloads\VeritasIntelligenceAnalytics\supportive modules\80_VETF_Supportive_Sort\VETF_VIA_SSOT_Unified.py.freeze.lock.json","80_VETF_Supportive_Sort\VETF_VIA_SSOT_Unified.py.freeze.lock.json","json","1","document/report","False","False","NexusCoreManaged","FOUND","LOW","1055","2026-06-08 20:10:15","B820442C4C22633446454B2BEFC26F7B6322FB9D950D1FF02A6A28770399A163","Do not call directly. Route through NexusCore.","Register and expose in matrix/report."
"VIA-SUP-0163","VETF_VIA_Supportive_Runtime_HardGate_Bridge","VETF_VIA_Supportive_Runtime_HardGate_Bridge.py","80_VETF_Supportive_Sort","L3_HardGate_Protection","Protection, network guard, environment risk gate","C:\Users\tonyk\Downloads\VeritasIntelligenceAnalytics\supportive modules\80_VETF_Supportive_Sort\VETF_VIA_Supportive_Runtime_HardGate_Bridge.py","80_VETF_Supportive_Sort\VETF_VIA_Supportive_Runtime_HardGate_Bridge.py","python","1","via_core_312","True","False","NexusCoreManaged","FOUND","LOW","14829","2026-05-26 16:47:59","7BED139672C8E1B9C3F61FE12AF23781FB865F10954A29BEA4D9608755556FA6","Do not call directly. Route through NexusCore.","Wire to HardGate and EnvManager before execution."
"VIA-SUP-0164","VETF_VIA_Supportive_Runtime_HardGate_Bridge.py.freeze.lock","VETF_VIA_Supportive_Runtime_HardGate_Bridge.py.freeze.lock.json","80_VETF_Supportive_Sort","L3_HardGate_Protection","Protection, network guard, environment risk gate","C:\Users\tonyk\Downloads\VeritasIntelligenceAnalytics\supportive modules\80_VETF_Supportive_Sort\VETF_VIA_Supportive_Runtime_HardGate_Bridge.py.freeze.lock.json","80_VETF_Supportive_Sort\VETF_VIA_Supportive_Runtime_HardGate_Bridge.py.freeze.lock.json","json","1","document/report","False","False","NexusCoreManaged","FOUND","LOW","1141","2026-06-08 20:10:15","1FB91A8348FCB45C0477F1D13C33183E65AFE1F2AA86EE5B8DD5D5AC11E0263D","Do not call directly. Route through NexusCore.","Register and expose in matrix/report."
"VIA-SUP-0165","VETF_VIS_InstallHealthRegistry_VRN_v02143","VETF_VIS_InstallHealthRegistry_VRN_v02143.json","80_VETF_Supportive_Sort","L2_SSOT_Registry","Registry or canonical tool data","C:\Users\tonyk\Downloads\VeritasIntelligenceAnalytics\supportive modules\80_VETF_Supportive_Sort\VETF_VIS_InstallHealthRegistry_VRN_v02143.json","80_VETF_Supportive_Sort\VETF_VIS_InstallHealthRegistry_VRN_v02143.json","json","1","document/report","False","False","NexusCoreManaged","FOUND","LOW","4508","2026-05-24 19:43:02","4DF54ED283D23E3F38747EDC93B31E95526DAB502D77C5DC6520CA03FF8E8638","Do not call directly. Route through NexusCore.","Register and expose in matrix/report."
"VIA-SUP-0166","VETF_VIS_InstallHealthRegistry_VRN_v02143.json.freeze.lock","VETF_VIS_InstallHealthRegistry_VRN_v02143.json.freeze.lock.json","80_VETF_Supportive_Sort","L2_SSOT_Registry","Registry or canonical tool data","C:\Users\tonyk\Downloads\VeritasIntelligenceAnalytics\supportive modules\80_VETF_Supportive_Sort\VETF_VIS_InstallHealthRegistry_VRN_v02143.json.freeze.lock.json","80_VETF_Supportive_Sort\VETF_VIS_InstallHealthRegistry_VRN_v02143.json.freeze.lock.json","json","1","document/report","False","False","NexusCoreManaged","FOUND","LOW","1077","2026-06-08 20:10:16","A4CA864A4B9B79A67AA32D0EE81A817D4F2262FE6E7CC09199467F262ABE3D25","Do not call directly. Route through NexusCore.","Register and expose in matrix/report."
"VIA-SUP-0167","VETF_VIS_InstallHealthRegistry","VETF_VIS_InstallHealthRegistry.py","80_VETF_Supportive_Sort","L2_SSOT_Registry","Registry or canonical tool data","C:\Users\tonyk\Downloads\VeritasIntelligenceAnalytics\supportive modules\80_VETF_Supportive_Sort\VETF_VIS_InstallHealthRegistry.py","80_VETF_Supportive_Sort\VETF_VIS_InstallHealthRegistry.py","python","1","via_core_312","True","False","NexusCoreManaged","FOUND","LOW","5107","2026-05-26 16:35:46","6D68E22432FE7D1EBC72A6CE75036EA4D5041E97C1BF81BA43BC370180336942","Do not call directly. Route through NexusCore.","Wire to HardGate and EnvManager before execution."
"VIA-SUP-0168","VETF_VIS_InstallHealthRegistry.py.freeze.lock","VETF_VIS_InstallHealthRegistry.py.freeze.lock.json","80_VETF_Supportive_Sort","L2_SSOT_Registry","Registry or canonical tool data","C:\Users\tonyk\Downloads\VeritasIntelligenceAnalytics\supportive modules\80_VETF_Supportive_Sort\VETF_VIS_InstallHealthRegistry.py.freeze.lock.json","80_VETF_Supportive_Sort\VETF_VIS_InstallHealthRegistry.py.freeze.lock.json","json","1","document/report","False","False","NexusCoreManaged","FOUND","LOW","1088","2026-06-08 20:10:15","C956A345673E0073EDB941DAF78755CFDB0F644187EA450F6DC9F4381224EA4B","Do not call directly. Route through NexusCore.","Register and expose in matrix/report."
"VIA-SUP-0169","VETF_VIS_VRN_FinancialRescueRules_v06126","VETF_VIS_VRN_FinancialRescueRules_v06126.py","80_VETF_Supportive_Sort","L9_Supportive_Tool","Supportive utility","C:\Users\tonyk\Downloads\VeritasIntelligenceAnalytics\supportive modules\80_VETF_Supportive_Sort\VETF_VIS_VRN_FinancialRescueRules_v06126.py","80_VETF_Supportive_Sort\VETF_VIS_VRN_FinancialRescueRules_v06126.py","python","9","via_vrn_312","True","False","NexusCoreManaged","FOUND","LOW","9644","2026-05-26 16:35:46","72391B3885F303111A5725D4D8237ECB7AFCC4F4261DD5499CBF30BD40724EA9","Do not call directly. Route through NexusCore.","Wire to HardGate and EnvManager before execution."
"VIA-SUP-0170","VETF_VIS_VRN_FinancialRescueRules_v06126.py.freeze.lock","VETF_VIS_VRN_FinancialRescueRules_v06126.py.freeze.lock.json","80_VETF_Supportive_Sort","L9_Supportive_Tool","Supportive utility","C:\Users\tonyk\Downloads\VeritasIntelligenceAnalytics\supportive modules\80_VETF_Supportive_Sort\VETF_VIS_VRN_FinancialRescueRules_v06126.py.freeze.lock.json","80_VETF_Supportive_Sort\VETF_VIS_VRN_FinancialRescueRules_v06126.py.freeze.lock.json","json","9","document/report","False","False","NexusCoreManaged","FOUND","LOW","1128","2026-06-08 20:10:16","63D140A136EC7C239C5207F8C69BF06C68E5F6F98A55B6A5BD9D868DDFAE6D87","Do not call directly. Route through NexusCore.","Register and expose in matrix/report."
"VIA-SUP-0171","VETF_VIS_VRN_FinancialSSOT_v0608","VETF_VIS_VRN_FinancialSSOT_v0608.py","80_VETF_Supportive_Sort","L2_SSOT_Registry","Registry or canonical tool data","C:\Users\tonyk\Downloads\VeritasIntelligenceAnalytics\supportive modules\80_VETF_Supportive_Sort\VETF_VIS_VRN_FinancialSSOT_v0608.py","80_VETF_Supportive_Sort\VETF_VIS_VRN_FinancialSSOT_v0608.py","python","1","via_vrn_312","True","False","NexusCoreManaged","FOUND","LOW","17050","2026-05-26 16:35:47","6F57063354728310ED3D31C78A8BD9C4E979130F0382094915B5B9E360DF4126","Do not call directly. Route through NexusCore.","Wire to HardGate and EnvManager before execution."
"VIA-SUP-0172","VETF_VIS_VRN_FinancialSSOT_v0608.py.freeze.lock","VETF_VIS_VRN_FinancialSSOT_v0608.py.freeze.lock.json","80_VETF_Supportive_Sort","L2_SSOT_Registry","Registry or canonical tool data","C:\Users\tonyk\Downloads\VeritasIntelligenceAnalytics\supportive modules\80_VETF_Supportive_Sort\VETF_VIS_VRN_FinancialSSOT_v0608.py.freeze.lock.json","80_VETF_Supportive_Sort\VETF_VIS_VRN_FinancialSSOT_v0608.py.freeze.lock.json","json","1","document/report","False","False","NexusCoreManaged","FOUND","LOW","1095","2026-06-08 20:10:16","5E0A9BF4DE174ED5B3FD46707602B9001C2332BA9BD8306619DCAF2DA43342D9","Do not call directly. Route through NexusCore.","Register and expose in matrix/report."
"VIA-SUP-0173","VETF_VIS_VRN_HistoricalValidationPolicy_v0100","VETF_VIS_VRN_HistoricalValidationPolicy_v0100.py","80_VETF_Supportive_Sort","L9_Supportive_Tool","Supportive utility","C:\Users\tonyk\Downloads\VeritasIntelligenceAnalytics\supportive modules\80_VETF_Supportive_Sort\VETF_VIS_VRN_HistoricalValidationPolicy_v0100.py","80_VETF_Supportive_Sort\VETF_VIS_VRN_HistoricalValidationPolicy_v0100.py","python","9","via_vrn_312","True","False","NexusCoreManaged","FOUND","LOW","8849","2026-05-31 06:47:07","9A3D88F76AD637A3CCBDDC50FDFF8B8285C0976187C423C75FCF953776D5380D","Do not call directly. Route through NexusCore.","Wire to HardGate and EnvManager before execution."
"VIA-SUP-0174","VETF_VIS_VRN_HistoricalValidationPolicy_v0100.py.freeze.lock","VETF_VIS_VRN_HistoricalValidationPolicy_v0100.py.freeze.lock.json","80_VETF_Supportive_Sort","L9_Supportive_Tool","Supportive utility","C:\Users\tonyk\Downloads\VeritasIntelligenceAnalytics\supportive modules\80_VETF_Supportive_Sort\VETF_VIS_VRN_HistoricalValidationPolicy_v0100.py.freeze.lock.json","80_VETF_Supportive_Sort\VETF_VIS_VRN_HistoricalValidationPolicy_v0100.py.freeze.lock.json","json","9","document/report","False","False","NexusCoreManaged","FOUND","LOW","1149","2026-06-08 20:10:16","728B2675AFF70DDF1B0804DF564C7410C304176E9516D7822368356B6A738318","Do not call directly. Route through NexusCore.","Register and expose in matrix/report."
"VIA-SUP-0175","Invoke-VeritasNexusCore","Invoke-VeritasNexusCore.ps1","00_Root","L1_Control_Entry","Single approved entry for supportive modules","C:\Users\tonyk\Downloads\VeritasIntelligenceAnalytics\supportive modules\Invoke-VeritasNexusCore.ps1","Invoke-VeritasNexusCore.ps1","powershell","0","PowerShell 7","False","True","DirectAllowed","FOUND","LOW","29603","2026-06-10 19:37:29","D21ABE6308AFCAFC20C3F20ED8B28B089DC847C2E024B2CFAECCB84D09683FB2","Use this as the approved entry.","Register and expose in matrix/report."
"VIA-SUP-0176","Read_Me_VeritasNexusCore","Read_Me_VeritasNexusCore.md","00_Root","L0_SSOT_Documentation","Human and AI onboarding SSOT","C:\Users\tonyk\Downloads\VeritasIntelligenceAnalytics\supportive modules\Read_Me_VeritasNexusCore.md","Read_Me_VeritasNexusCore.md","markdown","0","document/report","False","False","NexusCoreManaged","FOUND","LOW","11108","2026-06-08 20:22:08","E17A9D1312F6B730094C4D868156681CF7B7D49C53FA1B2226AB5C859F6B79F2","Do not call directly. Route through NexusCore.","Register and expose in matrix/report."
