檔案,頁碼,表格,row_index,column,restored_trim,native_trim,plumber_trim,number_restored,number_native,status
CLST-6669 20251001(20261006-052156).pdf,5,CLST-P5-T1,3,0,Revenue,Revenue,Revenue,,,PASS
CLST-6669 20251001(20261006-052156).pdf,5,CLST-P5-T1,3,1,"192,626","192,626","192,626",192626.0,192626.0,PASS
CLST-6669 20251001(20261006-052156).pdf,5,CLST-P5-T1,3,2,"292,876","292,876","292,876",292876.0,292876.0,PASS
CLST-6669 20251001(20261006-052156).pdf,5,CLST-P5-T1,3,3,"241,901","241,901","241,901",241901.0,241901.0,PASS
CLST-6669 20251001(20261006-052156).pdf,5,CLST-P5-T1,3,4,"360,541","360,541","360,541",360541.0,360541.0,PASS
CLST-6669 20251001(20261006-052156).pdf,5,CLST-P5-T1,3,5,"879,897","879,897","879,897",879897.0,879897.0,PASS
CLST-6669 20251001(20261006-052156).pdf,5,CLST-P5-T1,3,6,"1,055,970","1,055,970","1,055,970",1055970.0,1055970.0,PASS
CLST-6669 20251001(20261006-052156).pdf,5,CLST-P5-T1,3,7,"1,231,038","1,231,038","1,231,038",1231038.0,1231038.0,PASS
CLST-6669 20251001(20261006-052156).pdf,5,CLST-P5-T1,4,0,Cogs(ex-D&A),Cogs(ex-D&A),Cogs(ex-D&A),,,PASS
CLST-6669 20251001(20261006-052156).pdf,5,CLST-P5-T1,4,1,"(176,457)","(176,457)","(176,457)",-176457.0,-176457.0,PASS
CLST-6669 20251001(20261006-052156).pdf,5,CLST-P5-T1,4,2,"(268,135)","(268,135)","(268,135)",-268135.0,-268135.0,PASS
CLST-6669 20251001(20261006-052156).pdf,5,CLST-P5-T1,4,3,"(218,242)","(218,242)","(218,242)",-218242.0,-218242.0,PASS
CLST-6669 20251001(20261006-052156).pdf,5,CLST-P5-T1,4,4,"(321,136)","(321,136)","(321,136)",-321136.0,-321136.0,PASS
CLST-6669 20251001(20261006-052156).pdf,5,CLST-P5-T1,4,5,"(803,773)","(803,773)","(803,773)",-803773.0,-803773.0,PASS
CLST-6669 20251001(20261006-052156).pdf,5,CLST-P5-T1,4,6,"(974,072)","(974,072)","(974,072)",-974072.0,-974072.0,PASS
CLST-6669 20251001(20261006-052156).pdf,5,CLST-P5-T1,4,7,"(1,140,610)","(1,140,610)","(1,140,610)",-1140610.0,-1140610.0,PASS
CLST-6669 20251001(20261006-052156).pdf,5,CLST-P5-T1,5,0,GrossProfit(ex-D&A),GrossProfit(ex-D&A),GrossProfit(ex-D&A),,,PASS
CLST-6669 20251001(20261006-052156).pdf,5,CLST-P5-T1,5,1,"16,169","16,169","16,169",16169.0,16169.0,PASS
CLST-6669 20251001(20261006-052156).pdf,5,CLST-P5-T1,5,2,"24,741","24,741","24,741",24741.0,24741.0,PASS
CLST-6669 20251001(20261006-052156).pdf,5,CLST-P5-T1,5,3,"23,659","23,659","23,659",23659.0,23659.0,PASS
CLST-6669 20251001(20261006-052156).pdf,5,CLST-P5-T1,5,4,"39,405","39,405","39,405",39405.0,39405.0,PASS
CLST-6669 20251001(20261006-052156).pdf,5,CLST-P5-T1,5,5,"76,124","76,124","76,124",76124.0,76124.0,PASS
CLST-6669 20251001(20261006-052156).pdf,5,CLST-P5-T1,5,6,"81,899","81,899","81,899",81899.0,81899.0,PASS
CLST-6669 20251001(20261006-052156).pdf,5,CLST-P5-T1,5,7,"90,428","90,428","90,428",90428.0,90428.0,PASS
CLST-6669 20251001(20261006-052156).pdf,5,CLST-P5-T1,6,0,Research&developmentcosts,Research&developmentcosts,Research&developmentcosts,,,PASS
CLST-6669 20251001(20261006-052156).pdf,5,CLST-P5-T1,6,1,"(2,459)","(2,459)","(2,459)",-2459.0,-2459.0,PASS
CLST-6669 20251001(20261006-052156).pdf,5,CLST-P5-T1,6,2,"(3,529)","(3,529)","(3,529)",-3529.0,-3529.0,PASS
CLST-6669 20251001(20261006-052156).pdf,5,CLST-P5-T1,6,3,"(4,019)","(4,019)","(4,019)",-4019.0,-4019.0,PASS
CLST-6669 20251001(20261006-052156).pdf,5,CLST-P5-T1,6,4,"(6,044)","(6,044)","(6,044)",-6044.0,-6044.0,PASS
CLST-6669 20251001(20261006-052156).pdf,5,CLST-P5-T1,6,5,"(8,508)","(8,508)","(8,508)",-8508.0,-8508.0,PASS
CLST-6669 20251001(20261006-052156).pdf,5,CLST-P5-T1,6,6,"(10,299)","(10,299)","(10,299)",-10299.0,-10299.0,PASS
CLST-6669 20251001(20261006-052156).pdf,5,CLST-P5-T1,6,7,"(12,003)","(12,003)","(12,003)",-12003.0,-12003.0,PASS
CLST-6669 20251001(20261006-052156).pdf,5,CLST-P5-T1,7,0,Selling&marketingexpenses,Selling&marketingexpenses,Selling&marketingexpenses,,,PASS
CLST-6669 20251001(20261006-052156).pdf,5,CLST-P5-T1,7,1,(937),(937),(937),-937.0,-937.0,PASS
CLST-6669 20251001(20261006-052156).pdf,5,CLST-P5-T1,7,2,"(1,306)","(1,306)","(1,306)",-1306.0,-1306.0,PASS
CLST-6669 20251001(20261006-052156).pdf,5,CLST-P5-T1,7,3,"(1,054)","(1,054)","(1,054)",-1054.0,-1054.0,PASS
CLST-6669 20251001(20261006-052156).pdf,5,CLST-P5-T1,7,4,"(1,270)","(1,270)","(1,270)",-1270.0,-1270.0,PASS
CLST-6669 20251001(20261006-052156).pdf,5,CLST-P5-T1,7,5,"(2,127)","(2,127)","(2,127)",-2127.0,-2127.0,PASS
CLST-6669 20251001(20261006-052156).pdf,5,CLST-P5-T1,7,6,"(2,377)","(2,377)","(2,377)",-2377.0,-2377.0,PASS
CLST-6669 20251001(20261006-052156).pdf,5,CLST-P5-T1,7,7,"(2,770)","(2,770)","(2,770)",-2770.0,-2770.0,PASS
CLST-6669 20251001(20261006-052156).pdf,5,CLST-P5-T1,8,0,OtherSG&A,OtherSG&A,OtherSG&A,,,PASS
CLST-6669 20251001(20261006-052156).pdf,5,CLST-P5-T1,8,1,(838),(838),(838),-838.0,-838.0,PASS
CLST-6669 20251001(20261006-052156).pdf,5,CLST-P5-T1,8,2,"(1,311)","(1,311)","(1,311)",-1311.0,-1311.0,PASS
CLST-6669 20251001(20261006-052156).pdf,5,CLST-P5-T1,8,3,"(1,714)","(1,714)","(1,714)",-1714.0,-1714.0,PASS
CLST-6669 20251001(20261006-052156).pdf,5,CLST-P5-T1,8,4,"(1,988)","(1,988)","(1,988)",-1988.0,-1988.0,PASS
CLST-6669 20251001(20261006-052156).pdf,5,CLST-P5-T1,8,5,"(3,094)","(3,094)","(3,094)",-3094.0,-3094.0,PASS
CLST-6669 20251001(20261006-052156).pdf,5,CLST-P5-T1,8,6,"(3,169)","(3,169)","(3,169)",-3169.0,-3169.0,PASS
CLST-6669 20251001(20261006-052156).pdf,5,CLST-P5-T1,8,7,"(3,693)","(3,693)","(3,693)",-3693.0,-3693.0,PASS
CLST-6669 20251001(20261006-052156).pdf,5,CLST-P5-T1,9,0,OtherOpExpensesex-D&A,OtherOpExpensesex-D&A,OtherOpExpensesex-D&A,,,PASS
CLST-6669 20251001(20261006-052156).pdf,5,CLST-P5-T1,9,1,0,0,0,0.0,0.0,PASS
CLST-6669 20251001(20261006-052156).pdf,5,CLST-P5-T1,9,2,-,-,-,,,PASS
CLST-6669 20251001(20261006-052156).pdf,5,CLST-P5-T1,9,3,-,-,-,,,PASS
CLST-6669 20251001(20261006-052156).pdf,5,CLST-P5-T1,9,4,-,-,-,,,PASS
CLST-6669 20251001(20261006-052156).pdf,5,CLST-P5-T1,9,5,-,-,-,,,PASS
CLST-6669 20251001(20261006-052156).pdf,5,CLST-P5-T1,9,6,-,-,-,,,PASS
CLST-6669 20251001(20261006-052156).pdf,5,CLST-P5-T1,9,7,-,-,-,,,PASS
CLST-6669 20251001(20261006-052156).pdf,5,CLST-P5-T1,10,0,OpEbitda,OpEbitda,OpEbitda,,,PASS
CLST-6669 20251001(20261006-052156).pdf,5,CLST-P5-T1,10,1,"11,935","11,935","11,935",11935.0,11935.0,PASS
CLST-6669 20251001(20261006-052156).pdf,5,CLST-P5-T1,10,2,"18,596","18,596","18,596",18596.0,18596.0,PASS
CLST-6669 20251001(20261006-052156).pdf,5,CLST-P5-T1,10,3,"16,873","16,873","16,873",16873.0,16873.0,PASS
CLST-6669 20251001(20261006-052156).pdf,5,CLST-P5-T1,10,4,"30,103","30,103","30,103",30103.0,30103.0,PASS
CLST-6669 20251001(20261006-052156).pdf,5,CLST-P5-T1,10,5,"62,395","62,395","62,395",62395.0,62395.0,PASS
CLST-6669 20251001(20261006-052156).pdf,5,CLST-P5-T1,10,6,"66,054","66,054","66,054",66054.0,66054.0,PASS
CLST-6669 20251001(20261006-052156).pdf,5,CLST-P5-T1,10,7,"71,963","71,963","71,963",71963.0,71963.0,PASS
CLST-6669 20251001(20261006-052156).pdf,5,CLST-P5-T1,11,0,Depreciation/amortisation,Depreciation/amortisation,Depreciation/amortisation,,,PASS
CLST-6669 20251001(20261006-052156).pdf,5,CLST-P5-T1,11,1,(548),(548),(548),-548.0,-548.0,PASS
CLST-6669 20251001(20261006-052156).pdf,5,CLST-P5-T1,11,2,(762),(762),(762),-762.0,-762.0,PASS
CLST-6669 20251001(20261006-052156).pdf,5,CLST-P5-T1,11,3,"(1,002)","(1,002)","(1,002)",-1002.0,-1002.0,PASS
CLST-6669 20251001(20261006-052156).pdf,5,CLST-P5-T1,11,4,"(2,005)","(2,005)","(2,005)",-2005.0,-2005.0,PASS
CLST-6669 20251001(20261006-052156).pdf,5,CLST-P5-T1,11,5,"(4,716)","(4,716)","(4,716)",-4716.0,-4716.0,PASS
CLST-6669 20251001(20261006-052156).pdf,5,CLST-P5-T1,11,6,"(2,407)","(2,407)","(2,407)",-2407.0,-2407.0,PASS
CLST-6669 20251001(20261006-052156).pdf,5,CLST-P5-T1,11,7,"(1,152)","(1,152)","(1,152)",-1152.0,-1152.0,PASS
CLST-6669 20251001(20261006-052156).pdf,5,CLST-P5-T1,12,0,OpEbit,OpEbit,OpEbit,,,PASS
CLST-6669 20251001(20261006-052156).pdf,5,CLST-P5-T1,12,1,"11,387","11,387","11,387",11387.0,11387.0,PASS
CLST-6669 20251001(20261006-052156).pdf,5,CLST-P5-T1,12,2,"17,834","17,834","17,834",17834.0,17834.0,PASS
CLST-6669 20251001(20261006-052156).pdf,5,CLST-P5-T1,12,3,"15,871","15,871","15,871",15871.0,15871.0,PASS
CLST-6669 20251001(20261006-052156).pdf,5,CLST-P5-T1,12,4,"28,099","28,099","28,099",28099.0,28099.0,PASS
CLST-6669 20251001(20261006-052156).pdf,5,CLST-P5-T1,12,5,"57,678","57,678","57,678",57678.0,57678.0,PASS
CLST-6669 20251001(20261006-052156).pdf,5,CLST-P5-T1,12,6,"63,647","63,647","63,647",63647.0,63647.0,PASS
CLST-6669 20251001(20261006-052156).pdf,5,CLST-P5-T1,12,7,"70,811","70,811","70,811",70811.0,70811.0,PASS
CLST-6669 20251001(20261006-052156).pdf,5,CLST-P5-T1,13,0,Interestincome,Interestincome,Interestincome,,,PASS
CLST-6669 20251001(20261006-052156).pdf,5,CLST-P5-T1,13,1,62,62,62,62.0,62.0,PASS
CLST-6669 20251001(20261006-052156).pdf,5,CLST-P5-T1,13,2,156,156,156,156.0,156.0,PASS
CLST-6669 20251001(20261006-052156).pdf,5,CLST-P5-T1,13,3,456,456,456,456.0,456.0,PASS
CLST-6669 20251001(20261006-052156).pdf,5,CLST-P5-T1,13,4,"1,219","1,219","1,219",1219.0,1219.0,PASS
CLST-6669 20251001(20261006-052156).pdf,5,CLST-P5-T1,13,5,"1,149","1,149","1,149",1149.0,1149.0,PASS
CLST-6669 20251001(20261006-052156).pdf,5,CLST-P5-T1,13,6,"1,190","1,190","1,190",1190.0,1190.0,PASS
CLST-6669 20251001(20261006-052156).pdf,5,CLST-P5-T1,13,7,"1,197","1,197","1,197",1197.0,1197.0,PASS
CLST-6669 20251001(20261006-052156).pdf,5,CLST-P5-T1,14,0,Interestexpense,Interestexpense,Interestexpense,,,PASS
CLST-6669 20251001(20261006-052156).pdf,5,CLST-P5-T1,14,1,(356),(356),(356),-356.0,-356.0,PASS
CLST-6669 20251001(20261006-052156).pdf,5,CLST-P5-T1,14,2,(882),(882),(882),-882.0,-882.0,PASS
CLST-6669 20251001(20261006-052156).pdf,5,CLST-P5-T1,14,3,(953),(953),(953),-953.0,-953.0,PASS
CLST-6669 20251001(20261006-052156).pdf,5,CLST-P5-T1,14,4,"(1,242)","(1,242)","(1,242)",-1242.0,-1242.0,PASS
CLST-6669 20251001(20261006-052156).pdf,5,CLST-P5-T1,14,5,"(2,309)","(2,309)","(2,309)",-2309.0,-2309.0,PASS
CLST-6669 20251001(20261006-052156).pdf,5,CLST-P5-T1,14,6,"(2,190)","(2,190)","(2,190)",-2190.0,-2190.0,PASS
CLST-6669 20251001(20261006-052156).pdf,5,CLST-P5-T1,14,7,"(2,167)","(2,167)","(2,167)",-2167.0,-2167.0,PASS
CLST-6669 20251001(20261006-052156).pdf,5,CLST-P5-T1,15,0,Netinterestinc/(exp),Netinterestinc/(exp),Netinterestinc/(exp),,,PASS
CLST-6669 20251001(20261006-052156).pdf,5,CLST-P5-T1,15,1,(295),(295),(295),-295.0,-295.0,PASS
CLST-6669 20251001(20261006-052156).pdf,5,CLST-P5-T1,15,2,(726),(726),(726),-726.0,-726.0,PASS
CLST-6669 20251001(20261006-052156).pdf,5,CLST-P5-T1,15,3,(498),(498),(498),-498.0,-498.0,PASS
CLST-6669 20251001(20261006-052156).pdf,5,CLST-P5-T1,15,4,(23),(23),(23),-23.0,-23.0,PASS
CLST-6669 20251001(20261006-052156).pdf,5,CLST-P5-T1,15,5,"(1,160)","(1,160)","(1,160)",-1160.0,-1160.0,PASS
CLST-6669 20251001(20261006-052156).pdf,5,CLST-P5-T1,15,6,"(1,001)","(1,001)","(1,001)",-1001.0,-1001.0,PASS
CLST-6669 20251001(20261006-052156).pdf,5,CLST-P5-T1,15,7,(970),(970),(970),-970.0,-970.0,PASS
CLST-6669 20251001(20261006-052156).pdf,5,CLST-P5-T1,16,0,Associates/investments,Associates/investments,Associates/investments,,,PASS
CLST-6669 20251001(20261006-052156).pdf,5,CLST-P5-T1,16,1,11,11,11,11.0,11.0,PASS
CLST-6669 20251001(20261006-052156).pdf,5,CLST-P5-T1,16,2,(169),(169),(169),-169.0,-169.0,PASS
CLST-6669 20251001(20261006-052156).pdf,5,CLST-P5-T1,16,3,(18),(18),(18),-18.0,-18.0,PASS
CLST-6669 20251001(20261006-052156).pdf,5,CLST-P5-T1,16,4,(46),(46),(46),-46.0,-46.0,PASS
CLST-6669 20251001(20261006-052156).pdf,5,CLST-P5-T1,16,5,152,152,152,152.0,152.0,PASS
CLST-6669 20251001(20261006-052156).pdf,5,CLST-P5-T1,16,6,0,0,0,0.0,0.0,PASS
CLST-6669 20251001(20261006-052156).pdf,5,CLST-P5-T1,16,7,0,0,0,0.0,0.0,PASS
CLST-6669 20251001(20261006-052156).pdf,5,CLST-P5-T1,17,0,Forex/otherincome,Forex/otherincome,Forex/otherincome,,,PASS
CLST-6669 20251001(20261006-052156).pdf,5,CLST-P5-T1,17,1,(111),(111),(111),-111.0,-111.0,PASS
CLST-6669 20251001(20261006-052156).pdf,5,CLST-P5-T1,17,2,931,931,931,931.0,931.0,PASS
CLST-6669 20251001(20261006-052156).pdf,5,CLST-P5-T1,17,3,59,59,59,59.0,59.0,PASS
CLST-6669 20251001(20261006-052156).pdf,5,CLST-P5-T1,17,4,693,693,693,693.0,693.0,PASS
CLST-6669 20251001(20261006-052156).pdf,5,CLST-P5-T1,17,5,"1,117","1,117","1,117",1117.0,1117.0,PASS
CLST-6669 20251001(20261006-052156).pdf,5,CLST-P5-T1,17,6,63,63,63,63.0,63.0,PASS
CLST-6669 20251001(20261006-052156).pdf,5,CLST-P5-T1,17,7,125,125,125,125.0,125.0,PASS
CLST-6669 20251001(20261006-052156).pdf,5,CLST-P5-T1,18,0,Assetsales/othercashitems,Assetsales/othercashitems,Assetsales/othercashitems,,,PASS
CLST-6669 20251001(20261006-052156).pdf,5,CLST-P5-T1,18,1,-,-,-,,,PASS
CLST-6669 20251001(20261006-052156).pdf,5,CLST-P5-T1,18,2,-,-,-,,,PASS
CLST-6669 20251001(20261006-052156).pdf,5,CLST-P5-T1,18,3,-,-,-,,,PASS
CLST-6669 20251001(20261006-052156).pdf,5,CLST-P5-T1,18,4,-,-,-,,,PASS
CLST-6669 20251001(20261006-052156).pdf,5,CLST-P5-T1,18,5,-,-,-,,,PASS
CLST-6669 20251001(20261006-052156).pdf,5,CLST-P5-T1,18,6,-,-,-,,,PASS
CLST-6669 20251001(20261006-052156).pdf,5,CLST-P5-T1,18,7,-,-,-,,,PASS
CLST-6669 20251001(20261006-052156).pdf,5,CLST-P5-T1,19,0,Provisions/othernon-cashitems,Provisions/othernon-cashitems,Provisions/othernon-cashitems,,,PASS
CLST-6669 20251001(20261006-052156).pdf,5,CLST-P5-T1,19,1,11,11,11,11.0,11.0,PASS
CLST-6669 20251001(20261006-052156).pdf,5,CLST-P5-T1,19,2,27,27,27,27.0,27.0,PASS
CLST-6669 20251001(20261006-052156).pdf,5,CLST-P5-T1,19,3,30,30,30,30.0,30.0,PASS
CLST-6669 20251001(20261006-052156).pdf,5,CLST-P5-T1,19,4,108,108,108,108.0,108.0,PASS
CLST-6669 20251001(20261006-052156).pdf,5,CLST-P5-T1,19,5,114,114,114,114.0,114.0,PASS
CLST-6669 20251001(20261006-052156).pdf,5,CLST-P5-T1,19,6,320,320,320,320.0,320.0,PASS
CLST-6669 20251001(20261006-052156).pdf,5,CLST-P5-T1,19,7,320,320,320,320.0,320.0,PASS
CLST-6669 20251001(20261006-052156).pdf,5,CLST-P5-T1,20,0,Assetrevaluation/Exceptionalitems,Assetrevaluation/Exceptionalitems,Assetrevaluation/Exceptionalitems,,,PASS
CLST-6669 20251001(20261006-052156).pdf,5,CLST-P5-T1,20,1,-,-,-,,,PASS
CLST-6669 20251001(20261006-052156).pdf,5,CLST-P5-T1,20,2,-,-,-,,,PASS
CLST-6669 20251001(20261006-052156).pdf,5,CLST-P5-T1,20,3,-,-,-,,,PASS
CLST-6669 20251001(20261006-052156).pdf,5,CLST-P5-T1,20,4,-,-,-,,,PASS
CLST-6669 20251001(20261006-052156).pdf,5,CLST-P5-T1,20,5,-,-,-,,,PASS
CLST-6669 20251001(20261006-052156).pdf,5,CLST-P5-T1,20,6,-,-,-,,,PASS
CLST-6669 20251001(20261006-052156).pdf,5,CLST-P5-T1,20,7,-,-,-,,,PASS
CLST-6669 20251001(20261006-052156).pdf,5,CLST-P5-T1,21,0,Profitbeforetax,Profitbeforetax,Profitbeforetax,,,PASS
CLST-6669 20251001(20261006-052156).pdf,5,CLST-P5-T1,21,1,"11,003","11,003","11,003",11003.0,11003.0,PASS
CLST-6669 20251001(20261006-052156).pdf,5,CLST-P5-T1,21,2,"17,897","17,897","17,897",17897.0,17897.0,PASS
CLST-6669 20251001(20261006-052156).pdf,5,CLST-P5-T1,21,3,"15,444","15,444","15,444",15444.0,15444.0,PASS
CLST-6669 20251001(20261006-052156).pdf,5,CLST-P5-T1,21,4,"28,830","28,830","28,830",28830.0,28830.0,PASS
CLST-6669 20251001(20261006-052156).pdf,5,CLST-P5-T1,21,5,"57,902","57,902","57,902",57902.0,57902.0,PASS
CLST-6669 20251001(20261006-052156).pdf,5,CLST-P5-T1,21,6,"63,029","63,029","63,029",63029.0,63029.0,PASS
CLST-6669 20251001(20261006-052156).pdf,5,CLST-P5-T1,21,7,"70,286","70,286","70,286",70286.0,70286.0,PASS
CLST-6669 20251001(20261006-052156).pdf,5,CLST-P5-T1,22,0,Taxation,Taxation,Taxation,,,PASS
CLST-6669 20251001(20261006-052156).pdf,5,CLST-P5-T1,22,1,"(2,348)","(2,348)","(2,348)",-2348.0,-2348.0,PASS
CLST-6669 20251001(20261006-052156).pdf,5,CLST-P5-T1,22,2,"(3,723)","(3,723)","(3,723)",-3723.0,-3723.0,PASS
CLST-6669 20251001(20261006-052156).pdf,5,CLST-P5-T1,22,3,"(3,400)","(3,400)","(3,400)",-3400.0,-3400.0,PASS
CLST-6669 20251001(20261006-052156).pdf,5,CLST-P5-T1,22,4,"(6,054)","(6,054)","(6,054)",-6054.0,-6054.0,PASS
CLST-6669 20251001(20261006-052156).pdf,5,CLST-P5-T1,22,5,"(12,586)","(12,586)","(12,586)",-12586.0,-12586.0,PASS
CLST-6669 20251001(20261006-052156).pdf,5,CLST-P5-T1,22,6,"(13,299)","(13,299)","(13,299)",-13299.0,-13299.0,PASS
CLST-6669 20251001(20261006-052156).pdf,5,CLST-P5-T1,22,7,"(14,830)","(14,830)","(14,830)",-14830.0,-14830.0,PASS
CLST-6669 20251001(20261006-052156).pdf,5,CLST-P5-T1,23,0,Profitaftertax,Profitaftertax,Profitaftertax,,,PASS
CLST-6669 20251001(20261006-052156).pdf,5,CLST-P5-T1,23,1,"8,655","8,655","8,655",8655.0,8655.0,PASS
CLST-6669 20251001(20261006-052156).pdf,5,CLST-P5-T1,23,2,"14,175","14,175","14,175",14175.0,14175.0,PASS
CLST-6669 20251001(20261006-052156).pdf,5,CLST-P5-T1,23,3,"12,044","12,044","12,044",12044.0,12044.0,PASS
CLST-6669 20251001(20261006-052156).pdf,5,CLST-P5-T1,23,4,"22,776","22,776","22,776",22776.0,22776.0,PASS
CLST-6669 20251001(20261006-052156).pdf,5,CLST-P5-T1,23,5,"45,316","45,316","45,316",45316.0,45316.0,PASS
CLST-6669 20251001(20261006-052156).pdf,5,CLST-P5-T1,23,6,"49,730","49,730","49,730",49730.0,49730.0,PASS
CLST-6669 20251001(20261006-052156).pdf,5,CLST-P5-T1,23,7,"55,456","55,456","55,456",55456.0,55456.0,PASS
CLST-6669 20251001(20261006-052156).pdf,5,CLST-P5-T1,24,0,Preferencedividends,Preferencedividends,Preferencedividends,,,PASS
CLST-6669 20251001(20261006-052156).pdf,5,CLST-P5-T1,24,1,-,-,-,,,PASS
CLST-6669 20251001(20261006-052156).pdf,5,CLST-P5-T1,24,2,-,-,-,,,PASS
CLST-6669 20251001(20261006-052156).pdf,5,CLST-P5-T1,24,3,-,-,-,,,PASS
CLST-6669 20251001(20261006-052156).pdf,5,CLST-P5-T1,24,4,-,-,-,,,PASS
CLST-6669 20251001(20261006-052156).pdf,5,CLST-P5-T1,24,5,-,-,-,,,PASS
CLST-6669 20251001(20261006-052156).pdf,5,CLST-P5-T1,24,6,-,-,-,,,PASS
CLST-6669 20251001(20261006-052156).pdf,5,CLST-P5-T1,24,7,-,-,-,,,PASS
CLST-6669 20251001(20261006-052156).pdf,5,CLST-P5-T1,25,0,Profitforperiod,Profitforperiod,Profitforperiod,,,PASS
CLST-6669 20251001(20261006-052156).pdf,5,CLST-P5-T1,25,1,"8,655","8,655","8,655",8655.0,8655.0,PASS
CLST-6669 20251001(20261006-052156).pdf,5,CLST-P5-T1,25,2,"14,175","14,175","14,175",14175.0,14175.0,PASS
CLST-6669 20251001(20261006-052156).pdf,5,CLST-P5-T1,25,3,"12,044","12,044","12,044",12044.0,12044.0,PASS
CLST-6669 20251001(20261006-052156).pdf,5,CLST-P5-T1,25,4,"22,776","22,776","22,776",22776.0,22776.0,PASS
CLST-6669 20251001(20261006-052156).pdf,5,CLST-P5-T1,25,5,"45,316","45,316","45,316",45316.0,45316.0,PASS
CLST-6669 20251001(20261006-052156).pdf,5,CLST-P5-T1,25,6,"49,730","49,730","49,730",49730.0,49730.0,PASS
CLST-6669 20251001(20261006-052156).pdf,5,CLST-P5-T1,25,7,"55,456","55,456","55,456",55456.0,55456.0,PASS
CLST-6669 20251001(20261006-052156).pdf,5,CLST-P5-T1,26,0,Minorityinterest,Minorityinterest,Minorityinterest,,,PASS
CLST-6669 20251001(20261006-052156).pdf,5,CLST-P5-T1,26,1,0,0,0,0.0,0.0,PASS
CLST-6669 20251001(20261006-052156).pdf,5,CLST-P5-T1,26,2,0,0,0,0.0,0.0,PASS
CLST-6669 20251001(20261006-052156).pdf,5,CLST-P5-T1,26,3,0,0,0,0.0,0.0,PASS
CLST-6669 20251001(20261006-052156).pdf,5,CLST-P5-T1,26,4,0,0,0,0.0,0.0,PASS
CLST-6669 20251001(20261006-052156).pdf,5,CLST-P5-T1,26,5,0,0,0,0.0,0.0,PASS
CLST-6669 20251001(20261006-052156).pdf,5,CLST-P5-T1,26,6,0,0,0,0.0,0.0,PASS
CLST-6669 20251001(20261006-052156).pdf,5,CLST-P5-T1,26,7,0,0,0,0.0,0.0,PASS
CLST-6669 20251001(20261006-052156).pdf,5,CLST-P5-T1,27,0,Netprofit,Netprofit,Netprofit,,,PASS
CLST-6669 20251001(20261006-052156).pdf,5,CLST-P5-T1,27,1,"8,655","8,655","8,655",8655.0,8655.0,PASS
CLST-6669 20251001(20261006-052156).pdf,5,CLST-P5-T1,27,2,"14,175","14,175","14,175",14175.0,14175.0,PASS
CLST-6669 20251001(20261006-052156).pdf,5,CLST-P5-T1,27,3,"12,044","12,044","12,044",12044.0,12044.0,PASS
CLST-6669 20251001(20261006-052156).pdf,5,CLST-P5-T1,27,4,"22,776","22,776","22,776",22776.0,22776.0,PASS
CLST-6669 20251001(20261006-052156).pdf,5,CLST-P5-T1,27,5,"45,316","45,316","45,316",45316.0,45316.0,PASS
CLST-6669 20251001(20261006-052156).pdf,5,CLST-P5-T1,27,6,"49,730","49,730","49,730",49730.0,49730.0,PASS
CLST-6669 20251001(20261006-052156).pdf,5,CLST-P5-T1,27,7,"55,456","55,456","55,456",55456.0,55456.0,PASS
CLST-6669 20251001(20261006-052156).pdf,5,CLST-P5-T1,28,0,Extraordinaries/others,Extraordinaries/others,Extraordinaries/others,,,PASS
CLST-6669 20251001(20261006-052156).pdf,5,CLST-P5-T1,28,1,0,0,0,0.0,0.0,PASS
CLST-6669 20251001(20261006-052156).pdf,5,CLST-P5-T1,28,2,0,0,0,0.0,0.0,PASS
CLST-6669 20251001(20261006-052156).pdf,5,CLST-P5-T1,28,3,0,0,0,0.0,0.0,PASS
CLST-6669 20251001(20261006-052156).pdf,5,CLST-P5-T1,28,4,0,0,0,0.0,0.0,PASS
CLST-6669 20251001(20261006-052156).pdf,5,CLST-P5-T1,28,5,0,0,0,0.0,0.0,PASS
CLST-6669 20251001(20261006-052156).pdf,5,CLST-P5-T1,28,6,0,0,0,0.0,0.0,PASS
CLST-6669 20251001(20261006-052156).pdf,5,CLST-P5-T1,28,7,0,0,0,0.0,0.0,PASS
CLST-6669 20251001(20261006-052156).pdf,5,CLST-P5-T1,29,0,Profitavailtoordinaryshares,Profitavailtoordinaryshares,Profitavailtoordinaryshares,,,PASS
CLST-6669 20251001(20261006-052156).pdf,5,CLST-P5-T1,29,1,"8,655","8,655","8,655",8655.0,8655.0,PASS
CLST-6669 20251001(20261006-052156).pdf,5,CLST-P5-T1,29,2,"14,175","14,175","14,175",14175.0,14175.0,PASS
CLST-6669 20251001(20261006-052156).pdf,5,CLST-P5-T1,29,3,"12,044","12,044","12,044",12044.0,12044.0,PASS
CLST-6669 20251001(20261006-052156).pdf,5,CLST-P5-T1,29,4,"22,776","22,776","22,776",22776.0,22776.0,PASS
CLST-6669 20251001(20261006-052156).pdf,5,CLST-P5-T1,29,5,"45,316","45,316","45,316",45316.0,45316.0,PASS
CLST-6669 20251001(20261006-052156).pdf,5,CLST-P5-T1,29,6,"49,730","49,730","49,730",49730.0,49730.0,PASS
CLST-6669 20251001(20261006-052156).pdf,5,CLST-P5-T1,29,7,"55,456","55,456","55,456",55456.0,55456.0,PASS
CLST-6669 20251001(20261006-052156).pdf,5,CLST-P5-T1,30,0,Dividends,Dividends,Dividends,,,PASS
CLST-6669 20251001(20261006-052156).pdf,5,CLST-P5-T1,30,1,"(5,595)","(5,595)","(5,595)",-5595.0,-5595.0,PASS
CLST-6669 20251001(20261006-052156).pdf,5,CLST-P5-T1,30,2,"(4,371)","(4,371)","(4,371)",-4371.0,-4371.0,PASS
CLST-6669 20251001(20261006-052156).pdf,5,CLST-P5-T1,30,3,"(8,742)","(8,742)","(8,742)",-8742.0,-8742.0,PASS
CLST-6669 20251001(20261006-052156).pdf,5,CLST-P5-T1,30,4,"(7,343)","(7,343)","(7,343)",-7343.0,-7343.0,PASS
CLST-6669 20251001(20261006-052156).pdf,5,CLST-P5-T1,30,5,"(13,316)","(13,316)","(13,316)",-13316.0,-13316.0,PASS
CLST-6669 20251001(20261006-052156).pdf,5,CLST-P5-T1,30,6,"(26,283)","(26,283)","(26,283)",-26283.0,-26283.0,PASS
CLST-6669 20251001(20261006-052156).pdf,5,CLST-P5-T1,30,7,"(28,843)","(28,843)","(28,843)",-28843.0,-28843.0,PASS
CLST-6669 20251001(20261006-052156).pdf,5,CLST-P5-T1,31,0,Retainedprofit,Retainedprofit,Retainedprofit,,,PASS
CLST-6669 20251001(20261006-052156).pdf,5,CLST-P5-T1,31,1,"3,060","3,060","3,060",3060.0,3060.0,PASS
CLST-6669 20251001(20261006-052156).pdf,5,CLST-P5-T1,31,2,"9,804","9,804","9,804",9804.0,9804.0,PASS
CLST-6669 20251001(20261006-052156).pdf,5,CLST-P5-T1,31,3,"3,302","3,302","3,302",3302.0,3302.0,PASS
CLST-6669 20251001(20261006-052156).pdf,5,CLST-P5-T1,31,4,"15,433","15,433","15,433",15433.0,15433.0,PASS
CLST-6669 20251001(20261006-052156).pdf,5,CLST-P5-T1,31,5,"32,000","32,000","32,000",32000.0,32000.0,PASS
CLST-6669 20251001(20261006-052156).pdf,5,CLST-P5-T1,31,6,"23,447","23,447","23,447",23447.0,23447.0,PASS
CLST-6669 20251001(20261006-052156).pdf,5,CLST-P5-T1,31,7,"26,612","26,612","26,612",26612.0,26612.0,PASS
CLST-6669 20251001(20261006-052156).pdf,5,CLST-P5-T1,32,0,Adjustedprofit,Adjustedprofit,Adjustedprofit,,,PASS
CLST-6669 20251001(20261006-052156).pdf,5,CLST-P5-T1,32,1,"8,655","8,655","8,655",8655.0,8655.0,PASS
CLST-6669 20251001(20261006-052156).pdf,5,CLST-P5-T1,32,2,"14,175","14,175","14,175",14175.0,14175.0,PASS
CLST-6669 20251001(20261006-052156).pdf,5,CLST-P5-T1,32,3,"12,044","12,044","12,044",12044.0,12044.0,PASS
CLST-6669 20251001(20261006-052156).pdf,5,CLST-P5-T1,32,4,"22,776","22,776","22,776",22776.0,22776.0,PASS
CLST-6669 20251001(20261006-052156).pdf,5,CLST-P5-T1,32,5,"45,316","45,316","45,316",45316.0,45316.0,PASS
CLST-6669 20251001(20261006-052156).pdf,5,CLST-P5-T1,32,6,"49,730","49,730","49,730",49730.0,49730.0,PASS
CLST-6669 20251001(20261006-052156).pdf,5,CLST-P5-T1,32,7,"55,456","55,456","55,456",55456.0,55456.0,PASS
CLST-6669 20251001(20261006-052156).pdf,5,CLST-P5-T1,33,0,EPS(NT$),EPS(NT$),EPS(NT$),,,PASS
CLST-6669 20251001(20261006-052156).pdf,5,CLST-P5-T1,33,1,49.5,49.5,49.5,49.5,49.5,PASS
CLST-6669 20251001(20261006-052156).pdf,5,CLST-P5-T1,33,2,81.1,81.1,81.1,81.1,81.1,PASS
CLST-6669 20251001(20261006-052156).pdf,5,CLST-P5-T1,33,3,68.9,68.9,68.9,68.9,68.9,PASS
CLST-6669 20251001(20261006-052156).pdf,5,CLST-P5-T1,33,4,126.6,126.6,126.6,126.6,126.6,PASS
CLST-6669 20251001(20261006-052156).pdf,5,CLST-P5-T1,33,5,235.6,235.6,235.6,235.6,235.6,PASS
CLST-6669 20251001(20261006-052156).pdf,5,CLST-P5-T1,33,6,258.5,258.5,258.5,258.5,258.5,PASS
CLST-6669 20251001(20261006-052156).pdf,5,CLST-P5-T1,33,7,288.3,288.3,288.3,288.3,288.3,PASS
CLST-6669 20251001(20261006-052156).pdf,5,CLST-P5-T1,34,0,AdjEPS[preexcep](NT$),AdjEPS[preexcep](NT$),AdjEPS[preexcep](NT$),,,PASS
CLST-6669 20251001(20261006-052156).pdf,5,CLST-P5-T1,34,1,49.5,49.5,49.5,49.5,49.5,PASS
CLST-6669 20251001(20261006-052156).pdf,5,CLST-P5-T1,34,2,81.1,81.1,81.1,81.1,81.1,PASS
CLST-6669 20251001(20261006-052156).pdf,5,CLST-P5-T1,34,3,68.9,68.9,68.9,68.9,68.9,PASS
CLST-6669 20251001(20261006-052156).pdf,5,CLST-P5-T1,34,4,126.6,126.6,126.6,126.6,126.6,PASS
CLST-6669 20251001(20261006-052156).pdf,5,CLST-P5-T1,34,5,235.6,235.6,235.6,235.6,235.6,PASS
CLST-6669 20251001(20261006-052156).pdf,5,CLST-P5-T1,34,6,258.5,258.5,258.5,258.5,258.5,PASS
CLST-6669 20251001(20261006-052156).pdf,5,CLST-P5-T1,34,7,288.3,288.3,288.3,288.3,288.3,PASS
CLST-6669 20251001(20261006-052156).pdf,5,CLST-P5-T1,35,0,CoreEPS(NT$),CoreEPS(NT$),CoreEPS(NT$),,,PASS
CLST-6669 20251001(20261006-052156).pdf,5,CLST-P5-T1,35,1,49.5,49.5,49.5,49.5,49.5,PASS
CLST-6669 20251001(20261006-052156).pdf,5,CLST-P5-T1,35,2,81.1,81.1,81.1,81.1,81.1,PASS
CLST-6669 20251001(20261006-052156).pdf,5,CLST-P5-T1,35,3,68.9,68.9,68.9,68.9,68.9,PASS
CLST-6669 20251001(20261006-052156).pdf,5,CLST-P5-T1,35,4,126.6,126.6,126.6,126.6,126.6,PASS
CLST-6669 20251001(20261006-052156).pdf,5,CLST-P5-T1,35,5,235.6,235.6,235.6,235.6,235.6,PASS
CLST-6669 20251001(20261006-052156).pdf,5,CLST-P5-T1,35,6,258.5,258.5,258.5,258.5,258.5,PASS
CLST-6669 20251001(20261006-052156).pdf,5,CLST-P5-T1,35,7,288.3,288.3,288.3,288.3,288.3,PASS
CLST-6669 20251001(20261006-052156).pdf,5,CLST-P5-T1,36,0,DPS(NT$),DPS(NT$),DPS(NT$),,,PASS
CLST-6669 20251001(20261006-052156).pdf,5,CLST-P5-T1,36,1,25.0,25.0,25.0,25.0,25.0,PASS
CLST-6669 20251001(20261006-052156).pdf,5,CLST-P5-T1,36,2,50.0,50.0,50.0,50.0,50.0,PASS
CLST-6669 20251001(20261006-052156).pdf,5,CLST-P5-T1,36,3,42.0,42.0,42.0,42.0,42.0,PASS
CLST-6669 20251001(20261006-052156).pdf,5,CLST-P5-T1,36,4,74.0,74.0,74.0,74.0,74.0,PASS
CLST-6669 20251001(20261006-052156).pdf,5,CLST-P5-T1,36,5,136.6,136.6,136.6,136.6,136.6,PASS
CLST-6669 20251001(20261006-052156).pdf,5,CLST-P5-T1,36,6,149.9,149.9,149.9,149.9,149.9,PASS
CLST-6669 20251001(20261006-052156).pdf,5,CLST-P5-T1,36,7,167.2,167.2,167.2,167.2,167.2,PASS
CLST-6669 20251001(20261006-052156).pdf,5,CLST-P5-T2,3,0,Growth(%),Growth(%),Growth(%),,,PASS
CLST-6669 20251001(20261006-052156).pdf,5,CLST-P5-T2,3,1,,,,,,PASS
CLST-6669 20251001(20261006-052156).pdf,5,CLST-P5-T2,3,2,,,,,,PASS
CLST-6669 20251001(20261006-052156).pdf,5,CLST-P5-T2,3,3,,,,,,PASS
CLST-6669 20251001(20261006-052156).pdf,5,CLST-P5-T2,3,4,,,,,,PASS
CLST-6669 20251001(20261006-052156).pdf,5,CLST-P5-T2,3,5,,,,,,PASS
CLST-6669 20251001(20261006-052156).pdf,5,CLST-P5-T2,3,6,,,,,,PASS
CLST-6669 20251001(20261006-052156).pdf,5,CLST-P5-T2,3,7,,,,,,PASS
CLST-6669 20251001(20261006-052156).pdf,5,CLST-P5-T2,4,0,Revenuegrowth(%YoY),Revenuegrowth(%YoY),Revenuegrowth(%YoY),,,PASS
CLST-6669 20251001(20261006-052156).pdf,5,CLST-P5-T2,4,1,3.0,3.0,3.0,3.0,3.0,PASS
CLST-6669 20251001(20261006-052156).pdf,5,CLST-P5-T2,4,2,52.0,52.0,52.0,52.0,52.0,PASS
CLST-6669 20251001(20261006-052156).pdf,5,CLST-P5-T2,4,3,(17.4),(17.4),(17.4),-17.4,-17.4,PASS
CLST-6669 20251001(20261006-052156).pdf,5,CLST-P5-T2,4,4,49.0,49.0,49.0,49.0,49.0,PASS
CLST-6669 20251001(20261006-052156).pdf,5,CLST-P5-T2,4,5,144.0,144.0,144.0,144.0,144.0,PASS
CLST-6669 20251001(20261006-052156).pdf,5,CLST-P5-T2,4,6,20.0,20.0,20.0,20.0,20.0,PASS
CLST-6669 20251001(20261006-052156).pdf,5,CLST-P5-T2,4,7,16.6,16.6,16.6,16.6,16.6,PASS
CLST-6669 20251001(20261006-052156).pdf,5,CLST-P5-T2,5,0,Ebitdagrowth(%YoY),Ebitdagrowth(%YoY),Ebitdagrowth(%YoY),,,PASS
CLST-6669 20251001(20261006-052156).pdf,5,CLST-P5-T2,5,1,2.6,2.6,2.6,2.6,2.6,PASS
CLST-6669 20251001(20261006-052156).pdf,5,CLST-P5-T2,5,2,55.8,55.8,55.8,55.8,55.8,PASS
CLST-6669 20251001(20261006-052156).pdf,5,CLST-P5-T2,5,3,(9.3),(9.3),(9.3),-9.3,-9.3,PASS
CLST-6669 20251001(20261006-052156).pdf,5,CLST-P5-T2,5,4,78.4,78.4,78.4,78.4,78.4,PASS
CLST-6669 20251001(20261006-052156).pdf,5,CLST-P5-T2,5,5,107.3,107.3,107.3,107.3,107.3,PASS
CLST-6669 20251001(20261006-052156).pdf,5,CLST-P5-T2,5,6,5.9,5.9,5.9,5.9,5.9,PASS
CLST-6669 20251001(20261006-052156).pdf,5,CLST-P5-T2,5,7,8.9,8.9,8.9,8.9,8.9,PASS
CLST-6669 20251001(20261006-052156).pdf,5,CLST-P5-T2,6,0,Ebitgrowth(%YoY),Ebitgrowth(%YoY),Ebitgrowth(%YoY),,,PASS
CLST-6669 20251001(20261006-052156).pdf,5,CLST-P5-T2,6,1,1.3,1.3,1.3,1.3,1.3,PASS
CLST-6669 20251001(20261006-052156).pdf,5,CLST-P5-T2,6,2,56.6,56.6,56.6,56.6,56.6,PASS
CLST-6669 20251001(20261006-052156).pdf,5,CLST-P5-T2,6,3,(11.0),(11.0),(11.0),-11.0,-11.0,PASS
CLST-6669 20251001(20261006-052156).pdf,5,CLST-P5-T2,6,4,77.1,77.1,77.1,77.1,77.1,PASS
CLST-6669 20251001(20261006-052156).pdf,5,CLST-P5-T2,6,5,105.3,105.3,105.3,105.3,105.3,PASS
CLST-6669 20251001(20261006-052156).pdf,5,CLST-P5-T2,6,6,10.3,10.3,10.3,10.3,10.3,PASS
CLST-6669 20251001(20261006-052156).pdf,5,CLST-P5-T2,6,7,11.3,11.3,11.3,11.3,11.3,PASS
CLST-6669 20251001(20261006-052156).pdf,5,CLST-P5-T2,7,0,Netprofitgrowth(%),Netprofitgrowth(%),Netprofitgrowth(%),,,PASS
CLST-6669 20251001(20261006-052156).pdf,5,CLST-P5-T2,7,1,0.5,0.5,0.5,0.5,0.5,PASS
CLST-6669 20251001(20261006-052156).pdf,5,CLST-P5-T2,7,2,63.8,63.8,63.8,63.8,63.8,PASS
CLST-6669 20251001(20261006-052156).pdf,5,CLST-P5-T2,7,3,(15.0),(15.0),(15.0),-15.0,-15.0,PASS
CLST-6669 20251001(20261006-052156).pdf,5,CLST-P5-T2,7,4,89.1,89.1,89.1,89.1,89.1,PASS
CLST-6669 20251001(20261006-052156).pdf,5,CLST-P5-T2,7,5,99.0,99.0,99.0,99.0,99.0,PASS
CLST-6669 20251001(20261006-052156).pdf,5,CLST-P5-T2,7,6,9.7,9.7,9.7,9.7,9.7,PASS
CLST-6669 20251001(20261006-052156).pdf,5,CLST-P5-T2,7,7,11.5,11.5,11.5,11.5,11.5,PASS
CLST-6669 20251001(20261006-052156).pdf,5,CLST-P5-T2,8,0,EPSgrowth(%YoY),EPSgrowth(%YoY),EPSgrowth(%YoY),,,PASS
CLST-6669 20251001(20261006-052156).pdf,5,CLST-P5-T2,8,1,0.5,0.5,0.5,0.5,0.5,PASS
CLST-6669 20251001(20261006-052156).pdf,5,CLST-P5-T2,8,2,63.8,63.8,63.8,63.8,63.8,PASS
CLST-6669 20251001(20261006-052156).pdf,5,CLST-P5-T2,8,3,(15.0),(15.0),(15.0),-15.0,-15.0,PASS
CLST-6669 20251001(20261006-052156).pdf,5,CLST-P5-T2,8,4,83.7,83.7,83.7,83.7,83.7,PASS
CLST-6669 20251001(20261006-052156).pdf,5,CLST-P5-T2,8,5,86.1,86.1,86.1,86.1,86.1,PASS
CLST-6669 20251001(20261006-052156).pdf,5,CLST-P5-T2,8,6,9.7,9.7,9.7,9.7,9.7,PASS
CLST-6669 20251001(20261006-052156).pdf,5,CLST-P5-T2,8,7,11.5,11.5,11.5,11.5,11.5,PASS
CLST-6669 20251001(20261006-052156).pdf,5,CLST-P5-T2,9,0,AdjEPSgrowth(%YoY),AdjEPSgrowth(%YoY),AdjEPSgrowth(%YoY),,,PASS
CLST-6669 20251001(20261006-052156).pdf,5,CLST-P5-T2,9,1,0.5,0.5,0.5,0.5,0.5,PASS
CLST-6669 20251001(20261006-052156).pdf,5,CLST-P5-T2,9,2,63.8,63.8,63.8,63.8,63.8,PASS
CLST-6669 20251001(20261006-052156).pdf,5,CLST-P5-T2,9,3,(15.0),(15.0),(15.0),-15.0,-15.0,PASS
CLST-6669 20251001(20261006-052156).pdf,5,CLST-P5-T2,9,4,83.7,83.7,83.7,83.7,83.7,PASS
CLST-6669 20251001(20261006-052156).pdf,5,CLST-P5-T2,9,5,86.1,86.1,86.1,86.1,86.1,PASS
CLST-6669 20251001(20261006-052156).pdf,5,CLST-P5-T2,9,6,9.7,9.7,9.7,9.7,9.7,PASS
CLST-6669 20251001(20261006-052156).pdf,5,CLST-P5-T2,9,7,11.5,11.5,11.5,11.5,11.5,PASS
CLST-6669 20251001(20261006-052156).pdf,5,CLST-P5-T2,10,0,DPSgrowth(%YoY),DPSgrowth(%YoY),DPSgrowth(%YoY),,,PASS
CLST-6669 20251001(20261006-052156).pdf,5,CLST-P5-T2,10,1,(21.9),(21.9),(21.9),-21.9,-21.9,PASS
CLST-6669 20251001(20261006-052156).pdf,5,CLST-P5-T2,10,2,100.0,100.0,100.0,100.0,100.0,PASS
CLST-6669 20251001(20261006-052156).pdf,5,CLST-P5-T2,10,3,(16.0),(16.0),(16.0),-16.0,-16.0,PASS
CLST-6669 20251001(20261006-052156).pdf,5,CLST-P5-T2,10,4,76.2,76.2,76.2,76.2,76.2,PASS
CLST-6669 20251001(20261006-052156).pdf,5,CLST-P5-T2,10,5,84.6,84.6,84.6,84.6,84.6,PASS
CLST-6669 20251001(20261006-052156).pdf,5,CLST-P5-T2,10,6,9.7,9.7,9.7,9.7,9.7,PASS
CLST-6669 20251001(20261006-052156).pdf,5,CLST-P5-T2,10,7,11.5,11.5,11.5,11.5,11.5,PASS
CLST-6669 20251001(20261006-052156).pdf,5,CLST-P5-T2,11,0,CoreEPSgrowth(%YoY),CoreEPSgrowth(%YoY),CoreEPSgrowth(%YoY),,,PASS
CLST-6669 20251001(20261006-052156).pdf,5,CLST-P5-T2,11,1,0.5,0.5,0.5,0.5,0.5,PASS
CLST-6669 20251001(20261006-052156).pdf,5,CLST-P5-T2,11,2,63.8,63.8,63.8,63.8,63.8,PASS
CLST-6669 20251001(20261006-052156).pdf,5,CLST-P5-T2,11,3,(15.0),(15.0),(15.0),-15.0,-15.0,PASS
CLST-6669 20251001(20261006-052156).pdf,5,CLST-P5-T2,11,4,83.7,83.7,83.7,83.7,83.7,PASS
CLST-6669 20251001(20261006-052156).pdf,5,CLST-P5-T2,11,5,86.1,86.1,86.1,86.1,86.1,PASS
CLST-6669 20251001(20261006-052156).pdf,5,CLST-P5-T2,11,6,9.7,9.7,9.7,9.7,9.7,PASS
CLST-6669 20251001(20261006-052156).pdf,5,CLST-P5-T2,11,7,11.5,11.5,11.5,11.5,11.5,PASS
CLST-6669 20251001(20261006-052156).pdf,5,CLST-P5-T2,12,0,Margins(%),Margins(%),Margins(%),,,PASS
CLST-6669 20251001(20261006-052156).pdf,5,CLST-P5-T2,12,1,,,,,,PASS
CLST-6669 20251001(20261006-052156).pdf,5,CLST-P5-T2,12,2,,,,,,PASS
CLST-6669 20251001(20261006-052156).pdf,5,CLST-P5-T2,12,3,,,,,,PASS
CLST-6669 20251001(20261006-052156).pdf,5,CLST-P5-T2,12,4,,,,,,PASS
CLST-6669 20251001(20261006-052156).pdf,5,CLST-P5-T2,12,5,,,,,,PASS
CLST-6669 20251001(20261006-052156).pdf,5,CLST-P5-T2,12,6,,,,,,PASS
CLST-6669 20251001(20261006-052156).pdf,5,CLST-P5-T2,12,7,,,,,,PASS
CLST-6669 20251001(20261006-052156).pdf,5,CLST-P5-T2,13,0,Grossmargin(%),Grossmargin(%),Grossmargin(%),,,PASS
CLST-6669 20251001(20261006-052156).pdf,5,CLST-P5-T2,13,1,8.4,8.4,8.4,8.4,8.4,PASS
CLST-6669 20251001(20261006-052156).pdf,5,CLST-P5-T2,13,2,8.4,8.4,8.4,8.4,8.4,PASS
CLST-6669 20251001(20261006-052156).pdf,5,CLST-P5-T2,13,3,9.8,9.8,9.8,9.8,9.8,PASS
CLST-6669 20251001(20261006-052156).pdf,5,CLST-P5-T2,13,4,10.9,10.9,10.9,10.9,10.9,PASS
CLST-6669 20251001(20261006-052156).pdf,5,CLST-P5-T2,13,5,8.7,8.7,8.7,8.7,8.7,PASS
CLST-6669 20251001(20261006-052156).pdf,5,CLST-P5-T2,13,6,7.8,7.8,7.8,7.8,7.8,PASS
CLST-6669 20251001(20261006-052156).pdf,5,CLST-P5-T2,13,7,7.3,7.3,7.3,7.3,7.3,PASS
CLST-6669 20251001(20261006-052156).pdf,5,CLST-P5-T2,14,0,Ebitdamargin(%),Ebitdamargin(%),Ebitdamargin(%),,,PASS
CLST-6669 20251001(20261006-052156).pdf,5,CLST-P5-T2,14,1,6.2,6.2,6.2,6.2,6.2,PASS
CLST-6669 20251001(20261006-052156).pdf,5,CLST-P5-T2,14,2,6.3,6.3,6.3,6.3,6.3,PASS
CLST-6669 20251001(20261006-052156).pdf,5,CLST-P5-T2,14,3,7.0,7.0,7.0,7.0,7.0,PASS
CLST-6669 20251001(20261006-052156).pdf,5,CLST-P5-T2,14,4,8.3,8.3,8.3,8.3,8.3,PASS
CLST-6669 20251001(20261006-052156).pdf,5,CLST-P5-T2,14,5,7.1,7.1,7.1,7.1,7.1,PASS
CLST-6669 20251001(20261006-052156).pdf,5,CLST-P5-T2,14,6,6.3,6.3,6.3,6.3,6.3,PASS
CLST-6669 20251001(20261006-052156).pdf,5,CLST-P5-T2,14,7,5.8,5.8,5.8,5.8,5.8,PASS
CLST-6669 20251001(20261006-052156).pdf,5,CLST-P5-T2,15,0,Ebitmargin(%),Ebitmargin(%),Ebitmargin(%),,,PASS
CLST-6669 20251001(20261006-052156).pdf,5,CLST-P5-T2,15,1,5.9,5.9,5.9,5.9,5.9,PASS
CLST-6669 20251001(20261006-052156).pdf,5,CLST-P5-T2,15,2,6.1,6.1,6.1,6.1,6.1,PASS
CLST-6669 20251001(20261006-052156).pdf,5,CLST-P5-T2,15,3,6.6,6.6,6.6,6.6,6.6,PASS
CLST-6669 20251001(20261006-052156).pdf,5,CLST-P5-T2,15,4,7.8,7.8,7.8,7.8,7.8,PASS
CLST-6669 20251001(20261006-052156).pdf,5,CLST-P5-T2,15,5,6.6,6.6,6.6,6.6,6.6,PASS
CLST-6669 20251001(20261006-052156).pdf,5,CLST-P5-T2,15,6,6.0,6.0,6.0,6.0,6.0,PASS
CLST-6669 20251001(20261006-052156).pdf,5,CLST-P5-T2,15,7,5.8,5.8,5.8,5.8,5.8,PASS
CLST-6669 20251001(20261006-052156).pdf,5,CLST-P5-T2,16,0,Netprofitmargin(%),Netprofitmargin(%),Netprofitmargin(%),,,PASS
CLST-6669 20251001(20261006-052156).pdf,5,CLST-P5-T2,16,1,4.5,4.5,4.5,4.5,4.5,PASS
CLST-6669 20251001(20261006-052156).pdf,5,CLST-P5-T2,16,2,4.8,4.8,4.8,4.8,4.8,PASS
CLST-6669 20251001(20261006-052156).pdf,5,CLST-P5-T2,16,3,5.0,5.0,5.0,5.0,5.0,PASS
CLST-6669 20251001(20261006-052156).pdf,5,CLST-P5-T2,16,4,6.3,6.3,6.3,6.3,6.3,PASS
CLST-6669 20251001(20261006-052156).pdf,5,CLST-P5-T2,16,5,5.2,5.2,5.2,5.2,5.2,PASS
CLST-6669 20251001(20261006-052156).pdf,5,CLST-P5-T2,16,6,4.7,4.7,4.7,4.7,4.7,PASS
CLST-6669 20251001(20261006-052156).pdf,5,CLST-P5-T2,16,7,4.5,4.5,4.5,4.5,4.5,PASS
CLST-6669 20251001(20261006-052156).pdf,5,CLST-P5-T2,17,0,Coreprofitmargin,Coreprofitmargin,Coreprofitmargin,,,PASS
CLST-6669 20251001(20261006-052156).pdf,5,CLST-P5-T2,17,1,4.5,4.5,4.5,4.5,4.5,PASS
CLST-6669 20251001(20261006-052156).pdf,5,CLST-P5-T2,17,2,4.8,4.8,4.8,4.8,4.8,PASS
CLST-6669 20251001(20261006-052156).pdf,5,CLST-P5-T2,17,3,5.0,5.0,5.0,5.0,5.0,PASS
CLST-6669 20251001(20261006-052156).pdf,5,CLST-P5-T2,17,4,6.3,6.3,6.3,6.3,6.3,PASS
CLST-6669 20251001(20261006-052156).pdf,5,CLST-P5-T2,17,5,5.2,5.2,5.2,5.2,5.2,PASS
CLST-6669 20251001(20261006-052156).pdf,5,CLST-P5-T2,17,6,4.7,4.7,4.7,4.7,4.7,PASS
CLST-6669 20251001(20261006-052156).pdf,5,CLST-P5-T2,17,7,4.5,4.5,4.5,4.5,4.5,PASS
CLST-6669 20251001(20261006-052156).pdf,5,CLST-P5-T2,18,0,Opcashflowmargin,Opcashflowmargin,Opcashflowmargin,,,PASS
CLST-6669 20251001(20261006-052156).pdf,5,CLST-P5-T2,18,1,(7.4),(7.4),(7.4),-7.4,-7.4,PASS
CLST-6669 20251001(20261006-052156).pdf,5,CLST-P5-T2,18,2,10.5,10.5,10.5,10.5,10.5,PASS
CLST-6669 20251001(20261006-052156).pdf,5,CLST-P5-T2,18,3,9.5,9.5,9.5,9.5,9.5,PASS
CLST-6669 20251001(20261006-052156).pdf,5,CLST-P5-T2,18,4,(5.5),(5.5),(5.5),-5.5,-5.5,PASS
CLST-6669 20251001(20261006-052156).pdf,5,CLST-P5-T2,18,5,3.8,3.8,3.8,3.8,3.8,PASS
CLST-6669 20251001(20261006-052156).pdf,5,CLST-P5-T2,18,6,3.4,3.4,3.4,3.4,3.4,PASS
CLST-6669 20251001(20261006-052156).pdf,5,CLST-P5-T2,18,7,2.9,2.9,2.9,2.9,2.9,PASS
CLST-6669 20251001(20261006-052156).pdf,5,CLST-P5-T2,19,0,Returns(%),Returns(%),Returns(%),,,PASS
CLST-6669 20251001(20261006-052156).pdf,5,CLST-P5-T2,19,1,,,,,,PASS
CLST-6669 20251001(20261006-052156).pdf,5,CLST-P5-T2,19,2,,,,,,PASS
CLST-6669 20251001(20261006-052156).pdf,5,CLST-P5-T2,19,3,,,,,,PASS
CLST-6669 20251001(20261006-052156).pdf,5,CLST-P5-T2,19,4,,,,,,PASS
CLST-6669 20251001(20261006-052156).pdf,5,CLST-P5-T2,19,5,,,,,,PASS
CLST-6669 20251001(20261006-052156).pdf,5,CLST-P5-T2,19,6,,,,,,PASS
CLST-6669 20251001(20261006-052156).pdf,5,CLST-P5-T2,19,7,,,,,,PASS
CLST-6669 20251001(20261006-052156).pdf,5,CLST-P5-T2,20,0,ROE(%),ROE(%),ROE(%),,,PASS
CLST-6669 20251001(20261006-052156).pdf,5,CLST-P5-T2,20,1,33.1,33.1,33.1,33.1,33.1,PASS
CLST-6669 20251001(20261006-052156).pdf,5,CLST-P5-T2,20,2,43.8,43.8,43.8,43.8,43.8,PASS
CLST-6669 20251001(20261006-052156).pdf,5,CLST-P5-T2,20,3,30.8,30.8,30.8,30.8,30.8,PASS
CLST-6669 20251001(20261006-052156).pdf,5,CLST-P5-T2,20,4,36.3,36.3,36.3,36.3,36.3,PASS
CLST-6669 20251001(20261006-052156).pdf,5,CLST-P5-T2,20,5,45.0,45.0,45.0,45.0,45.0,PASS
CLST-6669 20251001(20261006-052156).pdf,5,CLST-P5-T2,20,6,38.7,38.7,38.7,38.7,38.7,PASS
CLST-6669 20251001(20261006-052156).pdf,5,CLST-P5-T2,20,7,36.1,36.1,36.1,36.1,36.1,PASS
CLST-6669 20251001(20261006-052156).pdf,5,CLST-P5-T2,21,0,ROA(%),ROA(%),ROA(%),,,PASS
CLST-6669 20251001(20261006-052156).pdf,5,CLST-P5-T2,21,1,12.8,12.8,12.8,12.8,12.8,PASS
CLST-6669 20251001(20261006-052156).pdf,5,CLST-P5-T2,21,2,16.3,16.3,16.3,16.3,16.3,PASS
CLST-6669 20251001(20261006-052156).pdf,5,CLST-P5-T2,21,3,13.9,13.9,13.9,13.9,13.9,PASS
CLST-6669 20251001(20261006-052156).pdf,5,CLST-P5-T2,21,4,15.9,15.9,15.9,15.9,15.9,PASS
CLST-6669 20251001(20261006-052156).pdf,5,CLST-P5-T2,21,5,20.8,20.8,20.8,20.8,20.8,PASS
CLST-6669 20251001(20261006-052156).pdf,5,CLST-P5-T2,21,6,18.9,18.9,18.9,18.9,18.9,PASS
CLST-6669 20251001(20261006-052156).pdf,5,CLST-P5-T2,21,7,18.1,18.1,18.1,18.1,18.1,PASS
CLST-6669 20251001(20261006-052156).pdf,5,CLST-P5-T2,22,0,ROIC(%),ROIC(%),ROIC(%),,,PASS
CLST-6669 20251001(20261006-052156).pdf,5,CLST-P5-T2,22,1,37.9,37.9,37.9,37.9,37.9,PASS
CLST-6669 20251001(20261006-052156).pdf,5,CLST-P5-T2,22,2,48.0,48.0,48.0,48.0,48.0,PASS
CLST-6669 20251001(20261006-052156).pdf,5,CLST-P5-T2,22,3,62.2,62.2,62.2,62.2,62.2,PASS
CLST-6669 20251001(20261006-052156).pdf,5,CLST-P5-T2,22,4,51.3,51.3,51.3,51.3,51.3,PASS
CLST-6669 20251001(20261006-052156).pdf,5,CLST-P5-T2,22,5,55.8,55.8,55.8,55.8,55.8,PASS
CLST-6669 20251001(20261006-052156).pdf,5,CLST-P5-T2,22,6,49.5,49.5,49.5,49.5,49.5,PASS
CLST-6669 20251001(20261006-052156).pdf,5,CLST-P5-T2,22,7,45.5,45.5,45.5,45.5,45.5,PASS
CLST-6669 20251001(20261006-052156).pdf,5,CLST-P5-T2,23,0,ROCE(%),ROCE(%),ROCE(%),,,PASS
CLST-6669 20251001(20261006-052156).pdf,5,CLST-P5-T2,23,1,48.6,48.6,48.6,48.6,48.6,PASS
CLST-6669 20251001(20261006-052156).pdf,5,CLST-P5-T2,23,2,62.5,62.5,62.5,62.5,62.5,PASS
CLST-6669 20251001(20261006-052156).pdf,5,CLST-P5-T2,23,3,84.5,84.5,84.5,84.5,84.5,PASS
CLST-6669 20251001(20261006-052156).pdf,5,CLST-P5-T2,23,4,67.5,67.5,67.5,67.5,67.5,PASS
CLST-6669 20251001(20261006-052156).pdf,5,CLST-P5-T2,23,5,72.4,72.4,72.4,72.4,72.4,PASS
CLST-6669 20251001(20261006-052156).pdf,5,CLST-P5-T2,23,6,63.1,63.1,63.1,63.1,63.1,PASS
CLST-6669 20251001(20261006-052156).pdf,5,CLST-P5-T2,23,7,58.4,58.4,58.4,58.4,58.4,PASS
CLST-6669 20251001(20261006-052156).pdf,5,CLST-P5-T2,24,0,Otherkeyratios(%),Otherkeyratios(%),Otherkeyratios(%),,,PASS
CLST-6669 20251001(20261006-052156).pdf,5,CLST-P5-T2,24,1,,,,,,PASS
CLST-6669 20251001(20261006-052156).pdf,5,CLST-P5-T2,24,2,,,,,,PASS
CLST-6669 20251001(20261006-052156).pdf,5,CLST-P5-T2,24,3,,,,,,PASS
CLST-6669 20251001(20261006-052156).pdf,5,CLST-P5-T2,24,4,,,,,,PASS
CLST-6669 20251001(20261006-052156).pdf,5,CLST-P5-T2,24,5,,,,,,PASS
CLST-6669 20251001(20261006-052156).pdf,5,CLST-P5-T2,24,6,,,,,,PASS
CLST-6669 20251001(20261006-052156).pdf,5,CLST-P5-T2,24,7,,,,,,PASS
CLST-6669 20251001(20261006-052156).pdf,5,CLST-P5-T2,25,0,Effectivetaxrate(%),Effectivetaxrate(%),Effectivetaxrate(%),,,PASS
CLST-6669 20251001(20261006-052156).pdf,5,CLST-P5-T2,25,1,21.3,21.3,21.3,21.3,21.3,PASS
CLST-6669 20251001(20261006-052156).pdf,5,CLST-P5-T2,25,2,20.8,20.8,20.8,20.8,20.8,PASS
CLST-6669 20251001(20261006-052156).pdf,5,CLST-P5-T2,25,3,22.0,22.0,22.0,22.0,22.0,PASS
CLST-6669 20251001(20261006-052156).pdf,5,CLST-P5-T2,25,4,21.0,21.0,21.0,21.0,21.0,PASS
CLST-6669 20251001(20261006-052156).pdf,5,CLST-P5-T2,25,5,21.7,21.7,21.7,21.7,21.7,PASS
CLST-6669 20251001(20261006-052156).pdf,5,CLST-P5-T2,25,6,21.1,21.1,21.1,21.1,21.1,PASS
CLST-6669 20251001(20261006-052156).pdf,5,CLST-P5-T2,25,7,21.1,21.1,21.1,21.1,21.1,PASS
CLST-6669 20251001(20261006-052156).pdf,5,CLST-P5-T2,26,0,Ebitda/netintexp(x),Ebitda/netintexp(x),Ebitda/netintexp(x),,,PASS
CLST-6669 20251001(20261006-052156).pdf,5,CLST-P5-T2,26,1,40.5,40.5,40.5,40.5,40.5,PASS
CLST-6669 20251001(20261006-052156).pdf,5,CLST-P5-T2,26,2,25.6,25.6,25.6,25.6,25.6,PASS
CLST-6669 20251001(20261006-052156).pdf,5,CLST-P5-T2,26,3,33.9,33.9,33.9,33.9,33.9,PASS
CLST-6669 20251001(20261006-052156).pdf,5,CLST-P5-T2,26,4,"1,301.8","1,301.8","1,301.8",1301.8,1301.8,PASS
CLST-6669 20251001(20261006-052156).pdf,5,CLST-P5-T2,26,5,53.8,53.8,53.8,53.8,53.8,PASS
CLST-6669 20251001(20261006-052156).pdf,5,CLST-P5-T2,26,6,66.0,66.0,66.0,66.0,66.0,PASS
CLST-6669 20251001(20261006-052156).pdf,5,CLST-P5-T2,26,7,74.2,74.2,74.2,74.2,74.2,PASS
CLST-6669 20251001(20261006-052156).pdf,5,CLST-P5-T2,27,0,Exceptionalorextraord.inc/PBT(%),Exceptionalorextraord.inc/PBT(%),Exceptionalorextraord.inc/PBT(%),,,PASS
CLST-6669 20251001(20261006-052156).pdf,5,CLST-P5-T2,27,1,-,-,-,,,PASS
CLST-6669 20251001(20261006-052156).pdf,5,CLST-P5-T2,27,2,-,-,-,,,PASS
CLST-6669 20251001(20261006-052156).pdf,5,CLST-P5-T2,27,3,-,-,-,,,PASS
CLST-6669 20251001(20261006-052156).pdf,5,CLST-P5-T2,27,4,-,-,-,,,PASS
CLST-6669 20251001(20261006-052156).pdf,5,CLST-P5-T2,27,5,-,-,-,,,PASS
CLST-6669 20251001(20261006-052156).pdf,5,CLST-P5-T2,27,6,-,-,-,,,PASS
CLST-6669 20251001(20261006-052156).pdf,5,CLST-P5-T2,27,7,-,-,-,,,PASS
CLST-6669 20251001(20261006-052156).pdf,5,CLST-P5-T2,28,0,Dividendpayout(%),Dividendpayout(%),Dividendpayout(%),,,PASS
CLST-6669 20251001(20261006-052156).pdf,5,CLST-P5-T2,28,1,50.5,50.5,50.5,50.5,50.5,PASS
CLST-6669 20251001(20261006-052156).pdf,5,CLST-P5-T2,28,2,61.7,61.7,61.7,61.7,61.7,PASS
CLST-6669 20251001(20261006-052156).pdf,5,CLST-P5-T2,28,3,61.0,61.0,61.0,61.0,61.0,PASS
CLST-6669 20251001(20261006-052156).pdf,5,CLST-P5-T2,28,4,58.5,58.5,58.5,58.5,58.5,PASS
CLST-6669 20251001(20261006-052156).pdf,5,CLST-P5-T2,28,5,58.0,58.0,58.0,58.0,58.0,PASS
CLST-6669 20251001(20261006-052156).pdf,5,CLST-P5-T2,28,6,58.0,58.0,58.0,58.0,58.0,PASS
CLST-6669 20251001(20261006-052156).pdf,5,CLST-P5-T2,28,7,58.0,58.0,58.0,58.0,58.0,PASS
CLST-6669 20251001(20261006-052156).pdf,6,CLST-P6-T1,3,0,Cash&equivalents,Cash&equivalents,Cash&equivalents,,,PASS
CLST-6669 20251001(20261006-052156).pdf,6,CLST-P6-T1,3,1,"22,673","22,673","22,673",22673.0,22673.0,PASS
CLST-6669 20251001(20261006-052156).pdf,6,CLST-P6-T1,3,2,"26,232","26,232","26,232",26232.0,26232.0,PASS
CLST-6669 20251001(20261006-052156).pdf,6,CLST-P6-T1,3,3,"37,495","37,495","37,495",37495.0,37495.0,PASS
CLST-6669 20251001(20261006-052156).pdf,6,CLST-P6-T1,3,4,"48,329","48,329","48,329",48329.0,48329.0,PASS
CLST-6669 20251001(20261006-052156).pdf,6,CLST-P6-T1,3,5,"54,575","54,575","54,575",54575.0,54575.0,PASS
CLST-6669 20251001(20261006-052156).pdf,6,CLST-P6-T1,3,6,"61,248","61,248","61,248",61248.0,61248.0,PASS
CLST-6669 20251001(20261006-052156).pdf,6,CLST-P6-T1,3,7,"65,800","65,800","65,800",65800.0,65800.0,PASS
CLST-6669 20251001(20261006-052156).pdf,6,CLST-P6-T1,4,0,Accountsreceivable,Accountsreceivable,Accountsreceivable,,,PASS
CLST-6669 20251001(20261006-052156).pdf,6,CLST-P6-T1,4,1,"13,786","13,786","13,786",13786.0,13786.0,PASS
CLST-6669 20251001(20261006-052156).pdf,6,CLST-P6-T1,4,2,"21,327","21,327","21,327",21327.0,21327.0,PASS
CLST-6669 20251001(20261006-052156).pdf,6,CLST-P6-T1,4,3,"11,055","11,055","11,055",11055.0,11055.0,PASS
CLST-6669 20251001(20261006-052156).pdf,6,CLST-P6-T1,4,4,"38,454","38,454","38,454",38454.0,38454.0,PASS
CLST-6669 20251001(20261006-052156).pdf,6,CLST-P6-T1,4,5,"58,660","58,660","58,660",58660.0,58660.0,PASS
CLST-6669 20251001(20261006-052156).pdf,6,CLST-P6-T1,4,6,"70,398","70,398","70,398",70398.0,70398.0,PASS
CLST-6669 20251001(20261006-052156).pdf,6,CLST-P6-T1,4,7,"82,069","82,069","82,069",82069.0,82069.0,PASS
CLST-6669 20251001(20261006-052156).pdf,6,CLST-P6-T1,5,0,Inventories,Inventories,Inventories,,,PASS
CLST-6669 20251001(20261006-052156).pdf,6,CLST-P6-T1,5,1,"45,383","45,383","45,383",45383.0,45383.0,PASS
CLST-6669 20251001(20261006-052156).pdf,6,CLST-P6-T1,5,2,"36,012","36,012","36,012",36012.0,36012.0,PASS
CLST-6669 20251001(20261006-052156).pdf,6,CLST-P6-T1,5,3,"30,179","30,179","30,179",30179.0,30179.0,PASS
CLST-6669 20251001(20261006-052156).pdf,6,CLST-P6-T1,5,4,"86,211","86,211","86,211",86211.0,86211.0,PASS
CLST-6669 20251001(20261006-052156).pdf,6,CLST-P6-T1,5,5,"107,799","107,799","107,799",107799.0,107799.0,PASS
CLST-6669 20251001(20261006-052156).pdf,6,CLST-P6-T1,5,6,"130,197","130,197","130,197",130197.0,130197.0,PASS
CLST-6669 20251001(20261006-052156).pdf,6,CLST-P6-T1,5,7,"152,235","152,235","152,235",152235.0,152235.0,PASS
CLST-6669 20251001(20261006-052156).pdf,6,CLST-P6-T1,6,0,Othercurrentassets,Othercurrentassets,Othercurrentassets,,,PASS
CLST-6669 20251001(20261006-052156).pdf,6,CLST-P6-T1,6,1,31,31,31,31.0,31.0,PASS
CLST-6669 20251001(20261006-052156).pdf,6,CLST-P6-T1,6,2,270,270,270,270.0,270.0,PASS
CLST-6669 20251001(20261006-052156).pdf,6,CLST-P6-T1,6,3,163,163,163,163.0,163.0,PASS
CLST-6669 20251001(20261006-052156).pdf,6,CLST-P6-T1,6,4,201,201,201,201.0,201.0,PASS
CLST-6669 20251001(20261006-052156).pdf,6,CLST-P6-T1,6,5,201,201,201,201.0,201.0,PASS
CLST-6669 20251001(20261006-052156).pdf,6,CLST-P6-T1,6,6,201,201,201,201.0,201.0,PASS
CLST-6669 20251001(20261006-052156).pdf,6,CLST-P6-T1,6,7,201,201,201,201.0,201.0,PASS
CLST-6669 20251001(20261006-052156).pdf,6,CLST-P6-T1,7,0,Currentassets,Currentassets,Currentassets,,,PASS
CLST-6669 20251001(20261006-052156).pdf,6,CLST-P6-T1,7,1,"81,873","81,873","81,873",81873.0,81873.0,PASS
CLST-6669 20251001(20261006-052156).pdf,6,CLST-P6-T1,7,2,"83,840","83,840","83,840",83840.0,83840.0,PASS
CLST-6669 20251001(20261006-052156).pdf,6,CLST-P6-T1,7,3,"78,892","78,892","78,892",78892.0,78892.0,PASS
CLST-6669 20251001(20261006-052156).pdf,6,CLST-P6-T1,7,4,"173,195","173,195","173,195",173195.0,173195.0,PASS
CLST-6669 20251001(20261006-052156).pdf,6,CLST-P6-T1,7,5,"221,234","221,234","221,234",221234.0,221234.0,PASS
CLST-6669 20251001(20261006-052156).pdf,6,CLST-P6-T1,7,6,"262,045","262,045","262,045",262045.0,262045.0,PASS
CLST-6669 20251001(20261006-052156).pdf,6,CLST-P6-T1,7,7,"300,305","300,305","300,305",300305.0,300305.0,PASS
CLST-6669 20251001(20261006-052156).pdf,6,CLST-P6-T1,8,0,Fixedassets,Fixedassets,Fixedassets,,,PASS
CLST-6669 20251001(20261006-052156).pdf,6,CLST-P6-T1,8,1,"1,038","1,038","1,038",1038.0,1038.0,PASS
CLST-6669 20251001(20261006-052156).pdf,6,CLST-P6-T1,8,2,"2,157","2,157","2,157",2157.0,2157.0,PASS
CLST-6669 20251001(20261006-052156).pdf,6,CLST-P6-T1,8,3,"5,626","5,626","5,626",5626.0,5626.0,PASS
CLST-6669 20251001(20261006-052156).pdf,6,CLST-P6-T1,8,4,"9,163","9,163","9,163",9163.0,9163.0,PASS
CLST-6669 20251001(20261006-052156).pdf,6,CLST-P6-T1,8,5,"16,791","16,791","16,791",16791.0,16791.0,PASS
CLST-6669 20251001(20261006-052156).pdf,6,CLST-P6-T1,8,6,"18,384","18,384","18,384",18384.0,18384.0,PASS
CLST-6669 20251001(20261006-052156).pdf,6,CLST-P6-T1,8,7,"25,192","25,192","25,192",25192.0,25192.0,PASS
CLST-6669 20251001(20261006-052156).pdf,6,CLST-P6-T1,9,0,Investments,Investments,Investments,,,PASS
CLST-6669 20251001(20261006-052156).pdf,6,CLST-P6-T1,9,1,555,555,555,555.0,555.0,PASS
CLST-6669 20251001(20261006-052156).pdf,6,CLST-P6-T1,9,2,839,839,839,839.0,839.0,PASS
CLST-6669 20251001(20261006-052156).pdf,6,CLST-P6-T1,9,3,"1,172","1,172","1,172",1172.0,1172.0,PASS
CLST-6669 20251001(20261006-052156).pdf,6,CLST-P6-T1,9,4,"2,197","2,197","2,197",2197.0,2197.0,PASS
CLST-6669 20251001(20261006-052156).pdf,6,CLST-P6-T1,9,5,"2,197","2,197","2,197",2197.0,2197.0,PASS
CLST-6669 20251001(20261006-052156).pdf,6,CLST-P6-T1,9,6,"2,197","2,197","2,197",2197.0,2197.0,PASS
CLST-6669 20251001(20261006-052156).pdf,6,CLST-P6-T1,9,7,"2,197","2,197","2,197",2197.0,2197.0,PASS
CLST-6669 20251001(20261006-052156).pdf,6,CLST-P6-T1,10,0,Goodwill,Goodwill,Goodwill,,,PASS
CLST-6669 20251001(20261006-052156).pdf,6,CLST-P6-T1,10,1,0,0,0,0.0,0.0,PASS
CLST-6669 20251001(20261006-052156).pdf,6,CLST-P6-T1,10,2,0,0,0,0.0,0.0,PASS
CLST-6669 20251001(20261006-052156).pdf,6,CLST-P6-T1,10,3,0,0,0,0.0,0.0,PASS
CLST-6669 20251001(20261006-052156).pdf,6,CLST-P6-T1,10,4,0,0,0,0.0,0.0,PASS
CLST-6669 20251001(20261006-052156).pdf,6,CLST-P6-T1,10,5,0,0,0,0.0,0.0,PASS
CLST-6669 20251001(20261006-052156).pdf,6,CLST-P6-T1,10,6,0,0,0,0.0,0.0,PASS
CLST-6669 20251001(20261006-052156).pdf,6,CLST-P6-T1,10,7,0,0,0,0.0,0.0,PASS
CLST-6669 20251001(20261006-052156).pdf,6,CLST-P6-T1,11,0,Otherintangibleassets,Otherintangibleassets,Otherintangibleassets,,,PASS
CLST-6669 20251001(20261006-052156).pdf,6,CLST-P6-T1,11,1,99,99,99,99.0,99.0,PASS
CLST-6669 20251001(20261006-052156).pdf,6,CLST-P6-T1,11,2,138,138,138,138.0,138.0,PASS
CLST-6669 20251001(20261006-052156).pdf,6,CLST-P6-T1,11,3,132,132,132,132.0,132.0,PASS
CLST-6669 20251001(20261006-052156).pdf,6,CLST-P6-T1,11,4,174,174,174,174.0,174.0,PASS
CLST-6669 20251001(20261006-052156).pdf,6,CLST-P6-T1,11,5,174,174,174,174.0,174.0,PASS
CLST-6669 20251001(20261006-052156).pdf,6,CLST-P6-T1,11,6,174,174,174,174.0,174.0,PASS
CLST-6669 20251001(20261006-052156).pdf,6,CLST-P6-T1,11,7,174,174,174,174.0,174.0,PASS
CLST-6669 20251001(20261006-052156).pdf,6,CLST-P6-T1,12,0,Othernon-currentassets,Othernon-currentassets,Othernon-currentassets,,,PASS
CLST-6669 20251001(20261006-052156).pdf,6,CLST-P6-T1,12,1,"1,173","1,173","1,173",1173.0,1173.0,PASS
CLST-6669 20251001(20261006-052156).pdf,6,CLST-P6-T1,12,2,"1,865","1,865","1,865",1865.0,1865.0,PASS
CLST-6669 20251001(20261006-052156).pdf,6,CLST-P6-T1,12,3,"3,024","3,024","3,024",3024.0,3024.0,PASS
CLST-6669 20251001(20261006-052156).pdf,6,CLST-P6-T1,12,4,"5,949","5,949","5,949",5949.0,5949.0,PASS
CLST-6669 20251001(20261006-052156).pdf,6,CLST-P6-T1,12,5,"3,279","3,279","3,279",3279.0,3279.0,PASS
CLST-6669 20251001(20261006-052156).pdf,6,CLST-P6-T1,12,6,"3,820","3,820","3,820",3820.0,3820.0,PASS
CLST-6669 20251001(20261006-052156).pdf,6,CLST-P6-T1,12,7,"4,187","4,187","4,187",4187.0,4187.0,PASS
CLST-6669 20251001(20261006-052156).pdf,6,CLST-P6-T1,13,0,Totalassets,Totalassets,Totalassets,,,PASS
CLST-6669 20251001(20261006-052156).pdf,6,CLST-P6-T1,13,1,"84,737","84,737","84,737",84737.0,84737.0,PASS
CLST-6669 20251001(20261006-052156).pdf,6,CLST-P6-T1,13,2,"88,838","88,838","88,838",88838.0,88838.0,PASS
CLST-6669 20251001(20261006-052156).pdf,6,CLST-P6-T1,13,3,"88,845","88,845","88,845",88845.0,88845.0,PASS
CLST-6669 20251001(20261006-052156).pdf,6,CLST-P6-T1,13,4,"190,679","190,679","190,679",190679.0,190679.0,PASS
CLST-6669 20251001(20261006-052156).pdf,6,CLST-P6-T1,13,5,"243,675","243,675","243,675",243675.0,243675.0,PASS
CLST-6669 20251001(20261006-052156).pdf,6,CLST-P6-T1,13,6,"286,620","286,620","286,620",286620.0,286620.0,PASS
CLST-6669 20251001(20261006-052156).pdf,6,CLST-P6-T1,13,7,"332,056","332,056","332,056",332056.0,332056.0,PASS
CLST-6669 20251001(20261006-052156).pdf,6,CLST-P6-T1,14,0,Shorttermloans/OD,Shorttermloans/OD,Shorttermloans/OD,,,PASS
CLST-6669 20251001(20261006-052156).pdf,6,CLST-P6-T1,14,1,"21,266","21,266","21,266",21266.0,21266.0,PASS
CLST-6669 20251001(20261006-052156).pdf,6,CLST-P6-T1,14,2,-,-,-,,,PASS
CLST-6669 20251001(20261006-052156).pdf,6,CLST-P6-T1,14,3,"2,884","2,884","2,884",2884.0,2884.0,PASS
CLST-6669 20251001(20261006-052156).pdf,6,CLST-P6-T1,14,4,"6,125","6,125","6,125",6125.0,6125.0,PASS
CLST-6669 20251001(20261006-052156).pdf,6,CLST-P6-T1,14,5,"4,008","4,008","4,008",4008.0,4008.0,PASS
CLST-6669 20251001(20261006-052156).pdf,6,CLST-P6-T1,14,6,"5,011","5,011","5,011",5011.0,5011.0,PASS
CLST-6669 20251001(20261006-052156).pdf,6,CLST-P6-T1,14,7,"5,448","5,448","5,448",5448.0,5448.0,PASS
CLST-6669 20251001(20261006-052156).pdf,6,CLST-P6-T1,15,0,Accountspayable,Accountspayable,Accountspayable,,,PASS
CLST-6669 20251001(20261006-052156).pdf,6,CLST-P6-T1,15,1,"18,279","18,279","18,279",18279.0,18279.0,PASS
CLST-6669 20251001(20261006-052156).pdf,6,CLST-P6-T1,15,2,"26,465","26,465","26,465",26465.0,26465.0,PASS
CLST-6669 20251001(20261006-052156).pdf,6,CLST-P6-T1,15,3,"20,169","20,169","20,169",20169.0,20169.0,PASS
CLST-6669 20251001(20261006-052156).pdf,6,CLST-P6-T1,15,4,"53,585","53,585","53,585",53585.0,53585.0,PASS
CLST-6669 20251001(20261006-052156).pdf,6,CLST-P6-T1,15,5,"80,849","80,849","80,849",80849.0,80849.0,PASS
CLST-6669 20251001(20261006-052156).pdf,6,CLST-P6-T1,15,6,"97,648","97,648","97,648",97648.0,97648.0,PASS
CLST-6669 20251001(20261006-052156).pdf,6,CLST-P6-T1,15,7,"114,176","114,176","114,176",114176.0,114176.0,PASS
CLST-6669 20251001(20261006-052156).pdf,6,CLST-P6-T1,16,0,Accruedexpenses,Accruedexpenses,Accruedexpenses,,,PASS
CLST-6669 20251001(20261006-052156).pdf,6,CLST-P6-T1,16,1,-,-,-,,,PASS
CLST-6669 20251001(20261006-052156).pdf,6,CLST-P6-T1,16,2,-,-,-,,,PASS
CLST-6669 20251001(20261006-052156).pdf,6,CLST-P6-T1,16,3,-,-,-,,,PASS
CLST-6669 20251001(20261006-052156).pdf,6,CLST-P6-T1,16,4,-,-,-,,,PASS
CLST-6669 20251001(20261006-052156).pdf,6,CLST-P6-T1,16,5,-,-,-,,,PASS
CLST-6669 20251001(20261006-052156).pdf,6,CLST-P6-T1,16,6,-,-,-,,,PASS
CLST-6669 20251001(20261006-052156).pdf,6,CLST-P6-T1,16,7,-,-,-,,,PASS
CLST-6669 20251001(20261006-052156).pdf,6,CLST-P6-T1,17,0,Taxespayable,Taxespayable,Taxespayable,,,PASS
CLST-6669 20251001(20261006-052156).pdf,6,CLST-P6-T1,17,1,0,0,0,0.0,0.0,PASS
CLST-6669 20251001(20261006-052156).pdf,6,CLST-P6-T1,17,2,0,0,0,0.0,0.0,PASS
CLST-6669 20251001(20261006-052156).pdf,6,CLST-P6-T1,17,3,0,0,0,0.0,0.0,PASS
CLST-6669 20251001(20261006-052156).pdf,6,CLST-P6-T1,17,4,0,0,0,0.0,0.0,PASS
CLST-6669 20251001(20261006-052156).pdf,6,CLST-P6-T1,17,5,0,0,0,0.0,0.0,PASS
CLST-6669 20251001(20261006-052156).pdf,6,CLST-P6-T1,17,6,0,0,0,0.0,0.0,PASS
CLST-6669 20251001(20261006-052156).pdf,6,CLST-P6-T1,17,7,0,0,0,0.0,0.0,PASS
CLST-6669 20251001(20261006-052156).pdf,6,CLST-P6-T1,18,0,Othercurrentliabs,Othercurrentliabs,Othercurrentliabs,,,PASS
CLST-6669 20251001(20261006-052156).pdf,6,CLST-P6-T1,18,1,"7,621","7,621","7,621",7621.0,7621.0,PASS
CLST-6669 20251001(20261006-052156).pdf,6,CLST-P6-T1,18,2,"12,098","12,098","12,098",12098.0,12098.0,PASS
CLST-6669 20251001(20261006-052156).pdf,6,CLST-P6-T1,18,3,"13,441","13,441","13,441",13441.0,13441.0,PASS
CLST-6669 20251001(20261006-052156).pdf,6,CLST-P6-T1,18,4,"16,654","16,654","16,654",16654.0,16654.0,PASS
CLST-6669 20251001(20261006-052156).pdf,6,CLST-P6-T1,18,5,"14,064","14,064","14,064",14064.0,14064.0,PASS
CLST-6669 20251001(20261006-052156).pdf,6,CLST-P6-T1,18,6,"14,720","14,720","14,720",14720.0,14720.0,PASS
CLST-6669 20251001(20261006-052156).pdf,6,CLST-P6-T1,18,7,"15,146","15,146","15,146",15146.0,15146.0,PASS
CLST-6669 20251001(20261006-052156).pdf,6,CLST-P6-T1,19,0,Currentliabilities,Currentliabilities,Currentliabilities,,,PASS
CLST-6669 20251001(20261006-052156).pdf,6,CLST-P6-T1,19,1,"47,166","47,166","47,166",47166.0,47166.0,PASS
CLST-6669 20251001(20261006-052156).pdf,6,CLST-P6-T1,19,2,"38,562","38,562","38,562",38562.0,38562.0,PASS
CLST-6669 20251001(20261006-052156).pdf,6,CLST-P6-T1,19,3,"36,494","36,494","36,494",36494.0,36494.0,PASS
CLST-6669 20251001(20261006-052156).pdf,6,CLST-P6-T1,19,4,"76,364","76,364","76,364",76364.0,76364.0,PASS
CLST-6669 20251001(20261006-052156).pdf,6,CLST-P6-T1,19,5,"98,921","98,921","98,921",98921.0,98921.0,PASS
CLST-6669 20251001(20261006-052156).pdf,6,CLST-P6-T1,19,6,"117,378","117,378","117,378",117378.0,117378.0,PASS
CLST-6669 20251001(20261006-052156).pdf,6,CLST-P6-T1,19,7,"134,770","134,770","134,770",134770.0,134770.0,PASS
CLST-6669 20251001(20261006-052156).pdf,6,CLST-P6-T1,20,0,Long-termdebt/leases/other,Long-termdebt/leases/other,Long-termdebt/leases/other,,,PASS
CLST-6669 20251001(20261006-052156).pdf,6,CLST-P6-T1,20,1,"9,436","9,436","9,436",9436.0,9436.0,PASS
CLST-6669 20251001(20261006-052156).pdf,6,CLST-P6-T1,20,2,"9,440","9,440","9,440",9440.0,9440.0,PASS
CLST-6669 20251001(20261006-052156).pdf,6,CLST-P6-T1,20,3,"8,443","8,443","8,443",8443.0,8443.0,PASS
CLST-6669 20251001(20261006-052156).pdf,6,CLST-P6-T1,20,4,"22,004","22,004","22,004",22004.0,22004.0,PASS
CLST-6669 20251001(20261006-052156).pdf,6,CLST-P6-T1,20,5,"22,204","22,204","22,204",22204.0,22204.0,PASS
CLST-6669 20251001(20261006-052156).pdf,6,CLST-P6-T1,20,6,"22,404","22,404","22,404",22404.0,22404.0,PASS
CLST-6669 20251001(20261006-052156).pdf,6,CLST-P6-T1,20,7,"22,604","22,604","22,604",22604.0,22604.0,PASS
CLST-6669 20251001(20261006-052156).pdf,6,CLST-P6-T1,21,0,Convertiblebonds,Convertiblebonds,Convertiblebonds,,,PASS
CLST-6669 20251001(20261006-052156).pdf,6,CLST-P6-T1,21,1,-,-,-,,,PASS
CLST-6669 20251001(20261006-052156).pdf,6,CLST-P6-T1,21,2,-,-,-,,,PASS
CLST-6669 20251001(20261006-052156).pdf,6,CLST-P6-T1,21,3,-,-,-,,,PASS
CLST-6669 20251001(20261006-052156).pdf,6,CLST-P6-T1,21,4,-,-,-,,,PASS
CLST-6669 20251001(20261006-052156).pdf,6,CLST-P6-T1,21,5,-,-,-,,,PASS
CLST-6669 20251001(20261006-052156).pdf,6,CLST-P6-T1,21,6,-,-,-,,,PASS
CLST-6669 20251001(20261006-052156).pdf,6,CLST-P6-T1,21,7,-,-,-,,,PASS
CLST-6669 20251001(20261006-052156).pdf,6,CLST-P6-T1,22,0,Provisions/otherLTliabs,Provisions/otherLTliabs,Provisions/otherLTliabs,,,PASS
CLST-6669 20251001(20261006-052156).pdf,6,CLST-P6-T1,22,1,765,765,765,765.0,765.0,PASS
CLST-6669 20251001(20261006-052156).pdf,6,CLST-P6-T1,22,2,"2,049","2,049","2,049",2049.0,2049.0,PASS
CLST-6669 20251001(20261006-052156).pdf,6,CLST-P6-T1,22,3,"1,674","1,674","1,674",1674.0,1674.0,PASS
CLST-6669 20251001(20261006-052156).pdf,6,CLST-P6-T1,22,4,"4,108","4,108","4,108",4108.0,4108.0,PASS
CLST-6669 20251001(20261006-052156).pdf,6,CLST-P6-T1,22,5,"2,283","2,283","2,283",2283.0,2283.0,PASS
CLST-6669 20251001(20261006-052156).pdf,6,CLST-P6-T1,22,6,"3,124","3,124","3,124",3124.0,3124.0,PASS
CLST-6669 20251001(20261006-052156).pdf,6,CLST-P6-T1,22,7,"4,355","4,355","4,355",4355.0,4355.0,PASS
CLST-6669 20251001(20261006-052156).pdf,6,CLST-P6-T1,23,0,Totalliabilities,Totalliabilities,Totalliabilities,,,PASS
CLST-6669 20251001(20261006-052156).pdf,6,CLST-P6-T1,23,1,"57,367","57,367","57,367",57367.0,57367.0,PASS
CLST-6669 20251001(20261006-052156).pdf,6,CLST-P6-T1,23,2,"50,051","50,051","50,051",50051.0,50051.0,PASS
CLST-6669 20251001(20261006-052156).pdf,6,CLST-P6-T1,23,3,"46,611","46,611","46,611",46611.0,46611.0,PASS
CLST-6669 20251001(20261006-052156).pdf,6,CLST-P6-T1,23,4,"102,476","102,476","102,476",102476.0,102476.0,PASS
CLST-6669 20251001(20261006-052156).pdf,6,CLST-P6-T1,23,5,"123,408","123,408","123,408",123408.0,123408.0,PASS
CLST-6669 20251001(20261006-052156).pdf,6,CLST-P6-T1,23,6,"142,906","142,906","142,906",142906.0,142906.0,PASS
CLST-6669 20251001(20261006-052156).pdf,6,CLST-P6-T1,23,7,"161,729","161,729","161,729",161729.0,161729.0,PASS
CLST-6669 20251001(20261006-052156).pdf,6,CLST-P6-T1,24,0,Sharecapital,Sharecapital,Sharecapital,,,PASS
CLST-6669 20251001(20261006-052156).pdf,6,CLST-P6-T1,24,1,"1,748","1,748","1,748",1748.0,1748.0,PASS
CLST-6669 20251001(20261006-052156).pdf,6,CLST-P6-T1,24,2,"1,748","1,748","1,748",1748.0,1748.0,PASS
CLST-6669 20251001(20261006-052156).pdf,6,CLST-P6-T1,24,3,"1,748","1,748","1,748",1748.0,1748.0,PASS
CLST-6669 20251001(20261006-052156).pdf,6,CLST-P6-T1,24,4,"1,858","1,858","1,858",1858.0,1858.0,PASS
CLST-6669 20251001(20261006-052156).pdf,6,CLST-P6-T1,24,5,"1,924","1,924","1,924",1924.0,1924.0,PASS
CLST-6669 20251001(20261006-052156).pdf,6,CLST-P6-T1,24,6,"1,924","1,924","1,924",1924.0,1924.0,PASS
CLST-6669 20251001(20261006-052156).pdf,6,CLST-P6-T1,24,7,"1,924","1,924","1,924",1924.0,1924.0,PASS
CLST-6669 20251001(20261006-052156).pdf,6,CLST-P6-T1,25,0,Retainedearnings,Retainedearnings,Retainedearnings,,,PASS
CLST-6669 20251001(20261006-052156).pdf,6,CLST-P6-T1,25,1,"14,767","14,767","14,767",14767.0,14767.0,PASS
CLST-6669 20251001(20261006-052156).pdf,6,CLST-P6-T1,25,2,"23,514","23,514","23,514",23514.0,23514.0,PASS
CLST-6669 20251001(20261006-052156).pdf,6,CLST-P6-T1,25,3,"25,823","25,823","25,823",25823.0,25823.0,PASS
CLST-6669 20251001(20261006-052156).pdf,6,CLST-P6-T1,25,4,"40,029","40,029","40,029",40029.0,40029.0,PASS
CLST-6669 20251001(20261006-052156).pdf,6,CLST-P6-T1,25,5,"67,497","67,497","67,497",67497.0,67497.0,PASS
CLST-6669 20251001(20261006-052156).pdf,6,CLST-P6-T1,25,6,"85,971","85,971","85,971",85971.0,85971.0,PASS
CLST-6669 20251001(20261006-052156).pdf,6,CLST-P6-T1,25,7,"107,038","107,038","107,038",107038.0,107038.0,PASS
CLST-6669 20251001(20261006-052156).pdf,6,CLST-P6-T1,26,0,Reserves/others,Reserves/others,Reserves/others,,,PASS
CLST-6669 20251001(20261006-052156).pdf,6,CLST-P6-T1,26,1,"11,048","11,048","11,048",11048.0,11048.0,PASS
CLST-6669 20251001(20261006-052156).pdf,6,CLST-P6-T1,26,2,"11,912","11,912","11,912",11912.0,11912.0,PASS
CLST-6669 20251001(20261006-052156).pdf,6,CLST-P6-T1,26,3,"13,352","13,352","13,352",13352.0,13352.0,PASS
CLST-6669 20251001(20261006-052156).pdf,6,CLST-P6-T1,26,4,"42,723","42,723","42,723",42723.0,42723.0,PASS
CLST-6669 20251001(20261006-052156).pdf,6,CLST-P6-T1,26,5,"47,254","47,254","47,254",47254.0,47254.0,PASS
CLST-6669 20251001(20261006-052156).pdf,6,CLST-P6-T1,26,6,"52,227","52,227","52,227",52227.0,52227.0,PASS
CLST-6669 20251001(20261006-052156).pdf,6,CLST-P6-T1,26,7,"57,773","57,773","57,773",57773.0,57773.0,PASS
CLST-6669 20251001(20261006-052156).pdf,6,CLST-P6-T1,27,0,Shareholderfunds,Shareholderfunds,Shareholderfunds,,,PASS
CLST-6669 20251001(20261006-052156).pdf,6,CLST-P6-T1,27,1,"27,563","27,563","27,563",27563.0,27563.0,PASS
CLST-6669 20251001(20261006-052156).pdf,6,CLST-P6-T1,27,2,"37,174","37,174","37,174",37174.0,37174.0,PASS
CLST-6669 20251001(20261006-052156).pdf,6,CLST-P6-T1,27,3,"40,924","40,924","40,924",40924.0,40924.0,PASS
CLST-6669 20251001(20261006-052156).pdf,6,CLST-P6-T1,27,4,"84,611","84,611","84,611",84611.0,84611.0,PASS
CLST-6669 20251001(20261006-052156).pdf,6,CLST-P6-T1,27,5,"116,675","116,675","116,675",116675.0,116675.0,PASS
CLST-6669 20251001(20261006-052156).pdf,6,CLST-P6-T1,27,6,"140,122","140,122","140,122",140122.0,140122.0,PASS
CLST-6669 20251001(20261006-052156).pdf,6,CLST-P6-T1,27,7,"166,734","166,734","166,734",166734.0,166734.0,PASS
CLST-6669 20251001(20261006-052156).pdf,6,CLST-P6-T1,28,0,Minorities/otherequity,Minorities/otherequity,Minorities/otherequity,,,PASS
CLST-6669 20251001(20261006-052156).pdf,6,CLST-P6-T1,28,1,(193),(193),(193),-193.0,-193.0,PASS
CLST-6669 20251001(20261006-052156).pdf,6,CLST-P6-T1,28,2,"1,613","1,613","1,613",1613.0,1613.0,PASS
CLST-6669 20251001(20261006-052156).pdf,6,CLST-P6-T1,28,3,"1,310","1,310","1,310",1310.0,1310.0,PASS
CLST-6669 20251001(20261006-052156).pdf,6,CLST-P6-T1,28,4,"3,592","3,592","3,592",3592.0,3592.0,PASS
CLST-6669 20251001(20261006-052156).pdf,6,CLST-P6-T1,28,5,"3,592","3,592","3,592",3592.0,3592.0,PASS
CLST-6669 20251001(20261006-052156).pdf,6,CLST-P6-T1,28,6,"3,592","3,592","3,592",3592.0,3592.0,PASS
CLST-6669 20251001(20261006-052156).pdf,6,CLST-P6-T1,28,7,"3,592","3,592","3,592",3592.0,3592.0,PASS
CLST-6669 20251001(20261006-052156).pdf,6,CLST-P6-T1,29,0,Totalequity,Totalequity,Totalequity,,,PASS
CLST-6669 20251001(20261006-052156).pdf,6,CLST-P6-T1,29,1,"27,370","27,370","27,370",27370.0,27370.0,PASS
CLST-6669 20251001(20261006-052156).pdf,6,CLST-P6-T1,29,2,"38,787","38,787","38,787",38787.0,38787.0,PASS
CLST-6669 20251001(20261006-052156).pdf,6,CLST-P6-T1,29,3,"42,234","42,234","42,234",42234.0,42234.0,PASS
CLST-6669 20251001(20261006-052156).pdf,6,CLST-P6-T1,29,4,"88,203","88,203","88,203",88203.0,88203.0,PASS
CLST-6669 20251001(20261006-052156).pdf,6,CLST-P6-T1,29,5,"120,268","120,268","120,268",120268.0,120268.0,PASS
CLST-6669 20251001(20261006-052156).pdf,6,CLST-P6-T1,29,6,"143,715","143,715","143,715",143715.0,143715.0,PASS
CLST-6669 20251001(20261006-052156).pdf,6,CLST-P6-T1,29,7,"170,327","170,327","170,327",170327.0,170327.0,PASS
CLST-6669 20251001(20261006-052156).pdf,6,CLST-P6-T1,30,0,Totalliabs&equity,Totalliabs&equity,Totalliabs&equity,,,PASS
CLST-6669 20251001(20261006-052156).pdf,6,CLST-P6-T1,30,1,"84,737","84,737","84,737",84737.0,84737.0,PASS
CLST-6669 20251001(20261006-052156).pdf,6,CLST-P6-T1,30,2,"88,838","88,838","88,838",88838.0,88838.0,PASS
CLST-6669 20251001(20261006-052156).pdf,6,CLST-P6-T1,30,3,"88,845","88,845","88,845",88845.0,88845.0,PASS
CLST-6669 20251001(20261006-052156).pdf,6,CLST-P6-T1,30,4,"190,679","190,679","190,679",190679.0,190679.0,PASS
CLST-6669 20251001(20261006-052156).pdf,6,CLST-P6-T1,30,5,"243,675","243,675","243,675",243675.0,243675.0,PASS
CLST-6669 20251001(20261006-052156).pdf,6,CLST-P6-T1,30,6,"286,620","286,620","286,620",286620.0,286620.0,PASS
CLST-6669 20251001(20261006-052156).pdf,6,CLST-P6-T1,30,7,"332,056","332,056","332,056",332056.0,332056.0,PASS
CLST-6669 20251001(20261006-052156).pdf,6,CLST-P6-T1,31,0,Totaldebt,Totaldebt,Totaldebt,,,PASS
CLST-6669 20251001(20261006-052156).pdf,6,CLST-P6-T1,31,1,"30,702","30,702","30,702",30702.0,30702.0,PASS
CLST-6669 20251001(20261006-052156).pdf,6,CLST-P6-T1,31,2,"9,440","9,440","9,440",9440.0,9440.0,PASS
CLST-6669 20251001(20261006-052156).pdf,6,CLST-P6-T1,31,3,"11,327","11,327","11,327",11327.0,11327.0,PASS
CLST-6669 20251001(20261006-052156).pdf,6,CLST-P6-T1,31,4,"28,128","28,128","28,128",28128.0,28128.0,PASS
CLST-6669 20251001(20261006-052156).pdf,6,CLST-P6-T1,31,5,"26,212","26,212","26,212",26212.0,26212.0,PASS
CLST-6669 20251001(20261006-052156).pdf,6,CLST-P6-T1,31,6,"27,415","27,415","27,415",27415.0,27415.0,PASS
CLST-6669 20251001(20261006-052156).pdf,6,CLST-P6-T1,31,7,"28,052","28,052","28,052",28052.0,28052.0,PASS
CLST-6669 20251001(20261006-052156).pdf,6,CLST-P6-T1,32,0,Netdebt,Netdebt,Netdebt,,,PASS
CLST-6669 20251001(20261006-052156).pdf,6,CLST-P6-T1,32,1,"8,029","8,029","8,029",8029.0,8029.0,PASS
CLST-6669 20251001(20261006-052156).pdf,6,CLST-P6-T1,32,2,"(16,792)","(16,792)","(16,792)",-16792.0,-16792.0,PASS
CLST-6669 20251001(20261006-052156).pdf,6,CLST-P6-T1,32,3,"(26,168)","(26,168)","(26,168)",-26168.0,-26168.0,PASS
CLST-6669 20251001(20261006-052156).pdf,6,CLST-P6-T1,32,4,"(20,200)","(20,200)","(20,200)",-20200.0,-20200.0,PASS
CLST-6669 20251001(20261006-052156).pdf,6,CLST-P6-T1,32,5,"(28,363)","(28,363)","(28,363)",-28363.0,-28363.0,PASS
CLST-6669 20251001(20261006-052156).pdf,6,CLST-P6-T1,32,6,"(33,834)","(33,834)","(33,834)",-33834.0,-33834.0,PASS
CLST-6669 20251001(20261006-052156).pdf,6,CLST-P6-T1,32,7,"(37,748)","(37,748)","(37,748)",-37748.0,-37748.0,PASS
CLST-6669 20251001(20261006-052156).pdf,6,CLST-P6-T1,33,0,AdjustedEV,AdjustedEV,AdjustedEV,,,PASS
CLST-6669 20251001(20261006-052156).pdf,6,CLST-P6-T1,33,1,"584,217","584,217","584,217",584217.0,584217.0,PASS
CLST-6669 20251001(20261006-052156).pdf,6,CLST-P6-T1,33,2,"560,106","560,106","560,106",560106.0,560106.0,PASS
CLST-6669 20251001(20261006-052156).pdf,6,CLST-P6-T1,33,3,"548,601","548,601","548,601",548601.0,548601.0,PASS
CLST-6669 20251001(20261006-052156).pdf,6,CLST-P6-T1,33,4,"590,838","590,838","590,838",590838.0,590838.0,PASS
CLST-6669 20251001(20261006-052156).pdf,6,CLST-P6-T1,33,5,"607,333","607,333","607,333",607333.0,607333.0,PASS
CLST-6669 20251001(20261006-052156).pdf,6,CLST-P6-T1,33,6,"601,862","601,862","601,862",601862.0,601862.0,PASS
CLST-6669 20251001(20261006-052156).pdf,6,CLST-P6-T1,33,7,"597,948","597,948","597,948",597948.0,597948.0,PASS
CLST-6669 20251001(20261006-052156).pdf,6,CLST-P6-T1,34,0,BVPS(NT$),BVPS(NT$),BVPS(NT$),,,PASS
CLST-6669 20251001(20261006-052156).pdf,6,CLST-P6-T1,34,1,157.6,157.6,157.6,157.6,157.6,PASS
CLST-6669 20251001(20261006-052156).pdf,6,CLST-P6-T1,34,2,212.6,212.6,212.6,212.6,212.6,PASS
CLST-6669 20251001(20261006-052156).pdf,6,CLST-P6-T1,34,3,234.1,234.1,234.1,234.1,234.1,PASS
CLST-6669 20251001(20261006-052156).pdf,6,CLST-P6-T1,34,4,455.3,455.3,455.3,455.3,455.3,PASS
CLST-6669 20251001(20261006-052156).pdf,6,CLST-P6-T1,34,5,606.5,606.5,606.5,606.5,606.5,PASS
CLST-6669 20251001(20261006-052156).pdf,6,CLST-P6-T1,34,6,728.4,728.4,728.4,728.4,728.4,PASS
CLST-6669 20251001(20261006-052156).pdf,6,CLST-P6-T1,34,7,866.8,866.8,866.8,866.8,866.8,PASS
CLST-6669 20251001(20261006-052156).pdf,6,CLST-P6-T2,3,0,Keyratios,Keyratios,Keyratios,,,PASS
CLST-6669 20251001(20261006-052156).pdf,6,CLST-P6-T2,3,1,,,,,,PASS
CLST-6669 20251001(20261006-052156).pdf,6,CLST-P6-T2,3,2,,,,,,PASS
CLST-6669 20251001(20261006-052156).pdf,6,CLST-P6-T2,3,3,,,,,,PASS
CLST-6669 20251001(20261006-052156).pdf,6,CLST-P6-T2,3,4,,,,,,PASS
CLST-6669 20251001(20261006-052156).pdf,6,CLST-P6-T2,3,5,,,,,,PASS
CLST-6669 20251001(20261006-052156).pdf,6,CLST-P6-T2,3,6,,,,,,PASS
CLST-6669 20251001(20261006-052156).pdf,6,CLST-P6-T2,3,7,,,,,,PASS
CLST-6669 20251001(20261006-052156).pdf,6,CLST-P6-T2,4,0,Currentratio(x),Currentratio(x),Currentratio(x),,,PASS
CLST-6669 20251001(20261006-052156).pdf,6,CLST-P6-T2,4,1,1.7,1.7,1.7,1.7,1.7,PASS
CLST-6669 20251001(20261006-052156).pdf,6,CLST-P6-T2,4,2,2.2,2.2,2.2,2.2,2.2,PASS
CLST-6669 20251001(20261006-052156).pdf,6,CLST-P6-T2,4,3,2.2,2.2,2.2,2.2,2.2,PASS
CLST-6669 20251001(20261006-052156).pdf,6,CLST-P6-T2,4,4,2.3,2.3,2.3,2.3,2.3,PASS
CLST-6669 20251001(20261006-052156).pdf,6,CLST-P6-T2,4,5,2.2,2.2,2.2,2.2,2.2,PASS
CLST-6669 20251001(20261006-052156).pdf,6,CLST-P6-T2,4,6,2.2,2.2,2.2,2.2,2.2,PASS
CLST-6669 20251001(20261006-052156).pdf,6,CLST-P6-T2,4,7,2.2,2.2,2.2,2.2,2.2,PASS
CLST-6669 20251001(20261006-052156).pdf,6,CLST-P6-T2,5,0,Growthintotalassets(%YoY),Growthintotalassets(%YoY),Growthintotalassets(%YoY),,,PASS
CLST-6669 20251001(20261006-052156).pdf,6,CLST-P6-T2,5,1,54.8,54.8,54.8,54.8,54.8,PASS
CLST-6669 20251001(20261006-052156).pdf,6,CLST-P6-T2,5,2,4.8,4.8,4.8,4.8,4.8,PASS
CLST-6669 20251001(20261006-052156).pdf,6,CLST-P6-T2,5,3,0.0,0.0,0.0,0.0,0.0,PASS
CLST-6669 20251001(20261006-052156).pdf,6,CLST-P6-T2,5,4,114.6,114.6,114.6,114.6,114.6,PASS
CLST-6669 20251001(20261006-052156).pdf,6,CLST-P6-T2,5,5,27.8,27.8,27.8,27.8,27.8,PASS
CLST-6669 20251001(20261006-052156).pdf,6,CLST-P6-T2,5,6,17.6,17.6,17.6,17.6,17.6,PASS
CLST-6669 20251001(20261006-052156).pdf,6,CLST-P6-T2,5,7,15.9,15.9,15.9,15.9,15.9,PASS
CLST-6669 20251001(20261006-052156).pdf,6,CLST-P6-T2,6,0,Growthincapitalemployed(%YoY),Growthincapitalemployed(%YoY),Growthincapitalemployed(%YoY),,,PASS
CLST-6669 20251001(20261006-052156).pdf,6,CLST-P6-T2,6,1,204.2,204.2,204.2,204.2,204.2,PASS
CLST-6669 20251001(20261006-052156).pdf,6,CLST-P6-T2,6,2,(38.2),(38.2),(38.2),-38.2,-38.2,PASS
CLST-6669 20251001(20261006-052156).pdf,6,CLST-P6-T2,6,3,(27.6),(27.6),(27.6),-27.6,-27.6,PASS
CLST-6669 20251001(20261006-052156).pdf,6,CLST-P6-T2,6,4,328.3,328.3,328.3,328.3,328.3,PASS
CLST-6669 20251001(20261006-052156).pdf,6,CLST-P6-T2,6,5,36.1,36.1,36.1,36.1,36.1,PASS
CLST-6669 20251001(20261006-052156).pdf,6,CLST-P6-T2,6,6,19.6,19.6,19.6,19.6,19.6,PASS
CLST-6669 20251001(20261006-052156).pdf,6,CLST-P6-T2,6,7,20.7,20.7,20.7,20.7,20.7,PASS
CLST-6669 20251001(20261006-052156).pdf,6,CLST-P6-T2,7,0,Netdebttooperatingcashflow(x),Netdebttooperatingcashflow(x),Netdebttooperatingcashflow(x),,,PASS
CLST-6669 20251001(20261006-052156).pdf,6,CLST-P6-T2,7,1,(0.6),(0.6),(0.6),-0.6,-0.6,PASS
CLST-6669 20251001(20261006-052156).pdf,6,CLST-P6-T2,7,2,-,-,-,,,PASS
CLST-6669 20251001(20261006-052156).pdf,6,CLST-P6-T2,7,3,-,-,-,,,PASS
CLST-6669 20251001(20261006-052156).pdf,6,CLST-P6-T2,7,4,-,-,-,,,PASS
CLST-6669 20251001(20261006-052156).pdf,6,CLST-P6-T2,7,5,-,-,-,,,PASS
CLST-6669 20251001(20261006-052156).pdf,6,CLST-P6-T2,7,6,-,-,-,,,PASS
CLST-6669 20251001(20261006-052156).pdf,6,CLST-P6-T2,7,7,-,-,-,,,PASS
CLST-6669 20251001(20261006-052156).pdf,6,CLST-P6-T2,8,0,Grossdebttooperatingcashflow(x),Grossdebttooperatingcashflow(x),Grossdebttooperatingcashflow(x),,,PASS
CLST-6669 20251001(20261006-052156).pdf,6,CLST-P6-T2,8,1,(2.2),(2.2),(2.2),-2.2,-2.2,PASS
CLST-6669 20251001(20261006-052156).pdf,6,CLST-P6-T2,8,2,0.3,0.3,0.3,0.3,0.3,PASS
CLST-6669 20251001(20261006-052156).pdf,6,CLST-P6-T2,8,3,0.5,0.5,0.5,0.5,0.5,PASS
CLST-6669 20251001(20261006-052156).pdf,6,CLST-P6-T2,8,4,(1.4),(1.4),(1.4),-1.4,-1.4,PASS
CLST-6669 20251001(20261006-052156).pdf,6,CLST-P6-T2,8,5,0.8,0.8,0.8,0.8,0.8,PASS
CLST-6669 20251001(20261006-052156).pdf,6,CLST-P6-T2,8,6,0.8,0.8,0.8,0.8,0.8,PASS
CLST-6669 20251001(20261006-052156).pdf,6,CLST-P6-T2,8,7,0.8,0.8,0.8,0.8,0.8,PASS
CLST-6669 20251001(20261006-052156).pdf,6,CLST-P6-T2,9,0,GrossdebttoEbitda(x),GrossdebttoEbitda(x),GrossdebttoEbitda(x),,,PASS
CLST-6669 20251001(20261006-052156).pdf,6,CLST-P6-T2,9,1,2.6,2.6,2.6,2.6,2.6,PASS
CLST-6669 20251001(20261006-052156).pdf,6,CLST-P6-T2,9,2,0.5,0.5,0.5,0.5,0.5,PASS
CLST-6669 20251001(20261006-052156).pdf,6,CLST-P6-T2,9,3,0.7,0.7,0.7,0.7,0.7,PASS
CLST-6669 20251001(20261006-052156).pdf,6,CLST-P6-T2,9,4,0.9,0.9,0.9,0.9,0.9,PASS
CLST-6669 20251001(20261006-052156).pdf,6,CLST-P6-T2,9,5,0.4,0.4,0.4,0.4,0.4,PASS
CLST-6669 20251001(20261006-052156).pdf,6,CLST-P6-T2,9,6,0.4,0.4,0.4,0.4,0.4,PASS
CLST-6669 20251001(20261006-052156).pdf,6,CLST-P6-T2,9,7,0.4,0.4,0.4,0.4,0.4,PASS
CLST-6669 20251001(20261006-052156).pdf,6,CLST-P6-T2,10,0,Netdebt/Ebitda(x),Netdebt/Ebitda(x),Netdebt/Ebitda(x),,,PASS
CLST-6669 20251001(20261006-052156).pdf,6,CLST-P6-T2,10,1,0.7,0.7,0.7,0.7,0.7,PASS
CLST-6669 20251001(20261006-052156).pdf,6,CLST-P6-T2,10,2,-,-,-,,,PASS
CLST-6669 20251001(20261006-052156).pdf,6,CLST-P6-T2,10,3,-,-,-,,,PASS
CLST-6669 20251001(20261006-052156).pdf,6,CLST-P6-T2,10,4,-,-,-,,,PASS
CLST-6669 20251001(20261006-052156).pdf,6,CLST-P6-T2,10,5,-,-,-,,,PASS
CLST-6669 20251001(20261006-052156).pdf,6,CLST-P6-T2,10,6,-,-,-,,,PASS
CLST-6669 20251001(20261006-052156).pdf,6,CLST-P6-T2,10,7,-,-,-,,,PASS
CLST-6669 20251001(20261006-052156).pdf,6,CLST-P6-T2,11,0,Gearing,Gearing,Gearing,,,PASS
CLST-6669 20251001(20261006-052156).pdf,6,CLST-P6-T2,11,1,,,,,,PASS
CLST-6669 20251001(20261006-052156).pdf,6,CLST-P6-T2,11,2,,,,,,PASS
CLST-6669 20251001(20261006-052156).pdf,6,CLST-P6-T2,11,3,,,,,,PASS
CLST-6669 20251001(20261006-052156).pdf,6,CLST-P6-T2,11,4,,,,,,PASS
CLST-6669 20251001(20261006-052156).pdf,6,CLST-P6-T2,11,5,,,,,,PASS
CLST-6669 20251001(20261006-052156).pdf,6,CLST-P6-T2,11,6,,,,,,PASS
CLST-6669 20251001(20261006-052156).pdf,6,CLST-P6-T2,11,7,,,,,,PASS
CLST-6669 20251001(20261006-052156).pdf,6,CLST-P6-T2,12,0,Netdebt/equity(%),Netdebt/equity(%),Netdebt/equity(%),,,PASS
CLST-6669 20251001(20261006-052156).pdf,6,CLST-P6-T2,12,1,29.3,29.3,29.3,29.3,29.3,PASS
CLST-6669 20251001(20261006-052156).pdf,6,CLST-P6-T2,12,2,(43.3),(43.3),(43.3),-43.3,-43.3,PASS
CLST-6669 20251001(20261006-052156).pdf,6,CLST-P6-T2,12,3,(62.0),(62.0),(62.0),-62.0,-62.0,PASS
CLST-6669 20251001(20261006-052156).pdf,6,CLST-P6-T2,12,4,(22.9),(22.9),(22.9),-22.9,-22.9,PASS
CLST-6669 20251001(20261006-052156).pdf,6,CLST-P6-T2,12,5,(23.6),(23.6),(23.6),-23.6,-23.6,PASS
CLST-6669 20251001(20261006-052156).pdf,6,CLST-P6-T2,12,6,(23.5),(23.5),(23.5),-23.5,-23.5,PASS
CLST-6669 20251001(20261006-052156).pdf,6,CLST-P6-T2,12,7,(22.2),(22.2),(22.2),-22.2,-22.2,PASS
CLST-6669 20251001(20261006-052156).pdf,6,CLST-P6-T2,13,0,Grossdebt/equity(%),Grossdebt/equity(%),Grossdebt/equity(%),,,PASS
CLST-6669 20251001(20261006-052156).pdf,6,CLST-P6-T2,13,1,112.2,112.2,112.2,112.2,112.2,PASS
CLST-6669 20251001(20261006-052156).pdf,6,CLST-P6-T2,13,2,24.3,24.3,24.3,24.3,24.3,PASS
CLST-6669 20251001(20261006-052156).pdf,6,CLST-P6-T2,13,3,26.8,26.8,26.8,26.8,26.8,PASS
CLST-6669 20251001(20261006-052156).pdf,6,CLST-P6-T2,13,4,31.9,31.9,31.9,31.9,31.9,PASS
CLST-6669 20251001(20261006-052156).pdf,6,CLST-P6-T2,13,5,21.8,21.8,21.8,21.8,21.8,PASS
CLST-6669 20251001(20261006-052156).pdf,6,CLST-P6-T2,13,6,19.1,19.1,19.1,19.1,19.1,PASS
CLST-6669 20251001(20261006-052156).pdf,6,CLST-P6-T2,13,7,16.5,16.5,16.5,16.5,16.5,PASS
CLST-6669 20251001(20261006-052156).pdf,6,CLST-P6-T2,14,0,Interestcover(x),Interestcover(x),Interestcover(x),,,PASS
CLST-6669 20251001(20261006-052156).pdf,6,CLST-P6-T2,14,1,32.1,32.1,32.1,32.1,32.1,PASS
CLST-6669 20251001(20261006-052156).pdf,6,CLST-P6-T2,14,2,20.4,20.4,20.4,20.4,20.4,PASS
CLST-6669 20251001(20261006-052156).pdf,6,CLST-P6-T2,14,3,17.1,17.1,17.1,17.1,17.1,PASS
CLST-6669 20251001(20261006-052156).pdf,6,CLST-P6-T2,14,4,23.6,23.6,23.6,23.6,23.6,PASS
CLST-6669 20251001(20261006-052156).pdf,6,CLST-P6-T2,14,5,25.5,25.5,25.5,25.5,25.5,PASS
CLST-6669 20251001(20261006-052156).pdf,6,CLST-P6-T2,14,6,29.6,29.6,29.6,29.6,29.6,PASS
CLST-6669 20251001(20261006-052156).pdf,6,CLST-P6-T2,14,7,33.2,33.2,33.2,33.2,33.2,PASS
CLST-6669 20251001(20261006-052156).pdf,6,CLST-P6-T2,15,0,Debtcover(x),Debtcover(x),Debtcover(x),,,PASS
CLST-6669 20251001(20261006-052156).pdf,6,CLST-P6-T2,15,1,(0.5),(0.5),(0.5),-0.5,-0.5,PASS
CLST-6669 20251001(20261006-052156).pdf,6,CLST-P6-T2,15,2,3.2,3.2,3.2,3.2,3.2,PASS
CLST-6669 20251001(20261006-052156).pdf,6,CLST-P6-T2,15,3,2.0,2.0,2.0,2.0,2.0,PASS
CLST-6669 20251001(20261006-052156).pdf,6,CLST-P6-T2,15,4,(0.7),(0.7),(0.7),-0.7,-0.7,PASS
CLST-6669 20251001(20261006-052156).pdf,6,CLST-P6-T2,15,5,1.3,1.3,1.3,1.3,1.3,PASS
CLST-6669 20251001(20261006-052156).pdf,6,CLST-P6-T2,15,6,1.3,1.3,1.3,1.3,1.3,PASS
CLST-6669 20251001(20261006-052156).pdf,6,CLST-P6-T2,15,7,1.3,1.3,1.3,1.3,1.3,PASS
CLST-6669 20251001(20261006-052156).pdf,6,CLST-P6-T2,16,0,Netcashpershare(NT$),Netcashpershare(NT$),Netcashpershare(NT$),,,PASS
CLST-6669 20251001(20261006-052156).pdf,6,CLST-P6-T2,16,1,(45.9),(45.9),(45.9),-45.9,-45.9,PASS
CLST-6669 20251001(20261006-052156).pdf,6,CLST-P6-T2,16,2,96.0,96.0,96.0,96.0,96.0,PASS
CLST-6669 20251001(20261006-052156).pdf,6,CLST-P6-T2,16,3,149.7,149.7,149.7,149.7,149.7,PASS
CLST-6669 20251001(20261006-052156).pdf,6,CLST-P6-T2,16,4,112.3,112.3,112.3,112.3,112.3,PASS
CLST-6669 20251001(20261006-052156).pdf,6,CLST-P6-T2,16,5,147.4,147.4,147.4,147.4,147.4,PASS
CLST-6669 20251001(20261006-052156).pdf,6,CLST-P6-T2,16,6,175.9,175.9,175.9,175.9,175.9,PASS
CLST-6669 20251001(20261006-052156).pdf,6,CLST-P6-T2,16,7,196.2,196.2,196.2,196.2,196.2,PASS
CLST-6669 20251001(20261006-052156).pdf,6,CLST-P6-T2,17,0,Workingcapitalanalysis,Workingcapitalanalysis,Workingcapitalanalysis,,,PASS
CLST-6669 20251001(20261006-052156).pdf,6,CLST-P6-T2,17,1,,,,,,PASS
CLST-6669 20251001(20261006-052156).pdf,6,CLST-P6-T2,17,2,,,,,,PASS
CLST-6669 20251001(20261006-052156).pdf,6,CLST-P6-T2,17,3,,,,,,PASS
CLST-6669 20251001(20261006-052156).pdf,6,CLST-P6-T2,17,4,,,,,,PASS
CLST-6669 20251001(20261006-052156).pdf,6,CLST-P6-T2,17,5,,,,,,PASS
CLST-6669 20251001(20261006-052156).pdf,6,CLST-P6-T2,17,6,,,,,,PASS
CLST-6669 20251001(20261006-052156).pdf,6,CLST-P6-T2,17,7,,,,,,PASS
CLST-6669 20251001(20261006-052156).pdf,6,CLST-P6-T2,18,0,Inventorydays,Inventorydays,Inventorydays,,,PASS
CLST-6669 20251001(20261006-052156).pdf,6,CLST-P6-T2,18,1,67.2,67.2,67.2,67.2,67.2,PASS
CLST-6669 20251001(20261006-052156).pdf,6,CLST-P6-T2,18,2,55.2,55.2,55.2,55.2,55.2,PASS
CLST-6669 20251001(20261006-052156).pdf,6,CLST-P6-T2,18,3,55.1,55.1,55.1,55.1,55.1,PASS
CLST-6669 20251001(20261006-052156).pdf,6,CLST-P6-T2,18,4,65.7,65.7,65.7,65.7,65.7,PASS
CLST-6669 20251001(20261006-052156).pdf,6,CLST-P6-T2,18,5,43.8,43.8,43.8,43.8,43.8,PASS
CLST-6669 20251001(20261006-052156).pdf,6,CLST-P6-T2,18,6,44.5,44.5,44.5,44.5,44.5,PASS
CLST-6669 20251001(20261006-052156).pdf,6,CLST-P6-T2,18,7,45.1,45.1,45.1,45.1,45.1,PASS
CLST-6669 20251001(20261006-052156).pdf,6,CLST-P6-T2,19,0,Debtordays,Debtordays,Debtordays,,,PASS
CLST-6669 20251001(20261006-052156).pdf,6,CLST-P6-T2,19,1,22.2,22.2,22.2,22.2,22.2,PASS
CLST-6669 20251001(20261006-052156).pdf,6,CLST-P6-T2,19,2,21.9,21.9,21.9,21.9,21.9,PASS
CLST-6669 20251001(20261006-052156).pdf,6,CLST-P6-T2,19,3,24.4,24.4,24.4,24.4,24.4,PASS
CLST-6669 20251001(20261006-052156).pdf,6,CLST-P6-T2,19,4,25.1,25.1,25.1,25.1,25.1,PASS
CLST-6669 20251001(20261006-052156).pdf,6,CLST-P6-T2,19,5,20.1,20.1,20.1,20.1,20.1,PASS
CLST-6669 20251001(20261006-052156).pdf,6,CLST-P6-T2,19,6,22.3,22.3,22.3,22.3,22.3,PASS
CLST-6669 20251001(20261006-052156).pdf,6,CLST-P6-T2,19,7,22.6,22.6,22.6,22.6,22.6,PASS
CLST-6669 20251001(20261006-052156).pdf,6,CLST-P6-T2,20,0,Creditordays,Creditordays,Creditordays,,,PASS
CLST-6669 20251001(20261006-052156).pdf,6,CLST-P6-T2,20,1,31.8,31.8,31.8,31.8,31.8,PASS
CLST-6669 20251001(20261006-052156).pdf,6,CLST-P6-T2,20,2,30.4,30.4,30.4,30.4,30.4,PASS
CLST-6669 20251001(20261006-052156).pdf,6,CLST-P6-T2,20,3,38.8,38.8,38.8,38.8,38.8,PASS
CLST-6669 20251001(20261006-052156).pdf,6,CLST-P6-T2,20,4,41.7,41.7,41.7,41.7,41.7,PASS
CLST-6669 20251001(20261006-052156).pdf,6,CLST-P6-T2,20,5,30.3,30.3,30.3,30.3,30.3,PASS
CLST-6669 20251001(20261006-052156).pdf,6,CLST-P6-T2,20,6,33.4,33.4,33.4,33.4,33.4,PASS
CLST-6669 20251001(20261006-052156).pdf,6,CLST-P6-T2,20,7,33.9,33.9,33.9,33.9,33.9,PASS
CLST-6669 20251001(20261006-052156).pdf,6,CLST-P6-T2,21,0,Workingcapital/Sales(%),Workingcapital/Sales(%),Workingcapital/Sales(%),,,PASS
CLST-6669 20251001(20261006-052156).pdf,6,CLST-P6-T2,21,1,17.3,17.3,17.3,17.3,17.3,PASS
CLST-6669 20251001(20261006-052156).pdf,6,CLST-P6-T2,21,2,6.5,6.5,6.5,6.5,6.5,PASS
CLST-6669 20251001(20261006-052156).pdf,6,CLST-P6-T2,21,3,3.2,3.2,3.2,3.2,3.2,PASS
CLST-6669 20251001(20261006-052156).pdf,6,CLST-P6-T2,21,4,15.2,15.2,15.2,15.2,15.2,PASS
CLST-6669 20251001(20261006-052156).pdf,6,CLST-P6-T2,21,5,8.2,8.2,8.2,8.2,8.2,PASS
CLST-6669 20251001(20261006-052156).pdf,6,CLST-P6-T2,21,6,8.4,8.4,8.4,8.4,8.4,PASS
CLST-6669 20251001(20261006-052156).pdf,6,CLST-P6-T2,21,7,8.5,8.5,8.5,8.5,8.5,PASS
CLST-6669 20251001(20261006-052156).pdf,6,CLST-P6-T2,22,0,Capitalemployedanalysis,Capitalemployedanalysis,Capitalemployedanalysis,,,PASS
CLST-6669 20251001(20261006-052156).pdf,6,CLST-P6-T2,22,1,,,,,,PASS
CLST-6669 20251001(20261006-052156).pdf,6,CLST-P6-T2,22,2,,,,,,PASS
CLST-6669 20251001(20261006-052156).pdf,6,CLST-P6-T2,22,3,,,,,,PASS
CLST-6669 20251001(20261006-052156).pdf,6,CLST-P6-T2,22,4,,,,,,PASS
CLST-6669 20251001(20261006-052156).pdf,6,CLST-P6-T2,22,5,,,,,,PASS
CLST-6669 20251001(20261006-052156).pdf,6,CLST-P6-T2,22,6,,,,,,PASS
CLST-6669 20251001(20261006-052156).pdf,6,CLST-P6-T2,22,7,,,,,,PASS
CLST-6669 20251001(20261006-052156).pdf,6,CLST-P6-T2,23,0,Sales/Capitalemployed(%),Sales/Capitalemployed(%),Sales/Capitalemployed(%),,,PASS
CLST-6669 20251001(20261006-052156).pdf,6,CLST-P6-T2,23,1,546.5,546.5,546.5,546.5,546.5,PASS
CLST-6669 20251001(20261006-052156).pdf,6,CLST-P6-T2,23,2,"1,344.5","1,344.5","1,344.5",1344.5,1344.5,PASS
CLST-6669 20251001(20261006-052156).pdf,6,CLST-P6-T2,23,3,"1,534.7","1,534.7","1,534.7",1534.7,1534.7,PASS
CLST-6669 20251001(20261006-052156).pdf,6,CLST-P6-T2,23,4,534.0,534.0,534.0,534.0,534.0,PASS
CLST-6669 20251001(20261006-052156).pdf,6,CLST-P6-T2,23,5,957.4,957.4,957.4,957.4,957.4,PASS
CLST-6669 20251001(20261006-052156).pdf,6,CLST-P6-T2,23,6,961.0,961.0,961.0,961.0,961.0,PASS
CLST-6669 20251001(20261006-052156).pdf,6,CLST-P6-T2,23,7,928.5,928.5,928.5,928.5,928.5,PASS
CLST-6669 20251001(20261006-052156).pdf,6,CLST-P6-T2,24,0,EV/Capitalemployed(%),EV/Capitalemployed(%),EV/Capitalemployed(%),,,PASS
CLST-6669 20251001(20261006-052156).pdf,6,CLST-P6-T2,24,1,"1,657.5","1,657.5","1,657.5",1657.5,1657.5,PASS
CLST-6669 20251001(20261006-052156).pdf,6,CLST-P6-T2,24,2,"2,571.2","2,571.2","2,571.2",2571.2,2571.2,PASS
CLST-6669 20251001(20261006-052156).pdf,6,CLST-P6-T2,24,3,"3,480.4","3,480.4","3,480.4",3480.4,3480.4,PASS
CLST-6669 20251001(20261006-052156).pdf,6,CLST-P6-T2,24,4,875.1,875.1,875.1,875.1,875.1,PASS
CLST-6669 20251001(20261006-052156).pdf,6,CLST-P6-T2,24,5,660.8,660.8,660.8,660.8,660.8,PASS
CLST-6669 20251001(20261006-052156).pdf,6,CLST-P6-T2,24,6,547.7,547.7,547.7,547.7,547.7,PASS
CLST-6669 20251001(20261006-052156).pdf,6,CLST-P6-T2,24,7,451.0,451.0,451.0,451.0,451.0,PASS
CLST-6669 20251001(20261006-052156).pdf,6,CLST-P6-T2,25,0,Workingcapital/Capitalemployed(%),Workingcapital/Capitalemployed(%),Workingcapital/Capitalemployed(%),,,PASS
CLST-6669 20251001(20261006-052156).pdf,6,CLST-P6-T2,25,1,94.5,94.5,94.5,94.5,94.5,PASS
CLST-6669 20251001(20261006-052156).pdf,6,CLST-P6-T2,25,2,87.4,87.4,87.4,87.4,87.4,PASS
CLST-6669 20251001(20261006-052156).pdf,6,CLST-P6-T2,25,3,49.4,49.4,49.4,49.4,49.4,PASS
CLST-6669 20251001(20261006-052156).pdf,6,CLST-P6-T2,25,4,80.9,80.9,80.9,80.9,80.9,PASS
CLST-6669 20251001(20261006-052156).pdf,6,CLST-P6-T2,25,5,78.1,78.1,78.1,78.1,78.1,PASS
CLST-6669 20251001(20261006-052156).pdf,6,CLST-P6-T2,25,6,80.5,80.5,80.5,80.5,80.5,PASS
CLST-6669 20251001(20261006-052156).pdf,6,CLST-P6-T2,25,7,79.3,79.3,79.3,79.3,79.3,PASS
CLST-6669 20251001(20261006-052156).pdf,6,CLST-P6-T2,26,0,Fixedcapital/Capitalemployed(%),Fixedcapital/Capitalemployed(%),Fixedcapital/Capitalemployed(%),,,PASS
CLST-6669 20251001(20261006-052156).pdf,6,CLST-P6-T2,26,1,2.9,2.9,2.9,2.9,2.9,PASS
CLST-6669 20251001(20261006-052156).pdf,6,CLST-P6-T2,26,2,9.9,9.9,9.9,9.9,9.9,PASS
CLST-6669 20251001(20261006-052156).pdf,6,CLST-P6-T2,26,3,35.7,35.7,35.7,35.7,35.7,PASS
CLST-6669 20251001(20261006-052156).pdf,6,CLST-P6-T2,26,4,13.6,13.6,13.6,13.6,13.6,PASS
CLST-6669 20251001(20261006-052156).pdf,6,CLST-P6-T2,26,5,18.3,18.3,18.3,18.3,18.3,PASS
CLST-6669 20251001(20261006-052156).pdf,6,CLST-P6-T2,26,6,16.7,16.7,16.7,16.7,16.7,PASS
CLST-6669 20251001(20261006-052156).pdf,6,CLST-P6-T2,26,7,19.0,19.0,19.0,19.0,19.0,PASS
CLST-6669 20251001(20261006-052156).pdf,6,CLST-P6-T2,27,0,Otherratios(%),Otherratios(%),Otherratios(%),,,PASS
CLST-6669 20251001(20261006-052156).pdf,6,CLST-P6-T2,27,1,,,,,,PASS
CLST-6669 20251001(20261006-052156).pdf,6,CLST-P6-T2,27,2,,,,,,PASS
CLST-6669 20251001(20261006-052156).pdf,6,CLST-P6-T2,27,3,,,,,,PASS
CLST-6669 20251001(20261006-052156).pdf,6,CLST-P6-T2,27,4,,,,,,PASS
CLST-6669 20251001(20261006-052156).pdf,6,CLST-P6-T2,27,5,,,,,,PASS
CLST-6669 20251001(20261006-052156).pdf,6,CLST-P6-T2,27,6,,,,,,PASS
CLST-6669 20251001(20261006-052156).pdf,6,CLST-P6-T2,27,7,,,,,,PASS
CLST-6669 20251001(20261006-052156).pdf,6,CLST-P6-T2,28,0,PB(x),PB(x),PB(x),,,PASS
CLST-6669 20251001(20261006-052156).pdf,6,CLST-P6-T2,28,1,20.9,20.9,20.9,20.9,20.9,PASS
CLST-6669 20251001(20261006-052156).pdf,6,CLST-P6-T2,28,2,15.5,15.5,15.5,15.5,15.5,PASS
CLST-6669 20251001(20261006-052156).pdf,6,CLST-P6-T2,28,3,14.1,14.1,14.1,14.1,14.1,PASS
CLST-6669 20251001(20261006-052156).pdf,6,CLST-P6-T2,28,4,7.2,7.2,7.2,7.2,7.2,PASS
CLST-6669 20251001(20261006-052156).pdf,6,CLST-P6-T2,28,5,5.4,5.4,5.4,5.4,5.4,PASS
CLST-6669 20251001(20261006-052156).pdf,6,CLST-P6-T2,28,6,4.5,4.5,4.5,4.5,4.5,PASS
CLST-6669 20251001(20261006-052156).pdf,6,CLST-P6-T2,28,7,3.8,3.8,3.8,3.8,3.8,PASS
CLST-6669 20251001(20261006-052156).pdf,6,CLST-P6-T2,29,0,EV/Ebitda(x),EV/Ebitda(x),EV/Ebitda(x),,,PASS
CLST-6669 20251001(20261006-052156).pdf,6,CLST-P6-T2,29,1,49.0,49.0,49.0,49.0,49.0,PASS
CLST-6669 20251001(20261006-052156).pdf,6,CLST-P6-T2,29,2,30.1,30.1,30.1,30.1,30.1,PASS
CLST-6669 20251001(20261006-052156).pdf,6,CLST-P6-T2,29,3,32.5,32.5,32.5,32.5,32.5,PASS
CLST-6669 20251001(20261006-052156).pdf,6,CLST-P6-T2,29,4,19.6,19.6,19.6,19.6,19.6,PASS
CLST-6669 20251001(20261006-052156).pdf,6,CLST-P6-T2,29,5,9.7,9.7,9.7,9.7,9.7,PASS
CLST-6669 20251001(20261006-052156).pdf,6,CLST-P6-T2,29,6,9.1,9.1,9.1,9.1,9.1,PASS
CLST-6669 20251001(20261006-052156).pdf,6,CLST-P6-T2,29,7,8.3,8.3,8.3,8.3,8.3,PASS
CLST-6669 20251001(20261006-052156).pdf,6,CLST-P6-T2,30,0,EV/OCF(x),EV/OCF(x),EV/OCF(x),,,PASS
CLST-6669 20251001(20261006-052156).pdf,6,CLST-P6-T2,30,1,(41.1),(41.1),(41.1),-41.1,-41.1,PASS
CLST-6669 20251001(20261006-052156).pdf,6,CLST-P6-T2,30,2,18.3,18.3,18.3,18.3,18.3,PASS
CLST-6669 20251001(20261006-052156).pdf,6,CLST-P6-T2,30,3,23.8,23.8,23.8,23.8,23.8,PASS
CLST-6669 20251001(20261006-052156).pdf,6,CLST-P6-T2,30,4,(29.6),(29.6),(29.6),-29.6,-29.6,PASS
CLST-6669 20251001(20261006-052156).pdf,6,CLST-P6-T2,30,5,18.2,18.2,18.2,18.2,18.2,PASS
CLST-6669 20251001(20261006-052156).pdf,6,CLST-P6-T2,30,6,17.0,17.0,17.0,17.0,17.0,PASS
CLST-6669 20251001(20261006-052156).pdf,6,CLST-P6-T2,30,7,16.7,16.7,16.7,16.7,16.7,PASS
CLST-6669 20251001(20261006-052156).pdf,6,CLST-P6-T2,31,0,EV/FCF(x),EV/FCF(x),EV/FCF(x),,,PASS
CLST-6669 20251001(20261006-052156).pdf,6,CLST-P6-T2,31,1,(39.7),(39.7),(39.7),-39.7,-39.7,PASS
CLST-6669 20251001(20261006-052156).pdf,6,CLST-P6-T2,31,2,19.2,19.2,19.2,19.2,19.2,PASS
CLST-6669 20251001(20261006-052156).pdf,6,CLST-P6-T2,31,3,30.2,30.2,30.2,30.2,30.2,PASS
CLST-6669 20251001(20261006-052156).pdf,6,CLST-P6-T2,31,4,(23.7),(23.7),(23.7),-23.7,-23.7,PASS
CLST-6669 20251001(20261006-052156).pdf,6,CLST-P6-T2,31,5,33.6,33.6,33.6,33.6,33.6,PASS
CLST-6669 20251001(20261006-052156).pdf,6,CLST-P6-T2,31,6,19.1,19.1,19.1,19.1,19.1,PASS
CLST-6669 20251001(20261006-052156).pdf,6,CLST-P6-T2,31,7,18.7,18.7,18.7,18.7,18.7,PASS
CLST-6669 20251001(20261006-052156).pdf,6,CLST-P6-T2,32,0,EV/Sales(x),EV/Sales(x),EV/Sales(x),,,PASS
CLST-6669 20251001(20261006-052156).pdf,6,CLST-P6-T2,32,1,3.0,3.0,3.0,3.0,3.0,PASS
CLST-6669 20251001(20261006-052156).pdf,6,CLST-P6-T2,32,2,1.9,1.9,1.9,1.9,1.9,PASS
CLST-6669 20251001(20261006-052156).pdf,6,CLST-P6-T2,32,3,2.3,2.3,2.3,2.3,2.3,PASS
CLST-6669 20251001(20261006-052156).pdf,6,CLST-P6-T2,32,4,1.6,1.6,1.6,1.6,1.6,PASS
CLST-6669 20251001(20261006-052156).pdf,6,CLST-P6-T2,32,5,0.7,0.7,0.7,0.7,0.7,PASS
CLST-6669 20251001(20261006-052156).pdf,6,CLST-P6-T2,32,6,0.6,0.6,0.6,0.6,0.6,PASS
CLST-6669 20251001(20261006-052156).pdf,6,CLST-P6-T2,32,7,0.5,0.5,0.5,0.5,0.5,PASS
CLST-6669 20251001(20261006-052156).pdf,6,CLST-P6-T2,33,0,Capex/depreciation(%),Capex/depreciation(%),Capex/depreciation(%),,,PASS
CLST-6669 20251001(20261006-052156).pdf,6,CLST-P6-T2,33,1,101.0,101.0,101.0,101.0,101.0,PASS
CLST-6669 20251001(20261006-052156).pdf,6,CLST-P6-T2,33,2,216.6,216.6,216.6,216.6,216.6,PASS
CLST-6669 20251001(20261006-052156).pdf,6,CLST-P6-T2,33,3,553.9,553.9,553.9,553.9,553.9,PASS
CLST-6669 20251001(20261006-052156).pdf,6,CLST-P6-T2,33,4,267.5,267.5,267.5,267.5,267.5,PASS
CLST-6669 20251001(20261006-052156).pdf,6,CLST-P6-T2,33,5,333.6,333.6,333.6,333.6,333.6,PASS
CLST-6669 20251001(20261006-052156).pdf,6,CLST-P6-T2,33,6,166.2,166.2,166.2,166.2,166.2,PASS
CLST-6669 20251001(20261006-052156).pdf,6,CLST-P6-T2,33,7,347.3,347.3,347.3,347.3,347.3,PASS
CLST-6669 20251001(20261006-052156).pdf,7,CLST-P7-T1,3,0,Operatingprofit,Operatingprofit,Operatingprofit,,,PASS
CLST-6669 20251001(20261006-052156).pdf,7,CLST-P7-T1,3,1,"11,387","11,387","11,387",11387.0,11387.0,PASS
CLST-6669 20251001(20261006-052156).pdf,7,CLST-P7-T1,3,2,"17,834","17,834","17,834",17834.0,17834.0,PASS
CLST-6669 20251001(20261006-052156).pdf,7,CLST-P7-T1,3,3,"15,871","15,871","15,871",15871.0,15871.0,PASS
CLST-6669 20251001(20261006-052156).pdf,7,CLST-P7-T1,3,4,"28,099","28,099","28,099",28099.0,28099.0,PASS
CLST-6669 20251001(20261006-052156).pdf,7,CLST-P7-T1,3,5,"57,678","57,678","57,678",57678.0,57678.0,PASS
CLST-6669 20251001(20261006-052156).pdf,7,CLST-P7-T1,3,6,"63,647","63,647","63,647",63647.0,63647.0,PASS
CLST-6669 20251001(20261006-052156).pdf,7,CLST-P7-T1,3,7,"70,811","70,811","70,811",70811.0,70811.0,PASS
CLST-6669 20251001(20261006-052156).pdf,7,CLST-P7-T1,4,0,Operatingadjustments,Operatingadjustments,Operatingadjustments,,,PASS
CLST-6669 20251001(20261006-052156).pdf,7,CLST-P7-T1,4,1,"(2,732)","(2,732)","(2,732)",-2732.0,-2732.0,PASS
CLST-6669 20251001(20261006-052156).pdf,7,CLST-P7-T1,4,2,"(3,660)","(3,660)","(3,660)",-3660.0,-3660.0,PASS
CLST-6669 20251001(20261006-052156).pdf,7,CLST-P7-T1,4,3,"(3,827)","(3,827)","(3,827)",-3827.0,-3827.0,PASS
CLST-6669 20251001(20261006-052156).pdf,7,CLST-P7-T1,4,4,"(5,323)","(5,323)","(5,323)",-5323.0,-5323.0,PASS
CLST-6669 20251001(20261006-052156).pdf,7,CLST-P7-T1,4,5,"(12,363)","(12,363)","(12,363)",-12363.0,-12363.0,PASS
CLST-6669 20251001(20261006-052156).pdf,7,CLST-P7-T1,4,6,"(13,917)","(13,917)","(13,917)",-13917.0,-13917.0,PASS
CLST-6669 20251001(20261006-052156).pdf,7,CLST-P7-T1,4,7,"(15,355)","(15,355)","(15,355)",-15355.0,-15355.0,PASS
CLST-6669 20251001(20261006-052156).pdf,7,CLST-P7-T1,5,0,Depreciation/amortisation,Depreciation/amortisation,Depreciation/amortisation,,,PASS
CLST-6669 20251001(20261006-052156).pdf,7,CLST-P7-T1,5,1,548,548,548,548.0,548.0,PASS
CLST-6669 20251001(20261006-052156).pdf,7,CLST-P7-T1,5,2,762,762,762,762.0,762.0,PASS
CLST-6669 20251001(20261006-052156).pdf,7,CLST-P7-T1,5,3,"1,002","1,002","1,002",1002.0,1002.0,PASS
CLST-6669 20251001(20261006-052156).pdf,7,CLST-P7-T1,5,4,"2,005","2,005","2,005",2005.0,2005.0,PASS
CLST-6669 20251001(20261006-052156).pdf,7,CLST-P7-T1,5,5,"4,716","4,716","4,716",4716.0,4716.0,PASS
CLST-6669 20251001(20261006-052156).pdf,7,CLST-P7-T1,5,6,"2,407","2,407","2,407",2407.0,2407.0,PASS
CLST-6669 20251001(20261006-052156).pdf,7,CLST-P7-T1,5,7,"1,152","1,152","1,152",1152.0,1152.0,PASS
CLST-6669 20251001(20261006-052156).pdf,7,CLST-P7-T1,6,0,Workingcapitalchanges,Workingcapitalchanges,Workingcapitalchanges,,,PASS
CLST-6669 20251001(20261006-052156).pdf,7,CLST-P7-T1,6,1,"(23,294)","(23,294)","(23,294)",-23294.0,-23294.0,PASS
CLST-6669 20251001(20261006-052156).pdf,7,CLST-P7-T1,6,2,"14,195","14,195","14,195",14195.0,14195.0,PASS
CLST-6669 20251001(20261006-052156).pdf,7,CLST-P7-T1,6,3,"11,167","11,167","11,167",11167.0,11167.0,PASS
CLST-6669 20251001(20261006-052156).pdf,7,CLST-P7-T1,6,4,"(47,024)","(47,024)","(47,024)",-47024.0,-47024.0,PASS
CLST-6669 20251001(20261006-052156).pdf,7,CLST-P7-T1,6,5,"(16,632)","(16,632)","(16,632)",-16632.0,-16632.0,PASS
CLST-6669 20251001(20261006-052156).pdf,7,CLST-P7-T1,6,6,"(16,682)","(16,682)","(16,682)",-16682.0,-16682.0,PASS
CLST-6669 20251001(20261006-052156).pdf,7,CLST-P7-T1,6,7,"(16,754)","(16,754)","(16,754)",-16754.0,-16754.0,PASS
CLST-6669 20251001(20261006-052156).pdf,7,CLST-P7-T1,7,0,Interestpaid/otherfinancialexpenses,Interestpaid/otherfinancialexpenses,Interestpaid/otherfinancialexpenses,,,PASS
CLST-6669 20251001(20261006-052156).pdf,7,CLST-P7-T1,7,1,25,25,25,25.0,25.0,PASS
CLST-6669 20251001(20261006-052156).pdf,7,CLST-P7-T1,7,2,68,68,68,68.0,68.0,PASS
CLST-6669 20251001(20261006-052156).pdf,7,CLST-P7-T1,7,3,64,64,64,64.0,64.0,PASS
CLST-6669 20251001(20261006-052156).pdf,7,CLST-P7-T1,7,4,68,68,68,68.0,68.0,PASS
CLST-6669 20251001(20261006-052156).pdf,7,CLST-P7-T1,7,5,27,27,27,27.0,27.0,PASS
CLST-6669 20251001(20261006-052156).pdf,7,CLST-P7-T1,7,6,0,0,0,0.0,0.0,PASS
CLST-6669 20251001(20261006-052156).pdf,7,CLST-P7-T1,7,7,0,0,0,0.0,0.0,PASS
CLST-6669 20251001(20261006-052156).pdf,7,CLST-P7-T1,8,0,Taxpaid,Taxpaid,Taxpaid,,,PASS
CLST-6669 20251001(20261006-052156).pdf,7,CLST-P7-T1,8,1,-,-,-,,,PASS
CLST-6669 20251001(20261006-052156).pdf,7,CLST-P7-T1,8,2,-,-,-,,,PASS
CLST-6669 20251001(20261006-052156).pdf,7,CLST-P7-T1,8,3,-,-,-,,,PASS
CLST-6669 20251001(20261006-052156).pdf,7,CLST-P7-T1,8,4,-,-,-,,,PASS
CLST-6669 20251001(20261006-052156).pdf,7,CLST-P7-T1,8,5,-,-,-,,,PASS
CLST-6669 20251001(20261006-052156).pdf,7,CLST-P7-T1,8,6,-,-,-,,,PASS
CLST-6669 20251001(20261006-052156).pdf,7,CLST-P7-T1,8,7,"(3,960)","(3,960)","(3,960)",-3960.0,-3960.0,PASS
CLST-6669 20251001(20261006-052156).pdf,7,CLST-P7-T1,9,0,Othernon-cashoperatingitems,Othernon-cashoperatingitems,Othernon-cashoperatingitems,,,PASS
CLST-6669 20251001(20261006-052156).pdf,7,CLST-P7-T1,9,1,(146),(146),(146),-146.0,-146.0,PASS
CLST-6669 20251001(20261006-052156).pdf,7,CLST-P7-T1,9,2,"1,478","1,478","1,478",1478.0,1478.0,PASS
CLST-6669 20251001(20261006-052156).pdf,7,CLST-P7-T1,9,3,"(1,216)","(1,216)","(1,216)",-1216.0,-1216.0,PASS
CLST-6669 20251001(20261006-052156).pdf,7,CLST-P7-T1,9,4,"2,183","2,183","2,183",2183.0,2183.0,PASS
CLST-6669 20251001(20261006-052156).pdf,7,CLST-P7-T1,9,5,0,0,0,0.0,0.0,PASS
CLST-6669 20251001(20261006-052156).pdf,7,CLST-P7-T1,9,6,0,0,0,0.0,0.0,PASS
CLST-6669 20251001(20261006-052156).pdf,7,CLST-P7-T1,9,7,0,0,0,0.0,0.0,PASS
CLST-6669 20251001(20261006-052156).pdf,7,CLST-P7-T1,10,0,Netoperatingcashflow,Netoperatingcashflow,Netoperatingcashflow,,,PASS
CLST-6669 20251001(20261006-052156).pdf,7,CLST-P7-T1,10,1,"(14,212)","(14,212)","(14,212)",-14212.0,-14212.0,PASS
CLST-6669 20251001(20261006-052156).pdf,7,CLST-P7-T1,10,2,"30,678","30,678","30,678",30678.0,30678.0,PASS
CLST-6669 20251001(20261006-052156).pdf,7,CLST-P7-T1,10,3,"23,060","23,060","23,060",23060.0,23060.0,PASS
CLST-6669 20251001(20261006-052156).pdf,7,CLST-P7-T1,10,4,"(19,993)","(19,993)","(19,993)",-19993.0,-19993.0,PASS
CLST-6669 20251001(20261006-052156).pdf,7,CLST-P7-T1,10,5,"33,427","33,427","33,427",33427.0,33427.0,PASS
CLST-6669 20251001(20261006-052156).pdf,7,CLST-P7-T1,10,6,"35,455","35,455","35,455",35455.0,35455.0,PASS
CLST-6669 20251001(20261006-052156).pdf,7,CLST-P7-T1,10,7,"35,893","35,893","35,893",35893.0,35893.0,PASS
CLST-6669 20251001(20261006-052156).pdf,7,CLST-P7-T1,11,0,Capitalexpenditure,Capitalexpenditure,Capitalexpenditure,,,PASS
CLST-6669 20251001(20261006-052156).pdf,7,CLST-P7-T1,11,1,(511),(511),(511),-511.0,-511.0,PASS
CLST-6669 20251001(20261006-052156).pdf,7,CLST-P7-T1,11,2,"(1,466)","(1,466)","(1,466)",-1466.0,-1466.0,PASS
CLST-6669 20251001(20261006-052156).pdf,7,CLST-P7-T1,11,3,"(4,886)","(4,886)","(4,886)",-4886.0,-4886.0,PASS
CLST-6669 20251001(20261006-052156).pdf,7,CLST-P7-T1,11,4,"(4,891)","(4,891)","(4,891)",-4891.0,-4891.0,PASS
CLST-6669 20251001(20261006-052156).pdf,7,CLST-P7-T1,11,5,"(15,367)","(15,367)","(15,367)",-15367.0,-15367.0,PASS
CLST-6669 20251001(20261006-052156).pdf,7,CLST-P7-T1,11,6,"(4,000)","(4,000)","(4,000)",-4000.0,-4000.0,PASS
CLST-6669 20251001(20261006-052156).pdf,7,CLST-P7-T1,11,7,"(4,000)","(4,000)","(4,000)",-4000.0,-4000.0,PASS
CLST-6669 20251001(20261006-052156).pdf,7,CLST-P7-T1,12,0,Freecashflow,Freecashflow,Freecashflow,,,PASS
CLST-6669 20251001(20261006-052156).pdf,7,CLST-P7-T1,12,1,"(14,723)","(14,723)","(14,723)",-14723.0,-14723.0,PASS
CLST-6669 20251001(20261006-052156).pdf,7,CLST-P7-T1,12,2,"29,212","29,212","29,212",29212.0,29212.0,PASS
CLST-6669 20251001(20261006-052156).pdf,7,CLST-P7-T1,12,3,"18,175","18,175","18,175",18175.0,18175.0,PASS
CLST-6669 20251001(20261006-052156).pdf,7,CLST-P7-T1,12,4,"(24,884)","(24,884)","(24,884)",-24884.0,-24884.0,PASS
CLST-6669 20251001(20261006-052156).pdf,7,CLST-P7-T1,12,5,"18,060","18,060","18,060",18060.0,18060.0,PASS
CLST-6669 20251001(20261006-052156).pdf,7,CLST-P7-T1,12,6,"31,455","31,455","31,455",31455.0,31455.0,PASS
CLST-6669 20251001(20261006-052156).pdf,7,CLST-P7-T1,12,7,"31,893","31,893","31,893",31893.0,31893.0,PASS
CLST-6669 20251001(20261006-052156).pdf,7,CLST-P7-T1,13,0,Acq/inv/disposals,Acq/inv/disposals,Acq/inv/disposals,,,PASS
CLST-6669 20251001(20261006-052156).pdf,7,CLST-P7-T1,13,1,(277),(277),(277),-277.0,-277.0,PASS
CLST-6669 20251001(20261006-052156).pdf,7,CLST-P7-T1,13,2,-,-,-,,,PASS
CLST-6669 20251001(20261006-052156).pdf,7,CLST-P7-T1,13,3,-,-,-,,,PASS
CLST-6669 20251001(20261006-052156).pdf,7,CLST-P7-T1,13,4,(581),(581),(581),-581.0,-581.0,PASS
CLST-6669 20251001(20261006-052156).pdf,7,CLST-P7-T1,13,5,-,-,-,,,PASS
CLST-6669 20251001(20261006-052156).pdf,7,CLST-P7-T1,13,6,-,-,-,,,PASS
CLST-6669 20251001(20261006-052156).pdf,7,CLST-P7-T1,13,7,-,-,-,,,PASS
CLST-6669 20251001(20261006-052156).pdf,7,CLST-P7-T1,14,0,"Int,invt&associatediv","Int,invt&associatediv","Int,invt&associatediv",,,PASS
CLST-6669 20251001(20261006-052156).pdf,7,CLST-P7-T1,14,1,(252),(252),(252),-252.0,-252.0,PASS
CLST-6669 20251001(20261006-052156).pdf,7,CLST-P7-T1,14,2,(464),(464),(464),-464.0,-464.0,PASS
CLST-6669 20251001(20261006-052156).pdf,7,CLST-P7-T1,14,3,190,190,190,190.0,190.0,PASS
CLST-6669 20251001(20261006-052156).pdf,7,CLST-P7-T1,14,4,(183),(183),(183),-183.0,-183.0,PASS
CLST-6669 20251001(20261006-052156).pdf,7,CLST-P7-T1,14,5,652,652,652,652.0,652.0,PASS
CLST-6669 20251001(20261006-052156).pdf,7,CLST-P7-T1,14,6,652,652,652,652.0,652.0,PASS
CLST-6669 20251001(20261006-052156).pdf,7,CLST-P7-T1,14,7,652,652,652,652.0,652.0,PASS
CLST-6669 20251001(20261006-052156).pdf,7,CLST-P7-T1,15,0,Netinvestingcashflow,Netinvestingcashflow,Netinvestingcashflow,,,PASS
CLST-6669 20251001(20261006-052156).pdf,7,CLST-P7-T1,15,1,"(1,039)","(1,039)","(1,039)",-1039.0,-1039.0,PASS
CLST-6669 20251001(20261006-052156).pdf,7,CLST-P7-T1,15,2,"(1,930)","(1,930)","(1,930)",-1930.0,-1930.0,PASS
CLST-6669 20251001(20261006-052156).pdf,7,CLST-P7-T1,15,3,"(4,696)","(4,696)","(4,696)",-4696.0,-4696.0,PASS
CLST-6669 20251001(20261006-052156).pdf,7,CLST-P7-T1,15,4,"(5,655)","(5,655)","(5,655)",-5655.0,-5655.0,PASS
CLST-6669 20251001(20261006-052156).pdf,7,CLST-P7-T1,15,5,"(14,715)","(14,715)","(14,715)",-14715.0,-14715.0,PASS
CLST-6669 20251001(20261006-052156).pdf,7,CLST-P7-T1,15,6,"(3,348)","(3,348)","(3,348)",-3348.0,-3348.0,PASS
CLST-6669 20251001(20261006-052156).pdf,7,CLST-P7-T1,15,7,"(3,348)","(3,348)","(3,348)",-3348.0,-3348.0,PASS
CLST-6669 20251001(20261006-052156).pdf,7,CLST-P7-T1,16,0,Increaseinloans,Increaseinloans,Increaseinloans,,,PASS
CLST-6669 20251001(20261006-052156).pdf,7,CLST-P7-T1,16,1,"20,574","20,574","20,574",20574.0,20574.0,PASS
CLST-6669 20251001(20261006-052156).pdf,7,CLST-P7-T1,16,2,"(22,561)","(22,561)","(22,561)",-22561.0,-22561.0,PASS
CLST-6669 20251001(20261006-052156).pdf,7,CLST-P7-T1,16,3,"1,893","1,893","1,893",1893.0,1893.0,PASS
CLST-6669 20251001(20261006-052156).pdf,7,CLST-P7-T1,16,4,"17,885","17,885","17,885",17885.0,17885.0,PASS
CLST-6669 20251001(20261006-052156).pdf,7,CLST-P7-T1,16,5,400,400,400,400.0,400.0,PASS
CLST-6669 20251001(20261006-052156).pdf,7,CLST-P7-T1,16,6,400,400,400,400.0,400.0,PASS
CLST-6669 20251001(20261006-052156).pdf,7,CLST-P7-T1,16,7,400,400,400,400.0,400.0,PASS
CLST-6669 20251001(20261006-052156).pdf,7,CLST-P7-T1,17,0,Dividends,Dividends,Dividends,,,PASS
CLST-6669 20251001(20261006-052156).pdf,7,CLST-P7-T1,17,1,"(5,595)","(5,595)","(5,595)",-5595.0,-5595.0,PASS
CLST-6669 20251001(20261006-052156).pdf,7,CLST-P7-T1,17,2,"(4,371)","(4,371)","(4,371)",-4371.0,-4371.0,PASS
CLST-6669 20251001(20261006-052156).pdf,7,CLST-P7-T1,17,3,"(8,742)","(8,742)","(8,742)",-8742.0,-8742.0,PASS
CLST-6669 20251001(20261006-052156).pdf,7,CLST-P7-T1,17,4,"(7,343)","(7,343)","(7,343)",-7343.0,-7343.0,PASS
CLST-6669 20251001(20261006-052156).pdf,7,CLST-P7-T1,17,5,"(13,316)","(13,316)","(13,316)",-13316.0,-13316.0,PASS
CLST-6669 20251001(20261006-052156).pdf,7,CLST-P7-T1,17,6,"(26,283)","(26,283)","(26,283)",-26283.0,-26283.0,PASS
CLST-6669 20251001(20261006-052156).pdf,7,CLST-P7-T1,17,7,"(28,843)","(28,843)","(28,843)",-28843.0,-28843.0,PASS
CLST-6669 20251001(20261006-052156).pdf,7,CLST-P7-T1,18,0,Netequityraised/others,Netequityraised/others,Netequityraised/others,,,PASS
CLST-6669 20251001(20261006-052156).pdf,7,CLST-P7-T1,18,1,(124),(124),(124),-124.0,-124.0,PASS
CLST-6669 20251001(20261006-052156).pdf,7,CLST-P7-T1,18,2,751,751,751,751.0,751.0,PASS
CLST-6669 20251001(20261006-052156).pdf,7,CLST-P7-T1,18,3,(265),(265),(265),-265.0,-265.0,PASS
CLST-6669 20251001(20261006-052156).pdf,7,CLST-P7-T1,18,4,"25,774","25,774","25,774",25774.0,25774.0,PASS
CLST-6669 20251001(20261006-052156).pdf,7,CLST-P7-T1,18,5,350,350,350,350.0,350.0,PASS
CLST-6669 20251001(20261006-052156).pdf,7,CLST-P7-T1,18,6,350,350,350,350.0,350.0,PASS
CLST-6669 20251001(20261006-052156).pdf,7,CLST-P7-T1,18,7,350,350,350,350.0,350.0,PASS
CLST-6669 20251001(20261006-052156).pdf,7,CLST-P7-T1,19,0,Netfinancingcashflow,Netfinancingcashflow,Netfinancingcashflow,,,PASS
CLST-6669 20251001(20261006-052156).pdf,7,CLST-P7-T1,19,1,"14,855","14,855","14,855",14855.0,14855.0,PASS
CLST-6669 20251001(20261006-052156).pdf,7,CLST-P7-T1,19,2,"(26,181)","(26,181)","(26,181)",-26181.0,-26181.0,PASS
CLST-6669 20251001(20261006-052156).pdf,7,CLST-P7-T1,19,3,"(7,115)","(7,115)","(7,115)",-7115.0,-7115.0,PASS
CLST-6669 20251001(20261006-052156).pdf,7,CLST-P7-T1,19,4,"36,316","36,316","36,316",36316.0,36316.0,PASS
CLST-6669 20251001(20261006-052156).pdf,7,CLST-P7-T1,19,5,"(12,566)","(12,566)","(12,566)",-12566.0,-12566.0,PASS
CLST-6669 20251001(20261006-052156).pdf,7,CLST-P7-T1,19,6,"(25,533)","(25,533)","(25,533)",-25533.0,-25533.0,PASS
CLST-6669 20251001(20261006-052156).pdf,7,CLST-P7-T1,19,7,"(28,093)","(28,093)","(28,093)",-28093.0,-28093.0,PASS
CLST-6669 20251001(20261006-052156).pdf,7,CLST-P7-T1,20,0,Incr/(decr)innetcash,Incr/(decr)innetcash,Incr/(decr)innetcash,,,PASS
CLST-6669 20251001(20261006-052156).pdf,7,CLST-P7-T1,20,1,(397),(397),(397),-397.0,-397.0,PASS
CLST-6669 20251001(20261006-052156).pdf,7,CLST-P7-T1,20,2,"2,567","2,567","2,567",2567.0,2567.0,PASS
CLST-6669 20251001(20261006-052156).pdf,7,CLST-P7-T1,20,3,"11,250","11,250","11,250",11250.0,11250.0,PASS
CLST-6669 20251001(20261006-052156).pdf,7,CLST-P7-T1,20,4,"10,668","10,668","10,668",10668.0,10668.0,PASS
CLST-6669 20251001(20261006-052156).pdf,7,CLST-P7-T1,20,5,"6,146","6,146","6,146",6146.0,6146.0,PASS
CLST-6669 20251001(20261006-052156).pdf,7,CLST-P7-T1,20,6,"6,574","6,574","6,574",6574.0,6574.0,PASS
CLST-6669 20251001(20261006-052156).pdf,7,CLST-P7-T1,20,7,"4,452","4,452","4,452",4452.0,4452.0,PASS
CLST-6669 20251001(20261006-052156).pdf,7,CLST-P7-T1,21,0,Exchratemovements,Exchratemovements,Exchratemovements,,,PASS
CLST-6669 20251001(20261006-052156).pdf,7,CLST-P7-T1,21,1,(99),(99),(99),-99.0,-99.0,PASS
CLST-6669 20251001(20261006-052156).pdf,7,CLST-P7-T1,21,2,992,992,992,992.0,992.0,PASS
CLST-6669 20251001(20261006-052156).pdf,7,CLST-P7-T1,21,3,13,13,13,13.0,13.0,PASS
CLST-6669 20251001(20261006-052156).pdf,7,CLST-P7-T1,21,4,166,166,166,166.0,166.0,PASS
CLST-6669 20251001(20261006-052156).pdf,7,CLST-P7-T1,21,5,100,100,100,100.0,100.0,PASS
CLST-6669 20251001(20261006-052156).pdf,7,CLST-P7-T1,21,6,100,100,100,100.0,100.0,PASS
CLST-6669 20251001(20261006-052156).pdf,7,CLST-P7-T1,21,7,100,100,100,100.0,100.0,PASS
CLST-6669 20251001(20261006-052156).pdf,7,CLST-P7-T1,22,0,Openingcash,Openingcash,Openingcash,,,PASS
CLST-6669 20251001(20261006-052156).pdf,7,CLST-P7-T1,22,1,"23,169","23,169","23,169",23169.0,23169.0,PASS
CLST-6669 20251001(20261006-052156).pdf,7,CLST-P7-T1,22,2,"22,673","22,673","22,673",22673.0,22673.0,PASS
CLST-6669 20251001(20261006-052156).pdf,7,CLST-P7-T1,22,3,"26,232","26,232","26,232",26232.0,26232.0,PASS
CLST-6669 20251001(20261006-052156).pdf,7,CLST-P7-T1,22,4,"37,495","37,495","37,495",37495.0,37495.0,PASS
CLST-6669 20251001(20261006-052156).pdf,7,CLST-P7-T1,22,5,"48,329","48,329","48,329",48329.0,48329.0,PASS
CLST-6669 20251001(20261006-052156).pdf,7,CLST-P7-T1,22,6,"54,575","54,575","54,575",54575.0,54575.0,PASS
CLST-6669 20251001(20261006-052156).pdf,7,CLST-P7-T1,22,7,"61,248","61,248","61,248",61248.0,61248.0,PASS
CLST-6669 20251001(20261006-052156).pdf,7,CLST-P7-T1,23,0,Closingcash,Closingcash,Closingcash,,,PASS
CLST-6669 20251001(20261006-052156).pdf,7,CLST-P7-T1,23,1,"22,673","22,673","22,673",22673.0,22673.0,PASS
CLST-6669 20251001(20261006-052156).pdf,7,CLST-P7-T1,23,2,"26,232","26,232","26,232",26232.0,26232.0,PASS
CLST-6669 20251001(20261006-052156).pdf,7,CLST-P7-T1,23,3,"37,495","37,495","37,495",37495.0,37495.0,PASS
CLST-6669 20251001(20261006-052156).pdf,7,CLST-P7-T1,23,4,"48,329","48,329","48,329",48329.0,48329.0,PASS
CLST-6669 20251001(20261006-052156).pdf,7,CLST-P7-T1,23,5,"54,575","54,575","54,575",54575.0,54575.0,PASS
CLST-6669 20251001(20261006-052156).pdf,7,CLST-P7-T1,23,6,"61,248","61,248","61,248",61248.0,61248.0,PASS
CLST-6669 20251001(20261006-052156).pdf,7,CLST-P7-T1,23,7,"65,800","65,800","65,800",65800.0,65800.0,PASS
CLST-6669 20251001(20261006-052156).pdf,7,CLST-P7-T1,24,0,OCFPS(NT$),OCFPS(NT$),OCFPS(NT$),,,PASS
CLST-6669 20251001(20261006-052156).pdf,7,CLST-P7-T1,24,1,(81.3),(81.3),(81.3),-81.3,-81.3,PASS
CLST-6669 20251001(20261006-052156).pdf,7,CLST-P7-T1,24,2,175.5,175.5,175.5,175.5,175.5,PASS
CLST-6669 20251001(20261006-052156).pdf,7,CLST-P7-T1,24,3,131.9,131.9,131.9,131.9,131.9,PASS
CLST-6669 20251001(20261006-052156).pdf,7,CLST-P7-T1,24,4,(111.1),(111.1),(111.1),-111.1,-111.1,PASS
CLST-6669 20251001(20261006-052156).pdf,7,CLST-P7-T1,24,5,173.8,173.8,173.8,173.8,173.8,PASS
CLST-6669 20251001(20261006-052156).pdf,7,CLST-P7-T1,24,6,184.3,184.3,184.3,184.3,184.3,PASS
CLST-6669 20251001(20261006-052156).pdf,7,CLST-P7-T1,24,7,186.6,186.6,186.6,186.6,186.6,PASS
CLST-6669 20251001(20261006-052156).pdf,7,CLST-P7-T1,25,0,FCFPS(NT$),FCFPS(NT$),FCFPS(NT$),,,PASS
CLST-6669 20251001(20261006-052156).pdf,7,CLST-P7-T1,25,1,(84.2),(84.2),(84.2),-84.2,-84.2,PASS
CLST-6669 20251001(20261006-052156).pdf,7,CLST-P7-T1,25,2,167.1,167.1,167.1,167.1,167.1,PASS
CLST-6669 20251001(20261006-052156).pdf,7,CLST-P7-T1,25,3,103.9,103.9,103.9,103.9,103.9,PASS
CLST-6669 20251001(20261006-052156).pdf,7,CLST-P7-T1,25,4,(138.3),(138.3),(138.3),-138.3,-138.3,PASS
CLST-6669 20251001(20261006-052156).pdf,7,CLST-P7-T1,25,5,93.9,93.9,93.9,93.9,93.9,PASS
CLST-6669 20251001(20261006-052156).pdf,7,CLST-P7-T1,25,6,163.5,163.5,163.5,163.5,163.5,PASS
CLST-6669 20251001(20261006-052156).pdf,7,CLST-P7-T1,25,7,165.8,165.8,165.8,165.8,165.8,PASS
CLST-6669 20251001(20261006-052156).pdf,7,CLST-P7-T2,3,0,Growth(%),Growth(%),Growth(%),,,PASS
CLST-6669 20251001(20261006-052156).pdf,7,CLST-P7-T2,3,1,,,,,,PASS
CLST-6669 20251001(20261006-052156).pdf,7,CLST-P7-T2,3,2,,,,,,PASS
CLST-6669 20251001(20261006-052156).pdf,7,CLST-P7-T2,3,3,,,,,,PASS
CLST-6669 20251001(20261006-052156).pdf,7,CLST-P7-T2,3,4,,,,,,PASS
CLST-6669 20251001(20261006-052156).pdf,7,CLST-P7-T2,3,5,,,,,,PASS
CLST-6669 20251001(20261006-052156).pdf,7,CLST-P7-T2,3,6,,,,,,PASS
CLST-6669 20251001(20261006-052156).pdf,7,CLST-P7-T2,3,7,,,,,,PASS
CLST-6669 20251001(20261006-052156).pdf,7,CLST-P7-T2,4,0,Opcashflowgrowth(%YoY),Opcashflowgrowth(%YoY),Opcashflowgrowth(%YoY),,,PASS
CLST-6669 20251001(20261006-052156).pdf,7,CLST-P7-T2,4,1,(200.9),(200.9),(200.9),-200.9,-200.9,PASS
CLST-6669 20251001(20261006-052156).pdf,7,CLST-P7-T2,4,2,nm,nm,nm,,,PASS
CLST-6669 20251001(20261006-052156).pdf,7,CLST-P7-T2,4,3,(24.8),(24.8),(24.8),-24.8,-24.8,PASS
CLST-6669 20251001(20261006-052156).pdf,7,CLST-P7-T2,4,4,(186.7),(186.7),(186.7),-186.7,-186.7,PASS
CLST-6669 20251001(20261006-052156).pdf,7,CLST-P7-T2,4,5,nm,nm,nm,,,PASS
CLST-6669 20251001(20261006-052156).pdf,7,CLST-P7-T2,4,6,6.1,6.1,6.1,6.1,6.1,PASS
CLST-6669 20251001(20261006-052156).pdf,7,CLST-P7-T2,4,7,1.2,1.2,1.2,1.2,1.2,PASS
CLST-6669 20251001(20261006-052156).pdf,7,CLST-P7-T2,5,0,FCFgrowth(%YoY),FCFgrowth(%YoY),FCFgrowth(%YoY),,,PASS
CLST-6669 20251001(20261006-052156).pdf,7,CLST-P7-T2,5,1,(208.7),(208.7),(208.7),-208.7,-208.7,PASS
CLST-6669 20251001(20261006-052156).pdf,7,CLST-P7-T2,5,2,-,-,-,,,PASS
CLST-6669 20251001(20261006-052156).pdf,7,CLST-P7-T2,5,3,(37.8),(37.8),(37.8),-37.8,-37.8,PASS
CLST-6669 20251001(20261006-052156).pdf,7,CLST-P7-T2,5,4,(236.9),(236.9),(236.9),-236.9,-236.9,PASS
CLST-6669 20251001(20261006-052156).pdf,7,CLST-P7-T2,5,5,-,-,-,,,PASS
CLST-6669 20251001(20261006-052156).pdf,7,CLST-P7-T2,5,6,74.2,74.2,74.2,74.2,74.2,PASS
CLST-6669 20251001(20261006-052156).pdf,7,CLST-P7-T2,5,7,1.4,1.4,1.4,1.4,1.4,PASS
CLST-6669 20251001(20261006-052156).pdf,7,CLST-P7-T2,6,0,Capexgrowth(%),Capexgrowth(%),Capexgrowth(%),,,PASS
CLST-6669 20251001(20261006-052156).pdf,7,CLST-P7-T2,6,1,(7.6),(7.6),(7.6),-7.6,-7.6,PASS
CLST-6669 20251001(20261006-052156).pdf,7,CLST-P7-T2,6,2,187.0,187.0,187.0,187.0,187.0,PASS
CLST-6669 20251001(20261006-052156).pdf,7,CLST-P7-T2,6,3,233.4,233.4,233.4,233.4,233.4,PASS
CLST-6669 20251001(20261006-052156).pdf,7,CLST-P7-T2,6,4,0.1,0.1,0.1,0.1,0.1,PASS
CLST-6669 20251001(20261006-052156).pdf,7,CLST-P7-T2,6,5,214.2,214.2,214.2,214.2,214.2,PASS
CLST-6669 20251001(20261006-052156).pdf,7,CLST-P7-T2,6,6,(74.0),(74.0),(74.0),-74.0,-74.0,PASS
CLST-6669 20251001(20261006-052156).pdf,7,CLST-P7-T2,6,7,0.0,0.0,0.0,0.0,0.0,PASS
CLST-6669 20251001(20261006-052156).pdf,7,CLST-P7-T2,7,0,Otherkeyratios(%),Otherkeyratios(%),Otherkeyratios(%),,,PASS
CLST-6669 20251001(20261006-052156).pdf,7,CLST-P7-T2,7,1,,,,,,PASS
CLST-6669 20251001(20261006-052156).pdf,7,CLST-P7-T2,7,2,,,,,,PASS
CLST-6669 20251001(20261006-052156).pdf,7,CLST-P7-T2,7,3,,,,,,PASS
CLST-6669 20251001(20261006-052156).pdf,7,CLST-P7-T2,7,4,,,,,,PASS
CLST-6669 20251001(20261006-052156).pdf,7,CLST-P7-T2,7,5,,,,,,PASS
CLST-6669 20251001(20261006-052156).pdf,7,CLST-P7-T2,7,6,,,,,,PASS
CLST-6669 20251001(20261006-052156).pdf,7,CLST-P7-T2,7,7,,,,,,PASS
CLST-6669 20251001(20261006-052156).pdf,7,CLST-P7-T2,8,0,Capex/sales(%),Capex/sales(%),Capex/sales(%),,,PASS
CLST-6669 20251001(20261006-052156).pdf,7,CLST-P7-T2,8,1,0.3,0.3,0.3,0.3,0.3,PASS
CLST-6669 20251001(20261006-052156).pdf,7,CLST-P7-T2,8,2,0.5,0.5,0.5,0.5,0.5,PASS
CLST-6669 20251001(20261006-052156).pdf,7,CLST-P7-T2,8,3,2.0,2.0,2.0,2.0,2.0,PASS
CLST-6669 20251001(20261006-052156).pdf,7,CLST-P7-T2,8,4,1.4,1.4,1.4,1.4,1.4,PASS
CLST-6669 20251001(20261006-052156).pdf,7,CLST-P7-T2,8,5,1.7,1.7,1.7,1.7,1.7,PASS
CLST-6669 20251001(20261006-052156).pdf,7,CLST-P7-T2,8,6,0.4,0.4,0.4,0.4,0.4,PASS
CLST-6669 20251001(20261006-052156).pdf,7,CLST-P7-T2,8,7,0.3,0.3,0.3,0.3,0.3,PASS
CLST-6669 20251001(20261006-052156).pdf,7,CLST-P7-T2,9,0,Capex/opcashflow(%),Capex/opcashflow(%),Capex/opcashflow(%),,,PASS
CLST-6669 20251001(20261006-052156).pdf,7,CLST-P7-T2,9,1,(3.6),(3.6),(3.6),-3.6,-3.6,PASS
CLST-6669 20251001(20261006-052156).pdf,7,CLST-P7-T2,9,2,4.8,4.8,4.8,4.8,4.8,PASS
CLST-6669 20251001(20261006-052156).pdf,7,CLST-P7-T2,9,3,21.2,21.2,21.2,21.2,21.2,PASS
CLST-6669 20251001(20261006-052156).pdf,7,CLST-P7-T2,9,4,(24.5),(24.5),(24.5),-24.5,-24.5,PASS
CLST-6669 20251001(20261006-052156).pdf,7,CLST-P7-T2,9,5,46.0,46.0,46.0,46.0,46.0,PASS
CLST-6669 20251001(20261006-052156).pdf,7,CLST-P7-T2,9,6,11.3,11.3,11.3,11.3,11.3,PASS
CLST-6669 20251001(20261006-052156).pdf,7,CLST-P7-T2,9,7,11.1,11.1,11.1,11.1,11.1,PASS
CLST-6669 20251001(20261006-052156).pdf,7,CLST-P7-T2,10,0,Operatingcashflowpayoutratio(%),Operatingcashflowpayoutratio(%),Operatingcashflowpayoutratio(%),,,PASS
CLST-6669 20251001(20261006-052156).pdf,7,CLST-P7-T2,10,1,-,-,-,,,PASS
CLST-6669 20251001(20261006-052156).pdf,7,CLST-P7-T2,10,2,28.5,28.5,28.5,28.5,28.5,PASS
CLST-6669 20251001(20261006-052156).pdf,7,CLST-P7-T2,10,3,31.8,31.8,31.8,31.8,31.8,PASS
CLST-6669 20251001(20261006-052156).pdf,7,CLST-P7-T2,10,4,-,-,-,,,PASS
CLST-6669 20251001(20261006-052156).pdf,7,CLST-P7-T2,10,5,78.6,78.6,78.6,78.6,78.6,PASS
CLST-6669 20251001(20261006-052156).pdf,7,CLST-P7-T2,10,6,81.4,81.4,81.4,81.4,81.4,PASS
CLST-6669 20251001(20261006-052156).pdf,7,CLST-P7-T2,10,7,89.6,89.6,89.6,89.6,89.6,PASS
CLST-6669 20251001(20261006-052156).pdf,7,CLST-P7-T2,11,0,Cashflowpayoutratio(%),Cashflowpayoutratio(%),Cashflowpayoutratio(%),,,PASS
CLST-6669 20251001(20261006-052156).pdf,7,CLST-P7-T2,11,1,-,-,-,,,PASS
CLST-6669 20251001(20261006-052156).pdf,7,CLST-P7-T2,11,2,14.2,14.2,14.2,14.2,14.2,PASS
CLST-6669 20251001(20261006-052156).pdf,7,CLST-P7-T2,11,3,37.9,37.9,37.9,37.9,37.9,PASS
CLST-6669 20251001(20261006-052156).pdf,7,CLST-P7-T2,11,4,-,-,-,,,PASS
CLST-6669 20251001(20261006-052156).pdf,7,CLST-P7-T2,11,5,39.8,39.8,39.8,39.8,39.8,PASS
CLST-6669 20251001(20261006-052156).pdf,7,CLST-P7-T2,11,6,74.1,74.1,74.1,74.1,74.1,PASS
CLST-6669 20251001(20261006-052156).pdf,7,CLST-P7-T2,11,7,80.4,80.4,80.4,80.4,80.4,PASS
CLST-6669 20251001(20261006-052156).pdf,7,CLST-P7-T2,12,0,Freecashflowpayoutratio(%),Freecashflowpayoutratio(%),Freecashflowpayoutratio(%),,,PASS
CLST-6669 20251001(20261006-052156).pdf,7,CLST-P7-T2,12,1,-,-,-,,,PASS
CLST-6669 20251001(20261006-052156).pdf,7,CLST-P7-T2,12,2,15.0,15.0,15.0,15.0,15.0,PASS
CLST-6669 20251001(20261006-052156).pdf,7,CLST-P7-T2,12,3,48.1,48.1,48.1,48.1,48.1,PASS
CLST-6669 20251001(20261006-052156).pdf,7,CLST-P7-T2,12,4,-,-,-,,,PASS
CLST-6669 20251001(20261006-052156).pdf,7,CLST-P7-T2,12,5,73.7,73.7,73.7,73.7,73.7,PASS
CLST-6669 20251001(20261006-052156).pdf,7,CLST-P7-T2,12,6,83.6,83.6,83.6,83.6,83.6,PASS
CLST-6669 20251001(20261006-052156).pdf,7,CLST-P7-T2,12,7,90.4,90.4,90.4,90.4,90.4,PASS
CLST-6669 20251001(20261006-052156).pdf,7,CLST-P7-T3,3,0,Ebitmargin(%),Ebitmargin(%),Ebitmargin(%),,,PASS
CLST-6669 20251001(20261006-052156).pdf,7,CLST-P7-T3,3,1,5.9,5.9,5.9,5.9,5.9,PASS
CLST-6669 20251001(20261006-052156).pdf,7,CLST-P7-T3,3,2,6.1,6.1,6.1,6.1,6.1,PASS
CLST-6669 20251001(20261006-052156).pdf,7,CLST-P7-T3,3,3,6.6,6.6,6.6,6.6,6.6,PASS
CLST-6669 20251001(20261006-052156).pdf,7,CLST-P7-T3,3,4,7.8,7.8,7.8,7.8,7.8,PASS
CLST-6669 20251001(20261006-052156).pdf,7,CLST-P7-T3,3,5,6.6,6.6,6.6,6.6,6.6,PASS
CLST-6669 20251001(20261006-052156).pdf,7,CLST-P7-T3,3,6,6.0,6.0,6.0,6.0,6.0,PASS
CLST-6669 20251001(20261006-052156).pdf,7,CLST-P7-T3,3,7,5.8,5.8,5.8,5.8,5.8,PASS
CLST-6669 20251001(20261006-052156).pdf,7,CLST-P7-T3,4,0,Assetturnover(x),Assetturnover(x),Assetturnover(x),,,PASS
CLST-6669 20251001(20261006-052156).pdf,7,CLST-P7-T3,4,1,2.8,2.8,2.8,2.8,2.8,PASS
CLST-6669 20251001(20261006-052156).pdf,7,CLST-P7-T3,4,2,3.4,3.4,3.4,3.4,3.4,PASS
CLST-6669 20251001(20261006-052156).pdf,7,CLST-P7-T3,4,3,2.7,2.7,2.7,2.7,2.7,PASS
CLST-6669 20251001(20261006-052156).pdf,7,CLST-P7-T3,4,4,2.6,2.6,2.6,2.6,2.6,PASS
CLST-6669 20251001(20261006-052156).pdf,7,CLST-P7-T3,4,5,4.1,4.1,4.1,4.1,4.1,PASS
CLST-6669 20251001(20261006-052156).pdf,7,CLST-P7-T3,4,6,4.0,4.0,4.0,4.0,4.0,PASS
CLST-6669 20251001(20261006-052156).pdf,7,CLST-P7-T3,4,7,4.0,4.0,4.0,4.0,4.0,PASS
CLST-6669 20251001(20261006-052156).pdf,7,CLST-P7-T3,5,0,Interestburden(x),Interestburden(x),Interestburden(x),,,PASS
CLST-6669 20251001(20261006-052156).pdf,7,CLST-P7-T3,5,1,1.0,1.0,1.0,1.0,1.0,PASS
CLST-6669 20251001(20261006-052156).pdf,7,CLST-P7-T3,5,2,1.0,1.0,1.0,1.0,1.0,PASS
CLST-6669 20251001(20261006-052156).pdf,7,CLST-P7-T3,5,3,1.0,1.0,1.0,1.0,1.0,PASS
CLST-6669 20251001(20261006-052156).pdf,7,CLST-P7-T3,5,4,1.0,1.0,1.0,1.0,1.0,PASS
CLST-6669 20251001(20261006-052156).pdf,7,CLST-P7-T3,5,5,1.0,1.0,1.0,1.0,1.0,PASS
CLST-6669 20251001(20261006-052156).pdf,7,CLST-P7-T3,5,6,1.0,1.0,1.0,1.0,1.0,PASS
CLST-6669 20251001(20261006-052156).pdf,7,CLST-P7-T3,5,7,1.0,1.0,1.0,1.0,1.0,PASS
CLST-6669 20251001(20261006-052156).pdf,7,CLST-P7-T3,6,0,Taxburden(x),Taxburden(x),Taxburden(x),,,PASS
CLST-6669 20251001(20261006-052156).pdf,7,CLST-P7-T3,6,1,0.8,0.8,0.8,0.8,0.8,PASS
CLST-6669 20251001(20261006-052156).pdf,7,CLST-P7-T3,6,2,0.8,0.8,0.8,0.8,0.8,PASS
CLST-6669 20251001(20261006-052156).pdf,7,CLST-P7-T3,6,3,0.8,0.8,0.8,0.8,0.8,PASS
CLST-6669 20251001(20261006-052156).pdf,7,CLST-P7-T3,6,4,0.8,0.8,0.8,0.8,0.8,PASS
CLST-6669 20251001(20261006-052156).pdf,7,CLST-P7-T3,6,5,0.8,0.8,0.8,0.8,0.8,PASS
CLST-6669 20251001(20261006-052156).pdf,7,CLST-P7-T3,6,6,0.8,0.8,0.8,0.8,0.8,PASS
CLST-6669 20251001(20261006-052156).pdf,7,CLST-P7-T3,6,7,0.8,0.8,0.8,0.8,0.8,PASS
CLST-6669 20251001(20261006-052156).pdf,7,CLST-P7-T3,7,0,Returnonassets(%),Returnonassets(%),Returnonassets(%),,,PASS
CLST-6669 20251001(20261006-052156).pdf,7,CLST-P7-T3,7,1,12.8,12.8,12.8,12.8,12.8,PASS
CLST-6669 20251001(20261006-052156).pdf,7,CLST-P7-T3,7,2,16.3,16.3,16.3,16.3,16.3,PASS
CLST-6669 20251001(20261006-052156).pdf,7,CLST-P7-T3,7,3,13.9,13.9,13.9,13.9,13.9,PASS
CLST-6669 20251001(20261006-052156).pdf,7,CLST-P7-T3,7,4,15.9,15.9,15.9,15.9,15.9,PASS
CLST-6669 20251001(20261006-052156).pdf,7,CLST-P7-T3,7,5,20.8,20.8,20.8,20.8,20.8,PASS
CLST-6669 20251001(20261006-052156).pdf,7,CLST-P7-T3,7,6,18.9,18.9,18.9,18.9,18.9,PASS
CLST-6669 20251001(20261006-052156).pdf,7,CLST-P7-T3,7,7,18.1,18.1,18.1,18.1,18.1,PASS
CLST-6669 20251001(20261006-052156).pdf,7,CLST-P7-T3,8,0,Leverage(x),Leverage(x),Leverage(x),,,PASS
CLST-6669 20251001(20261006-052156).pdf,7,CLST-P7-T3,8,1,2.7,2.7,2.7,2.7,2.7,PASS
CLST-6669 20251001(20261006-052156).pdf,7,CLST-P7-T3,8,2,2.6,2.6,2.6,2.6,2.6,PASS
CLST-6669 20251001(20261006-052156).pdf,7,CLST-P7-T3,8,3,2.2,2.2,2.2,2.2,2.2,PASS
CLST-6669 20251001(20261006-052156).pdf,7,CLST-P7-T3,8,4,2.1,2.1,2.1,2.1,2.1,PASS
CLST-6669 20251001(20261006-052156).pdf,7,CLST-P7-T3,8,5,2.1,2.1,2.1,2.1,2.1,PASS
CLST-6669 20251001(20261006-052156).pdf,7,CLST-P7-T3,8,6,2.0,2.0,2.0,2.0,2.0,PASS
CLST-6669 20251001(20261006-052156).pdf,7,CLST-P7-T3,8,7,2.0,2.0,2.0,2.0,2.0,PASS
CLST-6669 20251001(20261006-052156).pdf,7,CLST-P7-T3,9,0,ROE(%),ROE(%),ROE(%),,,PASS
CLST-6669 20251001(20261006-052156).pdf,7,CLST-P7-T3,9,1,33.1,33.1,33.1,33.1,33.1,PASS
CLST-6669 20251001(20261006-052156).pdf,7,CLST-P7-T3,9,2,43.8,43.8,43.8,43.8,43.8,PASS
CLST-6669 20251001(20261006-052156).pdf,7,CLST-P7-T3,9,3,30.8,30.8,30.8,30.8,30.8,PASS
CLST-6669 20251001(20261006-052156).pdf,7,CLST-P7-T3,9,4,36.3,36.3,36.3,36.3,36.3,PASS
CLST-6669 20251001(20261006-052156).pdf,7,CLST-P7-T3,9,5,45.0,45.0,45.0,45.0,45.0,PASS
CLST-6669 20251001(20261006-052156).pdf,7,CLST-P7-T3,9,6,38.7,38.7,38.7,38.7,38.7,PASS
CLST-6669 20251001(20261006-052156).pdf,7,CLST-P7-T3,9,7,36.1,36.1,36.1,36.1,36.1,PASS
CLST-6669 20251001(20261006-052156).pdf,7,CLST-P7-T4,3,0,Ebitadjfortax,Ebitadjfortax,Ebitadjfortax,,,PASS
CLST-6669 20251001(20261006-052156).pdf,7,CLST-P7-T4,3,1,"8,957","8,957","8,957",8957.0,8957.0,PASS
CLST-6669 20251001(20261006-052156).pdf,7,CLST-P7-T4,3,2,"14,125","14,125","14,125",14125.0,14125.0,PASS
CLST-6669 20251001(20261006-052156).pdf,7,CLST-P7-T4,3,3,"12,377","12,377","12,377",12377.0,12377.0,PASS
CLST-6669 20251001(20261006-052156).pdf,7,CLST-P7-T4,3,4,"22,198","22,198","22,198",22198.0,22198.0,PASS
CLST-6669 20251001(20261006-052156).pdf,7,CLST-P7-T4,3,5,"45,141","45,141","45,141",45141.0,45141.0,PASS
CLST-6669 20251001(20261006-052156).pdf,7,CLST-P7-T4,3,6,"50,218","50,218","50,218",50218.0,50218.0,PASS
CLST-6669 20251001(20261006-052156).pdf,7,CLST-P7-T4,3,7,"55,870","55,870","55,870",55870.0,55870.0,PASS
CLST-6669 20251001(20261006-052156).pdf,7,CLST-P7-T4,4,0,Averageinvestedcapital,Averageinvestedcapital,Averageinvestedcapital,,,PASS
CLST-6669 20251001(20261006-052156).pdf,7,CLST-P7-T4,4,1,"23,653","23,653","23,653",23653.0,23653.0,PASS
CLST-6669 20251001(20261006-052156).pdf,7,CLST-P7-T4,4,2,"29,407","29,407","29,407",29407.0,29407.0,PASS
CLST-6669 20251001(20261006-052156).pdf,7,CLST-P7-T4,4,3,"19,887","19,887","19,887",19887.0,19887.0,PASS
CLST-6669 20251001(20261006-052156).pdf,7,CLST-P7-T4,4,4,"43,241","43,241","43,241",43241.0,43241.0,PASS
CLST-6669 20251001(20261006-052156).pdf,7,CLST-P7-T4,4,5,"80,952","80,952","80,952",80952.0,80952.0,PASS
CLST-6669 20251001(20261006-052156).pdf,7,CLST-P7-T4,4,6,"101,399","101,399","101,399",101399.0,101399.0,PASS
CLST-6669 20251001(20261006-052156).pdf,7,CLST-P7-T4,4,7,"122,772","122,772","122,772",122772.0,122772.0,PASS
CLST-6669 20251001(20261006-052156).pdf,7,CLST-P7-T4,5,0,ROIC(%),ROIC(%),ROIC(%),,,PASS
CLST-6669 20251001(20261006-052156).pdf,7,CLST-P7-T4,5,1,37.9,37.9,37.9,37.9,37.9,PASS
CLST-6669 20251001(20261006-052156).pdf,7,CLST-P7-T4,5,2,48.0,48.0,48.0,48.0,48.0,PASS
CLST-6669 20251001(20261006-052156).pdf,7,CLST-P7-T4,5,3,62.2,62.2,62.2,62.2,62.2,PASS
CLST-6669 20251001(20261006-052156).pdf,7,CLST-P7-T4,5,4,51.3,51.3,51.3,51.3,51.3,PASS
CLST-6669 20251001(20261006-052156).pdf,7,CLST-P7-T4,5,5,55.8,55.8,55.8,55.8,55.8,PASS
CLST-6669 20251001(20261006-052156).pdf,7,CLST-P7-T4,5,6,49.5,49.5,49.5,49.5,49.5,PASS
CLST-6669 20251001(20261006-052156).pdf,7,CLST-P7-T4,5,7,45.5,45.5,45.5,45.5,45.5,PASS
CLST-6669 20251001(20261006-052156).pdf,7,CLST-P7-T4,6,0,Costofequity(%),Costofequity(%),Costofequity(%),,,PASS
CLST-6669 20251001(20261006-052156).pdf,7,CLST-P7-T4,6,1,7.1,7.1,7.1,7.1,7.1,PASS
CLST-6669 20251001(20261006-052156).pdf,7,CLST-P7-T4,6,2,7.1,7.1,7.1,7.1,7.1,PASS
CLST-6669 20251001(20261006-052156).pdf,7,CLST-P7-T4,6,3,7.1,7.1,7.1,7.1,7.1,PASS
CLST-6669 20251001(20261006-052156).pdf,7,CLST-P7-T4,6,4,7.1,7.1,7.1,7.1,7.1,PASS
CLST-6669 20251001(20261006-052156).pdf,7,CLST-P7-T4,6,5,7.1,7.1,7.1,7.1,7.1,PASS
CLST-6669 20251001(20261006-052156).pdf,7,CLST-P7-T4,6,6,7.1,7.1,7.1,7.1,7.1,PASS
CLST-6669 20251001(20261006-052156).pdf,7,CLST-P7-T4,6,7,7.1,7.1,7.1,7.1,7.1,PASS
CLST-6669 20251001(20261006-052156).pdf,7,CLST-P7-T4,7,0,Costofdebt(adjfortax),Costofdebt(adjfortax),Costofdebt(adjfortax),,,PASS
CLST-6669 20251001(20261006-052156).pdf,7,CLST-P7-T4,7,1,3.9,3.9,3.9,3.9,3.9,PASS
CLST-6669 20251001(20261006-052156).pdf,7,CLST-P7-T4,7,2,4.0,4.0,4.0,4.0,4.0,PASS
CLST-6669 20251001(20261006-052156).pdf,7,CLST-P7-T4,7,3,3.9,3.9,3.9,3.9,3.9,PASS
CLST-6669 20251001(20261006-052156).pdf,7,CLST-P7-T4,7,4,4.0,4.0,4.0,4.0,4.0,PASS
CLST-6669 20251001(20261006-052156).pdf,7,CLST-P7-T4,7,5,3.9,3.9,3.9,3.9,3.9,PASS
CLST-6669 20251001(20261006-052156).pdf,7,CLST-P7-T4,7,6,3.9,3.9,3.9,3.9,3.9,PASS
CLST-6669 20251001(20261006-052156).pdf,7,CLST-P7-T4,7,7,3.9,3.9,3.9,3.9,3.9,PASS
CLST-6669 20251001(20261006-052156).pdf,7,CLST-P7-T4,8,0,Weightedaveragecostofcapital(%),Weightedaveragecostofcapital(%),Weightedaveragecostofcapital(%),,,PASS
CLST-6669 20251001(20261006-052156).pdf,7,CLST-P7-T4,8,1,6.6,6.6,6.6,6.6,6.6,PASS
CLST-6669 20251001(20261006-052156).pdf,7,CLST-P7-T4,8,2,6.6,6.6,6.6,6.6,6.6,PASS
CLST-6669 20251001(20261006-052156).pdf,7,CLST-P7-T4,8,3,6.6,6.6,6.6,6.6,6.6,PASS
CLST-6669 20251001(20261006-052156).pdf,7,CLST-P7-T4,8,4,6.6,6.6,6.6,6.6,6.6,PASS
CLST-6669 20251001(20261006-052156).pdf,7,CLST-P7-T4,8,5,6.6,6.6,6.6,6.6,6.6,PASS
CLST-6669 20251001(20261006-052156).pdf,7,CLST-P7-T4,8,6,6.6,6.6,6.6,6.6,6.6,PASS
CLST-6669 20251001(20261006-052156).pdf,7,CLST-P7-T4,8,7,6.6,6.6,6.6,6.6,6.6,PASS
CLST-6669 20251001(20261006-052156).pdf,7,CLST-P7-T4,9,0,EVA/IC(%),EVA/IC(%),EVA/IC(%),,,PASS
CLST-6669 20251001(20261006-052156).pdf,7,CLST-P7-T4,9,1,31.3,31.3,31.3,31.3,31.3,PASS
CLST-6669 20251001(20261006-052156).pdf,7,CLST-P7-T4,9,2,41.4,41.4,41.4,41.4,41.4,PASS
CLST-6669 20251001(20261006-052156).pdf,7,CLST-P7-T4,9,3,55.6,55.6,55.6,55.6,55.6,PASS
CLST-6669 20251001(20261006-052156).pdf,7,CLST-P7-T4,9,4,44.7,44.7,44.7,44.7,44.7,PASS
CLST-6669 20251001(20261006-052156).pdf,7,CLST-P7-T4,9,5,49.2,49.2,49.2,49.2,49.2,PASS
CLST-6669 20251001(20261006-052156).pdf,7,CLST-P7-T4,9,6,42.9,42.9,42.9,42.9,42.9,PASS
CLST-6669 20251001(20261006-052156).pdf,7,CLST-P7-T4,9,7,38.9,38.9,38.9,38.9,38.9,PASS
CLST-6669 20251001(20261006-052156).pdf,7,CLST-P7-T4,10,0,EVA(NT$m),EVA(NT$m),EVA(NT$m),,,PASS
CLST-6669 20251001(20261006-052156).pdf,7,CLST-P7-T4,10,1,"7,397","7,397","7,397",7397.0,7397.0,PASS
CLST-6669 20251001(20261006-052156).pdf,7,CLST-P7-T4,10,2,"12,183","12,183","12,183",12183.0,12183.0,PASS
CLST-6669 20251001(20261006-052156).pdf,7,CLST-P7-T4,10,3,"11,066","11,066","11,066",11066.0,11066.0,PASS
CLST-6669 20251001(20261006-052156).pdf,7,CLST-P7-T4,10,4,"19,344","19,344","19,344",19344.0,19344.0,PASS
CLST-6669 20251001(20261006-052156).pdf,7,CLST-P7-T4,10,5,"39,803","39,803","39,803",39803.0,39803.0,PASS
CLST-6669 20251001(20261006-052156).pdf,7,CLST-P7-T4,10,6,"43,526","43,526","43,526",43526.0,43526.0,PASS
CLST-6669 20251001(20261006-052156).pdf,7,CLST-P7-T4,10,7,"47,768","47,768","47,768",47768.0,47768.0,PASS
JP-2330 20250718.pdf,20,FIN-P20-T1,2,0,Revenue,Revenue,Revenue,,,PASS
JP-2330 20250718.pdf,20,FIN-P20-T1,2,1,"2,894,308","2,894,308","2,894,308",2894308.0,2894308.0,PASS
JP-2330 20250718.pdf,20,FIN-P20-T1,2,2,"3,618,960","3,618,960","3,618,960",3618960.0,3618960.0,PASS
JP-2330 20250718.pdf,20,FIN-P20-T1,2,3,"4,118,088","4,118,088","4,118,088",4118088.0,4118088.0,PASS
JP-2330 20250718.pdf,20,FIN-P20-T1,2,4,"4,634,792","4,634,792","4,634,792",4634792.0,4634792.0,PASS
JP-2330 20250718.pdf,20,FIN-P20-T1,3,0,COGS,COGS,COGS,,,PASS
JP-2330 20250718.pdf,20,FIN-P20-T1,3,1,"(1,269,954)","(1,269,954)","(1,269,954)",-1269954.0,-1269954.0,PASS
JP-2330 20250718.pdf,20,FIN-P20-T1,3,2,"(1,542,424)","(1,542,424)","(1,542,424)",-1542424.0,-1542424.0,PASS
JP-2330 20250718.pdf,20,FIN-P20-T1,3,3,"(1,757,443)","(1,757,443)","(1,757,443)",-1757443.0,-1757443.0,PASS
JP-2330 20250718.pdf,20,FIN-P20-T1,3,4,"(1,971,580)","(1,971,580)","(1,971,580)",-1971580.0,-1971580.0,PASS
JP-2330 20250718.pdf,20,FIN-P20-T1,4,0,Grossprofit,Grossprofit,Grossprofit,,,PASS
JP-2330 20250718.pdf,20,FIN-P20-T1,4,1,"1,624,354","1,624,354","1,624,354",1624354.0,1624354.0,PASS
JP-2330 20250718.pdf,20,FIN-P20-T1,4,2,"2,076,535","2,076,535","2,076,535",2076535.0,2076535.0,PASS
JP-2330 20250718.pdf,20,FIN-P20-T1,4,3,"2,360,645","2,360,645","2,360,645",2360645.0,2360645.0,PASS
JP-2330 20250718.pdf,20,FIN-P20-T1,4,4,"2,663,212","2,663,212","2,663,212",2663212.0,2663212.0,PASS
JP-2330 20250718.pdf,20,FIN-P20-T1,5,0,SG&A,SG&A,SG&A,,,PASS
JP-2330 20250718.pdf,20,FIN-P20-T1,5,1,"(98,119)","(98,119)","(98,119)",-98119.0,-98119.0,PASS
JP-2330 20250718.pdf,20,FIN-P20-T1,5,2,"(104,848)","(104,848)","(104,848)",-104848.0,-104848.0,PASS
JP-2330 20250718.pdf,20,FIN-P20-T1,5,3,"(118,072)","(118,072)","(118,072)",-118072.0,-118072.0,PASS
JP-2330 20250718.pdf,20,FIN-P20-T1,5,4,"(134,184)","(134,184)","(134,184)",-134184.0,-134184.0,PASS
JP-2330 20250718.pdf,20,FIN-P20-T1,6,0,Adj.EBITDA,Adj.EBITDA,Adj.EBITDA,,,PASS
JP-2330 20250718.pdf,20,FIN-P20-T1,6,1,"1,984,850","1,984,850","1,984,850",1984850.0,1984850.0,PASS
JP-2330 20250718.pdf,20,FIN-P20-T1,6,2,"2,451,520","2,451,520","2,451,520",2451520.0,2451520.0,PASS
JP-2330 20250718.pdf,20,FIN-P20-T1,6,3,"2,857,399","2,857,399","2,857,399",2857399.0,2857399.0,PASS
JP-2330 20250718.pdf,20,FIN-P20-T1,6,4,"3,201,001","3,201,001","3,201,001",3201001.0,3201001.0,PASS
JP-2330 20250718.pdf,20,FIN-P20-T1,7,0,D&A,D&A,D&A,,,PASS
JP-2330 20250718.pdf,20,FIN-P20-T1,7,1,"(662,797)","(662,797)","(662,797)",-662797.0,-662797.0,PASS
JP-2330 20250718.pdf,20,FIN-P20-T1,7,2,"(740,580)","(740,580)","(740,580)",-740580.0,-740580.0,PASS
JP-2330 20250718.pdf,20,FIN-P20-T1,7,3,"(915,088)","(915,088)","(915,088)",-915088.0,-915088.0,PASS
JP-2330 20250718.pdf,20,FIN-P20-T1,7,4,"(1,025,983)","(1,025,983)","(1,025,983)",-1025983.0,-1025983.0,PASS
JP-2330 20250718.pdf,20,FIN-P20-T1,8,0,Adj.EBIT,Adj.EBIT,Adj.EBIT,,,PASS
JP-2330 20250718.pdf,20,FIN-P20-T1,8,1,"1,322,053","1,322,053","1,322,053",1322053.0,1322053.0,PASS
JP-2330 20250718.pdf,20,FIN-P20-T1,8,2,"1,710,940","1,710,940","1,710,940",1710940.0,1710940.0,PASS
JP-2330 20250718.pdf,20,FIN-P20-T1,8,3,"1,942,311","1,942,311","1,942,311",1942311.0,1942311.0,PASS
JP-2330 20250718.pdf,20,FIN-P20-T1,8,4,"2,175,018","2,175,018","2,175,018",2175018.0,2175018.0,PASS
JP-2330 20250718.pdf,20,FIN-P20-T1,9,0,NetInterest,NetInterest,NetInterest,,,PASS
JP-2330 20250718.pdf,20,FIN-P20-T1,9,1,"76,718","76,718","76,718",76718.0,76718.0,PASS
JP-2330 20250718.pdf,20,FIN-P20-T1,9,2,"85,510","85,510","85,510",85510.0,85510.0,PASS
JP-2330 20250718.pdf,20,FIN-P20-T1,9,3,"65,662","65,662","65,662",65662.0,65662.0,PASS
JP-2330 20250718.pdf,20,FIN-P20-T1,9,4,"88,241","88,241","88,241",88241.0,88241.0,PASS
JP-2330 20250718.pdf,20,FIN-P20-T1,10,0,Adj.PBT,Adj.PBT,Adj.PBT,,,PASS
JP-2330 20250718.pdf,20,FIN-P20-T1,10,1,"1,405,839","1,405,839","1,405,839",1405839.0,1405839.0,PASS
JP-2330 20250718.pdf,20,FIN-P20-T1,10,2,"1,808,264","1,808,264","1,808,264",1808264.0,1808264.0,PASS
JP-2330 20250718.pdf,20,FIN-P20-T1,10,3,"2,012,205","2,012,205","2,012,205",2012205.0,2012205.0,PASS
JP-2330 20250718.pdf,20,FIN-P20-T1,10,4,"2,267,620","2,267,620","2,267,620",2267620.0,2267620.0,PASS
JP-2330 20250718.pdf,20,FIN-P20-T1,11,0,Tax,Tax,Tax,,,PASS
JP-2330 20250718.pdf,20,FIN-P20-T1,11,1,"(233,407)","(233,407)","(233,407)",-233407.0,-233407.0,PASS
JP-2330 20250718.pdf,20,FIN-P20-T1,11,2,"(296,027)","(296,027)","(296,027)",-296027.0,-296027.0,PASS
JP-2330 20250718.pdf,20,FIN-P20-T1,11,3,"(326,871)","(326,871)","(326,871)",-326871.0,-326871.0,PASS
JP-2330 20250718.pdf,20,FIN-P20-T1,11,4,"(368,565)","(368,565)","(368,565)",-368565.0,-368565.0,PASS
JP-2330 20250718.pdf,20,FIN-P20-T1,12,0,MinorityInterest,MinorityInterest,MinorityInterest,,,PASS
JP-2330 20250718.pdf,20,FIN-P20-T1,12,1,836,836,836,836.0,836.0,PASS
JP-2330 20250718.pdf,20,FIN-P20-T1,12,2,"3,171","3,171","3,171",3171.0,3171.0,PASS
JP-2330 20250718.pdf,20,FIN-P20-T1,12,3,"3,120","3,120","3,120",3120.0,3120.0,PASS
JP-2330 20250718.pdf,20,FIN-P20-T1,12,4,"3,120","3,120","3,120",3120.0,3120.0,PASS
JP-2330 20250718.pdf,20,FIN-P20-T1,13,0,Adj.NetIncome,Adj.NetIncome,Adj.NetIncome,,,PASS
JP-2330 20250718.pdf,20,FIN-P20-T1,13,1,"1,173,268","1,173,268","1,173,268",1173268.0,1173268.0,PASS
JP-2330 20250718.pdf,20,FIN-P20-T1,13,2,"1,515,408","1,515,408","1,515,408",1515408.0,1515408.0,PASS
JP-2330 20250718.pdf,20,FIN-P20-T1,13,3,"1,688,455","1,688,455","1,688,455",1688455.0,1688455.0,PASS
JP-2330 20250718.pdf,20,FIN-P20-T1,13,4,"1,902,176","1,902,176","1,902,176",1902176.0,1902176.0,PASS
JP-2330 20250718.pdf,20,FIN-P20-T1,14,0,ReportedEPS,ReportedEPS,ReportedEPS,,,PASS
JP-2330 20250718.pdf,20,FIN-P20-T1,14,1,45.24,45.24,45.24,45.24,45.24,PASS
JP-2330 20250718.pdf,20,FIN-P20-T1,14,2,58.44,58.44,58.44,58.44,58.44,PASS
JP-2330 20250718.pdf,20,FIN-P20-T1,14,3,65.11,65.11,65.11,65.11,65.11,PASS
JP-2330 20250718.pdf,20,FIN-P20-T1,14,4,73.35,73.35,73.35,73.35,73.35,PASS
JP-2330 20250718.pdf,20,FIN-P20-T1,15,0,Adj.EPS,Adj.EPS,Adj.EPS,,,PASS
JP-2330 20250718.pdf,20,FIN-P20-T1,15,1,45.24,45.24,45.24,45.24,45.24,PASS
JP-2330 20250718.pdf,20,FIN-P20-T1,15,2,58.44,58.44,58.44,58.44,58.44,PASS
JP-2330 20250718.pdf,20,FIN-P20-T1,15,3,65.11,65.11,65.11,65.11,65.11,PASS
JP-2330 20250718.pdf,20,FIN-P20-T1,15,4,73.35,73.35,73.35,73.35,73.35,PASS
JP-2330 20250718.pdf,20,FIN-P20-T1,16,0,DPS,DPS,DPS,,,PASS
JP-2330 20250718.pdf,20,FIN-P20-T1,16,1,16.50,16.50,16.50,16.5,16.5,PASS
JP-2330 20250718.pdf,20,FIN-P20-T1,16,2,20.00,20.00,20.00,20.0,20.0,PASS
JP-2330 20250718.pdf,20,FIN-P20-T1,16,3,25.00,25.00,25.00,25.0,25.0,PASS
JP-2330 20250718.pdf,20,FIN-P20-T1,16,4,33.00,33.00,33.00,33.0,33.0,PASS
JP-2330 20250718.pdf,20,FIN-P20-T1,17,0,Payoutratio,Payoutratio,Payoutratio,,,PASS
JP-2330 20250718.pdf,20,FIN-P20-T1,17,1,51.0%,51.0%,51.0%,51.0,51.0,PASS
JP-2330 20250718.pdf,20,FIN-P20-T1,17,2,44.2%,44.2%,44.2%,44.2,44.2,PASS
JP-2330 20250718.pdf,20,FIN-P20-T1,17,3,42.8%,42.8%,42.8%,42.8,42.8,PASS
JP-2330 20250718.pdf,20,FIN-P20-T1,17,4,50.7%,50.7%,50.7%,50.7,50.7,PASS
JP-2330 20250718.pdf,20,FIN-P20-T1,18,0,Sharesoutstanding,Sharesoutstanding,Sharesoutstanding,,,PASS
JP-2330 20250718.pdf,20,FIN-P20-T1,18,1,"25,933","25,933","25,933",25933.0,25933.0,PASS
JP-2330 20250718.pdf,20,FIN-P20-T1,18,2,"25,933","25,933","25,933",25933.0,25933.0,PASS
JP-2330 20250718.pdf,20,FIN-P20-T1,18,3,"25,933","25,933","25,933",25933.0,25933.0,PASS
JP-2330 20250718.pdf,20,FIN-P20-T1,18,4,"25,933","25,933","25,933",25933.0,25933.0,PASS
JP-2330 20250718.pdf,20,FIN-P20-T2,2,0,Cashandcashequivalents,Cashandcashequivalents,Cashandcashequivalents,,,PASS
JP-2330 20250718.pdf,20,FIN-P20-T2,2,1,"2,422,020","2,422,020","2,422,020",2422020.0,2422020.0,PASS
JP-2330 20250718.pdf,20,FIN-P20-T2,2,2,"2,402,455","2,402,455","2,402,455",2402455.0,2402455.0,PASS
JP-2330 20250718.pdf,20,FIN-P20-T2,2,3,"3,041,525","3,041,525","3,041,525",3041525.0,3041525.0,PASS
JP-2330 20250718.pdf,20,FIN-P20-T2,2,4,"3,916,622","3,916,622","3,916,622",3916622.0,3916622.0,PASS
JP-2330 20250718.pdf,20,FIN-P20-T2,3,0,Accountsreceivable,Accountsreceivable,Accountsreceivable,,,PASS
JP-2330 20250718.pdf,20,FIN-P20-T2,3,1,"272,088","272,088","272,088",272088.0,272088.0,PASS
JP-2330 20250718.pdf,20,FIN-P20-T2,3,2,"412,070","412,070","412,070",412070.0,412070.0,PASS
JP-2330 20250718.pdf,20,FIN-P20-T2,3,3,"530,469","530,469","530,469",530469.0,530469.0,PASS
JP-2330 20250718.pdf,20,FIN-P20-T2,3,4,"553,095","553,095","553,095",553095.0,553095.0,PASS
JP-2330 20250718.pdf,20,FIN-P20-T2,4,0,Inventories,Inventories,Inventories,,,PASS
JP-2330 20250718.pdf,20,FIN-P20-T2,4,1,"287,869","287,869","287,869",287869.0,287869.0,PASS
JP-2330 20250718.pdf,20,FIN-P20-T2,4,2,"245,280","245,280","245,280",245280.0,245280.0,PASS
JP-2330 20250718.pdf,20,FIN-P20-T2,4,3,"315,755","315,755","315,755",315755.0,315755.0,PASS
JP-2330 20250718.pdf,20,FIN-P20-T2,4,4,"329,223","329,223","329,223",329223.0,329223.0,PASS
JP-2330 20250718.pdf,20,FIN-P20-T2,5,0,Othercurrentassets,Othercurrentassets,Othercurrentassets,,,PASS
JP-2330 20250718.pdf,20,FIN-P20-T2,5,1,"106,376","106,376","106,376",106376.0,106376.0,PASS
JP-2330 20250718.pdf,20,FIN-P20-T2,5,2,"32,555","32,555","32,555",32555.0,32555.0,PASS
JP-2330 20250718.pdf,20,FIN-P20-T2,5,3,"41,909","41,909","41,909",41909.0,41909.0,PASS
JP-2330 20250718.pdf,20,FIN-P20-T2,5,4,"43,697","43,697","43,697",43697.0,43697.0,PASS
JP-2330 20250718.pdf,20,FIN-P20-T2,6,0,Currentassets,Currentassets,Currentassets,,,PASS
JP-2330 20250718.pdf,20,FIN-P20-T2,6,1,"3,088,352","3,088,352","3,088,352",3088352.0,3088352.0,PASS
JP-2330 20250718.pdf,20,FIN-P20-T2,6,2,"3,092,361","3,092,361","3,092,361",3092361.0,3092361.0,PASS
JP-2330 20250718.pdf,20,FIN-P20-T2,6,3,"3,929,658","3,929,658","3,929,658",3929658.0,3929658.0,PASS
JP-2330 20250718.pdf,20,FIN-P20-T2,6,4,"4,842,637","4,842,637","4,842,637",4842637.0,4842637.0,PASS
JP-2330 20250718.pdf,20,FIN-P20-T2,7,0,PP&E,PP&E,PP&E,,,PASS
JP-2330 20250718.pdf,20,FIN-P20-T2,7,1,"3,234,980","3,234,980","3,234,980",3234980.0,3234980.0,PASS
JP-2330 20250718.pdf,20,FIN-P20-T2,7,2,"3,719,215","3,719,215","3,719,215",3719215.0,3719215.0,PASS
JP-2330 20250718.pdf,20,FIN-P20-T2,7,3,"4,109,127","4,109,127","4,109,127",4109127.0,4109127.0,PASS
JP-2330 20250718.pdf,20,FIN-P20-T2,7,4,"4,257,644","4,257,644","4,257,644",4257644.0,4257644.0,PASS
JP-2330 20250718.pdf,20,FIN-P20-T2,8,0,LTinvestments,LTinvestments,LTinvestments,,,PASS
JP-2330 20250718.pdf,20,FIN-P20-T2,8,1,"149,040","149,040","149,040",149040.0,149040.0,PASS
JP-2330 20250718.pdf,20,FIN-P20-T2,8,2,"139,496","139,496","139,496",139496.0,139496.0,PASS
JP-2330 20250718.pdf,20,FIN-P20-T2,8,3,"143,728","143,728","143,728",143728.0,143728.0,PASS
JP-2330 20250718.pdf,20,FIN-P20-T2,8,4,"148,089","148,089","148,089",148089.0,148089.0,PASS
JP-2330 20250718.pdf,20,FIN-P20-T2,9,0,Othernoncurrentassets,Othernoncurrentassets,Othernoncurrentassets,,,PASS
JP-2330 20250718.pdf,20,FIN-P20-T2,9,1,"219,565","219,565","219,565",219565.0,219565.0,PASS
JP-2330 20250718.pdf,20,FIN-P20-T2,9,2,"217,799","217,799","217,799",217799.0,217799.0,PASS
JP-2330 20250718.pdf,20,FIN-P20-T2,9,3,"217,799","217,799","217,799",217799.0,217799.0,PASS
JP-2330 20250718.pdf,20,FIN-P20-T2,9,4,"217,799","217,799","217,799",217799.0,217799.0,PASS
JP-2330 20250718.pdf,20,FIN-P20-T2,10,0,Totalassets,Totalassets,Totalassets,,,PASS
JP-2330 20250718.pdf,20,FIN-P20-T2,10,1,"6,691,938","6,691,938","6,691,938",6691938.0,6691938.0,PASS
JP-2330 20250718.pdf,20,FIN-P20-T2,10,2,"7,168,871","7,168,871","7,168,871",7168871.0,7168871.0,PASS
JP-2330 20250718.pdf,20,FIN-P20-T2,10,3,"8,400,313","8,400,313","8,400,313",8400313.0,8400313.0,PASS
JP-2330 20250718.pdf,20,FIN-P20-T2,10,4,"9,466,169","9,466,169","9,466,169",9466169.0,9466169.0,PASS
JP-2330 20250718.pdf,20,FIN-P20-T2,11,0,Shorttermborrowings,Shorttermborrowings,Shorttermborrowings,,,PASS
JP-2330 20250718.pdf,20,FIN-P20-T2,11,1,"59,858","59,858","59,858",59858.0,59858.0,PASS
JP-2330 20250718.pdf,20,FIN-P20-T2,11,2,"94,214","94,214","94,214",94214.0,94214.0,PASS
JP-2330 20250718.pdf,20,FIN-P20-T2,11,3,"94,214","94,214","94,214",94214.0,94214.0,PASS
JP-2330 20250718.pdf,20,FIN-P20-T2,11,4,"94,214","94,214","94,214",94214.0,94214.0,PASS
JP-2330 20250718.pdf,20,FIN-P20-T2,12,0,Payables,Payables,Payables,,,PASS
JP-2330 20250718.pdf,20,FIN-P20-T2,12,1,"74,227","74,227","74,227",74227.0,74227.0,PASS
JP-2330 20250718.pdf,20,FIN-P20-T2,12,2,"98,112","98,112","98,112",98112.0,98112.0,PASS
JP-2330 20250718.pdf,20,FIN-P20-T2,12,3,"126,302","126,302","126,302",126302.0,126302.0,PASS
JP-2330 20250718.pdf,20,FIN-P20-T2,12,4,"131,689","131,689","131,689",131689.0,131689.0,PASS
JP-2330 20250718.pdf,20,FIN-P20-T2,13,0,Othershorttermliabilities,Othershorttermliabilities,Othershorttermliabilities,,,PASS
JP-2330 20250718.pdf,20,FIN-P20-T2,13,1,"1,130,441","1,130,441","1,130,441",1130441.0,1130441.0,PASS
JP-2330 20250718.pdf,20,FIN-P20-T2,13,2,"663,164","663,164","663,164",663164.0,663164.0,PASS
JP-2330 20250718.pdf,20,FIN-P20-T2,13,3,"853,709","853,709","853,709",853709.0,853709.0,PASS
JP-2330 20250718.pdf,20,FIN-P20-T2,13,4,"890,122","890,122","890,122",890122.0,890122.0,PASS
JP-2330 20250718.pdf,20,FIN-P20-T2,14,0,Currentliabilities,Currentliabilities,Currentliabilities,,,PASS
JP-2330 20250718.pdf,20,FIN-P20-T2,14,1,"1,264,525","1,264,525","1,264,525",1264525.0,1264525.0,PASS
JP-2330 20250718.pdf,20,FIN-P20-T2,14,2,"855,490","855,490","855,490",855490.0,855490.0,PASS
JP-2330 20250718.pdf,20,FIN-P20-T2,14,3,"1,074,225","1,074,225","1,074,225",1074225.0,1074225.0,PASS
JP-2330 20250718.pdf,20,FIN-P20-T2,14,4,"1,116,026","1,116,026","1,116,026",1116026.0,1116026.0,PASS
JP-2330 20250718.pdf,20,FIN-P20-T2,15,0,Long-termdebt,Long-termdebt,Long-termdebt,,,PASS
JP-2330 20250718.pdf,20,FIN-P20-T2,15,1,"958,429","958,429","958,429",958429.0,958429.0,PASS
JP-2330 20250718.pdf,20,FIN-P20-T2,15,2,"848,535","848,535","848,535",848535.0,848535.0,PASS
JP-2330 20250718.pdf,20,FIN-P20-T2,15,3,"848,535","848,535","848,535",848535.0,848535.0,PASS
JP-2330 20250718.pdf,20,FIN-P20-T2,15,4,"848,535","848,535","848,535",848535.0,848535.0,PASS
JP-2330 20250718.pdf,20,FIN-P20-T2,16,0,Otherlongtermliabilities,Otherlongtermliabilities,Otherlongtermliabilities,,,PASS
JP-2330 20250718.pdf,20,FIN-P20-T2,16,1,"145,408","145,408","145,408",145408.0,145408.0,PASS
JP-2330 20250718.pdf,20,FIN-P20-T2,16,2,"147,892","147,892","147,892",147892.0,147892.0,PASS
JP-2330 20250718.pdf,20,FIN-P20-T2,16,3,"120,459","120,459","120,459",120459.0,120459.0,PASS
JP-2330 20250718.pdf,20,FIN-P20-T2,16,4,"98,114","98,114","98,114",98114.0,98114.0,PASS
JP-2330 20250718.pdf,20,FIN-P20-T2,17,0,Totalliabilities,Totalliabilities,Totalliabilities,,,PASS
JP-2330 20250718.pdf,20,FIN-P20-T2,17,1,"2,368,362","2,368,362","2,368,362",2368362.0,2368362.0,PASS
JP-2330 20250718.pdf,20,FIN-P20-T2,17,2,"1,851,917","1,851,917","1,851,917",1851917.0,1851917.0,PASS
JP-2330 20250718.pdf,20,FIN-P20-T2,17,3,"2,043,219","2,043,219","2,043,219",2043219.0,2043219.0,PASS
JP-2330 20250718.pdf,20,FIN-P20-T2,17,4,"2,062,675","2,062,675","2,062,675",2062675.0,2062675.0,PASS
JP-2330 20250718.pdf,20,FIN-P20-T2,18,0,Shareholders'equity,Shareholders'equity,Shareholders'equity,,,PASS
JP-2330 20250718.pdf,20,FIN-P20-T2,18,1,"4,288,545","4,288,545","4,288,545",4288545.0,4288545.0,PASS
JP-2330 20250718.pdf,20,FIN-P20-T2,18,2,"5,281,396","5,281,396","5,281,396",5281396.0,5281396.0,PASS
JP-2330 20250718.pdf,20,FIN-P20-T2,18,3,"6,321,536","6,321,536","6,321,536",6321536.0,6321536.0,PASS
JP-2330 20250718.pdf,20,FIN-P20-T2,18,4,"7,367,936","7,367,936","7,367,936",7367936.0,7367936.0,PASS
JP-2330 20250718.pdf,20,FIN-P20-T2,19,0,Minorityinterests,Minorityinterests,Minorityinterests,,,PASS
JP-2330 20250718.pdf,20,FIN-P20-T2,19,1,"35,031","35,031","35,031",35031.0,35031.0,PASS
JP-2330 20250718.pdf,20,FIN-P20-T2,19,2,"35,558","35,558","35,558",35558.0,35558.0,PASS
JP-2330 20250718.pdf,20,FIN-P20-T2,19,3,"35,558","35,558","35,558",35558.0,35558.0,PASS
JP-2330 20250718.pdf,20,FIN-P20-T2,19,4,"35,558","35,558","35,558",35558.0,35558.0,PASS
JP-2330 20250718.pdf,20,FIN-P20-T2,20,0,Totalliabilities&equity,Totalliabilities&equity,Totalliabilities&equity,,,PASS
JP-2330 20250718.pdf,20,FIN-P20-T2,20,1,"6,691,938","6,691,938","6,691,938",6691938.0,6691938.0,PASS
JP-2330 20250718.pdf,20,FIN-P20-T2,20,2,"7,168,871","7,168,871","7,168,871",7168871.0,7168871.0,PASS
JP-2330 20250718.pdf,20,FIN-P20-T2,20,3,"8,400,313","8,400,313","8,400,313",8400313.0,8400313.0,PASS
JP-2330 20250718.pdf,20,FIN-P20-T2,20,4,"9,466,169","9,466,169","9,466,169",9466169.0,9466169.0,PASS
JP-2330 20250718.pdf,20,FIN-P20-T2,21,0,BVPS,BVPS,BVPS,,,PASS
JP-2330 20250718.pdf,20,FIN-P20-T2,21,1,165.4,165.4,165.4,165.4,165.4,PASS
JP-2330 20250718.pdf,20,FIN-P20-T2,21,2,203.7,203.7,203.7,203.7,203.7,PASS
JP-2330 20250718.pdf,20,FIN-P20-T2,21,3,243.8,243.8,243.8,243.8,243.8,PASS
JP-2330 20250718.pdf,20,FIN-P20-T2,21,4,284.1,284.1,284.1,284.1,284.1,PASS
JP-2330 20250718.pdf,20,FIN-P20-T2,22,0,y/yGrowth,y/yGrowth,y/yGrowth,,,PASS
JP-2330 20250718.pdf,20,FIN-P20-T2,22,1,24.0%,24.0%,24.0%,24.0,24.0,PASS
JP-2330 20250718.pdf,20,FIN-P20-T2,22,2,23.2%,23.2%,23.2%,23.2,23.2,PASS
JP-2330 20250718.pdf,20,FIN-P20-T2,22,3,19.7%,19.7%,19.7%,19.7,19.7,PASS
JP-2330 20250718.pdf,20,FIN-P20-T2,22,4,16.6%,16.6%,16.6%,16.6,16.6,PASS
JP-2330 20250718.pdf,20,FIN-P20-T2,23,0,Netdebt/(cash),Netdebt/(cash),Netdebt/(cash),,,PASS
JP-2330 20250718.pdf,20,FIN-P20-T2,23,1,"(1,403,733)","(1,403,733)","(1,403,733)",-1403733.0,-1403733.0,PASS
JP-2330 20250718.pdf,20,FIN-P20-T2,23,2,"(1,459,706)","(1,459,706)","(1,459,706)",-1459706.0,-1459706.0,PASS
JP-2330 20250718.pdf,20,FIN-P20-T2,23,3,"(2,098,776)","(2,098,776)","(2,098,776)",-2098776.0,-2098776.0,PASS
JP-2330 20250718.pdf,20,FIN-P20-T2,23,4,"(2,973,873)","(2,973,873)","(2,973,873)",-2973873.0,-2973873.0,PASS
JP-2330 20250718.pdf,20,FIN-P20-T2,24,0,Cashflowfromoperatingactivities,Cashflowfromoperatingactivities,Cashflowfromoperatingactivities,,,PASS
JP-2330 20250718.pdf,20,FIN-P20-T2,24,1,"1,975,661","1,975,661","1,975,661",1975661.0,1975661.0,PASS
JP-2330 20250718.pdf,20,FIN-P20-T2,24,2,"1,785,853","1,785,853","1,785,853",1785853.0,1785853.0,PASS
JP-2330 20250718.pdf,20,FIN-P20-T2,24,3,"2,620,930","2,620,930","2,620,930",2620930.0,2620930.0,PASS
JP-2330 20250718.pdf,20,FIN-P20-T2,24,4,"2,928,958","2,928,958","2,928,958",2928958.0,2928958.0,PASS
JP-2330 20250718.pdf,20,FIN-P20-T2,25,0,o/wDepreciation&amortization,o/wDepreciation&amortization,o/wDepreciation&amortization,,,PASS
JP-2330 20250718.pdf,20,FIN-P20-T2,25,1,"662,797","662,797","662,797",662797.0,662797.0,PASS
JP-2330 20250718.pdf,20,FIN-P20-T2,25,2,"740,580","740,580","740,580",740580.0,740580.0,PASS
JP-2330 20250718.pdf,20,FIN-P20-T2,25,3,"915,088","915,088","915,088",915088.0,915088.0,PASS
JP-2330 20250718.pdf,20,FIN-P20-T2,25,4,"1,025,983","1,025,983","1,025,983",1025983.0,1025983.0,PASS
JP-2330 20250718.pdf,20,FIN-P20-T2,26,0,o/wChangesinworkingcapital,o/wChangesinworkingcapital,o/wChangesinworkingcapital,,,PASS
JP-2330 20250718.pdf,20,FIN-P20-T2,26,1,"(90,016)","(90,016)","(90,016)",-90016.0,-90016.0,PASS
JP-2330 20250718.pdf,20,FIN-P20-T2,26,2,"(73,508)","(73,508)","(73,508)",-73508.0,-73508.0,PASS
JP-2330 20250718.pdf,20,FIN-P20-T2,26,3,"(160,684)","(160,684)","(160,684)",-160684.0,-160684.0,PASS
JP-2330 20250718.pdf,20,FIN-P20-T2,26,4,"(30,707)","(30,707)","(30,707)",-30707.0,-30707.0,PASS
JP-2330 20250718.pdf,20,FIN-P20-T2,27,0,Cashflowfrominvestingactivities,Cashflowfrominvestingactivities,Cashflowfrominvestingactivities,,,PASS
JP-2330 20250718.pdf,20,FIN-P20-T2,27,1,"(928,044)","(928,044)","(928,044)",-928044.0,-928044.0,PASS
JP-2330 20250718.pdf,20,FIN-P20-T2,27,2,"(1,213,504)","(1,213,504)","(1,213,504)",-1213504.0,-1213504.0,PASS
JP-2330 20250718.pdf,20,FIN-P20-T2,27,3,"(1,309,232)","(1,309,232)","(1,309,232)",-1309232.0,-1309232.0,PASS
JP-2330 20250718.pdf,20,FIN-P20-T2,27,4,"(1,178,861)","(1,178,861)","(1,178,861)",-1178861.0,-1178861.0,PASS
JP-2330 20250718.pdf,20,FIN-P20-T2,28,0,o/wCapitalexpenditure,o/wCapitalexpenditure,o/wCapitalexpenditure,,,PASS
JP-2330 20250718.pdf,20,FIN-P20-T2,28,1,"(958,198)","(958,198)","(958,198)",-958198.0,-958198.0,PASS
JP-2330 20250718.pdf,20,FIN-P20-T2,28,2,0,0,0,0.0,0.0,PASS
JP-2330 20250718.pdf,20,FIN-P20-T2,28,3,0,0,0,0.0,0.0,PASS
JP-2330 20250718.pdf,20,FIN-P20-T2,28,4,0,0,0,0.0,0.0,PASS
JP-2330 20250718.pdf,20,FIN-P20-T2,29,0,as%ofsales,as%ofsales,as%ofsales,,,PASS
JP-2330 20250718.pdf,20,FIN-P20-T2,29,1,33.1%,33.1%,33.1%,33.1,33.1,PASS
JP-2330 20250718.pdf,20,FIN-P20-T2,29,2,0.0%,0.0%,0.0%,0.0,0.0,PASS
JP-2330 20250718.pdf,20,FIN-P20-T2,29,3,0.0%,0.0%,0.0%,0.0,0.0,PASS
JP-2330 20250718.pdf,20,FIN-P20-T2,29,4,0.0%,0.0%,0.0%,0.0,0.0,PASS
JP-2330 20250718.pdf,20,FIN-P20-T2,30,0,Cashflowfromfinancingactivities,Cashflowfromfinancingactivities,Cashflowfromfinancingactivities,,,PASS
JP-2330 20250718.pdf,20,FIN-P20-T2,30,1,"(313,242)","(313,242)","(313,242)",-313242.0,-313242.0,PASS
JP-2330 20250718.pdf,20,FIN-P20-T2,30,2,"(591,913)","(591,913)","(591,913)",-591913.0,-591913.0,PASS
JP-2330 20250718.pdf,20,FIN-P20-T2,30,3,"(672,628)","(672,628)","(672,628)",-672628.0,-672628.0,PASS
JP-2330 20250718.pdf,20,FIN-P20-T2,30,4,"(875,000)","(875,000)","(875,000)",-875000.0,-875000.0,PASS
JP-2330 20250718.pdf,20,FIN-P20-T2,31,0,o/wDividendspaid,o/wDividendspaid,o/wDividendspaid,,,PASS
JP-2330 20250718.pdf,20,FIN-P20-T2,31,1,"(428,731)","(428,731)","(428,731)",-428731.0,-428731.0,PASS
JP-2330 20250718.pdf,20,FIN-P20-T2,31,2,"(521,824)","(521,824)","(521,824)",-521824.0,-521824.0,PASS
JP-2330 20250718.pdf,20,FIN-P20-T2,31,3,"(651,435)","(651,435)","(651,435)",-651435.0,-651435.0,PASS
JP-2330 20250718.pdf,20,FIN-P20-T2,31,4,"(858,896)","(858,896)","(858,896)",-858896.0,-858896.0,PASS
JP-2330 20250718.pdf,20,FIN-P20-T2,32,0,o/wNetdebtissued/(repaid),o/wNetdebtissued/(repaid),o/wNetdebtissued/(repaid),,,PASS
JP-2330 20250718.pdf,20,FIN-P20-T2,32,1,"90,711","90,711","90,711",90711.0,90711.0,PASS
JP-2330 20250718.pdf,20,FIN-P20-T2,32,2,"(75,538)","(75,538)","(75,538)",-75538.0,-75538.0,PASS
JP-2330 20250718.pdf,20,FIN-P20-T2,32,3,0,0,0,0.0,0.0,PASS
JP-2330 20250718.pdf,20,FIN-P20-T2,32,4,0,0,0,0.0,0.0,PASS
JP-2330 20250718.pdf,20,FIN-P20-T2,33,0,Netchangeincash,Netchangeincash,Netchangeincash,,,PASS
JP-2330 20250718.pdf,20,FIN-P20-T2,33,1,"734,375","734,375","734,375",734375.0,734375.0,PASS
JP-2330 20250718.pdf,20,FIN-P20-T2,33,2,"(19,564)","(19,564)","(19,564)",-19564.0,-19564.0,PASS
JP-2330 20250718.pdf,20,FIN-P20-T2,33,3,"639,069","639,069","639,069",639069.0,639069.0,PASS
JP-2330 20250718.pdf,20,FIN-P20-T2,33,4,"875,097","875,097","875,097",875097.0,875097.0,PASS
JP-2330 20250718.pdf,20,FIN-P20-T2,34,0,Adj.Freecashflowtofirm,Adj.Freecashflowtofirm,Adj.Freecashflowtofirm,,,PASS
JP-2330 20250718.pdf,20,FIN-P20-T2,34,1,"1,142,360","1,142,360","1,142,360",1142360.0,1142360.0,PASS
JP-2330 20250718.pdf,20,FIN-P20-T2,34,2,"561,038","561,038","561,038",561038.0,561038.0,PASS
JP-2330 20250718.pdf,20,FIN-P20-T2,34,3,"1,315,930","1,315,930","1,315,930",1315930.0,1315930.0,PASS
JP-2330 20250718.pdf,20,FIN-P20-T2,34,4,"1,754,458","1,754,458","1,754,458",1754458.0,1754458.0,PASS
JP-2330 20250718.pdf,20,FIN-P20-T2,35,0,y/yGrowth,y/yGrowth,y/yGrowth,,,PASS
JP-2330 20250718.pdf,20,FIN-P20-T2,35,1,164.7%,164.7%,164.7%,164.7,164.7,PASS
JP-2330 20250718.pdf,20,FIN-P20-T2,35,2,(50.9%),(50.9%),(50.9%),-50.9,-50.9,PASS
JP-2330 20250718.pdf,20,FIN-P20-T2,35,3,134.6%,134.6%,134.6%,134.6,134.6,PASS
JP-2330 20250718.pdf,20,FIN-P20-T2,35,4,33.3%,33.3%,33.3%,33.3,33.3,PASS
JP-2330 20250718.pdf,20,FIN-P20-T4,2,0,Grossmargin,Grossmargin,Grossmargin,,,PASS
JP-2330 20250718.pdf,20,FIN-P20-T4,2,1,56.1%,56.1%,56.1%,56.1,56.1,PASS
JP-2330 20250718.pdf,20,FIN-P20-T4,2,2,57.4%,57.4%,57.4%,57.4,57.4,PASS
JP-2330 20250718.pdf,20,FIN-P20-T4,2,3,57.3%,57.3%,57.3%,57.3,57.3,PASS
JP-2330 20250718.pdf,20,FIN-P20-T4,2,4,57.5%,57.5%,57.5%,57.5,57.5,PASS
JP-2330 20250718.pdf,20,FIN-P20-T4,3,0,EBITDAmargin,EBITDAmargin,EBITDAmargin,,,PASS
JP-2330 20250718.pdf,20,FIN-P20-T4,3,1,68.6%,68.6%,68.6%,68.6,68.6,PASS
JP-2330 20250718.pdf,20,FIN-P20-T4,3,2,67.7%,67.7%,67.7%,67.7,67.7,PASS
JP-2330 20250718.pdf,20,FIN-P20-T4,3,3,69.4%,69.4%,69.4%,69.4,69.4,PASS
JP-2330 20250718.pdf,20,FIN-P20-T4,3,4,69.1%,69.1%,69.1%,69.1,69.1,PASS
JP-2330 20250718.pdf,20,FIN-P20-T4,4,0,EBITmargin,EBITmargin,EBITmargin,,,PASS
JP-2330 20250718.pdf,20,FIN-P20-T4,4,1,45.7%,45.7%,45.7%,45.7,45.7,PASS
JP-2330 20250718.pdf,20,FIN-P20-T4,4,2,47.3%,47.3%,47.3%,47.3,47.3,PASS
JP-2330 20250718.pdf,20,FIN-P20-T4,4,3,47.2%,47.2%,47.2%,47.2,47.2,PASS
JP-2330 20250718.pdf,20,FIN-P20-T4,4,4,46.9%,46.9%,46.9%,46.9,46.9,PASS
JP-2330 20250718.pdf,20,FIN-P20-T4,5,0,Netprofitmargin,Netprofitmargin,Netprofitmargin,,,PASS
JP-2330 20250718.pdf,20,FIN-P20-T4,5,1,40.5%,40.5%,40.5%,40.5,40.5,PASS
JP-2330 20250718.pdf,20,FIN-P20-T4,5,2,41.9%,41.9%,41.9%,41.9,41.9,PASS
JP-2330 20250718.pdf,20,FIN-P20-T4,5,3,41.0%,41.0%,41.0%,41.0,41.0,PASS
JP-2330 20250718.pdf,20,FIN-P20-T4,5,4,41.0%,41.0%,41.0%,41.0,41.0,PASS
JP-2330 20250718.pdf,20,FIN-P20-T4,6,0,ROE,ROE,ROE,,,PASS
JP-2330 20250718.pdf,20,FIN-P20-T4,6,1,30.3%,30.3%,30.3%,30.3,30.3,PASS
JP-2330 20250718.pdf,20,FIN-P20-T4,6,2,31.7%,31.7%,31.7%,31.7,31.7,PASS
JP-2330 20250718.pdf,20,FIN-P20-T4,6,3,29.1%,29.1%,29.1%,29.1,29.1,PASS
JP-2330 20250718.pdf,20,FIN-P20-T4,6,4,27.8%,27.8%,27.8%,27.8,27.8,PASS
JP-2330 20250718.pdf,20,FIN-P20-T4,7,0,ROA,ROA,ROA,,,PASS
JP-2330 20250718.pdf,20,FIN-P20-T4,7,1,19.2%,19.2%,19.2%,19.2,19.2,PASS
JP-2330 20250718.pdf,20,FIN-P20-T4,7,2,21.9%,21.9%,21.9%,21.9,21.9,PASS
JP-2330 20250718.pdf,20,FIN-P20-T4,7,3,21.7%,21.7%,21.7%,21.7,21.7,PASS
JP-2330 20250718.pdf,20,FIN-P20-T4,7,4,21.3%,21.3%,21.3%,21.3,21.3,PASS
JP-2330 20250718.pdf,20,FIN-P20-T4,8,0,ROCE,ROCE,ROCE,,,PASS
JP-2330 20250718.pdf,20,FIN-P20-T4,8,1,22.7%,22.7%,22.7%,22.7,22.7,PASS
JP-2330 20250718.pdf,20,FIN-P20-T4,8,2,24.8%,24.8%,24.8%,24.8,24.8,PASS
JP-2330 20250718.pdf,20,FIN-P20-T4,8,3,24.1%,24.1%,24.1%,24.1,24.1,PASS
JP-2330 20250718.pdf,20,FIN-P20-T4,8,4,23.4%,23.4%,23.4%,23.4,23.4,PASS
JP-2330 20250718.pdf,20,FIN-P20-T4,9,0,SG&A/Sales,SG&A/Sales,SG&A/Sales,,,PASS
JP-2330 20250718.pdf,20,FIN-P20-T4,9,1,3.4%,3.4%,3.4%,3.4,3.4,PASS
JP-2330 20250718.pdf,20,FIN-P20-T4,9,2,2.9%,2.9%,2.9%,2.9,2.9,PASS
JP-2330 20250718.pdf,20,FIN-P20-T4,9,3,2.9%,2.9%,2.9%,2.9,2.9,PASS
JP-2330 20250718.pdf,20,FIN-P20-T4,9,4,2.9%,2.9%,2.9%,2.9,2.9,PASS
JP-2330 20250718.pdf,20,FIN-P20-T4,10,0,Netdebt/equity,Netdebt/equity,Netdebt/equity,,,PASS
JP-2330 20250718.pdf,20,FIN-P20-T4,10,1,NM,NM,NM,,,PASS
JP-2330 20250718.pdf,20,FIN-P20-T4,10,2,NM,NM,NM,,,PASS
JP-2330 20250718.pdf,20,FIN-P20-T4,10,3,NM,NM,NM,,,PASS
JP-2330 20250718.pdf,20,FIN-P20-T4,10,4,NM,NM,NM,,,PASS
JP-2330 20250718.pdf,20,FIN-P20-T4,11,0,P/E(x),P/E(x),P/E(x),,,PASS
JP-2330 20250718.pdf,20,FIN-P20-T4,11,1,25.0,25.0,25.0,25.0,25.0,PASS
JP-2330 20250718.pdf,20,FIN-P20-T4,11,2,19.3,19.3,19.3,19.3,19.3,PASS
JP-2330 20250718.pdf,20,FIN-P20-T4,11,3,17.4,17.4,17.4,17.4,17.4,PASS
JP-2330 20250718.pdf,20,FIN-P20-T4,11,4,15.4,15.4,15.4,15.4,15.4,PASS
JP-2330 20250718.pdf,20,FIN-P20-T4,12,0,P/BV(x),P/BV(x),P/BV(x),,,PASS
JP-2330 20250718.pdf,20,FIN-P20-T4,12,1,6.8,6.8,6.8,6.8,6.8,PASS
JP-2330 20250718.pdf,20,FIN-P20-T4,12,2,5.5,5.5,5.5,5.5,5.5,PASS
JP-2330 20250718.pdf,20,FIN-P20-T4,12,3,4.6,4.6,4.6,4.6,4.6,PASS
JP-2330 20250718.pdf,20,FIN-P20-T4,12,4,4.0,4.0,4.0,4.0,4.0,PASS
JP-2330 20250718.pdf,20,FIN-P20-T4,13,0,EV/EBITDA(x),EV/EBITDA(x),EV/EBITDA(x),,,PASS
JP-2330 20250718.pdf,20,FIN-P20-T4,13,1,14.1,14.1,14.1,14.1,14.1,PASS
JP-2330 20250718.pdf,20,FIN-P20-T4,13,2,11.4,11.4,11.4,11.4,11.4,PASS
JP-2330 20250718.pdf,20,FIN-P20-T4,13,3,9.5,9.5,9.5,9.5,9.5,PASS
JP-2330 20250718.pdf,20,FIN-P20-T4,13,4,8.2,8.2,8.2,8.2,8.2,PASS
JP-2330 20250718.pdf,20,FIN-P20-T4,14,0,DividendYield,DividendYield,DividendYield,,,PASS
JP-2330 20250718.pdf,20,FIN-P20-T4,14,1,1.5%,1.5%,1.5%,1.5,1.5,PASS
JP-2330 20250718.pdf,20,FIN-P20-T4,14,2,1.8%,1.8%,1.8%,1.8,1.8,PASS
JP-2330 20250718.pdf,20,FIN-P20-T4,14,3,2.2%,2.2%,2.2%,2.2,2.2,PASS
JP-2330 20250718.pdf,20,FIN-P20-T4,14,4,2.9%,2.9%,2.9%,2.9,2.9,PASS
JP-2330 20250718.pdf,20,FIN-P20-T4,15,0,Sales/Assets(x),Sales/Assets(x),Sales/Assets(x),,,PASS
JP-2330 20250718.pdf,20,FIN-P20-T4,15,1,47.4%,47.4%,47.4%,47.4,47.4,PASS
JP-2330 20250718.pdf,20,FIN-P20-T4,15,2,52.2%,52.2%,52.2%,52.2,52.2,PASS
JP-2330 20250718.pdf,20,FIN-P20-T4,15,3,52.9%,52.9%,52.9%,52.9,52.9,PASS
JP-2330 20250718.pdf,20,FIN-P20-T4,15,4,51.9%,51.9%,51.9%,51.9,51.9,PASS
JP-2330 20250718.pdf,20,FIN-P20-T4,16,0,Interestcover(x),Interestcover(x),Interestcover(x),,,PASS
JP-2330 20250718.pdf,20,FIN-P20-T4,16,1,NM,NM,NM,,,PASS
JP-2330 20250718.pdf,20,FIN-P20-T4,16,2,NM,NM,NM,,,PASS
JP-2330 20250718.pdf,20,FIN-P20-T4,16,3,NM,NM,NM,,,PASS
JP-2330 20250718.pdf,20,FIN-P20-T4,16,4,NM,NM,NM,,,PASS
JP-2330 20250718.pdf,20,FIN-P20-T4,17,0,Operatingleverage,Operatingleverage,Operatingleverage,,,PASS
JP-2330 20250718.pdf,20,FIN-P20-T4,17,1,128.3%,128.3%,128.3%,128.3,128.3,PASS
JP-2330 20250718.pdf,20,FIN-P20-T4,17,2,117.5%,117.5%,117.5%,117.5,117.5,PASS
JP-2330 20250718.pdf,20,FIN-P20-T4,17,3,98.0%,98.0%,98.0%,98.0,98.0,PASS
JP-2330 20250718.pdf,20,FIN-P20-T4,17,4,95.5%,95.5%,95.5%,95.5,95.5,PASS
JP-2330 20250718.pdf,20,FIN-P20-T4,18,0,Revenuey/yGrowth,Revenuey/yGrowth,Revenuey/yGrowth,,,PASS
JP-2330 20250718.pdf,20,FIN-P20-T4,18,1,33.9%,33.9%,33.9%,33.9,33.9,PASS
JP-2330 20250718.pdf,20,FIN-P20-T4,18,2,25.0%,25.0%,25.0%,25.0,25.0,PASS
JP-2330 20250718.pdf,20,FIN-P20-T4,18,3,13.8%,13.8%,13.8%,13.8,13.8,PASS
JP-2330 20250718.pdf,20,FIN-P20-T4,18,4,12.5%,12.5%,12.5%,12.5,12.5,PASS
JP-2330 20250718.pdf,20,FIN-P20-T4,19,0,EBITDAy/yGrowth,EBITDAy/yGrowth,EBITDAy/yGrowth,,,PASS
JP-2330 20250718.pdf,20,FIN-P20-T4,19,1,36.5%,36.5%,36.5%,36.5,36.5,PASS
JP-2330 20250718.pdf,20,FIN-P20-T4,19,2,23.5%,23.5%,23.5%,23.5,23.5,PASS
JP-2330 20250718.pdf,20,FIN-P20-T4,19,3,16.6%,16.6%,16.6%,16.6,16.6,PASS
JP-2330 20250718.pdf,20,FIN-P20-T4,19,4,12.0%,12.0%,12.0%,12.0,12.0,PASS
JP-2330 20250718.pdf,20,FIN-P20-T4,20,0,Taxrate,Taxrate,Taxrate,,,PASS
JP-2330 20250718.pdf,20,FIN-P20-T4,20,1,16.6%,16.6%,16.6%,16.6,16.6,PASS
JP-2330 20250718.pdf,20,FIN-P20-T4,20,2,16.4%,16.4%,16.4%,16.4,16.4,PASS
JP-2330 20250718.pdf,20,FIN-P20-T4,20,3,16.2%,16.2%,16.2%,16.2,16.2,PASS
JP-2330 20250718.pdf,20,FIN-P20-T4,20,4,16.3%,16.3%,16.3%,16.3,16.3,PASS
JP-2330 20250718.pdf,20,FIN-P20-T4,21,0,Adj.NetIncomey/yGrowth,Adj.NetIncomey/yGrowth,Adj.NetIncomey/yGrowth,,,PASS
JP-2330 20250718.pdf,20,FIN-P20-T4,21,1,39.9%,39.9%,39.9%,39.9,39.9,PASS
JP-2330 20250718.pdf,20,FIN-P20-T4,21,2,29.2%,29.2%,29.2%,29.2,29.2,PASS
JP-2330 20250718.pdf,20,FIN-P20-T4,21,3,11.4%,11.4%,11.4%,11.4,11.4,PASS
JP-2330 20250718.pdf,20,FIN-P20-T4,21,4,12.7%,12.7%,12.7%,12.7,12.7,PASS
JP-2330 20250718.pdf,20,FIN-P20-T4,22,0,EPSy/yGrowth,EPSy/yGrowth,EPSy/yGrowth,,,PASS
JP-2330 20250718.pdf,20,FIN-P20-T4,22,1,39.9%,39.9%,39.9%,39.9,39.9,PASS
JP-2330 20250718.pdf,20,FIN-P20-T4,22,2,29.2%,29.2%,29.2%,29.2,29.2,PASS
JP-2330 20250718.pdf,20,FIN-P20-T4,22,3,11.4%,11.4%,11.4%,11.4,11.4,PASS
JP-2330 20250718.pdf,20,FIN-P20-T4,22,4,12.7%,12.7%,12.7%,12.7,12.7,PASS
JP-2330 20250718.pdf,20,FIN-P20-T4,23,0,DPSy/yGrowth,DPSy/yGrowth,DPSy/yGrowth,,,PASS
JP-2330 20250718.pdf,20,FIN-P20-T4,23,1,26.9%,26.9%,26.9%,26.9,26.9,PASS
JP-2330 20250718.pdf,20,FIN-P20-T4,23,2,21.2%,21.2%,21.2%,21.2,21.2,PASS
JP-2330 20250718.pdf,20,FIN-P20-T4,23,3,25.0%,25.0%,25.0%,25.0,25.0,PASS
JP-2330 20250718.pdf,20,FIN-P20-T4,23,4,32.0%,32.0%,32.0%,32.0,32.0,PASS
MS-3661 20251203.pdf,10,FIN-P10-T1,3,0,Netsales,Netsales,Netsales,,,PASS
MS-3661 20251203.pdf,10,FIN-P10-T1,3,1,"51,969","51,969","51,969",51969.0,51969.0,PASS
MS-3661 20251203.pdf,10,FIN-P10-T1,3,2,"32,543","32,543","32,543",32543.0,32543.0,PASS
MS-3661 20251203.pdf,10,FIN-P10-T1,3,3,"104,889","104,889","104,889",104889.0,104889.0,PASS
MS-3661 20251203.pdf,10,FIN-P10-T1,3,4,"136,056","136,056","136,056",136056.0,136056.0,PASS
MS-3661 20251203.pdf,10,FIN-P10-T1,4,0,COGS,COGS,COGS,,,PASS
MS-3661 20251203.pdf,10,FIN-P10-T1,4,1,"(41,768)","(41,768)","(41,768)",-41768.0,-41768.0,PASS
MS-3661 20251203.pdf,10,FIN-P10-T1,4,2,"(24,476)","(24,476)","(24,476)",-24476.0,-24476.0,PASS
MS-3661 20251203.pdf,10,FIN-P10-T1,4,3,"(84,225)","(84,225)","(84,225)",-84225.0,-84225.0,PASS
MS-3661 20251203.pdf,10,FIN-P10-T1,4,4,"(111,898)","(111,898)","(111,898)",-111898.0,-111898.0,PASS
MS-3661 20251203.pdf,10,FIN-P10-T1,5,0,Grossprofit,Grossprofit,Grossprofit,,,PASS
MS-3661 20251203.pdf,10,FIN-P10-T1,5,1,"10,201","10,201","10,201",10201.0,10201.0,PASS
MS-3661 20251203.pdf,10,FIN-P10-T1,5,2,"8,067","8,067","8,067",8067.0,8067.0,PASS
MS-3661 20251203.pdf,10,FIN-P10-T1,5,3,"20,664","20,664","20,664",20664.0,20664.0,PASS
MS-3661 20251203.pdf,10,FIN-P10-T1,5,4,"24,159","24,159","24,159",24159.0,24159.0,PASS
MS-3661 20251203.pdf,10,FIN-P10-T1,6,0,Operatingexpenses,Operatingexpenses,Operatingexpenses,,,PASS
MS-3661 20251203.pdf,10,FIN-P10-T1,6,1,"(3,705)","(3,705)","(3,705)",-3705.0,-3705.0,PASS
MS-3661 20251203.pdf,10,FIN-P10-T1,6,2,"(3,097)","(3,097)","(3,097)",-3097.0,-3097.0,PASS
MS-3661 20251203.pdf,10,FIN-P10-T1,6,3,"(5,213)","(5,213)","(5,213)",-5213.0,-5213.0,PASS
MS-3661 20251203.pdf,10,FIN-P10-T1,6,4,"(6,088)","(6,088)","(6,088)",-6088.0,-6088.0,PASS
MS-3661 20251203.pdf,10,FIN-P10-T1,7,0,Operatingincome,Operatingincome,Operatingincome,,,PASS
MS-3661 20251203.pdf,10,FIN-P10-T1,7,1,"6,496","6,496","6,496",6496.0,6496.0,PASS
MS-3661 20251203.pdf,10,FIN-P10-T1,7,2,"4,970","4,970","4,970",4970.0,4970.0,PASS
MS-3661 20251203.pdf,10,FIN-P10-T1,7,3,"15,452","15,452","15,452",15452.0,15452.0,PASS
MS-3661 20251203.pdf,10,FIN-P10-T1,7,4,"18,071","18,071","18,071",18071.0,18071.0,PASS
MS-3661 20251203.pdf,10,FIN-P10-T1,8,0,Non-operatingincome,Non-operatingincome,Non-operatingincome,,,PASS
MS-3661 20251203.pdf,10,FIN-P10-T1,8,1,"1,312","1,312","1,312",1312.0,1312.0,PASS
MS-3661 20251203.pdf,10,FIN-P10-T1,8,2,"1,587","1,587","1,587",1587.0,1587.0,PASS
MS-3661 20251203.pdf,10,FIN-P10-T1,8,3,"1,309","1,309","1,309",1309.0,1309.0,PASS
MS-3661 20251203.pdf,10,FIN-P10-T1,8,4,"1,191","1,191","1,191",1191.0,1191.0,PASS
MS-3661 20251203.pdf,10,FIN-P10-T1,9,0,Pre-taxincome,Pre-taxincome,Pre-taxincome,,,PASS
MS-3661 20251203.pdf,10,FIN-P10-T1,9,1,"7,808","7,808","7,808",7808.0,7808.0,PASS
MS-3661 20251203.pdf,10,FIN-P10-T1,9,2,"6,557","6,557","6,557",6557.0,6557.0,PASS
MS-3661 20251203.pdf,10,FIN-P10-T1,9,3,"16,761","16,761","16,761",16761.0,16761.0,PASS
MS-3661 20251203.pdf,10,FIN-P10-T1,9,4,"19,261","19,261","19,261",19261.0,19261.0,PASS
MS-3661 20251203.pdf,10,FIN-P10-T1,10,0,Incometax,Incometax,Incometax,,,PASS
MS-3661 20251203.pdf,10,FIN-P10-T1,10,1,"1,362","1,362","1,362",1362.0,1362.0,PASS
MS-3661 20251203.pdf,10,FIN-P10-T1,10,2,"1,137","1,137","1,137",1137.0,1137.0,PASS
MS-3661 20251203.pdf,10,FIN-P10-T1,10,3,"3,268","3,268","3,268",3268.0,3268.0,PASS
MS-3661 20251203.pdf,10,FIN-P10-T1,10,4,"3,852","3,852","3,852",3852.0,3852.0,PASS
MS-3661 20251203.pdf,10,FIN-P10-T1,11,0,MinorityInterest,MinorityInterest,MinorityInterest,,,PASS
MS-3661 20251203.pdf,10,FIN-P10-T1,11,1,1,1,1,1.0,1.0,PASS
MS-3661 20251203.pdf,10,FIN-P10-T1,11,2,(7),(7),(7),-7.0,-7.0,PASS
MS-3661 20251203.pdf,10,FIN-P10-T1,11,3,0,0,0,0.0,0.0,PASS
MS-3661 20251203.pdf,10,FIN-P10-T1,11,4,0,0,0,0.0,0.0,PASS
MS-3661 20251203.pdf,10,FIN-P10-T1,12,0,ReportednetIncome,ReportednetIncome,ReportednetIncome,,,PASS
MS-3661 20251203.pdf,10,FIN-P10-T1,12,1,"6,446","6,446","6,446",6446.0,6446.0,PASS
MS-3661 20251203.pdf,10,FIN-P10-T1,12,2,"5,426","5,426","5,426",5426.0,5426.0,PASS
MS-3661 20251203.pdf,10,FIN-P10-T1,12,3,"13,493","13,493","13,493",13493.0,13493.0,PASS
MS-3661 20251203.pdf,10,FIN-P10-T1,12,4,"15,409","15,409","15,409",15409.0,15409.0,PASS
MS-3661 20251203.pdf,10,FIN-P10-T1,13,0,Adj.wtd.avg.shrs(m),Adj.wtd.avg.shrs(m),Adj.wtd.avg.shrs(m),,,PASS
MS-3661 20251203.pdf,10,FIN-P10-T1,13,1,79,79,79,79.0,79.0,PASS
MS-3661 20251203.pdf,10,FIN-P10-T1,13,2,81,81,81,81.0,81.0,PASS
MS-3661 20251203.pdf,10,FIN-P10-T1,13,3,81,81,81,81.0,81.0,PASS
MS-3661 20251203.pdf,10,FIN-P10-T1,13,4,81,81,81,81.0,81.0,PASS
MS-3661 20251203.pdf,10,FIN-P10-T1,14,0,EPSforConsensus(NT$),EPSforConsensus(NT$),EPSforConsensus(NT$),,,PASS
MS-3661 20251203.pdf,10,FIN-P10-T1,14,1,79.05,79.05,79.05,79.05,79.05,PASS
MS-3661 20251203.pdf,10,FIN-P10-T1,14,2,65.68,65.68,65.68,65.68,65.68,PASS
MS-3661 20251203.pdf,10,FIN-P10-T1,14,3,163.36,163.36,163.36,163.36,163.36,PASS
MS-3661 20251203.pdf,10,FIN-P10-T1,14,4,186.57,186.57,186.57,186.57,186.57,PASS
MS-3661 20251203.pdf,10,FIN-P10-T1,15,0,ModelwareEPS(NT$),ModelwareEPS(NT$),ModelwareEPS(NT$),,,PASS
MS-3661 20251203.pdf,10,FIN-P10-T1,15,1,79.05,79.05,79.05,79.05,79.05,PASS
MS-3661 20251203.pdf,10,FIN-P10-T1,15,2,65.68,65.68,65.68,65.68,65.68,PASS
MS-3661 20251203.pdf,10,FIN-P10-T1,15,3,163.36,163.36,163.36,163.36,163.36,PASS
MS-3661 20251203.pdf,10,FIN-P10-T1,15,4,186.57,186.57,186.57,186.57,186.57,PASS
MS-3661 20251203.pdf,10,FIN-P10-T2,3,0,Cash,Cash,Cash,,,PASS
MS-3661 20251203.pdf,10,FIN-P10-T2,3,1,"27,044","27,044","27,044",27044.0,27044.0,PASS
MS-3661 20251203.pdf,10,FIN-P10-T2,3,2,"33,266","33,266","33,266",33266.0,33266.0,PASS
MS-3661 20251203.pdf,10,FIN-P10-T2,3,3,"25,539","25,539","25,539",25539.0,25539.0,PASS
MS-3661 20251203.pdf,10,FIN-P10-T2,3,4,"23,778","23,778","23,778",23778.0,23778.0,PASS
MS-3661 20251203.pdf,10,FIN-P10-T2,4,0,MktSecurities,MktSecurities,MktSecurities,,,PASS
MS-3661 20251203.pdf,10,FIN-P10-T2,4,1,16,16,16,16.0,16.0,PASS
MS-3661 20251203.pdf,10,FIN-P10-T2,4,2,16,16,16,16.0,16.0,PASS
MS-3661 20251203.pdf,10,FIN-P10-T2,4,3,16,16,16,16.0,16.0,PASS
MS-3661 20251203.pdf,10,FIN-P10-T2,4,4,16,16,16,16.0,16.0,PASS
MS-3661 20251203.pdf,10,FIN-P10-T2,5,0,AR/NR,AR/NR,AR/NR,,,PASS
MS-3661 20251203.pdf,10,FIN-P10-T2,5,1,"5,730","5,730","5,730",5730.0,5730.0,PASS
MS-3661 20251203.pdf,10,FIN-P10-T2,5,2,"2,557","2,557","2,557",2557.0,2557.0,PASS
MS-3661 20251203.pdf,10,FIN-P10-T2,5,3,"8,242","8,242","8,242",8242.0,8242.0,PASS
MS-3661 20251203.pdf,10,FIN-P10-T2,5,4,"10,691","10,691","10,691",10691.0,10691.0,PASS
MS-3661 20251203.pdf,10,FIN-P10-T2,6,0,Inventory,Inventory,Inventory,,,PASS
MS-3661 20251203.pdf,10,FIN-P10-T2,6,1,"8,661","8,661","8,661",8661.0,8661.0,PASS
MS-3661 20251203.pdf,10,FIN-P10-T2,6,2,"5,940","5,940","5,940",5940.0,5940.0,PASS
MS-3661 20251203.pdf,10,FIN-P10-T2,6,3,"20,442","20,442","20,442",20442.0,20442.0,PASS
MS-3661 20251203.pdf,10,FIN-P10-T2,6,4,"27,158","27,158","27,158",27158.0,27158.0,PASS
MS-3661 20251203.pdf,10,FIN-P10-T2,7,0,Other,Other,Other,,,PASS
MS-3661 20251203.pdf,10,FIN-P10-T2,7,1,"4,733","4,733","4,733",4733.0,4733.0,PASS
MS-3661 20251203.pdf,10,FIN-P10-T2,7,2,"4,733","4,733","4,733",4733.0,4733.0,PASS
MS-3661 20251203.pdf,10,FIN-P10-T2,7,3,"4,733","4,733","4,733",4733.0,4733.0,PASS
MS-3661 20251203.pdf,10,FIN-P10-T2,7,4,"4,733","4,733","4,733",4733.0,4733.0,PASS
MS-3661 20251203.pdf,10,FIN-P10-T2,8,0,CurrentAssets,CurrentAssets,CurrentAssets,,,PASS
MS-3661 20251203.pdf,10,FIN-P10-T2,8,1,"46,184","46,184","46,184",46184.0,46184.0,PASS
MS-3661 20251203.pdf,10,FIN-P10-T2,8,2,"46,513","46,513","46,513",46513.0,46513.0,PASS
MS-3661 20251203.pdf,10,FIN-P10-T2,8,3,"58,972","58,972","58,972",58972.0,58972.0,PASS
MS-3661 20251203.pdf,10,FIN-P10-T2,8,4,"66,377","66,377","66,377",66377.0,66377.0,PASS
MS-3661 20251203.pdf,10,FIN-P10-T2,9,0,Long-terminvestments,Long-terminvestments,Long-terminvestments,,,PASS
MS-3661 20251203.pdf,10,FIN-P10-T2,9,1,"1,600","1,600","1,600",1600.0,1600.0,PASS
MS-3661 20251203.pdf,10,FIN-P10-T2,9,2,"1,600","1,600","1,600",1600.0,1600.0,PASS
MS-3661 20251203.pdf,10,FIN-P10-T2,9,3,"1,600","1,600","1,600",1600.0,1600.0,PASS
MS-3661 20251203.pdf,10,FIN-P10-T2,9,4,"1,600","1,600","1,600",1600.0,1600.0,PASS
MS-3661 20251203.pdf,10,FIN-P10-T2,10,0,Fixedassets,Fixedassets,Fixedassets,,,PASS
MS-3661 20251203.pdf,10,FIN-P10-T2,10,1,"1,775","1,775","1,775",1775.0,1775.0,PASS
MS-3661 20251203.pdf,10,FIN-P10-T2,10,2,"1,775","1,775","1,775",1775.0,1775.0,PASS
MS-3661 20251203.pdf,10,FIN-P10-T2,10,3,"1,775","1,775","1,775",1775.0,1775.0,PASS
MS-3661 20251203.pdf,10,FIN-P10-T2,10,4,"1,775","1,775","1,775",1775.0,1775.0,PASS
MS-3661 20251203.pdf,10,FIN-P10-T2,11,0,Defferedassets,Defferedassets,Defferedassets,,,PASS
MS-3661 20251203.pdf,10,FIN-P10-T2,11,1,169,169,169,169.0,169.0,PASS
MS-3661 20251203.pdf,10,FIN-P10-T2,11,2,169,169,169,169.0,169.0,PASS
MS-3661 20251203.pdf,10,FIN-P10-T2,11,3,169,169,169,169.0,169.0,PASS
MS-3661 20251203.pdf,10,FIN-P10-T2,11,4,169,169,169,169.0,169.0,PASS
MS-3661 20251203.pdf,10,FIN-P10-T2,12,0,Otherassets,Otherassets,Otherassets,,,PASS
MS-3661 20251203.pdf,10,FIN-P10-T2,12,1,582,582,582,582.0,582.0,PASS
MS-3661 20251203.pdf,10,FIN-P10-T2,12,2,582,582,582,582.0,582.0,PASS
MS-3661 20251203.pdf,10,FIN-P10-T2,12,3,582,582,582,582.0,582.0,PASS
MS-3661 20251203.pdf,10,FIN-P10-T2,12,4,582,582,582,582.0,582.0,PASS
MS-3661 20251203.pdf,10,FIN-P10-T2,13,0,TotalAssets,TotalAssets,TotalAssets,,,PASS
MS-3661 20251203.pdf,10,FIN-P10-T2,13,1,"50,309","50,309","50,309",50309.0,50309.0,PASS
MS-3661 20251203.pdf,10,FIN-P10-T2,13,2,"50,638","50,638","50,638",50638.0,50638.0,PASS
MS-3661 20251203.pdf,10,FIN-P10-T2,13,3,"63,098","63,098","63,098",63098.0,63098.0,PASS
MS-3661 20251203.pdf,10,FIN-P10-T2,13,4,"70,502","70,502","70,502",70502.0,70502.0,PASS
MS-3661 20251203.pdf,10,FIN-P10-T2,14,0,S/Tborrowings,S/Tborrowings,S/Tborrowings,,,PASS
MS-3661 20251203.pdf,10,FIN-P10-T2,14,1,0,0,0,0.0,0.0,PASS
MS-3661 20251203.pdf,10,FIN-P10-T2,14,2,0,0,0,0.0,0.0,PASS
MS-3661 20251203.pdf,10,FIN-P10-T2,14,3,0,0,0,0.0,0.0,PASS
MS-3661 20251203.pdf,10,FIN-P10-T2,14,4,0,0,0,0.0,0.0,PASS
MS-3661 20251203.pdf,10,FIN-P10-T2,15,0,AP/NP,AP/NP,AP/NP,,,PASS
MS-3661 20251203.pdf,10,FIN-P10-T2,15,1,"1,826","1,826","1,826",1826.0,1826.0,PASS
MS-3661 20251203.pdf,10,FIN-P10-T2,15,2,"1,099","1,099","1,099",1099.0,1099.0,PASS
MS-3661 20251203.pdf,10,FIN-P10-T2,15,3,"3,783","3,783","3,783",3783.0,3783.0,PASS
MS-3661 20251203.pdf,10,FIN-P10-T2,15,4,"5,026","5,026","5,026",5026.0,5026.0,PASS
MS-3661 20251203.pdf,10,FIN-P10-T2,16,0,OtherSTliabilities,OtherSTliabilities,OtherSTliabilities,,,PASS
MS-3661 20251203.pdf,10,FIN-P10-T2,16,1,"8,845","8,845","8,845",8845.0,8845.0,PASS
MS-3661 20251203.pdf,10,FIN-P10-T2,16,2,"8,845","8,845","8,845",8845.0,8845.0,PASS
MS-3661 20251203.pdf,10,FIN-P10-T2,16,3,"8,845","8,845","8,845",8845.0,8845.0,PASS
MS-3661 20251203.pdf,10,FIN-P10-T2,16,4,"8,845","8,845","8,845",8845.0,8845.0,PASS
MS-3661 20251203.pdf,10,FIN-P10-T2,17,0,LTdebt,LTdebt,LTdebt,,,PASS
MS-3661 20251203.pdf,10,FIN-P10-T2,17,1,0,0,0,0.0,0.0,PASS
MS-3661 20251203.pdf,10,FIN-P10-T2,17,2,0,0,0,0.0,0.0,PASS
MS-3661 20251203.pdf,10,FIN-P10-T2,17,3,0,0,0,0.0,0.0,PASS
MS-3661 20251203.pdf,10,FIN-P10-T2,17,4,0,0,0,0.0,0.0,PASS
MS-3661 20251203.pdf,10,FIN-P10-T2,18,0,OtherLTliabilities,OtherLTliabilities,OtherLTliabilities,,,PASS
MS-3661 20251203.pdf,10,FIN-P10-T2,18,1,161,161,161,161.0,161.0,PASS
MS-3661 20251203.pdf,10,FIN-P10-T2,18,2,161,161,161,161.0,161.0,PASS
MS-3661 20251203.pdf,10,FIN-P10-T2,18,3,161,161,161,161.0,161.0,PASS
MS-3661 20251203.pdf,10,FIN-P10-T2,18,4,161,161,161,161.0,161.0,PASS
MS-3661 20251203.pdf,10,FIN-P10-T2,19,0,Commonshares,Commonshares,Commonshares,,,PASS
MS-3661 20251203.pdf,10,FIN-P10-T2,19,1,806,806,806,806.0,806.0,PASS
MS-3661 20251203.pdf,10,FIN-P10-T2,19,2,806,806,806,806.0,806.0,PASS
MS-3661 20251203.pdf,10,FIN-P10-T2,19,3,806,806,806,806.0,806.0,PASS
MS-3661 20251203.pdf,10,FIN-P10-T2,19,4,806,806,806,806.0,806.0,PASS
MS-3661 20251203.pdf,10,FIN-P10-T2,20,0,TotalLiabilities,TotalLiabilities,TotalLiabilities,,,PASS
MS-3661 20251203.pdf,10,FIN-P10-T2,20,1,"10,833","10,833","10,833",10833.0,10833.0,PASS
MS-3661 20251203.pdf,10,FIN-P10-T2,20,2,"10,105","10,105","10,105",10105.0,10105.0,PASS
MS-3661 20251203.pdf,10,FIN-P10-T2,20,3,"12,789","12,789","12,789",12789.0,12789.0,PASS
MS-3661 20251203.pdf,10,FIN-P10-T2,20,4,"14,032","14,032","14,032",14032.0,14032.0,PASS
MS-3661 20251203.pdf,10,FIN-P10-T2,21,0,Additionalcapital,Additionalcapital,Additionalcapital,,,PASS
MS-3661 20251203.pdf,10,FIN-P10-T2,21,1,"25,350","25,350","25,350",25350.0,25350.0,PASS
MS-3661 20251203.pdf,10,FIN-P10-T2,21,2,"25,350","25,350","25,350",25350.0,25350.0,PASS
MS-3661 20251203.pdf,10,FIN-P10-T2,21,3,"25,350","25,350","25,350",25350.0,25350.0,PASS
MS-3661 20251203.pdf,10,FIN-P10-T2,21,4,"25,350","25,350","25,350",25350.0,25350.0,PASS
MS-3661 20251203.pdf,10,FIN-P10-T2,22,0,Retainedearning,Retainedearning,Retainedearning,,,PASS
MS-3661 20251203.pdf,10,FIN-P10-T2,22,1,"10,752","10,752","10,752",10752.0,10752.0,PASS
MS-3661 20251203.pdf,10,FIN-P10-T2,22,2,"11,808","11,808","11,808",11808.0,11808.0,PASS
MS-3661 20251203.pdf,10,FIN-P10-T2,22,3,"21,584","21,584","21,584",21584.0,21584.0,PASS
MS-3661 20251203.pdf,10,FIN-P10-T2,22,4,"27,746","27,746","27,746",27746.0,27746.0,PASS
MS-3661 20251203.pdf,10,FIN-P10-T2,23,0,Othershareholders'equity,Othershareholders'equity,Othershareholders'equity,,,PASS
MS-3661 20251203.pdf,10,FIN-P10-T2,23,1,"2,568","2,568","2,568",2568.0,2568.0,PASS
MS-3661 20251203.pdf,10,FIN-P10-T2,23,2,"2,568","2,568","2,568",2568.0,2568.0,PASS
MS-3661 20251203.pdf,10,FIN-P10-T2,23,3,"2,568","2,568","2,568",2568.0,2568.0,PASS
MS-3661 20251203.pdf,10,FIN-P10-T2,23,4,"2,568","2,568","2,568",2568.0,2568.0,PASS
MS-3661 20251203.pdf,10,FIN-P10-T2,24,0,TotalEquity,TotalEquity,TotalEquity,,,PASS
MS-3661 20251203.pdf,10,FIN-P10-T2,24,1,"39,477","39,477","39,477",39477.0,39477.0,PASS
MS-3661 20251203.pdf,10,FIN-P10-T2,24,2,"40,533","40,533","40,533",40533.0,40533.0,PASS
MS-3661 20251203.pdf,10,FIN-P10-T2,24,3,"50,309","50,309","50,309",50309.0,50309.0,PASS
MS-3661 20251203.pdf,10,FIN-P10-T2,24,4,"56,470","56,470","56,470",56470.0,56470.0,PASS
MS-3661 20251203.pdf,10,FIN-P10-T2,25,0,TotalLiab.&Shrhldr'sEquity,TotalLiab.&Shrhldr'sEquity,TotalLiab.&Shrhldr'sEquity,,,PASS
MS-3661 20251203.pdf,10,FIN-P10-T2,25,1,"50,309","50,309","50,309",50309.0,50309.0,PASS
MS-3661 20251203.pdf,10,FIN-P10-T2,25,2,"50,638","50,638","50,638",50638.0,50638.0,PASS
MS-3661 20251203.pdf,10,FIN-P10-T2,25,3,"63,098","63,098","63,098",63098.0,63098.0,PASS
MS-3661 20251203.pdf,10,FIN-P10-T2,25,4,"70,502","70,502","70,502",70502.0,70502.0,PASS
MS-3661 20251203.pdf,10,FIN-P10-T3,3,0,CashflowfromOperations,CashflowfromOperations,CashflowfromOperations,,,PASS
MS-3661 20251203.pdf,10,FIN-P10-T3,3,1,"3,358","3,358","3,358",3358.0,3358.0,PASS
MS-3661 20251203.pdf,10,FIN-P10-T3,3,2,"12,721","12,721","12,721",12721.0,12721.0,PASS
MS-3661 20251203.pdf,10,FIN-P10-T3,3,3,"(1,881)","(1,881)","(1,881)",-1881.0,-1881.0,PASS
MS-3661 20251203.pdf,10,FIN-P10-T3,3,4,"9,616","9,616","9,616",9616.0,9616.0,PASS
MS-3661 20251203.pdf,10,FIN-P10-T3,4,0,Netprofits,Netprofits,Netprofits,,,PASS
MS-3661 20251203.pdf,10,FIN-P10-T3,4,1,"6,446","6,446","6,446",6446.0,6446.0,PASS
MS-3661 20251203.pdf,10,FIN-P10-T3,4,2,"5,426","5,426","5,426",5426.0,5426.0,PASS
MS-3661 20251203.pdf,10,FIN-P10-T3,4,3,"13,493","13,493","13,493",13493.0,13493.0,PASS
MS-3661 20251203.pdf,10,FIN-P10-T3,4,4,"15,409","15,409","15,409",15409.0,15409.0,PASS
MS-3661 20251203.pdf,10,FIN-P10-T3,5,0,Depreciation,Depreciation,Depreciation,,,PASS
MS-3661 20251203.pdf,10,FIN-P10-T3,5,1,"2,129","2,129","2,129",2129.0,2129.0,PASS
MS-3661 20251203.pdf,10,FIN-P10-T3,5,2,"2,129","2,129","2,129",2129.0,2129.0,PASS
MS-3661 20251203.pdf,10,FIN-P10-T3,5,3,"2,129","2,129","2,129",2129.0,2129.0,PASS
MS-3661 20251203.pdf,10,FIN-P10-T3,5,4,"2,129","2,129","2,129",2129.0,2129.0,PASS
MS-3661 20251203.pdf,10,FIN-P10-T3,6,0,WorkingCapitalChange,WorkingCapitalChange,WorkingCapitalChange,,,PASS
MS-3661 20251203.pdf,10,FIN-P10-T3,6,1,(869),(869),(869),-869.0,-869.0,PASS
MS-3661 20251203.pdf,10,FIN-P10-T3,6,2,"5,166","5,166","5,166",5166.0,5166.0,PASS
MS-3661 20251203.pdf,10,FIN-P10-T3,6,3,"(17,503)","(17,503)","(17,503)",-17503.0,-17503.0,PASS
MS-3661 20251203.pdf,10,FIN-P10-T3,6,4,"(7,923)","(7,923)","(7,923)",-7923.0,-7923.0,PASS
MS-3661 20251203.pdf,10,FIN-P10-T3,7,0,Otheradjustments,Otheradjustments,Otheradjustments,,,PASS
MS-3661 20251203.pdf,10,FIN-P10-T3,7,1,"(4,348)","(4,348)","(4,348)",-4348.0,-4348.0,PASS
MS-3661 20251203.pdf,10,FIN-P10-T3,7,2,0,0,0,0.0,0.0,PASS
MS-3661 20251203.pdf,10,FIN-P10-T3,7,3,0,0,0,0.0,0.0,PASS
MS-3661 20251203.pdf,10,FIN-P10-T3,7,4,0,0,0,0.0,0.0,PASS
MS-3661 20251203.pdf,10,FIN-P10-T3,8,0,CashflowfromInvesting,CashflowfromInvesting,CashflowfromInvesting,,,PASS
MS-3661 20251203.pdf,10,FIN-P10-T3,8,1,(676),(676),(676),-676.0,-676.0,PASS
MS-3661 20251203.pdf,10,FIN-P10-T3,8,2,"(2,129)","(2,129)","(2,129)",-2129.0,-2129.0,PASS
MS-3661 20251203.pdf,10,FIN-P10-T3,8,3,"(2,129)","(2,129)","(2,129)",-2129.0,-2129.0,PASS
MS-3661 20251203.pdf,10,FIN-P10-T3,8,4,"(2,129)","(2,129)","(2,129)",-2129.0,-2129.0,PASS
MS-3661 20251203.pdf,10,FIN-P10-T3,9,0,Capex,Capex,Capex,,,PASS
MS-3661 20251203.pdf,10,FIN-P10-T3,9,1,"(1,998)","(1,998)","(1,998)",-1998.0,-1998.0,PASS
MS-3661 20251203.pdf,10,FIN-P10-T3,9,2,"(2,129)","(2,129)","(2,129)",-2129.0,-2129.0,PASS
MS-3661 20251203.pdf,10,FIN-P10-T3,9,3,"(2,129)","(2,129)","(2,129)",-2129.0,-2129.0,PASS
MS-3661 20251203.pdf,10,FIN-P10-T3,9,4,"(2,129)","(2,129)","(2,129)",-2129.0,-2129.0,PASS
MS-3661 20251203.pdf,10,FIN-P10-T3,10,0,ChangeofLTInvestment,ChangeofLTInvestment,ChangeofLTInvestment,,,PASS
MS-3661 20251203.pdf,10,FIN-P10-T3,10,1,"1,748","1,748","1,748",1748.0,1748.0,PASS
MS-3661 20251203.pdf,10,FIN-P10-T3,10,2,0,0,0,0.0,0.0,PASS
MS-3661 20251203.pdf,10,FIN-P10-T3,10,3,0,0,0,0.0,0.0,PASS
MS-3661 20251203.pdf,10,FIN-P10-T3,10,4,0,0,0,0.0,0.0,PASS
MS-3661 20251203.pdf,10,FIN-P10-T3,11,0,ChangeofSTInvestment,ChangeofSTInvestment,ChangeofSTInvestment,,,PASS
MS-3661 20251203.pdf,10,FIN-P10-T3,11,1,(953),(953),(953),-953.0,-953.0,PASS
MS-3661 20251203.pdf,10,FIN-P10-T3,11,2,0,0,0,0.0,0.0,PASS
MS-3661 20251203.pdf,10,FIN-P10-T3,11,3,0,0,0,0.0,0.0,PASS
MS-3661 20251203.pdf,10,FIN-P10-T3,11,4,0,0,0,0.0,0.0,PASS
MS-3661 20251203.pdf,10,FIN-P10-T3,12,0,Otheradjustments,Otheradjustments,Otheradjustments,,,PASS
MS-3661 20251203.pdf,10,FIN-P10-T3,12,1,527,527,527,527.0,527.0,PASS
MS-3661 20251203.pdf,10,FIN-P10-T3,12,2,0,0,0,0.0,0.0,PASS
MS-3661 20251203.pdf,10,FIN-P10-T3,12,3,0,0,0,0.0,0.0,PASS
MS-3661 20251203.pdf,10,FIN-P10-T3,12,4,0,0,0,0.0,0.0,PASS
MS-3661 20251203.pdf,10,FIN-P10-T3,13,0,Cashflowfromfinancing,Cashflowfromfinancing,Cashflowfromfinancing,,,PASS
MS-3661 20251203.pdf,10,FIN-P10-T3,13,1,"12,855","12,855","12,855",12855.0,12855.0,PASS
MS-3661 20251203.pdf,10,FIN-P10-T3,13,2,"(4,370)","(4,370)","(4,370)",-4370.0,-4370.0,PASS
MS-3661 20251203.pdf,10,FIN-P10-T3,13,3,"(3,716)","(3,716)","(3,716)",-3716.0,-3716.0,PASS
MS-3661 20251203.pdf,10,FIN-P10-T3,13,4,"(9,248)","(9,248)","(9,248)",-9248.0,-9248.0,PASS
MS-3661 20251203.pdf,10,FIN-P10-T3,14,0,IncreaseinL/Tdebt,IncreaseinL/Tdebt,IncreaseinL/Tdebt,,,PASS
MS-3661 20251203.pdf,10,FIN-P10-T3,14,1,0,0,0,0.0,0.0,PASS
MS-3661 20251203.pdf,10,FIN-P10-T3,14,2,0,0,0,0.0,0.0,PASS
MS-3661 20251203.pdf,10,FIN-P10-T3,14,3,0,0,0,0.0,0.0,PASS
MS-3661 20251203.pdf,10,FIN-P10-T3,14,4,0,0,0,0.0,0.0,PASS
MS-3661 20251203.pdf,10,FIN-P10-T3,15,0,IncreaseinS/Tdebt,IncreaseinS/Tdebt,IncreaseinS/Tdebt,,,PASS
MS-3661 20251203.pdf,10,FIN-P10-T3,15,1,0,0,0,0.0,0.0,PASS
MS-3661 20251203.pdf,10,FIN-P10-T3,15,2,0,0,0,0.0,0.0,PASS
MS-3661 20251203.pdf,10,FIN-P10-T3,15,3,0,0,0,0.0,0.0,PASS
MS-3661 20251203.pdf,10,FIN-P10-T3,15,4,0,0,0,0.0,0.0,PASS
MS-3661 20251203.pdf,10,FIN-P10-T3,16,0,CashDividendPaid,CashDividendPaid,CashDividendPaid,,,PASS
MS-3661 20251203.pdf,10,FIN-P10-T3,16,1,"(1,818)","(1,818)","(1,818)",-1818.0,-1818.0,PASS
MS-3661 20251203.pdf,10,FIN-P10-T3,16,2,"(4,370)","(4,370)","(4,370)",-4370.0,-4370.0,PASS
MS-3661 20251203.pdf,10,FIN-P10-T3,16,3,"(3,716)","(3,716)","(3,716)",-3716.0,-3716.0,PASS
MS-3661 20251203.pdf,10,FIN-P10-T3,16,4,"(9,248)","(9,248)","(9,248)",-9248.0,-9248.0,PASS
MS-3661 20251203.pdf,10,FIN-P10-T3,17,0,Issuanceofstock,Issuanceofstock,Issuanceofstock,,,PASS
MS-3661 20251203.pdf,10,FIN-P10-T3,17,1,0,0,0,0.0,0.0,PASS
MS-3661 20251203.pdf,10,FIN-P10-T3,17,2,0,0,0,0.0,0.0,PASS
MS-3661 20251203.pdf,10,FIN-P10-T3,17,3,0,0,0,0.0,0.0,PASS
MS-3661 20251203.pdf,10,FIN-P10-T3,17,4,0,0,0,0.0,0.0,PASS
MS-3661 20251203.pdf,10,FIN-P10-T3,18,0,Otheradjustments,Otheradjustments,Otheradjustments,,,PASS
MS-3661 20251203.pdf,10,FIN-P10-T3,18,1,"14,673","14,673","14,673",14673.0,14673.0,PASS
MS-3661 20251203.pdf,10,FIN-P10-T3,18,2,0,0,0,0.0,0.0,PASS
MS-3661 20251203.pdf,10,FIN-P10-T3,18,3,0,0,0,0.0,0.0,PASS
MS-3661 20251203.pdf,10,FIN-P10-T3,18,4,0,0,0,0.0,0.0,PASS
MS-3661 20251203.pdf,10,FIN-P10-T3,19,0,Exchangerateadjustment,Exchangerateadjustment,Exchangerateadjustment,,,PASS
MS-3661 20251203.pdf,10,FIN-P10-T3,19,1,"1,348","1,348","1,348",1348.0,1348.0,PASS
MS-3661 20251203.pdf,10,FIN-P10-T3,19,2,0,0,0,0.0,0.0,PASS
MS-3661 20251203.pdf,10,FIN-P10-T3,19,3,0,0,0,0.0,0.0,PASS
MS-3661 20251203.pdf,10,FIN-P10-T3,19,4,0,0,0,0.0,0.0,PASS
MS-3661 20251203.pdf,10,FIN-P10-T3,20,0,Netchangeincash,Netchangeincash,Netchangeincash,,,PASS
MS-3661 20251203.pdf,10,FIN-P10-T3,20,1,"16,885","16,885","16,885",16885.0,16885.0,PASS
MS-3661 20251203.pdf,10,FIN-P10-T3,20,2,"6,222","6,222","6,222",6222.0,6222.0,PASS
MS-3661 20251203.pdf,10,FIN-P10-T3,20,3,"-7,726","-7,726","-7,726",-7726.0,-7726.0,PASS
MS-3661 20251203.pdf,10,FIN-P10-T3,20,4,"-1,761","-1,761","-1,761",-1761.0,-1761.0,PASS
MS-3661 20251203.pdf,10,FIN-P10-T4,3,0,Growth(%),Growth(%),Growth(%),,,PASS
MS-3661 20251203.pdf,10,FIN-P10-T4,3,1,,,,,,PASS
MS-3661 20251203.pdf,10,FIN-P10-T4,3,2,,,,,,PASS
MS-3661 20251203.pdf,10,FIN-P10-T4,3,3,,,,,,PASS
MS-3661 20251203.pdf,10,FIN-P10-T4,3,4,,,,,,PASS
MS-3661 20251203.pdf,10,FIN-P10-T4,4,0,Turnover,Turnover,Turnover,,,PASS
MS-3661 20251203.pdf,10,FIN-P10-T4,4,1,70.5,70.5,70.5,70.5,70.5,PASS
MS-3661 20251203.pdf,10,FIN-P10-T4,4,2,-37.4,-37.4,-37.4,-37.4,-37.4,PASS
MS-3661 20251203.pdf,10,FIN-P10-T4,4,3,222.3,222.3,222.3,222.3,222.3,PASS
MS-3661 20251203.pdf,10,FIN-P10-T4,4,4,29.7,29.7,29.7,29.7,29.7,PASS
MS-3661 20251203.pdf,10,FIN-P10-T4,5,0,Operatingprofits,Operatingprofits,Operatingprofits,,,PASS
MS-3661 20251203.pdf,10,FIN-P10-T4,5,1,72.7,72.7,72.7,72.7,72.7,PASS
MS-3661 20251203.pdf,10,FIN-P10-T4,5,2,-23.5,-23.5,-23.5,-23.5,-23.5,PASS
MS-3661 20251203.pdf,10,FIN-P10-T4,5,3,210.9,210.9,210.9,210.9,210.9,PASS
MS-3661 20251203.pdf,10,FIN-P10-T4,5,4,16.9,16.9,16.9,16.9,16.9,PASS
MS-3661 20251203.pdf,10,FIN-P10-T4,6,0,Pretaxprofits,Pretaxprofits,Pretaxprofits,,,PASS
MS-3661 20251203.pdf,10,FIN-P10-T4,6,1,86.0,86.0,86.0,86.0,86.0,PASS
MS-3661 20251203.pdf,10,FIN-P10-T4,6,2,-16.0,-16.0,-16.0,-16.0,-16.0,PASS
MS-3661 20251203.pdf,10,FIN-P10-T4,6,3,155.6,155.6,155.6,155.6,155.6,PASS
MS-3661 20251203.pdf,10,FIN-P10-T4,6,4,14.9,14.9,14.9,14.9,14.9,PASS
MS-3661 20251203.pdf,10,FIN-P10-T4,7,0,Netprofits,Netprofits,Netprofits,,,PASS
MS-3661 20251203.pdf,10,FIN-P10-T4,7,1,93.8,93.8,93.8,93.8,93.8,PASS
MS-3661 20251203.pdf,10,FIN-P10-T4,7,2,-15.8,-15.8,-15.8,-15.8,-15.8,PASS
MS-3661 20251203.pdf,10,FIN-P10-T4,7,3,148.7,148.7,148.7,148.7,148.7,PASS
MS-3661 20251203.pdf,10,FIN-P10-T4,7,4,14.2,14.2,14.2,14.2,14.2,PASS
MS-3661 20251203.pdf,10,FIN-P10-T4,8,0,EPS,EPS,EPS,,,PASS
MS-3661 20251203.pdf,10,FIN-P10-T4,8,1,82.7,82.7,82.7,82.7,82.7,PASS
MS-3661 20251203.pdf,10,FIN-P10-T4,8,2,-16.9,-16.9,-16.9,-16.9,-16.9,PASS
MS-3661 20251203.pdf,10,FIN-P10-T4,8,3,148.7,148.7,148.7,148.7,148.7,PASS
MS-3661 20251203.pdf,10,FIN-P10-T4,8,4,14.2,14.2,14.2,14.2,14.2,PASS
MS-3661 20251203.pdf,10,FIN-P10-T4,9,0,Margins(%),Margins(%),Margins(%),,,PASS
MS-3661 20251203.pdf,10,FIN-P10-T4,9,1,,,,,,PASS
MS-3661 20251203.pdf,10,FIN-P10-T4,9,2,,,,,,PASS
MS-3661 20251203.pdf,10,FIN-P10-T4,9,3,,,,,,PASS
MS-3661 20251203.pdf,10,FIN-P10-T4,9,4,,,,,,PASS
MS-3661 20251203.pdf,10,FIN-P10-T4,10,0,GrossMargin,GrossMargin,GrossMargin,,,PASS
MS-3661 20251203.pdf,10,FIN-P10-T4,10,1,19.6,19.6,19.6,19.6,19.6,PASS
MS-3661 20251203.pdf,10,FIN-P10-T4,10,2,24.8,24.8,24.8,24.8,24.8,PASS
MS-3661 20251203.pdf,10,FIN-P10-T4,10,3,19.7,19.7,19.7,19.7,19.7,PASS
MS-3661 20251203.pdf,10,FIN-P10-T4,10,4,17.8,17.8,17.8,17.8,17.8,PASS
MS-3661 20251203.pdf,10,FIN-P10-T4,11,0,OperatingMargin,OperatingMargin,OperatingMargin,,,PASS
MS-3661 20251203.pdf,10,FIN-P10-T4,11,1,12.5,12.5,12.5,12.5,12.5,PASS
MS-3661 20251203.pdf,10,FIN-P10-T4,11,2,15.3,15.3,15.3,15.3,15.3,PASS
MS-3661 20251203.pdf,10,FIN-P10-T4,11,3,14.7,14.7,14.7,14.7,14.7,PASS
MS-3661 20251203.pdf,10,FIN-P10-T4,11,4,13.3,13.3,13.3,13.3,13.3,PASS
MS-3661 20251203.pdf,10,FIN-P10-T4,12,0,PretaxMargin,PretaxMargin,PretaxMargin,,,PASS
MS-3661 20251203.pdf,10,FIN-P10-T4,12,1,15.0,15.0,15.0,15.0,15.0,PASS
MS-3661 20251203.pdf,10,FIN-P10-T4,12,2,20.1,20.1,20.1,20.1,20.1,PASS
MS-3661 20251203.pdf,10,FIN-P10-T4,12,3,16.0,16.0,16.0,16.0,16.0,PASS
MS-3661 20251203.pdf,10,FIN-P10-T4,12,4,14.2,14.2,14.2,14.2,14.2,PASS
MS-3661 20251203.pdf,10,FIN-P10-T4,13,0,NetProfit,NetProfit,NetProfit,,,PASS
MS-3661 20251203.pdf,10,FIN-P10-T4,13,1,12.4,12.4,12.4,12.4,12.4,PASS
MS-3661 20251203.pdf,10,FIN-P10-T4,13,2,16.7,16.7,16.7,16.7,16.7,PASS
MS-3661 20251203.pdf,10,FIN-P10-T4,13,3,12.9,12.9,12.9,12.9,12.9,PASS
MS-3661 20251203.pdf,10,FIN-P10-T4,13,4,11.3,11.3,11.3,11.3,11.3,PASS
MS-3661 20251203.pdf,10,FIN-P10-T4,14,0,Return(%),Return(%),Return(%),,,PASS
MS-3661 20251203.pdf,10,FIN-P10-T4,14,1,,,,,,PASS
MS-3661 20251203.pdf,10,FIN-P10-T4,14,2,,,,,,PASS
MS-3661 20251203.pdf,10,FIN-P10-T4,14,3,,,,,,PASS
MS-3661 20251203.pdf,10,FIN-P10-T4,14,4,,,,,,PASS
MS-3661 20251203.pdf,10,FIN-P10-T4,15,0,ROAE,ROAE,ROAE,,,PASS
MS-3661 20251203.pdf,10,FIN-P10-T4,15,1,22.4,22.4,22.4,22.4,22.4,PASS
MS-3661 20251203.pdf,10,FIN-P10-T4,15,2,13.6,13.6,13.6,13.6,13.6,PASS
MS-3661 20251203.pdf,10,FIN-P10-T4,15,3,29.7,29.7,29.7,29.7,29.7,PASS
MS-3661 20251203.pdf,10,FIN-P10-T4,15,4,28.9,28.9,28.9,28.9,28.9,PASS
MS-3661 20251203.pdf,10,FIN-P10-T4,16,0,ROAA,ROAA,ROAA,,,PASS
MS-3661 20251203.pdf,10,FIN-P10-T4,16,1,15.6,15.6,15.6,15.6,15.6,PASS
MS-3661 20251203.pdf,10,FIN-P10-T4,16,2,10.8,10.8,10.8,10.8,10.8,PASS
MS-3661 20251203.pdf,10,FIN-P10-T4,16,3,23.7,23.7,23.7,23.7,23.7,PASS
MS-3661 20251203.pdf,10,FIN-P10-T4,16,4,23.1,23.1,23.1,23.1,23.1,PASS
MS-3661 20251203.pdf,10,FIN-P10-T4,17,0,Gearing(%),Gearing(%),Gearing(%),,,PASS
MS-3661 20251203.pdf,10,FIN-P10-T4,17,1,,,,,,PASS
MS-3661 20251203.pdf,10,FIN-P10-T4,17,2,,,,,,PASS
MS-3661 20251203.pdf,10,FIN-P10-T4,17,3,,,,,,PASS
MS-3661 20251203.pdf,10,FIN-P10-T4,17,4,,,,,,PASS
MS-3661 20251203.pdf,10,FIN-P10-T4,18,0,NetDebt/Equity,NetDebt/Equity,NetDebt/Equity,,,PASS
MS-3661 20251203.pdf,10,FIN-P10-T4,18,1,(68.5),(68.5),(68.5),-68.5,-68.5,PASS
MS-3661 20251203.pdf,10,FIN-P10-T4,18,2,(82.1),(82.1),(82.1),-82.1,-82.1,PASS
MS-3661 20251203.pdf,10,FIN-P10-T4,18,3,(50.8),(50.8),(50.8),-50.8,-50.8,PASS
MS-3661 20251203.pdf,10,FIN-P10-T4,18,4,(42.1),(42.1),(42.1),-42.1,-42.1,PASS
MS-3661 20251203.pdf,10,FIN-P10-T4,19,0,Liabilities/Equity,Liabilities/Equity,Liabilities/Equity,,,PASS
MS-3661 20251203.pdf,10,FIN-P10-T4,19,1,27.4,27.4,27.4,27.4,27.4,PASS
MS-3661 20251203.pdf,10,FIN-P10-T4,19,2,24.9,24.9,24.9,24.9,24.9,PASS
MS-3661 20251203.pdf,10,FIN-P10-T4,19,3,25.4,25.4,25.4,25.4,25.4,PASS
MS-3661 20251203.pdf,10,FIN-P10-T4,19,4,24.8,24.8,24.8,24.8,24.8,PASS
MS-3661 20251203.pdf,10,FIN-P10-T4,20,0,Ratios(X),Ratios(X),Ratios(X),,,PASS
MS-3661 20251203.pdf,10,FIN-P10-T4,20,1,,,,,,PASS
MS-3661 20251203.pdf,10,FIN-P10-T4,20,2,,,,,,PASS
MS-3661 20251203.pdf,10,FIN-P10-T4,20,3,,,,,,PASS
MS-3661 20251203.pdf,10,FIN-P10-T4,20,4,,,,,,PASS
MS-3661 20251203.pdf,10,FIN-P10-T4,21,0,Currentratio,Currentratio,Currentratio,,,PASS
MS-3661 20251203.pdf,10,FIN-P10-T4,21,1,4.3,4.3,4.3,4.3,4.3,PASS
MS-3661 20251203.pdf,10,FIN-P10-T4,21,2,4.7,4.7,4.7,4.7,4.7,PASS
MS-3661 20251203.pdf,10,FIN-P10-T4,21,3,4.7,4.7,4.7,4.7,4.7,PASS
MS-3661 20251203.pdf,10,FIN-P10-T4,21,4,4.8,4.8,4.8,4.8,4.8,PASS
MS-3661 20251203.pdf,10,FIN-P10-T4,22,0,Quickratio,Quickratio,Quickratio,,,PASS
MS-3661 20251203.pdf,10,FIN-P10-T4,22,1,3.1,3.1,3.1,3.1,3.1,PASS
MS-3661 20251203.pdf,10,FIN-P10-T4,22,2,3.6,3.6,3.6,3.6,3.6,PASS
MS-3661 20251203.pdf,10,FIN-P10-T4,22,3,2.7,2.7,2.7,2.7,2.7,PASS
MS-3661 20251203.pdf,10,FIN-P10-T4,22,4,2.5,2.5,2.5,2.5,2.5,PASS
MS-3661 20251203.pdf,10,FIN-P10-T4,23,0,Others,Others,Others,,,PASS
MS-3661 20251203.pdf,10,FIN-P10-T4,23,1,,,,,,PASS
MS-3661 20251203.pdf,10,FIN-P10-T4,23,2,,,,,,PASS
MS-3661 20251203.pdf,10,FIN-P10-T4,23,3,,,,,,PASS
MS-3661 20251203.pdf,10,FIN-P10-T4,23,4,,,,,,PASS
MS-3661 20251203.pdf,10,FIN-P10-T4,24,0,AR/NRTurnover(days),AR/NRTurnover(days),AR/NRTurnover(days),,,PASS
MS-3661 20251203.pdf,10,FIN-P10-T4,24,1,29,29,29,29.0,29.0,PASS
MS-3661 20251203.pdf,10,FIN-P10-T4,24,2,29,29,29,29.0,29.0,PASS
MS-3661 20251203.pdf,10,FIN-P10-T4,24,3,29,29,29,29.0,29.0,PASS
MS-3661 20251203.pdf,10,FIN-P10-T4,24,4,29,29,29,29.0,29.0,PASS
MS-3661 20251203.pdf,10,FIN-P10-T4,25,0,InventoryTurnover(days),InventoryTurnover(days),InventoryTurnover(days),,,PASS
MS-3661 20251203.pdf,10,FIN-P10-T4,25,1,89,89,89,89.0,89.0,PASS
MS-3661 20251203.pdf,10,FIN-P10-T4,25,2,89,89,89,89.0,89.0,PASS
MS-3661 20251203.pdf,10,FIN-P10-T4,25,3,89,89,89,89.0,89.0,PASS
MS-3661 20251203.pdf,10,FIN-P10-T4,25,4,89,89,89,89.0,89.0,PASS
MS-3661 20251203.pdf,10,FIN-P10-T4,26,0,APTurnover(days),APTurnover(days),APTurnover(days),,,PASS
MS-3661 20251203.pdf,10,FIN-P10-T4,26,1,16,16,16,16.0,16.0,PASS
MS-3661 20251203.pdf,10,FIN-P10-T4,26,2,16,16,16,16.0,16.0,PASS
MS-3661 20251203.pdf,10,FIN-P10-T4,26,3,16,16,16,16.0,16.0,PASS
MS-3661 20251203.pdf,10,FIN-P10-T4,26,4,16,16,16,16.0,16.0,PASS
MS-3661 20251203.pdf,10,FIN-P10-T4,27,0,CashConversion(days),CashConversion(days),CashConversion(days),,,PASS
MS-3661 20251203.pdf,10,FIN-P10-T4,27,1,101,101,101,101.0,101.0,PASS
MS-3661 20251203.pdf,10,FIN-P10-T4,27,2,101,101,101,101.0,101.0,PASS
MS-3661 20251203.pdf,10,FIN-P10-T4,27,3,101,101,101,101.0,101.0,PASS
MS-3661 20251203.pdf,10,FIN-P10-T4,27,4,101,101,101,101.0,101.0,PASS
凱基投顧_2637 慧洋-KY_賴偉中_20260915.pdf,5,FIN-P5-T1,3,0,資產總額,資產總額,資產總額,,,PASS
凱基投顧_2637 慧洋-KY_賴偉中_20260915.pdf,5,FIN-P5-T1,3,1,"87,799","87,799","87,799",87799.0,87799.0,PASS
凱基投顧_2637 慧洋-KY_賴偉中_20260915.pdf,5,FIN-P5-T1,3,2,"91,247","91,247","91,247",91247.0,91247.0,PASS
凱基投顧_2637 慧洋-KY_賴偉中_20260915.pdf,5,FIN-P5-T1,3,3,"81,234","81,234","81,234",81234.0,81234.0,PASS
凱基投顧_2637 慧洋-KY_賴偉中_20260915.pdf,5,FIN-P5-T1,3,4,"86,379","86,379","86,379",86379.0,86379.0,PASS
凱基投顧_2637 慧洋-KY_賴偉中_20260915.pdf,5,FIN-P5-T1,3,5,"85,919","85,919","85,919",85919.0,85919.0,PASS
凱基投顧_2637 慧洋-KY_賴偉中_20260915.pdf,5,FIN-P5-T1,4,0,流動資產,流動資產,流動資產,,,PASS
凱基投顧_2637 慧洋-KY_賴偉中_20260915.pdf,5,FIN-P5-T1,4,1,"6,536","6,536","6,536",6536.0,6536.0,PASS
凱基投顧_2637 慧洋-KY_賴偉中_20260915.pdf,5,FIN-P5-T1,4,2,"7,719","7,719","7,719",7719.0,7719.0,PASS
凱基投顧_2637 慧洋-KY_賴偉中_20260915.pdf,5,FIN-P5-T1,4,3,"7,785","7,785","7,785",7785.0,7785.0,PASS
凱基投顧_2637 慧洋-KY_賴偉中_20260915.pdf,5,FIN-P5-T1,4,4,"19,009","19,009","19,009",19009.0,19009.0,PASS
凱基投顧_2637 慧洋-KY_賴偉中_20260915.pdf,5,FIN-P5-T1,4,5,"24,670","24,670","24,670",24670.0,24670.0,PASS
凱基投顧_2637 慧洋-KY_賴偉中_20260915.pdf,5,FIN-P5-T1,5,0,現金及短期投資,現金及短期投資,現金及短期投資,,,PASS
凱基投顧_2637 慧洋-KY_賴偉中_20260915.pdf,5,FIN-P5-T1,5,1,"3,983","3,983","3,983",3983.0,3983.0,PASS
凱基投顧_2637 慧洋-KY_賴偉中_20260915.pdf,5,FIN-P5-T1,5,2,"4,776","4,776","4,776",4776.0,4776.0,PASS
凱基投顧_2637 慧洋-KY_賴偉中_20260915.pdf,5,FIN-P5-T1,5,3,"5,083","5,083","5,083",5083.0,5083.0,PASS
凱基投顧_2637 慧洋-KY_賴偉中_20260915.pdf,5,FIN-P5-T1,5,4,"16,245","16,245","16,245",16245.0,16245.0,PASS
凱基投顧_2637 慧洋-KY_賴偉中_20260915.pdf,5,FIN-P5-T1,5,5,"21,928","21,928","21,928",21928.0,21928.0,PASS
凱基投顧_2637 慧洋-KY_賴偉中_20260915.pdf,5,FIN-P5-T1,6,0,存貨,存貨,存貨,,,PASS
凱基投顧_2637 慧洋-KY_賴偉中_20260915.pdf,5,FIN-P5-T1,6,1,-,-,-,,,PASS
凱基投顧_2637 慧洋-KY_賴偉中_20260915.pdf,5,FIN-P5-T1,6,2,-,-,-,,,PASS
凱基投顧_2637 慧洋-KY_賴偉中_20260915.pdf,5,FIN-P5-T1,6,3,-,-,-,,,PASS
凱基投顧_2637 慧洋-KY_賴偉中_20260915.pdf,5,FIN-P5-T1,6,4,-,-,-,,,PASS
凱基投顧_2637 慧洋-KY_賴偉中_20260915.pdf,5,FIN-P5-T1,6,5,-,-,-,,,PASS
凱基投顧_2637 慧洋-KY_賴偉中_20260915.pdf,5,FIN-P5-T1,7,0,應收帳款及票據,應收帳款及票據,應收帳款及票據,,,PASS
凱基投顧_2637 慧洋-KY_賴偉中_20260915.pdf,5,FIN-P5-T1,7,1,150,150,150,150.0,150.0,PASS
凱基投顧_2637 慧洋-KY_賴偉中_20260915.pdf,5,FIN-P5-T1,7,2,168,168,168,168.0,168.0,PASS
凱基投顧_2637 慧洋-KY_賴偉中_20260915.pdf,5,FIN-P5-T1,7,3,203,203,203,203.0,203.0,PASS
凱基投顧_2637 慧洋-KY_賴偉中_20260915.pdf,5,FIN-P5-T1,7,4,265,265,265,265.0,265.0,PASS
凱基投顧_2637 慧洋-KY_賴偉中_20260915.pdf,5,FIN-P5-T1,7,5,244,244,244,244.0,244.0,PASS
凱基投顧_2637 慧洋-KY_賴偉中_20260915.pdf,5,FIN-P5-T1,8,0,其他流動資產,其他流動資產,其他流動資產,,,PASS
凱基投顧_2637 慧洋-KY_賴偉中_20260915.pdf,5,FIN-P5-T1,8,1,"2,404","2,404","2,404",2404.0,2404.0,PASS
凱基投顧_2637 慧洋-KY_賴偉中_20260915.pdf,5,FIN-P5-T1,8,2,"2,775","2,775","2,775",2775.0,2775.0,PASS
凱基投顧_2637 慧洋-KY_賴偉中_20260915.pdf,5,FIN-P5-T1,8,3,"2,498","2,498","2,498",2498.0,2498.0,PASS
凱基投顧_2637 慧洋-KY_賴偉中_20260915.pdf,5,FIN-P5-T1,8,4,"2,498","2,498","2,498",2498.0,2498.0,PASS
凱基投顧_2637 慧洋-KY_賴偉中_20260915.pdf,5,FIN-P5-T1,8,5,"2,498","2,498","2,498",2498.0,2498.0,PASS
凱基投顧_2637 慧洋-KY_賴偉中_20260915.pdf,5,FIN-P5-T1,9,0,非流動資產,非流動資產,非流動資產,,,PASS
凱基投顧_2637 慧洋-KY_賴偉中_20260915.pdf,5,FIN-P5-T1,9,1,"81,263","81,263","81,263",81263.0,81263.0,PASS
凱基投顧_2637 慧洋-KY_賴偉中_20260915.pdf,5,FIN-P5-T1,9,2,"83,528","83,528","83,528",83528.0,83528.0,PASS
凱基投顧_2637 慧洋-KY_賴偉中_20260915.pdf,5,FIN-P5-T1,9,3,"73,449","73,449","73,449",73449.0,73449.0,PASS
凱基投顧_2637 慧洋-KY_賴偉中_20260915.pdf,5,FIN-P5-T1,9,4,"67,370","67,370","67,370",67370.0,67370.0,PASS
凱基投顧_2637 慧洋-KY_賴偉中_20260915.pdf,5,FIN-P5-T1,9,5,"61,249","61,249","61,249",61249.0,61249.0,PASS
凱基投顧_2637 慧洋-KY_賴偉中_20260915.pdf,5,FIN-P5-T1,10,0,長期投資,長期投資,長期投資,,,PASS
凱基投顧_2637 慧洋-KY_賴偉中_20260915.pdf,5,FIN-P5-T1,10,1,438,438,438,438.0,438.0,PASS
凱基投顧_2637 慧洋-KY_賴偉中_20260915.pdf,5,FIN-P5-T1,10,2,397,397,397,397.0,397.0,PASS
凱基投顧_2637 慧洋-KY_賴偉中_20260915.pdf,5,FIN-P5-T1,10,3,398,398,398,398.0,398.0,PASS
凱基投顧_2637 慧洋-KY_賴偉中_20260915.pdf,5,FIN-P5-T1,10,4,479,479,479,479.0,479.0,PASS
凱基投顧_2637 慧洋-KY_賴偉中_20260915.pdf,5,FIN-P5-T1,10,5,540,540,540,540.0,540.0,PASS
凱基投顧_2637 慧洋-KY_賴偉中_20260915.pdf,5,FIN-P5-T1,11,0,固定資產,固定資產,固定資產,,,PASS
凱基投顧_2637 慧洋-KY_賴偉中_20260915.pdf,5,FIN-P5-T1,11,1,"72,703","72,703","72,703",72703.0,72703.0,PASS
凱基投顧_2637 慧洋-KY_賴偉中_20260915.pdf,5,FIN-P5-T1,11,2,"75,243","75,243","75,243",75243.0,75243.0,PASS
凱基投顧_2637 慧洋-KY_賴偉中_20260915.pdf,5,FIN-P5-T1,11,3,"66,293","66,293","66,293",66293.0,66293.0,PASS
凱基投顧_2637 慧洋-KY_賴偉中_20260915.pdf,5,FIN-P5-T1,11,4,"60,133","60,133","60,133",60133.0,60133.0,PASS
凱基投顧_2637 慧洋-KY_賴偉中_20260915.pdf,5,FIN-P5-T1,11,5,"53,951","53,951","53,951",53951.0,53951.0,PASS
凱基投顧_2637 慧洋-KY_賴偉中_20260915.pdf,5,FIN-P5-T1,12,0,什項資產,什項資產,什項資產,,,PASS
凱基投顧_2637 慧洋-KY_賴偉中_20260915.pdf,5,FIN-P5-T1,12,1,"8,122","8,122","8,122",8122.0,8122.0,PASS
凱基投顧_2637 慧洋-KY_賴偉中_20260915.pdf,5,FIN-P5-T1,12,2,"7,888","7,888","7,888",7888.0,7888.0,PASS
凱基投顧_2637 慧洋-KY_賴偉中_20260915.pdf,5,FIN-P5-T1,12,3,"6,758","6,758","6,758",6758.0,6758.0,PASS
凱基投顧_2637 慧洋-KY_賴偉中_20260915.pdf,5,FIN-P5-T1,12,4,"6,758","6,758","6,758",6758.0,6758.0,PASS
凱基投顧_2637 慧洋-KY_賴偉中_20260915.pdf,5,FIN-P5-T1,12,5,"6,758","6,758","6,758",6758.0,6758.0,PASS
凱基投顧_2637 慧洋-KY_賴偉中_20260915.pdf,5,FIN-P5-T1,13,0,負債總額,負債總額,負債總額,,,PASS
凱基投顧_2637 慧洋-KY_賴偉中_20260915.pdf,5,FIN-P5-T1,13,1,"42,803","42,803","42,803",42803.0,42803.0,PASS
凱基投顧_2637 慧洋-KY_賴偉中_20260915.pdf,5,FIN-P5-T1,13,2,"38,851","38,851","38,851",38851.0,38851.0,PASS
凱基投顧_2637 慧洋-KY_賴偉中_20260915.pdf,5,FIN-P5-T1,13,3,"33,036","33,036","33,036",33036.0,33036.0,PASS
凱基投顧_2637 慧洋-KY_賴偉中_20260915.pdf,5,FIN-P5-T1,13,4,"34,541","34,541","34,541",34541.0,34541.0,PASS
凱基投顧_2637 慧洋-KY_賴偉中_20260915.pdf,5,FIN-P5-T1,13,5,"31,532","31,532","31,532",31532.0,31532.0,PASS
凱基投顧_2637 慧洋-KY_賴偉中_20260915.pdf,5,FIN-P5-T1,14,0,流動負債,流動負債,流動負債,,,PASS
凱基投顧_2637 慧洋-KY_賴偉中_20260915.pdf,5,FIN-P5-T1,14,1,"11,041","11,041","11,041",11041.0,11041.0,PASS
凱基投顧_2637 慧洋-KY_賴偉中_20260915.pdf,5,FIN-P5-T1,14,2,"9,139","9,139","9,139",9139.0,9139.0,PASS
凱基投顧_2637 慧洋-KY_賴偉中_20260915.pdf,5,FIN-P5-T1,14,3,"7,968","7,968","7,968",7968.0,7968.0,PASS
凱基投顧_2637 慧洋-KY_賴偉中_20260915.pdf,5,FIN-P5-T1,14,4,"17,646","17,646","17,646",17646.0,17646.0,PASS
凱基投顧_2637 慧洋-KY_賴偉中_20260915.pdf,5,FIN-P5-T1,14,5,"16,288","16,288","16,288",16288.0,16288.0,PASS
凱基投顧_2637 慧洋-KY_賴偉中_20260915.pdf,5,FIN-P5-T1,15,0,應付帳款及票據,應付帳款及票據,應付帳款及票據,,,PASS
凱基投顧_2637 慧洋-KY_賴偉中_20260915.pdf,5,FIN-P5-T1,15,1,177,177,177,177.0,177.0,PASS
凱基投顧_2637 慧洋-KY_賴偉中_20260915.pdf,5,FIN-P5-T1,15,2,199,199,199,199.0,199.0,PASS
凱基投顧_2637 慧洋-KY_賴偉中_20260915.pdf,5,FIN-P5-T1,15,3,182,182,182,182.0,182.0,PASS
凱基投顧_2637 慧洋-KY_賴偉中_20260915.pdf,5,FIN-P5-T1,15,4,188,188,188,188.0,188.0,PASS
凱基投顧_2637 慧洋-KY_賴偉中_20260915.pdf,5,FIN-P5-T1,15,5,194,194,194,194.0,194.0,PASS
凱基投顧_2637 慧洋-KY_賴偉中_20260915.pdf,5,FIN-P5-T1,16,0,短期借款,短期借款,短期借款,,,PASS
凱基投顧_2637 慧洋-KY_賴偉中_20260915.pdf,5,FIN-P5-T1,16,1,"9,088","9,088","9,088",9088.0,9088.0,PASS
凱基投顧_2637 慧洋-KY_賴偉中_20260915.pdf,5,FIN-P5-T1,16,2,"6,670","6,670","6,670",6670.0,6670.0,PASS
凱基投顧_2637 慧洋-KY_賴偉中_20260915.pdf,5,FIN-P5-T1,16,3,"5,830","5,830","5,830",5830.0,5830.0,PASS
凱基投顧_2637 慧洋-KY_賴偉中_20260915.pdf,5,FIN-P5-T1,16,4,"12,653","12,653","12,653",12653.0,12653.0,PASS
凱基投顧_2637 慧洋-KY_賴偉中_20260915.pdf,5,FIN-P5-T1,16,5,"12,929","12,929","12,929",12929.0,12929.0,PASS
凱基投顧_2637 慧洋-KY_賴偉中_20260915.pdf,5,FIN-P5-T1,17,0,什項負債,什項負債,什項負債,,,PASS
凱基投顧_2637 慧洋-KY_賴偉中_20260915.pdf,5,FIN-P5-T1,17,1,"1,776","1,776","1,776",1776.0,1776.0,PASS
凱基投顧_2637 慧洋-KY_賴偉中_20260915.pdf,5,FIN-P5-T1,17,2,"2,270","2,270","2,270",2270.0,2270.0,PASS
凱基投顧_2637 慧洋-KY_賴偉中_20260915.pdf,5,FIN-P5-T1,17,3,"1,956","1,956","1,956",1956.0,1956.0,PASS
凱基投顧_2637 慧洋-KY_賴偉中_20260915.pdf,5,FIN-P5-T1,17,4,"4,805","4,805","4,805",4805.0,4805.0,PASS
凱基投顧_2637 慧洋-KY_賴偉中_20260915.pdf,5,FIN-P5-T1,17,5,"3,166","3,166","3,166",3166.0,3166.0,PASS
凱基投顧_2637 慧洋-KY_賴偉中_20260915.pdf,5,FIN-P5-T1,18,0,長期負債,長期負債,長期負債,,,PASS
凱基投顧_2637 慧洋-KY_賴偉中_20260915.pdf,5,FIN-P5-T1,18,1,"31,762","31,762","31,762",31762.0,31762.0,PASS
凱基投顧_2637 慧洋-KY_賴偉中_20260915.pdf,5,FIN-P5-T1,18,2,"29,712","29,712","29,712",29712.0,29712.0,PASS
凱基投顧_2637 慧洋-KY_賴偉中_20260915.pdf,5,FIN-P5-T1,18,3,"25,068","25,068","25,068",25068.0,25068.0,PASS
凱基投顧_2637 慧洋-KY_賴偉中_20260915.pdf,5,FIN-P5-T1,18,4,"16,894","16,894","16,894",16894.0,16894.0,PASS
凱基投顧_2637 慧洋-KY_賴偉中_20260915.pdf,5,FIN-P5-T1,18,5,"15,243","15,243","15,243",15243.0,15243.0,PASS
凱基投顧_2637 慧洋-KY_賴偉中_20260915.pdf,5,FIN-P5-T1,19,0,長期借款,長期借款,長期借款,,,PASS
凱基投顧_2637 慧洋-KY_賴偉中_20260915.pdf,5,FIN-P5-T1,19,1,"27,765","27,765","27,765",27765.0,27765.0,PASS
凱基投顧_2637 慧洋-KY_賴偉中_20260915.pdf,5,FIN-P5-T1,19,2,"26,632","26,632","26,632",26632.0,26632.0,PASS
凱基投顧_2637 慧洋-KY_賴偉中_20260915.pdf,5,FIN-P5-T1,19,3,"22,654","22,654","22,654",22654.0,22654.0,PASS
凱基投顧_2637 慧洋-KY_賴偉中_20260915.pdf,5,FIN-P5-T1,19,4,"14,480","14,480","14,480",14480.0,14480.0,PASS
凱基投顧_2637 慧洋-KY_賴偉中_20260915.pdf,5,FIN-P5-T1,19,5,"12,829","12,829","12,829",12829.0,12829.0,PASS
凱基投顧_2637 慧洋-KY_賴偉中_20260915.pdf,5,FIN-P5-T1,20,0,其他負債及準備,其他負債及準備,其他負債及準備,,,PASS
凱基投顧_2637 慧洋-KY_賴偉中_20260915.pdf,5,FIN-P5-T1,20,1,0,0,0,0.0,0.0,PASS
凱基投顧_2637 慧洋-KY_賴偉中_20260915.pdf,5,FIN-P5-T1,20,2,1,1,1,1.0,1.0,PASS
凱基投顧_2637 慧洋-KY_賴偉中_20260915.pdf,5,FIN-P5-T1,20,3,1,1,1,1.0,1.0,PASS
凱基投顧_2637 慧洋-KY_賴偉中_20260915.pdf,5,FIN-P5-T1,20,4,1,1,1,1.0,1.0,PASS
凱基投顧_2637 慧洋-KY_賴偉中_20260915.pdf,5,FIN-P5-T1,20,5,1,1,1,1.0,1.0,PASS
凱基投顧_2637 慧洋-KY_賴偉中_20260915.pdf,5,FIN-P5-T1,21,0,股東權益總額,股東權益總額,股東權益總額,,,PASS
凱基投顧_2637 慧洋-KY_賴偉中_20260915.pdf,5,FIN-P5-T1,21,1,"44,996","44,996","44,996",44996.0,44996.0,PASS
凱基投顧_2637 慧洋-KY_賴偉中_20260915.pdf,5,FIN-P5-T1,21,2,"52,397","52,397","52,397",52397.0,52397.0,PASS
凱基投顧_2637 慧洋-KY_賴偉中_20260915.pdf,5,FIN-P5-T1,21,3,"48,198","48,198","48,198",48198.0,48198.0,PASS
凱基投顧_2637 慧洋-KY_賴偉中_20260915.pdf,5,FIN-P5-T1,21,4,"51,839","51,839","51,839",51839.0,51839.0,PASS
凱基投顧_2637 慧洋-KY_賴偉中_20260915.pdf,5,FIN-P5-T1,21,5,"54,387","54,387","54,387",54387.0,54387.0,PASS
凱基投顧_2637 慧洋-KY_賴偉中_20260915.pdf,5,FIN-P5-T1,22,0,普通股本,普通股本,普通股本,,,PASS
凱基投顧_2637 慧洋-KY_賴偉中_20260915.pdf,5,FIN-P5-T1,22,1,"7,464","7,464","7,464",7464.0,7464.0,PASS
凱基投顧_2637 慧洋-KY_賴偉中_20260915.pdf,5,FIN-P5-T1,22,2,"7,464","7,464","7,464",7464.0,7464.0,PASS
凱基投顧_2637 慧洋-KY_賴偉中_20260915.pdf,5,FIN-P5-T1,22,3,"7,464","7,464","7,464",7464.0,7464.0,PASS
凱基投顧_2637 慧洋-KY_賴偉中_20260915.pdf,5,FIN-P5-T1,22,4,"7,464","7,464","7,464",7464.0,7464.0,PASS
凱基投顧_2637 慧洋-KY_賴偉中_20260915.pdf,5,FIN-P5-T1,22,5,"7,464","7,464","7,464",7464.0,7464.0,PASS
凱基投顧_2637 慧洋-KY_賴偉中_20260915.pdf,5,FIN-P5-T1,23,0,保留盈餘,保留盈餘,保留盈餘,,,PASS
凱基投顧_2637 慧洋-KY_賴偉中_20260915.pdf,5,FIN-P5-T1,23,1,"28,770","28,770","28,770",28770.0,28770.0,PASS
凱基投顧_2637 慧洋-KY_賴偉中_20260915.pdf,5,FIN-P5-T1,23,2,"32,750","32,750","32,750",32750.0,32750.0,PASS
凱基投顧_2637 慧洋-KY_賴偉中_20260915.pdf,5,FIN-P5-T1,23,3,"32,954","32,954","32,954",32954.0,32954.0,PASS
凱基投顧_2637 慧洋-KY_賴偉中_20260915.pdf,5,FIN-P5-T1,23,4,"36,595","36,595","36,595",36595.0,36595.0,PASS
凱基投顧_2637 慧洋-KY_賴偉中_20260915.pdf,5,FIN-P5-T1,23,5,"39,143","39,143","39,143",39143.0,39143.0,PASS
凱基投顧_2637 慧洋-KY_賴偉中_20260915.pdf,5,FIN-P5-T1,24,0,少數股東權益,少數股東權益,少數股東權益,,,PASS
凱基投顧_2637 慧洋-KY_賴偉中_20260915.pdf,5,FIN-P5-T1,24,1,-,-,-,,,PASS
凱基投顧_2637 慧洋-KY_賴偉中_20260915.pdf,5,FIN-P5-T1,24,2,-,-,-,,,PASS
凱基投顧_2637 慧洋-KY_賴偉中_20260915.pdf,5,FIN-P5-T1,24,3,-,-,-,,,PASS
凱基投顧_2637 慧洋-KY_賴偉中_20260915.pdf,5,FIN-P5-T1,24,4,-,-,-,,,PASS
凱基投顧_2637 慧洋-KY_賴偉中_20260915.pdf,5,FIN-P5-T1,24,5,-,-,-,,,PASS
凱基投顧_2637 慧洋-KY_賴偉中_20260915.pdf,5,FIN-P5-T1,25,0,優先股股東資金,優先股股東資金,優先股股東資金,,,PASS
凱基投顧_2637 慧洋-KY_賴偉中_20260915.pdf,5,FIN-P5-T1,25,1,-,-,-,,,PASS
凱基投顧_2637 慧洋-KY_賴偉中_20260915.pdf,5,FIN-P5-T1,25,2,-,-,-,,,PASS
凱基投顧_2637 慧洋-KY_賴偉中_20260915.pdf,5,FIN-P5-T1,25,3,-,-,-,,,PASS
凱基投顧_2637 慧洋-KY_賴偉中_20260915.pdf,5,FIN-P5-T1,25,4,-,-,-,,,PASS
凱基投顧_2637 慧洋-KY_賴偉中_20260915.pdf,5,FIN-P5-T1,25,5,-,-,-,,,PASS
凱基投顧_2637 慧洋-KY_賴偉中_20260915.pdf,5,FIN-P5-T2,3,0,年成長率,年成長率,年成長率,,,PASS
凱基投顧_2637 慧洋-KY_賴偉中_20260915.pdf,5,FIN-P5-T2,3,1,,,,,,PASS
凱基投顧_2637 慧洋-KY_賴偉中_20260915.pdf,5,FIN-P5-T2,3,2,,,,,,PASS
凱基投顧_2637 慧洋-KY_賴偉中_20260915.pdf,5,FIN-P5-T2,3,3,,,,,,PASS
凱基投顧_2637 慧洋-KY_賴偉中_20260915.pdf,5,FIN-P5-T2,3,4,,,,,,PASS
凱基投顧_2637 慧洋-KY_賴偉中_20260915.pdf,5,FIN-P5-T2,3,5,,,,,,PASS
凱基投顧_2637 慧洋-KY_賴偉中_20260915.pdf,5,FIN-P5-T2,4,0,營業收入,營業收入,營業收入,,,PASS
凱基投顧_2637 慧洋-KY_賴偉中_20260915.pdf,5,FIN-P5-T2,4,1,(31.8%),(31.8%),(31.8%),-31.8,-31.8,PASS
凱基投顧_2637 慧洋-KY_賴偉中_20260915.pdf,5,FIN-P5-T2,4,2,19.9%,19.9%,19.9%,19.9,19.9,PASS
凱基投顧_2637 慧洋-KY_賴偉中_20260915.pdf,5,FIN-P5-T2,4,3,(17.1%),(17.1%),(17.1%),-17.1,-17.1,PASS
凱基投顧_2637 慧洋-KY_賴偉中_20260915.pdf,5,FIN-P5-T2,4,4,30.3%,30.3%,30.3%,30.3,30.3,PASS
凱基投顧_2637 慧洋-KY_賴偉中_20260915.pdf,5,FIN-P5-T2,4,5,(8.1%),(8.1%),(8.1%),-8.1,-8.1,PASS
凱基投顧_2637 慧洋-KY_賴偉中_20260915.pdf,5,FIN-P5-T2,5,0,營業收益增長,營業收益增長,營業收益增長,,,PASS
凱基投顧_2637 慧洋-KY_賴偉中_20260915.pdf,5,FIN-P5-T2,5,1,(69.7%),(69.7%),(69.7%),-69.7,-69.7,PASS
凱基投顧_2637 慧洋-KY_賴偉中_20260915.pdf,5,FIN-P5-T2,5,2,95.2%,95.2%,95.2%,95.2,95.2,PASS
凱基投顧_2637 慧洋-KY_賴偉中_20260915.pdf,5,FIN-P5-T2,5,3,(40.5%),(40.5%),(40.5%),-40.5,-40.5,PASS
凱基投顧_2637 慧洋-KY_賴偉中_20260915.pdf,5,FIN-P5-T2,5,4,116.3%,116.3%,116.3%,116.3,116.3,PASS
凱基投顧_2637 慧洋-KY_賴偉中_20260915.pdf,5,FIN-P5-T2,5,5,(25.0%),(25.0%),(25.0%),-25.0,-25.0,PASS
凱基投顧_2637 慧洋-KY_賴偉中_20260915.pdf,5,FIN-P5-T2,6,0,EBITDA,EBITDA,EBITDA,,,PASS
凱基投顧_2637 慧洋-KY_賴偉中_20260915.pdf,5,FIN-P5-T2,6,1,(48.7%),(48.7%),(48.7%),-48.7,-48.7,PASS
凱基投顧_2637 慧洋-KY_賴偉中_20260915.pdf,5,FIN-P5-T2,6,2,41.7%,41.7%,41.7%,41.7,41.7,PASS
凱基投顧_2637 慧洋-KY_賴偉中_20260915.pdf,5,FIN-P5-T2,6,3,(25.3%),(25.3%),(25.3%),-25.3,-25.3,PASS
凱基投顧_2637 慧洋-KY_賴偉中_20260915.pdf,5,FIN-P5-T2,6,4,80.0%,80.0%,80.0%,80.0,80.0,PASS
凱基投顧_2637 慧洋-KY_賴偉中_20260915.pdf,5,FIN-P5-T2,6,5,(13.5%),(13.5%),(13.5%),-13.5,-13.5,PASS
凱基投顧_2637 慧洋-KY_賴偉中_20260915.pdf,5,FIN-P5-T2,7,0,稅後純益,稅後純益,稅後純益,,,PASS
凱基投顧_2637 慧洋-KY_賴偉中_20260915.pdf,5,FIN-P5-T2,7,1,(69.1%),(69.1%),(69.1%),-69.1,-69.1,PASS
凱基投顧_2637 慧洋-KY_賴偉中_20260915.pdf,5,FIN-P5-T2,7,2,84.4%,84.4%,84.4%,84.4,84.4,PASS
凱基投顧_2637 慧洋-KY_賴偉中_20260915.pdf,5,FIN-P5-T2,7,3,(34.7%),(34.7%),(34.7%),-34.7,-34.7,PASS
凱基投顧_2637 慧洋-KY_賴偉中_20260915.pdf,5,FIN-P5-T2,7,4,131.3%,131.3%,131.3%,131.3,131.3,PASS
凱基投顧_2637 慧洋-KY_賴偉中_20260915.pdf,5,FIN-P5-T2,7,5,(30.0%),(30.0%),(30.0%),-30.0,-30.0,PASS
凱基投顧_2637 慧洋-KY_賴偉中_20260915.pdf,5,FIN-P5-T2,8,0,每股盈餘成長率,每股盈餘成長率,每股盈餘成長率,,,PASS
凱基投顧_2637 慧洋-KY_賴偉中_20260915.pdf,5,FIN-P5-T2,8,1,(69.1%),(69.1%),(69.1%),-69.1,-69.1,PASS
凱基投顧_2637 慧洋-KY_賴偉中_20260915.pdf,5,FIN-P5-T2,8,2,84.4%,84.4%,84.4%,84.4,84.4,PASS
凱基投顧_2637 慧洋-KY_賴偉中_20260915.pdf,5,FIN-P5-T2,8,3,(34.7%),(34.7%),(34.7%),-34.7,-34.7,PASS
凱基投顧_2637 慧洋-KY_賴偉中_20260915.pdf,5,FIN-P5-T2,8,4,131.3%,131.3%,131.3%,131.3,131.3,PASS
凱基投顧_2637 慧洋-KY_賴偉中_20260915.pdf,5,FIN-P5-T2,8,5,(30.0%),(30.0%),(30.0%),-30.0,-30.0,PASS
凱基投顧_2637 慧洋-KY_賴偉中_20260915.pdf,5,FIN-P5-T2,9,0,獲利能力分析,獲利能力分析,獲利能力分析,,,PASS
凱基投顧_2637 慧洋-KY_賴偉中_20260915.pdf,5,FIN-P5-T2,9,1,,,,,,PASS
凱基投顧_2637 慧洋-KY_賴偉中_20260915.pdf,5,FIN-P5-T2,9,2,,,,,,PASS
凱基投顧_2637 慧洋-KY_賴偉中_20260915.pdf,5,FIN-P5-T2,9,3,,,,,,PASS
凱基投顧_2637 慧洋-KY_賴偉中_20260915.pdf,5,FIN-P5-T2,9,4,,,,,,PASS
凱基投顧_2637 慧洋-KY_賴偉中_20260915.pdf,5,FIN-P5-T2,9,5,,,,,,PASS
凱基投顧_2637 慧洋-KY_賴偉中_20260915.pdf,5,FIN-P5-T2,10,0,營業毛利率,營業毛利率,營業毛利率,,,PASS
凱基投顧_2637 慧洋-KY_賴偉中_20260915.pdf,5,FIN-P5-T2,10,1,21.4%,21.4%,21.4%,21.4,21.4,PASS
凱基投顧_2637 慧洋-KY_賴偉中_20260915.pdf,5,FIN-P5-T2,10,2,34.2%,34.2%,34.2%,34.2,34.2,PASS
凱基投顧_2637 慧洋-KY_賴偉中_20260915.pdf,5,FIN-P5-T2,10,3,25.0%,25.0%,25.0%,25.0,25.0,PASS
凱基投顧_2637 慧洋-KY_賴偉中_20260915.pdf,5,FIN-P5-T2,10,4,40.6%,40.6%,40.6%,40.6,40.6,PASS
凱基投顧_2637 慧洋-KY_賴偉中_20260915.pdf,5,FIN-P5-T2,10,5,33.4%,33.4%,33.4%,33.4,33.4,PASS
凱基投顧_2637 慧洋-KY_賴偉中_20260915.pdf,5,FIN-P5-T2,11,0,營業利益率,營業利益率,營業利益率,,,PASS
凱基投顧_2637 慧洋-KY_賴偉中_20260915.pdf,5,FIN-P5-T2,11,1,20.5%,20.5%,20.5%,20.5,20.5,PASS
凱基投顧_2637 慧洋-KY_賴偉中_20260915.pdf,5,FIN-P5-T2,11,2,33.3%,33.3%,33.3%,33.3,33.3,PASS
凱基投顧_2637 慧洋-KY_賴偉中_20260915.pdf,5,FIN-P5-T2,11,3,23.9%,23.9%,23.9%,23.9,23.9,PASS
凱基投顧_2637 慧洋-KY_賴偉中_20260915.pdf,5,FIN-P5-T2,11,4,39.7%,39.7%,39.7%,39.7,39.7,PASS
凱基投顧_2637 慧洋-KY_賴偉中_20260915.pdf,5,FIN-P5-T2,11,5,32.4%,32.4%,32.4%,32.4,32.4,PASS
凱基投顧_2637 慧洋-KY_賴偉中_20260915.pdf,5,FIN-P5-T2,12,0,EBITDAMargin,EBITDAMargin,EBITDAMargin,,,PASS
凱基投顧_2637 慧洋-KY_賴偉中_20260915.pdf,5,FIN-P5-T2,12,1,48.5%,48.5%,48.5%,48.5,48.5,PASS
凱基投顧_2637 慧洋-KY_賴偉中_20260915.pdf,5,FIN-P5-T2,12,2,57.3%,57.3%,57.3%,57.3,57.3,PASS
凱基投顧_2637 慧洋-KY_賴偉中_20260915.pdf,5,FIN-P5-T2,12,3,51.6%,51.6%,51.6%,51.6,51.6,PASS
凱基投顧_2637 慧洋-KY_賴偉中_20260915.pdf,5,FIN-P5-T2,12,4,71.3%,71.3%,71.3%,71.3,71.3,PASS
凱基投顧_2637 慧洋-KY_賴偉中_20260915.pdf,5,FIN-P5-T2,12,5,67.1%,67.1%,67.1%,67.1,67.1,PASS
凱基投顧_2637 慧洋-KY_賴偉中_20260915.pdf,5,FIN-P5-T2,13,0,稅後純益率,稅後純益率,稅後純益率,,,PASS
凱基投顧_2637 慧洋-KY_賴偉中_20260915.pdf,5,FIN-P5-T2,13,1,19.2%,19.2%,19.2%,19.2,19.2,PASS
凱基投顧_2637 慧洋-KY_賴偉中_20260915.pdf,5,FIN-P5-T2,13,2,29.6%,29.6%,29.6%,29.6,29.6,PASS
凱基投顧_2637 慧洋-KY_賴偉中_20260915.pdf,5,FIN-P5-T2,13,3,23.3%,23.3%,23.3%,23.3,23.3,PASS
凱基投顧_2637 慧洋-KY_賴偉中_20260915.pdf,5,FIN-P5-T2,13,4,41.3%,41.3%,41.3%,41.3,41.3,PASS
凱基投顧_2637 慧洋-KY_賴偉中_20260915.pdf,5,FIN-P5-T2,13,5,31.5%,31.5%,31.5%,31.5,31.5,PASS
凱基投顧_2637 慧洋-KY_賴偉中_20260915.pdf,5,FIN-P5-T2,14,0,平均資產報酬率,平均資產報酬率,平均資產報酬率,,,PASS
凱基投顧_2637 慧洋-KY_賴偉中_20260915.pdf,5,FIN-P5-T2,14,1,3.6%,3.6%,3.6%,3.6,3.6,PASS
凱基投顧_2637 慧洋-KY_賴偉中_20260915.pdf,5,FIN-P5-T2,14,2,6.7%,6.7%,6.7%,6.7,6.7,PASS
凱基投顧_2637 慧洋-KY_賴偉中_20260915.pdf,5,FIN-P5-T2,14,3,4.6%,4.6%,4.6%,4.6,4.6,PASS
凱基投顧_2637 慧洋-KY_賴偉中_20260915.pdf,5,FIN-P5-T2,14,4,10.9%,10.9%,10.9%,10.9,10.9,PASS
凱基投顧_2637 慧洋-KY_賴偉中_20260915.pdf,5,FIN-P5-T2,14,5,7.4%,7.4%,7.4%,7.4,7.4,PASS
凱基投顧_2637 慧洋-KY_賴偉中_20260915.pdf,5,FIN-P5-T2,15,0,股東權益報酬率,股東權益報酬率,股東權益報酬率,,,PASS
凱基投顧_2637 慧洋-KY_賴偉中_20260915.pdf,5,FIN-P5-T2,15,1,7.1%,7.1%,7.1%,7.1,7.1,PASS
凱基投顧_2637 慧洋-KY_賴偉中_20260915.pdf,5,FIN-P5-T2,15,2,12.4%,12.4%,12.4%,12.4,12.4,PASS
凱基投顧_2637 慧洋-KY_賴偉中_20260915.pdf,5,FIN-P5-T2,15,3,7.8%,7.8%,7.8%,7.8,7.8,PASS
凱基投顧_2637 慧洋-KY_賴偉中_20260915.pdf,5,FIN-P5-T2,15,4,18.2%,18.2%,18.2%,18.2,18.2,PASS
凱基投顧_2637 慧洋-KY_賴偉中_20260915.pdf,5,FIN-P5-T2,15,5,12.0%,12.0%,12.0%,12.0,12.0,PASS
凱基投顧_2637 慧洋-KY_賴偉中_20260915.pdf,5,FIN-P5-T2,16,0,穩定\償債能力分析,穩定\償債能力分析,穩定\償債能力分析,,,PASS
凱基投顧_2637 慧洋-KY_賴偉中_20260915.pdf,5,FIN-P5-T2,16,1,,,,,,PASS
凱基投顧_2637 慧洋-KY_賴偉中_20260915.pdf,5,FIN-P5-T2,16,2,,,,,,PASS
凱基投顧_2637 慧洋-KY_賴偉中_20260915.pdf,5,FIN-P5-T2,16,3,,,,,,PASS
凱基投顧_2637 慧洋-KY_賴偉中_20260915.pdf,5,FIN-P5-T2,16,4,,,,,,PASS
凱基投顧_2637 慧洋-KY_賴偉中_20260915.pdf,5,FIN-P5-T2,16,5,,,,,,PASS
凱基投顧_2637 慧洋-KY_賴偉中_20260915.pdf,5,FIN-P5-T2,17,0,毛負債比率(%),毛負債比率(%),毛負債比率(%),,,PASS
凱基投顧_2637 慧洋-KY_賴偉中_20260915.pdf,5,FIN-P5-T2,17,1,81.9%,81.9%,81.9%,81.9,81.9,PASS
凱基投顧_2637 慧洋-KY_賴偉中_20260915.pdf,5,FIN-P5-T2,17,2,63.6%,63.6%,63.6%,63.6,63.6,PASS
凱基投顧_2637 慧洋-KY_賴偉中_20260915.pdf,5,FIN-P5-T2,17,3,59.1%,59.1%,59.1%,59.1,59.1,PASS
凱基投顧_2637 慧洋-KY_賴偉中_20260915.pdf,5,FIN-P5-T2,17,4,52.3%,52.3%,52.3%,52.3,52.3,PASS
凱基投顧_2637 慧洋-KY_賴偉中_20260915.pdf,5,FIN-P5-T2,17,5,47.4%,47.4%,47.4%,47.4,47.4,PASS
凱基投顧_2637 慧洋-KY_賴偉中_20260915.pdf,5,FIN-P5-T2,18,0,淨負債比率,淨負債比率,淨負債比率,,,PASS
凱基投顧_2637 慧洋-KY_賴偉中_20260915.pdf,5,FIN-P5-T2,18,1,73.9%,73.9%,73.9%,73.9,73.9,PASS
凱基投顧_2637 慧洋-KY_賴偉中_20260915.pdf,5,FIN-P5-T2,18,2,55.1%,55.1%,55.1%,55.1,55.1,PASS
凱基投顧_2637 慧洋-KY_賴偉中_20260915.pdf,5,FIN-P5-T2,18,3,49.2%,49.2%,49.2%,49.2,49.2,PASS
凱基投顧_2637 慧洋-KY_賴偉中_20260915.pdf,5,FIN-P5-T2,18,4,21.6%,21.6%,21.6%,21.6,21.6,PASS
凱基投顧_2637 慧洋-KY_賴偉中_20260915.pdf,5,FIN-P5-T2,18,5,7.6%,7.6%,7.6%,7.6,7.6,PASS
凱基投顧_2637 慧洋-KY_賴偉中_20260915.pdf,5,FIN-P5-T2,19,0,利息保障倍數(x),利息保障倍數(x),利息保障倍數(x),,,PASS
凱基投顧_2637 慧洋-KY_賴偉中_20260915.pdf,5,FIN-P5-T2,19,1,2.5,2.5,2.5,2.5,2.5,PASS
凱基投顧_2637 慧洋-KY_賴偉中_20260915.pdf,5,FIN-P5-T2,19,2,4.1,4.1,4.1,4.1,4.1,PASS
凱基投顧_2637 慧洋-KY_賴偉中_20260915.pdf,5,FIN-P5-T2,19,3,4.0,4.0,4.0,4.0,4.0,PASS
凱基投顧_2637 慧洋-KY_賴偉中_20260915.pdf,5,FIN-P5-T2,19,4,10.0,10.0,10.0,10.0,10.0,PASS
凱基投顧_2637 慧洋-KY_賴偉中_20260915.pdf,5,FIN-P5-T2,19,5,7.5,7.5,7.5,7.5,7.5,PASS
凱基投顧_2637 慧洋-KY_賴偉中_20260915.pdf,5,FIN-P5-T2,20,0,利息及短期債保障倍數(x),利息及短期債保障倍數(x),利息及短期債保障倍數(x),,,PASS
凱基投顧_2637 慧洋-KY_賴偉中_20260915.pdf,5,FIN-P5-T2,20,1,0.1,0.1,0.1,0.1,0.1,PASS
凱基投顧_2637 慧洋-KY_賴偉中_20260915.pdf,5,FIN-P5-T2,20,2,0.3,0.3,0.3,0.3,0.3,PASS
凱基投顧_2637 慧洋-KY_賴偉中_20260915.pdf,5,FIN-P5-T2,20,3,0.3,0.3,0.3,0.3,0.3,PASS
凱基投顧_2637 慧洋-KY_賴偉中_20260915.pdf,5,FIN-P5-T2,20,4,0.4,0.4,0.4,0.4,0.4,PASS
凱基投顧_2637 慧洋-KY_賴偉中_20260915.pdf,5,FIN-P5-T2,20,5,0.3,0.3,0.3,0.3,0.3,PASS
凱基投顧_2637 慧洋-KY_賴偉中_20260915.pdf,5,FIN-P5-T2,21,0,CashFlowInt.Coverage(x),CashFlowInt.Coverage(x),CashFlowInt.Coverage(x),,,PASS
凱基投顧_2637 慧洋-KY_賴偉中_20260915.pdf,5,FIN-P5-T2,21,1,3.0,3.0,3.0,3.0,3.0,PASS
凱基投顧_2637 慧洋-KY_賴偉中_20260915.pdf,5,FIN-P5-T2,21,2,4.6,4.6,4.6,4.6,4.6,PASS
凱基投顧_2637 慧洋-KY_賴偉中_20260915.pdf,5,FIN-P5-T2,21,3,5.5,5.5,5.5,5.5,5.5,PASS
凱基投顧_2637 慧洋-KY_賴偉中_20260915.pdf,5,FIN-P5-T2,21,4,15.7,15.7,15.7,15.7,15.7,PASS
凱基投顧_2637 慧洋-KY_賴偉中_20260915.pdf,5,FIN-P5-T2,21,5,13.7,13.7,13.7,13.7,13.7,PASS
凱基投顧_2637 慧洋-KY_賴偉中_20260915.pdf,5,FIN-P5-T2,22,0,CashFlow/Int.&STDebt(x),CashFlow/Int.&STDebt(x),CashFlow/Int.&STDebt(x),,,PASS
凱基投顧_2637 慧洋-KY_賴偉中_20260915.pdf,5,FIN-P5-T2,22,1,0.6,0.6,0.6,0.6,0.6,PASS
凱基投顧_2637 慧洋-KY_賴偉中_20260915.pdf,5,FIN-P5-T2,22,2,1.1,1.1,1.1,1.1,1.1,PASS
凱基投顧_2637 慧洋-KY_賴偉中_20260915.pdf,5,FIN-P5-T2,22,3,1.0,1.0,1.0,1.0,1.0,PASS
凱基投顧_2637 慧洋-KY_賴偉中_20260915.pdf,5,FIN-P5-T2,22,4,1.2,1.2,1.2,1.2,1.2,PASS
凱基投顧_2637 慧洋-KY_賴偉中_20260915.pdf,5,FIN-P5-T2,22,5,1.0,1.0,1.0,1.0,1.0,PASS
凱基投顧_2637 慧洋-KY_賴偉中_20260915.pdf,5,FIN-P5-T2,23,0,流動比率(x),流動比率(x),流動比率(x),,,PASS
凱基投顧_2637 慧洋-KY_賴偉中_20260915.pdf,5,FIN-P5-T2,23,1,0.6,0.6,0.6,0.6,0.6,PASS
凱基投顧_2637 慧洋-KY_賴偉中_20260915.pdf,5,FIN-P5-T2,23,2,0.8,0.8,0.8,0.8,0.8,PASS
凱基投顧_2637 慧洋-KY_賴偉中_20260915.pdf,5,FIN-P5-T2,23,3,1.0,1.0,1.0,1.0,1.0,PASS
凱基投顧_2637 慧洋-KY_賴偉中_20260915.pdf,5,FIN-P5-T2,23,4,1.1,1.1,1.1,1.1,1.1,PASS
凱基投顧_2637 慧洋-KY_賴偉中_20260915.pdf,5,FIN-P5-T2,23,5,1.5,1.5,1.5,1.5,1.5,PASS
凱基投顧_2637 慧洋-KY_賴偉中_20260915.pdf,5,FIN-P5-T2,24,0,速動比率(x),速動比率(x),速動比率(x),,,PASS
凱基投顧_2637 慧洋-KY_賴偉中_20260915.pdf,5,FIN-P5-T2,24,1,0.6,0.6,0.6,0.6,0.6,PASS
凱基投顧_2637 慧洋-KY_賴偉中_20260915.pdf,5,FIN-P5-T2,24,2,0.8,0.8,0.8,0.8,0.8,PASS
凱基投顧_2637 慧洋-KY_賴偉中_20260915.pdf,5,FIN-P5-T2,24,3,1.0,1.0,1.0,1.0,1.0,PASS
凱基投顧_2637 慧洋-KY_賴偉中_20260915.pdf,5,FIN-P5-T2,24,4,1.1,1.1,1.1,1.1,1.1,PASS
凱基投顧_2637 慧洋-KY_賴偉中_20260915.pdf,5,FIN-P5-T2,24,5,1.5,1.5,1.5,1.5,1.5,PASS
凱基投顧_2637 慧洋-KY_賴偉中_20260915.pdf,5,FIN-P5-T2,25,0,淨負債(NT$百萬),淨負債(NT$百萬),淨負債(NT$百萬),,,PASS
凱基投顧_2637 慧洋-KY_賴偉中_20260915.pdf,5,FIN-P5-T2,25,1,"33,263","33,263","33,263",33263.0,33263.0,PASS
凱基投顧_2637 慧洋-KY_賴偉中_20260915.pdf,5,FIN-P5-T2,25,2,"28,871","28,871","28,871",28871.0,28871.0,PASS
凱基投顧_2637 慧洋-KY_賴偉中_20260915.pdf,5,FIN-P5-T2,25,3,"23,723","23,723","23,723",23723.0,23723.0,PASS
凱基投顧_2637 慧洋-KY_賴偉中_20260915.pdf,5,FIN-P5-T2,25,4,"11,211","11,211","11,211",11211.0,11211.0,PASS
凱基投顧_2637 慧洋-KY_賴偉中_20260915.pdf,5,FIN-P5-T2,25,5,"4,153","4,153","4,153",4153.0,4153.0,PASS
凱基投顧_2637 慧洋-KY_賴偉中_20260915.pdf,5,FIN-P5-T2,26,0,每股資料分析,每股資料分析,每股資料分析,,,PASS
凱基投顧_2637 慧洋-KY_賴偉中_20260915.pdf,5,FIN-P5-T2,26,1,,,,,,PASS
凱基投顧_2637 慧洋-KY_賴偉中_20260915.pdf,5,FIN-P5-T2,26,2,,,,,,PASS
凱基投顧_2637 慧洋-KY_賴偉中_20260915.pdf,5,FIN-P5-T2,26,3,,,,,,PASS
凱基投顧_2637 慧洋-KY_賴偉中_20260915.pdf,5,FIN-P5-T2,26,4,,,,,,PASS
凱基投顧_2637 慧洋-KY_賴偉中_20260915.pdf,5,FIN-P5-T2,26,5,,,,,,PASS
凱基投顧_2637 慧洋-KY_賴偉中_20260915.pdf,5,FIN-P5-T2,27,0,每股盈餘(NT$),每股盈餘(NT$),每股盈餘(NT$),,,PASS
凱基投顧_2637 慧洋-KY_賴偉中_20260915.pdf,5,FIN-P5-T2,27,1,4.38,4.38,4.38,4.38,4.38,PASS
凱基投顧_2637 慧洋-KY_賴偉中_20260915.pdf,5,FIN-P5-T2,27,2,8.08,8.08,8.08,8.08,8.08,PASS
凱基投顧_2637 慧洋-KY_賴偉中_20260915.pdf,5,FIN-P5-T2,27,3,5.27,5.27,5.27,5.27,5.27,PASS
凱基投顧_2637 慧洋-KY_賴偉中_20260915.pdf,5,FIN-P5-T2,27,4,12.19,12.19,12.19,12.19,12.19,PASS
凱基投顧_2637 慧洋-KY_賴偉中_20260915.pdf,5,FIN-P5-T2,27,5,8.53,8.53,8.53,8.53,8.53,PASS
凱基投顧_2637 慧洋-KY_賴偉中_20260915.pdf,5,FIN-P5-T2,28,0,每股現金盈餘(NT$),每股現金盈餘(NT$),每股現金盈餘(NT$),,,PASS
凱基投顧_2637 慧洋-KY_賴偉中_20260915.pdf,5,FIN-P5-T2,28,1,8.61,8.61,8.61,8.61,8.61,PASS
凱基投顧_2637 慧洋-KY_賴偉中_20260915.pdf,5,FIN-P5-T2,28,2,12.30,12.30,12.30,12.3,12.3,PASS
凱基投顧_2637 慧洋-KY_賴偉中_20260915.pdf,5,FIN-P5-T2,28,3,9.79,9.79,9.79,9.79,9.79,PASS
凱基投顧_2637 慧洋-KY_賴偉中_20260915.pdf,5,FIN-P5-T2,28,4,21.46,21.46,21.46,21.46,21.46,PASS
凱基投顧_2637 慧洋-KY_賴偉中_20260915.pdf,5,FIN-P5-T2,28,5,17.99,17.99,17.99,17.99,17.99,PASS
凱基投顧_2637 慧洋-KY_賴偉中_20260915.pdf,5,FIN-P5-T2,29,0,每股淨值(NT$),每股淨值(NT$),每股淨值(NT$),,,PASS
凱基投顧_2637 慧洋-KY_賴偉中_20260915.pdf,5,FIN-P5-T2,29,1,60.28,60.28,60.28,60.28,60.28,PASS
凱基投顧_2637 慧洋-KY_賴偉中_20260915.pdf,5,FIN-P5-T2,29,2,70.20,70.20,70.20,70.2,70.2,PASS
凱基投顧_2637 慧洋-KY_賴偉中_20260915.pdf,5,FIN-P5-T2,29,3,64.57,64.57,64.57,64.57,64.57,PASS
凱基投顧_2637 慧洋-KY_賴偉中_20260915.pdf,5,FIN-P5-T2,29,4,69.45,69.45,69.45,69.45,69.45,PASS
凱基投顧_2637 慧洋-KY_賴偉中_20260915.pdf,5,FIN-P5-T2,29,5,72.86,72.86,72.86,72.86,72.86,PASS
凱基投顧_2637 慧洋-KY_賴偉中_20260915.pdf,5,FIN-P5-T2,30,0,調整後每股淨值(NT$),調整後每股淨值(NT$),調整後每股淨值(NT$),,,PASS
凱基投顧_2637 慧洋-KY_賴偉中_20260915.pdf,5,FIN-P5-T2,30,1,60.28,60.28,60.28,60.28,60.28,PASS
凱基投顧_2637 慧洋-KY_賴偉中_20260915.pdf,5,FIN-P5-T2,30,2,70.20,70.20,70.20,70.2,70.2,PASS
凱基投顧_2637 慧洋-KY_賴偉中_20260915.pdf,5,FIN-P5-T2,30,3,64.57,64.57,64.57,64.57,64.57,PASS
凱基投顧_2637 慧洋-KY_賴偉中_20260915.pdf,5,FIN-P5-T2,30,4,69.45,69.45,69.45,69.45,69.45,PASS
凱基投顧_2637 慧洋-KY_賴偉中_20260915.pdf,5,FIN-P5-T2,30,5,72.86,72.86,72.86,72.86,72.86,PASS
凱基投顧_2637 慧洋-KY_賴偉中_20260915.pdf,5,FIN-P5-T2,31,0,每股營收(NT$),每股營收(NT$),每股營收(NT$),,,PASS
凱基投顧_2637 慧洋-KY_賴偉中_20260915.pdf,5,FIN-P5-T2,31,1,22.77,22.77,22.77,22.77,22.77,PASS
凱基投顧_2637 慧洋-KY_賴偉中_20260915.pdf,5,FIN-P5-T2,31,2,27.29,27.29,27.29,27.29,27.29,PASS
凱基投顧_2637 慧洋-KY_賴偉中_20260915.pdf,5,FIN-P5-T2,31,3,22.64,22.64,22.64,22.64,22.64,PASS
凱基投顧_2637 慧洋-KY_賴偉中_20260915.pdf,5,FIN-P5-T2,31,4,29.50,29.50,29.50,29.5,29.5,PASS
凱基投顧_2637 慧洋-KY_賴偉中_20260915.pdf,5,FIN-P5-T2,31,5,27.10,27.10,27.10,27.1,27.1,PASS
凱基投顧_2637 慧洋-KY_賴偉中_20260915.pdf,5,FIN-P5-T2,32,0,EBITDA/Share(NT$),EBITDA/Share(NT$),EBITDA/Share(NT$),,,PASS
凱基投顧_2637 慧洋-KY_賴偉中_20260915.pdf,5,FIN-P5-T2,32,1,11.04,11.04,11.04,11.04,11.04,PASS
凱基投顧_2637 慧洋-KY_賴偉中_20260915.pdf,5,FIN-P5-T2,32,2,15.64,15.64,15.64,15.64,15.64,PASS
凱基投顧_2637 慧洋-KY_賴偉中_20260915.pdf,5,FIN-P5-T2,32,3,11.69,11.69,11.69,11.69,11.69,PASS
凱基投顧_2637 慧洋-KY_賴偉中_20260915.pdf,5,FIN-P5-T2,32,4,21.04,21.04,21.04,21.04,21.04,PASS
凱基投顧_2637 慧洋-KY_賴偉中_20260915.pdf,5,FIN-P5-T2,32,5,18.20,18.20,18.20,18.2,18.2,PASS
凱基投顧_2637 慧洋-KY_賴偉中_20260915.pdf,5,FIN-P5-T2,33,0,每股現金股利(NT$),每股現金股利(NT$),每股現金股利(NT$),,,PASS
凱基投顧_2637 慧洋-KY_賴偉中_20260915.pdf,5,FIN-P5-T2,33,1,2.75,2.75,2.75,2.75,2.75,PASS
凱基投顧_2637 慧洋-KY_賴偉中_20260915.pdf,5,FIN-P5-T2,33,2,5.00,5.00,5.00,5.0,5.0,PASS
凱基投顧_2637 慧洋-KY_賴偉中_20260915.pdf,5,FIN-P5-T2,33,3,3.50,3.50,3.50,3.5,3.5,PASS
凱基投顧_2637 慧洋-KY_賴偉中_20260915.pdf,5,FIN-P5-T2,33,4,7.30,7.30,7.30,7.3,7.3,PASS
凱基投顧_2637 慧洋-KY_賴偉中_20260915.pdf,5,FIN-P5-T2,33,5,5.10,5.10,5.10,5.1,5.1,PASS
凱基投顧_2637 慧洋-KY_賴偉中_20260915.pdf,5,FIN-P5-T2,34,0,資產運用狀況,資產運用狀況,資產運用狀況,,,PASS
凱基投顧_2637 慧洋-KY_賴偉中_20260915.pdf,5,FIN-P5-T2,34,1,,,,,,PASS
凱基投顧_2637 慧洋-KY_賴偉中_20260915.pdf,5,FIN-P5-T2,34,2,,,,,,PASS
凱基投顧_2637 慧洋-KY_賴偉中_20260915.pdf,5,FIN-P5-T2,34,3,,,,,,PASS
凱基投顧_2637 慧洋-KY_賴偉中_20260915.pdf,5,FIN-P5-T2,34,4,,,,,,PASS
凱基投顧_2637 慧洋-KY_賴偉中_20260915.pdf,5,FIN-P5-T2,34,5,,,,,,PASS
凱基投顧_2637 慧洋-KY_賴偉中_20260915.pdf,5,FIN-P5-T2,35,0,資產周轉率(x),資產周轉率(x),資產周轉率(x),,,PASS
凱基投顧_2637 慧洋-KY_賴偉中_20260915.pdf,5,FIN-P5-T2,35,1,0.19,0.19,0.19,0.19,0.19,PASS
凱基投顧_2637 慧洋-KY_賴偉中_20260915.pdf,5,FIN-P5-T2,35,2,0.23,0.23,0.23,0.23,0.23,PASS
凱基投顧_2637 慧洋-KY_賴偉中_20260915.pdf,5,FIN-P5-T2,35,3,0.20,0.20,0.20,0.2,0.2,PASS
凱基投顧_2637 慧洋-KY_賴偉中_20260915.pdf,5,FIN-P5-T2,35,4,0.26,0.26,0.26,0.26,0.26,PASS
凱基投顧_2637 慧洋-KY_賴偉中_20260915.pdf,5,FIN-P5-T2,35,5,0.23,0.23,0.23,0.23,0.23,PASS
凱基投顧_2637 慧洋-KY_賴偉中_20260915.pdf,5,FIN-P5-T2,36,0,應收帳款周轉天數,應收帳款周轉天數,應收帳款周轉天數,,,PASS
凱基投顧_2637 慧洋-KY_賴偉中_20260915.pdf,5,FIN-P5-T2,36,1,3.2,3.2,3.2,3.2,3.2,PASS
凱基投顧_2637 慧洋-KY_賴偉中_20260915.pdf,5,FIN-P5-T2,36,2,3.0,3.0,3.0,3.0,3.0,PASS
凱基投顧_2637 慧洋-KY_賴偉中_20260915.pdf,5,FIN-P5-T2,36,3,4.4,4.4,4.4,4.4,4.4,PASS
凱基投顧_2637 慧洋-KY_賴偉中_20260915.pdf,5,FIN-P5-T2,36,4,4.4,4.4,4.4,4.4,4.4,PASS
凱基投顧_2637 慧洋-KY_賴偉中_20260915.pdf,5,FIN-P5-T2,36,5,4.4,4.4,4.4,4.4,4.4,PASS
凱基投顧_2637 慧洋-KY_賴偉中_20260915.pdf,5,FIN-P5-T2,37,0,存貨周轉天數,存貨周轉天數,存貨周轉天數,,,PASS
凱基投顧_2637 慧洋-KY_賴偉中_20260915.pdf,5,FIN-P5-T2,37,1,-,-,-,,,PASS
凱基投顧_2637 慧洋-KY_賴偉中_20260915.pdf,5,FIN-P5-T2,37,2,-,-,-,,,PASS
凱基投顧_2637 慧洋-KY_賴偉中_20260915.pdf,5,FIN-P5-T2,37,3,-,-,-,,,PASS
凱基投顧_2637 慧洋-KY_賴偉中_20260915.pdf,5,FIN-P5-T2,37,4,-,-,-,,,PASS
凱基投顧_2637 慧洋-KY_賴偉中_20260915.pdf,5,FIN-P5-T2,37,5,-,-,-,,,PASS
凱基投顧_2637 慧洋-KY_賴偉中_20260915.pdf,5,FIN-P5-T2,38,0,應付帳款周轉天數,應付帳款周轉天數,應付帳款周轉天數,,,PASS
凱基投顧_2637 慧洋-KY_賴偉中_20260915.pdf,5,FIN-P5-T2,38,1,4.8,4.8,4.8,4.8,4.8,PASS
凱基投顧_2637 慧洋-KY_賴偉中_20260915.pdf,5,FIN-P5-T2,38,2,5.4,5.4,5.4,5.4,5.4,PASS
凱基投顧_2637 慧洋-KY_賴偉中_20260915.pdf,5,FIN-P5-T2,38,3,5.3,5.3,5.3,5.3,5.3,PASS
凱基投顧_2637 慧洋-KY_賴偉中_20260915.pdf,5,FIN-P5-T2,38,4,5.3,5.3,5.3,5.3,5.3,PASS
凱基投顧_2637 慧洋-KY_賴偉中_20260915.pdf,5,FIN-P5-T2,38,5,5.3,5.3,5.3,5.3,5.3,PASS
凱基投顧_2637 慧洋-KY_賴偉中_20260915.pdf,5,FIN-P5-T2,39,0,現金轉換周轉天數,現金轉換周轉天數,現金轉換周轉天數,,,PASS
凱基投顧_2637 慧洋-KY_賴偉中_20260915.pdf,5,FIN-P5-T2,39,1,(1.6),(1.6),(1.6),-1.6,-1.6,PASS
凱基投顧_2637 慧洋-KY_賴偉中_20260915.pdf,5,FIN-P5-T2,39,2,(2.4),(2.4),(2.4),-2.4,-2.4,PASS
凱基投顧_2637 慧洋-KY_賴偉中_20260915.pdf,5,FIN-P5-T2,39,3,(0.9),(0.9),(0.9),-0.9,-0.9,PASS
凱基投顧_2637 慧洋-KY_賴偉中_20260915.pdf,5,FIN-P5-T2,39,4,(0.9),(0.9),(0.9),-0.9,-0.9,PASS
凱基投顧_2637 慧洋-KY_賴偉中_20260915.pdf,5,FIN-P5-T2,39,5,(0.9),(0.9),(0.9),-0.9,-0.9,PASS
凱基投顧_2637 慧洋-KY_賴偉中_20260915.pdf,5,FIN-P5-T3,3,0,營業收入,營業收入,營業收入,,,PASS
凱基投顧_2637 慧洋-KY_賴偉中_20260915.pdf,5,FIN-P5-T3,3,1,"16,995","16,995","16,995",16995.0,16995.0,PASS
凱基投顧_2637 慧洋-KY_賴偉中_20260915.pdf,5,FIN-P5-T3,3,2,"20,371","20,371","20,371",20371.0,20371.0,PASS
凱基投顧_2637 慧洋-KY_賴偉中_20260915.pdf,5,FIN-P5-T3,3,3,"16,896","16,896","16,896",16896.0,16896.0,PASS
凱基投顧_2637 慧洋-KY_賴偉中_20260915.pdf,5,FIN-P5-T3,3,4,"22,021","22,021","22,021",22021.0,22021.0,PASS
凱基投顧_2637 慧洋-KY_賴偉中_20260915.pdf,5,FIN-P5-T3,3,5,"20,231","20,231","20,231",20231.0,20231.0,PASS
凱基投顧_2637 慧洋-KY_賴偉中_20260915.pdf,5,FIN-P5-T3,4,0,營業成本,營業成本,營業成本,,,PASS
凱基投顧_2637 慧洋-KY_賴偉中_20260915.pdf,5,FIN-P5-T3,4,1,"(13,353)","(13,353)","(13,353)",-13353.0,-13353.0,PASS
凱基投顧_2637 慧洋-KY_賴偉中_20260915.pdf,5,FIN-P5-T3,4,2,"(13,411)","(13,411)","(13,411)",-13411.0,-13411.0,PASS
凱基投顧_2637 慧洋-KY_賴偉中_20260915.pdf,5,FIN-P5-T3,4,3,"(12,671)","(12,671)","(12,671)",-12671.0,-12671.0,PASS
凱基投顧_2637 慧洋-KY_賴偉中_20260915.pdf,5,FIN-P5-T3,4,4,"(13,073)","(13,073)","(13,073)",-13073.0,-13073.0,PASS
凱基投顧_2637 慧洋-KY_賴偉中_20260915.pdf,5,FIN-P5-T3,4,5,"(13,474)","(13,474)","(13,474)",-13474.0,-13474.0,PASS
凱基投顧_2637 慧洋-KY_賴偉中_20260915.pdf,5,FIN-P5-T3,5,0,營業毛利,營業毛利,營業毛利,,,PASS
凱基投顧_2637 慧洋-KY_賴偉中_20260915.pdf,5,FIN-P5-T3,5,1,"3,642","3,642","3,642",3642.0,3642.0,PASS
凱基投顧_2637 慧洋-KY_賴偉中_20260915.pdf,5,FIN-P5-T3,5,2,"6,960","6,960","6,960",6960.0,6960.0,PASS
凱基投顧_2637 慧洋-KY_賴偉中_20260915.pdf,5,FIN-P5-T3,5,3,"4,225","4,225","4,225",4225.0,4225.0,PASS
凱基投顧_2637 慧洋-KY_賴偉中_20260915.pdf,5,FIN-P5-T3,5,4,"8,948","8,948","8,948",8948.0,8948.0,PASS
凱基投顧_2637 慧洋-KY_賴偉中_20260915.pdf,5,FIN-P5-T3,5,5,"6,758","6,758","6,758",6758.0,6758.0,PASS
凱基投顧_2637 慧洋-KY_賴偉中_20260915.pdf,5,FIN-P5-T3,6,0,營業費用,營業費用,營業費用,,,PASS
凱基投顧_2637 慧洋-KY_賴偉中_20260915.pdf,5,FIN-P5-T3,6,1,(166),(166),(166),-166.0,-166.0,PASS
凱基投顧_2637 慧洋-KY_賴偉中_20260915.pdf,5,FIN-P5-T3,6,2,(174),(174),(174),-174.0,-174.0,PASS
凱基投顧_2637 慧洋-KY_賴偉中_20260915.pdf,5,FIN-P5-T3,6,3,(187),(187),(187),-187.0,-187.0,PASS
凱基投顧_2637 慧洋-KY_賴偉中_20260915.pdf,5,FIN-P5-T3,6,4,(212),(212),(212),-212.0,-212.0,PASS
凱基投顧_2637 慧洋-KY_賴偉中_20260915.pdf,5,FIN-P5-T3,6,5,(203),(203),(203),-203.0,-203.0,PASS
凱基投顧_2637 慧洋-KY_賴偉中_20260915.pdf,5,FIN-P5-T3,7,0,營業利益,營業利益,營業利益,,,PASS
凱基投顧_2637 慧洋-KY_賴偉中_20260915.pdf,5,FIN-P5-T3,7,1,"3,476","3,476","3,476",3476.0,3476.0,PASS
凱基投顧_2637 慧洋-KY_賴偉中_20260915.pdf,5,FIN-P5-T3,7,2,"6,785","6,785","6,785",6785.0,6785.0,PASS
凱基投顧_2637 慧洋-KY_賴偉中_20260915.pdf,5,FIN-P5-T3,7,3,"4,039","4,039","4,039",4039.0,4039.0,PASS
凱基投顧_2637 慧洋-KY_賴偉中_20260915.pdf,5,FIN-P5-T3,7,4,"8,736","8,736","8,736",8736.0,8736.0,PASS
凱基投顧_2637 慧洋-KY_賴偉中_20260915.pdf,5,FIN-P5-T3,7,5,"6,555","6,555","6,555",6555.0,6555.0,PASS
凱基投顧_2637 慧洋-KY_賴偉中_20260915.pdf,5,FIN-P5-T3,8,0,總營業外收入,總營業外收入,總營業外收入,,,PASS
凱基投顧_2637 慧洋-KY_賴偉中_20260915.pdf,5,FIN-P5-T3,8,1,247,247,247,247.0,247.0,PASS
凱基投顧_2637 慧洋-KY_賴偉中_20260915.pdf,5,FIN-P5-T3,8,2,243,243,243,243.0,243.0,PASS
凱基投顧_2637 慧洋-KY_賴偉中_20260915.pdf,5,FIN-P5-T3,8,3,179,179,179,179.0,179.0,PASS
凱基投顧_2637 慧洋-KY_賴偉中_20260915.pdf,5,FIN-P5-T3,8,4,"1,185","1,185","1,185",1185.0,1185.0,PASS
凱基投顧_2637 慧洋-KY_賴偉中_20260915.pdf,5,FIN-P5-T3,8,5,829,829,829,829.0,829.0,PASS
凱基投顧_2637 慧洋-KY_賴偉中_20260915.pdf,5,FIN-P5-T3,9,0,利息收入,利息收入,利息收入,,,PASS
凱基投顧_2637 慧洋-KY_賴偉中_20260915.pdf,5,FIN-P5-T3,9,1,214,214,214,214.0,214.0,PASS
凱基投顧_2637 慧洋-KY_賴偉中_20260915.pdf,5,FIN-P5-T3,9,2,232,232,232,232.0,232.0,PASS
凱基投顧_2637 慧洋-KY_賴偉中_20260915.pdf,5,FIN-P5-T3,9,3,153,153,153,153.0,153.0,PASS
凱基投顧_2637 慧洋-KY_賴偉中_20260915.pdf,5,FIN-P5-T3,9,4,234,234,234,234.0,234.0,PASS
凱基投顧_2637 慧洋-KY_賴偉中_20260915.pdf,5,FIN-P5-T3,9,5,275,275,275,275.0,275.0,PASS
凱基投顧_2637 慧洋-KY_賴偉中_20260915.pdf,5,FIN-P5-T3,10,0,投資利益淨額,投資利益淨額,投資利益淨額,,,PASS
凱基投顧_2637 慧洋-KY_賴偉中_20260915.pdf,5,FIN-P5-T3,10,1,-,-,-,,,PASS
凱基投顧_2637 慧洋-KY_賴偉中_20260915.pdf,5,FIN-P5-T3,10,2,-,-,-,,,PASS
凱基投顧_2637 慧洋-KY_賴偉中_20260915.pdf,5,FIN-P5-T3,10,3,-,-,-,,,PASS
凱基投顧_2637 慧洋-KY_賴偉中_20260915.pdf,5,FIN-P5-T3,10,4,-,-,-,,,PASS
凱基投顧_2637 慧洋-KY_賴偉中_20260915.pdf,5,FIN-P5-T3,10,5,-,-,-,,,PASS
凱基投顧_2637 慧洋-KY_賴偉中_20260915.pdf,5,FIN-P5-T3,11,0,其他營業外收入,其他營業外收入,其他營業外收入,,,PASS
凱基投顧_2637 慧洋-KY_賴偉中_20260915.pdf,5,FIN-P5-T3,11,1,34,34,34,34.0,34.0,PASS
凱基投顧_2637 慧洋-KY_賴偉中_20260915.pdf,5,FIN-P5-T3,11,2,10,10,10,10.0,10.0,PASS
凱基投顧_2637 慧洋-KY_賴偉中_20260915.pdf,5,FIN-P5-T3,11,3,26,26,26,26.0,26.0,PASS
凱基投顧_2637 慧洋-KY_賴偉中_20260915.pdf,5,FIN-P5-T3,11,4,951,951,951,951.0,951.0,PASS
凱基投顧_2637 慧洋-KY_賴偉中_20260915.pdf,5,FIN-P5-T3,11,5,555,555,555,555.0,555.0,PASS
凱基投顧_2637 慧洋-KY_賴偉中_20260915.pdf,5,FIN-P5-T3,12,0,總營業外費用,總營業外費用,總營業外費用,,,PASS
凱基投顧_2637 慧洋-KY_賴偉中_20260915.pdf,5,FIN-P5-T3,12,1,(429),(429),(429),-429.0,-429.0,PASS
凱基投顧_2637 慧洋-KY_賴偉中_20260915.pdf,5,FIN-P5-T3,12,2,(974),(974),(974),-974.0,-974.0,PASS
凱基投顧_2637 慧洋-KY_賴偉中_20260915.pdf,5,FIN-P5-T3,12,3,(263),(263),(263),-263.0,-263.0,PASS
凱基投顧_2637 慧洋-KY_賴偉中_20260915.pdf,5,FIN-P5-T3,12,4,(777),(777),(777),-777.0,-777.0,PASS
凱基投顧_2637 慧洋-KY_賴偉中_20260915.pdf,5,FIN-P5-T3,12,5,(982),(982),(982),-982.0,-982.0,PASS
凱基投顧_2637 慧洋-KY_賴偉中_20260915.pdf,5,FIN-P5-T3,13,0,利息費用,利息費用,利息費用,,,PASS
凱基投顧_2637 慧洋-KY_賴偉中_20260915.pdf,5,FIN-P5-T3,13,1,"(2,142)","(2,142)","(2,142)",-2142.0,-2142.0,PASS
凱基投顧_2637 慧洋-KY_賴偉中_20260915.pdf,5,FIN-P5-T3,13,2,"(1,976)","(1,976)","(1,976)",-1976.0,-1976.0,PASS
凱基投顧_2637 慧洋-KY_賴偉中_20260915.pdf,5,FIN-P5-T3,13,3,"(1,327)","(1,327)","(1,327)",-1327.0,-1327.0,PASS
凱基投顧_2637 慧洋-KY_賴偉中_20260915.pdf,5,FIN-P5-T3,13,4,"(1,018)","(1,018)","(1,018)",-1018.0,-1018.0,PASS
凱基投顧_2637 慧洋-KY_賴偉中_20260915.pdf,5,FIN-P5-T3,13,5,(982),(982),(982),-982.0,-982.0,PASS
凱基投顧_2637 慧洋-KY_賴偉中_20260915.pdf,5,FIN-P5-T3,14,0,投資損失,投資損失,投資損失,,,PASS
凱基投顧_2637 慧洋-KY_賴偉中_20260915.pdf,5,FIN-P5-T3,14,1,(33),(33),(33),-33.0,-33.0,PASS
凱基投顧_2637 慧洋-KY_賴偉中_20260915.pdf,5,FIN-P5-T3,14,2,(107),(107),(107),-107.0,-107.0,PASS
凱基投顧_2637 慧洋-KY_賴偉中_20260915.pdf,5,FIN-P5-T3,14,3,(38),(38),(38),-38.0,-38.0,PASS
凱基投顧_2637 慧洋-KY_賴偉中_20260915.pdf,5,FIN-P5-T3,14,4,(0),(0),(0),-0.0,-0.0,PASS
凱基投顧_2637 慧洋-KY_賴偉中_20260915.pdf,5,FIN-P5-T3,14,5,-,-,-,,,PASS
凱基投顧_2637 慧洋-KY_賴偉中_20260915.pdf,5,FIN-P5-T3,15,0,其他營業外費用,其他營業外費用,其他營業外費用,,,PASS
凱基投顧_2637 慧洋-KY_賴偉中_20260915.pdf,5,FIN-P5-T3,15,1,"1,747","1,747","1,747",1747.0,1747.0,PASS
凱基投顧_2637 慧洋-KY_賴偉中_20260915.pdf,5,FIN-P5-T3,15,2,"1,109","1,109","1,109",1109.0,1109.0,PASS
凱基投顧_2637 慧洋-KY_賴偉中_20260915.pdf,5,FIN-P5-T3,15,3,"1,102","1,102","1,102",1102.0,1102.0,PASS
凱基投顧_2637 慧洋-KY_賴偉中_20260915.pdf,5,FIN-P5-T3,15,4,241,241,241,241.0,241.0,PASS
凱基投顧_2637 慧洋-KY_賴偉中_20260915.pdf,5,FIN-P5-T3,15,5,-,-,-,,,PASS
凱基投顧_2637 慧洋-KY_賴偉中_20260915.pdf,5,FIN-P5-T3,16,0,稅前純益,稅前純益,稅前純益,,,PASS
凱基投顧_2637 慧洋-KY_賴偉中_20260915.pdf,5,FIN-P5-T3,16,1,"3,295","3,295","3,295",3295.0,3295.0,PASS
凱基投顧_2637 慧洋-KY_賴偉中_20260915.pdf,5,FIN-P5-T3,16,2,"6,054","6,054","6,054",6054.0,6054.0,PASS
凱基投顧_2637 慧洋-KY_賴偉中_20260915.pdf,5,FIN-P5-T3,16,3,"3,955","3,955","3,955",3955.0,3955.0,PASS
凱基投顧_2637 慧洋-KY_賴偉中_20260915.pdf,5,FIN-P5-T3,16,4,"9,144","9,144","9,144",9144.0,9144.0,PASS
凱基投顧_2637 慧洋-KY_賴偉中_20260915.pdf,5,FIN-P5-T3,16,5,"6,402","6,402","6,402",6402.0,6402.0,PASS
凱基投顧_2637 慧洋-KY_賴偉中_20260915.pdf,5,FIN-P5-T3,17,0,所得稅費用[利益],所得稅費用[利益],所得稅費用[利益],,,PASS
凱基投顧_2637 慧洋-KY_賴偉中_20260915.pdf,5,FIN-P5-T3,17,1,(25),(25),(25),-25.0,-25.0,PASS
凱基投顧_2637 慧洋-KY_賴偉中_20260915.pdf,5,FIN-P5-T3,17,2,(22),(22),(22),-22.0,-22.0,PASS
凱基投顧_2637 慧洋-KY_賴偉中_20260915.pdf,5,FIN-P5-T3,17,3,(19),(19),(19),-19.0,-19.0,PASS
凱基投顧_2637 慧洋-KY_賴偉中_20260915.pdf,5,FIN-P5-T3,17,4,(41),(41),(41),-41.0,-41.0,PASS
凱基投顧_2637 慧洋-KY_賴偉中_20260915.pdf,5,FIN-P5-T3,17,5,(32),(32),(32),-32.0,-32.0,PASS
凱基投顧_2637 慧洋-KY_賴偉中_20260915.pdf,5,FIN-P5-T3,18,0,少數股東損益,少數股東損益,少數股東損益,,,PASS
凱基投顧_2637 慧洋-KY_賴偉中_20260915.pdf,5,FIN-P5-T3,18,1,-,-,-,,,PASS
凱基投顧_2637 慧洋-KY_賴偉中_20260915.pdf,5,FIN-P5-T3,18,2,-,-,-,,,PASS
凱基投顧_2637 慧洋-KY_賴偉中_20260915.pdf,5,FIN-P5-T3,18,3,-,-,-,,,PASS
凱基投顧_2637 慧洋-KY_賴偉中_20260915.pdf,5,FIN-P5-T3,18,4,-,-,-,,,PASS
凱基投顧_2637 慧洋-KY_賴偉中_20260915.pdf,5,FIN-P5-T3,18,5,-,-,-,,,PASS
凱基投顧_2637 慧洋-KY_賴偉中_20260915.pdf,5,FIN-P5-T3,19,0,非常項目,非常項目,非常項目,,,PASS
凱基投顧_2637 慧洋-KY_賴偉中_20260915.pdf,5,FIN-P5-T3,19,1,-,-,-,,,PASS
凱基投顧_2637 慧洋-KY_賴偉中_20260915.pdf,5,FIN-P5-T3,19,2,0,0,0,0.0,0.0,PASS
凱基投顧_2637 慧洋-KY_賴偉中_20260915.pdf,5,FIN-P5-T3,19,3,(0),(0),(0),-0.0,-0.0,PASS
凱基投顧_2637 慧洋-KY_賴偉中_20260915.pdf,5,FIN-P5-T3,19,4,0,0,0,0.0,0.0,PASS
凱基投顧_2637 慧洋-KY_賴偉中_20260915.pdf,5,FIN-P5-T3,19,5,-,-,-,,,PASS
凱基投顧_2637 慧洋-KY_賴偉中_20260915.pdf,5,FIN-P5-T3,20,0,稅後淨利,稅後淨利,稅後淨利,,,PASS
凱基投顧_2637 慧洋-KY_賴偉中_20260915.pdf,5,FIN-P5-T3,20,1,"3,270","3,270","3,270",3270.0,3270.0,PASS
凱基投顧_2637 慧洋-KY_賴偉中_20260915.pdf,5,FIN-P5-T3,20,2,"6,031","6,031","6,031",6031.0,6031.0,PASS
凱基投顧_2637 慧洋-KY_賴偉中_20260915.pdf,5,FIN-P5-T3,20,3,"3,936","3,936","3,936",3936.0,3936.0,PASS
凱基投顧_2637 慧洋-KY_賴偉中_20260915.pdf,5,FIN-P5-T3,20,4,"9,102","9,102","9,102",9102.0,9102.0,PASS
凱基投顧_2637 慧洋-KY_賴偉中_20260915.pdf,5,FIN-P5-T3,20,5,"6,370","6,370","6,370",6370.0,6370.0,PASS
凱基投顧_2637 慧洋-KY_賴偉中_20260915.pdf,5,FIN-P5-T3,21,0,EBITDA,EBITDA,EBITDA,,,PASS
凱基投顧_2637 慧洋-KY_賴偉中_20260915.pdf,5,FIN-P5-T3,21,1,"8,242","8,242","8,242",8242.0,8242.0,PASS
凱基投顧_2637 慧洋-KY_賴偉中_20260915.pdf,5,FIN-P5-T3,21,2,"11,676","11,676","11,676",11676.0,11676.0,PASS
凱基投顧_2637 慧洋-KY_賴偉中_20260915.pdf,5,FIN-P5-T3,21,3,"8,725","8,725","8,725",8725.0,8725.0,PASS
凱基投顧_2637 慧洋-KY_賴偉中_20260915.pdf,5,FIN-P5-T3,21,4,"15,708","15,708","15,708",15708.0,15708.0,PASS
凱基投顧_2637 慧洋-KY_賴偉中_20260915.pdf,5,FIN-P5-T3,21,5,"13,582","13,582","13,582",13582.0,13582.0,PASS
凱基投顧_2637 慧洋-KY_賴偉中_20260915.pdf,5,FIN-P5-T3,22,0,每股盈餘(NT$),每股盈餘(NT$),每股盈餘(NT$),,,PASS
凱基投顧_2637 慧洋-KY_賴偉中_20260915.pdf,5,FIN-P5-T3,22,1,4.38,4.38,4.38,4.38,4.38,PASS
凱基投顧_2637 慧洋-KY_賴偉中_20260915.pdf,5,FIN-P5-T3,22,2,8.08,8.08,8.08,8.08,8.08,PASS
凱基投顧_2637 慧洋-KY_賴偉中_20260915.pdf,5,FIN-P5-T3,22,3,5.27,5.27,5.27,5.27,5.27,PASS
凱基投顧_2637 慧洋-KY_賴偉中_20260915.pdf,5,FIN-P5-T3,22,4,12.19,12.19,12.19,12.19,12.19,PASS
凱基投顧_2637 慧洋-KY_賴偉中_20260915.pdf,5,FIN-P5-T3,22,5,8.53,8.53,8.53,8.53,8.53,PASS
凱基投顧_2637 慧洋-KY_賴偉中_20260915.pdf,5,FIN-P5-T4,3,0,營運活動之現金流量,營運活動之現金流量,營運活動之現金流量,,,PASS
凱基投顧_2637 慧洋-KY_賴偉中_20260915.pdf,5,FIN-P5-T4,3,1,"6,425","6,425","6,425",6425.0,6425.0,PASS
凱基投顧_2637 慧洋-KY_賴偉中_20260915.pdf,5,FIN-P5-T4,3,2,"9,181","9,181","9,181",9181.0,9181.0,PASS
凱基投顧_2637 慧洋-KY_賴偉中_20260915.pdf,5,FIN-P5-T4,3,3,"7,311","7,311","7,311",7311.0,7311.0,PASS
凱基投顧_2637 慧洋-KY_賴偉中_20260915.pdf,5,FIN-P5-T4,3,4,"16,019","16,019","16,019",16019.0,16019.0,PASS
凱基投顧_2637 慧洋-KY_賴偉中_20260915.pdf,5,FIN-P5-T4,3,5,"13,425","13,425","13,425",13425.0,13425.0,PASS
凱基投顧_2637 慧洋-KY_賴偉中_20260915.pdf,5,FIN-P5-T4,4,0,本期純益,本期純益,本期純益,,,PASS
凱基投顧_2637 慧洋-KY_賴偉中_20260915.pdf,5,FIN-P5-T4,4,1,"3,270","3,270","3,270",3270.0,3270.0,PASS
凱基投顧_2637 慧洋-KY_賴偉中_20260915.pdf,5,FIN-P5-T4,4,2,"6,031","6,031","6,031",6031.0,6031.0,PASS
凱基投顧_2637 慧洋-KY_賴偉中_20260915.pdf,5,FIN-P5-T4,4,3,"3,936","3,936","3,936",3936.0,3936.0,PASS
凱基投顧_2637 慧洋-KY_賴偉中_20260915.pdf,5,FIN-P5-T4,4,4,"9,102","9,102","9,102",9102.0,9102.0,PASS
凱基投顧_2637 慧洋-KY_賴偉中_20260915.pdf,5,FIN-P5-T4,4,5,"6,370","6,370","6,370",6370.0,6370.0,PASS
凱基投顧_2637 慧洋-KY_賴偉中_20260915.pdf,5,FIN-P5-T4,5,0,折舊及攤提,折舊及攤提,折舊及攤提,,,PASS
凱基投顧_2637 慧洋-KY_賴偉中_20260915.pdf,5,FIN-P5-T4,5,1,"4,766","4,766","4,766",4766.0,4766.0,PASS
凱基投顧_2637 慧洋-KY_賴偉中_20260915.pdf,5,FIN-P5-T4,5,2,"4,890","4,890","4,890",4890.0,4890.0,PASS
凱基投顧_2637 慧洋-KY_賴偉中_20260915.pdf,5,FIN-P5-T4,5,3,"4,686","4,686","4,686",4686.0,4686.0,PASS
凱基投顧_2637 慧洋-KY_賴偉中_20260915.pdf,5,FIN-P5-T4,5,4,"6,972","6,972","6,972",6972.0,6972.0,PASS
凱基投顧_2637 慧洋-KY_賴偉中_20260915.pdf,5,FIN-P5-T4,5,5,"7,027","7,027","7,027",7027.0,7027.0,PASS
凱基投顧_2637 慧洋-KY_賴偉中_20260915.pdf,5,FIN-P5-T4,6,0,本期運用資金變動,本期運用資金變動,本期運用資金變動,,,PASS
凱基投顧_2637 慧洋-KY_賴偉中_20260915.pdf,5,FIN-P5-T4,6,1,(5),(5),(5),-5.0,-5.0,PASS
凱基投顧_2637 慧洋-KY_賴偉中_20260915.pdf,5,FIN-P5-T4,6,2,15,15,15,15.0,15.0,PASS
凱基投顧_2637 慧洋-KY_賴偉中_20260915.pdf,5,FIN-P5-T4,6,3,(145),(145),(145),-145.0,-145.0,PASS
凱基投顧_2637 慧洋-KY_賴偉中_20260915.pdf,5,FIN-P5-T4,6,4,(56),(56),(56),-56.0,-56.0,PASS
凱基投顧_2637 慧洋-KY_賴偉中_20260915.pdf,5,FIN-P5-T4,6,5,27,27,27,27.0,27.0,PASS
凱基投顧_2637 慧洋-KY_賴偉中_20260915.pdf,5,FIN-P5-T4,7,0,其他營業資產及負債變動,其他營業資產及負債變動,其他營業資產及負債變動,,,PASS
凱基投顧_2637 慧洋-KY_賴偉中_20260915.pdf,5,FIN-P5-T4,7,1,"(1,606)","(1,606)","(1,606)",-1606.0,-1606.0,PASS
凱基投顧_2637 慧洋-KY_賴偉中_20260915.pdf,5,FIN-P5-T4,7,2,"(1,756)","(1,756)","(1,756)",-1756.0,-1756.0,PASS
凱基投顧_2637 慧洋-KY_賴偉中_20260915.pdf,5,FIN-P5-T4,7,3,"(1,166)","(1,166)","(1,166)",-1166.0,-1166.0,PASS
凱基投顧_2637 慧洋-KY_賴偉中_20260915.pdf,5,FIN-P5-T4,7,4,0,0,0,0.0,0.0,PASS
凱基投顧_2637 慧洋-KY_賴偉中_20260915.pdf,5,FIN-P5-T4,7,5,-,-,-,,,PASS
凱基投顧_2637 慧洋-KY_賴偉中_20260915.pdf,5,FIN-P5-T4,8,0,投資活動之現金流量,投資活動之現金流量,投資活動之現金流量,,,PASS
凱基投顧_2637 慧洋-KY_賴偉中_20260915.pdf,5,FIN-P5-T4,8,1,(428),(428),(428),-428.0,-428.0,PASS
凱基投顧_2637 慧洋-KY_賴偉中_20260915.pdf,5,FIN-P5-T4,8,2,"(1,356)","(1,356)","(1,356)",-1356.0,-1356.0,PASS
凱基投顧_2637 慧洋-KY_賴偉中_20260915.pdf,5,FIN-P5-T4,8,3,"2,087","2,087","2,087",2087.0,2087.0,PASS
凱基投顧_2637 慧洋-KY_賴偉中_20260915.pdf,5,FIN-P5-T4,8,4,(894),(894),(894),-894.0,-894.0,PASS
凱基投顧_2637 慧洋-KY_賴偉中_20260915.pdf,5,FIN-P5-T4,8,5,(905),(905),(905),-905.0,-905.0,PASS
凱基投顧_2637 慧洋-KY_賴偉中_20260915.pdf,5,FIN-P5-T4,9,0,投資用短期投資出售[新購],投資用短期投資出售[新購],投資用短期投資出售[新購],,,PASS
凱基投顧_2637 慧洋-KY_賴偉中_20260915.pdf,5,FIN-P5-T4,9,1,59,59,59,59.0,59.0,PASS
凱基投顧_2637 慧洋-KY_賴偉中_20260915.pdf,5,FIN-P5-T4,9,2,74,74,74,74.0,74.0,PASS
凱基投顧_2637 慧洋-KY_賴偉中_20260915.pdf,5,FIN-P5-T4,9,3,22,22,22,22.0,22.0,PASS
凱基投顧_2637 慧洋-KY_賴偉中_20260915.pdf,5,FIN-P5-T4,9,4,-,-,-,,,PASS
凱基投顧_2637 慧洋-KY_賴偉中_20260915.pdf,5,FIN-P5-T4,9,5,-,-,-,,,PASS
凱基投顧_2637 慧洋-KY_賴偉中_20260915.pdf,5,FIN-P5-T4,10,0,本期長期投資變動,本期長期投資變動,本期長期投資變動,,,PASS
凱基投顧_2637 慧洋-KY_賴偉中_20260915.pdf,5,FIN-P5-T4,10,1,(80),(80),(80),-80.0,-80.0,PASS
凱基投顧_2637 慧洋-KY_賴偉中_20260915.pdf,5,FIN-P5-T4,10,2,(122),(122),(122),-122.0,-122.0,PASS
凱基投顧_2637 慧洋-KY_賴偉中_20260915.pdf,5,FIN-P5-T4,10,3,(40),(40),(40),-40.0,-40.0,PASS
凱基投顧_2637 慧洋-KY_賴偉中_20260915.pdf,5,FIN-P5-T4,10,4,(81),(81),(81),-81.0,-81.0,PASS
凱基投顧_2637 慧洋-KY_賴偉中_20260915.pdf,5,FIN-P5-T4,10,5,(60),(60),(60),-60.0,-60.0,PASS
凱基投顧_2637 慧洋-KY_賴偉中_20260915.pdf,5,FIN-P5-T4,11,0,資本支出淨額,資本支出淨額,資本支出淨額,,,PASS
凱基投顧_2637 慧洋-KY_賴偉中_20260915.pdf,5,FIN-P5-T4,11,1,(688),(688),(688),-688.0,-688.0,PASS
凱基投顧_2637 慧洋-KY_賴偉中_20260915.pdf,5,FIN-P5-T4,11,2,(747),(747),(747),-747.0,-747.0,PASS
凱基投顧_2637 慧洋-KY_賴偉中_20260915.pdf,5,FIN-P5-T4,11,3,(876),(876),(876),-876.0,-876.0,PASS
凱基投顧_2637 慧洋-KY_賴偉中_20260915.pdf,5,FIN-P5-T4,11,4,(812),(812),(812),-812.0,-812.0,PASS
凱基投顧_2637 慧洋-KY_賴偉中_20260915.pdf,5,FIN-P5-T4,11,5,(844),(844),(844),-844.0,-844.0,PASS
凱基投顧_2637 慧洋-KY_賴偉中_20260915.pdf,5,FIN-P5-T4,12,0,其他資產變動,其他資產變動,其他資產變動,,,PASS
凱基投顧_2637 慧洋-KY_賴偉中_20260915.pdf,5,FIN-P5-T4,12,1,282,282,282,282.0,282.0,PASS
凱基投顧_2637 慧洋-KY_賴偉中_20260915.pdf,5,FIN-P5-T4,12,2,(561),(561),(561),-561.0,-561.0,PASS
凱基投顧_2637 慧洋-KY_賴偉中_20260915.pdf,5,FIN-P5-T4,12,3,"2,981","2,981","2,981",2981.0,2981.0,PASS
凱基投顧_2637 慧洋-KY_賴偉中_20260915.pdf,5,FIN-P5-T4,12,4,(1),(1),(1),-1.0,-1.0,PASS
凱基投顧_2637 慧洋-KY_賴偉中_20260915.pdf,5,FIN-P5-T4,12,5,(1),(1),(1),-1.0,-1.0,PASS
凱基投顧_2637 慧洋-KY_賴偉中_20260915.pdf,5,FIN-P5-T4,13,0,自由現金流,自由現金流,自由現金流,,,PASS
凱基投顧_2637 慧洋-KY_賴偉中_20260915.pdf,5,FIN-P5-T4,13,1,"7,523","7,523","7,523",7523.0,7523.0,PASS
凱基投顧_2637 慧洋-KY_賴偉中_20260915.pdf,5,FIN-P5-T4,13,2,"10,918","10,918","10,918",10918.0,10918.0,PASS
凱基投顧_2637 慧洋-KY_賴偉中_20260915.pdf,5,FIN-P5-T4,13,3,"7,684","7,684","7,684",7684.0,7684.0,PASS
凱基投顧_2637 慧洋-KY_賴偉中_20260915.pdf,5,FIN-P5-T4,13,4,"14,800","14,800","14,800",14800.0,14800.0,PASS
凱基投顧_2637 慧洋-KY_賴偉中_20260915.pdf,5,FIN-P5-T4,13,5,"12,732","12,732","12,732",12732.0,12732.0,PASS
凱基投顧_2637 慧洋-KY_賴偉中_20260915.pdf,5,FIN-P5-T4,14,0,融資活動之現金流量,融資活動之現金流量,融資活動之現金流量,,,PASS
凱基投顧_2637 慧洋-KY_賴偉中_20260915.pdf,5,FIN-P5-T4,14,1,"(8,724)","(8,724)","(8,724)",-8724.0,-8724.0,PASS
凱基投顧_2637 慧洋-KY_賴偉中_20260915.pdf,5,FIN-P5-T4,14,2,"(6,855)","(6,855)","(6,855)",-6855.0,-6855.0,PASS
凱基投顧_2637 慧洋-KY_賴偉中_20260915.pdf,5,FIN-P5-T4,14,3,"(8,776)","(8,776)","(8,776)",-8776.0,-8776.0,PASS
凱基投顧_2637 慧洋-KY_賴偉中_20260915.pdf,5,FIN-P5-T4,14,4,"(3,963)","(3,963)","(3,963)",-3963.0,-3963.0,PASS
凱基投顧_2637 慧洋-KY_賴偉中_20260915.pdf,5,FIN-P5-T4,14,5,"(6,837)","(6,837)","(6,837)",-6837.0,-6837.0,PASS
凱基投顧_2637 慧洋-KY_賴偉中_20260915.pdf,5,FIN-P5-T4,15,0,短期借款變動,短期借款變動,短期借款變動,,,PASS
凱基投顧_2637 慧洋-KY_賴偉中_20260915.pdf,5,FIN-P5-T4,15,1,162,162,162,162.0,162.0,PASS
凱基投顧_2637 慧洋-KY_賴偉中_20260915.pdf,5,FIN-P5-T4,15,2,(264),(264),(264),-264.0,-264.0,PASS
凱基投顧_2637 慧洋-KY_賴偉中_20260915.pdf,5,FIN-P5-T4,15,3,"1,364","1,364","1,364",1364.0,1364.0,PASS
凱基投顧_2637 慧洋-KY_賴偉中_20260915.pdf,5,FIN-P5-T4,15,4,"3,000","3,000","3,000",3000.0,3000.0,PASS
凱基投顧_2637 慧洋-KY_賴偉中_20260915.pdf,5,FIN-P5-T4,15,5,"3,000","3,000","3,000",3000.0,3000.0,PASS
凱基投顧_2637 慧洋-KY_賴偉中_20260915.pdf,5,FIN-P5-T4,16,0,長期借款變動,長期借款變動,長期借款變動,,,PASS
凱基投顧_2637 慧洋-KY_賴偉中_20260915.pdf,5,FIN-P5-T4,16,1,"(3,701)","(3,701)","(3,701)",-3701.0,-3701.0,PASS
凱基投顧_2637 慧洋-KY_賴偉中_20260915.pdf,5,FIN-P5-T4,16,2,"(4,300)","(4,300)","(4,300)",-4300.0,-4300.0,PASS
凱基投顧_2637 慧洋-KY_賴偉中_20260915.pdf,5,FIN-P5-T4,16,3,"(4,401)","(4,401)","(4,401)",-4401.0,-4401.0,PASS
凱基投顧_2637 慧洋-KY_賴偉中_20260915.pdf,5,FIN-P5-T4,16,4,"(4,350)","(4,350)","(4,350)",-4350.0,-4350.0,PASS
凱基投顧_2637 慧洋-KY_賴偉中_20260915.pdf,5,FIN-P5-T4,16,5,"(4,375)","(4,375)","(4,375)",-4375.0,-4375.0,PASS
凱基投顧_2637 慧洋-KY_賴偉中_20260915.pdf,5,FIN-P5-T4,17,0,現金増資,現金増資,現金増資,,,PASS
凱基投顧_2637 慧洋-KY_賴偉中_20260915.pdf,5,FIN-P5-T4,17,1,-,-,-,,,PASS
凱基投顧_2637 慧洋-KY_賴偉中_20260915.pdf,5,FIN-P5-T4,17,2,-,-,-,,,PASS
凱基投顧_2637 慧洋-KY_賴偉中_20260915.pdf,5,FIN-P5-T4,17,3,-,-,-,,,PASS
凱基投顧_2637 慧洋-KY_賴偉中_20260915.pdf,5,FIN-P5-T4,17,4,,,,,,PASS
凱基投顧_2637 慧洋-KY_賴偉中_20260915.pdf,5,FIN-P5-T4,17,5,,,,,,PASS
凱基投顧_2637 慧洋-KY_賴偉中_20260915.pdf,5,FIN-P5-T4,18,0,已支付普通股股息,已支付普通股股息,已支付普通股股息,,,PASS
凱基投顧_2637 慧洋-KY_賴偉中_20260915.pdf,5,FIN-P5-T4,18,1,"(4,852)","(4,852)","(4,852)",-4852.0,-4852.0,PASS
凱基投顧_2637 慧洋-KY_賴偉中_20260915.pdf,5,FIN-P5-T4,18,2,"(2,053)","(2,053)","(2,053)",-2053.0,-2053.0,PASS
凱基投顧_2637 慧洋-KY_賴偉中_20260915.pdf,5,FIN-P5-T4,18,3,"(3,732)","(3,732)","(3,732)",-3732.0,-3732.0,PASS
凱基投顧_2637 慧洋-KY_賴偉中_20260915.pdf,5,FIN-P5-T4,18,4,"(2,612)","(2,612)","(2,612)",-2612.0,-2612.0,PASS
凱基投顧_2637 慧洋-KY_賴偉中_20260915.pdf,5,FIN-P5-T4,18,5,"(5,461)","(5,461)","(5,461)",-5461.0,-5461.0,PASS
凱基投顧_2637 慧洋-KY_賴偉中_20260915.pdf,5,FIN-P5-T4,19,0,其他融資現金流,其他融資現金流,其他融資現金流,,,PASS
凱基投顧_2637 慧洋-KY_賴偉中_20260915.pdf,5,FIN-P5-T4,19,1,(334),(334),(334),-334.0,-334.0,PASS
凱基投顧_2637 慧洋-KY_賴偉中_20260915.pdf,5,FIN-P5-T4,19,2,(239),(239),(239),-239.0,-239.0,PASS
凱基投顧_2637 慧洋-KY_賴偉中_20260915.pdf,5,FIN-P5-T4,19,3,"(2,007)","(2,007)","(2,007)",-2007.0,-2007.0,PASS
凱基投顧_2637 慧洋-KY_賴偉中_20260915.pdf,5,FIN-P5-T4,19,4,(0),(0),(0),-0.0,-0.0,PASS
凱基投顧_2637 慧洋-KY_賴偉中_20260915.pdf,5,FIN-P5-T4,19,5,0,0,0,0.0,0.0,PASS
凱基投顧_2637 慧洋-KY_賴偉中_20260915.pdf,5,FIN-P5-T4,20,0,匯率影響數,匯率影響數,匯率影響數,,,PASS
凱基投顧_2637 慧洋-KY_賴偉中_20260915.pdf,5,FIN-P5-T4,20,1,(83),(83),(83),-83.0,-83.0,PASS
凱基投顧_2637 慧洋-KY_賴偉中_20260915.pdf,5,FIN-P5-T4,20,2,(130),(130),(130),-130.0,-130.0,PASS
凱基投顧_2637 慧洋-KY_賴偉中_20260915.pdf,5,FIN-P5-T4,20,3,(293),(293),(293),-293.0,-293.0,PASS
凱基投顧_2637 慧洋-KY_賴偉中_20260915.pdf,5,FIN-P5-T4,20,4,,,,,,PASS
凱基投顧_2637 慧洋-KY_賴偉中_20260915.pdf,5,FIN-P5-T4,20,5,,,,,,PASS
凱基投顧_2637 慧洋-KY_賴偉中_20260915.pdf,5,FIN-P5-T4,21,0,本期產生現金流量,本期產生現金流量,本期產生現金流量,,,PASS
凱基投顧_2637 慧洋-KY_賴偉中_20260915.pdf,5,FIN-P5-T4,21,1,"(2,809)","(2,809)","(2,809)",-2809.0,-2809.0,PASS
凱基投顧_2637 慧洋-KY_賴偉中_20260915.pdf,5,FIN-P5-T4,21,2,840,840,840,840.0,840.0,PASS
凱基投顧_2637 慧洋-KY_賴偉中_20260915.pdf,5,FIN-P5-T4,21,3,329,329,329,329.0,329.0,PASS
凱基投顧_2637 慧洋-KY_賴偉中_20260915.pdf,5,FIN-P5-T4,21,4,"11,162","11,162","11,162",11162.0,11162.0,PASS
凱基投顧_2637 慧洋-KY_賴偉中_20260915.pdf,5,FIN-P5-T4,21,5,"5,683","5,683","5,683",5683.0,5683.0,PASS
凱基投顧_2637 慧洋-KY_賴偉中_20260915.pdf,5,FIN-P5-T5,3,0,1-營業成本/營業收入,1-營業成本/營業收入,1-營業成本/營業收入,,,PASS
凱基投顧_2637 慧洋-KY_賴偉中_20260915.pdf,5,FIN-P5-T5,3,1,,,,,,PASS
凱基投顧_2637 慧洋-KY_賴偉中_20260915.pdf,5,FIN-P5-T5,3,2,,,,,,PASS
凱基投顧_2637 慧洋-KY_賴偉中_20260915.pdf,5,FIN-P5-T5,3,3,,,,,,PASS
凱基投顧_2637 慧洋-KY_賴偉中_20260915.pdf,5,FIN-P5-T5,3,4,,,,,,PASS
凱基投顧_2637 慧洋-KY_賴偉中_20260915.pdf,5,FIN-P5-T5,3,5,,,,,,PASS
凱基投顧_2637 慧洋-KY_賴偉中_20260915.pdf,5,FIN-P5-T5,4,0,-銷管費用/營業收入,-銷管費用/營業收入,-銷管費用/營業收入,,,PASS
凱基投顧_2637 慧洋-KY_賴偉中_20260915.pdf,5,FIN-P5-T5,4,1,1.0%,1.0%,1.0%,1.0,1.0,PASS
凱基投顧_2637 慧洋-KY_賴偉中_20260915.pdf,5,FIN-P5-T5,4,2,0.9%,0.9%,0.9%,0.9,0.9,PASS
凱基投顧_2637 慧洋-KY_賴偉中_20260915.pdf,5,FIN-P5-T5,4,3,1.1%,1.1%,1.1%,1.1,1.1,PASS
凱基投顧_2637 慧洋-KY_賴偉中_20260915.pdf,5,FIN-P5-T5,4,4,1.0%,1.0%,1.0%,1.0,1.0,PASS
凱基投顧_2637 慧洋-KY_賴偉中_20260915.pdf,5,FIN-P5-T5,4,5,1.0%,1.0%,1.0%,1.0,1.0,PASS
凱基投顧_2637 慧洋-KY_賴偉中_20260915.pdf,5,FIN-P5-T5,5,0,=營業利益率,=營業利益率,=營業利益率,,,PASS
凱基投顧_2637 慧洋-KY_賴偉中_20260915.pdf,5,FIN-P5-T5,5,1,20.5%,20.5%,20.5%,20.5,20.5,PASS
凱基投顧_2637 慧洋-KY_賴偉中_20260915.pdf,5,FIN-P5-T5,5,2,33.3%,33.3%,33.3%,33.3,33.3,PASS
凱基投顧_2637 慧洋-KY_賴偉中_20260915.pdf,5,FIN-P5-T5,5,3,23.9%,23.9%,23.9%,23.9,23.9,PASS
凱基投顧_2637 慧洋-KY_賴偉中_20260915.pdf,5,FIN-P5-T5,5,4,39.7%,39.7%,39.7%,39.7,39.7,PASS
凱基投顧_2637 慧洋-KY_賴偉中_20260915.pdf,5,FIN-P5-T5,5,5,32.4%,32.4%,32.4%,32.4,32.4,PASS
凱基投顧_2637 慧洋-KY_賴偉中_20260915.pdf,5,FIN-P5-T5,6,0,1/(營業運用資金/營業收入,1/(營業運用資金/營業收入,1/(營業運用資金/營業收入,,,PASS
凱基投顧_2637 慧洋-KY_賴偉中_20260915.pdf,5,FIN-P5-T5,6,1,0.0,0.0,0.0,0.0,0.0,PASS
凱基投顧_2637 慧洋-KY_賴偉中_20260915.pdf,5,FIN-P5-T5,6,2,0.0,0.0,0.0,0.0,0.0,PASS
凱基投顧_2637 慧洋-KY_賴偉中_20260915.pdf,5,FIN-P5-T5,6,3,0.0,0.0,0.0,0.0,0.0,PASS
凱基投顧_2637 慧洋-KY_賴偉中_20260915.pdf,5,FIN-P5-T5,6,4,(0.1),(0.1),(0.1),-0.1,-0.1,PASS
凱基投顧_2637 慧洋-KY_賴偉中_20260915.pdf,5,FIN-P5-T5,6,5,(0.0),(0.0),(0.0),-0.0,-0.0,PASS
凱基投顧_2637 慧洋-KY_賴偉中_20260915.pdf,5,FIN-P5-T5,7,0,+淨固定資產/營業收入,+淨固定資產/營業收入,+淨固定資產/營業收入,,,PASS
凱基投顧_2637 慧洋-KY_賴偉中_20260915.pdf,5,FIN-P5-T5,7,1,4.3,4.3,4.3,4.3,4.3,PASS
凱基投顧_2637 慧洋-KY_賴偉中_20260915.pdf,5,FIN-P5-T5,7,2,3.7,3.7,3.7,3.7,3.7,PASS
凱基投顧_2637 慧洋-KY_賴偉中_20260915.pdf,5,FIN-P5-T5,7,3,3.9,3.9,3.9,3.9,3.9,PASS
凱基投顧_2637 慧洋-KY_賴偉中_20260915.pdf,5,FIN-P5-T5,7,4,2.7,2.7,2.7,2.7,2.7,PASS
凱基投顧_2637 慧洋-KY_賴偉中_20260915.pdf,5,FIN-P5-T5,7,5,2.7,2.7,2.7,2.7,2.7,PASS
凱基投顧_2637 慧洋-KY_賴偉中_20260915.pdf,5,FIN-P5-T5,8,0,+什項資產/營業收入),+什項資產/營業收入),+什項資產/營業收入),,,PASS
凱基投顧_2637 慧洋-KY_賴偉中_20260915.pdf,5,FIN-P5-T5,8,1,0.1,0.1,0.1,0.1,0.1,PASS
凱基投顧_2637 慧洋-KY_賴偉中_20260915.pdf,5,FIN-P5-T5,8,2,0.1,0.1,0.1,0.1,0.1,PASS
凱基投顧_2637 慧洋-KY_賴偉中_20260915.pdf,5,FIN-P5-T5,8,3,0.1,0.1,0.1,0.1,0.1,PASS
凱基投顧_2637 慧洋-KY_賴偉中_20260915.pdf,5,FIN-P5-T5,8,4,0.1,0.1,0.1,0.1,0.1,PASS
凱基投顧_2637 慧洋-KY_賴偉中_20260915.pdf,5,FIN-P5-T5,8,5,0.1,0.1,0.1,0.1,0.1,PASS
凱基投顧_2637 慧洋-KY_賴偉中_20260915.pdf,5,FIN-P5-T5,9,0,=資本周轉率,=資本周轉率,=資本周轉率,,,PASS
凱基投顧_2637 慧洋-KY_賴偉中_20260915.pdf,5,FIN-P5-T5,9,1,0.2,0.2,0.2,0.2,0.2,PASS
凱基投顧_2637 慧洋-KY_賴偉中_20260915.pdf,5,FIN-P5-T5,9,2,0.3,0.3,0.3,0.3,0.3,PASS
凱基投顧_2637 慧洋-KY_賴偉中_20260915.pdf,5,FIN-P5-T5,9,3,0.2,0.2,0.2,0.2,0.2,PASS
凱基投顧_2637 慧洋-KY_賴偉中_20260915.pdf,5,FIN-P5-T5,9,4,0.4,0.4,0.4,0.4,0.4,PASS
凱基投顧_2637 慧洋-KY_賴偉中_20260915.pdf,5,FIN-P5-T5,9,5,0.4,0.4,0.4,0.4,0.4,PASS
凱基投顧_2637 慧洋-KY_賴偉中_20260915.pdf,5,FIN-P5-T5,10,0,營業利益率,營業利益率,營業利益率,,,PASS
凱基投顧_2637 慧洋-KY_賴偉中_20260915.pdf,5,FIN-P5-T5,10,1,20.5%,20.5%,20.5%,20.5,20.5,PASS
凱基投顧_2637 慧洋-KY_賴偉中_20260915.pdf,5,FIN-P5-T5,10,2,33.3%,33.3%,33.3%,33.3,33.3,PASS
凱基投顧_2637 慧洋-KY_賴偉中_20260915.pdf,5,FIN-P5-T5,10,3,23.9%,23.9%,23.9%,23.9,23.9,PASS
凱基投顧_2637 慧洋-KY_賴偉中_20260915.pdf,5,FIN-P5-T5,10,4,39.7%,39.7%,39.7%,39.7,39.7,PASS
凱基投顧_2637 慧洋-KY_賴偉中_20260915.pdf,5,FIN-P5-T5,10,5,32.4%,32.4%,32.4%,32.4,32.4,PASS
凱基投顧_2637 慧洋-KY_賴偉中_20260915.pdf,5,FIN-P5-T5,11,0,x資本周轉率,x資本周轉率,x資本周轉率,,,PASS
凱基投顧_2637 慧洋-KY_賴偉中_20260915.pdf,5,FIN-P5-T5,11,1,0.2,0.2,0.2,0.2,0.2,PASS
凱基投顧_2637 慧洋-KY_賴偉中_20260915.pdf,5,FIN-P5-T5,11,2,0.3,0.3,0.3,0.3,0.3,PASS
凱基投顧_2637 慧洋-KY_賴偉中_20260915.pdf,5,FIN-P5-T5,11,3,0.2,0.2,0.2,0.2,0.2,PASS
凱基投顧_2637 慧洋-KY_賴偉中_20260915.pdf,5,FIN-P5-T5,11,4,0.4,0.4,0.4,0.4,0.4,PASS
凱基投顧_2637 慧洋-KY_賴偉中_20260915.pdf,5,FIN-P5-T5,11,5,0.4,0.4,0.4,0.4,0.4,PASS
凱基投顧_2637 慧洋-KY_賴偉中_20260915.pdf,5,FIN-P5-T5,12,0,x(1-有效現金稅率),x(1-有效現金稅率),x(1-有效現金稅率),,,PASS
凱基投顧_2637 慧洋-KY_賴偉中_20260915.pdf,5,FIN-P5-T5,12,1,99.3%,99.3%,99.3%,99.3,99.3,PASS
凱基投顧_2637 慧洋-KY_賴偉中_20260915.pdf,5,FIN-P5-T5,12,2,99.6%,99.6%,99.6%,99.6,99.6,PASS
凱基投顧_2637 慧洋-KY_賴偉中_20260915.pdf,5,FIN-P5-T5,12,3,99.5%,99.5%,99.5%,99.5,99.5,PASS
凱基投顧_2637 慧洋-KY_賴偉中_20260915.pdf,5,FIN-P5-T5,12,4,99.5%,99.5%,99.5%,99.5,99.5,PASS
凱基投顧_2637 慧洋-KY_賴偉中_20260915.pdf,5,FIN-P5-T5,12,5,99.5%,99.5%,99.5%,99.5,99.5,PASS
凱基投顧_2637 慧洋-KY_賴偉中_20260915.pdf,5,FIN-P5-T5,13,0,=稅後ROIC,=稅後ROIC,=稅後ROIC,,,PASS
凱基投顧_2637 慧洋-KY_賴偉中_20260915.pdf,5,FIN-P5-T5,13,1,4.6%,4.6%,4.6%,4.6,4.6,PASS
凱基投顧_2637 慧洋-KY_賴偉中_20260915.pdf,5,FIN-P5-T5,13,2,8.7%,8.7%,8.7%,8.7,8.7,PASS
凱基投顧_2637 慧洋-KY_賴偉中_20260915.pdf,5,FIN-P5-T5,13,3,5.8%,5.8%,5.8%,5.8,5.8,PASS
凱基投顧_2637 慧洋-KY_賴偉中_20260915.pdf,5,FIN-P5-T5,13,4,14.4%,14.4%,14.4%,14.4,14.4,PASS
凱基投顧_2637 慧洋-KY_賴偉中_20260915.pdf,5,FIN-P5-T5,13,5,11.7%,11.7%,11.7%,11.7,11.7,PASS
凱基投顧_3665 貿聯-KY_李承泰_20260519.pdf,9,FIN-P9-T1,3,0,資產總額,資產總額,資產總額,,,PASS
凱基投顧_3665 貿聯-KY_李承泰_20260519.pdf,9,FIN-P9-T1,3,1,"60,915","60,915","60,915",60915.0,60915.0,PASS
凱基投顧_3665 貿聯-KY_李承泰_20260519.pdf,9,FIN-P9-T1,3,2,"82,313","82,313","82,313",82313.0,82313.0,PASS
凱基投顧_3665 貿聯-KY_李承泰_20260519.pdf,9,FIN-P9-T1,3,3,"94,833","94,833","94,833",94833.0,94833.0,PASS
凱基投顧_3665 貿聯-KY_李承泰_20260519.pdf,9,FIN-P9-T1,3,4,"113,855","113,855","113,855",113855.0,113855.0,PASS
凱基投顧_3665 貿聯-KY_李承泰_20260519.pdf,9,FIN-P9-T1,3,5,"138,750","138,750","138,750",138750.0,138750.0,PASS
凱基投顧_3665 貿聯-KY_李承泰_20260519.pdf,9,FIN-P9-T1,4,0,流動資產,流動資產,流動資產,,,PASS
凱基投顧_3665 貿聯-KY_李承泰_20260519.pdf,9,FIN-P9-T1,4,1,"33,668","33,668","33,668",33668.0,33668.0,PASS
凱基投顧_3665 貿聯-KY_李承泰_20260519.pdf,9,FIN-P9-T1,4,2,"51,412","51,412","51,412",51412.0,51412.0,PASS
凱基投顧_3665 貿聯-KY_李承泰_20260519.pdf,9,FIN-P9-T1,4,3,"61,179","61,179","61,179",61179.0,61179.0,PASS
凱基投顧_3665 貿聯-KY_李承泰_20260519.pdf,9,FIN-P9-T1,4,4,"78,135","78,135","78,135",78135.0,78135.0,PASS
凱基投顧_3665 貿聯-KY_李承泰_20260519.pdf,9,FIN-P9-T1,4,5,"101,124","101,124","101,124",101124.0,101124.0,PASS
凱基投顧_3665 貿聯-KY_李承泰_20260519.pdf,9,FIN-P9-T1,5,0,現金及短期投資,現金及短期投資,現金及短期投資,,,PASS
凱基投顧_3665 貿聯-KY_李承泰_20260519.pdf,9,FIN-P9-T1,5,1,"10,795","10,795","10,795",10795.0,10795.0,PASS
凱基投顧_3665 貿聯-KY_李承泰_20260519.pdf,9,FIN-P9-T1,5,2,"21,785","21,785","21,785",21785.0,21785.0,PASS
凱基投顧_3665 貿聯-KY_李承泰_20260519.pdf,9,FIN-P9-T1,5,3,"23,712","23,712","23,712",23712.0,23712.0,PASS
凱基投顧_3665 貿聯-KY_李承泰_20260519.pdf,9,FIN-P9-T1,5,4,"30,121","30,121","30,121",30121.0,30121.0,PASS
凱基投顧_3665 貿聯-KY_李承泰_20260519.pdf,9,FIN-P9-T1,5,5,"40,220","40,220","40,220",40220.0,40220.0,PASS
凱基投顧_3665 貿聯-KY_李承泰_20260519.pdf,9,FIN-P9-T1,6,0,存貨,存貨,存貨,,,PASS
凱基投顧_3665 貿聯-KY_李承泰_20260519.pdf,9,FIN-P9-T1,6,1,"11,232","11,232","11,232",11232.0,11232.0,PASS
凱基投顧_3665 貿聯-KY_李承泰_20260519.pdf,9,FIN-P9-T1,6,2,"13,824","13,824","13,824",13824.0,13824.0,PASS
凱基投顧_3665 貿聯-KY_李承泰_20260519.pdf,9,FIN-P9-T1,6,3,"17,230","17,230","17,230",17230.0,17230.0,PASS
凱基投顧_3665 貿聯-KY_李承泰_20260519.pdf,9,FIN-P9-T1,6,4,"21,522","21,522","21,522",21522.0,21522.0,PASS
凱基投顧_3665 貿聯-KY_李承泰_20260519.pdf,9,FIN-P9-T1,6,5,"26,322","26,322","26,322",26322.0,26322.0,PASS
凱基投顧_3665 貿聯-KY_李承泰_20260519.pdf,9,FIN-P9-T1,7,0,應收帳款及票據,應收帳款及票據,應收帳款及票據,,,PASS
凱基投顧_3665 貿聯-KY_李承泰_20260519.pdf,9,FIN-P9-T1,7,1,"10,473","10,473","10,473",10473.0,10473.0,PASS
凱基投顧_3665 貿聯-KY_李承泰_20260519.pdf,9,FIN-P9-T1,7,2,"14,302","14,302","14,302",14302.0,14302.0,PASS
凱基投顧_3665 貿聯-KY_李承泰_20260519.pdf,9,FIN-P9-T1,7,3,"18,647","18,647","18,647",18647.0,18647.0,PASS
凱基投顧_3665 貿聯-KY_李承泰_20260519.pdf,9,FIN-P9-T1,7,4,"24,900","24,900","24,900",24900.0,24900.0,PASS
凱基投顧_3665 貿聯-KY_李承泰_20260519.pdf,9,FIN-P9-T1,7,5,"32,991","32,991","32,991",32991.0,32991.0,PASS
凱基投顧_3665 貿聯-KY_李承泰_20260519.pdf,9,FIN-P9-T1,8,0,其他流動資產,其他流動資產,其他流動資產,,,PASS
凱基投顧_3665 貿聯-KY_李承泰_20260519.pdf,9,FIN-P9-T1,8,1,"1,168","1,168","1,168",1168.0,1168.0,PASS
凱基投顧_3665 貿聯-KY_李承泰_20260519.pdf,9,FIN-P9-T1,8,2,"1,501","1,501","1,501",1501.0,1501.0,PASS
凱基投顧_3665 貿聯-KY_李承泰_20260519.pdf,9,FIN-P9-T1,8,3,"1,591","1,591","1,591",1591.0,1591.0,PASS
凱基投顧_3665 貿聯-KY_李承泰_20260519.pdf,9,FIN-P9-T1,8,4,"1,591","1,591","1,591",1591.0,1591.0,PASS
凱基投顧_3665 貿聯-KY_李承泰_20260519.pdf,9,FIN-P9-T1,8,5,"1,591","1,591","1,591",1591.0,1591.0,PASS
凱基投顧_3665 貿聯-KY_李承泰_20260519.pdf,9,FIN-P9-T1,9,0,非流動資產,非流動資產,非流動資產,,,PASS
凱基投顧_3665 貿聯-KY_李承泰_20260519.pdf,9,FIN-P9-T1,9,1,"27,247","27,247","27,247",27247.0,27247.0,PASS
凱基投顧_3665 貿聯-KY_李承泰_20260519.pdf,9,FIN-P9-T1,9,2,"30,901","30,901","30,901",30901.0,30901.0,PASS
凱基投顧_3665 貿聯-KY_李承泰_20260519.pdf,9,FIN-P9-T1,9,3,"33,654","33,654","33,654",33654.0,33654.0,PASS
凱基投顧_3665 貿聯-KY_李承泰_20260519.pdf,9,FIN-P9-T1,9,4,"35,720","35,720","35,720",35720.0,35720.0,PASS
凱基投顧_3665 貿聯-KY_李承泰_20260519.pdf,9,FIN-P9-T1,9,5,"37,626","37,626","37,626",37626.0,37626.0,PASS
凱基投顧_3665 貿聯-KY_李承泰_20260519.pdf,9,FIN-P9-T1,10,0,長期投資,長期投資,長期投資,,,PASS
凱基投顧_3665 貿聯-KY_李承泰_20260519.pdf,9,FIN-P9-T1,10,1,"1,071","1,071","1,071",1071.0,1071.0,PASS
凱基投顧_3665 貿聯-KY_李承泰_20260519.pdf,9,FIN-P9-T1,10,2,"1,139","1,139","1,139",1139.0,1139.0,PASS
凱基投顧_3665 貿聯-KY_李承泰_20260519.pdf,9,FIN-P9-T1,10,3,"1,006","1,006","1,006",1006.0,1006.0,PASS
凱基投顧_3665 貿聯-KY_李承泰_20260519.pdf,9,FIN-P9-T1,10,4,"1,011","1,011","1,011",1011.0,1011.0,PASS
凱基投顧_3665 貿聯-KY_李承泰_20260519.pdf,9,FIN-P9-T1,10,5,"1,016","1,016","1,016",1016.0,1016.0,PASS
凱基投顧_3665 貿聯-KY_李承泰_20260519.pdf,9,FIN-P9-T1,11,0,固定資產,固定資產,固定資產,,,PASS
凱基投顧_3665 貿聯-KY_李承泰_20260519.pdf,9,FIN-P9-T1,11,1,"14,677","14,677","14,677",14677.0,14677.0,PASS
凱基投顧_3665 貿聯-KY_李承泰_20260519.pdf,9,FIN-P9-T1,11,2,"17,324","17,324","17,324",17324.0,17324.0,PASS
凱基投顧_3665 貿聯-KY_李承泰_20260519.pdf,9,FIN-P9-T1,11,3,"19,342","19,342","19,342",19342.0,19342.0,PASS
凱基投顧_3665 貿聯-KY_李承泰_20260519.pdf,9,FIN-P9-T1,11,4,"21,967","21,967","21,967",21967.0,21967.0,PASS
凱基投顧_3665 貿聯-KY_李承泰_20260519.pdf,9,FIN-P9-T1,11,5,"24,431","24,431","24,431",24431.0,24431.0,PASS
凱基投顧_3665 貿聯-KY_李承泰_20260519.pdf,9,FIN-P9-T1,12,0,什項資產,什項資產,什項資產,,,PASS
凱基投顧_3665 貿聯-KY_李承泰_20260519.pdf,9,FIN-P9-T1,12,1,"11,500","11,500","11,500",11500.0,11500.0,PASS
凱基投顧_3665 貿聯-KY_李承泰_20260519.pdf,9,FIN-P9-T1,12,2,"12,439","12,439","12,439",12439.0,12439.0,PASS
凱基投顧_3665 貿聯-KY_李承泰_20260519.pdf,9,FIN-P9-T1,12,3,"13,306","13,306","13,306",13306.0,13306.0,PASS
凱基投顧_3665 貿聯-KY_李承泰_20260519.pdf,9,FIN-P9-T1,12,4,"12,742","12,742","12,742",12742.0,12742.0,PASS
凱基投顧_3665 貿聯-KY_李承泰_20260519.pdf,9,FIN-P9-T1,12,5,"12,179","12,179","12,179",12179.0,12179.0,PASS
凱基投顧_3665 貿聯-KY_李承泰_20260519.pdf,9,FIN-P9-T1,13,0,負債總額,負債總額,負債總額,,,PASS
凱基投顧_3665 貿聯-KY_李承泰_20260519.pdf,9,FIN-P9-T1,13,1,"24,698","24,698","24,698",24698.0,24698.0,PASS
凱基投顧_3665 貿聯-KY_李承泰_20260519.pdf,9,FIN-P9-T1,13,2,"35,670","35,670","35,670",35670.0,35670.0,PASS
凱基投顧_3665 貿聯-KY_李承泰_20260519.pdf,9,FIN-P9-T1,13,3,"40,505","40,505","40,505",40505.0,40505.0,PASS
凱基投顧_3665 貿聯-KY_李承泰_20260519.pdf,9,FIN-P9-T1,13,4,"42,947","42,947","42,947",42947.0,42947.0,PASS
凱基投顧_3665 貿聯-KY_李承泰_20260519.pdf,9,FIN-P9-T1,13,5,"46,237","46,237","46,237",46237.0,46237.0,PASS
凱基投顧_3665 貿聯-KY_李承泰_20260519.pdf,9,FIN-P9-T1,14,0,流動負債,流動負債,流動負債,,,PASS
凱基投顧_3665 貿聯-KY_李承泰_20260519.pdf,9,FIN-P9-T1,14,1,"16,795","16,795","16,795",16795.0,16795.0,PASS
凱基投顧_3665 貿聯-KY_李承泰_20260519.pdf,9,FIN-P9-T1,14,2,"20,630","20,630","20,630",20630.0,20630.0,PASS
凱基投顧_3665 貿聯-KY_李承泰_20260519.pdf,9,FIN-P9-T1,14,3,"25,247","25,247","25,247",25247.0,25247.0,PASS
凱基投顧_3665 貿聯-KY_李承泰_20260519.pdf,9,FIN-P9-T1,14,4,"27,689","27,689","27,689",27689.0,27689.0,PASS
凱基投顧_3665 貿聯-KY_李承泰_20260519.pdf,9,FIN-P9-T1,14,5,"30,979","30,979","30,979",30979.0,30979.0,PASS
凱基投顧_3665 貿聯-KY_李承泰_20260519.pdf,9,FIN-P9-T1,15,0,應付帳款及票據,應付帳款及票據,應付帳款及票據,,,PASS
凱基投顧_3665 貿聯-KY_李承泰_20260519.pdf,9,FIN-P9-T1,15,1,"6,239","6,239","6,239",6239.0,6239.0,PASS
凱基投顧_3665 貿聯-KY_李承泰_20260519.pdf,9,FIN-P9-T1,15,2,"9,429","9,429","9,429",9429.0,9429.0,PASS
凱基投顧_3665 貿聯-KY_李承泰_20260519.pdf,9,FIN-P9-T1,15,3,"11,256","11,256","11,256",11256.0,11256.0,PASS
凱基投顧_3665 貿聯-KY_李承泰_20260519.pdf,9,FIN-P9-T1,15,4,"13,699","13,699","13,699",13699.0,13699.0,PASS
凱基投顧_3665 貿聯-KY_李承泰_20260519.pdf,9,FIN-P9-T1,15,5,"16,989","16,989","16,989",16989.0,16989.0,PASS
凱基投顧_3665 貿聯-KY_李承泰_20260519.pdf,9,FIN-P9-T1,16,0,短期借款,短期借款,短期借款,,,PASS
凱基投顧_3665 貿聯-KY_李承泰_20260519.pdf,9,FIN-P9-T1,16,1,"5,014","5,014","5,014",5014.0,5014.0,PASS
凱基投顧_3665 貿聯-KY_李承泰_20260519.pdf,9,FIN-P9-T1,16,2,"4,814","4,814","4,814",4814.0,4814.0,PASS
凱基投顧_3665 貿聯-KY_李承泰_20260519.pdf,9,FIN-P9-T1,16,3,"4,682","4,682","4,682",4682.0,4682.0,PASS
凱基投顧_3665 貿聯-KY_李承泰_20260519.pdf,9,FIN-P9-T1,16,4,"4,682","4,682","4,682",4682.0,4682.0,PASS
凱基投顧_3665 貿聯-KY_李承泰_20260519.pdf,9,FIN-P9-T1,16,5,"4,682","4,682","4,682",4682.0,4682.0,PASS
凱基投顧_3665 貿聯-KY_李承泰_20260519.pdf,9,FIN-P9-T1,17,0,什項負債,什項負債,什項負債,,,PASS
凱基投顧_3665 貿聯-KY_李承泰_20260519.pdf,9,FIN-P9-T1,17,1,"5,542","5,542","5,542",5542.0,5542.0,PASS
凱基投顧_3665 貿聯-KY_李承泰_20260519.pdf,9,FIN-P9-T1,17,2,"6,387","6,387","6,387",6387.0,6387.0,PASS
凱基投顧_3665 貿聯-KY_李承泰_20260519.pdf,9,FIN-P9-T1,17,3,"9,309","9,309","9,309",9309.0,9309.0,PASS
凱基投顧_3665 貿聯-KY_李承泰_20260519.pdf,9,FIN-P9-T1,17,4,"9,309","9,309","9,309",9309.0,9309.0,PASS
凱基投顧_3665 貿聯-KY_李承泰_20260519.pdf,9,FIN-P9-T1,17,5,"9,309","9,309","9,309",9309.0,9309.0,PASS
凱基投顧_3665 貿聯-KY_李承泰_20260519.pdf,9,FIN-P9-T1,18,0,長期負債,長期負債,長期負債,,,PASS
凱基投顧_3665 貿聯-KY_李承泰_20260519.pdf,9,FIN-P9-T1,18,1,"7,903","7,903","7,903",7903.0,7903.0,PASS
凱基投顧_3665 貿聯-KY_李承泰_20260519.pdf,9,FIN-P9-T1,18,2,"15,040","15,040","15,040",15040.0,15040.0,PASS
凱基投顧_3665 貿聯-KY_李承泰_20260519.pdf,9,FIN-P9-T1,18,3,"15,258","15,258","15,258",15258.0,15258.0,PASS
凱基投顧_3665 貿聯-KY_李承泰_20260519.pdf,9,FIN-P9-T1,18,4,"15,258","15,258","15,258",15258.0,15258.0,PASS
凱基投顧_3665 貿聯-KY_李承泰_20260519.pdf,9,FIN-P9-T1,18,5,"15,258","15,258","15,258",15258.0,15258.0,PASS
凱基投顧_3665 貿聯-KY_李承泰_20260519.pdf,9,FIN-P9-T1,19,0,長期借款,長期借款,長期借款,,,PASS
凱基投顧_3665 貿聯-KY_李承泰_20260519.pdf,9,FIN-P9-T1,19,1,"4,703","4,703","4,703",4703.0,4703.0,PASS
凱基投顧_3665 貿聯-KY_李承泰_20260519.pdf,9,FIN-P9-T1,19,2,"11,678","11,678","11,678",11678.0,11678.0,PASS
凱基投顧_3665 貿聯-KY_李承泰_20260519.pdf,9,FIN-P9-T1,19,3,"11,625","11,625","11,625",11625.0,11625.0,PASS
凱基投顧_3665 貿聯-KY_李承泰_20260519.pdf,9,FIN-P9-T1,19,4,"11,625","11,625","11,625",11625.0,11625.0,PASS
凱基投顧_3665 貿聯-KY_李承泰_20260519.pdf,9,FIN-P9-T1,19,5,"11,625","11,625","11,625",11625.0,11625.0,PASS
凱基投顧_3665 貿聯-KY_李承泰_20260519.pdf,9,FIN-P9-T1,20,0,其他負債及準備,其他負債及準備,其他負債及準備,,,PASS
凱基投顧_3665 貿聯-KY_李承泰_20260519.pdf,9,FIN-P9-T1,20,1,"2,461","2,461","2,461",2461.0,2461.0,PASS
凱基投顧_3665 貿聯-KY_李承泰_20260519.pdf,9,FIN-P9-T1,20,2,"2,625","2,625","2,625",2625.0,2625.0,PASS
凱基投顧_3665 貿聯-KY_李承泰_20260519.pdf,9,FIN-P9-T1,20,3,"2,934","2,934","2,934",2934.0,2934.0,PASS
凱基投顧_3665 貿聯-KY_李承泰_20260519.pdf,9,FIN-P9-T1,20,4,"2,934","2,934","2,934",2934.0,2934.0,PASS
凱基投顧_3665 貿聯-KY_李承泰_20260519.pdf,9,FIN-P9-T1,20,5,"2,934","2,934","2,934",2934.0,2934.0,PASS
凱基投顧_3665 貿聯-KY_李承泰_20260519.pdf,9,FIN-P9-T1,21,0,股東權益總額,股東權益總額,股東權益總額,,,PASS
凱基投顧_3665 貿聯-KY_李承泰_20260519.pdf,9,FIN-P9-T1,21,1,"36,217","36,217","36,217",36217.0,36217.0,PASS
凱基投顧_3665 貿聯-KY_李承泰_20260519.pdf,9,FIN-P9-T1,21,2,"46,643","46,643","46,643",46643.0,46643.0,PASS
凱基投顧_3665 貿聯-KY_李承泰_20260519.pdf,9,FIN-P9-T1,21,3,"54,329","54,329","54,329",54329.0,54329.0,PASS
凱基投顧_3665 貿聯-KY_李承泰_20260519.pdf,9,FIN-P9-T1,21,4,"70,908","70,908","70,908",70908.0,70908.0,PASS
凱基投顧_3665 貿聯-KY_李承泰_20260519.pdf,9,FIN-P9-T1,21,5,"92,513","92,513","92,513",92513.0,92513.0,PASS
凱基投顧_3665 貿聯-KY_李承泰_20260519.pdf,9,FIN-P9-T1,22,0,普通股本,普通股本,普通股本,,,PASS
凱基投顧_3665 貿聯-KY_李承泰_20260519.pdf,9,FIN-P9-T1,22,1,"1,896","1,896","1,896",1896.0,1896.0,PASS
凱基投顧_3665 貿聯-KY_李承泰_20260519.pdf,9,FIN-P9-T1,22,2,"1,954","1,954","1,954",1954.0,1954.0,PASS
凱基投顧_3665 貿聯-KY_李承泰_20260519.pdf,9,FIN-P9-T1,22,3,"1,955","1,955","1,955",1955.0,1955.0,PASS
凱基投顧_3665 貿聯-KY_李承泰_20260519.pdf,9,FIN-P9-T1,22,4,"1,955","1,955","1,955",1955.0,1955.0,PASS
凱基投顧_3665 貿聯-KY_李承泰_20260519.pdf,9,FIN-P9-T1,22,5,"1,955","1,955","1,955",1955.0,1955.0,PASS
凱基投顧_3665 貿聯-KY_李承泰_20260519.pdf,9,FIN-P9-T1,23,0,保留盈餘,保留盈餘,保留盈餘,,,PASS
凱基投顧_3665 貿聯-KY_李承泰_20260519.pdf,9,FIN-P9-T1,23,1,"9,723","9,723","9,723",9723.0,9723.0,PASS
凱基投顧_3665 貿聯-KY_李承泰_20260519.pdf,9,FIN-P9-T1,23,2,"16,864","16,864","16,864",16864.0,16864.0,PASS
凱基投顧_3665 貿聯-KY_李承泰_20260519.pdf,9,FIN-P9-T1,23,3,"23,916","23,916","23,916",23916.0,23916.0,PASS
凱基投顧_3665 貿聯-KY_李承泰_20260519.pdf,9,FIN-P9-T1,23,4,"40,495","40,495","40,495",40495.0,40495.0,PASS
凱基投顧_3665 貿聯-KY_李承泰_20260519.pdf,9,FIN-P9-T1,23,5,"62,101","62,101","62,101",62101.0,62101.0,PASS
凱基投顧_3665 貿聯-KY_李承泰_20260519.pdf,9,FIN-P9-T1,24,0,少數股東權益,少數股東權益,少數股東權益,,,PASS
凱基投顧_3665 貿聯-KY_李承泰_20260519.pdf,9,FIN-P9-T1,24,1,8,8,8,8.0,8.0,PASS
凱基投顧_3665 貿聯-KY_李承泰_20260519.pdf,9,FIN-P9-T1,24,2,8,8,8,8.0,8.0,PASS
凱基投顧_3665 貿聯-KY_李承泰_20260519.pdf,9,FIN-P9-T1,24,3,(3),(3),(3),-3.0,-3.0,PASS
凱基投顧_3665 貿聯-KY_李承泰_20260519.pdf,9,FIN-P9-T1,24,4,(3),(3),(3),-3.0,-3.0,PASS
凱基投顧_3665 貿聯-KY_李承泰_20260519.pdf,9,FIN-P9-T1,24,5,(3),(3),(3),-3.0,-3.0,PASS
凱基投顧_3665 貿聯-KY_李承泰_20260519.pdf,9,FIN-P9-T1,25,0,優先股股東資金,優先股股東資金,優先股股東資金,,,PASS
凱基投顧_3665 貿聯-KY_李承泰_20260519.pdf,9,FIN-P9-T1,25,1,-,-,-,,,PASS
凱基投顧_3665 貿聯-KY_李承泰_20260519.pdf,9,FIN-P9-T1,25,2,-,-,-,,,PASS
凱基投顧_3665 貿聯-KY_李承泰_20260519.pdf,9,FIN-P9-T1,25,3,-,-,-,,,PASS
凱基投顧_3665 貿聯-KY_李承泰_20260519.pdf,9,FIN-P9-T1,25,4,-,-,-,,,PASS
凱基投顧_3665 貿聯-KY_李承泰_20260519.pdf,9,FIN-P9-T1,25,5,-,-,-,,,PASS
凱基投顧_3665 貿聯-KY_李承泰_20260519.pdf,9,FIN-P9-T2,3,0,年成長率,年成長率,年成長率,,,PASS
凱基投顧_3665 貿聯-KY_李承泰_20260519.pdf,9,FIN-P9-T2,3,1,,,,,,PASS
凱基投顧_3665 貿聯-KY_李承泰_20260519.pdf,9,FIN-P9-T2,3,2,,,,,,PASS
凱基投顧_3665 貿聯-KY_李承泰_20260519.pdf,9,FIN-P9-T2,3,3,,,,,,PASS
凱基投顧_3665 貿聯-KY_李承泰_20260519.pdf,9,FIN-P9-T2,3,4,,,,,,PASS
凱基投顧_3665 貿聯-KY_李承泰_20260519.pdf,9,FIN-P9-T2,3,5,,,,,,PASS
凱基投顧_3665 貿聯-KY_李承泰_20260519.pdf,9,FIN-P9-T2,4,0,營業收入,營業收入,營業收入,,,PASS
凱基投顧_3665 貿聯-KY_李承泰_20260519.pdf,9,FIN-P9-T2,4,1,5.9%,5.9%,5.9%,5.9,5.9,PASS
凱基投顧_3665 貿聯-KY_李承泰_20260519.pdf,9,FIN-P9-T2,4,2,31.7%,31.7%,31.7%,31.7,31.7,PASS
凱基投顧_3665 貿聯-KY_李承泰_20260519.pdf,9,FIN-P9-T2,4,3,34.2%,34.2%,34.2%,34.2,34.2,PASS
凱基投顧_3665 貿聯-KY_李承泰_20260519.pdf,9,FIN-P9-T2,4,4,37.2%,37.2%,37.2%,37.2,37.2,PASS
凱基投顧_3665 貿聯-KY_李承泰_20260519.pdf,9,FIN-P9-T2,4,5,30.2%,30.2%,30.2%,30.2,30.2,PASS
凱基投顧_3665 貿聯-KY_李承泰_20260519.pdf,9,FIN-P9-T2,5,0,營業收益增長,營業收益增長,營業收益增長,,,PASS
凱基投顧_3665 貿聯-KY_李承泰_20260519.pdf,9,FIN-P9-T2,5,1,55.0%,55.0%,55.0%,55.0,55.0,PASS
凱基投顧_3665 貿聯-KY_李承泰_20260519.pdf,9,FIN-P9-T2,5,2,89.7%,89.7%,89.7%,89.7,89.7,PASS
凱基投顧_3665 貿聯-KY_李承泰_20260519.pdf,9,FIN-P9-T2,5,3,37.8%,37.8%,37.8%,37.8,37.8,PASS
凱基投顧_3665 貿聯-KY_李承泰_20260519.pdf,9,FIN-P9-T2,5,4,60.8%,60.8%,60.8%,60.8,60.8,PASS
凱基投顧_3665 貿聯-KY_李承泰_20260519.pdf,9,FIN-P9-T2,5,5,35.4%,35.4%,35.4%,35.4,35.4,PASS
凱基投顧_3665 貿聯-KY_李承泰_20260519.pdf,9,FIN-P9-T2,6,0,EBITDA,EBITDA,EBITDA,,,PASS
凱基投顧_3665 貿聯-KY_李承泰_20260519.pdf,9,FIN-P9-T2,6,1,39.5%,39.5%,39.5%,39.5,39.5,PASS
凱基投顧_3665 貿聯-KY_李承泰_20260519.pdf,9,FIN-P9-T2,6,2,71.0%,71.0%,71.0%,71.0,71.0,PASS
凱基投顧_3665 貿聯-KY_李承泰_20260519.pdf,9,FIN-P9-T2,6,3,34.2%,34.2%,34.2%,34.2,34.2,PASS
凱基投顧_3665 貿聯-KY_李承泰_20260519.pdf,9,FIN-P9-T2,6,4,52.6%,52.6%,52.6%,52.6,52.6,PASS
凱基投顧_3665 貿聯-KY_李承泰_20260519.pdf,9,FIN-P9-T2,6,5,32.3%,32.3%,32.3%,32.3,32.3,PASS
凱基投顧_3665 貿聯-KY_李承泰_20260519.pdf,9,FIN-P9-T2,7,0,稅後純益,稅後純益,稅後純益,,,PASS
凱基投顧_3665 貿聯-KY_李承泰_20260519.pdf,9,FIN-P9-T2,7,1,89.7%,89.7%,89.7%,89.7,89.7,PASS
凱基投顧_3665 貿聯-KY_李承泰_20260519.pdf,9,FIN-P9-T2,7,2,104.8%,104.8%,104.8%,104.8,104.8,PASS
凱基投顧_3665 貿聯-KY_李承泰_20260519.pdf,9,FIN-P9-T2,7,3,43.2%,43.2%,43.2%,43.2,43.2,PASS
凱基投顧_3665 貿聯-KY_李承泰_20260519.pdf,9,FIN-P9-T2,7,4,61.9%,61.9%,61.9%,61.9,61.9,PASS
凱基投顧_3665 貿聯-KY_李承泰_20260519.pdf,9,FIN-P9-T2,7,5,36.2%,36.2%,36.2%,36.2,36.2,PASS
凱基投顧_3665 貿聯-KY_李承泰_20260519.pdf,9,FIN-P9-T2,8,0,每股盈餘成長率,每股盈餘成長率,每股盈餘成長率,,,PASS
凱基投顧_3665 貿聯-KY_李承泰_20260519.pdf,9,FIN-P9-T2,8,1,76.9%,76.9%,76.9%,76.9,76.9,PASS
凱基投顧_3665 貿聯-KY_李承泰_20260519.pdf,9,FIN-P9-T2,8,2,83.3%,83.3%,83.3%,83.3,83.3,PASS
凱基投顧_3665 貿聯-KY_李承泰_20260519.pdf,9,FIN-P9-T2,8,3,41.9%,41.9%,41.9%,41.9,41.9,PASS
凱基投顧_3665 貿聯-KY_李承泰_20260519.pdf,9,FIN-P9-T2,8,4,61.9%,61.9%,61.9%,61.9,61.9,PASS
凱基投顧_3665 貿聯-KY_李承泰_20260519.pdf,9,FIN-P9-T2,8,5,36.2%,36.2%,36.2%,36.2,36.2,PASS
凱基投顧_3665 貿聯-KY_李承泰_20260519.pdf,9,FIN-P9-T2,9,0,獲利能力分析,獲利能力分析,獲利能力分析,,,PASS
凱基投顧_3665 貿聯-KY_李承泰_20260519.pdf,9,FIN-P9-T2,9,1,,,,,,PASS
凱基投顧_3665 貿聯-KY_李承泰_20260519.pdf,9,FIN-P9-T2,9,2,,,,,,PASS
凱基投顧_3665 貿聯-KY_李承泰_20260519.pdf,9,FIN-P9-T2,9,3,,,,,,PASS
凱基投顧_3665 貿聯-KY_李承泰_20260519.pdf,9,FIN-P9-T2,9,4,,,,,,PASS
凱基投顧_3665 貿聯-KY_李承泰_20260519.pdf,9,FIN-P9-T2,9,5,,,,,,PASS
凱基投顧_3665 貿聯-KY_李承泰_20260519.pdf,9,FIN-P9-T2,10,0,營業毛利率,營業毛利率,營業毛利率,,,PASS
凱基投顧_3665 貿聯-KY_李承泰_20260519.pdf,9,FIN-P9-T2,10,1,28.2%,28.2%,28.2%,28.2,28.2,PASS
凱基投顧_3665 貿聯-KY_李承泰_20260519.pdf,9,FIN-P9-T2,10,2,31.7%,31.7%,31.7%,31.7,31.7,PASS
凱基投顧_3665 貿聯-KY_李承泰_20260519.pdf,9,FIN-P9-T2,10,3,31.3%,31.3%,31.3%,31.3,31.3,PASS
凱基投顧_3665 貿聯-KY_李承泰_20260519.pdf,9,FIN-P9-T2,10,4,33.9%,33.9%,33.9%,33.9,33.9,PASS
凱基投顧_3665 貿聯-KY_李承泰_20260519.pdf,9,FIN-P9-T2,10,5,34.5%,34.5%,34.5%,34.5,34.5,PASS
凱基投顧_3665 貿聯-KY_李承泰_20260519.pdf,9,FIN-P9-T2,11,0,營業利益率,營業利益率,營業利益率,,,PASS
凱基投顧_3665 貿聯-KY_李承泰_20260519.pdf,9,FIN-P9-T2,11,1,12.1%,12.1%,12.1%,12.1,12.1,PASS
凱基投顧_3665 貿聯-KY_李承泰_20260519.pdf,9,FIN-P9-T2,11,2,17.5%,17.5%,17.5%,17.5,17.5,PASS
凱基投顧_3665 貿聯-KY_李承泰_20260519.pdf,9,FIN-P9-T2,11,3,18.0%,18.0%,18.0%,18.0,18.0,PASS
凱基投顧_3665 貿聯-KY_李承泰_20260519.pdf,9,FIN-P9-T2,11,4,21.0%,21.0%,21.0%,21.0,21.0,PASS
凱基投顧_3665 貿聯-KY_李承泰_20260519.pdf,9,FIN-P9-T2,11,5,21.9%,21.9%,21.9%,21.9,21.9,PASS
凱基投顧_3665 貿聯-KY_李承泰_20260519.pdf,9,FIN-P9-T2,12,0,EBITDAMargin,EBITDAMargin,EBITDAMargin,,,PASS
凱基投顧_3665 貿聯-KY_李承泰_20260519.pdf,9,FIN-P9-T2,12,1,16.2%,16.2%,16.2%,16.2,16.2,PASS
凱基投顧_3665 貿聯-KY_李承泰_20260519.pdf,9,FIN-P9-T2,12,2,21.1%,21.1%,21.1%,21.1,21.1,PASS
凱基投顧_3665 貿聯-KY_李承泰_20260519.pdf,9,FIN-P9-T2,12,3,21.1%,21.1%,21.1%,21.1,21.1,PASS
凱基投顧_3665 貿聯-KY_李承泰_20260519.pdf,9,FIN-P9-T2,12,4,23.4%,23.4%,23.4%,23.4,23.4,PASS
凱基投顧_3665 貿聯-KY_李承泰_20260519.pdf,9,FIN-P9-T2,12,5,23.8%,23.8%,23.8%,23.8,23.8,PASS
凱基投顧_3665 貿聯-KY_李承泰_20260519.pdf,9,FIN-P9-T2,13,0,稅後純益率,稅後純益率,稅後純益率,,,PASS
凱基投顧_3665 貿聯-KY_李承泰_20260519.pdf,9,FIN-P9-T2,13,1,8.1%,8.1%,8.1%,8.1,8.1,PASS
凱基投顧_3665 貿聯-KY_李承泰_20260519.pdf,9,FIN-P9-T2,13,2,12.6%,12.6%,12.6%,12.6,12.6,PASS
凱基投顧_3665 貿聯-KY_李承泰_20260519.pdf,9,FIN-P9-T2,13,3,13.5%,13.5%,13.5%,13.5,13.5,PASS
凱基投顧_3665 貿聯-KY_李承泰_20260519.pdf,9,FIN-P9-T2,13,4,15.9%,15.9%,15.9%,15.9,15.9,PASS
凱基投顧_3665 貿聯-KY_李承泰_20260519.pdf,9,FIN-P9-T2,13,5,16.6%,16.6%,16.6%,16.6,16.6,PASS
凱基投顧_3665 貿聯-KY_李承泰_20260519.pdf,9,FIN-P9-T2,14,0,平均資產報酬率,平均資產報酬率,平均資產報酬率,,,PASS
凱基投顧_3665 貿聯-KY_李承泰_20260519.pdf,9,FIN-P9-T2,14,1,7.6%,7.6%,7.6%,7.6,7.6,PASS
凱基投顧_3665 貿聯-KY_李承泰_20260519.pdf,9,FIN-P9-T2,14,2,12.6%,12.6%,12.6%,12.6,12.6,PASS
凱基投顧_3665 貿聯-KY_李承泰_20260519.pdf,9,FIN-P9-T2,14,3,14.6%,14.6%,14.6%,14.6,14.6,PASS
凱基投顧_3665 貿聯-KY_李承泰_20260519.pdf,9,FIN-P9-T2,14,4,20.0%,20.0%,20.0%,20.0,20.0,PASS
凱基投顧_3665 貿聯-KY_李承泰_20260519.pdf,9,FIN-P9-T2,14,5,22.5%,22.5%,22.5%,22.5,22.5,PASS
凱基投顧_3665 貿聯-KY_李承泰_20260519.pdf,9,FIN-P9-T2,15,0,股東權益報酬率,股東權益報酬率,股東權益報酬率,,,PASS
凱基投顧_3665 貿聯-KY_李承泰_20260519.pdf,9,FIN-P9-T2,15,1,14.5%,14.5%,14.5%,14.5,14.5,PASS
凱基投顧_3665 貿聯-KY_李承泰_20260519.pdf,9,FIN-P9-T2,15,2,21.7%,21.7%,21.7%,21.7,21.7,PASS
凱基投顧_3665 貿聯-KY_李承泰_20260519.pdf,9,FIN-P9-T2,15,3,25.5%,25.5%,25.5%,25.5,25.5,PASS
凱基投顧_3665 貿聯-KY_李承泰_20260519.pdf,9,FIN-P9-T2,15,4,33.3%,33.3%,33.3%,33.3,33.3,PASS
凱基投顧_3665 貿聯-KY_李承泰_20260519.pdf,9,FIN-P9-T2,15,5,34.8%,34.8%,34.8%,34.8,34.8,PASS
凱基投顧_3665 貿聯-KY_李承泰_20260519.pdf,9,FIN-P9-T2,16,0,穩定\償債能力分析,穩定\償債能力分析,穩定\償債能力分析,,,PASS
凱基投顧_3665 貿聯-KY_李承泰_20260519.pdf,9,FIN-P9-T2,16,1,,,,,,PASS
凱基投顧_3665 貿聯-KY_李承泰_20260519.pdf,9,FIN-P9-T2,16,2,,,,,,PASS
凱基投顧_3665 貿聯-KY_李承泰_20260519.pdf,9,FIN-P9-T2,16,3,,,,,,PASS
凱基投顧_3665 貿聯-KY_李承泰_20260519.pdf,9,FIN-P9-T2,16,4,,,,,,PASS
凱基投顧_3665 貿聯-KY_李承泰_20260519.pdf,9,FIN-P9-T2,16,5,,,,,,PASS
凱基投顧_3665 貿聯-KY_李承泰_20260519.pdf,9,FIN-P9-T2,17,0,毛負債比率(%),毛負債比率(%),毛負債比率(%),,,PASS
凱基投顧_3665 貿聯-KY_李承泰_20260519.pdf,9,FIN-P9-T2,17,1,26.8%,26.8%,26.8%,26.8,26.8,PASS
凱基投顧_3665 貿聯-KY_李承泰_20260519.pdf,9,FIN-P9-T2,17,2,35.4%,35.4%,35.4%,35.4,35.4,PASS
凱基投顧_3665 貿聯-KY_李承泰_20260519.pdf,9,FIN-P9-T2,17,3,30.0%,30.0%,30.0%,30.0,30.0,PASS
凱基投顧_3665 貿聯-KY_李承泰_20260519.pdf,9,FIN-P9-T2,17,4,23.0%,23.0%,23.0%,23.0,23.0,PASS
凱基投顧_3665 貿聯-KY_李承泰_20260519.pdf,9,FIN-P9-T2,17,5,17.6%,17.6%,17.6%,17.6,17.6,PASS
凱基投顧_3665 貿聯-KY_李承泰_20260519.pdf,9,FIN-P9-T2,18,0,淨負債比率,淨負債比率,淨負債比率,,,PASS
凱基投顧_3665 貿聯-KY_李承泰_20260519.pdf,9,FIN-P9-T2,18,1,Netcash,Netcash,Netcash,,,PASS
凱基投顧_3665 貿聯-KY_李承泰_20260519.pdf,9,FIN-P9-T2,18,2,4.5%,4.5%,4.5%,4.5,4.5,PASS
凱基投顧_3665 貿聯-KY_李承泰_20260519.pdf,9,FIN-P9-T2,18,3,Netcash,Netcash,Netcash,,,PASS
凱基投顧_3665 貿聯-KY_李承泰_20260519.pdf,9,FIN-P9-T2,18,4,Netcash,Netcash,Netcash,,,PASS
凱基投顧_3665 貿聯-KY_李承泰_20260519.pdf,9,FIN-P9-T2,18,5,Netcash,Netcash,Netcash,,,PASS
凱基投顧_3665 貿聯-KY_李承泰_20260519.pdf,9,FIN-P9-T2,19,0,利息保障倍數(x),利息保障倍數(x),利息保障倍數(x),,,PASS
凱基投顧_3665 貿聯-KY_李承泰_20260519.pdf,9,FIN-P9-T2,19,1,8.8,8.8,8.8,8.8,8.8,PASS
凱基投顧_3665 貿聯-KY_李承泰_20260519.pdf,9,FIN-P9-T2,19,2,19.9,19.9,19.9,19.9,19.9,PASS
凱基投顧_3665 貿聯-KY_李承泰_20260519.pdf,9,FIN-P9-T2,19,3,23.8,23.8,23.8,23.8,23.8,PASS
凱基投顧_3665 貿聯-KY_李承泰_20260519.pdf,9,FIN-P9-T2,19,4,38.6,38.6,38.6,38.6,38.6,PASS
凱基投顧_3665 貿聯-KY_李承泰_20260519.pdf,9,FIN-P9-T2,19,5,52.2,52.2,52.2,52.2,52.2,PASS
凱基投顧_3665 貿聯-KY_李承泰_20260519.pdf,9,FIN-P9-T2,20,0,利息及短期債保障倍數(x),利息及短期債保障倍數(x),利息及短期債保障倍數(x),,,PASS
凱基投顧_3665 貿聯-KY_李承泰_20260519.pdf,9,FIN-P9-T2,20,1,0.5,0.5,0.5,0.5,0.5,PASS
凱基投顧_3665 貿聯-KY_李承泰_20260519.pdf,9,FIN-P9-T2,20,2,0.7,0.7,0.7,0.7,0.7,PASS
凱基投顧_3665 貿聯-KY_李承泰_20260519.pdf,9,FIN-P9-T2,20,3,0.8,0.8,0.8,0.8,0.8,PASS
凱基投顧_3665 貿聯-KY_李承泰_20260519.pdf,9,FIN-P9-T2,20,4,0.8,0.8,0.8,0.8,0.8,PASS
凱基投顧_3665 貿聯-KY_李承泰_20260519.pdf,9,FIN-P9-T2,20,5,0.9,0.9,0.9,0.9,0.9,PASS
凱基投顧_3665 貿聯-KY_李承泰_20260519.pdf,9,FIN-P9-T2,21,0,CashFlowInt.Coverage(x),CashFlowInt.Coverage(x),CashFlowInt.Coverage(x),,,PASS
凱基投顧_3665 貿聯-KY_李承泰_20260519.pdf,9,FIN-P9-T2,21,1,8.5,8.5,8.5,8.5,8.5,PASS
凱基投顧_3665 貿聯-KY_李承泰_20260519.pdf,9,FIN-P9-T2,21,2,13.7,13.7,13.7,13.7,13.7,PASS
凱基投顧_3665 貿聯-KY_李承泰_20260519.pdf,9,FIN-P9-T2,21,3,14.0,14.0,14.0,14.0,14.0,PASS
凱基投顧_3665 貿聯-KY_李承泰_20260519.pdf,9,FIN-P9-T2,21,4,21.5,21.5,21.5,21.5,21.5,PASS
凱基投顧_3665 貿聯-KY_李承泰_20260519.pdf,9,FIN-P9-T2,21,5,29.9,29.9,29.9,29.9,29.9,PASS
凱基投顧_3665 貿聯-KY_李承泰_20260519.pdf,9,FIN-P9-T2,22,0,CashFlow/Int.&STDebt(x),CashFlow/Int.&STDebt(x),CashFlow/Int.&STDebt(x),,,PASS
凱基投顧_3665 貿聯-KY_李承泰_20260519.pdf,9,FIN-P9-T2,22,1,1.2,1.2,1.2,1.2,1.2,PASS
凱基投顧_3665 貿聯-KY_李承泰_20260519.pdf,9,FIN-P9-T2,22,2,1.6,1.6,1.6,1.6,1.6,PASS
凱基投顧_3665 貿聯-KY_李承泰_20260519.pdf,9,FIN-P9-T2,22,3,1.9,1.9,1.9,1.9,1.9,PASS
凱基投顧_3665 貿聯-KY_李承泰_20260519.pdf,9,FIN-P9-T2,22,4,2.9,2.9,2.9,2.9,2.9,PASS
凱基投顧_3665 貿聯-KY_李承泰_20260519.pdf,9,FIN-P9-T2,22,5,4.1,4.1,4.1,4.1,4.1,PASS
凱基投顧_3665 貿聯-KY_李承泰_20260519.pdf,9,FIN-P9-T2,23,0,流動比率(x),流動比率(x),流動比率(x),,,PASS
凱基投顧_3665 貿聯-KY_李承泰_20260519.pdf,9,FIN-P9-T2,23,1,2.0,2.0,2.0,2.0,2.0,PASS
凱基投顧_3665 貿聯-KY_李承泰_20260519.pdf,9,FIN-P9-T2,23,2,2.5,2.5,2.5,2.5,2.5,PASS
凱基投顧_3665 貿聯-KY_李承泰_20260519.pdf,9,FIN-P9-T2,23,3,2.4,2.4,2.4,2.4,2.4,PASS
凱基投顧_3665 貿聯-KY_李承泰_20260519.pdf,9,FIN-P9-T2,23,4,2.8,2.8,2.8,2.8,2.8,PASS
凱基投顧_3665 貿聯-KY_李承泰_20260519.pdf,9,FIN-P9-T2,23,5,3.3,3.3,3.3,3.3,3.3,PASS
凱基投顧_3665 貿聯-KY_李承泰_20260519.pdf,9,FIN-P9-T2,24,0,速動比率(x),速動比率(x),速動比率(x),,,PASS
凱基投顧_3665 貿聯-KY_李承泰_20260519.pdf,9,FIN-P9-T2,24,1,1.3,1.3,1.3,1.3,1.3,PASS
凱基投顧_3665 貿聯-KY_李承泰_20260519.pdf,9,FIN-P9-T2,24,2,1.8,1.8,1.8,1.8,1.8,PASS
凱基投顧_3665 貿聯-KY_李承泰_20260519.pdf,9,FIN-P9-T2,24,3,1.7,1.7,1.7,1.7,1.7,PASS
凱基投顧_3665 貿聯-KY_李承泰_20260519.pdf,9,FIN-P9-T2,24,4,2.0,2.0,2.0,2.0,2.0,PASS
凱基投顧_3665 貿聯-KY_李承泰_20260519.pdf,9,FIN-P9-T2,24,5,2.4,2.4,2.4,2.4,2.4,PASS
凱基投顧_3665 貿聯-KY_李承泰_20260519.pdf,9,FIN-P9-T2,25,0,淨負債(NT$百萬),淨負債(NT$百萬),淨負債(NT$百萬),,,PASS
凱基投顧_3665 貿聯-KY_李承泰_20260519.pdf,9,FIN-P9-T2,25,1,(458),(458),(458),-458.0,-458.0,PASS
凱基投顧_3665 貿聯-KY_李承泰_20260519.pdf,9,FIN-P9-T2,25,2,"2,097","2,097","2,097",2097.0,2097.0,PASS
凱基投顧_3665 貿聯-KY_李承泰_20260519.pdf,9,FIN-P9-T2,25,3,(801),(801),(801),-801.0,-801.0,PASS
凱基投顧_3665 貿聯-KY_李承泰_20260519.pdf,9,FIN-P9-T2,25,4,"(7,210)","(7,210)","(7,210)",-7210.0,-7210.0,PASS
凱基投顧_3665 貿聯-KY_李承泰_20260519.pdf,9,FIN-P9-T2,25,5,"(17,309)","(17,309)","(17,309)",-17309.0,-17309.0,PASS
凱基投顧_3665 貿聯-KY_李承泰_20260519.pdf,9,FIN-P9-T2,26,0,每股資料分析,每股資料分析,每股資料分析,,,PASS
凱基投顧_3665 貿聯-KY_李承泰_20260519.pdf,9,FIN-P9-T2,26,1,,,,,,PASS
凱基投顧_3665 貿聯-KY_李承泰_20260519.pdf,9,FIN-P9-T2,26,2,,,,,,PASS
凱基投顧_3665 貿聯-KY_李承泰_20260519.pdf,9,FIN-P9-T2,26,3,,,,,,PASS
凱基投顧_3665 貿聯-KY_李承泰_20260519.pdf,9,FIN-P9-T2,26,4,,,,,,PASS
凱基投顧_3665 貿聯-KY_李承泰_20260519.pdf,9,FIN-P9-T2,26,5,,,,,,PASS
凱基投顧_3665 貿聯-KY_李承泰_20260519.pdf,9,FIN-P9-T2,27,0,每股盈餘(NT$),每股盈餘(NT$),每股盈餘(NT$),,,PASS
凱基投顧_3665 貿聯-KY_李承泰_20260519.pdf,9,FIN-P9-T2,27,1,25.41,25.41,25.41,25.41,25.41,PASS
凱基投顧_3665 貿聯-KY_李承泰_20260519.pdf,9,FIN-P9-T2,27,2,46.57,46.57,46.57,46.57,46.57,PASS
凱基投顧_3665 貿聯-KY_李承泰_20260519.pdf,9,FIN-P9-T2,27,3,66.09,66.09,66.09,66.09,66.09,PASS
凱基投顧_3665 貿聯-KY_李承泰_20260519.pdf,9,FIN-P9-T2,27,4,106.99,106.99,106.99,106.99,106.99,PASS
凱基投顧_3665 貿聯-KY_李承泰_20260519.pdf,9,FIN-P9-T2,27,5,145.75,145.75,145.75,145.75,145.75,PASS
凱基投顧_3665 貿聯-KY_李承泰_20260519.pdf,9,FIN-P9-T2,28,0,每股現金盈餘(NT$),每股現金盈餘(NT$),每股現金盈餘(NT$),,,PASS
凱基投顧_3665 貿聯-KY_李承泰_20260519.pdf,9,FIN-P9-T2,28,1,39.93,39.93,39.93,39.93,39.93,PASS
凱基投顧_3665 貿聯-KY_李承泰_20260519.pdf,9,FIN-P9-T2,28,2,44.45,44.45,44.45,44.45,44.45,PASS
凱基投顧_3665 貿聯-KY_李承泰_20260519.pdf,9,FIN-P9-T2,28,3,53.91,53.91,53.91,53.91,53.91,PASS
凱基投顧_3665 貿聯-KY_李承泰_20260519.pdf,9,FIN-P9-T2,28,4,81.51,81.51,81.51,81.51,81.51,PASS
凱基投顧_3665 貿聯-KY_李承泰_20260519.pdf,9,FIN-P9-T2,28,5,113.43,113.43,113.43,113.43,113.43,PASS
凱基投顧_3665 貿聯-KY_李承泰_20260519.pdf,9,FIN-P9-T2,29,0,每股淨值(NT$),每股淨值(NT$),每股淨值(NT$),,,PASS
凱基投顧_3665 貿聯-KY_李承泰_20260519.pdf,9,FIN-P9-T2,29,1,191.02,191.02,191.02,191.02,191.02,PASS
凱基投顧_3665 貿聯-KY_李承泰_20260519.pdf,9,FIN-P9-T2,29,2,238.64,238.64,238.64,238.64,238.64,PASS
凱基投顧_3665 貿聯-KY_李承泰_20260519.pdf,9,FIN-P9-T2,29,3,278.51,278.51,278.51,278.51,278.51,PASS
凱基投顧_3665 貿聯-KY_李承泰_20260519.pdf,9,FIN-P9-T2,29,4,363.50,363.50,363.50,363.5,363.5,PASS
凱基投顧_3665 貿聯-KY_李承泰_20260519.pdf,9,FIN-P9-T2,29,5,474.25,474.25,474.25,474.25,474.25,PASS
凱基投顧_3665 貿聯-KY_李承泰_20260519.pdf,9,FIN-P9-T2,30,0,調整後每股淨值(NT$),調整後每股淨值(NT$),調整後每股淨值(NT$),,,PASS
凱基投顧_3665 貿聯-KY_李承泰_20260519.pdf,9,FIN-P9-T2,30,1,209.27,209.27,209.27,209.27,209.27,PASS
凱基投顧_3665 貿聯-KY_李承泰_20260519.pdf,9,FIN-P9-T2,30,2,241.17,241.17,241.17,241.17,241.17,PASS
凱基投顧_3665 貿聯-KY_李承泰_20260519.pdf,9,FIN-P9-T2,30,3,278.53,278.53,278.53,278.53,278.53,PASS
凱基投顧_3665 貿聯-KY_李承泰_20260519.pdf,9,FIN-P9-T2,30,4,363.50,363.50,363.50,363.5,363.5,PASS
凱基投顧_3665 貿聯-KY_李承泰_20260519.pdf,9,FIN-P9-T2,30,5,474.25,474.25,474.25,474.25,474.25,PASS
凱基投顧_3665 貿聯-KY_李承泰_20260519.pdf,9,FIN-P9-T2,31,0,每股營收(NT$),每股營收(NT$),每股營收(NT$),,,PASS
凱基投顧_3665 貿聯-KY_李承泰_20260519.pdf,9,FIN-P9-T2,31,1,312.56,312.56,312.56,312.56,312.56,PASS
凱基投顧_3665 貿聯-KY_李承泰_20260519.pdf,9,FIN-P9-T2,31,2,368.46,368.46,368.46,368.46,368.46,PASS
凱基投顧_3665 貿聯-KY_李承泰_20260519.pdf,9,FIN-P9-T2,31,3,490.32,490.32,490.32,490.32,490.32,PASS
凱基投顧_3665 貿聯-KY_李承泰_20260519.pdf,9,FIN-P9-T2,31,4,672.64,672.64,672.64,672.64,672.64,PASS
凱基投顧_3665 貿聯-KY_李承泰_20260519.pdf,9,FIN-P9-T2,31,5,875.79,875.79,875.79,875.79,875.79,PASS
凱基投顧_3665 貿聯-KY_李承泰_20260519.pdf,9,FIN-P9-T2,32,0,EBITDA/Share(NT$),EBITDA/Share(NT$),EBITDA/Share(NT$),,,PASS
凱基投顧_3665 貿聯-KY_李承泰_20260519.pdf,9,FIN-P9-T2,32,1,50.73,50.73,50.73,50.73,50.73,PASS
凱基投顧_3665 貿聯-KY_李承泰_20260519.pdf,9,FIN-P9-T2,32,2,77.63,77.63,77.63,77.63,77.63,PASS
凱基投顧_3665 貿聯-KY_李承泰_20260519.pdf,9,FIN-P9-T2,32,3,103.30,103.30,103.30,103.3,103.3,PASS
凱基投顧_3665 貿聯-KY_李承泰_20260519.pdf,9,FIN-P9-T2,32,4,157.60,157.60,157.60,157.6,157.6,PASS
凱基投顧_3665 貿聯-KY_李承泰_20260519.pdf,9,FIN-P9-T2,32,5,208.46,208.46,208.46,208.46,208.46,PASS
凱基投顧_3665 貿聯-KY_李承泰_20260519.pdf,9,FIN-P9-T2,33,0,每股現金股利(NT$),每股現金股利(NT$),每股現金股利(NT$),,,PASS
凱基投顧_3665 貿聯-KY_李承泰_20260519.pdf,9,FIN-P9-T2,33,1,12.00,12.00,12.00,12.0,12.0,PASS
凱基投顧_3665 貿聯-KY_李承泰_20260519.pdf,9,FIN-P9-T2,33,2,15.00,15.00,15.00,15.0,15.0,PASS
凱基投顧_3665 貿聯-KY_李承泰_20260519.pdf,9,FIN-P9-T2,33,3,22.00,22.00,22.00,22.0,22.0,PASS
凱基投顧_3665 貿聯-KY_李承泰_20260519.pdf,9,FIN-P9-T2,33,4,35.00,35.00,35.00,35.0,35.0,PASS
凱基投顧_3665 貿聯-KY_李承泰_20260519.pdf,9,FIN-P9-T2,33,5,48.00,48.00,48.00,48.0,48.0,PASS
凱基投顧_3665 貿聯-KY_李承泰_20260519.pdf,9,FIN-P9-T2,34,0,資產運用狀況,資產運用狀況,資產運用狀況,,,PASS
凱基投顧_3665 貿聯-KY_李承泰_20260519.pdf,9,FIN-P9-T2,34,1,,,,,,PASS
凱基投顧_3665 貿聯-KY_李承泰_20260519.pdf,9,FIN-P9-T2,34,2,,,,,,PASS
凱基投顧_3665 貿聯-KY_李承泰_20260519.pdf,9,FIN-P9-T2,34,3,,,,,,PASS
凱基投顧_3665 貿聯-KY_李承泰_20260519.pdf,9,FIN-P9-T2,34,4,,,,,,PASS
凱基投顧_3665 貿聯-KY_李承泰_20260519.pdf,9,FIN-P9-T2,34,5,,,,,,PASS
凱基投顧_3665 貿聯-KY_李承泰_20260519.pdf,9,FIN-P9-T2,35,0,資產周轉率(x),資產周轉率(x),資產周轉率(x),,,PASS
凱基投顧_3665 貿聯-KY_李承泰_20260519.pdf,9,FIN-P9-T2,35,1,0.94,0.94,0.94,0.94,0.94,PASS
凱基投顧_3665 貿聯-KY_李承泰_20260519.pdf,9,FIN-P9-T2,35,2,0.99,0.99,0.99,0.99,0.99,PASS
凱基投顧_3665 貿聯-KY_李承泰_20260519.pdf,9,FIN-P9-T2,35,3,1.08,1.08,1.08,1.08,1.08,PASS
凱基投顧_3665 貿聯-KY_李承泰_20260519.pdf,9,FIN-P9-T2,35,4,1.26,1.26,1.26,1.26,1.26,PASS
凱基投顧_3665 貿聯-KY_李承泰_20260519.pdf,9,FIN-P9-T2,35,5,1.35,1.35,1.35,1.35,1.35,PASS
凱基投顧_3665 貿聯-KY_李承泰_20260519.pdf,9,FIN-P9-T2,36,0,應收帳款周轉天數,應收帳款周轉天數,應收帳款周轉天數,,,PASS
凱基投顧_3665 貿聯-KY_李承泰_20260519.pdf,9,FIN-P9-T2,36,1,70.9,70.9,70.9,70.9,70.9,PASS
凱基投顧_3665 貿聯-KY_李承泰_20260519.pdf,9,FIN-P9-T2,36,2,73.3,73.3,73.3,73.3,73.3,PASS
凱基投顧_3665 貿聯-KY_李承泰_20260519.pdf,9,FIN-P9-T2,36,3,71.2,71.2,71.2,71.2,71.2,PASS
凱基投顧_3665 貿聯-KY_李承泰_20260519.pdf,9,FIN-P9-T2,36,4,69.3,69.3,69.3,69.3,69.3,PASS
凱基投顧_3665 貿聯-KY_李承泰_20260519.pdf,9,FIN-P9-T2,36,5,70.7,70.7,70.7,70.7,70.7,PASS
凱基投顧_3665 貿聯-KY_李承泰_20260519.pdf,9,FIN-P9-T2,37,0,存貨周轉天數,存貨周轉天數,存貨周轉天數,,,PASS
凱基投顧_3665 貿聯-KY_李承泰_20260519.pdf,9,FIN-P9-T2,37,1,105.9,105.9,105.9,105.9,105.9,PASS
凱基投顧_3665 貿聯-KY_李承泰_20260519.pdf,9,FIN-P9-T2,37,2,103.7,103.7,103.7,103.7,103.7,PASS
凱基投顧_3665 貿聯-KY_李承泰_20260519.pdf,9,FIN-P9-T2,37,3,95.7,95.7,95.7,95.7,95.7,PASS
凱基投顧_3665 貿聯-KY_李承泰_20260519.pdf,9,FIN-P9-T2,37,4,90.5,90.5,90.5,90.5,90.5,PASS
凱基投顧_3665 貿聯-KY_李承泰_20260519.pdf,9,FIN-P9-T2,37,5,86.1,86.1,86.1,86.1,86.1,PASS
凱基投顧_3665 貿聯-KY_李承泰_20260519.pdf,9,FIN-P9-T2,38,0,應付帳款周轉天數,應付帳款周轉天數,應付帳款周轉天數,,,PASS
凱基投顧_3665 貿聯-KY_李承泰_20260519.pdf,9,FIN-P9-T2,38,1,58.8,58.8,58.8,58.8,58.8,PASS
凱基投顧_3665 貿聯-KY_李承泰_20260519.pdf,9,FIN-P9-T2,38,2,70.8,70.8,70.8,70.8,70.8,PASS
凱基投顧_3665 貿聯-KY_李承泰_20260519.pdf,9,FIN-P9-T2,38,3,62.5,62.5,62.5,62.5,62.5,PASS
凱基投顧_3665 貿聯-KY_李承泰_20260519.pdf,9,FIN-P9-T2,38,4,57.6,57.6,57.6,57.6,57.6,PASS
凱基投顧_3665 貿聯-KY_李承泰_20260519.pdf,9,FIN-P9-T2,38,5,55.6,55.6,55.6,55.6,55.6,PASS
凱基投顧_3665 貿聯-KY_李承泰_20260519.pdf,9,FIN-P9-T2,39,0,現金轉換周轉天數,現金轉換周轉天數,現金轉換周轉天數,,,PASS
凱基投顧_3665 貿聯-KY_李承泰_20260519.pdf,9,FIN-P9-T2,39,1,117.9,117.9,117.9,117.9,117.9,PASS
凱基投顧_3665 貿聯-KY_李承泰_20260519.pdf,9,FIN-P9-T2,39,2,106.2,106.2,106.2,106.2,106.2,PASS
凱基投顧_3665 貿聯-KY_李承泰_20260519.pdf,9,FIN-P9-T2,39,3,104.3,104.3,104.3,104.3,104.3,PASS
凱基投顧_3665 貿聯-KY_李承泰_20260519.pdf,9,FIN-P9-T2,39,4,102.2,102.2,102.2,102.2,102.2,PASS
凱基投顧_3665 貿聯-KY_李承泰_20260519.pdf,9,FIN-P9-T2,39,5,101.2,101.2,101.2,101.2,101.2,PASS
凱基投顧_3665 貿聯-KY_李承泰_20260519.pdf,9,FIN-P9-T3,3,0,營業收入,營業收入,營業收入,,,PASS
凱基投顧_3665 貿聯-KY_李承泰_20260519.pdf,9,FIN-P9-T3,3,1,"54,080","54,080","54,080",54080.0,54080.0,PASS
凱基投顧_3665 貿聯-KY_李承泰_20260519.pdf,9,FIN-P9-T3,3,2,"71,247","71,247","71,247",71247.0,71247.0,PASS
凱基投顧_3665 貿聯-KY_李承泰_20260519.pdf,9,FIN-P9-T3,3,3,"95,644","95,644","95,644",95644.0,95644.0,PASS
凱基投顧_3665 貿聯-KY_李承泰_20260519.pdf,9,FIN-P9-T3,3,4,"131,217","131,217","131,217",131217.0,131217.0,PASS
凱基投顧_3665 貿聯-KY_李承泰_20260519.pdf,9,FIN-P9-T3,3,5,"170,848","170,848","170,848",170848.0,170848.0,PASS
凱基投顧_3665 貿聯-KY_李承泰_20260519.pdf,9,FIN-P9-T3,4,0,營業成本,營業成本,營業成本,,,PASS
凱基投顧_3665 貿聯-KY_李承泰_20260519.pdf,9,FIN-P9-T3,4,1,"(38,828)","(38,828)","(38,828)",-38828.0,-38828.0,PASS
凱基投顧_3665 貿聯-KY_李承泰_20260519.pdf,9,FIN-P9-T3,4,2,"(48,643)","(48,643)","(48,643)",-48643.0,-48643.0,PASS
凱基投顧_3665 貿聯-KY_李承泰_20260519.pdf,9,FIN-P9-T3,4,3,"(65,694)","(65,694)","(65,694)",-65694.0,-65694.0,PASS
凱基投顧_3665 貿聯-KY_李承泰_20260519.pdf,9,FIN-P9-T3,4,4,"(86,776)","(86,776)","(86,776)",-86776.0,-86776.0,PASS
凱基投顧_3665 貿聯-KY_李承泰_20260519.pdf,9,FIN-P9-T3,4,5,"(111,867)","(111,867)","(111,867)",-111867.0,-111867.0,PASS
凱基投顧_3665 貿聯-KY_李承泰_20260519.pdf,9,FIN-P9-T3,5,0,營業毛利,營業毛利,營業毛利,,,PASS
凱基投顧_3665 貿聯-KY_李承泰_20260519.pdf,9,FIN-P9-T3,5,1,"15,253","15,253","15,253",15253.0,15253.0,PASS
凱基投顧_3665 貿聯-KY_李承泰_20260519.pdf,9,FIN-P9-T3,5,2,"22,605","22,605","22,605",22605.0,22605.0,PASS
凱基投顧_3665 貿聯-KY_李承泰_20260519.pdf,9,FIN-P9-T3,5,3,"29,950","29,950","29,950",29950.0,29950.0,PASS
凱基投顧_3665 貿聯-KY_李承泰_20260519.pdf,9,FIN-P9-T3,5,4,"44,441","44,441","44,441",44441.0,44441.0,PASS
凱基投顧_3665 貿聯-KY_李承泰_20260519.pdf,9,FIN-P9-T3,5,5,"58,981","58,981","58,981",58981.0,58981.0,PASS
凱基投顧_3665 貿聯-KY_李承泰_20260519.pdf,9,FIN-P9-T3,6,0,營業費用,營業費用,營業費用,,,PASS
凱基投顧_3665 貿聯-KY_李承泰_20260519.pdf,9,FIN-P9-T3,6,1,"(8,687)","(8,687)","(8,687)",-8687.0,-8687.0,PASS
凱基投顧_3665 貿聯-KY_李承泰_20260519.pdf,9,FIN-P9-T3,6,2,"(10,147)","(10,147)","(10,147)",-10147.0,-10147.0,PASS
凱基投顧_3665 貿聯-KY_李承泰_20260519.pdf,9,FIN-P9-T3,6,3,"(12,779)","(12,779)","(12,779)",-12779.0,-12779.0,PASS
凱基投顧_3665 貿聯-KY_李承泰_20260519.pdf,9,FIN-P9-T3,6,4,"(16,835)","(16,835)","(16,835)",-16835.0,-16835.0,PASS
凱基投顧_3665 貿聯-KY_李承泰_20260519.pdf,9,FIN-P9-T3,6,5,"(21,615)","(21,615)","(21,615)",-21615.0,-21615.0,PASS
凱基投顧_3665 貿聯-KY_李承泰_20260519.pdf,9,FIN-P9-T3,7,0,營業利益,營業利益,營業利益,,,PASS
凱基投顧_3665 貿聯-KY_李承泰_20260519.pdf,9,FIN-P9-T3,7,1,"6,566","6,566","6,566",6566.0,6566.0,PASS
凱基投顧_3665 貿聯-KY_李承泰_20260519.pdf,9,FIN-P9-T3,7,2,"12,458","12,458","12,458",12458.0,12458.0,PASS
凱基投顧_3665 貿聯-KY_李承泰_20260519.pdf,9,FIN-P9-T3,7,3,"17,170","17,170","17,170",17170.0,17170.0,PASS
凱基投顧_3665 貿聯-KY_李承泰_20260519.pdf,9,FIN-P9-T3,7,4,"27,606","27,606","27,606",27606.0,27606.0,PASS
凱基投顧_3665 貿聯-KY_李承泰_20260519.pdf,9,FIN-P9-T3,7,5,"37,366","37,366","37,366",37366.0,37366.0,PASS
凱基投顧_3665 貿聯-KY_李承泰_20260519.pdf,9,FIN-P9-T3,8,0,總營業外收入,總營業外收入,總營業外收入,,,PASS
凱基投顧_3665 貿聯-KY_李承泰_20260519.pdf,9,FIN-P9-T3,8,1,568,568,568,568.0,568.0,PASS
凱基投顧_3665 貿聯-KY_李承泰_20260519.pdf,9,FIN-P9-T3,8,2,494,494,494,494.0,494.0,PASS
凱基投顧_3665 貿聯-KY_李承泰_20260519.pdf,9,FIN-P9-T3,8,3,829,829,829,829.0,829.0,PASS
凱基投顧_3665 貿聯-KY_李承泰_20260519.pdf,9,FIN-P9-T3,8,4,"1,002","1,002","1,002",1002.0,1002.0,PASS
凱基投顧_3665 貿聯-KY_李承泰_20260519.pdf,9,FIN-P9-T3,8,5,"1,325","1,325","1,325",1325.0,1325.0,PASS
凱基投顧_3665 貿聯-KY_李承泰_20260519.pdf,9,FIN-P9-T3,9,0,利息收入,利息收入,利息收入,,,PASS
凱基投顧_3665 貿聯-KY_李承泰_20260519.pdf,9,FIN-P9-T3,9,1,426,426,426,426.0,426.0,PASS
凱基投顧_3665 貿聯-KY_李承泰_20260519.pdf,9,FIN-P9-T3,9,2,349,349,349,349.0,349.0,PASS
凱基投顧_3665 貿聯-KY_李承泰_20260519.pdf,9,FIN-P9-T3,9,3,645,645,645,645.0,645.0,PASS
凱基投顧_3665 貿聯-KY_李承泰_20260519.pdf,9,FIN-P9-T3,9,4,857,857,857,857.0,857.0,PASS
凱基投顧_3665 貿聯-KY_李承泰_20260519.pdf,9,FIN-P9-T3,9,5,"1,160","1,160","1,160",1160.0,1160.0,PASS
凱基投顧_3665 貿聯-KY_李承泰_20260519.pdf,9,FIN-P9-T3,10,0,投資利益淨額,投資利益淨額,投資利益淨額,,,PASS
凱基投顧_3665 貿聯-KY_李承泰_20260519.pdf,9,FIN-P9-T3,10,1,9,9,9,9.0,9.0,PASS
凱基投顧_3665 貿聯-KY_李承泰_20260519.pdf,9,FIN-P9-T3,10,2,14,14,14,14.0,14.0,PASS
凱基投顧_3665 貿聯-KY_李承泰_20260519.pdf,9,FIN-P9-T3,10,3,5,5,5,5.0,5.0,PASS
凱基投顧_3665 貿聯-KY_李承泰_20260519.pdf,9,FIN-P9-T3,10,4,5,5,5,5.0,5.0,PASS
凱基投顧_3665 貿聯-KY_李承泰_20260519.pdf,9,FIN-P9-T3,10,5,5,5,5,5.0,5.0,PASS
凱基投顧_3665 貿聯-KY_李承泰_20260519.pdf,9,FIN-P9-T3,11,0,其他營業外收入,其他營業外收入,其他營業外收入,,,PASS
凱基投顧_3665 貿聯-KY_李承泰_20260519.pdf,9,FIN-P9-T3,11,1,133,133,133,133.0,133.0,PASS
凱基投顧_3665 貿聯-KY_李承泰_20260519.pdf,9,FIN-P9-T3,11,2,132,132,132,132.0,132.0,PASS
凱基投顧_3665 貿聯-KY_李承泰_20260519.pdf,9,FIN-P9-T3,11,3,179,179,179,179.0,179.0,PASS
凱基投顧_3665 貿聯-KY_李承泰_20260519.pdf,9,FIN-P9-T3,11,4,140,140,140,140.0,140.0,PASS
凱基投顧_3665 貿聯-KY_李承泰_20260519.pdf,9,FIN-P9-T3,11,5,160,160,160,160.0,160.0,PASS
凱基投顧_3665 貿聯-KY_李承泰_20260519.pdf,9,FIN-P9-T3,12,0,總營業外費用,總營業外費用,總營業外費用,,,PASS
凱基投顧_3665 貿聯-KY_李承泰_20260519.pdf,9,FIN-P9-T3,12,1,(816),(816),(816),-816.0,-816.0,PASS
凱基投顧_3665 貿聯-KY_李承泰_20260519.pdf,9,FIN-P9-T3,12,2,"(1,086)","(1,086)","(1,086)",-1086.0,-1086.0,PASS
凱基投顧_3665 貿聯-KY_李承泰_20260519.pdf,9,FIN-P9-T3,12,3,(893),(893),(893),-893.0,-893.0,PASS
凱基投顧_3665 貿聯-KY_李承泰_20260519.pdf,9,FIN-P9-T3,12,4,(780),(780),(780),-780.0,-780.0,PASS
凱基投顧_3665 貿聯-KY_李承泰_20260519.pdf,9,FIN-P9-T3,12,5,(780),(780),(780),-780.0,-780.0,PASS
凱基投顧_3665 貿聯-KY_李承泰_20260519.pdf,9,FIN-P9-T3,13,0,利息費用,利息費用,利息費用,,,PASS
凱基投顧_3665 貿聯-KY_李承泰_20260519.pdf,9,FIN-P9-T3,13,1,(815),(815),(815),-815.0,-815.0,PASS
凱基投顧_3665 貿聯-KY_李承泰_20260519.pdf,9,FIN-P9-T3,13,2,(629),(629),(629),-629.0,-629.0,PASS
凱基投顧_3665 貿聯-KY_李承泰_20260519.pdf,9,FIN-P9-T3,13,3,(749),(749),(749),-749.0,-749.0,PASS
凱基投顧_3665 貿聯-KY_李承泰_20260519.pdf,9,FIN-P9-T3,13,4,(740),(740),(740),-740.0,-740.0,PASS
凱基投顧_3665 貿聯-KY_李承泰_20260519.pdf,9,FIN-P9-T3,13,5,(740),(740),(740),-740.0,-740.0,PASS
凱基投顧_3665 貿聯-KY_李承泰_20260519.pdf,9,FIN-P9-T3,14,0,投資損失,投資損失,投資損失,,,PASS
凱基投顧_3665 貿聯-KY_李承泰_20260519.pdf,9,FIN-P9-T3,14,1,(0),(0),(0),-0.0,-0.0,PASS
凱基投顧_3665 貿聯-KY_李承泰_20260519.pdf,9,FIN-P9-T3,14,2,-,-,-,,,PASS
凱基投顧_3665 貿聯-KY_李承泰_20260519.pdf,9,FIN-P9-T3,14,3,(11),(11),(11),-11.0,-11.0,PASS
凱基投顧_3665 貿聯-KY_李承泰_20260519.pdf,9,FIN-P9-T3,14,4,-,-,-,,,PASS
凱基投顧_3665 貿聯-KY_李承泰_20260519.pdf,9,FIN-P9-T3,14,5,-,-,-,,,PASS
凱基投顧_3665 貿聯-KY_李承泰_20260519.pdf,9,FIN-P9-T3,15,0,其他營業外費用,其他營業外費用,其他營業外費用,,,PASS
凱基投顧_3665 貿聯-KY_李承泰_20260519.pdf,9,FIN-P9-T3,15,1,(1),(1),(1),-1.0,-1.0,PASS
凱基投顧_3665 貿聯-KY_李承泰_20260519.pdf,9,FIN-P9-T3,15,2,(457),(457),(457),-457.0,-457.0,PASS
凱基投顧_3665 貿聯-KY_李承泰_20260519.pdf,9,FIN-P9-T3,15,3,(133),(133),(133),-133.0,-133.0,PASS
凱基投顧_3665 貿聯-KY_李承泰_20260519.pdf,9,FIN-P9-T3,15,4,(40),(40),(40),-40.0,-40.0,PASS
凱基投顧_3665 貿聯-KY_李承泰_20260519.pdf,9,FIN-P9-T3,15,5,(40),(40),(40),-40.0,-40.0,PASS
凱基投顧_3665 貿聯-KY_李承泰_20260519.pdf,9,FIN-P9-T3,16,0,稅前純益,稅前純益,稅前純益,,,PASS
凱基投顧_3665 貿聯-KY_李承泰_20260519.pdf,9,FIN-P9-T3,16,1,"6,318","6,318","6,318",6318.0,6318.0,PASS
凱基投顧_3665 貿聯-KY_李承泰_20260519.pdf,9,FIN-P9-T3,16,2,"11,866","11,866","11,866",11866.0,11866.0,PASS
凱基投顧_3665 貿聯-KY_李承泰_20260519.pdf,9,FIN-P9-T3,16,3,"17,107","17,107","17,107",17107.0,17107.0,PASS
凱基投顧_3665 貿聯-KY_李承泰_20260519.pdf,9,FIN-P9-T3,16,4,"27,828","27,828","27,828",27828.0,27828.0,PASS
凱基投顧_3665 貿聯-KY_李承泰_20260519.pdf,9,FIN-P9-T3,16,5,"37,911","37,911","37,911",37911.0,37911.0,PASS
凱基投顧_3665 貿聯-KY_李承泰_20260519.pdf,9,FIN-P9-T3,17,0,所得稅費用[利益],所得稅費用[利益],所得稅費用[利益],,,PASS
凱基投顧_3665 貿聯-KY_李承泰_20260519.pdf,9,FIN-P9-T3,17,1,"(1,928)","(1,928)","(1,928)",-1928.0,-1928.0,PASS
凱基投顧_3665 貿聯-KY_李承泰_20260519.pdf,9,FIN-P9-T3,17,2,"(2,861)","(2,861)","(2,861)",-2861.0,-2861.0,PASS
凱基投顧_3665 貿聯-KY_李承泰_20260519.pdf,9,FIN-P9-T3,17,3,"(4,215)","(4,215)","(4,215)",-4215.0,-4215.0,PASS
凱基投顧_3665 貿聯-KY_李承泰_20260519.pdf,9,FIN-P9-T3,17,4,"(6,957)","(6,957)","(6,957)",-6957.0,-6957.0,PASS
凱基投顧_3665 貿聯-KY_李承泰_20260519.pdf,9,FIN-P9-T3,17,5,"(9,478)","(9,478)","(9,478)",-9478.0,-9478.0,PASS
凱基投顧_3665 貿聯-KY_李承泰_20260519.pdf,9,FIN-P9-T3,18,0,少數股東損益,少數股東損益,少數股東損益,,,PASS
凱基投顧_3665 貿聯-KY_李承泰_20260519.pdf,9,FIN-P9-T3,18,1,6,6,6,6.0,6.0,PASS
凱基投顧_3665 貿聯-KY_李承泰_20260519.pdf,9,FIN-P9-T3,18,2,0,0,0,0.0,0.0,PASS
凱基投顧_3665 貿聯-KY_李承泰_20260519.pdf,9,FIN-P9-T3,18,3,0,0,0,0.0,0.0,PASS
凱基投顧_3665 貿聯-KY_李承泰_20260519.pdf,9,FIN-P9-T3,18,4,-,-,-,,,PASS
凱基投顧_3665 貿聯-KY_李承泰_20260519.pdf,9,FIN-P9-T3,18,5,-,-,-,,,PASS
凱基投顧_3665 貿聯-KY_李承泰_20260519.pdf,9,FIN-P9-T3,19,0,非常項目,非常項目,非常項目,,,PASS
凱基投顧_3665 貿聯-KY_李承泰_20260519.pdf,9,FIN-P9-T3,19,1,-,-,-,,,PASS
凱基投顧_3665 貿聯-KY_李承泰_20260519.pdf,9,FIN-P9-T3,19,2,0,0,0,0.0,0.0,PASS
凱基投顧_3665 貿聯-KY_李承泰_20260519.pdf,9,FIN-P9-T3,19,3,-,-,-,,,PASS
凱基投顧_3665 貿聯-KY_李承泰_20260519.pdf,9,FIN-P9-T3,19,4,-,-,-,,,PASS
凱基投顧_3665 貿聯-KY_李承泰_20260519.pdf,9,FIN-P9-T3,19,5,-,-,-,,,PASS
凱基投顧_3665 貿聯-KY_李承泰_20260519.pdf,9,FIN-P9-T3,20,0,稅後淨利,稅後淨利,稅後淨利,,,PASS
凱基投顧_3665 貿聯-KY_李承泰_20260519.pdf,9,FIN-P9-T3,20,1,"4,396","4,396","4,396",4396.0,4396.0,PASS
凱基投顧_3665 貿聯-KY_李承泰_20260519.pdf,9,FIN-P9-T3,20,2,"9,005","9,005","9,005",9005.0,9005.0,PASS
凱基投顧_3665 貿聯-KY_李承泰_20260519.pdf,9,FIN-P9-T3,20,3,"12,892","12,892","12,892",12892.0,12892.0,PASS
凱基投顧_3665 貿聯-KY_李承泰_20260519.pdf,9,FIN-P9-T3,20,4,"20,871","20,871","20,871",20871.0,20871.0,PASS
凱基投顧_3665 貿聯-KY_李承泰_20260519.pdf,9,FIN-P9-T3,20,5,"28,433","28,433","28,433",28433.0,28433.0,PASS
凱基投顧_3665 貿聯-KY_李承泰_20260519.pdf,9,FIN-P9-T3,21,0,EBITDA,EBITDA,EBITDA,,,PASS
凱基投顧_3665 貿聯-KY_李承泰_20260519.pdf,9,FIN-P9-T3,21,1,"8,777","8,777","8,777",8777.0,8777.0,PASS
凱基投顧_3665 貿聯-KY_李承泰_20260519.pdf,9,FIN-P9-T3,21,2,"15,012","15,012","15,012",15012.0,15012.0,PASS
凱基投顧_3665 貿聯-KY_李承泰_20260519.pdf,9,FIN-P9-T3,21,3,"20,150","20,150","20,150",20150.0,20150.0,PASS
凱基投顧_3665 貿聯-KY_李承泰_20260519.pdf,9,FIN-P9-T3,21,4,"30,745","30,745","30,745",30745.0,30745.0,PASS
凱基投顧_3665 貿聯-KY_李承泰_20260519.pdf,9,FIN-P9-T3,21,5,"40,665","40,665","40,665",40665.0,40665.0,PASS
凱基投顧_3665 貿聯-KY_李承泰_20260519.pdf,9,FIN-P9-T3,22,0,每股盈餘(NT$),每股盈餘(NT$),每股盈餘(NT$),,,PASS
凱基投顧_3665 貿聯-KY_李承泰_20260519.pdf,9,FIN-P9-T3,22,1,25.41,25.41,25.41,25.41,25.41,PASS
凱基投顧_3665 貿聯-KY_李承泰_20260519.pdf,9,FIN-P9-T3,22,2,46.57,46.57,46.57,46.57,46.57,PASS
凱基投顧_3665 貿聯-KY_李承泰_20260519.pdf,9,FIN-P9-T3,22,3,66.09,66.09,66.09,66.09,66.09,PASS
凱基投顧_3665 貿聯-KY_李承泰_20260519.pdf,9,FIN-P9-T3,22,4,106.99,106.99,106.99,106.99,106.99,PASS
凱基投顧_3665 貿聯-KY_李承泰_20260519.pdf,9,FIN-P9-T3,22,5,145.75,145.75,145.75,145.75,145.75,PASS
凱基投顧_3665 貿聯-KY_李承泰_20260519.pdf,9,FIN-P9-T4,3,0,營運活動之現金流量,營運活動之現金流量,營運活動之現金流量,,,PASS
凱基投顧_3665 貿聯-KY_李承泰_20260519.pdf,9,FIN-P9-T4,3,1,"6,909","6,909","6,909",6909.0,6909.0,PASS
凱基投顧_3665 貿聯-KY_李承泰_20260519.pdf,9,FIN-P9-T4,3,2,"8,595","8,595","8,595",8595.0,8595.0,PASS
凱基投顧_3665 貿聯-KY_李承泰_20260519.pdf,9,FIN-P9-T4,3,3,"10,516","10,516","10,516",10516.0,10516.0,PASS
凱基投顧_3665 貿聯-KY_李承泰_20260519.pdf,9,FIN-P9-T4,3,4,"15,901","15,901","15,901",15901.0,15901.0,PASS
凱基投顧_3665 貿聯-KY_李承泰_20260519.pdf,9,FIN-P9-T4,3,5,"22,127","22,127","22,127",22127.0,22127.0,PASS
凱基投顧_3665 貿聯-KY_李承泰_20260519.pdf,9,FIN-P9-T4,4,0,本期純益,本期純益,本期純益,,,PASS
凱基投顧_3665 貿聯-KY_李承泰_20260519.pdf,9,FIN-P9-T4,4,1,"4,396","4,396","4,396",4396.0,4396.0,PASS
凱基投顧_3665 貿聯-KY_李承泰_20260519.pdf,9,FIN-P9-T4,4,2,"9,005","9,005","9,005",9005.0,9005.0,PASS
凱基投顧_3665 貿聯-KY_李承泰_20260519.pdf,9,FIN-P9-T4,4,3,"12,892","12,892","12,892",12892.0,12892.0,PASS
凱基投顧_3665 貿聯-KY_李承泰_20260519.pdf,9,FIN-P9-T4,4,4,"20,871","20,871","20,871",20871.0,20871.0,PASS
凱基投顧_3665 貿聯-KY_李承泰_20260519.pdf,9,FIN-P9-T4,4,5,"28,433","28,433","28,433",28433.0,28433.0,PASS
凱基投顧_3665 貿聯-KY_李承泰_20260519.pdf,9,FIN-P9-T4,5,0,折舊及攤提,折舊及攤提,折舊及攤提,,,PASS
凱基投顧_3665 貿聯-KY_李承泰_20260519.pdf,9,FIN-P9-T4,5,1,"2,211","2,211","2,211",2211.0,2211.0,PASS
凱基投顧_3665 貿聯-KY_李承泰_20260519.pdf,9,FIN-P9-T4,5,2,"2,554","2,554","2,554",2554.0,2554.0,PASS
凱基投顧_3665 貿聯-KY_李承泰_20260519.pdf,9,FIN-P9-T4,5,3,"2,979","2,979","2,979",2979.0,2979.0,PASS
凱基投顧_3665 貿聯-KY_李承泰_20260519.pdf,9,FIN-P9-T4,5,4,"3,139","3,139","3,139",3139.0,3139.0,PASS
凱基投顧_3665 貿聯-KY_李承泰_20260519.pdf,9,FIN-P9-T4,5,5,"3,299","3,299","3,299",3299.0,3299.0,PASS
凱基投顧_3665 貿聯-KY_李承泰_20260519.pdf,9,FIN-P9-T4,6,0,本期運用資金變動,本期運用資金變動,本期運用資金變動,,,PASS
凱基投顧_3665 貿聯-KY_李承泰_20260519.pdf,9,FIN-P9-T4,6,1,(314),(314),(314),-314.0,-314.0,PASS
凱基投顧_3665 貿聯-KY_李承泰_20260519.pdf,9,FIN-P9-T4,6,2,"(3,677)","(3,677)","(3,677)",-3677.0,-3677.0,PASS
凱基投顧_3665 貿聯-KY_李承泰_20260519.pdf,9,FIN-P9-T4,6,3,"(5,256)","(5,256)","(5,256)",-5256.0,-5256.0,PASS
凱基投顧_3665 貿聯-KY_李承泰_20260519.pdf,9,FIN-P9-T4,6,4,"(8,104)","(8,104)","(8,104)",-8104.0,-8104.0,PASS
凱基投顧_3665 貿聯-KY_李承泰_20260519.pdf,9,FIN-P9-T4,6,5,"(9,600)","(9,600)","(9,600)",-9600.0,-9600.0,PASS
凱基投顧_3665 貿聯-KY_李承泰_20260519.pdf,9,FIN-P9-T4,7,0,其他營業資產及負債變動,其他營業資產及負債變動,其他營業資產及負債變動,,,PASS
凱基投顧_3665 貿聯-KY_李承泰_20260519.pdf,9,FIN-P9-T4,7,1,616,616,616,616.0,616.0,PASS
凱基投顧_3665 貿聯-KY_李承泰_20260519.pdf,9,FIN-P9-T4,7,2,713,713,713,713.0,713.0,PASS
凱基投顧_3665 貿聯-KY_李承泰_20260519.pdf,9,FIN-P9-T4,7,3,(99),(99),(99),-99.0,-99.0,PASS
凱基投顧_3665 貿聯-KY_李承泰_20260519.pdf,9,FIN-P9-T4,7,4,(5),(5),(5),-5.0,-5.0,PASS
凱基投顧_3665 貿聯-KY_李承泰_20260519.pdf,9,FIN-P9-T4,7,5,(5),(5),(5),-5.0,-5.0,PASS
凱基投顧_3665 貿聯-KY_李承泰_20260519.pdf,9,FIN-P9-T4,8,0,投資活動之現金流量,投資活動之現金流量,投資活動之現金流量,,,PASS
凱基投顧_3665 貿聯-KY_李承泰_20260519.pdf,9,FIN-P9-T4,8,1,"(4,377)","(4,377)","(4,377)",-4377.0,-4377.0,PASS
凱基投顧_3665 貿聯-KY_李承泰_20260519.pdf,9,FIN-P9-T4,8,2,"(10,838)","(10,838)","(10,838)",-10838.0,-10838.0,PASS
凱基投顧_3665 貿聯-KY_李承泰_20260519.pdf,9,FIN-P9-T4,8,3,"(4,375)","(4,375)","(4,375)",-4375.0,-4375.0,PASS
凱基投顧_3665 貿聯-KY_李承泰_20260519.pdf,9,FIN-P9-T4,8,4,"(5,200)","(5,200)","(5,200)",-5200.0,-5200.0,PASS
凱基投顧_3665 貿聯-KY_李承泰_20260519.pdf,9,FIN-P9-T4,8,5,"(5,200)","(5,200)","(5,200)",-5200.0,-5200.0,PASS
凱基投顧_3665 貿聯-KY_李承泰_20260519.pdf,9,FIN-P9-T4,9,0,投資用短期投資出售[新購],投資用短期投資出售[新購],投資用短期投資出售[新購],,,PASS
凱基投顧_3665 貿聯-KY_李承泰_20260519.pdf,9,FIN-P9-T4,9,1,"1,045","1,045","1,045",1045.0,1045.0,PASS
凱基投顧_3665 貿聯-KY_李承泰_20260519.pdf,9,FIN-P9-T4,9,2,"(6,642)","(6,642)","(6,642)",-6642.0,-6642.0,PASS
凱基投顧_3665 貿聯-KY_李承泰_20260519.pdf,9,FIN-P9-T4,9,3,-,-,-,,,PASS
凱基投顧_3665 貿聯-KY_李承泰_20260519.pdf,9,FIN-P9-T4,9,4,-,-,-,,,PASS
凱基投顧_3665 貿聯-KY_李承泰_20260519.pdf,9,FIN-P9-T4,9,5,-,-,-,,,PASS
凱基投顧_3665 貿聯-KY_李承泰_20260519.pdf,9,FIN-P9-T4,10,0,本期長期投資變動,本期長期投資變動,本期長期投資變動,,,PASS
凱基投顧_3665 貿聯-KY_李承泰_20260519.pdf,9,FIN-P9-T4,10,1,-,-,-,,,PASS
凱基投顧_3665 貿聯-KY_李承泰_20260519.pdf,9,FIN-P9-T4,10,2,(31),(31),(31),-31.0,-31.0,PASS
凱基投顧_3665 貿聯-KY_李承泰_20260519.pdf,9,FIN-P9-T4,10,3,-,-,-,,,PASS
凱基投顧_3665 貿聯-KY_李承泰_20260519.pdf,9,FIN-P9-T4,10,4,-,-,-,,,PASS
凱基投顧_3665 貿聯-KY_李承泰_20260519.pdf,9,FIN-P9-T4,10,5,-,-,-,,,PASS
凱基投顧_3665 貿聯-KY_李承泰_20260519.pdf,9,FIN-P9-T4,11,0,資本支出淨額,資本支出淨額,資本支出淨額,,,PASS
凱基投顧_3665 貿聯-KY_李承泰_20260519.pdf,9,FIN-P9-T4,11,1,"(3,265)","(3,265)","(3,265)",-3265.0,-3265.0,PASS
凱基投顧_3665 貿聯-KY_李承泰_20260519.pdf,9,FIN-P9-T4,11,2,"(3,517)","(3,517)","(3,517)",-3517.0,-3517.0,PASS
凱基投顧_3665 貿聯-KY_李承泰_20260519.pdf,9,FIN-P9-T4,11,3,"(4,136)","(4,136)","(4,136)",-4136.0,-4136.0,PASS
凱基投顧_3665 貿聯-KY_李承泰_20260519.pdf,9,FIN-P9-T4,11,4,"(5,200)","(5,200)","(5,200)",-5200.0,-5200.0,PASS
凱基投顧_3665 貿聯-KY_李承泰_20260519.pdf,9,FIN-P9-T4,11,5,"(5,200)","(5,200)","(5,200)",-5200.0,-5200.0,PASS
凱基投顧_3665 貿聯-KY_李承泰_20260519.pdf,9,FIN-P9-T4,12,0,其他資產變動,其他資產變動,其他資產變動,,,PASS
凱基投顧_3665 貿聯-KY_李承泰_20260519.pdf,9,FIN-P9-T4,12,1,"(2,157)","(2,157)","(2,157)",-2157.0,-2157.0,PASS
凱基投顧_3665 貿聯-KY_李承泰_20260519.pdf,9,FIN-P9-T4,12,2,(648),(648),(648),-648.0,-648.0,PASS
凱基投顧_3665 貿聯-KY_李承泰_20260519.pdf,9,FIN-P9-T4,12,3,(240),(240),(240),-240.0,-240.0,PASS
凱基投顧_3665 貿聯-KY_李承泰_20260519.pdf,9,FIN-P9-T4,12,4,-,-,-,,,PASS
凱基投顧_3665 貿聯-KY_李承泰_20260519.pdf,9,FIN-P9-T4,12,5,-,-,-,,,PASS
凱基投顧_3665 貿聯-KY_李承泰_20260519.pdf,9,FIN-P9-T4,13,0,自由現金流,自由現金流,自由現金流,,,PASS
凱基投顧_3665 貿聯-KY_李承泰_20260519.pdf,9,FIN-P9-T4,13,1,"2,794","2,794","2,794",2794.0,2794.0,PASS
凱基投顧_3665 貿聯-KY_李承泰_20260519.pdf,9,FIN-P9-T4,13,2,"4,311","4,311","4,311",4311.0,4311.0,PASS
凱基投顧_3665 貿聯-KY_李承泰_20260519.pdf,9,FIN-P9-T4,13,3,"5,963","5,963","5,963",5963.0,5963.0,PASS
凱基投顧_3665 貿聯-KY_李承泰_20260519.pdf,9,FIN-P9-T4,13,4,"9,977","9,977","9,977",9977.0,9977.0,PASS
凱基投顧_3665 貿聯-KY_李承泰_20260519.pdf,9,FIN-P9-T4,13,5,"15,961","15,961","15,961",15961.0,15961.0,PASS
凱基投顧_3665 貿聯-KY_李承泰_20260519.pdf,9,FIN-P9-T4,14,0,融資活動之現金流量,融資活動之現金流量,融資活動之現金流量,,,PASS
凱基投顧_3665 貿聯-KY_李承泰_20260519.pdf,9,FIN-P9-T4,14,1,"(2,943)","(2,943)","(2,943)",-2943.0,-2943.0,PASS
凱基投顧_3665 貿聯-KY_李承泰_20260519.pdf,9,FIN-P9-T4,14,2,"5,312","5,312","5,312",5312.0,5312.0,PASS
凱基投顧_3665 貿聯-KY_李承泰_20260519.pdf,9,FIN-P9-T4,14,3,"(3,604)","(3,604)","(3,604)",-3604.0,-3604.0,PASS
凱基投顧_3665 貿聯-KY_李承泰_20260519.pdf,9,FIN-P9-T4,14,4,"(4,292)","(4,292)","(4,292)",-4292.0,-4292.0,PASS
凱基投顧_3665 貿聯-KY_李承泰_20260519.pdf,9,FIN-P9-T4,14,5,"(6,828)","(6,828)","(6,828)",-6828.0,-6828.0,PASS
凱基投顧_3665 貿聯-KY_李承泰_20260519.pdf,9,FIN-P9-T4,15,0,短期借款變動,短期借款變動,短期借款變動,,,PASS
凱基投顧_3665 貿聯-KY_李承泰_20260519.pdf,9,FIN-P9-T4,15,1,"1,130","1,130","1,130",1130.0,1130.0,PASS
凱基投顧_3665 貿聯-KY_李承泰_20260519.pdf,9,FIN-P9-T4,15,2,"(1,781)","(1,781)","(1,781)",-1781.0,-1781.0,PASS
凱基投顧_3665 貿聯-KY_李承泰_20260519.pdf,9,FIN-P9-T4,15,3,,,,,,PASS
凱基投顧_3665 貿聯-KY_李承泰_20260519.pdf,9,FIN-P9-T4,15,4,,,,,,PASS
凱基投顧_3665 貿聯-KY_李承泰_20260519.pdf,9,FIN-P9-T4,15,5,,,,,,PASS
凱基投顧_3665 貿聯-KY_李承泰_20260519.pdf,9,FIN-P9-T4,16,0,長期借款變動,長期借款變動,長期借款變動,,,PASS
凱基投顧_3665 貿聯-KY_李承泰_20260519.pdf,9,FIN-P9-T4,16,1,"(2,085)","(2,085)","(2,085)",-2085.0,-2085.0,PASS
凱基投顧_3665 貿聯-KY_李承泰_20260519.pdf,9,FIN-P9-T4,16,2,"9,929","9,929","9,929",9929.0,9929.0,PASS
凱基投顧_3665 貿聯-KY_李承泰_20260519.pdf,9,FIN-P9-T4,16,3,(182),(182),(182),-182.0,-182.0,PASS
凱基投顧_3665 貿聯-KY_李承泰_20260519.pdf,9,FIN-P9-T4,16,4,-,-,-,,,PASS
凱基投顧_3665 貿聯-KY_李承泰_20260519.pdf,9,FIN-P9-T4,16,5,-,-,-,,,PASS
凱基投顧_3665 貿聯-KY_李承泰_20260519.pdf,9,FIN-P9-T4,17,0,現金増資,現金増資,現金増資,,,PASS
凱基投顧_3665 貿聯-KY_李承泰_20260519.pdf,9,FIN-P9-T4,17,1,-,-,-,,,PASS
凱基投顧_3665 貿聯-KY_李承泰_20260519.pdf,9,FIN-P9-T4,17,2,-,-,-,,,PASS
凱基投顧_3665 貿聯-KY_李承泰_20260519.pdf,9,FIN-P9-T4,17,3,,,,,,PASS
凱基投顧_3665 貿聯-KY_李承泰_20260519.pdf,9,FIN-P9-T4,17,4,,,,,,PASS
凱基投顧_3665 貿聯-KY_李承泰_20260519.pdf,9,FIN-P9-T4,17,5,,,,,,PASS
凱基投顧_3665 貿聯-KY_李承泰_20260519.pdf,9,FIN-P9-T4,18,0,已支付普通股股息,已支付普通股股息,已支付普通股股息,,,PASS
凱基投顧_3665 貿聯-KY_李承泰_20260519.pdf,9,FIN-P9-T4,18,1,"(1,470)","(1,470)","(1,470)",-1470.0,-1470.0,PASS
凱基投顧_3665 貿聯-KY_李承泰_20260519.pdf,9,FIN-P9-T4,18,2,"(2,278)","(2,278)","(2,278)",-2278.0,-2278.0,PASS
凱基投顧_3665 貿聯-KY_李承泰_20260519.pdf,9,FIN-P9-T4,18,3,"(2,925)","(2,925)","(2,925)",-2925.0,-2925.0,PASS
凱基投顧_3665 貿聯-KY_李承泰_20260519.pdf,9,FIN-P9-T4,18,4,"(4,291)","(4,291)","(4,291)",-4291.0,-4291.0,PASS
凱基投顧_3665 貿聯-KY_李承泰_20260519.pdf,9,FIN-P9-T4,18,5,"(6,828)","(6,828)","(6,828)",-6828.0,-6828.0,PASS
凱基投顧_3665 貿聯-KY_李承泰_20260519.pdf,9,FIN-P9-T4,19,0,其他融資現金流,其他融資現金流,其他融資現金流,,,PASS
凱基投顧_3665 貿聯-KY_李承泰_20260519.pdf,9,FIN-P9-T4,19,1,(518),(518),(518),-518.0,-518.0,PASS
凱基投顧_3665 貿聯-KY_李承泰_20260519.pdf,9,FIN-P9-T4,19,2,(558),(558),(558),-558.0,-558.0,PASS
凱基投顧_3665 貿聯-KY_李承泰_20260519.pdf,9,FIN-P9-T4,19,3,(497),(497),(497),-497.0,-497.0,PASS
凱基投顧_3665 貿聯-KY_李承泰_20260519.pdf,9,FIN-P9-T4,19,4,(0),(0),(0),-0.0,-0.0,PASS
凱基投顧_3665 貿聯-KY_李承泰_20260519.pdf,9,FIN-P9-T4,19,5,-,-,-,,,PASS
凱基投顧_3665 貿聯-KY_李承泰_20260519.pdf,9,FIN-P9-T4,20,0,匯率影響數,匯率影響數,匯率影響數,,,PASS
凱基投顧_3665 貿聯-KY_李承泰_20260519.pdf,9,FIN-P9-T4,20,1,(41),(41),(41),-41.0,-41.0,PASS
凱基投顧_3665 貿聯-KY_李承泰_20260519.pdf,9,FIN-P9-T4,20,2,"1,150","1,150","1,150",1150.0,1150.0,PASS
凱基投顧_3665 貿聯-KY_李承泰_20260519.pdf,9,FIN-P9-T4,20,3,176,176,176,176.0,176.0,PASS
凱基投顧_3665 貿聯-KY_李承泰_20260519.pdf,9,FIN-P9-T4,20,4,-,-,-,,,PASS
凱基投顧_3665 貿聯-KY_李承泰_20260519.pdf,9,FIN-P9-T4,20,5,-,-,-,,,PASS
凱基投顧_3665 貿聯-KY_李承泰_20260519.pdf,9,FIN-P9-T4,21,0,本期產生現金流量,本期產生現金流量,本期產生現金流量,,,PASS
凱基投顧_3665 貿聯-KY_李承泰_20260519.pdf,9,FIN-P9-T4,21,1,(452),(452),(452),-452.0,-452.0,PASS
凱基投顧_3665 貿聯-KY_李承泰_20260519.pdf,9,FIN-P9-T4,21,2,"4,220","4,220","4,220",4220.0,4220.0,PASS
凱基投顧_3665 貿聯-KY_李承泰_20260519.pdf,9,FIN-P9-T4,21,3,"2,712","2,712","2,712",2712.0,2712.0,PASS
凱基投顧_3665 貿聯-KY_李承泰_20260519.pdf,9,FIN-P9-T4,21,4,"6,409","6,409","6,409",6409.0,6409.0,PASS
凱基投顧_3665 貿聯-KY_李承泰_20260519.pdf,9,FIN-P9-T4,21,5,"10,099","10,099","10,099",10099.0,10099.0,PASS
凱基投顧_3665 貿聯-KY_李承泰_20260519.pdf,9,FIN-P9-T5,3,0,1-營業成本/營業收入,1-營業成本/營業收入,1-營業成本/營業收入,,,PASS
凱基投顧_3665 貿聯-KY_李承泰_20260519.pdf,9,FIN-P9-T5,3,1,,,,,,PASS
凱基投顧_3665 貿聯-KY_李承泰_20260519.pdf,9,FIN-P9-T5,3,2,,,,,,PASS
凱基投顧_3665 貿聯-KY_李承泰_20260519.pdf,9,FIN-P9-T5,3,3,,,,,,PASS
凱基投顧_3665 貿聯-KY_李承泰_20260519.pdf,9,FIN-P9-T5,3,4,,,,,,PASS
凱基投顧_3665 貿聯-KY_李承泰_20260519.pdf,9,FIN-P9-T5,3,5,,,,,,PASS
凱基投顧_3665 貿聯-KY_李承泰_20260519.pdf,9,FIN-P9-T5,4,0,-銷管費用/營業收入,-銷管費用/營業收入,-銷管費用/營業收入,,,PASS
凱基投顧_3665 貿聯-KY_李承泰_20260519.pdf,9,FIN-P9-T5,4,1,16.1%,16.1%,16.1%,16.1,16.1,PASS
凱基投顧_3665 貿聯-KY_李承泰_20260519.pdf,9,FIN-P9-T5,4,2,14.2%,14.2%,14.2%,14.2,14.2,PASS
凱基投顧_3665 貿聯-KY_李承泰_20260519.pdf,9,FIN-P9-T5,4,3,13.4%,13.4%,13.4%,13.4,13.4,PASS
凱基投顧_3665 貿聯-KY_李承泰_20260519.pdf,9,FIN-P9-T5,4,4,12.8%,12.8%,12.8%,12.8,12.8,PASS
凱基投顧_3665 貿聯-KY_李承泰_20260519.pdf,9,FIN-P9-T5,4,5,12.7%,12.7%,12.7%,12.7,12.7,PASS
凱基投顧_3665 貿聯-KY_李承泰_20260519.pdf,9,FIN-P9-T5,5,0,=營業利益率,=營業利益率,=營業利益率,,,PASS
凱基投顧_3665 貿聯-KY_李承泰_20260519.pdf,9,FIN-P9-T5,5,1,12.1%,12.1%,12.1%,12.1,12.1,PASS
凱基投顧_3665 貿聯-KY_李承泰_20260519.pdf,9,FIN-P9-T5,5,2,17.5%,17.5%,17.5%,17.5,17.5,PASS
凱基投顧_3665 貿聯-KY_李承泰_20260519.pdf,9,FIN-P9-T5,5,3,18.0%,18.0%,18.0%,18.0,18.0,PASS
凱基投顧_3665 貿聯-KY_李承泰_20260519.pdf,9,FIN-P9-T5,5,4,21.0%,21.0%,21.0%,21.0,21.0,PASS
凱基投顧_3665 貿聯-KY_李承泰_20260519.pdf,9,FIN-P9-T5,5,5,21.9%,21.9%,21.9%,21.9,21.9,PASS
凱基投顧_3665 貿聯-KY_李承泰_20260519.pdf,9,FIN-P9-T5,6,0,1/(營業運用資金/營業收入,1/(營業運用資金/營業收入,1/(營業運用資金/營業收入,,,PASS
凱基投顧_3665 貿聯-KY_李承泰_20260519.pdf,9,FIN-P9-T5,6,1,0.2,0.2,0.2,0.2,0.2,PASS
凱基投顧_3665 貿聯-KY_李承泰_20260519.pdf,9,FIN-P9-T5,6,2,0.2,0.2,0.2,0.2,0.2,PASS
凱基投顧_3665 貿聯-KY_李承泰_20260519.pdf,9,FIN-P9-T5,6,3,0.2,0.2,0.2,0.2,0.2,PASS
凱基投顧_3665 貿聯-KY_李承泰_20260519.pdf,9,FIN-P9-T5,6,4,0.2,0.2,0.2,0.2,0.2,PASS
凱基投顧_3665 貿聯-KY_李承泰_20260519.pdf,9,FIN-P9-T5,6,5,0.2,0.2,0.2,0.2,0.2,PASS
凱基投顧_3665 貿聯-KY_李承泰_20260519.pdf,9,FIN-P9-T5,7,0,+淨固定資產/營業收入,+淨固定資產/營業收入,+淨固定資產/營業收入,,,PASS
凱基投顧_3665 貿聯-KY_李承泰_20260519.pdf,9,FIN-P9-T5,7,1,0.3,0.3,0.3,0.3,0.3,PASS
凱基投顧_3665 貿聯-KY_李承泰_20260519.pdf,9,FIN-P9-T5,7,2,0.2,0.2,0.2,0.2,0.2,PASS
凱基投顧_3665 貿聯-KY_李承泰_20260519.pdf,9,FIN-P9-T5,7,3,0.2,0.2,0.2,0.2,0.2,PASS
凱基投顧_3665 貿聯-KY_李承泰_20260519.pdf,9,FIN-P9-T5,7,4,0.2,0.2,0.2,0.2,0.2,PASS
凱基投顧_3665 貿聯-KY_李承泰_20260519.pdf,9,FIN-P9-T5,7,5,0.1,0.1,0.1,0.1,0.1,PASS
凱基投顧_3665 貿聯-KY_李承泰_20260519.pdf,9,FIN-P9-T5,8,0,+什項資產/營業收入),+什項資產/營業收入),+什項資產/營業收入),,,PASS
凱基投顧_3665 貿聯-KY_李承泰_20260519.pdf,9,FIN-P9-T5,8,1,0.0,0.0,0.0,0.0,0.0,PASS
凱基投顧_3665 貿聯-KY_李承泰_20260519.pdf,9,FIN-P9-T5,8,2,0.0,0.0,0.0,0.0,0.0,PASS
凱基投顧_3665 貿聯-KY_李承泰_20260519.pdf,9,FIN-P9-T5,8,3,0.0,0.0,0.0,0.0,0.0,PASS
凱基投顧_3665 貿聯-KY_李承泰_20260519.pdf,9,FIN-P9-T5,8,4,0.0,0.0,0.0,0.0,0.0,PASS
凱基投顧_3665 貿聯-KY_李承泰_20260519.pdf,9,FIN-P9-T5,8,5,0.0,0.0,0.0,0.0,0.0,PASS
凱基投顧_3665 貿聯-KY_李承泰_20260519.pdf,9,FIN-P9-T5,9,0,=資本周轉率,=資本周轉率,=資本周轉率,,,PASS
凱基投顧_3665 貿聯-KY_李承泰_20260519.pdf,9,FIN-P9-T5,9,1,2.1,2.1,2.1,2.1,2.1,PASS
凱基投顧_3665 貿聯-KY_李承泰_20260519.pdf,9,FIN-P9-T5,9,2,2.2,2.2,2.2,2.2,2.2,PASS
凱基投顧_3665 貿聯-KY_李承泰_20260519.pdf,9,FIN-P9-T5,9,3,2.6,2.6,2.6,2.6,2.6,PASS
凱基投顧_3665 貿聯-KY_李承泰_20260519.pdf,9,FIN-P9-T5,9,4,2.8,2.8,2.8,2.8,2.8,PASS
凱基投顧_3665 貿聯-KY_李承泰_20260519.pdf,9,FIN-P9-T5,9,5,2.9,2.9,2.9,2.9,2.9,PASS
凱基投顧_3665 貿聯-KY_李承泰_20260519.pdf,9,FIN-P9-T5,10,0,營業利益率,營業利益率,營業利益率,,,PASS
凱基投顧_3665 貿聯-KY_李承泰_20260519.pdf,9,FIN-P9-T5,10,1,12.1%,12.1%,12.1%,12.1,12.1,PASS
凱基投顧_3665 貿聯-KY_李承泰_20260519.pdf,9,FIN-P9-T5,10,2,17.5%,17.5%,17.5%,17.5,17.5,PASS
凱基投顧_3665 貿聯-KY_李承泰_20260519.pdf,9,FIN-P9-T5,10,3,18.0%,18.0%,18.0%,18.0,18.0,PASS
凱基投顧_3665 貿聯-KY_李承泰_20260519.pdf,9,FIN-P9-T5,10,4,21.0%,21.0%,21.0%,21.0,21.0,PASS
凱基投顧_3665 貿聯-KY_李承泰_20260519.pdf,9,FIN-P9-T5,10,5,21.9%,21.9%,21.9%,21.9,21.9,PASS
凱基投顧_3665 貿聯-KY_李承泰_20260519.pdf,9,FIN-P9-T5,11,0,x資本周轉率,x資本周轉率,x資本周轉率,,,PASS
凱基投顧_3665 貿聯-KY_李承泰_20260519.pdf,9,FIN-P9-T5,11,1,2.1,2.1,2.1,2.1,2.1,PASS
凱基投顧_3665 貿聯-KY_李承泰_20260519.pdf,9,FIN-P9-T5,11,2,2.2,2.2,2.2,2.2,2.2,PASS
凱基投顧_3665 貿聯-KY_李承泰_20260519.pdf,9,FIN-P9-T5,11,3,2.6,2.6,2.6,2.6,2.6,PASS
凱基投顧_3665 貿聯-KY_李承泰_20260519.pdf,9,FIN-P9-T5,11,4,2.8,2.8,2.8,2.8,2.8,PASS
凱基投顧_3665 貿聯-KY_李承泰_20260519.pdf,9,FIN-P9-T5,11,5,2.9,2.9,2.9,2.9,2.9,PASS
凱基投顧_3665 貿聯-KY_李承泰_20260519.pdf,9,FIN-P9-T5,12,0,x(1-有效現金稅率),x(1-有效現金稅率),x(1-有效現金稅率),,,PASS
凱基投顧_3665 貿聯-KY_李承泰_20260519.pdf,9,FIN-P9-T5,12,1,69.5%,69.5%,69.5%,69.5,69.5,PASS
凱基投顧_3665 貿聯-KY_李承泰_20260519.pdf,9,FIN-P9-T5,12,2,75.9%,75.9%,75.9%,75.9,75.9,PASS
凱基投顧_3665 貿聯-KY_李承泰_20260519.pdf,9,FIN-P9-T5,12,3,75.4%,75.4%,75.4%,75.4,75.4,PASS
凱基投顧_3665 貿聯-KY_李承泰_20260519.pdf,9,FIN-P9-T5,12,4,75.0%,75.0%,75.0%,75.0,75.0,PASS
凱基投顧_3665 貿聯-KY_李承泰_20260519.pdf,9,FIN-P9-T5,12,5,75.0%,75.0%,75.0%,75.0,75.0,PASS
凱基投顧_3665 貿聯-KY_李承泰_20260519.pdf,9,FIN-P9-T5,13,0,=稅後ROIC,=稅後ROIC,=稅後ROIC,,,PASS
凱基投顧_3665 貿聯-KY_李承泰_20260519.pdf,9,FIN-P9-T5,13,1,17.5%,17.5%,17.5%,17.5,17.5,PASS
凱基投顧_3665 貿聯-KY_李承泰_20260519.pdf,9,FIN-P9-T5,13,2,29.9%,29.9%,29.9%,29.9,29.9,PASS
凱基投顧_3665 貿聯-KY_李承泰_20260519.pdf,9,FIN-P9-T5,13,3,35.0%,35.0%,35.0%,35.0,35.0,PASS
凱基投顧_3665 貿聯-KY_李承泰_20260519.pdf,9,FIN-P9-T5,13,4,43.4%,43.4%,43.4%,43.4,43.4,PASS
凱基投顧_3665 貿聯-KY_李承泰_20260519.pdf,9,FIN-P9-T5,13,5,46.9%,46.9%,46.9%,46.9,46.9,PASS
"晶心科(6533,N,中立)-CTBC251208.pdf",5,FIN-P5-T1,1,0,資產總計,資產總計,資產總計,,,PASS
"晶心科(6533,N,中立)-CTBC251208.pdf",5,FIN-P5-T1,1,1,"5,029","5,029","5,029",5029.0,5029.0,PASS
"晶心科(6533,N,中立)-CTBC251208.pdf",5,FIN-P5-T1,1,2,"5,424","5,424","5,424",5424.0,5424.0,PASS
"晶心科(6533,N,中立)-CTBC251208.pdf",5,FIN-P5-T1,1,3,"5,336","5,336","5,336",5336.0,5336.0,PASS
"晶心科(6533,N,中立)-CTBC251208.pdf",5,FIN-P5-T1,1,4,"5,301","5,301","5,301",5301.0,5301.0,PASS
"晶心科(6533,N,中立)-CTBC251208.pdf",5,FIN-P5-T1,2,0,流動資產,流動資產,流動資產,,,PASS
"晶心科(6533,N,中立)-CTBC251208.pdf",5,FIN-P5-T1,2,1,"4,495","4,495","4,495",4495.0,4495.0,PASS
"晶心科(6533,N,中立)-CTBC251208.pdf",5,FIN-P5-T1,2,2,"4,422","4,422","4,422",4422.0,4422.0,PASS
"晶心科(6533,N,中立)-CTBC251208.pdf",5,FIN-P5-T1,2,3,"3,602","3,602","3,602",3602.0,3602.0,PASS
"晶心科(6533,N,中立)-CTBC251208.pdf",5,FIN-P5-T1,2,4,"2,767","2,767","2,767",2767.0,2767.0,PASS
"晶心科(6533,N,中立)-CTBC251208.pdf",5,FIN-P5-T1,3,0,現金及約當現金,現金及約當現金,現金及約當現金,,,PASS
"晶心科(6533,N,中立)-CTBC251208.pdf",5,FIN-P5-T1,3,1,"4,005","4,005","4,005",4005.0,4005.0,PASS
"晶心科(6533,N,中立)-CTBC251208.pdf",5,FIN-P5-T1,3,2,"4,098","4,098","4,098",4098.0,4098.0,PASS
"晶心科(6533,N,中立)-CTBC251208.pdf",5,FIN-P5-T1,3,3,"1,890","1,890","1,890",1890.0,1890.0,PASS
"晶心科(6533,N,中立)-CTBC251208.pdf",5,FIN-P5-T1,3,4,"2,083","2,083","2,083",2083.0,2083.0,PASS
"晶心科(6533,N,中立)-CTBC251208.pdf",5,FIN-P5-T1,4,0,應收帳款與票據,應收帳款與票據,應收帳款與票據,,,PASS
"晶心科(6533,N,中立)-CTBC251208.pdf",5,FIN-P5-T1,4,1,155,155,155,155.0,155.0,PASS
"晶心科(6533,N,中立)-CTBC251208.pdf",5,FIN-P5-T1,4,2,111,111,111,111.0,111.0,PASS
"晶心科(6533,N,中立)-CTBC251208.pdf",5,FIN-P5-T1,4,3,200,200,200,200.0,200.0,PASS
"晶心科(6533,N,中立)-CTBC251208.pdf",5,FIN-P5-T1,4,4,224,224,224,224.0,224.0,PASS
"晶心科(6533,N,中立)-CTBC251208.pdf",5,FIN-P5-T1,5,0,存貨,存貨,存貨,,,PASS
"晶心科(6533,N,中立)-CTBC251208.pdf",5,FIN-P5-T1,5,1,1,1,1,1.0,1.0,PASS
"晶心科(6533,N,中立)-CTBC251208.pdf",5,FIN-P5-T1,5,2,2,2,2,2.0,2.0,PASS
"晶心科(6533,N,中立)-CTBC251208.pdf",5,FIN-P5-T1,5,3,2,2,2,2.0,2.0,PASS
"晶心科(6533,N,中立)-CTBC251208.pdf",5,FIN-P5-T1,5,4,4,4,4,4.0,4.0,PASS
"晶心科(6533,N,中立)-CTBC251208.pdf",5,FIN-P5-T1,6,0,採權益法之投資,採權益法之投資,採權益法之投資,,,PASS
"晶心科(6533,N,中立)-CTBC251208.pdf",5,FIN-P5-T1,6,1,--,--,--,,,PASS
"晶心科(6533,N,中立)-CTBC251208.pdf",5,FIN-P5-T1,6,2,--,--,--,,,PASS
"晶心科(6533,N,中立)-CTBC251208.pdf",5,FIN-P5-T1,6,3,--,--,--,,,PASS
"晶心科(6533,N,中立)-CTBC251208.pdf",5,FIN-P5-T1,6,4,--,--,--,,,PASS
"晶心科(6533,N,中立)-CTBC251208.pdf",5,FIN-P5-T1,7,0,不動產、廠房設備,不動產、廠房設備,不動產、廠房設備,,,PASS
"晶心科(6533,N,中立)-CTBC251208.pdf",5,FIN-P5-T1,7,1,25,25,25,25.0,25.0,PASS
"晶心科(6533,N,中立)-CTBC251208.pdf",5,FIN-P5-T1,7,2,75,75,75,75.0,75.0,PASS
"晶心科(6533,N,中立)-CTBC251208.pdf",5,FIN-P5-T1,7,3,96,96,96,96.0,96.0,PASS
"晶心科(6533,N,中立)-CTBC251208.pdf",5,FIN-P5-T1,7,4,131,131,131,131.0,131.0,PASS
"晶心科(6533,N,中立)-CTBC251208.pdf",5,FIN-P5-T1,8,0,負債總計,負債總計,負債總計,,,PASS
"晶心科(6533,N,中立)-CTBC251208.pdf",5,FIN-P5-T1,8,1,258,258,258,258.0,258.0,PASS
"晶心科(6533,N,中立)-CTBC251208.pdf",5,FIN-P5-T1,8,2,435,435,435,435.0,435.0,PASS
"晶心科(6533,N,中立)-CTBC251208.pdf",5,FIN-P5-T1,8,3,525,525,525,525.0,525.0,PASS
"晶心科(6533,N,中立)-CTBC251208.pdf",5,FIN-P5-T1,8,4,480,480,480,480.0,480.0,PASS
"晶心科(6533,N,中立)-CTBC251208.pdf",5,FIN-P5-T1,9,0,流動負債,流動負債,流動負債,,,PASS
"晶心科(6533,N,中立)-CTBC251208.pdf",5,FIN-P5-T1,9,1,175,175,175,175.0,175.0,PASS
"晶心科(6533,N,中立)-CTBC251208.pdf",5,FIN-P5-T1,9,2,321,321,321,321.0,321.0,PASS
"晶心科(6533,N,中立)-CTBC251208.pdf",5,FIN-P5-T1,9,3,399,399,399,399.0,399.0,PASS
"晶心科(6533,N,中立)-CTBC251208.pdf",5,FIN-P5-T1,9,4,365,365,365,365.0,365.0,PASS
"晶心科(6533,N,中立)-CTBC251208.pdf",5,FIN-P5-T1,10,0,應付帳款及票據,應付帳款及票據,應付帳款及票據,,,PASS
"晶心科(6533,N,中立)-CTBC251208.pdf",5,FIN-P5-T1,10,1,3,3,3,3.0,3.0,PASS
"晶心科(6533,N,中立)-CTBC251208.pdf",5,FIN-P5-T1,10,2,0,0,0,0.0,0.0,PASS
"晶心科(6533,N,中立)-CTBC251208.pdf",5,FIN-P5-T1,10,3,0,0,0,0.0,0.0,PASS
"晶心科(6533,N,中立)-CTBC251208.pdf",5,FIN-P5-T1,10,4,0,0,0,0.0,0.0,PASS
"晶心科(6533,N,中立)-CTBC251208.pdf",5,FIN-P5-T1,11,0,非流動負債,非流動負債,非流動負債,,,PASS
"晶心科(6533,N,中立)-CTBC251208.pdf",5,FIN-P5-T1,11,1,83,83,83,83.0,83.0,PASS
"晶心科(6533,N,中立)-CTBC251208.pdf",5,FIN-P5-T1,11,2,114,114,114,114.0,114.0,PASS
"晶心科(6533,N,中立)-CTBC251208.pdf",5,FIN-P5-T1,11,3,127,127,127,127.0,127.0,PASS
"晶心科(6533,N,中立)-CTBC251208.pdf",5,FIN-P5-T1,11,4,115,115,115,115.0,115.0,PASS
"晶心科(6533,N,中立)-CTBC251208.pdf",5,FIN-P5-T1,12,0,權益總計,權益總計,權益總計,,,PASS
"晶心科(6533,N,中立)-CTBC251208.pdf",5,FIN-P5-T1,12,1,"4,771","4,771","4,771",4771.0,4771.0,PASS
"晶心科(6533,N,中立)-CTBC251208.pdf",5,FIN-P5-T1,12,2,"4,989","4,989","4,989",4989.0,4989.0,PASS
"晶心科(6533,N,中立)-CTBC251208.pdf",5,FIN-P5-T1,12,3,"4,811","4,811","4,811",4811.0,4811.0,PASS
"晶心科(6533,N,中立)-CTBC251208.pdf",5,FIN-P5-T1,12,4,"4,821","4,821","4,821",4821.0,4821.0,PASS
"晶心科(6533,N,中立)-CTBC251208.pdf",5,FIN-P5-T1,13,0,普通股股本,普通股股本,普通股股本,,,PASS
"晶心科(6533,N,中立)-CTBC251208.pdf",5,FIN-P5-T1,13,1,507,507,507,507.0,507.0,PASS
"晶心科(6533,N,中立)-CTBC251208.pdf",5,FIN-P5-T1,13,2,507,507,507,507.0,507.0,PASS
"晶心科(6533,N,中立)-CTBC251208.pdf",5,FIN-P5-T1,13,3,507,507,507,507.0,507.0,PASS
"晶心科(6533,N,中立)-CTBC251208.pdf",5,FIN-P5-T1,13,4,507,507,507,507.0,507.0,PASS
"晶心科(6533,N,中立)-CTBC251208.pdf",5,FIN-P5-T1,14,0,保留盈餘,保留盈餘,保留盈餘,,,PASS
"晶心科(6533,N,中立)-CTBC251208.pdf",5,FIN-P5-T1,14,1,172,172,172,172.0,172.0,PASS
"晶心科(6533,N,中立)-CTBC251208.pdf",5,FIN-P5-T1,14,2,383,383,383,383.0,383.0,PASS
"晶心科(6533,N,中立)-CTBC251208.pdf",5,FIN-P5-T1,14,3,206,206,206,206.0,206.0,PASS
"晶心科(6533,N,中立)-CTBC251208.pdf",5,FIN-P5-T1,14,4,207,207,207,207.0,207.0,PASS
"晶心科(6533,N,中立)-CTBC251208.pdf",5,FIN-P5-T1,15,0,母公司業主權益,母公司業主權益,母公司業主權益,,,PASS
"晶心科(6533,N,中立)-CTBC251208.pdf",5,FIN-P5-T1,15,1,"4,771","4,771","4,771",4771.0,4771.0,PASS
"晶心科(6533,N,中立)-CTBC251208.pdf",5,FIN-P5-T1,15,2,"4,989","4,989","4,989",4989.0,4989.0,PASS
"晶心科(6533,N,中立)-CTBC251208.pdf",5,FIN-P5-T1,15,3,"4,811","4,811","4,811",4811.0,4811.0,PASS
"晶心科(6533,N,中立)-CTBC251208.pdf",5,FIN-P5-T1,15,4,"4,821","4,821","4,821",4821.0,4821.0,PASS
"晶心科(6533,N,中立)-CTBC251208.pdf",5,FIN-P5-T1,16,0,負債及權益總計,負債及權益總計,負債及權益總計,,,PASS
"晶心科(6533,N,中立)-CTBC251208.pdf",5,FIN-P5-T1,16,1,"5,029","5,029","5,029",5029.0,5029.0,PASS
"晶心科(6533,N,中立)-CTBC251208.pdf",5,FIN-P5-T1,16,2,"5,424","5,424","5,424",5424.0,5424.0,PASS
"晶心科(6533,N,中立)-CTBC251208.pdf",5,FIN-P5-T1,16,3,"5,336","5,336","5,336",5336.0,5336.0,PASS
"晶心科(6533,N,中立)-CTBC251208.pdf",5,FIN-P5-T1,16,4,"5,301","5,301","5,301",5301.0,5301.0,PASS
"晶心科(6533,N,中立)-CTBC251208.pdf",5,FIN-P5-T2,1,0,營業活動現金,營業活動現金,營業活動現金,,,PASS
"晶心科(6533,N,中立)-CTBC251208.pdf",5,FIN-P5-T2,1,1,311,311,311,311.0,311.0,PASS
"晶心科(6533,N,中立)-CTBC251208.pdf",5,FIN-P5-T2,1,2,718,718,718,718.0,718.0,PASS
"晶心科(6533,N,中立)-CTBC251208.pdf",5,FIN-P5-T2,1,3,-69,-69,-69,-69.0,-69.0,PASS
"晶心科(6533,N,中立)-CTBC251208.pdf",5,FIN-P5-T2,1,4,372,372,372,372.0,372.0,PASS
"晶心科(6533,N,中立)-CTBC251208.pdf",5,FIN-P5-T2,2,0,稅前純益,稅前純益,稅前純益,,,PASS
"晶心科(6533,N,中立)-CTBC251208.pdf",5,FIN-P5-T2,2,1,177,177,177,177.0,177.0,PASS
"晶心科(6533,N,中立)-CTBC251208.pdf",5,FIN-P5-T2,2,2,384,384,384,384.0,384.0,PASS
"晶心科(6533,N,中立)-CTBC251208.pdf",5,FIN-P5-T2,2,3,-99,-99,-99,-99.0,-99.0,PASS
"晶心科(6533,N,中立)-CTBC251208.pdf",5,FIN-P5-T2,2,4,12,12,12,12.0,12.0,PASS
"晶心科(6533,N,中立)-CTBC251208.pdf",5,FIN-P5-T2,3,0,折舊及攤銷,折舊及攤銷,折舊及攤銷,,,PASS
"晶心科(6533,N,中立)-CTBC251208.pdf",5,FIN-P5-T2,3,1,148,148,148,148.0,148.0,PASS
"晶心科(6533,N,中立)-CTBC251208.pdf",5,FIN-P5-T2,3,2,195,195,195,195.0,195.0,PASS
"晶心科(6533,N,中立)-CTBC251208.pdf",5,FIN-P5-T2,3,3,272,272,272,272.0,272.0,PASS
"晶心科(6533,N,中立)-CTBC251208.pdf",5,FIN-P5-T2,3,4,469,469,469,469.0,469.0,PASS
"晶心科(6533,N,中立)-CTBC251208.pdf",5,FIN-P5-T2,4,0,營運資金變動,營運資金變動,營運資金變動,,,PASS
"晶心科(6533,N,中立)-CTBC251208.pdf",5,FIN-P5-T2,4,1,-38,-38,-38,-38.0,-38.0,PASS
"晶心科(6533,N,中立)-CTBC251208.pdf",5,FIN-P5-T2,4,2,39,39,39,39.0,39.0,PASS
"晶心科(6533,N,中立)-CTBC251208.pdf",5,FIN-P5-T2,4,3,-88,-88,-88,-88.0,-88.0,PASS
"晶心科(6533,N,中立)-CTBC251208.pdf",5,FIN-P5-T2,4,4,-26,-26,-26,-26.0,-26.0,PASS
"晶心科(6533,N,中立)-CTBC251208.pdf",5,FIN-P5-T2,5,0,其他營運現金,其他營運現金,其他營運現金,,,PASS
"晶心科(6533,N,中立)-CTBC251208.pdf",5,FIN-P5-T2,5,1,25,25,25,25.0,25.0,PASS
"晶心科(6533,N,中立)-CTBC251208.pdf",5,FIN-P5-T2,5,2,100,100,100,100.0,100.0,PASS
"晶心科(6533,N,中立)-CTBC251208.pdf",5,FIN-P5-T2,5,3,-154,-154,-154,-154.0,-154.0,PASS
"晶心科(6533,N,中立)-CTBC251208.pdf",5,FIN-P5-T2,5,4,-82,-82,-82,-82.0,-82.0,PASS
"晶心科(6533,N,中立)-CTBC251208.pdf",5,FIN-P5-T2,6,0,投資活動現金,投資活動現金,投資活動現金,,,PASS
"晶心科(6533,N,中立)-CTBC251208.pdf",5,FIN-P5-T2,6,1,-225,-225,-225,-225.0,-225.0,PASS
"晶心科(6533,N,中立)-CTBC251208.pdf",5,FIN-P5-T2,6,2,-469,-469,-469,-469.0,-469.0,PASS
"晶心科(6533,N,中立)-CTBC251208.pdf",5,FIN-P5-T2,6,3,"-2,035","-2,035","-2,035",-2035.0,-2035.0,PASS
"晶心科(6533,N,中立)-CTBC251208.pdf",5,FIN-P5-T2,6,4,-153,-153,-153,-153.0,-153.0,PASS
"晶心科(6533,N,中立)-CTBC251208.pdf",5,FIN-P5-T2,7,0,資本支出淨額,資本支出淨額,資本支出淨額,,,PASS
"晶心科(6533,N,中立)-CTBC251208.pdf",5,FIN-P5-T2,7,1,-9,-9,-9,-9.0,-9.0,PASS
"晶心科(6533,N,中立)-CTBC251208.pdf",5,FIN-P5-T2,7,2,-60,-60,-60,-60.0,-60.0,PASS
"晶心科(6533,N,中立)-CTBC251208.pdf",5,FIN-P5-T2,7,3,-51,-51,-51,-51.0,-51.0,PASS
"晶心科(6533,N,中立)-CTBC251208.pdf",5,FIN-P5-T2,7,4,-4,-4,-4,-4.0,-4.0,PASS
"晶心科(6533,N,中立)-CTBC251208.pdf",5,FIN-P5-T2,8,0,長期投資變動,長期投資變動,長期投資變動,,,PASS
"晶心科(6533,N,中立)-CTBC251208.pdf",5,FIN-P5-T2,8,1,0,0,0,0.0,0.0,PASS
"晶心科(6533,N,中立)-CTBC251208.pdf",5,FIN-P5-T2,8,2,180,180,180,180.0,180.0,PASS
"晶心科(6533,N,中立)-CTBC251208.pdf",5,FIN-P5-T2,8,3,"-1,078","-1,078","-1,078",-1078.0,-1078.0,PASS
"晶心科(6533,N,中立)-CTBC251208.pdf",5,FIN-P5-T2,8,4,"1,078","1,078","1,078",1078.0,1078.0,PASS
"晶心科(6533,N,中立)-CTBC251208.pdf",5,FIN-P5-T2,9,0,其他投資現金,其他投資現金,其他投資現金,,,PASS
"晶心科(6533,N,中立)-CTBC251208.pdf",5,FIN-P5-T2,9,1,-216,-216,-216,-216.0,-216.0,PASS
"晶心科(6533,N,中立)-CTBC251208.pdf",5,FIN-P5-T2,9,2,-589,-589,-589,-589.0,-589.0,PASS
"晶心科(6533,N,中立)-CTBC251208.pdf",5,FIN-P5-T2,9,3,-906,-906,-906,-906.0,-906.0,PASS
"晶心科(6533,N,中立)-CTBC251208.pdf",5,FIN-P5-T2,9,4,"-1,227","-1,227","-1,227",-1227.0,-1227.0,PASS
"晶心科(6533,N,中立)-CTBC251208.pdf",5,FIN-P5-T2,10,0,籌資活動現金,籌資活動現金,籌資活動現金,,,PASS
"晶心科(6533,N,中立)-CTBC251208.pdf",5,FIN-P5-T2,10,1,"3,394","3,394","3,394",3394.0,3394.0,PASS
"晶心科(6533,N,中立)-CTBC251208.pdf",5,FIN-P5-T2,10,2,-164,-164,-164,-164.0,-164.0,PASS
"晶心科(6533,N,中立)-CTBC251208.pdf",5,FIN-P5-T2,10,3,-102,-102,-102,-102.0,-102.0,PASS
"晶心科(6533,N,中立)-CTBC251208.pdf",5,FIN-P5-T2,10,4,-35,-35,-35,-35.0,-35.0,PASS
"晶心科(6533,N,中立)-CTBC251208.pdf",5,FIN-P5-T2,11,0,長借/公司債變動,長借/公司債變動,長借/公司債變動,,,PASS
"晶心科(6533,N,中立)-CTBC251208.pdf",5,FIN-P5-T2,11,1,0,0,0,0.0,0.0,PASS
"晶心科(6533,N,中立)-CTBC251208.pdf",5,FIN-P5-T2,11,2,0,0,0,0.0,0.0,PASS
"晶心科(6533,N,中立)-CTBC251208.pdf",5,FIN-P5-T2,11,3,0,0,0,0.0,0.0,PASS
"晶心科(6533,N,中立)-CTBC251208.pdf",5,FIN-P5-T2,11,4,0,0,0,0.0,0.0,PASS
"晶心科(6533,N,中立)-CTBC251208.pdf",5,FIN-P5-T2,12,0,現金增資,現金增資,現金增資,,,PASS
"晶心科(6533,N,中立)-CTBC251208.pdf",5,FIN-P5-T2,12,1,"3,447","3,447","3,447",3447.0,3447.0,PASS
"晶心科(6533,N,中立)-CTBC251208.pdf",5,FIN-P5-T2,12,2,0,0,0,0.0,0.0,PASS
"晶心科(6533,N,中立)-CTBC251208.pdf",5,FIN-P5-T2,12,3,0,0,0,0.0,0.0,PASS
"晶心科(6533,N,中立)-CTBC251208.pdf",5,FIN-P5-T2,12,4,0,0,0,0.0,0.0,PASS
"晶心科(6533,N,中立)-CTBC251208.pdf",5,FIN-P5-T2,13,0,發放現金股利,發放現金股利,發放現金股利,,,PASS
"晶心科(6533,N,中立)-CTBC251208.pdf",5,FIN-P5-T2,13,1,-32,-32,-32,-32.0,-32.0,PASS
"晶心科(6533,N,中立)-CTBC251208.pdf",5,FIN-P5-T2,13,2,-144,-144,-144,-144.0,-144.0,PASS
"晶心科(6533,N,中立)-CTBC251208.pdf",5,FIN-P5-T2,13,3,-76,-76,-76,-76.0,-76.0,PASS
"晶心科(6533,N,中立)-CTBC251208.pdf",5,FIN-P5-T2,13,4,0,0,0,0.0,0.0,PASS
"晶心科(6533,N,中立)-CTBC251208.pdf",5,FIN-P5-T2,14,0,其他籌資現金,其他籌資現金,其他籌資現金,,,PASS
"晶心科(6533,N,中立)-CTBC251208.pdf",5,FIN-P5-T2,14,1,-21,-21,-21,-21.0,-21.0,PASS
"晶心科(6533,N,中立)-CTBC251208.pdf",5,FIN-P5-T2,14,2,-19,-19,-19,-19.0,-19.0,PASS
"晶心科(6533,N,中立)-CTBC251208.pdf",5,FIN-P5-T2,14,3,-26,-26,-26,-26.0,-26.0,PASS
"晶心科(6533,N,中立)-CTBC251208.pdf",5,FIN-P5-T2,14,4,-35,-35,-35,-35.0,-35.0,PASS
"晶心科(6533,N,中立)-CTBC251208.pdf",5,FIN-P5-T2,15,0,淨現金流量,淨現金流量,淨現金流量,,,PASS
"晶心科(6533,N,中立)-CTBC251208.pdf",5,FIN-P5-T2,15,1,"3,478","3,478","3,478",3478.0,3478.0,PASS
"晶心科(6533,N,中立)-CTBC251208.pdf",5,FIN-P5-T2,15,2,93,93,93,93.0,93.0,PASS
"晶心科(6533,N,中立)-CTBC251208.pdf",5,FIN-P5-T2,15,3,"-2,208","-2,208","-2,208",-2208.0,-2208.0,PASS
"晶心科(6533,N,中立)-CTBC251208.pdf",5,FIN-P5-T2,15,4,193,193,193,193.0,193.0,PASS
"晶心科(6533,N,中立)-CTBC251208.pdf",5,FIN-P5-T2,16,0,期初現金,期初現金,期初現金,,,PASS
"晶心科(6533,N,中立)-CTBC251208.pdf",5,FIN-P5-T2,16,1,527,527,527,527.0,527.0,PASS
"晶心科(6533,N,中立)-CTBC251208.pdf",5,FIN-P5-T2,16,2,"4,005","4,005","4,005",4005.0,4005.0,PASS
"晶心科(6533,N,中立)-CTBC251208.pdf",5,FIN-P5-T2,16,3,"4,098","4,098","4,098",4098.0,4098.0,PASS
"晶心科(6533,N,中立)-CTBC251208.pdf",5,FIN-P5-T2,16,4,"1,890","1,890","1,890",1890.0,1890.0,PASS
"晶心科(6533,N,中立)-CTBC251208.pdf",5,FIN-P5-T2,17,0,期末現金,期末現金,期末現金,,,PASS
"晶心科(6533,N,中立)-CTBC251208.pdf",5,FIN-P5-T2,17,1,"4,005","4,005","4,005",4005.0,4005.0,PASS
"晶心科(6533,N,中立)-CTBC251208.pdf",5,FIN-P5-T2,17,2,"4,098","4,098","4,098",4098.0,4098.0,PASS
"晶心科(6533,N,中立)-CTBC251208.pdf",5,FIN-P5-T2,17,3,"1,890","1,890","1,890",1890.0,1890.0,PASS
"晶心科(6533,N,中立)-CTBC251208.pdf",5,FIN-P5-T2,17,4,"2,083","2,083","2,083",2083.0,2083.0,PASS
"晶心科(6533,N,中立)-CTBC251208.pdf",5,FIN-P5-T3,3,0,營業收入淨額,營業收入淨額,營業收入淨額,,,PASS
"晶心科(6533,N,中立)-CTBC251208.pdf",5,FIN-P5-T3,3,1,"1,058","1,058","1,058",1058.0,1058.0,PASS
"晶心科(6533,N,中立)-CTBC251208.pdf",5,FIN-P5-T3,3,2,"1,382","1,382","1,382",1382.0,1382.0,PASS
"晶心科(6533,N,中立)-CTBC251208.pdf",5,FIN-P5-T3,3,3,"1,657","1,657","1,657",1657.0,1657.0,PASS
"晶心科(6533,N,中立)-CTBC251208.pdf",5,FIN-P5-T3,3,4,"2,169","2,169","2,169",2169.0,2169.0,PASS
"晶心科(6533,N,中立)-CTBC251208.pdf",5,FIN-P5-T3,3,5,"2,948","2,948","2,948",2948.0,2948.0,PASS
"晶心科(6533,N,中立)-CTBC251208.pdf",5,FIN-P5-T3,4,0,營業成本,營業成本,營業成本,,,PASS
"晶心科(6533,N,中立)-CTBC251208.pdf",5,FIN-P5-T3,4,1,1,1,1,1.0,1.0,PASS
"晶心科(6533,N,中立)-CTBC251208.pdf",5,FIN-P5-T3,4,2,1,1,1,1.0,1.0,PASS
"晶心科(6533,N,中立)-CTBC251208.pdf",5,FIN-P5-T3,4,3,1,1,1,1.0,1.0,PASS
"晶心科(6533,N,中立)-CTBC251208.pdf",5,FIN-P5-T3,4,4,1,1,1,1.0,1.0,PASS
"晶心科(6533,N,中立)-CTBC251208.pdf",5,FIN-P5-T3,4,5,2,2,2,2.0,2.0,PASS
"晶心科(6533,N,中立)-CTBC251208.pdf",5,FIN-P5-T3,5,0,營業毛利淨額,營業毛利淨額,營業毛利淨額,,,PASS
"晶心科(6533,N,中立)-CTBC251208.pdf",5,FIN-P5-T3,5,1,"1,057","1,057","1,057",1057.0,1057.0,PASS
"晶心科(6533,N,中立)-CTBC251208.pdf",5,FIN-P5-T3,5,2,"1,381","1,381","1,381",1381.0,1381.0,PASS
"晶心科(6533,N,中立)-CTBC251208.pdf",5,FIN-P5-T3,5,3,"1,656","1,656","1,656",1656.0,1656.0,PASS
"晶心科(6533,N,中立)-CTBC251208.pdf",5,FIN-P5-T3,5,4,"2,168","2,168","2,168",2168.0,2168.0,PASS
"晶心科(6533,N,中立)-CTBC251208.pdf",5,FIN-P5-T3,5,5,"2,946","2,946","2,946",2946.0,2946.0,PASS
"晶心科(6533,N,中立)-CTBC251208.pdf",5,FIN-P5-T3,6,0,營業費用,營業費用,營業費用,,,PASS
"晶心科(6533,N,中立)-CTBC251208.pdf",5,FIN-P5-T3,6,1,"1,325","1,325","1,325",1325.0,1325.0,PASS
"晶心科(6533,N,中立)-CTBC251208.pdf",5,FIN-P5-T3,6,2,"1,657","1,657","1,657",1657.0,1657.0,PASS
"晶心科(6533,N,中立)-CTBC251208.pdf",5,FIN-P5-T3,6,3,"1,854","1,854","1,854",1854.0,1854.0,PASS
"晶心科(6533,N,中立)-CTBC251208.pdf",5,FIN-P5-T3,6,4,"1,873","1,873","1,873",1873.0,1873.0,PASS
"晶心科(6533,N,中立)-CTBC251208.pdf",5,FIN-P5-T3,6,5,"2,022","2,022","2,022",2022.0,2022.0,PASS
"晶心科(6533,N,中立)-CTBC251208.pdf",5,FIN-P5-T3,7,0,營業利益,營業利益,營業利益,,,PASS
"晶心科(6533,N,中立)-CTBC251208.pdf",5,FIN-P5-T3,7,1,-268,-268,-268,-268.0,-268.0,PASS
"晶心科(6533,N,中立)-CTBC251208.pdf",5,FIN-P5-T3,7,2,-276,-276,-276,-276.0,-276.0,PASS
"晶心科(6533,N,中立)-CTBC251208.pdf",5,FIN-P5-T3,7,3,-198,-198,-198,-198.0,-198.0,PASS
"晶心科(6533,N,中立)-CTBC251208.pdf",5,FIN-P5-T3,7,4,295,295,295,295.0,295.0,PASS
"晶心科(6533,N,中立)-CTBC251208.pdf",5,FIN-P5-T3,7,5,924,924,924,924.0,924.0,PASS
"晶心科(6533,N,中立)-CTBC251208.pdf",5,FIN-P5-T3,8,0,EBITDA,EBITDA,EBITDA,,,PASS
"晶心科(6533,N,中立)-CTBC251208.pdf",5,FIN-P5-T3,8,1,22,22,22,22.0,22.0,PASS
"晶心科(6533,N,中立)-CTBC251208.pdf",5,FIN-P5-T3,8,2,377,377,377,377.0,377.0,PASS
"晶心科(6533,N,中立)-CTBC251208.pdf",5,FIN-P5-T3,8,3,281,281,281,281.0,281.0,PASS
"晶心科(6533,N,中立)-CTBC251208.pdf",5,FIN-P5-T3,8,4,870,870,870,870.0,870.0,PASS
"晶心科(6533,N,中立)-CTBC251208.pdf",5,FIN-P5-T3,8,5,"1,469","1,469","1,469",1469.0,1469.0,PASS
"晶心科(6533,N,中立)-CTBC251208.pdf",5,FIN-P5-T3,9,0,業外收入及支出,業外收入及支出,業外收入及支出,,,PASS
"晶心科(6533,N,中立)-CTBC251208.pdf",5,FIN-P5-T3,9,1,169,169,169,169.0,169.0,PASS
"晶心科(6533,N,中立)-CTBC251208.pdf",5,FIN-P5-T3,9,2,288,288,288,288.0,288.0,PASS
"晶心科(6533,N,中立)-CTBC251208.pdf",5,FIN-P5-T3,9,3,-50,-50,-50,-50.0,-50.0,PASS
"晶心科(6533,N,中立)-CTBC251208.pdf",5,FIN-P5-T3,9,4,91,91,91,91.0,91.0,PASS
"晶心科(6533,N,中立)-CTBC251208.pdf",5,FIN-P5-T3,9,5,60,60,60,60.0,60.0,PASS
"晶心科(6533,N,中立)-CTBC251208.pdf",5,FIN-P5-T3,10,0,稅前純益,稅前純益,稅前純益,,,PASS
"晶心科(6533,N,中立)-CTBC251208.pdf",5,FIN-P5-T3,10,1,-99,-99,-99,-99.0,-99.0,PASS
"晶心科(6533,N,中立)-CTBC251208.pdf",5,FIN-P5-T3,10,2,12,12,12,12.0,12.0,PASS
"晶心科(6533,N,中立)-CTBC251208.pdf",5,FIN-P5-T3,10,3,-248,-248,-248,-248.0,-248.0,PASS
"晶心科(6533,N,中立)-CTBC251208.pdf",5,FIN-P5-T3,10,4,387,387,387,387.0,387.0,PASS
"晶心科(6533,N,中立)-CTBC251208.pdf",5,FIN-P5-T3,10,5,984,984,984,984.0,984.0,PASS
"晶心科(6533,N,中立)-CTBC251208.pdf",5,FIN-P5-T3,11,0,所得稅,所得稅,所得稅,,,PASS
"晶心科(6533,N,中立)-CTBC251208.pdf",5,FIN-P5-T3,11,1,3,3,3,3.0,3.0,PASS
"晶心科(6533,N,中立)-CTBC251208.pdf",5,FIN-P5-T3,11,2,10,10,10,10.0,10.0,PASS
"晶心科(6533,N,中立)-CTBC251208.pdf",5,FIN-P5-T3,11,3,-11,-11,-11,-11.0,-11.0,PASS
"晶心科(6533,N,中立)-CTBC251208.pdf",5,FIN-P5-T3,11,4,81,81,81,81.0,81.0,PASS
"晶心科(6533,N,中立)-CTBC251208.pdf",5,FIN-P5-T3,11,5,206,206,206,206.0,206.0,PASS
"晶心科(6533,N,中立)-CTBC251208.pdf",5,FIN-P5-T3,12,0,稅後純益,稅後純益,稅後純益,,,PASS
"晶心科(6533,N,中立)-CTBC251208.pdf",5,FIN-P5-T3,12,1,-102,-102,-102,-102.0,-102.0,PASS
"晶心科(6533,N,中立)-CTBC251208.pdf",5,FIN-P5-T3,12,2,2,2,2,2.0,2.0,PASS
"晶心科(6533,N,中立)-CTBC251208.pdf",5,FIN-P5-T3,12,3,-237,-237,-237,-237.0,-237.0,PASS
"晶心科(6533,N,中立)-CTBC251208.pdf",5,FIN-P5-T3,12,4,306,306,306,306.0,306.0,PASS
"晶心科(6533,N,中立)-CTBC251208.pdf",5,FIN-P5-T3,12,5,778,778,778,778.0,778.0,PASS
"晶心科(6533,N,中立)-CTBC251208.pdf",5,FIN-P5-T3,13,0,公告基本EPS(元),公告基本EPS(元),公告基本EPS(元),,,PASS
"晶心科(6533,N,中立)-CTBC251208.pdf",5,FIN-P5-T3,13,1,-2.01,-2.01,-2.01,-2.01,-2.01,PASS
"晶心科(6533,N,中立)-CTBC251208.pdf",5,FIN-P5-T3,13,2,0.04,0.04,0.04,0.04,0.04,PASS
"晶心科(6533,N,中立)-CTBC251208.pdf",5,FIN-P5-T3,13,3,--,--,--,,,PASS
"晶心科(6533,N,中立)-CTBC251208.pdf",5,FIN-P5-T3,13,4,--,--,--,,,PASS
"晶心科(6533,N,中立)-CTBC251208.pdf",5,FIN-P5-T3,13,5,--,--,--,,,PASS
"晶心科(6533,N,中立)-CTBC251208.pdf",5,FIN-P5-T3,14,0,調整後EPS(元),調整後EPS(元),調整後EPS(元),,,PASS
"晶心科(6533,N,中立)-CTBC251208.pdf",5,FIN-P5-T3,14,1,-2.01,-2.01,-2.01,-2.01,-2.01,PASS
"晶心科(6533,N,中立)-CTBC251208.pdf",5,FIN-P5-T3,14,2,0.04,0.04,0.04,0.04,0.04,PASS
"晶心科(6533,N,中立)-CTBC251208.pdf",5,FIN-P5-T3,14,3,-4.67,-4.67,-4.67,-4.67,-4.67,PASS
"晶心科(6533,N,中立)-CTBC251208.pdf",5,FIN-P5-T3,14,4,6.03,6.03,6.03,6.03,6.03,PASS
"晶心科(6533,N,中立)-CTBC251208.pdf",5,FIN-P5-T3,14,5,15.35,15.35,15.35,15.35,15.35,PASS
"晶心科(6533,N,中立)-CTBC251208.pdf",5,FIN-P5-T3,16,0,384.10594,384.10594,384.10594,,,PASS
"晶心科(6533,N,中立)-CTBC251208.pdf",5,FIN-P5-T3,16,1,,,,,,PASS
"晶心科(6533,N,中立)-CTBC251208.pdf",5,FIN-P5-T3,16,2,,,,,,PASS
"晶心科(6533,N,中立)-CTBC251208.pdf",5,FIN-P5-T3,16,3,,,,,,PASS
"晶心科(6533,N,中立)-CTBC251208.pdf",5,FIN-P5-T3,16,4,,,,,,PASS
"晶心科(6533,N,中立)-CTBC251208.pdf",5,FIN-P5-T3,16,5,,,,,,PASS
"晶心科(6533,N,中立)-CTBC251208.pdf",5,FIN-P5-T4,3,0,成長力分析(%),成長力分析(%),成長力分析(%),,,PASS
"晶心科(6533,N,中立)-CTBC251208.pdf",5,FIN-P5-T4,3,1,,,,,,PASS
"晶心科(6533,N,中立)-CTBC251208.pdf",5,FIN-P5-T4,3,2,,,,,,PASS
"晶心科(6533,N,中立)-CTBC251208.pdf",5,FIN-P5-T4,3,3,,,,,,PASS
"晶心科(6533,N,中立)-CTBC251208.pdf",5,FIN-P5-T4,3,4,,,,,,PASS
"晶心科(6533,N,中立)-CTBC251208.pdf",5,FIN-P5-T4,3,5,,,,,,PASS
"晶心科(6533,N,中立)-CTBC251208.pdf",5,FIN-P5-T4,4,0,營業收入淨額,營業收入淨額,營業收入淨額,,,PASS
"晶心科(6533,N,中立)-CTBC251208.pdf",5,FIN-P5-T4,4,1,13.52%,13.52%,13.52%,13.52,13.52,PASS
"晶心科(6533,N,中立)-CTBC251208.pdf",5,FIN-P5-T4,4,2,30.60%,30.60%,30.60%,30.6,30.6,PASS
"晶心科(6533,N,中立)-CTBC251208.pdf",5,FIN-P5-T4,4,3,19.92%,19.92%,19.92%,19.92,19.92,PASS
"晶心科(6533,N,中立)-CTBC251208.pdf",5,FIN-P5-T4,4,4,30.92%,30.92%,30.92%,30.92,30.92,PASS
"晶心科(6533,N,中立)-CTBC251208.pdf",5,FIN-P5-T4,4,5,35.92%,35.92%,35.92%,35.92,35.92,PASS
"晶心科(6533,N,中立)-CTBC251208.pdf",5,FIN-P5-T4,5,0,營業毛利淨額,營業毛利淨額,營業毛利淨額,,,PASS
"晶心科(6533,N,中立)-CTBC251208.pdf",5,FIN-P5-T4,5,1,13.52%,13.52%,13.52%,13.52,13.52,PASS
"晶心科(6533,N,中立)-CTBC251208.pdf",5,FIN-P5-T4,5,2,30.64%,30.64%,30.64%,30.64,30.64,PASS
"晶心科(6533,N,中立)-CTBC251208.pdf",5,FIN-P5-T4,5,3,19.90%,19.90%,19.90%,19.9,19.9,PASS
"晶心科(6533,N,中立)-CTBC251208.pdf",5,FIN-P5-T4,5,4,30.92%,30.92%,30.92%,30.92,30.92,PASS
"晶心科(6533,N,中立)-CTBC251208.pdf",5,FIN-P5-T4,5,5,35.92%,35.92%,35.92%,35.92,35.92,PASS
"晶心科(6533,N,中立)-CTBC251208.pdf",5,FIN-P5-T4,6,0,營業利益,營業利益,營業利益,,,PASS
"晶心科(6533,N,中立)-CTBC251208.pdf",5,FIN-P5-T4,6,1,--,--,--,,,PASS
"晶心科(6533,N,中立)-CTBC251208.pdf",5,FIN-P5-T4,6,2,--,--,--,,,PASS
"晶心科(6533,N,中立)-CTBC251208.pdf",5,FIN-P5-T4,6,3,--,--,--,,,PASS
"晶心科(6533,N,中立)-CTBC251208.pdf",5,FIN-P5-T4,6,4,--,--,--,,,PASS
"晶心科(6533,N,中立)-CTBC251208.pdf",5,FIN-P5-T4,6,5,213.11%,213.11%,213.11%,213.11,213.11,PASS
"晶心科(6533,N,中立)-CTBC251208.pdf",5,FIN-P5-T4,7,0,稅後純益,稅後純益,稅後純益,,,PASS
"晶心科(6533,N,中立)-CTBC251208.pdf",5,FIN-P5-T4,7,1,--,--,--,,,PASS
"晶心科(6533,N,中立)-CTBC251208.pdf",5,FIN-P5-T4,7,2,--,--,--,,,PASS
"晶心科(6533,N,中立)-CTBC251208.pdf",5,FIN-P5-T4,7,3,--,--,--,,,PASS
"晶心科(6533,N,中立)-CTBC251208.pdf",5,FIN-P5-T4,7,4,--,--,--,,,PASS
"晶心科(6533,N,中立)-CTBC251208.pdf",5,FIN-P5-T4,7,5,154.69%,154.69%,154.69%,154.69,154.69,PASS
"晶心科(6533,N,中立)-CTBC251208.pdf",5,FIN-P5-T4,8,0,獲利能力分析(%),獲利能力分析(%),獲利能力分析(%),,,PASS
"晶心科(6533,N,中立)-CTBC251208.pdf",5,FIN-P5-T4,8,1,,,,,,PASS
"晶心科(6533,N,中立)-CTBC251208.pdf",5,FIN-P5-T4,8,2,,,,,,PASS
"晶心科(6533,N,中立)-CTBC251208.pdf",5,FIN-P5-T4,8,3,,,,,,PASS
"晶心科(6533,N,中立)-CTBC251208.pdf",5,FIN-P5-T4,8,4,,,,,,PASS
"晶心科(6533,N,中立)-CTBC251208.pdf",5,FIN-P5-T4,8,5,,,,,,PASS
"晶心科(6533,N,中立)-CTBC251208.pdf",5,FIN-P5-T4,9,0,毛利率,毛利率,毛利率,,,PASS
"晶心科(6533,N,中立)-CTBC251208.pdf",5,FIN-P5-T4,9,1,99.92%,99.92%,99.92%,99.92,99.92,PASS
"晶心科(6533,N,中立)-CTBC251208.pdf",5,FIN-P5-T4,9,2,99.95%,99.95%,99.95%,99.95,99.95,PASS
"晶心科(6533,N,中立)-CTBC251208.pdf",5,FIN-P5-T4,9,3,99.94%,99.94%,99.94%,99.94,99.94,PASS
"晶心科(6533,N,中立)-CTBC251208.pdf",5,FIN-P5-T4,9,4,99.94%,99.94%,99.94%,99.94,99.94,PASS
"晶心科(6533,N,中立)-CTBC251208.pdf",5,FIN-P5-T4,9,5,99.94%,99.94%,99.94%,99.94,99.94,PASS
"晶心科(6533,N,中立)-CTBC251208.pdf",5,FIN-P5-T4,10,0,EBITDA(%),EBITDA(%),EBITDA(%),,,PASS
"晶心科(6533,N,中立)-CTBC251208.pdf",5,FIN-P5-T4,10,1,2.06%,2.06%,2.06%,2.06,2.06,PASS
"晶心科(6533,N,中立)-CTBC251208.pdf",5,FIN-P5-T4,10,2,27.31%,27.31%,27.31%,27.31,27.31,PASS
"晶心科(6533,N,中立)-CTBC251208.pdf",5,FIN-P5-T4,10,3,16.95%,16.95%,16.95%,16.95,16.95,PASS
"晶心科(6533,N,中立)-CTBC251208.pdf",5,FIN-P5-T4,10,4,40.12%,40.12%,40.12%,40.12,40.12,PASS
"晶心科(6533,N,中立)-CTBC251208.pdf",5,FIN-P5-T4,10,5,49.82%,49.82%,49.82%,49.82,49.82,PASS
"晶心科(6533,N,中立)-CTBC251208.pdf",5,FIN-P5-T4,11,0,營益率,營益率,營益率,,,PASS
"晶心科(6533,N,中立)-CTBC251208.pdf",5,FIN-P5-T4,11,1,-25.38%,-25.38%,-25.38%,-25.38,-25.38,PASS
"晶心科(6533,N,中立)-CTBC251208.pdf",5,FIN-P5-T4,11,2,-19.98%,-19.98%,-19.98%,-19.98,-19.98,PASS
"晶心科(6533,N,中立)-CTBC251208.pdf",5,FIN-P5-T4,11,3,-11.97%,-11.97%,-11.97%,-11.97,-11.97,PASS
"晶心科(6533,N,中立)-CTBC251208.pdf",5,FIN-P5-T4,11,4,13.60%,13.60%,13.60%,13.6,13.6,PASS
"晶心科(6533,N,中立)-CTBC251208.pdf",5,FIN-P5-T4,11,5,31.34%,31.34%,31.34%,31.34,31.34,PASS
"晶心科(6533,N,中立)-CTBC251208.pdf",5,FIN-P5-T4,12,0,稅後純益率,稅後純益率,稅後純益率,,,PASS
"晶心科(6533,N,中立)-CTBC251208.pdf",5,FIN-P5-T4,12,1,-9.62%,-9.62%,-9.62%,-9.62,-9.62,PASS
"晶心科(6533,N,中立)-CTBC251208.pdf",5,FIN-P5-T4,12,2,0.14%,0.14%,0.14%,0.14,0.14,PASS
"晶心科(6533,N,中立)-CTBC251208.pdf",5,FIN-P5-T4,12,3,-14.29%,-14.29%,-14.29%,-14.29,-14.29,PASS
"晶心科(6533,N,中立)-CTBC251208.pdf",5,FIN-P5-T4,12,4,14.09%,14.09%,14.09%,14.09,14.09,PASS
"晶心科(6533,N,中立)-CTBC251208.pdf",5,FIN-P5-T4,12,5,26.40%,26.40%,26.40%,26.4,26.4,PASS
"晶心科(6533,N,中立)-CTBC251208.pdf",5,FIN-P5-T4,13,0,ROE(%),ROE(%),ROE(%),,,PASS
"晶心科(6533,N,中立)-CTBC251208.pdf",5,FIN-P5-T4,13,1,-2.08%,-2.08%,-2.08%,-2.08,-2.08,PASS
"晶心科(6533,N,中立)-CTBC251208.pdf",5,FIN-P5-T4,13,2,0.04%,0.04%,0.04%,0.04,0.04,PASS
"晶心科(6533,N,中立)-CTBC251208.pdf",5,FIN-P5-T4,13,3,-4.90%,-4.90%,-4.90%,-4.9,-4.9,PASS
"晶心科(6533,N,中立)-CTBC251208.pdf",5,FIN-P5-T4,13,4,6.29%,6.29%,6.29%,6.29,6.29,PASS
"晶心科(6533,N,中立)-CTBC251208.pdf",5,FIN-P5-T4,13,5,15.94%,15.94%,15.94%,15.94,15.94,PASS
GS-6415 20260517.pdf,2,N01-P2-T1,1,0,Totalrevenue,Totalrevenue,Totalrevenue,,,PASS
GS-6415 20260517.pdf,2,N01-P2-T1,1,1,"18,812.1","18,812.1","18,812.1",18812.1,18812.1,PASS
GS-6415 20260517.pdf,2,N01-P2-T1,1,2,"23,551.1","23,551.1","23,551.1",23551.1,23551.1,PASS
GS-6415 20260517.pdf,2,N01-P2-T1,1,3,"31,181.2","31,181.2","31,181.2",31181.2,31181.2,PASS
GS-6415 20260517.pdf,2,N01-P2-T1,1,4,"39,865.1","39,865.1","39,865.1",39865.1,39865.1,PASS
GS-6415 20260517.pdf,2,N01-P2-T1,2,0,Costofgoodssold,Costofgoodssold,Costofgoodssold,,,PASS
GS-6415 20260517.pdf,2,N01-P2-T1,2,1,"(9,101.9)","(9,101.9)","(9,101.9)",-9101.9,-9101.9,PASS
GS-6415 20260517.pdf,2,N01-P2-T1,2,2,"(11,542.6)","(11,542.6)","(11,542.6)",-11542.6,-11542.6,PASS
GS-6415 20260517.pdf,2,N01-P2-T1,2,3,"(14,104.7)","(14,104.7)","(14,104.7)",-14104.7,-14104.7,PASS
GS-6415 20260517.pdf,2,N01-P2-T1,2,4,"(17,722.3)","(17,722.3)","(17,722.3)",-17722.3,-17722.3,PASS
GS-6415 20260517.pdf,2,N01-P2-T1,3,0,SG&A,SG&A,SG&A,,,PASS
GS-6415 20260517.pdf,2,N01-P2-T1,3,1,"(2,438.8)","(2,438.8)","(2,438.8)",-2438.8,-2438.8,PASS
GS-6415 20260517.pdf,2,N01-P2-T1,3,2,"(2,454.3)","(2,454.3)","(2,454.3)",-2454.3,-2454.3,PASS
GS-6415 20260517.pdf,2,N01-P2-T1,3,3,"(2,622.0)","(2,622.0)","(2,622.0)",-2622.0,-2622.0,PASS
GS-6415 20260517.pdf,2,N01-P2-T1,3,4,"(2,789.5)","(2,789.5)","(2,789.5)",-2789.5,-2789.5,PASS
GS-6415 20260517.pdf,2,N01-P2-T1,4,0,R&D,R&D,R&D,,,PASS
GS-6415 20260517.pdf,2,N01-P2-T1,4,1,"(5,110.9)","(5,110.9)","(5,110.9)",-5110.9,-5110.9,PASS
GS-6415 20260517.pdf,2,N01-P2-T1,4,2,"(5,717.4)","(5,717.4)","(5,717.4)",-5717.4,-5717.4,PASS
GS-6415 20260517.pdf,2,N01-P2-T1,4,3,"(6,138.5)","(6,138.5)","(6,138.5)",-6138.5,-6138.5,PASS
GS-6415 20260517.pdf,2,N01-P2-T1,4,4,"(6,571.5)","(6,571.5)","(6,571.5)",-6571.5,-6571.5,PASS
GS-6415 20260517.pdf,2,N01-P2-T1,5,0,Otheroperatinginc./(exp.),Otheroperatinginc./(exp.),Otheroperatinginc./(exp.),,,PASS
GS-6415 20260517.pdf,2,N01-P2-T1,5,1,--,--,--,,,PASS
GS-6415 20260517.pdf,2,N01-P2-T1,5,2,--,--,--,,,PASS
GS-6415 20260517.pdf,2,N01-P2-T1,5,3,--,--,--,,,PASS
GS-6415 20260517.pdf,2,N01-P2-T1,5,4,--,--,--,,,PASS
GS-6415 20260517.pdf,2,N01-P2-T1,6,0,EBITDA,EBITDA,EBITDA,,,PASS
GS-6415 20260517.pdf,2,N01-P2-T1,6,1,"2,951.9","2,951.9","2,951.9",2951.9,2951.9,PASS
GS-6415 20260517.pdf,2,N01-P2-T1,6,2,"4,598.1","4,598.1","4,598.1",4598.1,4598.1,PASS
GS-6415 20260517.pdf,2,N01-P2-T1,6,3,"9,037.7","9,037.7","9,037.7",9037.7,9037.7,PASS
GS-6415 20260517.pdf,2,N01-P2-T1,6,4,"13,468.3","13,468.3","13,468.3",13468.3,13468.3,PASS
GS-6415 20260517.pdf,2,N01-P2-T1,7,0,Depreciation&amortization,Depreciation&amortization,Depreciation&amortization,,,PASS
GS-6415 20260517.pdf,2,N01-P2-T1,7,1,(791.3),(791.3),(791.3),-791.3,-791.3,PASS
GS-6415 20260517.pdf,2,N01-P2-T1,7,2,(761.3),(761.3),(761.3),-761.3,-761.3,PASS
GS-6415 20260517.pdf,2,N01-P2-T1,7,3,(721.7),(721.7),(721.7),-721.7,-721.7,PASS
GS-6415 20260517.pdf,2,N01-P2-T1,7,4,(686.6),(686.6),(686.6),-686.6,-686.6,PASS
GS-6415 20260517.pdf,2,N01-P2-T1,8,0,EBIT,EBIT,EBIT,,,PASS
GS-6415 20260517.pdf,2,N01-P2-T1,8,1,"2,160.6","2,160.6","2,160.6",2160.6,2160.6,PASS
GS-6415 20260517.pdf,2,N01-P2-T1,8,2,"3,836.9","3,836.9","3,836.9",3836.9,3836.9,PASS
GS-6415 20260517.pdf,2,N01-P2-T1,8,3,"8,315.9","8,315.9","8,315.9",8315.9,8315.9,PASS
GS-6415 20260517.pdf,2,N01-P2-T1,8,4,"12,781.7","12,781.7","12,781.7",12781.7,12781.7,PASS
GS-6415 20260517.pdf,2,N01-P2-T1,9,0,Netinterestinc./(exp.),Netinterestinc./(exp.),Netinterestinc./(exp.),,,PASS
GS-6415 20260517.pdf,2,N01-P2-T1,9,1,318.8,318.8,318.8,318.8,318.8,PASS
GS-6415 20260517.pdf,2,N01-P2-T1,9,2,597.7,597.7,597.7,597.7,597.7,PASS
GS-6415 20260517.pdf,2,N01-P2-T1,9,3,597.7,597.7,597.7,597.7,597.7,PASS
GS-6415 20260517.pdf,2,N01-P2-T1,9,4,597.7,597.7,597.7,597.7,597.7,PASS
GS-6415 20260517.pdf,2,N01-P2-T1,10,0,Income/(loss)fromassociates,Income/(loss)fromassociates,Income/(loss)fromassociates,,,PASS
GS-6415 20260517.pdf,2,N01-P2-T1,10,1,(61.5),(61.5),(61.5),-61.5,-61.5,PASS
GS-6415 20260517.pdf,2,N01-P2-T1,10,2,0.0,0.0,0.0,0.0,0.0,PASS
GS-6415 20260517.pdf,2,N01-P2-T1,10,3,0.0,0.0,0.0,0.0,0.0,PASS
GS-6415 20260517.pdf,2,N01-P2-T1,10,4,--,--,--,,,PASS
GS-6415 20260517.pdf,2,N01-P2-T1,11,0,Pre-taxprofit,Pre-taxprofit,Pre-taxprofit,,,PASS
GS-6415 20260517.pdf,2,N01-P2-T1,11,1,"2,677.0","2,677.0","2,677.0",2677.0,2677.0,PASS
GS-6415 20260517.pdf,2,N01-P2-T1,11,2,"4,621.8","4,621.8","4,621.8",4621.8,4621.8,PASS
GS-6415 20260517.pdf,2,N01-P2-T1,11,3,"8,833.6","8,833.6","8,833.6",8833.6,8833.6,PASS
GS-6415 20260517.pdf,2,N01-P2-T1,11,4,"13,299.4","13,299.4","13,299.4",13299.4,13299.4,PASS
GS-6415 20260517.pdf,2,N01-P2-T1,12,0,Provisionfortaxes,Provisionfortaxes,Provisionfortaxes,,,PASS
GS-6415 20260517.pdf,2,N01-P2-T1,12,1,(144.1),(144.1),(144.1),-144.1,-144.1,PASS
GS-6415 20260517.pdf,2,N01-P2-T1,12,2,(287.3),(287.3),(287.3),-287.3,-287.3,PASS
GS-6415 20260517.pdf,2,N01-P2-T1,12,3,(549.1),(549.1),(549.1),-549.1,-549.1,PASS
GS-6415 20260517.pdf,2,N01-P2-T1,12,4,(826.7),(826.7),(826.7),-826.7,-826.7,PASS
GS-6415 20260517.pdf,2,N01-P2-T1,13,0,Minorityinterest,Minorityinterest,Minorityinterest,,,PASS
GS-6415 20260517.pdf,2,N01-P2-T1,13,1,(55.0),(55.0),(55.0),-55.0,-55.0,PASS
GS-6415 20260517.pdf,2,N01-P2-T1,13,2,123.2,123.2,123.2,123.2,123.2,PASS
GS-6415 20260517.pdf,2,N01-P2-T1,13,3,123.2,123.2,123.2,123.2,123.2,PASS
GS-6415 20260517.pdf,2,N01-P2-T1,13,4,123.2,123.2,123.2,123.2,123.2,PASS
GS-6415 20260517.pdf,2,N01-P2-T1,14,0,Preferreddividends,Preferreddividends,Preferreddividends,,,PASS
GS-6415 20260517.pdf,2,N01-P2-T1,14,1,--,--,--,,,PASS
GS-6415 20260517.pdf,2,N01-P2-T1,14,2,--,--,--,,,PASS
GS-6415 20260517.pdf,2,N01-P2-T1,14,3,--,--,--,,,PASS
GS-6415 20260517.pdf,2,N01-P2-T1,14,4,--,--,--,,,PASS
GS-6415 20260517.pdf,2,N01-P2-T1,15,0,Netinc.(pre-exceptionals),Netinc.(pre-exceptionals),Netinc.(pre-exceptionals),,,PASS
GS-6415 20260517.pdf,2,N01-P2-T1,15,1,"2,477.9","2,477.9","2,477.9",2477.9,2477.9,PASS
GS-6415 20260517.pdf,2,N01-P2-T1,15,2,"4,457.8","4,457.8","4,457.8",4457.8,4457.8,PASS
GS-6415 20260517.pdf,2,N01-P2-T1,15,3,"8,407.7","8,407.7","8,407.7",8407.7,8407.7,PASS
GS-6415 20260517.pdf,2,N01-P2-T1,15,4,"12,595.9","12,595.9","12,595.9",12595.9,12595.9,PASS
GS-6415 20260517.pdf,2,N01-P2-T1,16,0,Post-taxexceptionals,Post-taxexceptionals,Post-taxexceptionals,,,PASS
GS-6415 20260517.pdf,2,N01-P2-T1,16,1,--,--,--,,,PASS
GS-6415 20260517.pdf,2,N01-P2-T1,16,2,--,--,--,,,PASS
GS-6415 20260517.pdf,2,N01-P2-T1,16,3,--,--,--,,,PASS
GS-6415 20260517.pdf,2,N01-P2-T1,16,4,--,--,--,,,PASS
GS-6415 20260517.pdf,2,N01-P2-T1,17,0,Netinc.(post-exceptionals),Netinc.(post-exceptionals),Netinc.(post-exceptionals),,,PASS
GS-6415 20260517.pdf,2,N01-P2-T1,17,1,"2,477.9","2,477.9","2,477.9",2477.9,2477.9,PASS
GS-6415 20260517.pdf,2,N01-P2-T1,17,2,"4,457.8","4,457.8","4,457.8",4457.8,4457.8,PASS
GS-6415 20260517.pdf,2,N01-P2-T1,17,3,"8,407.7","8,407.7","8,407.7",8407.7,8407.7,PASS
GS-6415 20260517.pdf,2,N01-P2-T1,17,4,"12,595.9","12,595.9","12,595.9",12595.9,12595.9,PASS
GS-6415 20260517.pdf,2,N01-P2-T1,18,0,"EPS(basic,pre-except)(NT$)","EPS(basic,pre-except)(NT$)","EPS(basic,pre-except)(NT$)",,,PASS
GS-6415 20260517.pdf,2,N01-P2-T1,18,1,6.40,6.40,6.40,6.4,6.4,PASS
GS-6415 20260517.pdf,2,N01-P2-T1,18,2,11.48,11.48,11.48,11.48,11.48,PASS
GS-6415 20260517.pdf,2,N01-P2-T1,18,3,21.66,21.66,21.66,21.66,21.66,PASS
GS-6415 20260517.pdf,2,N01-P2-T1,18,4,32.44,32.44,32.44,32.44,32.44,PASS
GS-6415 20260517.pdf,2,N01-P2-T1,19,0,"EPS(diluted,pre-except)(NT$)","EPS(diluted,pre-except)(NT$)","EPS(diluted,pre-except)(NT$)",,,PASS
GS-6415 20260517.pdf,2,N01-P2-T1,19,1,6.40,6.40,6.40,6.4,6.4,PASS
GS-6415 20260517.pdf,2,N01-P2-T1,19,2,11.48,11.48,11.48,11.48,11.48,PASS
GS-6415 20260517.pdf,2,N01-P2-T1,19,3,21.66,21.66,21.66,21.66,21.66,PASS
GS-6415 20260517.pdf,2,N01-P2-T1,19,4,32.44,32.44,32.44,32.44,32.44,PASS
GS-6415 20260517.pdf,2,N01-P2-T1,20,0,"EPS(basic,post-except)(NT$)","EPS(basic,post-except)(NT$)","EPS(basic,post-except)(NT$)",,,PASS
GS-6415 20260517.pdf,2,N01-P2-T1,20,1,6.40,6.40,6.40,6.4,6.4,PASS
GS-6415 20260517.pdf,2,N01-P2-T1,20,2,11.48,11.48,11.48,11.48,11.48,PASS
GS-6415 20260517.pdf,2,N01-P2-T1,20,3,21.66,21.66,21.66,21.66,21.66,PASS
GS-6415 20260517.pdf,2,N01-P2-T1,20,4,32.44,32.44,32.44,32.44,32.44,PASS
GS-6415 20260517.pdf,2,N01-P2-T1,21,0,"EPS(diluted,post-except)(NT$)","EPS(diluted,post-except)(NT$)","EPS(diluted,post-except)(NT$)",,,PASS
GS-6415 20260517.pdf,2,N01-P2-T1,21,1,6.40,6.40,6.40,6.4,6.4,PASS
GS-6415 20260517.pdf,2,N01-P2-T1,21,2,11.48,11.48,11.48,11.48,11.48,PASS
GS-6415 20260517.pdf,2,N01-P2-T1,21,3,21.66,21.66,21.66,21.66,21.66,PASS
GS-6415 20260517.pdf,2,N01-P2-T1,21,4,32.44,32.44,32.44,32.44,32.44,PASS
GS-6415 20260517.pdf,2,N01-P2-T1,22,0,DPS(NT$),DPS(NT$),DPS(NT$),,,PASS
GS-6415 20260517.pdf,2,N01-P2-T1,22,1,6.38,6.38,6.38,6.38,6.38,PASS
GS-6415 20260517.pdf,2,N01-P2-T1,22,2,11.48,11.48,11.48,11.48,11.48,PASS
GS-6415 20260517.pdf,2,N01-P2-T1,22,3,21.66,21.66,21.66,21.66,21.66,PASS
GS-6415 20260517.pdf,2,N01-P2-T1,22,4,32.44,32.44,32.44,32.44,32.44,PASS
GS-6415 20260517.pdf,2,N01-P2-T1,23,0,Div.payoutratio(%),Div.payoutratio(%),Div.payoutratio(%),,,PASS
GS-6415 20260517.pdf,2,N01-P2-T1,23,1,99.7,99.7,99.7,99.7,99.7,PASS
GS-6415 20260517.pdf,2,N01-P2-T1,23,2,100.0,100.0,100.0,100.0,100.0,PASS
GS-6415 20260517.pdf,2,N01-P2-T1,23,3,100.0,100.0,100.0,100.0,100.0,PASS
GS-6415 20260517.pdf,2,N01-P2-T1,23,4,100.0,100.0,100.0,100.0,100.0,PASS
GS-6415 20260517.pdf,2,N01-P2-T2,1,0,Cash&cashequivalents,Cash&cashequivalents,Cash&cashequivalents,,,PASS
GS-6415 20260517.pdf,2,N01-P2-T2,1,1,"9,756.4","9,756.4","9,756.4",9756.4,9756.4,PASS
GS-6415 20260517.pdf,2,N01-P2-T2,1,2,"10,293.1","10,293.1","10,293.1",10293.1,10293.1,PASS
GS-6415 20260517.pdf,2,N01-P2-T2,1,3,"13,063.5","13,063.5","13,063.5",13063.5,13063.5,PASS
GS-6415 20260517.pdf,2,N01-P2-T2,1,4,"16,270.4","16,270.4","16,270.4",16270.4,16270.4,PASS
GS-6415 20260517.pdf,2,N01-P2-T2,2,0,Accountsreceivable,Accountsreceivable,Accountsreceivable,,,PASS
GS-6415 20260517.pdf,2,N01-P2-T2,2,1,"2,612.4","2,612.4","2,612.4",2612.4,2612.4,PASS
GS-6415 20260517.pdf,2,N01-P2-T2,2,2,"3,727.8","3,727.8","3,727.8",3727.8,3727.8,PASS
GS-6415 20260517.pdf,2,N01-P2-T2,2,3,"4,834.9","4,834.9","4,834.9",4834.9,4834.9,PASS
GS-6415 20260517.pdf,2,N01-P2-T2,2,4,"5,838.8","5,838.8","5,838.8",5838.8,5838.8,PASS
GS-6415 20260517.pdf,2,N01-P2-T2,3,0,Inventory,Inventory,Inventory,,,PASS
GS-6415 20260517.pdf,2,N01-P2-T2,3,1,"4,434.5","4,434.5","4,434.5",4434.5,4434.5,PASS
GS-6415 20260517.pdf,2,N01-P2-T2,3,2,"6,044.4","6,044.4","6,044.4",6044.4,6044.4,PASS
GS-6415 20260517.pdf,2,N01-P2-T2,3,3,"7,487.6","7,487.6","7,487.6",7487.6,7487.6,PASS
GS-6415 20260517.pdf,2,N01-P2-T2,3,4,"8,743.7","8,743.7","8,743.7",8743.7,8743.7,PASS
GS-6415 20260517.pdf,2,N01-P2-T2,4,0,Othercurrentassets,Othercurrentassets,Othercurrentassets,,,PASS
GS-6415 20260517.pdf,2,N01-P2-T2,4,1,"8,392.9","8,392.9","8,392.9",8392.9,8392.9,PASS
GS-6415 20260517.pdf,2,N01-P2-T2,4,2,"8,392.9","8,392.9","8,392.9",8392.9,8392.9,PASS
GS-6415 20260517.pdf,2,N01-P2-T2,4,3,"8,392.9","8,392.9","8,392.9",8392.9,8392.9,PASS
GS-6415 20260517.pdf,2,N01-P2-T2,4,4,"8,392.9","8,392.9","8,392.9",8392.9,8392.9,PASS
GS-6415 20260517.pdf,2,N01-P2-T2,5,0,Totalcurrentassets,Totalcurrentassets,Totalcurrentassets,,,PASS
GS-6415 20260517.pdf,2,N01-P2-T2,5,1,"25,196.2","25,196.2","25,196.2",25196.2,25196.2,PASS
GS-6415 20260517.pdf,2,N01-P2-T2,5,2,"28,458.2","28,458.2","28,458.2",28458.2,28458.2,PASS
GS-6415 20260517.pdf,2,N01-P2-T2,5,3,"33,778.8","33,778.8","33,778.8",33778.8,33778.8,PASS
GS-6415 20260517.pdf,2,N01-P2-T2,5,4,"39,245.7","39,245.7","39,245.7",39245.7,39245.7,PASS
GS-6415 20260517.pdf,2,N01-P2-T2,6,0,NetPP&E,NetPP&E,NetPP&E,,,PASS
GS-6415 20260517.pdf,2,N01-P2-T2,6,1,"5,260.6","5,260.6","5,260.6",5260.6,5260.6,PASS
GS-6415 20260517.pdf,2,N01-P2-T2,6,2,"4,812.6","4,812.6","4,812.6",4812.6,4812.6,PASS
GS-6415 20260517.pdf,2,N01-P2-T2,6,3,"4,409.0","4,409.0","4,409.0",4409.0,4409.0,PASS
GS-6415 20260517.pdf,2,N01-P2-T2,6,4,"4,045.6","4,045.6","4,045.6",4045.6,4045.6,PASS
GS-6415 20260517.pdf,2,N01-P2-T2,7,0,Netintangibles,Netintangibles,Netintangibles,,,PASS
GS-6415 20260517.pdf,2,N01-P2-T2,7,1,"1,808.7","1,808.7","1,808.7",1808.7,1808.7,PASS
GS-6415 20260517.pdf,2,N01-P2-T2,7,2,"1,615.5","1,615.5","1,615.5",1615.5,1615.5,PASS
GS-6415 20260517.pdf,2,N01-P2-T2,7,3,"1,417.3","1,417.3","1,417.3",1417.3,1417.3,PASS
GS-6415 20260517.pdf,2,N01-P2-T2,7,4,"1,214.1","1,214.1","1,214.1",1214.1,1214.1,PASS
GS-6415 20260517.pdf,2,N01-P2-T2,8,0,Totalinvestments,Totalinvestments,Totalinvestments,,,PASS
GS-6415 20260517.pdf,2,N01-P2-T2,8,1,"3,200.8","3,200.8","3,200.8",3200.8,3200.8,PASS
GS-6415 20260517.pdf,2,N01-P2-T2,8,2,"3,200.8","3,200.8","3,200.8",3200.8,3200.8,PASS
GS-6415 20260517.pdf,2,N01-P2-T2,8,3,"3,200.8","3,200.8","3,200.8",3200.8,3200.8,PASS
GS-6415 20260517.pdf,2,N01-P2-T2,8,4,"3,200.8","3,200.8","3,200.8",3200.8,3200.8,PASS
GS-6415 20260517.pdf,2,N01-P2-T2,9,0,Otherlong-termassets,Otherlong-termassets,Otherlong-termassets,,,PASS
GS-6415 20260517.pdf,2,N01-P2-T2,9,1,"8,705.0","8,705.0","8,705.0",8705.0,8705.0,PASS
GS-6415 20260517.pdf,2,N01-P2-T2,9,2,"8,705.0","8,705.0","8,705.0",8705.0,8705.0,PASS
GS-6415 20260517.pdf,2,N01-P2-T2,9,3,"8,705.0","8,705.0","8,705.0",8705.0,8705.0,PASS
GS-6415 20260517.pdf,2,N01-P2-T2,9,4,"8,705.0","8,705.0","8,705.0",8705.0,8705.0,PASS
GS-6415 20260517.pdf,2,N01-P2-T2,10,0,Totalassets,Totalassets,Totalassets,,,PASS
GS-6415 20260517.pdf,2,N01-P2-T2,10,1,"44,171.2","44,171.2","44,171.2",44171.2,44171.2,PASS
GS-6415 20260517.pdf,2,N01-P2-T2,10,2,"46,792.0","46,792.0","46,792.0",46792.0,46792.0,PASS
GS-6415 20260517.pdf,2,N01-P2-T2,10,3,"51,510.9","51,510.9","51,510.9",51510.9,51510.9,PASS
GS-6415 20260517.pdf,2,N01-P2-T2,10,4,"56,411.2","56,411.2","56,411.2",56411.2,56411.2,PASS
GS-6415 20260517.pdf,2,N01-P2-T2,11,0,Accountspayable,Accountspayable,Accountspayable,,,PASS
GS-6415 20260517.pdf,2,N01-P2-T2,11,1,"2,679.0","2,679.0","2,679.0",2679.0,2679.0,PASS
GS-6415 20260517.pdf,2,N01-P2-T2,11,2,"3,403.1","3,403.1","3,403.1",3403.1,3403.1,PASS
GS-6415 20260517.pdf,2,N01-P2-T2,11,3,"4,255.3","4,255.3","4,255.3",4255.3,4255.3,PASS
GS-6415 20260517.pdf,2,N01-P2-T2,11,4,"5,050.6","5,050.6","5,050.6",5050.6,5050.6,PASS
GS-6415 20260517.pdf,2,N01-P2-T2,12,0,Short-termdebt,Short-termdebt,Short-termdebt,,,PASS
GS-6415 20260517.pdf,2,N01-P2-T2,12,1,662.4,662.4,662.4,662.4,662.4,PASS
GS-6415 20260517.pdf,2,N01-P2-T2,12,2,662.4,662.4,662.4,662.4,662.4,PASS
GS-6415 20260517.pdf,2,N01-P2-T2,12,3,662.4,662.4,662.4,662.4,662.4,PASS
GS-6415 20260517.pdf,2,N01-P2-T2,12,4,662.4,662.4,662.4,662.4,662.4,PASS
GS-6415 20260517.pdf,2,N01-P2-T2,13,0,Short-termleaseliabilities,Short-termleaseliabilities,Short-termleaseliabilities,,,PASS
GS-6415 20260517.pdf,2,N01-P2-T2,13,1,--,--,--,,,PASS
GS-6415 20260517.pdf,2,N01-P2-T2,13,2,--,--,--,,,PASS
GS-6415 20260517.pdf,2,N01-P2-T2,13,3,--,--,--,,,PASS
GS-6415 20260517.pdf,2,N01-P2-T2,13,4,--,--,--,,,PASS
GS-6415 20260517.pdf,2,N01-P2-T2,14,0,Othercurrentliabilities,Othercurrentliabilities,Othercurrentliabilities,,,PASS
GS-6415 20260517.pdf,2,N01-P2-T2,14,1,233.0,233.0,233.0,233.0,233.0,PASS
GS-6415 20260517.pdf,2,N01-P2-T2,14,2,273.0,273.0,273.0,273.0,273.0,PASS
GS-6415 20260517.pdf,2,N01-P2-T2,14,3,313.0,313.0,313.0,313.0,313.0,PASS
GS-6415 20260517.pdf,2,N01-P2-T2,14,4,353.0,353.0,353.0,353.0,353.0,PASS
GS-6415 20260517.pdf,2,N01-P2-T2,15,0,Totalcurrentliabilities,Totalcurrentliabilities,Totalcurrentliabilities,,,PASS
GS-6415 20260517.pdf,2,N01-P2-T2,15,1,"3,574.4","3,574.4","3,574.4",3574.4,3574.4,PASS
GS-6415 20260517.pdf,2,N01-P2-T2,15,2,"4,338.5","4,338.5","4,338.5",4338.5,4338.5,PASS
GS-6415 20260517.pdf,2,N01-P2-T2,15,3,"5,230.7","5,230.7","5,230.7",5230.7,5230.7,PASS
GS-6415 20260517.pdf,2,N01-P2-T2,15,4,"6,066.0","6,066.0","6,066.0",6066.0,6066.0,PASS
GS-6415 20260517.pdf,2,N01-P2-T2,16,0,Long-termdebt,Long-termdebt,Long-termdebt,,,PASS
GS-6415 20260517.pdf,2,N01-P2-T2,16,1,"2,695.0","2,695.0","2,695.0",2695.0,2695.0,PASS
GS-6415 20260517.pdf,2,N01-P2-T2,16,2,"2,695.0","2,695.0","2,695.0",2695.0,2695.0,PASS
GS-6415 20260517.pdf,2,N01-P2-T2,16,3,"2,695.0","2,695.0","2,695.0",2695.0,2695.0,PASS
GS-6415 20260517.pdf,2,N01-P2-T2,16,4,"2,695.0","2,695.0","2,695.0",2695.0,2695.0,PASS
GS-6415 20260517.pdf,2,N01-P2-T2,17,0,Long-termleaseliabilities,Long-termleaseliabilities,Long-termleaseliabilities,,,PASS
GS-6415 20260517.pdf,2,N01-P2-T2,17,1,--,--,--,,,PASS
GS-6415 20260517.pdf,2,N01-P2-T2,17,2,--,--,--,,,PASS
GS-6415 20260517.pdf,2,N01-P2-T2,17,3,--,--,--,,,PASS
GS-6415 20260517.pdf,2,N01-P2-T2,17,4,--,--,--,,,PASS
GS-6415 20260517.pdf,2,N01-P2-T2,18,0,Otherlong-termliabilities,Otherlong-termliabilities,Otherlong-termliabilities,,,PASS
GS-6415 20260517.pdf,2,N01-P2-T2,18,1,148.6,148.6,148.6,148.6,148.6,PASS
GS-6415 20260517.pdf,2,N01-P2-T2,18,2,148.6,148.6,148.6,148.6,148.6,PASS
GS-6415 20260517.pdf,2,N01-P2-T2,18,3,148.6,148.6,148.6,148.6,148.6,PASS
GS-6415 20260517.pdf,2,N01-P2-T2,18,4,148.6,148.6,148.6,148.6,148.6,PASS
GS-6415 20260517.pdf,2,N01-P2-T2,19,0,Totallong-termliabilities,Totallong-termliabilities,Totallong-termliabilities,,,PASS
GS-6415 20260517.pdf,2,N01-P2-T2,19,1,"2,843.6","2,843.6","2,843.6",2843.6,2843.6,PASS
GS-6415 20260517.pdf,2,N01-P2-T2,19,2,"2,843.6","2,843.6","2,843.6",2843.6,2843.6,PASS
GS-6415 20260517.pdf,2,N01-P2-T2,19,3,"2,843.6","2,843.6","2,843.6",2843.6,2843.6,PASS
GS-6415 20260517.pdf,2,N01-P2-T2,19,4,"2,843.6","2,843.6","2,843.6",2843.6,2843.6,PASS
GS-6415 20260517.pdf,2,N01-P2-T2,20,0,Totalliabilities,Totalliabilities,Totalliabilities,,,PASS
GS-6415 20260517.pdf,2,N01-P2-T2,20,1,"6,418.0","6,418.0","6,418.0",6418.0,6418.0,PASS
GS-6415 20260517.pdf,2,N01-P2-T2,20,2,"7,182.1","7,182.1","7,182.1",7182.1,7182.1,PASS
GS-6415 20260517.pdf,2,N01-P2-T2,20,3,"8,074.3","8,074.3","8,074.3",8074.3,8074.3,PASS
GS-6415 20260517.pdf,2,N01-P2-T2,20,4,"8,909.6","8,909.6","8,909.6",8909.6,8909.6,PASS
GS-6415 20260517.pdf,2,N01-P2-T2,21,0,Preferredshares,Preferredshares,Preferredshares,,,PASS
GS-6415 20260517.pdf,2,N01-P2-T2,21,1,--,--,--,,,PASS
GS-6415 20260517.pdf,2,N01-P2-T2,21,2,--,--,--,,,PASS
GS-6415 20260517.pdf,2,N01-P2-T2,21,3,--,--,--,,,PASS
GS-6415 20260517.pdf,2,N01-P2-T2,21,4,--,--,--,,,PASS
GS-6415 20260517.pdf,2,N01-P2-T2,22,0,Totalcommonequity,Totalcommonequity,Totalcommonequity,,,PASS
GS-6415 20260517.pdf,2,N01-P2-T2,22,1,"37,316.5","37,316.5","37,316.5",37316.5,37316.5,PASS
GS-6415 20260517.pdf,2,N01-P2-T2,22,2,"39,296.4","39,296.4","39,296.4",39296.4,39296.4,PASS
GS-6415 20260517.pdf,2,N01-P2-T2,22,3,"43,246.3","43,246.3","43,246.3",43246.3,43246.3,PASS
GS-6415 20260517.pdf,2,N01-P2-T2,22,4,"47,434.5","47,434.5","47,434.5",47434.5,47434.5,PASS
GS-6415 20260517.pdf,2,N01-P2-T2,23,0,Minorityinterest,Minorityinterest,Minorityinterest,,,PASS
GS-6415 20260517.pdf,2,N01-P2-T2,23,1,436.7,436.7,436.7,436.7,436.7,PASS
GS-6415 20260517.pdf,2,N01-P2-T2,23,2,313.5,313.5,313.5,313.5,313.5,PASS
GS-6415 20260517.pdf,2,N01-P2-T2,23,3,190.3,190.3,190.3,190.3,190.3,PASS
GS-6415 20260517.pdf,2,N01-P2-T2,23,4,67.0,67.0,67.0,67.0,67.0,PASS
GS-6415 20260517.pdf,2,N01-P2-T2,24,0,Totalliabilities&equity,Totalliabilities&equity,Totalliabilities&equity,,,PASS
GS-6415 20260517.pdf,2,N01-P2-T2,24,1,"44,171.2","44,171.2","44,171.2",44171.2,44171.2,PASS
GS-6415 20260517.pdf,2,N01-P2-T2,24,2,"46,792.0","46,792.0","46,792.0",46792.0,46792.0,PASS
GS-6415 20260517.pdf,2,N01-P2-T2,24,3,"51,510.9","51,510.9","51,510.9",51510.9,51510.9,PASS
GS-6415 20260517.pdf,2,N01-P2-T2,24,4,"56,411.2","56,411.2","56,411.2",56411.2,56411.2,PASS
GS-6415 20260517.pdf,2,N01-P2-T2,25,0,"Netdebt,adjusted","Netdebt,adjusted","Netdebt,adjusted",,,PASS
GS-6415 20260517.pdf,2,N01-P2-T2,25,1,"(6,398.9)","(6,398.9)","(6,398.9)",-6398.9,-6398.9,PASS
GS-6415 20260517.pdf,2,N01-P2-T2,25,2,"(6,935.6)","(6,935.6)","(6,935.6)",-6935.6,-6935.6,PASS
GS-6415 20260517.pdf,2,N01-P2-T2,25,3,"(9,706.0)","(9,706.0)","(9,706.0)",-9706.0,-9706.0,PASS
GS-6415 20260517.pdf,2,N01-P2-T2,25,4,"(12,912.9)","(12,912.9)","(12,912.9)",-12912.9,-12912.9,PASS
GS-6415 20260517.pdf,2,N01-P2-T3,1,0,Netincome,Netincome,Netincome,,,PASS
GS-6415 20260517.pdf,2,N01-P2-T3,1,1,"2,477.9","2,477.9","2,477.9",2477.9,2477.9,PASS
GS-6415 20260517.pdf,2,N01-P2-T3,1,2,"4,457.8","4,457.8","4,457.8",4457.8,4457.8,PASS
GS-6415 20260517.pdf,2,N01-P2-T3,1,3,"8,407.7","8,407.7","8,407.7",8407.7,8407.7,PASS
GS-6415 20260517.pdf,2,N01-P2-T3,1,4,"12,595.9","12,595.9","12,595.9",12595.9,12595.9,PASS
GS-6415 20260517.pdf,2,N01-P2-T3,2,0,D&Aadd-back,D&Aadd-back,D&Aadd-back,,,PASS
GS-6415 20260517.pdf,2,N01-P2-T3,2,1,791.3,791.3,791.3,791.3,791.3,PASS
GS-6415 20260517.pdf,2,N01-P2-T3,2,2,761.3,761.3,761.3,761.3,761.3,PASS
GS-6415 20260517.pdf,2,N01-P2-T3,2,3,721.7,721.7,721.7,721.7,721.7,PASS
GS-6415 20260517.pdf,2,N01-P2-T3,2,4,686.6,686.6,686.6,686.6,686.6,PASS
GS-6415 20260517.pdf,2,N01-P2-T3,3,0,Minorityinterestadd-back,Minorityinterestadd-back,Minorityinterestadd-back,,,PASS
GS-6415 20260517.pdf,2,N01-P2-T3,3,1,55.0,55.0,55.0,55.0,55.0,PASS
GS-6415 20260517.pdf,2,N01-P2-T3,3,2,(123.2),(123.2),(123.2),-123.2,-123.2,PASS
GS-6415 20260517.pdf,2,N01-P2-T3,3,3,(123.2),(123.2),(123.2),-123.2,-123.2,PASS
GS-6415 20260517.pdf,2,N01-P2-T3,3,4,(123.2),(123.2),(123.2),-123.2,-123.2,PASS
GS-6415 20260517.pdf,2,N01-P2-T3,4,0,Net(inc)/decworkingcapital,Net(inc)/decworkingcapital,Net(inc)/decworkingcapital,,,PASS
GS-6415 20260517.pdf,2,N01-P2-T3,4,1,"(1,366.9)","(1,366.9)","(1,366.9)",-1366.9,-1366.9,PASS
GS-6415 20260517.pdf,2,N01-P2-T3,4,2,"(2,001.2)","(2,001.2)","(2,001.2)",-2001.2,-2001.2,PASS
GS-6415 20260517.pdf,2,N01-P2-T3,4,3,"(1,698.0)","(1,698.0)","(1,698.0)",-1698.0,-1698.0,PASS
GS-6415 20260517.pdf,2,N01-P2-T3,4,4,"(1,464.7)","(1,464.7)","(1,464.7)",-1464.7,-1464.7,PASS
GS-6415 20260517.pdf,2,N01-P2-T3,5,0,Otheroperatingcashflow,Otheroperatingcashflow,Otheroperatingcashflow,,,PASS
GS-6415 20260517.pdf,2,N01-P2-T3,5,1,346.9,346.9,346.9,346.9,346.9,PASS
GS-6415 20260517.pdf,2,N01-P2-T3,5,2,0.0,0.0,0.0,0.0,0.0,PASS
GS-6415 20260517.pdf,2,N01-P2-T3,5,3,0.0,0.0,0.0,0.0,0.0,PASS
GS-6415 20260517.pdf,2,N01-P2-T3,5,4,--,--,--,,,PASS
GS-6415 20260517.pdf,2,N01-P2-T3,6,0,Cashflowfromoperations,Cashflowfromoperations,Cashflowfromoperations,,,PASS
GS-6415 20260517.pdf,2,N01-P2-T3,6,1,"2,304.3","2,304.3","2,304.3",2304.3,2304.3,PASS
GS-6415 20260517.pdf,2,N01-P2-T3,6,2,"3,094.6","3,094.6","3,094.6",3094.6,3094.6,PASS
GS-6415 20260517.pdf,2,N01-P2-T3,6,3,"7,308.2","7,308.2","7,308.2",7308.2,7308.2,PASS
GS-6415 20260517.pdf,2,N01-P2-T3,6,4,"11,694.6","11,694.6","11,694.6",11694.6,11694.6,PASS
GS-6415 20260517.pdf,2,N01-P2-T3,7,0,Capitalexpenditures,Capitalexpenditures,Capitalexpenditures,,,PASS
GS-6415 20260517.pdf,2,N01-P2-T3,7,1,"(2,060.3)","(2,060.3)","(2,060.3)",-2060.3,-2060.3,PASS
GS-6415 20260517.pdf,2,N01-P2-T3,7,2,(80.0),(80.0),(80.0),-80.0,-80.0,PASS
GS-6415 20260517.pdf,2,N01-P2-T3,7,3,(80.0),(80.0),(80.0),-80.0,-80.0,PASS
GS-6415 20260517.pdf,2,N01-P2-T3,7,4,(80.0),(80.0),(80.0),-80.0,-80.0,PASS
GS-6415 20260517.pdf,2,N01-P2-T3,8,0,Acquisitions,Acquisitions,Acquisitions,,,PASS
GS-6415 20260517.pdf,2,N01-P2-T3,8,1,"(1,701.0)","(1,701.0)","(1,701.0)",-1701.0,-1701.0,PASS
GS-6415 20260517.pdf,2,N01-P2-T3,8,2,--,--,--,,,PASS
GS-6415 20260517.pdf,2,N01-P2-T3,8,3,--,--,--,,,PASS
GS-6415 20260517.pdf,2,N01-P2-T3,8,4,--,--,--,,,PASS
GS-6415 20260517.pdf,2,N01-P2-T3,9,0,Divestitures,Divestitures,Divestitures,,,PASS
GS-6415 20260517.pdf,2,N01-P2-T3,9,1,--,--,--,,,PASS
GS-6415 20260517.pdf,2,N01-P2-T3,9,2,--,--,--,,,PASS
GS-6415 20260517.pdf,2,N01-P2-T3,9,3,--,--,--,,,PASS
GS-6415 20260517.pdf,2,N01-P2-T3,9,4,--,--,--,,,PASS
GS-6415 20260517.pdf,2,N01-P2-T3,10,0,Others,Others,Others,,,PASS
GS-6415 20260517.pdf,2,N01-P2-T3,10,1,"(4,772.8)","(4,772.8)","(4,772.8)",-4772.8,-4772.8,PASS
GS-6415 20260517.pdf,2,N01-P2-T3,10,2,--,--,--,,,PASS
GS-6415 20260517.pdf,2,N01-P2-T3,10,3,--,--,--,,,PASS
GS-6415 20260517.pdf,2,N01-P2-T3,10,4,--,--,--,,,PASS
GS-6415 20260517.pdf,2,N01-P2-T3,11,0,Cashflowfrominvesting,Cashflowfrominvesting,Cashflowfrominvesting,,,PASS
GS-6415 20260517.pdf,2,N01-P2-T3,11,1,"(8,534.2)","(8,534.2)","(8,534.2)",-8534.2,-8534.2,PASS
GS-6415 20260517.pdf,2,N01-P2-T3,11,2,(80.0),(80.0),(80.0),-80.0,-80.0,PASS
GS-6415 20260517.pdf,2,N01-P2-T3,11,3,(80.0),(80.0),(80.0),-80.0,-80.0,PASS
GS-6415 20260517.pdf,2,N01-P2-T3,11,4,(80.0),(80.0),(80.0),-80.0,-80.0,PASS
GS-6415 20260517.pdf,2,N01-P2-T3,12,0,Repaymentofleaseliabilities,Repaymentofleaseliabilities,Repaymentofleaseliabilities,,,PASS
GS-6415 20260517.pdf,2,N01-P2-T3,12,1,--,--,--,,,PASS
GS-6415 20260517.pdf,2,N01-P2-T3,12,2,--,--,--,,,PASS
GS-6415 20260517.pdf,2,N01-P2-T3,12,3,--,--,--,,,PASS
GS-6415 20260517.pdf,2,N01-P2-T3,12,4,--,--,--,,,PASS
GS-6415 20260517.pdf,2,N01-P2-T3,13,0,Dividendspaid(common&pref),Dividendspaid(common&pref),Dividendspaid(common&pref),,,PASS
GS-6415 20260517.pdf,2,N01-P2-T3,13,1,(927.4),(927.4),(927.4),-927.4,-927.4,PASS
GS-6415 20260517.pdf,2,N01-P2-T3,13,2,"(2,477.9)","(2,477.9)","(2,477.9)",-2477.9,-2477.9,PASS
GS-6415 20260517.pdf,2,N01-P2-T3,13,3,"(4,457.8)","(4,457.8)","(4,457.8)",-4457.8,-4457.8,PASS
GS-6415 20260517.pdf,2,N01-P2-T3,13,4,"(8,407.7)","(8,407.7)","(8,407.7)",-8407.7,-8407.7,PASS
GS-6415 20260517.pdf,2,N01-P2-T3,14,0,Inc/(dec)indebt,Inc/(dec)indebt,Inc/(dec)indebt,,,PASS
GS-6415 20260517.pdf,2,N01-P2-T3,14,1,"1,589.8","1,589.8","1,589.8",1589.8,1589.8,PASS
GS-6415 20260517.pdf,2,N01-P2-T3,14,2,--,--,--,,,PASS
GS-6415 20260517.pdf,2,N01-P2-T3,14,3,--,--,--,,,PASS
GS-6415 20260517.pdf,2,N01-P2-T3,14,4,--,--,--,,,PASS
GS-6415 20260517.pdf,2,N01-P2-T3,15,0,Otherfinancingcashflows,Otherfinancingcashflows,Otherfinancingcashflows,,,PASS
GS-6415 20260517.pdf,2,N01-P2-T3,15,1,(878.7),(878.7),(878.7),-878.7,-878.7,PASS
GS-6415 20260517.pdf,2,N01-P2-T3,15,2,0.0,0.0,0.0,0.0,0.0,PASS
GS-6415 20260517.pdf,2,N01-P2-T3,15,3,0.0,0.0,0.0,0.0,0.0,PASS
GS-6415 20260517.pdf,2,N01-P2-T3,15,4,0.0,0.0,0.0,0.0,0.0,PASS
GS-6415 20260517.pdf,2,N01-P2-T3,16,0,Cashflowfromfinancing,Cashflowfromfinancing,Cashflowfromfinancing,,,PASS
GS-6415 20260517.pdf,2,N01-P2-T3,16,1,(216.3),(216.3),(216.3),-216.3,-216.3,PASS
GS-6415 20260517.pdf,2,N01-P2-T3,16,2,"(2,477.9)","(2,477.9)","(2,477.9)",-2477.9,-2477.9,PASS
GS-6415 20260517.pdf,2,N01-P2-T3,16,3,"(4,457.8)","(4,457.8)","(4,457.8)",-4457.8,-4457.8,PASS
GS-6415 20260517.pdf,2,N01-P2-T3,16,4,"(8,407.7)","(8,407.7)","(8,407.7)",-8407.7,-8407.7,PASS
GS-6415 20260517.pdf,2,N01-P2-T3,17,0,Totalcashflow,Totalcashflow,Totalcashflow,,,PASS
GS-6415 20260517.pdf,2,N01-P2-T3,17,1,"(6,446.2)","(6,446.2)","(6,446.2)",-6446.2,-6446.2,PASS
GS-6415 20260517.pdf,2,N01-P2-T3,17,2,536.7,536.7,536.7,536.7,536.7,PASS
GS-6415 20260517.pdf,2,N01-P2-T3,17,3,"2,770.4","2,770.4","2,770.4",2770.4,2770.4,PASS
GS-6415 20260517.pdf,2,N01-P2-T3,17,4,"3,206.9","3,206.9","3,206.9",3206.9,3206.9,PASS
GS-6415 20260517.pdf,2,N01-P2-T3,18,0,Freecashflow,Freecashflow,Freecashflow,,,PASS
GS-6415 20260517.pdf,2,N01-P2-T3,18,1,243.9,243.9,243.9,243.9,243.9,PASS
GS-6415 20260517.pdf,2,N01-P2-T3,18,2,"3,014.6","3,014.6","3,014.6",3014.6,3014.6,PASS
GS-6415 20260517.pdf,2,N01-P2-T3,18,3,"7,228.2","7,228.2","7,228.2",7228.2,7228.2,PASS
GS-6415 20260517.pdf,2,N01-P2-T3,18,4,"11,614.6","11,614.6","11,614.6",11614.6,11614.6,PASS
GS-6415 20260517.pdf,2,N01-P2-T4,1,0,P/E(X),P/E(X),P/E(X),,,PASS
GS-6415 20260517.pdf,2,N01-P2-T4,1,1,51.5,51.5,51.5,51.5,51.5,PASS
GS-6415 20260517.pdf,2,N01-P2-T4,1,2,40.8,40.8,40.8,40.8,40.8,PASS
GS-6415 20260517.pdf,2,N01-P2-T4,1,3,21.6,21.6,21.6,21.6,21.6,PASS
GS-6415 20260517.pdf,2,N01-P2-T4,1,4,14.4,14.4,14.4,14.4,14.4,PASS
GS-6415 20260517.pdf,2,N01-P2-T4,2,0,P/B(X),P/B(X),P/B(X),,,PASS
GS-6415 20260517.pdf,2,N01-P2-T4,2,1,3.4,3.4,3.4,3.4,3.4,PASS
GS-6415 20260517.pdf,2,N01-P2-T4,2,2,4.6,4.6,4.6,4.6,4.6,PASS
GS-6415 20260517.pdf,2,N01-P2-T4,2,3,4.2,4.2,4.2,4.2,4.2,PASS
GS-6415 20260517.pdf,2,N01-P2-T4,2,4,3.8,3.8,3.8,3.8,3.8,PASS
GS-6415 20260517.pdf,2,N01-P2-T4,3,0,FCFyield(%),FCFyield(%),FCFyield(%),,,PASS
GS-6415 20260517.pdf,2,N01-P2-T4,3,1,0.2,0.2,0.2,0.2,0.2,PASS
GS-6415 20260517.pdf,2,N01-P2-T4,3,2,1.7,1.7,1.7,1.7,1.7,PASS
GS-6415 20260517.pdf,2,N01-P2-T4,3,3,4.0,4.0,4.0,4.0,4.0,PASS
GS-6415 20260517.pdf,2,N01-P2-T4,3,4,6.4,6.4,6.4,6.4,6.4,PASS
GS-6415 20260517.pdf,2,N01-P2-T4,4,0,EV/EBITDAR(X),EV/EBITDAR(X),EV/EBITDAR(X),,,PASS
GS-6415 20260517.pdf,2,N01-P2-T4,4,1,41.2,41.2,41.2,41.2,41.2,PASS
GS-6415 20260517.pdf,2,N01-P2-T4,4,2,38.1,38.1,38.1,38.1,38.1,PASS
GS-6415 20260517.pdf,2,N01-P2-T4,4,3,19.1,19.1,19.1,19.1,19.1,PASS
GS-6415 20260517.pdf,2,N01-P2-T4,4,4,12.5,12.5,12.5,12.5,12.5,PASS
GS-6415 20260517.pdf,2,N01-P2-T4,5,0,EV/EBITDA(excl.leases)(X),EV/EBITDA(excl.leases)(X),EV/EBITDA(excl.leases)(X),,,PASS
GS-6415 20260517.pdf,2,N01-P2-T4,5,1,41.2,41.2,41.2,41.2,41.2,PASS
GS-6415 20260517.pdf,2,N01-P2-T4,5,2,38.1,38.1,38.1,38.1,38.1,PASS
GS-6415 20260517.pdf,2,N01-P2-T4,5,3,19.1,19.1,19.1,19.1,19.1,PASS
GS-6415 20260517.pdf,2,N01-P2-T4,5,4,12.5,12.5,12.5,12.5,12.5,PASS
GS-6415 20260517.pdf,2,N01-P2-T4,6,0,CROCI(%),CROCI(%),CROCI(%),,,PASS
GS-6415 20260517.pdf,2,N01-P2-T4,6,1,15.6,15.6,15.6,15.6,15.6,PASS
GS-6415 20260517.pdf,2,N01-P2-T4,6,2,17.0,17.0,17.0,17.0,17.0,PASS
GS-6415 20260517.pdf,2,N01-P2-T4,6,3,29.6,29.6,29.6,29.6,29.6,PASS
GS-6415 20260517.pdf,2,N01-P2-T4,6,4,41.7,41.7,41.7,41.7,41.7,PASS
GS-6415 20260517.pdf,2,N01-P2-T4,7,0,ROE(%),ROE(%),ROE(%),,,PASS
GS-6415 20260517.pdf,2,N01-P2-T4,7,1,6.8,6.8,6.8,6.8,6.8,PASS
GS-6415 20260517.pdf,2,N01-P2-T4,7,2,11.6,11.6,11.6,11.6,11.6,PASS
GS-6415 20260517.pdf,2,N01-P2-T4,7,3,20.4,20.4,20.4,20.4,20.4,PASS
GS-6415 20260517.pdf,2,N01-P2-T4,7,4,27.8,27.8,27.8,27.8,27.8,PASS
GS-6415 20260517.pdf,2,N01-P2-T4,8,0,Netdebt/equity(%),Netdebt/equity(%),Netdebt/equity(%),,,PASS
GS-6415 20260517.pdf,2,N01-P2-T4,8,1,(16.9),(16.9),(16.9),-16.9,-16.9,PASS
GS-6415 20260517.pdf,2,N01-P2-T4,8,2,(17.5),(17.5),(17.5),-17.5,-17.5,PASS
GS-6415 20260517.pdf,2,N01-P2-T4,8,3,(22.3),(22.3),(22.3),-22.3,-22.3,PASS
GS-6415 20260517.pdf,2,N01-P2-T4,8,4,(27.2),(27.2),(27.2),-27.2,-27.2,PASS
GS-6415 20260517.pdf,2,N01-P2-T4,9,0,Netdebt/equity(excl.leases)(%),Netdebt/equity(excl.leases)(%),Netdebt/equity(excl.leases)(%),,,PASS
GS-6415 20260517.pdf,2,N01-P2-T4,9,1,(16.9),(16.9),(16.9),-16.9,-16.9,PASS
GS-6415 20260517.pdf,2,N01-P2-T4,9,2,(17.5),(17.5),(17.5),-17.5,-17.5,PASS
GS-6415 20260517.pdf,2,N01-P2-T4,9,3,(22.3),(22.3),(22.3),-22.3,-22.3,PASS
GS-6415 20260517.pdf,2,N01-P2-T4,9,4,(27.2),(27.2),(27.2),-27.2,-27.2,PASS
GS-6415 20260517.pdf,2,N01-P2-T4,10,0,Interestcover(X),Interestcover(X),Interestcover(X),,,PASS
GS-6415 20260517.pdf,2,N01-P2-T4,10,1,32.2,32.2,32.2,32.2,32.2,PASS
GS-6415 20260517.pdf,2,N01-P2-T4,10,2,46.6,46.6,46.6,46.6,46.6,PASS
GS-6415 20260517.pdf,2,N01-P2-T4,10,3,101.0,101.0,101.0,101.0,101.0,PASS
GS-6415 20260517.pdf,2,N01-P2-T4,10,4,155.2,155.2,155.2,155.2,155.2,PASS
GS-6415 20260517.pdf,2,N01-P2-T4,11,0,"Daysinventoryoutst,sales","Daysinventoryoutst,sales","Daysinventoryoutst,sales",,,PASS
GS-6415 20260517.pdf,2,N01-P2-T4,11,1,70.7,70.7,70.7,70.7,70.7,PASS
GS-6415 20260517.pdf,2,N01-P2-T4,11,2,81.2,81.2,81.2,81.2,81.2,PASS
GS-6415 20260517.pdf,2,N01-P2-T4,11,3,79.2,79.2,79.2,79.2,79.2,PASS
GS-6415 20260517.pdf,2,N01-P2-T4,11,4,74.3,74.3,74.3,74.3,74.3,PASS
GS-6415 20260517.pdf,2,N01-P2-T4,12,0,Receivabledays,Receivabledays,Receivabledays,,,PASS
GS-6415 20260517.pdf,2,N01-P2-T4,12,1,50.2,50.2,50.2,50.2,50.2,PASS
GS-6415 20260517.pdf,2,N01-P2-T4,12,2,49.1,49.1,49.1,49.1,49.1,PASS
GS-6415 20260517.pdf,2,N01-P2-T4,12,3,50.1,50.1,50.1,50.1,50.1,PASS
GS-6415 20260517.pdf,2,N01-P2-T4,12,4,48.9,48.9,48.9,48.9,48.9,PASS
GS-6415 20260517.pdf,2,N01-P2-T4,13,0,Dayspayableoutstanding,Dayspayableoutstanding,Dayspayableoutstanding,,,PASS
GS-6415 20260517.pdf,2,N01-P2-T4,13,1,102.1,102.1,102.1,102.1,102.1,PASS
GS-6415 20260517.pdf,2,N01-P2-T4,13,2,96.2,96.2,96.2,96.2,96.2,PASS
GS-6415 20260517.pdf,2,N01-P2-T4,13,3,99.1,99.1,99.1,99.1,99.1,PASS
GS-6415 20260517.pdf,2,N01-P2-T4,13,4,95.8,95.8,95.8,95.8,95.8,PASS
GS-6415 20260517.pdf,2,N01-P2-T4,14,0,DuPontROE(%),DuPontROE(%),DuPontROE(%),,,PASS
GS-6415 20260517.pdf,2,N01-P2-T4,14,1,6.6,6.6,6.6,6.6,6.6,PASS
GS-6415 20260517.pdf,2,N01-P2-T4,14,2,11.3,11.3,11.3,11.3,11.3,PASS
GS-6415 20260517.pdf,2,N01-P2-T4,14,3,19.4,19.4,19.4,19.4,19.4,PASS
GS-6415 20260517.pdf,2,N01-P2-T4,14,4,26.5,26.5,26.5,26.5,26.5,PASS
GS-6415 20260517.pdf,2,N01-P2-T4,15,0,Turnover(X),Turnover(X),Turnover(X),,,PASS
GS-6415 20260517.pdf,2,N01-P2-T4,15,1,0.4,0.4,0.4,0.4,0.4,PASS
GS-6415 20260517.pdf,2,N01-P2-T4,15,2,0.5,0.5,0.5,0.5,0.5,PASS
GS-6415 20260517.pdf,2,N01-P2-T4,15,3,0.6,0.6,0.6,0.6,0.6,PASS
GS-6415 20260517.pdf,2,N01-P2-T4,15,4,0.7,0.7,0.7,0.7,0.7,PASS
GS-6415 20260517.pdf,2,N01-P2-T4,16,0,Leverage(X),Leverage(X),Leverage(X),,,PASS
GS-6415 20260517.pdf,2,N01-P2-T4,16,1,1.2,1.2,1.2,1.2,1.2,PASS
GS-6415 20260517.pdf,2,N01-P2-T4,16,2,1.2,1.2,1.2,1.2,1.2,PASS
GS-6415 20260517.pdf,2,N01-P2-T4,16,3,1.2,1.2,1.2,1.2,1.2,PASS
GS-6415 20260517.pdf,2,N01-P2-T4,16,4,1.2,1.2,1.2,1.2,1.2,PASS
GS-6415 20260517.pdf,2,N01-P2-T4,17,0,Grosscashinvested(excash)(NT$),Grosscashinvested(excash)(NT$),Grosscashinvested(excash)(NT$),,,PASS
GS-6415 20260517.pdf,2,N01-P2-T4,17,1,"25,571.8","25,571.8","25,571.8",25571.8,25571.8,PASS
GS-6415 20260517.pdf,2,N01-P2-T4,17,2,"27,652.9","27,652.9","27,652.9",27652.9,27652.9,PASS
GS-6415 20260517.pdf,2,N01-P2-T4,17,3,"29,431.0","29,431.0","29,431.0",29431.0,29431.0,PASS
GS-6415 20260517.pdf,2,N01-P2-T4,17,4,"30,975.6","30,975.6","30,975.6",30975.6,30975.6,PASS
GS-6415 20260517.pdf,2,N01-P2-T4,18,0,Averagecapitalemployed(NT$),Averagecapitalemployed(NT$),Averagecapitalemployed(NT$),,,PASS
GS-6415 20260517.pdf,2,N01-P2-T4,18,1,"26,374.6","26,374.6","26,374.6",26374.6,26374.6,PASS
GS-6415 20260517.pdf,2,N01-P2-T4,18,2,"32,014.3","32,014.3","32,014.3",32014.3,32014.3,PASS
GS-6415 20260517.pdf,2,N01-P2-T4,18,3,"33,202.4","33,202.4","33,202.4",33202.4,33202.4,PASS
GS-6415 20260517.pdf,2,N01-P2-T4,18,4,"34,159.6","34,159.6","34,159.6",34159.6,34159.6,PASS
GS-6415 20260517.pdf,2,N01-P2-T4,19,0,BVPS(NT$),BVPS(NT$),BVPS(NT$),,,PASS
GS-6415 20260517.pdf,2,N01-P2-T4,19,1,96.11,96.11,96.11,96.11,96.11,PASS
GS-6415 20260517.pdf,2,N01-P2-T4,19,2,101.21,101.21,101.21,101.21,101.21,PASS
GS-6415 20260517.pdf,2,N01-P2-T4,19,3,111.39,111.39,111.39,111.39,111.39,PASS
GS-6415 20260517.pdf,2,N01-P2-T4,19,4,122.18,122.18,122.18,122.18,122.18,PASS
GS-6415 20260517.pdf,2,N01-P2-T5,1,0,Totalrevenuegrowth,Totalrevenuegrowth,Totalrevenuegrowth,,,PASS
GS-6415 20260517.pdf,2,N01-P2-T5,1,1,1.9,1.9,1.9,1.9,1.9,PASS
GS-6415 20260517.pdf,2,N01-P2-T5,1,2,25.2,25.2,25.2,25.2,25.2,PASS
GS-6415 20260517.pdf,2,N01-P2-T5,1,3,32.4,32.4,32.4,32.4,32.4,PASS
GS-6415 20260517.pdf,2,N01-P2-T5,1,4,27.8,27.8,27.8,27.8,27.8,PASS
GS-6415 20260517.pdf,2,N01-P2-T5,2,0,EBITDAgrowth,EBITDAgrowth,EBITDAgrowth,,,PASS
GS-6415 20260517.pdf,2,N01-P2-T5,2,1,(1.0),(1.0),(1.0),-1.0,-1.0,PASS
GS-6415 20260517.pdf,2,N01-P2-T5,2,2,55.8,55.8,55.8,55.8,55.8,PASS
GS-6415 20260517.pdf,2,N01-P2-T5,2,3,96.6,96.6,96.6,96.6,96.6,PASS
GS-6415 20260517.pdf,2,N01-P2-T5,2,4,49.0,49.0,49.0,49.0,49.0,PASS
GS-6415 20260517.pdf,2,N01-P2-T5,3,0,EPSgrowth,EPSgrowth,EPSgrowth,,,PASS
GS-6415 20260517.pdf,2,N01-P2-T5,3,1,7.7,7.7,7.7,7.7,7.7,PASS
GS-6415 20260517.pdf,2,N01-P2-T5,3,2,79.3,79.3,79.3,79.3,79.3,PASS
GS-6415 20260517.pdf,2,N01-P2-T5,3,3,88.6,88.6,88.6,88.6,88.6,PASS
GS-6415 20260517.pdf,2,N01-P2-T5,3,4,49.8,49.8,49.8,49.8,49.8,PASS
GS-6415 20260517.pdf,2,N01-P2-T5,4,0,DPSgrowth,DPSgrowth,DPSgrowth,,,PASS
GS-6415 20260517.pdf,2,N01-P2-T5,4,1,8.4,8.4,8.4,8.4,8.4,PASS
GS-6415 20260517.pdf,2,N01-P2-T5,4,2,79.9,79.9,79.9,79.9,79.9,PASS
GS-6415 20260517.pdf,2,N01-P2-T5,4,3,88.6,88.6,88.6,88.6,88.6,PASS
GS-6415 20260517.pdf,2,N01-P2-T5,4,4,49.8,49.8,49.8,49.8,49.8,PASS
GS-6415 20260517.pdf,2,N01-P2-T5,5,0,EBITmargin,EBITmargin,EBITmargin,,,PASS
GS-6415 20260517.pdf,2,N01-P2-T5,5,1,11.5,11.5,11.5,11.5,11.5,PASS
GS-6415 20260517.pdf,2,N01-P2-T5,5,2,16.3,16.3,16.3,16.3,16.3,PASS
GS-6415 20260517.pdf,2,N01-P2-T5,5,3,26.7,26.7,26.7,26.7,26.7,PASS
GS-6415 20260517.pdf,2,N01-P2-T5,5,4,32.1,32.1,32.1,32.1,32.1,PASS
GS-6415 20260517.pdf,2,N01-P2-T5,6,0,EBITDAmargin,EBITDAmargin,EBITDAmargin,,,PASS
GS-6415 20260517.pdf,2,N01-P2-T5,6,1,15.7,15.7,15.7,15.7,15.7,PASS
GS-6415 20260517.pdf,2,N01-P2-T5,6,2,19.5,19.5,19.5,19.5,19.5,PASS
GS-6415 20260517.pdf,2,N01-P2-T5,6,3,29.0,29.0,29.0,29.0,29.0,PASS
GS-6415 20260517.pdf,2,N01-P2-T5,6,4,33.8,33.8,33.8,33.8,33.8,PASS
GS-6415 20260517.pdf,2,N01-P2-T5,7,0,Netincomemargin,Netincomemargin,Netincomemargin,,,PASS
GS-6415 20260517.pdf,2,N01-P2-T5,7,1,13.2,13.2,13.2,13.2,13.2,PASS
GS-6415 20260517.pdf,2,N01-P2-T5,7,2,18.9,18.9,18.9,18.9,18.9,PASS
GS-6415 20260517.pdf,2,N01-P2-T5,7,3,27.0,27.0,27.0,27.0,27.0,PASS
GS-6415 20260517.pdf,2,N01-P2-T5,7,4,31.6,31.6,31.6,31.6,31.6,PASS
MS-2308 20251128.pdf,5,N02-P5-T1,1,0,Netsales,Netsales,Netsales,,,PASS
MS-2308 20251128.pdf,5,N02-P5-T1,1,1,"401,227","401,227","401,227",401227.0,401227.0,PASS
MS-2308 20251128.pdf,5,N02-P5-T1,1,2,"421,148","421,148","421,148",421148.0,421148.0,PASS
MS-2308 20251128.pdf,5,N02-P5-T1,1,3,"558,571","558,571","558,571",558571.0,558571.0,PASS
MS-2308 20251128.pdf,5,N02-P5-T1,1,4,"738,715","738,715","738,715",738715.0,738715.0,PASS
MS-2308 20251128.pdf,5,N02-P5-T1,1,5,"861,398","861,398","861,398",861398.0,861398.0,PASS
MS-2308 20251128.pdf,5,N02-P5-T1,2,0,COGS,COGS,COGS,,,PASS
MS-2308 20251128.pdf,5,N02-P5-T1,2,1,"(284,013)","(284,013)","(284,013)",-284013.0,-284013.0,PASS
MS-2308 20251128.pdf,5,N02-P5-T1,2,2,"(284,567)","(284,567)","(284,567)",-284567.0,-284567.0,PASS
MS-2308 20251128.pdf,5,N02-P5-T1,2,3,"(367,745)","(367,745)","(367,745)",-367745.0,-367745.0,PASS
MS-2308 20251128.pdf,5,N02-P5-T1,2,4,"(475,083)","(475,083)","(475,083)",-475083.0,-475083.0,PASS
MS-2308 20251128.pdf,5,N02-P5-T1,2,5,"(548,606)","(548,606)","(548,606)",-548606.0,-548606.0,PASS
MS-2308 20251128.pdf,5,N02-P5-T1,3,0,Grossprofit,Grossprofit,Grossprofit,,,PASS
MS-2308 20251128.pdf,5,N02-P5-T1,3,1,"117,213","117,213","117,213",117213.0,117213.0,PASS
MS-2308 20251128.pdf,5,N02-P5-T1,3,2,"136,580","136,580","136,580",136580.0,136580.0,PASS
MS-2308 20251128.pdf,5,N02-P5-T1,3,3,"190,826","190,826","190,826",190826.0,190826.0,PASS
MS-2308 20251128.pdf,5,N02-P5-T1,3,4,"263,632","263,632","263,632",263632.0,263632.0,PASS
MS-2308 20251128.pdf,5,N02-P5-T1,3,5,"312,792","312,792","312,792",312792.0,312792.0,PASS
MS-2308 20251128.pdf,5,N02-P5-T1,4,0,Operatingexpenses,Operatingexpenses,Operatingexpenses,,,PASS
MS-2308 20251128.pdf,5,N02-P5-T1,4,1,"(76,263)","(76,263)","(76,263)",-76263.0,-76263.0,PASS
MS-2308 20251128.pdf,5,N02-P5-T1,4,2,"(88,928)","(88,928)","(88,928)",-88928.0,-88928.0,PASS
MS-2308 20251128.pdf,5,N02-P5-T1,4,3,"(106,081)","(106,081)","(106,081)",-106081.0,-106081.0,PASS
MS-2308 20251128.pdf,5,N02-P5-T1,4,4,"(136,555)","(136,555)","(136,555)",-136555.0,-136555.0,PASS
MS-2308 20251128.pdf,5,N02-P5-T1,4,5,"(160,342)","(160,342)","(160,342)",-160342.0,-160342.0,PASS
MS-2308 20251128.pdf,5,N02-P5-T1,5,0,Operatingincome,Operatingincome,Operatingincome,,,PASS
MS-2308 20251128.pdf,5,N02-P5-T1,5,1,"40,950","40,950","40,950",40950.0,40950.0,PASS
MS-2308 20251128.pdf,5,N02-P5-T1,5,2,"47,652","47,652","47,652",47652.0,47652.0,PASS
MS-2308 20251128.pdf,5,N02-P5-T1,5,3,"84,746","84,746","84,746",84746.0,84746.0,PASS
MS-2308 20251128.pdf,5,N02-P5-T1,5,4,"127,077","127,077","127,077",127077.0,127077.0,PASS
MS-2308 20251128.pdf,5,N02-P5-T1,5,5,"152,450","152,450","152,450",152450.0,152450.0,PASS
MS-2308 20251128.pdf,5,N02-P5-T1,6,0,Non-operatingincome,Non-operatingincome,Non-operatingincome,,,PASS
MS-2308 20251128.pdf,5,N02-P5-T1,6,1,"7,692","7,692","7,692",7692.0,7692.0,PASS
MS-2308 20251128.pdf,5,N02-P5-T1,6,2,"3,664","3,664","3,664",3664.0,3664.0,PASS
MS-2308 20251128.pdf,5,N02-P5-T1,6,3,"5,754","5,754","5,754",5754.0,5754.0,PASS
MS-2308 20251128.pdf,5,N02-P5-T1,6,4,"4,200","4,200","4,200",4200.0,4200.0,PASS
MS-2308 20251128.pdf,5,N02-P5-T1,6,5,"4,200","4,200","4,200",4200.0,4200.0,PASS
MS-2308 20251128.pdf,5,N02-P5-T1,7,0,Interestincome,Interestincome,Interestincome,,,PASS
MS-2308 20251128.pdf,5,N02-P5-T1,7,1,899,899,899,899.0,899.0,PASS
MS-2308 20251128.pdf,5,N02-P5-T1,7,2,"1,859","1,859","1,859",1859.0,1859.0,PASS
MS-2308 20251128.pdf,5,N02-P5-T1,7,3,"1,596","1,596","1,596",1596.0,1596.0,PASS
MS-2308 20251128.pdf,5,N02-P5-T1,7,4,"1,800","1,800","1,800",1800.0,1800.0,PASS
MS-2308 20251128.pdf,5,N02-P5-T1,7,5,"1,800","1,800","1,800",1800.0,1800.0,PASS
MS-2308 20251128.pdf,5,N02-P5-T1,8,0,Investmentincome,Investmentincome,Investmentincome,,,PASS
MS-2308 20251128.pdf,5,N02-P5-T1,8,1,(197),(197),(197),-197.0,-197.0,PASS
MS-2308 20251128.pdf,5,N02-P5-T1,8,2,(162),(162),(162),-162.0,-162.0,PASS
MS-2308 20251128.pdf,5,N02-P5-T1,8,3,864,864,864,864.0,864.0,PASS
MS-2308 20251128.pdf,5,N02-P5-T1,8,4,-,-,-,,,PASS
MS-2308 20251128.pdf,5,N02-P5-T1,8,5,-,-,-,,,PASS
MS-2308 20251128.pdf,5,N02-P5-T1,9,0,Exchangegain,Exchangegain,Exchangegain,,,PASS
MS-2308 20251128.pdf,5,N02-P5-T1,9,1,"1,275","1,275","1,275",1275.0,1275.0,PASS
MS-2308 20251128.pdf,5,N02-P5-T1,9,2,"1,041","1,041","1,041",1041.0,1041.0,PASS
MS-2308 20251128.pdf,5,N02-P5-T1,9,3,533,533,533,533.0,533.0,PASS
MS-2308 20251128.pdf,5,N02-P5-T1,9,4,-,-,-,,,PASS
MS-2308 20251128.pdf,5,N02-P5-T1,9,5,-,-,-,,,PASS
MS-2308 20251128.pdf,5,N02-P5-T1,10,0,Other,Other,Other,,,PASS
MS-2308 20251128.pdf,5,N02-P5-T1,10,1,"5,714","5,714","5,714",5714.0,5714.0,PASS
MS-2308 20251128.pdf,5,N02-P5-T1,10,2,926,926,926,926.0,926.0,PASS
MS-2308 20251128.pdf,5,N02-P5-T1,10,3,"2,761","2,761","2,761",2761.0,2761.0,PASS
MS-2308 20251128.pdf,5,N02-P5-T1,10,4,"2,400","2,400","2,400",2400.0,2400.0,PASS
MS-2308 20251128.pdf,5,N02-P5-T1,10,5,"2,400","2,400","2,400",2400.0,2400.0,PASS
MS-2308 20251128.pdf,5,N02-P5-T1,11,0,Pre-taxincome,Pre-taxincome,Pre-taxincome,,,PASS
MS-2308 20251128.pdf,5,N02-P5-T1,11,1,"48,642","48,642","48,642",48642.0,48642.0,PASS
MS-2308 20251128.pdf,5,N02-P5-T1,11,2,"51,316","51,316","51,316",51316.0,51316.0,PASS
MS-2308 20251128.pdf,5,N02-P5-T1,11,3,"90,499","90,499","90,499",90499.0,90499.0,PASS
MS-2308 20251128.pdf,5,N02-P5-T1,11,4,"131,277","131,277","131,277",131277.0,131277.0,PASS
MS-2308 20251128.pdf,5,N02-P5-T1,11,5,"156,650","156,650","156,650",156650.0,156650.0,PASS
MS-2308 20251128.pdf,5,N02-P5-T1,12,0,Incometax,Incometax,Incometax,,,PASS
MS-2308 20251128.pdf,5,N02-P5-T1,12,1,"(9,762)","(9,762)","(9,762)",-9762.0,-9762.0,PASS
MS-2308 20251128.pdf,5,N02-P5-T1,12,2,"(10,925)","(10,925)","(10,925)",-10925.0,-10925.0,PASS
MS-2308 20251128.pdf,5,N02-P5-T1,12,3,"(21,153)","(21,153)","(21,153)",-21153.0,-21153.0,PASS
MS-2308 20251128.pdf,5,N02-P5-T1,12,4,"(30,563)","(30,563)","(30,563)",-30563.0,-30563.0,PASS
MS-2308 20251128.pdf,5,N02-P5-T1,12,5,"(36,403)","(36,403)","(36,403)",-36403.0,-36403.0,PASS
MS-2308 20251128.pdf,5,N02-P5-T1,13,0,Minorityinterests,Minorityinterests,Minorityinterests,,,PASS
MS-2308 20251128.pdf,5,N02-P5-T1,13,1,"(5,488)","(5,488)","(5,488)",-5488.0,-5488.0,PASS
MS-2308 20251128.pdf,5,N02-P5-T1,13,2,"(5,163)","(5,163)","(5,163)",-5163.0,-5163.0,PASS
MS-2308 20251128.pdf,5,N02-P5-T1,13,3,"(7,714)","(7,714)","(7,714)",-7714.0,-7714.0,PASS
MS-2308 20251128.pdf,5,N02-P5-T1,13,4,"(9,715)","(9,715)","(9,715)",-9715.0,-9715.0,PASS
MS-2308 20251128.pdf,5,N02-P5-T1,13,5,"(10,794)","(10,794)","(10,794)",-10794.0,-10794.0,PASS
MS-2308 20251128.pdf,5,N02-P5-T1,14,0,Netincome,Netincome,Netincome,,,PASS
MS-2308 20251128.pdf,5,N02-P5-T1,14,1,"33,393","33,393","33,393",33393.0,33393.0,PASS
MS-2308 20251128.pdf,5,N02-P5-T1,14,2,"35,229","35,229","35,229",35229.0,35229.0,PASS
MS-2308 20251128.pdf,5,N02-P5-T1,14,3,"61,633","61,633","61,633",61633.0,61633.0,PASS
MS-2308 20251128.pdf,5,N02-P5-T1,14,4,"90,999","90,999","90,999",90999.0,90999.0,PASS
MS-2308 20251128.pdf,5,N02-P5-T1,14,5,"109,452","109,452","109,452",109452.0,109452.0,PASS
MS-2308 20251128.pdf,5,N02-P5-T1,15,0,ModelwareEPS(NT$),ModelwareEPS(NT$),ModelwareEPS(NT$),,,PASS
MS-2308 20251128.pdf,5,N02-P5-T1,15,1,12.86,12.86,12.86,12.86,12.86,PASS
MS-2308 20251128.pdf,5,N02-P5-T1,15,2,13.56,13.56,13.56,13.56,13.56,PASS
MS-2308 20251128.pdf,5,N02-P5-T1,15,3,23.73,23.73,23.73,23.73,23.73,PASS
MS-2308 20251128.pdf,5,N02-P5-T1,15,4,35.03,35.03,35.03,35.03,35.03,PASS
MS-2308 20251128.pdf,5,N02-P5-T1,15,5,42.14,42.14,42.14,42.14,42.14,PASS
MS-2308 20251128.pdf,5,N02-P5-T2,1,0,OperatingCF,OperatingCF,OperatingCF,,,PASS
MS-2308 20251128.pdf,5,N02-P5-T2,1,1,"71,086","71,086","71,086",71086.0,71086.0,PASS
MS-2308 20251128.pdf,5,N02-P5-T2,1,2,"72,895","72,895","72,895",72895.0,72895.0,PASS
MS-2308 20251128.pdf,5,N02-P5-T2,1,3,"76,694","76,694","76,694",76694.0,76694.0,PASS
MS-2308 20251128.pdf,5,N02-P5-T2,1,4,"106,194","106,194","106,194",106194.0,106194.0,PASS
MS-2308 20251128.pdf,5,N02-P5-T2,1,5,"132,246","132,246","132,246",132246.0,132246.0,PASS
MS-2308 20251128.pdf,5,N02-P5-T2,2,0,NetProfits,NetProfits,NetProfits,,,PASS
MS-2308 20251128.pdf,5,N02-P5-T2,2,1,"33,393","33,393","33,393",33393.0,33393.0,PASS
MS-2308 20251128.pdf,5,N02-P5-T2,2,2,"35,229","35,229","35,229",35229.0,35229.0,PASS
MS-2308 20251128.pdf,5,N02-P5-T2,2,3,"61,633","61,633","61,633",61633.0,61633.0,PASS
MS-2308 20251128.pdf,5,N02-P5-T2,2,4,"90,999","90,999","90,999",90999.0,90999.0,PASS
MS-2308 20251128.pdf,5,N02-P5-T2,2,5,"109,452","109,452","109,452",109452.0,109452.0,PASS
MS-2308 20251128.pdf,5,N02-P5-T2,3,0,Depreciation&Amort.,Depreciation&Amort.,Depreciation&Amort.,,,PASS
MS-2308 20251128.pdf,5,N02-P5-T2,3,1,"21,590","21,590","21,590",21590.0,21590.0,PASS
MS-2308 20251128.pdf,5,N02-P5-T2,3,2,"25,016","25,016","25,016",25016.0,25016.0,PASS
MS-2308 20251128.pdf,5,N02-P5-T2,3,3,"28,077","28,077","28,077",28077.0,28077.0,PASS
MS-2308 20251128.pdf,5,N02-P5-T2,3,4,"31,038","31,038","31,038",31038.0,31038.0,PASS
MS-2308 20251128.pdf,5,N02-P5-T2,3,5,"33,605","33,605","33,605",33605.0,33605.0,PASS
MS-2308 20251128.pdf,5,N02-P5-T2,4,0,ChangeinWC,ChangeinWC,ChangeinWC,,,PASS
MS-2308 20251128.pdf,5,N02-P5-T2,4,1,"2,289","2,289","2,289",2289.0,2289.0,PASS
MS-2308 20251128.pdf,5,N02-P5-T2,4,2,"(2,486)","(2,486)","(2,486)",-2486.0,-2486.0,PASS
MS-2308 20251128.pdf,5,N02-P5-T2,4,3,"(33,619)","(33,619)","(33,619)",-33619.0,-33619.0,PASS
MS-2308 20251128.pdf,5,N02-P5-T2,4,4,"(43,983)","(43,983)","(43,983)",-43983.0,-43983.0,PASS
MS-2308 20251128.pdf,5,N02-P5-T2,4,5,"(29,975)","(29,975)","(29,975)",-29975.0,-29975.0,PASS
MS-2308 20251128.pdf,5,N02-P5-T2,5,0,Otheradjustments,Otheradjustments,Otheradjustments,,,PASS
MS-2308 20251128.pdf,5,N02-P5-T2,5,1,"13,815","13,815","13,815",13815.0,13815.0,PASS
MS-2308 20251128.pdf,5,N02-P5-T2,5,2,"15,137","15,137","15,137",15137.0,15137.0,PASS
MS-2308 20251128.pdf,5,N02-P5-T2,5,3,"20,603","20,603","20,603",20603.0,20603.0,PASS
MS-2308 20251128.pdf,5,N02-P5-T2,5,4,"28,140","28,140","28,140",28140.0,28140.0,PASS
MS-2308 20251128.pdf,5,N02-P5-T2,5,5,"19,164","19,164","19,164",19164.0,19164.0,PASS
MS-2308 20251128.pdf,5,N02-P5-T2,6,0,InvestingCF,InvestingCF,InvestingCF,,,PASS
MS-2308 20251128.pdf,5,N02-P5-T2,6,1,"(33,502)","(33,502)","(33,502)",-33502.0,-33502.0,PASS
MS-2308 20251128.pdf,5,N02-P5-T2,6,2,"(40,360)","(40,360)","(40,360)",-40360.0,-40360.0,PASS
MS-2308 20251128.pdf,5,N02-P5-T2,6,3,"(31,000)","(31,000)","(31,000)",-31000.0,-31000.0,PASS
MS-2308 20251128.pdf,5,N02-P5-T2,6,4,"(30,000)","(30,000)","(30,000)",-30000.0,-30000.0,PASS
MS-2308 20251128.pdf,5,N02-P5-T2,6,5,"(26,000)","(26,000)","(26,000)",-26000.0,-26000.0,PASS
MS-2308 20251128.pdf,5,N02-P5-T2,7,0,ChangeofFA(Capex),ChangeofFA(Capex),ChangeofFA(Capex),,,PASS
MS-2308 20251128.pdf,5,N02-P5-T2,7,1,"(27,778)","(27,778)","(27,778)",-27778.0,-27778.0,PASS
MS-2308 20251128.pdf,5,N02-P5-T2,7,2,"(33,435)","(33,435)","(33,435)",-33435.0,-33435.0,PASS
MS-2308 20251128.pdf,5,N02-P5-T2,7,3,"(31,000)","(31,000)","(31,000)",-31000.0,-31000.0,PASS
MS-2308 20251128.pdf,5,N02-P5-T2,7,4,"(30,000)","(30,000)","(30,000)",-30000.0,-30000.0,PASS
MS-2308 20251128.pdf,5,N02-P5-T2,7,5,"(26,000)","(26,000)","(26,000)",-26000.0,-26000.0,PASS
MS-2308 20251128.pdf,5,N02-P5-T2,8,0,ChangeofL/Tinvest.,ChangeofL/Tinvest.,ChangeofL/Tinvest.,,,PASS
MS-2308 20251128.pdf,5,N02-P5-T2,8,1,4,4,4,4.0,4.0,PASS
MS-2308 20251128.pdf,5,N02-P5-T2,8,2,"(4,739)","(4,739)","(4,739)",-4739.0,-4739.0,PASS
MS-2308 20251128.pdf,5,N02-P5-T2,8,3,-,-,-,,,PASS
MS-2308 20251128.pdf,5,N02-P5-T2,8,4,-,-,-,,,PASS
MS-2308 20251128.pdf,5,N02-P5-T2,8,5,-,-,-,,,PASS
MS-2308 20251128.pdf,5,N02-P5-T2,9,0,Otheradjustments,Otheradjustments,Otheradjustments,,,PASS
MS-2308 20251128.pdf,5,N02-P5-T2,9,1,"(6,100)","(6,100)","(6,100)",-6100.0,-6100.0,PASS
MS-2308 20251128.pdf,5,N02-P5-T2,9,2,"(1,644)","(1,644)","(1,644)",-1644.0,-1644.0,PASS
MS-2308 20251128.pdf,5,N02-P5-T2,9,3,-,-,-,,,PASS
MS-2308 20251128.pdf,5,N02-P5-T2,9,4,-,-,-,,,PASS
MS-2308 20251128.pdf,5,N02-P5-T2,9,5,-,-,-,,,PASS
MS-2308 20251128.pdf,5,N02-P5-T2,10,0,FinancingCF,FinancingCF,FinancingCF,,,PASS
MS-2308 20251128.pdf,5,N02-P5-T2,10,1,"(10,478)","(10,478)","(10,478)",-10478.0,-10478.0,PASS
MS-2308 20251128.pdf,5,N02-P5-T2,10,2,"(11,118)","(11,118)","(11,118)",-11118.0,-11118.0,PASS
MS-2308 20251128.pdf,5,N02-P5-T2,10,3,"(27,869)","(27,869)","(27,869)",-27869.0,-27869.0,PASS
MS-2308 20251128.pdf,5,N02-P5-T2,10,4,"(32,862)","(32,862)","(32,862)",-32862.0,-32862.0,PASS
MS-2308 20251128.pdf,5,N02-P5-T2,10,5,"(39,096)","(39,096)","(39,096)",-39096.0,-39096.0,PASS
MS-2308 20251128.pdf,5,N02-P5-T2,11,0,IncreaseinL/Tdebt,IncreaseinL/Tdebt,IncreaseinL/Tdebt,,,PASS
MS-2308 20251128.pdf,5,N02-P5-T2,11,1,"(8,048)","(8,048)","(8,048)",-8048.0,-8048.0,PASS
MS-2308 20251128.pdf,5,N02-P5-T2,11,2,"8,552","8,552","8,552",8552.0,8552.0,PASS
MS-2308 20251128.pdf,5,N02-P5-T2,11,3,"2,356","2,356","2,356",2356.0,2356.0,PASS
MS-2308 20251128.pdf,5,N02-P5-T2,11,4,"2,322","2,322","2,322",2322.0,2322.0,PASS
MS-2308 20251128.pdf,5,N02-P5-T2,11,5,884,884,884,884.0,884.0,PASS
MS-2308 20251128.pdf,5,N02-P5-T2,12,0,IncreaseinS/Tdebt,IncreaseinS/Tdebt,IncreaseinS/Tdebt,,,PASS
MS-2308 20251128.pdf,5,N02-P5-T2,12,1,874,874,874,874.0,874.0,PASS
MS-2308 20251128.pdf,5,N02-P5-T2,12,2,"(1,417)","(1,417)","(1,417)",-1417.0,-1417.0,PASS
MS-2308 20251128.pdf,5,N02-P5-T2,12,3,140,140,140,140.0,140.0,PASS
MS-2308 20251128.pdf,5,N02-P5-T2,12,4,138,138,138,138.0,138.0,PASS
MS-2308 20251128.pdf,5,N02-P5-T2,12,5,53,53,53,53.0,53.0,PASS
MS-2308 20251128.pdf,5,N02-P5-T2,13,0,Issuanceofstock,Issuanceofstock,Issuanceofstock,,,PASS
MS-2308 20251128.pdf,5,N02-P5-T2,13,1,-,-,-,,,PASS
MS-2308 20251128.pdf,5,N02-P5-T2,13,2,-,-,-,,,PASS
MS-2308 20251128.pdf,5,N02-P5-T2,13,3,-,-,-,,,PASS
MS-2308 20251128.pdf,5,N02-P5-T2,13,4,-,-,-,,,PASS
MS-2308 20251128.pdf,5,N02-P5-T2,13,5,-,-,-,,,PASS
MS-2308 20251128.pdf,5,N02-P5-T2,14,0,Cashdividends,Cashdividends,Cashdividends,,,PASS
MS-2308 20251128.pdf,5,N02-P5-T2,14,1,"(27,455)","(27,455)","(27,455)",-27455.0,-27455.0,PASS
MS-2308 20251128.pdf,5,N02-P5-T2,14,2,"(18,696)","(18,696)","(18,696)",-18696.0,-18696.0,PASS
MS-2308 20251128.pdf,5,N02-P5-T2,14,3,"(27,305)","(27,305)","(27,305)",-27305.0,-27305.0,PASS
MS-2308 20251128.pdf,5,N02-P5-T2,14,4,"(31,401)","(31,401)","(31,401)",-31401.0,-31401.0,PASS
MS-2308 20251128.pdf,5,N02-P5-T2,14,5,"(36,111)","(36,111)","(36,111)",-36111.0,-36111.0,PASS
MS-2308 20251128.pdf,5,N02-P5-T2,15,0,Otheradjustments,Otheradjustments,Otheradjustments,,,PASS
MS-2308 20251128.pdf,5,N02-P5-T2,15,1,"24,151","24,151","24,151",24151.0,24151.0,PASS
MS-2308 20251128.pdf,5,N02-P5-T2,15,2,444,444,444,444.0,444.0,PASS
MS-2308 20251128.pdf,5,N02-P5-T2,15,3,"(3,060)","(3,060)","(3,060)",-3060.0,-3060.0,PASS
MS-2308 20251128.pdf,5,N02-P5-T2,15,4,"(3,922)","(3,922)","(3,922)",-3922.0,-3922.0,PASS
MS-2308 20251128.pdf,5,N02-P5-T2,15,5,"(3,922)","(3,922)","(3,922)",-3922.0,-3922.0,PASS
MS-2308 20251128.pdf,5,N02-P5-T2,16,0,FXadjust.,FXadjust.,FXadjust.,,,PASS
MS-2308 20251128.pdf,5,N02-P5-T2,16,1,"(1,198)","(1,198)","(1,198)",-1198.0,-1198.0,PASS
MS-2308 20251128.pdf,5,N02-P5-T2,16,2,"8,586","8,586","8,586",8586.0,8586.0,PASS
MS-2308 20251128.pdf,5,N02-P5-T2,16,3,-,-,-,,,PASS
MS-2308 20251128.pdf,5,N02-P5-T2,16,4,-,-,-,,,PASS
MS-2308 20251128.pdf,5,N02-P5-T2,16,5,-,-,-,,,PASS
MS-2308 20251128.pdf,5,N02-P5-T2,17,0,Netchangeincash,Netchangeincash,Netchangeincash,,,PASS
MS-2308 20251128.pdf,5,N02-P5-T2,17,1,"25,909","25,909","25,909",25909.0,25909.0,PASS
MS-2308 20251128.pdf,5,N02-P5-T2,17,2,"30,003","30,003","30,003",30003.0,30003.0,PASS
MS-2308 20251128.pdf,5,N02-P5-T2,17,3,"17,824","17,824","17,824",17824.0,17824.0,PASS
MS-2308 20251128.pdf,5,N02-P5-T2,17,4,"43,332","43,332","43,332",43332.0,43332.0,PASS
MS-2308 20251128.pdf,5,N02-P5-T2,17,5,"67,150","67,150","67,150",67150.0,67150.0,PASS
MS-2308 20251128.pdf,5,N02-P5-T3,1,0,Cash,Cash,Cash,,,PASS
MS-2308 20251128.pdf,5,N02-P5-T3,1,1,"87,456","87,456","87,456",87456.0,87456.0,PASS
MS-2308 20251128.pdf,5,N02-P5-T3,1,2,"117,459","117,459","117,459",117459.0,117459.0,PASS
MS-2308 20251128.pdf,5,N02-P5-T3,1,3,"135,284","135,284","135,284",135284.0,135284.0,PASS
MS-2308 20251128.pdf,5,N02-P5-T3,1,4,"178,616","178,616","178,616",178616.0,178616.0,PASS
MS-2308 20251128.pdf,5,N02-P5-T3,1,5,"245,766","245,766","245,766",245766.0,245766.0,PASS
MS-2308 20251128.pdf,5,N02-P5-T3,2,0,Mktsecurities,Mktsecurities,Mktsecurities,,,PASS
MS-2308 20251128.pdf,5,N02-P5-T3,2,1,"5,164","5,164","5,164",5164.0,5164.0,PASS
MS-2308 20251128.pdf,5,N02-P5-T3,2,2,"4,333","4,333","4,333",4333.0,4333.0,PASS
MS-2308 20251128.pdf,5,N02-P5-T3,2,3,"4,333","4,333","4,333",4333.0,4333.0,PASS
MS-2308 20251128.pdf,5,N02-P5-T3,2,4,"4,333","4,333","4,333",4333.0,4333.0,PASS
MS-2308 20251128.pdf,5,N02-P5-T3,2,5,"4,333","4,333","4,333",4333.0,4333.0,PASS
MS-2308 20251128.pdf,5,N02-P5-T3,3,0,A/R,A/R,A/R,,,PASS
MS-2308 20251128.pdf,5,N02-P5-T3,3,1,"79,380","79,380","79,380",79380.0,79380.0,PASS
MS-2308 20251128.pdf,5,N02-P5-T3,3,2,"89,921","89,921","89,921",89921.0,89921.0,PASS
MS-2308 20251128.pdf,5,N02-P5-T3,3,3,"119,262","119,262","119,262",119262.0,119262.0,PASS
MS-2308 20251128.pdf,5,N02-P5-T3,3,4,"157,725","157,725","157,725",157725.0,157725.0,PASS
MS-2308 20251128.pdf,5,N02-P5-T3,3,5,"183,920","183,920","183,920",183920.0,183920.0,PASS
MS-2308 20251128.pdf,5,N02-P5-T3,4,0,Inventory,Inventory,Inventory,,,PASS
MS-2308 20251128.pdf,5,N02-P5-T3,4,1,"76,227","76,227","76,227",76227.0,76227.0,PASS
MS-2308 20251128.pdf,5,N02-P5-T3,4,2,"83,856","83,856","83,856",83856.0,83856.0,PASS
MS-2308 20251128.pdf,5,N02-P5-T3,4,3,"108,367","108,367","108,367",108367.0,108367.0,PASS
MS-2308 20251128.pdf,5,N02-P5-T3,4,4,"139,997","139,997","139,997",139997.0,139997.0,PASS
MS-2308 20251128.pdf,5,N02-P5-T3,4,5,"161,663","161,663","161,663",161663.0,161663.0,PASS
MS-2308 20251128.pdf,5,N02-P5-T3,5,0,Others,Others,Others,,,PASS
MS-2308 20251128.pdf,5,N02-P5-T3,5,1,"11,732","11,732","11,732",11732.0,11732.0,PASS
MS-2308 20251128.pdf,5,N02-P5-T3,5,2,"15,355","15,355","15,355",15355.0,15355.0,PASS
MS-2308 20251128.pdf,5,N02-P5-T3,5,3,"20,366","20,366","20,366",20366.0,20366.0,PASS
MS-2308 20251128.pdf,5,N02-P5-T3,5,4,"26,934","26,934","26,934",26934.0,26934.0,PASS
MS-2308 20251128.pdf,5,N02-P5-T3,5,5,"31,407","31,407","31,407",31407.0,31407.0,PASS
MS-2308 20251128.pdf,5,N02-P5-T3,6,0,CurrentAssets,CurrentAssets,CurrentAssets,,,PASS
MS-2308 20251128.pdf,5,N02-P5-T3,6,1,"259,958","259,958","259,958",259958.0,259958.0,PASS
MS-2308 20251128.pdf,5,N02-P5-T3,6,2,"310,925","310,925","310,925",310925.0,310925.0,PASS
MS-2308 20251128.pdf,5,N02-P5-T3,6,3,"387,612","387,612","387,612",387612.0,387612.0,PASS
MS-2308 20251128.pdf,5,N02-P5-T3,6,4,"507,606","507,606","507,606",507606.0,507606.0,PASS
MS-2308 20251128.pdf,5,N02-P5-T3,6,5,"627,090","627,090","627,090",627090.0,627090.0,PASS
MS-2308 20251128.pdf,5,N02-P5-T3,7,0,Long-terminvestments,Long-terminvestments,Long-terminvestments,,,PASS
MS-2308 20251128.pdf,5,N02-P5-T3,7,1,"4,205","4,205","4,205",4205.0,4205.0,PASS
MS-2308 20251128.pdf,5,N02-P5-T3,7,2,"4,740","4,740","4,740",4740.0,4740.0,PASS
MS-2308 20251128.pdf,5,N02-P5-T3,7,3,"4,740","4,740","4,740",4740.0,4740.0,PASS
MS-2308 20251128.pdf,5,N02-P5-T3,7,4,"4,740","4,740","4,740",4740.0,4740.0,PASS
MS-2308 20251128.pdf,5,N02-P5-T3,7,5,"4,740","4,740","4,740",4740.0,4740.0,PASS
MS-2308 20251128.pdf,5,N02-P5-T3,8,0,Fixedassets,Fixedassets,Fixedassets,,,PASS
MS-2308 20251128.pdf,5,N02-P5-T3,8,1,"98,011","98,011","98,011",98011.0,98011.0,PASS
MS-2308 20251128.pdf,5,N02-P5-T3,8,2,"115,710","115,710","115,710",115710.0,115710.0,PASS
MS-2308 20251128.pdf,5,N02-P5-T3,8,3,"122,556","122,556","122,556",122556.0,122556.0,PASS
MS-2308 20251128.pdf,5,N02-P5-T3,8,4,"125,439","125,439","125,439",125439.0,125439.0,PASS
MS-2308 20251128.pdf,5,N02-P5-T3,8,5,"121,756","121,756","121,756",121756.0,121756.0,PASS
MS-2308 20251128.pdf,5,N02-P5-T3,9,0,Otherassets,Otherassets,Otherassets,,,PASS
MS-2308 20251128.pdf,5,N02-P5-T3,9,1,"95,572","95,572","95,572",95572.0,95572.0,PASS
MS-2308 20251128.pdf,5,N02-P5-T3,9,2,"100,523","100,523","100,523",100523.0,100523.0,PASS
MS-2308 20251128.pdf,5,N02-P5-T3,9,3,"100,523","100,523","100,523",100523.0,100523.0,PASS
MS-2308 20251128.pdf,5,N02-P5-T3,9,4,"100,523","100,523","100,523",100523.0,100523.0,PASS
MS-2308 20251128.pdf,5,N02-P5-T3,9,5,"100,523","100,523","100,523",100523.0,100523.0,PASS
MS-2308 20251128.pdf,5,N02-P5-T3,10,0,TotalAssets,TotalAssets,TotalAssets,,,PASS
MS-2308 20251128.pdf,5,N02-P5-T3,10,1,"457,747","457,747","457,747",457747.0,457747.0,PASS
MS-2308 20251128.pdf,5,N02-P5-T3,10,2,"531,898","531,898","531,898",531898.0,531898.0,PASS
MS-2308 20251128.pdf,5,N02-P5-T3,10,3,"615,430","615,430","615,430",615430.0,615430.0,PASS
MS-2308 20251128.pdf,5,N02-P5-T3,10,4,"738,308","738,308","738,308",738308.0,738308.0,PASS
MS-2308 20251128.pdf,5,N02-P5-T3,10,5,"854,108","854,108","854,108",854108.0,854108.0,PASS
MS-2308 20251128.pdf,5,N02-P5-T3,11,0,S/Tborrowings,S/Tborrowings,S/Tborrowings,,,PASS
MS-2308 20251128.pdf,5,N02-P5-T3,11,1,"3,335","3,335","3,335",3335.0,3335.0,PASS
MS-2308 20251128.pdf,5,N02-P5-T3,11,2,"1,918","1,918","1,918",1918.0,1918.0,PASS
MS-2308 20251128.pdf,5,N02-P5-T3,11,3,"2,058","2,058","2,058",2058.0,2058.0,PASS
MS-2308 20251128.pdf,5,N02-P5-T3,11,4,"2,196","2,196","2,196",2196.0,2196.0,PASS
MS-2308 20251128.pdf,5,N02-P5-T3,11,5,"2,249","2,249","2,249",2249.0,2249.0,PASS
MS-2308 20251128.pdf,5,N02-P5-T3,12,0,AP/NP,AP/NP,AP/NP,,,PASS
MS-2308 20251128.pdf,5,N02-P5-T3,12,1,"53,539","53,539","53,539",53539.0,53539.0,PASS
MS-2308 20251128.pdf,5,N02-P5-T3,12,2,"69,223","69,223","69,223",69223.0,69223.0,PASS
MS-2308 20251128.pdf,5,N02-P5-T3,12,3,"89,457","89,457","89,457",89457.0,89457.0,PASS
MS-2308 20251128.pdf,5,N02-P5-T3,12,4,"115,568","115,568","115,568",115568.0,115568.0,PASS
MS-2308 20251128.pdf,5,N02-P5-T3,12,5,"133,453","133,453","133,453",133453.0,133453.0,PASS
MS-2308 20251128.pdf,5,N02-P5-T3,13,0,OtherSTliabilities,OtherSTliabilities,OtherSTliabilities,,,PASS
MS-2308 20251128.pdf,5,N02-P5-T3,13,1,"69,211","69,211","69,211",69211.0,69211.0,PASS
MS-2308 20251128.pdf,5,N02-P5-T3,13,2,"81,142","81,142","81,142",81142.0,81142.0,PASS
MS-2308 20251128.pdf,5,N02-P5-T3,13,3,"107,619","107,619","107,619",107619.0,107619.0,PASS
MS-2308 20251128.pdf,5,N02-P5-T3,13,4,"142,327","142,327","142,327",142327.0,142327.0,PASS
MS-2308 20251128.pdf,5,N02-P5-T3,13,5,"165,965","165,965","165,965",165965.0,165965.0,PASS
MS-2308 20251128.pdf,5,N02-P5-T3,14,0,Totalcurrentliabilities,Totalcurrentliabilities,Totalcurrentliabilities,,,PASS
MS-2308 20251128.pdf,5,N02-P5-T3,14,1,"126,085","126,085","126,085",126085.0,126085.0,PASS
MS-2308 20251128.pdf,5,N02-P5-T3,14,2,"152,283","152,283","152,283",152283.0,152283.0,PASS
MS-2308 20251128.pdf,5,N02-P5-T3,14,3,"199,134","199,134","199,134",199134.0,199134.0,PASS
MS-2308 20251128.pdf,5,N02-P5-T3,14,4,"260,091","260,091","260,091",260091.0,260091.0,PASS
MS-2308 20251128.pdf,5,N02-P5-T3,14,5,"301,666","301,666","301,666",301666.0,301666.0,PASS
MS-2308 20251128.pdf,5,N02-P5-T3,15,0,L/Tdebt,L/Tdebt,L/Tdebt,,,PASS
MS-2308 20251128.pdf,5,N02-P5-T3,15,1,"22,320","22,320","22,320",22320.0,22320.0,PASS
MS-2308 20251128.pdf,5,N02-P5-T3,15,2,"32,209","32,209","32,209",32209.0,32209.0,PASS
MS-2308 20251128.pdf,5,N02-P5-T3,15,3,"34,565","34,565","34,565",34565.0,34565.0,PASS
MS-2308 20251128.pdf,5,N02-P5-T3,15,4,"36,887","36,887","36,887",36887.0,36887.0,PASS
MS-2308 20251128.pdf,5,N02-P5-T3,15,5,"37,771","37,771","37,771",37771.0,37771.0,PASS
MS-2308 20251128.pdf,5,N02-P5-T3,16,0,OtherLTliabilities,OtherLTliabilities,OtherLTliabilities,,,PASS
MS-2308 20251128.pdf,5,N02-P5-T3,16,1,"66,606","66,606","66,606",66606.0,66606.0,PASS
MS-2308 20251128.pdf,5,N02-P5-T3,16,2,"67,840","67,840","67,840",67840.0,67840.0,PASS
MS-2308 20251128.pdf,5,N02-P5-T3,16,3,"67,840","67,840","67,840",67840.0,67840.0,PASS
MS-2308 20251128.pdf,5,N02-P5-T3,16,4,"67,840","67,840","67,840",67840.0,67840.0,PASS
MS-2308 20251128.pdf,5,N02-P5-T3,16,5,"67,840","67,840","67,840",67840.0,67840.0,PASS
MS-2308 20251128.pdf,5,N02-P5-T3,17,0,TotalLiabilities,TotalLiabilities,TotalLiabilities,,,PASS
MS-2308 20251128.pdf,5,N02-P5-T3,17,1,"215,011","215,011","215,011",215011.0,215011.0,PASS
MS-2308 20251128.pdf,5,N02-P5-T3,17,2,"252,332","252,332","252,332",252332.0,252332.0,PASS
MS-2308 20251128.pdf,5,N02-P5-T3,17,3,"301,539","301,539","301,539",301539.0,301539.0,PASS
MS-2308 20251128.pdf,5,N02-P5-T3,17,4,"364,818","364,818","364,818",364818.0,364818.0,PASS
MS-2308 20251128.pdf,5,N02-P5-T3,17,5,"407,277","407,277","407,277",407277.0,407277.0,PASS
MS-2308 20251128.pdf,5,N02-P5-T3,18,0,Commonshares,Commonshares,Commonshares,,,PASS
MS-2308 20251128.pdf,5,N02-P5-T3,18,1,"25,975","25,975","25,975",25975.0,25975.0,PASS
MS-2308 20251128.pdf,5,N02-P5-T3,18,2,"25,975","25,975","25,975",25975.0,25975.0,PASS
MS-2308 20251128.pdf,5,N02-P5-T3,18,3,"25,975","25,975","25,975",25975.0,25975.0,PASS
MS-2308 20251128.pdf,5,N02-P5-T3,18,4,"25,975","25,975","25,975",25975.0,25975.0,PASS
MS-2308 20251128.pdf,5,N02-P5-T3,18,5,"25,975","25,975","25,975",25975.0,25975.0,PASS
MS-2308 20251128.pdf,5,N02-P5-T3,19,0,RetainedEarnings,RetainedEarnings,RetainedEarnings,,,PASS
MS-2308 20251128.pdf,5,N02-P5-T3,19,1,"86,872","86,872","86,872",86872.0,86872.0,PASS
MS-2308 20251128.pdf,5,N02-P5-T3,19,2,"102,429","102,429","102,429",102429.0,102429.0,PASS
MS-2308 20251128.pdf,5,N02-P5-T3,19,3,"136,756","136,756","136,756",136756.0,136756.0,PASS
MS-2308 20251128.pdf,5,N02-P5-T3,19,4,"196,354","196,354","196,354",196354.0,196354.0,PASS
MS-2308 20251128.pdf,5,N02-P5-T3,19,5,"269,696","269,696","269,696",269696.0,269696.0,PASS
MS-2308 20251128.pdf,5,N02-P5-T3,20,0,OtherSHequity,OtherSHequity,OtherSHequity,,,PASS
MS-2308 20251128.pdf,5,N02-P5-T3,20,1,"129,888","129,888","129,888",129888.0,129888.0,PASS
MS-2308 20251128.pdf,5,N02-P5-T3,20,2,"151,161","151,161","151,161",151161.0,151161.0,PASS
MS-2308 20251128.pdf,5,N02-P5-T3,20,3,"151,159","151,159","151,159",151159.0,151159.0,PASS
MS-2308 20251128.pdf,5,N02-P5-T3,20,4,"151,159","151,159","151,159",151159.0,151159.0,PASS
MS-2308 20251128.pdf,5,N02-P5-T3,20,5,"151,159","151,159","151,159",151159.0,151159.0,PASS
MS-2308 20251128.pdf,5,N02-P5-T3,21,0,Shareholders'equity,Shareholders'equity,Shareholders'equity,,,PASS
MS-2308 20251128.pdf,5,N02-P5-T3,21,1,"242,735","242,735","242,735",242735.0,242735.0,PASS
MS-2308 20251128.pdf,5,N02-P5-T3,21,2,"279,565","279,565","279,565",279565.0,279565.0,PASS
MS-2308 20251128.pdf,5,N02-P5-T3,21,3,"313,891","313,891","313,891",313891.0,313891.0,PASS
MS-2308 20251128.pdf,5,N02-P5-T3,21,4,"373,489","373,489","373,489",373489.0,373489.0,PASS
MS-2308 20251128.pdf,5,N02-P5-T3,21,5,"446,831","446,831","446,831",446831.0,446831.0,PASS
MS-2308 20251128.pdf,5,N02-P5-T3,22,0,TotalLiab./SE,TotalLiab./SE,TotalLiab./SE,,,PASS
MS-2308 20251128.pdf,5,N02-P5-T3,22,1,"457,747","457,747","457,747",457747.0,457747.0,PASS
MS-2308 20251128.pdf,5,N02-P5-T3,22,2,"531,898","531,898","531,898",531898.0,531898.0,PASS
MS-2308 20251128.pdf,5,N02-P5-T3,22,3,"615,430","615,430","615,430",615430.0,615430.0,PASS
MS-2308 20251128.pdf,5,N02-P5-T3,22,4,"738,308","738,308","738,308",738308.0,738308.0,PASS
MS-2308 20251128.pdf,5,N02-P5-T3,22,5,"854,108","854,108","854,108",854108.0,854108.0,PASS
MS-2308 20251128.pdf,5,N02-P5-T4,1,0,Margins(%),Margins(%),Margins(%),,,PASS
MS-2308 20251128.pdf,5,N02-P5-T4,1,1,,,,,,PASS
MS-2308 20251128.pdf,5,N02-P5-T4,1,2,,,,,,PASS
MS-2308 20251128.pdf,5,N02-P5-T4,1,3,,,,,,PASS
MS-2308 20251128.pdf,5,N02-P5-T4,1,4,,,,,,PASS
MS-2308 20251128.pdf,5,N02-P5-T4,1,5,,,,,,PASS
MS-2308 20251128.pdf,5,N02-P5-T4,2,0,Grossmargin,Grossmargin,Grossmargin,,,PASS
MS-2308 20251128.pdf,5,N02-P5-T4,2,1,29.2,29.2,29.2,29.2,29.2,PASS
MS-2308 20251128.pdf,5,N02-P5-T4,2,2,32.4,32.4,32.4,32.4,32.4,PASS
MS-2308 20251128.pdf,5,N02-P5-T4,2,3,34.2,34.2,34.2,34.2,34.2,PASS
MS-2308 20251128.pdf,5,N02-P5-T4,2,4,35.7,35.7,35.7,35.7,35.7,PASS
MS-2308 20251128.pdf,5,N02-P5-T4,2,5,36.3,36.3,36.3,36.3,36.3,PASS
MS-2308 20251128.pdf,5,N02-P5-T4,3,0,Operatingmargin,Operatingmargin,Operatingmargin,,,PASS
MS-2308 20251128.pdf,5,N02-P5-T4,3,1,10.2,10.2,10.2,10.2,10.2,PASS
MS-2308 20251128.pdf,5,N02-P5-T4,3,2,11.3,11.3,11.3,11.3,11.3,PASS
MS-2308 20251128.pdf,5,N02-P5-T4,3,3,15.2,15.2,15.2,15.2,15.2,PASS
MS-2308 20251128.pdf,5,N02-P5-T4,3,4,17.2,17.2,17.2,17.2,17.2,PASS
MS-2308 20251128.pdf,5,N02-P5-T4,3,5,17.7,17.7,17.7,17.7,17.7,PASS
MS-2308 20251128.pdf,5,N02-P5-T4,4,0,Pretaxmargin,Pretaxmargin,Pretaxmargin,,,PASS
MS-2308 20251128.pdf,5,N02-P5-T4,4,1,12.1,12.1,12.1,12.1,12.1,PASS
MS-2308 20251128.pdf,5,N02-P5-T4,4,2,12.2,12.2,12.2,12.2,12.2,PASS
MS-2308 20251128.pdf,5,N02-P5-T4,4,3,16.2,16.2,16.2,16.2,16.2,PASS
MS-2308 20251128.pdf,5,N02-P5-T4,4,4,17.8,17.8,17.8,17.8,17.8,PASS
MS-2308 20251128.pdf,5,N02-P5-T4,4,5,18.2,18.2,18.2,18.2,18.2,PASS
MS-2308 20251128.pdf,5,N02-P5-T4,5,0,Netmargin,Netmargin,Netmargin,,,PASS
MS-2308 20251128.pdf,5,N02-P5-T4,5,1,8.3,8.3,8.3,8.3,8.3,PASS
MS-2308 20251128.pdf,5,N02-P5-T4,5,2,8.4,8.4,8.4,8.4,8.4,PASS
MS-2308 20251128.pdf,5,N02-P5-T4,5,3,11.0,11.0,11.0,11.0,11.0,PASS
MS-2308 20251128.pdf,5,N02-P5-T4,5,4,12.3,12.3,12.3,12.3,12.3,PASS
MS-2308 20251128.pdf,5,N02-P5-T4,5,5,12.7,12.7,12.7,12.7,12.7,PASS
MS-2308 20251128.pdf,5,N02-P5-T4,6,0,YoYgrowth(%),YoYgrowth(%),YoYgrowth(%),,,PASS
MS-2308 20251128.pdf,5,N02-P5-T4,6,1,,,,,,PASS
MS-2308 20251128.pdf,5,N02-P5-T4,6,2,,,,,,PASS
MS-2308 20251128.pdf,5,N02-P5-T4,6,3,,,,,,PASS
MS-2308 20251128.pdf,5,N02-P5-T4,6,4,,,,,,PASS
MS-2308 20251128.pdf,5,N02-P5-T4,6,5,,,,,,PASS
MS-2308 20251128.pdf,5,N02-P5-T4,7,0,Sales,Sales,Sales,,,PASS
MS-2308 20251128.pdf,5,N02-P5-T4,7,1,4,4,4,4.0,4.0,PASS
MS-2308 20251128.pdf,5,N02-P5-T4,7,2,5,5,5,5.0,5.0,PASS
MS-2308 20251128.pdf,5,N02-P5-T4,7,3,33,33,33,33.0,33.0,PASS
MS-2308 20251128.pdf,5,N02-P5-T4,7,4,32,32,32,32.0,32.0,PASS
MS-2308 20251128.pdf,5,N02-P5-T4,7,5,17,17,17,17.0,17.0,PASS
MS-2308 20251128.pdf,5,N02-P5-T4,8,0,Operatingprofits,Operatingprofits,Operatingprofits,,,PASS
MS-2308 20251128.pdf,5,N02-P5-T4,8,1,-1,-1,-1,-1.0,-1.0,PASS
MS-2308 20251128.pdf,5,N02-P5-T4,8,2,16,16,16,16.0,16.0,PASS
MS-2308 20251128.pdf,5,N02-P5-T4,8,3,78,78,78,78.0,78.0,PASS
MS-2308 20251128.pdf,5,N02-P5-T4,8,4,50,50,50,50.0,50.0,PASS
MS-2308 20251128.pdf,5,N02-P5-T4,8,5,20,20,20,20.0,20.0,PASS
MS-2308 20251128.pdf,5,N02-P5-T4,9,0,Pretaxprofits,Pretaxprofits,Pretaxprofits,,,PASS
MS-2308 20251128.pdf,5,N02-P5-T4,9,1,6,6,6,6.0,6.0,PASS
MS-2308 20251128.pdf,5,N02-P5-T4,9,2,5,5,5,5.0,5.0,PASS
MS-2308 20251128.pdf,5,N02-P5-T4,9,3,76,76,76,76.0,76.0,PASS
MS-2308 20251128.pdf,5,N02-P5-T4,9,4,45,45,45,45.0,45.0,PASS
MS-2308 20251128.pdf,5,N02-P5-T4,9,5,19,19,19,19.0,19.0,PASS
MS-2308 20251128.pdf,5,N02-P5-T4,10,0,Netprofits,Netprofits,Netprofits,,,PASS
MS-2308 20251128.pdf,5,N02-P5-T4,10,1,2,2,2,2.0,2.0,PASS
MS-2308 20251128.pdf,5,N02-P5-T4,10,2,5,5,5,5.0,5.0,PASS
MS-2308 20251128.pdf,5,N02-P5-T4,10,3,75,75,75,75.0,75.0,PASS
MS-2308 20251128.pdf,5,N02-P5-T4,10,4,48,48,48,48.0,48.0,PASS
MS-2308 20251128.pdf,5,N02-P5-T4,10,5,20,20,20,20.0,20.0,PASS
MS-2308 20251128.pdf,5,N02-P5-T4,11,0,Others,Others,Others,,,PASS
MS-2308 20251128.pdf,5,N02-P5-T4,11,1,,,,,,PASS
MS-2308 20251128.pdf,5,N02-P5-T4,11,2,,,,,,PASS
MS-2308 20251128.pdf,5,N02-P5-T4,11,3,,,,,,PASS
MS-2308 20251128.pdf,5,N02-P5-T4,11,4,,,,,,PASS
MS-2308 20251128.pdf,5,N02-P5-T4,11,5,,,,,,PASS
MS-2308 20251128.pdf,5,N02-P5-T4,12,0,Cashdivpayout(%),Cashdivpayout(%),Cashdivpayout(%),,,PASS
MS-2308 20251128.pdf,5,N02-P5-T4,12,1,50%,50%,50%,50.0,50.0,PASS
MS-2308 20251128.pdf,5,N02-P5-T4,12,2,52%,52%,52%,52.0,52.0,PASS
MS-2308 20251128.pdf,5,N02-P5-T4,12,3,52%,52%,52%,52.0,52.0,PASS
MS-2308 20251128.pdf,5,N02-P5-T4,12,4,52%,52%,52%,52.0,52.0,PASS
MS-2308 20251128.pdf,5,N02-P5-T4,12,5,52%,52%,52%,52.0,52.0,PASS
MS-2308 20251128.pdf,5,N02-P5-T4,13,0,Adjustedcashdiv(NT$),Adjustedcashdiv(NT$),Adjustedcashdiv(NT$),,,PASS
MS-2308 20251128.pdf,5,N02-P5-T4,13,1,6.4,6.4,6.4,6.4,6.4,PASS
MS-2308 20251128.pdf,5,N02-P5-T4,13,2,7.0,7.0,7.0,7.0,7.0,PASS
MS-2308 20251128.pdf,5,N02-P5-T4,13,3,12.2,12.2,12.2,12.2,12.2,PASS
MS-2308 20251128.pdf,5,N02-P5-T4,13,4,18.1,18.1,18.1,18.1,18.1,PASS
MS-2308 20251128.pdf,5,N02-P5-T4,13,5,21.7,21.7,21.7,21.7,21.7,PASS
MS-2308 20251128.pdf,5,N02-P5-T4,14,0,Yield(%),Yield(%),Yield(%),,,PASS
MS-2308 20251128.pdf,5,N02-P5-T4,14,1,1%,1%,1%,1.0,1.0,PASS
MS-2308 20251128.pdf,5,N02-P5-T4,14,2,1%,1%,1%,1.0,1.0,PASS
MS-2308 20251128.pdf,5,N02-P5-T4,14,3,1%,1%,1%,1.0,1.0,PASS
MS-2308 20251128.pdf,5,N02-P5-T4,14,4,2%,2%,2%,2.0,2.0,PASS
MS-2308 20251128.pdf,5,N02-P5-T4,14,5,2%,2%,2%,2.0,2.0,PASS
MS-2308 20251128.pdf,5,N02-P5-T4,15,0,NetDebt/Equity(%),NetDebt/Equity(%),NetDebt/Equity(%),,,PASS
MS-2308 20251128.pdf,5,N02-P5-T4,15,1,-28%,-28%,-28%,-28.0,-28.0,PASS
MS-2308 20251128.pdf,5,N02-P5-T4,15,2,-31%,-31%,-31%,-31.0,-31.0,PASS
MS-2308 20251128.pdf,5,N02-P5-T4,15,3,-33%,-33%,-33%,-33.0,-33.0,PASS
MS-2308 20251128.pdf,5,N02-P5-T4,15,4,-39%,-39%,-39%,-39.0,-39.0,PASS
MS-2308 20251128.pdf,5,N02-P5-T4,15,5,-47%,-47%,-47%,-47.0,-47.0,PASS
MS-2308 20251128.pdf,5,N02-P5-T4,16,0,Liabilities/Equity(%),Liabilities/Equity(%),Liabilities/Equity(%),,,PASS
MS-2308 20251128.pdf,5,N02-P5-T4,16,1,89%,89%,89%,89.0,89.0,PASS
MS-2308 20251128.pdf,5,N02-P5-T4,16,2,90%,90%,90%,90.0,90.0,PASS
MS-2308 20251128.pdf,5,N02-P5-T4,16,3,96%,96%,96%,96.0,96.0,PASS
MS-2308 20251128.pdf,5,N02-P5-T4,16,4,98%,98%,98%,98.0,98.0,PASS
MS-2308 20251128.pdf,5,N02-P5-T4,16,5,91%,91%,91%,91.0,91.0,PASS
MS-2308 20251128.pdf,5,N02-P5-T4,17,0,Liabilities/Assets(%),Liabilities/Assets(%),Liabilities/Assets(%),,,PASS
MS-2308 20251128.pdf,5,N02-P5-T4,17,1,47%,47%,47%,47.0,47.0,PASS
MS-2308 20251128.pdf,5,N02-P5-T4,17,2,47%,47%,47%,47.0,47.0,PASS
MS-2308 20251128.pdf,5,N02-P5-T4,17,3,49%,49%,49%,49.0,49.0,PASS
MS-2308 20251128.pdf,5,N02-P5-T4,17,4,49%,49%,49%,49.0,49.0,PASS
MS-2308 20251128.pdf,5,N02-P5-T4,17,5,48%,48%,48%,48.0,48.0,PASS
MS-2308 20251128.pdf,5,N02-P5-T4,18,0,ROAE(%),ROAE(%),ROAE(%),,,PASS
MS-2308 20251128.pdf,5,N02-P5-T4,18,1,14%,14%,14%,14.0,14.0,PASS
MS-2308 20251128.pdf,5,N02-P5-T4,18,2,13%,13%,13%,13.0,13.0,PASS
MS-2308 20251128.pdf,5,N02-P5-T4,18,3,21%,21%,21%,21.0,21.0,PASS
MS-2308 20251128.pdf,5,N02-P5-T4,18,4,26%,26%,26%,26.0,26.0,PASS
MS-2308 20251128.pdf,5,N02-P5-T4,18,5,27%,27%,27%,27.0,27.0,PASS
MS-2308 20251128.pdf,5,N02-P5-T4,19,0,ROAA(%),ROAA(%),ROAA(%),,,PASS
MS-2308 20251128.pdf,5,N02-P5-T4,19,1,8%,8%,8%,8.0,8.0,PASS
MS-2308 20251128.pdf,5,N02-P5-T4,19,2,7%,7%,7%,7.0,7.0,PASS
MS-2308 20251128.pdf,5,N02-P5-T4,19,3,11%,11%,11%,11.0,11.0,PASS
MS-2308 20251128.pdf,5,N02-P5-T4,19,4,13%,13%,13%,13.0,13.0,PASS
MS-2308 20251128.pdf,5,N02-P5-T4,19,5,14%,14%,14%,14.0,14.0,PASS
MS-2308 20251128.pdf,5,N02-P5-T4,20,0,AR/NRdays,AR/NRdays,AR/NRdays,,,PASS
MS-2308 20251128.pdf,5,N02-P5-T4,20,1,76,76,76,76.0,76.0,PASS
MS-2308 20251128.pdf,5,N02-P5-T4,20,2,73,73,73,73.0,73.0,PASS
MS-2308 20251128.pdf,5,N02-P5-T4,20,3,68,68,68,68.0,68.0,PASS
MS-2308 20251128.pdf,5,N02-P5-T4,20,4,68,68,68,68.0,68.0,PASS
MS-2308 20251128.pdf,5,N02-P5-T4,20,5,72,72,72,72.0,72.0,PASS
MS-2308 20251128.pdf,5,N02-P5-T4,21,0,Inventorydays,Inventorydays,Inventorydays,,,PASS
MS-2308 20251128.pdf,5,N02-P5-T4,21,1,100,100,100,100.0,100.0,PASS
MS-2308 20251128.pdf,5,N02-P5-T4,21,2,103,103,103,103.0,103.0,PASS
MS-2308 20251128.pdf,5,N02-P5-T4,21,3,95,95,95,95.0,95.0,PASS
MS-2308 20251128.pdf,5,N02-P5-T4,21,4,95,95,95,95.0,95.0,PASS
MS-2308 20251128.pdf,5,N02-P5-T4,21,5,100,100,100,100.0,100.0,PASS
MS-2308 20251128.pdf,5,N02-P5-T4,22,0,AP/NPdays,AP/NPdays,AP/NPdays,,,PASS
MS-2308 20251128.pdf,5,N02-P5-T4,22,1,75,75,75,75.0,75.0,PASS
MS-2308 20251128.pdf,5,N02-P5-T4,22,2,79,79,79,79.0,79.0,PASS
MS-2308 20251128.pdf,5,N02-P5-T4,22,3,79,79,79,79.0,79.0,PASS
MS-2308 20251128.pdf,5,N02-P5-T4,22,4,79,79,79,79.0,79.0,PASS
MS-2308 20251128.pdf,5,N02-P5-T4,22,5,83,83,83,83.0,83.0,PASS
MS-2308 20251128.pdf,5,N02-P5-T4,23,0,Cashconversion,Cashconversion,Cashconversion,,,PASS
MS-2308 20251128.pdf,5,N02-P5-T4,23,1,101,101,101,101.0,101.0,PASS
MS-2308 20251128.pdf,5,N02-P5-T4,23,2,97,97,97,97.0,97.0,PASS
MS-2308 20251128.pdf,5,N02-P5-T4,23,3,85,85,85,85.0,85.0,PASS
MS-2308 20251128.pdf,5,N02-P5-T4,23,4,85,85,85,85.0,85.0,PASS
MS-2308 20251128.pdf,5,N02-P5-T4,23,5,90,90,90,90.0,90.0,PASS
Daiwa-1319 20231011(20261006-122413).pdf,3,N03-P3-T1,1,0,SalesgrowthofOEMbusiness(%),SalesgrowthofOEMbusiness(%),SalesgrowthofOEMbusiness(%),,,PASS
Daiwa-1319 20231011(20261006-122413).pdf,3,N03-P3-T1,1,1,(11.1),(11.1),(11.1),-11.1,-11.1,PASS
Daiwa-1319 20231011(20261006-122413).pdf,3,N03-P3-T1,1,2,(30.4),(30.4),(30.4),-30.4,-30.4,PASS
Daiwa-1319 20231011(20261006-122413).pdf,3,N03-P3-T1,1,3,(11.9),(11.9),(11.9),-11.9,-11.9,PASS
Daiwa-1319 20231011(20261006-122413).pdf,3,N03-P3-T1,1,4,12.0,12.0,12.0,12.0,12.0,PASS
Daiwa-1319 20231011(20261006-122413).pdf,3,N03-P3-T1,1,5,12.9,12.9,12.9,12.9,12.9,PASS
Daiwa-1319 20231011(20261006-122413).pdf,3,N03-P3-T1,1,6,5.0,5.0,5.0,5.0,5.0,PASS
Daiwa-1319 20231011(20261006-122413).pdf,3,N03-P3-T1,1,7,7.1,7.1,7.1,7.1,7.1,PASS
Daiwa-1319 20231011(20261006-122413).pdf,3,N03-P3-T1,1,8,7.1,7.1,7.1,7.1,7.1,PASS
Daiwa-1319 20231011(20261006-122413).pdf,3,N03-P3-T1,2,0,SalesgrowthofAMbusiness(%),SalesgrowthofAMbusiness(%),SalesgrowthofAMbusiness(%),,,PASS
Daiwa-1319 20231011(20261006-122413).pdf,3,N03-P3-T1,2,1,(2.7),(2.7),(2.7),-2.7,-2.7,PASS
Daiwa-1319 20231011(20261006-122413).pdf,3,N03-P3-T1,2,2,7.5,7.5,7.5,7.5,7.5,PASS
Daiwa-1319 20231011(20261006-122413).pdf,3,N03-P3-T1,2,3,(22.7),(22.7),(22.7),-22.7,-22.7,PASS
Daiwa-1319 20231011(20261006-122413).pdf,3,N03-P3-T1,2,4,3.7,3.7,3.7,3.7,3.7,PASS
Daiwa-1319 20231011(20261006-122413).pdf,3,N03-P3-T1,2,5,17.1,17.1,17.1,17.1,17.1,PASS
Daiwa-1319 20231011(20261006-122413).pdf,3,N03-P3-T1,2,6,13.4,13.4,13.4,13.4,13.4,PASS
Daiwa-1319 20231011(20261006-122413).pdf,3,N03-P3-T1,2,7,7.5,7.5,7.5,7.5,7.5,PASS
Daiwa-1319 20231011(20261006-122413).pdf,3,N03-P3-T1,2,8,7.5,7.5,7.5,7.5,7.5,PASS
Daiwa-1319 20231011(20261006-122413).pdf,3,N03-P3-T1,3,0,Consolidatedgrossmargin(%),Consolidatedgrossmargin(%),Consolidatedgrossmargin(%),,,PASS
Daiwa-1319 20231011(20261006-122413).pdf,3,N03-P3-T1,3,1,22.9,22.9,22.9,22.9,22.9,PASS
Daiwa-1319 20231011(20261006-122413).pdf,3,N03-P3-T1,3,2,25.0,25.0,25.0,25.0,25.0,PASS
Daiwa-1319 20231011(20261006-122413).pdf,3,N03-P3-T1,3,3,19.9,19.9,19.9,19.9,19.9,PASS
Daiwa-1319 20231011(20261006-122413).pdf,3,N03-P3-T1,3,4,19.0,19.0,19.0,19.0,19.0,PASS
Daiwa-1319 20231011(20261006-122413).pdf,3,N03-P3-T1,3,5,23.6,23.6,23.6,23.6,23.6,PASS
Daiwa-1319 20231011(20261006-122413).pdf,3,N03-P3-T1,3,6,29.0,29.0,29.0,29.0,29.0,PASS
Daiwa-1319 20231011(20261006-122413).pdf,3,N03-P3-T1,3,7,29.4,29.4,29.4,29.4,29.4,PASS
Daiwa-1319 20231011(20261006-122413).pdf,3,N03-P3-T1,3,8,29.8,29.8,29.8,29.8,29.8,PASS
Daiwa-1319 20231011(20261006-122413).pdf,3,N03-P3-T2,1,0,AM,AM,AM,,,PASS
Daiwa-1319 20231011(20261006-122413).pdf,3,N03-P3-T2,1,1,"14,768","14,768","14,768",14768.0,14768.0,PASS
Daiwa-1319 20231011(20261006-122413).pdf,3,N03-P3-T2,1,2,"15,877","15,877","15,877",15877.0,15877.0,PASS
Daiwa-1319 20231011(20261006-122413).pdf,3,N03-P3-T2,1,3,"12,266","12,266","12,266",12266.0,12266.0,PASS
Daiwa-1319 20231011(20261006-122413).pdf,3,N03-P3-T2,1,4,"12,716","12,716","12,716",12716.0,12716.0,PASS
Daiwa-1319 20231011(20261006-122413).pdf,3,N03-P3-T2,1,5,"14,891","14,891","14,891",14891.0,14891.0,PASS
Daiwa-1319 20231011(20261006-122413).pdf,3,N03-P3-T2,1,6,"16,884","16,884","16,884",16884.0,16884.0,PASS
Daiwa-1319 20231011(20261006-122413).pdf,3,N03-P3-T2,1,7,"18,147","18,147","18,147",18147.0,18147.0,PASS
Daiwa-1319 20231011(20261006-122413).pdf,3,N03-P3-T2,1,8,"19,511","19,511","19,511",19511.0,19511.0,PASS
Daiwa-1319 20231011(20261006-122413).pdf,3,N03-P3-T2,2,0,OEM-China,OEM-China,OEM-China,,,PASS
Daiwa-1319 20231011(20261006-122413).pdf,3,N03-P3-T2,2,1,"5,762","5,762","5,762",5762.0,5762.0,PASS
Daiwa-1319 20231011(20261006-122413).pdf,3,N03-P3-T2,2,2,"3,586","3,586","3,586",3586.0,3586.0,PASS
Daiwa-1319 20231011(20261006-122413).pdf,3,N03-P3-T2,2,3,"3,076","3,076","3,076",3076.0,3076.0,PASS
Daiwa-1319 20231011(20261006-122413).pdf,3,N03-P3-T2,2,4,"3,658","3,658","3,658",3658.0,3658.0,PASS
Daiwa-1319 20231011(20261006-122413).pdf,3,N03-P3-T2,2,5,"4,408","4,408","4,408",4408.0,4408.0,PASS
Daiwa-1319 20231011(20261006-122413).pdf,3,N03-P3-T2,2,6,"4,629","4,629","4,629",4629.0,4629.0,PASS
Daiwa-1319 20231011(20261006-122413).pdf,3,N03-P3-T2,2,7,"4,999","4,999","4,999",4999.0,4999.0,PASS
Daiwa-1319 20231011(20261006-122413).pdf,3,N03-P3-T2,2,8,"5,399","5,399","5,399",5399.0,5399.0,PASS
Daiwa-1319 20231011(20261006-122413).pdf,3,N03-P3-T2,3,0,OtherRevenue,OtherRevenue,OtherRevenue,,,PASS
Daiwa-1319 20231011(20261006-122413).pdf,3,N03-P3-T2,3,1,"2,477","2,477","2,477",2477.0,2477.0,PASS
Daiwa-1319 20231011(20261006-122413).pdf,3,N03-P3-T2,3,2,"2,151","2,151","2,151",2151.0,2151.0,PASS
Daiwa-1319 20231011(20261006-122413).pdf,3,N03-P3-T2,3,3,"1,981","1,981","1,981",1981.0,1981.0,PASS
Daiwa-1319 20231011(20261006-122413).pdf,3,N03-P3-T2,3,4,"2,007","2,007","2,007",2007.0,2007.0,PASS
Daiwa-1319 20231011(20261006-122413).pdf,3,N03-P3-T2,3,5,"1,983","1,983","1,983",1983.0,1983.0,PASS
Daiwa-1319 20231011(20261006-122413).pdf,3,N03-P3-T2,3,6,"2,079","2,079","2,079",2079.0,2079.0,PASS
Daiwa-1319 20231011(20261006-122413).pdf,3,N03-P3-T2,3,7,"2,183","2,183","2,183",2183.0,2183.0,PASS
Daiwa-1319 20231011(20261006-122413).pdf,3,N03-P3-T2,3,8,"2,292","2,292","2,292",2292.0,2292.0,PASS
Daiwa-1319 20231011(20261006-122413).pdf,3,N03-P3-T2,4,0,TotalRevenue,TotalRevenue,TotalRevenue,,,PASS
Daiwa-1319 20231011(20261006-122413).pdf,3,N03-P3-T2,4,1,"23,007","23,007","23,007",23007.0,23007.0,PASS
Daiwa-1319 20231011(20261006-122413).pdf,3,N03-P3-T2,4,2,"21,614","21,614","21,614",21614.0,21614.0,PASS
Daiwa-1319 20231011(20261006-122413).pdf,3,N03-P3-T2,4,3,"17,323","17,323","17,323",17323.0,17323.0,PASS
Daiwa-1319 20231011(20261006-122413).pdf,3,N03-P3-T2,4,4,"18,380","18,380","18,380",18380.0,18380.0,PASS
Daiwa-1319 20231011(20261006-122413).pdf,3,N03-P3-T2,4,5,"21,283","21,283","21,283",21283.0,21283.0,PASS
Daiwa-1319 20231011(20261006-122413).pdf,3,N03-P3-T2,4,6,"23,593","23,593","23,593",23593.0,23593.0,PASS
Daiwa-1319 20231011(20261006-122413).pdf,3,N03-P3-T2,4,7,"25,329","25,329","25,329",25329.0,25329.0,PASS
Daiwa-1319 20231011(20261006-122413).pdf,3,N03-P3-T2,4,8,"27,202","27,202","27,202",27202.0,27202.0,PASS
Daiwa-1319 20231011(20261006-122413).pdf,3,N03-P3-T2,5,0,Otherincome,Otherincome,Otherincome,,,PASS
Daiwa-1319 20231011(20261006-122413).pdf,3,N03-P3-T2,5,1,0,0,0,0.0,0.0,PASS
Daiwa-1319 20231011(20261006-122413).pdf,3,N03-P3-T2,5,2,0,0,0,0.0,0.0,PASS
Daiwa-1319 20231011(20261006-122413).pdf,3,N03-P3-T2,5,3,0,0,0,0.0,0.0,PASS
Daiwa-1319 20231011(20261006-122413).pdf,3,N03-P3-T2,5,4,0,0,0,0.0,0.0,PASS
Daiwa-1319 20231011(20261006-122413).pdf,3,N03-P3-T2,5,5,0,0,0,0.0,0.0,PASS
Daiwa-1319 20231011(20261006-122413).pdf,3,N03-P3-T2,5,6,0,0,0,0.0,0.0,PASS
Daiwa-1319 20231011(20261006-122413).pdf,3,N03-P3-T2,5,7,0,0,0,0.0,0.0,PASS
Daiwa-1319 20231011(20261006-122413).pdf,3,N03-P3-T2,5,8,0,0,0,0.0,0.0,PASS
Daiwa-1319 20231011(20261006-122413).pdf,3,N03-P3-T2,6,0,COGS,COGS,COGS,,,PASS
Daiwa-1319 20231011(20261006-122413).pdf,3,N03-P3-T2,6,1,"(17,745)","(17,745)","(17,745)",-17745.0,-17745.0,PASS
Daiwa-1319 20231011(20261006-122413).pdf,3,N03-P3-T2,6,2,"(16,211)","(16,211)","(16,211)",-16211.0,-16211.0,PASS
Daiwa-1319 20231011(20261006-122413).pdf,3,N03-P3-T2,6,3,"(13,880)","(13,880)","(13,880)",-13880.0,-13880.0,PASS
Daiwa-1319 20231011(20261006-122413).pdf,3,N03-P3-T2,6,4,"(14,893)","(14,893)","(14,893)",-14893.0,-14893.0,PASS
Daiwa-1319 20231011(20261006-122413).pdf,3,N03-P3-T2,6,5,"(16,255)","(16,255)","(16,255)",-16255.0,-16255.0,PASS
Daiwa-1319 20231011(20261006-122413).pdf,3,N03-P3-T2,6,6,"(16,742)","(16,742)","(16,742)",-16742.0,-16742.0,PASS
Daiwa-1319 20231011(20261006-122413).pdf,3,N03-P3-T2,6,7,"(17,878)","(17,878)","(17,878)",-17878.0,-17878.0,PASS
Daiwa-1319 20231011(20261006-122413).pdf,3,N03-P3-T2,6,8,"(19,097)","(19,097)","(19,097)",-19097.0,-19097.0,PASS
Daiwa-1319 20231011(20261006-122413).pdf,3,N03-P3-T2,7,0,SG&A,SG&A,SG&A,,,PASS
Daiwa-1319 20231011(20261006-122413).pdf,3,N03-P3-T2,7,1,"(2,775)","(2,775)","(2,775)",-2775.0,-2775.0,PASS
Daiwa-1319 20231011(20261006-122413).pdf,3,N03-P3-T2,7,2,"(2,634)","(2,634)","(2,634)",-2634.0,-2634.0,PASS
Daiwa-1319 20231011(20261006-122413).pdf,3,N03-P3-T2,7,3,"(2,394)","(2,394)","(2,394)",-2394.0,-2394.0,PASS
Daiwa-1319 20231011(20261006-122413).pdf,3,N03-P3-T2,7,4,"(2,434)","(2,434)","(2,434)",-2434.0,-2434.0,PASS
Daiwa-1319 20231011(20261006-122413).pdf,3,N03-P3-T2,7,5,"(2,591)","(2,591)","(2,591)",-2591.0,-2591.0,PASS
Daiwa-1319 20231011(20261006-122413).pdf,3,N03-P3-T2,7,6,"(2,737)","(2,737)","(2,737)",-2737.0,-2737.0,PASS
Daiwa-1319 20231011(20261006-122413).pdf,3,N03-P3-T2,7,7,"(2,913)","(2,913)","(2,913)",-2913.0,-2913.0,PASS
Daiwa-1319 20231011(20261006-122413).pdf,3,N03-P3-T2,7,8,"(3,101)","(3,101)","(3,101)",-3101.0,-3101.0,PASS
Daiwa-1319 20231011(20261006-122413).pdf,3,N03-P3-T2,8,0,Otherop.expenses,Otherop.expenses,Otherop.expenses,,,PASS
Daiwa-1319 20231011(20261006-122413).pdf,3,N03-P3-T2,8,1,(637),(637),(637),-637.0,-637.0,PASS
Daiwa-1319 20231011(20261006-122413).pdf,3,N03-P3-T2,8,2,(605),(605),(605),-605.0,-605.0,PASS
Daiwa-1319 20231011(20261006-122413).pdf,3,N03-P3-T2,8,3,(509),(509),(509),-509.0,-509.0,PASS
Daiwa-1319 20231011(20261006-122413).pdf,3,N03-P3-T2,8,4,(510),(510),(510),-510.0,-510.0,PASS
Daiwa-1319 20231011(20261006-122413).pdf,3,N03-P3-T2,8,5,(503),(503),(503),-503.0,-503.0,PASS
Daiwa-1319 20231011(20261006-122413).pdf,3,N03-P3-T2,8,6,(590),(590),(590),-590.0,-590.0,PASS
Daiwa-1319 20231011(20261006-122413).pdf,3,N03-P3-T2,8,7,(633),(633),(633),-633.0,-633.0,PASS
Daiwa-1319 20231011(20261006-122413).pdf,3,N03-P3-T2,8,8,(680),(680),(680),-680.0,-680.0,PASS
Daiwa-1319 20231011(20261006-122413).pdf,3,N03-P3-T2,9,0,Operatingprofit,Operatingprofit,Operatingprofit,,,PASS
Daiwa-1319 20231011(20261006-122413).pdf,3,N03-P3-T2,9,1,"1,850","1,850","1,850",1850.0,1850.0,PASS
Daiwa-1319 20231011(20261006-122413).pdf,3,N03-P3-T2,9,2,"2,164","2,164","2,164",2164.0,2164.0,PASS
Daiwa-1319 20231011(20261006-122413).pdf,3,N03-P3-T2,9,3,540,540,540,540.0,540.0,PASS
Daiwa-1319 20231011(20261006-122413).pdf,3,N03-P3-T2,9,4,543,543,543,543.0,543.0,PASS
Daiwa-1319 20231011(20261006-122413).pdf,3,N03-P3-T2,9,5,"1,935","1,935","1,935",1935.0,1935.0,PASS
Daiwa-1319 20231011(20261006-122413).pdf,3,N03-P3-T2,9,6,"3,524","3,524","3,524",3524.0,3524.0,PASS
Daiwa-1319 20231011(20261006-122413).pdf,3,N03-P3-T2,9,7,"3,905","3,905","3,905",3905.0,3905.0,PASS
Daiwa-1319 20231011(20261006-122413).pdf,3,N03-P3-T2,9,8,"4,324","4,324","4,324",4324.0,4324.0,PASS
Daiwa-1319 20231011(20261006-122413).pdf,3,N03-P3-T2,10,0,Net-interestinc./(exp.),Net-interestinc./(exp.),Net-interestinc./(exp.),,,PASS
Daiwa-1319 20231011(20261006-122413).pdf,3,N03-P3-T2,10,1,(169),(169),(169),-169.0,-169.0,PASS
Daiwa-1319 20231011(20261006-122413).pdf,3,N03-P3-T2,10,2,(170),(170),(170),-170.0,-170.0,PASS
Daiwa-1319 20231011(20261006-122413).pdf,3,N03-P3-T2,10,3,(145),(145),(145),-145.0,-145.0,PASS
Daiwa-1319 20231011(20261006-122413).pdf,3,N03-P3-T2,10,4,(110),(110),(110),-110.0,-110.0,PASS
Daiwa-1319 20231011(20261006-122413).pdf,3,N03-P3-T2,10,5,(72),(72),(72),-72.0,-72.0,PASS
Daiwa-1319 20231011(20261006-122413).pdf,3,N03-P3-T2,10,6,13,13,13,13.0,13.0,PASS
Daiwa-1319 20231011(20261006-122413).pdf,3,N03-P3-T2,10,7,13,13,13,13.0,13.0,PASS
Daiwa-1319 20231011(20261006-122413).pdf,3,N03-P3-T2,10,8,13,13,13,13.0,13.0,PASS
Daiwa-1319 20231011(20261006-122413).pdf,3,N03-P3-T2,11,0,Assoc/forex/extraord./others,Assoc/forex/extraord./others,Assoc/forex/extraord./others,,,PASS
Daiwa-1319 20231011(20261006-122413).pdf,3,N03-P3-T2,11,1,735,735,735,735.0,735.0,PASS
Daiwa-1319 20231011(20261006-122413).pdf,3,N03-P3-T2,11,2,363,363,363,363.0,363.0,PASS
Daiwa-1319 20231011(20261006-122413).pdf,3,N03-P3-T2,11,3,491,491,491,491.0,491.0,PASS
Daiwa-1319 20231011(20261006-122413).pdf,3,N03-P3-T2,11,4,334,334,334,334.0,334.0,PASS
Daiwa-1319 20231011(20261006-122413).pdf,3,N03-P3-T2,11,5,738,738,738,738.0,738.0,PASS
Daiwa-1319 20231011(20261006-122413).pdf,3,N03-P3-T2,11,6,342,342,342,342.0,342.0,PASS
Daiwa-1319 20231011(20261006-122413).pdf,3,N03-P3-T2,11,7,214,214,214,214.0,214.0,PASS
Daiwa-1319 20231011(20261006-122413).pdf,3,N03-P3-T2,11,8,254,254,254,254.0,254.0,PASS
Daiwa-1319 20231011(20261006-122413).pdf,3,N03-P3-T2,12,0,Pre-taxprofit,Pre-taxprofit,Pre-taxprofit,,,PASS
Daiwa-1319 20231011(20261006-122413).pdf,3,N03-P3-T2,12,1,"2,416","2,416","2,416",2416.0,2416.0,PASS
Daiwa-1319 20231011(20261006-122413).pdf,3,N03-P3-T2,12,2,"2,358","2,358","2,358",2358.0,2358.0,PASS
Daiwa-1319 20231011(20261006-122413).pdf,3,N03-P3-T2,12,3,885,885,885,885.0,885.0,PASS
Daiwa-1319 20231011(20261006-122413).pdf,3,N03-P3-T2,12,4,767,767,767,767.0,767.0,PASS
Daiwa-1319 20231011(20261006-122413).pdf,3,N03-P3-T2,12,5,"2,600","2,600","2,600",2600.0,2600.0,PASS
Daiwa-1319 20231011(20261006-122413).pdf,3,N03-P3-T2,12,6,"3,879","3,879","3,879",3879.0,3879.0,PASS
Daiwa-1319 20231011(20261006-122413).pdf,3,N03-P3-T2,12,7,"4,132","4,132","4,132",4132.0,4132.0,PASS
Daiwa-1319 20231011(20261006-122413).pdf,3,N03-P3-T2,12,8,"4,591","4,591","4,591",4591.0,4591.0,PASS
Daiwa-1319 20231011(20261006-122413).pdf,3,N03-P3-T2,13,0,Tax,Tax,Tax,,,PASS
Daiwa-1319 20231011(20261006-122413).pdf,3,N03-P3-T2,13,1,(484),(484),(484),-484.0,-484.0,PASS
Daiwa-1319 20231011(20261006-122413).pdf,3,N03-P3-T2,13,2,(502),(502),(502),-502.0,-502.0,PASS
Daiwa-1319 20231011(20261006-122413).pdf,3,N03-P3-T2,13,3,(142),(142),(142),-142.0,-142.0,PASS
Daiwa-1319 20231011(20261006-122413).pdf,3,N03-P3-T2,13,4,(130),(130),(130),-130.0,-130.0,PASS
Daiwa-1319 20231011(20261006-122413).pdf,3,N03-P3-T2,13,5,(564),(564),(564),-564.0,-564.0,PASS
Daiwa-1319 20231011(20261006-122413).pdf,3,N03-P3-T2,13,6,(807),(807),(807),-807.0,-807.0,PASS
Daiwa-1319 20231011(20261006-122413).pdf,3,N03-P3-T2,13,7,(859),(859),(859),-859.0,-859.0,PASS
Daiwa-1319 20231011(20261006-122413).pdf,3,N03-P3-T2,13,8,(955),(955),(955),-955.0,-955.0,PASS
Daiwa-1319 20231011(20261006-122413).pdf,3,N03-P3-T2,14,0,Min.int./pref.div./others,Min.int./pref.div./others,Min.int./pref.div./others,,,PASS
Daiwa-1319 20231011(20261006-122413).pdf,3,N03-P3-T2,14,1,(6),(6),(6),-6.0,-6.0,PASS
Daiwa-1319 20231011(20261006-122413).pdf,3,N03-P3-T2,14,2,129,129,129,129.0,129.0,PASS
Daiwa-1319 20231011(20261006-122413).pdf,3,N03-P3-T2,14,3,77,77,77,77.0,77.0,PASS
Daiwa-1319 20231011(20261006-122413).pdf,3,N03-P3-T2,14,4,50,50,50,50.0,50.0,PASS
Daiwa-1319 20231011(20261006-122413).pdf,3,N03-P3-T2,14,5,115,115,115,115.0,115.0,PASS
Daiwa-1319 20231011(20261006-122413).pdf,3,N03-P3-T2,14,6,(5),(5),(5),-5.0,-5.0,PASS
Daiwa-1319 20231011(20261006-122413).pdf,3,N03-P3-T2,14,7,0,0,0,0.0,0.0,PASS
Daiwa-1319 20231011(20261006-122413).pdf,3,N03-P3-T2,14,8,0,0,0,0.0,0.0,PASS
Daiwa-1319 20231011(20261006-122413).pdf,3,N03-P3-T2,15,0,Netprofit(reported),Netprofit(reported),Netprofit(reported),,,PASS
Daiwa-1319 20231011(20261006-122413).pdf,3,N03-P3-T2,15,1,"1,926","1,926","1,926",1926.0,1926.0,PASS
Daiwa-1319 20231011(20261006-122413).pdf,3,N03-P3-T2,15,2,"1,984","1,984","1,984",1984.0,1984.0,PASS
Daiwa-1319 20231011(20261006-122413).pdf,3,N03-P3-T2,15,3,820,820,820,820.0,820.0,PASS
Daiwa-1319 20231011(20261006-122413).pdf,3,N03-P3-T2,15,4,688,688,688,688.0,688.0,PASS
Daiwa-1319 20231011(20261006-122413).pdf,3,N03-P3-T2,15,5,"2,151","2,151","2,151",2151.0,2151.0,PASS
Daiwa-1319 20231011(20261006-122413).pdf,3,N03-P3-T2,15,6,"3,067","3,067","3,067",3067.0,3067.0,PASS
Daiwa-1319 20231011(20261006-122413).pdf,3,N03-P3-T2,15,7,"3,272","3,272","3,272",3272.0,3272.0,PASS
Daiwa-1319 20231011(20261006-122413).pdf,3,N03-P3-T2,15,8,"3,636","3,636","3,636",3636.0,3636.0,PASS
Daiwa-1319 20231011(20261006-122413).pdf,3,N03-P3-T2,16,0,Netprofit(adjusted),Netprofit(adjusted),Netprofit(adjusted),,,PASS
Daiwa-1319 20231011(20261006-122413).pdf,3,N03-P3-T2,16,1,"1,926","1,926","1,926",1926.0,1926.0,PASS
Daiwa-1319 20231011(20261006-122413).pdf,3,N03-P3-T2,16,2,"1,984","1,984","1,984",1984.0,1984.0,PASS
Daiwa-1319 20231011(20261006-122413).pdf,3,N03-P3-T2,16,3,820,820,820,820.0,820.0,PASS
Daiwa-1319 20231011(20261006-122413).pdf,3,N03-P3-T2,16,4,688,688,688,688.0,688.0,PASS
Daiwa-1319 20231011(20261006-122413).pdf,3,N03-P3-T2,16,5,"2,151","2,151","2,151",2151.0,2151.0,PASS
Daiwa-1319 20231011(20261006-122413).pdf,3,N03-P3-T2,16,6,"3,067","3,067","3,067",3067.0,3067.0,PASS
Daiwa-1319 20231011(20261006-122413).pdf,3,N03-P3-T2,16,7,"3,272","3,272","3,272",3272.0,3272.0,PASS
Daiwa-1319 20231011(20261006-122413).pdf,3,N03-P3-T2,16,8,"3,636","3,636","3,636",3636.0,3636.0,PASS
Daiwa-1319 20231011(20261006-122413).pdf,3,N03-P3-T2,17,0,EPS(reported)(TWD),EPS(reported)(TWD),EPS(reported)(TWD),,,PASS
Daiwa-1319 20231011(20261006-122413).pdf,3,N03-P3-T2,17,1,3.256,3.256,3.256,3.256,3.256,PASS
Daiwa-1319 20231011(20261006-122413).pdf,3,N03-P3-T2,17,2,3.355,3.355,3.355,3.355,3.355,PASS
Daiwa-1319 20231011(20261006-122413).pdf,3,N03-P3-T2,17,3,1.386,1.386,1.386,1.386,1.386,PASS
Daiwa-1319 20231011(20261006-122413).pdf,3,N03-P3-T2,17,4,1.162,1.162,1.162,1.162,1.162,PASS
Daiwa-1319 20231011(20261006-122413).pdf,3,N03-P3-T2,17,5,3.637,3.637,3.637,3.637,3.637,PASS
Daiwa-1319 20231011(20261006-122413).pdf,3,N03-P3-T2,17,6,5.186,5.186,5.186,5.186,5.186,PASS
Daiwa-1319 20231011(20261006-122413).pdf,3,N03-P3-T2,17,7,5.532,5.532,5.532,5.532,5.532,PASS
Daiwa-1319 20231011(20261006-122413).pdf,3,N03-P3-T2,17,8,6.147,6.147,6.147,6.147,6.147,PASS
Daiwa-1319 20231011(20261006-122413).pdf,3,N03-P3-T2,18,0,EPS(adjusted)(TWD),EPS(adjusted)(TWD),EPS(adjusted)(TWD),,,PASS
Daiwa-1319 20231011(20261006-122413).pdf,3,N03-P3-T2,18,1,3.256,3.256,3.256,3.256,3.256,PASS
Daiwa-1319 20231011(20261006-122413).pdf,3,N03-P3-T2,18,2,3.355,3.355,3.355,3.355,3.355,PASS
Daiwa-1319 20231011(20261006-122413).pdf,3,N03-P3-T2,18,3,1.386,1.386,1.386,1.386,1.386,PASS
Daiwa-1319 20231011(20261006-122413).pdf,3,N03-P3-T2,18,4,1.162,1.162,1.162,1.162,1.162,PASS
Daiwa-1319 20231011(20261006-122413).pdf,3,N03-P3-T2,18,5,3.637,3.637,3.637,3.637,3.637,PASS
Daiwa-1319 20231011(20261006-122413).pdf,3,N03-P3-T2,18,6,5.186,5.186,5.186,5.186,5.186,PASS
Daiwa-1319 20231011(20261006-122413).pdf,3,N03-P3-T2,18,7,5.532,5.532,5.532,5.532,5.532,PASS
Daiwa-1319 20231011(20261006-122413).pdf,3,N03-P3-T2,18,8,6.147,6.147,6.147,6.147,6.147,PASS
Daiwa-1319 20231011(20261006-122413).pdf,3,N03-P3-T2,19,0,EPS(adjustedfully-diluted)(TWD),EPS(adjustedfully-diluted)(TWD),EPS(adjustedfully-diluted)(TWD),,,PASS
Daiwa-1319 20231011(20261006-122413).pdf,3,N03-P3-T2,19,1,3.256,3.256,3.256,3.256,3.256,PASS
Daiwa-1319 20231011(20261006-122413).pdf,3,N03-P3-T2,19,2,3.354,3.354,3.354,3.354,3.354,PASS
Daiwa-1319 20231011(20261006-122413).pdf,3,N03-P3-T2,19,3,1.385,1.385,1.385,1.385,1.385,PASS
Daiwa-1319 20231011(20261006-122413).pdf,3,N03-P3-T2,19,4,1.160,1.160,1.160,1.16,1.16,PASS
Daiwa-1319 20231011(20261006-122413).pdf,3,N03-P3-T2,19,5,3.636,3.636,3.636,3.636,3.636,PASS
Daiwa-1319 20231011(20261006-122413).pdf,3,N03-P3-T2,19,6,5.185,5.185,5.185,5.185,5.185,PASS
Daiwa-1319 20231011(20261006-122413).pdf,3,N03-P3-T2,19,7,5.531,5.531,5.531,5.531,5.531,PASS
Daiwa-1319 20231011(20261006-122413).pdf,3,N03-P3-T2,19,8,6.145,6.145,6.145,6.145,6.145,PASS
Daiwa-1319 20231011(20261006-122413).pdf,3,N03-P3-T2,20,0,DPS(TWD),DPS(TWD),DPS(TWD),,,PASS
Daiwa-1319 20231011(20261006-122413).pdf,3,N03-P3-T2,20,1,1.700,1.700,1.700,1.7,1.7,PASS
Daiwa-1319 20231011(20261006-122413).pdf,3,N03-P3-T2,20,2,1.800,1.800,1.800,1.8,1.8,PASS
Daiwa-1319 20231011(20261006-122413).pdf,3,N03-P3-T2,20,3,0.800,0.800,0.800,0.8,0.8,PASS
Daiwa-1319 20231011(20261006-122413).pdf,3,N03-P3-T2,20,4,0.850,0.850,0.850,0.85,0.85,PASS
Daiwa-1319 20231011(20261006-122413).pdf,3,N03-P3-T2,20,5,2.500,2.500,2.500,2.5,2.5,PASS
Daiwa-1319 20231011(20261006-122413).pdf,3,N03-P3-T2,20,6,3.630,3.630,3.630,3.63,3.63,PASS
Daiwa-1319 20231011(20261006-122413).pdf,3,N03-P3-T2,20,7,3.873,3.873,3.873,3.873,3.873,PASS
Daiwa-1319 20231011(20261006-122413).pdf,3,N03-P3-T2,20,8,4.303,4.303,4.303,4.303,4.303,PASS
Daiwa-1319 20231011(20261006-122413).pdf,3,N03-P3-T2,21,0,EBIT,EBIT,EBIT,,,PASS
Daiwa-1319 20231011(20261006-122413).pdf,3,N03-P3-T2,21,1,"1,850","1,850","1,850",1850.0,1850.0,PASS
Daiwa-1319 20231011(20261006-122413).pdf,3,N03-P3-T2,21,2,"2,164","2,164","2,164",2164.0,2164.0,PASS
Daiwa-1319 20231011(20261006-122413).pdf,3,N03-P3-T2,21,3,540,540,540,540.0,540.0,PASS
Daiwa-1319 20231011(20261006-122413).pdf,3,N03-P3-T2,21,4,543,543,543,543.0,543.0,PASS
Daiwa-1319 20231011(20261006-122413).pdf,3,N03-P3-T2,21,5,"1,935","1,935","1,935",1935.0,1935.0,PASS
Daiwa-1319 20231011(20261006-122413).pdf,3,N03-P3-T2,21,6,"3,524","3,524","3,524",3524.0,3524.0,PASS
Daiwa-1319 20231011(20261006-122413).pdf,3,N03-P3-T2,21,7,"3,905","3,905","3,905",3905.0,3905.0,PASS
Daiwa-1319 20231011(20261006-122413).pdf,3,N03-P3-T2,21,8,"4,324","4,324","4,324",4324.0,4324.0,PASS
Daiwa-1319 20231011(20261006-122413).pdf,3,N03-P3-T2,22,0,EBITDA,EBITDA,EBITDA,,,PASS
Daiwa-1319 20231011(20261006-122413).pdf,3,N03-P3-T2,22,1,"5,059","5,059","5,059",5059.0,5059.0,PASS
Daiwa-1319 20231011(20261006-122413).pdf,3,N03-P3-T2,22,2,"5,514","5,514","5,514",5514.0,5514.0,PASS
Daiwa-1319 20231011(20261006-122413).pdf,3,N03-P3-T2,22,3,"3,834","3,834","3,834",3834.0,3834.0,PASS
Daiwa-1319 20231011(20261006-122413).pdf,3,N03-P3-T2,22,4,"3,511","3,511","3,511",3511.0,3511.0,PASS
Daiwa-1319 20231011(20261006-122413).pdf,3,N03-P3-T2,22,5,"4,794","4,794","4,794",4794.0,4794.0,PASS
Daiwa-1319 20231011(20261006-122413).pdf,3,N03-P3-T2,22,6,"6,959","6,959","6,959",6959.0,6959.0,PASS
Daiwa-1319 20231011(20261006-122413).pdf,3,N03-P3-T2,22,7,"7,568","7,568","7,568",7568.0,7568.0,PASS
Daiwa-1319 20231011(20261006-122413).pdf,3,N03-P3-T2,22,8,"8,215","8,215","8,215",8215.0,8215.0,PASS
Daiwa-1319 20231011(20261006-122413).pdf,3,N03-P3-T3,1,0,Profitbeforetax,Profitbeforetax,Profitbeforetax,,,PASS
Daiwa-1319 20231011(20261006-122413).pdf,3,N03-P3-T3,1,1,"2,416","2,416","2,416",2416.0,2416.0,PASS
Daiwa-1319 20231011(20261006-122413).pdf,3,N03-P3-T3,1,2,"2,358","2,358","2,358",2358.0,2358.0,PASS
Daiwa-1319 20231011(20261006-122413).pdf,3,N03-P3-T3,1,3,885,885,885,885.0,885.0,PASS
Daiwa-1319 20231011(20261006-122413).pdf,3,N03-P3-T3,1,4,767,767,767,767.0,767.0,PASS
Daiwa-1319 20231011(20261006-122413).pdf,3,N03-P3-T3,1,5,"2,600","2,600","2,600",2600.0,2600.0,PASS
Daiwa-1319 20231011(20261006-122413).pdf,3,N03-P3-T3,1,6,"3,879","3,879","3,879",3879.0,3879.0,PASS
Daiwa-1319 20231011(20261006-122413).pdf,3,N03-P3-T3,1,7,"4,132","4,132","4,132",4132.0,4132.0,PASS
Daiwa-1319 20231011(20261006-122413).pdf,3,N03-P3-T3,1,8,"4,591","4,591","4,591",4591.0,4591.0,PASS
Daiwa-1319 20231011(20261006-122413).pdf,3,N03-P3-T3,2,0,Depreciationandamortisation,Depreciationandamortisation,Depreciationandamortisation,,,PASS
Daiwa-1319 20231011(20261006-122413).pdf,3,N03-P3-T3,2,1,"3,209","3,209","3,209",3209.0,3209.0,PASS
Daiwa-1319 20231011(20261006-122413).pdf,3,N03-P3-T3,2,2,"3,350","3,350","3,350",3350.0,3350.0,PASS
Daiwa-1319 20231011(20261006-122413).pdf,3,N03-P3-T3,2,3,"3,295","3,295","3,295",3295.0,3295.0,PASS
Daiwa-1319 20231011(20261006-122413).pdf,3,N03-P3-T3,2,4,"2,967","2,967","2,967",2967.0,2967.0,PASS
Daiwa-1319 20231011(20261006-122413).pdf,3,N03-P3-T3,2,5,"2,859","2,859","2,859",2859.0,2859.0,PASS
Daiwa-1319 20231011(20261006-122413).pdf,3,N03-P3-T3,2,6,"3,434","3,434","3,434",3434.0,3434.0,PASS
Daiwa-1319 20231011(20261006-122413).pdf,3,N03-P3-T3,2,7,"3,663","3,663","3,663",3663.0,3663.0,PASS
Daiwa-1319 20231011(20261006-122413).pdf,3,N03-P3-T3,2,8,"3,891","3,891","3,891",3891.0,3891.0,PASS
Daiwa-1319 20231011(20261006-122413).pdf,3,N03-P3-T3,3,0,Taxpaid,Taxpaid,Taxpaid,,,PASS
Daiwa-1319 20231011(20261006-122413).pdf,3,N03-P3-T3,3,1,(484),(484),(484),-484.0,-484.0,PASS
Daiwa-1319 20231011(20261006-122413).pdf,3,N03-P3-T3,3,2,(502),(502),(502),-502.0,-502.0,PASS
Daiwa-1319 20231011(20261006-122413).pdf,3,N03-P3-T3,3,3,(142),(142),(142),-142.0,-142.0,PASS
Daiwa-1319 20231011(20261006-122413).pdf,3,N03-P3-T3,3,4,(130),(130),(130),-130.0,-130.0,PASS
Daiwa-1319 20231011(20261006-122413).pdf,3,N03-P3-T3,3,5,(564),(564),(564),-564.0,-564.0,PASS
Daiwa-1319 20231011(20261006-122413).pdf,3,N03-P3-T3,3,6,(807),(807),(807),-807.0,-807.0,PASS
Daiwa-1319 20231011(20261006-122413).pdf,3,N03-P3-T3,3,7,(859),(859),(859),-859.0,-859.0,PASS
Daiwa-1319 20231011(20261006-122413).pdf,3,N03-P3-T3,3,8,(955),(955),(955),-955.0,-955.0,PASS
Daiwa-1319 20231011(20261006-122413).pdf,3,N03-P3-T3,4,0,Changeinworkingcapital,Changeinworkingcapital,Changeinworkingcapital,,,PASS
Daiwa-1319 20231011(20261006-122413).pdf,3,N03-P3-T3,4,1,(190),(190),(190),-190.0,-190.0,PASS
Daiwa-1319 20231011(20261006-122413).pdf,3,N03-P3-T3,4,2,53,53,53,53.0,53.0,PASS
Daiwa-1319 20231011(20261006-122413).pdf,3,N03-P3-T3,4,3,963,963,963,963.0,963.0,PASS
Daiwa-1319 20231011(20261006-122413).pdf,3,N03-P3-T3,4,4,(537),(537),(537),-537.0,-537.0,PASS
Daiwa-1319 20231011(20261006-122413).pdf,3,N03-P3-T3,4,5,(438),(438),(438),-438.0,-438.0,PASS
Daiwa-1319 20231011(20261006-122413).pdf,3,N03-P3-T3,4,6,(219),(219),(219),-219.0,-219.0,PASS
Daiwa-1319 20231011(20261006-122413).pdf,3,N03-P3-T3,4,7,(259),(259),(259),-259.0,-259.0,PASS
Daiwa-1319 20231011(20261006-122413).pdf,3,N03-P3-T3,4,8,(240),(240),(240),-240.0,-240.0,PASS
Daiwa-1319 20231011(20261006-122413).pdf,3,N03-P3-T3,5,0,OtheroperationalCFitems,OtheroperationalCFitems,OtheroperationalCFitems,,,PASS
Daiwa-1319 20231011(20261006-122413).pdf,3,N03-P3-T3,5,1,(249),(249),(249),-249.0,-249.0,PASS
Daiwa-1319 20231011(20261006-122413).pdf,3,N03-P3-T3,5,2,(31),(31),(31),-31.0,-31.0,PASS
Daiwa-1319 20231011(20261006-122413).pdf,3,N03-P3-T3,5,3,(59),(59),(59),-59.0,-59.0,PASS
Daiwa-1319 20231011(20261006-122413).pdf,3,N03-P3-T3,5,4,819,819,819,819.0,819.0,PASS
Daiwa-1319 20231011(20261006-122413).pdf,3,N03-P3-T3,5,5,"1,134","1,134","1,134",1134.0,1134.0,PASS
Daiwa-1319 20231011(20261006-122413).pdf,3,N03-P3-T3,5,6,880,880,880,880.0,880.0,PASS
Daiwa-1319 20231011(20261006-122413).pdf,3,N03-P3-T3,5,7,830,830,830,830.0,830.0,PASS
Daiwa-1319 20231011(20261006-122413).pdf,3,N03-P3-T3,5,8,790,790,790,790.0,790.0,PASS
Daiwa-1319 20231011(20261006-122413).pdf,3,N03-P3-T3,6,0,Cashflowfromoperations,Cashflowfromoperations,Cashflowfromoperations,,,PASS
Daiwa-1319 20231011(20261006-122413).pdf,3,N03-P3-T3,6,1,"4,703","4,703","4,703",4703.0,4703.0,PASS
Daiwa-1319 20231011(20261006-122413).pdf,3,N03-P3-T3,6,2,"5,227","5,227","5,227",5227.0,5227.0,PASS
Daiwa-1319 20231011(20261006-122413).pdf,3,N03-P3-T3,6,3,"4,941","4,941","4,941",4941.0,4941.0,PASS
Daiwa-1319 20231011(20261006-122413).pdf,3,N03-P3-T3,6,4,"3,886","3,886","3,886",3886.0,3886.0,PASS
Daiwa-1319 20231011(20261006-122413).pdf,3,N03-P3-T3,6,5,"5,592","5,592","5,592",5592.0,5592.0,PASS
Daiwa-1319 20231011(20261006-122413).pdf,3,N03-P3-T3,6,6,"7,168","7,168","7,168",7168.0,7168.0,PASS
Daiwa-1319 20231011(20261006-122413).pdf,3,N03-P3-T3,6,7,"7,506","7,506","7,506",7506.0,7506.0,PASS
Daiwa-1319 20231011(20261006-122413).pdf,3,N03-P3-T3,6,8,"8,077","8,077","8,077",8077.0,8077.0,PASS
Daiwa-1319 20231011(20261006-122413).pdf,3,N03-P3-T3,7,0,Capex,Capex,Capex,,,PASS
Daiwa-1319 20231011(20261006-122413).pdf,3,N03-P3-T3,7,1,"(3,573)","(3,573)","(3,573)",-3573.0,-3573.0,PASS
Daiwa-1319 20231011(20261006-122413).pdf,3,N03-P3-T3,7,2,"(3,170)","(3,170)","(3,170)",-3170.0,-3170.0,PASS
Daiwa-1319 20231011(20261006-122413).pdf,3,N03-P3-T3,7,3,"(2,402)","(2,402)","(2,402)",-2402.0,-2402.0,PASS
Daiwa-1319 20231011(20261006-122413).pdf,3,N03-P3-T3,7,4,"(2,373)","(2,373)","(2,373)",-2373.0,-2373.0,PASS
Daiwa-1319 20231011(20261006-122413).pdf,3,N03-P3-T3,7,5,"(2,216)","(2,216)","(2,216)",-2216.0,-2216.0,PASS
Daiwa-1319 20231011(20261006-122413).pdf,3,N03-P3-T3,7,6,"(2,300)","(2,300)","(2,300)",-2300.0,-2300.0,PASS
Daiwa-1319 20231011(20261006-122413).pdf,3,N03-P3-T3,7,7,"(2,300)","(2,300)","(2,300)",-2300.0,-2300.0,PASS
Daiwa-1319 20231011(20261006-122413).pdf,3,N03-P3-T3,7,8,"(2,300)","(2,300)","(2,300)",-2300.0,-2300.0,PASS
Daiwa-1319 20231011(20261006-122413).pdf,3,N03-P3-T3,8,0,Net(acquisitions)/disposals,Net(acquisitions)/disposals,Net(acquisitions)/disposals,,,PASS
Daiwa-1319 20231011(20261006-122413).pdf,3,N03-P3-T3,8,1,396,396,396,396.0,396.0,PASS
Daiwa-1319 20231011(20261006-122413).pdf,3,N03-P3-T3,8,2,939,939,939,939.0,939.0,PASS
Daiwa-1319 20231011(20261006-122413).pdf,3,N03-P3-T3,8,3,56,56,56,56.0,56.0,PASS
Daiwa-1319 20231011(20261006-122413).pdf,3,N03-P3-T3,8,4,451,451,451,451.0,451.0,PASS
Daiwa-1319 20231011(20261006-122413).pdf,3,N03-P3-T3,8,5,"1,522","1,522","1,522",1522.0,1522.0,PASS
Daiwa-1319 20231011(20261006-122413).pdf,3,N03-P3-T3,8,6,0,0,0,0.0,0.0,PASS
Daiwa-1319 20231011(20261006-122413).pdf,3,N03-P3-T3,8,7,0,0,0,0.0,0.0,PASS
Daiwa-1319 20231011(20261006-122413).pdf,3,N03-P3-T3,8,8,0,0,0,0.0,0.0,PASS
Daiwa-1319 20231011(20261006-122413).pdf,3,N03-P3-T3,9,0,OtherinvestingCFitems,OtherinvestingCFitems,OtherinvestingCFitems,,,PASS
Daiwa-1319 20231011(20261006-122413).pdf,3,N03-P3-T3,9,1,(292),(292),(292),-292.0,-292.0,PASS
Daiwa-1319 20231011(20261006-122413).pdf,3,N03-P3-T3,9,2,(831),(831),(831),-831.0,-831.0,PASS
Daiwa-1319 20231011(20261006-122413).pdf,3,N03-P3-T3,9,3,(166),(166),(166),-166.0,-166.0,PASS
Daiwa-1319 20231011(20261006-122413).pdf,3,N03-P3-T3,9,4,(349),(349),(349),-349.0,-349.0,PASS
Daiwa-1319 20231011(20261006-122413).pdf,3,N03-P3-T3,9,5,(100),(100),(100),-100.0,-100.0,PASS
Daiwa-1319 20231011(20261006-122413).pdf,3,N03-P3-T3,9,6,0,0,0,0.0,0.0,PASS
Daiwa-1319 20231011(20261006-122413).pdf,3,N03-P3-T3,9,7,0,0,0,0.0,0.0,PASS
Daiwa-1319 20231011(20261006-122413).pdf,3,N03-P3-T3,9,8,0,0,0,0.0,0.0,PASS
Daiwa-1319 20231011(20261006-122413).pdf,3,N03-P3-T3,10,0,Cashflowfrominvesting,Cashflowfrominvesting,Cashflowfrominvesting,,,PASS
Daiwa-1319 20231011(20261006-122413).pdf,3,N03-P3-T3,10,1,"(3,469)","(3,469)","(3,469)",-3469.0,-3469.0,PASS
Daiwa-1319 20231011(20261006-122413).pdf,3,N03-P3-T3,10,2,"(3,062)","(3,062)","(3,062)",-3062.0,-3062.0,PASS
Daiwa-1319 20231011(20261006-122413).pdf,3,N03-P3-T3,10,3,"(2,513)","(2,513)","(2,513)",-2513.0,-2513.0,PASS
Daiwa-1319 20231011(20261006-122413).pdf,3,N03-P3-T3,10,4,"(2,271)","(2,271)","(2,271)",-2271.0,-2271.0,PASS
Daiwa-1319 20231011(20261006-122413).pdf,3,N03-P3-T3,10,5,(793),(793),(793),-793.0,-793.0,PASS
Daiwa-1319 20231011(20261006-122413).pdf,3,N03-P3-T3,10,6,"(2,300)","(2,300)","(2,300)",-2300.0,-2300.0,PASS
Daiwa-1319 20231011(20261006-122413).pdf,3,N03-P3-T3,10,7,"(2,300)","(2,300)","(2,300)",-2300.0,-2300.0,PASS
Daiwa-1319 20231011(20261006-122413).pdf,3,N03-P3-T3,10,8,"(2,300)","(2,300)","(2,300)",-2300.0,-2300.0,PASS
Daiwa-1319 20231011(20261006-122413).pdf,3,N03-P3-T3,11,0,Changeindebt,Changeindebt,Changeindebt,,,PASS
Daiwa-1319 20231011(20261006-122413).pdf,3,N03-P3-T3,11,1,129,129,129,129.0,129.0,PASS
Daiwa-1319 20231011(20261006-122413).pdf,3,N03-P3-T3,11,2,"(1,158)","(1,158)","(1,158)",-1158.0,-1158.0,PASS
Daiwa-1319 20231011(20261006-122413).pdf,3,N03-P3-T3,11,3,(600),(600),(600),-600.0,-600.0,PASS
Daiwa-1319 20231011(20261006-122413).pdf,3,N03-P3-T3,11,4,0,0,0,0.0,0.0,PASS
Daiwa-1319 20231011(20261006-122413).pdf,3,N03-P3-T3,11,5,0,0,0,0.0,0.0,PASS
Daiwa-1319 20231011(20261006-122413).pdf,3,N03-P3-T3,11,6,0,0,0,0.0,0.0,PASS
Daiwa-1319 20231011(20261006-122413).pdf,3,N03-P3-T3,11,7,0,0,0,0.0,0.0,PASS
Daiwa-1319 20231011(20261006-122413).pdf,3,N03-P3-T3,11,8,0,0,0,0.0,0.0,PASS
Daiwa-1319 20231011(20261006-122413).pdf,3,N03-P3-T3,12,0,Netshareissues/(repurchases),Netshareissues/(repurchases),Netshareissues/(repurchases),,,PASS
Daiwa-1319 20231011(20261006-122413).pdf,3,N03-P3-T3,12,1,0,0,0,0.0,0.0,PASS
Daiwa-1319 20231011(20261006-122413).pdf,3,N03-P3-T3,12,2,0,0,0,0.0,0.0,PASS
Daiwa-1319 20231011(20261006-122413).pdf,3,N03-P3-T3,12,3,0,0,0,0.0,0.0,PASS
Daiwa-1319 20231011(20261006-122413).pdf,3,N03-P3-T3,12,4,0,0,0,0.0,0.0,PASS
Daiwa-1319 20231011(20261006-122413).pdf,3,N03-P3-T3,12,5,0,0,0,0.0,0.0,PASS
Daiwa-1319 20231011(20261006-122413).pdf,3,N03-P3-T3,12,6,0,0,0,0.0,0.0,PASS
Daiwa-1319 20231011(20261006-122413).pdf,3,N03-P3-T3,12,7,0,0,0,0.0,0.0,PASS
Daiwa-1319 20231011(20261006-122413).pdf,3,N03-P3-T3,12,8,0,0,0,0.0,0.0,PASS
Daiwa-1319 20231011(20261006-122413).pdf,3,N03-P3-T3,13,0,Dividendspaid,Dividendspaid,Dividendspaid,,,PASS
Daiwa-1319 20231011(20261006-122413).pdf,3,N03-P3-T3,13,1,"(1,213)","(1,213)","(1,213)",-1213.0,-1213.0,PASS
Daiwa-1319 20231011(20261006-122413).pdf,3,N03-P3-T3,13,2,"(1,006)","(1,006)","(1,006)",-1006.0,-1006.0,PASS
Daiwa-1319 20231011(20261006-122413).pdf,3,N03-P3-T3,13,3,"(1,065)","(1,065)","(1,065)",-1065.0,-1065.0,PASS
Daiwa-1319 20231011(20261006-122413).pdf,3,N03-P3-T3,13,4,(473),(473),(473),-473.0,-473.0,PASS
Daiwa-1319 20231011(20261006-122413).pdf,3,N03-P3-T3,13,5,(503),(503),(503),-503.0,-503.0,PASS
Daiwa-1319 20231011(20261006-122413).pdf,3,N03-P3-T3,13,6,"(2,147)","(2,147)","(2,147)",-2147.0,-2147.0,PASS
Daiwa-1319 20231011(20261006-122413).pdf,3,N03-P3-T3,13,7,"(2,291)","(2,291)","(2,291)",-2291.0,-2291.0,PASS
Daiwa-1319 20231011(20261006-122413).pdf,3,N03-P3-T3,13,8,"(2,545)","(2,545)","(2,545)",-2545.0,-2545.0,PASS
Daiwa-1319 20231011(20261006-122413).pdf,3,N03-P3-T3,14,0,OtherfinancingCFitems,OtherfinancingCFitems,OtherfinancingCFitems,,,PASS
Daiwa-1319 20231011(20261006-122413).pdf,3,N03-P3-T3,14,1,(208),(208),(208),-208.0,-208.0,PASS
Daiwa-1319 20231011(20261006-122413).pdf,3,N03-P3-T3,14,2,100,100,100,100.0,100.0,PASS
Daiwa-1319 20231011(20261006-122413).pdf,3,N03-P3-T3,14,3,(380),(380),(380),-380.0,-380.0,PASS
Daiwa-1319 20231011(20261006-122413).pdf,3,N03-P3-T3,14,4,"(1,209)","(1,209)","(1,209)",-1209.0,-1209.0,PASS
Daiwa-1319 20231011(20261006-122413).pdf,3,N03-P3-T3,14,5,"(3,449)","(3,449)","(3,449)",-3449.0,-3449.0,PASS
Daiwa-1319 20231011(20261006-122413).pdf,3,N03-P3-T3,14,6,0,0,0,0.0,0.0,PASS
Daiwa-1319 20231011(20261006-122413).pdf,3,N03-P3-T3,14,7,0,0,0,0.0,0.0,PASS
Daiwa-1319 20231011(20261006-122413).pdf,3,N03-P3-T3,14,8,0,0,0,0.0,0.0,PASS
Daiwa-1319 20231011(20261006-122413).pdf,3,N03-P3-T3,15,0,Cashflowfromfinancing,Cashflowfromfinancing,Cashflowfromfinancing,,,PASS
Daiwa-1319 20231011(20261006-122413).pdf,3,N03-P3-T3,15,1,"(1,292)","(1,292)","(1,292)",-1292.0,-1292.0,PASS
Daiwa-1319 20231011(20261006-122413).pdf,3,N03-P3-T3,15,2,"(2,064)","(2,064)","(2,064)",-2064.0,-2064.0,PASS
Daiwa-1319 20231011(20261006-122413).pdf,3,N03-P3-T3,15,3,"(2,045)","(2,045)","(2,045)",-2045.0,-2045.0,PASS
Daiwa-1319 20231011(20261006-122413).pdf,3,N03-P3-T3,15,4,"(1,682)","(1,682)","(1,682)",-1682.0,-1682.0,PASS
Daiwa-1319 20231011(20261006-122413).pdf,3,N03-P3-T3,15,5,"(3,952)","(3,952)","(3,952)",-3952.0,-3952.0,PASS
Daiwa-1319 20231011(20261006-122413).pdf,3,N03-P3-T3,15,6,"(2,147)","(2,147)","(2,147)",-2147.0,-2147.0,PASS
Daiwa-1319 20231011(20261006-122413).pdf,3,N03-P3-T3,15,7,"(2,291)","(2,291)","(2,291)",-2291.0,-2291.0,PASS
Daiwa-1319 20231011(20261006-122413).pdf,3,N03-P3-T3,15,8,"(2,545)","(2,545)","(2,545)",-2545.0,-2545.0,PASS
Daiwa-1319 20231011(20261006-122413).pdf,3,N03-P3-T3,16,0,Forexeffect/others,Forexeffect/others,Forexeffect/others,,,PASS
Daiwa-1319 20231011(20261006-122413).pdf,3,N03-P3-T3,16,1,0,0,0,0.0,0.0,PASS
Daiwa-1319 20231011(20261006-122413).pdf,3,N03-P3-T3,16,2,0,0,0,0.0,0.0,PASS
Daiwa-1319 20231011(20261006-122413).pdf,3,N03-P3-T3,16,3,0,0,0,0.0,0.0,PASS
Daiwa-1319 20231011(20261006-122413).pdf,3,N03-P3-T3,16,4,0,0,0,0.0,0.0,PASS
Daiwa-1319 20231011(20261006-122413).pdf,3,N03-P3-T3,16,5,0,0,0,0.0,0.0,PASS
Daiwa-1319 20231011(20261006-122413).pdf,3,N03-P3-T3,16,6,0,0,0,0.0,0.0,PASS
Daiwa-1319 20231011(20261006-122413).pdf,3,N03-P3-T3,16,7,0,0,0,0.0,0.0,PASS
Daiwa-1319 20231011(20261006-122413).pdf,3,N03-P3-T3,16,8,0,0,0,0.0,0.0,PASS
Daiwa-1319 20231011(20261006-122413).pdf,3,N03-P3-T3,17,0,Changeincash,Changeincash,Changeincash,,,PASS
Daiwa-1319 20231011(20261006-122413).pdf,3,N03-P3-T3,17,1,(58),(58),(58),-58.0,-58.0,PASS
Daiwa-1319 20231011(20261006-122413).pdf,3,N03-P3-T3,17,2,101,101,101,101.0,101.0,PASS
Daiwa-1319 20231011(20261006-122413).pdf,3,N03-P3-T3,17,3,384,384,384,384.0,384.0,PASS
Daiwa-1319 20231011(20261006-122413).pdf,3,N03-P3-T3,17,4,(67),(67),(67),-67.0,-67.0,PASS
Daiwa-1319 20231011(20261006-122413).pdf,3,N03-P3-T3,17,5,847,847,847,847.0,847.0,PASS
Daiwa-1319 20231011(20261006-122413).pdf,3,N03-P3-T3,17,6,"2,720","2,720","2,720",2720.0,2720.0,PASS
Daiwa-1319 20231011(20261006-122413).pdf,3,N03-P3-T3,17,7,"2,915","2,915","2,915",2915.0,2915.0,PASS
Daiwa-1319 20231011(20261006-122413).pdf,3,N03-P3-T3,17,8,"3,232","3,232","3,232",3232.0,3232.0,PASS
Daiwa-1319 20231011(20261006-122413).pdf,3,N03-P3-T3,18,0,Freecashflow,Freecashflow,Freecashflow,,,PASS
Daiwa-1319 20231011(20261006-122413).pdf,3,N03-P3-T3,18,1,"1,130","1,130","1,130",1130.0,1130.0,PASS
Daiwa-1319 20231011(20261006-122413).pdf,3,N03-P3-T3,18,2,"2,057","2,057","2,057",2057.0,2057.0,PASS
Daiwa-1319 20231011(20261006-122413).pdf,3,N03-P3-T3,18,3,"2,539","2,539","2,539",2539.0,2539.0,PASS
Daiwa-1319 20231011(20261006-122413).pdf,3,N03-P3-T3,18,4,"1,513","1,513","1,513",1513.0,1513.0,PASS
Daiwa-1319 20231011(20261006-122413).pdf,3,N03-P3-T3,18,5,"3,376","3,376","3,376",3376.0,3376.0,PASS
Daiwa-1319 20231011(20261006-122413).pdf,3,N03-P3-T3,18,6,"4,868","4,868","4,868",4868.0,4868.0,PASS
Daiwa-1319 20231011(20261006-122413).pdf,3,N03-P3-T3,18,7,"5,206","5,206","5,206",5206.0,5206.0,PASS
Daiwa-1319 20231011(20261006-122413).pdf,3,N03-P3-T3,18,8,"5,777","5,777","5,777",5777.0,5777.0,PASS
Daiwa-1319 20231011(20261006-122413).pdf,4,N03-P4-T4,1,0,Cash&short-terminvestment,Cash&short-terminvestment,Cash&short-terminvestment,,,PASS
Daiwa-1319 20231011(20261006-122413).pdf,4,N03-P4-T4,1,1,"1,136","1,136","1,136",1136.0,1136.0,PASS
Daiwa-1319 20231011(20261006-122413).pdf,4,N03-P4-T4,1,2,"1,180","1,180","1,180",1180.0,1180.0,PASS
Daiwa-1319 20231011(20261006-122413).pdf,4,N03-P4-T4,1,3,"1,537","1,537","1,537",1537.0,1537.0,PASS
Daiwa-1319 20231011(20261006-122413).pdf,4,N03-P4-T4,1,4,"1,454","1,454","1,454",1454.0,1454.0,PASS
Daiwa-1319 20231011(20261006-122413).pdf,4,N03-P4-T4,1,5,"2,344","2,344","2,344",2344.0,2344.0,PASS
Daiwa-1319 20231011(20261006-122413).pdf,4,N03-P4-T4,1,6,"5,121","5,121","5,121",5121.0,5121.0,PASS
Daiwa-1319 20231011(20261006-122413).pdf,4,N03-P4-T4,1,7,"8,094","8,094","8,094",8094.0,8094.0,PASS
Daiwa-1319 20231011(20261006-122413).pdf,4,N03-P4-T4,1,8,"11,383","11,383","11,383",11383.0,11383.0,PASS
Daiwa-1319 20231011(20261006-122413).pdf,4,N03-P4-T4,2,0,Inventory,Inventory,Inventory,,,PASS
Daiwa-1319 20231011(20261006-122413).pdf,4,N03-P4-T4,2,1,"2,814","2,814","2,814",2814.0,2814.0,PASS
Daiwa-1319 20231011(20261006-122413).pdf,4,N03-P4-T4,2,2,"2,584","2,584","2,584",2584.0,2584.0,PASS
Daiwa-1319 20231011(20261006-122413).pdf,4,N03-P4-T4,2,3,"2,664","2,664","2,664",2664.0,2664.0,PASS
Daiwa-1319 20231011(20261006-122413).pdf,4,N03-P4-T4,2,4,"3,047","3,047","3,047",3047.0,3047.0,PASS
Daiwa-1319 20231011(20261006-122413).pdf,4,N03-P4-T4,2,5,"3,057","3,057","3,057",3057.0,3057.0,PASS
Daiwa-1319 20231011(20261006-122413).pdf,4,N03-P4-T4,2,6,"3,296","3,296","3,296",3296.0,3296.0,PASS
Daiwa-1319 20231011(20261006-122413).pdf,4,N03-P4-T4,2,7,"3,453","3,453","3,453",3453.0,3453.0,PASS
Daiwa-1319 20231011(20261006-122413).pdf,4,N03-P4-T4,2,8,"3,775","3,775","3,775",3775.0,3775.0,PASS
Daiwa-1319 20231011(20261006-122413).pdf,4,N03-P4-T4,3,0,Accountsreceivable,Accountsreceivable,Accountsreceivable,,,PASS
Daiwa-1319 20231011(20261006-122413).pdf,4,N03-P4-T4,3,1,"4,493","4,493","4,493",4493.0,4493.0,PASS
Daiwa-1319 20231011(20261006-122413).pdf,4,N03-P4-T4,3,2,"4,650","4,650","4,650",4650.0,4650.0,PASS
Daiwa-1319 20231011(20261006-122413).pdf,4,N03-P4-T4,3,3,"3,576","3,576","3,576",3576.0,3576.0,PASS
Daiwa-1319 20231011(20261006-122413).pdf,4,N03-P4-T4,3,4,"3,769","3,769","3,769",3769.0,3769.0,PASS
Daiwa-1319 20231011(20261006-122413).pdf,4,N03-P4-T4,3,5,"4,159","4,159","4,159",4159.0,4159.0,PASS
Daiwa-1319 20231011(20261006-122413).pdf,4,N03-P4-T4,3,6,"4,949","4,949","4,949",4949.0,4949.0,PASS
Daiwa-1319 20231011(20261006-122413).pdf,4,N03-P4-T4,3,7,"4,658","4,658","4,658",4658.0,4658.0,PASS
Daiwa-1319 20231011(20261006-122413).pdf,4,N03-P4-T4,3,8,"5,752","5,752","5,752",5752.0,5752.0,PASS
Daiwa-1319 20231011(20261006-122413).pdf,4,N03-P4-T4,4,0,Othercurrentassets,Othercurrentassets,Othercurrentassets,,,PASS
Daiwa-1319 20231011(20261006-122413).pdf,4,N03-P4-T4,4,1,578,578,578,578.0,578.0,PASS
Daiwa-1319 20231011(20261006-122413).pdf,4,N03-P4-T4,4,2,421,421,421,421.0,421.0,PASS
Daiwa-1319 20231011(20261006-122413).pdf,4,N03-P4-T4,4,3,376,376,376,376.0,376.0,PASS
Daiwa-1319 20231011(20261006-122413).pdf,4,N03-P4-T4,4,4,374,374,374,374.0,374.0,PASS
Daiwa-1319 20231011(20261006-122413).pdf,4,N03-P4-T4,4,5,426,426,426,426.0,426.0,PASS
Daiwa-1319 20231011(20261006-122413).pdf,4,N03-P4-T4,4,6,426,426,426,426.0,426.0,PASS
Daiwa-1319 20231011(20261006-122413).pdf,4,N03-P4-T4,4,7,426,426,426,426.0,426.0,PASS
Daiwa-1319 20231011(20261006-122413).pdf,4,N03-P4-T4,4,8,426,426,426,426.0,426.0,PASS
Daiwa-1319 20231011(20261006-122413).pdf,4,N03-P4-T4,5,0,Totalcurrentassets,Totalcurrentassets,Totalcurrentassets,,,PASS
Daiwa-1319 20231011(20261006-122413).pdf,4,N03-P4-T4,5,1,"9,021","9,021","9,021",9021.0,9021.0,PASS
Daiwa-1319 20231011(20261006-122413).pdf,4,N03-P4-T4,5,2,"8,834","8,834","8,834",8834.0,8834.0,PASS
Daiwa-1319 20231011(20261006-122413).pdf,4,N03-P4-T4,5,3,"8,153","8,153","8,153",8153.0,8153.0,PASS
Daiwa-1319 20231011(20261006-122413).pdf,4,N03-P4-T4,5,4,"8,643","8,643","8,643",8643.0,8643.0,PASS
Daiwa-1319 20231011(20261006-122413).pdf,4,N03-P4-T4,5,5,"9,987","9,987","9,987",9987.0,9987.0,PASS
Daiwa-1319 20231011(20261006-122413).pdf,4,N03-P4-T4,5,6,"13,792","13,792","13,792",13792.0,13792.0,PASS
Daiwa-1319 20231011(20261006-122413).pdf,4,N03-P4-T4,5,7,"16,632","16,632","16,632",16632.0,16632.0,PASS
Daiwa-1319 20231011(20261006-122413).pdf,4,N03-P4-T4,5,8,"21,336","21,336","21,336",21336.0,21336.0,PASS
Daiwa-1319 20231011(20261006-122413).pdf,4,N03-P4-T4,6,0,Fixedassets,Fixedassets,Fixedassets,,,PASS
Daiwa-1319 20231011(20261006-122413).pdf,4,N03-P4-T4,6,1,"20,449","20,449","20,449",20449.0,20449.0,PASS
Daiwa-1319 20231011(20261006-122413).pdf,4,N03-P4-T4,6,2,"20,387","20,387","20,387",20387.0,20387.0,PASS
Daiwa-1319 20231011(20261006-122413).pdf,4,N03-P4-T4,6,3,"19,458","19,458","19,458",19458.0,19458.0,PASS
Daiwa-1319 20231011(20261006-122413).pdf,4,N03-P4-T4,6,4,"18,884","18,884","18,884",18884.0,18884.0,PASS
Daiwa-1319 20231011(20261006-122413).pdf,4,N03-P4-T4,6,5,"18,192","18,192","18,192",18192.0,18192.0,PASS
Daiwa-1319 20231011(20261006-122413).pdf,4,N03-P4-T4,6,6,"17,058","17,058","17,058",17058.0,17058.0,PASS
Daiwa-1319 20231011(20261006-122413).pdf,4,N03-P4-T4,6,7,"15,695","15,695","15,695",15695.0,15695.0,PASS
Daiwa-1319 20231011(20261006-122413).pdf,4,N03-P4-T4,6,8,"14,103","14,103","14,103",14103.0,14103.0,PASS
Daiwa-1319 20231011(20261006-122413).pdf,4,N03-P4-T4,7,0,Goodwill&intangibles,Goodwill&intangibles,Goodwill&intangibles,,,PASS
Daiwa-1319 20231011(20261006-122413).pdf,4,N03-P4-T4,7,1,"1,125","1,125","1,125",1125.0,1125.0,PASS
Daiwa-1319 20231011(20261006-122413).pdf,4,N03-P4-T4,7,2,"1,614","1,614","1,614",1614.0,1614.0,PASS
Daiwa-1319 20231011(20261006-122413).pdf,4,N03-P4-T4,7,3,"1,436","1,436","1,436",1436.0,1436.0,PASS
Daiwa-1319 20231011(20261006-122413).pdf,4,N03-P4-T4,7,4,"1,261","1,261","1,261",1261.0,1261.0,PASS
Daiwa-1319 20231011(20261006-122413).pdf,4,N03-P4-T4,7,5,874,874,874,874.0,874.0,PASS
Daiwa-1319 20231011(20261006-122413).pdf,4,N03-P4-T4,7,6,874,874,874,874.0,874.0,PASS
Daiwa-1319 20231011(20261006-122413).pdf,4,N03-P4-T4,7,7,874,874,874,874.0,874.0,PASS
Daiwa-1319 20231011(20261006-122413).pdf,4,N03-P4-T4,7,8,874,874,874,874.0,874.0,PASS
Daiwa-1319 20231011(20261006-122413).pdf,4,N03-P4-T4,8,0,Othernon-currentassets,Othernon-currentassets,Othernon-currentassets,,,PASS
Daiwa-1319 20231011(20261006-122413).pdf,4,N03-P4-T4,8,1,"6,663","6,663","6,663",6663.0,6663.0,PASS
Daiwa-1319 20231011(20261006-122413).pdf,4,N03-P4-T4,8,2,"6,271","6,271","6,271",6271.0,6271.0,PASS
Daiwa-1319 20231011(20261006-122413).pdf,4,N03-P4-T4,8,3,"6,507","6,507","6,507",6507.0,6507.0,PASS
Daiwa-1319 20231011(20261006-122413).pdf,4,N03-P4-T4,8,4,"5,666","5,666","5,666",5666.0,5666.0,PASS
Daiwa-1319 20231011(20261006-122413).pdf,4,N03-P4-T4,8,5,"4,487","4,487","4,487",4487.0,4487.0,PASS
Daiwa-1319 20231011(20261006-122413).pdf,4,N03-P4-T4,8,6,"4,487","4,487","4,487",4487.0,4487.0,PASS
Daiwa-1319 20231011(20261006-122413).pdf,4,N03-P4-T4,8,7,"4,487","4,487","4,487",4487.0,4487.0,PASS
Daiwa-1319 20231011(20261006-122413).pdf,4,N03-P4-T4,8,8,"4,487","4,487","4,487",4487.0,4487.0,PASS
Daiwa-1319 20231011(20261006-122413).pdf,4,N03-P4-T4,9,0,Totalassets,Totalassets,Totalassets,,,PASS
Daiwa-1319 20231011(20261006-122413).pdf,4,N03-P4-T4,9,1,"37,258","37,258","37,258",37258.0,37258.0,PASS
Daiwa-1319 20231011(20261006-122413).pdf,4,N03-P4-T4,9,2,"37,105","37,105","37,105",37105.0,37105.0,PASS
Daiwa-1319 20231011(20261006-122413).pdf,4,N03-P4-T4,9,3,"35,553","35,553","35,553",35553.0,35553.0,PASS
Daiwa-1319 20231011(20261006-122413).pdf,4,N03-P4-T4,9,4,"34,453","34,453","34,453",34453.0,34453.0,PASS
Daiwa-1319 20231011(20261006-122413).pdf,4,N03-P4-T4,9,5,"33,540","33,540","33,540",33540.0,33540.0,PASS
Daiwa-1319 20231011(20261006-122413).pdf,4,N03-P4-T4,9,6,"36,210","36,210","36,210",36210.0,36210.0,PASS
Daiwa-1319 20231011(20261006-122413).pdf,4,N03-P4-T4,9,7,"37,688","37,688","37,688",37688.0,37688.0,PASS
Daiwa-1319 20231011(20261006-122413).pdf,4,N03-P4-T4,9,8,"40,800","40,800","40,800",40800.0,40800.0,PASS
Daiwa-1319 20231011(20261006-122413).pdf,4,N03-P4-T4,10,0,Short-termdebt,Short-termdebt,Short-termdebt,,,PASS
Daiwa-1319 20231011(20261006-122413).pdf,4,N03-P4-T4,10,1,"2,637","2,637","2,637",2637.0,2637.0,PASS
Daiwa-1319 20231011(20261006-122413).pdf,4,N03-P4-T4,10,2,"2,911","2,911","2,911",2911.0,2911.0,PASS
Daiwa-1319 20231011(20261006-122413).pdf,4,N03-P4-T4,10,3,"1,823","1,823","1,823",1823.0,1823.0,PASS
Daiwa-1319 20231011(20261006-122413).pdf,4,N03-P4-T4,10,4,"2,202","2,202","2,202",2202.0,2202.0,PASS
Daiwa-1319 20231011(20261006-122413).pdf,4,N03-P4-T4,10,5,"1,620","1,620","1,620",1620.0,1620.0,PASS
Daiwa-1319 20231011(20261006-122413).pdf,4,N03-P4-T4,10,6,"1,620","1,620","1,620",1620.0,1620.0,PASS
Daiwa-1319 20231011(20261006-122413).pdf,4,N03-P4-T4,10,7,"1,620","1,620","1,620",1620.0,1620.0,PASS
Daiwa-1319 20231011(20261006-122413).pdf,4,N03-P4-T4,10,8,"1,620","1,620","1,620",1620.0,1620.0,PASS
Daiwa-1319 20231011(20261006-122413).pdf,4,N03-P4-T4,11,0,Accountspayable,Accountspayable,Accountspayable,,,PASS
Daiwa-1319 20231011(20261006-122413).pdf,4,N03-P4-T4,11,1,"4,224","4,224","4,224",4224.0,4224.0,PASS
Daiwa-1319 20231011(20261006-122413).pdf,4,N03-P4-T4,11,2,"4,199","4,199","4,199",4199.0,4199.0,PASS
Daiwa-1319 20231011(20261006-122413).pdf,4,N03-P4-T4,11,3,"4,268","4,268","4,268",4268.0,4268.0,PASS
Daiwa-1319 20231011(20261006-122413).pdf,4,N03-P4-T4,11,4,"4,411","4,411","4,411",4411.0,4411.0,PASS
Daiwa-1319 20231011(20261006-122413).pdf,4,N03-P4-T4,11,5,"4,269","4,269","4,269",4269.0,4269.0,PASS
Daiwa-1319 20231011(20261006-122413).pdf,4,N03-P4-T4,11,6,"5,079","5,079","5,079",5079.0,5079.0,PASS
Daiwa-1319 20231011(20261006-122413).pdf,4,N03-P4-T4,11,7,"4,686","4,686","4,686",4686.0,4686.0,PASS
Daiwa-1319 20231011(20261006-122413).pdf,4,N03-P4-T4,11,8,"5,860","5,860","5,860",5860.0,5860.0,PASS
Daiwa-1319 20231011(20261006-122413).pdf,4,N03-P4-T4,12,0,Othercurrentliabilities,Othercurrentliabilities,Othercurrentliabilities,,,PASS
Daiwa-1319 20231011(20261006-122413).pdf,4,N03-P4-T4,12,1,611,611,611,611.0,611.0,PASS
Daiwa-1319 20231011(20261006-122413).pdf,4,N03-P4-T4,12,2,507,507,507,507.0,507.0,PASS
Daiwa-1319 20231011(20261006-122413).pdf,4,N03-P4-T4,12,3,290,290,290,290.0,290.0,PASS
Daiwa-1319 20231011(20261006-122413).pdf,4,N03-P4-T4,12,4,295,295,295,295.0,295.0,PASS
Daiwa-1319 20231011(20261006-122413).pdf,4,N03-P4-T4,12,5,"1,000","1,000","1,000",1000.0,1000.0,PASS
Daiwa-1319 20231011(20261006-122413).pdf,4,N03-P4-T4,12,6,"1,000","1,000","1,000",1000.0,1000.0,PASS
Daiwa-1319 20231011(20261006-122413).pdf,4,N03-P4-T4,12,7,"1,000","1,000","1,000",1000.0,1000.0,PASS
Daiwa-1319 20231011(20261006-122413).pdf,4,N03-P4-T4,12,8,"1,000","1,000","1,000",1000.0,1000.0,PASS
Daiwa-1319 20231011(20261006-122413).pdf,4,N03-P4-T4,13,0,Totalcurrentliabilities,Totalcurrentliabilities,Totalcurrentliabilities,,,PASS
Daiwa-1319 20231011(20261006-122413).pdf,4,N03-P4-T4,13,1,"7,471","7,471","7,471",7471.0,7471.0,PASS
Daiwa-1319 20231011(20261006-122413).pdf,4,N03-P4-T4,13,2,"7,618","7,618","7,618",7618.0,7618.0,PASS
Daiwa-1319 20231011(20261006-122413).pdf,4,N03-P4-T4,13,3,"6,382","6,382","6,382",6382.0,6382.0,PASS
Daiwa-1319 20231011(20261006-122413).pdf,4,N03-P4-T4,13,4,"6,908","6,908","6,908",6908.0,6908.0,PASS
Daiwa-1319 20231011(20261006-122413).pdf,4,N03-P4-T4,13,5,"6,890","6,890","6,890",6890.0,6890.0,PASS
Daiwa-1319 20231011(20261006-122413).pdf,4,N03-P4-T4,13,6,"7,699","7,699","7,699",7699.0,7699.0,PASS
Daiwa-1319 20231011(20261006-122413).pdf,4,N03-P4-T4,13,7,"7,307","7,307","7,307",7307.0,7307.0,PASS
Daiwa-1319 20231011(20261006-122413).pdf,4,N03-P4-T4,13,8,"8,481","8,481","8,481",8481.0,8481.0,PASS
Daiwa-1319 20231011(20261006-122413).pdf,4,N03-P4-T4,14,0,Long-termdebt,Long-termdebt,Long-termdebt,,,PASS
Daiwa-1319 20231011(20261006-122413).pdf,4,N03-P4-T4,14,1,"6,888","6,888","6,888",6888.0,6888.0,PASS
Daiwa-1319 20231011(20261006-122413).pdf,4,N03-P4-T4,14,2,"5,760","5,760","5,760",5760.0,5760.0,PASS
Daiwa-1319 20231011(20261006-122413).pdf,4,N03-P4-T4,14,3,"5,926","5,926","5,926",5926.0,5926.0,PASS
Daiwa-1319 20231011(20261006-122413).pdf,4,N03-P4-T4,14,4,"4,568","4,568","4,568",4568.0,4568.0,PASS
Daiwa-1319 20231011(20261006-122413).pdf,4,N03-P4-T4,14,5,"1,839","1,839","1,839",1839.0,1839.0,PASS
Daiwa-1319 20231011(20261006-122413).pdf,4,N03-P4-T4,14,6,"1,839","1,839","1,839",1839.0,1839.0,PASS
Daiwa-1319 20231011(20261006-122413).pdf,4,N03-P4-T4,14,7,"1,839","1,839","1,839",1839.0,1839.0,PASS
Daiwa-1319 20231011(20261006-122413).pdf,4,N03-P4-T4,14,8,"1,839","1,839","1,839",1839.0,1839.0,PASS
Daiwa-1319 20231011(20261006-122413).pdf,4,N03-P4-T4,15,0,Othernon-currentliabilities,Othernon-currentliabilities,Othernon-currentliabilities,,,PASS
Daiwa-1319 20231011(20261006-122413).pdf,4,N03-P4-T4,15,1,"1,025","1,025","1,025",1025.0,1025.0,PASS
Daiwa-1319 20231011(20261006-122413).pdf,4,N03-P4-T4,15,2,989,989,989,989.0,989.0,PASS
Daiwa-1319 20231011(20261006-122413).pdf,4,N03-P4-T4,15,3,886,886,886,886.0,886.0,PASS
Daiwa-1319 20231011(20261006-122413).pdf,4,N03-P4-T4,15,4,710,710,710,710.0,710.0,PASS
Daiwa-1319 20231011(20261006-122413).pdf,4,N03-P4-T4,15,5,545,545,545,545.0,545.0,PASS
Daiwa-1319 20231011(20261006-122413).pdf,4,N03-P4-T4,15,6,545,545,545,545.0,545.0,PASS
Daiwa-1319 20231011(20261006-122413).pdf,4,N03-P4-T4,15,7,545,545,545,545.0,545.0,PASS
Daiwa-1319 20231011(20261006-122413).pdf,4,N03-P4-T4,15,8,545,545,545,545.0,545.0,PASS
Daiwa-1319 20231011(20261006-122413).pdf,4,N03-P4-T4,16,0,Totalliabilities,Totalliabilities,Totalliabilities,,,PASS
Daiwa-1319 20231011(20261006-122413).pdf,4,N03-P4-T4,16,1,"15,385","15,385","15,385",15385.0,15385.0,PASS
Daiwa-1319 20231011(20261006-122413).pdf,4,N03-P4-T4,16,2,"14,367","14,367","14,367",14367.0,14367.0,PASS
Daiwa-1319 20231011(20261006-122413).pdf,4,N03-P4-T4,16,3,"13,194","13,194","13,194",13194.0,13194.0,PASS
Daiwa-1319 20231011(20261006-122413).pdf,4,N03-P4-T4,16,4,"12,186","12,186","12,186",12186.0,12186.0,PASS
Daiwa-1319 20231011(20261006-122413).pdf,4,N03-P4-T4,16,5,"9,275","9,275","9,275",9275.0,9275.0,PASS
Daiwa-1319 20231011(20261006-122413).pdf,4,N03-P4-T4,16,6,"10,084","10,084","10,084",10084.0,10084.0,PASS
Daiwa-1319 20231011(20261006-122413).pdf,4,N03-P4-T4,16,7,"9,692","9,692","9,692",9692.0,9692.0,PASS
Daiwa-1319 20231011(20261006-122413).pdf,4,N03-P4-T4,16,8,"10,866","10,866","10,866",10866.0,10866.0,PASS
Daiwa-1319 20231011(20261006-122413).pdf,4,N03-P4-T4,17,0,Sharecapital,Sharecapital,Sharecapital,,,PASS
Daiwa-1319 20231011(20261006-122413).pdf,4,N03-P4-T4,17,1,"5,915","5,915","5,915",5915.0,5915.0,PASS
Daiwa-1319 20231011(20261006-122413).pdf,4,N03-P4-T4,17,2,"5,915","5,915","5,915",5915.0,5915.0,PASS
Daiwa-1319 20231011(20261006-122413).pdf,4,N03-P4-T4,17,3,"5,915","5,915","5,915",5915.0,5915.0,PASS
Daiwa-1319 20231011(20261006-122413).pdf,4,N03-P4-T4,17,4,"5,915","5,915","5,915",5915.0,5915.0,PASS
Daiwa-1319 20231011(20261006-122413).pdf,4,N03-P4-T4,17,5,"5,915","5,915","5,915",5915.0,5915.0,PASS
Daiwa-1319 20231011(20261006-122413).pdf,4,N03-P4-T4,17,6,"5,915","5,915","5,915",5915.0,5915.0,PASS
Daiwa-1319 20231011(20261006-122413).pdf,4,N03-P4-T4,17,7,"5,915","5,915","5,915",5915.0,5915.0,PASS
Daiwa-1319 20231011(20261006-122413).pdf,4,N03-P4-T4,17,8,"5,915","5,915","5,915",5915.0,5915.0,PASS
Daiwa-1319 20231011(20261006-122413).pdf,4,N03-P4-T4,18,0,Reserves/R.E./others,Reserves/R.E./others,Reserves/R.E./others,,,PASS
Daiwa-1319 20231011(20261006-122413).pdf,4,N03-P4-T4,18,1,"15,033","15,033","15,033",15033.0,15033.0,PASS
Daiwa-1319 20231011(20261006-122413).pdf,4,N03-P4-T4,18,2,"16,056","16,056","16,056",16056.0,16056.0,PASS
Daiwa-1319 20231011(20261006-122413).pdf,4,N03-P4-T4,18,3,"15,756","15,756","15,756",15756.0,15756.0,PASS
Daiwa-1319 20231011(20261006-122413).pdf,4,N03-P4-T4,18,4,"15,723","15,723","15,723",15723.0,15723.0,PASS
Daiwa-1319 20231011(20261006-122413).pdf,4,N03-P4-T4,18,5,"17,834","17,834","17,834",17834.0,17834.0,PASS
Daiwa-1319 20231011(20261006-122413).pdf,4,N03-P4-T4,18,6,"19,690","19,690","19,690",19690.0,19690.0,PASS
Daiwa-1319 20231011(20261006-122413).pdf,4,N03-P4-T4,18,7,"21,559","21,559","21,559",21559.0,21559.0,PASS
Daiwa-1319 20231011(20261006-122413).pdf,4,N03-P4-T4,18,8,"23,498","23,498","23,498",23498.0,23498.0,PASS
Daiwa-1319 20231011(20261006-122413).pdf,4,N03-P4-T4,19,0,Shareholders'equity,Shareholders'equity,Shareholders'equity,,,PASS
Daiwa-1319 20231011(20261006-122413).pdf,4,N03-P4-T4,19,1,"20,947","20,947","20,947",20947.0,20947.0,PASS
Daiwa-1319 20231011(20261006-122413).pdf,4,N03-P4-T4,19,2,"21,971","21,971","21,971",21971.0,21971.0,PASS
Daiwa-1319 20231011(20261006-122413).pdf,4,N03-P4-T4,19,3,"21,671","21,671","21,671",21671.0,21671.0,PASS
Daiwa-1319 20231011(20261006-122413).pdf,4,N03-P4-T4,19,4,"21,637","21,637","21,637",21637.0,21637.0,PASS
Daiwa-1319 20231011(20261006-122413).pdf,4,N03-P4-T4,19,5,"23,749","23,749","23,749",23749.0,23749.0,PASS
Daiwa-1319 20231011(20261006-122413).pdf,4,N03-P4-T4,19,6,"25,605","25,605","25,605",25605.0,25605.0,PASS
Daiwa-1319 20231011(20261006-122413).pdf,4,N03-P4-T4,19,7,"27,474","27,474","27,474",27474.0,27474.0,PASS
Daiwa-1319 20231011(20261006-122413).pdf,4,N03-P4-T4,19,8,"29,412","29,412","29,412",29412.0,29412.0,PASS
Daiwa-1319 20231011(20261006-122413).pdf,4,N03-P4-T4,20,0,Minorityinterests,Minorityinterests,Minorityinterests,,,PASS
Daiwa-1319 20231011(20261006-122413).pdf,4,N03-P4-T4,20,1,926,926,926,926.0,926.0,PASS
Daiwa-1319 20231011(20261006-122413).pdf,4,N03-P4-T4,20,2,768,768,768,768.0,768.0,PASS
Daiwa-1319 20231011(20261006-122413).pdf,4,N03-P4-T4,20,3,688,688,688,688.0,688.0,PASS
Daiwa-1319 20231011(20261006-122413).pdf,4,N03-P4-T4,20,4,630,630,630,630.0,630.0,PASS
Daiwa-1319 20231011(20261006-122413).pdf,4,N03-P4-T4,20,5,517,517,517,517.0,517.0,PASS
Daiwa-1319 20231011(20261006-122413).pdf,4,N03-P4-T4,20,6,522,522,522,522.0,522.0,PASS
Daiwa-1319 20231011(20261006-122413).pdf,4,N03-P4-T4,20,7,522,522,522,522.0,522.0,PASS
Daiwa-1319 20231011(20261006-122413).pdf,4,N03-P4-T4,20,8,522,522,522,522.0,522.0,PASS
Daiwa-1319 20231011(20261006-122413).pdf,4,N03-P4-T4,21,0,Totalequity&liabilities,Totalequity&liabilities,Totalequity&liabilities,,,PASS
Daiwa-1319 20231011(20261006-122413).pdf,4,N03-P4-T4,21,1,"37,258","37,258","37,258",37258.0,37258.0,PASS
Daiwa-1319 20231011(20261006-122413).pdf,4,N03-P4-T4,21,2,"37,105","37,105","37,105",37105.0,37105.0,PASS
Daiwa-1319 20231011(20261006-122413).pdf,4,N03-P4-T4,21,3,"35,553","35,553","35,553",35553.0,35553.0,PASS
Daiwa-1319 20231011(20261006-122413).pdf,4,N03-P4-T4,21,4,"34,453","34,453","34,453",34453.0,34453.0,PASS
Daiwa-1319 20231011(20261006-122413).pdf,4,N03-P4-T4,21,5,"33,540","33,540","33,540",33540.0,33540.0,PASS
Daiwa-1319 20231011(20261006-122413).pdf,4,N03-P4-T4,21,6,"36,210","36,210","36,210",36210.0,36210.0,PASS
Daiwa-1319 20231011(20261006-122413).pdf,4,N03-P4-T4,21,7,"37,688","37,688","37,688",37688.0,37688.0,PASS
Daiwa-1319 20231011(20261006-122413).pdf,4,N03-P4-T4,21,8,"40,800","40,800","40,800",40800.0,40800.0,PASS
Daiwa-1319 20231011(20261006-122413).pdf,4,N03-P4-T4,22,0,EV,EV,EV,,,PASS
Daiwa-1319 20231011(20261006-122413).pdf,4,N03-P4-T4,22,1,"55,982","55,982","55,982",55982.0,55982.0,PASS
Daiwa-1319 20231011(20261006-122413).pdf,4,N03-P4-T4,22,2,"54,927","54,927","54,927",54927.0,54927.0,PASS
Daiwa-1319 20231011(20261006-122413).pdf,4,N03-P4-T4,22,3,"53,568","53,568","53,568",53568.0,53568.0,PASS
Daiwa-1319 20231011(20261006-122413).pdf,4,N03-P4-T4,22,4,"52,614","52,614","52,614",52614.0,52614.0,PASS
Daiwa-1319 20231011(20261006-122413).pdf,4,N03-P4-T4,22,5,"48,300","48,300","48,300",48300.0,48300.0,PASS
Daiwa-1319 20231011(20261006-122413).pdf,4,N03-P4-T4,22,6,"45,528","45,528","45,528",45528.0,45528.0,PASS
Daiwa-1319 20231011(20261006-122413).pdf,4,N03-P4-T4,22,7,"42,555","42,555","42,555",42555.0,42555.0,PASS
Daiwa-1319 20231011(20261006-122413).pdf,4,N03-P4-T4,22,8,"39,265","39,265","39,265",39265.0,39265.0,PASS
Daiwa-1319 20231011(20261006-122413).pdf,4,N03-P4-T4,23,0,Netdebt/(cash),Netdebt/(cash),Netdebt/(cash),,,PASS
Daiwa-1319 20231011(20261006-122413).pdf,4,N03-P4-T4,23,1,"8,389","8,389","8,389",8389.0,8389.0,PASS
Daiwa-1319 20231011(20261006-122413).pdf,4,N03-P4-T4,23,2,"7,492","7,492","7,492",7492.0,7492.0,PASS
Daiwa-1319 20231011(20261006-122413).pdf,4,N03-P4-T4,23,3,"6,212","6,212","6,212",6212.0,6212.0,PASS
Daiwa-1319 20231011(20261006-122413).pdf,4,N03-P4-T4,23,4,"5,316","5,316","5,316",5316.0,5316.0,PASS
Daiwa-1319 20231011(20261006-122413).pdf,4,N03-P4-T4,23,5,"1,115","1,115","1,115",1115.0,1115.0,PASS
Daiwa-1319 20231011(20261006-122413).pdf,4,N03-P4-T4,23,6,"(1,661)","(1,661)","(1,661)",-1661.0,-1661.0,PASS
Daiwa-1319 20231011(20261006-122413).pdf,4,N03-P4-T4,23,7,"(4,634)","(4,634)","(4,634)",-4634.0,-4634.0,PASS
Daiwa-1319 20231011(20261006-122413).pdf,4,N03-P4-T4,23,8,"(7,924)","(7,924)","(7,924)",-7924.0,-7924.0,PASS
Daiwa-1319 20231011(20261006-122413).pdf,4,N03-P4-T4,24,0,BVPS(TWD),BVPS(TWD),BVPS(TWD),,,PASS
Daiwa-1319 20231011(20261006-122413).pdf,4,N03-P4-T4,24,1,35.415,35.415,35.415,35.415,35.415,PASS
Daiwa-1319 20231011(20261006-122413).pdf,4,N03-P4-T4,24,2,37.146,37.146,37.146,37.146,37.146,PASS
Daiwa-1319 20231011(20261006-122413).pdf,4,N03-P4-T4,24,3,36.639,36.639,36.639,36.639,36.639,PASS
Daiwa-1319 20231011(20261006-122413).pdf,4,N03-P4-T4,24,4,36.582,36.582,36.582,36.582,36.582,PASS
Daiwa-1319 20231011(20261006-122413).pdf,4,N03-P4-T4,24,5,40.151,40.151,40.151,40.151,40.151,PASS
Daiwa-1319 20231011(20261006-122413).pdf,4,N03-P4-T4,24,6,43.289,43.289,43.289,43.289,43.289,PASS
Daiwa-1319 20231011(20261006-122413).pdf,4,N03-P4-T4,24,7,46.450,46.450,46.450,46.45,46.45,PASS
Daiwa-1319 20231011(20261006-122413).pdf,4,N03-P4-T4,24,8,49.727,49.727,49.727,49.727,49.727,PASS
Daiwa-1319 20231011(20261006-122413).pdf,4,N03-P4-T5,1,0,Sales(YoY),Sales(YoY),Sales(YoY),,,PASS
Daiwa-1319 20231011(20261006-122413).pdf,4,N03-P4-T5,1,1,(5.9),(5.9),(5.9),-5.9,-5.9,PASS
Daiwa-1319 20231011(20261006-122413).pdf,4,N03-P4-T5,1,2,(6.1),(6.1),(6.1),-6.1,-6.1,PASS
Daiwa-1319 20231011(20261006-122413).pdf,4,N03-P4-T5,1,3,(19.9),(19.9),(19.9),-19.9,-19.9,PASS
Daiwa-1319 20231011(20261006-122413).pdf,4,N03-P4-T5,1,4,6.1,6.1,6.1,6.1,6.1,PASS
Daiwa-1319 20231011(20261006-122413).pdf,4,N03-P4-T5,1,5,15.8,15.8,15.8,15.8,15.8,PASS
Daiwa-1319 20231011(20261006-122413).pdf,4,N03-P4-T5,1,6,10.9,10.9,10.9,10.9,10.9,PASS
Daiwa-1319 20231011(20261006-122413).pdf,4,N03-P4-T5,1,7,7.4,7.4,7.4,7.4,7.4,PASS
Daiwa-1319 20231011(20261006-122413).pdf,4,N03-P4-T5,1,8,7.4,7.4,7.4,7.4,7.4,PASS
Daiwa-1319 20231011(20261006-122413).pdf,4,N03-P4-T5,2,0,EBITDA(YoY),EBITDA(YoY),EBITDA(YoY),,,PASS
Daiwa-1319 20231011(20261006-122413).pdf,4,N03-P4-T5,2,1,(7.7),(7.7),(7.7),-7.7,-7.7,PASS
Daiwa-1319 20231011(20261006-122413).pdf,4,N03-P4-T5,2,2,9.0,9.0,9.0,9.0,9.0,PASS
Daiwa-1319 20231011(20261006-122413).pdf,4,N03-P4-T5,2,3,(30.5),(30.5),(30.5),-30.5,-30.5,PASS
Daiwa-1319 20231011(20261006-122413).pdf,4,N03-P4-T5,2,4,(8.4),(8.4),(8.4),-8.4,-8.4,PASS
Daiwa-1319 20231011(20261006-122413).pdf,4,N03-P4-T5,2,5,36.6,36.6,36.6,36.6,36.6,PASS
Daiwa-1319 20231011(20261006-122413).pdf,4,N03-P4-T5,2,6,45.2,45.2,45.2,45.2,45.2,PASS
Daiwa-1319 20231011(20261006-122413).pdf,4,N03-P4-T5,2,7,8.8,8.8,8.8,8.8,8.8,PASS
Daiwa-1319 20231011(20261006-122413).pdf,4,N03-P4-T5,2,8,8.6,8.6,8.6,8.6,8.6,PASS
Daiwa-1319 20231011(20261006-122413).pdf,4,N03-P4-T5,3,0,Operatingprofit(YoY),Operatingprofit(YoY),Operatingprofit(YoY),,,PASS
Daiwa-1319 20231011(20261006-122413).pdf,4,N03-P4-T5,3,1,(26.0),(26.0),(26.0),-26.0,-26.0,PASS
Daiwa-1319 20231011(20261006-122413).pdf,4,N03-P4-T5,3,2,17.0,17.0,17.0,17.0,17.0,PASS
Daiwa-1319 20231011(20261006-122413).pdf,4,N03-P4-T5,3,3,(75.1),(75.1),(75.1),-75.1,-75.1,PASS
Daiwa-1319 20231011(20261006-122413).pdf,4,N03-P4-T5,3,4,0.6,0.6,0.6,0.6,0.6,PASS
Daiwa-1319 20231011(20261006-122413).pdf,4,N03-P4-T5,3,5,256.2,256.2,256.2,256.2,256.2,PASS
Daiwa-1319 20231011(20261006-122413).pdf,4,N03-P4-T5,3,6,82.2,82.2,82.2,82.2,82.2,PASS
Daiwa-1319 20231011(20261006-122413).pdf,4,N03-P4-T5,3,7,10.8,10.8,10.8,10.8,10.8,PASS
Daiwa-1319 20231011(20261006-122413).pdf,4,N03-P4-T5,3,8,10.7,10.7,10.7,10.7,10.7,PASS
Daiwa-1319 20231011(20261006-122413).pdf,4,N03-P4-T5,4,0,Netprofit(YoY),Netprofit(YoY),Netprofit(YoY),,,PASS
Daiwa-1319 20231011(20261006-122413).pdf,4,N03-P4-T5,4,1,(17.7),(17.7),(17.7),-17.7,-17.7,PASS
Daiwa-1319 20231011(20261006-122413).pdf,4,N03-P4-T5,4,2,3.0,3.0,3.0,3.0,3.0,PASS
Daiwa-1319 20231011(20261006-122413).pdf,4,N03-P4-T5,4,3,(58.7),(58.7),(58.7),-58.7,-58.7,PASS
Daiwa-1319 20231011(20261006-122413).pdf,4,N03-P4-T5,4,4,(16.1),(16.1),(16.1),-16.1,-16.1,PASS
Daiwa-1319 20231011(20261006-122413).pdf,4,N03-P4-T5,4,5,212.9,212.9,212.9,212.9,212.9,PASS
Daiwa-1319 20231011(20261006-122413).pdf,4,N03-P4-T5,4,6,42.6,42.6,42.6,42.6,42.6,PASS
Daiwa-1319 20231011(20261006-122413).pdf,4,N03-P4-T5,4,7,6.7,6.7,6.7,6.7,6.7,PASS
Daiwa-1319 20231011(20261006-122413).pdf,4,N03-P4-T5,4,8,11.1,11.1,11.1,11.1,11.1,PASS
Daiwa-1319 20231011(20261006-122413).pdf,4,N03-P4-T5,5,0,CoreEPS(fully-diluted)(YoY),CoreEPS(fully-diluted)(YoY),CoreEPS(fully-diluted)(YoY),,,PASS
Daiwa-1319 20231011(20261006-122413).pdf,4,N03-P4-T5,5,1,(17.7),(17.7),(17.7),-17.7,-17.7,PASS
Daiwa-1319 20231011(20261006-122413).pdf,4,N03-P4-T5,5,2,3.0,3.0,3.0,3.0,3.0,PASS
Daiwa-1319 20231011(20261006-122413).pdf,4,N03-P4-T5,5,3,(58.7),(58.7),(58.7),-58.7,-58.7,PASS
Daiwa-1319 20231011(20261006-122413).pdf,4,N03-P4-T5,5,4,(16.3),(16.3),(16.3),-16.3,-16.3,PASS
Daiwa-1319 20231011(20261006-122413).pdf,4,N03-P4-T5,5,5,213.4,213.4,213.4,213.4,213.4,PASS
Daiwa-1319 20231011(20261006-122413).pdf,4,N03-P4-T5,5,6,42.6,42.6,42.6,42.6,42.6,PASS
Daiwa-1319 20231011(20261006-122413).pdf,4,N03-P4-T5,5,7,6.7,6.7,6.7,6.7,6.7,PASS
Daiwa-1319 20231011(20261006-122413).pdf,4,N03-P4-T5,5,8,11.1,11.1,11.1,11.1,11.1,PASS
Daiwa-1319 20231011(20261006-122413).pdf,4,N03-P4-T5,6,0,Gross-profitmargin,Gross-profitmargin,Gross-profitmargin,,,PASS
Daiwa-1319 20231011(20261006-122413).pdf,4,N03-P4-T5,6,1,22.9,22.9,22.9,22.9,22.9,PASS
Daiwa-1319 20231011(20261006-122413).pdf,4,N03-P4-T5,6,2,25.0,25.0,25.0,25.0,25.0,PASS
Daiwa-1319 20231011(20261006-122413).pdf,4,N03-P4-T5,6,3,19.9,19.9,19.9,19.9,19.9,PASS
Daiwa-1319 20231011(20261006-122413).pdf,4,N03-P4-T5,6,4,19.0,19.0,19.0,19.0,19.0,PASS
Daiwa-1319 20231011(20261006-122413).pdf,4,N03-P4-T5,6,5,23.6,23.6,23.6,23.6,23.6,PASS
Daiwa-1319 20231011(20261006-122413).pdf,4,N03-P4-T5,6,6,29.0,29.0,29.0,29.0,29.0,PASS
Daiwa-1319 20231011(20261006-122413).pdf,4,N03-P4-T5,6,7,29.4,29.4,29.4,29.4,29.4,PASS
Daiwa-1319 20231011(20261006-122413).pdf,4,N03-P4-T5,6,8,29.8,29.8,29.8,29.8,29.8,PASS
Daiwa-1319 20231011(20261006-122413).pdf,4,N03-P4-T5,7,0,EBITDAmargin,EBITDAmargin,EBITDAmargin,,,PASS
Daiwa-1319 20231011(20261006-122413).pdf,4,N03-P4-T5,7,1,22.0,22.0,22.0,22.0,22.0,PASS
Daiwa-1319 20231011(20261006-122413).pdf,4,N03-P4-T5,7,2,25.5,25.5,25.5,25.5,25.5,PASS
Daiwa-1319 20231011(20261006-122413).pdf,4,N03-P4-T5,7,3,22.1,22.1,22.1,22.1,22.1,PASS
Daiwa-1319 20231011(20261006-122413).pdf,4,N03-P4-T5,7,4,19.1,19.1,19.1,19.1,19.1,PASS
Daiwa-1319 20231011(20261006-122413).pdf,4,N03-P4-T5,7,5,22.5,22.5,22.5,22.5,22.5,PASS
Daiwa-1319 20231011(20261006-122413).pdf,4,N03-P4-T5,7,6,29.5,29.5,29.5,29.5,29.5,PASS
Daiwa-1319 20231011(20261006-122413).pdf,4,N03-P4-T5,7,7,29.9,29.9,29.9,29.9,29.9,PASS
Daiwa-1319 20231011(20261006-122413).pdf,4,N03-P4-T5,7,8,30.2,30.2,30.2,30.2,30.2,PASS
Daiwa-1319 20231011(20261006-122413).pdf,4,N03-P4-T5,8,0,Operating-profitmargin,Operating-profitmargin,Operating-profitmargin,,,PASS
Daiwa-1319 20231011(20261006-122413).pdf,4,N03-P4-T5,8,1,8.0,8.0,8.0,8.0,8.0,PASS
Daiwa-1319 20231011(20261006-122413).pdf,4,N03-P4-T5,8,2,10.0,10.0,10.0,10.0,10.0,PASS
Daiwa-1319 20231011(20261006-122413).pdf,4,N03-P4-T5,8,3,3.1,3.1,3.1,3.1,3.1,PASS
Daiwa-1319 20231011(20261006-122413).pdf,4,N03-P4-T5,8,4,3.0,3.0,3.0,3.0,3.0,PASS
Daiwa-1319 20231011(20261006-122413).pdf,4,N03-P4-T5,8,5,9.1,9.1,9.1,9.1,9.1,PASS
Daiwa-1319 20231011(20261006-122413).pdf,4,N03-P4-T5,8,6,14.9,14.9,14.9,14.9,14.9,PASS
Daiwa-1319 20231011(20261006-122413).pdf,4,N03-P4-T5,8,7,15.4,15.4,15.4,15.4,15.4,PASS
Daiwa-1319 20231011(20261006-122413).pdf,4,N03-P4-T5,8,8,15.9,15.9,15.9,15.9,15.9,PASS
Daiwa-1319 20231011(20261006-122413).pdf,4,N03-P4-T5,9,0,Netprofitmargin,Netprofitmargin,Netprofitmargin,,,PASS
Daiwa-1319 20231011(20261006-122413).pdf,4,N03-P4-T5,9,1,8.4,8.4,8.4,8.4,8.4,PASS
Daiwa-1319 20231011(20261006-122413).pdf,4,N03-P4-T5,9,2,9.2,9.2,9.2,9.2,9.2,PASS
Daiwa-1319 20231011(20261006-122413).pdf,4,N03-P4-T5,9,3,4.7,4.7,4.7,4.7,4.7,PASS
Daiwa-1319 20231011(20261006-122413).pdf,4,N03-P4-T5,9,4,3.7,3.7,3.7,3.7,3.7,PASS
Daiwa-1319 20231011(20261006-122413).pdf,4,N03-P4-T5,9,5,10.1,10.1,10.1,10.1,10.1,PASS
Daiwa-1319 20231011(20261006-122413).pdf,4,N03-P4-T5,9,6,13.0,13.0,13.0,13.0,13.0,PASS
Daiwa-1319 20231011(20261006-122413).pdf,4,N03-P4-T5,9,7,12.9,12.9,12.9,12.9,12.9,PASS
Daiwa-1319 20231011(20261006-122413).pdf,4,N03-P4-T5,9,8,13.4,13.4,13.4,13.4,13.4,PASS
Daiwa-1319 20231011(20261006-122413).pdf,4,N03-P4-T5,10,0,ROAE,ROAE,ROAE,,,PASS
Daiwa-1319 20231011(20261006-122413).pdf,4,N03-P4-T5,10,1,9.3,9.3,9.3,9.3,9.3,PASS
Daiwa-1319 20231011(20261006-122413).pdf,4,N03-P4-T5,10,2,9.2,9.2,9.2,9.2,9.2,PASS
Daiwa-1319 20231011(20261006-122413).pdf,4,N03-P4-T5,10,3,3.8,3.8,3.8,3.8,3.8,PASS
Daiwa-1319 20231011(20261006-122413).pdf,4,N03-P4-T5,10,4,3.2,3.2,3.2,3.2,3.2,PASS
Daiwa-1319 20231011(20261006-122413).pdf,4,N03-P4-T5,10,5,9.5,9.5,9.5,9.5,9.5,PASS
Daiwa-1319 20231011(20261006-122413).pdf,4,N03-P4-T5,10,6,12.4,12.4,12.4,12.4,12.4,PASS
Daiwa-1319 20231011(20261006-122413).pdf,4,N03-P4-T5,10,7,12.3,12.3,12.3,12.3,12.3,PASS
Daiwa-1319 20231011(20261006-122413).pdf,4,N03-P4-T5,10,8,12.8,12.8,12.8,12.8,12.8,PASS
Daiwa-1319 20231011(20261006-122413).pdf,4,N03-P4-T5,11,0,ROAA,ROAA,ROAA,,,PASS
Daiwa-1319 20231011(20261006-122413).pdf,4,N03-P4-T5,11,1,5.1,5.1,5.1,5.1,5.1,PASS
Daiwa-1319 20231011(20261006-122413).pdf,4,N03-P4-T5,11,2,5.3,5.3,5.3,5.3,5.3,PASS
Daiwa-1319 20231011(20261006-122413).pdf,4,N03-P4-T5,11,3,2.3,2.3,2.3,2.3,2.3,PASS
Daiwa-1319 20231011(20261006-122413).pdf,4,N03-P4-T5,11,4,2.0,2.0,2.0,2.0,2.0,PASS
Daiwa-1319 20231011(20261006-122413).pdf,4,N03-P4-T5,11,5,6.3,6.3,6.3,6.3,6.3,PASS
Daiwa-1319 20231011(20261006-122413).pdf,4,N03-P4-T5,11,6,8.8,8.8,8.8,8.8,8.8,PASS
Daiwa-1319 20231011(20261006-122413).pdf,4,N03-P4-T5,11,7,8.9,8.9,8.9,8.9,8.9,PASS
Daiwa-1319 20231011(20261006-122413).pdf,4,N03-P4-T5,11,8,9.3,9.3,9.3,9.3,9.3,PASS
Daiwa-1319 20231011(20261006-122413).pdf,4,N03-P4-T5,12,0,ROCE,ROCE,ROCE,,,PASS
Daiwa-1319 20231011(20261006-122413).pdf,4,N03-P4-T5,12,1,6.0,6.0,6.0,6.0,6.0,PASS
Daiwa-1319 20231011(20261006-122413).pdf,4,N03-P4-T5,12,2,6.9,6.9,6.9,6.9,6.9,PASS
Daiwa-1319 20231011(20261006-122413).pdf,4,N03-P4-T5,12,3,1.8,1.8,1.8,1.8,1.8,PASS
Daiwa-1319 20231011(20261006-122413).pdf,4,N03-P4-T5,12,4,1.8,1.8,1.8,1.8,1.8,PASS
Daiwa-1319 20231011(20261006-122413).pdf,4,N03-P4-T5,12,5,6.8,6.8,6.8,6.8,6.8,PASS
Daiwa-1319 20231011(20261006-122413).pdf,4,N03-P4-T5,12,6,12.3,12.3,12.3,12.3,12.3,PASS
Daiwa-1319 20231011(20261006-122413).pdf,4,N03-P4-T5,12,7,12.8,12.8,12.8,12.8,12.8,PASS
Daiwa-1319 20231011(20261006-122413).pdf,4,N03-P4-T5,12,8,13.3,13.3,13.3,13.3,13.3,PASS
Daiwa-1319 20231011(20261006-122413).pdf,4,N03-P4-T5,13,0,ROIC,ROIC,ROIC,,,PASS
Daiwa-1319 20231011(20261006-122413).pdf,4,N03-P4-T5,13,1,4.9,4.9,4.9,4.9,4.9,PASS
Daiwa-1319 20231011(20261006-122413).pdf,4,N03-P4-T5,13,2,5.6,5.6,5.6,5.6,5.6,PASS
Daiwa-1319 20231011(20261006-122413).pdf,4,N03-P4-T5,13,3,1.5,1.5,1.5,1.5,1.5,PASS
Daiwa-1319 20231011(20261006-122413).pdf,4,N03-P4-T5,13,4,1.6,1.6,1.6,1.6,1.6,PASS
Daiwa-1319 20231011(20261006-122413).pdf,4,N03-P4-T5,13,5,5.7,5.7,5.7,5.7,5.7,PASS
Daiwa-1319 20231011(20261006-122413).pdf,4,N03-P4-T5,13,6,11.2,11.2,11.2,11.2,11.2,PASS
Daiwa-1319 20231011(20261006-122413).pdf,4,N03-P4-T5,13,7,12.9,12.9,12.9,12.9,12.9,PASS
Daiwa-1319 20231011(20261006-122413).pdf,4,N03-P4-T5,13,8,15.1,15.1,15.1,15.1,15.1,PASS
Daiwa-1319 20231011(20261006-122413).pdf,4,N03-P4-T5,14,0,Netdebttoequity,Netdebttoequity,Netdebttoequity,,,PASS
Daiwa-1319 20231011(20261006-122413).pdf,4,N03-P4-T5,14,1,40.0,40.0,40.0,40.0,40.0,PASS
Daiwa-1319 20231011(20261006-122413).pdf,4,N03-P4-T5,14,2,34.1,34.1,34.1,34.1,34.1,PASS
Daiwa-1319 20231011(20261006-122413).pdf,4,N03-P4-T5,14,3,28.7,28.7,28.7,28.7,28.7,PASS
Daiwa-1319 20231011(20261006-122413).pdf,4,N03-P4-T5,14,4,24.6,24.6,24.6,24.6,24.6,PASS
Daiwa-1319 20231011(20261006-122413).pdf,4,N03-P4-T5,14,5,4.7,4.7,4.7,4.7,4.7,PASS
Daiwa-1319 20231011(20261006-122413).pdf,4,N03-P4-T5,14,6,n.a.,n.a.,n.a.,,,PASS
Daiwa-1319 20231011(20261006-122413).pdf,4,N03-P4-T5,14,7,n.a.,n.a.,n.a.,,,PASS
Daiwa-1319 20231011(20261006-122413).pdf,4,N03-P4-T5,14,8,n.a.,n.a.,n.a.,,,PASS
Daiwa-1319 20231011(20261006-122413).pdf,4,N03-P4-T5,15,0,Effectivetaxrate,Effectivetaxrate,Effectivetaxrate,,,PASS
Daiwa-1319 20231011(20261006-122413).pdf,4,N03-P4-T5,15,1,20.0,20.0,20.0,20.0,20.0,PASS
Daiwa-1319 20231011(20261006-122413).pdf,4,N03-P4-T5,15,2,21.3,21.3,21.3,21.3,21.3,PASS
Daiwa-1319 20231011(20261006-122413).pdf,4,N03-P4-T5,15,3,16.1,16.1,16.1,16.1,16.1,PASS
Daiwa-1319 20231011(20261006-122413).pdf,4,N03-P4-T5,15,4,16.9,16.9,16.9,16.9,16.9,PASS
Daiwa-1319 20231011(20261006-122413).pdf,4,N03-P4-T5,15,5,21.7,21.7,21.7,21.7,21.7,PASS
Daiwa-1319 20231011(20261006-122413).pdf,4,N03-P4-T5,15,6,20.8,20.8,20.8,20.8,20.8,PASS
Daiwa-1319 20231011(20261006-122413).pdf,4,N03-P4-T5,15,7,20.8,20.8,20.8,20.8,20.8,PASS
Daiwa-1319 20231011(20261006-122413).pdf,4,N03-P4-T5,15,8,20.8,20.8,20.8,20.8,20.8,PASS
Daiwa-1319 20231011(20261006-122413).pdf,4,N03-P4-T5,16,0,Accountsreceivable(days),Accountsreceivable(days),Accountsreceivable(days),,,PASS
Daiwa-1319 20231011(20261006-122413).pdf,4,N03-P4-T5,16,1,75.5,75.5,75.5,75.5,75.5,PASS
Daiwa-1319 20231011(20261006-122413).pdf,4,N03-P4-T5,16,2,77.2,77.2,77.2,77.2,77.2,PASS
Daiwa-1319 20231011(20261006-122413).pdf,4,N03-P4-T5,16,3,86.7,86.7,86.7,86.7,86.7,PASS
Daiwa-1319 20231011(20261006-122413).pdf,4,N03-P4-T5,16,4,72.9,72.9,72.9,72.9,72.9,PASS
Daiwa-1319 20231011(20261006-122413).pdf,4,N03-P4-T5,16,5,68.0,68.0,68.0,68.0,68.0,PASS
Daiwa-1319 20231011(20261006-122413).pdf,4,N03-P4-T5,16,6,70.5,70.5,70.5,70.5,70.5,PASS
Daiwa-1319 20231011(20261006-122413).pdf,4,N03-P4-T5,16,7,69.2,69.2,69.2,69.2,69.2,PASS
Daiwa-1319 20231011(20261006-122413).pdf,4,N03-P4-T5,16,8,69.8,69.8,69.8,69.8,69.8,PASS
Daiwa-1319 20231011(20261006-122413).pdf,4,N03-P4-T5,17,0,Currentratio(x),Currentratio(x),Currentratio(x),,,PASS
Daiwa-1319 20231011(20261006-122413).pdf,4,N03-P4-T5,17,1,1.2,1.2,1.2,1.2,1.2,PASS
Daiwa-1319 20231011(20261006-122413).pdf,4,N03-P4-T5,17,2,1.2,1.2,1.2,1.2,1.2,PASS
Daiwa-1319 20231011(20261006-122413).pdf,4,N03-P4-T5,17,3,1.3,1.3,1.3,1.3,1.3,PASS
Daiwa-1319 20231011(20261006-122413).pdf,4,N03-P4-T5,17,4,1.3,1.3,1.3,1.3,1.3,PASS
Daiwa-1319 20231011(20261006-122413).pdf,4,N03-P4-T5,17,5,1.4,1.4,1.4,1.4,1.4,PASS
Daiwa-1319 20231011(20261006-122413).pdf,4,N03-P4-T5,17,6,1.8,1.8,1.8,1.8,1.8,PASS
Daiwa-1319 20231011(20261006-122413).pdf,4,N03-P4-T5,17,7,2.3,2.3,2.3,2.3,2.3,PASS
Daiwa-1319 20231011(20261006-122413).pdf,4,N03-P4-T5,17,8,2.5,2.5,2.5,2.5,2.5,PASS
Daiwa-1319 20231011(20261006-122413).pdf,4,N03-P4-T5,18,0,Netinterestcover(x),Netinterestcover(x),Netinterestcover(x),,,PASS
Daiwa-1319 20231011(20261006-122413).pdf,4,N03-P4-T5,18,1,11.0,11.0,11.0,11.0,11.0,PASS
Daiwa-1319 20231011(20261006-122413).pdf,4,N03-P4-T5,18,2,12.7,12.7,12.7,12.7,12.7,PASS
Daiwa-1319 20231011(20261006-122413).pdf,4,N03-P4-T5,18,3,3.7,3.7,3.7,3.7,3.7,PASS
Daiwa-1319 20231011(20261006-122413).pdf,4,N03-P4-T5,18,4,5.0,5.0,5.0,5.0,5.0,PASS
Daiwa-1319 20231011(20261006-122413).pdf,4,N03-P4-T5,18,5,26.7,26.7,26.7,26.7,26.7,PASS
Daiwa-1319 20231011(20261006-122413).pdf,4,N03-P4-T5,18,6,n.a.,n.a.,n.a.,,,PASS
Daiwa-1319 20231011(20261006-122413).pdf,4,N03-P4-T5,18,7,n.a.,n.a.,n.a.,,,PASS
Daiwa-1319 20231011(20261006-122413).pdf,4,N03-P4-T5,18,8,n.a.,n.a.,n.a.,,,PASS
Daiwa-1319 20231011(20261006-122413).pdf,4,N03-P4-T5,19,0,Netdividendpayout,Netdividendpayout,Netdividendpayout,,,PASS
Daiwa-1319 20231011(20261006-122413).pdf,4,N03-P4-T5,19,1,52.2,52.2,52.2,52.2,52.2,PASS
Daiwa-1319 20231011(20261006-122413).pdf,4,N03-P4-T5,19,2,53.7,53.7,53.7,53.7,53.7,PASS
Daiwa-1319 20231011(20261006-122413).pdf,4,N03-P4-T5,19,3,57.7,57.7,57.7,57.7,57.7,PASS
Daiwa-1319 20231011(20261006-122413).pdf,4,N03-P4-T5,19,4,73.1,73.1,73.1,73.1,73.1,PASS
Daiwa-1319 20231011(20261006-122413).pdf,4,N03-P4-T5,19,5,68.7,68.7,68.7,68.7,68.7,PASS
Daiwa-1319 20231011(20261006-122413).pdf,4,N03-P4-T5,19,6,70.0,70.0,70.0,70.0,70.0,PASS
Daiwa-1319 20231011(20261006-122413).pdf,4,N03-P4-T5,19,7,70.0,70.0,70.0,70.0,70.0,PASS
Daiwa-1319 20231011(20261006-122413).pdf,4,N03-P4-T5,19,8,70.0,70.0,70.0,70.0,70.0,PASS
Daiwa-1319 20231011(20261006-122413).pdf,4,N03-P4-T5,20,0,Freecashflowyield,Freecashflowyield,Freecashflowyield,,,PASS
Daiwa-1319 20231011(20261006-122413).pdf,4,N03-P4-T5,20,1,2.4,2.4,2.4,2.4,2.4,PASS
Daiwa-1319 20231011(20261006-122413).pdf,4,N03-P4-T5,20,2,4.4,4.4,4.4,4.4,4.4,PASS
Daiwa-1319 20231011(20261006-122413).pdf,4,N03-P4-T5,20,3,5.4,5.4,5.4,5.4,5.4,PASS
Daiwa-1319 20231011(20261006-122413).pdf,4,N03-P4-T5,20,4,3.2,3.2,3.2,3.2,3.2,PASS
Daiwa-1319 20231011(20261006-122413).pdf,4,N03-P4-T5,20,5,7.2,7.2,7.2,7.2,7.2,PASS
Daiwa-1319 20231011(20261006-122413).pdf,4,N03-P4-T5,20,6,10.4,10.4,10.4,10.4,10.4,PASS
Daiwa-1319 20231011(20261006-122413).pdf,4,N03-P4-T5,20,7,11.2,11.2,11.2,11.2,11.2,PASS
Daiwa-1319 20231011(20261006-122413).pdf,4,N03-P4-T5,20,8,12.4,12.4,12.4,12.4,12.4,PASS
