date,ticker,open,high,low,close,adj_close,volume,category
2020-01-01,NVDA,50.210560895702265,50.705280975060646,49.581630415950876,50.54671415301123,50.54671415301123,70941096,US_STOCKS
2020-01-02,NVDA,49.984785045950915,51.87465219897425,50.37881453742628,50.45748474498693,50.45748474498693,54588337,US_STOCKS
2020-01-03,NVDA,51.375474153659994,52.49836101235827,50.06554294361522,51.161556920346285,51.161556920346285,80371080,US_STOCKS
2020-01-06,NVDA,52.6016821556868,54.06110731245852,52.64429752173914,52.77113005106675,52.77113005106675,89586848,US_STOCKS
2020-01-07,NVDA,52.62681548602239,53.86589673374679,51.86332737930901,52.576770417329385,52.576770417329385,64714191,US_STOCKS
2020-01-08,NVDA,52.4108049748485,53.532832662644516,52.25486283428581,52.383143887112126,52.383143887112126,6974856,US_STOCKS
2020-01-09,NVDA,53.816425903483555,54.3489028725832,52.67536622734658,54.09000967386114,54.09000967386114,22702184,US_STOCKS
2020-01-10,NVDA,55.49751801071799,55.52992914014667,54.67395651546028,54.97431072201376,54.97431072201376,79180152,US_STOCKS
2020-01-13,NVDA,54.686137488122036,55.32785027070634,53.6048666801116,54.51310441736749,54.51310441736749,72200976,US_STOCKS
2020-01-14,NVDA,54.85958605395263,56.807858130754845,53.5460872955521,55.159150167958714,55.159150167958714,65382242,US_STOCKS
2020-01-15,NVDA,54.37435576036336,55.81939208868134,54.584590546963916,54.703074795960035,54.703074795960035,4034597,US_STOCKS
2020-01-16,NVDA,53.98533533920369,55.00113532768343,52.83517319918796,54.24824087987085,54.24824087987085,72989737,US_STOCKS
2020-01-17,NVDA,54.829875346123345,55.26152110987921,53.998731286153486,54.565009672585816,54.565009672585816,37732837,US_STOCKS
2020-01-20,NVDA,53.04395193053386,52.59482159505942,51.165214727648525,52.531611581136,52.531611581136,58288865,US_STOCKS
2020-01-21,NVDA,50.7095566986108,51.876569962188704,50.03061587791898,50.771888920978135,50.771888920978135,87468900,US_STOCKS
2020-01-22,NVDA,50.65441174995039,50.88745852444217,49.8343608475328,50.25169281037364,50.25169281037364,59642682,US_STOCKS
2020-01-23,NVDA,49.69047336232119,49.59548329071351,48.3629461043465,49.28401493662737,49.28401493662737,63524461,US_STOCKS
2020-01-24,NVDA,49.874495167792475,49.83898897698506,48.57697439909257,49.64304635623241,49.64304635623241,90994219,US_STOCKS
2020-01-27,NVDA,48.47857520170279,49.138848121209996,47.36928332961464,48.79114777711515,48.79114777711515,18916718,US_STOCKS
2020-01-28,NVDA,47.79817550358667,48.16271206074605,47.10975974295626,47.46178055293193,47.46178055293193,87204240,US_STOCKS
2020-01-29,NVDA,48.84699634345133,49.65573293861447,48.37348772251815,48.900488338249446,48.900488338249446,59702134,US_STOCKS
2020-01-30,NVDA,48.400657339250586,49.30028280745659,47.311434898176344,48.7285773996078,48.7285773996078,26555209,US_STOCKS
2020-01-31,NVDA,48.99622718900872,49.31961593503727,47.70975189173466,48.84311704398325,48.84311704398325,13956492,US_STOCKS
2020-02-03,NVDA,47.94650897160787,48.146829823029556,47.16380414676779,47.500177312678694,47.500177312678694,8276177,US_STOCKS
2020-02-04,NVDA,46.719882875209954,47.7638690184693,46.55502901346902,47.03051197117327,47.03051197117327,83059453,US_STOCKS
2020-02-05,NVDA,47.11666027909151,47.5339215963655,46.308335633803566,47.18187740680891,47.18187740680891,70970944,US_STOCKS
2020-02-06,NVDA,45.83566523138126,46.37497182268999,46.0921747049358,46.142938526896444,46.142938526896444,73903799,US_STOCKS
2020-02-07,NVDA,46.68825316384617,47.19841746887801,45.35727332019029,46.53579767672737,46.53579767672737,80761345,US_STOCKS
2020-02-10,NVDA,46.10187526992022,47.22213099862355,45.73910465209137,46.023309463386575,46.023309463386575,12080042,US_STOCKS
2020-02-11,NVDA,45.589925321217585,45.87927731489713,45.07099824488743,45.80083853854453,45.80083853854453,93723963,US_STOCKS
2020-02-12,NVDA,44.87815304910162,45.4613967930533,44.68098905747576,45.295466029197215,45.295466029197215,93453626,US_STOCKS
2020-02-13,NVDA,46.84587533628236,47.73424408186356,46.96011644145579,47.01875756688737,47.01875756688737,15685976,US_STOCKS
2020-02-14,NVDA,47.511032829480776,48.41543819872727,47.046110629582046,47.05308386969869,47.05308386969869,95229366,US_STOCKS
2020-02-17,NVDA,46.233047575401464,47.30522082188285,45.475795497169386,46.1047657325672,46.1047657325672,52044006,US_STOCKS
2020-02-18,NVDA,46.898871317709286,47.847800079701756,46.712806881774696,46.90933530784043,46.90933530784043,3967385,US_STOCKS
2020-02-19,NVDA,45.6348874487387,46.77932642676432,45.53345292091711,45.8108653604495,45.8108653604495,67669810,US_STOCKS
2020-02-20,NVDA,46.48081124657476,46.177758985777444,45.11888037562909,46.048040666399196,46.048040666399196,44931271,US_STOCKS
2020-02-21,NVDA,44.61540463945045,44.5246845705253,43.369031564771326,44.28930931592273,44.28930931592273,83973413,US_STOCKS
2020-02-24,NVDA,43.540875063768745,44.0417200749799,42.51341099430403,43.15710977026353,43.15710977026353,62166876,US_STOCKS
2020-02-25,NVDA,43.69017567609603,44.112609646749334,43.33064934631191,43.37018611935206,43.37018611935206,93163920,US_STOCKS
2020-02-26,NVDA,44.22109359349336,44.94820071705221,43.769063691750425,44.05410496581786,44.05410496581786,66229661,US_STOCKS
2020-02-27,NVDA,44.15522040202067,45.11364373887724,44.107649070609746,44.24914859573077,44.24914859573077,66126685,US_STOCKS
2020-02-28,NVDA,44.63244333203138,44.254967203701156,42.895580357835875,44.191050983681734,44.191050983681734,41283888,US_STOCKS
2020-03-02,NVDA,44.29515432029153,45.00114430253526,43.221184074351406,43.96912025940219,43.96912025940219,74106471,US_STOCKS
2020-03-03,NVDA,43.03625312590428,43.230763348248075,42.293847082892775,42.71290315564887,42.71290315564887,67091745,US_STOCKS
2020-03-04,NVDA,42.40014010673269,43.10437983397128,41.132070969381324,42.140683339598155,42.140683339598155,44122748,US_STOCKS
2020-03-05,NVDA,42.06026639509576,41.945314021769,41.11189039065625,41.794591371318596,41.794591371318596,1570107,US_STOCKS
2020-03-06,NVDA,42.57015183475761,43.189683178823486,42.212290564065974,42.72002579217708,42.72002579217708,69851253,US_STOCKS
2020-03-09,NVDA,42.96036787076336,43.63590652896479,42.749500082505065,43.05633346182983,43.05633346182983,37951927,US_STOCKS
2020-03-10,NVDA,41.35437983563078,41.672496104558405,40.82842560001468,41.58118889857377,41.58118889857377,67153067,US_STOCKS
2020-03-11,NVDA,41.992400497519625,42.474790774058725,41.41498318656426,41.892286022480434,41.892286022480434,86470031,US_STOCKS
2020-03-12,NVDA,41.627419216674234,42.20972362617014,41.579528593373375,41.61153876783513,41.61153876783513,34783534,US_STOCKS
2020-03-13,NVDA,40.99134023618341,41.58142137450953,40.37462007419942,41.08979498543233,41.08979498543233,53826652,US_STOCKS
2020-03-16,NVDA,41.72340730499121,42.58890219199402,40.61813318309881,41.63355784653618,41.63355784653618,72094184,US_STOCKS
2020-03-17,NVDA,42.921176906068176,42.55693993193681,42.28386025329658,42.53367496957444,42.53367496957444,1748724,US_STOCKS
2020-03-18,NVDA,43.49633888093009,44.53680904972744,43.051640658428624,43.368423962386316,43.368423962386316,92776419,US_STOCKS
2020-03-19,NVDA,42.308491666858664,43.88044226026517,42.233622925400226,42.683881559473036,42.683881559473036,11040662,US_STOCKS
2020-03-20,NVDA,42.45059931634895,42.78969975570274,42.099704449083646,42.46259775248138,42.46259775248138,31421706,US_STOCKS
2020-03-23,NVDA,43.04569413047329,43.47844934954568,42.386794521202646,42.78638646698979,42.78638646698979,61423044,US_STOCKS
2020-03-24,NVDA,43.852733817782806,44.02108928728827,43.12225795506927,43.6639738699577,43.6639738699577,13066723,US_STOCKS
2020-03-25,NVDA,43.01312912108624,44.17373591566831,43.053555270836796,43.289184815818984,43.289184815818984,52991174,US_STOCKS
2020-03-26,NVDA,43.35223127550917,43.31015534675259,42.436977927096784,43.17173348556448,43.17173348556448,26399715,US_STOCKS
2020-03-27,NVDA,42.6509198677308,42.87269144497708,41.23782817928494,42.2596572461791,42.2596572461791,55472427,US_STOCKS
2020-03-30,NVDA,40.913833195664516,42.07519280295523,40.11236250627831,41.29089126484013,41.29089126484013,60559570,US_STOCKS
2020-03-31,NVDA,42.27131940904249,43.11736497316921,41.71577818911296,42.00318046375204,42.00318046375204,21992439,US_STOCKS
2020-04-01,NVDA,43.28036473353021,43.71701344856051,42.09644153394981,43.18451153766028,43.18451153766028,90102289,US_STOCKS
2020-04-02,NVDA,43.038958816917685,43.472240705521685,42.15474834911073,43.16550161067366,43.16550161067366,28205797,US_STOCKS
2020-04-03,NVDA,44.35941182751557,44.6353153814672,43.19235873301993,44.07502713069078,44.07502713069078,10457996,US_STOCKS
2020-04-06,NVDA,44.547965437439274,45.0401525081237,43.65585533595197,44.43788451012966,44.43788451012966,17633406,US_STOCKS
2020-04-07,NVDA,44.1169848818234,45.04550311031239,43.623462628103546,43.90896725163289,43.90896725163289,10475740,US_STOCKS
2020-04-08,NVDA,43.84847363184187,45.12285346973866,43.46396029851377,44.270246375027575,44.270246375027575,55123043,US_STOCKS
2020-04-09,NVDA,45.43142846943265,46.21195598307877,44.86169736148748,45.6763017760276,45.6763017760276,50179919,US_STOCKS
2020-04-10,NVDA,46.1349811504857,45.876264957500936,44.73643105763017,45.68925005832711,45.68925005832711,41027558,US_STOCKS
2020-04-13,NVDA,47.096958359162194,48.18004543810427,46.184931178468084,47.164687213238665,47.164687213238665,99134343,US_STOCKS
2020-04-14,NVDA,44.40814501689796,44.8804007735037,43.76844077056594,44.74066273219578,44.74066273219578,58260304,US_STOCKS
2020-04-15,NVDA,45.315244669466445,45.62930977166675,45.40387555312421,45.520852649867955,45.520852649867955,89524896,US_STOCKS
2020-04-16,NVDA,45.36432448148965,46.08843752673944,45.33524645972007,45.645622637855276,45.645622637855276,36144634,US_STOCKS
2020-04-17,NVDA,45.027179978868084,46.12554513714658,45.326175294402724,45.41830072678693,45.41830072678693,80235294,US_STOCKS
2020-04-20,NVDA,45.30449870203092,46.2849502353001,44.34452064726434,45.54707139838598,45.54707139838598,65436859,US_STOCKS
2020-04-21,NVDA,43.81091880003805,44.20805959585335,43.34467431635544,43.78205960453357,43.78205960453357,67279208,US_STOCKS
2020-04-22,NVDA,44.06470838728122,44.499838479070974,42.903346830450104,43.633487910403254,43.633487910403254,73334400,US_STOCKS
2020-04-23,NVDA,43.95815149842935,44.06813035692624,43.2467205030588,43.98876273974788,43.98876273974788,95804903,US_STOCKS
2020-04-24,NVDA,45.03857649804303,46.271365162246056,45.059698509296275,45.332966112260046,45.332966112260046,54046940,US_STOCKS
2020-04-27,NVDA,44.5461522102278,45.51516775967151,43.889661893055234,44.90840455353244,44.90840455353244,35409580,US_STOCKS
2020-04-28,NVDA,44.37302131299305,45.28256433941101,42.9969568326726,44.22714980213257,44.22714980213257,24229566,US_STOCKS
2020-04-29,NVDA,43.73929653607144,44.027951892490336,42.52260762595392,43.827551273316935,43.827551273316935,92773095,US_STOCKS
2020-04-30,NVDA,44.709476206923284,45.80227968000767,43.97558069809141,44.67377548957606,44.67377548957606,62734983,US_STOCKS
2020-05-01,NVDA,44.64229222726466,46.03207138133109,44.83972045968311,45.01218033036335,45.01218033036335,82780695,US_STOCKS
2020-05-04,NVDA,44.83173709244786,45.52816037100255,44.5319180783438,44.580279274217474,44.580279274217474,31009707,US_STOCKS
2020-05-05,NVDA,44.868902151858165,45.56956706133169,44.96395706169183,45.082491663702775,45.082491663702775,93758824,US_STOCKS
2020-05-06,NVDA,45.263757589855686,45.629533517001164,44.67661729280454,45.215104111550794,45.215104111550794,45273051,US_STOCKS
2020-05-07,NVDA,46.22908783778999,46.850012608837226,44.863747493753486,46.13626689754388,46.13626689754388,50199384,US_STOCKS
2020-05-08,NVDA,45.982805362676125,46.69767985775075,45.249767693953736,45.53460098613398,45.53460098613398,93128926,US_STOCKS
2020-05-11,NVDA,44.934304373027665,46.392202548833964,44.764677777073736,45.281736285048325,45.281736285048325,87919457,US_STOCKS
2020-05-12,NVDA,45.302955517761625,46.05923142895383,43.90603590135886,44.97191126162642,44.97191126162642,31163234,US_STOCKS
2020-05-13,NVDA,43.33426079685168,44.22885545077146,43.473048425279785,43.700541885338815,43.700541885338815,69800157,US_STOCKS
2020-05-14,NVDA,43.86761311543277,45.290949631389225,43.156912876097685,44.00305475864333,44.00305475864333,82425575,US_STOCKS
2020-05-15,NVDA,43.951389753083866,45.421819749118235,43.051100268451876,44.276802402137264,44.276802402137264,49219129,US_STOCKS
2020-05-18,NVDA,44.41980187470712,45.34262712280258,44.093112504454865,44.3256073547264,44.3256073547264,50754041,US_STOCKS
2020-05-19,NVDA,44.07246381504313,44.35589352824628,43.67503731008505,44.16196861879198,44.16196861879198,7749058,US_STOCKS
2020-05-20,NVDA,42.54863476283238,43.13020559378513,41.714871678365434,42.95601942152304,42.95601942152304,55403424,US_STOCKS
2020-05-21,NVDA,43.03482115862101,43.19081049029266,42.23873781034611,42.63759046785893,42.63759046785893,51108044,US_STOCKS
2020-05-22,NVDA,42.33669809047836,42.52234500246216,41.57307768942949,42.38797763426561,42.38797763426561,22387780,US_STOCKS
2020-05-25,NVDA,41.850083879223966,42.56460869677925,41.55981522738964,41.75022739301497,41.75022739301497,7073613,US_STOCKS
2020-05-26,NVDA,41.891218728678,42.23192468921842,41.58461491151763,41.65730331766198,41.65730331766198,99491765,US_STOCKS
2020-05-27,NVDA,41.66381486697802,42.912080563882505,40.79510816499265,42.03559400294132,42.03559400294132,24678830,US_STOCKS
2020-05-28,NVDA,43.350956539225635,43.82237075227317,43.2661080564093,43.66336849209142,43.66336849209142,11003535,US_STOCKS
2020-05-29,NVDA,44.028046917577306,43.941447553539426,43.189195202868916,43.859484968027914,43.859484968027914,99672988,US_STOCKS
2020-06-01,NVDA,44.4063705473249,44.943740451541416,43.72382258711142,44.12926500280424,44.12926500280424,62765687,US_STOCKS
2020-06-02,NVDA,44.13154412672366,44.671496003517134,43.93472941595634,44.10768939690261,44.10768939690261,88773817,US_STOCKS
2020-06-03,NVDA,42.416503772204585,42.707050958642505,41.990703353695,42.45914579053696,42.45914579053696,41998845,US_STOCKS
2020-06-04,NVDA,42.75736003987889,43.41398794091512,41.49870865630242,42.479089806264085,42.479089806264085,2092095,US_STOCKS
2020-06-05,NVDA,42.50134830633201,43.18750355968962,42.548227352030686,42.572739386013055,42.572739386013055,26721507,US_STOCKS
2020-06-08,NVDA,44.94541637795349,44.89656756972664,43.99459735618586,44.71265141538883,44.71265141538883,22304985,US_STOCKS
2020-06-09,NVDA,44.15029942291381,44.90796619533567,43.280054659378294,44.58534469152049,44.58534469152049,80352174,US_STOCKS
2020-06-10,NVDA,45.311510878060425,45.5559440348405,44.751011099040234,44.898821880187135,44.898821880187135,55247989,US_STOCKS
2020-06-11,NVDA,44.87156974559024,46.0502172505415,44.780396185324314,44.91255035076448,44.91255035076448,49335872,US_STOCKS
2020-06-12,NVDA,43.60038553530067,44.335369840432705,42.93642715005054,43.90769667694685,43.90769667694685,48125794,US_STOCKS
2020-06-15,NVDA,44.843589437069085,45.487191271687436,44.335543375899036,44.95517872352819,44.95517872352819,78716637,US_STOCKS
2020-06-16,NVDA,46.034378349786486,46.98528131388788,44.59791689608666,45.67619957970289,45.67619957970289,32225282,US_STOCKS
2020-06-17,NVDA,46.61925889734533,47.054230221925486,46.08966093120553,46.44450244102378,46.44450244102378,84246286,US_STOCKS
2020-06-18,NVDA,45.224844082493114,46.88108693654673,45.014284847050035,45.64622598618379,45.64622598618379,64082946,US_STOCKS
2020-06-19,NVDA,47.122222632853266,48.23389554788258,46.075338200469076,46.97251753475241,46.97251753475241,61779424,US_STOCKS
2020-06-22,NVDA,45.306418699035596,46.41329717847409,45.49662752421641,45.702520579724734,45.702520579724734,74005943,US_STOCKS
2020-06-23,NVDA,46.295953812554934,47.229163006196124,46.22677561229006,46.28464006843974,46.28464006843974,9394409,US_STOCKS
2020-06-24,NVDA,48.56783569624663,48.46319066981788,48.2552374158646,48.35861371303826,48.35861371303826,2198739,US_STOCKS
2020-06-25,NVDA,47.882163324798945,48.49877304223775,46.94611077146271,47.44895305643675,47.44895305643675,30357022,US_STOCKS
2020-06-26,NVDA,46.81784160909881,48.050305914615706,46.027278299117505,46.95899732173541,46.95899732173541,19334361,US_STOCKS
2020-06-29,NVDA,46.79256083000044,47.23857859828445,46.16654811568025,47.099546882782306,47.099546882782306,76672893,US_STOCKS
2020-06-30,NVDA,46.45306009301014,46.70170345963553,46.55732251504406,46.67237692615738,46.67237692615738,96818143,US_STOCKS
2020-07-01,NVDA,45.086375551921286,46.31630490484581,44.42320101954666,45.271586340277,45.271586340277,38812024,US_STOCKS
2020-07-02,NVDA,45.111825035434755,45.544188618030404,44.54167797701033,45.37893701929082,45.37893701929082,77688744,US_STOCKS
2020-07-03,NVDA,44.588151903847994,45.167511724834,44.4042369068375,44.46019168989939,44.46019168989939,96880388,US_STOCKS
2020-07-06,NVDA,45.194171400433724,45.320429769050364,43.60499437651656,44.9257720865678,44.9257720865678,60586277,US_STOCKS
2020-07-07,NVDA,44.21735126090064,45.135282298292275,43.069523872106394,44.14458098669327,44.14458098669327,65991382,US_STOCKS
2020-07-08,NVDA,45.218291710130195,46.019464766929154,44.2887243058878,45.55714966500715,45.55714966500715,23236945,US_STOCKS
2020-07-09,NVDA,44.77428504548478,45.47091670326031,44.297316874757406,44.88905106538073,44.88905106538073,61681018,US_STOCKS
2020-07-10,NVDA,45.040420037400686,44.96716973460364,44.482067262351556,44.6447993995031,44.6447993995031,20549578,US_STOCKS
2020-07-13,NVDA,45.76728077181399,46.295731489726364,45.02628963044263,45.415830458452824,45.415830458452824,81778746,US_STOCKS
2020-07-14,NVDA,44.66371805685057,45.46934723259905,43.12078661837805,44.343231786660795,44.343231786660795,25971860,US_STOCKS
2020-07-15,NVDA,44.8167440180355,45.205355221116314,43.4629773781908,44.589301190494055,44.589301190494055,73120577,US_STOCKS
2020-07-16,NVDA,46.05280568169578,46.70114027036256,45.555797226085645,45.79958213107796,45.79958213107796,54957664,US_STOCKS
2020-07-17,NVDA,44.80306493502365,45.620780451831365,44.3154681364001,44.372940504696686,44.372940504696686,17316666,US_STOCKS
2020-07-20,NVDA,44.252809158324204,45.55211936803309,43.48743362469067,44.581168389597515,44.581168389597515,22137625,US_STOCKS
2020-07-21,NVDA,44.86271786986027,45.9888213835849,43.87131849400615,44.85746713022608,44.85746713022608,54681483,US_STOCKS
2020-07-22,NVDA,45.686140318136665,46.29923068524673,45.19665683794946,45.6037364728045,45.6037364728045,56937177,US_STOCKS
2020-07-23,NVDA,44.68933653679079,45.68758890694407,43.67129606422771,44.521148724302655,44.521148724302655,76351032,US_STOCKS
2020-07-24,NVDA,43.094915778820216,43.99071301649398,43.37775802499984,43.38990496792468,43.38990496792468,25421207,US_STOCKS
2020-07-27,NVDA,44.085005811435316,45.19203890272032,43.755658170630845,43.88623477151115,43.88623477151115,40747937,US_STOCKS
2020-07-28,NVDA,44.45599926213272,44.46128667556112,43.45490248556321,44.1907917881437,44.1907917881437,73574058,US_STOCKS
2020-07-29,NVDA,44.55949797457648,44.7071390549518,43.982398868793645,44.45637212781291,44.45637212781291,78595386,US_STOCKS
2020-07-30,NVDA,44.85746168157198,44.8158951018637,43.78589114093752,44.808865110428975,44.808865110428975,4495824,US_STOCKS
2020-07-31,NVDA,44.461697399620675,44.513009278466896,42.972573941861974,44.24425125512005,44.24425125512005,37426134,US_STOCKS
2020-08-03,NVDA,44.340003185641756,44.69275213188045,44.08608658393152,44.49401332501761,44.49401332501761,87788425,US_STOCKS
2020-08-04,NVDA,45.24401543381392,45.294307098058106,44.19638339097592,44.79930674898557,44.79930674898557,72485022,US_STOCKS
2020-08-05,NVDA,44.54548549622926,44.99050605783295,43.68484636024995,44.204057089679836,44.204057089679836,41849562,US_STOCKS
2020-08-06,NVDA,46.0773258907753,45.90218853935787,45.04462437755007,45.89775720691176,45.89775720691176,36193808,US_STOCKS
2020-08-07,NVDA,46.65150161085593,46.507995636375675,45.56021218399539,46.37861233133169,46.37861233133169,48616316,US_STOCKS
2020-08-10,NVDA,45.44897465614539,45.40814577275611,44.53142543159427,45.31997088234859,45.31997088234859,56586974,US_STOCKS
2020-08-11,NVDA,46.01614989448958,46.79248652924031,45.02766874179849,45.96039066175066,45.96039066175066,80693910,US_STOCKS
2020-08-12,NVDA,44.902746384120086,46.226965710267514,44.43612041200101,45.1104160457225,45.1104160457225,8628769,US_STOCKS
2020-08-13,NVDA,45.46069385083761,46.32554237993928,44.785646657412684,45.86564074052832,45.86564074052832,71060412,US_STOCKS
2020-08-14,NVDA,47.245450677276864,47.70325152300526,46.353959746799106,46.97430095307521,46.97430095307521,15597800,US_STOCKS
2020-08-17,NVDA,46.091333108347115,46.85246088964246,46.12732191403849,46.250255689845865,46.250255689845865,22840583,US_STOCKS
2020-08-18,NVDA,47.280334175703615,48.22905984045772,45.77434408866572,47.18763379159659,47.18763379159659,93378219,US_STOCKS
2020-08-19,NVDA,47.7601761273813,48.22623490789105,46.7154578663379,47.6243845297169,47.6243845297169,78779510,US_STOCKS
2020-08-20,NVDA,48.08514061548242,49.05086947694482,47.234232225462236,48.455011097569376,48.455011097569376,38999462,US_STOCKS
2020-08-21,NVDA,50.41401198160994,51.22932696798526,50.06304344779311,50.34164860915272,50.34164860915272,36861308,US_STOCKS
2020-08-24,NVDA,49.97895702993839,50.18433437144939,50.108532585711096,50.144925411588304,50.144925411588304,83338007,US_STOCKS
2020-08-25,NVDA,49.214765739303786,50.20755066888309,48.99608731374064,49.43914946216543,49.43914946216543,94127245,US_STOCKS
2020-08-26,NVDA,48.375044748232284,49.2356081838927,47.336374174368686,48.60905187492742,48.60905187492742,84351423,US_STOCKS
2020-08-27,NVDA,47.564053377341395,49.017090357534684,47.2066184230387,47.86454563756266,47.86454563756266,48813918,US_STOCKS
2020-08-28,NVDA,47.487925307198594,47.95427732812855,46.79389346654877,47.838601417420506,47.838601417420506,50149654,US_STOCKS
2020-08-31,NVDA,48.15195254042173,49.26799469350833,47.10561805063823,48.21284468575831,48.21284468575831,16731908,US_STOCKS
2020-09-01,NVDA,48.634838350356105,48.72491185385767,47.4339798245413,48.5278585411256,48.5278585411256,66038560,US_STOCKS
2020-09-02,NVDA,49.83016046484226,49.481367815141546,49.29469551327061,49.37921503360291,49.37921503360291,28936520,US_STOCKS
2020-09-03,NVDA,49.20580245533348,49.80776429802809,48.09723891265032,49.441434712934175,49.441434712934175,25705073,US_STOCKS
2020-09-04,NVDA,50.69588867817379,52.08841531897232,50.241039504937085,50.928172351223076,50.928172351223076,77894345,US_STOCKS
2020-09-07,NVDA,50.26872918329733,51.45126594034423,50.658394850472284,50.70953074723287,50.70953074723287,7202667,US_STOCKS
2020-09-08,NVDA,53.9540529229787,53.74257855140357,52.664171478154245,53.519010317797125,53.519010317797125,41698464,US_STOCKS
2020-09-09,NVDA,54.07662250087733,55.70650032624158,54.20671878087409,54.2422312729258,54.2422312729258,66715178,US_STOCKS
2020-09-10,NVDA,53.8611863583492,54.26341872165263,51.86674010824244,53.36659073594937,53.36659073594937,6173530,US_STOCKS
2020-09-11,NVDA,52.19205492564897,52.68496744392191,51.13080674947998,52.2769596933608,52.2769596933608,98148411,US_STOCKS
2020-09-14,NVDA,52.57641221543793,53.87055402918866,52.51969366219923,52.8336804731507,52.8336804731507,56967695,US_STOCKS
2020-09-15,NVDA,52.612407555046815,54.18568062664043,51.68921103480413,52.65038692567293,52.65038692567293,35601130,US_STOCKS
2020-09-16,NVDA,53.04231604661893,53.69743181490444,53.093556638386,53.45488535818001,53.45488535818001,25845699,US_STOCKS
2020-09-17,NVDA,54.39304296381748,54.92369880573084,53.166160045028974,54.01427750291331,54.01427750291331,12362118,US_STOCKS
2020-09-18,NVDA,54.37849183171256,55.160349753294604,53.880014092707,53.98961575844654,53.98961575844654,71075674,US_STOCKS
2020-09-21,NVDA,53.175507076373535,53.259504200017396,52.39876902628506,53.1292440249014,53.1292440249014,48984932,US_STOCKS
2020-09-22,NVDA,51.227981193834054,53.0358862700504,50.25765326895367,51.572719511710694,51.572719511710694,67233211,US_STOCKS
2020-09-23,NVDA,51.125150427044716,51.795756283334406,50.164545454962266,51.163732423607655,51.163732423607655,54997755,US_STOCKS
2020-09-24,NVDA,51.635192708234456,52.8921340907934,50.83103070686417,52.09122733124458,52.09122733124458,46464747,US_STOCKS
2020-09-25,NVDA,51.897118553553845,53.601602651449724,52.050025986968585,52.3663666764895,52.3663666764895,26603462,US_STOCKS
2020-09-28,NVDA,50.77127253419618,51.62039551881624,49.95361804116217,51.1140367697829,51.1140367697829,52419200,US_STOCKS
2020-09-29,NVDA,51.03914949493365,52.69428189930551,49.98740056053545,51.34219033078833,51.34219033078833,87187264,US_STOCKS
2020-09-30,NVDA,51.51864261615876,52.49027293449721,50.25883869547515,51.78919328607508,51.78919328607508,77429235,US_STOCKS
2020-10-01,NVDA,50.443912523947645,51.02511449425032,50.21671912631835,50.92549720734605,50.92549720734605,91012800,US_STOCKS
2020-10-02,NVDA,51.172572029096344,51.896632562070565,50.971197673974444,51.13299325362396,51.13299325362396,66021230,US_STOCKS
2020-10-05,NVDA,51.57376882509931,51.828477303835186,50.05129840798327,51.243653967029616,51.243653967029616,96483188,US_STOCKS
2020-10-06,NVDA,49.826532905611586,50.91043148601657,49.6917273650915,50.12349813226413,50.12349813226413,79492587,US_STOCKS
2020-10-07,NVDA,50.61071212570427,51.49429984636895,49.322679755973084,50.5322927121597,50.5322927121597,40201076,US_STOCKS
2020-10-08,NVDA,51.57421321115371,51.96750563518424,50.90719987823714,51.149579561569645,51.149579561569645,69894012,US_STOCKS
2020-10-09,NVDA,52.61548374703952,52.805763025665875,50.963543954626935,52.30868145577223,52.30868145577223,90708182,US_STOCKS
2020-10-12,NVDA,53.22490093844603,55.040923588392126,53.23776234181738,53.46345005437466,53.46345005437466,20999551,US_STOCKS
2020-10-13,NVDA,51.715131478629075,53.43961339062668,51.022257951702635,52.04381435552472,52.04381435552472,16058324,US_STOCKS
2020-10-14,NVDA,51.05868534737334,52.06331380700869,50.99169855900683,51.11969832437414,51.11969832437414,88359220,US_STOCKS
2020-10-15,NVDA,52.01129716157923,52.4809230746613,50.19744940600948,51.69738697242091,51.69738697242091,42358336,US_STOCKS
2020-10-16,NVDA,52.78650095409351,53.327884163399,51.28488781294138,52.28031218189937,52.28031218189937,17429534,US_STOCKS
2020-10-19,NVDA,53.27498861057327,53.54918545105925,52.61380566811976,52.871129570654176,52.871129570654176,2248144,US_STOCKS
2020-10-20,NVDA,57.06608506559871,57.899787189267,55.76791521742967,56.99796601709174,56.99796601709174,89135547,US_STOCKS
2020-10-21,NVDA,57.22034272212298,58.97210267998124,57.38131350446876,57.705755941668215,57.705755941668215,85959528,US_STOCKS
2020-10-22,NVDA,59.45100255616529,60.0324412504442,57.81532792938743,59.07403517137,59.07403517137,32120661,US_STOCKS
2020-10-23,NVDA,60.22549529230601,61.745605076277684,59.4299808975109,60.26024388114429,60.26024388114429,36422028,US_STOCKS
2020-10-26,NVDA,61.09849100483662,62.62388317037534,60.491071734196424,61.105564038340056,61.105564038340056,18202397,US_STOCKS
2020-10-27,NVDA,61.03910557765297,62.287498259117626,60.59786897087312,60.781375502024595,60.781375502024595,24747537,US_STOCKS
2020-10-28,NVDA,61.32251031019959,62.409496491147245,60.93030585717147,61.76478074123223,61.76478074123223,75133807,US_STOCKS
2020-10-29,NVDA,61.05589067013605,62.005790562190796,60.22838618143036,60.87187792342929,60.87187792342929,84303307,US_STOCKS
2020-10-30,NVDA,60.60961246307004,62.425755994321506,59.490722128528596,60.64443793496322,60.64443793496322,13500209,US_STOCKS
2020-11-02,NVDA,60.32821356381887,60.70271277904589,58.87860497128393,60.116390381853876,60.116390381853876,7894473,US_STOCKS
2020-11-03,NVDA,59.88301624826531,61.82233184725655,59.86414925856247,60.27494632674626,60.27494632674626,83867071,US_STOCKS
2020-11-04,NVDA,62.846873369714544,64.34300771638411,61.81098080311459,63.12553969049278,63.12553969049278,51752820,US_STOCKS
2020-11-05,NVDA,60.59435897769616,61.21928529252293,60.770654299001734,60.831222769630756,60.831222769630756,31090693,US_STOCKS
2020-11-06,NVDA,61.916060437376935,63.46453646272099,60.113670405894666,61.72697492277241,61.72697492277241,76840412,US_STOCKS
2020-11-09,NVDA,60.14271044226104,60.990678294860615,59.33080347634878,59.797740454925574,59.797740454925574,90812308,US_STOCKS
2020-11-10,NVDA,59.49559407084611,60.290037369993385,59.09570162341493,59.2931290109228,59.2931290109228,45258498,US_STOCKS
2020-11-11,NVDA,60.59568742857253,62.21667975082313,59.64924367086821,60.64376790458387,60.64376790458387,38659654,US_STOCKS
2020-11-12,NVDA,61.361996454106645,60.984271143455565,60.01187040880452,60.78237532366699,60.78237532366699,5160442,US_STOCKS
2020-11-13,NVDA,59.8186441872647,61.172675487091034,59.03285607732688,59.53299994708623,59.53299994708623,85975826,US_STOCKS
2020-11-16,NVDA,58.49674388053429,60.34583182132748,57.41219855359362,58.74084943332283,58.74084943332283,80685770,US_STOCKS
2020-11-17,NVDA,59.023476422615,61.3194402189166,58.29874927695487,59.59799326366409,59.59799326366409,31170358,US_STOCKS
2020-11-18,NVDA,59.174306183359086,59.28351734457502,57.24782552951955,58.787023544986084,58.787023544986084,12145458,US_STOCKS
2020-11-19,NVDA,59.341067779535834,60.05897311517702,58.929153180039684,59.10030969257647,59.10030969257647,24947488,US_STOCKS
2020-11-20,NVDA,58.63583310982905,60.04599480967358,58.67810910646148,59.213276199300566,59.213276199300566,60237390,US_STOCKS
2020-11-23,NVDA,58.2635865514474,59.027187081949606,57.196499265333664,58.500821648412995,58.500821648412995,5766140,US_STOCKS
2020-11-24,NVDA,61.559850282367755,62.629147972202745,59.844331956134624,61.0677722859372,61.0677722859372,59728935,US_STOCKS
2020-11-25,NVDA,62.38877517079469,62.24725577899534,61.756427476132856,61.903080508275956,61.903080508275956,24711506,US_STOCKS
2020-11-26,NVDA,59.80803142584226,59.519574760262955,58.41816111369216,59.45773229713215,59.45773229713215,99548314,US_STOCKS
2020-11-27,NVDA,60.16389100449109,60.67343100434317,59.62485788171575,59.7389130440934,59.7389130440934,83305977,US_STOCKS
2020-11-30,NVDA,59.12477428038616,59.21142273984482,58.84181405751657,59.007963875686364,59.007963875686364,91053055,US_STOCKS
2020-12-01,NVDA,60.27626622475356,61.567510801202154,58.488892518909786,60.07297894808378,60.07297894808378,57605462,US_STOCKS
2020-12-02,NVDA,59.201520099922604,59.945062356555866,58.61815504724735,59.180870294316115,59.180870294316115,44025000,US_STOCKS
2020-12-03,NVDA,59.427996132443866,60.171534051738796,57.521689602828495,59.104247115400746,59.104247115400746,44894621,US_STOCKS
2020-12-04,NVDA,59.888283304991916,60.89210287986248,58.699489414534916,59.76028922105604,59.76028922105604,70560743,US_STOCKS
2020-12-07,NVDA,60.53523642394737,61.790199061330675,60.664527724315164,60.85480512624185,60.85480512624185,39066621,US_STOCKS
2020-12-08,NVDA,59.440118817078144,60.61811942370427,57.75937530416885,59.454783852465944,59.454783852465944,60464455,US_STOCKS
2020-12-09,NVDA,59.40449298300439,60.014344755055795,57.99190462544769,59.116484662812276,59.116484662812276,8022289,US_STOCKS
2020-12-10,NVDA,58.326137074988786,59.25034956225863,57.783216598909476,58.61405920341666,58.61405920341666,5519225,US_STOCKS
2020-12-11,NVDA,57.48988673309704,58.38767051684896,56.21903757811226,57.90678769627211,57.90678769627211,33803353,US_STOCKS
2020-12-14,NVDA,59.987776080095124,60.362360933186544,58.90975507331866,60.00933016155721,60.00933016155721,28787638,US_STOCKS
2020-12-15,NVDA,60.200529523797755,61.493830873419476,60.545390940790455,60.55539311576773,60.55539311576773,1758739,US_STOCKS
2020-12-16,NVDA,58.75688383832374,59.15397676603397,58.89738840703317,59.088882038321046,59.088882038321046,34547204,US_STOCKS
2020-12-17,NVDA,60.59719057277522,61.266360327050776,59.30629911961699,60.232679646699026,60.232679646699026,30055393,US_STOCKS
2020-12-18,NVDA,63.39208444582324,63.59793983499388,62.68516363395877,62.84937541384411,62.84937541384411,62089585,US_STOCKS
2020-12-21,NVDA,63.7141118293431,64.8750242791168,63.2325927914727,64.21002072450058,64.21002072450058,87548029,US_STOCKS
2020-12-22,NVDA,62.31501126858877,63.63606256049472,60.46679384521603,62.323055205183266,62.323055205183266,14017422,US_STOCKS
2020-12-23,NVDA,61.50344948959468,62.51312792088918,60.99996020701725,61.78179932327896,61.78179932327896,41691086,US_STOCKS
2020-12-24,NVDA,63.925946431824066,64.76730548283206,62.25262187499162,63.40902213019171,63.40902213019171,31627899,US_STOCKS
2020-12-25,NVDA,62.98020210331276,64.36786530755057,61.033384628074565,62.57497857619625,62.57497857619625,1154945,US_STOCKS
2020-12-28,NVDA,63.36538559658898,63.28993531355844,62.704624237864024,63.19299337893144,63.19299337893144,6892945,US_STOCKS
2020-12-29,NVDA,64.36856172977308,65.55831279124841,64.01459112221085,64.23521526449947,64.23521526449947,39000049,US_STOCKS
2020-12-30,NVDA,63.053381842651255,63.80733170748455,62.87948729318897,63.10861891222312,63.10861891222312,42475831,US_STOCKS
2020-12-31,NVDA,63.413565868402635,63.23100652914483,62.94482369158333,63.096596270908975,63.096596270908975,36122357,US_STOCKS
2021-01-01,NVDA,59.59128388846856,60.254200369471775,57.86677462284174,59.069434131931466,59.069434131931466,36830079,US_STOCKS
2021-01-04,NVDA,58.02679708276875,57.935907029726565,56.8130554819158,57.91830359995619,57.91830359995619,91415407,US_STOCKS
2021-01-05,NVDA,57.81352850950242,59.19559938708967,56.430813155863916,57.68365552611476,57.68365552611476,12935283,US_STOCKS
2021-01-06,NVDA,56.754982231642686,56.414032528449,55.39990529693947,56.30180527684608,56.30180527684608,15071575,US_STOCKS
2021-01-07,NVDA,57.6279241574476,58.933085629928485,57.68115316726588,58.19626114943656,58.19626114943656,49114048,US_STOCKS
2021-01-08,NVDA,56.67725443453739,56.66413545365826,56.381057537799094,56.58987978833776,56.58987978833776,56305597,US_STOCKS
2021-01-11,NVDA,55.9723102433038,57.37668673623362,55.04967384871419,56.14842837605204,56.14842837605204,84714831,US_STOCKS
2021-01-12,NVDA,56.56833914697448,57.07821083395041,55.21371613726493,56.35139436321992,56.35139436321992,28262736,US_STOCKS
2021-01-13,NVDA,57.80730025570841,59.40569494092873,57.254901074307014,58.03210094752994,58.03210094752994,80039653,US_STOCKS
2021-01-14,NVDA,56.78745579484924,57.875214017485725,54.87201500030205,56.42361110239782,56.42361110239782,43667536,US_STOCKS
2021-01-15,NVDA,57.58326942873824,58.802036647065925,57.14910175144501,57.79263269750016,57.79263269750016,60506342,US_STOCKS
2021-01-18,NVDA,58.100166465876235,59.057233206304865,57.21207902090873,57.86225324093518,57.86225324093518,17519159,US_STOCKS
2021-01-19,NVDA,56.70537263639905,57.02718258066734,55.2679641551536,56.78426945167401,56.78426945167401,35241868,US_STOCKS
2021-01-20,NVDA,56.969413624380934,57.409652862415484,56.2544132281469,57.36585788506808,57.36585788506808,64053329,US_STOCKS
2021-01-21,NVDA,57.46781982388314,57.775637518981654,56.94313540860686,57.65160834709141,57.65160834709141,31810532,US_STOCKS
2021-01-22,NVDA,57.21916901439313,58.05338551655898,56.393547286287976,57.01719058893304,57.01719058893304,22571362,US_STOCKS
2021-01-25,NVDA,57.71166841531793,57.93224377474913,55.973681387587746,57.15380615518959,57.15380615518959,14914743,US_STOCKS
2021-01-26,NVDA,56.75415558480121,56.8174154037251,55.90966873507882,56.770517188864865,56.770517188864865,96437723,US_STOCKS
2021-01-27,NVDA,56.82427361625633,57.022808387270175,56.90328276933527,56.956176474050146,56.956176474050146,39410689,US_STOCKS
2021-01-28,NVDA,57.37459189903185,57.8078509650316,56.45684687644348,57.76738128146225,57.76738128146225,46393777,US_STOCKS
2021-01-29,NVDA,59.40608661683088,61.268452134820905,59.44969245273367,59.65754942548529,59.65754942548529,95635964,US_STOCKS
2021-02-01,NVDA,58.02361348206753,59.79253324573072,57.186838856675614,58.24030618889289,58.24030618889289,82844028,US_STOCKS
2021-02-02,NVDA,61.3715134050579,61.30902227476247,59.03049251707362,60.78311683210394,60.78311683210394,39558707,US_STOCKS
2021-02-03,NVDA,58.33693607626958,59.06790172973651,57.52112392514996,58.470820333238024,58.470820333238024,16260359,US_STOCKS
2021-02-04,NVDA,58.414474400693685,59.30007455588664,57.018041109242574,58.35179117314948,58.35179117314948,83531346,US_STOCKS
2021-02-05,NVDA,59.0263357907929,59.63273741405228,58.63695488594958,59.0967302198498,59.0967302198498,20267759,US_STOCKS
2021-02-08,NVDA,58.9616482718081,60.09908671652512,59.00564659946124,59.48794096209983,59.48794096209983,96675321,US_STOCKS
2021-02-09,NVDA,58.87443981636975,59.41923176794985,57.78250745750493,58.80656665761762,58.80656665761762,14780473,US_STOCKS
2021-02-10,NVDA,58.55499035116894,59.72190096398962,57.76080968352821,58.62059412450387,58.62059412450387,40776101,US_STOCKS
2021-02-11,NVDA,58.67507838887405,59.63563527115975,57.014595264676586,58.101214564755644,58.101214564755644,57368358,US_STOCKS
2021-02-12,NVDA,57.613157532814846,57.82156875365143,56.793149767285996,57.47445961531798,57.47445961531798,4906493,US_STOCKS
2021-02-15,NVDA,58.47992718911831,59.4616898117432,58.108783349773034,58.508542503219786,58.508542503219786,96438855,US_STOCKS
2021-02-16,NVDA,59.467852292220634,60.2626848266238,58.04096872920992,58.98482016042087,58.98482016042087,87126946,US_STOCKS
2021-02-17,NVDA,57.796266468744754,59.607237781542075,58.00834609134889,58.22638202330369,58.22638202330369,79626855,US_STOCKS
2021-02-18,NVDA,59.06613317818956,60.893409194645855,57.65185400536715,59.332217325628854,59.332217325628854,15730800,US_STOCKS
2021-02-19,NVDA,59.71159749834714,61.51480726183275,58.88960696997287,59.75620478208874,59.75620478208874,86491204,US_STOCKS
2021-02-22,NVDA,60.89530731904841,61.47189233021719,60.26627063729756,60.787432091529695,60.787432091529695,21119086,US_STOCKS
2021-02-23,NVDA,61.936296984818775,62.32817554106593,60.66864289909484,61.61368993304722,61.61368993304722,49740222,US_STOCKS
2021-02-24,NVDA,60.74750005759345,62.2287699101233,58.869189081988935,60.65375479180035,60.65375479180035,41350836,US_STOCKS
2021-02-25,NVDA,60.428117975340434,61.41181660885862,59.001914850037664,60.03486687756969,60.03486687756969,95648667,US_STOCKS
2021-02-26,NVDA,60.62680097005376,61.19210304219247,59.429625249753656,60.99217518648794,60.99217518648794,44475831,US_STOCKS
2021-03-01,NVDA,62.22656127159115,63.453451813407035,61.68193145168337,61.79772356483325,61.79772356483325,88463011,US_STOCKS
2021-03-02,NVDA,61.76977540189871,62.780545565992895,60.67135209730459,61.83368786988087,61.83368786988087,92711878,US_STOCKS
2021-03-03,NVDA,61.443930567133776,62.928127146948,60.760616253371566,62.040617253712846,62.040617253712846,72547988,US_STOCKS
2021-03-04,NVDA,63.933240357472854,63.94485738317545,63.1159630573481,63.68800024652885,63.68800024652885,36512837,US_STOCKS
2021-03-05,NVDA,63.381748000365754,63.52500911210745,62.59994746853395,62.998168271615064,62.998168271615064,95787353,US_STOCKS
2021-03-08,NVDA,63.12428498172992,65.6588361249268,62.45605843247227,63.75048909748489,63.75048909748489,83018460,US_STOCKS
2021-03-09,NVDA,63.29537676850476,63.58373682032368,62.14955113960163,63.556441976890795,63.556441976890795,83580315,US_STOCKS
2021-03-10,NVDA,63.64794858728587,63.61475581128664,61.91155929145236,63.34329756362027,63.34329756362027,77123355,US_STOCKS
2021-03-11,NVDA,65.00410805120457,66.2879420471631,63.15420698034736,64.79864384301274,64.79864384301274,61746807,US_STOCKS
2021-03-12,NVDA,65.39066786549279,66.89768495454338,65.77956970778588,65.93315968726125,65.93315968726125,41346760,US_STOCKS
2021-03-15,NVDA,66.94722729133265,67.20466010899919,66.36995703068973,67.07183806169962,67.07183806169962,11988811,US_STOCKS
2021-03-16,NVDA,69.31481441896112,70.84871762126758,68.74067042739574,68.89012716269005,68.89012716269005,95556405,US_STOCKS
2021-03-17,NVDA,69.01910670530289,69.60794915448697,68.82887971124984,68.98795643627244,68.98795643627244,50561802,US_STOCKS
2021-03-18,NVDA,70.41018447694684,71.482711760595,69.8924038077014,69.9978752302144,69.9978752302144,8217281,US_STOCKS
2021-03-19,NVDA,69.49824734072148,70.25037626330825,69.14806072888412,69.63351283112237,69.63351283112237,28819445,US_STOCKS
2021-03-22,NVDA,70.58041740982902,72.11029194228512,69.3020086177947,70.15460318126195,70.15460318126195,90704989,US_STOCKS
2021-03-23,NVDA,69.79209858214783,71.04327529647749,69.56720835407562,70.04215509772396,70.04215509772396,64407128,US_STOCKS
2021-03-24,NVDA,70.92102339184025,71.51990020017801,69.49400088016901,70.24807338129914,70.24807338129914,65133927,US_STOCKS
2021-03-25,NVDA,70.61787637509755,73.05145676225175,70.0805936217361,71.1544941426062,71.1544941426062,45485624,US_STOCKS
2021-03-26,NVDA,70.18156294365168,71.37444115760795,69.91038598570884,70.0612470604989,70.0612470604989,68579104,US_STOCKS
2021-03-29,NVDA,72.68610752991458,74.62812375441388,71.26030248501368,73.06321354492027,73.06321354492027,80591892,US_STOCKS
2021-03-30,NVDA,71.74147042006435,72.78457779341237,71.35903810276542,71.6662195029769,71.6662195029769,77759268,US_STOCKS
2021-03-31,NVDA,69.67754385945383,71.04058359303865,69.4006047870247,69.99755956963867,69.99755956963867,14249007,US_STOCKS
2021-04-01,NVDA,71.87461268740292,71.80570586866476,70.0787702186994,71.68885582632966,71.68885582632966,32441092,US_STOCKS
2021-04-02,NVDA,72.1668527819815,74.01338468747052,72.79315357964876,72.89561253676786,72.89561253676786,28340786,US_STOCKS
2021-04-05,NVDA,74.18424199423593,74.0173623825302,72.01815002477178,73.87842007651166,73.87842007651166,1378172,US_STOCKS
2021-04-06,NVDA,74.50156173714447,76.54510488529377,74.17024585187669,74.8807219663205,74.8807219663205,11087346,US_STOCKS
2021-04-07,NVDA,74.7277879962392,75.54513771870819,73.04274607281542,74.93726174443613,74.93726174443613,32021443,US_STOCKS
2021-04-08,NVDA,74.09314162203111,75.63850151199145,72.70869668775538,73.66744329243309,73.66744329243309,91084371,US_STOCKS
2021-04-09,NVDA,73.67158919771678,75.98879393166867,73.65496886090428,73.85279729556642,73.85279729556642,69014907,US_STOCKS
2021-04-12,NVDA,72.91742195984085,73.77453983180413,71.54220153187535,72.92644436052953,72.92644436052953,70681852,US_STOCKS
2021-04-13,NVDA,73.68388942466446,74.79435863987247,72.82963002817027,74.42161110456895,74.42161110456895,66972155,US_STOCKS
2021-04-14,NVDA,74.96948135868011,75.97297926271224,72.15852722329838,74.27714777054935,74.27714777054935,70551509,US_STOCKS
2021-04-15,NVDA,72.82976427014026,73.35625802946691,71.40998461357084,73.12511337291326,73.12511337291326,64770772,US_STOCKS
2021-04-16,NVDA,72.0710185039955,73.51378575139319,70.64062079920996,72.72821096413969,72.72821096413969,50539713,US_STOCKS
2021-04-19,NVDA,73.30281874683573,74.40945064342208,72.9416048687154,73.40157449350957,73.40157449350957,37502009,US_STOCKS
2021-04-20,NVDA,72.45825607574459,72.76151437244424,70.9745566510295,72.64741067287386,72.64741067287386,42233938,US_STOCKS
2021-04-21,NVDA,71.98629542724318,73.35005922440273,71.07052555017768,71.52541442874019,71.52541442874019,66077994,US_STOCKS
2021-04-22,NVDA,71.90565240966654,73.84523687830527,71.47988905230513,71.94553641902779,71.94553641902779,68103506,US_STOCKS
2021-04-23,NVDA,72.5259273333047,73.01109572816432,72.07339289609844,72.36996698270976,72.36996698270976,65512336,US_STOCKS
2021-04-26,NVDA,72.05077746760237,72.38758346454823,70.32138667167037,71.7085877324181,71.7085877324181,40117959,US_STOCKS
2021-04-27,NVDA,71.40794691457663,71.52970103540493,69.20579112443754,71.10474648687529,71.10474648687529,29453550,US_STOCKS
2021-04-28,NVDA,71.31676677074363,71.63046570206409,71.26663501268033,71.50584827272436,71.50584827272436,52070328,US_STOCKS
2021-04-29,NVDA,69.18334809713583,71.24856142466348,69.47578558969701,69.50642413681277,69.50642413681277,38530310,US_STOCKS
2021-04-30,NVDA,67.39940323014095,67.65858274950187,67.36708367716668,67.61937507976926,67.61937507976926,41950624,US_STOCKS
2021-05-03,NVDA,66.7058586303086,67.52454978654511,65.65272820873732,66.71537946943381,66.71537946943381,59918035,US_STOCKS
2021-05-04,NVDA,65.84551593186306,67.4231228162826,64.57518802128547,66.49729069444072,66.49729069444072,52384195,US_STOCKS
2021-05-05,NVDA,67.21510415730754,67.60391197168008,65.42208312472862,66.9772782005086,66.9772782005086,77519226,US_STOCKS
2021-05-06,NVDA,69.04995965815901,71.0415130429124,68.76059596165945,69.02056235445869,69.02056235445869,2677818,US_STOCKS
2021-05-07,NVDA,70.65320520064944,71.97515538953834,70.02008440408594,70.27350590685548,70.27350590685548,27292700,US_STOCKS
2021-05-10,NVDA,69.44241576231246,70.73598569972243,68.4926327547415,70.11899058815997,70.11899058815997,52278092,US_STOCKS
2021-05-11,NVDA,69.94928195112755,70.94490573013239,70.15959242213148,70.16244163268911,70.16244163268911,30680252,US_STOCKS
2021-05-12,NVDA,69.02740873221937,70.83729744506172,67.07681659144008,68.82580591369265,68.82580591369265,3335901,US_STOCKS
2021-05-13,NVDA,69.41811867563295,70.48729431478107,67.25683292492111,68.86914808951302,68.86914808951302,46341580,US_STOCKS
2021-05-14,NVDA,68.40060853776424,69.16328291899231,68.40534114245925,68.54042374658037,68.54042374658037,23595300,US_STOCKS
2021-05-17,NVDA,68.70140228855308,70.05413475573506,67.50298815912812,69.05134950785613,69.05134950785613,47907173,US_STOCKS
2021-05-18,NVDA,67.37683583924125,69.93123086258942,66.05543795932157,67.97797259722509,67.97797259722509,78733764,US_STOCKS
2021-05-19,NVDA,69.42762887445197,69.87506105199556,66.76626458952745,68.75203303209332,68.75203303209332,8484899,US_STOCKS
2021-05-20,NVDA,70.73782249869306,71.40794112702442,70.5116597879786,70.92836339265199,70.92836339265199,14939491,US_STOCKS
2021-05-21,NVDA,71.01845607813267,72.50559076699729,69.61592152445836,70.84500816939689,70.84500816939689,15549308,US_STOCKS
2021-05-24,NVDA,71.9298524761941,72.8488759855879,70.6525973678794,71.48503858224315,71.48503858224315,67738899,US_STOCKS
2021-05-25,NVDA,72.19487768559331,73.29446367927031,70.54650161428656,72.54322301832083,72.54322301832083,29759946,US_STOCKS
2021-05-26,NVDA,71.99041262632979,73.95725316462911,70.50425716261687,72.03364971790856,72.03364971790856,7158119,US_STOCKS
2021-05-27,NVDA,71.91762093230429,72.44556600056121,71.05762527014626,72.42852735440944,72.42852735440944,45319669,US_STOCKS
2021-05-28,NVDA,71.98875498095265,74.60325525584454,71.36688192892254,72.51919686265347,72.51919686265347,24947436,US_STOCKS
2021-05-31,NVDA,72.73426189935509,74.21631650099657,72.56702981462277,72.73338390390491,72.73338390390491,28195677,US_STOCKS
2021-06-01,NVDA,72.12172076692615,72.67013096134943,70.50625848156527,71.68164494039613,71.68164494039613,43848784,US_STOCKS
2021-06-02,NVDA,71.13361071580901,72.14543284641364,70.82892266497107,71.78846517750966,71.78846517750966,21709361,US_STOCKS
2021-06-03,NVDA,71.92205648374421,74.41210722289559,70.43895508840677,72.57526430247785,72.57526430247785,79521144,US_STOCKS
2021-06-04,NVDA,75.28312023413532,75.29684625883658,72.59985566615151,74.75418218431186,74.75418218431186,20495644,US_STOCKS
2021-06-07,NVDA,76.9516754630071,78.53916737790756,74.63478029766196,76.26312648844154,76.26312648844154,98133229,US_STOCKS
2021-06-08,NVDA,79.73429823075202,80.24352734497998,78.57970311788846,79.62355813712793,79.62355813712793,59762532,US_STOCKS
2021-06-09,NVDA,77.81110137912027,79.94647026896624,76.17108232500058,78.48120282956505,78.48120282956505,19820657,US_STOCKS
2021-06-10,NVDA,80.39663560166731,82.10592003187428,77.66602859605251,79.92889948885244,79.92889948885244,96053424,US_STOCKS
2021-06-11,NVDA,80.33637988495697,82.65630577658595,78.4775110895089,80.30191488331619,80.30191488331619,17005472,US_STOCKS
2021-06-14,NVDA,83.86036295657246,85.70714486769154,83.27657509719015,83.89912417328912,83.89912417328912,64420903,US_STOCKS
2021-06-15,NVDA,82.90202593235549,83.03001328400042,81.22597867637664,82.62671293322104,82.62671293322104,77391064,US_STOCKS
2021-06-16,NVDA,81.3198744061064,81.35119790444885,81.29961983206375,81.32167053420174,81.32167053420174,36345905,US_STOCKS
2021-06-17,NVDA,81.11367973347998,80.97988128406593,78.89749961368038,80.42811998006749,80.42811998006749,22985511,US_STOCKS
2021-06-18,NVDA,76.81717249295382,79.05345040988072,75.40644488083112,77.09212929724873,77.09212929724873,10444528,US_STOCKS
2021-06-21,NVDA,76.24970568147701,76.42541080497303,75.25698713896212,76.35858994434416,76.35858994434416,66580967,US_STOCKS
2021-06-22,NVDA,74.70127349181436,75.92800235053117,74.37720055230986,75.27562254194976,75.27562254194976,92033571,US_STOCKS
2021-06-23,NVDA,76.32289570451624,75.67914614818177,73.85186975020571,75.57731788256046,75.57731788256046,37800682,US_STOCKS
2021-06-24,NVDA,76.0056471304936,77.89303421630095,74.07079342042181,76.16947520083453,76.16947520083453,95141930,US_STOCKS
2021-06-25,NVDA,79.22579740743406,79.95127268779878,77.23484026542381,79.10378364023903,79.10378364023903,25849136,US_STOCKS
2021-06-28,NVDA,80.78992807793801,81.55450340938565,79.09709137511173,80.68652985712717,80.68652985712717,24799492,US_STOCKS
2021-06-29,NVDA,79.34380805679615,82.03551224563508,79.5924205798709,79.83624930623849,79.83624930623849,51089832,US_STOCKS
2021-06-30,NVDA,78.04340619607171,78.57322293461894,78.39676000567916,78.48156440190172,78.48156440190172,18346955,US_STOCKS
2021-07-01,NVDA,79.91411150778117,80.00446730640326,77.07011781489697,79.332177689086,79.332177689086,58580607,US_STOCKS
2021-07-02,NVDA,77.21875463669339,78.66228821591233,76.11828684749935,77.3167703593672,77.3167703593672,76118849,US_STOCKS
2021-07-05,NVDA,79.87714665943696,81.07585273516791,78.07424471494647,80.22613666617079,80.22613666617079,94699194,US_STOCKS
2021-07-06,NVDA,82.84415760383945,83.23314495832061,80.2744480216914,82.19880128912799,82.19880128912799,48157237,US_STOCKS
2021-07-07,NVDA,81.5056760488665,82.01018891254562,80.06420119431965,81.50968656647608,81.50968656647608,19427453,US_STOCKS
2021-07-08,NVDA,78.53300625289624,80.8197068508979,78.30893746726942,78.79845508279446,78.79845508279446,8044670,US_STOCKS
2021-07-09,NVDA,80.31261278526881,83.29732899964462,79.77893191838544,81.01091456714745,81.01091456714745,41531795,US_STOCKS
2021-07-12,NVDA,81.40938692968976,82.93505457915613,80.10005505015235,80.90634592934872,80.90634592934872,69668187,US_STOCKS
2021-07-13,NVDA,83.44020688342232,84.62008383772229,82.61276902006662,82.99019616994838,82.99019616994838,87712425,US_STOCKS
2021-07-14,NVDA,80.48963403814342,81.10829925122697,79.40075746528579,80.42674908247561,80.42674908247561,4719537,US_STOCKS
2021-07-15,NVDA,78.95104787180077,81.36987807649813,79.54303237608858,79.54306014000996,79.54306014000996,42240017,US_STOCKS
2021-07-16,NVDA,79.6667953385195,79.76146291374238,77.3063311825029,79.63094519859077,79.63094519859077,23386407,US_STOCKS
2021-07-19,NVDA,79.47295666260952,80.51290355778887,79.23388177050269,79.7853983255389,79.7853983255389,1145908,US_STOCKS
2021-07-20,NVDA,79.51004976284909,81.44269859811085,78.61444590416016,79.14701066557357,79.14701066557357,66641671,US_STOCKS
2021-07-21,NVDA,80.60015208908416,82.25371111486405,79.19509272153674,80.21209188101034,80.21209188101034,30990159,US_STOCKS
2021-07-22,NVDA,78.30501790439781,80.25950722086584,76.65411692642203,78.57958261337774,78.57958261337774,18979782,US_STOCKS
2021-07-23,NVDA,78.23194649463518,80.55669392512077,76.53622412502509,78.4343997858775,78.4343997858775,98500981,US_STOCKS
2021-07-26,NVDA,79.10173509319083,79.62989254019924,77.30701727669478,78.7015404990671,78.7015404990671,66440411,US_STOCKS
2021-07-27,NVDA,78.91897071235478,80.89007975215257,77.89633959948496,79.5899846142255,79.5899846142255,17564809,US_STOCKS
2021-07-28,NVDA,81.25583683599498,82.21742884489635,78.49407097557331,80.8023229428067,80.8023229428067,5199807,US_STOCKS
2021-07-29,NVDA,78.69455855975967,80.49251887524888,78.36222031666149,79.06565139575437,79.06565139575437,71727992,US_STOCKS
2021-07-30,NVDA,77.11621382406321,76.9547493821207,75.53613335079392,76.71880232265673,76.71880232265673,51380165,US_STOCKS
2021-08-02,NVDA,78.55005947262467,80.96015956981867,76.80082625050977,78.75595783560883,78.75595783560883,70023728,US_STOCKS
2021-08-03,NVDA,79.69831925716485,80.45737610144126,77.16549537549812,79.35814795975736,79.35814795975736,69764947,US_STOCKS
2021-08-04,NVDA,78.60788923799198,80.27234340337888,77.6061567605222,78.24953600143829,78.24953600143829,80900019,US_STOCKS
2021-08-05,NVDA,80.26310510757546,81.5919700216559,79.94225405547252,80.75532398448676,80.75532398448676,97874021,US_STOCKS
2021-08-06,NVDA,81.60065980029783,82.72723075678572,79.25565860677587,81.02290615985338,81.02290615985338,56645206,US_STOCKS
2021-08-09,NVDA,83.7572347831299,84.25083734799313,82.06727122737212,83.01493076759289,83.01493076759289,17140498,US_STOCKS
2021-08-10,NVDA,83.68635025244687,85.04343995261748,82.25058052025715,83.21004653955633,83.21004653955633,3494147,US_STOCKS
2021-08-11,NVDA,87.31073084611873,86.75246117032961,84.89195168910133,86.72275520081037,86.72275520081037,97055453,US_STOCKS
2021-08-12,NVDA,89.74201021188624,90.4874371161882,87.95397264722331,89.85403783947491,89.85403783947491,81895686,US_STOCKS
2021-08-13,NVDA,89.57959019700597,92.0928708848368,89.35775813056206,89.49648319695216,89.49648319695216,50974764,US_STOCKS
2021-08-16,NVDA,91.72402958266842,93.68844318088787,90.83390765761298,91.32502334588378,91.32502334588378,80200344,US_STOCKS
2021-08-17,NVDA,92.69273621077163,93.69669600889243,92.22924274518265,92.59512784248437,92.59512784248437,86664280,US_STOCKS
2021-08-18,NVDA,94.56959061588266,96.10725658095068,94.39373121268244,95.22229525110617,95.22229525110617,87269989,US_STOCKS
2021-08-19,NVDA,93.80275809254867,95.71408328843849,92.7774617920056,93.47987301319574,93.47987301319574,62862535,US_STOCKS
2021-08-20,NVDA,94.99210368286278,97.22596152399336,92.27755931870618,94.85599295343238,94.85599295343238,2203520,US_STOCKS
2021-08-23,NVDA,97.29626233484407,97.10958517708178,95.3623066174041,96.95880705971271,96.95880705971271,29475640,US_STOCKS
2021-08-24,NVDA,93.28337110377261,94.63684694316316,91.89982742427756,93.64526021612448,93.64526021612448,34070946,US_STOCKS
2021-08-25,NVDA,91.94871970434764,92.63347850997066,91.33509821386305,91.52277444990999,91.52277444990999,78592224,US_STOCKS
2021-08-26,NVDA,87.50501558039333,89.02254052125946,86.07443688131265,87.88157349123718,87.88157349123718,33913159,US_STOCKS
2021-08-27,NVDA,86.71999806323791,88.47743430700179,85.01687471978217,87.49593713432279,87.49593713432279,64531705,US_STOCKS
2021-08-30,NVDA,89.14375468811961,90.52421453918717,88.30872539450098,88.83907371354398,88.83907371354398,42415052,US_STOCKS
2021-08-31,NVDA,92.0569809893321,91.87583739421534,90.83375626789345,91.59727296516196,91.59727296516196,28355591,US_STOCKS
2021-09-01,NVDA,91.69976112839889,94.5252670897869,91.63865598836269,91.82460783467519,91.82460783467519,52351398,US_STOCKS
2021-09-02,NVDA,94.29875900945045,97.67110292126961,94.58477198165662,94.90737211822066,94.90737211822066,40956499,US_STOCKS
2021-09-03,NVDA,92.82217231188578,94.3353014524222,91.2110597692386,92.38264343722489,92.38264343722489,35305892,US_STOCKS
2021-09-06,NVDA,89.14484547892992,90.0359828808572,88.77750864511086,89.32776663001856,89.32776663001856,48820930,US_STOCKS
2021-09-07,NVDA,88.90437398905038,90.0881191411674,87.5580540664647,89.31785535897114,89.31785535897114,96885195,US_STOCKS
2021-09-08,NVDA,90.2799915056597,90.30131117270616,89.88896405324513,90.09325125866489,90.09325125866489,95190898,US_STOCKS
2021-09-09,NVDA,89.75905193513078,90.37335753435065,88.5047763743033,90.12443298682597,90.12443298682597,62741229,US_STOCKS
2021-09-10,NVDA,86.74489422642424,87.18182860959153,86.44880968666817,86.48801647982906,86.48801647982906,96536521,US_STOCKS
2021-09-13,NVDA,85.98978999284208,88.17302100330741,84.58833220555178,86.42034818738757,86.42034818738757,61390734,US_STOCKS
2021-09-14,NVDA,83.93685541450755,84.93732734420293,82.74146987167363,84.25211436690583,84.25211436690583,86743467,US_STOCKS
2021-09-15,NVDA,86.22839315849154,85.7363295743889,85.06782118472888,85.46479304472085,85.46479304472085,94528889,US_STOCKS
2021-09-16,NVDA,86.58456007497405,88.45969236050982,85.65301524012308,86.17688270243006,86.17688270243006,59171001,US_STOCKS
2021-09-17,NVDA,84.98364312567858,86.37014557740497,83.60672414484449,84.64314138311815,84.64314138311815,2524094,US_STOCKS
2021-09-20,NVDA,83.99695838540048,84.49461506404388,82.72515734816913,83.85787832177654,83.85787832177654,95800520,US_STOCKS
2021-09-21,NVDA,81.99935242324338,84.23534395547274,81.70052354409718,82.16526822739144,82.16526822739144,67573589,US_STOCKS
2021-09-22,NVDA,82.92810191118642,82.39553112753306,82.12392949081958,82.1444325988248,82.1444325988248,43924696,US_STOCKS
2021-09-23,NVDA,83.1130442882616,85.67711278492635,81.49671023952976,83.79576951079761,83.79576951079761,43968076,US_STOCKS
2021-09-24,NVDA,81.83076071319601,83.29916973220544,80.44295110652024,82.22757182871796,82.22757182871796,1896361,US_STOCKS
2021-09-27,NVDA,83.28747164300675,84.66837857249503,81.5482320956664,83.13872982174185,83.13872982174185,24960185,US_STOCKS
2021-09-28,NVDA,82.69267240532568,82.565925368853,81.84793105481626,82.34016965416785,82.34016965416785,87869534,US_STOCKS
2021-09-29,NVDA,81.50409333465602,81.1502540157503,80.51237949930588,81.11680415336878,81.11680415336878,22226241,US_STOCKS
2021-09-30,NVDA,80.65287668956918,81.62603231984279,80.87229729650653,81.02428174258418,81.02428174258418,46435111,US_STOCKS
2021-10-01,NVDA,79.79742045442316,80.87345006957982,77.82437102505925,79.42771071225569,79.42771071225569,9033768,US_STOCKS
2021-10-04,NVDA,79.33762943447421,80.60549541897504,76.7285660187187,78.62763648574479,78.62763648574479,82475396,US_STOCKS
2021-10-05,NVDA,77.4873763612163,78.07686710172638,76.36095278469023,76.82253797237482,76.82253797237482,62061577,US_STOCKS
2021-10-06,NVDA,80.3062763077037,81.68725181550062,78.6678680393883,79.91806393292215,79.91806393292215,7777413,US_STOCKS
2021-10-07,NVDA,79.84798650471403,82.26568694969069,78.65071563752161,80.05434589287465,80.05434589287465,54294862,US_STOCKS
2021-10-08,NVDA,78.64880234887214,79.8874584424958,76.89173048638281,79.01407888182939,79.01407888182939,66979841,US_STOCKS
2021-10-11,NVDA,79.88779163798439,80.51391810196532,77.92940189936549,79.43124147162884,79.43124147162884,25589977,US_STOCKS
2021-10-12,NVDA,79.65821888305571,80.34990254828516,78.27898196594151,79.33222558431989,79.33222558431989,65282910,US_STOCKS
2021-10-13,NVDA,79.75081288193432,79.21276969923042,77.10480790380498,79.06095760755527,79.06095760755527,29945927,US_STOCKS
2021-10-14,NVDA,80.0212971732418,80.16381577340906,79.38763628248867,80.11115071388492,80.11115071388492,50760493,US_STOCKS
2021-10-15,NVDA,80.68236879412937,82.60428697008845,79.14081609281878,81.4049581511294,81.4049581511294,11433928,US_STOCKS
2021-10-18,NVDA,81.04905290469381,81.61351767038042,79.03799931151502,80.6226546348733,80.6226546348733,26763423,US_STOCKS
2021-10-19,NVDA,79.23151867126273,80.15882356279714,79.60609296611707,79.77479738654904,79.77479738654904,19379023,US_STOCKS
2021-10-20,NVDA,79.67656035696278,81.516331378374,77.47609678786107,79.41572831571362,79.41572831571362,68828296,US_STOCKS
2021-10-21,NVDA,75.24808020989565,76.49691946192429,75.13410610597997,75.83896912757268,75.83896912757268,25745737,US_STOCKS
2021-10-22,NVDA,73.6386908451626,74.79936702234795,72.82841559695169,73.61659753293127,73.61659753293127,36025126,US_STOCKS
2021-10-25,NVDA,76.2001577487858,77.49525493891745,75.00367745907661,75.70270678695586,75.70270678695586,91465055,US_STOCKS
2021-10-26,NVDA,78.97780705066894,79.0361938248475,77.43676529024685,78.26897966352676,78.26897966352676,51057781,US_STOCKS
2021-10-27,NVDA,78.6451854536231,80.00688058030843,77.7175347191847,77.95741270887983,77.95741270887983,39880343,US_STOCKS
2021-10-28,NVDA,79.01856426246924,80.12574030911712,78.47523449109887,78.93430790397105,78.93430790397105,86022860,US_STOCKS
2021-10-29,NVDA,79.78596067622972,81.5031358421638,77.456336987268,79.50460852255297,79.50460852255297,75087229,US_STOCKS
2021-11-01,NVDA,84.37710785222863,86.02718374965801,84.07338819157196,84.47981739835222,84.47981739835222,67690896,US_STOCKS
2021-11-02,NVDA,85.90131775589838,88.25580854941448,85.86042324332838,86.45592689738596,86.45592689738596,12637578,US_STOCKS
2021-11-03,NVDA,85.74333726854935,86.32635705049368,84.45992419649116,86.32119814552435,86.32119814552435,73507703,US_STOCKS
2021-11-04,NVDA,84.7831658025531,85.1681543590302,84.54539484573664,84.75785142948725,84.75785142948725,2893767,US_STOCKS
2021-11-05,NVDA,81.57045912298854,84.31412698606704,81.52438447344763,82.11943051007998,82.11943051007998,36072861,US_STOCKS
2021-11-08,NVDA,81.88425443615138,83.0862987856639,81.25007914265127,82.5357162987286,82.5357162987286,61167515,US_STOCKS
2021-11-09,NVDA,80.9553207201957,81.51066251578231,80.41518579962064,81.36973300432498,81.36973300432498,24186133,US_STOCKS
2021-11-10,NVDA,78.69266403163402,81.41534112328445,77.67337810235531,79.13653464504183,79.13653464504183,56130965,US_STOCKS
2021-11-11,NVDA,78.06060562872804,79.19852501359259,76.92348190912017,78.19232043059881,78.19232043059881,69946550,US_STOCKS
2021-11-12,NVDA,76.88874126489931,76.9735829323111,75.43019168928369,76.57913778983558,76.57913778983558,41783851,US_STOCKS
2021-11-15,NVDA,79.82692297894073,80.74071760372466,77.9738498652893,79.23971396248923,79.23971396248923,12424069,US_STOCKS
2021-11-16,NVDA,80.88670503907382,80.99997883553083,79.8996306079203,80.71617131962438,80.71617131962438,15141354,US_STOCKS
2021-11-17,NVDA,81.09434668489195,81.28387329783791,79.83433784052481,80.78401706929637,80.78401706929637,89671802,US_STOCKS
2021-11-18,NVDA,82.76356952071589,84.52425103687513,82.20871232996323,83.2559177379196,83.2559177379196,2794280,US_STOCKS
2021-11-19,NVDA,83.95671973538953,83.64089475821035,82.280447487206,83.46800104479816,83.46800104479816,56507151,US_STOCKS
2021-11-22,NVDA,82.32458700154048,83.81005786071525,81.48976184309089,82.11367563351624,82.11367563351624,1987898,US_STOCKS
2021-11-23,NVDA,85.07567658007252,86.05823367005416,82.5726713988886,84.69717563776015,84.69717563776015,82317447,US_STOCKS
2021-11-24,NVDA,86.28318102929899,86.9418580413658,84.83704986672036,85.69475598585615,85.69475598585615,79364262,US_STOCKS
2021-11-25,NVDA,83.92089108065561,84.46500892172516,81.84811533456842,84.00271961999654,84.00271961999654,88373427,US_STOCKS
2021-11-26,NVDA,83.71050043271231,83.95717704975574,82.79233282833226,83.76694300745858,83.76694300745858,80550228,US_STOCKS
2021-11-29,NVDA,83.04574570780535,82.88663810666772,82.21822653927164,82.3837526639146,82.3837526639146,87857694,US_STOCKS
2021-11-30,NVDA,80.01036445436576,81.49100928319861,77.85892174525509,80.18773179618866,80.18773179618866,7589908,US_STOCKS
2021-12-01,NVDA,81.9957907385275,81.93503190673006,80.83240655834094,81.75328106352723,81.75328106352723,80577639,US_STOCKS
2021-12-02,NVDA,84.84401578535811,87.49858615810354,83.53217492326351,84.95705585010536,84.95705585010536,32795053,US_STOCKS
2021-12-03,NVDA,82.20290565721366,83.53492946249686,81.74177808824894,82.66564923637348,82.66564923637348,7802654,US_STOCKS
2021-12-06,NVDA,83.46080101662434,84.84449079094331,81.86473834556897,83.6790792346325,83.6790792346325,66016218,US_STOCKS
2021-12-07,NVDA,83.01904412170455,82.6945986266232,82.13399280173871,82.67385489196771,82.67385489196771,66506744,US_STOCKS
2021-12-08,NVDA,81.92483631025999,81.9641414328099,79.97320198329757,81.95107808102856,81.95107808102856,77508147,US_STOCKS
2021-12-09,NVDA,81.14058190824893,81.2237124127152,79.19802355320999,81.06208274430905,81.06208274430905,58787645,US_STOCKS
2021-12-10,NVDA,80.1920903469463,81.54079044071177,77.82140746045049,79.74240700181127,79.74240700181127,52282798,US_STOCKS
2021-12-13,NVDA,79.32477596887576,81.50828911854488,78.41226704765964,79.89953403689242,79.89953403689242,74483065,US_STOCKS
2021-12-14,NVDA,78.13229539950711,79.11163627245156,76.55061948655158,78.65158302874644,78.65158302874644,75247802,US_STOCKS
2021-12-15,NVDA,79.80194376665095,80.95737038922067,77.73762487979646,79.15567176154546,79.15567176154546,65759140,US_STOCKS
2021-12-16,NVDA,79.7713255180218,80.52976338597257,77.65358115595414,79.15529480727749,79.15529480727749,16491194,US_STOCKS
2021-12-17,NVDA,78.81504058619876,80.55094001452476,78.21520493553037,78.85617004021809,78.85617004021809,21023163,US_STOCKS
2021-12-20,NVDA,77.21510414799722,78.0652019886822,77.00399067291332,77.5036863211328,77.5036863211328,43060233,US_STOCKS
2021-12-21,NVDA,77.31267140326096,77.8537007266719,76.25481955800258,76.68715192178612,76.68715192178612,8620195,US_STOCKS
2021-12-22,NVDA,78.22811431896054,78.81727323436641,76.00124354257038,77.9224151076136,77.9224151076136,66291566,US_STOCKS
2021-12-23,NVDA,79.24775496464684,79.42371641832699,77.14464940080343,78.78099106329331,78.78099106329331,27142136,US_STOCKS
2021-12-24,NVDA,77.99848788627841,78.79564118966883,76.56678376831938,77.3195166342696,77.3195166342696,27681674,US_STOCKS
2021-12-27,NVDA,77.07106706485249,79.1665340834636,77.0415978895529,77.55044266774298,77.55044266774298,59935023,US_STOCKS
2021-12-28,NVDA,78.42249705606136,80.35816473035213,76.86704500173444,78.79340119105721,78.79340119105721,78024499,US_STOCKS
2021-12-29,NVDA,76.63918577211241,76.67079894286009,76.03927434266437,76.24143219093095,76.24143219093095,70195934,US_STOCKS
2021-12-30,NVDA,76.94307455220931,78.1468209242808,77.07411377960658,77.1462048083736,77.1462048083736,26698068,US_STOCKS
2021-12-31,NVDA,75.49028661506892,78.21081718442284,75.64456092732858,76.20097284881136,76.20097284881136,56176379,US_STOCKS
2022-01-03,NVDA,76.43545210117654,78.69013111031957,76.399161733631,77.14677729472088,77.14677729472088,89893999,US_STOCKS
2022-01-04,NVDA,76.63656315685125,76.78837847966939,73.99082307433122,76.04626438865677,76.04626438865677,99619609,US_STOCKS
2022-01-05,NVDA,73.8547817591121,75.23704914293032,72.82907276166326,73.37721982469564,73.37721982469564,58093537,US_STOCKS
2022-01-06,NVDA,70.4470721352503,71.2644583151202,68.93260387159724,71.06210625974887,71.06210625974887,33337285,US_STOCKS
2022-01-07,NVDA,71.55493009733875,72.92458178195432,69.36873217547085,71.20150871779153,71.20150871779153,99765201,US_STOCKS
2022-01-10,NVDA,71.27216581959216,71.72928800546795,70.75879848009065,71.64256290591989,71.64256290591989,13877986,US_STOCKS
2022-01-11,NVDA,69.74585364126112,71.17987525598562,68.76276516937504,70.41845425480757,70.41845425480757,57051888,US_STOCKS
2022-01-12,NVDA,71.12093756452849,72.78961643917033,70.8913454539305,71.38824658597997,71.38824658597997,2423763,US_STOCKS
2022-01-13,NVDA,69.45264438383585,70.38015792194203,67.50741014145702,69.08737475430976,69.08737475430976,4854863,US_STOCKS
2022-01-14,NVDA,69.53082093013545,70.34878675225782,67.89782689020261,69.06515653280734,69.06515653280734,62836790,US_STOCKS
2022-01-17,NVDA,67.95314506258714,68.64930870046929,66.28568872417283,67.46144122133295,67.46144122133295,99077236,US_STOCKS
2022-01-18,NVDA,66.9916449656115,67.53378545272861,65.2349984642443,66.64942659710552,66.64942659710552,39533816,US_STOCKS
2022-01-19,NVDA,66.41714800067126,67.9749776716014,64.91975855750275,66.7792579089967,66.7792579089967,92984812,US_STOCKS
2022-01-20,NVDA,65.48915524103616,66.73688477087298,65.2797672876492,65.6968818463328,65.6968818463328,99567479,US_STOCKS
2022-01-21,NVDA,65.88522580659695,66.5288526336729,63.68248011565965,65.25729672512675,65.25729672512675,71794915,US_STOCKS
2022-01-24,NVDA,66.76006665028292,66.74255976528468,65.72680387586865,66.63591299071724,66.63591299071724,67803843,US_STOCKS
2022-01-25,NVDA,66.16782095041387,66.67175538199506,64.07103705527254,65.93371457525603,65.93371457525603,17568346,US_STOCKS
2022-01-26,NVDA,67.10213638233692,68.4924377199528,65.69828502461962,67.1016539936252,67.1016539936252,65215256,US_STOCKS
2022-01-27,NVDA,65.35759318510537,65.96031294142405,64.40011661515307,65.65265167810958,65.65265167810958,60330909,US_STOCKS
2022-01-28,NVDA,65.98806053658514,67.81889791543175,65.50707200668265,66.41396531279327,66.41396531279327,67108298,US_STOCKS
2022-01-31,NVDA,68.85667072245637,68.74344326387364,68.35590254179432,68.39518504547377,68.39518504547377,78131156,US_STOCKS
2022-02-01,NVDA,65.22539646311265,66.44863961898724,63.44612920668026,65.08260857146256,65.08260857146256,80478282,US_STOCKS
2022-02-02,NVDA,64.70140633911139,65.14118128141033,63.17088107070841,64.11041074034921,64.11041074034921,40786832,US_STOCKS
2022-02-03,NVDA,64.46483867884368,66.02956224249911,64.37498432181101,64.91444777309658,64.91444777309658,92209443,US_STOCKS
2022-02-04,NVDA,64.82342574561316,65.86673355742371,64.02667416324716,64.71575063871255,64.71575063871255,6146945,US_STOCKS
2022-02-07,NVDA,64.64967010424384,66.0896623554819,65.09528182151152,65.26084606518496,65.26084606518496,61077848,US_STOCKS
2022-02-08,NVDA,65.02951822942971,66.24721596447989,63.261775489059865,64.53777522533188,64.53777522533188,21911951,US_STOCKS
2022-02-09,NVDA,65.18389935957946,66.4343608691218,64.33229157495595,64.71407924537192,64.71407924537192,74005182,US_STOCKS
2022-02-10,NVDA,64.3015833095679,66.13227354869228,62.64533512054752,64.57730314566001,64.57730314566001,3972574,US_STOCKS
2022-02-11,NVDA,66.67584080493415,67.3857373974318,64.2184433215978,66.15012477288306,66.15012477288306,47035942,US_STOCKS
2022-02-14,NVDA,67.01526761383022,66.67744944638991,65.88346077389849,66.5528743082399,66.5528743082399,7634637,US_STOCKS
2022-02-15,NVDA,67.70640956370273,68.71259941643886,65.35341586779879,67.0687957332525,67.0687957332525,93858557,US_STOCKS
2022-02-16,NVDA,66.03087841964144,67.35361444878674,66.44149039078377,66.58338268682375,66.58338268682375,21868517,US_STOCKS
2022-02-17,NVDA,65.643396012948,66.92947787050295,65.46887841232706,66.00063663315265,66.00063663315265,10996832,US_STOCKS
2022-02-18,NVDA,65.06009717628815,65.78503223905425,63.58368588824485,65.49565495424625,65.49565495424625,76169958,US_STOCKS
2022-02-21,NVDA,66.69602206347435,66.94956179668095,65.52602892556156,66.07784863746393,66.07784863746393,80031026,US_STOCKS
2022-02-22,NVDA,65.35965983855279,66.17664636300877,65.13008640834073,65.58757151005415,65.58757151005415,13838218,US_STOCKS
2022-02-23,NVDA,65.7116408474898,66.73715942889689,64.69809038513009,66.03327166453438,66.03327166453438,7193919,US_STOCKS
2022-02-24,NVDA,68.44163974072431,70.51101587208377,68.53679092682474,68.84021503119384,68.84021503119384,34921869,US_STOCKS
2022-02-25,NVDA,70.61973672670858,70.43427056395188,69.93440701101139,70.10842348428949,70.10842348428949,48969261,US_STOCKS
2022-02-28,NVDA,69.4458802565156,70.89984045352115,68.04012011499182,69.72139199059244,69.72139199059244,14577700,US_STOCKS
2022-03-01,NVDA,71.58146452565174,72.54992200182869,71.15721696498457,71.46611951721802,71.46611951721802,62775850,US_STOCKS
2022-03-02,NVDA,70.63309059009599,71.99273285706805,70.77918707830841,70.95431436912742,70.95431436912742,46498821,US_STOCKS
2022-03-03,NVDA,67.86926963583414,69.813932930027,68.01653016553136,68.13299410364772,68.13299410364772,42442120,US_STOCKS
2022-03-04,NVDA,66.77188988708195,68.28095750715555,65.6761031267702,66.82744832419729,66.82744832419729,67054021,US_STOCKS
2022-03-07,NVDA,64.75067628187804,66.0594883697095,63.787521018810175,64.39387076396787,64.39387076396787,54264247,US_STOCKS
2022-03-08,NVDA,64.44093450671662,65.90546952061429,62.29753295227566,64.00555835746887,64.00555835746887,37775258,US_STOCKS
2022-03-09,NVDA,63.702386777859665,65.03414264301321,62.66711757351513,64.09314148870767,64.09314148870767,49764338,US_STOCKS
2022-03-10,NVDA,66.28389304733534,67.9735934579242,65.58729799877615,66.30619730724857,66.30619730724857,86119672,US_STOCKS
2022-03-11,NVDA,66.68152966152243,67.46388843892068,65.89617154610677,66.80604972355475,66.80604972355475,76482248,US_STOCKS
2022-03-14,NVDA,66.08209442718814,66.9724393524415,64.67969189497836,66.58011095683707,66.58011095683707,18373671,US_STOCKS
2022-03-15,NVDA,67.84290142585674,68.92860566174235,66.75595107197901,67.75112938026224,67.75112938026224,64829779,US_STOCKS
2022-03-16,NVDA,64.47247477150914,65.89749473327765,64.09898349208508,64.82274222168533,64.82274222168533,66505058,US_STOCKS
2022-03-17,NVDA,64.7252341232342,66.30954543206535,64.83067853187339,65.19302859918598,65.19302859918598,28585663,US_STOCKS
2022-03-18,NVDA,65.89053789684932,66.62678552282223,64.62189183161543,66.26332236040896,66.26332236040896,29285049,US_STOCKS
2022-03-21,NVDA,64.91994465347102,66.24309194469508,63.26690273547553,64.37006494193385,64.37006494193385,15157111,US_STOCKS
2022-03-22,NVDA,65.74154270641588,67.48418739324333,65.1804978670949,65.90690544765236,65.90690544765236,9614704,US_STOCKS
2022-03-23,NVDA,66.49442930455123,68.1029597558857,64.83305838918838,66.4189973675621,66.4189973675621,18337190,US_STOCKS
2022-03-24,NVDA,66.16157662715548,66.36991645830273,65.50213895602002,65.9337562277265,65.9337562277265,87533105,US_STOCKS
2022-03-25,NVDA,66.49951056653735,67.36194086160572,66.83281362608902,66.83412369005778,66.83412369005778,87196234,US_STOCKS
2022-03-28,NVDA,70.34541227356968,71.25234233474949,68.36203211883088,69.93615316016043,69.93615316016043,16052808,US_STOCKS
2022-03-29,NVDA,70.20190576218002,71.00077501383676,70.06280635484956,70.2604698386893,70.2604698386893,49126918,US_STOCKS
2022-03-30,NVDA,71.27428584222875,70.764473002726,70.06152257818259,70.67953220886993,70.67953220886993,21546552,US_STOCKS
2022-03-31,NVDA,69.73374055757071,72.01132486600198,69.11650212520883,70.10086347118781,70.10086347118781,47163641,US_STOCKS
2022-04-01,NVDA,69.33895523538379,69.2991715529347,67.97112870748562,68.97946785234681,68.97946785234681,43568536,US_STOCKS
2022-04-04,NVDA,70.33002069714152,72.2988574718027,68.57364960302935,70.19396977547846,70.19396977547846,40388704,US_STOCKS
2022-04-05,NVDA,69.5147568102227,69.4160107967933,68.99920851081916,69.06232530123148,69.06232530123148,21240388,US_STOCKS
2022-04-06,NVDA,69.0092713218249,70.29066706605704,67.95267213317004,69.23023824164135,69.23023824164135,91149966,US_STOCKS
2022-04-07,NVDA,68.65162891332827,69.67029996344786,68.53464415859108,68.63810170313411,68.63810170313411,4456243,US_STOCKS
2022-04-08,NVDA,69.43523858794659,70.27608324974385,67.61799118255783,69.36426512470385,69.36426512470385,16907278,US_STOCKS
2022-04-11,NVDA,69.2324574278251,70.83810125935034,69.3985462270283,69.89651392449238,69.89651392449238,5911822,US_STOCKS
2022-04-12,NVDA,71.73762084536563,71.65590745383066,70.11349163391597,71.41681894163764,71.41681894163764,28823925,US_STOCKS
2022-04-13,NVDA,70.29769395685366,71.56589459187103,69.05845744208021,70.75976078429377,70.75976078429377,39817264,US_STOCKS
2022-04-14,NVDA,70.80192221606504,70.71380482620677,68.81537500866229,70.44859482781736,70.44859482781736,24456399,US_STOCKS
2022-04-15,NVDA,69.38529204839523,70.31353683349336,67.2127610804957,69.13999285373885,69.13999285373885,39344929,US_STOCKS
2022-04-18,NVDA,67.99958825867323,68.63418317049008,66.8932191498063,68.59476419006005,68.59476419006005,52948828,US_STOCKS
2022-04-19,NVDA,69.56180876258236,69.66750947351917,68.4647788146299,69.1809757212342,69.1809757212342,3980283,US_STOCKS
2022-04-20,NVDA,70.94637643055569,71.7060250641398,68.32948023386193,70.2975409191433,70.2975409191433,27284144,US_STOCKS
2022-04-21,NVDA,69.22529814162783,70.47726600788111,68.4133120650009,69.0713193678506,69.0713193678506,84962814,US_STOCKS
2022-04-22,NVDA,70.97076908734252,72.20895331041955,68.78207070946327,70.3416872518543,70.3416872518543,28469003,US_STOCKS
2022-04-25,NVDA,72.00331902340633,74.40926905162375,72.2968730336804,72.31918602492277,72.31918602492277,71888947,US_STOCKS
2022-04-26,NVDA,73.29056677183195,74.35298449865745,70.82146451132654,72.98949072445632,72.98949072445632,31876064,US_STOCKS
2022-04-27,NVDA,75.55959790609325,75.98172105659026,74.79525533774502,75.80220762622889,75.80220762622889,26843804,US_STOCKS
2022-04-28,NVDA,74.47091559300078,76.57530958878291,72.60835261669179,74.70491124326747,74.70491124326747,19387574,US_STOCKS
2022-04-29,NVDA,72.73404684907891,74.95145142586857,72.78476762062745,72.91997977172284,72.91997977172284,10143692,US_STOCKS
2022-05-02,NVDA,69.92403256570091,71.6558832034631,70.08102277365758,70.39881486010148,70.39881486010148,96839561,US_STOCKS
2022-05-03,NVDA,72.4982640928218,73.66754774106637,72.03856663030919,72.57560860510227,72.57560860510227,47625064,US_STOCKS
2022-05-04,NVDA,73.8363343323301,75.2565580652164,71.9335083455159,73.59800392891084,73.59800392891084,58211220,US_STOCKS
2022-05-05,NVDA,74.18491848236845,75.39436951211157,71.91845331011629,73.58978351627866,73.58978351627866,6504946,US_STOCKS
2022-05-06,NVDA,73.3448653728878,74.54754361359507,72.6009060475658,74.07542991183944,74.07542991183944,41708551,US_STOCKS
2022-05-09,NVDA,72.34060768743139,74.405584665568,70.53471580303663,72.48208364095741,72.48208364095741,91008351,US_STOCKS
2022-05-10,NVDA,75.8167520374721,77.67771075216936,75.47989092062892,76.10002971563084,76.10002971563084,19870373,US_STOCKS
2022-05-11,NVDA,75.89109438774274,77.15663601409668,75.38769238445028,76.37280446111055,76.37280446111055,83263967,US_STOCKS
2022-05-12,NVDA,76.0338224555941,78.30549139171939,75.39473016676763,76.61627301072012,76.61627301072012,29506588,US_STOCKS
2022-05-13,NVDA,77.79382651520197,78.5051097415121,76.41365526460574,77.80499995970465,77.80499995970465,43950548,US_STOCKS
2022-05-16,NVDA,78.10353881136864,78.90631579806967,77.34168160304124,78.63130342478219,78.63130342478219,90338890,US_STOCKS
2022-05-17,NVDA,78.81528016917005,80.80059466800374,77.4997676531012,79.06202058110806,79.06202058110806,93223936,US_STOCKS
2022-05-18,NVDA,78.3911840754137,79.21515854636786,76.3558465673483,77.89115244838402,77.89115244838402,89940260,US_STOCKS
2022-05-19,NVDA,78.54534339186789,79.47510456561186,78.67798176825738,78.70350787443779,78.70350787443779,82828556,US_STOCKS
2022-05-20,NVDA,82.23672121796777,82.00080791849753,80.32999983664098,81.74464997787639,81.74464997787639,46934188,US_STOCKS
2022-05-23,NVDA,83.38524535707603,86.49780958421732,83.48481126343513,84.02601244277741,84.02601244277741,7656183,US_STOCKS
2022-05-24,NVDA,86.95205203030446,88.71115083911657,86.70295035132419,86.78742084149356,86.78742084149356,66213046,US_STOCKS
2022-05-25,NVDA,86.04240000581547,86.25324949715895,85.54182283425978,85.98686646131101,85.98686646131101,57229455,US_STOCKS
2022-05-26,NVDA,84.02736276998886,86.74599186976428,82.29865519263315,84.37099297719143,84.37099297719143,98373153,US_STOCKS
2022-05-27,NVDA,83.83818711072954,86.69388462308785,83.15325417107704,84.24310862312161,84.24310862312161,35404360,US_STOCKS
2022-05-30,NVDA,83.66203951377406,84.5548757842832,82.6686270679222,84.42124052852375,84.42124052852375,46334970,US_STOCKS
2022-05-31,NVDA,85.88080764920538,87.94366945707137,85.69806923927409,86.35312187635441,86.35312187635441,58185543,US_STOCKS
2022-06-01,NVDA,83.28131510387882,85.579888473172,81.46023320287226,83.5164829094071,83.5164829094071,48257689,US_STOCKS
2022-06-02,NVDA,85.89779950152024,87.09194123013367,84.07236616738416,86.15485265460272,86.15485265460272,33489768,US_STOCKS
2022-06-03,NVDA,85.46850855515557,86.1871610757545,84.76511391189406,85.9687445628506,85.9687445628506,48731077,US_STOCKS
2022-06-06,NVDA,85.90247641521556,85.8870322244042,84.34555093822303,85.32074471419293,85.32074471419293,81032168,US_STOCKS
2022-06-07,NVDA,84.22060545160458,84.64451153302632,82.52642436633447,83.6789954783933,83.6789954783933,31025303,US_STOCKS
2022-06-08,NVDA,81.69381914762582,81.28141952704499,78.72432067371611,80.9931395946228,80.9931395946228,68702778,US_STOCKS
2022-06-09,NVDA,82.45959181345414,82.48829673610473,81.23177453830911,82.40755613455772,82.40755613455772,41367062,US_STOCKS
2022-06-10,NVDA,82.0510630624331,84.23759850957036,80.20397609826243,82.6108027806273,82.6108027806273,56656692,US_STOCKS
2022-06-13,NVDA,80.90813905602843,80.727554879873,79.55267532122589,80.56211947374334,80.56211947374334,12519490,US_STOCKS
2022-06-14,NVDA,78.73321156156267,80.76769779170996,76.99639751521944,78.55599577795913,78.55599577795913,8603501,US_STOCKS
2022-06-15,NVDA,77.87996202897799,79.3973135793556,77.16219337475113,78.10699374534232,78.10699374534232,83530757,US_STOCKS
2022-06-16,NVDA,81.30080598843489,82.27528371653082,79.88716951229526,80.79234581582007,80.79234581582007,26278301,US_STOCKS
2022-06-17,NVDA,79.81950106096866,81.31026299848735,79.45644081386236,80.45367827703261,80.45367827703261,67906469,US_STOCKS
2022-06-20,NVDA,78.36255892659395,78.27976026073223,77.18918841514294,78.11546436421858,78.11546436421858,18996107,US_STOCKS
2022-06-21,NVDA,77.27558746992995,79.74081595709531,77.71181090303449,77.8096531572756,77.8096531572756,42499104,US_STOCKS
2022-06-22,NVDA,76.94901313182172,79.50652035716992,76.16855053092749,77.46305228303528,77.46305228303528,23906683,US_STOCKS
2022-06-23,NVDA,73.36589534387839,74.97224031208712,71.25364071584102,73.36233391484626,73.36233391484626,22824154,US_STOCKS
2022-06-24,NVDA,73.92260753710762,75.41213756913467,71.33928303464094,73.35603228621427,73.35603228621427,63906021,US_STOCKS
2022-06-27,NVDA,73.28035283869843,73.97470646663692,71.44078358442394,73.0905795014207,73.0905795014207,53598107,US_STOCKS
2022-06-28,NVDA,74.44464467858728,75.13490073357804,72.55348982220855,74.18139261405793,74.18139261405793,82622680,US_STOCKS
2022-06-29,NVDA,76.45425753461558,78.92277284421972,75.75067225395816,76.99873676677791,76.99873676677791,84621924,US_STOCKS
2022-06-30,NVDA,78.70233408830195,79.70678962451498,76.64712215396925,78.8106171867608,78.8106171867608,25865757,US_STOCKS
2022-07-01,NVDA,79.00577867809265,79.60497110077364,77.25543787722962,78.46560213080423,78.46560213080423,31538359,US_STOCKS
2022-07-04,NVDA,76.91978719704758,77.55694388031142,76.7170976347161,76.80758329888002,76.80758329888002,27927861,US_STOCKS
2022-07-05,NVDA,80.03940052634795,83.21009336378047,78.49540523473208,80.83746183110097,80.83746183110097,40120374,US_STOCKS
2022-07-06,NVDA,81.3840655644581,81.8544951303377,79.38300160165745,81.01404065091896,81.01404065091896,80737574,US_STOCKS
2022-07-07,NVDA,81.84242015802761,82.09155212404438,79.2114459168379,81.11762405599535,81.11762405599535,27326916,US_STOCKS
2022-07-08,NVDA,81.95550578039,81.22234579672406,79.69013754802386,81.1596022851212,81.1596022851212,66291092,US_STOCKS
2022-07-11,NVDA,81.86904002626969,81.85686409926842,79.2658323021554,81.56229149545958,81.56229149545958,18937144,US_STOCKS
2022-07-12,NVDA,81.60822954772053,81.95219734258072,80.65806686715372,81.40836646700012,81.40836646700012,55099395,US_STOCKS
2022-07-13,NVDA,80.42234615858023,80.94296993356477,80.14265975641389,80.5557570957811,80.5557570957811,42396334,US_STOCKS
2022-07-14,NVDA,80.16565354935129,81.9037822521172,79.55397142451834,79.75526013215254,79.75526013215254,39917286,US_STOCKS
2022-07-15,NVDA,79.14490015179791,79.82248430278,78.19895798715714,79.78277048055958,79.78277048055958,60642494,US_STOCKS
2022-07-18,NVDA,78.46303554430882,79.54953896604763,78.93925044620526,78.99543457526383,78.99543457526383,83659773,US_STOCKS
2022-07-19,NVDA,78.68822430071026,78.26496356903333,77.40690648295235,77.94819876208456,77.94819876208456,86972542,US_STOCKS
2022-07-20,NVDA,78.85898957621671,79.17641383536085,78.07331957810055,78.19206785169507,78.19206785169507,4899791,US_STOCKS
2022-07-21,NVDA,77.98668776542115,78.78937613461923,77.80457976266446,77.87151600184261,77.87151600184261,58741986,US_STOCKS
2022-07-22,NVDA,79.5069842906423,82.18833601451149,79.55363095507543,80.29175179938596,80.29175179938596,4985542,US_STOCKS
2022-07-25,NVDA,76.24952198079157,77.02311610827932,73.89139811739173,76.1150233535222,76.1150233535222,54875667,US_STOCKS
2022-07-26,NVDA,77.50277485639535,79.50969254664405,77.2186478806815,77.85273976736788,77.85273976736788,90520085,US_STOCKS
2022-07-27,NVDA,79.6706942641004,81.1883689461979,79.74963598028468,79.87081543152502,79.87081543152502,43186002,US_STOCKS
2022-07-28,NVDA,77.14805652843675,78.49093322780614,76.12287493939192,76.63861887555258,76.63861887555258,23381828,US_STOCKS
2022-07-29,NVDA,76.67350522176669,78.31660695714163,75.97202897146607,76.18999541610604,76.18999541610604,45555805,US_STOCKS
2022-08-01,NVDA,75.454089034629,77.67752213870041,75.51049831204075,75.70018385397069,75.70018385397069,21901468,US_STOCKS
2022-08-02,NVDA,74.01676629707043,73.75823207732839,72.55672449974594,73.64490615648958,73.64490615648958,44768596,US_STOCKS
2022-08-03,NVDA,72.33254656886429,73.43196411367734,71.4191264661875,72.57290632335445,72.57290632335445,16975368,US_STOCKS
2022-08-04,NVDA,71.13580731396442,72.74990581612445,69.41361758383393,71.03352489371836,71.03352489371836,16236090,US_STOCKS
2022-08-05,NVDA,73.0776949506515,74.18603773128142,72.79676980165405,73.59395734188126,73.59395734188126,41437102,US_STOCKS
2022-08-08,NVDA,75.31446349299252,75.17236389168377,74.96669667454131,75.04475681424343,75.04475681424343,39799145,US_STOCKS
2022-08-09,NVDA,77.33201600047352,77.4752721374901,75.5458529702604,77.02827242865264,77.02827242865264,26722985,US_STOCKS
2022-08-10,NVDA,78.82105433828796,80.31883140963895,77.51949560351096,78.2170837481467,78.2170837481467,23769381,US_STOCKS
2022-08-11,NVDA,76.39332158802341,77.0813079069715,74.98537062343699,76.52907809298904,76.52907809298904,82780403,US_STOCKS
2022-08-12,NVDA,76.06520343827208,77.67742794198206,74.89999276376646,75.80278612269241,75.80278612269241,16475380,US_STOCKS
2022-08-15,NVDA,76.98514646222259,77.44910020407616,75.07751466349146,76.62050801278804,76.62050801278804,27793750,US_STOCKS
2022-08-16,NVDA,74.19764323069774,77.05240540789812,74.47369726599939,74.8243274493237,74.8243274493237,98853678,US_STOCKS
2022-08-17,NVDA,76.69128666190416,77.77524335673793,74.4633297394754,75.96614433697448,75.96614433697448,58202897,US_STOCKS
2022-08-18,NVDA,76.23108777995127,76.33409585816426,74.61519757030895,75.67697860362502,75.67697860362502,62319606,US_STOCKS
2022-08-19,NVDA,75.05180595542791,76.14957101074074,74.44037241316755,75.18534945756616,75.18534945756616,56858949,US_STOCKS
2022-08-22,NVDA,76.86479462216941,76.7910877568269,74.18986298978781,76.32961028021812,76.32961028021812,69219677,US_STOCKS
2022-08-23,NVDA,77.5825336076284,78.37035338238906,75.28149735693144,77.08414879904892,77.08414879904892,2603839,US_STOCKS
2022-08-24,NVDA,77.09252653275792,76.69698235807942,74.55959013580808,76.60473755509956,76.60473755509956,99204311,US_STOCKS
2022-08-25,NVDA,78.13440617047641,78.95257772952762,76.65608947318215,78.45754539918511,78.45754539918511,26049607,US_STOCKS
2022-08-26,NVDA,77.40144516456182,77.07672311053773,76.54930084087822,76.83965144249304,76.83965144249304,97936003,US_STOCKS
2022-08-29,NVDA,78.13376920055569,79.84129347863308,77.10545834053694,77.86305664090789,77.86305664090789,67971891,US_STOCKS
2022-08-30,NVDA,79.01317998884551,80.29154781522172,77.24970511924525,78.86453323440851,78.86453323440851,57960558,US_STOCKS
2022-08-31,NVDA,78.34384460514599,79.10457977522472,76.64617807998158,78.4551530586255,78.4551530586255,23400970,US_STOCKS
2022-09-01,NVDA,79.34943878328991,79.59866073596451,77.5624613732639,79.04534453523368,79.04534453523368,74960748,US_STOCKS
2022-09-02,NVDA,76.71249105001316,77.28522827406171,76.84337084637009,77.14649580580722,77.14649580580722,60993699,US_STOCKS
2022-09-05,NVDA,79.19902589565307,78.75552035677816,76.91713562593489,78.64935123284698,78.64935123284698,34790545,US_STOCKS
2022-09-06,NVDA,78.40346845241069,80.62286485140416,77.65598494209524,78.43715192262367,78.43715192262367,47068356,US_STOCKS
2022-09-07,NVDA,76.9398765258605,77.88576674931653,77.09282833539116,77.69557097506821,77.69557097506821,3757371,US_STOCKS
2022-09-08,NVDA,79.61196673900301,80.4190574950027,78.09759726348966,79.4033339612335,79.4033339612335,18290071,US_STOCKS
2022-09-09,NVDA,78.04436011475326,79.92479461851497,76.09483749442714,78.36419254952165,78.36419254952165,5991260,US_STOCKS
2022-09-12,NVDA,76.83031783745832,77.55445594671303,74.94538419281346,76.23509809753551,76.23509809753551,50527574,US_STOCKS
2022-09-13,NVDA,73.30117537624851,74.13729691250185,72.6050318086718,73.93793764073145,73.93793764073145,34754898,US_STOCKS
2022-09-14,NVDA,75.53315257587748,75.82172483814992,74.5860301951682,74.9080180982173,74.9080180982173,71757164,US_STOCKS
2022-09-15,NVDA,72.76266646657774,74.21643654162791,71.5350306264645,73.06463761410991,73.06463761410991,90126147,US_STOCKS
2022-09-16,NVDA,76.14435925445477,77.2380262351939,74.15848314252655,75.70197027160475,75.70197027160475,94646539,US_STOCKS
2022-09-19,NVDA,72.32898133845215,72.62797207256126,72.03302360298744,72.62554907901249,72.62554907901249,22571246,US_STOCKS
2022-09-20,NVDA,75.40557331302188,76.59123270053563,73.82411852709745,75.16229613280453,75.16229613280453,2608100,US_STOCKS
2022-09-21,NVDA,75.9003745823246,76.28799657851388,74.04722701114844,75.55466957611888,75.55466957611888,56101264,US_STOCKS
2022-09-22,NVDA,75.24665546799179,75.78883267970906,75.27026798791908,75.48408170147408,75.48408170147408,83320314,US_STOCKS
2022-09-23,NVDA,75.36230624682166,76.19380599707462,74.50500105730393,74.73691144578797,74.73691144578797,40800694,US_STOCKS
2022-09-26,NVDA,75.75353046545621,77.17240026654551,75.14081257477442,75.40825236589667,75.40825236589667,1003041,US_STOCKS
2022-09-27,NVDA,75.74691807582946,76.23380961233919,74.85105912720637,75.42690127549922,75.42690127549922,2276849,US_STOCKS
2022-09-28,NVDA,77.22889646486986,79.13711584910548,74.949782771374,77.16670101941337,77.16670101941337,57008750,US_STOCKS
2022-09-29,NVDA,77.44255110258086,77.6177115036869,76.14534454744513,77.42015913668186,77.42015913668186,38617928,US_STOCKS
2022-09-30,NVDA,77.89686018715517,78.63678157267188,77.16995128235176,77.73030702163658,77.73030702163658,10401562,US_STOCKS
2022-10-03,NVDA,76.95683933436949,77.46671697331313,76.83284327045352,77.24276355081423,77.24276355081423,98746279,US_STOCKS
2022-10-04,NVDA,77.14569364801253,78.46435971112625,75.20789350130224,77.23203356739825,77.23203356739825,99561321,US_STOCKS
2022-10-05,NVDA,77.91338711891309,79.68064991757583,77.02177836139296,77.78470873190918,77.78470873190918,31268651,US_STOCKS
2022-10-06,NVDA,75.05565694988948,76.71921105727787,73.6629291659754,75.20199443453484,75.20199443453484,32208704,US_STOCKS
2022-10-07,NVDA,72.712128190572,74.63915252896226,72.9674777281523,73.24947177677107,73.24947177677107,58270758,US_STOCKS
2022-10-10,NVDA,74.69945227638094,75.97560386794694,72.72958344119004,74.41159529410393,74.41159529410393,87413082,US_STOCKS
2022-10-11,NVDA,74.74023298698016,76.37766546585986,73.35197971237864,74.74029428603255,74.74029428603255,19477354,US_STOCKS
2022-10-12,NVDA,73.83291318458562,75.17630678271918,73.54930303004527,74.54001520626407,74.54001520626407,62093488,US_STOCKS
2022-10-13,NVDA,75.16447007715057,75.08148193317402,74.36089777435546,74.64203653449046,74.64203653449046,96384514,US_STOCKS
2022-10-14,NVDA,74.64578293547406,76.31554904519639,73.91390619909183,75.23556269803147,75.23556269803147,54596067,US_STOCKS
2022-10-17,NVDA,73.88181516963729,74.62606858002428,74.26286471527797,74.4986157953338,74.4986157953338,58973180,US_STOCKS
2022-10-18,NVDA,73.4785721513314,73.9282535389791,72.00882568672063,73.41346191694035,73.41346191694035,82186682,US_STOCKS
2022-10-19,NVDA,73.09803393334192,74.87690650612271,72.2488244818842,73.77442894239182,73.77442894239182,25978880,US_STOCKS
2022-10-20,NVDA,72.12625999981198,73.73753218908703,70.45418545243065,72.4046255121076,72.4046255121076,81182517,US_STOCKS
2022-10-21,NVDA,73.18970143471286,74.66889788300799,72.2685100630665,73.06821789545556,73.06821789545556,64455587,US_STOCKS
2022-10-24,NVDA,70.60540354765014,71.05577894223654,69.16578966639055,70.6531911177574,70.6531911177574,56089999,US_STOCKS
2022-10-25,NVDA,71.97401837610938,74.15146903226902,72.13277735771747,72.17810690755287,72.17810690755287,32261541,US_STOCKS
2022-10-26,NVDA,72.28615381912341,74.60965165480357,71.39631510340367,72.93250884665741,72.93250884665741,33803869,US_STOCKS
2022-10-27,NVDA,73.6366981805501,74.25050230675441,71.714107051467,73.37889917276115,73.37889917276115,45964182,US_STOCKS
2022-10-28,NVDA,74.76305848722005,76.99463631652598,74.33077013039596,74.8944537245123,74.8944537245123,12924286,US_STOCKS
2022-10-31,NVDA,77.59502518160632,79.71667178238116,76.58597554639942,77.46404415244001,77.46404415244001,7141639,US_STOCKS
2022-11-01,NVDA,78.85879133067859,80.31382627022249,78.72874564766731,79.113052346662,79.113052346662,66152119,US_STOCKS
2022-11-02,NVDA,77.03878252247368,77.3131745915743,75.46766713425814,76.27942181046943,76.27942181046943,40669712,US_STOCKS
2022-11-03,NVDA,73.83090326329953,76.3751553058597,73.47765782632217,74.40359340858802,74.40359340858802,39340166,US_STOCKS
2022-11-04,NVDA,73.7831207668831,74.5235452197521,72.11792948061873,73.54822205381659,73.54822205381659,7083182,US_STOCKS
2022-11-07,NVDA,74.12232744960345,75.73847913007023,72.22650462713733,73.66014928296087,73.66014928296087,95502026,US_STOCKS
2022-11-08,NVDA,73.9770853090616,75.56340024521124,73.1514527176474,74.49642624675238,74.49642624675238,58591928,US_STOCKS
2022-11-09,NVDA,73.34478554314501,74.23498706926154,73.21000880147808,73.48961626398665,73.48961626398665,39782502,US_STOCKS
2022-11-10,NVDA,73.33944782526908,75.46432852319468,73.37502689562048,73.83761423729638,73.83761423729638,6797965,US_STOCKS
2022-11-11,NVDA,72.87217922315803,74.09584758867817,70.89178649586361,72.79593838032284,72.79593838032284,58121179,US_STOCKS
2022-11-14,NVDA,71.75597321074493,73.71239972401332,70.81176153594578,71.97841407260171,71.97841407260171,8848748,US_STOCKS
2022-11-15,NVDA,70.11763203568033,71.93293885659013,69.192849192527,70.02540778889907,70.02540778889907,30336254,US_STOCKS
2022-11-16,NVDA,68.31183409777555,69.11503213757909,67.90916551565233,68.80243750582426,68.80243750582426,59972302,US_STOCKS
2022-11-17,NVDA,66.44918626202546,68.90010616956177,65.493182465928,67.01125603122004,67.01125603122004,59075767,US_STOCKS
2022-11-18,NVDA,66.20240814613045,65.9285948369,64.82952125008175,65.7703774390656,65.7703774390656,63379219,US_STOCKS
2022-11-21,NVDA,67.66397106629594,68.80211064337054,66.66336075057117,67.22211618947411,67.22211618947411,94147136,US_STOCKS
2022-11-22,NVDA,65.51696565200133,67.74603018830042,64.09008804443566,66.01292625735921,66.01292625735921,18538198,US_STOCKS
2022-11-23,NVDA,69.86327732360128,69.63842505532891,68.70839624299212,69.5543640461627,69.5543640461627,52112046,US_STOCKS
2022-11-24,NVDA,70.42357025306904,72.28434378501848,68.8921849315946,70.31016666757603,70.31016666757603,48646517,US_STOCKS
2022-11-25,NVDA,71.07790533902933,72.65477439718569,70.59363116439275,70.6403940075071,70.6403940075071,98269605,US_STOCKS
2022-11-28,NVDA,68.9230771813374,71.19629563827552,68.91385576925798,69.49833976568641,69.49833976568641,14085786,US_STOCKS
2022-11-29,NVDA,70.45639242247168,71.9040105607532,69.73506105459342,70.54124558426076,70.54124558426076,6401975,US_STOCKS
2022-11-30,NVDA,69.93850972436873,71.6892859717344,68.99721354658148,69.79966264448045,69.79966264448045,22416944,US_STOCKS
2022-12-01,NVDA,69.9593497757467,70.14140660484276,68.31578391100432,70.03978718515616,70.03978718515616,82807740,US_STOCKS
2022-12-02,NVDA,73.82568810932129,74.47665042675445,71.92775787223913,73.69598249706841,73.69598249706841,55914015,US_STOCKS
2022-12-05,NVDA,74.10804939820696,75.0228871241281,71.8954655105321,73.62809390578992,73.62809390578992,60257736,US_STOCKS
2022-12-06,NVDA,75.26463295302659,77.56080201129348,74.17019442383649,75.39409808751934,75.39409808751934,60903862,US_STOCKS
2022-12-07,NVDA,73.99321939848718,75.80581010090266,73.13319935572724,74.40918513823142,74.40918513823142,19299001,US_STOCKS
2022-12-08,NVDA,73.77591294236005,75.7810265968571,72.7262416143694,74.43152502202773,74.43152502202773,52816735,US_STOCKS
2022-12-09,NVDA,76.72047812745991,78.6845300208012,76.95663884599513,77.1420243834563,77.1420243834563,44741536,US_STOCKS
2022-12-12,NVDA,75.73847805572106,76.67381659799436,75.78909757272665,76.25185624665001,76.25185624665001,39283998,US_STOCKS
2022-12-13,NVDA,78.38214945083176,80.03602970850818,77.87799803104492,79.09215944087326,79.09215944087326,48846134,US_STOCKS
2022-12-14,NVDA,80.10257700196314,82.31207685836381,79.94075226869418,80.29080417878674,80.29080417878674,51063977,US_STOCKS
2022-12-15,NVDA,78.77180401344879,79.6375145094121,78.0997597687123,79.46787678775753,79.46787678775753,57035824,US_STOCKS
2022-12-16,NVDA,81.16149730915613,81.90060969022815,78.2330606448351,80.55246667028307,80.55246667028307,5820789,US_STOCKS
2022-12-19,NVDA,81.53897815571086,82.30851855414784,81.7429604425714,82.19985233472521,82.19985233472521,54585740,US_STOCKS
2022-12-20,NVDA,83.54684171927657,83.41822912685694,80.94020247633419,83.30430592855022,83.30430592855022,84374372,US_STOCKS
2022-12-21,NVDA,80.44292240649337,80.95851715869907,80.35981971234048,80.77148062563224,80.77148062563224,13567496,US_STOCKS
2022-12-22,NVDA,79.07729619383802,80.91714590925694,79.08995705734259,79.67761318007156,79.67761318007156,36455831,US_STOCKS
2022-12-23,NVDA,80.13982774589881,80.99213092587947,77.10344240457218,79.362856911285,79.362856911285,15113098,US_STOCKS
2022-12-26,NVDA,79.13709123430296,80.64418238786935,79.14141190930569,79.32407477653462,79.32407477653462,1414556,US_STOCKS
2022-12-27,NVDA,80.66210143850563,81.9359228789908,79.39740789225948,80.38808364886751,80.38808364886751,49474763,US_STOCKS
2022-12-28,NVDA,80.61760598058721,80.81232781710041,79.94169289394775,80.75417259106659,80.75417259106659,18531143,US_STOCKS
2022-12-29,NVDA,78.04632867354428,80.93642641790515,77.26353724314072,78.678234187422,78.678234187422,73136972,US_STOCKS
2022-12-30,NVDA,79.06214147119314,80.29112614995012,78.79114395917972,79.35517833278946,79.35517833278946,10599601,US_STOCKS
2023-01-02,NVDA,79.88745611208518,82.32728624606256,78.76928274285629,80.4035963252114,80.4035963252114,55145958,US_STOCKS
2023-01-03,NVDA,81.34363741856407,83.63633004821854,81.20659899607209,81.38418322557975,81.38418322557975,28779480,US_STOCKS
2023-01-04,NVDA,82.97495888868336,85.17825200323136,80.7466835074361,83.22473654070957,83.22473654070957,24826380,US_STOCKS
2023-01-05,NVDA,85.33006714088683,86.80653357501573,84.1251926840064,84.69602030940615,84.69602030940615,40533925,US_STOCKS
2023-01-06,NVDA,85.40396570407634,88.06938453301298,85.0942254763722,85.55853083603567,85.55853083603567,80116639,US_STOCKS
2023-01-09,NVDA,85.2404137377276,87.39923304991264,84.44639292849769,85.52402386312237,85.52402386312237,58257616,US_STOCKS
2023-01-10,NVDA,83.3191022320706,84.76529412378225,80.6171300462006,82.76850663671077,82.76850663671077,6902115,US_STOCKS
2023-01-11,NVDA,83.8834166153747,83.9133829665249,82.52004773396631,83.56245231177802,83.56245231177802,55310253,US_STOCKS
2023-01-12,NVDA,83.82972834496653,85.30242667320132,81.48207221886858,83.99311261317602,83.99311261317602,14386514,US_STOCKS
2023-01-13,NVDA,84.82995840611164,85.5375790643242,84.19600796303803,84.53332076290732,84.53332076290732,16714939,US_STOCKS
2023-01-16,NVDA,83.20023304613812,84.63523780780764,80.21547684246372,82.45929814580217,82.45929814580217,99161744,US_STOCKS
2023-01-17,NVDA,80.28777164138774,81.62004080731471,79.13753250791255,80.75889417238807,80.75889417238807,48896451,US_STOCKS
2023-01-18,NVDA,82.40595859125834,83.4267018024014,81.0703505088959,82.54068226315367,82.54068226315367,57983749,US_STOCKS
2023-01-19,NVDA,81.99893798443718,83.72630061802134,81.18712032001464,82.55792475768978,82.55792475768978,57458406,US_STOCKS
2023-01-20,NVDA,83.28008658983738,85.63105590785541,83.70242371730583,83.7657483483675,83.7657483483675,36128353,US_STOCKS
2023-01-23,NVDA,84.36713606264354,85.31622328869118,83.23963430049113,83.89695629608744,83.89695629608744,69800358,US_STOCKS
2023-01-24,NVDA,84.1440405181505,86.03805144384002,82.17784000216292,84.03078224307981,84.03078224307981,61400684,US_STOCKS
2023-01-25,NVDA,85.67144596518906,86.03408558155034,85.01988529334795,85.69170746896644,85.69170746896644,42490847,US_STOCKS
2023-01-26,NVDA,85.06158035446603,86.201289882133,84.15903876721686,84.89298409860929,84.89298409860929,1639971,US_STOCKS
2023-01-27,NVDA,85.13467274054587,85.87063180024786,83.26471642478079,85.14107667447584,85.14107667447584,3370680,US_STOCKS
2023-01-30,NVDA,84.58230102340355,86.82396101264703,83.99723687424515,84.43904543514329,84.43904543514329,47693299,US_STOCKS
2023-01-31,NVDA,83.105022845101,85.36248683032177,82.40584875928774,83.7897155467873,83.7897155467873,41329186,US_STOCKS
2023-02-01,NVDA,83.39103417869138,85.59742645786577,82.86453069545648,83.35539637672542,83.35539637672542,3233886,US_STOCKS
2023-02-02,NVDA,84.41528871738532,85.2601021709687,81.56971496622957,83.80907274476584,83.80907274476584,60097577,US_STOCKS
2023-02-03,NVDA,83.60584051293404,84.16146436322379,81.22122713156442,83.0904122563216,83.0904122563216,91391105,US_STOCKS
2023-02-06,NVDA,85.3833131035859,85.72274259195176,84.57279536278057,85.26032855192402,85.26032855192402,20665813,US_STOCKS
2023-02-07,NVDA,83.39572925194271,84.59061182582516,82.42415756747344,83.82009863023224,83.82009863023224,59211171,US_STOCKS
2023-02-08,NVDA,83.4677680627003,85.13394936596579,83.38607971228774,83.5906467359665,83.5906467359665,9691035,US_STOCKS
2023-02-09,NVDA,82.39472599774471,84.22815558809212,82.40663359861837,82.9390893116819,82.9390893116819,29045155,US_STOCKS
2023-02-10,NVDA,85.25193892611021,87.50279186568022,85.3867249158902,85.42224896064243,85.42224896064243,65288503,US_STOCKS
2023-02-13,NVDA,86.13341319348571,87.9002558376813,83.44135164404027,85.84347423067457,85.84347423067457,2993647,US_STOCKS
2023-02-14,NVDA,87.09359077138897,90.03239964832484,86.49448593921119,87.700860107584,87.700860107584,56894473,US_STOCKS
2023-02-15,NVDA,85.46060499618052,86.9182076349006,82.80181307818923,85.18286251854988,85.18286251854988,99697992,US_STOCKS
2023-02-16,NVDA,86.10045869623339,86.46165147887919,83.46055684925742,85.7230075027301,85.7230075027301,5872870,US_STOCKS
2023-02-17,NVDA,86.86425153886631,89.68513469819844,86.66274041911616,87.33396705759058,87.33396705759058,22844454,US_STOCKS
2023-02-20,NVDA,86.93127341543543,89.8218690389493,86.25139635326546,87.56502476882312,87.56502476882312,67814427,US_STOCKS
2023-02-21,NVDA,89.05139803934817,91.55432684835206,87.47752790381462,89.51856610225778,89.51856610225778,31947204,US_STOCKS
2023-02-22,NVDA,88.5235295032821,89.23981851951748,86.08384629631638,88.68194626207514,88.68194626207514,64914655,US_STOCKS
2023-02-23,NVDA,92.06352070922655,92.101004390279,89.12939910196302,91.27030168743983,91.27030168743983,76820005,US_STOCKS
2023-02-24,NVDA,95.92427908947542,98.32623021143542,94.42977373572239,95.55799449495562,95.55799449495562,13941015,US_STOCKS
2023-02-27,NVDA,95.28621982941809,97.03777015225009,93.32187552709777,94.96010998622957,94.96010998622957,21474971,US_STOCKS
2023-02-28,NVDA,94.21736652115445,95.09130294020545,93.00083527841622,94.2089707275886,94.2089707275886,64876639,US_STOCKS
2023-03-01,NVDA,97.51753751346529,97.71768059558919,95.86161396157354,97.04161681153045,97.04161681153045,27646995,US_STOCKS
2023-03-02,NVDA,99.60037470274594,102.55930717997929,97.47101105673214,100.20434312618534,100.20434312618534,37652986,US_STOCKS
2023-03-03,NVDA,99.75551284676092,101.92767407400648,96.73718588980908,99.25669055795487,99.25669055795487,19098525,US_STOCKS
2023-03-06,NVDA,99.42091432499298,99.63514564691661,97.51914196824426,98.52182019089251,98.52182019089251,7180701,US_STOCKS
2023-03-07,NVDA,98.03798571896324,98.38581630431251,97.33391086290125,98.06510335974909,98.06510335974909,32377319,US_STOCKS
2023-03-08,NVDA,96.11631558556981,98.03526050646568,94.6594902974328,95.52629489657596,95.52629489657596,86011114,US_STOCKS
2023-03-09,NVDA,94.53735473296044,96.01997099238673,93.45361921218769,93.86671285652926,93.86671285652926,69341961,US_STOCKS
2023-03-10,NVDA,92.89498772234285,93.96082880526954,91.15945837473328,92.07547170898077,92.07547170898077,50557352,US_STOCKS
2023-03-13,NVDA,91.01814228557707,92.14372442410615,90.42705573569195,90.75364072101037,90.75364072101037,31894340,US_STOCKS
2023-03-14,NVDA,91.3304777001775,93.1274618536596,90.40750993019006,90.78143876556442,90.78143876556442,95286288,US_STOCKS
2023-03-15,NVDA,90.98490598363597,93.11149421770635,89.23827526395368,91.29746721232513,91.29746721232513,81382677,US_STOCKS
2023-03-16,NVDA,95.05986988535594,95.1043974936982,91.79324826775957,94.21990003764519,94.21990003764519,14037003,US_STOCKS
2023-03-17,NVDA,92.81187377774138,94.4903164764285,90.55350739558507,92.43282357927107,92.43282357927107,25979158,US_STOCKS
2023-03-20,NVDA,95.04882496956039,94.82285857401745,94.19312525476938,94.34493037492057,94.34493037492057,72029034,US_STOCKS
2023-03-21,NVDA,93.98937698547547,96.43086076013368,92.95391179675583,94.03550005310618,94.03550005310618,17659580,US_STOCKS
2023-03-22,NVDA,94.6692656426401,95.58503501960017,93.50276930664133,94.03650865972631,94.03650865972631,72318015,US_STOCKS
2023-03-23,NVDA,95.42090330399716,97.12923683880852,94.08061167296758,95.3996985487636,95.3996985487636,83042189,US_STOCKS
2023-03-24,NVDA,93.96826444269256,95.33965760529522,93.05776550924564,93.35295139909032,93.35295139909032,84046532,US_STOCKS
2023-03-27,NVDA,94.48233854234903,96.12924576240334,93.13492887840164,94.16028591949056,94.16028591949056,88048676,US_STOCKS
2023-03-28,NVDA,94.99416837970739,94.88733330877379,93.41102846256578,94.5679099557555,94.5679099557555,88751655,US_STOCKS
2023-03-29,NVDA,94.72817512193507,98.3510459391076,93.6461660579829,95.59387960155765,95.59387960155765,63506221,US_STOCKS
2023-03-30,NVDA,95.80069030345149,96.96065756379984,93.52235223208248,96.2423285317646,96.2423285317646,30528972,US_STOCKS
2023-03-31,NVDA,101.62152382520372,102.25656838638977,100.64243700962638,101.0646469144842,101.0646469144842,2060814,US_STOCKS
2023-04-03,NVDA,99.9650577279247,102.80037788631442,98.7706096170761,99.87665223476652,99.87665223476652,36362041,US_STOCKS
2023-04-04,NVDA,98.60740873573332,100.4605459273428,97.60818274460155,98.91584492275256,98.91584492275256,88111548,US_STOCKS
2023-04-05,NVDA,97.7927880143063,99.27147851014487,97.37608383186132,97.78199133413702,97.78199133413702,98291214,US_STOCKS
2023-04-06,NVDA,96.30944036795607,97.00649500662972,94.86781354774747,96.79346014843037,96.79346014843037,59941270,US_STOCKS
2023-04-07,NVDA,95.4940183487123,96.86791661084082,93.40346489283857,95.65635549845749,95.65635549845749,20375551,US_STOCKS
2023-04-10,NVDA,98.65461946481352,99.93458877963836,96.79464423537978,98.02675161381929,98.02675161381929,46344833,US_STOCKS
2023-04-11,NVDA,100.41859343078936,103.18659626006331,99.35710520468444,100.90972670711464,100.90972670711464,32764599,US_STOCKS
2023-04-12,NVDA,100.05058829136499,102.84174359510908,98.55481684580785,99.8587593833946,99.8587593833946,92148448,US_STOCKS
2023-04-13,NVDA,97.99157295032957,98.45765885368729,97.6939711998952,98.29625824485714,98.29625824485714,42450819,US_STOCKS
2023-04-14,NVDA,98.76439761666452,99.3219987006069,96.59494733196846,99.32132220852603,99.32132220852603,84544061,US_STOCKS
2023-04-17,NVDA,98.80015441254595,98.81869759635605,97.96865533276315,98.32369307249449,98.32369307249449,7692870,US_STOCKS
2023-04-18,NVDA,100.11322546388652,102.44379627582664,98.37935861455773,99.66666064126315,99.66666064126315,12794926,US_STOCKS
2023-04-19,NVDA,100.19564847943481,101.21910385060518,99.04442489254555,100.17082049901416,100.17082049901416,62511731,US_STOCKS
2023-04-20,NVDA,97.65966284699049,97.55695867352553,97.13050692445988,97.23432468619669,97.23432468619669,99438699,US_STOCKS
2023-04-21,NVDA,99.80460553252684,100.50301368980652,99.7694032254591,100.340971474877,100.340971474877,4856826,US_STOCKS
2023-04-24,NVDA,103.82018326348758,106.54989903797915,102.98016806925446,104.0453146537208,104.0453146537208,44974157,US_STOCKS
2023-04-25,NVDA,103.23547111773685,104.44476629930743,100.2155879456036,102.87420412602073,102.87420412602073,86737531,US_STOCKS
2023-04-26,NVDA,101.17784803249823,104.56439741742014,100.7670642152093,102.17938854181013,102.17938854181013,98895213,US_STOCKS
2023-04-27,NVDA,102.8312620421219,105.91129295966351,100.53717844638655,102.86575894694268,102.86575894694268,25611883,US_STOCKS
2023-04-28,NVDA,103.73630567955912,106.74195315712483,100.99004374914041,103.65670773662907,103.65670773662907,10639322,US_STOCKS
2023-05-01,NVDA,105.55951473039835,106.2154930640403,105.10359463120504,105.12561506844726,105.12561506844726,40944615,US_STOCKS
2023-05-02,NVDA,108.87655957982281,112.14615508254386,108.34952232998481,109.45722045453965,109.45722045453965,82924845,US_STOCKS
2023-05-03,NVDA,108.08882714585287,110.18753915622032,108.38940705681874,109.17931464122148,109.17931464122148,24123168,US_STOCKS
2023-05-04,NVDA,106.61655267299973,108.14907335063366,105.75293996309867,107.54534303508902,107.54534303508902,29844746,US_STOCKS
2023-05-05,NVDA,104.5131488239757,105.86968291859696,101.93524903921501,104.6861011874898,104.6861011874898,90624600,US_STOCKS
2023-05-08,NVDA,103.24587764451499,104.28318425846277,102.92957439017931,103.26042296623056,103.26042296623056,95386885,US_STOCKS
2023-05-09,NVDA,102.38673976157345,104.21764525180744,102.37160442915136,103.29526928458603,103.29526928458603,32719727,US_STOCKS
2023-05-10,NVDA,106.38681376868202,109.62238881167657,106.7123438078717,107.10595130904746,107.10595130904746,63855759,US_STOCKS
2023-05-11,NVDA,105.30604137672948,106.32879622335646,103.20944157902707,106.10427224852488,106.10427224852488,19822747,US_STOCKS
2023-05-12,NVDA,107.37072688885736,108.42839648179515,106.43608935264908,106.68527367570606,106.68527367570606,95589370,US_STOCKS
2023-05-15,NVDA,106.21664441062539,109.51010993804866,106.21626825119935,106.75691732614038,106.75691732614038,85540345,US_STOCKS
2023-05-16,NVDA,108.33599263206756,111.08073799921665,106.87572331783775,109.40105829235529,109.40105829235529,93544756,US_STOCKS
2023-05-17,NVDA,115.9809286830904,117.86811658738333,111.974129892592,115.0394409831245,115.0394409831245,20722748,US_STOCKS
2023-05-18,NVDA,113.44129259990271,114.92075556552896,112.64429620290322,113.93306348666461,113.93306348666461,39938746,US_STOCKS
2023-05-19,NVDA,113.0323640463495,113.47339479594787,110.58981940380227,112.93172984860513,112.93172984860513,17589087,US_STOCKS
2023-05-22,NVDA,114.96521990570758,117.14566619929003,112.6456896137306,115.40303946020668,115.40303946020668,74207454,US_STOCKS
2023-05-23,NVDA,117.43310852925299,117.6394849411355,115.17064574985828,117.09228950936539,117.09228950936539,9657203,US_STOCKS
2023-05-24,NVDA,121.23599449204002,123.04177617673028,121.38893216870338,121.53408557535774,121.53408557535774,28124821,US_STOCKS
2023-05-25,NVDA,124.19654405035594,126.596012165912,121.77408404451276,123.07496322183846,123.07496322183846,5266910,US_STOCKS
2023-05-26,NVDA,121.52861964035431,123.75284855888722,118.83584939704868,122.31364096787001,122.31364096787001,14978707,US_STOCKS
2023-05-29,NVDA,124.53374884017666,124.28476805186475,120.23408656429235,123.88085746678263,123.88085746678263,38780033,US_STOCKS
2023-05-30,NVDA,127.44941014033701,128.0544012016708,124.36493876409794,126.75168132903147,126.75168132903147,20009592,US_STOCKS
2023-05-31,NVDA,128.04541179085467,132.58751996539763,125.408233657954,128.95838292970606,128.95838292970606,88859425,US_STOCKS
2023-06-01,NVDA,130.72280570356878,133.55752672604538,130.12562252509377,130.39568608771236,130.39568608771236,34144115,US_STOCKS
2023-06-02,NVDA,132.81118051357814,135.8499731916204,131.8843180773765,133.3078773334276,133.3078773334276,15702171,US_STOCKS
2023-06-05,NVDA,136.82217986387582,139.89504803905353,134.99324271269768,136.558711473514,136.558711473514,14094602,US_STOCKS
2023-06-06,NVDA,139.6180618882569,141.47096693237708,139.20638707145562,140.47018720233984,140.47018720233984,64636711,US_STOCKS
2023-06-07,NVDA,142.72070503402202,145.40749070002445,140.8841764406749,142.43314537653671,142.43314537653671,82575767,US_STOCKS
2023-06-08,NVDA,141.25853544605562,144.0990293337303,138.68512531836353,142.09951544533686,142.09951544533686,18835706,US_STOCKS
2023-06-09,NVDA,141.54544639992002,146.44052667236784,141.19091813735304,142.6585738358097,142.6585738358097,68703142,US_STOCKS
2023-06-12,NVDA,144.85531471310233,149.27105780734786,144.85677547738482,146.2436093792895,146.2436093792895,6518344,US_STOCKS
2023-06-13,NVDA,144.31668224247935,145.04069608920128,142.32940839955333,144.00042056555148,144.00042056555148,8977500,US_STOCKS
2023-06-14,NVDA,144.18152152342032,146.5042475070376,144.81519412832782,145.20620321669685,145.20620321669685,91171800,US_STOCKS
2023-06-15,NVDA,142.78445443617517,146.3024161786075,143.67590254174624,144.2091047095971,144.2091047095971,31460229,US_STOCKS
2023-06-16,NVDA,145.6669877566999,145.13685561572166,140.25118406105594,144.436219117916,144.436219117916,21373643,US_STOCKS
2023-06-19,NVDA,148.99010866167762,150.7054870540304,144.33940106141335,148.27375040421904,148.27375040421904,55845332,US_STOCKS
2023-06-20,NVDA,149.0917023439636,149.86235480505397,148.24573465027328,148.9887236649045,148.9887236649045,91732425,US_STOCKS
2023-06-21,NVDA,148.7620900436228,150.94237227472885,145.87337784825453,149.2760828293932,149.2760828293932,34543524,US_STOCKS
2023-06-22,NVDA,146.67976443493427,148.5835556606906,142.76011131385798,145.36547895348303,145.36547895348303,88208620,US_STOCKS
2023-06-23,NVDA,146.35014666967788,148.8193284762154,145.62013153545794,147.68043457336236,147.68043457336236,23470875,US_STOCKS
2023-06-26,NVDA,150.46504371944212,153.8637407268153,147.83103092503333,149.73462269555858,149.73462269555858,34871127,US_STOCKS
2023-06-27,NVDA,157.80602573265028,158.4493889370974,154.06857294582525,156.3626399140247,156.3626399140247,35813337,US_STOCKS
2023-06-28,NVDA,156.8306607663554,158.21164395416406,151.99966582183103,155.55650220743215,155.55650220743215,81368865,US_STOCKS
2023-06-29,NVDA,155.8991870900078,158.42867784473813,152.41299050248972,156.39386387821986,156.39386387821986,36962279,US_STOCKS
2023-06-30,NVDA,158.2551973501862,161.77169741225495,154.38880306412688,157.33029929977224,157.33029929977224,74421101,US_STOCKS
2023-07-03,NVDA,163.44252234760927,166.56958603922396,160.52594623340113,162.45125353180393,162.45125353180393,6075082,US_STOCKS
2023-07-04,NVDA,161.98556956687673,165.58468890783578,160.1112759628061,162.30408721149092,162.30408721149092,75147351,US_STOCKS
2023-07-05,NVDA,162.90481631163217,166.48310282097475,162.45844402918166,163.37211797975263,163.37211797975263,75187574,US_STOCKS
2023-07-06,NVDA,165.67303044465731,166.5350697872424,164.0722273949137,165.5217569038302,165.5217569038302,75112262,US_STOCKS
2023-07-07,NVDA,166.2471660165026,167.38284955365071,161.4791739533122,166.3050360591165,166.3050360591165,71797376,US_STOCKS
2023-07-10,NVDA,166.4948790641828,167.1004543857727,162.63490425672768,164.98645792785908,164.98645792785908,89897566,US_STOCKS
2023-07-11,NVDA,165.87494834338452,169.30972199602343,164.537642264854,165.79188879473762,165.79188879473762,45225920,US_STOCKS
2023-07-12,NVDA,168.2410313739374,170.5651870658433,169.51287163039413,169.5176693971174,169.5176693971174,4887240,US_STOCKS
2023-07-13,NVDA,167.7934950942117,167.41536340678465,162.89953219537986,166.20693744338158,166.20693744338158,84070870,US_STOCKS
2023-07-14,NVDA,166.98417267329347,167.581558728178,163.1713283577644,166.81515402708087,166.81515402708087,60424889,US_STOCKS
2023-07-17,NVDA,165.40764435216695,168.44822857854555,159.82822698262297,164.64615394947506,164.64615394947506,57782764,US_STOCKS
2023-07-18,NVDA,168.21154816268364,172.02877066819252,168.39952385734162,168.74599672827975,168.74599672827975,89842334,US_STOCKS
2023-07-19,NVDA,162.5273981621967,165.38487393476774,159.76616969253172,163.774108875984,163.774108875984,60133925,US_STOCKS
2023-07-20,NVDA,161.76229559395168,164.40956351995214,157.95129730459146,162.1071444354955,162.1071444354955,34660434,US_STOCKS
2023-07-21,NVDA,164.70092337720726,163.92450520843707,159.68221119981783,163.4922263782084,163.4922263782084,84907215,US_STOCKS
2023-07-24,NVDA,167.70071593378535,170.9536874919848,167.93677334721693,168.77473878434873,168.77473878434873,70953808,US_STOCKS
2023-07-25,NVDA,168.84085248157743,171.9373565093873,167.727026151144,168.72157386038114,168.72157386038114,21962840,US_STOCKS
2023-07-26,NVDA,165.48525956930905,168.63053347107402,164.21220959779927,167.0168126752372,167.0168126752372,85935556,US_STOCKS
2023-07-27,NVDA,174.04665647429968,175.7333403454226,168.50746498030074,173.4675266455016,173.4675266455016,72205274,US_STOCKS
2023-07-28,NVDA,170.0679925032024,171.2861405795008,167.30765397699594,168.61732637507686,168.61732637507686,6229841,US_STOCKS
2023-07-31,NVDA,162.1004779725167,161.95805095327486,159.9050360556213,161.37080806899453,161.37080806899453,53714619,US_STOCKS
2023-08-01,NVDA,163.16222523248805,165.88828081815882,162.13953802711163,162.95228862440635,162.95228862440635,38594003,US_STOCKS
2023-08-02,NVDA,161.85751140202166,166.17718530430818,157.95410825428465,161.47902321559457,161.47902321559457,92337771,US_STOCKS
2023-08-03,NVDA,159.1727341464205,161.15316432139247,157.43018574495795,158.34234868309062,158.34234868309062,67001879,US_STOCKS
2023-08-04,NVDA,161.14059787265,163.64924568442552,158.38204408762653,160.74394750317754,160.74394750317754,53337003,US_STOCKS
2023-08-07,NVDA,161.15310650645196,164.20748765015097,160.73020580295898,161.6884812333942,161.6884812333942,80712265,US_STOCKS
2023-08-08,NVDA,159.02039179570966,160.43397401463253,157.93174726630602,160.02606937262692,160.02606937262692,66172436,US_STOCKS
2023-08-09,NVDA,155.89402014168684,157.3843975680374,153.47473151959935,156.08845383160377,156.08845383160377,35353231,US_STOCKS
2023-08-10,NVDA,160.3443961338787,163.36828839380706,156.57231898946083,158.9681525935414,158.9681525935414,33460515,US_STOCKS
2023-08-11,NVDA,161.95883443693106,161.37188391543708,158.89844395976013,161.1943463476196,161.1943463476196,34296016,US_STOCKS
2023-08-14,NVDA,162.39023565203465,161.09379643945118,158.36511920237618,161.03580892325965,161.03580892325965,74325694,US_STOCKS
2023-08-15,NVDA,167.09425520984772,167.57257737027464,162.26809591198443,167.14433838110597,167.14433838110597,52283032,US_STOCKS
2023-08-16,NVDA,164.10823463357627,164.89654470287508,161.35935374590875,163.73431051390136,163.73431051390136,43485799,US_STOCKS
2023-08-17,NVDA,157.5514269216172,159.40850272369607,154.91013606656855,158.90242858375598,158.90242858375598,24742175,US_STOCKS
2023-08-18,NVDA,155.90542192374372,159.23846242542527,153.24478764585788,156.86241355912315,156.86241355912315,7132705,US_STOCKS
2023-08-21,NVDA,157.11724810713582,157.43729997918084,156.70466512155943,156.87626132168091,156.87626132168091,6221651,US_STOCKS
2023-08-22,NVDA,158.85122058816404,158.35509102332654,157.58287926137473,157.79662124383898,157.79662124383898,44352088,US_STOCKS
2023-08-23,NVDA,158.27456112572824,158.43055669925135,155.20438384473786,157.19309316804458,157.19309316804458,4952330,US_STOCKS
2023-08-24,NVDA,158.2957223767544,161.20290660296595,155.74317151638323,158.45709979610433,158.45709979610433,33910242,US_STOCKS
2023-08-25,NVDA,154.07869763918325,155.14392863056116,152.94749818324863,154.64925074714634,154.64925074714634,10849972,US_STOCKS
2023-08-28,NVDA,160.11865403198317,163.88638133825114,154.6343457527968,159.26944228339707,159.26944228339707,86642038,US_STOCKS
2023-08-29,NVDA,159.48788401605387,162.513669585947,157.80516747655864,159.1670282783703,159.1670282783703,63446271,US_STOCKS
2023-08-30,NVDA,162.73844982577538,165.23830032709455,159.1800624931177,162.88292845108253,162.88292845108253,28909917,US_STOCKS
2023-08-31,NVDA,163.56487284742516,168.7160330550474,163.88539626511806,164.16229354098186,164.16229354098186,49077795,US_STOCKS
2023-09-01,NVDA,167.19515180027813,168.86251226817734,163.10783251247003,165.8260889552931,165.8260889552931,25724673,US_STOCKS
2023-09-04,NVDA,167.35533752843816,172.17285717169733,165.06508825720707,167.8815606381604,167.8815606381604,51959477,US_STOCKS
2023-09-05,NVDA,168.19483576072733,169.6342109417772,164.65082017121597,169.552682434134,169.552682434134,38321630,US_STOCKS
2023-09-06,NVDA,172.25659258093322,172.3128372759845,168.3788863957168,171.9017424765084,171.9017424765084,93324104,US_STOCKS
2023-09-07,NVDA,176.9106321632496,177.31163980375402,173.56060033350812,176.64331693792138,176.64331693792138,76868374,US_STOCKS
2023-09-08,NVDA,177.1819953262791,182.19975524120534,174.0597293723321,177.51424328015108,177.51424328015108,90025642,US_STOCKS
2023-09-11,NVDA,180.65405801573579,180.91870075413357,178.5346465435901,180.20892283365342,180.20892283365342,20977699,US_STOCKS
2023-09-12,NVDA,181.53802095800918,184.1733676015749,176.41182375861317,180.06570830034246,180.06570830034246,30795665,US_STOCKS
2023-09-13,NVDA,184.26032378129085,189.64019769101537,182.79436559132319,185.43208853735132,185.43208853735132,23353165,US_STOCKS
2023-09-14,NVDA,183.53611461275835,183.33058864989295,181.31728237548606,183.10902388105993,183.10902388105993,47387142,US_STOCKS
2023-09-15,NVDA,188.55053555039822,195.49670916627423,188.69635251386094,189.88750179970566,189.88750179970566,13904959,US_STOCKS
2023-09-18,NVDA,188.79875737627864,194.30679473299008,187.5004561118148,189.92487944300035,189.92487944300035,56976178,US_STOCKS
2023-09-19,NVDA,182.91080788721465,184.870771777695,182.20995655627334,184.68000854684703,184.68000854684703,81848869,US_STOCKS
2023-09-20,NVDA,186.765841993392,185.81995532189876,182.34448316685567,185.33785504420612,185.33785504420612,91409738,US_STOCKS
2023-09-21,NVDA,182.58868302601783,187.55298388912564,182.2647159039885,182.9986998318364,182.9986998318364,93604054,US_STOCKS
2023-09-22,NVDA,187.19502631954856,191.51837610278633,182.47766211059087,186.25843206140738,186.25843206140738,36976989,US_STOCKS
2023-09-25,NVDA,185.62618162680346,185.53479678490098,182.17982870044725,184.01355611125797,184.01355611125797,70380033,US_STOCKS
2023-09-26,NVDA,183.524192623627,187.6455250170765,181.4338595162354,182.5554936628936,182.5554936628936,80001805,US_STOCKS
2023-09-27,NVDA,176.67804293983363,176.1756557128084,173.79645894919864,175.83912833787838,175.83912833787838,28993780,US_STOCKS
2023-09-28,NVDA,173.74227205279155,179.56779926229163,171.0608243892448,174.4243044878468,174.4243044878468,72049939,US_STOCKS
2023-09-29,NVDA,167.7267937274353,168.02314322348371,162.14645411416362,166.14305947814012,166.14305947814012,44018565,US_STOCKS
2023-10-02,NVDA,162.23635254913296,161.9189391635086,156.46747805359325,161.04611331741862,161.04611331741862,22658399,US_STOCKS
2023-10-03,NVDA,163.08759341809363,167.36906679825694,161.72317950796304,163.65639592836882,163.65639592836882,61212926,US_STOCKS
2023-10-04,NVDA,166.20762615669784,170.09781102873305,165.25230142385354,166.39207676199192,166.39207676199192,6787340,US_STOCKS
2023-10-05,NVDA,167.30218969937147,170.3644745074254,167.1276325428493,167.9743241843438,167.9743241843438,36124931,US_STOCKS
2023-10-06,NVDA,164.56391171163975,165.17766192439035,162.0082435475351,164.8937552256379,164.8937552256379,88549999,US_STOCKS
2023-10-09,NVDA,163.7527419393652,167.85868249583064,161.61281205813955,164.90130288724035,164.90130288724035,42514133,US_STOCKS
2023-10-10,NVDA,165.71816344480732,167.08811342674545,162.5555459456785,165.05432292233283,165.05432292233283,1727951,US_STOCKS
2023-10-11,NVDA,162.01437058793235,164.59764752868733,161.20958337434809,161.3955152558189,161.3955152558189,37456760,US_STOCKS
2023-10-12,NVDA,168.00405697765498,168.5101855728239,163.9038874262179,166.40974564204336,166.40974564204336,91083085,US_STOCKS
2023-10-13,NVDA,170.23268929547137,172.45594815286867,165.4394425298308,169.49618809989778,169.49618809989778,86572260,US_STOCKS
2023-10-16,NVDA,168.77098614965487,171.32424373809386,166.9603198628892,168.91663258458226,168.91663258458226,96703907,US_STOCKS
2023-10-17,NVDA,169.84349598227342,169.5987598334348,164.79660700835066,169.17637852491018,169.17637852491018,48575434,US_STOCKS
2023-10-18,NVDA,168.58395053417576,172.85501674527634,167.92245250234365,170.05062387934348,170.05062387934348,87897191,US_STOCKS
2023-10-19,NVDA,162.31009300195012,167.32498137962156,160.54498151984282,163.27670873978764,163.27670873978764,6406420,US_STOCKS
2023-10-20,NVDA,164.16756989084024,165.13386112897408,161.2136355728466,162.63281925866985,162.63281925866985,47471277,US_STOCKS
2023-10-23,NVDA,161.7264676169025,162.04600628234587,159.64900861968596,160.5771916590908,160.5771916590908,13778053,US_STOCKS
2023-10-24,NVDA,156.88419440056367,161.2072414478354,155.29229026931998,157.52102228478037,157.52102228478037,23520678,US_STOCKS
2023-10-25,NVDA,155.74616236235505,158.3580483740908,152.3717534816803,156.7929591970662,156.7929591970662,34959644,US_STOCKS
2023-10-26,NVDA,164.17429697324835,164.95380952461892,161.7131520055522,162.58704396133194,162.58704396133194,89222869,US_STOCKS
2023-10-27,NVDA,164.70279069354066,168.34281397696452,159.96902765200235,164.83348593443577,164.83348593443577,5967359,US_STOCKS
2023-10-30,NVDA,161.7996249337925,166.64085713516891,161.73623158040402,163.11533094080204,163.11533094080204,19245838,US_STOCKS
2023-10-31,NVDA,163.6249324451415,165.25462403566596,161.3092818980582,165.14638686918116,165.14638686918116,14308909,US_STOCKS
2020-01-01,AMD,31.67945983876312,32.32783515253441,30.741901719657317,31.439445472020452,31.439445472020452,9575356,US_STOCKS
2020-01-02,AMD,31.125590165408028,31.402481325910863,30.582601291479445,31.02064474608462,31.02064474608462,5865690,US_STOCKS
2020-01-03,AMD,30.602922060749336,31.523458647830036,30.373820519777922,30.79318567887618,30.79318567887618,30864561,US_STOCKS
2020-01-06,AMD,30.713693994604157,31.57418701963368,30.093363318823627,30.785103691288164,30.785103691288164,27959224,US_STOCKS
2020-01-07,AMD,30.82197830037532,31.294391757128214,30.20163362543128,31.059582966947893,31.059582966947893,58577294,US_STOCKS
2020-01-08,AMD,31.275286164791403,31.81355509040155,30.911158761165325,31.254358116113167,31.254358116113167,80903595,US_STOCKS
2020-01-09,AMD,32.10322858596093,32.200671466978164,31.964039917771675,32.08828427021826,32.08828427021826,54149055,US_STOCKS
2020-01-10,AMD,30.83005701922169,30.84592418704128,29.76591863295363,30.56319738428173,30.56319738428173,76645463,US_STOCKS
2020-01-13,AMD,28.987768147219043,29.16647972824711,29.045697670760845,29.13471640636145,29.13471640636145,73120899,US_STOCKS
2020-01-14,AMD,28.701465564489613,29.196518109330597,28.440310240880596,28.8749057244954,28.8749057244954,72821348,US_STOCKS
2020-01-15,AMD,29.308986001247355,29.897560477626346,29.10763463295409,29.53746941955581,29.53746941955581,54541879,US_STOCKS
2020-01-16,AMD,28.82447162650498,28.789617999326584,27.947961564254037,28.6421012718686,28.6421012718686,69594964,US_STOCKS
2020-01-17,AMD,26.977957132912586,27.513368234250464,26.614755464778998,26.947845171899356,26.947845171899356,14701361,US_STOCKS
2020-01-20,AMD,27.37308434909171,27.712067378144088,26.759319239053486,27.282634101154706,27.282634101154706,34461879,US_STOCKS
2020-01-21,AMD,27.666180676128295,27.926442382768958,27.372558277324245,27.44286895286355,27.44286895286355,45530595,US_STOCKS
2020-01-22,AMD,27.009718598301365,27.51214105080191,26.473219380326352,26.871942893034277,26.871942893034277,89580009,US_STOCKS
2020-01-23,AMD,26.246619853296785,26.693961687583975,25.658290522626153,26.369147558539378,26.369147558539378,89729414,US_STOCKS
2020-01-24,AMD,25.980230523296537,26.55110830539922,25.815155943344077,25.884090401357646,25.884090401357646,86634502,US_STOCKS
2020-01-27,AMD,25.874036651652087,26.1061196981347,25.780723706641666,25.96719661475977,25.96719661475977,42378882,US_STOCKS
2020-01-28,AMD,25.540163243999938,25.91473958648203,25.563952381869402,25.667890772985096,25.667890772985096,30321499,US_STOCKS
2020-01-29,AMD,25.98470147564166,26.291136104535635,25.677298908195688,25.947190237900813,25.947190237900813,74898760,US_STOCKS
2020-01-30,AMD,24.684501536657567,25.047799302983716,24.247808294443768,24.49174660652743,24.49174660652743,74699774,US_STOCKS
2020-01-31,AMD,23.928801031513583,24.190728687421817,23.84667008896233,24.096522377933148,24.096522377933148,80962534,US_STOCKS
2020-02-03,AMD,23.458327498808554,23.622680761850972,23.48477602851606,23.577939210954014,23.577939210954014,86015751,US_STOCKS
2020-02-04,AMD,23.543463787650253,23.65899719310759,23.08947645293944,23.480637451525745,23.480637451525745,53230382,US_STOCKS
2020-02-05,AMD,23.323726220975203,23.414102422910958,22.648485472445568,23.25144400200301,23.25144400200301,31627487,US_STOCKS
2020-02-06,AMD,23.737523483947324,23.657154209603625,23.3813635073795,23.645715845416866,23.645715845416866,35819271,US_STOCKS
2020-02-07,AMD,22.80987483200759,22.83978448326988,22.249840467965292,22.790054581990116,22.790054581990116,22560299,US_STOCKS
2020-02-10,AMD,22.914427842268466,23.383785942134544,22.448689833266666,22.83357970114397,22.83357970114397,74347437,US_STOCKS
2020-02-11,AMD,23.186206000172984,23.357893295621693,22.550574318844536,23.11138966523424,23.11138966523424,30175435,US_STOCKS
2020-02-12,AMD,24.026866898905663,24.52921812300458,23.71992989440426,23.99269510244631,23.99269510244631,30973993,US_STOCKS
2020-02-13,AMD,23.766170998393765,24.369180895352464,23.121950600141986,23.78551051644516,23.78551051644516,54963257,US_STOCKS
2020-02-14,AMD,24.041030672091257,24.61301613149092,23.89279804706308,23.96364429788116,23.96364429788116,23975779,US_STOCKS
2020-02-17,AMD,23.219673585914073,23.694490328075055,22.528551267158434,23.1230654157161,23.1230654157161,42095610,US_STOCKS
2020-02-18,AMD,21.85898230382721,22.329462415127608,21.887439565511784,22.040001285454654,22.040001285454654,29828449,US_STOCKS
2020-02-19,AMD,22.556581136062878,22.48525003951748,21.877428768087846,22.434417853303067,22.434417853303067,43339239,US_STOCKS
2020-02-20,AMD,22.497498509039985,22.51474992947724,22.227101992282314,22.45435743213461,22.45435743213461,9880390,US_STOCKS
2020-02-21,AMD,23.218432806474937,23.563224153362214,22.688836439036255,23.00606669306755,23.00606669306755,23136652,US_STOCKS
2020-02-24,AMD,22.591303890932167,22.62868014467215,22.288973061111115,22.397140790558822,22.397140790558822,56753274,US_STOCKS
2020-02-25,AMD,22.853475553554006,22.655027320651172,22.49060120967702,22.65242435967615,22.65242435967615,93906316,US_STOCKS
2020-02-26,AMD,23.36700925977163,23.60165237670506,23.11938798414288,23.52174187953448,23.52174187953448,86322538,US_STOCKS
2020-02-27,AMD,23.73183826293563,24.451117216000874,23.258946505664905,23.742707761117465,23.742707761117465,8333415,US_STOCKS
2020-02-28,AMD,24.133338285814393,24.190219425737087,23.691737815591427,23.897786346066148,23.897786346066148,56230039,US_STOCKS
2020-03-02,AMD,23.832131715331162,23.987830442380407,23.924748333849852,23.925773560242213,23.925773560242213,45508751,US_STOCKS
2020-03-03,AMD,23.354299462118757,23.596305425128193,22.502619678114296,23.198008253138894,23.198008253138894,29397817,US_STOCKS
2020-03-04,AMD,23.745414563886964,23.964439505059328,23.7327499272579,23.850138104398845,23.850138104398845,29233473,US_STOCKS
2020-03-05,AMD,23.720726097805056,24.223410666537124,22.89275452216732,23.582607461073685,23.582607461073685,23996675,US_STOCKS
2020-03-06,AMD,24.02596485077076,24.078939398013617,23.763413139967955,23.844130680654057,23.844130680654057,87132467,US_STOCKS
2020-03-09,AMD,23.185533224302,23.236861079739022,22.824426556009016,23.1225909260501,23.1225909260501,29438511,US_STOCKS
2020-03-10,AMD,22.7073026751852,22.907690130691133,21.92953042687558,22.600270250252354,22.600270250252354,6419753,US_STOCKS
2020-03-11,AMD,23.20405742736837,23.60797451998155,22.92027703575012,23.271537781605694,23.271537781605694,32277646,US_STOCKS
2020-03-12,AMD,23.239225198860055,23.740234181895826,22.481697721428713,23.13316415260489,23.13316415260489,80704244,US_STOCKS
2020-03-13,AMD,23.995751747975742,24.22223746298688,23.23827986756757,23.82867451968244,23.82867451968244,31046887,US_STOCKS
2020-03-16,AMD,23.766865522569756,24.04164113540293,23.481292561876614,23.815220535958808,23.815220535958808,29272382,US_STOCKS
2020-03-17,AMD,23.173719685088688,23.177235355719873,22.89419355171043,22.96173172314111,22.96173172314111,53154899,US_STOCKS
2020-03-18,AMD,23.187134104997547,23.47194439773399,23.240387550611484,23.394361792943176,23.394361792943176,46970674,US_STOCKS
2020-03-19,AMD,23.110859259885626,23.696941216773247,22.628370873504014,23.14175306872707,23.14175306872707,43205511,US_STOCKS
2020-03-20,AMD,23.410152483914725,23.71127165283103,22.94287827592192,23.48827250168166,23.48827250168166,6155168,US_STOCKS
2020-03-23,AMD,23.294400157138124,24.085026105175587,23.186877897202773,23.52360396871905,23.52360396871905,13957232,US_STOCKS
2020-03-24,AMD,22.700439828930282,23.45955744822907,22.232688565949264,22.821133531266977,22.821133531266977,71268719,US_STOCKS
2020-03-25,AMD,22.91079494189421,23.276700538798703,22.248395316953857,22.918942520378444,22.918942520378444,96611273,US_STOCKS
2020-03-26,AMD,23.812185754138532,24.531307383292614,23.80685334537351,23.948563702037326,23.948563702037326,22140210,US_STOCKS
2020-03-27,AMD,24.293898070403124,24.502774374925124,23.53209596061499,24.20863861785887,24.20863861785887,9811963,US_STOCKS
2020-03-30,AMD,24.210578288966648,24.8719831007847,23.548476626527588,24.204998726544318,24.204998726544318,16496392,US_STOCKS
2020-03-31,AMD,24.68376369394345,25.20947094453222,24.63142780108104,24.749777438770156,24.749777438770156,96834195,US_STOCKS
2020-04-01,AMD,25.085176540207502,25.00341280808142,24.78838106800721,24.87880716875181,24.87880716875181,9455439,US_STOCKS
2020-04-02,AMD,25.212732104456958,25.153209218921965,24.695632289574704,25.00794521011978,25.00794521011978,45436285,US_STOCKS
2020-04-03,AMD,24.535456709077675,24.53966453550223,24.320388181268317,24.486967105423048,24.486967105423048,93217548,US_STOCKS
2020-04-06,AMD,24.827128622479627,25.20318005492525,24.61164541102022,24.62597865083203,24.62597865083203,33373670,US_STOCKS
2020-04-07,AMD,25.22497110075844,25.368299145405434,24.47400889333223,25.160580778819426,25.160580778819426,63755056,US_STOCKS
2020-04-08,AMD,24.55299035487399,25.4403715620238,24.053451711320765,24.76502517331772,24.76502517331772,8693529,US_STOCKS
2020-04-09,AMD,25.51184440213778,25.727374995144043,25.194876677777692,25.495343695940367,25.495343695940367,18785470,US_STOCKS
2020-04-10,AMD,25.513853803101767,26.206186716403646,25.08961819520771,25.474077507544944,25.474077507544944,9208543,US_STOCKS
2020-04-13,AMD,25.10736346469148,25.302898903927183,24.4040922474419,25.04724939813713,25.04724939813713,44033136,US_STOCKS
2020-04-14,AMD,25.414960985340038,25.718664343628713,24.98228902889404,25.572055436299323,25.572055436299323,27293172,US_STOCKS
2020-04-15,AMD,25.586976000244203,25.608149954017385,25.205332427666082,25.45094912983342,25.45094912983342,47083210,US_STOCKS
2020-04-16,AMD,26.09225512660849,26.585928881125938,25.702497707830023,25.863007574258454,25.863007574258454,36463685,US_STOCKS
2020-04-17,AMD,25.55748060897636,26.131734665327567,25.38232187214676,25.737955467513554,25.737955467513554,90175256,US_STOCKS
2020-04-20,AMD,25.954203055732012,26.02900637984698,25.3532821099933,25.73289737062175,25.73289737062175,89727388,US_STOCKS
2020-04-21,AMD,26.17221057580286,26.015498259544536,25.76287707550382,26.012644949679522,26.012644949679522,42755649,US_STOCKS
2020-04-22,AMD,26.048423034342218,26.34680103658187,26.160310348000923,26.189997632149108,26.189997632149108,64693602,US_STOCKS
2020-04-23,AMD,25.05137144925933,25.210456989741044,24.996509268608094,25.170928177683074,25.170928177683074,80389481,US_STOCKS
2020-04-24,AMD,24.80479932202783,24.988605669023922,24.324189051451544,24.6316441928289,24.6316441928289,97807515,US_STOCKS
2020-04-27,AMD,24.963732574294095,25.276390613184194,24.894234018403466,25.114133758114328,25.114133758114328,18102974,US_STOCKS
2020-04-28,AMD,25.012384939801883,25.757995035307196,24.61002173295028,25.072877972512153,25.072877972512153,41782708,US_STOCKS
2020-04-29,AMD,25.051096467377686,24.871430573912043,24.67865353305055,24.835321829589212,24.835321829589212,57022971,US_STOCKS
2020-04-30,AMD,24.241238293897265,24.21404605139698,23.892915754909897,24.185344693454066,24.185344693454066,65266242,US_STOCKS
2020-05-01,AMD,23.78108908337577,24.140727597342025,23.459456259122906,23.68725413598555,23.68725413598555,10258492,US_STOCKS
2020-05-04,AMD,22.71995583496689,22.841011197433424,22.10628226153024,22.753124226190167,22.753124226190167,48041915,US_STOCKS
2020-05-05,AMD,22.646715089335498,23.25232617411194,22.390240312195086,22.72978829492968,22.72978829492968,31693368,US_STOCKS
2020-05-06,AMD,22.62073452798491,23.065290553647745,22.026584678149007,22.48047089293787,22.48047089293787,5649477,US_STOCKS
2020-05-07,AMD,22.09763709453388,22.573704451471492,21.977992398710654,22.068364344855574,22.068364344855574,23638404,US_STOCKS
2020-05-08,AMD,22.229124892402844,22.07368203387079,21.562202189861573,22.06036525785991,22.06036525785991,47903555,US_STOCKS
2020-05-11,AMD,22.21933317398704,22.2477475720624,21.69623558073183,22.24301212431267,22.24301212431267,36622665,US_STOCKS
2020-05-12,AMD,23.215348023016816,23.667764530251166,22.707480622911927,23.196435676131617,23.196435676131617,95642025,US_STOCKS
2020-05-13,AMD,22.53234038495852,22.788255237321245,21.873954568538547,22.51822598197359,22.51822598197359,64568913,US_STOCKS
2020-05-14,AMD,22.969783578890734,23.150387217550815,22.479936084118577,23.06288829460071,23.06288829460071,36855978,US_STOCKS
2020-05-15,AMD,23.610334296771473,23.867218968827174,23.394348646518967,23.534801834915154,23.534801834915154,60566974,US_STOCKS
2020-05-18,AMD,22.987851338831813,23.47920321945528,22.811314180433623,23.19162077210503,23.19162077210503,44168650,US_STOCKS
2020-05-19,AMD,23.4250062082193,23.88802488202694,22.769770825478336,23.309079816597457,23.309079816597457,4842481,US_STOCKS
2020-05-20,AMD,22.977619660677547,23.49122435184994,22.47068280940207,23.119048697703267,23.119048697703267,83660720,US_STOCKS
2020-05-21,AMD,23.387154626584923,23.43931445288563,22.92876979759904,23.228026613067133,23.228026613067133,47599888,US_STOCKS
2020-05-22,AMD,23.78820231811738,23.97466197660974,23.271921216051243,23.952337346519517,23.952337346519517,24830545,US_STOCKS
2020-05-25,AMD,24.140193283498213,24.32710267209352,23.59045707003822,24.266403379528835,24.266403379528835,58393974,US_STOCKS
2020-05-26,AMD,24.61948507857721,25.208546558000734,24.28309193368618,24.537511701850136,24.537511701850136,62529223,US_STOCKS
2020-05-27,AMD,24.126262079234333,24.48731704768588,23.743627937891812,24.35087481407594,24.35087481407594,76910067,US_STOCKS
2020-05-28,AMD,23.581810759948574,23.919839123288494,23.27386781460625,23.652464127598666,23.652464127598666,1023859,US_STOCKS
2020-05-29,AMD,23.45548461653289,23.724788423655777,23.400327997565864,23.57750085429523,23.57750085429523,80784678,US_STOCKS
2020-06-01,AMD,24.063548553505726,24.308926874667087,23.804412192038182,24.170054451191596,24.170054451191596,86698858,US_STOCKS
2020-06-02,AMD,23.334651925953434,23.51125426017864,23.205195124106208,23.455989900645164,23.455989900645164,75017530,US_STOCKS
2020-06-03,AMD,23.007784498090615,23.547689768476328,22.32281070926359,22.984482579261197,22.984482579261197,79473585,US_STOCKS
2020-06-04,AMD,23.11339645472403,23.406886308791794,23.037784614918287,23.065511033516355,23.065511033516355,98447875,US_STOCKS
2020-06-05,AMD,22.581598658522488,22.73771280688711,22.181629676470287,22.63434522846789,22.63434522846789,29144540,US_STOCKS
2020-06-08,AMD,22.336468633466648,22.690730889290613,22.00004521178528,22.298214587623132,22.298214587623132,83775742,US_STOCKS
2020-06-09,AMD,22.027569847196062,22.42947171251072,21.774603299570558,22.131602960723,22.131602960723,66698847,US_STOCKS
2020-06-10,AMD,21.671656233141075,21.804502764539404,21.131613347722663,21.54926851996793,21.54926851996793,15910484,US_STOCKS
2020-06-11,AMD,21.33400419801155,21.394047661863272,20.68808261271685,21.150985523782232,21.150985523782232,3013767,US_STOCKS
2020-06-12,AMD,21.34310950878803,21.783425871658444,20.904025862720395,21.469700383005865,21.469700383005865,53198259,US_STOCKS
2020-06-15,AMD,21.109735340191225,21.23356640492322,20.62184338605027,20.92979333310298,20.92979333310298,12854932,US_STOCKS
2020-06-16,AMD,20.404629089679577,20.432127996471692,19.73448600627832,20.281860455482065,20.281860455482065,91171597,US_STOCKS
2020-06-17,AMD,20.22431778059485,20.359446016691003,19.63937828478164,20.046580741570057,20.046580741570057,78073072,US_STOCKS
2020-06-18,AMD,20.209839901950318,20.727157726877934,20.339142171732114,20.36009142391763,20.36009142391763,50259042,US_STOCKS
2020-06-19,AMD,20.160128897257348,20.411666108983926,20.077947729248695,20.30026459505795,20.30026459505795,43811279,US_STOCKS
2020-06-22,AMD,20.181536486745433,20.176894142595007,19.827733676422763,20.13194248342092,20.13194248342092,19079887,US_STOCKS
2020-06-23,AMD,20.199776490550416,20.55562728907015,19.833071315533104,20.1699350011087,20.1699350011087,74091255,US_STOCKS
2020-06-24,AMD,19.421822827256765,19.933152286637945,19.23290328980967,19.48588882707518,19.48588882707518,48934265,US_STOCKS
2020-06-25,AMD,19.75651712183547,19.709019100569297,19.311695616806006,19.698170303333974,19.698170303333974,62239929,US_STOCKS
2020-06-26,AMD,19.79336516628088,19.920067058298816,19.81472414782918,19.86892784461437,19.86892784461437,92399150,US_STOCKS
2020-06-29,AMD,19.80082139357392,19.801363704564928,19.515043158247146,19.726146361699044,19.726146361699044,59655816,US_STOCKS
2020-06-30,AMD,20.27791941478851,20.16911630364531,19.999739652929915,20.142732791031076,20.142732791031076,89085150,US_STOCKS
2020-07-01,AMD,19.515184700195313,19.827737654938833,19.141626072450528,19.708658470939284,19.708658470939284,61726782,US_STOCKS
2020-07-02,AMD,20.07680271905428,20.213500849295535,20.155897509792013,20.172958592096936,20.172958592096936,25229762,US_STOCKS
2020-07-03,AMD,20.41000687847376,20.508199151592898,19.81774285041573,20.25546343706492,20.25546343706492,91910218,US_STOCKS
2020-07-06,AMD,20.102338168232443,20.25494454714449,19.826945317448548,20.139378326923445,20.139378326923445,90900285,US_STOCKS
2020-07-07,AMD,20.274184950388545,20.191309980059472,19.732821161570364,20.151512852022094,20.151512852022094,57617854,US_STOCKS
2020-07-08,AMD,20.29246532705148,20.202394190061067,19.805954108302707,20.128433418737952,20.128433418737952,88066806,US_STOCKS
2020-07-09,AMD,20.602667674761378,20.9382580114525,20.596180663852383,20.639809512808064,20.639809512808064,28536220,US_STOCKS
2020-07-10,AMD,20.14504480778043,20.789198151036903,20.044568177173947,20.216000280372512,20.216000280372512,46626004,US_STOCKS
2020-07-13,AMD,19.996189295722353,20.024873788953666,19.637101028636113,19.927914497605343,19.927914497605343,74115364,US_STOCKS
2020-07-14,AMD,20.51025934314799,20.743405021964545,19.952194180808963,20.360869520639778,20.360869520639778,13502063,US_STOCKS
2020-07-15,AMD,20.31826555319066,20.218814367599382,19.670690608398196,20.138718207955193,20.138718207955193,27216815,US_STOCKS
2020-07-16,AMD,20.699528792334707,20.964809535299377,20.05748536993331,20.52156856378962,20.52156856378962,22686858,US_STOCKS
2020-07-17,AMD,21.215395820153972,21.63325497831819,20.748974208828724,21.2395919732551,21.2395919732551,11291978,US_STOCKS
2020-07-20,AMD,21.28517941564509,21.653399002768552,20.919101528081615,21.090152316645888,21.090152316645888,82453264,US_STOCKS
2020-07-21,AMD,21.40648531578201,21.695104137399632,21.19678927700896,21.398643173968484,21.398643173968484,58515890,US_STOCKS
2020-07-22,AMD,21.022507367823756,21.184271896979784,20.531276075348153,20.926292827923387,20.926292827923387,70231979,US_STOCKS
2020-07-23,AMD,21.352876583810303,21.29624332249154,20.714667555108417,21.263094520798333,21.263094520798333,46367078,US_STOCKS
2020-07-24,AMD,21.267625637388665,21.524154206403875,21.059516787823156,21.36916503659415,21.36916503659415,88796322,US_STOCKS
2020-07-27,AMD,21.540166773604568,22.078361022427288,21.529985521336528,21.59270286403292,21.59270286403292,48129613,US_STOCKS
2020-07-28,AMD,21.545310067331226,21.828632981776668,21.20075071464123,21.335502648321384,21.335502648321384,50642705,US_STOCKS
2020-07-29,AMD,20.53803464316438,20.90173603607781,20.164821041461018,20.648037158731384,20.648037158731384,77351256,US_STOCKS
2020-07-30,AMD,20.762982246884476,21.454092631941286,20.505385900667182,20.876508542553236,20.876508542553236,38612504,US_STOCKS
2020-07-31,AMD,20.036627600506844,20.399545522448932,19.6993154656693,20.03585198030642,20.03585198030642,49154098,US_STOCKS
2020-08-03,AMD,19.93068617195614,20.034189989981932,19.442818285965558,19.92872008251775,19.92872008251775,54634271,US_STOCKS
2020-08-04,AMD,20.173822768749115,20.790916048638593,19.755256219029622,20.32377980185277,20.32377980185277,94783383,US_STOCKS
2020-08-05,AMD,20.36860665492521,20.50513152419005,20.104500974905434,20.422105328221775,20.422105328221775,12148313,US_STOCKS
2020-08-06,AMD,21.422655816940836,21.355280253122466,21.07726299719138,21.238312607697267,21.238312607697267,41257016,US_STOCKS
2020-08-07,AMD,21.644287796444864,22.212188624018363,21.397989127363182,21.69498269309583,21.69498269309583,17906057,US_STOCKS
2020-08-10,AMD,21.33316381154452,21.760305464557167,21.338140212093467,21.432951391433594,21.432951391433594,61553911,US_STOCKS
2020-08-11,AMD,21.494319224920048,21.92634845003152,20.86222685018952,21.466092469678863,21.466092469678863,91313201,US_STOCKS
2020-08-12,AMD,21.658741364579384,21.624822200717563,21.382491037995287,21.46722128452509,21.46722128452509,30925393,US_STOCKS
2020-08-13,AMD,20.973819358758572,21.41622491982375,20.272928897611937,20.809389732009915,20.809389732009915,11891754,US_STOCKS
2020-08-14,AMD,20.621714546226237,20.698404682549786,20.433107830854944,20.438816570608267,20.438816570608267,44796980,US_STOCKS
2020-08-17,AMD,20.04636891814045,20.56010959415401,20.024560860928393,20.230029600824288,20.230029600824288,47870058,US_STOCKS
2020-08-18,AMD,19.47037347158205,19.93273403180531,19.040652594264383,19.426403609493494,19.426403609493494,43970837,US_STOCKS
2020-08-19,AMD,19.588631238784,19.993077756941208,19.394351303988476,19.46428255876441,19.46428255876441,53661364,US_STOCKS
2020-08-20,AMD,19.303234332431874,19.41415770830566,18.997957579848684,19.386786746087985,19.386786746087985,86414306,US_STOCKS
2020-08-21,AMD,18.63107049634483,19.214699061136855,18.27730483301094,18.7575327865629,18.7575327865629,91519703,US_STOCKS
2020-08-24,AMD,18.83907768785267,19.441229879274648,18.74584656554301,18.927931040813267,18.927931040813267,55681463,US_STOCKS
2020-08-25,AMD,19.045093091883064,19.24315778753358,18.802537850828365,19.21785877076424,19.21785877076424,45003517,US_STOCKS
2020-08-26,AMD,19.230149185640663,19.434727408748874,18.93594671019831,19.324338960553394,19.324338960553394,1039752,US_STOCKS
2020-08-27,AMD,19.335990104354828,19.264106789365258,19.1080114262622,19.218415234232626,19.218415234232626,39237403,US_STOCKS
2020-08-28,AMD,19.459070784544377,19.672264294629276,19.277685732094376,19.464965266654765,19.464965266654765,96427685,US_STOCKS
2020-08-31,AMD,19.8051613665221,19.763123037192873,19.494370133848385,19.749239545728425,19.749239545728425,87625861,US_STOCKS
2020-09-01,AMD,19.81142616875812,19.946831449757855,19.43787103231848,19.890408519986277,19.890408519986277,60995369,US_STOCKS
2020-09-02,AMD,19.609798996083832,19.61373594378683,19.499722787624275,19.58226143787161,19.58226143787161,62632390,US_STOCKS
2020-09-03,AMD,19.59499621636066,20.008232324720915,19.38798169937314,19.710173069392592,19.710173069392592,29067211,US_STOCKS
2020-09-04,AMD,20.3823198924649,20.71170806198367,19.76336267539773,20.201145853039588,20.201145853039588,8721392,US_STOCKS
2020-09-07,AMD,19.822902416645082,20.275672688808555,19.883962181512985,19.980295186229085,19.980295186229085,97848280,US_STOCKS
2020-09-08,AMD,20.696305055138307,21.14336920129281,20.610990968504336,20.838624426988684,20.838624426988684,64299255,US_STOCKS
2020-09-09,AMD,20.487257841402528,20.906851564547406,20.470293931235403,20.640394539005097,20.640394539005097,88887400,US_STOCKS
2020-09-10,AMD,20.48445039165649,21.241136186421222,20.15776286384563,20.674412804367527,20.674412804367527,30459500,US_STOCKS
2020-09-11,AMD,20.535151395910404,20.43614095957984,19.824806855187763,20.417022320835372,20.417022320835372,53132899,US_STOCKS
2020-09-14,AMD,20.44784251462434,20.751909735318105,20.48771356816157,20.528609855967716,20.528609855967716,98945601,US_STOCKS
2020-09-15,AMD,19.65107856657558,20.223510187311668,19.570396194858695,19.83383067760942,19.83383067760942,94942705,US_STOCKS
2020-09-16,AMD,19.537306117199122,19.950521163134294,19.35290072626651,19.637062496674464,19.637062496674464,70583777,US_STOCKS
2020-09-17,AMD,19.06165444226186,19.339562547981902,19.104010368738983,19.227778513867378,19.227778513867378,74076924,US_STOCKS
2020-09-18,AMD,19.179064842328803,19.63108681893615,19.174431361222712,19.299051407935362,19.299051407935362,86300870,US_STOCKS
2020-09-21,AMD,19.876428701370756,20.008651666213797,19.493950600711972,19.70218827979195,19.70218827979195,24171719,US_STOCKS
2020-09-22,AMD,19.796569675811426,20.13735549021918,19.58436602288109,19.976445178640574,19.976445178640574,53828076,US_STOCKS
2020-09-23,AMD,19.218044897241843,19.27533424278235,18.652355674149327,19.048875159727064,19.048875159727064,49442952,US_STOCKS
2020-09-24,AMD,19.850898360749063,20.00533335399592,19.575039313419424,19.845906632608596,19.845906632608596,47607714,US_STOCKS
2020-09-25,AMD,20.065541064087345,20.54685749107368,19.785530138749046,19.982954501882084,19.982954501882084,5177846,US_STOCKS
2020-09-28,AMD,19.69114334406174,20.01425833446772,19.5930915318466,19.692602516479525,19.692602516479525,76285996,US_STOCKS
2020-09-29,AMD,19.965961784244385,20.33523786458091,19.657251961722327,19.77418027205461,19.77418027205461,87660960,US_STOCKS
2020-09-30,AMD,19.94487437616395,20.134085908335013,19.54147966038621,19.863634638572055,19.863634638572055,85110417,US_STOCKS
2020-10-01,AMD,19.610783003236026,19.838231418449812,19.328273062878946,19.6185774877561,19.6185774877561,58333850,US_STOCKS
2020-10-02,AMD,19.59325094968668,20.24871786426243,19.31708781272204,19.715852934731235,19.715852934731235,63693622,US_STOCKS
2020-10-05,AMD,19.33986741334616,19.84940193678668,19.425284513350704,19.496032101973032,19.496032101973032,8791069,US_STOCKS
2020-10-06,AMD,19.368432655634415,19.591771014087403,19.015915859828564,19.357859046268956,19.357859046268956,9832994,US_STOCKS
2020-10-07,AMD,19.085138639660542,19.211732198605702,18.545569548087308,19.11151900978838,19.11151900978838,56553871,US_STOCKS
2020-10-08,AMD,18.652682895876247,18.764437669935596,18.530203982476504,18.58302003702542,18.58302003702542,97611215,US_STOCKS
2020-10-09,AMD,18.5760545041881,18.89299917998596,18.292092665918,18.65580469802528,18.65580469802528,3445032,US_STOCKS
2020-10-12,AMD,19.010078696410353,19.196969801801526,18.735155715337253,18.89284514227356,18.89284514227356,7099190,US_STOCKS
2020-10-13,AMD,18.977322243285688,19.619313610647026,18.713068968922695,19.10629030835519,19.10629030835519,25740270,US_STOCKS
2020-10-14,AMD,19.26982797133646,19.84145134499119,19.104905142666016,19.438711196823554,19.438711196823554,41047432,US_STOCKS
2020-10-15,AMD,19.530823685516623,19.711629338578682,19.19083009394554,19.584245021460298,19.584245021460298,97096134,US_STOCKS
2020-10-16,AMD,19.26937758226747,19.742604060706594,19.148354510853363,19.395168732756574,19.395168732756574,45222183,US_STOCKS
2020-10-19,AMD,19.643208355122304,20.22892396316178,19.452900014549225,19.740272348078157,19.740272348078157,54797179,US_STOCKS
2020-10-20,AMD,19.148991553353827,19.32891019220634,19.17451091458301,19.22405730135078,19.22405730135078,71697794,US_STOCKS
2020-10-21,AMD,18.782185037309826,19.288200609332513,18.67568199713054,18.896990193309993,18.896990193309993,42161705,US_STOCKS
2020-10-22,AMD,18.540041537807074,18.75612368215132,18.495478120022284,18.551477597621826,18.551477597621826,31653549,US_STOCKS
2020-10-23,AMD,19.0328851019997,19.349674909456812,18.80786499638274,18.97076179092542,18.97076179092542,46550160,US_STOCKS
2020-10-26,AMD,19.2288206464883,19.46954572143636,19.334063813724292,19.34744087913578,19.34744087913578,89777908,US_STOCKS
2020-10-27,AMD,19.44220585402525,19.68883564675096,19.391319384776633,19.555350505291347,19.555350505291347,13613399,US_STOCKS
2020-10-28,AMD,20.049833986402806,20.039217713786147,19.913647256717788,19.994145140422766,19.994145140422766,64830915,US_STOCKS
2020-10-29,AMD,19.599475579720107,20.080130477181743,19.333717725677722,19.662529134142787,19.662529134142787,26346096,US_STOCKS
2020-10-30,AMD,19.879062915574615,19.888410705250383,19.500338919897445,19.819276897282663,19.819276897282663,44277662,US_STOCKS
2020-11-02,AMD,19.697605624622593,20.14806716472784,19.272181710374866,19.789478841048243,19.789478841048243,99891565,US_STOCKS
2020-11-03,AMD,20.187871875241168,20.389032812826397,20.008355197622436,20.14445542940315,20.14445542940315,26452512,US_STOCKS
2020-11-04,AMD,20.109910728648988,20.339846033834252,19.566648819023523,20.118177296491854,20.118177296491854,37461251,US_STOCKS
2020-11-05,AMD,19.93282831959648,20.21333829316623,19.481852785828686,19.98340848822719,19.98340848822719,65428043,US_STOCKS
2020-11-06,AMD,20.26574472883192,20.422262719556425,19.723445548968908,20.219575814338743,20.219575814338743,4798022,US_STOCKS
2020-11-09,AMD,20.746835528990573,20.91089961517941,20.348062484690132,20.594110768197265,20.594110768197265,50219560,US_STOCKS
2020-11-10,AMD,20.407528093297305,20.347214622687055,19.80761946102061,20.339425379484112,20.339425379484112,45227213,US_STOCKS
2020-11-11,AMD,20.27105465871946,20.41925629887323,20.066825127760065,20.334919923664124,20.334919923664124,50135954,US_STOCKS
2020-11-12,AMD,19.886392347887796,20.330453502737384,19.67320050058718,19.924788733006682,19.924788733006682,96180340,US_STOCKS
2020-11-13,AMD,18.986871445087576,19.40827972113779,18.887080401640354,18.949246761425556,18.949246761425556,40331838,US_STOCKS
2020-11-16,AMD,18.9820251955973,19.36952672293358,18.552191493281466,19.044167188614242,19.044167188614242,8755483,US_STOCKS
2020-11-17,AMD,19.13018873929215,19.78734306880149,19.17192414067348,19.295133263933977,19.295133263933977,67206572,US_STOCKS
2020-11-18,AMD,19.432210736917174,19.900693561183726,19.342700537735958,19.41556067730556,19.41556067730556,13848513,US_STOCKS
2020-11-19,AMD,18.69916455946384,19.208231660169666,18.445400470008686,18.677939561478627,18.677939561478627,33367267,US_STOCKS
2020-11-20,AMD,18.605169541164187,19.083783441250525,18.09941373042683,18.565554612037154,18.565554612037154,99552877,US_STOCKS
2020-11-23,AMD,17.59083535822622,17.82055528869255,17.435690877752577,17.760423036894817,17.760423036894817,82237067,US_STOCKS
2020-11-24,AMD,18.186263873501282,18.395786537286998,17.833496271427904,18.264712882052546,18.264712882052546,6581803,US_STOCKS
2020-11-25,AMD,17.839523005191374,18.157658969886487,17.585572030368393,17.88624809260211,17.88624809260211,73132900,US_STOCKS
2020-11-26,AMD,18.299942571258264,18.690565531281194,18.030917769160524,18.35322354899767,18.35322354899767,55213993,US_STOCKS
2020-11-27,AMD,18.77136540735969,18.864469008608182,18.671236291589672,18.718771912921586,18.718771912921586,12807895,US_STOCKS
2020-11-30,AMD,18.298976266185004,18.67644601594488,17.936399013426072,18.400331776912502,18.400331776912502,70428040,US_STOCKS
2020-12-01,AMD,18.10592509824732,18.191406148501855,17.78332413309389,18.00185972998501,18.00185972998501,39974506,US_STOCKS
2020-12-02,AMD,18.034182466897185,18.17933303836164,17.824324856842594,18.146007899494023,18.146007899494023,98932451,US_STOCKS
2020-12-03,AMD,17.73873837967337,17.882742244063294,17.440111665784926,17.85773169442438,17.85773169442438,26006014,US_STOCKS
2020-12-04,AMD,18.030285155548178,18.290463759185574,17.404019703763996,17.912192290968015,17.912192290968015,41483796,US_STOCKS
2020-12-07,AMD,17.814656874645646,18.00476913582196,17.42121102145459,17.757134470260617,17.757134470260617,45510291,US_STOCKS
2020-12-08,AMD,17.03557486306722,17.403522510829845,16.8704913307642,17.14232621516083,17.14232621516083,81249780,US_STOCKS
2020-12-09,AMD,16.4719864439507,16.721241471025827,16.338991705754978,16.39476033344969,16.39476033344969,72341012,US_STOCKS
2020-12-10,AMD,16.485584385294487,16.92767367409063,16.030548251575517,16.48548377229188,16.48548377229188,6460502,US_STOCKS
2020-12-11,AMD,16.42145523494738,16.335271277799837,16.13708703247451,16.316818233777404,16.316818233777404,54687697,US_STOCKS
2020-12-14,AMD,16.038959697310567,16.514289920838475,16.14859321552232,16.15264173182036,16.15264173182036,17691305,US_STOCKS
2020-12-15,AMD,16.420086169667844,16.744936573658595,15.942782881358747,16.3935951592924,16.3935951592924,70844168,US_STOCKS
2020-12-16,AMD,16.852427227675438,16.99341306990227,16.794080359668136,16.794727506969906,16.794727506969906,12895766,US_STOCKS
2020-12-17,AMD,16.731530971046414,17.05862061149304,16.510584189914923,16.71997594790218,16.71997594790218,73337222,US_STOCKS
2020-12-18,AMD,16.63006813130622,16.65979036175864,16.527044448694664,16.62279988010169,16.62279988010169,84159824,US_STOCKS
2020-12-21,AMD,16.881294545960888,17.25681122926842,16.74642928139159,16.805698230999376,16.805698230999376,99032030,US_STOCKS
2020-12-22,AMD,16.27129950597994,16.372202766874118,15.876691684881957,16.36641893516477,16.36641893516477,28826314,US_STOCKS
2020-12-23,AMD,16.51112767158842,16.543053303808875,16.169385424643004,16.45582968171319,16.45582968171319,90499463,US_STOCKS
2020-12-24,AMD,16.594026572240928,16.988791032304455,16.560040400517895,16.653920342515544,16.653920342515544,62854744,US_STOCKS
2020-12-25,AMD,16.841873816998937,17.004208749377977,16.738387788286275,16.89714425696926,16.89714425696926,18705265,US_STOCKS
2020-12-28,AMD,16.390228942224507,16.45327176324646,16.13988582151827,16.259529605141044,16.259529605141044,45392376,US_STOCKS
2020-12-29,AMD,15.97067390674126,16.3861546638634,15.561196250170182,16.02820356375641,16.02820356375641,44365332,US_STOCKS
2020-12-30,AMD,15.87650928994387,16.03027788571842,15.688338401953052,15.76269212334374,15.76269212334374,69371651,US_STOCKS
2020-12-31,AMD,15.814192534752364,16.118526153578948,15.387967301558044,15.809944561656904,15.809944561656904,44603022,US_STOCKS
2021-01-01,AMD,16.105963848332145,16.33758581161439,15.74356096280222,15.977765409307537,15.977765409307537,60718991,US_STOCKS
2021-01-04,AMD,16.414564291564666,16.958080107511893,16.142246180384067,16.472024930233665,16.472024930233665,5340838,US_STOCKS
2021-01-05,AMD,16.268825823383928,16.63071166395175,16.29784532209381,16.32543528051934,16.32543528051934,3364534,US_STOCKS
2021-01-06,AMD,16.1631275080375,16.340779779812937,15.966558036990882,16.17929896342959,16.17929896342959,27006637,US_STOCKS
2021-01-07,AMD,16.456400260675014,16.910017402940447,16.31174136101454,16.567496008459603,16.567496008459603,20815266,US_STOCKS
2021-01-08,AMD,16.622140859509063,16.978516369185975,16.646185625459225,16.682334249374104,16.682334249374104,15597847,US_STOCKS
2021-01-11,AMD,16.975826837355182,17.539218359376985,16.735482586967606,17.12196430805072,17.12196430805072,75577980,US_STOCKS
2021-01-12,AMD,17.31253822766938,17.58412321985406,16.991287084298946,17.237958083604155,17.237958083604155,64585538,US_STOCKS
2021-01-13,AMD,16.700639445509065,17.17053663979617,16.462905999306763,16.856269486263336,16.856269486263336,50535477,US_STOCKS
2021-01-14,AMD,16.376891188763793,16.560385496411392,16.106978807809586,16.42369433959133,16.42369433959133,69587318,US_STOCKS
2021-01-15,AMD,16.048680663949256,16.0940932322765,15.5626013481986,15.930486775077407,15.930486775077407,56574226,US_STOCKS
2021-01-18,AMD,16.28106591146625,16.41319482503454,15.906447579440245,16.1573534218132,16.1573534218132,58209831,US_STOCKS
2021-01-19,AMD,16.640163644392967,17.03679119446705,16.52106137115993,16.557602354168235,16.557602354168235,6290025,US_STOCKS
2021-01-20,AMD,17.336979893133666,17.459782510526995,16.869537619593267,17.18658001544098,17.18658001544098,48759936,US_STOCKS
2021-01-21,AMD,17.35140091648961,17.89666726616419,17.101419774243094,17.493568540564787,17.493568540564787,31858628,US_STOCKS
2021-01-22,AMD,17.848470296309525,18.36827693035043,17.879011319902258,17.917906036259772,17.917906036259772,88229409,US_STOCKS
2021-01-25,AMD,17.64169249226268,18.04334286064457,17.2301720669191,17.72797037933634,17.72797037933634,68134127,US_STOCKS
2021-01-26,AMD,17.306011894619285,17.69428657966889,17.156786613250524,17.335680242807054,17.335680242807054,28448583,US_STOCKS
2021-01-27,AMD,17.823056839098033,18.045242741713118,17.306414283520002,17.64774999280606,17.64774999280606,36173674,US_STOCKS
2021-01-28,AMD,17.65220591038317,17.829416569158116,17.516674319924583,17.812820252645427,17.812820252645427,76441239,US_STOCKS
2021-01-29,AMD,17.8822693278548,18.31962822350791,17.850991947278537,17.868910819443915,17.868910819443915,37308455,US_STOCKS
2021-02-01,AMD,17.930430589478068,18.267083639897336,17.98607985143651,18.025217859091892,18.025217859091892,95459032,US_STOCKS
2021-02-02,AMD,18.059240581163422,18.66221928923057,17.92772941845603,18.159752851555083,18.159752851555083,98566889,US_STOCKS
2021-02-03,AMD,18.664346035908846,19.164827244663233,18.641196715426915,18.644188542038645,18.644188542038645,75075641,US_STOCKS
2021-02-04,AMD,19.300045671845133,19.22596333003095,19.09049990290647,19.145711838631673,19.145711838631673,43032688,US_STOCKS
2021-02-05,AMD,19.541282645020246,19.688480939739193,19.066690936426685,19.373247271322843,19.373247271322843,14971485,US_STOCKS
2021-02-08,AMD,19.523447476164435,20.19962661098868,19.668529479089816,19.720339482453298,19.720339482453298,63751132,US_STOCKS
2021-02-09,AMD,20.10818192296322,20.067642744113307,19.54478729810363,19.94280958291641,19.94280958291641,8791159,US_STOCKS
2021-02-10,AMD,19.819855059130003,19.876083230107227,19.34212337627954,19.778811989471908,19.778811989471908,30821898,US_STOCKS
2021-02-11,AMD,20.083154555942112,20.459288120548266,19.994602889432784,20.097869810721033,20.097869810721033,74422144,US_STOCKS
2021-02-12,AMD,19.480243079400328,19.9460690123201,19.464571735257557,19.557440073619237,19.557440073619237,69123648,US_STOCKS
2021-02-15,AMD,19.840581278924724,20.244302344413303,19.840982189468917,19.989225931255266,19.989225931255266,75089149,US_STOCKS
2021-02-16,AMD,19.438706334967677,20.048305547436854,19.009101413819373,19.531663378725508,19.531663378725508,20447690,US_STOCKS
2021-02-17,AMD,19.70761000437294,19.71458265073244,19.43187738166138,19.662839313908396,19.662839313908396,71618851,US_STOCKS
2021-02-18,AMD,19.411836865337303,19.71278097890099,19.186123468783958,19.350139623621363,19.350139623621363,38424469,US_STOCKS
2021-02-19,AMD,19.42813754775895,20.00608564410879,19.287613346952636,19.583652845018264,19.583652845018264,71167797,US_STOCKS
2021-02-22,AMD,19.491585230508587,19.780620750532023,19.3935310595532,19.589948900918063,19.589948900918063,3548498,US_STOCKS
2021-02-23,AMD,18.924361878260093,19.442230349109753,18.473666406306496,18.984715095221894,18.984715095221894,52303613,US_STOCKS
2021-02-24,AMD,19.146382253766575,19.181158232241252,18.65797975336237,19.163437063028134,19.163437063028134,2288011,US_STOCKS
2021-02-25,AMD,19.1297605599455,19.239383900271815,18.766597891913353,18.96110153140616,18.96110153140616,92497625,US_STOCKS
2021-02-26,AMD,19.130492609535352,19.651105807512128,18.996146892609886,19.314212881685727,19.314212881685727,22712719,US_STOCKS
2021-03-01,AMD,19.306541323476406,19.71236612279664,18.91228769561229,19.334039187256035,19.334039187256035,1070969,US_STOCKS
2021-03-02,AMD,19.67670258515047,19.602553237353415,19.36958639798528,19.506274922982406,19.506274922982406,27083871,US_STOCKS
2021-03-03,AMD,18.975173823993313,19.222910732174828,18.585485731973225,19.152209132020594,19.152209132020594,32206457,US_STOCKS
2021-03-04,AMD,18.799853862982612,19.00643153498467,18.536702580839933,18.94562105826187,18.94562105826187,85602297,US_STOCKS
2021-03-05,AMD,18.69944167225971,18.80256998641956,18.665021720809587,18.790782803275146,18.790782803275146,6595053,US_STOCKS
2021-03-08,AMD,18.979782511450672,19.379198181909576,18.999575044511058,19.131535790743722,19.131535790743722,52078641,US_STOCKS
2021-03-09,AMD,19.69490390678279,20.350950387716317,19.25455689604849,19.792483322332952,19.792483322332952,57113804,US_STOCKS
2021-03-10,AMD,19.436792975863852,19.71644599705797,19.252694958451077,19.49354883629559,19.49354883629559,73030352,US_STOCKS
2021-03-11,AMD,19.91359474668257,20.445186931080375,19.368318544396733,19.93287422307506,19.93287422307506,34258669,US_STOCKS
2021-03-12,AMD,19.11101949771374,19.14228170037448,18.973053268732034,19.08784895585468,19.08784895585468,41933110,US_STOCKS
2021-03-15,AMD,18.54145412943143,19.141509785148678,18.56248053610291,18.651046666555892,18.651046666555892,46110421,US_STOCKS
2021-03-16,AMD,18.350764681094148,18.69213674107213,18.101609677402507,18.31205327863789,18.31205327863789,87040807,US_STOCKS
2021-03-17,AMD,17.85939057833086,18.07018002454566,17.79904396446974,17.835021108299344,17.835021108299344,47004257,US_STOCKS
2021-03-18,AMD,17.39888703908521,17.606714842015588,16.856397009805907,17.287989482233257,17.287989482233257,49907155,US_STOCKS
2021-03-19,AMD,17.314933706220597,17.45521556065737,17.289357958837236,17.44807588869973,17.44807588869973,70101056,US_STOCKS
2021-03-22,AMD,17.491779745689787,17.54512412807883,17.132227693969295,17.390822575882932,17.390822575882932,42690771,US_STOCKS
2021-03-23,AMD,17.50878791383234,17.661913757760512,17.468417638608045,17.54017683754047,17.54017683754047,20472167,US_STOCKS
2021-03-24,AMD,17.641636162367618,17.90573871799875,17.79502401268119,17.79993727469927,17.79993727469927,63098581,US_STOCKS
2021-03-25,AMD,17.846513765269982,18.435234227406788,17.808199010642348,17.912296528325278,17.912296528325278,35237028,US_STOCKS
2021-03-26,AMD,18.114201082771757,18.170455664229173,17.708502037058864,18.165849805985975,18.165849805985975,4167451,US_STOCKS
2021-03-29,AMD,18.31861573578199,18.644722138951,17.867021082075695,18.158753394421083,18.158753394421083,54815961,US_STOCKS
2021-03-30,AMD,17.8004040679138,17.951881405408177,17.401260927681072,17.745825743434455,17.745825743434455,5432070,US_STOCKS
2021-03-31,AMD,17.977224624829176,18.38781846907628,17.839919203791617,18.13900729161349,18.13900729161349,88893946,US_STOCKS
2021-04-01,AMD,17.80155324354529,18.386261831791995,17.830359034549463,17.943428113463202,17.943428113463202,40014281,US_STOCKS
2021-04-02,AMD,17.56096554383715,17.837204931685477,17.546038169727556,17.62561544297535,17.62561544297535,50853437,US_STOCKS
2021-04-05,AMD,17.686583505894717,17.81339477955263,17.32176552226549,17.580522817231138,17.580522817231138,85027990,US_STOCKS
2021-04-06,AMD,17.348351413105696,17.53135909997528,17.143582089164568,17.277149476158165,17.277149476158165,88607747,US_STOCKS
2021-04-07,AMD,17.176604768564477,17.26396816613742,17.011722865199648,17.1501864835239,17.1501864835239,80510175,US_STOCKS
2021-04-08,AMD,17.127756392290895,17.79980822268066,17.21775322217066,17.285348448311446,17.285348448311446,79810784,US_STOCKS
2021-04-09,AMD,17.386391248497194,17.68033529636013,16.962749181893695,17.42305796359896,17.42305796359896,41878207,US_STOCKS
2021-04-12,AMD,17.140465692678994,17.152953695432046,17.12641591642679,17.127622115786643,17.127622115786643,25235187,US_STOCKS
2021-04-13,AMD,17.03900272888374,17.039448986357904,16.919742629978106,16.977685071268333,16.977685071268333,41685100,US_STOCKS
2021-04-14,AMD,17.41078391750275,17.73029198800148,17.266522303215563,17.35945650467277,17.35945650467277,8879226,US_STOCKS
2021-04-15,AMD,17.703732652520777,17.68639497322421,17.099895242004717,17.549160686231776,17.549160686231776,86485653,US_STOCKS
2021-04-16,AMD,18.394738983947416,18.38768728382803,17.843976549029342,18.295022843116197,18.295022843116197,77155805,US_STOCKS
2021-04-19,AMD,18.781388999142507,18.934754156178595,18.597504587727173,18.745127303887436,18.745127303887436,13067031,US_STOCKS
2021-04-20,AMD,19.196616138545004,19.52985590737409,18.985968411329345,19.192870816053563,19.192870816053563,48060547,US_STOCKS
2021-04-21,AMD,18.628330908235984,19.038526769876118,18.174272775160848,18.679320050898383,18.679320050898383,17228105,US_STOCKS
2021-04-22,AMD,18.938342008405318,19.06359202371363,18.627461098207537,18.98336721059633,18.98336721059633,73158180,US_STOCKS
2021-04-23,AMD,19.146160630300468,19.14099563656419,18.441075036671663,18.982187659447074,18.982187659447074,7263004,US_STOCKS
2021-04-26,AMD,18.83070976335485,18.824202177212598,18.288119097604827,18.79199304727245,18.79199304727245,53451096,US_STOCKS
2021-04-27,AMD,18.93785728734427,19.34478399202908,18.788823328952436,18.87393190254217,18.87393190254217,4820564,US_STOCKS
2021-04-28,AMD,19.39546923003874,19.43147318517614,19.175119214021496,19.249602997199805,19.249602997199805,47377662,US_STOCKS
2021-04-29,AMD,19.499932791799893,19.479750974880183,19.301170938550626,19.46166878610274,19.46166878610274,4247187,US_STOCKS
2021-04-30,AMD,19.108704794710338,19.653144062682014,18.574983726284202,19.139199131709088,19.139199131709088,64067707,US_STOCKS
2021-05-03,AMD,19.3109672592239,19.97090009283804,19.14142464663371,19.44253971072803,19.44253971072803,16221181,US_STOCKS
2021-05-04,AMD,19.376117423743935,19.65067740718579,18.792285049521823,19.21405582832121,19.21405582832121,71208889,US_STOCKS
2021-05-05,AMD,19.200769175692383,19.43881467280297,18.91767399754183,19.316537115046224,19.316537115046224,22752552,US_STOCKS
2021-05-06,AMD,19.19508723902572,19.66953101616434,18.766664683775904,19.218660195415794,19.218660195415794,45872915,US_STOCKS
2021-05-07,AMD,19.265683208612508,19.635635163804046,18.777510152058937,19.153752533204184,19.153752533204184,23614159,US_STOCKS
2021-05-10,AMD,19.37845115313214,19.650299897438902,19.398222065611783,19.46643485222203,19.46643485222203,28042802,US_STOCKS
2021-05-11,AMD,18.970071189252746,19.34156681986111,18.56090918658863,19.08092402146452,19.08092402146452,11343551,US_STOCKS
2021-05-12,AMD,19.92973989883241,20.251446164207213,19.785327749265964,19.842327333870085,19.842327333870085,92334668,US_STOCKS
2021-05-13,AMD,19.165688387460445,19.34832344107898,18.70508533743788,19.139477943402113,19.139477943402113,26479180,US_STOCKS
2021-05-14,AMD,19.00309866394493,18.952388272486772,18.45314076595276,18.9298364725227,18.9298364725227,45368913,US_STOCKS
2021-05-17,AMD,19.141113741876858,19.215623099610802,18.701188992999715,19.08892731973084,19.08892731973084,77451787,US_STOCKS
2021-05-18,AMD,19.32073849164325,19.689334993151245,19.066456468533335,19.331094860150028,19.331094860150028,89515045,US_STOCKS
2021-05-19,AMD,19.310756851487405,19.799279524165257,18.84731861367163,19.311579841299906,19.311579841299906,41639977,US_STOCKS
2021-05-20,AMD,19.204490830160605,19.54395316890567,18.83012918741699,19.308725318277954,19.308725318277954,23535621,US_STOCKS
2021-05-21,AMD,19.49610163533764,19.957820035263413,19.279936028212468,19.486578020135962,19.486578020135962,64578754,US_STOCKS
2021-05-24,AMD,19.317233134496348,19.479662652726585,18.953296379595077,19.41600953014507,19.41600953014507,10797893,US_STOCKS
2021-05-25,AMD,19.885086298655246,20.48888685276464,19.768789409569084,19.976425951300893,19.976425951300893,97331489,US_STOCKS
2021-05-26,AMD,20.526823021391195,20.495381885279773,20.306751521266097,20.331746285806943,20.331746285806943,70801265,US_STOCKS
2021-05-27,AMD,20.686700448514966,20.76958756809007,20.267478670256924,20.706998897227166,20.706998897227166,4086316,US_STOCKS
2021-05-28,AMD,20.478085841971016,20.412135890720226,20.249943493243602,20.327581772016796,20.327581772016796,18391557,US_STOCKS
2021-05-31,AMD,20.502645916355757,20.738099107788514,19.827222739002206,20.315633860011644,20.315633860011644,40365863,US_STOCKS
2021-06-01,AMD,20.147691316786275,20.356061221208826,19.922393719382423,20.21386636983944,20.21386636983944,55631044,US_STOCKS
2021-06-02,AMD,19.879793815071583,19.980479209957608,19.26325414310723,19.82753839961901,19.82753839961901,17806091,US_STOCKS
2021-06-03,AMD,20.17635922420291,19.999098622811044,19.701655511756147,19.990189321765673,19.990189321765673,34003415,US_STOCKS
2021-06-04,AMD,19.775084430265338,20.134119742707117,19.53654911742062,19.795226701366182,19.795226701366182,42069838,US_STOCKS
2021-06-07,AMD,20.167935396608232,20.487557959552035,19.57267416348782,20.074499275924133,20.074499275924133,25745939,US_STOCKS
2021-06-08,AMD,19.707979929592778,20.0101365334658,19.446776839181755,19.664902580111608,19.664902580111608,49119696,US_STOCKS
2021-06-09,AMD,20.28483242657406,20.447304184872984,20.230068775610732,20.360662806347516,20.360662806347516,11445850,US_STOCKS
2021-06-10,AMD,20.089311432289414,20.412779007821612,19.445204103748644,20.016024928675662,20.016024928675662,73238162,US_STOCKS
2021-06-11,AMD,19.94354108731531,20.657664219010368,19.603022268562047,20.123832174570754,20.123832174570754,44888711,US_STOCKS
2021-06-14,AMD,20.497800613816302,21.061855681519063,20.135889973571075,20.462660884107745,20.462660884107745,90626861,US_STOCKS
2021-06-15,AMD,20.08072125286531,20.365648756547277,19.981833944114655,20.249587112792927,20.249587112792927,58890924,US_STOCKS
2021-06-16,AMD,20.745460706906957,21.226272521988133,20.37459332607751,20.615079461028117,20.615079461028117,5694147,US_STOCKS
2021-06-17,AMD,20.25014521226829,20.49386576480159,20.00900670798628,20.128900189672187,20.128900189672187,49988017,US_STOCKS
2021-06-18,AMD,20.83409910424516,21.212822485432984,20.42285278947021,20.7336197344719,20.7336197344719,31216238,US_STOCKS
2021-06-21,AMD,20.956920674611904,21.173367289299815,20.505967634246765,20.760220663792822,20.760220663792822,28765859,US_STOCKS
2021-06-22,AMD,20.62825459630648,20.68253334649912,20.427574805765317,20.533348235739872,20.533348235739872,53453555,US_STOCKS
2021-06-23,AMD,20.345202088415576,20.81649267450457,20.358729299638274,20.431017513594842,20.431017513594842,65839169,US_STOCKS
2021-06-24,AMD,20.691918821120133,20.78214086613471,20.702849892133475,20.78198940630938,20.78198940630938,93427922,US_STOCKS
2021-06-25,AMD,20.710903636723362,20.70393751140311,20.07975226850369,20.55984852204174,20.55984852204174,61248587,US_STOCKS
2021-06-28,AMD,20.463200952812006,20.49948985634319,19.85783205566717,20.272274758896593,20.272274758896593,7290036,US_STOCKS
2021-06-29,AMD,20.160804289629635,20.78687834236123,19.876059530081985,20.202726018148116,20.202726018148116,29500070,US_STOCKS
2021-06-30,AMD,19.597398872094193,20.164156955102683,19.36534551920278,19.747371882205616,19.747371882205616,38019932,US_STOCKS
2021-07-01,AMD,20.67089934459111,20.49978390264396,20.29947453979926,20.486138405648042,20.486138405648042,92185879,US_STOCKS
2021-07-02,AMD,20.201950681076156,20.427989239119633,19.9496272751227,20.274559784296983,20.274559784296983,82556373,US_STOCKS
2021-07-05,AMD,20.468289730435966,21.215741074960153,20.13992818246891,20.632047629062072,20.632047629062072,18943775,US_STOCKS
2021-07-06,AMD,20.827052763901953,20.97862671517841,20.488818536388802,20.739115611544822,20.739115611544822,78545719,US_STOCKS
2021-07-07,AMD,20.539854601157483,20.428816479304434,20.094673888033068,20.351487417227407,20.351487417227407,48613219,US_STOCKS
2021-07-08,AMD,20.31902604183361,20.59135366213877,20.33747469516831,20.369415160852313,20.369415160852313,68868323,US_STOCKS
2021-07-09,AMD,20.682759198024083,20.83019872476793,20.20219664302168,20.70917813799402,20.70917813799402,80453514,US_STOCKS
2021-07-12,AMD,20.646291787498658,20.83681987441143,20.256577510178534,20.651912565636035,20.651912565636035,29527061,US_STOCKS
2021-07-13,AMD,21.053615988710085,21.629214058404955,21.139760809529346,21.165365762974552,21.165365762974552,10382078,US_STOCKS
2021-07-14,AMD,21.40569166984295,21.718140182144783,21.574201328827748,21.61894606715226,21.61894606715226,99584434,US_STOCKS
2021-07-15,AMD,21.944800797397452,22.136570963237745,21.878552996451926,22.037884426882684,22.037884426882684,93676431,US_STOCKS
2021-07-16,AMD,21.866138025798286,22.096543486348523,21.28462502497252,21.85732505484184,21.85732505484184,40104036,US_STOCKS
2021-07-19,AMD,21.336493162271676,21.540252768176785,21.164506626057005,21.407133032113162,21.407133032113162,32351751,US_STOCKS
2021-07-20,AMD,21.240892869766917,21.349714946175496,20.799329660429542,21.165837135248136,21.165837135248136,7523324,US_STOCKS
2021-07-21,AMD,21.138748992066787,21.5300412692376,20.67220561976278,21.270075048171776,21.270075048171776,38347946,US_STOCKS
2021-07-22,AMD,21.594152674792394,21.68823488599718,21.441497305209456,21.523523610362513,21.523523610362513,6795123,US_STOCKS
2021-07-23,AMD,20.53004023801162,20.707732760153018,20.502657802069052,20.610249765933883,20.610249765933883,76315171,US_STOCKS
2021-07-26,AMD,20.42777455747848,20.972702827479594,20.39269534574205,20.627515713467425,20.627515713467425,51148449,US_STOCKS
2021-07-27,AMD,20.739391498972502,20.908089952898,20.529982080504585,20.71336298877057,20.71336298877057,73606783,US_STOCKS
2021-07-28,AMD,20.772206791629078,20.738224644738448,20.55871452702697,20.61909885322909,20.61909885322909,89881784,US_STOCKS
2021-07-29,AMD,21.10865509739045,21.5223943373153,20.943846257118633,21.17221601074746,21.17221601074746,13454431,US_STOCKS
2021-07-30,AMD,21.410172501534817,21.708687732558417,21.241837322570547,21.371988603579577,21.371988603579577,45735035,US_STOCKS
2021-08-02,AMD,22.08376880246138,22.342244335350763,21.88955881009117,21.953388722743302,21.953388722743302,55254128,US_STOCKS
2021-08-03,AMD,21.969241197943056,22.40086370733106,21.467558198355896,21.880520806425753,21.880520806425753,16113158,US_STOCKS
2021-08-04,AMD,22.406441698799142,22.766050014353187,22.296300387239132,22.31265124283925,22.31265124283925,41763019,US_STOCKS
2021-08-05,AMD,22.987558446276584,23.527809209184998,22.91506452513697,23.06461721848168,23.06461721848168,59496320,US_STOCKS
2021-08-06,AMD,23.88855574248093,24.259820089807643,23.037799783252044,23.692755982009437,23.692755982009437,97872090,US_STOCKS
2021-08-09,AMD,22.971893245033005,23.63233982554722,22.911608860933267,23.198931852573253,23.198931852573253,86125594,US_STOCKS
2021-08-10,AMD,22.989746904325674,23.784414333315784,22.679049309758163,23.10443050371515,23.10443050371515,79560202,US_STOCKS
2021-08-11,AMD,22.777678948755835,23.094448286691822,22.445466917976148,22.968038255230862,22.968038255230862,3176665,US_STOCKS
2021-08-12,AMD,23.362881837069246,23.225465739234636,22.758085417971316,23.21575063104966,23.21575063104966,37144298,US_STOCKS
2021-08-13,AMD,23.61018177701285,24.049556582875148,23.315613294233557,23.557650641239746,23.557650641239746,11688282,US_STOCKS
2021-08-16,AMD,22.98639799440489,23.595612919095732,22.82380463177924,23.18596148107711,23.18596148107711,74477899,US_STOCKS
2021-08-17,AMD,23.24513064891065,23.535142344076455,22.96305185445693,23.240605465970418,23.240605465970418,3618243,US_STOCKS
2021-08-18,AMD,22.251535811631175,22.978647698848587,21.739896604645025,22.324959387504972,22.324959387504972,33608428,US_STOCKS
2021-08-19,AMD,23.031481899916752,23.575520442338814,22.686749994815358,22.99111162076333,22.99111162076333,2777828,US_STOCKS
2021-08-20,AMD,22.58466138212424,23.127281108798545,22.11603037220964,22.77850166520406,22.77850166520406,69627744,US_STOCKS
2021-08-23,AMD,22.630838498005833,22.956404791922353,22.29852654741384,22.82673010380472,22.82673010380472,84302536,US_STOCKS
2021-08-24,AMD,22.761643647865466,23.147201558055738,22.68888625785603,22.708191024950008,22.708191024950008,83024495,US_STOCKS
2021-08-25,AMD,23.38543942608694,23.432071241933794,22.757052052508175,23.251383477840257,23.251383477840257,22270606,US_STOCKS
2021-08-26,AMD,21.75327376215297,22.08759513637111,21.83746132300489,21.95511585352265,21.95511585352265,34437051,US_STOCKS
2021-08-27,AMD,21.933944401810134,22.304951915862514,21.655552034995655,21.96977732957353,21.96977732957353,27796785,US_STOCKS
2021-08-30,AMD,21.738601460718282,22.343624022189704,21.68470922960737,21.945250816112775,21.945250816112775,30568543,US_STOCKS
2021-08-31,AMD,21.927844914137165,22.255748109056988,21.207935179593502,21.768092780828592,21.768092780828592,50003296,US_STOCKS
2021-09-01,AMD,22.3750075840688,23.01220811819051,22.402038357326568,22.541394065731932,22.541394065731932,44681737,US_STOCKS
2021-09-02,AMD,21.971076996938823,22.71266425121747,22.080162516787528,22.16390259983365,22.16390259983365,90406653,US_STOCKS
2021-09-03,AMD,22.6922959093988,22.842173027574727,22.0251088295928,22.528186808416987,22.528186808416987,62325062,US_STOCKS
2021-09-06,AMD,22.848893992606495,23.005434326093425,22.175829275913404,22.711229582725206,22.711229582725206,46783224,US_STOCKS
2021-09-07,AMD,23.512505265250333,23.647029443323657,22.983486498611203,23.306953879655175,23.306953879655175,78722114,US_STOCKS
2021-09-08,AMD,23.167307525593408,23.40217576721752,22.895093561659184,23.019257928976458,23.019257928976458,47308064,US_STOCKS
2021-09-09,AMD,22.917379308534763,23.217721870775527,22.15230993320157,22.704829184048478,22.704829184048478,4249724,US_STOCKS
2021-09-10,AMD,23.210326169775865,23.67579384712592,22.646923976344066,23.225255613693527,23.225255613693527,5878091,US_STOCKS
2021-09-13,AMD,23.611310749365277,23.83177977918023,23.3072578256228,23.44604479138557,23.44604479138557,32408266,US_STOCKS
2021-09-14,AMD,22.645837021412976,23.107269689749046,22.70976964984795,22.745037431575604,22.745037431575604,16695079,US_STOCKS
2021-09-15,AMD,22.663304496729904,22.612049225537273,22.3647525244119,22.52245221418711,22.52245221418711,45883689,US_STOCKS
2021-09-16,AMD,22.72679975966875,23.239474824640315,22.414131728233745,22.71902036355497,22.71902036355497,79196597,US_STOCKS
2021-09-17,AMD,23.177132052279344,23.200857164835526,23.0139602763488,23.122403032102024,23.122403032102024,44266338,US_STOCKS
2021-09-20,AMD,22.78433331252142,23.34070160484643,22.43364499072269,22.83141653683642,22.83141653683642,39425175,US_STOCKS
2021-09-21,AMD,21.381788178569753,21.669986066159808,21.151911942212784,21.523516105403633,21.523516105403633,42920441,US_STOCKS
2021-09-22,AMD,21.77677119327417,21.88174249886634,21.337322198553576,21.77027167480767,21.77027167480767,85401335,US_STOCKS
2021-09-23,AMD,21.157780139695312,21.57420589586245,20.638495645969453,21.260707687473097,21.260707687473097,33990932,US_STOCKS
2021-09-24,AMD,20.462992234452656,20.47943254764069,20.05284682983186,20.424167385290993,20.424167385290993,9873545,US_STOCKS
2021-09-27,AMD,19.46478487308719,19.701736746983183,18.831581461233096,19.28763357704478,19.28763357704478,70706331,US_STOCKS
2021-09-28,AMD,19.656127820519533,19.88574753535245,19.115654329670644,19.620916502026258,19.620916502026258,95726731,US_STOCKS
2021-09-29,AMD,19.69062968906479,20.24129522209965,19.346416851599347,19.691009263630274,19.691009263630274,54300034,US_STOCKS
2021-09-30,AMD,19.603969591678734,19.74503051560281,19.61964263841754,19.62183223523386,19.62183223523386,24909116,US_STOCKS
2021-10-01,AMD,20.19048367525851,20.416660637760028,19.914956934146087,20.186558127883252,20.186558127883252,98084173,US_STOCKS
2021-10-04,AMD,20.40277183980474,20.74165738382261,20.382084443556245,20.464052521214736,20.464052521214736,5747815,US_STOCKS
2021-10-05,AMD,21.26251395178266,21.508068188550503,20.663460781160953,21.14603755302201,21.14603755302201,15836417,US_STOCKS
2021-10-06,AMD,20.607728947430644,20.734751773440834,20.437374034989933,20.57816685865765,20.57816685865765,2141075,US_STOCKS
2021-10-07,AMD,20.432340041188542,20.77550937297625,20.512348441444207,20.5845252554204,20.5845252554204,98599985,US_STOCKS
2021-10-08,AMD,19.863208755878105,20.01748215953705,19.82043603668779,19.939524234727955,19.939524234727955,59182619,US_STOCKS
2021-10-11,AMD,19.694756704600362,20.382033203039935,19.29489633726835,19.867988267661673,19.867988267661673,25427994,US_STOCKS
2021-10-12,AMD,19.769314957824154,19.802206922193978,19.40869460476929,19.789066318613514,19.789066318613514,41978679,US_STOCKS
2021-10-13,AMD,19.96461927047375,20.181312434151565,19.66332793402087,20.056857361411055,20.056857361411055,42205486,US_STOCKS
2021-10-14,AMD,19.96644542488795,20.510624954514395,19.754534510476265,20.095191584070378,20.095191584070378,86008533,US_STOCKS
2021-10-15,AMD,20.210028027262688,20.84585921982838,19.95433451055377,20.365836493226684,20.365836493226684,12386082,US_STOCKS
2021-10-18,AMD,20.7532747728945,20.946564838233193,20.086662938880345,20.672725264405518,20.672725264405518,15019523,US_STOCKS
2021-10-19,AMD,21.646022314911757,21.83170683824997,20.964795905846568,21.584362959908532,21.584362959908532,33667514,US_STOCKS
2021-10-20,AMD,21.668298903877176,22.05048042327197,21.295685247946455,21.469837773913625,21.469837773913625,80550635,US_STOCKS
2021-10-21,AMD,21.296253967724784,21.24707444418798,20.810922826048422,21.087235517189995,21.087235517189995,52497892,US_STOCKS
2021-10-22,AMD,21.125108361090273,21.221821198225257,21.072025061891836,21.212107215769162,21.212107215769162,28911751,US_STOCKS
2021-10-25,AMD,20.86939094213352,21.000203432448217,20.345612317513368,20.892958323929847,20.892958323929847,70786202,US_STOCKS
2021-10-26,AMD,21.354463763740398,21.953057388889196,21.11084462291823,21.53310217370665,21.53310217370665,95665896,US_STOCKS
2021-10-27,AMD,21.21963228273094,21.59207960334358,20.836112724835356,21.432664016479464,21.432664016479464,93281257,US_STOCKS
2021-10-28,AMD,21.305240599968627,21.698953863159833,21.15344535173416,21.211660515129868,21.211660515129868,51873707,US_STOCKS
2021-10-29,AMD,20.920012501188285,21.14727075650065,20.521632953390142,21.032924394194975,21.032924394194975,14368775,US_STOCKS
2021-11-01,AMD,21.3427760889181,21.95749867798474,21.237105900454136,21.3561657056162,21.3561657056162,97821348,US_STOCKS
2021-11-02,AMD,21.520811424651836,21.665352911925723,21.20137146590794,21.31014445705276,21.31014445705276,32294383,US_STOCKS
2021-11-03,AMD,21.026173789051175,21.253386596365196,20.880685843631404,21.057974348904292,21.057974348904292,97250741,US_STOCKS
2021-11-04,AMD,21.629413951426603,22.259576581821573,21.78014299433805,21.780411082517492,21.780411082517492,60022084,US_STOCKS
2021-11-05,AMD,21.607503695017325,21.614343109053078,21.309966469788158,21.42923687187868,21.42923687187868,65516299,US_STOCKS
2021-11-08,AMD,21.557182835286156,21.90898520434682,21.260276370815973,21.465909185251675,21.465909185251675,25968037,US_STOCKS
2021-11-09,AMD,21.96590552487441,22.370357487163627,21.468783877794397,21.767421986665852,21.767421986665852,84773192,US_STOCKS
2021-11-10,AMD,21.058890754682913,21.3473609724122,20.97985807450101,21.078990213650265,21.078990213650265,43214199,US_STOCKS
2021-11-11,AMD,21.318478846674147,21.316919310302147,21.018715315874783,21.30253733204668,21.30253733204668,78354265,US_STOCKS
2021-11-12,AMD,20.949477201998032,21.272064381677662,20.30472018473717,20.8743104564537,20.8743104564537,2785168,US_STOCKS
2021-11-15,AMD,21.262917545543747,21.74035286176855,20.893767677089087,21.23868523101722,21.23868523101722,33065659,US_STOCKS
2021-11-16,AMD,20.6993241806092,21.40621280949652,20.556538867380585,20.85101507965889,20.85101507965889,87933404,US_STOCKS
2021-11-17,AMD,21.197098776820198,21.588757470542625,20.650201410473382,21.160764845334572,21.160764845334572,66256398,US_STOCKS
2021-11-18,AMD,21.60578896619694,21.98353490052911,21.128354671769166,21.64993107966106,21.64993107966106,37991379,US_STOCKS
2021-11-19,AMD,21.995255524884033,22.107865296768296,21.43973289600406,22.044581838929776,22.044581838929776,10012595,US_STOCKS
2021-11-22,AMD,22.24316780181817,22.452337575943478,21.90756196221801,22.177429829160115,22.177429829160115,68275631,US_STOCKS
2021-11-23,AMD,21.905695332913066,22.49058780119425,21.58522613370566,22.097014050364432,22.097014050364432,82993063,US_STOCKS
2021-11-24,AMD,21.720295138419267,22.453013046643683,21.433981445767426,21.864368034871273,21.864368034871273,88303625,US_STOCKS
2021-11-25,AMD,22.522864919471218,22.895849443574665,21.908333169462313,22.529497280347908,22.529497280347908,90091044,US_STOCKS
2021-11-26,AMD,22.213786495816993,22.41990336833962,21.974555208122524,22.236841264420587,22.236841264420587,39388668,US_STOCKS
2021-11-29,AMD,21.704939726455887,21.973490423801167,21.23477683928255,21.79785663251117,21.79785663251117,7916330,US_STOCKS
2021-11-30,AMD,22.18826551655098,22.224356946028227,21.881218886467547,22.109726822215126,22.109726822215126,7092760,US_STOCKS
2021-12-01,AMD,21.679590690391155,22.28187067288076,21.20152578806679,21.77978920440604,21.77978920440604,22931188,US_STOCKS
2021-12-02,AMD,21.372132763458957,21.689500186233445,20.827211678409466,21.387725339498186,21.387725339498186,76517106,US_STOCKS
2021-12-03,AMD,20.797042762806534,21.209982157778665,20.26306869258154,20.79160483567337,20.79160483567337,1944356,US_STOCKS
2021-12-06,AMD,20.571555217913843,21.172578674418567,20.153816235514494,20.61158702944261,20.61158702944261,54741296,US_STOCKS
2021-12-07,AMD,20.61031327735362,20.813002964576004,20.27644882467702,20.598100858198354,20.598100858198354,65882936,US_STOCKS
2021-12-08,AMD,20.685015048898702,21.162736336169264,20.183531445073427,20.718843517539526,20.718843517539526,16313799,US_STOCKS
2021-12-09,AMD,21.113281791880016,21.392451646231418,20.697900145652664,21.13376166531505,21.13376166531505,25736879,US_STOCKS
2021-12-10,AMD,21.4375666949582,21.940360606281732,21.109442600445938,21.37760212979441,21.37760212979441,91190554,US_STOCKS
2021-12-13,AMD,21.527631021430654,21.38522003518888,21.16832947998497,21.317371924579433,21.317371924579433,95087595,US_STOCKS
2021-12-14,AMD,21.449016743718527,21.316489744719114,21.24462564867255,21.254189077559413,21.254189077559413,16948902,US_STOCKS
2021-12-15,AMD,21.705512072688983,21.60836112134908,21.168275770656678,21.49230293271002,21.49230293271002,84993354,US_STOCKS
2021-12-16,AMD,21.849197978392535,22.460869902421052,21.87746237642967,22.060804504538513,22.060804504538513,86371156,US_STOCKS
2021-12-17,AMD,22.042719838516216,22.594711413550392,21.69080886093183,22.138597166261974,22.138597166261974,22927861,US_STOCKS
2021-12-20,AMD,21.74876655467249,22.22254567857089,21.762557911197028,21.953017783435662,21.953017783435662,81088797,US_STOCKS
2021-12-21,AMD,21.668433843274837,21.834358454309736,21.147131920041797,21.539042701651105,21.539042701651105,60821692,US_STOCKS
2021-12-22,AMD,21.075015830589564,21.20497619377994,20.764995785014857,20.938014986296235,20.938014986296235,27238456,US_STOCKS
2021-12-23,AMD,21.253333292648932,21.524130039648767,20.95754226515154,21.23796028884577,21.23796028884577,10022596,US_STOCKS
2021-12-24,AMD,21.59872010481202,21.642590248078445,21.37763708615386,21.50469994779187,21.50469994779187,41863073,US_STOCKS
2021-12-27,AMD,21.655975287704322,22.1559223323607,21.531872099416386,21.774525235104022,21.774525235104022,45442260,US_STOCKS
2021-12-28,AMD,21.75643121470655,21.873017308249672,21.638687324058225,21.740269793112578,21.740269793112578,88161768,US_STOCKS
2021-12-29,AMD,22.344095892149774,22.650355299631165,22.349849558551423,22.37375288204551,22.37375288204551,50299653,US_STOCKS
2021-12-30,AMD,22.203524825791302,22.551339944213904,21.70904784061192,22.179495683658182,22.179495683658182,18570701,US_STOCKS
2021-12-31,AMD,22.51330184996625,23.17571656871424,21.982518902662186,22.625422977809215,22.625422977809215,14457341,US_STOCKS
2022-01-03,AMD,22.6294530771261,22.775924492356502,22.58973230748221,22.630516913056557,22.630516913056557,33224830,US_STOCKS
2022-01-04,AMD,22.21833183207147,22.854403828256103,22.01949354235295,22.37780158458668,22.37780158458668,15239612,US_STOCKS
2022-01-05,AMD,22.442905480573106,23.214885252754186,22.54556455747516,22.665369899171484,22.665369899171484,61015447,US_STOCKS
2022-01-06,AMD,22.79912228146503,23.275493706232847,22.657121111581596,22.873726352151326,22.873726352151326,9607016,US_STOCKS
2022-01-07,AMD,22.93213108739131,23.190004408809585,22.763803441421498,23.05990602271636,23.05990602271636,66170094,US_STOCKS
2022-01-10,AMD,23.011233180995852,23.128823254794746,22.760509401166658,23.12045138422489,23.12045138422489,60970189,US_STOCKS
2022-01-11,AMD,23.340137053816658,23.535013665782845,22.799158931312903,23.126049732536465,23.126049732536465,57766760,US_STOCKS
2022-01-12,AMD,24.46141270848338,24.856588700210054,24.018843659091463,24.25384797200738,24.25384797200738,24488182,US_STOCKS
2022-01-13,AMD,24.73457419700299,25.228642018420384,24.297811481046732,24.85255743262794,24.85255743262794,50818701,US_STOCKS
2022-01-14,AMD,25.0185441443127,25.784515425162223,24.626491333265047,25.236691928490078,25.236691928490078,29660288,US_STOCKS
2022-01-17,AMD,25.401465321328732,25.642375625627768,24.643026189068554,25.31835743868744,25.31835743868744,84677330,US_STOCKS
2022-01-18,AMD,25.866817324527137,26.390005741872493,25.168532242637685,25.85366711615921,25.85366711615921,50075983,US_STOCKS
2022-01-19,AMD,26.049702063501705,26.738553515326288,25.97473751228889,26.14736207361005,26.14736207361005,39464583,US_STOCKS
2022-01-20,AMD,26.378760681036347,26.75633120567584,25.869972592993292,26.187213138860304,26.187213138860304,22259705,US_STOCKS
2022-01-21,AMD,25.97935710549142,26.27647526022911,25.916773201646446,26.054410278257308,26.054410278257308,74589958,US_STOCKS
2022-01-24,AMD,25.909186046842148,26.393072078206583,25.73688590163624,26.038299618253806,26.038299618253806,98225660,US_STOCKS
2022-01-25,AMD,24.3601120850979,24.471867074963846,24.347499754251118,24.41328801330775,24.41328801330775,59484618,US_STOCKS
2022-01-26,AMD,24.58929916563455,24.84882751332775,24.222600281417012,24.540530480233407,24.540530480233407,6339325,US_STOCKS
2022-01-27,AMD,24.333371751844524,24.693660272487403,24.216186709234638,24.32532176805738,24.32532176805738,11280099,US_STOCKS
2022-01-28,AMD,24.935340299746123,25.20063979237739,24.66493304588841,25.124491293396687,25.124491293396687,20451782,US_STOCKS
2022-01-31,AMD,25.034258937134375,25.290344780226146,24.436380976220555,25.159335983463855,25.159335983463855,85607128,US_STOCKS
2022-02-01,AMD,24.45370242674176,24.82783327192301,24.43141053894548,24.586224716564757,24.586224716564757,49695719,US_STOCKS
2022-02-02,AMD,24.350063813516247,25.08147697667766,24.200408207794588,24.586283647715504,24.586283647715504,89965253,US_STOCKS
2022-02-03,AMD,23.9347263358419,24.677751054061,23.523961502822885,24.09646533681917,24.09646533681917,13590937,US_STOCKS
2022-02-04,AMD,24.29931166770428,24.47300063288632,24.162647236489157,24.348710709814156,24.348710709814156,27061371,US_STOCKS
2022-02-07,AMD,24.542315699901593,24.81731228594381,23.81774049286611,24.51474328464567,24.51474328464567,13510644,US_STOCKS
2022-02-08,AMD,25.245812094190523,25.181922316530805,24.429020491698477,25.008881881219892,25.008881881219892,34558022,US_STOCKS
2022-02-09,AMD,24.462431956849642,25.27241755160675,24.410015065196788,24.638309376891172,24.638309376891172,66226685,US_STOCKS
2022-02-10,AMD,24.712501938097862,25.028989932899062,24.31260536584338,24.679705726191827,24.679705726191827,73491553,US_STOCKS
2022-02-11,AMD,23.832497269066614,24.51232254895571,23.3848111362305,24.03061870749867,24.03061870749867,6721031,US_STOCKS
2022-02-14,AMD,24.216494187080798,24.916194607588253,24.07181385081338,24.391796398800825,24.391796398800825,40951313,US_STOCKS
2022-02-15,AMD,24.490196530387937,25.044362249436805,24.57565862533292,24.669312199009646,24.669312199009646,48185425,US_STOCKS
2022-02-16,AMD,25.070088843946177,25.131827471622163,24.578900799760437,24.938604888279965,24.938604888279965,99209580,US_STOCKS
2022-02-17,AMD,25.057543154570453,25.594468794013068,24.653658982724583,24.9643510208345,24.9643510208345,77018231,US_STOCKS
2022-02-18,AMD,24.964855743158548,25.28931369470674,25.042906618906226,25.196406092646882,25.196406092646882,40793240,US_STOCKS
2022-02-21,AMD,26.21006938840248,26.300474021135525,25.51887894731472,26.0300740924047,26.0300740924047,71222115,US_STOCKS
2022-02-22,AMD,25.952339377174358,26.185343031005537,25.459180210613688,25.907683673814653,25.907683673814653,34884293,US_STOCKS
2022-02-23,AMD,25.789000014242607,26.779979725365365,25.906207833567944,26.005430868737644,26.005430868737644,8162489,US_STOCKS
2022-02-24,AMD,25.659329965533004,25.6971331192574,24.969708378135614,25.46653265184478,25.46653265184478,33571567,US_STOCKS
2022-02-25,AMD,24.995386356841827,25.246743330279827,24.79197208674796,25.049767261919303,25.049767261919303,41659339,US_STOCKS
2022-02-28,AMD,25.23457491118007,25.50937334761022,24.412642124238467,25.123821033723413,25.123821033723413,5146158,US_STOCKS
2022-03-01,AMD,25.70522277350647,26.154146636707257,24.994072920237862,25.70364543196638,25.70364543196638,5866693,US_STOCKS
2022-03-02,AMD,25.635230311165103,26.253128424865064,25.411818957378976,25.59760204864686,25.59760204864686,87752942,US_STOCKS
2022-03-03,AMD,25.257110546073903,26.06280270690775,24.788522296155854,25.50242170201491,25.50242170201491,66062568,US_STOCKS
2022-03-04,AMD,25.289516871915744,25.35448509110503,24.621463642784754,25.320392941923366,25.320392941923366,47559326,US_STOCKS
2022-03-07,AMD,24.838701084777465,25.59382435851403,24.712447604931743,25.074908354183428,25.074908354183428,13310186,US_STOCKS
2022-03-08,AMD,25.103630108875,25.296758555551857,24.812919543168174,25.247910906917586,25.247910906917586,62580918,US_STOCKS
2022-03-09,AMD,24.519921956000815,25.118095659951987,23.88382292220203,24.51710626522107,24.51710626522107,61946815,US_STOCKS
2022-03-10,AMD,24.924446326796843,25.69468412085835,24.85409428323858,25.1697220058956,25.1697220058956,56990190,US_STOCKS
2022-03-11,AMD,24.93404448498166,25.121127488451254,24.175951927874006,24.85992184269264,24.85992184269264,14263511,US_STOCKS
2022-03-14,AMD,25.330302939144595,25.247012608356098,24.54346228927341,25.243711049054525,25.243711049054525,12137909,US_STOCKS
2022-03-15,AMD,24.428223286360854,24.87380222157172,24.351762124135927,24.627765207597264,24.627765207597264,22215707,US_STOCKS
2022-03-16,AMD,25.024363630331578,25.313777917310414,24.95622066024695,24.98183372673508,24.98183372673508,32645554,US_STOCKS
2022-03-17,AMD,25.499886923529605,25.866907469013807,24.791441590623002,25.342543729781774,25.342543729781774,70113575,US_STOCKS
2022-03-18,AMD,25.465978935402457,25.639049557056886,25.35367018175336,25.5626194297292,25.5626194297292,83346744,US_STOCKS
2022-03-21,AMD,25.320780111864902,25.45134529833717,25.07247960963567,25.079778092102206,25.079778092102206,14864436,US_STOCKS
2022-03-22,AMD,25.140251885636527,25.66796190797491,25.17319168616495,25.23003013456242,25.23003013456242,94392372,US_STOCKS
2022-03-23,AMD,24.59175318455114,25.33337227057215,24.080899328322,24.6582893008624,24.6582893008624,75788289,US_STOCKS
2022-03-24,AMD,24.61071041582549,25.02007562712821,24.088245281554705,24.558293400787473,24.558293400787473,63243417,US_STOCKS
2022-03-25,AMD,25.115423449744053,25.83089265931238,24.5373029013061,25.088464273465767,25.088464273465767,77917692,US_STOCKS
2022-03-28,AMD,25.70336850425256,25.678363839172306,25.449169641426526,25.51331329441755,25.51331329441755,48806549,US_STOCKS
2022-03-29,AMD,25.553768221745692,26.182056560919314,25.206459450314576,25.546573951107273,25.546573951107273,57514449,US_STOCKS
2022-03-30,AMD,25.087636726820218,25.10279812755344,24.611283081157122,25.074061159461607,25.074061159461607,82976285,US_STOCKS
2022-03-31,AMD,25.248738850318535,25.87617416189651,24.970146552023543,25.422885336198124,25.422885336198124,17254311,US_STOCKS
2022-04-01,AMD,25.266444248698008,26.20667241756973,25.1574617601107,25.458162761207735,25.458162761207735,23514751,US_STOCKS
2022-04-04,AMD,24.142450737977118,24.788927221399906,23.85787560861087,24.30220148082656,24.30220148082656,64711660,US_STOCKS
2022-04-05,AMD,24.50331439021922,25.369190223942688,24.41836930255547,24.706896236788356,24.706896236788356,32023571,US_STOCKS
2022-04-06,AMD,24.701020549756198,25.008897421027182,24.079209682808674,24.719628770786308,24.719628770786308,92996836,US_STOCKS
2022-04-07,AMD,25.2392260527698,25.995565081021713,24.744744885156255,25.338831368859303,25.338831368859303,93149959,US_STOCKS
2022-04-08,AMD,24.68295851744177,25.238528037993557,24.604776474298195,24.80911270062334,24.80911270062334,82585354,US_STOCKS
2022-04-11,AMD,23.027597345714586,23.651789556261058,23.021025028503324,23.257697754962376,23.257697754962376,32945687,US_STOCKS
2022-04-12,AMD,23.478619792615742,24.00878967291981,22.982920373338008,23.410772413230955,23.410772413230955,85464124,US_STOCKS
2022-04-13,AMD,23.459725596462373,23.938048440025845,23.252113984869766,23.57069780321952,23.57069780321952,2152845,US_STOCKS
2022-04-14,AMD,22.823165527227786,23.249690606721515,22.392441462534777,22.79726230064696,22.79726230064696,73891709,US_STOCKS
2022-04-15,AMD,22.40584024104726,22.418721287331138,22.29575707084568,22.37391734678391,22.37391734678391,60050983,US_STOCKS
2022-04-18,AMD,23.52285035004659,23.68565004582727,23.32465658013529,23.629191545538323,23.629191545538323,55877937,US_STOCKS
2022-04-19,AMD,23.427875966330586,24.016481284174713,23.054373707278806,23.508394102280064,23.508394102280064,33949017,US_STOCKS
2022-04-20,AMD,23.997280498496767,24.340214962472988,23.418994663939962,23.87557593016737,23.87557593016737,55789342,US_STOCKS
2022-04-21,AMD,23.35823976595916,24.0816460409712,23.32264322534446,23.588753943836668,23.588753943836668,94318361,US_STOCKS
2022-04-22,AMD,22.77008555900241,23.02510848261836,22.4550123606279,22.626189882797792,22.626189882797792,21168021,US_STOCKS
2022-04-25,AMD,22.4997142290848,22.894479626962504,22.37128848487337,22.57177016425826,22.57177016425826,51978020,US_STOCKS
2022-04-26,AMD,22.324026395906007,23.133645031001024,22.401672319009926,22.474438632635383,22.474438632635383,93262469,US_STOCKS
2022-04-27,AMD,22.501770127296194,22.66890910421246,21.831833869562104,22.317172292558443,22.317172292558443,44168781,US_STOCKS
2022-04-28,AMD,22.346285325528797,22.516046246475717,22.086950418656517,22.28832027929582,22.28832027929582,58244748,US_STOCKS
2022-04-29,AMD,22.427571548432944,22.8183529050442,22.2355302812514,22.428410517136996,22.428410517136996,37328825,US_STOCKS
2022-05-02,AMD,22.19722482524106,22.418605082788357,22.213303496232726,22.3835012354881,22.3835012354881,8350439,US_STOCKS
2022-05-03,AMD,21.66695564254587,22.3726584155392,21.8145569864373,21.8400270642853,21.8400270642853,66235336,US_STOCKS
2022-05-04,AMD,21.973820607119524,22.651393940890937,21.75305789254984,22.074232871468723,22.074232871468723,31252069,US_STOCKS
2022-05-05,AMD,21.243180881926033,21.479023638229922,20.87618971890885,21.235689382739174,21.235689382739174,12338753,US_STOCKS
2022-05-06,AMD,20.58874405148285,20.646372858286004,20.17313794669953,20.386109990392505,20.386109990392505,71310774,US_STOCKS
2022-05-09,AMD,20.65150931237861,21.22553663715607,20.425666937402685,20.707876397737678,20.707876397737678,72236282,US_STOCKS
2022-05-10,AMD,20.774183166336485,21.470066324141104,20.476424047828523,20.938570536665942,20.938570536665942,21959961,US_STOCKS
2022-05-11,AMD,20.786951461849146,21.13412547240758,20.32243857053464,20.935473569201005,20.935473569201005,26426325,US_STOCKS
2022-05-12,AMD,20.354245900370454,20.39046880760704,20.129350511695616,20.372121537000588,20.372121537000588,57560681,US_STOCKS
2022-05-13,AMD,20.286253598449726,20.41571548858638,19.610039201861873,20.104060704121892,20.104060704121892,55165636,US_STOCKS
2022-05-16,AMD,19.834663152702777,20.20769920998815,19.672869766749216,20.018519233520014,20.018519233520014,95108802,US_STOCKS
2022-05-17,AMD,19.538928698701806,19.532489222973798,19.271487863078793,19.399589070662344,19.399589070662344,20916123,US_STOCKS
2022-05-18,AMD,19.29391871800668,19.621654315712526,18.687493670265187,19.13225161419113,19.13225161419113,39880776,US_STOCKS
2022-05-19,AMD,19.40269462954562,19.671249762509618,19.253509567882634,19.400994829116655,19.400994829116655,50997776,US_STOCKS
2022-05-20,AMD,19.78665941108122,20.05320298061867,19.442950668957213,19.97421870378868,19.97421870378868,75416296,US_STOCKS
2022-05-23,AMD,19.79605009439817,20.134235841598244,19.606560303740242,19.82663529286104,19.82663529286104,74337206,US_STOCKS
2022-05-24,AMD,20.2609414689591,20.60775855038937,19.709692813028166,20.14643430224034,20.14643430224034,21245929,US_STOCKS
2022-05-25,AMD,19.33249844469814,19.668735541492282,19.20287564170674,19.39535102728994,19.39535102728994,75739079,US_STOCKS
2022-05-26,AMD,19.603417936462673,19.752125188587268,19.435071763859977,19.67055214445284,19.67055214445284,98011528,US_STOCKS
2022-05-27,AMD,19.26772536834737,19.729738275604568,19.122288688999248,19.37394051233035,19.37394051233035,8031432,US_STOCKS
2022-05-30,AMD,19.507673235417933,19.92343179611377,19.21197969581598,19.512404366739197,19.512404366739197,87338500,US_STOCKS
2022-05-31,AMD,19.353190703373002,19.4855200430258,18.889160769209525,19.43523186375532,19.43523186375532,38441438,US_STOCKS
2022-06-01,AMD,19.998431340289063,20.442357752124067,19.773642083544264,19.96791814434507,19.96791814434507,71900289,US_STOCKS
2022-06-02,AMD,19.495475074632868,19.81029155186255,19.553415128186323,19.63867287351844,19.63867287351844,81311825,US_STOCKS
2022-06-03,AMD,19.794406308355903,20.333212271715524,19.341533136146797,19.904818641815496,19.904818641815496,53249448,US_STOCKS
2022-06-06,AMD,19.829314883170237,20.087492554945584,19.61974228632832,19.813452553138283,19.813452553138283,48089848,US_STOCKS
2022-06-07,AMD,19.81118564129844,20.355341854319523,19.214331248527582,19.770534444142495,19.770534444142495,86353142,US_STOCKS
2022-06-08,AMD,19.87106164496562,19.994353176564537,19.328710314378963,19.717607184038762,19.717607184038762,89611605,US_STOCKS
2022-06-09,AMD,19.36228848262608,19.963688110153658,19.1617965053467,19.403831789612372,19.403831789612372,60507183,US_STOCKS
2022-06-10,AMD,19.49924291090944,19.971515287304232,19.27526710869846,19.417764142144776,19.417764142144776,74866966,US_STOCKS
2022-06-13,AMD,19.420933936184927,19.56925594011151,18.960567525749216,19.412852138265198,19.412852138265198,55670005,US_STOCKS
2022-06-14,AMD,19.58879148117855,19.715076508421987,19.244008596779558,19.525928215845827,19.525928215845827,62118070,US_STOCKS
2022-06-15,AMD,19.541220985411755,19.694969807409127,19.01363191988685,19.578454972235043,19.578454972235043,51635286,US_STOCKS
2022-06-16,AMD,20.003652881080324,20.15602813113019,19.69837786814218,19.91050343436072,19.91050343436072,41309265,US_STOCKS
2022-06-17,AMD,20.261301538233848,20.62954009038749,19.967221144739064,20.29816436722454,20.29816436722454,50218227,US_STOCKS
2022-06-20,AMD,19.746651590347007,20.1879852632815,19.791033854115813,19.89194803410176,19.89194803410176,13487442,US_STOCKS
2022-06-21,AMD,20.432757696879595,20.62511426090765,19.856683498520102,20.257471530840025,20.257471530840025,40777573,US_STOCKS
2022-06-22,AMD,19.9590180679001,20.175960407275515,19.340265824868425,19.79708547440734,19.79708547440734,37487684,US_STOCKS
2022-06-23,AMD,20.234100670157925,20.543137811140273,19.535998467153938,20.049639225163677,20.049639225163677,18047232,US_STOCKS
2022-06-24,AMD,20.225127339959545,20.492302193623164,20.153068014820775,20.31819964533152,20.31819964533152,85685408,US_STOCKS
2022-06-27,AMD,19.378683703622137,19.606487126843813,19.401079217857305,19.561827481170987,19.561827481170987,20787424,US_STOCKS
2022-06-28,AMD,19.512559880241437,20.087382075799265,19.2863476126501,19.617766188250908,19.617766188250908,1571295,US_STOCKS
2022-06-29,AMD,19.42606852392964,19.69161151290703,19.387067752159982,19.45356701019902,19.45356701019902,67938037,US_STOCKS
2022-06-30,AMD,19.255322377919384,19.592561286921715,18.758692510647485,19.177806761404085,19.177806761404085,1005229,US_STOCKS
2022-07-01,AMD,19.894094259559107,20.19667878493958,19.18044924831448,19.715112267392247,19.715112267392247,2548686,US_STOCKS
2022-07-04,AMD,19.646086278221418,19.950249710968524,18.987882694325446,19.477080226769253,19.477080226769253,10235451,US_STOCKS
2022-07-05,AMD,19.27404684816141,19.73484627168095,18.79195413538622,19.18243994416706,19.18243994416706,57485579,US_STOCKS
2022-07-06,AMD,19.402057736979838,19.486201887914866,18.884918284740248,19.23066265692573,19.23066265692573,48157491,US_STOCKS
2022-07-07,AMD,19.682507811512917,19.55812078480764,19.22022103773511,19.513580222224896,19.513580222224896,69008291,US_STOCKS
2022-07-08,AMD,19.591526397284184,19.818490216412943,18.946700502810753,19.47781238151765,19.47781238151765,94257153,US_STOCKS
2022-07-11,AMD,19.777806057503174,20.19249589830492,19.93761573627918,19.951657127016652,19.951657127016652,33612249,US_STOCKS
2022-07-12,AMD,20.19836825413224,20.73497616402873,19.670893160029728,20.183485671149633,20.183485671149633,13622472,US_STOCKS
2022-07-13,AMD,19.16710241256626,19.666008195186894,19.015905541398627,19.324391217610078,19.324391217610078,27371386,US_STOCKS
2022-07-14,AMD,19.291986389424608,19.671551356558137,18.90791466108702,19.139083074035497,19.139083074035497,89139953,US_STOCKS
2022-07-15,AMD,18.899191813160318,19.36188846354478,18.672683827422865,18.94315930482988,18.94315930482988,13135732,US_STOCKS
2022-07-18,AMD,19.307559687266373,19.404507550895207,18.721890372109208,19.143714682241285,19.143714682241285,37350207,US_STOCKS
2022-07-19,AMD,17.983161322153506,18.21264597651787,17.88757455673036,18.157883420517397,18.157883420517397,69306471,US_STOCKS
2022-07-20,AMD,19.038596890789556,19.500284787223375,18.701379196475383,19.101733726511185,19.101733726511185,70689654,US_STOCKS
2022-07-21,AMD,19.320815731704702,19.85407556687183,19.040113153202363,19.323705841567662,19.323705841567662,45576254,US_STOCKS
2022-07-22,AMD,19.2839229300075,19.579627068886147,19.375927184499663,19.400566578719992,19.400566578719992,63719994,US_STOCKS
2022-07-25,AMD,19.778454522048317,20.059812665480543,19.418751360492774,19.878428808291826,19.878428808291826,33394897,US_STOCKS
2022-07-26,AMD,20.722668887310565,20.935714986598263,20.34585978890363,20.830070441902127,20.830070441902127,13840919,US_STOCKS
2022-07-27,AMD,21.194033755911732,21.536270005792602,20.776193221780094,21.213654791220552,21.213654791220552,63695064,US_STOCKS
2022-07-28,AMD,21.771888216694713,21.666473488748622,21.444997903414386,21.637424315810534,21.637424315810534,28733277,US_STOCKS
2022-07-29,AMD,21.56187841973266,21.904008182196552,21.51381529669153,21.715617650389934,21.715617650389934,52666561,US_STOCKS
2022-08-01,AMD,21.74683561495827,21.92368740517093,21.208012656232434,21.67586688508432,21.67586688508432,34280368,US_STOCKS
2022-08-02,AMD,21.401135745403085,21.84020185320585,21.475986331604403,21.49127717779381,21.49127717779381,8899123,US_STOCKS
2022-08-03,AMD,21.122972928903863,21.75617990656627,20.699718862817274,21.157684419094874,21.157684419094874,9724530,US_STOCKS
2022-08-04,AMD,21.03280826360762,21.34702135430814,20.505283647886102,20.88812955325576,20.88812955325576,82209003,US_STOCKS
2022-08-05,AMD,20.305788593013244,20.479997800512606,20.032295429371235,20.344805923766643,20.344805923766643,55335333,US_STOCKS
2022-08-08,AMD,20.349865713680764,20.678989973678576,19.755542017985714,20.334278930903583,20.334278930903583,90322316,US_STOCKS
2022-08-09,AMD,19.81728640019267,20.142386836395936,19.112780902183264,19.66948320141107,19.66948320141107,10750969,US_STOCKS
2022-08-10,AMD,19.67141398614337,20.05778966411988,19.262323506553887,19.76425727190281,19.76425727190281,51011405,US_STOCKS
2022-08-11,AMD,19.867731831664955,19.852076284318724,19.619956517247193,19.769660579490843,19.769660579490843,73445833,US_STOCKS
2022-08-12,AMD,19.714443440297966,20.056733856430018,19.6898192498431,19.847527459595355,19.847527459595355,35636307,US_STOCKS
2022-08-15,AMD,19.742028067051205,19.877072105390216,19.332618357355635,19.660114573585084,19.660114573585084,10893255,US_STOCKS
2022-08-16,AMD,21.017037208086276,21.121408035193866,20.483174598231223,20.88960323625211,20.88960323625211,72813570,US_STOCKS
2022-08-17,AMD,21.354016127260177,22.048789548664754,21.081666883521667,21.478738469690054,21.478738469690054,43443789,US_STOCKS
2022-08-18,AMD,20.832392524697344,21.558270093371434,20.490679567619804,20.965593150685066,20.965593150685066,21594431,US_STOCKS
2022-08-19,AMD,21.015768315692934,21.59634319037082,20.644168821205962,21.084203095411162,21.084203095411162,76812644,US_STOCKS
2022-08-22,AMD,20.824382950747154,21.297033074216543,20.607161719870778,20.848900798487612,20.848900798487612,21915028,US_STOCKS
2022-08-23,AMD,20.500990196270493,21.045422867812544,20.25621069274795,20.446733955602106,20.446733955602106,46635989,US_STOCKS
2022-08-24,AMD,19.98849803541748,20.24276955995496,19.415167076473935,19.91917874716563,19.91917874716563,76412527,US_STOCKS
2022-08-25,AMD,19.93362173151096,20.71367200453695,19.657332529297793,20.111285956327634,20.111285956327634,86526428,US_STOCKS
2022-08-26,AMD,19.91737624024879,20.367434641794087,19.790379817411374,19.857328587234484,19.857328587234484,35426045,US_STOCKS
2022-08-29,AMD,20.414092174114888,20.384130146137363,20.213995506494193,20.26155470330862,20.26155470330862,79023775,US_STOCKS
2022-08-30,AMD,20.82331516573799,20.785459241506963,20.15437541737267,20.684527712069603,20.684527712069603,68990011,US_STOCKS
2022-08-31,AMD,21.28213225771042,21.803459650539565,21.006019573787025,21.273587643280017,21.273587643280017,20205401,US_STOCKS
2022-09-01,AMD,20.84212462602518,21.24942048763055,20.59853715074339,20.932194739442306,20.932194739442306,80752501,US_STOCKS
2022-09-02,AMD,21.27539049267999,21.52105017670055,20.656677426594577,21.152135844890527,21.152135844890527,19985572,US_STOCKS
2022-09-05,AMD,21.24790321298524,22.002786503204906,21.392244569399285,21.440843130857253,21.440843130857253,25422154,US_STOCKS
2022-09-06,AMD,21.34199388595931,21.52008135368646,20.7000629731742,21.258948376618505,21.258948376618505,30499999,US_STOCKS
2022-09-07,AMD,20.74752004457781,21.141046826800615,20.588710121378096,20.952066120980383,20.952066120980383,38217899,US_STOCKS
2022-09-08,AMD,21.662571996720846,22.216757901123714,21.054883964704334,21.647473855349816,21.647473855349816,27331432,US_STOCKS
2022-09-09,AMD,21.75113331719231,22.126222223802323,21.147818097399618,21.767615549647356,21.767615549647356,99863114,US_STOCKS
2022-09-12,AMD,21.94948178237287,22.54750485245397,21.816001321139858,22.066253195186345,22.066253195186345,1802711,US_STOCKS
2022-09-13,AMD,21.51228184954252,22.025697734589237,21.407236850698844,21.725516699927848,21.725516699927848,3234399,US_STOCKS
2022-09-14,AMD,21.29677298014922,21.40459058631005,20.861065390559993,21.217450515839968,21.217450515839968,30790988,US_STOCKS
2022-09-15,AMD,20.857238752400953,21.253505602869446,20.850711045998956,20.997022518124957,20.997022518124957,53945296,US_STOCKS
2022-09-16,AMD,20.839651096481415,21.285714188059,20.866950298077143,20.965937943367944,20.965937943367944,67426496,US_STOCKS
2022-09-19,AMD,20.644977403703184,20.608683570147075,20.252387409661523,20.540656468890848,20.540656468890848,8016298,US_STOCKS
2022-09-20,AMD,20.597519779314933,20.720214734908605,20.2317590521143,20.557152748709953,20.557152748709953,52228639,US_STOCKS
2022-09-21,AMD,20.05224565116211,20.211023487856565,19.535731339277206,19.883492720096395,19.883492720096395,40763659,US_STOCKS
2022-09-22,AMD,19.632730640436165,19.91164085349911,19.291364914784307,19.457967117399644,19.457967117399644,84576748,US_STOCKS
2022-09-23,AMD,19.71182855351918,20.22921626636142,19.25123877413258,19.738516464670344,19.738516464670344,19698148,US_STOCKS
2022-09-26,AMD,20.07705639317001,20.170969817915786,19.81814818485351,19.99661356364936,19.99661356364936,30338459,US_STOCKS
2022-09-27,AMD,19.949481206063748,19.99681558215296,19.859346318830724,19.859886012372723,19.859886012372723,71808448,US_STOCKS
2022-09-28,AMD,19.347415455706273,19.536537617426085,19.336719934200495,19.475492235070508,19.475492235070508,38610151,US_STOCKS
2022-09-29,AMD,19.085582660085652,19.12031558841911,18.53879728727723,19.094783929505002,19.094783929505002,71890242,US_STOCKS
2022-09-30,AMD,18.90424431158856,19.152712500688416,18.716045732650308,18.971329183354612,18.971329183354612,62998237,US_STOCKS
2022-10-03,AMD,19.098808755945086,19.34386904923056,18.73891515591228,19.234847961933205,19.234847961933205,26369237,US_STOCKS
2022-10-04,AMD,19.564185764922843,20.123776075905344,19.22102283880578,19.61117610478169,19.61117610478169,34829476,US_STOCKS
2022-10-05,AMD,19.50744367390763,19.447512765160184,19.007096541275242,19.436035854763478,19.436035854763478,49214588,US_STOCKS
2022-10-06,AMD,19.126139084558154,19.551431871467265,18.479189224514236,19.007085487625478,19.007085487625478,91017239,US_STOCKS
2022-10-07,AMD,19.13256682826464,19.334574101961287,18.86105648090246,19.127911111557943,19.127911111557943,69299704,US_STOCKS
2022-10-10,AMD,18.976617786166358,18.9489278614785,18.31324684598332,18.831988948361683,18.831988948361683,81702842,US_STOCKS
2022-10-11,AMD,18.834293556120258,19.14827582398658,18.498954191000895,18.65562637796018,18.65562637796018,11489635,US_STOCKS
2022-10-12,AMD,19.020101966432247,19.336230805439907,18.8155649204112,19.16875911615488,19.16875911615488,80627712,US_STOCKS
2022-10-13,AMD,19.66077113513028,19.8700131343037,19.501728236891385,19.50502340349968,19.50502340349968,19445360,US_STOCKS
2022-10-14,AMD,19.429357793543677,19.799638157021953,19.291568142762415,19.586154280055506,19.586154280055506,5296320,US_STOCKS
2022-10-17,AMD,19.049596255827424,19.21021066971465,18.736583594793885,19.107500398585003,19.107500398585003,46962964,US_STOCKS
2022-10-18,AMD,19.205594383008325,19.45383842786595,18.65651370723854,19.207393098927692,19.207393098927692,22258777,US_STOCKS
2022-10-19,AMD,19.641362012487452,20.068365030883378,19.306811856806465,19.634818018298567,19.634818018298567,92973067,US_STOCKS
2022-10-20,AMD,19.459333576660292,19.778289786444162,19.455138870590147,19.506942862939812,19.506942862939812,61290911,US_STOCKS
2022-10-21,AMD,19.968629782476093,20.15001497846281,19.725977989663935,20.053571912896427,20.053571912896427,53698716,US_STOCKS
2022-10-24,AMD,20.41743475206646,21.023440552753964,20.206765154809045,20.592108697377554,20.592108697377554,19712710,US_STOCKS
2022-10-25,AMD,21.2848766898982,21.75813703267632,20.959620129888197,21.29789615253282,21.29789615253282,40153418,US_STOCKS
2022-10-26,AMD,21.37300076548384,21.84198885121245,20.844920451821135,21.44921477688814,21.44921477688814,67502739,US_STOCKS
2022-10-27,AMD,21.537892923952068,22.022864701426926,21.142114093678114,21.72264580621104,21.72264580621104,10351780,US_STOCKS
2022-10-28,AMD,22.57737939877347,22.995366865016386,22.306262618854664,22.358766243378497,22.358766243378497,93407918,US_STOCKS
2022-10-31,AMD,22.519375963091182,23.153424647639614,22.297760747862924,22.581188538774477,22.581188538774477,44644656,US_STOCKS
2022-11-01,AMD,22.437480717706833,22.89732423094841,22.35471708862266,22.377400489511746,22.377400489511746,59722443,US_STOCKS
2022-11-02,AMD,22.05994894143769,22.429425783636106,21.967296394565587,22.19903343620755,22.19903343620755,47436973,US_STOCKS
2022-11-03,AMD,22.25308104573083,22.399058279368337,22.229602033216878,22.32714625754768,22.32714625754768,4310360,US_STOCKS
2022-11-04,AMD,21.760226889569154,22.396623241935867,21.697623799291044,21.77318233136239,21.77318233136239,94680184,US_STOCKS
2022-11-07,AMD,21.834002379914633,22.14820611278678,21.31186511604648,21.732571463997395,21.732571463997395,82846037,US_STOCKS
2022-11-08,AMD,22.056149148213752,22.567554394365835,21.766010491873548,22.23091980767298,22.23091980767298,59095224,US_STOCKS
2022-11-09,AMD,21.420502266029104,21.32501478304732,20.837958640210665,21.278878954610455,21.278878954610455,53868745,US_STOCKS
2022-11-10,AMD,21.90014289957832,22.17730274371674,21.544321141401344,21.9531990116071,21.9531990116071,89208542,US_STOCKS
2022-11-11,AMD,22.46622792065213,23.023841375337042,22.196877462619415,22.46794630239246,22.46794630239246,11137051,US_STOCKS
2022-11-14,AMD,22.088388414492282,22.31813268357063,22.029679052595128,22.283814914690467,22.283814914690467,34386537,US_STOCKS
2022-11-15,AMD,22.64655722174458,23.050755450278388,22.513875063857647,22.548275142297875,22.548275142297875,22891203,US_STOCKS
2022-11-16,AMD,22.47033460653502,22.943067855871405,22.47438195143799,22.572242933687306,22.572242933687306,14260180,US_STOCKS
2022-11-17,AMD,23.355563041484057,23.70860904699754,23.024622698214294,23.150088004670867,23.150088004670867,41250212,US_STOCKS
2022-11-18,AMD,23.55999420798401,24.188922716125536,23.266559393860927,23.628222117392152,23.628222117392152,13657123,US_STOCKS
2022-11-21,AMD,23.100116333185312,23.263963036765517,22.808886057229522,22.990226698961024,22.990226698961024,38174363,US_STOCKS
2022-11-22,AMD,23.282198156519392,23.522908102795498,23.114272320533253,23.283242846006395,23.283242846006395,40451700,US_STOCKS
2022-11-23,AMD,22.98756506093111,23.748680574915497,23.09173953315855,23.210772423806823,23.210772423806823,5346556,US_STOCKS
2022-11-24,AMD,23.34397421299807,23.812776710912935,22.704241779449326,23.272435355102125,23.272435355102125,49857409,US_STOCKS
2022-11-25,AMD,22.821505158698034,23.46451235328303,22.474886321819124,22.95678112060279,22.95678112060279,25380802,US_STOCKS
2022-11-28,AMD,23.974249752449264,23.85683592171906,23.081250246616644,23.782369903015773,23.782369903015773,86164533,US_STOCKS
2022-11-29,AMD,24.392176926039433,24.98522771806187,23.77427160300811,24.300854971377326,24.300854971377326,19855242,US_STOCKS
2022-11-30,AMD,23.937889117216937,24.017022808262073,23.685463005180047,23.96561439099442,23.96561439099442,74418698,US_STOCKS
2022-12-01,AMD,23.296854048689433,23.58125466988301,22.932840117004716,23.349884742038583,23.349884742038583,87348248,US_STOCKS
2022-12-02,AMD,22.98326719316132,23.46133433258146,23.08302347136778,23.19312639715079,23.19312639715079,69840070,US_STOCKS
2022-12-05,AMD,23.233207207334285,23.884920449766415,23.216816634916018,23.417869019361785,23.417869019361785,20692764,US_STOCKS
2022-12-06,AMD,23.759344190333135,23.566878787403063,23.244449662577264,23.553789068205504,23.553789068205504,3141072,US_STOCKS
2022-12-07,AMD,24.159733028043686,24.53093771280131,23.934448471917115,24.16766338185442,24.16766338185442,14084015,US_STOCKS
2022-12-08,AMD,24.512889157905278,25.069239774965478,23.99685190486958,24.573641324123372,24.573641324123372,53544309,US_STOCKS
2022-12-09,AMD,25.119783261935,25.225643845993257,24.858589863736555,25.07473179500413,25.07473179500413,17027665,US_STOCKS
2022-12-12,AMD,25.137048101493153,25.43416707493967,24.870026453146032,25.263722756920238,25.263722756920238,56706186,US_STOCKS
2022-12-13,AMD,24.805807848404925,24.731264240439806,24.113702720746225,24.587009320745324,24.587009320745324,81908667,US_STOCKS
2022-12-14,AMD,24.54490032552448,24.702908714909288,24.322268068117005,24.515363497878766,24.515363497878766,4886052,US_STOCKS
2022-12-15,AMD,24.962138581471212,25.619433763201677,25.023925218771293,25.059648567661302,25.059648567661302,22710232,US_STOCKS
2022-12-16,AMD,25.162244417050367,25.647256558553316,24.71659213239046,25.05888528658888,25.05888528658888,70109359,US_STOCKS
2022-12-19,AMD,25.27930478807972,25.457629100536256,25.03345540392184,25.33608184859807,25.33608184859807,58416814,US_STOCKS
2022-12-20,AMD,25.4257192316225,25.251876778492935,24.816312830383115,25.199901262363092,25.199901262363092,33563058,US_STOCKS
2022-12-21,AMD,24.71018501293063,24.723848203791622,24.47406916046683,24.706078025584134,24.706078025584134,82166946,US_STOCKS
2022-12-22,AMD,24.696451817990642,25.00331104371045,24.4585214316264,24.669837142203402,24.669837142203402,30506209,US_STOCKS
2022-12-23,AMD,24.78889843095456,25.469832492892465,24.126019875346984,24.846989981122206,24.846989981122206,44426882,US_STOCKS
2022-12-26,AMD,24.493644423529858,25.169382698517072,24.231635111687734,24.54599964717926,24.54599964717926,55649799,US_STOCKS
2022-12-27,AMD,24.32323476558913,25.000297134014385,24.064539763070577,24.454830284164682,24.454830284164682,81094420,US_STOCKS
2022-12-28,AMD,24.15465969441482,24.174727957179606,23.50411421573262,24.01979683162928,24.01979683162928,80205386,US_STOCKS
2022-12-29,AMD,24.50583904993153,24.708787052439973,24.57955626919411,24.581497338955373,24.581497338955373,45639461,US_STOCKS
2022-12-30,AMD,24.389121777436202,24.868530304569923,24.323323592696322,24.46131556786252,24.46131556786252,86106889,US_STOCKS
2023-01-02,AMD,25.074428690771285,25.36766014760832,24.83313372335408,25.196503120076258,25.196503120076258,50386251,US_STOCKS
2023-01-03,AMD,25.843971063135765,26.204068408889363,25.859751850076822,25.99208162291561,25.99208162291561,72127557,US_STOCKS
2023-01-04,AMD,26.116258981593237,26.336225193829947,25.419470131740656,25.975942637933414,25.975942637933414,73857603,US_STOCKS
2023-01-05,AMD,25.293690054241235,26.21649926642842,24.85046263608663,25.478010451972413,25.478010451972413,21243862,US_STOCKS
2023-01-06,AMD,24.287191620421897,24.532734909748932,24.33913625964381,24.440597903811643,24.440597903811643,75068018,US_STOCKS
2023-01-09,AMD,23.73107768742554,24.303223825457533,23.213883552160727,23.745489177688423,23.745489177688423,60856658,US_STOCKS
2023-01-10,AMD,23.202951010750425,23.12951682869315,22.900568143326595,23.116787067534858,23.116787067534858,64144395,US_STOCKS
2023-01-11,AMD,23.543891375656603,23.800742632725967,23.169553801918976,23.777219631744227,23.777219631744227,68718461,US_STOCKS
2023-01-12,AMD,23.744129432047195,24.34843941039299,23.288929374697783,23.856076584361,23.856076584361,31372634,US_STOCKS
2023-01-13,AMD,23.842508536339572,24.73926424195493,23.816610278382253,24.065821368232395,24.065821368232395,11541694,US_STOCKS
2023-01-16,AMD,23.017412796664253,23.55189273270572,22.868084719686813,23.021162082334566,23.021162082334566,27679514,US_STOCKS
2023-01-17,AMD,22.376871419947104,23.161771163755027,22.35940789201539,22.49261165769278,22.49261165769278,57976501,US_STOCKS
2023-01-18,AMD,23.109050720837086,23.015139428231848,22.24676986154135,22.914159087770457,22.914159087770457,94800246,US_STOCKS
2023-01-19,AMD,23.24592695411711,23.2169818935819,22.629696084812295,23.068496999526005,23.068496999526005,76328255,US_STOCKS
2023-01-20,AMD,23.247452138337792,23.14826985065446,22.49454805354019,23.02364940593207,23.02364940593207,34541315,US_STOCKS
2023-01-23,AMD,23.15556573169182,23.601395738559614,22.751715228031912,23.30676770401858,23.30676770401858,47020130,US_STOCKS
2023-01-24,AMD,24.110658225404297,24.811856322557897,23.804110507441706,24.09257766128961,24.09257766128961,61924674,US_STOCKS
2023-01-25,AMD,23.945450417388386,24.293085977876668,23.50908719858492,24.010160584566716,24.010160584566716,93850810,US_STOCKS
2023-01-26,AMD,24.087871813046455,24.622285898948597,24.00307302879467,24.067482347182075,24.067482347182075,21904645,US_STOCKS
2023-01-27,AMD,24.18528733136926,24.198775347953312,24.000803000057537,24.184256288363006,24.184256288363006,52222727,US_STOCKS
2023-01-30,AMD,25.11940366652383,25.566778608301927,24.97430941928248,25.365468394437947,25.365468394437947,57741775,US_STOCKS
2023-01-31,AMD,24.532945865705504,24.796767428601306,24.023147223882656,24.32581076335666,24.32581076335666,93104766,US_STOCKS
2023-02-01,AMD,24.823168337326333,24.83063746922572,24.585650012004923,24.68253564945847,24.68253564945847,67905351,US_STOCKS
2023-02-02,AMD,24.680069027676723,25.234522544772833,24.104187537590335,24.650545973155253,24.650545973155253,62895941,US_STOCKS
2023-02-03,AMD,25.19737082570706,25.35408705621707,24.86994582981422,24.95462116898016,24.95462116898016,82999082,US_STOCKS
2023-02-06,AMD,24.52914246119026,25.226335722805654,23.94366276007906,24.651486129112676,24.651486129112676,69982755,US_STOCKS
2023-02-07,AMD,24.69934310330128,24.99247955001726,24.38249347852582,24.651996399661414,24.651996399661414,35947470,US_STOCKS
2023-02-08,AMD,25.09566330807847,25.59147465110549,24.5179566286631,25.027402216934362,25.027402216934362,20642600,US_STOCKS
2023-02-09,AMD,26.607390638718748,27.242571031534712,26.23082773645184,26.610590732485743,26.610590732485743,54125704,US_STOCKS
2023-02-10,AMD,27.214025861569365,27.60420668567816,26.734852518467758,27.067247729882546,27.067247729882546,89645858,US_STOCKS
2023-02-13,AMD,26.455466944843074,27.430692902095867,26.540249011454176,26.635218944950772,26.635218944950772,2480047,US_STOCKS
2023-02-14,AMD,26.64232722024074,26.630384103048875,25.857402816174535,26.436115525681377,26.436115525681377,81290522,US_STOCKS
2023-02-15,AMD,26.411094207163096,27.002893445059946,25.99150496141586,26.22282148620287,26.22282148620287,71314090,US_STOCKS
2023-02-16,AMD,25.11264381775174,25.616165137664584,24.66351128339864,25.30730770031316,25.30730770031316,37398146,US_STOCKS
2023-02-17,AMD,25.21139041791559,25.54587306651101,24.677869532340974,25.165541127008602,25.165541127008602,97316544,US_STOCKS
2023-02-20,AMD,25.332443498042135,25.999653375769597,24.897788724394317,25.559547476088675,25.559547476088675,48656888,US_STOCKS
2023-02-21,AMD,24.723553300496686,25.353021221171144,24.685335863761644,24.933731096702754,24.933731096702754,16339236,US_STOCKS
2023-02-22,AMD,25.659395091724154,25.880250915589315,24.768077567895954,25.481516517416527,25.481516517416527,80795633,US_STOCKS
2023-02-23,AMD,25.854984897688507,25.759465920191488,25.425017602311836,25.75558287713875,25.75558287713875,20551141,US_STOCKS
2023-02-24,AMD,25.61183734101092,25.53617568697945,25.18512172771998,25.403126316512246,25.403126316512246,52166840,US_STOCKS
2023-02-27,AMD,25.23661754516435,25.51626732620132,24.90088945628209,25.35662353773229,25.35662353773229,9804022,US_STOCKS
2023-02-28,AMD,25.961086866313746,26.48504255386977,25.626260049430257,26.192541048640045,26.192541048640045,55925869,US_STOCKS
2023-03-01,AMD,26.56196886287145,27.054523934458583,26.311340003392594,26.60300321401654,26.60300321401654,93678487,US_STOCKS
2023-03-02,AMD,26.397183897100625,27.17233855819676,25.922119496974542,26.63427964922028,26.63427964922028,80584586,US_STOCKS
2023-03-03,AMD,26.366628429034254,26.769869436514494,25.96351242241111,26.534303450231633,26.534303450231633,9342785,US_STOCKS
2023-03-06,AMD,26.767412857380524,27.175213064357497,26.019234332328903,26.601493120129955,26.601493120129955,10923895,US_STOCKS
2023-03-07,AMD,26.47060627724979,26.89333606496621,25.698831782006277,26.355821117935378,26.355821117935378,5117999,US_STOCKS
2023-03-08,AMD,25.03168301372321,25.555536129135476,25.159920330757952,25.272728909637447,25.272728909637447,56280063,US_STOCKS
2023-03-09,AMD,26.55000766268774,26.639462350914695,25.662797684488158,26.330229812910964,26.330229812910964,1023846,US_STOCKS
2023-03-10,AMD,26.26307635120044,26.46248535137786,26.17808475266736,26.438354901216083,26.438354901216083,90910769,US_STOCKS
2023-03-13,AMD,26.460291805049238,27.160605683279734,26.3140064646157,26.675320430082465,26.675320430082465,93908353,US_STOCKS
2023-03-14,AMD,26.469744988855464,26.840752085095964,26.64746408946105,26.671101594845517,26.671101594845517,43959589,US_STOCKS
2023-03-15,AMD,26.188760220537812,26.992148304516817,25.828244446966572,26.305645198916295,26.305645198916295,61794983,US_STOCKS
2023-03-16,AMD,26.25087656521203,26.306421995997425,25.883893187748964,26.23413357552259,26.23413357552259,99951013,US_STOCKS
2023-03-17,AMD,25.59163156245669,26.102576843875745,24.793371107823365,25.42119299247018,25.42119299247018,11201127,US_STOCKS
2023-03-20,AMD,26.459318109544057,26.606830776168994,26.362098701789314,26.604339292013876,26.604339292013876,11752132,US_STOCKS
2023-03-21,AMD,25.959942755587363,26.50170893771548,25.292642097226963,25.974076109984058,25.974076109984058,75172499,US_STOCKS
2023-03-22,AMD,25.687325315750503,25.50513669190115,25.45465836383458,25.463962770102363,25.463962770102363,66472473,US_STOCKS
2023-03-23,AMD,25.158770733437155,25.457354559385152,25.014413881977703,25.26521185307866,25.26521185307866,27709809,US_STOCKS
2023-03-24,AMD,25.947280702084477,26.2838884968451,25.542554577571906,25.941347186355802,25.941347186355802,67598647,US_STOCKS
2023-03-27,AMD,25.91618090762006,26.170646322730466,25.84530534144116,25.97481619328614,25.97481619328614,35597937,US_STOCKS
2023-03-28,AMD,25.481260592574266,25.93429284394924,24.85126893916204,25.358623007642773,25.358623007642773,24168789,US_STOCKS
2023-03-29,AMD,26.06598784514221,26.465630378118792,25.64212716577473,26.020147502939817,26.020147502939817,55447919,US_STOCKS
2023-03-30,AMD,26.42224362262644,26.87487491292476,25.859331218234797,26.426582533116747,26.426582533116747,11853191,US_STOCKS
2023-03-31,AMD,26.871076847818877,26.846587073480823,26.68414487117542,26.737589032361782,26.737589032361782,97631888,US_STOCKS
2023-04-03,AMD,27.395186502691335,27.196287028976485,26.78607585802719,27.14706678133045,27.14706678133045,19438248,US_STOCKS
2023-04-04,AMD,28.465866046300327,29.183371178249352,27.662174263230582,28.474211896387484,28.474211896387484,63791012,US_STOCKS
2023-04-05,AMD,29.660145662343677,30.285478121495334,29.468629532156783,29.74706320938333,29.74706320938333,91072540,US_STOCKS
2023-04-06,AMD,29.585815283180636,29.86008374966496,29.0820916573824,29.368254978289265,29.368254978289265,30045577,US_STOCKS
2023-04-07,AMD,30.06820792067023,31.094276648950892,29.94134327761501,30.35143660375346,30.35143660375346,33188159,US_STOCKS
2023-04-10,AMD,30.596693368117865,31.366336872146107,30.49993253151028,30.614382140758057,30.614382140758057,85907942,US_STOCKS
2023-04-11,AMD,31.19664935718987,31.829621686488817,30.58151212626752,30.950586723700706,30.950586723700706,22496899,US_STOCKS
2023-04-12,AMD,29.858353088360264,30.232963546441255,29.775812061670113,29.934001807729086,29.934001807729086,61119400,US_STOCKS
2023-04-13,AMD,29.847968300051406,30.63747430697412,29.83316363273268,29.861929253353985,29.861929253353985,64742924,US_STOCKS
2023-04-14,AMD,29.560988862353216,30.076353215783534,28.62465575958203,29.406341571605587,29.406341571605587,73174340,US_STOCKS
2023-04-17,AMD,30.1787766036705,30.221371543559876,29.47102921001709,29.922751520219823,29.922751520219823,2393886,US_STOCKS
2023-04-18,AMD,30.29198826961328,30.81405840674827,30.501145928185327,30.59366778517416,30.59366778517416,26760925,US_STOCKS
2023-04-19,AMD,29.16533104327541,29.380054635280572,28.5541615083717,29.354938528001906,29.354938528001906,1814090,US_STOCKS
2023-04-20,AMD,29.51003788299009,29.505420521269862,28.56755417294199,29.371356824963545,29.371356824963545,89386798,US_STOCKS
2023-04-21,AMD,30.152264642234794,30.665955587436557,30.05492527650389,30.059740073098556,30.059740073098556,98502285,US_STOCKS
2023-04-24,AMD,30.204099453327697,30.782562661323762,29.38469292582447,29.977569391486497,29.977569391486497,35133905,US_STOCKS
2023-04-25,AMD,30.684348051567937,30.710912077127432,29.930711264995868,30.444658081055355,30.444658081055355,10873366,US_STOCKS
2023-04-26,AMD,30.94791228462527,30.81852781155659,30.481869754918932,30.688924990972023,30.688924990972023,56255281,US_STOCKS
2023-04-27,AMD,31.092681946278024,31.50400101837956,30.71392531499373,30.929317620578843,30.929317620578843,1093361,US_STOCKS
2023-04-28,AMD,30.95078094429365,31.702522586556427,30.044239763377586,30.792415195561524,30.792415195561524,46560455,US_STOCKS
2023-05-01,AMD,30.316836143804636,30.443750887846054,29.60037269685141,30.073978385959148,30.073978385959148,48235846,US_STOCKS
2023-05-02,AMD,29.398646857596987,30.11387861462629,28.964398926112057,29.42947489608787,29.42947489608787,32354995,US_STOCKS
2023-05-03,AMD,29.73191443942361,29.910254454235684,29.353708271674638,29.87642181131675,29.87642181131675,23766180,US_STOCKS
2023-05-04,AMD,29.707383034834447,30.504762170582588,29.306514067652174,29.91792509411996,29.91792509411996,75463334,US_STOCKS
2023-05-05,AMD,29.86709951757753,30.66599027224424,29.026047788347153,29.864963040038532,29.864963040038532,80929723,US_STOCKS
2023-05-08,AMD,29.722023054469147,29.911722398155465,28.76755584450264,29.641638794138622,29.641638794138622,28139480,US_STOCKS
2023-05-09,AMD,29.314979427029563,29.881532929041782,29.440067025119074,29.49035448249795,29.49035448249795,97870952,US_STOCKS
2023-05-10,AMD,30.190623844854823,30.640872151904095,29.544402548903637,30.137320835607714,30.137320835607714,50205341,US_STOCKS
2023-05-11,AMD,29.684952994023043,30.515835402655963,29.321578080235135,29.96539098737341,29.96539098737341,42258157,US_STOCKS
2023-05-12,AMD,29.341863433053724,29.39044205474512,28.997862972725667,29.191645808891757,29.191645808891757,16980281,US_STOCKS
2023-05-15,AMD,29.579085916516476,30.408550245101143,28.918453728308013,29.65500583943509,29.65500583943509,38899596,US_STOCKS
2023-05-16,AMD,29.61584108047751,30.20243646555892,29.3492235212856,29.563148472009082,29.563148472009082,17645967,US_STOCKS
2023-05-17,AMD,29.890862117217047,30.159874612964558,28.73944571322,29.611274833164142,29.611274833164142,34437842,US_STOCKS
2023-05-18,AMD,30.717161680808676,30.79723792622648,30.353208573320195,30.592934968929878,30.592934968929878,51678310,US_STOCKS
2023-05-19,AMD,30.50051454532458,30.764879395984792,30.36953692504309,30.61094774801983,30.61094774801983,4539091,US_STOCKS
2023-05-22,AMD,30.944603428235467,31.273592849914156,30.73146923407991,30.818602421916207,30.818602421916207,17997705,US_STOCKS
2023-05-23,AMD,29.883310358704318,30.676355223055914,30.03762923622672,30.122765537054516,30.122765537054516,75673950,US_STOCKS
2023-05-24,AMD,29.732656782132985,30.2451392033939,29.218398242934366,30.020547274415144,30.020547274415144,72134600,US_STOCKS
2023-05-25,AMD,30.15675746697122,31.165808231349,29.96664134569099,30.416533930793,30.416533930793,84831519,US_STOCKS
2023-05-26,AMD,29.560206921828367,30.104206867023393,28.62149710749384,29.500768905714867,29.500768905714867,24001219,US_STOCKS
2023-05-29,AMD,29.722268048341608,30.058210277668458,29.613680310210665,29.648771368177652,29.648771368177652,2432593,US_STOCKS
2023-05-30,AMD,29.511717735539403,30.31727111123081,29.23219471381761,29.738186768921814,29.738186768921814,55789526,US_STOCKS
2023-05-31,AMD,29.513538264628085,30.2119322584059,28.96607699844392,29.792481237000192,29.792481237000192,40361595,US_STOCKS
2023-06-01,AMD,30.516317919142605,31.15240106027482,29.72437767440797,30.440264458798467,30.440264458798467,52408728,US_STOCKS
2023-06-02,AMD,30.893911257811734,31.034470280124633,29.85651105412728,30.674312660001195,30.674312660001195,24782489,US_STOCKS
2023-06-05,AMD,31.4728088231178,31.66214086223866,30.8572714114039,31.61176376354414,31.61176376354414,42288468,US_STOCKS
2023-06-06,AMD,30.847163175399288,31.230863793580117,30.17648038694653,31.015193186409824,31.015193186409824,83557743,US_STOCKS
2023-06-07,AMD,31.163851802881528,31.70591845551111,30.687542822538596,31.130522913817355,31.130522913817355,39774987,US_STOCKS
2023-06-08,AMD,31.47361927077534,31.331870506147844,30.822398343726725,31.21424334131455,31.21424334131455,35111628,US_STOCKS
2023-06-09,AMD,30.576807242181605,30.99774136056415,30.101941024701937,30.577938185418564,30.577938185418564,14851978,US_STOCKS
2023-06-12,AMD,31.201545261084075,31.420202336162312,31.020849362452527,31.19334671282346,31.19334671282346,7418587,US_STOCKS
2023-06-13,AMD,32.84646940568245,33.09382459081002,32.060562652202286,32.674826868006534,32.674826868006534,73031740,US_STOCKS
2023-06-14,AMD,32.813648430383246,33.157898510064186,32.31590185656232,32.69638828408526,32.69638828408526,38220031,US_STOCKS
2023-06-15,AMD,33.15193037768045,33.55005910956498,32.2171796377029,33.05933198424635,33.05933198424635,87595496,US_STOCKS
2023-06-16,AMD,32.929866707416664,33.28375111472584,32.52137272818438,33.14827380324622,33.14827380324622,30821349,US_STOCKS
2023-06-19,AMD,32.39340502358205,33.58032087573625,32.48569365289192,32.70834007665183,32.70834007665183,92998784,US_STOCKS
2023-06-20,AMD,31.687168486566193,32.2718182738128,31.359284380160883,31.54996748944033,31.54996748944033,24185248,US_STOCKS
2023-06-21,AMD,31.149418778032217,31.29693078110104,30.850875610373443,31.136174847998415,31.136174847998415,32824785,US_STOCKS
2023-06-22,AMD,30.09423812838554,30.487020141436368,29.583700241603633,30.300505832237416,30.300505832237416,17552389,US_STOCKS
2023-06-23,AMD,31.06772481635021,31.955672827642964,30.44520176390134,31.36350943716882,31.36350943716882,33790167,US_STOCKS
2023-06-26,AMD,31.08377365061071,31.858649653038857,30.470985104009582,31.32266806717257,31.32266806717257,78622116,US_STOCKS
2023-06-27,AMD,31.213584647392906,31.431588558802616,30.631108031655028,31.137288408804466,31.137288408804466,10033239,US_STOCKS
2023-06-28,AMD,31.835673123756887,32.412190455527174,30.80375635970092,31.722142478857464,31.722142478857464,26779338,US_STOCKS
2023-06-29,AMD,30.743214427349095,31.55028390161073,30.383968163050895,31.042177655124117,31.042177655124117,79250340,US_STOCKS
2023-06-30,AMD,30.409703123240334,30.837383735322565,30.126603099601404,30.59711723867798,30.59711723867798,33729480,US_STOCKS
2023-07-03,AMD,30.890503868161296,31.105268432742907,29.933693445741792,30.66937065997472,30.66937065997472,58481356,US_STOCKS
2023-07-04,AMD,31.502198129673896,31.643764039638288,30.549598710340256,31.331073981063795,31.331073981063795,28182659,US_STOCKS
2023-07-05,AMD,31.70597690866953,31.8801433142118,31.22487732874724,31.676771680352395,31.676771680352395,32499345,US_STOCKS
2023-07-06,AMD,31.717087726716176,32.79018292985893,31.71274468411889,31.86577122887208,31.86577122887208,78945257,US_STOCKS
2023-07-07,AMD,32.256779089439426,31.96649667106477,31.277458910747686,31.947422637699923,31.947422637699923,26038268,US_STOCKS
2023-07-10,AMD,31.938851720987742,32.62471571866564,31.33069494802901,32.23510014096312,32.23510014096312,2164744,US_STOCKS
2023-07-11,AMD,32.45428652800434,32.88465865781795,31.548481527850573,32.397341272915234,32.397341272915234,9316169,US_STOCKS
2023-07-12,AMD,31.87768529184971,32.41042825241569,31.12482430971443,31.762371348436368,31.762371348436368,94291114,US_STOCKS
2023-07-13,AMD,32.02904033524233,31.863476879287386,31.373661610337013,31.82340542676398,31.82340542676398,40397352,US_STOCKS
2023-07-14,AMD,31.05349895647821,31.593930401855122,30.812578819141148,31.171860242293583,31.171860242293583,43801056,US_STOCKS
2023-07-17,AMD,31.553154976543425,31.336684914708332,30.388891433692415,31.253581976443765,31.253581976443765,48543434,US_STOCKS
2023-07-18,AMD,31.061077736727636,31.756077699326767,30.649334282694866,30.98439616159797,30.98439616159797,43611768,US_STOCKS
2023-07-19,AMD,32.530030628478876,32.95536801331113,31.684142299984376,32.58900468187528,32.58900468187528,83064059,US_STOCKS
2023-07-20,AMD,32.34069379063822,32.701321659669084,32.1771915260291,32.59559132137986,32.59559132137986,10767080,US_STOCKS
2023-07-21,AMD,31.78828191519939,31.849452197915127,31.215769804854588,31.712746532317748,31.712746532317748,1714774,US_STOCKS
2023-07-24,AMD,31.543225993020318,32.302537460652246,31.1996240019918,31.65935481863306,31.65935481863306,97848679,US_STOCKS
2023-07-25,AMD,32.25944049371259,32.36478737031756,31.97617124147392,32.0198654295779,32.0198654295779,84717003,US_STOCKS
2023-07-26,AMD,33.39593348115928,33.93896468178828,32.99635855462093,33.1235030624177,33.1235030624177,99793598,US_STOCKS
2023-07-27,AMD,32.60792677272974,33.47801381098988,31.873548279485888,32.766131997989724,32.766131997989724,24333024,US_STOCKS
2023-07-28,AMD,32.021238577826495,32.05678891610222,30.831515159143844,31.761897252504316,31.761897252504316,28844742,US_STOCKS
2023-07-31,AMD,32.60557832431111,32.36444993260648,31.624993500204333,32.312545014339086,32.312545014339086,53679002,US_STOCKS
2023-08-01,AMD,31.438727914202854,31.663529018500647,30.786858798693885,31.45264440273101,31.45264440273101,19890139,US_STOCKS
2023-08-02,AMD,31.242715773053167,31.446843805907335,30.314991586384554,31.20973220701272,31.20973220701272,3834488,US_STOCKS
2023-08-03,AMD,30.89348689044604,31.306068014414297,30.69405807419874,31.080136611942958,31.080136611942958,24040293,US_STOCKS
2023-08-04,AMD,31.062557086153124,31.88110340076372,30.4042622564231,31.067932403728328,31.067932403728328,58416236,US_STOCKS
2023-08-07,AMD,31.268066898189133,32.18360785937214,31.369821245734638,31.52721863148081,31.52721863148081,78850371,US_STOCKS
2023-08-08,AMD,30.972081015197006,31.517136932570317,30.800404328148414,31.127684100479925,31.127684100479925,86022577,US_STOCKS
2023-08-09,AMD,30.756944832146853,31.5142535376728,30.85633276874005,30.988400630770258,30.988400630770258,70774787,US_STOCKS
2023-08-10,AMD,31.261778591080787,31.41486732573201,30.556464517135677,31.010544723114265,31.010544723114265,92814860,US_STOCKS
2023-08-11,AMD,31.14740861047726,31.589769181665346,30.594160745907043,31.13433755087984,31.13433755087984,69233743,US_STOCKS
2023-08-14,AMD,30.98087533218444,31.99559704142154,30.818410110680258,31.22638757401083,31.22638757401083,8162502,US_STOCKS
2023-08-15,AMD,31.71037795363172,31.886467647332868,31.434974320376366,31.529911668016982,31.529911668016982,63744124,US_STOCKS
2023-08-16,AMD,32.33756069186085,32.9483005400112,31.171520226246695,32.093565283704734,32.093565283704734,86902840,US_STOCKS
2023-08-17,AMD,32.05528898724368,32.747019219122684,31.58260414410382,32.377679421453514,32.377679421453514,37259047,US_STOCKS
2023-08-18,AMD,32.770198430529945,33.298643680243664,32.345646838677375,32.70377803428284,32.70377803428284,90542918,US_STOCKS
2023-08-21,AMD,31.703635180924486,32.14362023384993,30.752905204519283,31.70158830739759,31.70158830739759,49856536,US_STOCKS
2023-08-22,AMD,31.560821388158637,32.254067450087426,30.98941528681617,31.765135852516547,31.765135852516547,77909172,US_STOCKS
2023-08-23,AMD,32.28681178009628,32.78339291173518,31.856709972262767,32.10153343646063,32.10153343646063,86346324,US_STOCKS
2023-08-24,AMD,32.85817559778082,32.79152844797793,32.474045551047226,32.60163757251142,32.60163757251142,97584891,US_STOCKS
2023-08-25,AMD,32.419877787150995,33.04520914077167,31.32702151061977,32.182803829791574,32.182803829791574,54626995,US_STOCKS
2023-08-28,AMD,31.883876542798504,32.310917509519044,31.741955287738886,31.79079199962398,31.79079199962398,74804805,US_STOCKS
2023-08-29,AMD,31.460915143751716,32.068820910503376,30.983205826459116,31.45756048852791,31.45756048852791,49689320,US_STOCKS
2023-08-30,AMD,31.617587401931782,32.092617994009636,31.674831730372023,31.82650350307082,31.82650350307082,20370963,US_STOCKS
2023-08-31,AMD,32.82401707036208,32.665787449548866,32.25375502899728,32.51642638689997,32.51642638689997,59468376,US_STOCKS
2023-09-01,AMD,32.355099896300665,32.433086720423574,31.51522963565866,32.283959881599955,32.283959881599955,78735083,US_STOCKS
2023-09-04,AMD,32.729638154736485,33.18743147759973,31.976631953704324,32.90249621962436,32.90249621962436,82741473,US_STOCKS
2023-09-05,AMD,33.147266521339276,33.098106571054046,32.602364174269965,33.01665459492874,33.01665459492874,56370885,US_STOCKS
2023-09-06,AMD,32.76149523782589,33.4109098947076,32.3731697941278,32.96760123801098,32.96760123801098,33410291,US_STOCKS
2023-09-07,AMD,33.045835853287194,33.68973747690242,32.54216642994421,32.86119221931613,32.86119221931613,84027058,US_STOCKS
2023-09-08,AMD,33.12005430410854,34.22376535290564,33.23175818019889,33.3847442028418,33.3847442028418,9209788,US_STOCKS
2023-09-11,AMD,33.73088936620193,34.11173128837215,32.719394536358585,33.63551558967576,33.63551558967576,36955730,US_STOCKS
2023-09-12,AMD,35.05027701095742,35.728900236945655,34.718641492723926,35.20012233828588,35.20012233828588,35098376,US_STOCKS
2023-09-13,AMD,34.769560196935394,35.424585022002084,33.749052169246816,34.635354226760015,34.635354226760015,97312803,US_STOCKS
2023-09-14,AMD,34.865406844865895,35.7814009299214,34.61456954067727,35.02888230049268,35.02888230049268,68031115,US_STOCKS
2023-09-15,AMD,34.676499361581925,35.72747880547244,33.93452712779798,34.69316478507339,34.69316478507339,95296638,US_STOCKS
2023-09-18,AMD,34.35330626769309,35.04902817313209,33.29093749761928,34.12469161615613,34.12469161615613,46456753,US_STOCKS
2023-09-19,AMD,33.981864119698706,34.5308081220099,34.130666683780404,34.15139955377091,34.15139955377091,52875323,US_STOCKS
2023-09-20,AMD,34.282834105190545,34.819524137702295,33.27769133989561,34.27936654140329,34.27936654140329,91233946,US_STOCKS
2023-09-21,AMD,36.06861539433272,36.71618013959857,35.85243845882592,36.314308726451394,36.314308726451394,36692758,US_STOCKS
2023-09-22,AMD,36.43309232787292,36.78625076477188,35.59529035441627,36.216880475149765,36.216880475149765,85448342,US_STOCKS
2023-09-25,AMD,35.65127441383702,35.575011739276626,34.675550926210526,35.43446639639885,35.43446639639885,44108176,US_STOCKS
2023-09-26,AMD,35.51691035797573,35.71689585217049,35.1420716485067,35.66338064469348,35.66338064469348,36188231,US_STOCKS
2023-09-27,AMD,34.04920962803133,34.93240527240137,33.4293336202175,34.21927047814343,34.21927047814343,25234162,US_STOCKS
2023-09-28,AMD,33.882463016540484,35.061135667108175,34.180339995654485,34.19055586829687,34.19055586829687,93774136,US_STOCKS
2023-09-29,AMD,34.32308781672337,34.56626408110765,33.98255434260855,34.23570469035752,34.23570469035752,1891560,US_STOCKS
2023-10-02,AMD,34.62982843784401,34.95786072867901,34.17465556609223,34.81401447619503,34.81401447619503,17488013,US_STOCKS
2023-10-03,AMD,35.54708496969355,36.155689897350555,35.20908895249362,35.526742472389756,35.526742472389756,4471429,US_STOCKS
2023-10-04,AMD,34.878650856050356,35.232291763883865,34.423850787248156,35.204465451505065,35.204465451505065,32482960,US_STOCKS
2023-10-05,AMD,35.34182618714593,35.58867436308959,34.65616024833658,35.13362419946553,35.13362419946553,51775377,US_STOCKS
2023-10-06,AMD,34.77797319743057,34.9145714175919,34.50410714600912,34.63042579658384,34.63042579658384,56049676,US_STOCKS
2023-10-09,AMD,33.766497549550934,34.33354844841211,33.22612106504004,33.88375049041697,33.88375049041697,49918448,US_STOCKS
2023-10-10,AMD,34.20973883722134,34.6848100770982,33.370217012348725,34.12764218856371,34.12764218856371,70887725,US_STOCKS
2023-10-11,AMD,33.315245718825054,33.97055135808862,32.419991414854316,33.292480392771665,33.292480392771665,43794857,US_STOCKS
2023-10-12,AMD,32.99203063948827,33.80743622475574,32.47209693742753,33.04969371401235,33.04969371401235,8029671,US_STOCKS
2023-10-13,AMD,32.679223684238416,32.45488372323523,31.696938318858134,32.424939516389756,32.424939516389756,76120620,US_STOCKS
2023-10-16,AMD,33.1111995699932,32.867124060932674,32.22627849059909,32.8138333372789,32.8138333372789,43356216,US_STOCKS
2023-10-17,AMD,33.913616281864925,34.12108690510027,33.454488963294565,34.02888371153795,34.02888371153795,48425031,US_STOCKS
2023-10-18,AMD,32.91468629864983,33.78669929043316,32.4425869625707,33.17708087310649,33.17708087310649,76960551,US_STOCKS
2023-10-19,AMD,32.239985463999204,32.37355793904901,31.066304956052516,31.98070307265052,31.98070307265052,86677511,US_STOCKS
2023-10-20,AMD,31.80283885732941,32.08539498988569,31.51570823545158,31.9328043677622,31.9328043677622,40787972,US_STOCKS
2023-10-23,AMD,32.023184801419035,32.53437175469903,31.255342990253055,31.97476266507644,31.97476266507644,51479104,US_STOCKS
2023-10-24,AMD,31.892497091567876,32.97430266614175,31.84783295993609,32.146569016503015,32.146569016503015,97158448,US_STOCKS
2023-10-25,AMD,31.648019830374814,32.808571673688746,31.804686313732407,31.891762120590275,31.891762120590275,23872577,US_STOCKS
2023-10-26,AMD,31.507343094028915,32.46826560639892,30.984604294736204,31.79567906690721,31.79567906690721,43973037,US_STOCKS
2023-10-27,AMD,32.33595807159278,32.62895014416776,31.455216449616717,32.06117960732004,32.06117960732004,84696500,US_STOCKS
2023-10-30,AMD,32.62725153221981,33.108566113093964,31.87000948576003,32.760389621289164,32.760389621289164,90195386,US_STOCKS
2023-10-31,AMD,31.812487107247854,32.36475374735459,31.39177368016392,31.51218682202547,31.51218682202547,82548704,US_STOCKS
2020-01-01,TSM,60.20481998762824,60.345481052539505,59.10231785140187,60.164869714704146,60.164869714704146,78061165,US_STOCKS
2020-01-02,TSM,59.716037360385265,60.517565678644566,60.18351775887814,60.20571680082313,60.20571680082313,59771605,US_STOCKS
2020-01-03,TSM,63.8670406782428,64.65197626222071,61.50968265716357,63.376840599985044,63.376840599985044,7240331,US_STOCKS
2020-01-06,TSM,62.25184613347012,63.26226848951769,61.17193556173966,61.75410669327112,61.75410669327112,97379128,US_STOCKS
2020-01-07,TSM,59.1063614095832,60.94173724247813,57.789726488993786,59.35811371475617,59.35811371475617,76008104,US_STOCKS
2020-01-08,TSM,59.887983058109185,60.02738540532022,58.857507353837775,59.81205706607508,59.81205706607508,36322829,US_STOCKS
2020-01-09,TSM,59.768856915413004,60.77305396688828,57.79827604073449,59.42157697682142,59.42157697682142,2468186,US_STOCKS
2020-01-10,TSM,60.226661076746986,61.54181867452607,58.4392777826336,59.856623578819395,59.856623578819395,13889251,US_STOCKS
2020-01-13,TSM,60.107846288249334,60.65337184542612,59.47211499111471,60.615465527976546,60.615465527976546,63337592,US_STOCKS
2020-01-14,TSM,62.83885327437805,62.97595346465176,61.613149217647596,62.232813071203104,62.232813071203104,62818067,US_STOCKS
2020-01-15,TSM,60.812527278955955,62.11703809346908,58.96334742539566,60.41906782955341,60.41906782955341,43240724,US_STOCKS
2020-01-16,TSM,59.96813503286631,61.34313400214734,58.92650610154694,59.806759368731804,59.806759368731804,22451977,US_STOCKS
2020-01-17,TSM,59.980584396989265,60.3797082926269,59.07841869497048,60.37942255683086,60.37942255683086,11998623,US_STOCKS
2020-01-20,TSM,61.05579198068,61.918626864748006,60.33848611407913,61.370204919560784,61.370204919560784,40397770,US_STOCKS
2020-01-21,TSM,64.34783937887792,64.23085700022413,63.885400439384725,64.12382409211868,64.12382409211868,50421938,US_STOCKS
2020-01-22,TSM,65.20032132823071,65.99412243240049,65.28207931250319,65.4136157827677,65.4136157827677,89676198,US_STOCKS
2020-01-23,TSM,65.6556513244719,65.64336654824274,65.27710504292084,65.40473445070752,65.40473445070752,97512380,US_STOCKS
2020-01-24,TSM,64.53837224516424,65.11070485534067,62.95161278657925,64.30536490582561,64.30536490582561,75876846,US_STOCKS
2020-01-27,TSM,64.00029088577193,64.55635270920396,62.823150089567356,63.64393297289641,63.64393297289641,2091780,US_STOCKS
2020-01-28,TSM,63.49020031093351,64.09254185724122,62.56946279503267,62.953138131126735,62.953138131126735,92040738,US_STOCKS
2020-01-29,TSM,64.37086547617193,65.73558884159831,62.16705030463338,63.84107153173758,63.84107153173758,99780654,US_STOCKS
2020-01-30,TSM,63.90506074002496,65.85606030285963,62.64708383362483,64.2330524494117,64.2330524494117,23863095,US_STOCKS
2020-01-31,TSM,62.09411361000155,64.43610346223184,62.04093837149214,62.59684445569017,62.59684445569017,87218287,US_STOCKS
2020-02-03,TSM,61.49771002787413,62.15289804074125,61.24561016785111,62.11372017097264,62.11372017097264,24632753,US_STOCKS
2020-02-04,TSM,63.50619868463998,64.3394183424209,63.11892228687542,63.26598875457969,63.26598875457969,17100201,US_STOCKS
2020-02-05,TSM,63.63142866546067,64.1293227078848,62.25851920558855,63.77422007523823,63.77422007523823,42190953,US_STOCKS
2020-02-06,TSM,64.03830409404249,65.50141479453106,64.38734727377896,64.56329163303744,64.56329163303744,13764793,US_STOCKS
2020-02-07,TSM,64.78316446771343,66.80154150076474,63.31592156421023,65.12230864545144,65.12230864545144,82799515,US_STOCKS
2020-02-10,TSM,67.08241822890385,67.85588596038953,66.19692905056189,67.30576943988983,67.30576943988983,72463462,US_STOCKS
2020-02-11,TSM,68.35875254646312,67.95800027704442,67.59071794027068,67.6908164099627,67.6908164099627,69741233,US_STOCKS
2020-02-12,TSM,67.68265327235812,68.94305400016646,65.8673899730315,67.23590325955814,67.23590325955814,95447564,US_STOCKS
2020-02-13,TSM,66.08624888592541,67.8830259189015,64.15335682267568,66.07170681571553,66.07170681571553,84868588,US_STOCKS
2020-02-14,TSM,66.214723067111,66.85888060733441,65.37465387941185,66.46762098135649,66.46762098135649,45848460,US_STOCKS
2020-02-17,TSM,63.76769579458764,63.479461546558355,62.80016537266177,63.28953281470294,63.28953281470294,75428095,US_STOCKS
2020-02-18,TSM,62.608265828166694,63.726946225125054,62.38643881115092,63.11955105094003,63.11955105094003,62636785,US_STOCKS
2020-02-19,TSM,62.492595049669895,64.54737005963165,62.07800162248552,62.92282021105851,62.92282021105851,91785149,US_STOCKS
2020-02-20,TSM,61.22924462872354,61.774156027013206,61.007926266108754,61.26861594716178,61.26861594716178,1370764,US_STOCKS
2020-02-21,TSM,60.231126032337045,60.38591390547725,59.48504211631444,60.192413299799256,60.192413299799256,59337904,US_STOCKS
2020-02-24,TSM,60.952627541900945,61.54916589163488,59.80428688603833,61.22731052681861,61.22731052681861,94732326,US_STOCKS
2020-02-25,TSM,61.07902893496653,61.85845084817194,59.797785270769715,61.571055035401386,61.571055035401386,4740637,US_STOCKS
2020-02-26,TSM,62.347922466352344,61.766575407835425,60.1392903033162,61.7579703923699,61.7579703923699,31425192,US_STOCKS
2020-02-27,TSM,62.743704418434355,62.789518400031916,60.977217778901455,62.19811640136926,62.19811640136926,8923224,US_STOCKS
2020-02-28,TSM,62.054093405965766,63.82329975256422,61.3862277833092,62.37553974771514,62.37553974771514,92868937,US_STOCKS
2020-03-02,TSM,63.89721808397779,65.65813679244222,63.12656155115721,63.988399751273164,63.988399751273164,97945579,US_STOCKS
2020-03-03,TSM,64.80087138843807,64.84436834808582,62.503784828999876,64.21034886742095,64.21034886742095,84913526,US_STOCKS
2020-03-04,TSM,62.04082983472714,63.570619196150005,62.2658462977406,62.401911761061356,62.401911761061356,83834361,US_STOCKS
2020-03-05,TSM,64.07895033989897,64.63580204889931,63.724368917160284,64.49877819736552,64.49877819736552,58115291,US_STOCKS
2020-03-06,TSM,65.50268999756754,66.94197831465029,64.18345580487166,65.04100687076281,65.04100687076281,6984245,US_STOCKS
2020-03-09,TSM,64.660094367681,65.43042428947128,63.47502113607781,64.33953475856828,64.33953475856828,31617619,US_STOCKS
2020-03-10,TSM,62.794020744563234,63.42898964384932,61.36500246340644,62.79100862491302,62.79100862491302,54845475,US_STOCKS
2020-03-11,TSM,63.828470340723676,64.3840181610742,62.89817185796762,63.35099669879597,63.35099669879597,85258096,US_STOCKS
2020-03-12,TSM,63.33828870374003,63.65846789074321,62.082485163300156,63.26588842948831,63.26588842948831,36413959,US_STOCKS
2020-03-13,TSM,65.77088825375039,66.20924930649365,63.8973950230055,65.32095021665307,65.32095021665307,10458084,US_STOCKS
2020-03-16,TSM,64.79933944755707,66.84975625771192,63.359465502597395,64.9343713216694,64.9343713216694,16834139,US_STOCKS
2020-03-17,TSM,63.627739754326086,64.54418354753737,62.6648285903973,63.91180979029358,63.91180979029358,75942481,US_STOCKS
2020-03-18,TSM,65.44574800215933,66.11686234330448,63.53672324261944,65.12076075029906,65.12076075029906,44270730,US_STOCKS
2020-03-19,TSM,65.89156394844358,67.51519818307035,64.49425598303498,66.39098272629329,66.39098272629329,79506371,US_STOCKS
2020-03-20,TSM,66.78626955904993,67.9752078169376,64.81977939524603,66.68131230969509,66.68131230969509,43405936,US_STOCKS
2020-03-23,TSM,67.42187739875243,69.63331292195484,65.89764326378541,67.65000113258225,67.65000113258225,32981314,US_STOCKS
2020-03-24,TSM,67.61764353808914,68.50926898307647,67.36399625856224,67.6666604584969,67.6666604584969,95824113,US_STOCKS
2020-03-25,TSM,67.92059216756824,69.8378305007862,67.66424910392952,68.05082452661709,68.05082452661709,55239210,US_STOCKS
2020-03-26,TSM,69.04080698415916,71.30253414352435,68.48967868999948,69.70444715363304,69.70444715363304,62933368,US_STOCKS
2020-03-27,TSM,70.01251933333229,71.09317076548933,70.48836583271382,70.64590097614666,70.64590097614666,29602517,US_STOCKS
2020-03-30,TSM,70.65700731011874,71.67447504757868,69.18309457906925,70.47737597295803,70.47737597295803,55375875,US_STOCKS
2020-03-31,TSM,72.12517285853136,72.98553954001946,72.15615665301975,72.45407262095067,72.45407262095067,85058016,US_STOCKS
2020-04-01,TSM,69.26063231347094,69.48629405407809,68.73230540562786,69.09965863520598,69.09965863520598,87430524,US_STOCKS
2020-04-02,TSM,72.3542649072399,73.4291047778897,71.12582564281233,72.00470960011464,72.00470960011464,26935580,US_STOCKS
2020-04-03,TSM,70.28755950447275,71.28508644464586,68.98967668866487,69.61997252536912,69.61997252536912,84908914,US_STOCKS
2020-04-06,TSM,69.17280423334729,69.42974946846071,67.93581346964991,68.81642879326442,68.81642879326442,19409391,US_STOCKS
2020-04-07,TSM,68.29351237336444,70.32133735378284,68.27655260802148,68.82892924911474,68.82892924911474,82185877,US_STOCKS
2020-04-08,TSM,69.37704389489889,68.8540205327489,67.72124574884137,68.69611602392563,68.69611602392563,80404193,US_STOCKS
2020-04-09,TSM,70.55292663866618,71.74690072561137,69.41310861730385,70.14754273141803,70.14754273141803,45931472,US_STOCKS
2020-04-10,TSM,68.86414782296137,70.74187068741155,68.0581924176632,68.73359748601304,68.73359748601304,92391244,US_STOCKS
2020-04-13,TSM,68.84177071225054,71.21295534907873,67.77012073090366,69.16079991291085,69.16079991291085,46887636,US_STOCKS
2020-04-14,TSM,68.58535501012653,68.98964910265082,67.86731559024284,68.43016848817975,68.43016848817975,12241899,US_STOCKS
2020-04-15,TSM,68.37067137984954,69.62119346922734,67.32564943125811,68.90252959554445,68.90252959554445,61189145,US_STOCKS
2020-04-16,TSM,68.33467589541281,70.6432897783653,67.63946741249627,68.88217267418614,68.88217267418614,96124702,US_STOCKS
2020-04-17,TSM,69.31421217470036,69.44211463008746,68.09723137667996,69.07908704037425,69.07908704037425,65201262,US_STOCKS
2020-04-20,TSM,67.74317557350167,68.41899069334798,68.12291009500332,68.38840002006526,68.38840002006526,25914779,US_STOCKS
2020-04-21,TSM,67.66366545596311,68.74999567941975,67.47856031166769,67.75913927098561,67.75913927098561,67665766,US_STOCKS
2020-04-22,TSM,68.34736865082908,68.81882187749618,68.18825041365777,68.21620517599082,68.21620517599082,8687143,US_STOCKS
2020-04-23,TSM,69.42125506802964,69.89332409233815,68.78547288989732,69.57195519253519,69.57195519253519,63190077,US_STOCKS
2020-04-24,TSM,68.87406514528675,69.28626772884613,68.09931483598177,68.80905788709907,68.80905788709907,61789088,US_STOCKS
2020-04-27,TSM,68.1707552797505,69.21166162796725,66.55862406266513,67.68228541968718,67.68228541968718,36867006,US_STOCKS
2020-04-28,TSM,68.3952787446512,70.3896985044512,68.4996352503019,68.58037542563906,68.58037542563906,98810281,US_STOCKS
2020-04-29,TSM,68.82991065796699,70.00624396487673,68.52616868293374,68.60437321729087,68.60437321729087,60947398,US_STOCKS
2020-04-30,TSM,69.79124003764147,70.03403434734955,69.23042081079093,69.81249366931289,69.81249366931289,89141131,US_STOCKS
2020-05-01,TSM,68.68618860791112,69.46861635191543,68.4679686941242,68.61758691849911,68.61758691849911,71698031,US_STOCKS
2020-05-04,TSM,66.5129421660437,67.46449301442411,65.23013035665515,66.24418840278955,66.24418840278955,43944655,US_STOCKS
2020-05-05,TSM,65.72664376328379,66.0636162407652,63.751745886903535,65.60426413487315,65.60426413487315,59290658,US_STOCKS
2020-05-06,TSM,64.4201660677863,65.53669605567431,63.10137596191905,64.6643484190346,64.6643484190346,16999990,US_STOCKS
2020-05-07,TSM,64.35934802806979,65.94455608603877,64.01544202288918,64.62711675637021,64.62711675637021,79457666,US_STOCKS
2020-05-08,TSM,63.39654614543301,65.32994528468123,63.737628634039574,63.86859447275883,63.86859447275883,2246668,US_STOCKS
2020-05-11,TSM,65.3957443017543,66.01051880368807,64.19423179029803,64.87901729047856,64.87901729047856,24026869,US_STOCKS
2020-05-12,TSM,64.72094448688289,65.55598629270922,62.6491741934562,64.56999819060971,64.56999819060971,98338382,US_STOCKS
2020-05-13,TSM,65.0039608085538,65.69021506344514,63.87368722118256,64.8288909510716,64.8288909510716,68565427,US_STOCKS
2020-05-14,TSM,64.5793704684255,65.73935825043853,64.95110290584621,65.09810531400844,65.09810531400844,8262715,US_STOCKS
2020-05-15,TSM,65.01908170814337,66.36934232797873,63.87689946014415,65.41702756206946,65.41702756206946,49064093,US_STOCKS
2020-05-18,TSM,65.23551149839085,65.61257775547544,64.37035578274265,65.45087549595792,65.45087549595792,27855590,US_STOCKS
2020-05-19,TSM,66.33684932418267,68.12495827704639,65.96369242780686,66.1847116157778,66.1847116157778,22000414,US_STOCKS
2020-05-20,TSM,65.16260873535767,67.09223377810402,63.688085728563365,65.1976922158361,65.1976922158361,89924690,US_STOCKS
2020-05-21,TSM,66.8645526382182,69.08427267568771,66.88070188387456,67.087666293318,67.087666293318,6244317,US_STOCKS
2020-05-22,TSM,67.31273009092801,68.69665774954787,66.65574450218291,66.83737913878485,66.83737913878485,12229315,US_STOCKS
2020-05-25,TSM,64.54272290963529,65.35526956455506,64.74168902354407,65.15100637814604,65.15100637814604,97037585,US_STOCKS
2020-05-26,TSM,65.68098745542022,66.99017169831104,63.937009768911615,65.4612207541428,65.4612207541428,53972301,US_STOCKS
2020-05-27,TSM,64.79553466566703,65.5636156344331,63.80447661807826,64.41229570563469,64.41229570563469,56549900,US_STOCKS
2020-05-28,TSM,65.37760737731217,66.94780256640568,63.409622744114635,65.33382249693946,65.33382249693946,41693213,US_STOCKS
2020-05-29,TSM,68.64611589213638,68.49076956897002,66.69498545630312,68.2863958893044,68.2863958893044,37770274,US_STOCKS
2020-06-01,TSM,66.66063818108623,68.01361968920665,66.04790945306658,67.28043882040174,67.28043882040174,12805766,US_STOCKS
2020-06-02,TSM,68.3699104371527,67.9529363379357,65.9034692700976,67.79496238784354,67.79496238784354,71006614,US_STOCKS
2020-06-03,TSM,65.25945130039908,66.25008756480774,64.02716786317559,65.48246864307382,65.48246864307382,60545638,US_STOCKS
2020-06-04,TSM,66.36946533296747,66.91461635392226,65.17445306331365,66.14240781079329,66.14240781079329,98996880,US_STOCKS
2020-06-05,TSM,64.66477404214358,65.85216729849306,64.46750721580847,65.0368853516041,65.0368853516041,76746039,US_STOCKS
2020-06-08,TSM,64.62863937277312,64.85320862200045,64.13220079567411,64.28917628809897,64.28917628809897,2131834,US_STOCKS
2020-06-09,TSM,62.84612787068981,63.7122174864948,61.07124729823098,62.93744943860679,62.93744943860679,47510405,US_STOCKS
2020-06-10,TSM,63.61057709397837,65.63105605881891,62.98028041162898,63.92198150347007,63.92198150347007,60318387,US_STOCKS
2020-06-11,TSM,64.74583746044598,66.02351220115033,63.42469263914201,65.27368129510897,65.27368129510897,59361033,US_STOCKS
2020-06-12,TSM,65.16618708828547,66.59646997543143,63.584090669395444,65.36948375737681,65.36948375737681,28125069,US_STOCKS
2020-06-15,TSM,64.31129127367542,66.15416044593418,63.97213416808154,64.30471069165647,64.30471069165647,72246728,US_STOCKS
2020-06-16,TSM,66.56535299386104,67.76747566587478,65.71352222750475,66.41329178183577,66.41329178183577,32074057,US_STOCKS
2020-06-17,TSM,65.72421283147688,65.90639331377511,64.65855388025126,65.48296093820531,65.48296093820531,19629289,US_STOCKS
2020-06-18,TSM,62.10016626347054,64.54208861408122,61.904665952151575,62.71691836627778,62.71691836627778,96965611,US_STOCKS
2020-06-19,TSM,62.89886694287892,64.47098200782555,62.97263126171708,63.35461020699358,63.35461020699358,79217338,US_STOCKS
2020-06-22,TSM,62.370007923708236,62.227623929199524,60.32117793978128,62.01811344089824,62.01811344089824,20268335,US_STOCKS
2020-06-23,TSM,63.449408295981996,65.17827103988819,61.630525097855234,63.30636460041716,63.30636460041716,95699828,US_STOCKS
2020-06-24,TSM,62.68913198226525,63.08628251107197,62.53176445358042,62.88710212524616,62.88710212524616,50548994,US_STOCKS
2020-06-25,TSM,64.08293393032743,63.996290279927045,62.4483736343291,63.709304751620735,63.709304751620735,33034182,US_STOCKS
2020-06-26,TSM,65.35057432208154,66.86062200092158,64.64030885556821,65.55878631013223,65.55878631013223,81391296,US_STOCKS
2020-06-29,TSM,63.5986238123997,65.55695116679343,63.91591125108936,64.03931869674678,64.03931869674678,20211334,US_STOCKS
2020-06-30,TSM,63.57644418530878,65.00403096628293,62.898079674138444,63.3785134496927,63.3785134496927,33391968,US_STOCKS
2020-07-01,TSM,63.39300256001032,63.74804212340376,61.80446906820323,63.345973561219424,63.345973561219424,77590027,US_STOCKS
2020-07-02,TSM,64.8936179088491,66.26671263443157,63.838054337122664,65.357273238872,65.357273238872,34395623,US_STOCKS
2020-07-03,TSM,64.73390145797934,64.65928435766828,63.38308309460328,64.56202852826716,64.56202852826716,16112645,US_STOCKS
2020-07-06,TSM,64.28115730129336,64.53990207908835,63.31955130085299,63.85894326523503,63.85894326523503,84248008,US_STOCKS
2020-07-07,TSM,63.95285787320961,65.30130954647682,63.81714483864334,64.53347324624478,64.53347324624478,29195237,US_STOCKS
2020-07-08,TSM,64.37883017687459,65.29146604279381,63.730544663993875,63.85299522893887,63.85299522893887,71754057,US_STOCKS
2020-07-09,TSM,64.14663675366711,65.84431626611322,63.50972927738586,64.11163291362685,64.11163291362685,57842037,US_STOCKS
2020-07-10,TSM,62.187251949865946,63.099632221309726,61.335407206326,62.186312594843194,62.186312594843194,21357318,US_STOCKS
2020-07-13,TSM,65.33495497022115,65.88265856119939,63.13334001063943,65.00251918735695,65.00251918735695,26820034,US_STOCKS
2020-07-14,TSM,63.546841906812986,65.10228904759758,62.05521729831939,63.31543180450101,63.31543180450101,87256017,US_STOCKS
2020-07-15,TSM,63.38374710278295,63.65162152680281,61.83759130659651,62.9713090085574,62.9713090085574,16469872,US_STOCKS
2020-07-16,TSM,63.038130754157194,63.42882456617193,61.587858136055324,62.993372850667335,62.993372850667335,53277783,US_STOCKS
2020-07-17,TSM,65.34986779273247,65.9940126847909,63.50467292615592,65.4660997594097,65.4660997594097,8099341,US_STOCKS
2020-07-20,TSM,63.2145277182898,64.21272670275135,61.9383732917527,63.796916137961595,63.796916137961595,97944578,US_STOCKS
2020-07-21,TSM,66.59751579646871,68.1447530819924,65.96563806641485,66.39179718157287,66.39179718157287,97232167,US_STOCKS
2020-07-22,TSM,66.9816152094115,67.66826364144387,67.2364897604111,67.4635955774983,67.4635955774983,57739664,US_STOCKS
2020-07-23,TSM,68.47648666377833,68.84286739902858,66.09617356166744,68.09383417875891,68.09383417875891,44007593,US_STOCKS
2020-07-24,TSM,66.35383095628633,67.75506897253433,65.4597605207836,66.82097835272526,66.82097835272526,83390352,US_STOCKS
2020-07-27,TSM,67.5952962651756,68.85582801403979,67.10849887782,67.65108366248948,67.65108366248948,64945736,US_STOCKS
2020-07-28,TSM,67.38851547757618,66.8380564957411,64.96483416787189,66.7398416657117,66.7398416657117,56665967,US_STOCKS
2020-07-29,TSM,68.15770540332699,70.45953843022082,67.50406275034342,68.49731693702849,68.49731693702849,33837334,US_STOCKS
2020-07-30,TSM,66.80721798570443,67.72858746345507,65.55560044602464,67.2355113824994,67.2355113824994,61826590,US_STOCKS
2020-07-31,TSM,67.7055751821354,67.61788600266574,66.90654573872743,67.15058150904132,67.15058150904132,1602665,US_STOCKS
2020-08-03,TSM,66.48244598174743,68.46277744028654,65.08612206264594,66.47199387542226,66.47199387542226,31531064,US_STOCKS
2020-08-04,TSM,65.71723010842624,66.75526289379665,65.19544955317264,65.22561346309196,65.22561346309196,81869187,US_STOCKS
2020-08-05,TSM,65.99356631023305,66.55541135605984,65.80801368963316,66.25789987315837,66.25789987315837,47389400,US_STOCKS
2020-08-06,TSM,66.93299755983867,67.61468096979908,66.68739214384128,67.033725214473,67.033725214473,76460848,US_STOCKS
2020-08-07,TSM,69.39527113043395,70.32518166706052,68.11152980431645,68.72164808877997,68.72164808877997,25236087,US_STOCKS
2020-08-10,TSM,65.96942693153645,66.61611786895702,65.24672566173037,66.34405072030353,66.34405072030353,60934636,US_STOCKS
2020-08-11,TSM,68.10117643828184,69.20643423456657,67.2276200700779,67.82242267204732,67.82242267204732,33700789,US_STOCKS
2020-08-12,TSM,71.54755630115537,72.03610803007048,70.8340280981738,71.28875738756605,71.28875738756605,38059279,US_STOCKS
2020-08-13,TSM,70.3937610800088,70.9034614609325,68.95498174859482,70.71610750430179,70.71610750430179,85458027,US_STOCKS
2020-08-14,TSM,73.05539120087245,73.60993318573084,71.83878734872069,73.46717427161661,73.46717427161661,21941333,US_STOCKS
2020-08-17,TSM,72.99805481107751,73.29471958921967,72.65739161208796,73.15396714516905,73.15396714516905,79497325,US_STOCKS
2020-08-18,TSM,71.65275406254128,71.66162909782352,70.50147154981119,71.2191767752888,71.2191767752888,14289603,US_STOCKS
2020-08-19,TSM,70.25161767246618,72.9640696683437,69.46149370736694,70.85505813318343,70.85505813318343,54667554,US_STOCKS
2020-08-20,TSM,72.79582621264656,74.2362572408389,70.65886571317004,72.41132425261792,72.41132425261792,2637405,US_STOCKS
2020-08-21,TSM,70.82344301221778,72.67011659359984,70.46645664281334,71.26986619600999,71.26986619600999,98265782,US_STOCKS
2020-08-24,TSM,70.71858745306969,72.50809734659865,70.05944377877664,70.48541494421231,70.48541494421231,86531745,US_STOCKS
2020-08-25,TSM,71.13753529145893,73.51204648753104,71.05488360956727,71.39261782257529,71.39261782257529,52117642,US_STOCKS
2020-08-26,TSM,71.88696232283326,72.39598754939482,70.46478355304392,71.46837983529403,71.46837983529403,98649223,US_STOCKS
2020-08-27,TSM,72.26737213630143,73.68708973566157,72.25706928084357,72.3754893197044,72.3754893197044,84378797,US_STOCKS
2020-08-28,TSM,73.00783474078766,73.67440985647752,72.75681494136607,72.7921253967654,72.7921253967654,59575213,US_STOCKS
2020-08-31,TSM,72.84616768715009,73.56583270011843,72.20351143310332,73.56317645024741,73.56317645024741,19712689,US_STOCKS
2020-09-01,TSM,72.55086210180444,74.43138931523335,72.8831126720724,73.00071065847048,73.00071065847048,32027150,US_STOCKS
2020-09-02,TSM,72.89732344078323,74.68979979611429,71.95459590134864,73.41204183812445,73.41204183812445,72392449,US_STOCKS
2020-09-03,TSM,71.77077363704738,72.31695802494187,71.95359792113777,72.12384696208862,72.12384696208862,43189003,US_STOCKS
2020-09-04,TSM,74.71484235190128,74.53822108334741,73.48412041894547,74.0545065972556,74.0545065972556,10987991,US_STOCKS
2020-09-07,TSM,73.34367503745246,74.68192247125496,71.77747555429544,73.18914307983246,73.18914307983246,86251894,US_STOCKS
2020-09-08,TSM,74.89438173322496,75.21690417468471,74.2642987000336,74.91471982854353,74.91471982854353,66580567,US_STOCKS
2020-09-09,TSM,74.80849017616998,75.82863874300185,73.11033635499786,74.63962254773149,74.63962254773149,64101694,US_STOCKS
2020-09-10,TSM,75.58791263786856,76.33461947356214,73.26358254313173,75.01580476863805,75.01580476863805,25622008,US_STOCKS
2020-09-11,TSM,74.61316844139667,76.36051302163354,73.48786196313985,74.34821729106642,74.34821729106642,78131314,US_STOCKS
2020-09-14,TSM,73.23961245241178,73.04202142103878,71.63985171129154,72.91181652669327,72.91181652669327,13888745,US_STOCKS
2020-09-15,TSM,71.09881886372592,72.15513277707,70.20858552223405,70.44045535793757,70.44045535793757,13053447,US_STOCKS
2020-09-16,TSM,69.15456506986676,69.7383159441372,68.9518651147729,69.02414552766581,69.02414552766581,54622509,US_STOCKS
2020-09-17,TSM,68.49203928831136,68.85417400133753,66.99455976136905,68.64601903675197,68.64601903675197,91592599,US_STOCKS
2020-09-18,TSM,69.35968645211017,70.70810961845461,68.55738672483857,69.0055582986563,69.0055582986563,27093722,US_STOCKS
2020-09-21,TSM,70.05820417599453,72.08639726891924,68.46503658057028,70.46899962908545,70.46899962908545,71966883,US_STOCKS
2020-09-22,TSM,70.44460317505467,71.25079410522562,69.09817360432376,69.91122698333282,69.91122698333282,43150399,US_STOCKS
2020-09-23,TSM,68.16404333107721,68.81283756579067,67.31358317646892,68.74795902669462,68.74795902669462,44404460,US_STOCKS
2020-09-24,TSM,66.90282687319059,67.95113882353647,66.27689703885648,66.8330330458149,66.8330330458149,48113358,US_STOCKS
2020-09-25,TSM,67.50205023368002,68.32859750856171,65.87865765193496,67.5415482316503,67.5415482316503,45665236,US_STOCKS
2020-09-28,TSM,69.62157111762215,71.34410812681067,67.6720380202126,69.47755176129935,69.47755176129935,89151798,US_STOCKS
2020-09-29,TSM,70.9786563381619,71.38149437966975,70.74818580290633,71.30665984783732,71.30665984783732,28592027,US_STOCKS
2020-09-30,TSM,72.98310052939061,73.80039389143472,72.21298763622066,72.39042516742468,72.39042516742468,14402481,US_STOCKS
2020-10-01,TSM,72.88192401984689,74.77525261222246,71.76820245659783,73.38730403708848,73.38730403708848,86104747,US_STOCKS
2020-10-02,TSM,76.62171981475574,76.411970177611,75.24653334060373,75.95237199036798,75.95237199036798,24791965,US_STOCKS
2020-10-05,TSM,76.3165844814424,78.6328275358678,75.21232308981611,76.53277185613103,76.53277185613103,74080997,US_STOCKS
2020-10-06,TSM,77.5829719188042,77.66548628582574,77.44886269967144,77.59830652967983,77.59830652967983,54254380,US_STOCKS
2020-10-07,TSM,77.51577340877694,77.67662291306964,75.50659175335518,77.1780591473742,77.1780591473742,81255911,US_STOCKS
2020-10-08,TSM,75.02041683565797,76.83570568357246,74.24191998426308,75.15283992977922,75.15283992977922,68156712,US_STOCKS
2020-10-09,TSM,74.59190133306515,76.40816152262148,73.43127472384526,74.20012903060099,74.20012903060099,41693037,US_STOCKS
2020-10-12,TSM,73.7641111054646,74.71537559512497,72.71597640250339,74.26073712281024,74.26073712281024,91787513,US_STOCKS
2020-10-13,TSM,74.26839607755363,74.8268263755092,73.78871891323729,74.42527719129768,74.42527719129768,46050118,US_STOCKS
2020-10-14,TSM,77.04305456644202,77.90912895757212,75.65876251287492,77.36698964243476,77.36698964243476,1776647,US_STOCKS
2020-10-15,TSM,77.63098236202575,79.41729762260093,76.95057922400811,77.57012002774088,77.57012002774088,60725859,US_STOCKS
2020-10-16,TSM,79.74502265284586,81.03832380145137,78.41351296504322,79.47655069670832,79.47655069670832,35311220,US_STOCKS
2020-10-19,TSM,79.3943078806469,80.65889136898174,78.10439001992175,78.86445847846254,78.86445847846254,11198900,US_STOCKS
2020-10-20,TSM,77.77987124742285,78.67360331635759,77.07990682136884,78.4517199379076,78.4517199379076,6114555,US_STOCKS
2020-10-21,TSM,76.19559074184365,78.17226152843311,75.76987035976384,76.44491295882962,76.44491295882962,76567499,US_STOCKS
2020-10-22,TSM,75.7565114598141,75.94237464396267,73.73811515008597,75.38641386516345,75.38641386516345,75029887,US_STOCKS
2020-10-23,TSM,76.0999492478957,76.73772193465219,75.06383882935553,76.25634502440035,76.25634502440035,92218361,US_STOCKS
2020-10-26,TSM,76.55730996781443,76.7401801414004,74.78039706845617,76.3441316039164,76.3441316039164,43293099,US_STOCKS
2020-10-27,TSM,78.00276140591028,79.57486422687923,76.65741472444465,77.8602323373573,77.8602323373573,81584413,US_STOCKS
2020-10-28,TSM,78.56788376839384,79.6636794717514,77.86649009125956,78.22034206029883,78.22034206029883,83758961,US_STOCKS
2020-10-29,TSM,78.42498998544703,78.06664094305533,76.60840022405638,77.74718137337648,77.74718137337648,26629985,US_STOCKS
2020-10-30,TSM,81.57857884032008,82.9225500111696,80.82235911970199,81.16540907300387,81.16540907300387,87825699,US_STOCKS
2020-11-02,TSM,80.57671575012229,83.03373110319484,79.98238717219367,81.09414005071667,81.09414005071667,33498957,US_STOCKS
2020-11-03,TSM,82.49374237080424,83.47915413409528,81.41215708051165,83.06148546109542,83.06148546109542,55492608,US_STOCKS
2020-11-04,TSM,81.85465317127392,82.75689927354188,82.29912524502356,82.47804629303114,82.47804629303114,74632967,US_STOCKS
2020-11-05,TSM,84.08587411108394,83.87782656338445,82.32369182996418,83.73105191352634,83.73105191352634,9382939,US_STOCKS
2020-11-06,TSM,86.05820381534434,87.69204484324176,83.58063693357164,85.36885751209978,85.36885751209978,92692703,US_STOCKS
2020-11-09,TSM,86.34471773774912,87.94311264321203,84.34359844460455,85.81020079618156,85.81020079618156,31299860,US_STOCKS
2020-11-10,TSM,81.39324553798744,82.65872901945576,80.3118686602165,81.85523794962222,81.85523794962222,18092997,US_STOCKS
2020-11-11,TSM,81.57130378731362,83.11794036054717,81.39390203446526,81.9669743781027,81.9669743781027,59275723,US_STOCKS
2020-11-12,TSM,84.77757812009557,85.95275138006862,82.38536684295556,84.06608309664124,84.06608309664124,58689426,US_STOCKS
2020-11-13,TSM,85.0165166543456,85.51295913760194,82.75450896133492,85.03701413056179,85.03701413056179,25605064,US_STOCKS
2020-11-16,TSM,85.17833689583023,87.81265330103889,85.42784979780718,85.88030727934881,85.88030727934881,37817703,US_STOCKS
2020-11-17,TSM,82.22490573032687,83.34936068297745,82.57670973506882,83.00802849258294,83.00802849258294,6386602,US_STOCKS
2020-11-18,TSM,82.15155374130096,83.95136715520795,80.97778585153398,81.89496542039112,81.89496542039112,87583071,US_STOCKS
2020-11-19,TSM,82.176781082774,83.45743439985957,82.27686757494851,82.65062276538272,82.65062276538272,62435360,US_STOCKS
2020-11-20,TSM,83.27796587604408,84.9462911862996,81.5056654189706,83.41164205612681,83.41164205612681,55024598,US_STOCKS
2020-11-23,TSM,85.73970324631219,87.92091821891647,84.75410875200137,85.52140071182123,85.52140071182123,36557229,US_STOCKS
2020-11-24,TSM,85.73079738191313,86.92455331511113,84.90195551134984,85.35913795619963,85.35913795619963,38238583,US_STOCKS
2020-11-25,TSM,86.0819060355731,87.22106639015092,85.6766295893459,86.13731297816261,86.13731297816261,92518579,US_STOCKS
2020-11-26,TSM,86.70416752260459,87.4971911271927,84.49196719871416,86.2516589551811,86.2516589551811,89830984,US_STOCKS
2020-11-27,TSM,84.01955069597412,85.27111435904683,83.25744950670598,84.63540164779576,84.63540164779576,80102026,US_STOCKS
2020-11-30,TSM,80.15128614386936,83.2899014346736,79.7975602231625,80.90164094262717,80.90164094262717,36563882,US_STOCKS
2020-12-01,TSM,81.34132534081814,82.10717372310654,79.74025935679035,81.67993041067979,81.67993041067979,95586002,US_STOCKS
2020-12-02,TSM,81.90406860656459,84.39003294399622,80.01809696178793,82.04577025865628,82.04577025865628,48624061,US_STOCKS
2020-12-03,TSM,81.39576033073611,82.17193501296461,79.7538436981666,81.11344307923922,81.11344307923922,6746587,US_STOCKS
2020-12-04,TSM,78.87622236899414,78.69233200994545,76.64192493912088,78.56782249121571,78.56782249121571,82669746,US_STOCKS
2020-12-07,TSM,79.21717363766638,80.40919121260787,78.48604749262554,79.63593556138233,79.63593556138233,60069627,US_STOCKS
2020-12-08,TSM,78.954812398533,80.7014192120783,78.58367132255944,79.29203561908142,79.29203561908142,6493581,US_STOCKS
2020-12-09,TSM,79.45595478055778,80.49797691324912,78.34699311894857,80.25444226112812,80.25444226112812,96181699,US_STOCKS
2020-12-10,TSM,83.20494695258499,84.60826745398022,82.95956918191679,83.32666020650666,83.32666020650666,55552103,US_STOCKS
2020-12-11,TSM,79.27379746888464,81.30522415885216,77.60584584884786,79.84122120031077,79.84122120031077,20374155,US_STOCKS
2020-12-14,TSM,79.22089593919455,78.85948525649627,77.91620309503442,78.80392276312064,78.80392276312064,11964102,US_STOCKS
2020-12-15,TSM,78.32096514392592,78.96168827883642,77.67301046170778,78.55273429268549,78.55273429268549,42334757,US_STOCKS
2020-12-16,TSM,80.59418754739534,82.51085285422354,78.68637875978976,80.91689850497389,80.91689850497389,40658942,US_STOCKS
2020-12-17,TSM,77.86746668276294,78.98589255109111,76.34224454231327,78.3495622631116,78.3495622631116,57592332,US_STOCKS
2020-12-18,TSM,81.38809182860737,81.82707756051609,80.36232676702991,81.46138910466057,81.46138910466057,28570708,US_STOCKS
2020-12-21,TSM,82.48888819292478,83.93274901358994,81.55838400004325,81.76419070295836,81.76419070295836,52148695,US_STOCKS
2020-12-22,TSM,81.23977257297528,82.69564524334831,79.54010236102624,81.68896656538898,81.68896656538898,53223937,US_STOCKS
2020-12-23,TSM,81.17701601370625,81.95502650172116,79.4915461490164,81.44706958444361,81.44706958444361,62827283,US_STOCKS
2020-12-24,TSM,80.76625211405464,81.34516840869708,80.0074773453828,80.8178697432463,80.8178697432463,96024499,US_STOCKS
2020-12-25,TSM,82.62600457907891,83.58566538243855,81.30084739828709,82.5928188875161,82.5928188875161,78119862,US_STOCKS
2020-12-28,TSM,80.65163198543776,81.34414422900862,79.4905469707621,80.91036888401396,80.91036888401396,66855206,US_STOCKS
2020-12-29,TSM,81.89717507569961,83.7080197837663,80.64215097115294,81.55023102998946,81.55023102998946,8460134,US_STOCKS
2020-12-30,TSM,81.74775137206356,82.06232576304573,79.49056660154089,81.00517918910165,81.00517918910165,66964226,US_STOCKS
2020-12-31,TSM,79.9257329780165,80.34315257352054,78.04247122904148,79.8514492370329,79.8514492370329,80571445,US_STOCKS
2021-01-01,TSM,84.15024179896966,85.29324879610753,83.77384465888422,84.06117799565692,84.06117799565692,9311214,US_STOCKS
2021-01-04,TSM,84.57749946390042,85.64101376584162,82.42223159389299,84.849757141719,84.849757141719,78578651,US_STOCKS
2021-01-05,TSM,86.25030638439668,87.31046428332361,85.54363126140983,85.97531554941835,85.97531554941835,97867210,US_STOCKS
2021-01-06,TSM,87.79773260008818,88.30004560452316,86.71381385059406,88.01770521982355,88.01770521982355,87525803,US_STOCKS
2021-01-07,TSM,86.26671413362175,85.63180538615131,83.3275393602231,85.60364371501817,85.60364371501817,27876937,US_STOCKS
2021-01-08,TSM,87.87153444881709,90.94499654254214,86.3908266987315,88.68929880419702,88.68929880419702,60026876,US_STOCKS
2021-01-11,TSM,84.4531714995981,86.38469033311549,82.3384062953865,84.32763504519151,84.32763504519151,89120441,US_STOCKS
2021-01-12,TSM,83.20308011662566,85.52818880092734,80.63154341694305,83.1153976150221,83.1153976150221,12537916,US_STOCKS
2021-01-13,TSM,83.01175703120796,83.67155335920027,81.4769847188402,82.43546101195405,82.43546101195405,61694158,US_STOCKS
2021-01-14,TSM,82.73565598126208,84.74532462788389,81.29600946851403,83.47698914842138,83.47698914842138,22132690,US_STOCKS
2021-01-15,TSM,83.80206950242238,86.29102060401907,82.84660034615136,83.9256249841549,83.9256249841549,36478395,US_STOCKS
2021-01-18,TSM,83.62997318788469,85.03435637306401,82.1420594566508,83.7295499817454,83.7295499817454,80268587,US_STOCKS
2021-01-19,TSM,83.71291870800137,85.84816891854504,82.45152420071663,83.79318888639402,83.79318888639402,34509570,US_STOCKS
2021-01-20,TSM,82.4977397584269,84.00866889572093,80.86116462520374,82.23794871637504,82.23794871637504,6604882,US_STOCKS
2021-01-21,TSM,79.33035301980378,80.5410959880019,79.18050616781534,79.85760024760972,79.85760024760972,67668659,US_STOCKS
2021-01-22,TSM,80.3165899932594,82.93633139710522,80.45224655504545,81.09780734209245,81.09780734209245,31692162,US_STOCKS
2021-01-25,TSM,82.35000788921114,82.83721269036447,80.12019848060085,82.30406604276436,82.30406604276436,9451509,US_STOCKS
2021-01-26,TSM,84.90003275128485,87.16046528977974,83.42427496911418,84.99457670275342,84.99457670275342,29940622,US_STOCKS
2021-01-27,TSM,83.60392244488769,85.51191403589633,81.29170072317828,83.73662790482125,83.73662790482125,89420733,US_STOCKS
2021-01-28,TSM,84.71284149154691,87.52546970242672,84.97170986516932,84.98064472216143,84.98064472216143,3735345,US_STOCKS
2021-01-29,TSM,85.13126460834573,85.08957092185345,84.42923155148603,84.58343375311459,84.58343375311459,24477659,US_STOCKS
2021-02-01,TSM,86.55379083701163,88.58171274055445,85.05834861700355,86.68190642776477,86.68190642776477,24524500,US_STOCKS
2021-02-02,TSM,88.54609329905405,91.00052026722649,86.37547092934953,88.540301969806,88.540301969806,32995788,US_STOCKS
2021-02-03,TSM,89.86131159018996,90.89493027470225,88.8361080265452,89.00285315149969,89.00285315149969,4480910,US_STOCKS
2021-02-04,TSM,87.90063809831028,90.41965674425926,87.99971515424946,88.48747295116621,88.48747295116621,51637190,US_STOCKS
2021-02-05,TSM,89.542188005753,92.77060292775454,89.34502209892999,90.27656962736745,90.27656962736745,90905073,US_STOCKS
2021-02-08,TSM,92.34928514806089,91.55168216657427,90.26031624301179,91.53485262171543,91.53485262171543,3440949,US_STOCKS
2021-02-09,TSM,91.11208341747253,91.77889177789717,90.17019612552146,90.37338444767103,90.37338444767103,11917396,US_STOCKS
2021-02-10,TSM,87.8586318621993,90.54782264046436,86.23319814781924,88.06380463236941,88.06380463236941,86894267,US_STOCKS
2021-02-11,TSM,87.40959771176055,87.75730456976783,85.08189877237173,87.64368233708872,87.64368233708872,2700126,US_STOCKS
2021-02-12,TSM,91.19689862347975,91.3873715936135,90.36029351883228,90.38765496025809,90.38765496025809,69226565,US_STOCKS
2021-02-15,TSM,93.44009427891693,95.23168577163727,92.10376378093089,92.55060832961692,92.55060832961692,18943532,US_STOCKS
2021-02-16,TSM,90.70296309707487,92.31612021525225,88.57483924843928,90.58422725835142,90.58422725835142,18923985,US_STOCKS
2021-02-17,TSM,89.37218946210453,90.25619061467357,86.30878941081434,88.5592034227197,88.5592034227197,54466505,US_STOCKS
2021-02-18,TSM,90.74960829692685,93.57040027083514,89.31792198221247,90.90546235301083,90.90546235301083,86820484,US_STOCKS
2021-02-19,TSM,89.7378985600423,90.73346987059364,87.46711687634198,88.93165767563003,88.93165767563003,1347574,US_STOCKS
2021-02-22,TSM,89.09915096759464,90.46829391899531,89.42462660450556,89.92643888086427,89.92643888086427,26221120,US_STOCKS
2021-02-23,TSM,88.56148474513192,89.86872830750123,87.786664227676,88.90834350990112,88.90834350990112,10787767,US_STOCKS
2021-02-24,TSM,91.0317393301045,93.73013898690941,90.39163669858878,91.87262756581734,91.87262756581734,44970276,US_STOCKS
2021-02-25,TSM,90.79234890578549,92.7972445095652,89.38706774832929,90.54888118060987,90.54888118060987,64470827,US_STOCKS
2021-02-26,TSM,93.55104611830676,95.04528063032821,91.52519574281402,92.71003220869224,92.71003220869224,64826966,US_STOCKS
2021-03-01,TSM,92.54391942049236,94.71181097389167,90.40331763185934,93.14550727634078,93.14550727634078,52313196,US_STOCKS
2021-03-02,TSM,94.50993574344233,94.85359109100234,90.9004625464167,93.70846913621982,93.70846913621982,58342783,US_STOCKS
2021-03-03,TSM,89.28456747832958,91.69565077454685,89.36723745674486,90.1094855876681,90.1094855876681,4215650,US_STOCKS
2021-03-04,TSM,86.78286786810372,86.94280837994354,84.1689471338023,86.22952729222433,86.22952729222433,29533540,US_STOCKS
2021-03-05,TSM,85.41000732120861,88.44623632753554,85.00302712312131,85.93537088419625,85.93537088419625,60536244,US_STOCKS
2021-03-08,TSM,86.63581400460934,87.8991806332281,84.07352106834868,86.44566553774571,86.44566553774571,67769666,US_STOCKS
2021-03-09,TSM,84.42388347135174,86.77512010670557,84.12727608129684,84.5867417016752,84.5867417016752,54879439,US_STOCKS
2021-03-10,TSM,83.57592554937224,84.38358996508704,80.79947405580594,82.8295478772913,82.8295478772913,65702511,US_STOCKS
2021-03-11,TSM,84.41158199283728,86.2181548826578,83.15603464369126,83.84250790664805,83.84250790664805,17796447,US_STOCKS
2021-03-12,TSM,84.842998883325,86.65718860754181,84.29172020999863,84.87017303911507,84.87017303911507,1406043,US_STOCKS
2021-03-15,TSM,84.4551064212961,87.18373001894905,82.95488588680375,84.7212410595599,84.7212410595599,40731218,US_STOCKS
2021-03-16,TSM,85.59839961861667,87.04803372938775,85.68911776811869,86.12795546253325,86.12795546253325,11524276,US_STOCKS
2021-03-17,TSM,84.87633516440084,86.71125943150737,83.77693957559048,84.1914505574,84.1914505574,6397733,US_STOCKS
2021-03-18,TSM,83.39135902046537,84.83520654898682,83.16214789294922,83.6763084684858,83.6763084684858,30841066,US_STOCKS
2021-03-19,TSM,86.00015124958311,88.52736956793667,84.66823184070765,86.51775107415158,86.51775107415158,63860200,US_STOCKS
2021-03-22,TSM,86.52687539978774,89.087519194104,84.20008207106616,86.7224903658455,86.7224903658455,18190291,US_STOCKS
2021-03-23,TSM,86.54618081853577,88.40063874680999,86.79005412735805,87.02829557279848,87.02829557279848,44208391,US_STOCKS
2021-03-24,TSM,91.27804697346305,92.55625678584727,90.22431508087615,91.12897588954499,91.12897588954499,54702134,US_STOCKS
2021-03-25,TSM,89.48332728619361,89.217717492195,86.92778164001969,88.66969249557741,88.66969249557741,5296272,US_STOCKS
2021-03-26,TSM,89.38881576911025,91.66350979635689,89.88687357407477,90.17074690215891,90.17074690215891,3212332,US_STOCKS
2021-03-29,TSM,92.64906974230712,94.84214045775408,91.29393057965255,93.26177536276589,93.26177536276589,21045377,US_STOCKS
2021-03-30,TSM,93.06121882817665,93.25683606651097,91.04217186153895,92.74910059881024,92.74910059881024,41784008,US_STOCKS
2021-03-31,TSM,94.72693493741811,97.25552681164785,91.77952621597657,94.43644934596574,94.43644934596574,1423894,US_STOCKS
2021-04-01,TSM,93.39053646646808,92.86098036681058,90.02637739443944,92.67611710520953,92.67611710520953,28900742,US_STOCKS
2021-04-02,TSM,91.28005275114752,91.74745503908173,91.1877444067312,91.49591938408392,91.49591938408392,72947315,US_STOCKS
2021-04-05,TSM,93.1120375071697,93.9828860922696,90.30985827754105,92.29187242683348,92.29187242683348,76435004,US_STOCKS
2021-04-06,TSM,93.41295211874044,93.98554370647653,93.85291539908394,93.85818856964119,93.85818856964119,35714279,US_STOCKS
2021-04-07,TSM,95.55954874761065,96.2358083378208,95.53888385053259,96.05622816933125,96.05622816933125,13325390,US_STOCKS
2021-04-08,TSM,99.99058742926574,99.58503589289188,97.56821499618177,99.16773643126389,99.16773643126389,59717489,US_STOCKS
2021-04-09,TSM,99.21935864138129,99.42772695901468,98.18502929813128,99.13313371685523,99.13313371685523,6075762,US_STOCKS
2021-04-12,TSM,101.38680010223639,102.17363905736518,99.88696064443977,101.59879632520278,101.59879632520278,69588030,US_STOCKS
2021-04-13,TSM,101.06972514687824,102.32064016097377,99.83116341503339,101.00483992011358,101.00483992011358,84327485,US_STOCKS
2021-04-14,TSM,102.35045797591161,105.19530873579606,100.58916875174289,102.92815653043965,102.92815653043965,42500800,US_STOCKS
2021-04-15,TSM,103.03879511870653,104.91865492162611,103.16890108892396,103.45821347624293,103.45821347624293,5547073,US_STOCKS
2021-04-16,TSM,103.67222861044262,105.07046150662012,102.90350239500576,104.48385249076972,104.48385249076972,85064526,US_STOCKS
2021-04-19,TSM,104.9156773514846,108.43237059775018,102.45181148860917,105.47333102802045,105.47333102802045,95931555,US_STOCKS
2021-04-20,TSM,102.88366862260777,103.30915187415432,101.97089749984517,102.19373270503392,102.19373270503392,57313054,US_STOCKS
2021-04-21,TSM,100.11572322807109,102.54824780250075,97.01043804461757,99.99836226229289,99.99836226229289,51307573,US_STOCKS
2021-04-22,TSM,99.99290878132335,100.86283758141131,100.28899697723224,100.30344014547057,100.30344014547057,51402255,US_STOCKS
2021-04-23,TSM,97.12667291230727,99.4199855085867,95.55033989923533,97.0189456621462,97.0189456621462,91730366,US_STOCKS
2021-04-26,TSM,98.98173973830222,101.21779149053032,98.28957940595666,98.72882910491053,98.72882910491053,85678276,US_STOCKS
2021-04-27,TSM,100.90072101381391,101.06201227785186,99.97609863330362,100.54851193503599,100.54851193503599,92723561,US_STOCKS
2021-04-28,TSM,100.3591936092952,102.71273138764005,100.35427354340374,101.30699069178752,101.30699069178752,66842666,US_STOCKS
2021-04-29,TSM,99.81011831581723,100.20852460751418,97.8670731978016,99.13672342258505,99.13672342258505,98209860,US_STOCKS
2021-04-30,TSM,102.55134163354536,104.71700850276872,100.6300612865814,101.9723091913546,101.9723091913546,24173544,US_STOCKS
2021-05-03,TSM,106.04180973567128,108.51115616822105,105.88032228440211,106.22906296537153,106.22906296537153,27776441,US_STOCKS
2021-05-04,TSM,105.68076330712145,108.03103634748952,104.0004114557401,106.64776869960701,106.64776869960701,3441705,US_STOCKS
2021-05-05,TSM,108.22151523154838,110.86027045418324,107.07683270735716,107.84336564738727,107.84336564738727,69669849,US_STOCKS
2021-05-06,TSM,109.41622357602448,111.51526621754977,107.62243911426953,108.3863325233223,108.3863325233223,10932774,US_STOCKS
2021-05-07,TSM,108.87313717892556,111.95364297168636,107.257152077166,109.64441428142459,109.64441428142459,67749419,US_STOCKS
2021-05-10,TSM,109.13291798986829,110.04955558676474,107.58422099044131,109.49187969885567,109.49187969885567,48884364,US_STOCKS
2021-05-11,TSM,110.02694582504901,110.97588940897464,108.41298920636427,109.52568150673734,109.52568150673734,30054379,US_STOCKS
2021-05-12,TSM,110.97508493112645,112.50906582623698,111.30164702285182,111.61919393718648,111.61919393718648,35338844,US_STOCKS
2021-05-13,TSM,115.88302456092158,117.62127556996164,114.34671845141789,116.96714669573305,116.96714669573305,33221429,US_STOCKS
2021-05-14,TSM,114.1918043793607,116.25650036910811,111.82454573042752,113.8088670932539,113.8088670932539,95911076,US_STOCKS
2021-05-17,TSM,112.5982649488161,116.20562272066509,110.41635084363685,113.68638033554639,113.68638033554639,86364901,US_STOCKS
2021-05-18,TSM,110.37797226853523,112.20547028355513,110.54115625351126,111.11602112197838,111.11602112197838,60529528,US_STOCKS
2021-05-19,TSM,115.25216220048587,115.85679692660112,112.90763038048345,114.76512658823827,114.76512658823827,69401136,US_STOCKS
2021-05-20,TSM,113.35224810792198,116.43956867331963,110.90301354482656,113.53085526583227,113.53085526583227,7401888,US_STOCKS
2021-05-21,TSM,110.63479547099733,111.14659799847342,108.52147397565149,110.36742971232151,110.36742971232151,95731955,US_STOCKS
2021-05-24,TSM,112.73473672349462,113.24429603249646,110.90800437217943,111.88649831680858,111.88649831680858,24206168,US_STOCKS
2021-05-25,TSM,115.97705262913881,116.29892970438482,113.99182514641313,115.90168206719929,115.90168206719929,1132030,US_STOCKS
2021-05-26,TSM,117.14167588999331,118.33146273031481,114.13065312245234,117.55582593291452,117.55582593291452,72996989,US_STOCKS
2021-05-27,TSM,117.79960167898231,118.48398844796712,116.32300997941907,118.1548854311111,118.1548854311111,22131340,US_STOCKS
2021-05-28,TSM,119.32675738749917,122.2281355070813,117.03706938770887,119.23988029365773,119.23988029365773,63745053,US_STOCKS
2021-05-31,TSM,122.83394439645475,126.14741795077549,119.30196603777809,122.73322879934976,122.73322879934976,51759596,US_STOCKS
2021-06-01,TSM,120.24116022842647,122.37439979635106,120.03451334270399,120.71009604769168,120.71009604769168,63998087,US_STOCKS
2021-06-02,TSM,120.56100729168821,120.93440424999835,119.84592750291651,120.56078465020107,120.56078465020107,48483563,US_STOCKS
2021-06-03,TSM,120.51684573415963,121.62184863602242,117.14467257148156,119.58981184469675,119.58981184469675,34563826,US_STOCKS
2021-06-04,TSM,117.08308864906523,118.48528300977793,114.60421873117122,116.91610580936216,116.91610580936216,6006981,US_STOCKS
2021-06-07,TSM,116.2495957530687,117.29758381257972,115.12745588882956,116.2651747836685,116.2651747836685,96130825,US_STOCKS
2021-06-08,TSM,118.20231278690828,120.06797386657229,117.13756547823246,118.9572276951713,118.9572276951713,86439667,US_STOCKS
2021-06-09,TSM,120.22351454489642,123.1115950768672,117.33036802541689,120.42421333844503,120.42421333844503,31691619,US_STOCKS
2021-06-10,TSM,121.83455281874627,123.40247672036317,119.04578714501835,122.09644925420805,122.09644925420805,5390339,US_STOCKS
2021-06-11,TSM,122.1065683363967,125.07460890818255,120.49693079281074,122.57622874516642,122.57622874516642,44192646,US_STOCKS
2021-06-14,TSM,124.08080310718258,124.7166525464336,122.37971612342079,123.9817460879021,123.9817460879021,50668595,US_STOCKS
2021-06-15,TSM,123.10042483627251,123.07615611675416,118.94116508552823,122.1205560630814,122.1205560630814,64779898,US_STOCKS
2021-06-16,TSM,120.32128178880393,124.12771889695782,121.35715379517076,121.48672623161542,121.48672623161542,99740731,US_STOCKS
2021-06-17,TSM,122.98452275904727,123.16367703257947,121.13203007091172,122.0747322812855,122.0747322812855,38762667,US_STOCKS
2021-06-18,TSM,122.52089265399623,124.24688363679283,121.70111968513339,122.87436049710314,122.87436049710314,62492207,US_STOCKS
2021-06-21,TSM,122.95291606230225,126.92566321043606,120.7672172909836,123.78409241584954,123.78409241584954,48171837,US_STOCKS
2021-06-22,TSM,124.43710676328836,124.48155976219498,123.50028788354386,123.56540236159563,123.56540236159563,62301584,US_STOCKS
2021-06-23,TSM,122.65290061817426,124.84492786112607,119.44425259200908,122.75623827553021,122.75623827553021,97022631,US_STOCKS
2021-06-24,TSM,130.98299388465784,133.62601380207897,130.30327580767423,130.63171699462598,130.63171699462598,16910842,US_STOCKS
2021-06-25,TSM,133.75239016710196,134.85430157003032,131.35029215640174,133.13145227986132,133.13145227986132,31552160,US_STOCKS
2021-06-28,TSM,134.65314024280895,135.11103125399623,131.83758075491428,134.36464220172778,134.36464220172778,18206086,US_STOCKS
2021-06-29,TSM,132.7044750130439,135.19907969629847,132.94400858857463,133.8723073155314,133.8723073155314,89010172,US_STOCKS
2021-06-30,TSM,131.616039105709,133.50168421501445,130.6119984495804,132.79806551350325,132.79806551350325,48625651,US_STOCKS
2021-07-01,TSM,131.37921202704746,132.61230882319936,128.65341820183738,132.5834622627176,132.5834622627176,66224635,US_STOCKS
2021-07-02,TSM,133.13318543887976,135.376506705267,132.42505745739936,133.49253096364257,133.49253096364257,35142504,US_STOCKS
2021-07-05,TSM,128.98890038117733,132.01157617567347,127.89513725308365,128.6055414927867,128.6055414927867,84195789,US_STOCKS
2021-07-06,TSM,123.75368419278159,125.50177286351547,124.55843309189383,124.69750305975337,124.69750305975337,14940374,US_STOCKS
2021-07-07,TSM,124.26236513531778,124.93239982565359,122.94671580051168,123.23384768994474,123.23384768994474,96012956,US_STOCKS
2021-07-08,TSM,124.80651078636349,126.67203501422328,120.39880192817141,123.8676133336857,123.8676133336857,22792812,US_STOCKS
2021-07-09,TSM,124.22886785797635,125.95303792623393,120.17890180678292,123.39871707356859,123.39871707356859,79894245,US_STOCKS
2021-07-12,TSM,126.77965634509161,130.12449079177006,126.16878337055786,127.1700810502399,127.1700810502399,33530624,US_STOCKS
2021-07-13,TSM,122.55823675244658,126.99213479112186,122.44851825809582,123.5269207402728,123.5269207402728,52541624,US_STOCKS
2021-07-14,TSM,121.5295191675245,125.30163071133269,120.57000824433875,121.79421981556791,121.79421981556791,78076036,US_STOCKS
2021-07-15,TSM,126.51172067567798,127.2603925148033,124.19361730907887,125.61878178822548,125.61878178822548,75026836,US_STOCKS
2021-07-16,TSM,127.11492904964022,128.92913542501725,125.21478090004376,126.07382156670545,126.07382156670545,88942466,US_STOCKS
2021-07-19,TSM,128.14224511737694,130.6511767820387,125.22754173823914,128.43100510624606,128.43100510624606,19651081,US_STOCKS
2021-07-20,TSM,134.58982045835836,136.22181404050278,130.241678172358,133.82831024425656,133.82831024425656,18025069,US_STOCKS
2021-07-21,TSM,131.89555943678275,135.40581032581878,132.02890689901542,132.10512509674479,132.10512509674479,12107935,US_STOCKS
2021-07-22,TSM,133.26967678795305,133.08498079619167,128.1124171013031,131.9748315614832,131.9748315614832,19070623,US_STOCKS
2021-07-23,TSM,131.02272677135448,134.35527087171198,128.79501602429923,131.3877365057813,131.3877365057813,58531117,US_STOCKS
2021-07-26,TSM,126.45850814009275,129.58082754754255,125.49212857343844,126.38293322930525,126.38293322930525,44804621,US_STOCKS
2021-07-27,TSM,124.85837557928208,127.97247703939358,124.77975002163811,125.72473899206094,125.72473899206094,34050364,US_STOCKS
2021-07-28,TSM,127.99225395068665,128.1687419684555,127.71266659427786,128.06589000193716,128.06589000193716,68906992,US_STOCKS
2021-07-29,TSM,129.3944981307179,132.9403261121821,126.87813920589427,129.57857750789756,129.57857750789756,1801993,US_STOCKS
2021-07-30,TSM,131.6190703000668,131.68177196160644,128.2361644944162,131.31255441437304,131.31255441437304,99159261,US_STOCKS
2021-08-02,TSM,130.5390885498382,133.12990111107072,129.5289024104504,130.4576860997212,130.4576860997212,44322176,US_STOCKS
2021-08-03,TSM,129.7941301127087,129.5235906675931,127.84964796698883,128.87628524050652,128.87628524050652,45097933,US_STOCKS
2021-08-04,TSM,132.83821230861986,133.76832132702648,128.595179694466,132.27670064604177,132.27670064604177,10351248,US_STOCKS
2021-08-05,TSM,130.75457381852337,133.8814821569194,130.20454734108333,131.0933079207899,131.0933079207899,65984900,US_STOCKS
2021-08-06,TSM,131.1090083337503,132.21711925232327,131.51623927258788,131.99544497402053,131.99544497402053,93068493,US_STOCKS
2021-08-09,TSM,132.69582961804858,135.72550422463075,131.23574235803025,132.55862909610897,132.55862909610897,59673206,US_STOCKS
2021-08-10,TSM,136.55266441745354,140.44113412471444,133.50364333615977,136.56645180123508,136.56645180123508,73323720,US_STOCKS
2021-08-11,TSM,138.0918947511922,141.65426239370368,137.40391948697842,139.35626503150002,139.35626503150002,92856384,US_STOCKS
2021-08-12,TSM,135.22609876336577,136.98556742827532,134.20869259932678,135.88557322401107,135.88557322401107,25093601,US_STOCKS
2021-08-13,TSM,131.80918868795436,136.20981917720118,130.5699582227991,132.79403194121076,132.79403194121076,86274909,US_STOCKS
2021-08-16,TSM,135.35485771315282,135.60208053467989,132.25480671006352,134.46434135058703,134.46434135058703,9238552,US_STOCKS
2021-08-17,TSM,135.5421944999488,136.0560832683613,132.8381764227333,134.4257833043599,134.4257833043599,30972781,US_STOCKS
2021-08-18,TSM,133.23157346521995,134.3435338722399,131.83702822154208,133.3364726157437,133.3364726157437,80194757,US_STOCKS
2021-08-19,TSM,137.08858022835014,137.42090467410375,134.26212745611227,136.17821387919972,136.17821387919972,87508157,US_STOCKS
2021-08-20,TSM,135.6008407915739,140.47466621252414,135.92525315710915,136.82494976963426,136.82494976963426,68175385,US_STOCKS
2021-08-23,TSM,137.3316898480241,139.37965792400126,133.57063843661726,137.10532430592778,137.10532430592778,11055642,US_STOCKS
2021-08-24,TSM,138.95437567137625,141.63146580102062,135.9884600510384,139.38080280410912,139.38080280410912,22427865,US_STOCKS
2021-08-25,TSM,139.313485060106,140.13471620589127,137.68973106084573,138.4745237498277,138.4745237498277,76139657,US_STOCKS
2021-08-26,TSM,141.7873193761547,145.1646845970435,142.683051957082,142.95699666369504,142.95699666369504,36285367,US_STOCKS
2021-08-27,TSM,141.13154213612847,143.19662831902733,139.13698242511094,140.84681523145167,140.84681523145167,43475751,US_STOCKS
2021-08-30,TSM,142.05763453755324,144.79171268828335,138.75335345487014,142.83818938322818,142.83818938322818,85194838,US_STOCKS
2021-08-31,TSM,146.0335865380014,147.20855150275457,142.95814646205858,147.07714930365918,147.07714930365918,53148225,US_STOCKS
2021-09-01,TSM,143.2811995482483,146.52618124160907,141.82120502493044,143.17285256674424,143.17285256674424,48708849,US_STOCKS
2021-09-02,TSM,143.66702291901743,145.2029660420761,141.67641060162018,142.332899889045,142.332899889045,14189448,US_STOCKS
2021-09-03,TSM,144.86477614314828,149.07861761574665,144.43537705977283,145.72670659901618,145.72670659901618,3117495,US_STOCKS
2021-09-06,TSM,150.5710804244738,150.0051297380673,149.2024666191368,149.2452620390254,149.2452620390254,24476028,US_STOCKS
2021-09-07,TSM,148.09361707404108,150.7674864697614,144.77170799727116,148.8826091846948,148.8826091846948,88039306,US_STOCKS
2021-09-08,TSM,146.71730137709577,148.65404110490059,144.3989058968497,146.84389680749578,146.84389680749578,25101947,US_STOCKS
2021-09-09,TSM,148.45656981911884,154.01903029128238,148.95919233081773,149.79820752928183,149.79820752928183,20641672,US_STOCKS
2021-09-10,TSM,153.40933300101335,155.7576655585631,153.40899026943296,153.49387641860338,153.49387641860338,15647519,US_STOCKS
2021-09-13,TSM,149.7062854605691,153.15026135965107,149.04362003799864,150.0719964533052,150.0719964533052,42878430,US_STOCKS
2021-09-14,TSM,146.77673953876715,150.5168528396098,145.17445181633516,146.60859395260312,146.60859395260312,14222268,US_STOCKS
2021-09-15,TSM,147.38406500978016,150.71804834590063,146.9298422856564,147.41569385503664,147.41569385503664,43043665,US_STOCKS
2021-09-16,TSM,147.97762425605282,149.56909327895715,147.25379487447378,149.418662238131,149.418662238131,30521532,US_STOCKS
2021-09-17,TSM,149.70052292078086,151.3600978649375,146.64970519526616,148.674350847732,148.674350847732,41385601,US_STOCKS
2021-09-20,TSM,150.8345865580584,151.02589386599482,146.8027504758219,150.84289655299477,150.84289655299477,99832012,US_STOCKS
2021-09-21,TSM,147.90313671372644,149.38893322938202,148.21020718185864,148.85135819507445,148.85135819507445,66441678,US_STOCKS
2021-09-22,TSM,143.16547662379236,146.3347923972124,139.48603428014349,142.70470926549842,142.70470926549842,45519277,US_STOCKS
2021-09-23,TSM,141.9572515508516,144.56216923599646,139.4588781058617,141.6375603890728,141.6375603890728,48089447,US_STOCKS
2021-09-24,TSM,142.37027467803745,144.3324633827449,139.21592987506025,141.95831888886747,141.95831888886747,61672622,US_STOCKS
2021-09-27,TSM,141.93664620819703,144.04229591774887,139.11366630221477,141.31712166797084,141.31712166797084,68497884,US_STOCKS
2021-09-28,TSM,138.04421371222023,139.18568088466031,138.17794996946577,138.1838292221293,138.1838292221293,56436450,US_STOCKS
2021-09-29,TSM,133.54584084330847,137.1914912190589,131.85854966710357,133.30414649114795,133.30414649114795,40019191,US_STOCKS
2021-09-30,TSM,131.27919946907406,132.34630451175457,129.00499166447014,132.06684725190075,132.06684725190075,25718425,US_STOCKS
2021-10-01,TSM,134.8630318333428,137.3465324363905,132.6674968763548,134.56992545273775,134.56992545273775,87758859,US_STOCKS
2021-10-04,TSM,137.9302010302148,139.26567512808936,134.37362281073024,138.08542329370687,138.08542329370687,86294864,US_STOCKS
2021-10-05,TSM,140.55283550586756,141.61383417260225,141.12162834744763,141.50362682500776,141.50362682500776,29368192,US_STOCKS
2021-10-06,TSM,140.6521035654579,141.67069027791345,137.77578285383854,139.33604728414025,139.33604728414025,88982893,US_STOCKS
2021-10-07,TSM,136.13261257942142,137.54896130008382,132.41279936640407,136.26032575419694,136.26032575419694,85102248,US_STOCKS
2021-10-08,TSM,138.6968244660939,139.8670349451123,134.48766335965945,137.75001796831054,137.75001796831054,18755982,US_STOCKS
2021-10-11,TSM,139.8419621154103,143.75892137555346,138.41860778402545,139.63746874646463,139.63746874646463,79640880,US_STOCKS
2021-10-12,TSM,140.86784879468075,141.0629318995514,137.66951842179907,140.8946796300005,140.8946796300005,17688345,US_STOCKS
2021-10-13,TSM,135.71608397128898,135.70802388010625,131.51511468924048,135.3601583140649,135.3601583140649,29880664,US_STOCKS
2021-10-14,TSM,132.42026844303376,133.66451605401323,129.36991731575682,133.14868577938202,133.14868577938202,71478470,US_STOCKS
2021-10-15,TSM,133.84657201185874,135.1984361846601,131.30572226023807,133.20277399698224,133.20277399698224,11892103,US_STOCKS
2021-10-18,TSM,134.79508593740374,135.6312533867684,130.6872449058784,134.63395307231073,134.63395307231073,79861513,US_STOCKS
2021-10-19,TSM,136.59658538841367,137.45596156398085,133.61088071554514,136.83469949435624,136.83469949435624,13083322,US_STOCKS
2021-10-20,TSM,136.5128104107648,138.23798574397307,135.07137154727354,137.3663119412999,137.3663119412999,78918608,US_STOCKS
2021-10-21,TSM,137.898426635695,138.76402997555118,136.48351208862672,138.41244928432243,138.41244928432243,75062913,US_STOCKS
2021-10-22,TSM,138.0132083816614,139.7014625198222,134.8419409007823,138.7857904526347,138.7857904526347,95461218,US_STOCKS
2021-10-25,TSM,142.2090836138692,144.23988515096505,140.03261468891102,140.8276607790984,140.8276607790984,21986170,US_STOCKS
2021-10-26,TSM,141.3964111936081,143.2035012365071,137.7791962217977,141.84969119662938,141.84969119662938,79118324,US_STOCKS
2021-10-27,TSM,142.8150208356663,142.97123481472835,138.29860143105518,142.17803822337993,142.17803822337993,82959167,US_STOCKS
2021-10-28,TSM,140.60481560915687,145.25670347213637,140.40093617698085,141.55709327396895,141.55709327396895,9006104,US_STOCKS
2021-10-29,TSM,142.37394995300977,144.71260920549074,141.52459034392047,141.92879792398517,141.92879792398517,32566329,US_STOCKS
2021-11-01,TSM,144.86012414853164,146.3658095304614,140.30447924059413,143.44627615956887,143.44627615956887,22078811,US_STOCKS
2021-11-02,TSM,143.14097352105563,145.5562710652398,143.2791820124351,144.35708940576362,144.35708940576362,24219865,US_STOCKS
2021-11-03,TSM,144.70624113161708,148.11149553617634,144.16778106397928,145.6009463615922,145.6009463615922,82214156,US_STOCKS
2021-11-04,TSM,148.7105918190115,151.7426137172901,149.5952592300236,149.65657878221643,149.65657878221643,48686549,US_STOCKS
2021-11-05,TSM,149.26209142834415,155.01725793656652,147.02801286618254,150.59990587089317,150.59990587089317,49521036,US_STOCKS
2021-11-08,TSM,147.5654427923899,151.44032389399078,145.4086994183809,148.7957234548919,148.7957234548919,19881008,US_STOCKS
2021-11-09,TSM,151.7808296970105,155.27645488114135,148.0806644154395,151.57405739777988,151.57405739777988,80496209,US_STOCKS
2021-11-10,TSM,148.7036685213421,151.7356339692398,145.78857359721343,147.58402695016608,147.58402695016608,57308141,US_STOCKS
2021-11-11,TSM,145.37986051955536,147.5625539471303,140.22286055786105,144.5396241465703,144.5396241465703,2354087,US_STOCKS
2021-11-12,TSM,145.23301700589008,146.88302243744826,144.50879983987747,145.65502851898273,145.65502851898273,23030448,US_STOCKS
2021-11-15,TSM,147.92109871811158,147.67956379869122,144.02771831925736,147.304998974973,147.304998974973,69649158,US_STOCKS
2021-11-16,TSM,143.06764972886648,144.87486413167358,141.0716509993018,143.78425858990704,143.78425858990704,76454939,US_STOCKS
2021-11-17,TSM,143.90262786569568,146.47844102861052,138.69283477379,142.82718029491824,142.82718029491824,58557104,US_STOCKS
2021-11-18,TSM,142.3930622053611,144.66450355165946,137.4478517447039,141.2387025796477,141.2387025796477,2151033,US_STOCKS
2021-11-19,TSM,141.3097673776876,141.9940910554324,136.65269778534363,140.00519063382674,140.00519063382674,13593207,US_STOCKS
2021-11-22,TSM,142.490201615447,143.95020215946414,141.53801191350703,142.78736755543554,142.78736755543554,13202306,US_STOCKS
2021-11-23,TSM,145.83415165709897,144.98794561183115,143.58884708695467,144.9477560290599,144.9477560290599,18266643,US_STOCKS
2021-11-24,TSM,145.29554874028557,146.14355167062817,143.9103365848371,145.03726944388535,145.03726944388535,49345476,US_STOCKS
2021-11-25,TSM,144.0371288475011,144.12118578022975,142.842514151455,143.59861017074783,143.59861017074783,25470299,US_STOCKS
2021-11-26,TSM,141.19127829491677,141.53249701525303,137.3527010608145,139.86605244369815,139.86605244369815,24912738,US_STOCKS
2021-11-29,TSM,143.95115922841492,144.29877903805664,143.82856791970434,143.97863171869037,143.97863171869037,47404619,US_STOCKS
2021-11-30,TSM,145.53207978454842,146.42647337549897,142.8195064148656,145.82764533410182,145.82764533410182,99297445,US_STOCKS
2021-12-01,TSM,143.61208074834477,146.60888777555195,139.75490876419605,143.912435149889,143.912435149889,83321962,US_STOCKS
2021-12-02,TSM,146.02101343125307,149.36055949512226,145.56581218259387,146.1275339057556,146.1275339057556,51698281,US_STOCKS
2021-12-03,TSM,145.42298298386544,146.77465715250736,144.20044387657987,146.06842934973128,146.06842934973128,13970440,US_STOCKS
2021-12-06,TSM,145.95429725780434,147.3655321808805,143.05927868925053,145.37574509054855,145.37574509054855,15491217,US_STOCKS
2021-12-07,TSM,145.72897166333595,149.35563021791992,142.44892069607698,146.78650483958103,146.78650483958103,10528807,US_STOCKS
2021-12-08,TSM,144.13611744927763,148.5322471375587,144.4425974119101,144.75645261543352,144.75645261543352,87712686,US_STOCKS
2021-12-09,TSM,143.9758875509048,145.66855060494854,142.56904293948017,143.90598958149474,143.90598958149474,30414598,US_STOCKS
2021-12-10,TSM,143.8386349608003,148.23242807662754,141.2640055251324,144.39947506386136,144.39947506386136,67302577,US_STOCKS
2021-12-13,TSM,143.95649355355442,144.20526928391357,140.44817978709136,143.10146473747233,143.10146473747233,46546557,US_STOCKS
2021-12-14,TSM,145.97948944892886,146.5062516169297,142.3586029335276,145.15950767467905,145.15950767467905,88339028,US_STOCKS
2021-12-15,TSM,150.43594367197306,151.03218291299422,148.3973781544492,150.73092265205713,150.73092265205713,35251276,US_STOCKS
2021-12-16,TSM,149.11961297071596,152.84765789959354,146.44277797436405,148.60773250505724,148.60773250505724,47152832,US_STOCKS
2021-12-17,TSM,144.25193889370064,144.25384133582656,142.7136488974928,143.8073303451512,143.8073303451512,91978953,US_STOCKS
2021-12-20,TSM,138.66353992956476,138.24957600659616,137.34550009362763,138.19383948490798,138.19383948490798,68600889,US_STOCKS
2021-12-21,TSM,138.6454563640195,141.39106408420525,136.70728085584733,137.9161579205259,137.9161579205259,93171831,US_STOCKS
2021-12-22,TSM,136.36910548631548,139.07142958525648,133.78613193673195,136.22485183166359,136.22485183166359,13151265,US_STOCKS
2021-12-23,TSM,138.19565365284126,137.4321429835573,135.88038235588783,136.9273920026856,136.9273920026856,81549160,US_STOCKS
2021-12-24,TSM,137.75341400981497,140.88298539930585,135.3011552714513,137.42744446301148,137.42744446301148,38322330,US_STOCKS
2021-12-27,TSM,134.28179705504448,133.30317099019015,129.73832534665328,133.15835202447002,133.15835202447002,23850960,US_STOCKS
2021-12-28,TSM,129.35413220003494,128.9945998529902,126.22215556375923,128.45817157950245,128.45817157950245,88922683,US_STOCKS
2021-12-29,TSM,129.2784793012412,132.24391384294498,126.22447649280416,129.3469306103711,129.3469306103711,73912926,US_STOCKS
2021-12-30,TSM,130.93100609602018,131.56695300674858,129.15233488582433,129.82662362272475,129.82662362272475,5733295,US_STOCKS
2021-12-31,TSM,128.19742301371673,129.4043333741632,126.69403573567882,128.85079998623317,128.85079998623317,19309588,US_STOCKS
2022-01-03,TSM,123.55918140368308,124.8438130989672,121.59803511375195,124.70916525349237,124.70916525349237,59553543,US_STOCKS
2022-01-04,TSM,125.6519583194499,129.390050461068,125.7442472063455,126.00961063649011,126.00961063649011,98051885,US_STOCKS
2022-01-05,TSM,129.641877625704,130.05293536293155,126.70610623622727,129.3410515768786,129.3410515768786,76574744,US_STOCKS
2022-01-06,TSM,130.00550692051073,133.55474856916678,129.60077022385337,130.1894834512119,130.1894834512119,28604920,US_STOCKS
2022-01-07,TSM,127.07145067484805,128.92351514201616,127.19550103629318,128.11302917364202,128.11302917364202,91845685,US_STOCKS
2022-01-10,TSM,127.27225934108326,130.00112629446969,126.30521072054017,128.355296460567,128.355296460567,89970612,US_STOCKS
2022-01-11,TSM,126.22070074245696,127.8013708362452,121.33690479532062,124.97669219988359,124.97669219988359,78923012,US_STOCKS
2022-01-12,TSM,128.92952391139625,130.45660933108414,127.44039356005868,127.74607750194346,127.74607750194346,40790098,US_STOCKS
2022-01-13,TSM,128.45846162461177,129.43056105640687,127.03245504072302,128.0829294334835,128.0829294334835,58162527,US_STOCKS
2022-01-14,TSM,124.75392212094624,123.81139644435902,120.82740568869521,123.68159802380869,123.68159802380869,72550000,US_STOCKS
2022-01-17,TSM,124.20341820665453,126.49756409862773,120.24747694001303,123.06152191414328,123.06152191414328,52520467,US_STOCKS
2022-01-18,TSM,123.58953722432207,126.35846609445838,121.47030648095655,124.32487521514832,124.32487521514832,89671252,US_STOCKS
2022-01-19,TSM,124.33736822982638,124.34525128284628,121.39706195297644,123.6210780119938,123.6210780119938,33885172,US_STOCKS
2022-01-20,TSM,121.85460033582781,123.80175963906801,122.6445718400941,123.06256855993918,123.06256855993918,84429193,US_STOCKS
2022-01-21,TSM,119.59165344840649,121.19845184076465,116.71134258434687,120.17206951750521,120.17206951750521,38529585,US_STOCKS
2022-01-24,TSM,120.46067335642353,122.68981928491382,121.2184919043088,121.65388964470458,121.65388964470458,11178047,US_STOCKS
2022-01-25,TSM,119.18206583487952,122.3370214407407,119.5149923144228,120.19776752440693,120.19776752440693,36763036,US_STOCKS
2022-01-26,TSM,115.96757760469367,116.59963888996676,111.9711515624998,115.13396688984467,115.13396688984467,50295867,US_STOCKS
2022-01-27,TSM,114.16276406130252,116.9694187296109,114.1430899426531,114.39421418028701,114.39421418028701,9858359,US_STOCKS
2022-01-28,TSM,117.1082342596679,118.45892441933913,113.98485619223385,116.75336540858495,116.75336540858495,91710812,US_STOCKS
2022-01-31,TSM,115.70769817194548,118.04152198550172,114.22468971861171,115.96661247266904,115.96661247266904,98179454,US_STOCKS
2022-02-01,TSM,120.90889813890033,123.39890512246687,119.19705303340916,120.11354371020445,120.11354371020445,77480115,US_STOCKS
2022-02-02,TSM,120.69536064128945,122.02354406717758,117.82898533952928,121.26415446267984,121.26415446267984,2911137,US_STOCKS
2022-02-03,TSM,123.34447823411648,122.7542285325269,119.20277089440509,122.20700305946771,122.20700305946771,28316332,US_STOCKS
2022-02-04,TSM,121.65105445192093,122.8088199961361,119.87213504736364,122.01538671701071,122.01538671701071,35461459,US_STOCKS
2022-02-07,TSM,122.35470972432314,122.02801820189995,121.73520713345759,121.97076274277178,121.97076274277178,10866454,US_STOCKS
2022-02-08,TSM,121.25336931624435,124.4188469989411,118.21405408799926,121.45013387151455,121.45013387151455,25236263,US_STOCKS
2022-02-09,TSM,121.01710368165917,123.62278700964899,119.79032917470782,120.83737084271237,120.83737084271237,41491765,US_STOCKS
2022-02-10,TSM,122.29979275271775,122.73579786771803,122.14589686880542,122.24118005617359,122.24118005617359,16127775,US_STOCKS
2022-02-11,TSM,120.38011914556331,120.34067139938288,119.39214250298473,120.07547895896937,120.07547895896937,34447534,US_STOCKS
2022-02-14,TSM,116.61883599642807,118.28816790658959,114.396503104309,117.61178510206705,117.61178510206705,2910614,US_STOCKS
2022-02-15,TSM,115.44053894336079,116.41459585925219,112.76497600840253,115.0873773881439,115.0873773881439,59280480,US_STOCKS
2022-02-16,TSM,119.24793403745885,122.95873835653192,118.1413725419882,119.9110451042179,119.9110451042179,82431065,US_STOCKS
2022-02-17,TSM,121.07481666399117,124.88619007675881,118.49895926223601,121.30283558138059,121.30283558138059,96629070,US_STOCKS
2022-02-18,TSM,122.19785703744742,123.89887758222164,119.39420196940826,122.16285376648635,122.16285376648635,88148835,US_STOCKS
2022-02-21,TSM,120.81241293267655,120.86671435282814,116.8330586691002,119.70123641979343,119.70123641979343,21853914,US_STOCKS
2022-02-22,TSM,121.42380996659713,121.96777335656117,120.04891760956394,121.31323453828394,121.31323453828394,93204478,US_STOCKS
2022-02-23,TSM,120.29418045862512,123.45020841815551,118.99659202152235,121.15171483096748,121.15171483096748,12953096,US_STOCKS
2022-02-24,TSM,121.36791870726748,123.84880124790352,121.10790061472636,121.79180523543133,121.79180523543133,80261741,US_STOCKS
2022-02-25,TSM,120.6634918436701,120.30484609261768,118.86443598940882,119.53471001469437,119.53471001469437,46038572,US_STOCKS
2022-02-28,TSM,120.63222053901617,121.0514766931291,119.96580857692042,120.03739855262498,120.03739855262498,54580842,US_STOCKS
2022-03-01,TSM,120.22790553237243,120.53841922353377,117.63827454863464,119.1399184442644,119.1399184442644,96921269,US_STOCKS
2022-03-02,TSM,117.89183531508884,119.9684348403196,115.45233807523768,117.43476134653675,117.43476134653675,97486311,US_STOCKS
2022-03-03,TSM,119.72693439696907,122.47907637160633,116.77380660315848,119.27638815485338,119.27638815485338,73776466,US_STOCKS
2022-03-04,TSM,115.24231580994282,116.78104407546665,113.00903607533193,115.72741987422876,115.72741987422876,30373922,US_STOCKS
2022-03-07,TSM,117.29742000599781,118.02670060119034,114.27905263879198,117.15034929160863,117.15034929160863,11939633,US_STOCKS
2022-03-08,TSM,119.65449014685663,121.02067287572616,118.20471030179846,118.87125543352015,118.87125543352015,54661503,US_STOCKS
2022-03-09,TSM,116.39032705577422,118.03322841161228,115.66604312217892,116.89883972801502,116.89883972801502,7268605,US_STOCKS
2022-03-10,TSM,116.2164923651649,115.20671667941073,112.81027109386282,115.09782966169797,115.09782966169797,37751537,US_STOCKS
2022-03-11,TSM,115.0344782948408,115.92537729163301,112.3811655385007,114.69953205390797,114.69953205390797,73194315,US_STOCKS
2022-03-14,TSM,115.90124881995298,115.8559656952894,113.18584918445781,115.46122001320737,115.46122001320737,28718767,US_STOCKS
2022-03-15,TSM,114.137839721238,116.6576545622702,113.72507148212155,115.22370475642099,115.22370475642099,47250239,US_STOCKS
2022-03-16,TSM,116.81463884802565,117.41597062505207,115.23768820364667,116.33806191930974,116.33806191930974,6994673,US_STOCKS
2022-03-17,TSM,121.00688268787381,122.61008534002406,119.2926693483433,120.55643270081661,120.55643270081661,70813708,US_STOCKS
2022-03-18,TSM,119.54206845219224,121.13439762640976,117.62044394322781,119.45281868329596,119.45281868329596,63998464,US_STOCKS
2022-03-21,TSM,115.844134627786,116.4756286039328,114.98704131164263,115.47460986098612,115.47460986098612,16506783,US_STOCKS
2022-03-22,TSM,117.82511028900838,120.57436267930245,116.05410427608383,117.49754854135617,117.49754854135617,17782495,US_STOCKS
2022-03-23,TSM,122.19465998962534,124.60694397519816,118.35916069611359,121.57075281180585,121.57075281180585,61076311,US_STOCKS
2022-03-24,TSM,123.5321541997128,122.70402457014755,122.2527410088081,122.64730647615339,122.64730647615339,10165030,US_STOCKS
2022-03-25,TSM,120.61244883553988,120.35247172973838,118.31333776483125,120.10176487952691,120.10176487952691,47797982,US_STOCKS
2022-03-28,TSM,119.47024796913989,123.0557540266004,119.3111004808448,119.92427281481358,119.92427281481358,35893815,US_STOCKS
2022-03-29,TSM,118.00497799058071,117.46854697221507,114.99208204299622,117.36143477822097,117.36143477822097,81823374,US_STOCKS
2022-03-30,TSM,120.01641641086364,122.11578138783261,117.84764139091135,118.98772507553026,118.98772507553026,59050049,US_STOCKS
2022-03-31,TSM,114.91121601126271,116.78751755345158,115.56338768631382,115.89097338193612,115.89097338193612,32203541,US_STOCKS
2022-04-01,TSM,116.1764859167335,116.51218696530889,113.36742533705,115.31122001040886,115.31122001040886,43904703,US_STOCKS
2022-04-04,TSM,113.01736354181116,116.40036048131196,112.10535918168036,113.11030282936822,113.11030282936822,63105122,US_STOCKS
2022-04-05,TSM,113.32884246918603,113.7185383743118,111.84399377292789,113.51031670303468,113.51031670303468,81520989,US_STOCKS
2022-04-06,TSM,111.88700547026275,113.02763825873701,112.2723029122395,112.79215582386915,112.79215582386915,76675611,US_STOCKS
2022-04-07,TSM,113.81128564977497,115.22425359167896,111.71214209538064,113.3036955535642,113.3036955535642,88944255,US_STOCKS
2022-04-08,TSM,114.0728787506126,116.2315225675776,110.69927846047318,113.467647258625,113.467647258625,64628998,US_STOCKS
2022-04-11,TSM,111.24854259009774,114.23028681378227,108.2489307615267,111.34203733543687,111.34203733543687,3356798,US_STOCKS
2022-04-12,TSM,111.8372000764414,116.09514105889687,111.9110130341877,112.84933476101587,112.84933476101587,87463574,US_STOCKS
2022-04-13,TSM,112.60112653530561,113.2553414905715,112.57977509627398,112.85212066838322,112.85212066838322,16494282,US_STOCKS
2022-04-14,TSM,110.17991524818818,112.35668600864493,108.40343460514453,110.733820891454,110.733820891454,98653459,US_STOCKS
2022-04-15,TSM,115.67200277509289,117.60777271056156,113.99457703850528,115.80748191046136,115.80748191046136,54404001,US_STOCKS
2022-04-18,TSM,117.06829558766484,117.05757938869553,117.0207174396828,117.02677295064566,117.02677295064566,10668965,US_STOCKS
2022-04-19,TSM,115.85444302155416,119.25473138943025,116.06715385741948,116.7850879638973,116.7850879638973,89576696,US_STOCKS
2022-04-20,TSM,121.23780153681732,123.72665586462556,116.82083397340314,120.20736875461677,120.20736875461677,27916943,US_STOCKS
2022-04-21,TSM,124.77996660320504,125.41224184260295,121.7381978786742,124.75557228608226,124.75557228608226,88954738,US_STOCKS
2022-04-22,TSM,125.39249817027569,126.13652006538554,121.68361583598205,124.51766485112393,124.51766485112393,10660337,US_STOCKS
2022-04-25,TSM,124.35327201188477,128.34342561508205,123.90576891213213,125.50732499169519,125.50732499169519,99559377,US_STOCKS
2022-04-26,TSM,122.16081507710149,126.31398885627445,121.37946273985862,123.15280050125075,123.15280050125075,82887869,US_STOCKS
2022-04-27,TSM,123.69299322109055,126.29104030604816,121.81511650181393,122.91340931234075,122.91340931234075,95030135,US_STOCKS
2022-04-28,TSM,121.6932303825595,122.84832434733293,120.96017831656494,122.54697357867217,122.54697357867217,83003973,US_STOCKS
2022-04-29,TSM,123.05707127663918,126.1856364011252,120.42729406487396,123.12252042436799,123.12252042436799,21733410,US_STOCKS
2022-05-02,TSM,125.17885953819692,124.29127368149031,120.72169564010679,124.06504912134052,124.06504912134052,31139901,US_STOCKS
2022-05-03,TSM,125.57858897092464,127.16936290478075,124.93085673197061,125.57821705052943,125.57821705052943,36456539,US_STOCKS
2022-05-04,TSM,125.5249984827224,127.07317992089683,125.591888089234,126.30065008904597,126.30065008904597,49412720,US_STOCKS
2022-05-05,TSM,124.10370663134958,125.47439020269286,120.06278975576534,123.36859912245939,123.36859912245939,64017904,US_STOCKS
2022-05-06,TSM,121.63529142697534,123.60336790593553,119.54250459568904,121.1764202784261,121.1764202784261,69244543,US_STOCKS
2022-05-09,TSM,118.94089014325742,123.06814047715238,117.1738601690351,119.97336231191522,119.97336231191522,25277765,US_STOCKS
2022-05-10,TSM,120.05625647175741,119.46140052620855,118.63782640945821,119.41610861834845,119.41610861834845,7448586,US_STOCKS
2022-05-11,TSM,122.72911877300976,124.81263463217375,119.06610326706975,122.04511226305453,122.04511226305453,1443687,US_STOCKS
2022-05-12,TSM,119.33147898062757,121.85174915925232,118.7722233110304,119.32853699120666,119.32853699120666,65329282,US_STOCKS
2022-05-13,TSM,117.60842106451312,119.23999871805441,116.90205740059851,118.59486923226083,118.59486923226083,65702950,US_STOCKS
2022-05-16,TSM,120.11709294712857,121.64612052577979,120.23192457723368,120.97390483784905,120.97390483784905,24631379,US_STOCKS
2022-05-17,TSM,119.71104115091903,121.79624678551112,118.00844505991886,120.36933176143154,120.36933176143154,44365146,US_STOCKS
2022-05-18,TSM,122.26925763200164,124.22195007750564,121.13653660646995,121.59809957527469,121.59809957527469,5835320,US_STOCKS
2022-05-19,TSM,122.29783021628472,121.67103438246032,120.8401729390509,121.38033673023227,121.38033673023227,3191194,US_STOCKS
2022-05-20,TSM,122.43854762432645,124.25874748212615,118.50931498264467,122.12508583177772,122.12508583177772,88806307,US_STOCKS
2022-05-23,TSM,121.47217794903828,123.04570547325068,120.60545603984006,121.68916633715062,121.68916633715062,16088285,US_STOCKS
2022-05-24,TSM,122.54089016892209,123.9241989276407,123.0117779082183,123.43434832885998,123.43434832885998,24810692,US_STOCKS
2022-05-25,TSM,119.28051847897197,123.19780764357499,117.66546932679631,119.74352206159797,119.74352206159797,98771981,US_STOCKS
2022-05-26,TSM,118.68966912415414,120.62681384716727,117.83450098556405,118.99318039382524,118.99318039382524,19105877,US_STOCKS
2022-05-27,TSM,118.96287044431025,123.21510039648693,116.27084633412535,119.81797609457438,119.81797609457438,5446040,US_STOCKS
2022-05-30,TSM,120.36904123770535,122.75686579625886,120.53911777649833,121.21671976001682,121.21671976001682,37024158,US_STOCKS
2022-05-31,TSM,124.03041010767015,126.66868789379139,123.93884567272853,124.95735287352349,124.95735287352349,35838600,US_STOCKS
2022-06-01,TSM,123.09812484701438,125.69906808703584,120.4442640853528,124.10508208080155,124.10508208080155,33554471,US_STOCKS
2022-06-02,TSM,128.86432798267262,131.13680207866713,124.24832281330907,127.9014112727382,127.9014112727382,79220841,US_STOCKS
2022-06-03,TSM,126.74679160409795,129.59022772216647,126.0567946975821,126.34351113416828,126.34351113416828,46820235,US_STOCKS
2022-06-06,TSM,131.09754677302047,132.8246220285638,126.08006594035199,129.82717169910973,129.82717169910973,78183801,US_STOCKS
2022-06-07,TSM,133.0698728855856,134.87913204861468,129.0661840338573,132.0795877711338,132.0795877711338,52794622,US_STOCKS
2022-06-08,TSM,130.89999260042654,133.01135161943222,126.51262799906374,129.79868270602836,129.79868270602836,67627900,US_STOCKS
2022-06-09,TSM,130.21461929256253,130.86527889434802,127.05612629708392,130.72554715942138,130.72554715942138,59025914,US_STOCKS
2022-06-10,TSM,130.194571687433,131.30717465498182,127.46920037145988,130.72231605389848,130.72231605389848,83815499,US_STOCKS
2022-06-13,TSM,133.3219700901497,135.05257870866276,131.03380976810655,132.48859570940903,132.48859570940903,31102958,US_STOCKS
2022-06-14,TSM,130.73176050017025,135.33128833368417,131.6831547512777,132.02946552085166,132.02946552085166,63444744,US_STOCKS
2022-06-15,TSM,131.36088878755967,133.42560621161678,127.6984668079693,131.35018388722415,131.35018388722415,4129886,US_STOCKS
2022-06-16,TSM,135.81673689689939,135.2890848263432,134.92353901938367,135.07815057520943,135.07815057520943,43551952,US_STOCKS
2022-06-17,TSM,133.7672982443947,138.14129509864574,132.80264698337635,134.94652800886058,134.94652800886058,3874839,US_STOCKS
2022-06-20,TSM,136.0500362425666,139.8357319697466,133.99126789462696,137.31193100324325,137.31193100324325,44342153,US_STOCKS
2022-06-21,TSM,136.9797398568983,140.11360288253545,134.32430033953827,136.83037398292913,136.83037398292913,23251263,US_STOCKS
2022-06-22,TSM,141.84820850969317,144.19578546766914,138.41130214470593,141.52820749818625,141.52820749818625,62466544,US_STOCKS
2022-06-23,TSM,141.06119464250966,140.57679527980736,135.76222787741844,139.74966602220846,139.74966602220846,54295609,US_STOCKS
2022-06-24,TSM,138.64808215356544,138.58517550740447,136.59533030580928,138.17288862060082,138.17288862060082,77168535,US_STOCKS
2022-06-27,TSM,143.11379607437146,142.69562514775498,140.1869163322863,142.5240003625518,142.5240003625518,9739541,US_STOCKS
2022-06-28,TSM,142.80047783684233,145.20449761123768,141.30879053960393,141.39821357136893,141.39821357136893,86006308,US_STOCKS
2022-06-29,TSM,147.2926924823256,147.6166487307785,142.91452079438565,146.06739271867357,146.06739271867357,44768270,US_STOCKS
2022-06-30,TSM,149.2808670304113,150.3382058812725,147.37874996439825,148.81883667503476,148.81883667503476,43018954,US_STOCKS
2022-07-01,TSM,147.45464379599315,152.21026731840212,146.953833609823,148.5073597232594,148.5073597232594,40614805,US_STOCKS
2022-07-04,TSM,144.399243585982,145.40465914600986,140.93085890067493,143.27011856432887,143.27011856432887,95693314,US_STOCKS
2022-07-05,TSM,144.466840647448,144.08686639430175,141.32285867802804,143.35803396802342,143.35803396802342,97158326,US_STOCKS
2022-07-06,TSM,143.42572559500817,145.39566762162548,142.9514635090144,143.79278169532378,143.79278169532378,12317988,US_STOCKS
2022-07-07,TSM,148.001230000233,150.69593459478583,143.01144995455377,147.29332417133804,147.29332417133804,77568402,US_STOCKS
2022-07-08,TSM,151.3391465704565,152.30304677421555,147.6228296088389,152.119970792689,152.119970792689,34704618,US_STOCKS
2022-07-11,TSM,149.62329348603683,154.26999654302168,147.55183515036921,150.18808616978745,150.18808616978745,22272246,US_STOCKS
2022-07-12,TSM,153.9334821872957,157.29675552061894,152.34764230071008,152.74483337210762,152.74483337210762,86362911,US_STOCKS
2022-07-13,TSM,154.8958850300752,157.67644690834845,150.97543693148688,155.23580270113794,155.23580270113794,97364540,US_STOCKS
2022-07-14,TSM,157.96867576533958,159.73721388431343,158.3402836188163,158.72368015360473,158.72368015360473,56617987,US_STOCKS
2022-07-15,TSM,158.90448769540214,162.4483455592583,160.11221374830538,160.46548179595098,160.46548179595098,41117352,US_STOCKS
2022-07-18,TSM,152.9712561212425,158.26039338009335,153.4204108512772,154.39187072039286,154.39187072039286,33502562,US_STOCKS
2022-07-19,TSM,155.2065822232266,157.51557788685682,153.05395020571305,154.06634338891578,154.06634338891578,8118042,US_STOCKS
2022-07-20,TSM,151.30916212216536,152.42518607828603,147.19678470863008,150.6592969304183,150.6592969304183,45084182,US_STOCKS
2022-07-21,TSM,149.73686025038128,152.23259172083243,146.82647253322332,150.1994673613111,150.1994673613111,90319808,US_STOCKS
2022-07-22,TSM,151.913233066817,155.70387729178174,153.14258529102398,153.2935891142552,153.2935891142552,47372544,US_STOCKS
2022-07-25,TSM,155.5720540748297,156.05713162577337,150.0638170156189,154.38243604041924,154.38243604041924,63430238,US_STOCKS
2022-07-26,TSM,159.45436023935886,161.67254584042647,157.59118350060294,158.08171977146347,158.08171977146347,23883985,US_STOCKS
2022-07-27,TSM,158.98308653807513,160.1333468384232,156.9548184450874,159.32030244173566,159.32030244173566,47665447,US_STOCKS
2022-07-28,TSM,156.76015918426205,157.3639220061653,151.68138911817894,155.3426291166574,155.3426291166574,94249143,US_STOCKS
2022-07-29,TSM,148.77944090873441,148.59046556590067,145.46866813562673,147.66607171373676,147.66607171373676,35426238,US_STOCKS
2022-08-01,TSM,147.95629247713265,149.85794108176506,144.57790552965923,148.25321789092672,148.25321789092672,45761766,US_STOCKS
2022-08-02,TSM,147.83719025446754,152.12236920047687,147.501276357268,147.76716536824574,147.76716536824574,49307806,US_STOCKS
2022-08-03,TSM,145.82265338462648,145.6854027167276,142.36705144930707,145.02772248107306,145.02772248107306,24707013,US_STOCKS
2022-08-04,TSM,141.27048323799067,141.61616186456993,138.85555529998737,140.2399882674303,140.2399882674303,60221193,US_STOCKS
2022-08-05,TSM,137.4440327584555,139.5015896075539,136.5905723788104,138.319420662958,138.319420662958,36010148,US_STOCKS
2022-08-08,TSM,137.98832226284077,140.40076677642156,135.5750629181958,137.91970109341347,137.91970109341347,65762662,US_STOCKS
2022-08-09,TSM,139.35647898142687,140.4249637406331,136.70139335579708,139.89437420271324,139.89437420271324,85227257,US_STOCKS
2022-08-10,TSM,139.87892313901725,142.27868735871024,138.4596399756999,140.56203711913864,140.56203711913864,53799357,US_STOCKS
2022-08-11,TSM,145.68649698025098,145.40451603737426,142.08000562708753,145.22326331800107,145.22326331800107,7135129,US_STOCKS
2022-08-12,TSM,142.27032139347034,145.89544361717824,140.433551945917,142.36061057083367,142.36061057083367,15759885,US_STOCKS
2022-08-15,TSM,146.41824284450462,148.88023225688818,141.6560516507298,145.01153281784767,145.01153281784767,41739648,US_STOCKS
2022-08-16,TSM,144.37501699659668,149.3971556390566,142.9733033241583,145.2937216154946,145.2937216154946,85383190,US_STOCKS
2022-08-17,TSM,146.9919506386915,148.94086126812238,143.09787248266568,147.4576365838014,147.4576365838014,52661471,US_STOCKS
2022-08-18,TSM,145.2662925104174,147.28201432594508,144.20223521051074,146.31774521896844,146.31774521896844,5204620,US_STOCKS
2022-08-19,TSM,149.4880816315618,151.48038884481912,146.10251471315655,149.60018008224924,149.60018008224924,36139254,US_STOCKS
2022-08-22,TSM,152.08685005982164,151.44999176891744,147.96242922000854,150.63309380259523,150.63309380259523,9880230,US_STOCKS
2022-08-23,TSM,149.43247245380343,153.17548297252944,145.0817073743292,148.73678889346147,148.73678889346147,56014650,US_STOCKS
2022-08-24,TSM,148.80433246837467,152.57857758737424,144.6701719108446,148.84975737335273,148.84975737335273,98931446,US_STOCKS
2022-08-25,TSM,147.97861595612713,152.6936098259032,147.59180266466657,148.28545050112302,148.28545050112302,26101427,US_STOCKS
2022-08-26,TSM,148.6524943685715,151.1063783160698,146.43143859343056,149.8844965936186,149.8844965936186,85439511,US_STOCKS
2022-08-29,TSM,147.31491925291402,149.27126820100767,144.23892767287583,146.4977762067551,146.4977762067551,71161724,US_STOCKS
2022-08-30,TSM,146.23828986749388,150.25729581835446,143.5808404446341,146.55827480120521,146.55827480120521,70082665,US_STOCKS
2022-08-31,TSM,147.96981652136446,151.79033690247837,146.74563030502213,147.86354405530025,147.86354405530025,38733617,US_STOCKS
2022-09-01,TSM,148.93149410022852,150.2984838343235,144.1580467416633,148.1090664641153,148.1090664641153,35293532,US_STOCKS
2022-09-02,TSM,151.84917778447968,156.3062820608461,150.1260892600525,152.24705973634877,152.24705973634877,52096333,US_STOCKS
2022-09-05,TSM,154.23854371986909,156.04065196688273,151.71079750479316,154.75616062651093,154.75616062651093,12864225,US_STOCKS
2022-09-06,TSM,156.06265661717444,158.50843371809387,154.00142564479853,154.88776279949693,154.88776279949693,69707974,US_STOCKS
2022-09-07,TSM,156.0335278025457,156.57594052804671,154.4376528474698,155.71390035298555,155.71390035298555,41489663,US_STOCKS
2022-09-08,TSM,157.41518593681528,159.79476992090974,154.2869195542511,156.79039897776408,156.79039897776408,77072643,US_STOCKS
2022-09-09,TSM,159.02803568197322,161.14443886372038,154.47652455877866,158.21185949363968,158.21185949363968,34092074,US_STOCKS
2022-09-12,TSM,153.7567785680248,155.4081903993373,148.8286426310746,152.59325642726273,152.59325642726273,55081631,US_STOCKS
2022-09-13,TSM,150.9706662677174,154.29618491555252,150.13530420835647,151.82563209629208,151.82563209629208,70052404,US_STOCKS
2022-09-14,TSM,147.3985459701702,151.16898488019683,144.47008035587635,147.4699397316504,147.4699397316504,68769898,US_STOCKS
2022-09-15,TSM,150.53118662225955,155.85766536841786,147.56499501828102,151.38756995702138,151.38756995702138,79111483,US_STOCKS
2022-09-16,TSM,150.84076576548452,153.7868316777911,150.73218386712423,151.35472030765254,151.35472030765254,54309121,US_STOCKS
2022-09-19,TSM,149.8519600593448,153.42476136370234,147.98364469976258,150.9208137207047,150.9208137207047,39629400,US_STOCKS
2022-09-20,TSM,153.77416686359675,157.81834586602088,153.27780140673693,153.77864219628563,153.77864219628563,79381556,US_STOCKS
2022-09-21,TSM,154.20912745963898,155.40225836625217,154.36710184778528,155.23131151683518,155.23131151683518,76739275,US_STOCKS
2022-09-22,TSM,151.59436062378612,155.85817385939083,149.4917368587757,151.882554510547,151.882554510547,3202784,US_STOCKS
2022-09-23,TSM,152.4770764056033,152.3211149820413,148.22376530092822,151.8190513132745,151.8190513132745,17642152,US_STOCKS
2022-09-26,TSM,150.48656854879917,154.40066592320528,146.63184811278745,150.95317572645234,150.95317572645234,37771961,US_STOCKS
2022-09-27,TSM,146.7980499071116,146.67201202125156,142.30576640561395,145.8372733082923,145.8372733082923,66091911,US_STOCKS
2022-09-28,TSM,143.08503769573255,145.2762930988873,143.40061984923835,143.96975050790394,143.96975050790394,38913734,US_STOCKS
2022-09-29,TSM,142.73420157988343,146.35929309968574,139.30134769298573,143.58523517103484,143.58523517103484,2188907,US_STOCKS
2022-09-30,TSM,143.51607224867246,145.86660686812937,139.46582429756208,143.39871527557816,143.39871527557816,51094528,US_STOCKS
2022-10-03,TSM,139.4128567400002,141.2620236531675,138.16743296195958,139.29111235292535,139.29111235292535,6546884,US_STOCKS
2022-10-04,TSM,142.37816000704132,142.86378650200814,140.283092516377,142.63873906770354,142.63873906770354,31422070,US_STOCKS
2022-10-05,TSM,142.5858609668596,143.0641804149811,138.50338464113958,142.49010077526663,142.49010077526663,89557603,US_STOCKS
2022-10-06,TSM,141.854614163896,144.21030279822895,140.11251814518326,142.73960970959757,142.73960970959757,10472934,US_STOCKS
2022-10-07,TSM,143.6071773563137,145.1110996255763,140.07034888000177,144.026097941108,144.026097941108,85398552,US_STOCKS
2022-10-10,TSM,142.12661848892617,144.1151682691846,137.9379518948614,141.90005308445328,141.90005308445328,93310350,US_STOCKS
2022-10-11,TSM,144.68254017972993,143.87623521270996,142.646675183624,143.33709187379648,143.33709187379648,67996933,US_STOCKS
2022-10-12,TSM,142.54614941318482,142.5070226443937,142.16331108322623,142.4281207204533,142.4281207204533,88919957,US_STOCKS
2022-10-13,TSM,141.04952943246775,141.51728442948954,136.2737134639796,140.01656896878353,140.01656896878353,59773832,US_STOCKS
2022-10-14,TSM,142.6297470963776,143.5802385483538,141.28015987948953,141.76242854781978,141.76242854781978,43938979,US_STOCKS
2022-10-17,TSM,146.00865859007163,148.54879854519524,145.67058214729934,146.13345715286843,146.13345715286843,99148784,US_STOCKS
2022-10-18,TSM,147.6386352341301,149.2819706024413,146.0527316397564,148.39802705388993,148.39802705388993,54183609,US_STOCKS
2022-10-19,TSM,151.10370073493496,154.78907537822903,148.94091206028713,151.28578607458067,151.28578607458067,61359850,US_STOCKS
2022-10-20,TSM,150.53241233313526,149.97430084598696,147.29625886157663,149.86179164928998,149.86179164928998,88535252,US_STOCKS
2022-10-21,TSM,143.82148321920718,146.9884657177937,141.18791862643974,145.2232103411905,145.2232103411905,35962285,US_STOCKS
2022-10-24,TSM,149.57292164902577,154.10448352996448,148.80134221797627,149.6964846477158,149.6964846477158,7460263,US_STOCKS
2022-10-25,TSM,157.11863301026816,160.06160052395612,153.78796888409465,155.9972542643692,155.9972542643692,51906510,US_STOCKS
2022-10-26,TSM,162.04779695384863,164.533229015177,159.68631894279892,160.96672393000438,160.96672393000438,2672442,US_STOCKS
2022-10-27,TSM,159.98170496994518,164.1706654769185,155.74542233669402,160.04668340314777,160.04668340314777,95666393,US_STOCKS
2022-10-28,TSM,157.69893724500227,159.2343149692166,154.42325452124524,156.51082215741218,156.51082215741218,77710134,US_STOCKS
2022-10-31,TSM,154.0669597684988,155.80694590600623,152.9298143243692,153.33151547567618,153.33151547567618,92682053,US_STOCKS
2022-11-01,TSM,148.18975973555112,149.93816759438735,145.52011097812732,148.3214616661916,148.3214616661916,67709958,US_STOCKS
2022-11-02,TSM,147.29401310863926,151.8710581877384,146.8626157518727,148.15125205517228,148.15125205517228,19481708,US_STOCKS
2022-11-03,TSM,152.77054402454553,156.41158880914116,148.62396138304567,153.05706730497363,153.05706730497363,81118845,US_STOCKS
2022-11-04,TSM,154.12197249119328,153.42091280613556,152.4502508196222,152.77647503265723,152.77647503265723,56212771,US_STOCKS
2022-11-07,TSM,153.20774078784706,157.67497050105052,150.75138738680786,153.85300804842709,153.85300804842709,97102088,US_STOCKS
2022-11-08,TSM,157.4636242089365,160.54576500249314,155.86017205617222,158.23965567288525,158.23965567288525,24678502,US_STOCKS
2022-11-09,TSM,157.4021249962891,159.20847702354035,155.01336371239705,157.11901726849044,157.11901726849044,36910928,US_STOCKS
2022-11-10,TSM,162.09124223019685,166.23613009593078,162.0264242799087,163.67255032773653,163.67255032773653,1130667,US_STOCKS
2022-11-11,TSM,169.7028826994105,171.781236988608,168.34644400283585,170.35724632143888,170.35724632143888,14053346,US_STOCKS
2022-11-14,TSM,170.1070256697574,173.61401434156684,166.86541259524026,170.0808882353778,170.0808882353778,80571739,US_STOCKS
2022-11-15,TSM,168.12489124493243,170.9071009536163,164.19502911080522,168.28641831139814,168.28641831139814,43342415,US_STOCKS
2022-11-16,TSM,171.49008769949438,173.02833963358333,168.6609205617588,170.80141860045876,170.80141860045876,76260356,US_STOCKS
2022-11-17,TSM,168.68090824686038,171.50967019260688,168.64323181837352,169.78506495543394,169.78506495543394,36551884,US_STOCKS
2022-11-18,TSM,165.13222990054163,168.91345261018552,162.05198406600263,166.02753396730293,166.02753396730293,78874693,US_STOCKS
2022-11-21,TSM,169.9860686466113,175.50394578097718,167.41134108728062,170.4479793826304,170.4479793826304,40540629,US_STOCKS
2022-11-22,TSM,175.938059448363,178.59194571626784,170.83682865864222,174.76524734574616,174.76524734574616,20417795,US_STOCKS
2022-11-23,TSM,175.37240179658008,180.02067346413622,172.8300613547605,175.48357307102938,175.48357307102938,68661821,US_STOCKS
2022-11-24,TSM,171.52794852129,175.55383838574448,169.76508285958164,171.2268162583067,171.2268162583067,57972052,US_STOCKS
2022-11-25,TSM,165.92767679295216,170.64932389664466,163.51620988788517,167.18748576452572,167.18748576452572,5240894,US_STOCKS
2022-11-28,TSM,168.30287052810507,169.7996917989788,167.08884054809153,167.71322115291258,167.71322115291258,42570847,US_STOCKS
2022-11-29,TSM,165.1878391082929,168.27626736775807,164.28787152615138,166.2042347469079,166.2042347469079,74100772,US_STOCKS
2022-11-30,TSM,166.14282621059695,168.24571802794225,165.12415627466527,165.23661718637132,165.23661718637132,93171205,US_STOCKS
2022-12-01,TSM,169.40781445940212,168.95231288430375,164.6331104201819,168.77916849618222,168.77916849618222,20826349,US_STOCKS
2022-12-02,TSM,171.69446202650965,173.82260946194137,169.26375668715943,171.42285557574192,171.42285557574192,89081658,US_STOCKS
2022-12-05,TSM,176.0982933889077,176.71771989920316,171.31186453804895,176.31918150495184,176.31918150495184,92132987,US_STOCKS
2022-12-06,TSM,173.64032832684637,175.43057603358758,172.5202364215317,173.00218316794331,173.00218316794331,79284063,US_STOCKS
2022-12-07,TSM,170.52747576279577,172.3416833635293,169.21502476224603,171.9877275385586,171.9877275385586,16852695,US_STOCKS
2022-12-08,TSM,173.04974218926242,176.98885744454068,174.05098058628826,174.77042600700807,174.77042600700807,16891026,US_STOCKS
2022-12-09,TSM,175.01781126183775,177.5974549336453,172.72267957125467,176.51141328388178,176.51141328388178,81083803,US_STOCKS
2022-12-12,TSM,181.92470706909523,184.86484391591966,181.91918515702005,182.09757723754643,182.09757723754643,7862309,US_STOCKS
2022-12-13,TSM,182.92001353696614,186.81048856365388,179.7331145073519,183.81124912047574,183.81124912047574,60895303,US_STOCKS
2022-12-14,TSM,190.37750858465606,191.46637361977918,186.32023395375296,190.78912522832752,190.78912522832752,37014819,US_STOCKS
2022-12-15,TSM,193.95186455600026,196.01127567188732,188.76275396189718,193.0405048335255,193.0405048335255,90821666,US_STOCKS
2022-12-16,TSM,198.99604404845854,200.5022209582124,194.30622668413554,197.33437214436407,197.33437214436407,27302168,US_STOCKS
2022-12-19,TSM,197.96545113449454,198.95096046892968,195.50368198366772,196.25489413844784,196.25489413844784,43837786,US_STOCKS
2022-12-20,TSM,195.04149309991243,199.46976098141428,193.1983868750594,196.50722773770278,196.50722773770278,34437820,US_STOCKS
2022-12-21,TSM,198.56804863014287,205.95293456892935,195.63717333134883,200.28387815387384,200.28387815387384,84049226,US_STOCKS
2022-12-22,TSM,206.39421347775615,211.66874313171704,203.93186430051074,206.94523249970607,206.94523249970607,20907265,US_STOCKS
2022-12-23,TSM,208.59171800080958,212.3460045157619,209.30313838171497,210.1704199326556,210.1704199326556,99828628,US_STOCKS
2022-12-26,TSM,208.13729981544105,212.81060017462846,207.18237598751062,210.0309854279074,210.0309854279074,30762560,US_STOCKS
2022-12-27,TSM,216.33495391654736,216.99864822865024,210.94629748256958,216.02667708365962,216.02667708365962,33912324,US_STOCKS
2022-12-28,TSM,207.14992859383437,211.21141514026195,201.25731097792888,206.7721864536543,206.7721864536543,83742956,US_STOCKS
2022-12-29,TSM,201.53300114230967,203.44053351105973,198.06159354780257,201.09738788957998,201.09738788957998,77104744,US_STOCKS
2022-12-30,TSM,205.58067023303556,204.67525239930285,201.68420056289065,204.03998251498663,204.03998251498663,77835543,US_STOCKS
2023-01-02,TSM,204.02232279322277,206.3378357445251,201.78057937137515,204.30159587276566,204.30159587276566,60681629,US_STOCKS
2023-01-03,TSM,209.0490394038012,210.04123343689133,205.68541969575045,206.98004557358666,206.98004557358666,17121810,US_STOCKS
2023-01-04,TSM,205.55482277846704,210.93150726040074,204.0644430637688,207.45364705772516,207.45364705772516,21318158,US_STOCKS
2023-01-05,TSM,210.85049672639585,214.69963730762962,208.39744418564348,210.02999603713246,210.02999603713246,35065876,US_STOCKS
2023-01-06,TSM,208.84782327130395,209.14119620922762,202.0985973383693,206.81904560785298,206.81904560785298,45819817,US_STOCKS
2023-01-09,TSM,210.6140561391549,214.21628446488606,205.1910572822607,209.38561241057204,209.38561241057204,85623056,US_STOCKS
2023-01-10,TSM,215.63706085780615,217.4786251269448,212.23648415923628,213.7593199225569,213.7593199225569,40464267,US_STOCKS
2023-01-11,TSM,220.32352716563173,223.47119777828638,218.02200585763205,219.1911605830276,219.1911605830276,6072714,US_STOCKS
2023-01-12,TSM,229.07259143175688,229.9565866416646,224.81611441304742,228.23741779843036,228.23741779843036,74927930,US_STOCKS
2023-01-13,TSM,229.8676438536206,230.15364115387658,228.30173840108682,229.57990318490081,229.57990318490081,22713490,US_STOCKS
2023-01-16,TSM,229.9481802576611,234.9865576005376,227.57367426756286,231.06717270407864,231.06717270407864,21112843,US_STOCKS
2023-01-17,TSM,222.31954122980892,225.41249392578956,217.63644167712823,224.25913678003562,224.25913678003562,47386148,US_STOCKS
2023-01-18,TSM,223.73166680932698,227.75515428959707,218.69166511153404,222.0999186749282,222.0999186749282,70962083,US_STOCKS
2023-01-19,TSM,220.1034588190908,226.03800816449024,219.6546441346233,221.46434833491404,221.46434833491404,83374147,US_STOCKS
2023-01-20,TSM,224.4535986154208,231.5876987372193,225.659393862047,226.33797938701494,226.33797938701494,88237734,US_STOCKS
2023-01-23,TSM,222.9220876149855,228.19202903090542,220.52539436202423,223.79846216980914,223.79846216980914,37264011,US_STOCKS
2023-01-24,TSM,228.24866647117426,234.05596161153642,227.30488075608403,227.58665406766025,227.58665406766025,91966432,US_STOCKS
2023-01-25,TSM,228.3038500832902,233.32421115389363,225.18337867611822,227.8068590989771,227.8068590989771,47712454,US_STOCKS
2023-01-26,TSM,228.90372413781026,230.0554092816355,223.58278360213814,227.22746372134048,227.22746372134048,2999297,US_STOCKS
2023-01-27,TSM,227.02500911846988,232.98621484540453,223.6690798915641,228.58580209189554,228.58580209189554,58677492,US_STOCKS
2023-01-30,TSM,225.40657317611172,230.05969218117568,224.6076582927238,227.02613203209202,227.02613203209202,50070473,US_STOCKS
2023-01-31,TSM,226.97384526448326,230.54927110849172,224.73740692303895,225.30510482548067,225.30510482548067,89140610,US_STOCKS
2023-02-01,TSM,217.72546092727927,222.70994750383517,216.9332506155354,217.84847058612527,217.84847058612527,67401233,US_STOCKS
2023-02-02,TSM,215.84171895690767,219.83966555087486,216.8762199630248,216.98599015987588,216.98599015987588,16009453,US_STOCKS
2023-02-03,TSM,213.36501559611256,216.66726222733462,214.47457198883876,215.12004888129013,215.12004888129013,69499092,US_STOCKS
2023-02-06,TSM,211.10783659719738,217.06470874632166,212.21560244203786,213.11521181715963,213.11521181715963,94570984,US_STOCKS
2023-02-07,TSM,216.96838230682965,216.5603733244584,211.140210973564,215.1051668496717,215.1051668496717,3772526,US_STOCKS
2023-02-08,TSM,220.03770074958067,221.57652440114188,217.87089592933546,218.1537747384719,218.1537747384719,34907499,US_STOCKS
2023-02-09,TSM,217.52835295997383,221.97119426713266,214.9758567348118,219.38501066643545,219.38501066643545,47519100,US_STOCKS
2023-02-10,TSM,223.4511196274692,224.77261430006345,222.32619463575017,223.97197912058766,223.97197912058766,10914185,US_STOCKS
2023-02-13,TSM,228.16880121758265,227.6942128671826,222.72368737038676,226.77414597240193,226.77414597240193,34931300,US_STOCKS
2023-02-14,TSM,224.42596866969834,229.9918230058229,222.56884658806192,225.66269780923344,225.66269780923344,40614401,US_STOCKS
2023-02-15,TSM,224.21497695308466,227.0977341546204,221.76178528086814,223.7993725443973,223.7993725443973,56347067,US_STOCKS
2023-02-16,TSM,226.1875390969895,225.60387816825735,222.27280920477224,225.4233603230688,225.4233603230688,6710645,US_STOCKS
2023-02-17,TSM,226.80412495136048,232.07343519648964,222.30473963782754,228.23559388253068,228.23559388253068,88397762,US_STOCKS
2023-02-20,TSM,232.82465957001463,237.797322802058,230.7371085039435,234.84458598782618,234.84458598782618,15559920,US_STOCKS
2023-02-21,TSM,241.9518953334761,246.04778907248954,234.1519139898045,240.67424138539027,240.67424138539027,1840115,US_STOCKS
2023-02-22,TSM,236.95821222188482,244.22231335819953,233.51439486844862,238.30854352534007,238.30854352534007,89544595,US_STOCKS
2023-02-23,TSM,235.95231052128858,242.32408200573934,233.99664439527444,238.0606727079141,238.0606727079141,4531767,US_STOCKS
2023-02-24,TSM,241.55890227997736,245.90944986960577,240.10771010629318,241.4935923813763,241.4935923813763,28059628,US_STOCKS
2023-02-27,TSM,247.58639498480272,250.3619904668132,240.53824165705683,246.89337837533347,246.89337837533347,34895794,US_STOCKS
2023-02-28,TSM,250.60178504934916,259.2157698556766,244.89469376689146,251.77677864010516,251.77677864010516,3870281,US_STOCKS
2023-03-01,TSM,253.06978150928182,252.54005702347825,251.49934992665263,251.70689631920953,251.70689631920953,28095856,US_STOCKS
2023-03-02,TSM,244.51249645171998,251.6835436612149,240.40851004919398,245.64568022039342,245.64568022039342,98179333,US_STOCKS
2023-03-03,TSM,242.00306075094284,244.00742013027693,235.93073387926566,240.98363778781896,240.98363778781896,99946447,US_STOCKS
2023-03-06,TSM,243.5579762150497,248.0807402269727,235.71093290988233,242.53862574687815,242.53862574687815,12251474,US_STOCKS
2023-03-07,TSM,245.44237726924666,250.6803842693218,237.44253864543452,244.44122280720524,244.44122280720524,21885959,US_STOCKS
2023-03-08,TSM,239.3332188032839,244.20041096503294,237.53773560377928,239.31441343970533,239.31441343970533,60446813,US_STOCKS
2023-03-09,TSM,238.60455845116758,242.16561105092103,236.59120178604496,239.7670508588891,239.7670508588891,53389819,US_STOCKS
2023-03-10,TSM,242.78763791382804,246.62964871808254,240.8567395698487,243.03375395977645,243.03375395977645,16737544,US_STOCKS
2023-03-13,TSM,235.5293223448079,239.07846183932654,233.53153973411702,237.6810489890857,237.6810489890857,78825429,US_STOCKS
2023-03-14,TSM,241.56287697422025,243.9633948901743,237.70528681299893,243.17146791917233,243.17146791917233,31210674,US_STOCKS
2023-03-15,TSM,243.75999485220748,246.7554601596052,239.2104258181066,241.57854331548145,241.57854331548145,29664732,US_STOCKS
2023-03-16,TSM,248.0138636126418,248.48495901073744,247.0212213295076,247.89636873461126,247.89636873461126,18409930,US_STOCKS
2023-03-17,TSM,246.8483364219279,249.2839975395923,245.42161993553245,245.499446619337,245.499446619337,67678136,US_STOCKS
2023-03-20,TSM,240.33686437718538,244.39315600526461,239.15806576597282,240.70422630728882,240.70422630728882,55626440,US_STOCKS
2023-03-21,TSM,241.0272756741896,239.265444628677,236.70595207733479,238.7394203399441,238.7394203399441,25056761,US_STOCKS
2023-03-22,TSM,237.32430788763318,241.2337625308581,232.66968679666448,238.5238476052858,238.5238476052858,91373010,US_STOCKS
2023-03-23,TSM,235.49817767838007,240.76803104847008,232.38252143550866,236.90913701128156,236.90913701128156,52660919,US_STOCKS
2023-03-24,TSM,235.81127088728485,237.48248456170938,232.6642033248379,236.1225919407309,236.1225919407309,40720267,US_STOCKS
2023-03-27,TSM,239.3423512588843,243.38651440975934,236.9793561690646,237.93584886785996,237.93584886785996,9763386,US_STOCKS
2023-03-28,TSM,239.2967723351368,241.1724256755205,231.25098245987874,237.35919054350438,237.35919054350438,6756960,US_STOCKS
2023-03-29,TSM,237.40853599047534,241.12259947582703,231.1558109295925,237.28270204778104,237.28270204778104,10663389,US_STOCKS
2023-03-30,TSM,228.21770724879235,232.20648899314307,223.44964348317674,229.40858758154502,229.40858758154502,93949448,US_STOCKS
2023-03-31,TSM,233.71585010217245,238.09490728281395,231.39392000243498,231.43517394135566,231.43517394135566,5723125,US_STOCKS
2023-04-03,TSM,229.62386886730434,233.67398316228432,225.49606470393485,231.25371350094872,231.25371350094872,89372963,US_STOCKS
2023-04-04,TSM,237.43618187972348,243.37443255927602,232.35705879101707,238.93269184567316,238.93269184567316,46909441,US_STOCKS
2023-04-05,TSM,232.82094593782992,237.904983348367,232.03600148549629,234.68176784599046,234.68176784599046,58188141,US_STOCKS
2023-04-06,TSM,226.15118170518681,226.54679933515058,219.67687421386572,226.4289707242382,226.4289707242382,54810483,US_STOCKS
2023-04-07,TSM,229.3333611845324,236.0256058363413,228.38148667060247,229.45437195331564,229.45437195331564,19734522,US_STOCKS
2023-04-10,TSM,232.69878559955336,233.08377306915648,225.72885396179942,231.27406911230625,231.27406911230625,27881814,US_STOCKS
2023-04-11,TSM,224.72301267783874,230.35925688043673,225.50235945306605,226.8408550197095,226.8408550197095,76026783,US_STOCKS
2023-04-12,TSM,220.74914311479222,226.22681517423445,214.95678645855992,220.1275046563565,220.1275046563565,18896819,US_STOCKS
2023-04-13,TSM,228.47951363242376,231.48856269307385,222.55820767640287,227.11609828086034,227.11609828086034,83394025,US_STOCKS
2023-04-14,TSM,234.11171104081612,237.03464021012167,229.30179754227905,233.76655906820187,233.76655906820187,30497785,US_STOCKS
2023-04-17,TSM,220.95901988963516,226.48397247343507,220.8106111257119,222.37064148099657,222.37064148099657,8911595,US_STOCKS
2023-04-18,TSM,218.35199865669094,224.58014362943058,218.15889225279446,220.55510514333488,220.55510514333488,75478786,US_STOCKS
2023-04-19,TSM,227.54709465521,231.4425446745779,225.33069635173672,228.11658132090955,228.11658132090955,65406904,US_STOCKS
2023-04-20,TSM,225.52199463301935,232.71208181834496,219.8208146945679,226.17274263872696,226.17274263872696,84954762,US_STOCKS
2023-04-21,TSM,226.06410846754432,227.20029247696763,220.57194968274277,224.17965309052724,224.17965309052724,74467166,US_STOCKS
2023-04-24,TSM,224.01139954193636,229.0983302265619,218.34087659955358,223.13605498409652,223.13605498409652,99790586,US_STOCKS
2023-04-25,TSM,217.69534426274052,223.8136656159323,213.78693829943606,218.35694046367584,218.35694046367584,69447258,US_STOCKS
2023-04-26,TSM,210.39487741048774,216.10623547382852,205.4274051615828,211.13030509041306,211.13030509041306,22636297,US_STOCKS
2023-04-27,TSM,216.3275371216513,218.3244434333111,209.38001131283423,215.7859280922539,215.7859280922539,48404448,US_STOCKS
2023-04-28,TSM,206.9176674803438,210.4314598024943,203.9672216309212,208.04811700574368,208.04811700574368,8532847,US_STOCKS
2023-05-01,TSM,209.71869898864432,215.13179499622964,203.94600570751047,209.2850523227595,209.2850523227595,7699680,US_STOCKS
2023-05-02,TSM,215.30916076959292,217.6744624632998,212.16732015951348,213.20529408568365,213.20529408568365,2229192,US_STOCKS
2023-05-03,TSM,205.86791271466282,212.44118062983313,207.0957870580267,207.23031678292733,207.23031678292733,24081583,US_STOCKS
2023-05-04,TSM,204.65460189503438,207.1869014662089,198.8257085929031,203.60681842246572,203.60681842246572,74868899,US_STOCKS
2023-05-05,TSM,206.87441122749274,214.34002667106526,207.3288650029199,208.7506563353834,208.7506563353834,55785851,US_STOCKS
2023-05-08,TSM,211.7936646034353,212.25258551994298,204.99929732870083,211.18423691878056,211.18423691878056,49327439,US_STOCKS
2023-05-09,TSM,206.94102122119222,214.65887862038994,205.1160266889231,208.78820093633757,208.78820093633757,70220126,US_STOCKS
2023-05-10,TSM,214.12505835742533,219.3767480972876,213.80456324622887,214.0172972670596,214.0172972670596,27569458,US_STOCKS
2023-05-11,TSM,219.26252445131212,219.89989998799385,214.74951811773676,219.3957048561236,219.3957048561236,39972677,US_STOCKS
2023-05-12,TSM,219.79180214901592,220.81806170895993,216.0276179561367,220.7956806655321,220.7956806655321,83547121,US_STOCKS
2023-05-15,TSM,216.5858354624908,220.71520711877528,215.55892350227026,217.04144654176952,217.04144654176952,62597566,US_STOCKS
2023-05-16,TSM,213.3614437683686,218.62232969828958,211.29968948912523,215.46377789486453,215.46377789486453,91900985,US_STOCKS
2023-05-17,TSM,216.3985641336629,221.89276043215335,213.02397199262765,216.91336106859214,216.91336106859214,92774199,US_STOCKS
2023-05-18,TSM,215.87245689723258,218.3828251530801,210.55511321111388,216.31209966424996,216.31209966424996,5875195,US_STOCKS
2023-05-19,TSM,218.98636868607633,221.1358969685616,215.0111046186804,220.59056773829022,220.59056773829022,2050134,US_STOCKS
2023-05-22,TSM,215.6104253346224,216.960063386004,214.03623386181323,214.06208364917572,214.06208364917572,40762872,US_STOCKS
2023-05-23,TSM,206.57669286942124,211.77283195844075,203.64211287622055,207.8788424417671,207.8788424417671,49265229,US_STOCKS
2023-05-24,TSM,206.9195606675157,212.9494595604688,203.56319810986656,208.83870682993134,208.83870682993134,72312103,US_STOCKS
2023-05-25,TSM,208.360464869886,208.23960645224193,201.47462875563411,206.99447554218307,206.99447554218307,32897151,US_STOCKS
2023-05-26,TSM,202.61435644460724,209.78243658812426,198.82450204577768,204.60555803494904,204.60555803494904,65900261,US_STOCKS
2023-05-29,TSM,196.51385038086417,199.0672319319503,194.80946524536932,197.5750789597016,197.5750789597016,89885276,US_STOCKS
2023-05-30,TSM,196.46334817518655,202.75245345234475,196.1208626200637,197.849889475248,197.849889475248,81050030,US_STOCKS
2023-05-31,TSM,199.50190808331666,200.37623616315685,195.67234996493775,197.8389875189791,197.8389875189791,80419910,US_STOCKS
2023-06-01,TSM,200.74079750034363,204.74197526395258,196.87389217219038,200.6224989095834,200.6224989095834,16135995,US_STOCKS
2023-06-02,TSM,202.48634791794098,202.28071274112637,195.47515672617544,201.09960382083153,201.09960382083153,25806557,US_STOCKS
2023-06-05,TSM,201.70648423469476,202.48185632136156,198.85334264315813,200.76737087266858,200.76737087266858,31690183,US_STOCKS
2023-06-06,TSM,206.7140047117356,209.13021399666854,200.24565861472783,205.69420471081827,205.69420471081827,31429899,US_STOCKS
2023-06-07,TSM,201.2704527175753,205.02955904066508,199.58939309441124,200.50056055169307,200.50056055169307,40658346,US_STOCKS
2023-06-08,TSM,202.78227778474107,205.01654471656084,200.89175248076688,202.8519878933012,202.8519878933012,68955569,US_STOCKS
2023-06-09,TSM,195.159563337627,200.4519979454478,190.7691573836145,196.2749293923747,196.2749293923747,56954554,US_STOCKS
2023-06-12,TSM,193.61075374406028,193.57970897418033,188.17022089808935,193.18021594571871,193.18021594571871,29259330,US_STOCKS
2023-06-13,TSM,189.12234470159794,194.23057529825113,185.31723996969006,188.68816882669867,188.68816882669867,72746239,US_STOCKS
2023-06-14,TSM,191.61793883568217,192.1751183678001,187.23767308364697,191.82772309836793,191.82772309836793,4464885,US_STOCKS
2023-06-15,TSM,192.53819832000826,191.90047003830614,186.80770883495015,191.76860089790756,191.76860089790756,16605967,US_STOCKS
2023-06-16,TSM,191.96335598070556,195.34652983626486,189.27437285632456,191.90857953234192,191.90857953234192,34735585,US_STOCKS
2023-06-19,TSM,187.73173360034303,189.60766530388582,185.38358359023368,187.85265699993937,187.85265699993937,36532386,US_STOCKS
2023-06-20,TSM,187.16203815661385,188.24868986482906,181.37071655539748,186.91454526700744,186.91454526700744,50586125,US_STOCKS
2023-06-21,TSM,183.12040754422625,186.88435372254773,179.4583622496145,184.24740441237122,184.24740441237122,3158872,US_STOCKS
2023-06-22,TSM,186.5120471381154,188.8997703671326,184.89932018776022,185.8446636406995,185.8446636406995,81930167,US_STOCKS
2023-06-23,TSM,181.86855912780172,183.95394349262327,177.81655074918086,182.34672833068055,182.34672833068055,64213979,US_STOCKS
2023-06-26,TSM,188.87125386630234,190.91955269116443,183.2143435366445,187.37874809596565,187.37874809596565,83808143,US_STOCKS
2023-06-27,TSM,179.6723672979156,185.5073856265998,177.949057649284,181.28676350436888,181.28676350436888,7881271,US_STOCKS
2023-06-28,TSM,178.57445356456415,178.985494279392,174.60185806062978,178.54382286531055,178.54382286531055,55103669,US_STOCKS
2023-06-29,TSM,186.38704695093165,185.72625846308827,181.3532031067852,184.71144250339577,184.71144250339577,21946631,US_STOCKS
2023-06-30,TSM,183.70678817482792,187.26225652011448,179.31694622739502,183.2886518293954,183.2886518293954,81692325,US_STOCKS
2023-07-03,TSM,179.91514208191276,179.06603593374163,176.8121338969097,178.65189372686638,178.65189372686638,69025129,US_STOCKS
2023-07-04,TSM,179.60821817913194,180.6407346722047,176.63507697179548,179.61329661077443,179.61329661077443,41336129,US_STOCKS
2023-07-05,TSM,177.6935235008806,182.4113285146297,175.90755793841942,178.08517455123837,178.08517455123837,3618996,US_STOCKS
2023-07-06,TSM,173.736830309472,179.78876904868335,170.23473754202487,175.28613771831013,175.28613771831013,69152524,US_STOCKS
2023-07-07,TSM,171.1540634239594,176.45207107151785,168.20710451004862,171.61960461876566,171.61960461876566,84589021,US_STOCKS
2023-07-10,TSM,182.25731308731145,183.35543119982225,178.68980186973036,181.29336789607544,181.29336789607544,19427083,US_STOCKS
2023-07-11,TSM,179.8114780799548,184.77757845606232,175.71999643003457,180.56256744027073,180.56256744027073,72721581,US_STOCKS
2023-07-12,TSM,173.66837341772904,174.24045415662158,173.49251374736232,173.7894222804932,173.7894222804932,38058230,US_STOCKS
2023-07-13,TSM,179.02540040243292,182.42884153966858,179.12015191209616,179.15503082421984,179.15503082421984,98982566,US_STOCKS
2023-07-14,TSM,181.02974800648536,186.1421931977343,178.61044008721055,181.5237143918614,181.5237143918614,13913505,US_STOCKS
2023-07-17,TSM,179.9874254910896,182.73272464037552,176.09149434374376,178.92260143594558,178.92260143594558,51940756,US_STOCKS
2023-07-18,TSM,174.31229063292528,179.22060974073466,170.9575230159826,175.76240214143627,175.76240214143627,10231247,US_STOCKS
2023-07-19,TSM,177.46224387299173,183.13218509780305,176.7845852271044,178.30558847217128,178.30558847217128,65740423,US_STOCKS
2023-07-20,TSM,177.7270321655612,180.78064921937224,175.38799058131798,177.60335570689205,177.60335570689205,30699155,US_STOCKS
2023-07-21,TSM,169.3962849503149,174.7565726690923,167.11364554648947,170.93975659114116,170.93975659114116,67401848,US_STOCKS
2023-07-24,TSM,177.73000183259245,178.51665674996653,177.10210395750804,177.2209036381219,177.2209036381219,81062824,US_STOCKS
2023-07-25,TSM,175.82871338293194,177.47869641774102,175.3221089144726,175.85988090407528,175.85988090407528,7209437,US_STOCKS
2023-07-26,TSM,180.74796507255257,185.67282954686476,176.29913495207475,181.29596213420538,181.29596213420538,89778385,US_STOCKS
2023-07-27,TSM,187.67611030219075,191.18093807919814,183.16906240095446,186.11276001094754,186.11276001094754,22722148,US_STOCKS
2023-07-28,TSM,183.66116412811292,183.74340545832104,181.1093158883259,182.57285978853852,182.57285978853852,24092177,US_STOCKS
2023-07-31,TSM,186.58397399342007,188.32897724056494,185.66544824883283,186.52808121315329,186.52808121315329,45864167,US_STOCKS
2023-08-01,TSM,185.6624678617321,187.43868179556495,179.42845719594217,184.2843627174329,184.2843627174329,20391346,US_STOCKS
2023-08-02,TSM,176.40573983195688,180.65505012351483,175.12011497270043,177.5885725196819,177.5885725196819,66357091,US_STOCKS
2023-08-03,TSM,177.29669253039742,180.23080501368295,171.2756509343967,176.25808544823465,176.25808544823465,40427384,US_STOCKS
2023-08-04,TSM,176.79177941293048,180.77524435879567,177.2452563574436,177.836080028993,177.836080028993,29596261,US_STOCKS
2023-08-07,TSM,175.33770615856562,178.46632624462026,175.77963902816782,176.3680906777135,176.3680906777135,4152332,US_STOCKS
2023-08-08,TSM,176.01161404989705,178.67364216160271,171.7326989083767,175.4613881756968,175.4613881756968,66378257,US_STOCKS
2023-08-09,TSM,178.26404496789723,181.2186518900639,178.9518000676475,179.64988327814785,179.64988327814785,84454267,US_STOCKS
2023-08-10,TSM,181.10206663343695,181.3016943138005,178.36692346108148,180.2121657840048,180.2121657840048,96694884,US_STOCKS
2023-08-11,TSM,177.686914400158,181.61554432063983,175.94514582472004,177.35292564821572,177.35292564821572,21795239,US_STOCKS
2023-08-14,TSM,181.04263811217814,183.72455265839588,176.3427232002491,180.02042120978723,180.02042120978723,55710823,US_STOCKS
2023-08-15,TSM,181.14219630682408,184.90505302783245,179.44675249086646,180.91215440751677,180.91215440751677,35924078,US_STOCKS
2023-08-16,TSM,173.24748963008068,173.56274727377578,169.1508333869958,171.96928741798754,171.96928741798754,70561306,US_STOCKS
2023-08-17,TSM,175.35041186534548,175.88171457903817,171.38483333581652,173.61452761229944,173.61452761229944,84416249,US_STOCKS
2023-08-18,TSM,176.21885462541206,178.99009464514205,172.71466340084598,175.1486852598131,175.1486852598131,33069972,US_STOCKS
2023-08-21,TSM,175.77573190910832,180.00485533332883,170.7440314036068,175.39431773291352,175.39431773291352,11741336,US_STOCKS
2023-08-22,TSM,178.44162356688477,181.1890386419205,173.45676792859393,178.69769635142123,178.69769635142123,68121803,US_STOCKS
2023-08-23,TSM,176.14591975779777,176.61124598294862,173.48002897091595,176.47329035656023,176.47329035656023,10511521,US_STOCKS
2023-08-24,TSM,179.0269825508301,181.8522076424907,175.38055520659927,177.83742814566702,177.83742814566702,43491867,US_STOCKS
2023-08-25,TSM,173.8123434817339,173.9342549990594,171.1537401845455,172.4419850822696,172.4419850822696,93980545,US_STOCKS
2023-08-28,TSM,175.0947059604677,178.3025355322013,172.99939698939272,174.0184165437758,174.0184165437758,15186303,US_STOCKS
2023-08-29,TSM,179.2741257136452,182.27686494645422,176.78618455712112,180.989802072986,180.989802072986,24763803,US_STOCKS
2023-08-30,TSM,178.38325042487074,178.91155239787648,175.4638566908785,177.56961478857593,177.56961478857593,98333066,US_STOCKS
2023-08-31,TSM,174.15542081342338,177.02532609247965,173.46768021480344,175.04882896551234,175.04882896551234,11852873,US_STOCKS
2023-09-01,TSM,172.70321701808626,174.70055987301077,169.1371254775986,172.73813035796596,172.73813035796596,81941860,US_STOCKS
2023-09-04,TSM,173.51340409154525,173.52742863194104,170.14109045105715,173.3599814978203,173.3599814978203,6483682,US_STOCKS
2023-09-05,TSM,170.2428393129044,173.3381029323066,168.83987190397738,169.84758250744946,169.84758250744946,82115268,US_STOCKS
2023-09-06,TSM,172.8579847232433,175.63046052442505,169.87907271187646,171.44838706812214,171.44838706812214,59077658,US_STOCKS
2023-09-07,TSM,175.97152315882198,176.20252939732777,170.2301955321915,174.52362231030116,174.52362231030116,1938037,US_STOCKS
2023-09-08,TSM,174.8105149316792,180.58738541167446,172.52995990325363,176.56327015787886,176.56327015787886,79108741,US_STOCKS
2023-09-11,TSM,171.96143849890038,171.0981626316625,169.3085201957164,170.49508921707084,170.49508921707084,90468767,US_STOCKS
2023-09-12,TSM,172.93540935679135,177.62145279592983,171.28905239156813,174.05900830343114,174.05900830343114,9236174,US_STOCKS
2023-09-13,TSM,176.73391443017283,180.26713508254068,172.95754464812282,177.49621216255355,177.49621216255355,71046310,US_STOCKS
2023-09-14,TSM,181.0610108397691,183.30853286350467,179.0022628846786,180.6207183562188,180.6207183562188,12805246,US_STOCKS
2023-09-15,TSM,181.81696703789507,182.30403754007335,180.99489626186406,182.1481997702903,182.1481997702903,43815854,US_STOCKS
2023-09-18,TSM,182.83436901392898,183.37584769072583,179.8962081386931,183.132489713883,183.132489713883,55418741,US_STOCKS
2023-09-19,TSM,185.51819545795368,192.39078960501345,186.53907671560137,187.09690302025896,187.09690302025896,85628580,US_STOCKS
2023-09-20,TSM,192.53805631331363,199.6292932292006,194.3666144597478,194.48166825224527,194.48166825224527,76023391,US_STOCKS
2023-09-21,TSM,190.44091611121323,195.19847146689304,188.66754345967828,190.96917193595573,190.96917193595573,8019884,US_STOCKS
2023-09-22,TSM,196.3226783860433,195.69533766511643,189.87582269527712,195.27791538945274,195.27791538945274,6046429,US_STOCKS
2023-09-25,TSM,195.05577955624227,199.3691789408209,192.834365622717,195.13646740144574,195.13646740144574,22506113,US_STOCKS
2023-09-26,TSM,195.83507569480446,199.40954387251506,189.43258900194184,194.8255250430467,194.8255250430467,38240345,US_STOCKS
2023-09-27,TSM,189.05687831099888,191.09254300904502,187.57533228619315,189.03324259812103,189.03324259812103,75352263,US_STOCKS
2023-09-28,TSM,187.54220658941543,190.56221531515894,185.8671000659831,188.14558252995317,188.14558252995317,71553461,US_STOCKS
2023-09-29,TSM,186.12345177664344,188.27322536393325,181.96975103779712,184.5811081834096,184.5811081834096,78141306,US_STOCKS
2023-10-02,TSM,183.56941936010068,183.3861618009054,182.5279679032235,183.0533139989132,183.0533139989132,4753777,US_STOCKS
2023-10-03,TSM,179.06105021169793,183.65601453834952,177.5325503332952,179.2158341741307,179.2158341741307,39031858,US_STOCKS
2023-10-04,TSM,179.242006295386,182.24971217099514,174.23893247231624,177.78602018630352,177.78602018630352,27413574,US_STOCKS
2023-10-05,TSM,175.16779617262665,176.60483232470926,175.9531062759305,176.51979132385725,176.51979132385725,29967047,US_STOCKS
2023-10-06,TSM,177.22127035143868,177.37780747194665,176.31436990496903,177.03789427542858,177.03789427542858,18926989,US_STOCKS
2023-10-09,TSM,171.9501858252972,174.66568607979232,168.66384560834027,171.4974938616721,171.4974938616721,25799641,US_STOCKS
2023-10-10,TSM,166.28122142250913,167.19451355713377,165.57833278172805,166.710936562136,166.710936562136,89872817,US_STOCKS
2023-10-11,TSM,169.6969223361367,171.35019203092776,163.46123945805888,168.0843488392719,168.0843488392719,64631448,US_STOCKS
2023-10-12,TSM,164.02590686663098,170.52276600199963,165.080184843194,165.57169585516434,165.57169585516434,68581538,US_STOCKS
2023-10-13,TSM,168.45862756207134,171.2863211211814,166.01488938217798,169.29550194332478,169.29550194332478,44212247,US_STOCKS
2023-10-16,TSM,169.3782618415749,171.93549901273207,168.48331358172967,170.22754045849152,170.22754045849152,95973066,US_STOCKS
2023-10-17,TSM,173.49351760868302,174.83600863285852,171.4296659862501,172.46352056840882,172.46352056840882,81290594,US_STOCKS
2023-10-18,TSM,176.2848285047726,178.62256631441855,175.5528018168645,177.50184336934936,177.50184336934936,88154471,US_STOCKS
2023-10-19,TSM,175.27947923948426,177.2273833139339,173.9630793781096,176.57986041257703,176.57986041257703,28364643,US_STOCKS
2023-10-20,TSM,174.96775797277652,177.09498623928624,172.44760400602325,174.72758462796384,174.72758462796384,12085324,US_STOCKS
2023-10-23,TSM,176.67102841697266,182.3318135365582,173.21927624512108,177.94852195850444,177.94852195850444,24233669,US_STOCKS
2023-10-24,TSM,178.54873728216833,180.22816777352577,176.65610540512486,179.9398141928449,179.9398141928449,71819968,US_STOCKS
2023-10-25,TSM,178.989116652631,183.1045355035516,175.60747091686812,179.44559038419908,179.44559038419908,93598885,US_STOCKS
2023-10-26,TSM,183.012205278973,185.6838762403583,184.23932021919592,184.6188559020874,184.6188559020874,86931399,US_STOCKS
2023-10-27,TSM,185.09662527236188,187.1921540977501,183.55791703365327,184.01978872490196,184.01978872490196,28057923,US_STOCKS
2023-10-30,TSM,183.57872500285006,187.42518854453505,182.89751467214114,184.32442847080208,184.32442847080208,8223026,US_STOCKS
2023-10-31,TSM,185.43890433288823,186.24317943975913,182.08191832882895,184.58698995898607,184.58698995898607,13638996,US_STOCKS
2020-01-01,SMH,151.11759572097867,155.38129415898052,150.62334793752274,151.0294716759689,151.0294716759689,68621939,US_ETFS
2020-01-02,SMH,156.70422569133297,156.6688293416282,151.25604508188022,155.26872263301993,155.26872263301993,93432096,US_ETFS
2020-01-03,SMH,156.15911017188765,156.4696012608888,153.83418640056465,155.39120967246276,155.39120967246276,4545120,US_ETFS
2020-01-06,SMH,159.50641675553857,162.49478141843005,155.44829929275826,158.4560016707514,158.4560016707514,35900257,US_ETFS
2020-01-07,SMH,159.4734589110892,164.46826307015277,157.3292092865588,160.83472858125145,160.83472858125145,91347649,US_ETFS
2020-01-08,SMH,162.13681221397533,165.40504770234773,157.78093992075674,161.3926885605881,161.3926885605881,63438031,US_ETFS
2020-01-09,SMH,157.80645062077016,162.31433656185428,154.95097199098066,158.03729128546743,158.03729128546743,40437176,US_ETFS
2020-01-10,SMH,152.3808927570584,155.00108292759185,151.15449557050738,153.66098310900696,153.66098310900696,28287901,US_ETFS
2020-01-13,SMH,153.28257199675684,156.5807626620956,153.35666536416275,154.1419585858858,154.1419585858858,80240596,US_ETFS
2020-01-14,SMH,152.5753377538,155.2505940264462,151.94823083377517,152.62305336323593,152.62305336323593,33133057,US_ETFS
2020-01-15,SMH,155.3019171378682,159.35397853257646,151.98700361745892,155.58168510960758,155.58168510960758,23074770,US_ETFS
2020-01-16,SMH,158.42535996925042,159.2125065469359,153.37208506813863,158.05809907343243,158.05809907343243,95260263,US_ETFS
2020-01-17,SMH,157.83202352767398,160.93766621331193,153.8426259447665,157.63257191553035,157.63257191553035,72378843,US_ETFS
2020-01-20,SMH,154.75637241702898,158.57289436965044,151.3822007767979,154.14033917263166,154.14033917263166,63993964,US_ETFS
2020-01-21,SMH,156.95778179593975,159.0014346876475,152.44173475495734,155.86897852868398,155.86897852868398,24182699,US_ETFS
2020-01-22,SMH,152.45797179228356,153.52696970539822,150.53230231198708,152.85151269995416,152.85151269995416,46117012,US_ETFS
2020-01-23,SMH,152.18402375693023,153.44872947725548,147.13053699050124,150.68571705368763,150.68571705368763,34067452,US_ETFS
2020-01-24,SMH,148.86533330777274,150.6135736208197,144.79248796710183,147.88472351460896,147.88472351460896,30148647,US_ETFS
2020-01-27,SMH,147.76656740284477,150.43091706053698,145.01404745839068,147.62296453140195,147.62296453140195,91604177,US_ETFS
2020-01-28,SMH,152.43011264163138,155.63066016706395,148.19756805157232,151.2255327244817,151.2255327244817,97219498,US_ETFS
2020-01-29,SMH,152.367999547947,152.59131896005226,149.4205928135533,151.3615120915072,151.3615120915072,24600851,US_ETFS
2020-01-30,SMH,148.68204293764936,151.01833349157735,150.15285508693964,150.1711485741372,150.1711485741372,72264007,US_ETFS
2020-01-31,SMH,145.5222012799953,147.10588501119526,142.4088737909529,145.7392527961764,145.7392527961764,83416190,US_ETFS
2020-02-03,SMH,148.89639614962664,150.33511718393603,145.4521295884865,147.4943165375511,147.4943165375511,31221165,US_ETFS
2020-02-04,SMH,144.53254217805855,146.2681038257298,143.55556207231342,145.33970597460467,145.33970597460467,99186849,US_ETFS
2020-02-05,SMH,144.3708685895022,146.6893814371192,145.00246370676305,145.82664520488473,145.82664520488473,71994829,US_ETFS
2020-02-06,SMH,144.51176615435043,146.92763454896942,144.2931369146836,144.9393816015248,144.9393816015248,41094706,US_ETFS
2020-02-07,SMH,146.34334693309376,149.87295946752772,147.08060028475515,147.51401874075088,147.51401874075088,79260329,US_ETFS
2020-02-10,SMH,147.39371363247668,150.39463222016462,145.34950256883832,147.19764131788307,147.19764131788307,38767638,US_ETFS
2020-02-11,SMH,145.9887196460626,149.48425885531407,144.89976301212818,147.17136255125584,147.17136255125584,47342102,US_ETFS
2020-02-12,SMH,149.46382923945515,152.4633036148903,145.3979347763056,148.7482953047352,148.7482953047352,15242708,US_ETFS
2020-02-13,SMH,155.54390637364313,155.53901913557533,151.93168431572286,155.1651188084539,155.1651188084539,38802070,US_ETFS
2020-02-14,SMH,156.91553118255942,162.16552622936143,155.16557808035645,158.0774033973442,158.0774033973442,36117771,US_ETFS
2020-02-17,SMH,156.47286530034452,160.501479210176,153.58049437952243,157.9553483364068,157.9553483364068,60041603,US_ETFS
2020-02-18,SMH,159.6149864845834,158.77068994834,155.42753630743428,158.12340647917546,158.12340647917546,80014379,US_ETFS
2020-02-19,SMH,156.70168321348444,157.04956753594817,153.88290105055208,156.6216785698682,156.6216785698682,61562052,US_ETFS
2020-02-20,SMH,154.50602290612014,157.31478887731313,150.24609878074776,153.80250181404972,153.80250181404972,66680994,US_ETFS
2020-02-21,SMH,151.39062611063608,154.1024349992702,148.71090152916003,152.25601523725405,152.25601523725405,95389271,US_ETFS
2020-02-24,SMH,148.7933457871505,152.46781533784042,148.650100273601,150.0569847648042,150.0569847648042,23313995,US_ETFS
2020-02-25,SMH,152.18557553102252,154.93471165298428,152.12328094630746,152.1678915418303,152.1678915418303,78240450,US_ETFS
2020-02-26,SMH,150.0136629770799,153.37760235363666,148.25222736456638,149.06003017432465,149.06003017432465,59860703,US_ETFS
2020-02-27,SMH,152.95886246026322,154.7223629910672,150.58428429363002,153.18365833465973,153.18365833465973,78455926,US_ETFS
2020-02-28,SMH,154.15621675913943,160.16721451847042,151.8593461701546,155.64086631859604,155.64086631859604,75364216,US_ETFS
2020-03-02,SMH,156.67200656524568,157.67949918646136,152.34589061608014,155.86032532331092,155.86032532331092,39290250,US_ETFS
2020-03-03,SMH,157.26128112094744,156.846670914417,154.6488422154701,156.01717882636618,156.01717882636618,55582416,US_ETFS
2020-03-04,SMH,153.87588655555453,156.39979014339485,152.15287844443094,154.43428685041803,154.43428685041803,85778981,US_ETFS
2020-03-05,SMH,155.49501916518133,157.11296412420558,154.2678106141964,155.42292700638657,155.42292700638657,41458921,US_ETFS
2020-03-06,SMH,159.0106686677551,162.51872710497986,158.38338051427235,158.96064024310232,158.96064024310232,22939309,US_ETFS
2020-03-09,SMH,156.50650938597113,158.580340419811,155.04034527211618,156.88411685472025,156.88411685472025,79558605,US_ETFS
2020-03-10,SMH,151.69432523565987,154.5218180370173,149.38038821591647,152.2297036983344,152.2297036983344,23985676,US_ETFS
2020-03-11,SMH,155.198816650155,157.05918514612142,152.4518092670535,154.52294753347476,154.52294753347476,81168618,US_ETFS
2020-03-12,SMH,154.88125750903586,159.8046928835328,153.059589707053,155.6799102094026,155.6799102094026,61308313,US_ETFS
2020-03-13,SMH,153.4905288628434,156.08444741385793,149.59834247283933,152.34774114311114,152.34774114311114,75565582,US_ETFS
2020-03-16,SMH,150.06508293545357,152.73303791125645,149.98566854579212,150.26547850960193,150.26547850960193,9895933,US_ETFS
2020-03-17,SMH,148.8078743370269,148.09851444462905,147.08258184357692,147.83386969151576,147.83386969151576,79787433,US_ETFS
2020-03-18,SMH,144.38444292367768,147.0750665246155,143.28421828605326,145.8394953802531,145.8394953802531,59949543,US_ETFS
2020-03-19,SMH,145.84519220568512,147.24262512515892,142.82469222220746,145.04122028538023,145.04122028538023,72805746,US_ETFS
2020-03-20,SMH,144.40908167090438,147.0492762749955,140.52354571454612,144.41305458013244,144.41305458013244,40743649,US_ETFS
2020-03-23,SMH,142.3500035860257,142.6929965132617,140.0521362546036,142.67780564211648,142.67780564211648,3947418,US_ETFS
2020-03-24,SMH,140.6686907301794,144.05065430130892,138.33651266829412,140.6570204460887,140.6570204460887,27693980,US_ETFS
2020-03-25,SMH,140.95622839168232,141.2881331001636,137.0719532479621,140.1540749837265,140.1540749837265,61415587,US_ETFS
2020-03-26,SMH,139.83522741016995,144.5865977005704,139.9169781780597,140.76428209772712,140.76428209772712,98969120,US_ETFS
2020-03-27,SMH,138.63490696973278,141.121326724163,139.17508060726226,140.01458128239693,140.01458128239693,2385347,US_ETFS
2020-03-30,SMH,144.0656288524199,146.38230261413554,139.99052655992654,143.3992014260564,143.3992014260564,26413156,US_ETFS
2020-03-31,SMH,144.83836029800227,147.86692770615383,143.0867978815205,144.99978807752908,144.99978807752908,70035251,US_ETFS
2020-04-01,SMH,140.9078908800361,141.01468991062268,137.238510493315,140.53134162343608,140.53134162343608,72346959,US_ETFS
2020-04-02,SMH,142.58689435369953,142.80524446686752,141.0010546536458,142.1438762754406,142.1438762754406,39924526,US_ETFS
2020-04-03,SMH,143.3736717971846,144.99169929501784,140.52818100799826,144.00750753051568,144.00750753051568,64184992,US_ETFS
2020-04-06,SMH,143.0865316375264,143.8680683468953,138.96363499751953,142.89941305412773,142.89941305412773,19927120,US_ETFS
2020-04-07,SMH,139.58765656091572,142.7933828973867,135.7421161798521,138.76905531467048,138.76905531467048,99293018,US_ETFS
2020-04-08,SMH,139.34992397785518,139.83656705537567,138.08071213320054,138.93021270164382,138.93021270164382,33131864,US_ETFS
2020-04-09,SMH,137.67707464794088,141.89138223640373,137.9269943066477,139.04772362254405,139.04772362254405,81703139,US_ETFS
2020-04-10,SMH,135.68428365253166,138.02671898225552,132.12555722664322,136.0675242281719,136.0675242281719,24975040,US_ETFS
2020-04-13,SMH,132.83955181976364,135.25034322847594,131.37747683262666,132.25431563502335,132.25431563502335,50598686,US_ETFS
2020-04-14,SMH,131.75905202224317,135.2153209636274,129.6870550850669,132.15498326330598,132.15498326330598,48122322,US_ETFS
2020-04-15,SMH,132.40677332173934,132.59998771905316,128.69418551916843,131.6710919982786,131.6710919982786,86672056,US_ETFS
2020-04-16,SMH,131.69367395792855,133.77680385555337,129.10405574276876,130.70392736417566,130.70392736417566,98198994,US_ETFS
2020-04-17,SMH,130.30204772827827,133.11904121912926,129.98542028738046,130.6165890792257,130.6165890792257,98064440,US_ETFS
2020-04-20,SMH,128.38804675921517,130.75633786203946,127.61406901480098,127.86638789899357,127.86638789899357,76578363,US_ETFS
2020-04-21,SMH,127.57942614032316,129.4393570273304,125.7711307830433,126.88227546386823,126.88227546386823,49479314,US_ETFS
2020-04-22,SMH,127.36243487706729,130.17857112634982,127.42361208163237,128.3625476082558,128.3625476082558,35560601,US_ETFS
2020-04-23,SMH,126.73145632928225,128.4730451402959,127.29936171775249,127.59244913385292,127.59244913385292,92070235,US_ETFS
2020-04-24,SMH,123.52850640068301,124.92279493202562,121.47188474296713,123.4534203317789,123.4534203317789,63201029,US_ETFS
2020-04-27,SMH,123.44260585532683,123.0659770476394,121.3244088332727,122.40976418312279,122.40976418312279,97603144,US_ETFS
2020-04-28,SMH,119.60330635334066,119.99337957105158,119.38108928814893,119.91221704417694,119.91221704417694,3607531,US_ETFS
2020-04-29,SMH,121.8551951963387,121.68235105239586,117.32939301034097,120.67278737245505,120.67278737245505,99592741,US_ETFS
2020-04-30,SMH,121.80570001120782,121.68402339325462,121.26540452018358,121.56296012351774,121.56296012351774,48677316,US_ETFS
2020-05-01,SMH,117.43083173292125,119.79114412727833,116.1026774443678,117.65161201157655,117.65161201157655,93473608,US_ETFS
2020-05-04,SMH,119.63831191829846,122.04340330413372,116.33986010531541,119.55524561412192,119.55524561412192,15540315,US_ETFS
2020-05-05,SMH,116.38294232768905,117.39218496131504,116.52525124137337,117.01544673137565,117.01544673137565,51745812,US_ETFS
2020-05-06,SMH,120.34946592541078,122.31477304946496,117.22143460542472,120.78143042323585,120.78143042323585,16513730,US_ETFS
2020-05-07,SMH,120.88297573239136,121.14264926792907,119.6303050595836,120.78438651371735,120.78438651371735,53225066,US_ETFS
2020-05-08,SMH,118.94737992224263,119.27798042538967,117.66470958500916,117.8942734187163,117.8942734187163,39427983,US_ETFS
2020-05-11,SMH,114.50243635466778,116.11516391504684,113.18115836899725,115.31949533096285,115.31949533096285,7674962,US_ETFS
2020-05-12,SMH,116.15564973447589,118.36292992115156,114.7665833440021,116.23765829381382,116.23765829381382,2893508,US_ETFS
2020-05-13,SMH,116.56522836616777,116.71566209981006,112.74775320572708,115.44422029425935,115.44422029425935,33239002,US_ETFS
2020-05-14,SMH,115.27887221282356,116.68062293844059,114.15128351593988,115.33650180986845,115.33650180986845,3163286,US_ETFS
2020-05-15,SMH,118.83845497701687,122.35215826963613,116.70381846762787,119.17208691622596,119.17208691622596,15396863,US_ETFS
2020-05-18,SMH,117.83909302823521,120.77310183436028,115.15441371166524,117.62465151518293,117.62465151518293,15719754,US_ETFS
2020-05-19,SMH,118.75056482503614,118.94974882007735,116.27749801851236,117.88333837150437,117.88333837150437,53088133,US_ETFS
2020-05-20,SMH,122.19941258186127,124.74022379633378,117.96437565972829,121.34874187267413,121.34874187267413,1787463,US_ETFS
2020-05-21,SMH,123.15709630803235,122.32588290261135,121.15287886083,122.12662001269582,122.12662001269582,51983797,US_ETFS
2020-05-22,SMH,118.27706171397297,120.47112814013838,116.62265936909341,118.32456739726003,118.32456739726003,93503192,US_ETFS
2020-05-25,SMH,119.01808172851996,120.62241100074665,116.33420873104026,119.63889068826796,119.63889068826796,8597211,US_ETFS
2020-05-26,SMH,117.23204126872531,119.36811880262826,115.2016388983503,116.97572214350629,116.97572214350629,69728956,US_ETFS
2020-05-27,SMH,119.59604266748255,123.46324133650249,119.87823905299824,120.38394439745899,120.38394439745899,40680431,US_ETFS
2020-05-28,SMH,117.51629143323416,120.46173104606358,116.14171635231892,118.5231273817255,118.5231273817255,94180941,US_ETFS
2020-05-29,SMH,126.28236068955019,127.72094838108991,122.16440107259214,125.68076158206293,125.68076158206293,48365246,US_ETFS
2020-06-01,SMH,129.65337732923274,131.810611857553,127.90215295022016,129.49486097845008,129.49486097845008,84009786,US_ETFS
2020-06-02,SMH,126.75802438940887,129.68450141447397,124.79734269329126,127.56121116027529,127.56121116027529,90493641,US_ETFS
2020-06-03,SMH,128.7206655053788,129.68942404981044,125.27511200248193,127.73983207555419,127.73983207555419,40029535,US_ETFS
2020-06-04,SMH,129.71037372765545,133.32178791815997,126.16901444995088,129.79297978724094,129.79297978724094,89645991,US_ETFS
2020-06-05,SMH,131.00265507725766,135.3222826009374,128.2027470535762,131.95704532885551,131.95704532885551,36763719,US_ETFS
2020-06-08,SMH,133.30608483668885,136.37097273218137,131.00937498549501,133.2563900923499,133.2563900923499,99354868,US_ETFS
2020-06-09,SMH,136.60570693773488,139.65526363435072,133.47575658901033,136.72681034419458,136.72681034419458,49915941,US_ETFS
2020-06-10,SMH,137.50203463560305,138.76422404517535,134.8412272823742,136.5272741176447,136.5272741176447,11674543,US_ETFS
2020-06-11,SMH,135.37326658531887,138.64949091316302,131.91294263078694,135.66246211853309,135.66246211853309,25916260,US_ETFS
2020-06-12,SMH,134.46654606263223,135.4798776437846,132.06253168802843,134.8569961282095,134.8569961282095,96058654,US_ETFS
2020-06-15,SMH,137.69408038221812,139.8488737579688,135.027064483216,137.3070058367502,137.3070058367502,9757118,US_ETFS
2020-06-16,SMH,139.0826341661638,140.94771247185005,135.69976392128618,138.44715114723306,138.44715114723306,89982298,US_ETFS
2020-06-17,SMH,140.18378424293468,142.6577497614836,135.51488210898768,139.39214617219108,139.39214617219108,99003560,US_ETFS
2020-06-18,SMH,141.9789606423306,142.21154075167172,139.79609685575906,141.74852649263508,141.74852649263508,78972513,US_ETFS
2020-06-19,SMH,134.7903006738918,136.30783166010343,135.80144581790307,136.0756018876786,136.0756018876786,73372540,US_ETFS
2020-06-22,SMH,137.05873138427768,138.57231866025344,136.62127151164015,137.05553352627462,137.05553352627462,73491784,US_ETFS
2020-06-23,SMH,137.29847084407885,138.8884942974522,135.09518521468058,137.7917105733375,137.7917105733375,56342078,US_ETFS
2020-06-24,SMH,142.136252698147,145.27136733964386,141.3687571125676,142.5284606867315,142.5284606867315,79688195,US_ETFS
2020-06-25,SMH,137.56486566156298,138.97272591496494,135.06698194290385,138.3136433046927,138.3136433046927,71081311,US_ETFS
2020-06-26,SMH,141.85343367229996,143.25741585202888,139.16887552535616,142.75956007658527,142.75956007658527,77883249,US_ETFS
2020-06-29,SMH,142.62317682251773,145.9436166552458,142.5845417796449,143.11762711808274,143.11762711808274,51197718,US_ETFS
2020-06-30,SMH,143.26799175252793,146.35988377427455,144.33560138512695,144.66040517147385,144.66040517147385,48039570,US_ETFS
2020-07-01,SMH,149.4194345362465,151.64896526246187,149.4503272808811,149.6538473936465,149.6538473936465,36800017,US_ETFS
2020-07-02,SMH,152.25895609588645,153.1584184036696,148.23183461784615,151.48190286556763,151.48190286556763,37578393,US_ETFS
2020-07-03,SMH,152.61170434241984,155.43202141001834,148.4871076888635,152.8463557751296,152.8463557751296,11777184,US_ETFS
2020-07-06,SMH,152.30367310976436,156.54388635371834,149.3624467736579,153.73986862663114,153.73986862663114,98982590,US_ETFS
2020-07-07,SMH,152.35874160159958,154.54717882206225,149.45810117722883,152.4070111961001,152.4070111961001,56007840,US_ETFS
2020-07-08,SMH,152.8814744010502,156.47040776408383,149.05884256128917,152.47257936093175,152.47257936093175,50190861,US_ETFS
2020-07-09,SMH,150.32838579661427,153.3298410776326,148.38639400083068,150.44313039996447,150.44313039996447,46320155,US_ETFS
2020-07-10,SMH,149.00395062397178,151.2451658299464,148.25443263719185,150.45947785312862,150.45947785312862,82442692,US_ETFS
2020-07-13,SMH,142.9452685386961,145.8319240426167,142.09478235987334,143.58067907138164,143.58067907138164,11375594,US_ETFS
2020-07-14,SMH,146.28496060734892,148.67300634496885,144.6149564671491,144.95629559964985,144.95629559964985,72258938,US_ETFS
2020-07-15,SMH,144.30706921196264,149.06840542309513,143.4351699344441,144.7483202683505,144.7483202683505,24635106,US_ETFS
2020-07-16,SMH,144.1151859076446,147.5255050277336,143.08855191264186,143.91977006560975,143.91977006560975,71230874,US_ETFS
2020-07-17,SMH,143.42698412339286,148.68523257150906,144.3443034269437,144.69624049388983,144.69624049388983,91508906,US_ETFS
2020-07-20,SMH,140.66644354487556,142.5835997508005,136.58420587503073,140.6923105311683,140.6923105311683,99048033,US_ETFS
2020-07-21,SMH,146.70097798671182,146.81945231573607,144.04067342098423,146.26167191096158,146.26167191096158,53387146,US_ETFS
2020-07-22,SMH,146.1495293446249,148.60352246742448,146.02524023859908,146.1073147681681,146.1073147681681,71411500,US_ETFS
2020-07-23,SMH,146.4467008244129,146.33240248343358,143.3325499358135,145.8272433134272,145.8272433134272,57267757,US_ETFS
2020-07-24,SMH,143.67983193134688,143.5242086693613,140.46679073472714,143.15744919616236,143.15744919616236,28794443,US_ETFS
2020-07-27,SMH,143.38924896445462,146.6952913526939,140.33413256702414,143.36916870593677,143.36916870593677,12771398,US_ETFS
2020-07-28,SMH,147.75845954786874,151.77751850561526,146.79582830385624,147.48948360458186,147.48948360458186,85437801,US_ETFS
2020-07-29,SMH,151.3031583991953,154.19180768117712,149.41803610791075,150.69270802392137,150.69270802392137,29501004,US_ETFS
2020-07-30,SMH,154.6643698388361,155.07469877753167,153.1285196042153,153.41855150309007,153.41855150309007,60459073,US_ETFS
2020-07-31,SMH,154.08359470073412,158.9586365081923,152.2596191145288,155.24852476874517,155.24852476874517,87597924,US_ETFS
2020-08-03,SMH,155.1694630109636,154.80945148122333,152.52664166142856,154.29050932409487,154.29050932409487,77681464,US_ETFS
2020-08-04,SMH,149.72194578776364,154.34463736638622,146.65970453734434,149.96987156051625,149.96987156051625,2534491,US_ETFS
2020-08-05,SMH,150.65313150065919,149.96900666179866,148.88652633425897,149.5168462561663,149.5168462561663,73714747,US_ETFS
2020-08-06,SMH,150.04834978810624,151.35788370985938,147.66931359197503,148.9610279524445,148.9610279524445,35780238,US_ETFS
2020-08-07,SMH,151.7562254021717,153.7265300447258,151.1252013889948,152.23457893728167,152.23457893728167,61277842,US_ETFS
2020-08-10,SMH,154.55668542712928,154.74134943836194,152.47004354586358,153.3288119909207,153.3288119909207,84019188,US_ETFS
2020-08-11,SMH,159.19251436175324,162.8504922979085,157.63973606579884,158.426417025566,158.426417025566,15280880,US_ETFS
2020-08-12,SMH,162.51366519077774,165.37225570092144,160.04001559364943,162.37911981914004,162.37911981914004,60297696,US_ETFS
2020-08-13,SMH,160.02943758961615,163.37637506496216,157.87924010156541,161.05899183350763,161.05899183350763,43837938,US_ETFS
2020-08-14,SMH,155.99547417757023,157.5415797747952,153.88199913809308,155.4376168529713,155.4376168529713,31056899,US_ETFS
2020-08-17,SMH,159.61552867305133,160.01122595842193,156.6935403071454,159.90046471651152,159.90046471651152,84665458,US_ETFS
2020-08-18,SMH,163.92968328275498,164.6347378094207,159.5406868121665,164.40769175969513,164.40769175969513,27106127,US_ETFS
2020-08-19,SMH,158.88437735362754,161.85548263484256,156.5329439882873,160.0797855691433,160.0797855691433,30097743,US_ETFS
2020-08-20,SMH,165.31846963872144,167.1297593385665,164.48865615680347,165.07184172963954,165.07184172963954,33698414,US_ETFS
2020-08-21,SMH,167.24726108326843,169.55538026914428,165.90016183828052,166.49844927349366,166.49844927349366,17168918,US_ETFS
2020-08-24,SMH,167.67063787309195,171.28011778716623,165.447061109412,167.20002544794036,167.20002544794036,59935764,US_ETFS
2020-08-25,SMH,171.62902271031663,174.3809287398587,172.66200078134705,172.7670614974495,172.7670614974495,77059318,US_ETFS
2020-08-26,SMH,177.23458893056508,181.93415323980668,173.81225716101778,177.58617467931177,177.58617467931177,83045682,US_ETFS
2020-08-27,SMH,179.3051489588859,181.0771236451788,174.82656935217463,180.07710829829236,180.07710829829236,72015450,US_ETFS
2020-08-28,SMH,183.17715324291117,182.0331896728461,180.02654561503604,181.96149662276716,181.96149662276716,74538852,US_ETFS
2020-08-31,SMH,182.83037196514124,187.52495609000988,182.01319985414136,184.38665867168257,184.38665867168257,2744034,US_ETFS
2020-09-01,SMH,182.1289053170655,184.66006626189682,182.48130786969472,183.09574026014693,183.09574026014693,63522154,US_ETFS
2020-09-02,SMH,182.1338384007275,184.60183203273306,178.1436527556732,183.07705918584415,183.07705918584415,47245186,US_ETFS
2020-09-03,SMH,179.56802050768954,183.8642186707614,175.04554378316033,179.95626482270782,179.95626482270782,3478597,US_ETFS
2020-09-04,SMH,178.7523289064097,182.2163211411301,177.2274820134218,178.93756920594316,178.93756920594316,77468364,US_ETFS
2020-09-07,SMH,179.48102937029165,182.8367818106977,176.3856291777683,177.8044152743978,177.8044152743978,23407489,US_ETFS
2020-09-08,SMH,177.33085002789966,178.14076514870843,174.6249365599678,175.7230176943469,175.7230176943469,70992699,US_ETFS
2020-09-09,SMH,175.61885489373375,177.793436153367,171.72689013743855,176.37933087413197,176.37933087413197,17085436,US_ETFS
2020-09-10,SMH,173.8846182867518,176.829402428065,172.2188591396391,175.4128396917541,175.4128396917541,13185697,US_ETFS
2020-09-11,SMH,177.24946707829088,180.68797215462445,172.83451010751742,177.35022090122052,177.35022090122052,23757089,US_ETFS
2020-09-14,SMH,172.8634245627476,172.98371069338575,168.28568225348036,171.7731927393167,171.7731927393167,43636683,US_ETFS
2020-09-15,SMH,170.23346828623602,175.23161524829405,170.43478812801405,171.55553963413362,171.55553963413362,18485719,US_ETFS
2020-09-16,SMH,171.69058861701185,175.55293874159585,170.9697888012167,172.17846342617588,172.17846342617588,19182492,US_ETFS
2020-09-17,SMH,169.60225623260342,173.7044731803409,169.07840373663066,171.28096858539493,171.28096858539493,24152906,US_ETFS
2020-09-18,SMH,169.33642280080056,173.06199940746274,166.821475877629,170.86169778197282,170.86169778197282,71812931,US_ETFS
2020-09-21,SMH,166.81046680542084,165.6630142044652,160.81378524572773,165.61540298384674,165.61540298384674,34799813,US_ETFS
2020-09-22,SMH,168.59933415625488,168.22711422069125,164.59992373028598,166.96178037371763,166.96178037371763,36038839,US_ETFS
2020-09-23,SMH,168.80288213033418,173.56898081924948,165.50038522586718,169.2912511106927,169.2912511106927,99222992,US_ETFS
2020-09-24,SMH,171.52009220679514,173.5099082282123,170.66913882558384,171.13157328191426,171.13157328191426,99659580,US_ETFS
2020-09-25,SMH,175.0380955925072,178.53240503348889,172.72422136889847,174.85788477305292,174.85788477305292,55223855,US_ETFS
2020-09-28,SMH,177.29307376046404,176.61490766593033,174.19609845253373,175.7375234695515,175.7375234695515,16053913,US_ETFS
2020-09-29,SMH,178.63363169161568,177.92627505206866,177.160782983035,177.59570589740255,177.59570589740255,30550917,US_ETFS
2020-09-30,SMH,178.3783254207073,180.5012242977048,178.08796278252126,178.3277225009058,178.3277225009058,95791664,US_ETFS
2020-10-01,SMH,182.59724670461833,182.47479213696678,176.98696972557497,180.95823730198248,180.95823730198248,58278965,US_ETFS
2020-10-02,SMH,174.5098474318141,176.8107317096135,172.84603772796765,175.43094164378616,175.43094164378616,42504457,US_ETFS
2020-10-05,SMH,171.75099926744846,176.6493108810146,169.9799838593664,172.47113757248297,172.47113757248297,65829958,US_ETFS
2020-10-06,SMH,177.010579966421,180.96830796748378,176.41838355514432,178.11749649129302,178.11749649129302,53114947,US_ETFS
2020-10-07,SMH,170.48285250301709,173.44131200469334,167.72914243060453,169.53068060959885,169.53068060959885,69733434,US_ETFS
2020-10-08,SMH,170.71846724273354,172.40128740159344,168.47148134619565,169.22492209321376,169.22492209321376,68291154,US_ETFS
2020-10-09,SMH,171.99182076728042,177.89742633734534,170.674635381549,173.361709789537,173.361709789537,39128932,US_ETFS
2020-10-12,SMH,171.67708198176413,175.19040104122968,168.51833565404348,173.21171493063792,173.21171493063792,3077316,US_ETFS
2020-10-13,SMH,171.8946722541544,176.7861427887692,169.94470855548337,171.98187340053119,171.98187340053119,43389393,US_ETFS
2020-10-14,SMH,172.87020669175598,174.99609481062149,171.7260043277892,172.5990189226784,172.5990189226784,2836998,US_ETFS
2020-10-15,SMH,171.9294236363441,176.2916584239013,171.00524252963135,171.55265400899663,171.55265400899663,21884319,US_ETFS
2020-10-16,SMH,171.38408342381388,175.99903951025252,170.44204247737696,171.83005291015132,171.83005291015132,88323386,US_ETFS
2020-10-19,SMH,168.14331699841352,174.44246896470324,166.79939594182835,169.6533749698005,169.6533749698005,66218990,US_ETFS
2020-10-20,SMH,173.12549363726035,177.6571059685892,172.71743423297846,173.5848354865338,173.5848354865338,5842270,US_ETFS
2020-10-21,SMH,178.3261429303449,183.27621603379487,174.65241155824353,178.6995644655591,178.6995644655591,52198441,US_ETFS
2020-10-22,SMH,178.6589178673956,179.09672054206163,173.90216220519983,178.4015281807193,178.4015281807193,78909008,US_ETFS
2020-10-23,SMH,174.176261223184,176.0612760307148,168.60903748947726,173.63289307974566,173.63289307974566,88024165,US_ETFS
2020-10-26,SMH,172.48420236424465,173.90575045287082,168.79863656312514,171.9873978691938,171.9873978691938,57968651,US_ETFS
2020-10-27,SMH,171.1637045932944,173.1045921374105,169.4321164196199,171.52651064929205,171.52651064929205,57817229,US_ETFS
2020-10-28,SMH,173.18302876246065,174.803673470378,169.47303491748477,173.43230355099675,173.43230355099675,53615282,US_ETFS
2020-10-29,SMH,168.6384452867419,171.98891657894896,165.593334624868,170.10929474846063,170.10929474846063,75768416,US_ETFS
2020-10-30,SMH,167.06987287957756,172.3815168278313,167.2772676352811,167.66257085178293,167.66257085178293,96162235,US_ETFS
2020-11-02,SMH,168.68038221023025,169.58891445082722,167.3361898665786,169.54265890555607,169.54265890555607,36538072,US_ETFS
2020-11-03,SMH,173.0310701390306,177.02866647138563,168.52631851976335,172.89590356153957,172.89590356153957,40721769,US_ETFS
2020-11-04,SMH,170.67956374608343,171.6791715491919,170.67557395101375,170.91937818333594,170.91937818333594,64480284,US_ETFS
2020-11-05,SMH,165.08213613709964,170.19904948986434,163.83955849833637,166.5328449646248,166.5328449646248,20659714,US_ETFS
2020-11-06,SMH,177.7780640099501,178.6128672779418,175.29956137589906,177.63764875480098,177.63764875480098,80156471,US_ETFS
2020-11-09,SMH,180.46062674165117,181.40381761799017,176.67650874020197,180.59817286227803,180.59817286227803,19490073,US_ETFS
2020-11-10,SMH,180.6722570797391,182.40019600377238,177.36668464056314,179.8143632046907,179.8143632046907,85292068,US_ETFS
2020-11-11,SMH,183.88345098615062,183.30026190081244,181.4924052268509,183.11946367618611,183.11946367618611,87221145,US_ETFS
2020-11-12,SMH,181.0853243851894,185.83770953242956,178.85435723366498,182.84677451417733,182.84677451417733,62563752,US_ETFS
2020-11-13,SMH,187.1709839628708,190.25448926436107,182.33505889027077,186.20075809208586,186.20075809208586,82332446,US_ETFS
2020-11-16,SMH,187.52536793705798,189.23787437479183,184.3334069075716,186.980541535391,186.980541535391,71955753,US_ETFS
2020-11-17,SMH,188.9200576240188,189.04014643122528,185.58457072428453,187.5088434558531,187.5088434558531,93143200,US_ETFS
2020-11-18,SMH,187.56445890002428,188.2758277378037,183.5416865759853,187.27040020431878,187.27040020431878,99085453,US_ETFS
2020-11-19,SMH,183.21424495506898,186.109203229717,180.90047357492045,182.03663697320522,182.03663697320522,87737838,US_ETFS
2020-11-20,SMH,189.37238270557287,194.32436380518828,187.40191667320204,189.27475916258743,189.27475916258743,7143054,US_ETFS
2020-11-23,SMH,185.81054051958688,187.40474500504476,181.9110310179299,185.89986180170834,185.89986180170834,95753548,US_ETFS
2020-11-24,SMH,181.72063571338558,185.84602589884295,178.56888055331922,181.02919776584594,181.02919776584594,77392432,US_ETFS
2020-11-25,SMH,181.67752195347066,184.28765223538576,177.69085673913068,180.43954988737343,180.43954988737343,62960744,US_ETFS
2020-11-26,SMH,177.86063585463427,178.4952574846663,172.84772383468186,177.15023861207618,177.15023861207618,95082129,US_ETFS
2020-11-27,SMH,177.02101713359568,180.86986911886626,173.2273749123218,177.14417018694726,177.14417018694726,66562507,US_ETFS
2020-11-30,SMH,179.92736781730443,184.5124791826556,177.33703670915074,179.7579814818953,179.7579814818953,7049192,US_ETFS
2020-12-01,SMH,184.78064451208365,187.22660293383976,178.8404355749722,183.5160122706214,183.5160122706214,14716196,US_ETFS
2020-12-02,SMH,184.93777767316698,191.92299825514448,185.86246968303146,186.68985094501957,186.68985094501957,81155580,US_ETFS
2020-12-03,SMH,186.9360031226153,189.68432147854747,185.00397166980144,185.7353727409254,185.7353727409254,67072463,US_ETFS
2020-12-04,SMH,187.5535489639171,188.4811384258494,183.79659656040812,186.10532724557888,186.10532724557888,44842972,US_ETFS
2020-12-07,SMH,186.2405348597649,192.83553086669463,182.91237522893084,187.80960185770235,187.80960185770235,99793022,US_ETFS
2020-12-08,SMH,181.703859954507,185.48269258281402,180.29191528947328,181.3948243347393,181.3948243347393,67085353,US_ETFS
2020-12-09,SMH,184.1961988857329,188.611349299301,179.0690825603437,183.64624138800067,183.64624138800067,93908179,US_ETFS
2020-12-10,SMH,179.79390521385207,183.12860208268796,178.13614180518115,178.47733689454506,178.47733689454506,84750233,US_ETFS
2020-12-11,SMH,186.33861512424713,188.06110976953028,185.6236787195542,185.9389267777331,185.9389267777331,68089703,US_ETFS
2020-12-14,SMH,183.9862138973017,187.2113972221191,180.84473104044963,184.62056369043722,184.62056369043722,91265680,US_ETFS
2020-12-15,SMH,185.32095455483173,186.61150182597294,181.98056036259482,184.12254906560693,184.12254906560693,24738194,US_ETFS
2020-12-16,SMH,181.00924282863707,182.07681812759552,176.18540152672497,181.47226295176117,181.47226295176117,57817826,US_ETFS
2020-12-17,SMH,178.03210429680215,181.2657492393115,176.42366555087065,179.36729346926003,179.36729346926003,53755678,US_ETFS
2020-12-18,SMH,185.96085765258945,193.05893861156162,186.15394229741497,187.70462093459074,187.70462093459074,2602282,US_ETFS
2020-12-21,SMH,189.80099682982805,194.7544320894894,190.63130256026278,191.42256027435363,191.42256027435363,5130754,US_ETFS
2020-12-22,SMH,185.2359106412098,189.15202068075436,185.05993456331305,185.68293686595823,185.68293686595823,32019455,US_ETFS
2020-12-23,SMH,191.13985097791885,192.37063499417707,188.54804558452412,191.45475318424207,191.45475318424207,9436194,US_ETFS
2020-12-24,SMH,194.43564634663883,199.27523477699557,194.75601107790195,196.2152460429504,196.2152460429504,10442006,US_ETFS
2020-12-25,SMH,195.01068838763194,200.66992426129943,191.0646827078121,195.30789783942856,195.30789783942856,81745975,US_ETFS
2020-12-28,SMH,198.1643310879278,202.44072411719708,192.19726664572576,196.70121243770052,196.70121243770052,61232384,US_ETFS
2020-12-29,SMH,196.30933424457257,197.91175814232957,192.7842774517416,196.8391232793204,196.8391232793204,99500048,US_ETFS
2020-12-30,SMH,204.6678805228784,209.24790073066072,201.75970889657484,204.80158038239452,204.80158038239452,43761408,US_ETFS
2020-12-31,SMH,201.3828447445199,204.79891362786142,199.52417394843914,201.7447521798054,201.7447521798054,75128558,US_ETFS
2021-01-01,SMH,204.05170286469183,207.9001064886647,201.1521213162881,202.53563441768176,202.53563441768176,89695004,US_ETFS
2021-01-04,SMH,200.36689999545905,202.86903751959713,196.62145278694388,201.00387632738753,201.00387632738753,31164937,US_ETFS
2021-01-05,SMH,193.69654647876573,197.6345866375622,191.21376414867206,195.44394667847578,195.44394667847578,33368883,US_ETFS
2021-01-06,SMH,204.7353745820038,208.25025450501772,199.71123508406845,204.20623923034375,204.20623923034375,89815916,US_ETFS
2021-01-07,SMH,199.31559812748404,200.58129940196253,197.67519855553383,199.5847801191988,199.5847801191988,43784558,US_ETFS
2021-01-08,SMH,201.52145591649509,200.74204738252044,198.76205982918557,200.66305360896934,200.66305360896934,78204415,US_ETFS
2021-01-11,SMH,194.5403410982098,198.13387544170638,189.1560673536107,193.87783068067307,193.87783068067307,78540336,US_ETFS
2021-01-12,SMH,193.22578359652888,195.06365563212768,186.84329280811346,192.5242899026134,192.5242899026134,57338246,US_ETFS
2021-01-13,SMH,193.18631300332862,196.0487707020193,190.29795804262466,194.34159914666637,194.34159914666637,92549216,US_ETFS
2021-01-14,SMH,190.10092660927413,191.80299982362828,186.27042932658136,191.33033833687136,191.33033833687136,91612519,US_ETFS
2021-01-15,SMH,192.90052196485595,195.96029575225316,189.92944662946925,193.76712860796738,193.76712860796738,33663072,US_ETFS
2021-01-18,SMH,194.37348544483697,193.5408862538817,192.69844540952184,192.9182693395212,192.9182693395212,21640134,US_ETFS
2021-01-19,SMH,196.74188343950067,198.25659532313978,197.1978221611605,197.58720982052043,197.58720982052043,75805163,US_ETFS
2021-01-20,SMH,201.8019752140736,208.73646884582783,200.92317582890558,203.1661278165317,203.1661278165317,67389975,US_ETFS
2021-01-21,SMH,199.88135872131593,202.4342000307891,197.5199200780408,200.98516072326515,200.98516072326515,56503649,US_ETFS
2021-01-22,SMH,202.5775389136617,206.07544762730623,197.44039053676266,201.49458920554537,201.49458920554537,45463926,US_ETFS
2021-01-25,SMH,204.0169732105336,206.21634195578193,196.4218481110792,202.43538447477178,202.43538447477178,82117611,US_ETFS
2021-01-26,SMH,203.27572933794525,207.11843492053606,201.62585420852682,205.14538411415657,205.14538411415657,72425484,US_ETFS
2021-01-27,SMH,205.61632943564206,210.2538980959541,203.66773249399878,205.40953750114792,205.40953750114792,19207293,US_ETFS
2021-01-28,SMH,204.5549703992214,209.9462662139033,202.13263670002988,206.39636994237432,206.39636994237432,33288821,US_ETFS
2021-01-29,SMH,206.06505568538347,205.9197047296395,204.98556664747085,205.59800205595303,205.59800205595303,70473722,US_ETFS
2021-02-01,SMH,205.73317685933233,210.4318941845394,201.13050213798377,206.2774617861418,206.2774617861418,85409621,US_ETFS
2021-02-02,SMH,210.44950542894148,214.9288749575991,207.17423831557736,211.8384554213808,211.8384554213808,77624079,US_ETFS
2021-02-03,SMH,216.01049680476274,216.25782481499775,213.5469766556781,214.78759939464132,214.78759939464132,59411234,US_ETFS
2021-02-04,SMH,219.06601277593495,220.10212150063742,217.32998906329183,218.0148073011959,218.0148073011959,71957891,US_ETFS
2021-02-05,SMH,220.4987424489423,222.4905323163835,220.40450689578861,221.38562285612974,221.38562285612974,32176045,US_ETFS
2021-02-08,SMH,221.33548730166237,223.30139849164067,220.78904523818042,220.9259874371472,220.9259874371472,10593935,US_ETFS
2021-02-09,SMH,221.6231632638375,226.9602859468353,221.89790440602943,222.55565701307384,222.55565701307384,56505028,US_ETFS
2021-02-10,SMH,216.29107970444176,219.33161585671678,216.8221375886207,217.9479818509808,217.9479818509808,7655634,US_ETFS
2021-02-11,SMH,224.46312918477574,226.80646528882292,218.11949604036695,223.69661119385887,223.69661119385887,10790193,US_ETFS
2021-02-12,SMH,209.96696824649192,213.41372563474548,206.61081180669655,211.4695314490172,211.4695314490172,31270123,US_ETFS
2021-02-15,SMH,210.92537110230694,213.22439373814416,210.80384471799073,211.3124163865921,211.3124163865921,94003928,US_ETFS
2021-02-16,SMH,216.5554623090238,221.45876201584917,212.07246190420773,216.345438518526,216.345438518526,51911173,US_ETFS
2021-02-17,SMH,208.93168055641257,214.7224080050503,209.67854015190156,210.66045183339662,210.66045183339662,42023933,US_ETFS
2021-02-18,SMH,213.10434274123062,217.5434802003461,208.1871656958022,212.5554686468117,212.5554686468117,67481819,US_ETFS
2021-02-19,SMH,208.40087310511913,212.05331304954362,209.60382636946082,209.87401149362591,209.87401149362591,72228212,US_ETFS
2021-02-22,SMH,210.4234490563753,210.18813556148106,207.98720388059516,208.53584109077684,208.53584109077684,48081437,US_ETFS
2021-02-23,SMH,214.20694906232646,216.21160440998347,212.39115836753072,212.68962880885087,212.68962880885087,97452951,US_ETFS
2021-02-24,SMH,215.14975577986198,214.58863805454078,207.83392688698572,213.74481151865044,213.74481151865044,45618140,US_ETFS
2021-02-25,SMH,204.73600687233866,208.10099652412046,200.1227214303537,205.26189609931305,205.26189609931305,66288488,US_ETFS
2021-02-26,SMH,199.6828341758699,207.24623076001623,200.5655268645106,201.45869884171032,201.45869884171032,74811227,US_ETFS
2021-03-01,SMH,206.14972096526765,206.74657138984944,204.53693090738884,205.58995490224228,205.58995490224228,87162431,US_ETFS
2021-03-02,SMH,207.30801377860425,211.71902473875588,204.5015252327822,207.64150712088428,207.64150712088428,73007998,US_ETFS
2021-03-03,SMH,215.0195557463133,216.9633976943639,212.763849260158,215.1088587266166,215.1088587266166,86048691,US_ETFS
2021-03-04,SMH,222.4207297542985,223.98819346931953,216.3227578484938,222.56301565708895,222.56301565708895,79863445,US_ETFS
2021-03-05,SMH,219.29587117289918,227.89300472743324,216.64932712348727,221.26215650755756,221.26215650755756,16866393,US_ETFS
2021-03-08,SMH,231.33836439119838,237.3919259497807,227.1205976429384,232.56085456408354,232.56085456408354,24664558,US_ETFS
2021-03-09,SMH,231.77520123458996,235.05319500785626,228.72879083267622,232.90727567745176,232.90727567745176,18009801,US_ETFS
2021-03-10,SMH,226.84609002781306,233.31272188534993,223.3115718526573,228.65593283853698,228.65593283853698,50592011,US_ETFS
2021-03-11,SMH,225.37143806375855,228.9159580048883,223.3536262603019,225.98687847890616,225.98687847890616,96038505,US_ETFS
2021-03-12,SMH,217.17127853104375,217.36154679631449,213.52336388285565,216.01306011479832,216.01306011479832,54857216,US_ETFS
2021-03-15,SMH,223.67612024583406,226.30637854318863,217.74789210098382,223.17181504760464,223.17181504760464,76992995,US_ETFS
2021-03-16,SMH,230.5368847727384,236.42182055509974,225.3190260126992,230.5131054159292,230.5131054159292,78079603,US_ETFS
2021-03-17,SMH,228.12535926544214,227.86900345064177,224.24671178862775,226.06186305546842,226.06186305546842,89006273,US_ETFS
2021-03-18,SMH,226.48402720575422,231.5189488976014,224.83098951927053,225.25760598267019,225.25760598267019,63147950,US_ETFS
2021-03-19,SMH,224.30792435944716,229.32870687217695,224.85802966291715,225.91359011866652,225.91359011866652,13679772,US_ETFS
2021-03-22,SMH,219.63634278661328,225.9939836007048,219.41142714228678,221.80036759296829,221.80036759296829,11413640,US_ETFS
2021-03-23,SMH,213.47743007842405,215.32234228579364,208.1841596693741,214.2365224465791,214.2365224465791,32680483,US_ETFS
2021-03-24,SMH,212.8402507187688,218.92996936029354,209.3995970660183,213.54943333895844,213.54943333895844,71306989,US_ETFS
2021-03-25,SMH,212.9693691357619,218.42058204217463,211.07269868465838,212.39165616794102,212.39165616794102,98914884,US_ETFS
2021-03-26,SMH,212.35047321661511,214.68152789809736,206.76224056403916,210.95414168915195,210.95414168915195,65233761,US_ETFS
2021-03-29,SMH,210.23142814790455,213.4920234167718,205.9867770029846,212.10475334736856,212.10475334736856,53902078,US_ETFS
2021-03-30,SMH,217.84971111705096,223.37345841720028,214.94466699782836,218.38101639225334,218.38101639225334,2303114,US_ETFS
2021-03-31,SMH,218.30217681274016,222.0483938521799,216.19911990224472,217.27560348489817,217.27560348489817,95709348,US_ETFS
2021-04-01,SMH,217.02849107353532,221.23042915925083,217.48236414266557,218.23354119652225,218.23354119652225,60724949,US_ETFS
2021-04-02,SMH,221.07226407578588,223.97248021382416,216.12597953176353,221.62432530548335,221.62432530548335,1946609,US_ETFS
2021-04-05,SMH,225.63878288373772,228.14749545823986,217.66665926699284,224.30218067501275,224.30218067501275,59354878,US_ETFS
2021-04-06,SMH,219.79807938666968,222.10710078035393,215.89444296365872,221.7701521278542,221.7701521278542,84280200,US_ETFS
2021-04-07,SMH,221.7338529461386,226.54326597698162,219.15255528167592,222.41939366507495,222.41939366507495,96749241,US_ETFS
2021-04-08,SMH,227.10300389128014,231.72068277338064,219.22693924569128,225.07748255492976,225.07748255492976,91045607,US_ETFS
2021-04-09,SMH,218.97799485456235,225.71344045615635,215.54002636549873,220.22323046779638,220.22323046779638,96315864,US_ETFS
2021-04-12,SMH,226.33078237030807,226.58612208733066,221.9581467499191,226.00866655385798,226.00866655385798,68971511,US_ETFS
2021-04-13,SMH,231.40404736590435,235.4570781961272,228.5274504396871,232.7057052108266,232.7057052108266,38036467,US_ETFS
2021-04-14,SMH,229.0003328063013,230.49110813073935,223.09536511979869,229.574509134924,229.574509134924,75298944,US_ETFS
2021-04-15,SMH,228.39212151641357,235.99197368741343,225.5733447952744,230.69331763198758,230.69331763198758,1963365,US_ETFS
2021-04-16,SMH,233.2774387589177,238.14471612465147,230.7106168436874,233.88739698710614,233.88739698710614,78020625,US_ETFS
2021-04-19,SMH,231.22380804305257,232.63793588714066,224.78581005837012,231.5690388884323,231.5690388884323,24961959,US_ETFS
2021-04-20,SMH,235.05008064857185,235.03623610067774,231.72116907250788,234.0311450345478,234.0311450345478,44760733,US_ETFS
2021-04-21,SMH,233.58262418448135,238.20192492225723,233.92117808749487,235.02931420267205,235.02931420267205,56341647,US_ETFS
2021-04-22,SMH,229.11199260467467,228.79200025105575,222.3962040040695,228.3642674649531,228.3642674649531,19328947,US_ETFS
2021-04-23,SMH,229.42263100133934,235.26675141127168,227.445670500607,230.68975248385175,230.68975248385175,50440164,US_ETFS
2021-04-26,SMH,224.16502674789038,231.30374339040233,221.6638593242493,225.84461060220457,225.84461060220457,14402822,US_ETFS
2021-04-27,SMH,229.7323422555547,235.91216505906232,226.38575113592685,230.3127332590087,230.3127332590087,11756229,US_ETFS
2021-04-28,SMH,226.8725363785244,229.1073113704763,223.92033081903904,227.45127684611163,227.45127684611163,84492751,US_ETFS
2021-04-29,SMH,226.65575941805363,229.89538125433185,220.78108975747594,226.94503656649962,226.94503656649962,58042355,US_ETFS
2021-04-30,SMH,233.70960018279993,235.2345172963585,229.14533339444134,233.40061936689747,233.40061936689747,58015136,US_ETFS
2021-05-03,SMH,235.46437540681603,242.96380797715835,229.7086404198451,235.95113566110825,235.95113566110825,75209042,US_ETFS
2021-05-04,SMH,231.26563095179083,234.296388770436,229.81116990148473,231.0930248519661,231.0930248519661,31268009,US_ETFS
2021-05-05,SMH,227.8750879557169,229.71835395966966,220.63476511067867,226.63331507045118,226.63331507045118,15643202,US_ETFS
2021-05-06,SMH,224.18092777896737,228.49390358648355,220.66806203526122,224.1435088311864,224.1435088311864,89033462,US_ETFS
2021-05-07,SMH,228.35095591797815,226.9226248677677,225.255162984024,226.1367905316782,226.1367905316782,13902087,US_ETFS
2021-05-10,SMH,228.80953021578455,230.53234188073043,222.96791513382965,227.98342272614968,227.98342272614968,41141675,US_ETFS
2021-05-11,SMH,224.9397542664424,229.5490643153239,220.677090100795,224.3671391663689,224.3671391663689,54410855,US_ETFS
2021-05-12,SMH,217.54738962775625,222.05703379093677,215.76228785843853,219.35383724363243,219.35383724363243,46736101,US_ETFS
2021-05-13,SMH,222.57844068785343,226.8136096806857,215.36392830042902,220.8085190890702,220.8085190890702,38154509,US_ETFS
2021-05-14,SMH,221.18330191195312,222.8377888730445,218.68950642063845,220.22620257198793,220.22620257198793,34947361,US_ETFS
2021-05-17,SMH,227.97482207657004,232.2366846574313,226.7695363502254,229.9479380349714,229.9479380349714,95592608,US_ETFS
2021-05-18,SMH,229.48662133943938,236.58252765118448,228.76472548534906,230.34622468003076,230.34622468003076,19905920,US_ETFS
2021-05-19,SMH,239.02547016665113,243.75528569562223,238.6169213072509,238.93469669422737,238.93469669422737,22885520,US_ETFS
2021-05-20,SMH,233.3736975629508,235.90021338746152,228.58708990968486,233.5807263903424,233.5807263903424,51604899,US_ETFS
2021-05-21,SMH,224.92652812265612,232.54181207224806,224.47487738553286,226.46486269294255,226.46486269294255,73381979,US_ETFS
2021-05-24,SMH,222.85881726588624,228.02172526585935,218.30378027948126,221.61812904079946,221.61812904079946,61967716,US_ETFS
2021-05-25,SMH,226.36037529113213,231.73104866570614,223.95322523094666,227.11040151688852,227.11040151688852,44327584,US_ETFS
2021-05-26,SMH,236.98702102867108,235.66825373482283,229.08794506012225,235.31409066120028,235.31409066120028,85354913,US_ETFS
2021-05-27,SMH,231.89777045421678,235.2781221193751,229.35149859887952,231.86824781304668,231.86824781304668,99423205,US_ETFS
2021-05-28,SMH,228.17595982455327,234.03615635806088,225.26143033624373,229.96430329440852,229.96430329440852,93498670,US_ETFS
2021-05-31,SMH,226.07768460426746,229.16023914281757,224.0299453788077,224.81778998607334,224.81778998607334,37999618,US_ETFS
2021-06-01,SMH,215.33014838207916,222.63079790098146,212.01911686223102,216.89683044246212,216.89683044246212,75996141,US_ETFS
2021-06-02,SMH,220.90078119697665,223.5801399283065,219.23930720173152,220.23015167691534,220.23015167691534,33639793,US_ETFS
2021-06-03,SMH,219.8247234200487,226.24828191684583,220.3683010276967,221.43269773156007,221.43269773156007,70509241,US_ETFS
2021-06-04,SMH,222.55304069546622,224.75542013038378,220.80116995152713,221.70057807523636,221.70057807523636,32165281,US_ETFS
2021-06-07,SMH,214.9382415977474,220.24690679124893,214.9783315249589,215.7144117807689,215.7144117807689,83077795,US_ETFS
2021-06-08,SMH,224.16949256879636,224.25179531975715,218.19404639699303,223.00537201188192,223.00537201188192,67182804,US_ETFS
2021-06-09,SMH,222.079963574862,222.2358542169978,219.93860712125007,220.98335225142563,220.98335225142563,24411914,US_ETFS
2021-06-10,SMH,222.96306481133348,228.88580537445358,218.61361677211727,223.56278672779482,223.56278672779482,92619707,US_ETFS
2021-06-11,SMH,215.36459085518402,217.35796286522182,212.725311707282,217.28263349005843,217.28263349005843,28649462,US_ETFS
2021-06-14,SMH,215.95295080699276,220.22625982234078,216.00625826162252,216.6719598246118,216.6719598246118,64626747,US_ETFS
2021-06-15,SMH,217.38839908719515,222.29211380131332,212.69309487352757,218.1512852739573,218.1512852739573,17940022,US_ETFS
2021-06-16,SMH,221.69056187573898,223.29577561147744,213.71078608299936,219.79647414322304,219.79647414322304,21565278,US_ETFS
2021-06-17,SMH,221.1576261426707,223.3701839929487,215.5700602873287,220.69609470806222,220.69609470806222,60984985,US_ETFS
2021-06-18,SMH,223.07510247320562,229.21017412740167,220.5755347614577,223.0995744575795,223.0995744575795,22778040,US_ETFS
2021-06-21,SMH,218.7502242477686,222.36465739725267,215.40295653466657,218.27830137890624,218.27830137890624,49174394,US_ETFS
2021-06-22,SMH,221.3743592264134,224.17984175591047,218.6303807119826,219.35822282136706,219.35822282136706,22000877,US_ETFS
2021-06-23,SMH,222.16992100509307,224.87299797502203,214.03525260168598,220.07665470979862,220.07665470979862,31082284,US_ETFS
2021-06-24,SMH,222.387028630303,226.0570626150768,219.35985414043392,221.31644635101415,221.31644635101415,55530816,US_ETFS
2021-06-25,SMH,222.42334772630372,225.0602745696234,216.35250045483886,221.85798652551668,221.85798652551668,83454035,US_ETFS
2021-06-28,SMH,217.94800837384037,221.64695450125654,213.26131305481093,216.4303960632623,216.4303960632623,38762391,US_ETFS
2021-06-29,SMH,212.34061543156673,214.04471894318382,209.383481400531,210.9425880137053,210.9425880137053,51227009,US_ETFS
2021-06-30,SMH,200.36628228622598,205.99923241422297,199.77807439445186,201.811861367981,201.811861367981,26805221,US_ETFS
2021-07-01,SMH,207.18798404184056,210.09855966125434,200.46555812269818,205.31343645263777,205.31343645263777,62748474,US_ETFS
2021-07-02,SMH,210.3345156266929,213.67540008970985,205.16450786086196,208.91733403968175,208.91733403968175,96151315,US_ETFS
2021-07-05,SMH,211.33924472176557,218.66921323491465,210.08991137676446,212.65089693313186,212.65089693313186,53311499,US_ETFS
2021-07-06,SMH,212.5523852377822,217.63854830716207,210.24129714476982,214.16833104381521,214.16833104381521,99772452,US_ETFS
2021-07-07,SMH,207.1961904430614,211.1960305437305,203.10041456386696,205.2455677193355,205.2455677193355,99135383,US_ETFS
2021-07-08,SMH,201.0570695284516,206.3788679590589,199.93031510051733,201.2362577316575,201.2362577316575,51077484,US_ETFS
2021-07-09,SMH,204.00720790652696,207.8658845080516,197.97740529281893,202.12336920731346,202.12336920731346,79983617,US_ETFS
2021-07-12,SMH,201.5604318783514,207.2654776511104,199.1117391061827,202.87331968277124,202.87331968277124,10063621,US_ETFS
2021-07-13,SMH,200.60822817521142,202.83012880604866,197.7790502226095,202.17239961334292,202.17239961334292,15029805,US_ETFS
2021-07-14,SMH,203.7347035060822,206.0495660080679,200.49939277007385,203.8662695363683,203.8662695363683,70941172,US_ETFS
2021-07-15,SMH,204.87174618987876,207.27444492360132,201.27427540208313,204.11764360949508,204.11764360949508,40383743,US_ETFS
2021-07-16,SMH,206.29727910335188,206.8476891872886,203.22113023263702,204.81478891002388,204.81478891002388,74588233,US_ETFS
2021-07-19,SMH,201.8341205098709,207.5448243878221,200.41084503826582,202.40180307405984,202.40180307405984,70492537,US_ETFS
2021-07-20,SMH,204.6999984018988,208.96890145493717,204.45229203974256,206.5794207617248,206.5794207617248,81851195,US_ETFS
2021-07-21,SMH,206.92121453526534,207.84073517368518,199.9333319479883,205.00622919445073,205.00622919445073,70269775,US_ETFS
2021-07-22,SMH,201.62266598280135,204.61610778214268,199.2911085245506,199.75540840582295,199.75540840582295,71614890,US_ETFS
2021-07-23,SMH,197.01471944692884,196.97201479776953,195.39062265521952,196.87493936050694,196.87493936050694,92253769,US_ETFS
2021-07-26,SMH,197.36733099863162,200.3897736534323,189.93570902225053,195.69972909399593,195.69972909399593,80847977,US_ETFS
2021-07-27,SMH,197.8288639127146,201.51110806776407,199.6024019105762,199.78595035113912,199.78595035113912,10316688,US_ETFS
2021-07-28,SMH,198.69323843731834,202.83542966062092,194.73631012117804,199.81684525675558,199.81684525675558,86334708,US_ETFS
2021-07-29,SMH,199.73586838549866,204.82155629134323,196.28328723843077,199.27275110473474,199.27275110473474,89014568,US_ETFS
2021-07-30,SMH,194.31684989062984,196.11310269727028,189.14838539926976,194.4955319387133,194.4955319387133,39405572,US_ETFS
2021-08-02,SMH,197.75894749646045,199.69640570731158,193.8132902799109,197.74548455340204,197.74548455340204,99508091,US_ETFS
2021-08-03,SMH,193.51085896112116,200.6387774074714,195.34180774360354,195.36481814589567,195.36481814589567,37058560,US_ETFS
2021-08-04,SMH,193.87578862701312,199.60364144092242,194.873013936193,195.16934447460957,195.16934447460957,55795010,US_ETFS
2021-08-05,SMH,200.31726069511,201.94884303792543,196.48488368980452,201.1422410354331,201.1422410354331,22524266,US_ETFS
2021-08-06,SMH,202.26602490813247,205.0684957162231,199.8097834026631,203.39005920774673,203.39005920774673,66306927,US_ETFS
2021-08-09,SMH,195.06967856269324,198.3992676480757,194.4233852588172,196.97003552355363,196.97003552355363,33865718,US_ETFS
2021-08-10,SMH,191.65755163159287,194.69077179428442,186.62493753959978,190.1961956768044,190.1961956768044,34466199,US_ETFS
2021-08-11,SMH,190.90488366928088,194.95408430562125,186.74869697113743,190.14175981338232,190.14175981338232,78661685,US_ETFS
2021-08-12,SMH,186.6453245911498,188.90554132024593,183.98068841038761,185.72004887900653,185.72004887900653,74832433,US_ETFS
2021-08-13,SMH,187.21044032982212,192.71840576386379,183.76949176955392,188.31473160129997,188.31473160129997,82392343,US_ETFS
2021-08-16,SMH,188.5600268259711,189.75163696484816,188.09779920991568,188.66222148761187,188.66222148761187,74592763,US_ETFS
2021-08-17,SMH,190.93865777294442,193.17444726373097,188.65547938655405,189.47492086758461,189.47492086758461,93554748,US_ETFS
2021-08-18,SMH,188.81530009995745,189.41726812018803,183.6494701188353,186.9861936201444,186.9861936201444,77945623,US_ETFS
2021-08-19,SMH,194.6011792103902,199.30886346584302,193.01793826249693,193.68547384045246,193.68547384045246,58491761,US_ETFS
2021-08-20,SMH,205.67704022765506,210.36172402286988,199.51763772657435,204.890541577205,204.890541577205,97821979,US_ETFS
2021-08-23,SMH,204.0031135626224,209.03695080266797,201.3394722070147,203.95384462026922,203.95384462026922,42809073,US_ETFS
2021-08-24,SMH,204.58365167393848,210.6447080725884,199.51742804613366,205.5978727052113,205.5978727052113,26377831,US_ETFS
2021-08-25,SMH,204.37349729419208,211.2490910697087,202.36722814919057,206.20404654788888,206.20404654788888,96010181,US_ETFS
2021-08-26,SMH,204.3217805408379,205.77682399955177,202.3057487601848,205.33928095289923,205.33928095289923,9461136,US_ETFS
2021-08-27,SMH,201.16450944237823,202.89139284888293,200.768386988092,202.12748520292425,202.12748520292425,11508320,US_ETFS
2021-08-30,SMH,199.740531202332,199.59776665789428,195.30757540932657,197.94357567142504,197.94357567142504,89962568,US_ETFS
2021-08-31,SMH,194.33258732323029,197.2362471122093,189.54695437528292,193.64583558188016,193.64583558188016,83053403,US_ETFS
2021-09-01,SMH,196.8849413279223,199.17626843407973,190.19148087942787,195.40894228463577,195.40894228463577,54004355,US_ETFS
2021-09-02,SMH,192.71115923302875,198.68415286768249,190.42892881868852,193.57337042455853,193.57337042455853,90707621,US_ETFS
2021-09-03,SMH,182.0949603535008,185.97689202025157,178.55939194702702,183.78516705611824,183.78516705611824,25715359,US_ETFS
2021-09-06,SMH,187.2431379906308,190.91556585027868,180.6922416571403,185.6041190709534,185.6041190709534,56803136,US_ETFS
2021-09-07,SMH,186.19327355555055,190.49096587437015,181.3263890300262,185.64769415749868,185.64769415749868,63379291,US_ETFS
2021-09-08,SMH,192.67410139009712,194.75897829162204,185.24883800211163,190.83347660154178,190.83347660154178,6681458,US_ETFS
2021-09-09,SMH,191.0587650194661,195.05487087197602,190.2263119277984,192.4483949628389,192.4483949628389,78490749,US_ETFS
2021-09-10,SMH,185.68051555282563,192.42389062441006,185.18243414212168,186.94947615212484,186.94947615212484,43463447,US_ETFS
2021-09-13,SMH,177.9941776702817,181.90738904981197,178.4852042284622,178.79968802881498,178.79968802881498,15818073,US_ETFS
2021-09-14,SMH,177.27286107639083,177.39265170890027,175.1592764989039,176.40565895954435,176.40565895954435,79505241,US_ETFS
2021-09-15,SMH,172.95823961319525,176.66517101866634,174.25596342857094,174.37661488914458,174.37661488914458,35333932,US_ETFS
2021-09-16,SMH,178.54802788509542,178.3210094804524,173.1008390587137,177.84028967947293,177.84028967947293,91040405,US_ETFS
2021-09-17,SMH,176.58044955931177,183.27669006134738,176.39788977582037,177.9865777857903,177.9865777857903,9326065,US_ETFS
2021-09-20,SMH,180.3966537583563,184.43317957472783,178.75764609232994,182.20019108460943,182.20019108460943,33885745,US_ETFS
2021-09-21,SMH,178.75040953719127,181.37179880889005,175.6895098419772,177.55469455760948,177.55469455760948,73696656,US_ETFS
2021-09-22,SMH,182.75596882406873,181.66595182620412,179.49637996597633,181.15999371088728,181.15999371088728,46869267,US_ETFS
2021-09-23,SMH,183.94604705629115,186.9456041601524,182.29440089253106,183.95344151462143,183.95344151462143,67058704,US_ETFS
2021-09-24,SMH,177.22493670154296,179.77541555948994,176.10908031397597,176.71217274453662,176.71217274453662,48219821,US_ETFS
2021-09-27,SMH,181.04125984058453,184.23797588157814,176.54202393928637,181.56333836607874,181.56333836607874,48572602,US_ETFS
2021-09-28,SMH,180.31434532228099,184.48143249100292,177.6014605671753,182.08427441971997,182.08427441971997,78226031,US_ETFS
2021-09-29,SMH,183.74325501447916,185.07049400676192,181.13104071158438,183.69406147468243,183.69406147468243,56806519,US_ETFS
2021-09-30,SMH,182.50676762000822,184.19232381378447,176.93661496812896,180.7002299432443,180.7002299432443,49653960,US_ETFS
2021-10-01,SMH,184.94986501299553,190.01351037566243,182.73553360734618,185.48967874257625,185.48967874257625,99474322,US_ETFS
2021-10-04,SMH,181.12044093884762,181.64570545032183,177.56385206404363,181.27590106958576,181.27590106958576,5617503,US_ETFS
2021-10-05,SMH,183.55342250192078,186.43160627205074,180.38147802555622,184.4739415787263,184.4739415787263,49929356,US_ETFS
2021-10-06,SMH,185.91669795952473,191.15925241194728,185.369404418694,187.68602943170185,187.68602943170185,92261616,US_ETFS
2021-10-07,SMH,184.21535053497595,188.13512057879814,183.00738445977817,184.2169631292268,184.2169631292268,76336382,US_ETFS
2021-10-08,SMH,192.55578198761035,196.9082085117066,191.51408432823516,191.7086013170822,191.7086013170822,45302569,US_ETFS
2021-10-11,SMH,193.4788102834983,193.3384237650884,190.4132434648142,192.7880299405507,192.7880299405507,94272513,US_ETFS
2021-10-12,SMH,195.25157253839217,201.28153162118608,195.16870670781609,195.50207133302797,195.50207133302797,72065147,US_ETFS
2021-10-13,SMH,190.03388631789042,192.57543657963106,184.2006043824813,189.72646783108337,189.72646783108337,13835389,US_ETFS
2021-10-14,SMH,199.51975851947273,202.0569552674243,196.41391937603672,197.95198296472893,197.95198296472893,90265245,US_ETFS
2021-10-15,SMH,193.02851697078398,198.0236152989383,191.04698073319457,193.3018654562781,193.3018654562781,85242151,US_ETFS
2021-10-18,SMH,197.99698516338378,198.2929376246637,193.60899221264262,197.4574165084241,197.4574165084241,19943131,US_ETFS
2021-10-19,SMH,193.3851146595884,194.71609523168075,193.59841978918655,193.72637285616372,193.72637285616372,21976767,US_ETFS
2021-10-20,SMH,191.66113083315977,194.2886929636432,188.64038117157412,191.52181011673468,191.52181011673468,25521000,US_ETFS
2021-10-21,SMH,195.45574983273715,198.8489369388025,192.64334228894342,194.73460397128815,194.73460397128815,88235838,US_ETFS
2021-10-22,SMH,199.50435461990327,203.18671574519206,197.27619194514986,198.9313399904025,198.9313399904025,1060551,US_ETFS
2021-10-25,SMH,195.49049149677901,198.86059964522494,193.35506173384087,194.07230574669367,194.07230574669367,38036408,US_ETFS
2021-10-26,SMH,199.1395008020916,202.38228735388097,193.37562691830678,198.49898701647015,198.49898701647015,14886548,US_ETFS
2021-10-27,SMH,202.56180850738662,203.43768503564644,200.47520182815643,202.84603739820477,202.84603739820477,2495637,US_ETFS
2021-10-28,SMH,200.83074861968268,202.39398636663913,194.16414887904253,199.2436807906365,199.2436807906365,6930565,US_ETFS
2021-10-29,SMH,204.69147799431687,207.41484892869633,203.42574512645788,205.81333308811085,205.81333308811085,80483770,US_ETFS
2021-11-01,SMH,199.5685127623895,201.25039022226588,199.63234683232668,200.0223319351076,200.0223319351076,8869683,US_ETFS
2021-11-02,SMH,198.75133108380615,200.36141814056714,193.41550391797503,197.72298488831672,197.72298488831672,68546425,US_ETFS
2021-11-03,SMH,198.35770414809025,200.67143861281156,195.28704666617634,199.81490444530112,199.81490444530112,72405561,US_ETFS
2021-11-04,SMH,196.1240221967571,197.06025894078064,196.53225859377622,196.6036140374348,196.6036140374348,29527537,US_ETFS
2021-11-05,SMH,195.89568787629858,199.2030836371137,195.34778311135238,197.83757336540444,197.83757336540444,13020160,US_ETFS
2021-11-08,SMH,197.4143993145632,204.3407325081174,195.4942211219432,198.98928906730765,198.98928906730765,93511112,US_ETFS
2021-11-09,SMH,197.83186611309347,202.4750185173671,197.2251692528809,198.4437628368808,198.4437628368808,62215691,US_ETFS
2021-11-10,SMH,200.44982763479356,201.95850579758698,196.30232964659484,201.94590050102482,201.94590050102482,55934543,US_ETFS
2021-11-11,SMH,202.94374298567564,203.24077850052984,199.24674825728556,201.22551588327835,201.22551588327835,40664845,US_ETFS
2021-11-12,SMH,203.19246404165494,205.79346778644725,196.74097564691613,202.3585808195661,202.3585808195661,3518649,US_ETFS
2021-11-15,SMH,208.06367558908389,209.25423375560806,206.08057055353197,207.2009078419456,207.2009078419456,51529166,US_ETFS
2021-11-16,SMH,210.70606400022345,211.55071069476864,209.40863429788536,210.68472676049674,210.68472676049674,41408301,US_ETFS
2021-11-17,SMH,213.81678275692204,216.24814781291138,213.25286391449504,214.20744825014157,214.20744825014157,1432994,US_ETFS
2021-11-18,SMH,211.46866895049203,215.42824644006112,206.4586796901803,209.4983990949523,209.4983990949523,99510123,US_ETFS
2021-11-19,SMH,212.6427321199531,212.344502916685,211.1584031121283,211.90676158253615,211.90676158253615,91694973,US_ETFS
2021-11-22,SMH,208.93751746731473,213.66694115452648,202.7796118475564,208.39547166714826,208.39547166714826,45346259,US_ETFS
2021-11-23,SMH,201.42768575512608,204.4111586706313,202.85709705385187,203.2630455565716,203.2630455565716,19685244,US_ETFS
2021-11-24,SMH,202.81125449358404,203.89524200835575,202.15852374922517,203.17480359549586,203.17480359549586,45136356,US_ETFS
2021-11-25,SMH,199.06501043661527,202.5051656812281,197.13216534376147,199.70337846028556,199.70337846028556,64803324,US_ETFS
2021-11-26,SMH,204.83638416599928,203.7179531968993,202.45618688349668,203.06086242920398,203.06086242920398,85427804,US_ETFS
2021-11-29,SMH,206.59835634248526,211.3214616678009,205.23692520643579,206.5719287501312,206.5719287501312,83057394,US_ETFS
2021-11-30,SMH,200.6041310062494,202.71018598891987,198.28608021890935,198.91791725187642,198.91791725187642,89634186,US_ETFS
2021-12-01,SMH,196.96705885614247,200.2326923694309,195.60578572124427,195.82155084858675,195.82155084858675,80097290,US_ETFS
2021-12-02,SMH,188.92225856234268,191.56982273768617,187.00535204226577,190.30021859937375,190.30021859937375,27233096,US_ETFS
2021-12-03,SMH,189.3387739007086,192.17257927173,188.1174183715325,188.7297497686512,188.7297497686512,65945443,US_ETFS
2021-12-06,SMH,192.2530096337708,191.5579865798503,187.22192741277144,190.63658332392228,190.63658332392228,34844671,US_ETFS
2021-12-07,SMH,189.75004275326432,191.53851004501104,187.88592161707567,189.90344040291063,189.90344040291063,3862270,US_ETFS
2021-12-08,SMH,189.66262026947624,191.3745213137762,185.03162027491638,187.8533976670716,187.8533976670716,38987819,US_ETFS
2021-12-09,SMH,193.07803023084688,195.12607369484022,190.8430336146342,192.9261026273151,192.9261026273151,46930707,US_ETFS
2021-12-10,SMH,183.4002929133119,185.22078099428737,181.14945339041847,184.2256865015101,184.2256865015101,84433778,US_ETFS
2021-12-13,SMH,187.65510203192937,189.1527551465583,187.56800405067438,188.967183661968,188.967183661968,97992343,US_ETFS
2021-12-14,SMH,188.3293051117862,190.4436783686669,181.8832493035334,187.0990983284745,187.0990983284745,45082632,US_ETFS
2021-12-15,SMH,188.80132555713843,188.65611530199993,185.64584353314459,186.99391491953435,186.99391491953435,64166771,US_ETFS
2021-12-16,SMH,184.75729538894038,188.68888332725732,183.51400003150775,185.20863413234758,185.20863413234758,62173907,US_ETFS
2021-12-17,SMH,190.25182873085802,191.40120332153526,185.87944624712534,191.10896673939882,191.10896673939882,88437314,US_ETFS
2021-12-20,SMH,188.35202726649194,190.60606797264384,182.77328326005912,186.5950551340808,186.5950551340808,56341303,US_ETFS
2021-12-21,SMH,185.42777963878638,187.88606831927436,185.20304002218532,186.82544916032165,186.82544916032165,89125479,US_ETFS
2021-12-22,SMH,187.74698951126413,194.21527559573667,186.01912453969155,188.98305387024712,188.98305387024712,71841393,US_ETFS
2021-12-23,SMH,181.65584035257143,184.56065648226547,177.81833881312258,183.08299246675017,183.08299246675017,27348844,US_ETFS
2021-12-24,SMH,179.1656156864545,180.96414084083077,179.2011195151046,179.89772126301753,179.89772126301753,24092506,US_ETFS
2021-12-27,SMH,180.05555952827638,181.99724225301983,176.56176527388476,179.54447937395202,179.54447937395202,13114118,US_ETFS
2021-12-28,SMH,177.6068210145702,180.69283249726345,176.4257630556018,176.5401076126961,176.5401076126961,38967994,US_ETFS
2021-12-29,SMH,172.33768243390608,177.9678722301178,169.9920130474696,173.83695453912762,173.83695453912762,90296821,US_ETFS
2021-12-30,SMH,171.88345184715962,175.15977163791786,171.83805607829913,172.79441029654362,172.79441029654362,37752258,US_ETFS
2021-12-31,SMH,175.2900308994288,175.49241113640997,171.4544671112426,175.21208516966905,175.21208516966905,54786042,US_ETFS
2022-01-03,SMH,175.33233461591587,175.6065447814824,169.4659456484514,174.18633132860805,174.18633132860805,99870731,US_ETFS
2022-01-04,SMH,179.6111471624857,182.27414666006567,173.77654768298763,178.11745970841494,178.11745970841494,57800680,US_ETFS
2022-01-05,SMH,173.6583577226216,178.29042290377436,171.0047957564045,174.74121553509164,174.74121553509164,98553128,US_ETFS
2022-01-06,SMH,170.68157951425914,171.9290923214177,167.04288851449115,170.54070839961534,170.54070839961534,97958206,US_ETFS
2022-01-07,SMH,176.13717425723158,179.01545882906657,174.39968873631722,177.2816553102955,177.2816553102955,17851248,US_ETFS
2022-01-10,SMH,173.45262651768428,176.89649462957692,170.5795895084481,175.12605884565772,175.12605884565772,5303371,US_ETFS
2022-01-11,SMH,170.46703787567097,174.61313951916136,165.8281627315063,170.7096878386634,170.7096878386634,98562064,US_ETFS
2022-01-12,SMH,164.67529183875055,169.63517091897293,164.75743544063585,164.93268783454243,164.93268783454243,74845776,US_ETFS
2022-01-13,SMH,169.1254798560038,169.90642560269728,166.0773277105211,168.64401456911511,168.64401456911511,13825820,US_ETFS
2022-01-14,SMH,168.90752987356694,169.46165098680189,164.51257305181056,167.6614793128275,167.6614793128275,16718852,US_ETFS
2022-01-17,SMH,165.99711135647243,171.94745224775133,163.20591910605143,166.9783938021944,166.9783938021944,96235215,US_ETFS
2022-01-18,SMH,165.93342739017618,167.43626020277054,164.09916422278278,166.61370727417065,166.61370727417065,49972159,US_ETFS
2022-01-19,SMH,169.04953013869152,173.89856957634424,168.3089688139187,170.15572436688132,170.15572436688132,19450157,US_ETFS
2022-01-20,SMH,169.144621018899,172.58475823756496,166.0161308388438,169.71491951233543,169.71491951233543,48707197,US_ETFS
2022-01-21,SMH,177.93208919853592,178.58236114423383,172.96096449986607,177.84105239999104,177.84105239999104,92943695,US_ETFS
2022-01-24,SMH,179.14946920028885,178.58906924568916,175.6187095571281,178.49465587757967,178.49465587757967,63292678,US_ETFS
2022-01-25,SMH,184.26873655659267,187.9159877988572,177.76912344045957,182.4636086653429,182.4636086653429,7319268,US_ETFS
2022-01-26,SMH,187.26703413962673,188.9956266696245,181.1256438713184,185.58461168029638,185.58461168029638,41312092,US_ETFS
2022-01-27,SMH,184.96540220865018,188.21474368435753,184.81696392427142,185.63491505643916,185.63491505643916,36349547,US_ETFS
2022-01-28,SMH,184.9547706671889,183.85038209217666,182.8100805519258,183.64130378888555,183.64130378888555,13386499,US_ETFS
2022-01-31,SMH,184.68548471020856,190.57878989710377,184.0818245279476,185.04419086573128,185.04419086573128,15402782,US_ETFS
2022-02-01,SMH,188.6703312809104,192.06845194837618,186.93606950725788,187.11705119615473,187.11705119615473,75418890,US_ETFS
2022-02-02,SMH,185.73708079162637,189.42603387175018,182.4144736376132,185.161355989721,185.161355989721,99146542,US_ETFS
2022-02-03,SMH,184.2659608970315,187.2700377851373,183.75022735757884,185.96250794517508,185.96250794517508,45528016,US_ETFS
2022-02-04,SMH,192.35371085156265,193.95078758493872,190.48808345053078,190.74622601494954,190.74622601494954,41378433,US_ETFS
2022-02-07,SMH,198.50157627633644,204.59282972800565,195.25944998728949,198.8336666264789,198.8336666264789,63929456,US_ETFS
2022-02-08,SMH,203.29342441245515,207.10642085419724,198.5734454270409,202.4300479854703,202.4300479854703,24482240,US_ETFS
2022-02-09,SMH,211.74634357168458,214.79022616473935,205.4963909838067,210.17404868744302,210.17404868744302,99659117,US_ETFS
2022-02-10,SMH,208.99558935458938,212.90606426213506,201.809348999342,207.73866021395588,207.73866021395588,15962265,US_ETFS
2022-02-11,SMH,210.85297622328952,214.53515592075848,208.77960274687211,210.86256044758488,210.86256044758488,84100931,US_ETFS
2022-02-14,SMH,217.85571868872773,221.40515256999632,210.23528019983792,216.71829602380228,216.71829602380228,26678755,US_ETFS
2022-02-15,SMH,214.05326091222992,216.57427899994778,211.04950751778614,213.04997766800557,213.04997766800557,16898100,US_ETFS
2022-02-16,SMH,212.8660936499024,214.96662587245842,205.96729786001075,211.19392839513372,211.19392839513372,54989153,US_ETFS
2022-02-17,SMH,217.52074413227714,220.96094276757796,216.24202017989165,218.74582100010076,218.74582100010076,97320546,US_ETFS
2022-02-18,SMH,212.57579405613973,221.04722401084018,208.3834788832884,214.69859082579342,214.69859082579342,99618928,US_ETFS
2022-02-21,SMH,209.05658109251428,215.20206477770625,206.67227420541806,209.1545148541126,209.1545148541126,3603149,US_ETFS
2022-02-22,SMH,214.56588285461527,221.87393605009916,215.66626007517124,215.7553542637786,215.7553542637786,55053419,US_ETFS
2022-02-23,SMH,219.25828193575774,223.03524263984383,220.550857996856,221.13527108955273,221.13527108955273,86093333,US_ETFS
2022-02-24,SMH,223.67420958533665,229.30987983605962,218.65693899857584,223.267546906575,223.267546906575,97131883,US_ETFS
2022-02-25,SMH,223.33081087102366,227.56516723198558,219.4262370569848,223.28669989234112,223.28669989234112,48941782,US_ETFS
2022-02-28,SMH,223.0846101828772,225.8355210710059,216.2256910980672,221.55165279866432,221.55165279866432,78850029,US_ETFS
2022-03-01,SMH,221.64445143762657,227.37256269448864,221.6867490455895,223.02252923140534,223.02252923140534,58748727,US_ETFS
2022-03-02,SMH,231.10943911345063,237.18186646257328,230.081195244757,230.292202627378,230.292202627378,10032997,US_ETFS
2022-03-03,SMH,229.66190073169736,234.3893618918524,225.91237244019402,231.62129320323618,231.62129320323618,84561576,US_ETFS
2022-03-04,SMH,243.03765819327447,248.39960107981622,239.54828334376379,241.89119265240896,241.89119265240896,9727309,US_ETFS
2022-03-07,SMH,235.68767170732278,243.86783227271198,232.5783072370794,237.78899868827762,237.78899868827762,70162915,US_ETFS
2022-03-08,SMH,237.1702639444955,240.64495195641263,231.0941800902172,237.93319034966288,237.93319034966288,7316669,US_ETFS
2022-03-09,SMH,237.6900437626809,238.5917438612368,236.11889225388282,236.39586276031514,236.39586276031514,74514440,US_ETFS
2022-03-10,SMH,230.718915143052,236.51715269305132,226.5871013097763,231.50179919681705,231.50179919681705,53943900,US_ETFS
2022-03-11,SMH,232.3061176721748,235.05154076363647,229.0379135822033,231.02451780362384,231.02451780362384,73677414,US_ETFS
2022-03-14,SMH,233.59952756986905,233.27284221548223,226.87634364098764,233.18380833505597,233.18380833505597,55018718,US_ETFS
2022-03-15,SMH,237.6007339822757,242.10794977838376,232.71331241521278,235.86183193949873,235.86183193949873,51258339,US_ETFS
2022-03-16,SMH,245.9211753814895,249.65760714249535,239.72101501121054,246.336230312697,246.336230312697,79026257,US_ETFS
2022-03-17,SMH,247.011932258825,253.42750470903422,241.43530529828462,248.87086985490126,248.87086985490126,59959519,US_ETFS
2022-03-18,SMH,256.3015076138248,260.72418314474345,252.16615732679458,254.84445166043378,254.84445166043378,37813080,US_ETFS
2022-03-21,SMH,256.5809156157618,259.26758751976774,251.06383923187474,255.4361711512137,255.4361711512137,71577673,US_ETFS
2022-03-22,SMH,265.73139284040525,266.4168936625724,263.1005586421597,264.26432927353414,264.26432927353414,29887670,US_ETFS
2022-03-23,SMH,277.2468786788822,280.0503848306525,272.4784940240768,277.2050854378581,277.2050854378581,6293106,US_ETFS
2022-03-24,SMH,280.48136601668335,283.5224640832945,275.92863580789844,280.4266805054352,280.4266805054352,42830802,US_ETFS
2022-03-25,SMH,273.9523848425701,282.6024263111253,273.61465997635685,275.139745734403,275.139745734403,68455191,US_ETFS
2022-03-28,SMH,274.7083452757907,276.7968528733968,265.2330472826767,272.3949239916439,272.3949239916439,13360296,US_ETFS
2022-03-29,SMH,274.16920558755294,277.96280314664995,274.13648227473357,274.2032683774797,274.2032683774797,44882476,US_ETFS
2022-03-30,SMH,276.2554114961605,282.54658108214176,269.1839528809019,276.98093671132966,276.98093671132966,9493317,US_ETFS
2022-03-31,SMH,280.15690594353055,284.87208325207615,277.28798061603476,281.12692660693136,281.12692660693136,77706162,US_ETFS
2022-04-01,SMH,283.67402516792737,284.22694337693304,277.9455410095543,283.995532728655,283.995532728655,88598139,US_ETFS
2022-04-04,SMH,284.3982694971597,289.27581129592,282.92942321270255,284.3192019616471,284.3192019616471,22843948,US_ETFS
2022-04-05,SMH,279.4975841792238,284.6168245323816,273.16198221760783,280.98585250177206,280.98585250177206,52656691,US_ETFS
2022-04-06,SMH,281.7751854592787,285.7843666822884,280.25483071910503,283.521121880522,283.521121880522,62702638,US_ETFS
2022-04-07,SMH,293.9702122437895,297.7883736647044,289.3368229880953,294.32320493574457,294.32320493574457,24941664,US_ETFS
2022-04-08,SMH,298.08948833674594,300.8414851525198,298.35528555953516,300.62130125978314,300.62130125978314,10067611,US_ETFS
2022-04-11,SMH,303.1412938448872,311.18911629073875,297.60124674170453,304.1367905036105,304.1367905036105,61481834,US_ETFS
2022-04-12,SMH,312.893972157779,313.33269292815027,302.45383163871946,310.7035108905166,310.7035108905166,40524677,US_ETFS
2022-04-13,SMH,308.0964951745652,312.46245986998576,307.7999198353623,308.70839647051366,308.70839647051366,97573559,US_ETFS
2022-04-14,SMH,303.6675268649535,309.0070839407189,302.94897271294025,305.8789905023995,305.8789905023995,8393263,US_ETFS
2022-04-15,SMH,299.5125963625827,302.0161264349767,298.96446880058863,301.61023443617796,301.61023443617796,86799035,US_ETFS
2022-04-18,SMH,300.1890309661502,302.27360657305576,295.32245089285334,301.15609011731,301.15609011731,99663490,US_ETFS
2022-04-19,SMH,297.31520217449867,301.42249610415473,290.2004502074664,298.9154532902402,298.9154532902402,18698852,US_ETFS
2022-04-20,SMH,306.50653686470304,308.64096281344007,297.8665724070187,306.43780857955403,306.43780857955403,98170580,US_ETFS
2022-04-21,SMH,305.7434049454357,306.7003384969004,300.1533436937598,303.83110505851215,303.83110505851215,24988262,US_ETFS
2022-04-22,SMH,301.5958415590487,307.46774137069616,295.4965990564069,299.257099641669,299.257099641669,65996773,US_ETFS
2022-04-25,SMH,309.1014739791865,315.2432961759179,305.2876042081392,311.1829569886497,311.1829569886497,39154908,US_ETFS
2022-04-26,SMH,307.8057967419164,308.69418557912235,301.2367361110069,308.68493436325184,308.68493436325184,89044423,US_ETFS
2022-04-27,SMH,312.85158194659397,316.62941838041036,304.83865305394846,309.9414577325994,309.9414577325994,27659167,US_ETFS
2022-04-28,SMH,316.1751770292618,318.58771979398693,306.6520327619398,313.04907227451133,313.04907227451133,68558210,US_ETFS
2022-04-29,SMH,308.3599416624425,306.3341719088133,304.221819064549,306.2453068200062,306.2453068200062,66887866,US_ETFS
2022-05-02,SMH,316.6012281380921,320.57710759173256,310.22221291869084,314.11877424807835,314.11877424807835,36793994,US_ETFS
2022-05-03,SMH,319.9509359895666,325.51660627672663,312.6362493455236,318.4355140628082,318.4355140628082,29855235,US_ETFS
2022-05-04,SMH,331.4736337558513,334.1205837282717,320.88430239620294,328.67884585548137,328.67884585548137,22216517,US_ETFS
2022-05-05,SMH,323.5302988721066,333.05775654295684,324.0547510693931,324.54260705324543,324.54260705324543,51719215,US_ETFS
2022-05-06,SMH,325.3914593324179,332.84656131881695,322.75777854435853,325.5105605226273,325.5105605226273,22687615,US_ETFS
2022-05-09,SMH,328.87145798576347,331.68518856960293,325.0681315432583,326.092285360509,326.092285360509,20110580,US_ETFS
2022-05-10,SMH,331.4131075438797,330.06502835368156,322.12978532564165,328.13941768992834,328.13941768992834,42592679,US_ETFS
2022-05-11,SMH,321.3807431161991,326.1464072289753,313.2098141990878,318.92122837639243,318.92122837639243,2063159,US_ETFS
2022-05-12,SMH,322.37739867442883,324.2152132662527,311.00544372053935,319.9471110855951,319.9471110855951,50058362,US_ETFS
2022-05-13,SMH,312.3478150822276,311.78598782768927,304.183821409091,311.139198046123,311.139198046123,34461607,US_ETFS
2022-05-16,SMH,312.7476581538076,314.7967723310706,312.29818748239217,313.6801727550654,313.6801727550654,19390146,US_ETFS
2022-05-17,SMH,299.60659201373966,308.68439548616,297.3181446296143,300.6395524255428,300.6395524255428,72711907,US_ETFS
2022-05-18,SMH,287.3885334589244,294.94612410046625,285.61732385791885,289.8069872352053,289.8069872352053,97817836,US_ETFS
2022-05-19,SMH,296.8827433746919,298.86429387938546,287.98489589445836,294.8412169707749,294.8412169707749,20110835,US_ETFS
2022-05-20,SMH,292.2753816271082,292.5649125719295,288.8631126736004,291.91144787542476,291.91144787542476,23360355,US_ETFS
2022-05-23,SMH,287.6900908267079,290.6474064891854,279.9820086024458,286.43601771191186,286.43601771191186,52014248,US_ETFS
2022-05-24,SMH,291.57127849322865,300.48877674997965,286.65362148380433,294.00277290617385,294.00277290617385,90449591,US_ETFS
2022-05-25,SMH,296.6497497466095,302.920120816005,289.5400457937542,296.22323600650634,296.22323600650634,16419226,US_ETFS
2022-05-26,SMH,299.66012763326637,302.32768204962093,298.79072167347294,301.6861268387242,301.6861268387242,47877350,US_ETFS
2022-05-27,SMH,303.98194768606214,304.8764271839055,294.42711601254575,300.9847544272406,300.9847544272406,69646305,US_ETFS
2022-05-30,SMH,315.5402420283741,317.9734205525131,312.216943799138,317.41628686946143,317.41628686946143,70330253,US_ETFS
2022-05-31,SMH,317.0240376561169,317.2730500649314,305.4550933341279,313.8960522567306,313.8960522567306,38811313,US_ETFS
2022-06-01,SMH,326.3935424968894,330.99762279152,324.64495331139096,325.1617536314575,325.1617536314575,8760454,US_ETFS
2022-06-02,SMH,321.9719622853999,328.70444712092325,317.8143120941293,325.0878376008428,325.0878376008428,18102784,US_ETFS
2022-06-03,SMH,315.32184610708293,317.38214053751665,307.1323531159975,314.65570130703765,314.65570130703765,80041218,US_ETFS
2022-06-06,SMH,319.76066499806836,323.016032322292,315.2941361529188,318.00897922271656,318.00897922271656,81134960,US_ETFS
2022-06-07,SMH,318.3179131678252,323.11348615766315,318.5612214370543,320.328934619257,320.328934619257,67746805,US_ETFS
2022-06-08,SMH,315.0831291319461,320.05884607632777,309.9999954550105,313.91388761993153,313.91388761993153,10916929,US_ETFS
2022-06-09,SMH,310.9742580122557,313.1359561863253,304.67208383942113,308.4378527370834,308.4378527370834,59293664,US_ETFS
2022-06-10,SMH,306.6978766529574,309.82104931678316,304.83965809259985,308.5939368298044,308.5939368298044,23494848,US_ETFS
2022-06-13,SMH,309.47030486250213,319.38990087861487,306.1081753585481,311.0611318707342,311.0611318707342,48863437,US_ETFS
2022-06-14,SMH,297.12337209276035,304.4514409133974,295.0053178626487,296.0016466577263,296.0016466577263,83519922,US_ETFS
2022-06-15,SMH,303.04053206861056,303.8587536008205,299.8352452114676,302.53216198593645,302.53216198593645,48753780,US_ETFS
2022-06-16,SMH,300.9891246095458,302.0249813487483,295.03127866801685,299.84266332560424,299.84266332560424,68782491,US_ETFS
2022-06-17,SMH,291.8566975759699,299.7203635998926,284.5356754045656,292.15621173694734,292.15621173694734,47598430,US_ETFS
2022-06-20,SMH,300.76527394794607,298.6227475778074,297.9170823921585,297.9471367219753,297.9471367219753,38686158,US_ETFS
2022-06-21,SMH,298.7070951384355,303.73136470883395,293.8434293378592,298.1043456718395,298.1043456718395,13363448,US_ETFS
2022-06-22,SMH,303.6390654455925,313.4671923027767,297.69493809472664,305.65333607983456,305.65333607983456,67715955,US_ETFS
2022-06-23,SMH,309.6498931074827,314.1702114177755,306.7573124662932,308.63622082038387,308.63622082038387,43396819,US_ETFS
2022-06-24,SMH,310.14588470685663,313.9147975461041,308.7633046834337,308.93550843187813,308.93550843187813,95402123,US_ETFS
2022-06-27,SMH,310.4269109656789,310.71055672932886,302.5991269469406,308.30076987620566,308.30076987620566,92400698,US_ETFS
2022-06-28,SMH,309.0679428660691,316.2875855019528,307.32072382621095,311.5854849602525,311.5854849602525,41610295,US_ETFS
2022-06-29,SMH,311.39614948628576,312.8523083989463,308.7292932999837,309.3200636887661,309.3200636887661,7517936,US_ETFS
2022-06-30,SMH,301.57166804538707,308.0907915884966,297.7955107290664,304.35502760344764,304.35502760344764,21168523,US_ETFS
2022-07-01,SMH,309.27529648505873,314.72832536960317,306.01104540687334,308.371960788274,308.371960788274,60455207,US_ETFS
2022-07-04,SMH,308.9272223863941,312.0977719584309,304.6800806774383,307.7892127695366,307.7892127695366,62296003,US_ETFS
2022-07-05,SMH,311.25007708257897,312.2515399520274,304.6804365318861,308.3036371817798,308.3036371817798,46962423,US_ETFS
2022-07-06,SMH,312.6565223760504,320.5619911077378,312.2197002393176,315.32913613414064,315.32913613414064,13020790,US_ETFS
2022-07-07,SMH,314.71376023472214,314.95826421383236,311.1303108878925,314.92629302341084,314.92629302341084,11467791,US_ETFS
2022-07-08,SMH,312.3357590114798,323.1355085765334,306.66812635582426,315.33591088524355,315.33591088524355,21559790,US_ETFS
2022-07-11,SMH,312.11454483795336,314.4700258280023,307.2514749190531,311.86942629802337,311.86942629802337,44226500,US_ETFS
2022-07-12,SMH,313.4136194536488,321.48393356402033,313.6731494301967,314.8679880462128,314.8679880462128,6254205,US_ETFS
2022-07-13,SMH,319.084976142249,323.7265512899387,312.63909415113693,317.3858482548187,317.3858482548187,47311187,US_ETFS
2022-07-14,SMH,323.4043553990462,327.6613839073479,319.6090099375672,323.4210996888774,323.4210996888774,50469369,US_ETFS
2022-07-15,SMH,320.1809673055155,326.64070156138666,313.1709149603156,319.99847108204017,319.99847108204017,38385278,US_ETFS
2022-07-18,SMH,316.83963014899734,320.9466699666566,312.2797471405905,317.3884549470368,317.3884549470368,45882000,US_ETFS
2022-07-19,SMH,325.2488703637803,329.47633552650655,314.03333561667796,322.7341487063947,322.7341487063947,71204562,US_ETFS
2022-07-20,SMH,327.7433180210496,330.877260616344,315.29933422313593,324.684837833761,324.684837833761,16658819,US_ETFS
2022-07-21,SMH,316.26850740083836,324.66921352653185,309.70910428609074,319.124816964697,319.124816964697,42342919,US_ETFS
2022-07-22,SMH,325.8952724182609,332.91159124818734,321.40306319236413,327.78301833606685,327.78301833606685,32202690,US_ETFS
2022-07-25,SMH,318.3378723663448,326.2489829951615,308.44685375540854,316.97633627830606,316.97633627830606,29866951,US_ETFS
2022-07-26,SMH,321.14848786021196,325.857352168584,318.4507866033939,322.2653067683539,322.2653067683539,10931630,US_ETFS
2022-07-27,SMH,316.08028784369895,317.8791336264104,306.1335629544513,314.4328931769628,314.4328931769628,92767121,US_ETFS
2022-07-28,SMH,323.4999292467523,336.29194786897983,319.64946570232644,326.6064048533085,326.6064048533085,52518830,US_ETFS
2022-07-29,SMH,316.1434388255389,321.7721607948807,313.7578310883923,316.8434879833209,316.8434879833209,62646093,US_ETFS
2022-08-01,SMH,321.82074516244035,330.5079141264408,321.7818256111009,324.46199378271257,324.46199378271257,2745848,US_ETFS
2022-08-02,SMH,324.59851479984417,329.8836778333202,320.1071749599638,324.2567108322868,324.2567108322868,8156337,US_ETFS
2022-08-03,SMH,324.73823020072314,328.11365506880196,321.0850037676793,322.2035006735476,322.2035006735476,51582127,US_ETFS
2022-08-04,SMH,323.70263652924876,324.30701274648965,317.82682698846,323.7204132087628,323.7204132087628,81024313,US_ETFS
2022-08-05,SMH,329.76948112332894,330.1333573758602,319.64685549125005,328.13531439995006,328.13531439995006,34911674,US_ETFS
2022-08-08,SMH,325.40836513974915,323.2223569632656,317.82365540713647,322.52813485083374,322.52813485083374,60115313,US_ETFS
2022-08-09,SMH,315.9855052233943,324.93781449273905,311.61552974507276,317.58837311702814,317.58837311702814,2792834,US_ETFS
2022-08-10,SMH,322.73006383362747,326.7802535816685,320.1382696680195,322.0321005357473,322.0321005357473,99579074,US_ETFS
2022-08-11,SMH,313.83093841281976,314.0899839971842,306.3037491819754,311.35774788230935,311.35774788230935,32333711,US_ETFS
2022-08-12,SMH,309.728245286716,316.6281487602495,304.7151102765577,308.03102053611946,308.03102053611946,80752840,US_ETFS
2022-08-15,SMH,327.06115271897903,330.96285684542585,317.8636364237366,327.0715696690675,327.0715696690675,51530064,US_ETFS
2022-08-16,SMH,320.85718294263046,327.5433346488551,318.5502447101799,321.06645084297213,321.06645084297213,33154494,US_ETFS
2022-08-17,SMH,331.59870661951476,335.4500988247423,320.6050309739901,328.7579366661743,328.7579366661743,27840064,US_ETFS
2022-08-18,SMH,325.5188164396249,334.7119073734402,322.1243752080062,325.2339752886342,325.2339752886342,16887171,US_ETFS
2022-08-19,SMH,328.94198649907025,332.6966709050962,327.29597800631416,328.8703847847979,328.8703847847979,88966586,US_ETFS
2022-08-22,SMH,336.7763794040179,339.1919389559547,325.75250343897625,333.5032193246327,333.5032193246327,86044798,US_ETFS
2022-08-23,SMH,342.73910889156986,341.8191391137968,339.7526032133877,341.3669366571921,341.3669366571921,8027929,US_ETFS
2022-08-24,SMH,337.00494058114697,343.4653975426542,336.33505707616933,340.3411028855902,340.3411028855902,24861943,US_ETFS
2022-08-25,SMH,351.1349179692087,359.85006184353466,351.3149774239935,354.21942781779654,354.21942781779654,79807678,US_ETFS
2022-08-26,SMH,346.95100499142615,359.2551659478394,340.3622286602834,350.39855803162493,350.39855803162493,71897371,US_ETFS
2022-08-29,SMH,354.0370448491313,362.25971744729685,350.18012528788665,352.3903664933937,352.3903664933937,99461991,US_ETFS
2022-08-30,SMH,356.41024683848605,362.19787797292395,350.6315326966761,354.4714214206178,354.4714214206178,55031971,US_ETFS
2022-08-31,SMH,347.93957490101985,353.3271631350747,339.5356018607414,346.8717801566967,346.8717801566967,9155792,US_ETFS
2022-09-01,SMH,344.23872606540914,349.7303970682288,342.53607753320716,345.2354315772131,345.2354315772131,18090099,US_ETFS
2022-09-02,SMH,344.1922236266246,350.5065789363175,341.5636446611818,346.69587066109267,346.69587066109267,7234667,US_ETFS
2022-09-05,SMH,347.11831979309085,351.94464834499115,336.502870003988,344.04627490617906,344.04627490617906,18113191,US_ETFS
2022-09-06,SMH,361.9359651025733,366.92601635241573,350.54051331605086,361.18613713397605,361.18613713397605,75019505,US_ETFS
2022-09-07,SMH,356.027989205895,364.5629833239263,353.83530757559345,355.4893383675797,355.4893383675797,2506436,US_ETFS
2022-09-08,SMH,365.61605900443436,365.3045245156413,362.9689513577599,364.23028418262277,364.23028418262277,74723391,US_ETFS
2022-09-09,SMH,369.131619213936,377.8270116510551,360.6273302215116,370.83348648948896,370.83348648948896,32330978,US_ETFS
2022-09-12,SMH,369.0021445049284,372.2878785117293,369.64906572649187,371.10150910261035,371.10150910261035,7160046,US_ETFS
2022-09-13,SMH,362.04037163700156,369.7821141523054,361.5370397057879,365.05100290023677,365.05100290023677,70949520,US_ETFS
2022-09-14,SMH,362.47131725325113,368.2780133070391,354.07919631514386,359.80700639928784,359.80700639928784,11141769,US_ETFS
2022-09-15,SMH,357.93483483732484,360.31924225112743,355.52357276460833,356.43944813881075,356.43944813881075,84404174,US_ETFS
2022-09-16,SMH,342.95243185252025,346.3184730630082,335.07061151882834,344.06571484583725,344.06571484583725,90311252,US_ETFS
2022-09-19,SMH,336.4176578529709,341.09703312089533,331.6358004086846,337.50461957966877,337.50461957966877,73610707,US_ETFS
2022-09-20,SMH,324.9709687587531,333.67084010728047,318.46423006418865,327.8352707521764,327.8352707521764,26947295,US_ETFS
2022-09-21,SMH,339.7430060757624,346.5934607471988,334.2665686627273,336.98761194423565,336.98761194423565,75665984,US_ETFS
2022-09-22,SMH,339.7087533403162,349.0495517112105,333.3234855048181,341.49288284994435,341.49288284994435,25473364,US_ETFS
2022-09-23,SMH,348.7014757115633,355.6614079295837,343.46748288038185,347.2024669501333,347.2024669501333,17602574,US_ETFS
2022-09-26,SMH,348.7689278030976,357.7083391371435,341.32043748011,351.638547540972,351.638547540972,82472081,US_ETFS
2022-09-27,SMH,352.711247991277,358.8498936164569,350.202851940451,353.1644311396248,353.1644311396248,17143520,US_ETFS
2022-09-28,SMH,363.70441237717364,368.8939423635814,358.13791390578353,363.8348023422289,363.8348023422289,95327653,US_ETFS
2022-09-29,SMH,360.5018385676984,366.2921736868279,358.3725791623755,359.7543029420477,359.7543029420477,99652397,US_ETFS
2022-09-30,SMH,362.8508487479997,370.3785497906057,356.39615329449225,360.88155459522255,360.88155459522255,50710681,US_ETFS
2022-10-03,SMH,366.7963648692098,368.7692834031898,359.0507172341063,366.6344311730029,366.6344311730029,90394695,US_ETFS
2022-10-04,SMH,354.90980370618394,358.2383290668609,349.3997922459778,357.31304970053407,357.31304970053407,28046981,US_ETFS
2022-10-05,SMH,380.7402535610918,387.72685307232683,376.1315497937877,379.79939519322465,379.79939519322465,81699315,US_ETFS
2022-10-06,SMH,380.7764921334848,390.3131014273398,371.6855612336873,380.3961797769411,380.3961797769411,86988987,US_ETFS
2022-10-07,SMH,378.1922278651778,384.6463566455369,380.82571646837664,381.8568208480697,381.8568208480697,44766218,US_ETFS
2022-10-10,SMH,394.893647627188,397.33362265828845,381.8491403744826,391.83762665630104,391.83762665630104,33390645,US_ETFS
2022-10-11,SMH,398.11822937342095,410.1303565494226,394.29760504263965,399.3997428066223,399.3997428066223,79186783,US_ETFS
2022-10-12,SMH,397.995913810705,411.4918601348741,393.20658983114214,400.1033095724995,400.1033095724995,76173033,US_ETFS
2022-10-13,SMH,398.24816121388477,407.4795187771338,390.69049979482116,401.54471725918876,401.54471725918876,87826824,US_ETFS
2022-10-14,SMH,386.33296197506814,393.4186607693298,384.6815340820059,389.8666040449413,389.8666040449413,18054216,US_ETFS
2022-10-17,SMH,387.69272975312515,388.0537145520937,381.9042922291432,385.9175221874343,385.9175221874343,66664783,US_ETFS
2022-10-18,SMH,390.1556404644624,398.94327687440284,379.0407973174676,390.2954494110237,390.2954494110237,12538122,US_ETFS
2022-10-19,SMH,395.8027573388065,396.87444148889693,389.2497427978525,394.15073196252627,394.15073196252627,4253409,US_ETFS
2022-10-20,SMH,401.22823408094513,408.04869473886396,400.02472423876634,404.17135017872243,404.17135017872243,90058936,US_ETFS
2022-10-21,SMH,405.55338088553674,415.37269398193166,396.3478759340526,403.6014600208994,403.6014600208994,24929659,US_ETFS
2022-10-24,SMH,391.45287855883464,396.575856426201,388.95936803985785,392.8068442351603,392.8068442351603,67623453,US_ETFS
2022-10-25,SMH,401.7488585621159,406.1439212159889,399.70567715463216,401.50146999380064,401.50146999380064,3191777,US_ETFS
2022-10-26,SMH,411.1099404951028,414.76778372254927,403.69290159487736,413.4348111344848,413.4348111344848,12137297,US_ETFS
2022-10-27,SMH,423.16479496560646,426.1496148378987,420.3481817909193,421.275557452247,421.275557452247,81460274,US_ETFS
2022-10-28,SMH,420.9875391480485,423.2909808781693,409.0366139945159,420.31813569153036,420.31813569153036,5480573,US_ETFS
2022-10-31,SMH,426.95646522916593,439.20847124943964,420.37722533516876,429.5179417925619,429.5179417925619,29637897,US_ETFS
2022-11-01,SMH,455.3788891597741,471.2291411769261,455.0796217825772,459.4030311564552,459.4030311564552,20375628,US_ETFS
2022-11-02,SMH,461.0685250848091,473.5067308328189,460.3183153720268,460.92046063358436,460.92046063358436,76814604,US_ETFS
2022-11-03,SMH,449.9404843382907,455.02374699050597,439.2600350232202,449.28925548582595,449.28925548582595,96616618,US_ETFS
2022-11-04,SMH,442.06311726985865,446.38572295363,432.2978482145867,444.47031327299663,444.47031327299663,67226354,US_ETFS
2022-11-07,SMH,449.9161790551703,458.2220651843773,440.3984835183723,450.4748938622673,450.4748938622673,77530157,US_ETFS
2022-11-08,SMH,440.13228584920626,442.05597003219657,432.624963322089,436.4668877236993,436.4668877236993,64326762,US_ETFS
2022-11-09,SMH,437.64326360656986,446.20197139371874,432.85870318608227,438.38213126897693,438.38213126897693,16146582,US_ETFS
2022-11-10,SMH,441.8848068316682,451.31995582202956,431.5529452103456,442.15516922754955,442.15516922754955,49839301,US_ETFS
2022-11-11,SMH,453.1183788464061,461.8476393309983,445.41199310716337,456.17256464981216,456.17256464981216,41873067,US_ETFS
2022-11-14,SMH,470.42405294286635,475.7123758032794,465.1912500266317,468.58223616800757,468.58223616800757,79818900,US_ETFS
2022-11-15,SMH,473.18552062518916,484.666995395516,474.1632078897218,477.1533999056935,477.1533999056935,7639497,US_ETFS
2022-11-16,SMH,457.01877616335565,463.84083712038785,447.3005195831421,456.99196045016544,456.99196045016544,74730318,US_ETFS
2022-11-17,SMH,467.98964170058423,471.5912296755299,457.0387227639081,465.8672299039232,465.8672299039232,58117579,US_ETFS
2022-11-18,SMH,472.1647291925253,481.3793833625949,459.46781504769183,472.90660847030756,472.90660847030756,20096480,US_ETFS
2022-11-21,SMH,479.6616002865625,476.5632952661104,471.3983206946558,475.8002708252012,475.8002708252012,29526379,US_ETFS
2022-11-22,SMH,460.97334998151337,461.62142931585873,447.63986674611124,459.8112679718709,459.8112679718709,83026589,US_ETFS
2022-11-23,SMH,454.5057959936736,459.35929135566937,440.4452447933272,453.12769131762735,453.12769131762735,83243908,US_ETFS
2022-11-24,SMH,443.00035697822716,452.3344570179462,435.47181651649174,443.0064248542288,443.0064248542288,59206281,US_ETFS
2022-11-25,SMH,424.15747873938363,431.4960411030312,424.59875206552607,425.5961975823403,425.5961975823403,36377520,US_ETFS
2022-11-28,SMH,427.6654273565273,438.17899474792557,413.6891081185444,425.99698023277244,425.99698023277244,56016564,US_ETFS
2022-11-29,SMH,420.5204094101531,421.9635817337215,410.8725088596769,419.62558092305466,419.62558092305466,7995220,US_ETFS
2022-11-30,SMH,440.17439916923496,450.9421783312079,437.9626745563373,442.0781140883953,442.0781140883953,5934840,US_ETFS
2022-12-01,SMH,443.9552673441412,445.13391111664566,440.1930494844358,441.0279845885287,441.0279845885287,8404028,US_ETFS
2022-12-02,SMH,450.63216683169964,455.29923879147384,442.36067353544144,452.88063951084945,452.88063951084945,32846720,US_ETFS
2022-12-05,SMH,441.7971965056462,441.41141280053006,432.6282174267045,439.12122875518185,439.12122875518185,69115676,US_ETFS
2022-12-06,SMH,436.2269094524918,442.74790156062784,422.8385953931069,434.9048781768014,434.9048781768014,23623989,US_ETFS
2022-12-07,SMH,436.12781875858275,447.7500755719752,435.1633330544756,436.1826102344241,436.1826102344241,6532938,US_ETFS
2022-12-08,SMH,426.40972680500744,436.8375906864493,425.3540900453644,428.69637364869067,428.69637364869067,19833748,US_ETFS
2022-12-09,SMH,425.15455543049643,433.33782615682316,422.3322744248461,425.50515197178356,425.50515197178356,30768427,US_ETFS
2022-12-12,SMH,425.03902767934886,436.1078178466402,415.49162185174987,424.0758724540844,424.0758724540844,78507510,US_ETFS
2022-12-13,SMH,421.39055620346545,425.96700879212693,416.7579912415292,422.5160536665081,422.5160536665081,80906150,US_ETFS
2022-12-14,SMH,438.23156471138856,449.75650914576863,425.6042130754413,438.61491729142136,438.61491729142136,8130639,US_ETFS
2022-12-15,SMH,438.34949469470587,444.35667242240726,437.27042094884933,442.37144602675244,442.37144602675244,13973178,US_ETFS
2022-12-16,SMH,450.3704105454416,447.3666833827688,442.8209398394541,447.05625309504813,447.05625309504813,19284768,US_ETFS
2022-12-19,SMH,456.2323803312001,461.41318893504746,439.95231375060956,452.32843017581445,452.32843017581445,97260542,US_ETFS
2022-12-20,SMH,458.29632632797654,461.5447397275159,455.6592148375927,458.32292515689414,458.32292515689414,23068967,US_ETFS
2022-12-21,SMH,459.93227224328484,458.57721833696905,457.31573376188163,458.0214679839118,458.0214679839118,61206151,US_ETFS
2022-12-22,SMH,456.8355729621137,464.63295739406146,450.4591069513907,455.5413149735906,455.5413149735906,80788543,US_ETFS
2022-12-23,SMH,457.82436463132825,458.9642570043528,446.57610137119946,457.51668843079756,457.51668843079756,95353710,US_ETFS
2022-12-26,SMH,464.43636539583486,474.0604871921003,461.7064413628298,468.5593473566396,468.5593473566396,15500605,US_ETFS
2022-12-27,SMH,483.1090278677083,483.6702877772138,468.3165890278452,479.5820953148338,479.5820953148338,67428453,US_ETFS
2022-12-28,SMH,478.69270064375013,480.50978248177074,474.5925892998342,477.7558613165258,477.7558613165258,5687492,US_ETFS
2022-12-29,SMH,483.05240602974897,490.6025699970161,473.4339313962623,485.57045369189484,485.57045369189484,37272874,US_ETFS
2022-12-30,SMH,486.6319187799904,490.5492276187751,472.76612851088174,484.16633288331366,484.16633288331366,97650888,US_ETFS
2023-01-02,SMH,482.45505390199435,497.52499250600886,475.9313398265248,484.978478810453,484.978478810453,81912131,US_ETFS
2023-01-03,SMH,482.32834802866006,486.9864284504166,477.580249106308,480.8704843039168,480.8704843039168,7933487,US_ETFS
2023-01-04,SMH,479.9450943467374,493.85334161333805,468.9853561784063,479.60439906987483,479.60439906987483,33407208,US_ETFS
2023-01-05,SMH,496.1760726760511,504.3222830745447,488.7851872304555,492.9501595081593,492.9501595081593,2416441,US_ETFS
2023-01-06,SMH,490.57903129924966,507.36529242027757,481.9475342920136,494.35429005412345,494.35429005412345,30225691,US_ETFS
2023-01-09,SMH,494.05453283541743,507.98845392550965,482.2274225256657,496.18619411362005,496.18619411362005,78134588,US_ETFS
2023-01-10,SMH,483.3390460662125,485.8319523397756,474.7132193347818,482.3205906688623,482.3205906688623,24117674,US_ETFS
2023-01-11,SMH,482.7756168413053,485.3899650085775,467.8190837885882,479.81981717572785,479.81981717572785,38779312,US_ETFS
2023-01-12,SMH,481.0826473638191,482.76349984527434,471.67259335028143,477.98388353297213,477.98388353297213,61933353,US_ETFS
2023-01-13,SMH,466.49162410790325,483.9204761239093,462.43846599666114,470.535522952939,470.535522952939,51274181,US_ETFS
2023-01-16,SMH,474.408461684369,483.4486256527344,463.82711649144835,471.2099453924104,471.2099453924104,92798970,US_ETFS
2023-01-17,SMH,463.5655662963358,469.22491131368355,459.2640580797785,467.63645606697156,467.63645606697156,36052520,US_ETFS
2023-01-18,SMH,468.5168098456464,473.4668926900394,463.15958063268766,468.85227208796164,468.85227208796164,82441988,US_ETFS
2023-01-19,SMH,471.34000073082086,484.5367989753102,459.3545970382061,470.46046360443216,470.46046360443216,28092959,US_ETFS
2023-01-20,SMH,459.76087225488925,466.5929568710463,450.2520225715432,461.93803130257265,461.93803130257265,3701477,US_ETFS
2023-01-23,SMH,456.24105323774796,471.16948820837655,449.91052818564503,458.71645900433305,458.71645900433305,23457862,US_ETFS
2023-01-24,SMH,457.3018120946342,471.7861872190173,447.5542615784511,459.8850326034583,459.8850326034583,26356978,US_ETFS
2023-01-25,SMH,470.4885788872254,483.0365398093104,460.33791498465257,471.2377492862571,471.2377492862571,81577694,US_ETFS
2023-01-26,SMH,474.3029644721623,487.0942438917331,469.49221481817244,474.1285023392812,474.1285023392812,16510541,US_ETFS
2023-01-27,SMH,470.2808787980631,475.9035915256604,456.31904762305913,468.32578413162184,468.32578413162184,9034765,US_ETFS
2023-01-30,SMH,475.77950326245497,476.68912219286676,463.24819840745823,472.531394250656,472.531394250656,4972750,US_ETFS
2023-01-31,SMH,490.21334962420053,499.6667517371114,483.7302056294956,489.141334793354,489.141334793354,22325659,US_ETFS
2023-02-01,SMH,498.9737086260327,511.0612861568244,493.7588502751728,498.59845668046535,498.59845668046535,25994460,US_ETFS
2023-02-02,SMH,502.326178169154,518.9237101743221,499.11870260804574,504.556972798482,504.556972798482,1356819,US_ETFS
2023-02-03,SMH,515.2701378303425,523.1324687213087,510.4072734608685,512.383561419954,512.383561419954,98505520,US_ETFS
2023-02-06,SMH,528.7925064618627,535.5792413921017,521.6017563692844,527.6521205819392,527.6521205819392,89968602,US_ETFS
2023-02-07,SMH,536.7681155724767,544.1563425042605,537.5495754689109,539.5309078788846,539.5309078788846,76152790,US_ETFS
2023-02-08,SMH,547.2298874869983,556.1660385298427,542.6063680452107,546.1861336462473,546.1861336462473,65465670,US_ETFS
2023-02-09,SMH,561.3705421323821,564.4012827251482,544.981562525796,558.4058710232746,558.4058710232746,35530268,US_ETFS
2023-02-10,SMH,549.7077077271626,547.4376643995153,537.8415729141138,546.8842704432457,546.8842704432457,96983129,US_ETFS
2023-02-13,SMH,536.1106661982708,535.4881672878748,523.9683644485339,530.9998499829219,530.9998499829219,7234812,US_ETFS
2023-02-14,SMH,537.1805430387342,542.2941041789423,527.039175385652,533.1992370313926,533.1992370313926,12164285,US_ETFS
2023-02-15,SMH,539.2404744796847,542.9663495652114,529.928395344106,534.464846308113,534.464846308113,35671297,US_ETFS
2023-02-16,SMH,526.7584214917134,538.7393621299575,514.4216036130862,529.185295091293,529.185295091293,85812686,US_ETFS
2023-02-17,SMH,538.0283997983722,551.8060451272197,531.6203635154257,538.4550621620785,538.4550621620785,25978406,US_ETFS
2023-02-20,SMH,523.9493435679286,523.6630615355718,513.8924233172013,518.9321506593992,518.9321506593992,98979593,US_ETFS
2023-02-21,SMH,510.1383728580806,525.6260448705402,499.4734226794623,513.9008724710775,513.9008724710775,51667704,US_ETFS
2023-02-22,SMH,504.3617811142371,515.1623845364317,507.7252927260324,509.4303917911027,509.4303917911027,42202578,US_ETFS
2023-02-23,SMH,496.1294044797562,499.76025847706734,486.87653737367833,493.26818499345984,493.26818499345984,56122158,US_ETFS
2023-02-24,SMH,509.3383237288417,521.5705115235374,503.803486424876,508.5075181986369,508.5075181986369,82345455,US_ETFS
2023-02-27,SMH,495.8457427189471,499.65734601491613,490.80841616901756,495.19274443962695,495.19274443962695,36752614,US_ETFS
2023-02-28,SMH,491.0631555735318,493.25307330795357,476.3360342319483,489.86110263122737,489.86110263122737,57916345,US_ETFS
2023-03-01,SMH,503.4404723741488,499.9416596476563,494.1152157432534,499.24664304036384,499.24664304036384,3257958,US_ETFS
2023-03-02,SMH,503.89090188422597,519.2869516601479,505.64065764203525,506.1966090625773,506.1966090625773,44178562,US_ETFS
2023-03-03,SMH,491.69393438647535,501.6798530168708,483.01460108945383,495.4837201994493,495.4837201994493,62684032,US_ETFS
2023-03-06,SMH,505.1229990686566,508.0077335144103,488.49878544532766,502.7424497676575,502.7424497676575,71216947,US_ETFS
2023-03-07,SMH,505.3672868702408,512.6347004183016,492.2089253377082,506.15893139153076,506.15893139153076,58064064,US_ETFS
2023-03-08,SMH,532.4716130766196,536.917224585941,526.7242131191778,530.2828260632579,530.2828260632579,72632369,US_ETFS
2023-03-09,SMH,536.2510860870036,543.1451767752906,525.0798071729185,535.0971621971985,535.0971621971985,21620273,US_ETFS
2023-03-10,SMH,537.2606723452022,549.3136987668237,519.8419984219256,534.120697406649,534.120697406649,32822138,US_ETFS
2023-03-13,SMH,524.5174203463843,538.249900677044,516.123193287347,525.5053096507199,525.5053096507199,55243529,US_ETFS
2023-03-14,SMH,522.6305300528844,526.5419226994084,510.2033664391651,518.208738140221,518.208738140221,5159840,US_ETFS
2023-03-15,SMH,505.7751332993378,510.28209988648416,496.1912776877777,510.1685316592063,510.1685316592063,41430279,US_ETFS
2023-03-16,SMH,524.3386324328161,537.9749673651042,515.0789585897148,524.668529563928,524.668529563928,61340658,US_ETFS
2023-03-17,SMH,523.2438210666562,538.5253706232239,522.7680417158027,525.3817630712535,525.3817630712535,6261809,US_ETFS
2023-03-20,SMH,528.5661616053255,536.118408972716,527.3421705351017,531.8465554456208,531.8465554456208,67380846,US_ETFS
2023-03-21,SMH,545.3899678076543,559.6194644009385,546.9858095475568,548.485349403899,548.485349403899,15573043,US_ETFS
2023-03-22,SMH,523.2544751348362,537.6312045444629,509.67137671310775,523.1621741713984,523.1621741713984,96906590,US_ETFS
2023-03-23,SMH,538.6828492402707,547.9552297585024,526.9961364228349,537.066503930198,537.066503930198,62659073,US_ETFS
2023-03-24,SMH,534.4002201748234,546.977793411467,531.9651702297872,538.1986069489283,538.1986069489283,44811184,US_ETFS
2023-03-27,SMH,543.6761544122946,545.5128442054075,537.5590731077506,543.4196541073229,543.4196541073229,7281506,US_ETFS
2023-03-28,SMH,540.0917239346156,536.8618933437125,530.8106527150782,534.9596619169536,534.9596619169536,89237999,US_ETFS
2023-03-29,SMH,527.2330199634065,529.561514186596,521.3359266367354,527.4153997208853,527.4153997208853,12470931,US_ETFS
2023-03-30,SMH,529.9030192133332,533.9314243967317,526.0907488511656,533.0993121281588,533.0993121281588,80856976,US_ETFS
2023-03-31,SMH,560.0181937360767,569.2264072842415,555.6928234366856,559.0569603814675,559.0569603814675,35045490,US_ETFS
2023-04-03,SMH,574.7757231861744,572.3387426104847,556.1421183296642,570.8342031613001,570.8342031613001,48885312,US_ETFS
2023-04-04,SMH,589.8034901749031,591.4422642532068,579.8977467956904,585.8531127330676,585.8531127330676,75408881,US_ETFS
2023-04-05,SMH,587.5191091674614,588.2139537475169,567.1390451914259,584.1892750091736,584.1892750091736,9364520,US_ETFS
2023-04-06,SMH,572.7747653438365,588.082576745327,565.2336681935003,577.7608068678203,577.7608068678203,96127726,US_ETFS
2023-04-07,SMH,568.2338795650597,569.748161962087,559.0190381506834,569.3161976980748,569.3161976980748,29679906,US_ETFS
2023-04-10,SMH,563.5690776033616,572.5955500702895,563.2336870306417,564.325871088169,564.325871088169,49112196,US_ETFS
2023-04-11,SMH,540.9231479516188,553.301447262469,531.2283003986048,541.7214322641883,541.7214322641883,19336356,US_ETFS
2023-04-12,SMH,531.2682262725334,538.4332661351202,531.5400846682151,534.4090668023074,534.4090668023074,66064106,US_ETFS
2023-04-13,SMH,534.1849393067232,539.3023854342529,519.3271149882581,528.9543197249163,528.9543197249163,41582865,US_ETFS
2023-04-14,SMH,525.6503861615232,542.0493894508309,512.2899649338341,527.6281447677367,527.6281447677367,50180841,US_ETFS
2023-04-17,SMH,527.3241041524759,541.7805299845968,527.4418150238146,529.5460742320827,529.5460742320827,76793235,US_ETFS
2023-04-18,SMH,537.320131015498,535.9149490965707,518.267499514991,533.9143089979688,533.9143089979688,98565716,US_ETFS
2023-04-19,SMH,538.9555328405912,542.2396218841243,530.3446058241266,534.2888459086782,534.2888459086782,58618918,US_ETFS
2023-04-20,SMH,527.7634882286204,531.8759588112043,521.8911764987753,528.6099636433139,528.6099636433139,66725093,US_ETFS
2023-04-21,SMH,504.0187596222357,513.4666616453152,508.1101569706906,508.3815547862497,508.3815547862497,75200055,US_ETFS
2023-04-24,SMH,504.4558785053319,503.9862091359052,488.48135130021797,503.0404106446116,503.0404106446116,3239534,US_ETFS
2023-04-25,SMH,494.6481907302587,505.2599832452563,482.0888656381058,493.7598116929825,493.7598116929825,4394228,US_ETFS
2023-04-26,SMH,502.91092523624,512.601327906196,490.4544822079735,498.85607210200357,498.85607210200357,48726236,US_ETFS
2023-04-27,SMH,503.798965558983,516.9983787034614,502.18281761723324,508.4269989566351,508.4269989566351,77507834,US_ETFS
2023-04-28,SMH,517.482635710127,529.1119992122619,516.9019825628718,518.479323374248,518.479323374248,14162274,US_ETFS
2023-05-01,SMH,523.0507367977024,527.5666388587886,518.2911635268811,526.847089546699,526.847089546699,79602804,US_ETFS
2023-05-02,SMH,527.1284366897355,535.0392023423154,515.2274122938121,525.9669837341912,525.9669837341912,34624886,US_ETFS
2023-05-03,SMH,519.563877843024,525.9143863646624,509.8720105858603,521.0023228295928,521.0023228295928,17002393,US_ETFS
2023-05-04,SMH,508.7349267079762,522.9271514365353,499.2143526614269,513.7384797513639,513.7384797513639,61331383,US_ETFS
2023-05-05,SMH,501.58523132633417,508.82990786361523,491.31992405776367,498.763014198279,498.763014198279,72120847,US_ETFS
2023-05-08,SMH,512.4561657726342,512.5884784793182,504.0214927694383,509.15577603865756,509.15577603865756,23148847,US_ETFS
2023-05-09,SMH,507.4000155706028,521.3711814310493,502.6260552937937,507.88582913270113,507.88582913270113,38072222,US_ETFS
2023-05-10,SMH,499.3066674592189,503.3983968821096,487.770539382336,495.7337434936912,495.7337434936912,86219319,US_ETFS
2023-05-11,SMH,487.9426182704395,498.0138036234432,486.78115591323507,488.0350839642632,488.0350839642632,18684539,US_ETFS
2023-05-12,SMH,479.14274492927086,487.1874356781317,466.15252153794313,480.0608497761305,480.0608497761305,97094511,US_ETFS
2023-05-15,SMH,484.3321909091344,485.50765369090357,467.04440022159474,480.9539980426575,480.9539980426575,69244745,US_ETFS
2023-05-16,SMH,490.65017742633694,502.05348073128096,491.4592823763805,491.7030106557891,491.7030106557891,15469313,US_ETFS
2023-05-17,SMH,491.99539008980406,498.2387239245175,483.432312149475,488.7725634821869,488.7725634821869,50565997,US_ETFS
2023-05-18,SMH,471.0277914197551,476.0947953041712,461.66084474281905,467.2418044386622,467.2418044386622,12912339,US_ETFS
2023-05-19,SMH,464.0191498182771,479.61665730117625,459.8276230799081,465.94118701982154,465.94118701982154,47712106,US_ETFS
2023-05-22,SMH,464.9385478413341,477.28355177998145,456.5276623949125,464.9515847825105,464.9515847825105,69674026,US_ETFS
2023-05-23,SMH,462.3002466116849,463.7293066338317,450.3847053574979,463.32499601083066,463.32499601083066,94963640,US_ETFS
2023-05-24,SMH,462.087960137066,470.9394752979104,446.7731649462638,457.9739521577554,457.9739521577554,68775008,US_ETFS
2023-05-25,SMH,463.59596443772347,468.7187238386972,458.56754675437395,460.4235548129844,460.4235548129844,39730598,US_ETFS
2023-05-26,SMH,465.8430233191002,466.3544665940791,449.47814073209844,461.49303691492133,461.49303691492133,10227935,US_ETFS
2023-05-29,SMH,460.1941191433544,466.58667100705907,461.01056354262573,461.72534961035905,461.72534961035905,12790338,US_ETFS
2023-05-30,SMH,463.13792890424645,477.7102164986778,465.111259215498,465.99761449748837,465.99761449748837,30571389,US_ETFS
2023-05-31,SMH,457.92712494417503,472.1085406426466,453.8516745316953,462.45759070759345,462.45759070759345,64853243,US_ETFS
2023-06-01,SMH,457.26783583873924,461.28376475561447,448.5132776667133,458.419543568649,458.419543568649,81300669,US_ETFS
2023-06-02,SMH,468.1232575238409,478.4181347977481,468.0131547262527,471.5314728818217,471.5314728818217,17642579,US_ETFS
2023-06-05,SMH,479.5148446636942,484.98273409239494,474.1826623612366,477.2780779588542,477.2780779588542,31690001,US_ETFS
2023-06-06,SMH,490.18161853615396,498.0138325489565,472.82866235282034,485.6490205676615,485.6490205676615,46541197,US_ETFS
2023-06-07,SMH,499.2770282101982,503.67320451262077,496.8826803789018,498.04379940784935,498.04379940784935,40705861,US_ETFS
2023-06-08,SMH,504.72762177487334,508.12044028764217,490.96527374143375,503.7807079671537,503.7807079671537,15958915,US_ETFS
2023-06-09,SMH,512.2736222933297,515.5632387135144,507.4004527860452,513.638574795999,513.638574795999,4926469,US_ETFS
2023-06-12,SMH,495.66288108690264,503.91408006694854,490.78520427109703,497.9279614076605,497.9279614076605,54825939,US_ETFS
2023-06-13,SMH,498.2068136563964,508.31178958806174,492.8168899697025,500.4589677949975,500.4589677949975,32301627,US_ETFS
2023-06-14,SMH,502.42682645831877,507.3009498194506,494.1551857342766,499.13056490685875,499.13056490685875,94786512,US_ETFS
2023-06-15,SMH,519.9415283926562,531.5989467422771,505.6537465360961,516.377363632287,516.377363632287,38444067,US_ETFS
2023-06-16,SMH,524.1666206572759,536.9506329079261,510.98280989732814,526.4740440778764,526.4740440778764,63044792,US_ETFS
2023-06-19,SMH,524.3338177827065,525.4998476689393,514.0093558697621,520.3622575386277,520.3622575386277,90721248,US_ETFS
2023-06-20,SMH,527.4582596319714,540.212596458786,512.5653666757403,524.7623799947556,524.7623799947556,45403055,US_ETFS
2023-06-21,SMH,527.3744856197285,541.2854191360133,518.3246867760596,527.0469994871808,527.0469994871808,26284340,US_ETFS
2023-06-22,SMH,531.6776541033486,540.6091546871097,530.818424668423,532.3631268589797,532.3631268589797,74632504,US_ETFS
2023-06-23,SMH,517.968889846965,528.3891964259861,509.4460701325468,522.0476067303784,522.0476067303784,47289465,US_ETFS
2023-06-26,SMH,529.9288197998419,531.7268262286885,511.20762881052536,526.3285690183318,526.3285690183318,21737374,US_ETFS
2023-06-27,SMH,519.6100687633007,538.1796540978103,512.6183914398464,524.4532461235405,524.4532461235405,23966399,US_ETFS
2023-06-28,SMH,533.0586261947293,535.8955514475911,512.8771591188936,527.9403332821798,527.9403332821798,50997848,US_ETFS
2023-06-29,SMH,520.5266653588523,527.8372357170119,515.5873421760379,520.8196307054766,520.8196307054766,53836448,US_ETFS
2023-06-30,SMH,514.7572820335807,515.8142132980329,511.2205546872144,515.2462026388591,515.2462026388591,22099157,US_ETFS
2023-07-03,SMH,531.736876697569,537.3413474020316,515.7643192331107,527.8578017113354,527.8578017113354,95725777,US_ETFS
2023-07-04,SMH,518.7744929701156,532.5329697413092,512.4461883119835,517.2843078622395,517.2843078622395,19440451,US_ETFS
2023-07-05,SMH,506.7042875734133,514.8566008856086,494.0491749940044,507.68605199805586,507.68605199805586,56434103,US_ETFS
2023-07-06,SMH,505.55992692804404,518.9803906636544,499.9661254229118,507.66999635339647,507.66999635339647,17051062,US_ETFS
2023-07-07,SMH,501.109075466015,514.0205786443635,487.69241169219197,500.3403546706324,500.3403546706324,59094187,US_ETFS
2023-07-10,SMH,490.7749210499482,493.2681498486053,485.05258613961325,491.9843842301024,491.9843842301024,75455864,US_ETFS
2023-07-11,SMH,492.13115623084667,496.9961462419637,479.72091927914613,493.5102833541784,493.5102833541784,82334014,US_ETFS
2023-07-12,SMH,480.47357515601584,481.1146700440253,477.0654985510433,479.14848408738766,479.14848408738766,11218739,US_ETFS
2023-07-13,SMH,471.0614761126169,471.59768677560317,458.088117325588,469.968361033951,469.968361033951,99303535,US_ETFS
2023-07-14,SMH,488.43642050807085,496.4110114486369,479.2894535628451,489.745528085259,489.745528085259,93778147,US_ETFS
2023-07-17,SMH,498.63523661485493,495.5905728893492,492.2264145634822,494.73579072127995,494.73579072127995,75705122,US_ETFS
2023-07-18,SMH,489.68649978127473,489.79318903650886,480.4956261023305,487.84349430382554,487.84349430382554,78300648,US_ETFS
2023-07-19,SMH,489.64229364789276,505.2827774985892,491.629290078957,492.41180790116795,492.41180790116795,78437313,US_ETFS
2023-07-20,SMH,499.6461187922485,503.20514936294325,487.71006344226066,498.4914242260775,498.4914242260775,78454213,US_ETFS
2023-07-21,SMH,513.3203157964275,514.5189175412405,498.4305558606931,508.9040568611382,508.9040568611382,60659011,US_ETFS
2023-07-24,SMH,508.374910066494,521.6918758824289,508.07047538145497,508.1187565331016,508.1187565331016,28929049,US_ETFS
2023-07-25,SMH,518.9473848255994,521.3240325838351,504.4271743263683,518.5504112594425,518.5504112594425,65111916,US_ETFS
2023-07-26,SMH,497.70796237402067,510.0981057983315,491.19294728655757,497.92821599454135,497.92821599454135,56306648,US_ETFS
2023-07-27,SMH,483.0546080245513,493.2596653632899,485.87532716230754,487.9068317515695,487.9068317515695,69279179,US_ETFS
2023-07-28,SMH,489.7882849030614,494.4295982406755,483.116769485888,489.99381811203943,489.99381811203943,21753358,US_ETFS
2023-07-31,SMH,497.9116057585236,494.51359141685646,480.8961199436218,493.7141797965165,493.7141797965165,51624520,US_ETFS
2023-08-01,SMH,486.35896506270603,489.6094671490501,471.1333103600937,485.20469709012673,485.20469709012673,28903244,US_ETFS
2023-08-02,SMH,489.07515556018956,502.757137499202,475.30263526579756,488.20733775281616,488.20733775281616,54096652,US_ETFS
2023-08-03,SMH,487.33741419643115,492.7588002089861,479.5826859452286,482.6042773506757,482.6042773506757,41154024,US_ETFS
2023-08-04,SMH,478.82341553149837,485.37171518191747,469.45363917490164,480.4136487575224,480.4136487575224,58842029,US_ETFS
2023-08-07,SMH,486.20683775933986,503.65835059549704,486.3708733975365,490.74036882085176,490.74036882085176,99710412,US_ETFS
2023-08-08,SMH,504.6954450957993,514.2644096006277,487.98153904871407,500.1521556388369,500.1521556388369,22840719,US_ETFS
2023-08-09,SMH,490.99891418282255,493.98048579444213,486.8561541356645,490.67867035382176,490.67867035382176,61484225,US_ETFS
2023-08-10,SMH,476.3786452683294,494.7772281432355,467.5431595254929,480.7939341919024,480.7939341919024,38695989,US_ETFS
2023-08-11,SMH,477.46816378237264,483.99559134214417,464.6881619504595,477.32093463643184,477.32093463643184,69171585,US_ETFS
2023-08-14,SMH,475.42369610663013,483.9445005606595,471.3974341894737,477.5429241815897,477.5429241815897,95974181,US_ETFS
2023-08-15,SMH,468.6736147881507,473.0046658476566,459.2743579104367,471.73697174479867,471.73697174479867,89771912,US_ETFS
2023-08-16,SMH,485.6106638049885,489.41603755238094,472.48646218233125,482.026899009252,482.026899009252,56772941,US_ETFS
2023-08-17,SMH,481.67420693165616,494.54268453315484,485.65951462052175,485.857950871183,485.857950871183,33173753,US_ETFS
2023-08-18,SMH,494.52877524146936,494.7619112645088,476.4661798416803,490.28980240931196,490.28980240931196,25763261,US_ETFS
2023-08-21,SMH,476.5865481472076,487.37883371333743,467.4306990806241,478.36067076797826,478.36067076797826,50637389,US_ETFS
2023-08-22,SMH,493.75153617633936,490.5982931971123,476.45029995383663,490.00675084972505,490.00675084972505,20434472,US_ETFS
2023-08-23,SMH,466.41568746461087,468.42501294498766,451.29525636409807,462.8587223718976,462.8587223718976,67494889,US_ETFS
2023-08-24,SMH,467.9896721342551,484.0157627297288,467.57310357474665,471.0425779108757,471.0425779108757,25169871,US_ETFS
2023-08-25,SMH,483.3337333887355,481.8412100705046,477.1162131731131,480.3156326784832,480.3156326784832,50864079,US_ETFS
2023-08-28,SMH,479.7925530584112,478.75107975528226,468.8109140863785,476.6421673143949,476.6421673143949,71412818,US_ETFS
2023-08-29,SMH,492.7817109841819,502.9851182739561,477.73663401944174,489.2532631766182,489.2532631766182,65630011,US_ETFS
2023-08-30,SMH,488.47574111430725,490.77017948682357,478.71059444923685,489.12510276616734,489.12510276616734,99280993,US_ETFS
2023-08-31,SMH,492.5462852257447,490.4707319959012,482.92659520715927,490.22496613505155,490.22496613505155,61850016,US_ETFS
2023-09-01,SMH,495.91824927016035,504.7113899669389,485.7721953765102,494.0441008673287,494.0441008673287,23112672,US_ETFS
2023-09-04,SMH,530.6764817184427,537.01822076919,522.2868071614199,526.0243157112376,526.0243157112376,32909861,US_ETFS
2023-09-05,SMH,545.2571174569814,555.0901876999554,534.12262577667,540.6944385573157,540.6944385573157,4792414,US_ETFS
2023-09-06,SMH,543.8612406314799,553.4916641023347,538.4588970854546,548.8170878143628,548.8170878143628,58835268,US_ETFS
2023-09-07,SMH,540.7902422742831,550.9525759603578,539.03870143354,539.3466509005701,539.3466509005701,11403473,US_ETFS
2023-09-08,SMH,539.9132801410427,543.9502895591067,540.2114644093683,541.434891380986,541.434891380986,64455475,US_ETFS
2023-09-11,SMH,536.5338180485774,545.20961806185,520.1025875333992,533.1712511637473,533.1712511637473,66919797,US_ETFS
2023-09-12,SMH,545.024299753754,546.8939024075717,526.3105997156989,542.4709397957324,542.4709397957324,19133399,US_ETFS
2023-09-13,SMH,541.4280205398734,549.2572580387205,528.6042463369043,544.5373957822712,544.5373957822712,98840570,US_ETFS
2023-09-14,SMH,535.9776455632234,542.8905691687635,524.5218239759305,532.8350510397005,532.8350510397005,97091463,US_ETFS
2023-09-15,SMH,536.3225673364973,549.3735700207419,529.159055659929,534.2324065216677,534.2324065216677,34043704,US_ETFS
2023-09-18,SMH,529.4204220572997,528.0542332452001,510.7729417414872,525.6909121484276,525.6909121484276,51239961,US_ETFS
2023-09-19,SMH,532.3077429470734,533.1393052438093,516.469830823258,527.8064629271075,527.8064629271075,48804637,US_ETFS
2023-09-20,SMH,520.582633808707,527.1228388446622,504.2000380461622,519.2657381954015,519.2657381954015,69518434,US_ETFS
2023-09-21,SMH,517.4838384325849,534.2633548331156,515.4829861200484,520.0704716581639,520.0704716581639,37788904,US_ETFS
2023-09-22,SMH,524.1917576310524,542.6626608400352,523.86106879708,528.3964864310584,528.3964864310584,26632844,US_ETFS
2023-09-25,SMH,532.8052677014633,541.1325806840366,526.1280015092054,528.3642331948616,528.3642331948616,77163125,US_ETFS
2023-09-26,SMH,529.0968510799206,525.9979608827456,511.7707264491119,524.7619698370682,524.7619698370682,55194585,US_ETFS
2023-09-27,SMH,529.2049273419526,535.2184039042394,516.37910187756,527.4201644105683,527.4201644105683,4375688,US_ETFS
2023-09-28,SMH,538.1142953878191,535.8372162171192,527.990063893399,535.3017480246341,535.3017480246341,15945534,US_ETFS
2023-09-29,SMH,527.3744586699177,528.9141012733817,516.8453811377015,523.9835069776319,523.9835069776319,43446323,US_ETFS
2023-10-02,SMH,530.1125547249617,534.8494243084624,514.7599909806836,527.2390810057643,527.2390810057643,8277319,US_ETFS
2023-10-03,SMH,538.3184791541998,550.6218132807317,526.2695186371625,541.6595002988964,541.6595002988964,8401026,US_ETFS
2023-10-04,SMH,543.4040989404867,550.9913400949227,537.8671415238093,548.4156946806243,548.4156946806243,40500298,US_ETFS
2023-10-05,SMH,553.1760319562884,550.7836045552216,546.3591148045311,549.5975759846089,549.5975759846089,30702614,US_ETFS
2023-10-06,SMH,558.5913644267767,568.632055072415,555.1030326944395,557.1791372195564,557.1791372195564,94436666,US_ETFS
2023-10-09,SMH,560.9896084050209,574.8194347647377,553.9283591431655,562.7787480569,562.7787480569,23053053,US_ETFS
2023-10-10,SMH,575.783372076273,585.8603784788647,565.02924190855,571.8237405799018,571.8237405799018,59272150,US_ETFS
2023-10-11,SMH,546.5886419249682,560.6159293221697,544.1569421253266,549.2489214310783,549.2489214310783,84563794,US_ETFS
2023-10-12,SMH,529.7223198499012,532.9700766066852,528.4421914599118,532.7334882344086,532.7334882344086,19914196,US_ETFS
2023-10-13,SMH,544.0624963612105,547.2966131945428,531.5177189825519,543.9723444803193,543.9723444803193,24895693,US_ETFS
2023-10-16,SMH,530.3258742722568,537.30511597369,512.5133805197853,528.1397119737209,528.1397119737209,99990196,US_ETFS
2023-10-17,SMH,536.8476988229734,545.0592860485411,526.7308360701168,532.9092216739958,532.9092216739958,75574395,US_ETFS
2023-10-18,SMH,534.5278493126514,530.0614067136779,521.1420808846859,529.6899207319344,529.6899207319344,22581832,US_ETFS
2023-10-19,SMH,520.2677098846041,526.9380859576157,510.68995877686825,519.6661826019914,519.6661826019914,55545259,US_ETFS
2023-10-20,SMH,528.64013608161,532.4972535804926,510.52167635612943,523.8198718754842,523.8198718754842,32662208,US_ETFS
2023-10-23,SMH,525.7980610321231,533.8792710226561,522.0477089619516,526.4497986305495,526.4497986305495,38599235,US_ETFS
2023-10-24,SMH,550.2780975720551,558.7551423360408,538.7102046289065,549.1960377139321,549.1960377139321,35829973,US_ETFS
2023-10-25,SMH,540.8827203547286,552.8434537277278,540.7185080204155,542.8823569946384,542.8823569946384,26050122,US_ETFS
2023-10-26,SMH,553.9418722806462,560.279264727275,554.9794606304529,559.0614468779328,559.0614468779328,2933398,US_ETFS
2023-10-27,SMH,560.6914962363464,574.6346035433002,562.5279025716248,563.5610296133834,563.5610296133834,44236931,US_ETFS
2023-10-30,SMH,561.2734061720228,569.8886995207554,551.5731930994781,556.6740671998131,556.6740671998131,92555742,US_ETFS
2023-10-31,SMH,564.2002951561255,567.3607308514031,549.2462155692227,566.1291367910363,566.1291367910363,87132230,US_ETFS
2020-01-01,QQQ,208.32133498913063,210.9171870861402,202.77932231628145,208.34417133136043,208.34417133136043,1916138,US_ETFS
2020-01-02,QQQ,208.7853413831803,210.68936343577968,205.8732366881258,206.81534331837898,206.81534331837898,5629241,US_ETFS
2020-01-03,QQQ,202.87073434714443,204.14472317863093,200.88470725630992,202.71624162938565,202.71624162938565,25268084,US_ETFS
2020-01-06,QQQ,205.9009477055675,208.6933126901574,204.8041791263948,205.2843870786093,205.2843870786093,53126126,US_ETFS
2020-01-07,QQQ,206.0937020018574,205.3995081236511,199.43116771957173,204.90040398982492,204.90040398982492,58252358,US_ETFS
2020-01-08,QQQ,201.10190449436993,200.19142582461873,193.3649703433739,199.3056643103218,199.3056643103218,64783013,US_ETFS
2020-01-09,QQQ,208.68128294361662,211.62149486686855,208.25208004719406,208.39996716450364,208.39996716450364,94024279,US_ETFS
2020-01-10,QQQ,207.73577321730406,207.70861831541131,207.0090346220734,207.13923511793945,207.13923511793945,6027580,US_ETFS
2020-01-13,QQQ,206.2311738259201,209.5715226843934,202.69628237162655,205.78094255969762,205.78094255969762,31369816,US_ETFS
2020-01-14,QQQ,206.77573413621872,209.84527353367776,206.52418130362338,206.64454488965748,206.64454488965748,28964453,US_ETFS
2020-01-15,QQQ,212.08919248429868,219.78060927234512,209.34560634762983,214.00157328212964,214.00157328212964,99615401,US_ETFS
2020-01-16,QQQ,206.20709732397694,212.4822999244421,203.2807707819636,207.0262120036444,207.0262120036444,45859415,US_ETFS
2020-01-17,QQQ,207.2197824058476,212.99185969961718,202.72392830220588,208.37596431509093,208.37596431509093,24295531,US_ETFS
2020-01-20,QQQ,215.87244346595318,221.82140468294887,210.9146949201501,217.28308726944184,217.28308726944184,75245555,US_ETFS
2020-01-21,QQQ,217.12029611996283,220.80704330303567,215.5456550698502,218.05978166013597,218.05978166013597,85357406,US_ETFS
2020-01-22,QQQ,214.04575246118765,216.65192314208352,211.13422439235995,212.8903082857108,212.8903082857108,93860864,US_ETFS
2020-01-23,QQQ,211.11555033397127,216.5978766301645,206.8072644885289,210.4701846606024,210.4701846606024,82298083,US_ETFS
2020-01-24,QQQ,212.87626522685883,213.6923792621831,205.43330583047938,211.55150693008227,211.55150693008227,3172205,US_ETFS
2020-01-27,QQQ,218.56205124715703,223.69091160218883,215.18343436035835,217.3937299126537,217.3937299126537,65162948,US_ETFS
2020-01-28,QQQ,216.40470729982258,221.07340218278074,210.51937391971856,216.13573394435298,216.13573394435298,60701412,US_ETFS
2020-01-29,QQQ,221.31475743718582,221.985634033518,218.41708755958666,219.9252495373869,219.9252495373869,43636101,US_ETFS
2020-01-30,QQQ,214.59181221471962,215.03287782778915,209.46727190633376,213.83169783759485,213.83169783759485,40015271,US_ETFS
2020-01-31,QQQ,209.1001067101201,208.10098777952652,203.70564246330972,207.87127453203573,207.87127453203573,65332411,US_ETFS
2020-02-03,QQQ,207.8892264777559,210.4820889428217,201.14907366765345,206.07193791653006,206.07193791653006,90554510,US_ETFS
2020-02-04,QQQ,212.94769416061385,214.05191661377887,206.66765302651115,212.20475716436766,212.20475716436766,75010233,US_ETFS
2020-02-05,QQQ,212.3878159990453,217.24335674553896,207.17230835138423,212.7092724445881,212.7092724445881,97589561,US_ETFS
2020-02-06,QQQ,216.09235804027267,216.24500865910835,211.44565913294102,214.1548922881381,214.1548922881381,11844123,US_ETFS
2020-02-07,QQQ,214.47170177649832,221.26653313215292,213.226544027228,215.56008929717777,215.56008929717777,62434713,US_ETFS
2020-02-10,QQQ,221.28976861955366,225.73082209225745,219.34813036603876,220.5576688219857,220.5576688219857,31176500,US_ETFS
2020-02-11,QQQ,217.86110654543467,220.47345617201617,211.65570005194962,218.08644942254594,218.08644942254594,83659139,US_ETFS
2020-02-12,QQQ,221.2167398566829,227.1442887778063,218.99851171682965,221.3066489819807,221.3066489819807,78797004,US_ETFS
2020-02-13,QQQ,216.64641107013085,222.89787750247413,214.86720234492782,217.85035847026265,217.85035847026265,11642432,US_ETFS
2020-02-14,QQQ,225.6812716147342,229.4453244690497,221.61319092019104,226.70934200946508,226.70934200946508,8225288,US_ETFS
2020-02-17,QQQ,224.01948752800436,228.10365274783797,218.92617336063665,223.3069285393679,223.3069285393679,76306294,US_ETFS
2020-02-18,QQQ,218.17594759774576,223.4570121119544,213.38939999578866,219.58936256697763,219.58936256697763,61467642,US_ETFS
2020-02-19,QQQ,222.71781471561962,227.13259927092713,220.00161563844895,222.2229848088676,222.2229848088676,70347114,US_ETFS
2020-02-20,QQQ,224.65456075967532,222.87264954565742,216.98399328200048,222.79982426139867,222.79982426139867,22643214,US_ETFS
2020-02-21,QQQ,224.28119120218022,230.21910469499844,218.93054623572456,224.4790772591471,224.4790772591471,89300820,US_ETFS
2020-02-24,QQQ,227.7123538418396,228.7521232085097,221.2793862405416,225.724100157614,225.724100157614,39657365,US_ETFS
2020-02-25,QQQ,220.3673547771669,223.8890989383328,216.10006565358242,221.02726829987782,221.02726829987782,50642633,US_ETFS
2020-02-26,QQQ,229.81472226865435,233.4860167415218,228.23991564093438,228.38022190581077,228.38022190581077,63393577,US_ETFS
2020-02-27,QQQ,232.39476423073083,235.87753876538414,226.97713393632884,232.68994947297986,232.68994947297986,55213190,US_ETFS
2020-02-28,QQQ,241.0920959981837,244.36301559426414,235.27896126297122,239.2469193323859,239.2469193323859,75699259,US_ETFS
2020-03-02,QQQ,234.77029653667572,237.15066627008025,236.36562646649284,236.9581354995621,236.9581354995621,44318967,US_ETFS
2020-03-03,QQQ,237.90362365182085,246.23121213492118,235.27809569665163,239.16906648600914,239.16906648600914,66579158,US_ETFS
2020-03-04,QQQ,239.2891022835707,242.67266321651502,237.93345264779558,240.35232416982413,240.35232416982413,70174834,US_ETFS
2020-03-05,QQQ,245.8856641854842,249.83577644804805,241.64578847494133,246.01503755153794,246.01503755153794,77112353,US_ETFS
2020-03-06,QQQ,249.905533109636,257.8422857928653,247.7122751362493,251.96982234351276,251.96982234351276,67240449,US_ETFS
2020-03-09,QQQ,252.32139227961298,256.30428842305315,251.4387532206076,253.19465169634884,253.19465169634884,97950699,US_ETFS
2020-03-10,QQQ,245.74637312995978,253.10501306606318,242.1499939021728,245.76110418566256,245.76110418566256,22755375,US_ETFS
2020-03-11,QQQ,254.79226930089084,255.05691296256194,247.83947881145122,254.7542986988044,254.7542986988044,82036474,US_ETFS
2020-03-12,QQQ,259.0063764196682,262.55902235118145,253.35669070970818,257.8418567726048,257.8418567726048,99676093,US_ETFS
2020-03-13,QQQ,253.83004314491941,260.9257865106389,250.51500267589057,254.96208789974696,254.96208789974696,97612173,US_ETFS
2020-03-16,QQQ,258.97691695520587,264.99742561945965,252.74900061863391,257.29010663548075,257.29010663548075,21249851,US_ETFS
2020-03-17,QQQ,249.79002667447494,255.10006948752664,243.96921116507667,249.7716083377655,249.7716083377655,1050488,US_ETFS
2020-03-18,QQQ,255.3189922493689,257.0949391461266,248.59255008715309,255.29332460663204,255.29332460663204,16137638,US_ETFS
2020-03-19,QQQ,248.86255271689666,250.01660366930335,245.38373993841705,248.03680718329173,248.03680718329173,94115366,US_ETFS
2020-03-20,QQQ,245.9061732003677,247.893852450535,246.67554766738746,247.1893423440586,247.1893423440586,50956895,US_ETFS
2020-03-23,QQQ,249.34977958607215,251.08646083168233,243.49617208234804,248.64506237902413,248.64506237902413,7042338,US_ETFS
2020-03-24,QQQ,255.87544178614752,260.2834606922356,246.54850651090914,254.05975474115502,254.05975474115502,93713993,US_ETFS
2020-03-25,QQQ,254.12221080443413,257.907910884267,249.15179842228355,254.85518878317407,254.85518878317407,14274194,US_ETFS
2020-03-26,QQQ,257.38554260111107,259.2652547732778,254.8209657586623,258.3465156324539,258.3465156324539,55648423,US_ETFS
2020-03-27,QQQ,256.9662602916549,258.6658219302629,252.88159899873446,258.45932569500474,258.45932569500474,2980511,US_ETFS
2020-03-30,QQQ,260.9993880763217,260.2703158969682,253.40184069291126,258.55140983714153,258.55140983714153,44040420,US_ETFS
2020-03-31,QQQ,256.96885816636575,262.92440237604615,255.23283019888268,259.2519665187097,259.2519665187097,85613637,US_ETFS
2020-04-01,QQQ,259.7323342242007,259.1460100437915,256.9086949391157,258.5309457298901,258.5309457298901,31876880,US_ETFS
2020-04-02,QQQ,248.15037478906206,253.49655163399774,242.68451222047253,250.0688646759453,250.0688646759453,51946666,US_ETFS
2020-04-03,QQQ,247.66862209902197,251.52609644711825,240.19176816402,246.4762578651698,246.4762578651698,22356625,US_ETFS
2020-04-06,QQQ,249.18797750156205,254.48477302344105,246.65368825182398,247.92935786017006,247.92935786017006,35333419,US_ETFS
2020-04-07,QQQ,249.26375639798042,252.72627835419954,244.84849265688376,246.94199900954143,246.94199900954143,56830235,US_ETFS
2020-04-08,QQQ,245.94790684851668,250.04153299310852,243.79382942556987,246.41942488419411,246.41942488419411,28653770,US_ETFS
2020-04-09,QQQ,245.92882317574546,250.79620120920788,238.64675312675362,245.07223180393268,245.07223180393268,16377666,US_ETFS
2020-04-10,QQQ,242.64113308712442,242.92727962856003,237.9936998993052,241.08442432595507,241.08442432595507,90242924,US_ETFS
2020-04-13,QQQ,238.73051134308164,240.36057450267836,237.80192819695412,238.94793675658286,238.94793675658286,47825392,US_ETFS
2020-04-14,QQQ,238.96940110207674,244.83223306050832,232.10505211817286,237.72054844827787,237.72054844827787,87824183,US_ETFS
2020-04-15,QQQ,239.16231799565264,244.37566406937083,237.43802524818145,237.98272160053324,237.98272160053324,93063228,US_ETFS
2020-04-16,QQQ,239.59560605402572,246.73124437729433,239.54756146650598,240.09304930284605,240.09304930284605,71809052,US_ETFS
2020-04-17,QQQ,240.5949545696622,246.6279577781637,233.94272026201324,239.46616495432346,239.46616495432346,38874796,US_ETFS
2020-04-20,QQQ,235.0430889620081,237.35598118225235,233.39367512824958,234.77427921316325,234.77427921316325,25601730,US_ETFS
2020-04-21,QQQ,227.17427680861408,232.20559275391687,222.23416031378002,228.44437942832036,228.44437942832036,91359935,US_ETFS
2020-04-22,QQQ,238.39827802687955,241.1167930169076,238.7713926506089,240.54022242660596,240.54022242660596,26250885,US_ETFS
2020-04-23,QQQ,233.4386237412171,238.0881357944895,231.19588867987645,235.3454434754173,235.3454434754173,58238057,US_ETFS
2020-04-24,QQQ,233.34217193015309,235.5084041074214,228.19858297618148,233.13966830049262,233.13966830049262,82821910,US_ETFS
2020-04-27,QQQ,235.05855380110188,236.3885082733883,233.68738027197244,235.78347354958015,235.78347354958015,14599496,US_ETFS
2020-04-28,QQQ,237.56576609131977,238.83302798207933,234.42011942952345,237.720956382942,237.720956382942,22879286,US_ETFS
2020-04-29,QQQ,241.5830778530295,240.63394232592813,236.43367680715602,240.43509115098098,240.43509115098098,17779339,US_ETFS
2020-04-30,QQQ,236.16589766273268,244.76697446547172,233.74091110323118,238.5466318627907,238.5466318627907,10795339,US_ETFS
2020-05-01,QQQ,240.71061873302574,244.32577679661156,236.51624370044573,239.92332297974843,239.92332297974843,42506551,US_ETFS
2020-05-04,QQQ,242.31907915663695,242.2260329667465,237.58430138541257,240.4576018180966,240.4576018180966,33582425,US_ETFS
2020-05-05,QQQ,240.494381518251,245.7734440099036,233.09901593654084,239.1969722180911,239.1969722180911,79972689,US_ETFS
2020-05-06,QQQ,242.952727004016,245.64239711077653,235.18885856971815,240.61019453399973,240.61019453399973,98297451,US_ETFS
2020-05-07,QQQ,243.50452932812652,250.60737376262625,240.47739329179223,245.9294389186971,245.9294389186971,91864878,US_ETFS
2020-05-08,QQQ,247.95519657910816,252.28151590728427,239.0843573803941,246.0661745877494,246.0661745877494,54200539,US_ETFS
2020-05-11,QQQ,243.80745040349174,246.31738782726688,242.21244035605972,246.2357281898811,246.2357281898811,44091951,US_ETFS
2020-05-12,QQQ,251.4968784241376,254.76631703339933,244.81143850946737,251.74235212300587,251.74235212300587,36557864,US_ETFS
2020-05-13,QQQ,258.664223474015,263.79099888173386,252.98571976496262,256.834396839501,256.834396839501,45246865,US_ETFS
2020-05-14,QQQ,266.6120148656215,270.8606221044039,262.6133228199768,265.22741844527974,265.22741844527974,11152264,US_ETFS
2020-05-15,QQQ,254.97185120859575,257.1836308996054,253.91153193563767,256.1766376379937,256.1766376379937,26920334,US_ETFS
2020-05-18,QQQ,261.78926909602563,268.54593675875196,255.6994040015655,261.0702220557513,261.0702220557513,92738291,US_ETFS
2020-05-19,QQQ,265.97528772034013,270.2474909194434,261.1871465325956,264.47238499855615,264.47238499855615,33154655,US_ETFS
2020-05-20,QQQ,261.85324950976167,267.11573163959315,256.5268536321002,260.05224534528475,260.05224534528475,1897246,US_ETFS
2020-05-21,QQQ,263.15146194656063,263.85821594410544,261.5432115102607,261.62081765017695,261.62081765017695,80693867,US_ETFS
2020-05-22,QQQ,267.4754700226677,272.87874277689497,260.0451878075725,267.3823450897937,267.3823450897937,54576209,US_ETFS
2020-05-25,QQQ,263.23249289156576,265.510883114692,260.805724227679,263.21567829195806,263.21567829195806,79857664,US_ETFS
2020-05-26,QQQ,265.5377119887017,267.1126819454678,265.0548843857728,265.8086813690855,265.8086813690855,47819091,US_ETFS
2020-05-27,QQQ,270.5170192430487,276.01362463077066,266.88112299783666,270.7067574814979,270.7067574814979,15204094,US_ETFS
2020-05-28,QQQ,265.2202027751401,272.39265989142814,263.91040501977005,265.17881957953637,265.17881957953637,69285709,US_ETFS
2020-05-29,QQQ,265.18624636411175,270.633656012001,263.49350659072576,264.6893753598027,264.6893753598027,94218928,US_ETFS
2020-06-01,QQQ,267.1921929279437,273.32086380274455,264.57535615440173,266.54732736749315,266.54732736749315,74201876,US_ETFS
2020-06-02,QQQ,264.0455433746207,265.70037448058997,259.54530344304254,262.56974019415,262.56974019415,66121830,US_ETFS
2020-06-03,QQQ,256.11576037878046,263.9140167742836,257.8833085709309,258.2155293928072,258.2155293928072,19868439,US_ETFS
2020-06-04,QQQ,258.622580170365,258.5366980844519,250.2607959471487,257.7763326549673,257.7763326549673,86971224,US_ETFS
2020-06-05,QQQ,262.8292299452706,268.6088785984629,255.18615838466513,262.16698391430225,262.16698391430225,26688089,US_ETFS
2020-06-08,QQQ,267.6619701464022,267.3577786635549,262.50842032349084,265.804466928929,265.804466928929,56267703,US_ETFS
2020-06-09,QQQ,262.60953528308744,261.7273748011045,259.21195712354694,261.49092437011456,261.49092437011456,61243390,US_ETFS
2020-06-10,QQQ,264.40672359335537,271.3283771595799,259.9793110583868,265.1631349569528,265.1631349569528,24205743,US_ETFS
2020-06-11,QQQ,259.1468739024893,265.92043515672844,257.4679970380641,260.9950898582392,260.9950898582392,17726747,US_ETFS
2020-06-12,QQQ,251.97312706535735,255.14992835144156,252.0309178972594,252.85115672581105,252.85115672581105,55143992,US_ETFS
2020-06-15,QQQ,252.57217478503284,255.58489035027335,245.01924876917778,251.24735435006212,251.24735435006212,13629286,US_ETFS
2020-06-16,QQQ,256.8103261548792,261.8426401237134,251.92662245818232,257.14146337695354,257.14146337695354,69882844,US_ETFS
2020-06-17,QQQ,261.96625386195524,265.8683395303574,260.03493627302043,260.77209796623424,260.77209796623424,69835262,US_ETFS
2020-06-18,QQQ,262.19814878096247,268.80435562576,255.5951313073663,261.02467239407434,261.02467239407434,68996209,US_ETFS
2020-06-19,QQQ,259.1870543376334,265.8569214851863,251.36158452736728,259.110288819685,259.110288819685,78125442,US_ETFS
2020-06-22,QQQ,257.9286099960429,257.9591412416996,251.73879139068188,257.34957151530256,257.34957151530256,71147595,US_ETFS
2020-06-23,QQQ,259.5896872018353,259.1315181811685,253.1036745293166,258.16683606503005,258.16683606503005,30276666,US_ETFS
2020-06-24,QQQ,254.22479555223256,254.7320774412203,247.71878385616031,252.90830039601323,252.90830039601323,30204301,US_ETFS
2020-06-25,QQQ,248.9316430967963,256.17721738337866,250.5461470899875,251.40042395580465,251.40042395580465,66269855,US_ETFS
2020-06-26,QQQ,252.70082094863494,257.8537979925163,248.7944964454544,250.56793930020507,250.56793930020507,81116069,US_ETFS
2020-06-29,QQQ,243.33298840369835,250.6404250957,238.2822357536713,244.04778838159862,244.04778838159862,8318249,US_ETFS
2020-06-30,QQQ,239.75329456320372,242.63011360072247,234.54140686883846,240.19940734390076,240.19940734390076,41618285,US_ETFS
2020-07-01,QQQ,243.30660417055222,246.79279672068222,235.3164899847709,242.41167651175815,242.41167651175815,93840710,US_ETFS
2020-07-02,QQQ,242.34925695943716,247.96858119273102,236.66089979377074,242.70020380960608,242.70020380960608,89989689,US_ETFS
2020-07-03,QQQ,239.35874370962404,243.63222799671806,239.12464269785272,241.44417302039062,241.44417302039062,44010149,US_ETFS
2020-07-06,QQQ,235.71487374454392,240.8166983500694,232.56332710106653,237.28444031492208,237.28444031492208,50239028,US_ETFS
2020-07-07,QQQ,245.81736594590723,245.49331920874687,238.56632599949066,245.0049633217494,245.0049633217494,93967850,US_ETFS
2020-07-08,QQQ,241.7124398051629,247.52004584577978,240.1928652429122,241.14378694993323,241.14378694993323,79947443,US_ETFS
2020-07-09,QQQ,240.75045132625297,245.56780962603688,240.2415964965464,242.59833158313236,242.59833158313236,58973590,US_ETFS
2020-07-10,QQQ,239.51919427829532,245.07152239113591,237.82339479465696,240.47380537876174,240.47380537876174,86218247,US_ETFS
2020-07-13,QQQ,241.53378582994856,242.44465179453312,238.4596695490757,240.88876357528432,240.88876357528432,84894667,US_ETFS
2020-07-14,QQQ,242.78184579607282,247.24566216716264,238.59701802809923,243.33431323758003,243.33431323758003,35433155,US_ETFS
2020-07-15,QQQ,235.93287213845176,240.28680409135092,235.3818212933896,236.9090386289342,236.9090386289342,29136848,US_ETFS
2020-07-16,QQQ,235.0378470162527,239.27687240689758,234.8332900346832,237.11459870672843,237.11459870672843,96221483,US_ETFS
2020-07-17,QQQ,243.4345756139819,248.73847858066773,242.66769809521685,242.9984962208644,242.9984962208644,11547132,US_ETFS
2020-07-20,QQQ,253.38636380241547,256.51267802834735,250.35964927022835,251.8023409412605,251.8023409412605,41074745,US_ETFS
2020-07-21,QQQ,251.5938316814354,257.7618766387482,250.94376069571982,251.39938682578742,251.39938682578742,60075506,US_ETFS
2020-07-22,QQQ,252.95361371305847,259.24912463770363,245.7616100032372,251.86035881134302,251.86035881134302,28346504,US_ETFS
2020-07-23,QQQ,264.35460109628247,269.2791754696842,257.4880502266849,263.25116177085346,263.25116177085346,82194262,US_ETFS
2020-07-24,QQQ,271.6658379828921,270.2855910631221,268.64283186489865,269.4898156456831,269.4898156456831,79843598,US_ETFS
2020-07-27,QQQ,265.1127481150867,266.9001870794881,263.2252553532773,266.43226736593857,266.43226736593857,82167814,US_ETFS
2020-07-28,QQQ,261.4330982316712,268.7092587911514,263.37178376929876,263.4003563476728,263.4003563476728,11864007,US_ETFS
2020-07-29,QQQ,267.90132729464443,269.3767912616769,261.88398001198095,268.7028660859993,268.7028660859993,86542979,US_ETFS
2020-07-30,QQQ,264.8852503092052,265.4552768102013,259.4013297297704,263.5381974608323,263.5381974608323,19234664,US_ETFS
2020-07-31,QQQ,268.35582484269247,273.70732944327085,263.59153070033204,269.53488660584844,269.53488660584844,10370783,US_ETFS
2020-08-03,QQQ,270.5021614527002,279.156823865237,268.10995067040886,271.60653154889366,271.60653154889366,93948097,US_ETFS
2020-08-04,QQQ,277.3901257652385,279.0305178753841,272.31677661221477,274.69046490100726,274.69046490100726,79286904,US_ETFS
2020-08-05,QQQ,271.6907657584758,275.6231669683497,267.11348095643467,273.5547088092335,273.5547088092335,43930946,US_ETFS
2020-08-06,QQQ,268.7684547261977,275.6640215869183,264.43865465941946,270.3824326995135,270.3824326995135,13382052,US_ETFS
2020-08-07,QQQ,277.316276657279,280.407916045346,275.38440368000937,278.5587586962016,278.5587586962016,76581044,US_ETFS
2020-08-10,QQQ,278.648621387978,282.9774710494405,277.41038070700756,277.4627008429967,277.4627008429967,15072188,US_ETFS
2020-08-11,QQQ,273.935372492176,277.7071673485034,274.24974172918786,275.4597804194936,275.4597804194936,41621239,US_ETFS
2020-08-12,QQQ,272.9547468259438,281.48804204562526,268.7881111466154,275.2937494174804,275.2937494174804,57852402,US_ETFS
2020-08-13,QQQ,274.361785340755,284.01855815048754,268.61803160830374,276.6317988996275,276.6317988996275,21033992,US_ETFS
2020-08-14,QQQ,272.31523838535736,278.0553958326805,266.81299858231074,271.20525051542035,271.20525051542035,33008986,US_ETFS
2020-08-17,QQQ,268.2974312719075,272.5375140604029,265.18645334312623,268.41253346402766,268.41253346402766,93054406,US_ETFS
2020-08-18,QQQ,266.6575469331609,267.284172144833,260.70163512233836,265.3631949031087,265.3631949031087,69180225,US_ETFS
2020-08-19,QQQ,268.17070305542154,273.0191654238391,262.77662711142744,270.11468374239473,270.11468374239473,57150136,US_ETFS
2020-08-20,QQQ,264.09526857859555,266.5769124471112,261.46935881772015,265.5985684488793,265.5985684488793,55220886,US_ETFS
2020-08-21,QQQ,255.68800011290855,261.38934046630015,256.0089723340154,256.5375784263463,256.5375784263463,15368829,US_ETFS
2020-08-24,QQQ,246.92975885856174,247.1589431159008,240.1817985999209,246.70144249070108,246.70144249070108,15072490,US_ETFS
2020-08-25,QQQ,240.52699431152433,242.50631061139634,236.81845324178286,239.69324592850833,239.69324592850833,76724063,US_ETFS
2020-08-26,QQQ,246.45731815245773,251.82532010130961,242.72468695697125,246.45996940036343,246.45996940036343,59697628,US_ETFS
2020-08-27,QQQ,248.0731309752284,251.28257953073205,242.22855340218322,246.7863149300223,246.7863149300223,79132739,US_ETFS
2020-08-28,QQQ,251.7481367914867,252.32693053150356,245.18728418554,249.50712954485604,249.50712954485604,9541042,US_ETFS
2020-08-31,QQQ,251.7209335084434,255.55424132580004,246.1085233648431,252.43378693100266,252.43378693100266,51825847,US_ETFS
2020-09-01,QQQ,254.13893173550076,253.11412409193778,249.44479552494892,252.9698751036216,252.9698751036216,90230448,US_ETFS
2020-09-02,QQQ,251.45038245641797,253.0836030055864,249.55694627935867,252.84449667324586,252.84449667324586,70738750,US_ETFS
2020-09-03,QQQ,258.1440825258132,261.9448639275903,253.18748169112135,258.37939635810454,258.37939635810454,26184492,US_ETFS
2020-09-04,QQQ,260.6989875361537,260.5837162508755,256.3125836071072,259.3922224786796,259.3922224786796,65944802,US_ETFS
2020-09-07,QQQ,268.66281366817935,273.2479395161964,261.13116353880287,266.9099147933674,266.9099147933674,36550541,US_ETFS
2020-09-08,QQQ,268.44767286836094,272.250488792576,263.4730467708994,270.4909380641306,270.4909380641306,85875805,US_ETFS
2020-09-09,QQQ,269.8343845401647,268.0288880101538,263.1126704304545,267.4192631312665,267.4192631312665,65219621,US_ETFS
2020-09-10,QQQ,266.14441940782814,270.14706815761735,258.90558495006854,265.0278181075822,265.0278181075822,36587686,US_ETFS
2020-09-11,QQQ,259.76071581456745,263.04144685903555,261.3429275823703,261.43687771759716,261.43687771759716,35681865,US_ETFS
2020-09-14,QQQ,265.8757746863018,270.64994535012005,263.0125280436708,268.0645536619154,268.0645536619154,89553327,US_ETFS
2020-09-15,QQQ,267.9688168366605,268.17858295316654,265.09039097189867,266.16102215734367,266.16102215734367,20114155,US_ETFS
2020-09-16,QQQ,264.6463713305671,266.49851923991105,260.7413013475675,262.17673646428057,262.17673646428057,84233869,US_ETFS
2020-09-17,QQQ,263.56204774851454,271.24064058179795,262.0502129629893,264.11568046505624,264.11568046505624,39928954,US_ETFS
2020-09-18,QQQ,263.8926399970298,270.93246831576016,256.98944877608886,263.86652901715337,263.86652901715337,57861151,US_ETFS
2020-09-21,QQQ,264.2065298760536,268.89990704130963,257.9086008570082,265.6849309655896,265.6849309655896,61169549,US_ETFS
2020-09-22,QQQ,277.5441349700362,279.7172961216813,271.58761661104234,275.9925174284321,275.9925174284321,43466457,US_ETFS
2020-09-23,QQQ,282.45019228192103,288.49430578048253,277.0267534656403,281.3085241522348,281.3085241522348,48605878,US_ETFS
2020-09-24,QQQ,280.84183909913116,283.2386648953443,273.8030383748344,281.7417986597311,281.7417986597311,32291892,US_ETFS
2020-09-25,QQQ,275.73561996958523,279.96933183889706,267.58389148467023,274.0873057075783,274.0873057075783,93740045,US_ETFS
2020-09-28,QQQ,272.290926645016,278.93778324995964,270.25422348138954,271.62072553699096,271.62072553699096,63044545,US_ETFS
2020-09-29,QQQ,277.256670897072,278.00223578195414,269.6270455284628,275.75504342780005,275.75504342780005,78069206,US_ETFS
2020-09-30,QQQ,271.3579715866096,272.1027268431999,264.06011950984697,269.5723890162742,269.5723890162742,31121075,US_ETFS
2020-10-01,QQQ,282.73013802459593,285.2931047856758,276.340692197131,281.3848909571836,281.3848909571836,42168158,US_ETFS
2020-10-02,QQQ,279.8426992229329,283.25218866115677,281.09176274958764,281.7474079062444,281.7474079062444,62189195,US_ETFS
2020-10-05,QQQ,284.2728566464912,282.48088331799323,281.74342236391095,282.30441347749377,282.30441347749377,46289232,US_ETFS
2020-10-06,QQQ,280.1484194188655,280.14195480619276,276.55050300149884,278.82278028705946,278.82278028705946,23968613,US_ETFS
2020-10-07,QQQ,281.3025471465039,283.774261492396,278.89001209155856,281.8716391157018,281.8716391157018,73125717,US_ETFS
2020-10-08,QQQ,276.2372926754867,276.2966254959175,270.3519871694339,275.6253534087502,275.6253534087502,48230639,US_ETFS
2020-10-09,QQQ,290.33662779646016,290.3331213963859,281.5644818932049,287.83496446142044,287.83496446142044,73355221,US_ETFS
2020-10-12,QQQ,294.0593147452946,303.71906479869716,291.34901434428525,295.7063947450362,295.7063947450362,68209453,US_ETFS
2020-10-13,QQQ,299.68557492720316,304.1576935072379,296.51633168026126,301.8233562031727,301.8233562031727,32583699,US_ETFS
2020-10-14,QQQ,293.73009658534585,297.02761831871584,288.0873680542682,293.7319005775814,293.7319005775814,49227390,US_ETFS
2020-10-15,QQQ,292.3072575196548,300.98656531701357,291.49364276628495,295.2323610848673,295.2323610848673,34828135,US_ETFS
2020-10-16,QQQ,300.2100558323769,304.66777990461776,300.63496863586204,302.6668220867776,302.6668220867776,93601580,US_ETFS
2020-10-19,QQQ,306.1459793174498,306.94662631162214,305.28308719181575,306.55975543658667,306.55975543658667,8824234,US_ETFS
2020-10-20,QQQ,301.2566887019992,302.4058254536373,296.2243684071509,300.72218875127714,300.72218875127714,37636144,US_ETFS
2020-10-21,QQQ,298.9186707894699,299.9696073300881,293.02826020125093,297.11295860022926,297.11295860022926,72407269,US_ETFS
2020-10-22,QQQ,294.33168918683134,301.7379526523013,288.87411117561896,294.7245498976031,294.7245498976031,41642382,US_ETFS
2020-10-23,QQQ,291.48552718990294,299.9194163301302,285.6772710009953,291.4623155642839,291.4623155642839,90594527,US_ETFS
2020-10-26,QQQ,298.7336821673995,305.02417812591915,292.46931236494186,300.66540626868414,300.66540626868414,32938594,US_ETFS
2020-10-27,QQQ,292.12140308410926,290.2572965489267,281.57704595234486,289.4144277583173,289.4144277583173,45076000,US_ETFS
2020-10-28,QQQ,290.998365495113,301.24469202483607,291.28215415064597,293.50049143527747,293.50049143527747,3202762,US_ETFS
2020-10-29,QQQ,284.12345886176166,291.86747890809704,277.8124296467383,286.20815841421336,286.20815841421336,12034751,US_ETFS
2020-10-30,QQQ,280.77816032674707,282.51472901808444,274.7115269001328,280.9920062127017,280.9920062127017,12687831,US_ETFS
2020-11-02,QQQ,268.5738747005803,271.56938035614684,265.5035622030208,269.97861800473345,269.97861800473345,87445225,US_ETFS
2020-11-03,QQQ,267.3432221447186,267.75096367376204,262.7663931407843,267.28393749206526,267.28393749206526,79954578,US_ETFS
2020-11-04,QQQ,273.59935304881,276.22834296671624,274.07416008098767,275.62710751590316,275.62710751590316,74862545,US_ETFS
2020-11-05,QQQ,277.8711637936468,281.86081141395476,275.2866977349151,277.36258942243217,277.36258942243217,33891422,US_ETFS
2020-11-06,QQQ,273.5173641622297,272.9485665658604,263.66216871719,270.99233877705575,270.99233877705575,58472618,US_ETFS
2020-11-09,QQQ,274.6908648432105,280.65634280382153,268.90004677393074,276.7761156590667,276.7761156590667,42437994,US_ETFS
2020-11-10,QQQ,285.93188619075414,286.0525672058875,279.0067943477647,283.8688040000255,283.8688040000255,84541353,US_ETFS
2020-11-11,QQQ,287.1391488120254,288.8934334915356,279.278975163112,284.743383806685,284.743383806685,1295032,US_ETFS
2020-11-12,QQQ,295.15179730408863,299.095866427697,295.7838093948041,296.61575440029515,296.61575440029515,28689806,US_ETFS
2020-11-13,QQQ,300.7064895569829,310.5569525315702,295.73289930967286,301.7861474069704,301.7861474069704,43174502,US_ETFS
2020-11-16,QQQ,309.19716085770955,307.61586490777603,301.83511108295147,306.2082349582481,306.2082349582481,65059158,US_ETFS
2020-11-17,QQQ,298.9137316620181,308.08170531004816,300.69083658424904,301.59441967471776,301.59441967471776,14887948,US_ETFS
2020-11-18,QQQ,303.5998867389215,314.1987144780442,299.41486005535353,305.68041173790783,305.68041173790783,65887322,US_ETFS
2020-11-19,QQQ,307.65254484810384,310.0109483381498,301.5872732717407,307.31146908963234,307.31146908963234,41604822,US_ETFS
2020-11-20,QQQ,308.60957799319647,317.2438588322798,309.60549118875105,310.8137688484466,310.8137688484466,19876189,US_ETFS
2020-11-23,QQQ,308.81885135498544,312.9460942805735,301.06006096732074,306.8690098895998,306.8690098895998,42402075,US_ETFS
2020-11-24,QQQ,307.3232371287216,314.33931152420047,301.1252613211514,307.9620704557135,307.9620704557135,51511107,US_ETFS
2020-11-25,QQQ,306.0847980616875,311.9329405506747,299.4868468207325,303.23878534853407,303.23878534853407,82241603,US_ETFS
2020-11-26,QQQ,290.7715531305757,294.9804114436975,290.04110451442943,290.5201495343517,290.5201495343517,57823496,US_ETFS
2020-11-27,QQQ,298.98753972085456,303.5531151538818,289.61430687068093,296.6112215347704,296.6112215347704,16832974,US_ETFS
2020-11-30,QQQ,287.18000618763466,290.0101819015338,285.2658604096213,287.995324134719,287.995324134719,58374395,US_ETFS
2020-12-01,QQQ,288.1194224434477,293.7602832892339,285.100203899212,288.90070347221103,288.90070347221103,29374940,US_ETFS
2020-12-02,QQQ,288.75802313840427,298.902486829026,291.01436688667246,291.1136951647947,291.1136951647947,1163596,US_ETFS
2020-12-03,QQQ,295.2231839107128,302.0772715062693,286.90823629306715,293.30614818500055,293.30614818500055,2512109,US_ETFS
2020-12-04,QQQ,290.343082709306,300.45026253153173,284.85698714302487,291.93887767900793,291.93887767900793,57113184,US_ETFS
2020-12-07,QQQ,292.2680779857301,293.94102521656134,293.63047802385717,293.814360030825,293.814360030825,61586105,US_ETFS
2020-12-08,QQQ,294.03658211019285,305.7252518350277,295.24244596996147,296.8757121549462,296.8757121549462,71360028,US_ETFS
2020-12-09,QQQ,299.45621057415246,306.42218754604204,300.8072346715198,301.53645192880515,301.53645192880515,76911064,US_ETFS
2020-12-10,QQQ,312.8223068090403,313.0991782235946,304.34170551602824,312.2919034028269,312.2919034028269,55154842,US_ETFS
2020-12-11,QQQ,316.71509813749736,322.7033668325448,305.3939022764955,314.06693405297347,314.06693405297347,8700734,US_ETFS
2020-12-14,QQQ,312.3969900406776,324.1107127003339,310.17865540832696,314.7833134747133,314.7833134747133,24583191,US_ETFS
2020-12-15,QQQ,311.05826177250657,311.84264705995236,302.6398439626135,309.38963382546,309.38963382546,83891292,US_ETFS
2020-12-16,QQQ,314.1726270044489,314.9649167797727,308.63264099283754,312.3965689296608,312.3965689296608,41911849,US_ETFS
2020-12-17,QQQ,316.82342079780904,318.4698362258579,312.57738529118666,316.87872933024533,316.87872933024533,51567516,US_ETFS
2020-12-18,QQQ,316.17725847720925,323.7489594895209,311.072900183294,315.9768722859491,315.9768722859491,23847608,US_ETFS
2020-12-21,QQQ,320.7777061404861,327.3824146025413,316.67112360684905,319.73454827183286,319.73454827183286,64885286,US_ETFS
2020-12-22,QQQ,315.9369604372953,321.44759379140027,309.5047242617731,318.1837321599708,318.1837321599708,91219508,US_ETFS
2020-12-23,QQQ,323.2581479581475,329.5728741735509,314.502329604908,322.7718948180022,322.7718948180022,95896765,US_ETFS
2020-12-24,QQQ,328.9193699013568,334.52842948957283,324.8837076506824,328.9859142751137,328.9859142751137,8126211,US_ETFS
2020-12-25,QQQ,334.71005023438886,343.1788219965814,327.13302293878246,335.2276183959773,335.2276183959773,89345334,US_ETFS
2020-12-28,QQQ,333.335629626963,341.6722393430702,335.2689632015881,336.3529394702498,336.3529394702498,20873476,US_ETFS
2020-12-29,QQQ,332.33234002677085,334.60702897318214,322.1907486787491,329.6933655146833,329.6933655146833,7374026,US_ETFS
2020-12-30,QQQ,325.4459138644535,332.58201637427584,324.683517303044,325.9881854056411,325.9881854056411,33255970,US_ETFS
2020-12-31,QQQ,327.3187806756267,336.6465238883139,320.57697129934274,330.1944587119279,330.1944587119279,82877503,US_ETFS
2021-01-01,QQQ,349.98734017914416,355.4913808281827,337.8015406114984,346.6963382462599,346.6963382462599,58140542,US_ETFS
2021-01-04,QQQ,344.8063260245184,348.88133943860754,336.22106094135324,344.6805017074139,344.6805017074139,19024693,US_ETFS
2021-01-05,QQQ,345.0773877319304,358.06832548294597,348.1280861582961,348.16754940280066,348.16754940280066,97706102,US_ETFS
2021-01-06,QQQ,346.2211853970479,348.04018059481893,337.42875086448754,344.64372782666817,344.64372782666817,81969640,US_ETFS
2021-01-07,QQQ,336.5521861972509,346.0981796009925,330.1119963237974,338.2749388962882,338.2749388962882,25686108,US_ETFS
2021-01-08,QQQ,330.97732326539415,336.08313522595034,332.0268963423252,334.03759968666003,334.03759968666003,7458804,US_ETFS
2021-01-11,QQQ,321.9076812020165,324.1121518121156,311.95686906639185,320.4591584760968,320.4591584760968,25964939,US_ETFS
2021-01-12,QQQ,329.1458738263529,335.76983689330905,320.781499922549,329.45403086080216,329.45403086080216,52937489,US_ETFS
2021-01-13,QQQ,314.2919569558834,323.28458368847055,312.15632001235997,315.08897686831614,315.08897686831614,8862946,US_ETFS
2021-01-14,QQQ,313.3966270925649,321.13096854373475,313.45176179155055,313.7414785014662,313.7414785014662,59002342,US_ETFS
2021-01-15,QQQ,307.2420401684025,315.2051410668769,304.0272262696007,306.6626682249487,306.6626682249487,28604824,US_ETFS
2021-01-18,QQQ,301.1862655730806,304.7739822539367,294.8839560833648,301.54520296180704,301.54520296180704,64533455,US_ETFS
2021-01-19,QQQ,311.75450329931044,317.77846434207106,301.560589942813,310.14842426101734,310.14842426101734,43662736,US_ETFS
2021-01-20,QQQ,314.7274444922277,313.72246658120736,305.0256322828211,311.70578488786117,311.70578488786117,53866922,US_ETFS
2021-01-21,QQQ,307.938525253205,310.3758398189087,298.80256383189555,305.99909932223983,305.99909932223983,93086702,US_ETFS
2021-01-22,QQQ,304.1035609669354,309.74491270573577,302.08724961203416,302.6972641899829,302.6972641899829,21290808,US_ETFS
2021-01-25,QQQ,301.19610013996873,304.57047846258746,293.3402648099307,298.36578002984027,298.36578002984027,37330660,US_ETFS
2021-01-26,QQQ,295.68516946337496,301.708847253252,293.93796271430165,298.40429504153536,298.40429504153536,21934491,US_ETFS
2021-01-27,QQQ,297.77508794656785,304.30623167177924,294.466059811217,299.7345317629292,299.7345317629292,24751873,US_ETFS
2021-01-28,QQQ,311.9419081769177,319.8085631219278,306.97729940944606,311.3976506361978,311.3976506361978,85881626,US_ETFS
2021-01-29,QQQ,302.3361181230176,300.6053381431581,298.91276134449544,299.7744171579534,299.7744171579534,48128374,US_ETFS
2021-02-01,QQQ,300.393852373617,303.6967071655527,296.9287352901909,299.8654747477816,299.8654747477816,64458417,US_ETFS
2021-02-02,QQQ,295.3024724423865,306.93528045574027,296.1960968377699,298.27278310379086,298.27278310379086,91792778,US_ETFS
2021-02-03,QQQ,301.83875685550584,306.39055884550123,302.07406740515484,304.21764916099227,304.21764916099227,99619137,US_ETFS
2021-02-04,QQQ,303.64211640330916,312.56564640454224,298.6792226590491,306.6807054859924,306.6807054859924,67555091,US_ETFS
2021-02-05,QQQ,309.7557194688077,319.53820945124335,302.28238752598565,310.6084401610176,310.6084401610176,43961537,US_ETFS
2021-02-08,QQQ,313.52191067865067,322.1496097045212,303.8346898216498,313.0627822403638,313.0627822403638,45532504,US_ETFS
2021-02-09,QQQ,309.67689373216723,310.3265440157676,304.10998582331666,307.5404103285123,307.5404103285123,17317366,US_ETFS
2021-02-10,QQQ,313.46434093373534,321.51154183614744,310.46675656101723,315.29821249500543,315.29821249500543,23882054,US_ETFS
2021-02-11,QQQ,320.026215684242,324.23867955248863,311.15097654464546,320.6488540893767,320.6488540893767,85503017,US_ETFS
2021-02-12,QQQ,326.1084311081177,335.80193059015835,323.4811580122054,326.8407745154905,326.8407745154905,67122249,US_ETFS
2021-02-15,QQQ,338.5610506542559,339.35782080242933,328.5888538596891,335.430478025106,335.430478025106,30296457,US_ETFS
2021-02-16,QQQ,336.985544575918,344.3996586580107,328.62150010845505,338.5679276765485,338.5679276765485,45860251,US_ETFS
2021-02-17,QQQ,351.98896179097375,358.5064244678259,346.27842779661535,348.9348261875604,348.9348261875604,40780121,US_ETFS
2021-02-18,QQQ,352.92781083228215,357.3885016676757,350.90610352893464,351.9191929806063,351.9191929806063,99376104,US_ETFS
2021-02-19,QQQ,352.5015569314503,355.33465737039165,344.2249991781613,350.7292937433251,350.7292937433251,9669708,US_ETFS
2021-02-22,QQQ,351.00071378215057,360.8363057315694,341.5915848057415,351.0336993398729,351.0336993398729,34400703,US_ETFS
2021-02-23,QQQ,351.4376724664266,358.5653291737489,347.6348192716433,351.2173337165123,351.2173337165123,7423042,US_ETFS
2021-02-24,QQQ,347.9580315864351,354.19980250281475,347.85919402964635,347.9201663442261,347.9201663442261,10461961,US_ETFS
2021-02-25,QQQ,357.5181244630938,363.3784599920167,353.78618644916446,359.62342730217546,359.62342730217546,30090448,US_ETFS
2021-02-26,QQQ,360.49320568883587,371.55825667798445,360.53839915934066,362.1141458262012,362.1141458262012,50050553,US_ETFS
2021-03-01,QQQ,366.4513608811096,369.97182184232656,355.34852128565143,363.16238281708956,363.16238281708956,43692462,US_ETFS
2021-03-02,QQQ,362.8282617645582,373.44688929418396,359.4005954060863,366.3456772720189,366.3456772720189,11932336,US_ETFS
2021-03-03,QQQ,388.2511061694065,399.2145582918856,386.1546178097177,388.54515937141406,388.54515937141406,46648776,US_ETFS
2021-03-04,QQQ,379.8434613564357,389.38525154860713,370.73557743623,380.1391854263067,380.1391854263067,76167672,US_ETFS
2021-03-05,QQQ,373.08802191762885,374.9031384932652,370.17248791026225,374.09467958177936,374.09467958177936,68299328,US_ETFS
2021-03-08,QQQ,365.6160494929879,374.68132930262897,359.1838282294525,364.1394888131266,364.1394888131266,63611122,US_ETFS
2021-03-09,QQQ,363.09403347354066,364.44903299002823,357.78979562538404,362.8096569462953,362.8096569462953,54938680,US_ETFS
2021-03-10,QQQ,368.24405324422673,368.96709262341136,354.2232633270282,364.95399584719337,364.95399584719337,54687707,US_ETFS
2021-03-11,QQQ,360.0583999671762,364.00355335347416,360.3840461334553,361.92252359451544,361.92252359451544,45840354,US_ETFS
2021-03-12,QQQ,354.951042669306,363.16248904381445,347.75099558760684,358.37766042133643,358.37766042133643,67340572,US_ETFS
2021-03-15,QQQ,361.62592866290214,361.0411222560389,354.6506959377014,359.75673254045387,359.75673254045387,29336087,US_ETFS
2021-03-16,QQQ,359.3137008422169,358.44269927960534,351.597551242191,356.5037558641198,356.5037558641198,59216724,US_ETFS
2021-03-17,QQQ,359.172671778173,368.01534861895783,356.5785871082103,359.07183656736277,359.07183656736277,38361719,US_ETFS
2021-03-18,QQQ,369.57913837264636,373.2536331952039,363.00017942400774,367.43271186895623,367.43271186895623,3914808,US_ETFS
2021-03-19,QQQ,374.664524504953,383.64757451732993,365.83857513133626,372.7754074115616,372.7754074115616,85797580,US_ETFS
2021-03-22,QQQ,379.84474499897254,382.35577815751753,379.552067812449,379.7165850074638,379.7165850074638,65686428,US_ETFS
2021-03-23,QQQ,388.2896035804634,397.45479939201465,380.24987195748014,388.3431262087525,388.3431262087525,98807284,US_ETFS
2021-03-24,QQQ,391.0087863570652,395.93799636696593,387.5653182245873,390.92815677256857,390.92815677256857,48209267,US_ETFS
2021-03-25,QQQ,392.9877247790959,390.5753850942994,378.63499950110383,390.0787400513504,390.0787400513504,99337412,US_ETFS
2021-03-26,QQQ,385.19616559111756,388.2678343743437,381.8715333742537,384.4440286935837,384.4440286935837,28372549,US_ETFS
2021-03-29,QQQ,378.3851688646701,387.2629672216981,381.1641226552094,381.8207505389758,381.8207505389758,72128947,US_ETFS
2021-03-30,QQQ,377.234756686037,380.46550435408136,372.02152569342405,378.2034912268529,378.2034912268529,97402171,US_ETFS
2021-03-31,QQQ,385.6151748957319,389.7827519782959,375.16335620914407,384.1161152853218,384.1161152853218,74010170,US_ETFS
2021-04-01,QQQ,390.197646675926,389.5415422140819,377.18852399768076,387.164326754996,387.164326754996,30801582,US_ETFS
2021-04-02,QQQ,396.4124682102706,396.2599954304305,382.0206249306743,392.94668685833165,392.94668685833165,96415280,US_ETFS
2021-04-05,QQQ,381.4964324498023,395.45331165047406,383.23252711004085,384.22062308030667,384.22062308030667,22638210,US_ETFS
2021-04-06,QQQ,395.1652528629172,407.39921939268237,389.80862843235343,395.6069972819873,395.6069972819873,55490534,US_ETFS
2021-04-07,QQQ,394.1509949260506,404.0295425389795,383.39739254013773,392.6242758258665,392.6242758258665,23191246,US_ETFS
2021-04-08,QQQ,382.8645122313369,385.5048228087878,376.94761600983674,384.37903535187303,384.37903535187303,18893290,US_ETFS
2021-04-09,QQQ,379.5364404584418,391.54833958286923,377.64828242479695,381.3868923721926,381.3868923721926,57098025,US_ETFS
2021-04-12,QQQ,399.8928608630496,401.60375587446293,396.3516588586144,400.7137951304185,400.7137951304185,41398752,US_ETFS
2021-04-13,QQQ,401.1570770460963,401.88125025073424,393.47901765580383,398.0072389853907,398.0072389853907,78506780,US_ETFS
2021-04-14,QQQ,397.86742237381833,405.2966880721851,384.49185871411555,395.8174312440954,395.8174312440954,79760192,US_ETFS
2021-04-15,QQQ,393.9631541009895,404.4197780931745,388.6693794733849,394.69248105100337,394.69248105100337,28493689,US_ETFS
2021-04-16,QQQ,392.36131210706156,396.55922600393,392.20054395342737,393.91398657462815,393.91398657462815,19264550,US_ETFS
2021-04-19,QQQ,384.76015411137774,398.4968119524157,377.31005917823853,388.1512135113542,388.1512135113542,59090268,US_ETFS
2021-04-20,QQQ,392.3045741846237,391.7969920006537,379.1109845819352,389.65113136560876,389.65113136560876,51129794,US_ETFS
2021-04-21,QQQ,394.9738902216077,400.1119850345509,394.72981886180867,398.42291795438575,398.42291795438575,5312200,US_ETFS
2021-04-22,QQQ,399.79503266326367,402.04729096198434,398.4840235804597,401.32574219543835,401.32574219543835,27301305,US_ETFS
2021-04-23,QQQ,396.69212774917935,395.584023707816,389.9896506210098,392.80828317197677,392.80828317197677,68992107,US_ETFS
2021-04-26,QQQ,393.30240508242633,395.03015898530526,380.2380968130084,390.49585298046253,390.49585298046253,34674060,US_ETFS
2021-04-27,QQQ,384.23641982562003,390.4019086542811,379.51203488142085,386.5789655825473,386.5789655825473,37347172,US_ETFS
2021-04-28,QQQ,388.71434447407836,390.12834026977595,379.22843972553756,387.3748502455038,387.3748502455038,35396397,US_ETFS
2021-04-29,QQQ,397.7185459823189,404.7305419284432,389.8749299784341,398.069895436356,398.069895436356,24632655,US_ETFS
2021-04-30,QQQ,399.95195681908496,405.88591816935565,394.49255890096623,397.28265015090625,397.28265015090625,97522481,US_ETFS
2021-05-03,QQQ,398.2879052944119,402.36761057149687,395.10343130627007,396.9794848024865,396.9794848024865,53788879,US_ETFS
2021-05-04,QQQ,408.7314057933954,416.7921837250499,406.4447984159089,411.4902347740239,411.4902347740239,72274024,US_ETFS
2021-05-05,QQQ,416.53420670400834,429.4464315908361,415.01214290364857,419.11272919326547,419.11272919326547,44954874,US_ETFS
2021-05-06,QQQ,426.65526221844107,432.3053815799834,420.4226766630044,424.34393738090756,424.34393738090756,39234089,US_ETFS
2021-05-07,QQQ,439.6722445370029,449.2624162743019,436.98222548875077,441.3867069092324,441.3867069092324,72844071,US_ETFS
2021-05-10,QQQ,446.86396118625174,448.1022361136569,441.99920804886983,446.1520171513537,446.1520171513537,22923296,US_ETFS
2021-05-11,QQQ,427.93147482577035,435.51104590619224,422.35221066182044,428.87230733812135,428.87230733812135,75697843,US_ETFS
2021-05-12,QQQ,433.73014803274134,448.8357778108623,431.9543515861855,436.4433253419314,436.4433253419314,30724635,US_ETFS
2021-05-13,QQQ,424.54988843488576,433.20494277281466,418.18072183921277,422.9833393673265,422.9833393673265,74937850,US_ETFS
2021-05-14,QQQ,430.5090088171514,437.05818657090214,426.79184443400845,427.230137510993,427.230137510993,82909522,US_ETFS
2021-05-17,QQQ,415.28139976494657,421.3068989449079,403.5971101111452,413.0141095918277,413.0141095918277,97963114,US_ETFS
2021-05-18,QQQ,409.00648332228496,410.39674642427303,403.9077545279506,409.5707662687305,409.5707662687305,5596931,US_ETFS
2021-05-19,QQQ,405.3256234293168,414.1662366373932,403.2199273763842,407.0004268640187,407.0004268640187,68854129,US_ETFS
2021-05-20,QQQ,403.72187440703976,406.1982833417176,390.30624747347645,401.1386511832935,401.1386511832935,8904054,US_ETFS
2021-05-21,QQQ,401.4533709065616,408.6526127115771,394.8892641112964,398.74102944215923,398.74102944215923,30572803,US_ETFS
2021-05-24,QQQ,405.7862791626763,417.29049245264207,397.2104380924247,407.3742649383841,407.3742649383841,33642523,US_ETFS
2021-05-25,QQQ,402.70907940613444,403.64010604072433,396.3117429424775,401.9647183474902,401.9647183474902,99880492,US_ETFS
2021-05-26,QQQ,403.97389278086325,418.31184232344737,396.69128183678566,406.74923106768085,406.74923106768085,97249250,US_ETFS
2021-05-27,QQQ,396.7415485233777,401.8581761164846,399.09838314064143,399.3004353309275,399.3004353309275,72745479,US_ETFS
2021-05-28,QQQ,399.3339214166794,400.3134875240663,388.73569575356385,398.1863904992903,398.1863904992903,30620355,US_ETFS
2021-05-31,QQQ,398.235015236521,406.2490467572238,400.06873105544116,401.1635446610069,401.1635446610069,27061121,US_ETFS
2021-06-01,QQQ,392.55650598896466,403.6273181361292,384.21160538608945,393.56929076634543,393.56929076634543,44832674,US_ETFS
2021-06-02,QQQ,385.3609120806385,390.18246735141815,379.71500783989245,383.63780244782413,383.63780244782413,72861560,US_ETFS
2021-06-03,QQQ,389.21870423738403,394.9979624924527,380.606290173452,387.7955013054756,387.7955013054756,68615217,US_ETFS
2021-06-04,QQQ,395.9773439149273,407.241731609334,394.9612379733657,396.8938073361543,396.8938073361543,88504660,US_ETFS
2021-06-07,QQQ,395.41187337255303,398.1509556316566,389.52283105171506,396.66309281126144,396.66309281126144,38222680,US_ETFS
2021-06-08,QQQ,395.91432520558925,398.516313584374,385.5407606750142,393.4317728661269,393.4317728661269,31517540,US_ETFS
2021-06-09,QQQ,392.75453981415683,399.64912243837944,387.85857159517053,395.05015751439026,395.05015751439026,66037727,US_ETFS
2021-06-10,QQQ,396.5027693380123,407.6182049883158,387.6758174957221,395.8835546848477,395.8835546848477,93220443,US_ETFS
2021-06-11,QQQ,395.1598602978194,398.935826583043,394.4874931308939,398.20266066470754,398.20266066470754,14522304,US_ETFS
2021-06-14,QQQ,378.6615918669795,384.358284232718,371.9367144956904,378.46578481022357,378.46578481022357,74777560,US_ETFS
2021-06-15,QQQ,374.2467899890513,380.52034407661745,369.4353164663618,370.75186270303175,370.75186270303175,34512855,US_ETFS
2021-06-16,QQQ,363.07341705602363,366.79058382854373,358.8928307009888,364.85520184566684,364.85520184566684,55773175,US_ETFS
2021-06-17,QQQ,364.3226351323694,374.14444022137207,358.2664978741727,366.32095382856374,366.32095382856374,3077019,US_ETFS
2021-06-18,QQQ,367.28176840073115,377.87755775214566,362.30401028335405,368.0490940548752,368.0490940548752,35415152,US_ETFS
2021-06-21,QQQ,371.2619873655796,375.8239237509766,371.9833524281423,373.10005619924107,373.10005619924107,81905415,US_ETFS
2021-06-22,QQQ,372.2918947772734,378.68701339697947,374.88083792389625,375.3952315575666,375.3952315575666,78357270,US_ETFS
2021-06-23,QQQ,362.6323439611799,369.390022741418,359.7099437027232,366.0048319302621,366.0048319302621,41546574,US_ETFS
2021-06-24,QQQ,375.3215351464233,380.07513376478926,367.94092637948694,376.9630503994231,376.9630503994231,97423831,US_ETFS
2021-06-25,QQQ,385.7533901613312,387.3837339495903,386.5048863534932,386.9293375201616,386.9293375201616,76162128,US_ETFS
2021-06-28,QQQ,377.9750735034749,386.45565599671016,369.67877875758234,377.5795979796861,377.5795979796861,90843128,US_ETFS
2021-06-29,QQQ,383.40552072577043,389.46767123161595,375.0457808551253,380.46963220357617,380.46963220357617,31504514,US_ETFS
2021-06-30,QQQ,376.3721702109963,381.9874607305834,369.42953017244474,376.31928389861076,376.31928389861076,19423659,US_ETFS
2021-07-01,QQQ,378.9164265201411,382.91505034939775,370.7124480244338,377.7407471220145,377.7407471220145,24720877,US_ETFS
2021-07-02,QQQ,385.5694809014006,388.51066175952997,375.9380213294666,386.0760521088008,386.0760521088008,49308143,US_ETFS
2021-07-05,QQQ,400.69361956648277,403.4078746628346,394.7419217143222,402.90977307533586,402.90977307533586,22249826,US_ETFS
2021-07-06,QQQ,413.3749976412464,415.92099906819084,405.81769930878704,409.3666254423225,409.3666254423225,66110065,US_ETFS
2021-07-07,QQQ,410.33767557687315,422.3340043866393,408.3791596121236,412.1907208125201,412.1907208125201,98836525,US_ETFS
2021-07-08,QQQ,410.66325867956954,420.1827172691723,408.90629225166816,409.8014888870856,409.8014888870856,35481642,US_ETFS
2021-07-09,QQQ,413.6595612164967,419.79478717115677,409.30495267377097,411.70407320234546,411.70407320234546,36264090,US_ETFS
2021-07-12,QQQ,421.3095037500212,431.10166301372357,418.9364512448973,423.3122498177345,423.3122498177345,31596369,US_ETFS
2021-07-13,QQQ,420.8793748988415,428.5519821982356,420.8740248026433,423.3570467793431,423.3570467793431,96294389,US_ETFS
2021-07-14,QQQ,413.4011002428769,427.68321095629125,410.9266510074321,416.27756312235533,416.27756312235533,38408733,US_ETFS
2021-07-15,QQQ,401.0423440334207,410.8993105216665,394.9166971083062,403.209029680853,403.209029680853,47289525,US_ETFS
2021-07-16,QQQ,404.1263431051472,418.98521236745455,395.7576865016643,407.7495493665002,407.7495493665002,43673298,US_ETFS
2021-07-19,QQQ,411.10634535594835,415.7149540858938,406.21313209685303,410.1739313516346,410.1739313516346,8654560,US_ETFS
2021-07-20,QQQ,404.92930922941997,415.23579103654987,405.0783333071953,405.2854113886033,405.2854113886033,58628660,US_ETFS
2021-07-21,QQQ,417.1601163493859,416.70927929541597,411.7311901443279,414.00726794054793,414.00726794054793,77455385,US_ETFS
2021-07-22,QQQ,408.9160601861078,413.2956579873781,406.2691002373453,410.9289014623754,410.9289014623754,39857699,US_ETFS
2021-07-23,QQQ,413.3026212676578,417.844429603535,405.2370807925298,410.23324738899856,410.23324738899856,53904408,US_ETFS
2021-07-26,QQQ,414.2338729205497,411.9010186982512,407.9486982499422,410.5067570060328,410.5067570060328,96290341,US_ETFS
2021-07-27,QQQ,411.7679933935813,410.2045898555519,406.2596061431961,408.0358943222892,408.0358943222892,42687428,US_ETFS
2021-07-28,QQQ,406.67312757192525,418.4313169614524,409.4147000915736,410.3687584774617,410.3687584774617,6744933,US_ETFS
2021-07-29,QQQ,420.10554616303943,432.3047656605793,414.849469801638,420.2300440520295,420.2300440520295,36291634,US_ETFS
2021-07-30,QQQ,415.1418536588079,417.60811575900345,406.42090092332404,411.0481697285825,411.0481697285825,39200220,US_ETFS
2021-08-02,QQQ,412.9405880293922,421.85980529795603,410.0053210227259,415.475324074217,415.475324074217,27808734,US_ETFS
2021-08-03,QQQ,414.4880755723984,421.2179517523917,410.9528205427711,417.3213529792297,417.3213529792297,6774993,US_ETFS
2021-08-04,QQQ,416.12027516033567,430.93473172400195,412.19800201107495,419.0220529199062,419.0220529199062,7281481,US_ETFS
2021-08-05,QQQ,428.39551143511113,427.53874364323644,417.2881347496596,426.7475170027403,426.7475170027403,75246309,US_ETFS
2021-08-06,QQQ,428.88702793569826,436.9876260061403,426.46660371073864,427.5950155958641,427.5950155958641,72951274,US_ETFS
2021-08-09,QQQ,428.98952961202565,436.5307987556209,419.9078428053441,432.1294833861431,432.1294833861431,50784672,US_ETFS
2021-08-10,QQQ,442.8501903863071,439.91897508316055,432.46271933703076,438.74853712054903,438.74853712054903,7177829,US_ETFS
2021-08-11,QQQ,435.893703949774,435.78805899014145,432.4742007365118,434.7614957808394,434.7614957808394,26624200,US_ETFS
2021-08-12,QQQ,439.9757161089203,439.9511935396631,426.6781186181482,437.7977262553462,437.7977262553462,14058489,US_ETFS
2021-08-13,QQQ,431.98660224348555,441.20730295484344,423.22737769494086,436.03963909740486,436.03963909740486,11923880,US_ETFS
2021-08-16,QQQ,431.85100113486044,445.1284907842797,431.2418947898925,435.3185884296249,435.3185884296249,72010880,US_ETFS
2021-08-17,QQQ,430.35231293736746,438.9255647710723,429.5042038214438,432.9499207680022,432.9499207680022,45701293,US_ETFS
2021-08-18,QQQ,439.8163499663643,447.46246591376456,430.69303255983857,437.4619551613523,437.4619551613523,92908812,US_ETFS
2021-08-19,QQQ,436.54159540249765,441.7758620562714,430.5370284454459,438.6137461972277,438.6137461972277,62508406,US_ETFS
2021-08-20,QQQ,438.50016642619437,450.5819022989322,437.54261807238333,442.513408682053,442.513408682053,74996810,US_ETFS
2021-08-23,QQQ,445.52947797308923,450.1357147917688,442.7782390474771,442.8008887314126,442.8008887314126,64000215,US_ETFS
2021-08-24,QQQ,431.17315378718723,432.24226065228873,423.0570477476901,429.03756542105225,429.03756542105225,96606935,US_ETFS
2021-08-25,QQQ,428.0006282115357,432.6126755725884,427.0174122070457,429.7357675639639,429.7357675639639,56321282,US_ETFS
2021-08-26,QQQ,434.5861643571343,438.5766908435556,426.79225043193657,430.711593970103,430.711593970103,64218408,US_ETFS
2021-08-27,QQQ,434.3137969929584,440.990296822065,431.1600267878128,433.2320832197139,433.2320832197139,63822113,US_ETFS
2021-08-30,QQQ,427.9223448101994,428.75987714502867,421.5818542526702,428.52086459395696,428.52086459395696,98937407,US_ETFS
2021-08-31,QQQ,417.4454193079414,430.83220796760787,417.49526009494747,418.7037111269229,418.7037111269229,73512561,US_ETFS
2021-09-01,QQQ,421.07971340513177,427.8356441016675,417.08577802978624,424.35291724228523,424.35291724228523,59685189,US_ETFS
2021-09-02,QQQ,424.7804441462183,430.2533996345693,414.9318875859634,422.4551553506897,422.4551553506897,91322955,US_ETFS
2021-09-03,QQQ,423.9184818529531,427.1920425800733,422.26494345789183,424.3244691213934,424.3244691213934,40599465,US_ETFS
2021-09-06,QQQ,424.1573514744225,422.8992458367113,420.72497524257034,422.36018561096546,422.36018561096546,11505232,US_ETFS
2021-09-07,QQQ,423.45209854863646,425.8113352964574,420.6228481904013,422.7313403193989,422.7313403193989,59684301,US_ETFS
2021-09-08,QQQ,421.5471668840729,423.5342617613491,412.0813327177645,419.3555317133429,419.3555317133429,10714316,US_ETFS
2021-09-09,QQQ,415.2384383830269,415.81601773487006,399.33660303816845,411.6554630796049,411.6554630796049,97880187,US_ETFS
2021-09-10,QQQ,418.28703238915335,416.217820793374,409.1853675285471,415.9674030664683,415.9674030664683,9596805,US_ETFS
2021-09-13,QQQ,414.61672997182524,421.1106851035589,399.36617709386167,411.365804532802,411.365804532802,61229912,US_ETFS
2021-09-14,QQQ,413.30925425730914,419.5580995844535,408.3364942686442,413.12605099418755,413.12605099418755,47400316,US_ETFS
2021-09-15,QQQ,418.05976628305916,428.59984580111177,409.4773405791034,416.93061325647386,416.93061325647386,85854478,US_ETFS
2021-09-16,QQQ,415.4469431408751,418.874183831214,408.154879310761,412.45434016206855,412.45434016206855,64317813,US_ETFS
2021-09-17,QQQ,402.49967823195203,403.92030072530855,398.36885261527476,402.93583740311254,402.93583740311254,99413141,US_ETFS
2021-09-20,QQQ,419.0713145160108,431.7283122395092,412.2180035354584,422.8899100091061,422.8899100091061,65223864,US_ETFS
2021-09-21,QQQ,419.4332914507229,427.7397659490768,413.4541184581485,418.84901189663725,418.84901189663725,10044811,US_ETFS
2021-09-22,QQQ,428.4156598259263,429.99543751864843,416.016677533244,424.49021412612404,424.49021412612404,53599733,US_ETFS
2021-09-23,QQQ,437.44919900138103,453.9960797153224,430.8860590592777,441.3803702891869,441.3803702891869,15760691,US_ETFS
2021-09-24,QQQ,453.11797583869424,458.7162700630103,442.43548187954144,448.7947461354895,448.7947461354895,61525635,US_ETFS
2021-09-27,QQQ,443.0345882925389,454.0542967567254,445.5600043243547,446.5467977993051,446.5467977993051,54940670,US_ETFS
2021-09-28,QQQ,446.8643931530186,458.1042574779689,436.68409437471536,446.3939324384312,446.3939324384312,25705686,US_ETFS
2021-09-29,QQQ,442.82045277016505,446.9635137947794,431.4134901591778,439.4069101509526,439.4069101509526,17729155,US_ETFS
2021-09-30,QQQ,450.7975390447746,460.09564108831677,437.1883338710285,447.59478711431626,447.59478711431626,94134492,US_ETFS
2021-10-01,QQQ,451.31997419264866,464.8170702048183,446.4658839352439,453.11157824188257,453.11157824188257,17227803,US_ETFS
2021-10-04,QQQ,450.4183453113762,458.11594998544956,445.038807025529,448.90284393210544,448.90284393210544,3721839,US_ETFS
2021-10-05,QQQ,437.3537277230358,445.27204624776715,437.7832365773327,439.9950420804198,439.9950420804198,20208964,US_ETFS
2021-10-06,QQQ,427.876859526644,441.1809740581902,418.9768921058732,428.80831124247214,428.80831124247214,32655091,US_ETFS
2021-10-07,QQQ,441.6509482253867,446.1755697113057,431.71715076451613,437.6976276334812,437.6976276334812,47361719,US_ETFS
2021-10-08,QQQ,438.4050648446156,442.2588927783453,434.09492698001276,439.189065920608,439.189065920608,53261742,US_ETFS
2021-10-11,QQQ,441.76412297056027,451.6062174897763,436.76417549517527,441.5166321405157,441.5166321405157,71963004,US_ETFS
2021-10-12,QQQ,435.3701554208173,447.2344117670962,429.6668392063249,434.69123865834797,434.69123865834797,90220429,US_ETFS
2021-10-13,QQQ,425.1112945717873,430.4830198166544,414.1084341399991,422.40249036189175,422.40249036189175,9380343,US_ETFS
2021-10-14,QQQ,434.8376500865346,432.33964595171415,423.6752184710828,430.95710027654076,430.95710027654076,33677009,US_ETFS
2021-10-15,QQQ,431.1446690808982,439.6538005363785,419.97848948804256,431.7503978064721,431.7503978064721,46299145,US_ETFS
2021-10-18,QQQ,444.3083041081301,447.84153277787476,437.89673699286016,440.01612671195244,440.01612671195244,19810920,US_ETFS
2021-10-19,QQQ,438.94887579813025,437.7206123552085,430.7616669529278,437.0598068486801,437.0598068486801,15673691,US_ETFS
2021-10-20,QQQ,434.84522752721506,445.2228196389462,429.43341214927915,435.4267954408086,435.4267954408086,17181659,US_ETFS
2021-10-21,QQQ,439.88065811963224,446.94839595982097,441.151469291708,442.07400502104326,442.07400502104326,58849425,US_ETFS
2021-10-22,QQQ,449.956754346549,449.82828990007613,443.5720936784095,448.9911199988759,448.9911199988759,41986067,US_ETFS
2021-10-25,QQQ,455.0845420542418,464.24206301020416,451.8631611778089,456.6021087629221,456.6021087629221,42224518,US_ETFS
2021-10-26,QQQ,457.066593937289,456.5726149837514,445.9238377442345,454.3629205781621,454.3629205781621,51053845,US_ETFS
2021-10-27,QQQ,458.60692554501395,470.45058173712755,452.7887891206731,460.40183305338604,460.40183305338604,48258791,US_ETFS
2021-10-28,QQQ,472.65455941644893,482.413027343113,457.3288689026256,471.07486342531973,471.07486342531973,63305686,US_ETFS
2021-10-29,QQQ,474.082749888588,470.5742380948408,463.0736164659148,470.55882906687157,470.55882906687157,22250107,US_ETFS
2021-11-01,QQQ,462.413134200905,473.6369547367758,455.7518131076661,466.19685823199876,466.19685823199876,41814979,US_ETFS
2021-11-02,QQQ,480.8130004768362,486.22269992579766,472.8994291626711,479.1827493715273,479.1827493715273,29735407,US_ETFS
2021-11-03,QQQ,472.2783689965403,478.3576420877336,464.2129944405544,473.38995000254715,473.38995000254715,12485832,US_ETFS
2021-11-04,QQQ,475.9138473196525,489.32378126879524,471.9593039508516,479.8230969024857,479.8230969024857,43589809,US_ETFS
2021-11-05,QQQ,476.4075157108574,485.65788494161876,468.37624119565675,479.7422725201514,479.7422725201514,89072502,US_ETFS
2021-11-08,QQQ,464.42652320138745,463.38385307697837,453.24948622622014,462.55247731572604,462.55247731572604,24857573,US_ETFS
2021-11-09,QQQ,471.70630235298165,476.23782808794743,462.4371291832113,473.45570942896273,473.45570942896273,65211610,US_ETFS
2021-11-10,QQQ,448.81636190982226,456.7885735044743,444.63383098559007,447.81473420481996,447.81473420481996,45019797,US_ETFS
2021-11-11,QQQ,431.6394068060039,438.71357452972325,420.2655338280411,430.49211328215716,430.49211328215716,29423292,US_ETFS
2021-11-12,QQQ,437.8172608765209,441.2133536467286,426.7077752050401,435.46283420169704,435.46283420169704,46116218,US_ETFS
2021-11-15,QQQ,444.4408495645992,442.8581140162755,431.5687320702898,440.4886953959479,440.4886953959479,58076965,US_ETFS
2021-11-16,QQQ,432.4629659587908,436.17425069128916,424.8759294413632,435.3122496951997,435.3122496951997,16587682,US_ETFS
2021-11-17,QQQ,434.294389142013,449.86282372874336,427.63050434859196,437.03453727858596,437.03453727858596,25798197,US_ETFS
2021-11-18,QQQ,416.1006287854745,422.00034708448703,404.8226890051076,415.3451246416705,415.3451246416705,73202754,US_ETFS
2021-11-19,QQQ,424.43053911276064,424.30859229176554,413.53511497555274,421.6332460144951,421.6332460144951,4983844,US_ETFS
2021-11-22,QQQ,420.50396131820776,433.2402350400525,423.8499891575145,424.1607306148888,424.1607306148888,58396735,US_ETFS
2021-11-23,QQQ,427.08567437560043,429.03280638587705,423.62705692903444,424.19769322515543,424.19769322515543,71670897,US_ETFS
2021-11-24,QQQ,428.44931409772124,433.9383135376124,417.42699982815526,424.79870909130534,424.79870909130534,23772854,US_ETFS
2021-11-25,QQQ,425.2520909415507,438.36324421442026,426.4380050530006,429.4141825464106,429.4141825464106,85958105,US_ETFS
2021-11-26,QQQ,429.30638586266684,436.43414012251145,419.8787525094858,429.59538224721337,429.59538224721337,78163630,US_ETFS
2021-11-29,QQQ,415.1041958025317,425.57642868228453,401.7253805250952,413.9232658284944,413.9232658284944,94741658,US_ETFS
2021-11-30,QQQ,435.323725376011,441.6753482721038,423.9124092783316,432.519449321482,432.519449321482,11271267,US_ETFS
2021-12-01,QQQ,441.31316327195805,443.4150173559587,441.51178682408886,443.3393629540831,443.3393629540831,44483718,US_ETFS
2021-12-02,QQQ,429.3326945877315,444.08546167129725,421.9380984322245,432.389371359791,432.389371359791,8089579,US_ETFS
2021-12-03,QQQ,427.67856338454305,440.3991115246073,419.4817170878436,429.8370873287782,429.8370873287782,94599604,US_ETFS
2021-12-06,QQQ,432.4991746109994,440.7800717462184,422.96870178581054,428.23779943997334,428.23779943997334,25782515,US_ETFS
2021-12-07,QQQ,440.1693086050665,441.83772346838134,427.31229092632805,437.9061205251847,437.9061205251847,53861518,US_ETFS
2021-12-08,QQQ,421.89854029357974,422.90427780881794,413.04038411444196,419.4328849929813,419.4328849929813,56838355,US_ETFS
2021-12-09,QQQ,419.35001025253166,418.9907772756225,403.9858160830869,415.66630835827175,415.66630835827175,80681032,US_ETFS
2021-12-10,QQQ,403.2990559827266,410.92178912893297,394.153879753967,401.44522965136724,401.44522965136724,25163921,US_ETFS
2021-12-13,QQQ,397.0763768479145,409.94227115531413,390.8656198767271,399.557670184533,399.557670184533,22107223,US_ETFS
2021-12-14,QQQ,397.093357752843,401.5006884917123,394.2957139106018,396.1814007346952,396.1814007346952,53653853,US_ETFS
2021-12-15,QQQ,395.4733964133717,398.3559193891246,391.6446464397935,397.2090482803485,397.2090482803485,59420746,US_ETFS
2021-12-16,QQQ,389.2415131071603,397.53929897258587,389.7647296500194,392.80102564143715,392.80102564143715,4034408,US_ETFS
2021-12-17,QQQ,384.39420023921707,388.909183410778,385.1689897807925,387.29377149870044,387.29377149870044,80534379,US_ETFS
2021-12-20,QQQ,392.0058831418501,394.2127018667939,391.29990965254655,392.48084881394624,392.48084881394624,30496105,US_ETFS
2021-12-21,QQQ,398.80525589985456,400.77695593935715,394.5406340351233,396.44233652871435,396.44233652871435,41007501,US_ETFS
2021-12-22,QQQ,401.654563620161,401.5668165716489,393.65623301846415,401.2107318126243,401.2107318126243,40114974,US_ETFS
2021-12-23,QQQ,396.26837810422177,408.283021903738,391.6396934761021,400.1924582491659,400.1924582491659,63255139,US_ETFS
2021-12-24,QQQ,394.7645763631631,402.308509810902,391.4169156614762,396.01654133348325,396.01654133348325,70361551,US_ETFS
2021-12-27,QQQ,396.1322780400928,396.44168272569635,387.8414573291324,395.4712068976414,395.4712068976414,69036603,US_ETFS
2021-12-28,QQQ,398.7966370323902,410.3355596201182,389.71869388779174,399.8305814785649,399.8305814785649,18341485,US_ETFS
2021-12-29,QQQ,385.9188034569583,387.88683998130676,374.5114978441683,382.8235501882372,382.8235501882372,81595603,US_ETFS
2021-12-30,QQQ,386.2633710876135,390.84816129538564,375.6168049110213,386.2238803055477,386.2238803055477,23854501,US_ETFS
2021-12-31,QQQ,387.1072719459166,393.2181229402073,378.96812022277805,388.99803519111464,388.99803519111464,93940038,US_ETFS
2022-01-03,QQQ,387.6878176700873,399.9744911053498,386.85059282387,389.87056483335965,389.87056483335965,97093483,US_ETFS
2022-01-04,QQQ,389.8541980037993,389.1788967575632,388.6977827796412,389.0961772357468,389.0961772357468,15600968,US_ETFS
2022-01-05,QQQ,367.20699465122567,378.02535333325176,367.04646235487485,369.51592854504565,369.51592854504565,96945020,US_ETFS
2022-01-06,QQQ,367.63285704156567,374.25181905583844,364.2390153288958,366.6347887348284,366.6347887348284,89377925,US_ETFS
2022-01-07,QQQ,381.39863621680786,389.98024264810743,369.2154240619238,380.12283319935875,380.12283319935875,13438456,US_ETFS
2022-01-10,QQQ,377.5302511984285,389.7743731448546,370.71158327021715,380.60103757302545,380.60103757302545,58792380,US_ETFS
2022-01-11,QQQ,377.6277841174151,386.0559423131809,375.17041933872525,378.6425419818936,378.6425419818936,24600183,US_ETFS
2022-01-12,QQQ,379.0593179318746,381.6078492276066,373.6473373543011,379.14921262134516,379.14921262134516,95704044,US_ETFS
2022-01-13,QQQ,384.816034470474,393.0158644322089,372.97278097916114,382.21859890996103,382.21859890996103,36120342,US_ETFS
2022-01-14,QQQ,390.05629065629273,398.3697755688702,376.623898773876,387.6370845260455,387.6370845260455,68636587,US_ETFS
2022-01-17,QQQ,384.020578576053,386.7106347173133,384.54458897890976,386.25027282752376,386.25027282752376,96589144,US_ETFS
2022-01-18,QQQ,389.62344595703894,399.9202888577062,384.47914239866327,389.91902934743774,389.91902934743774,66420940,US_ETFS
2022-01-19,QQQ,399.54502847126776,406.4078558701663,398.1045865978448,403.3841094481315,403.3841094481315,63432473,US_ETFS
2022-01-20,QQQ,409.1995599331213,421.3532962179233,407.40259497912194,411.90560520979227,411.90560520979227,81926091,US_ETFS
2022-01-21,QQQ,428.1268583232878,440.3985968622636,427.79917602803636,431.59716635070555,431.59716635070555,79742934,US_ETFS
2022-01-24,QQQ,425.5253475332248,434.8699042787806,414.40905953554744,426.35955900490154,426.35955900490154,3042036,US_ETFS
2022-01-25,QQQ,436.76638348744973,451.27172948798125,432.52579285154445,441.0791069484505,441.0791069484505,30004992,US_ETFS
2022-01-26,QQQ,434.49649587814946,435.09188185349086,432.0364042105538,434.5451935957041,434.5451935957041,43025141,US_ETFS
2022-01-27,QQQ,440.97912833762666,444.3561311349327,430.3468205049874,438.0525481829843,438.0525481829843,87501625,US_ETFS
2022-01-28,QQQ,443.20670555408975,454.260264100863,433.40698872325737,444.90786493350686,444.90786493350686,21058954,US_ETFS
2022-01-31,QQQ,439.54248612344884,453.7650359272208,427.80548471477283,440.8077970003013,440.8077970003013,23099763,US_ETFS
2022-02-01,QQQ,438.1912837269184,445.6167281211172,436.7498981323851,442.02411158466487,442.02411158466487,44659554,US_ETFS
2022-02-02,QQQ,451.5855314869954,462.6722368479519,446.05024835319915,450.5150508951229,450.5150508951229,85148469,US_ETFS
2022-02-03,QQQ,440.9513038810056,445.12429313369114,437.8433736742321,444.5658113479717,444.5658113479717,6906560,US_ETFS
2022-02-04,QQQ,458.8646148076577,472.2249872073483,456.52198959274114,459.8533934022134,459.8533934022134,70891601,US_ETFS
2022-02-07,QQQ,445.8098755975076,448.1821758940994,440.10412696095136,447.5790176681332,447.5790176681332,83650495,US_ETFS
2022-02-08,QQQ,464.5472510997626,474.00836987028015,452.82404371937184,465.38990049611436,465.38990049611436,79179756,US_ETFS
2022-02-09,QQQ,472.266183519319,485.63001298840544,468.0208147529239,475.17543180138125,475.17543180138125,74850713,US_ETFS
2022-02-10,QQQ,474.74581934184596,476.6205274697378,466.68014519884423,474.79789944367906,474.79789944367906,49721265,US_ETFS
2022-02-11,QQQ,471.6179605855637,483.8797068034305,458.7928766202158,471.4489769257638,471.4489769257638,45900173,US_ETFS
2022-02-14,QQQ,466.7260803976685,474.35959471641286,459.8580439169632,467.13966678738404,467.13966678738404,95088327,US_ETFS
2022-02-15,QQQ,467.73151844087704,470.219758851655,458.901820118361,466.3380958513546,466.3380958513546,63095134,US_ETFS
2022-02-16,QQQ,467.65578137363536,474.54016114756786,463.8654955928389,466.35212459257895,466.35212459257895,4325725,US_ETFS
2022-02-17,QQQ,476.97409886404756,484.663439576343,477.6387771431694,478.52602525641964,478.52602525641964,81681766,US_ETFS
2022-02-18,QQQ,496.2930884967438,511.49103688054333,495.5394239532085,497.8455957169119,497.8455957169119,6636560,US_ETFS
2022-02-21,QQQ,500.15169442782013,503.1674543909947,486.25841820892737,500.3286496200684,500.3286496200684,2020036,US_ETFS
2022-02-22,QQQ,491.50667107509736,506.05613943374306,486.68888834656275,492.3671350801685,492.3671350801685,10217818,US_ETFS
2022-02-23,QQQ,485.5638335247417,494.7687370072645,484.7777877029321,487.48555087191494,487.48555087191494,47189608,US_ETFS
2022-02-24,QQQ,489.4584743881197,498.91564455426385,485.4694549079542,486.18795418287084,486.18795418287084,16929432,US_ETFS
2022-02-25,QQQ,474.5152901927715,485.16390073385753,471.4953573657821,476.65748295839785,476.65748295839785,84560050,US_ETFS
2022-02-28,QQQ,467.91404291816417,467.2991747307601,457.165766920432,465.8951156156773,465.8951156156773,12188249,US_ETFS
2022-03-01,QQQ,483.5212648690769,488.49466726139985,483.37910366052853,485.9018372326792,485.9018372326792,62023156,US_ETFS
2022-03-02,QQQ,489.9510225230211,491.9126164491035,474.7929537872456,489.3285484344868,489.3285484344868,42761836,US_ETFS
2022-03-03,QQQ,477.78281355664285,483.4065743970224,473.22713667811354,481.6643604437917,481.6643604437917,97927870,US_ETFS
2022-03-04,QQQ,490.71774046303693,503.96387002088204,483.4836807244947,490.0126015332848,490.0126015332848,44148269,US_ETFS
2022-03-07,QQQ,478.95459562790563,488.97557750613606,473.67238521306973,478.9545251323528,478.9545251323528,86524717,US_ETFS
2022-03-08,QQQ,464.5199553848917,475.1213015350408,461.7460270531153,468.93468105893675,468.93468105893675,61096191,US_ETFS
2022-03-09,QQQ,459.8036042525578,467.7953596002982,455.15829265511394,461.8721270955984,461.8721270955984,69004087,US_ETFS
2022-03-10,QQQ,480.2304602216749,488.18944724404787,472.72308958659113,477.61747058951505,477.61747058951505,99945601,US_ETFS
2022-03-11,QQQ,478.9965480615513,479.39012287292053,472.89525441238237,475.67948931251306,475.67948931251306,32088103,US_ETFS
2022-03-14,QQQ,452.4940852670791,464.48623906027626,442.3495603166641,452.9257701502142,452.9257701502142,85273366,US_ETFS
2022-03-15,QQQ,462.22230770787746,472.6071320593577,460.3943799046699,464.34009681468626,464.34009681468626,11793292,US_ETFS
2022-03-16,QQQ,463.66097046626476,463.9409046124079,452.705661475097,461.9591338655537,461.9591338655537,65148466,US_ETFS
2022-03-17,QQQ,448.0973586660272,447.19852720856227,434.8667623813945,445.33407458822705,445.33407458822705,99928376,US_ETFS
2022-03-18,QQQ,446.0687566054326,452.9494631753109,434.1594503815835,442.9588097018241,442.9588097018241,42756366,US_ETFS
2022-03-21,QQQ,450.0827957036489,457.75076537750414,439.5297666270128,448.0174338293284,448.0174338293284,79831559,US_ETFS
2022-03-22,QQQ,451.62261023351385,453.7303718231449,444.50347403211117,452.0858726777773,452.0858726777773,27239309,US_ETFS
2022-03-23,QQQ,467.7151663394194,469.04364119590036,463.4151665424173,468.79871865630525,468.79871865630525,81071309,US_ETFS
2022-03-24,QQQ,461.66612037165964,461.4076090054751,454.77021396246795,461.2719877492804,461.2719877492804,29853713,US_ETFS
2022-03-25,QQQ,461.95676769115005,467.775308918528,449.24244842718775,462.1642733918798,462.1642733918798,5076552,US_ETFS
2022-03-28,QQQ,457.8350297007452,467.8062509251112,443.03312750771556,456.1601191188421,456.1601191188421,18585986,US_ETFS
2022-03-29,QQQ,442.82361798838417,443.1252538520488,435.919183084208,442.54654135162747,442.54654135162747,13420350,US_ETFS
2022-03-30,QQQ,453.8734871411597,452.3668989778899,443.8847044881091,450.82682941070294,450.82682941070294,52588510,US_ETFS
2022-03-31,QQQ,459.7510523894214,464.4041651758612,451.5217964570385,455.45474326053846,455.45474326053846,24839131,US_ETFS
2022-04-01,QQQ,455.08533069631767,468.8999814872503,448.9930132234077,458.4942519133217,458.4942519133217,61377835,US_ETFS
2022-04-04,QQQ,458.61577288712016,473.4589978662127,453.95311812085936,462.8663631728763,462.8663631728763,96424997,US_ETFS
2022-04-05,QQQ,457.78058184363823,461.15061394955273,451.7531241405711,456.98358300849674,456.98358300849674,18408229,US_ETFS
2022-04-06,QQQ,450.24726419150716,457.76590617622384,445.55060958036427,448.248843703171,448.248843703171,16690442,US_ETFS
2022-04-07,QQQ,445.2358119522002,461.3198602760182,445.8949077788135,449.0346003677418,449.0346003677418,35072189,US_ETFS
2022-04-08,QQQ,457.89314420442906,465.6190459266112,450.0601260811672,459.91211692859684,459.91211692859684,87188967,US_ETFS
2022-04-11,QQQ,472.147162377298,484.94825523938096,470.1377722628564,475.1635122365438,475.1635122365438,98072189,US_ETFS
2022-04-12,QQQ,481.25465097315896,483.3021563575537,475.7232033349102,483.1978877230692,483.1978877230692,15922377,US_ETFS
2022-04-13,QQQ,479.5540689271015,494.1011207530814,473.3314334923606,483.96302603858976,483.96302603858976,46609202,US_ETFS
2022-04-14,QQQ,488.78136917625966,494.92291768902504,477.8558023334107,487.0582980016078,487.0582980016078,60073693,US_ETFS
2022-04-15,QQQ,489.2755909319539,490.5788402543217,483.7271836499472,487.65829400741507,487.65829400741507,44556351,US_ETFS
2022-04-18,QQQ,477.6245899162879,489.2480675472116,472.8697912803035,478.1397567257007,478.1397567257007,17088010,US_ETFS
2022-04-19,QQQ,476.47336604407855,481.9383715939261,468.3428534098278,478.8535943108567,478.8535943108567,47563621,US_ETFS
2022-04-20,QQQ,468.4954432005896,472.37431824038896,454.09556544252126,466.5487155174721,466.5487155174721,98368510,US_ETFS
2022-04-21,QQQ,467.43995096327296,477.9299096483779,458.7587671203465,465.85750282372265,465.85750282372265,93527463,US_ETFS
2022-04-22,QQQ,484.7608206405036,495.8954379601051,472.56535203962875,481.567197150137,481.567197150137,78141467,US_ETFS
2022-04-25,QQQ,490.3940900228305,493.78286799297535,484.759380183709,489.9740045385856,489.9740045385856,89506536,US_ETFS
2022-04-26,QQQ,477.1423984195901,489.9603604461728,476.0382761608675,481.4178904757888,481.4178904757888,39282561,US_ETFS
2022-04-27,QQQ,484.9030635442001,493.5277647407012,472.55701206476425,481.2019353679384,481.2019353679384,28018965,US_ETFS
2022-04-28,QQQ,473.4205638439729,479.4547499332834,468.6282994560703,473.6530673824755,473.6530673824755,11175772,US_ETFS
2022-04-29,QQQ,473.9428419650448,477.8223498850439,464.1470624537228,473.53452368884257,473.53452368884257,32601189,US_ETFS
2022-05-02,QQQ,483.20191234084297,484.6281334858469,469.46034374085764,483.8680680926652,483.8680680926652,51253427,US_ETFS
2022-05-03,QQQ,486.0024705036896,498.6383209662945,477.85959732089276,490.67132995194163,490.67132995194163,77482661,US_ETFS
2022-05-04,QQQ,517.611475385365,517.696954982111,505.3672743222217,515.5399668797247,515.5399668797247,76863539,US_ETFS
2022-05-05,QQQ,529.116155613924,542.5014443139798,523.9604680264652,528.3509020584759,528.3509020584759,24972325,US_ETFS
2022-05-06,QQQ,534.9600175306556,540.9981780084655,531.0118729284037,531.0349286677878,531.0349286677878,35960009,US_ETFS
2022-05-09,QQQ,542.6137232140785,539.1993273352448,538.7052739631245,538.7577693606809,538.7577693606809,28844669,US_ETFS
2022-05-10,QQQ,541.5624844802012,551.6410890165506,528.7561231425419,537.1151704711353,537.1151704711353,55770450,US_ETFS
2022-05-11,QQQ,523.7745617451657,529.3830960267429,512.6873349621703,525.5402929239906,525.5402929239906,11523191,US_ETFS
2022-05-12,QQQ,539.6540774919051,550.0638475952192,538.111627949736,539.7905973258448,539.7905973258448,52441102,US_ETFS
2022-05-13,QQQ,552.0779009203711,563.5017033604605,547.33985731486,551.2232701637631,551.2232701637631,30039422,US_ETFS
2022-05-16,QQQ,549.8805044537585,565.312542318673,545.5341234654119,549.1169995848219,549.1169995848219,98604478,US_ETFS
2022-05-17,QQQ,555.0438053375365,566.3712086109373,551.1882984966259,552.6745719832626,552.6745719832626,30741598,US_ETFS
2022-05-18,QQQ,561.9291823649805,573.2633469495826,550.2538699503315,566.943957240149,566.943957240149,11422033,US_ETFS
2022-05-19,QQQ,577.8274938401853,577.2126798059932,564.7687381233935,577.1075777331708,577.1075777331708,20522076,US_ETFS
2022-05-20,QQQ,556.6427887375062,566.4673097972125,547.8253609834284,560.7973489291622,560.7973489291622,11554695,US_ETFS
2022-05-23,QQQ,561.0426699951721,564.2338165358898,547.7023646047805,564.0905755220426,564.0905755220426,59622414,US_ETFS
2022-05-24,QQQ,565.2385085110761,573.7607186072083,560.3261857827465,562.7634788237973,562.7634788237973,59899053,US_ETFS
2022-05-25,QQQ,571.6083538121949,582.7849660780238,566.0241851151387,575.8533652102332,575.8533652102332,56329230,US_ETFS
2022-05-26,QQQ,583.8217961164194,588.9115715529363,574.2156786150287,588.3038071915148,588.3038071915148,72866321,US_ETFS
2022-05-27,QQQ,599.3519198908317,606.7172758661841,588.2224359419923,604.4069511088999,604.4069511088999,77143761,US_ETFS
2022-05-30,QQQ,597.367653290736,596.0050886589299,582.8420597090176,591.4980958814532,591.4980958814532,24409498,US_ETFS
2022-05-31,QQQ,584.2449761676673,584.8315339815102,580.5888129024089,582.8135843902757,582.8135843902757,8116901,US_ETFS
2022-06-01,QQQ,598.6914723561093,605.2221318928831,585.3303239281257,596.3824455328728,596.3824455328728,88050803,US_ETFS
2022-06-02,QQQ,592.7573850656439,598.0932980323958,572.5010902253231,589.9218844135413,589.9218844135413,46169354,US_ETFS
2022-06-03,QQQ,568.1233593497451,589.6119440798883,572.1692860881781,572.5612740757573,572.5612740757573,55438472,US_ETFS
2022-06-06,QQQ,577.0211550416728,587.9829342500975,569.5239731597852,579.2327178201648,579.2327178201648,24769493,US_ETFS
2022-06-07,QQQ,574.1247528357392,586.4800243185557,568.8875312590224,573.4726140500535,573.4726140500535,38959187,US_ETFS
2022-06-08,QQQ,591.8180690879233,609.2105111018478,581.6423383022042,594.5740064971319,594.5740064971319,87248447,US_ETFS
2022-06-09,QQQ,594.739892339058,600.0121964912341,596.546439604834,598.6906532421787,598.6906532421787,16940814,US_ETFS
2022-06-10,QQQ,601.60605001188,618.7198692889051,594.7650721531595,601.2082586355734,601.2082586355734,95892318,US_ETFS
2022-06-13,QQQ,591.8523210645872,613.9801761463057,594.1231654411615,597.3696173524064,597.3696173524064,91335023,US_ETFS
2022-06-14,QQQ,611.4974041407337,634.5241039065892,613.2567057049172,616.9733208637316,616.9733208637316,30968691,US_ETFS
2022-06-15,QQQ,621.901985005218,629.1190840420467,609.5582993177685,622.0146649011698,622.0146649011698,97505968,US_ETFS
2022-06-16,QQQ,618.8693096077873,630.9215296372383,615.924383737583,617.5548257481066,617.5548257481066,63153430,US_ETFS
2022-06-17,QQQ,607.8030528561557,624.5309343326632,601.2793596407802,608.364576072612,608.364576072612,68265960,US_ETFS
2022-06-20,QQQ,604.7728925424598,612.8105420858158,601.2176083341033,608.0789725748301,608.0789725748301,31102290,US_ETFS
2022-06-21,QQQ,593.8596328717318,597.6865863817009,581.8162827658148,596.7973218618424,596.7973218618424,7365851,US_ETFS
2022-06-22,QQQ,614.3980846586956,611.9695375914781,608.4810922305805,609.6747452180655,609.6747452180655,56737471,US_ETFS
2022-06-23,QQQ,588.2631372705042,596.9032426502927,578.0961139123921,588.2344103421968,588.2344103421968,29418604,US_ETFS
2022-06-24,QQQ,589.0949210514535,596.0313414494783,581.2846525285557,587.1813057087197,587.1813057087197,82823566,US_ETFS
2022-06-27,QQQ,597.6432461866029,601.9588285736485,579.8053765259405,594.9336672476569,594.9336672476569,92105566,US_ETFS
2022-06-28,QQQ,600.0414679487434,603.4659287385798,583.1261161873667,599.5993681397542,599.5993681397542,19758482,US_ETFS
2022-06-29,QQQ,586.2542869870132,597.4095322552135,578.6951789448624,591.597319159942,591.597319159942,92404134,US_ETFS
2022-06-30,QQQ,601.6484927738777,617.1341862696082,598.3383840457271,600.001062095894,600.001062095894,7014619,US_ETFS
2022-07-01,QQQ,591.197971203391,607.0679196818061,581.0708784983271,589.9685716761832,589.9685716761832,6100007,US_ETFS
2022-07-04,QQQ,587.003153962897,594.6294119388348,584.3113600757525,590.2944153714416,590.2944153714416,5316734,US_ETFS
2022-07-05,QQQ,603.4274942889309,607.8384708694639,586.5321003511257,598.5802785797518,598.5802785797518,7650110,US_ETFS
2022-07-06,QQQ,599.3279562246504,615.3601435557434,588.623680981076,604.7206680684739,604.7206680684739,53319718,US_ETFS
2022-07-07,QQQ,601.6735668154321,611.6899632571474,595.8022797924308,597.161187897385,597.161187897385,20993789,US_ETFS
2022-07-08,QQQ,613.9908628162727,620.2037816439213,606.7225196429346,612.060294045526,612.060294045526,42444751,US_ETFS
2022-07-11,QQQ,613.0609440698913,630.4986957763898,611.8287256892822,613.7336004378832,613.7336004378832,28693343,US_ETFS
2022-07-12,QQQ,623.9357677513428,636.5281321909727,611.6719060603615,623.4673590116113,623.4673590116113,94222631,US_ETFS
2022-07-13,QQQ,646.9601809248262,653.9063658044493,639.0154727963043,643.1577176964743,643.1577176964743,45636548,US_ETFS
2022-07-14,QQQ,660.7213046625096,674.7215053268479,639.2254624629958,658.1757147267464,658.1757147267464,60939823,US_ETFS
2022-07-15,QQQ,673.9413761582098,673.9362369866002,672.1217979107004,673.5787298934407,673.5787298934407,16454394,US_ETFS
2022-07-18,QQQ,670.8208135749,684.9877152439108,670.0075434783557,676.8480106718135,676.8480106718135,64098061,US_ETFS
2022-07-19,QQQ,688.7632729627774,700.5780322648302,678.5268613960546,688.2723268263006,688.2723268263006,28495977,US_ETFS
2022-07-20,QQQ,698.167055799441,693.694448516831,672.412266924166,691.9008513806771,691.9008513806771,31812566,US_ETFS
2022-07-21,QQQ,676.0292464631272,678.0649586190784,674.4199195427586,675.8580996550305,675.8580996550305,43524999,US_ETFS
2022-07-22,QQQ,683.9163059511791,686.1262963457723,669.1437335290788,680.6261946403818,680.6261946403818,28586383,US_ETFS
2022-07-25,QQQ,683.2709930394163,703.418479952095,667.2142603994727,684.7965408513456,684.7965408513456,52085736,US_ETFS
2022-07-26,QQQ,689.8437048211586,697.4951068704088,673.6269523510007,693.476054343467,693.476054343467,21068943,US_ETFS
2022-07-27,QQQ,696.661753126964,700.0584594579398,671.9203166245208,692.3942736510329,692.3942736510329,37447418,US_ETFS
2022-07-28,QQQ,680.5151954336707,695.5949918550126,662.85384703441,682.5421185818229,682.5421185818229,97644750,US_ETFS
2022-07-29,QQQ,695.0550277940469,707.8563724236351,680.487139981723,692.1865217578502,692.1865217578502,75821798,US_ETFS
2022-08-01,QQQ,679.5529738887573,684.5371483740136,662.1515236313236,674.6981207469258,674.6981207469258,54194352,US_ETFS
2022-08-02,QQQ,695.9264835378539,713.6171189159526,687.6428390330387,695.058069457113,695.058069457113,21610218,US_ETFS
2022-08-03,QQQ,691.9305956292095,696.8593431957353,682.1813383852561,692.5361477093971,692.5361477093971,90447302,US_ETFS
2022-08-04,QQQ,698.2655794663239,714.5070174870511,693.156221994839,696.6294265457047,696.6294265457047,90186485,US_ETFS
2022-08-05,QQQ,706.5436362124627,705.7800395327403,691.7156955632533,705.1082168925097,705.1082168925097,95188298,US_ETFS
2022-08-08,QQQ,708.1326036076092,726.6220193709588,694.5298175371629,714.1433049901985,714.1433049901985,1959821,US_ETFS
2022-08-09,QQQ,696.5521051041105,704.6310246466173,687.5011651040619,694.733114202252,694.733114202252,63126112,US_ETFS
2022-08-10,QQQ,700.5545488154933,722.8479687411309,706.7832587014777,706.8782520459303,706.8782520459303,31386638,US_ETFS
2022-08-11,QQQ,711.9273480503854,719.9227233159888,705.3044913374072,711.8709872640492,711.8709872640492,83252679,US_ETFS
2022-08-12,QQQ,709.6568033277506,721.9790873551646,692.5118609561613,703.538375271384,703.538375271384,88532253,US_ETFS
2022-08-15,QQQ,699.5325031210325,702.2101050508679,687.7947875567615,693.6935242733925,693.6935242733925,10728255,US_ETFS
2022-08-16,QQQ,689.4641805619949,709.3339316834697,678.1459856818078,689.7526086019379,689.7526086019379,67088648,US_ETFS
2022-08-17,QQQ,667.3192367680988,675.4217737091122,663.1550394201597,672.5261518857465,672.5261518857465,95175215,US_ETFS
2022-08-18,QQQ,694.4251837708141,714.6955261467598,693.8511356034619,696.3640752572085,696.3640752572085,62084703,US_ETFS
2022-08-19,QQQ,719.2028035589736,736.2739591906595,717.6870694148957,717.75848719698,717.75848719698,19803235,US_ETFS
2022-08-22,QQQ,720.8961708772362,745.621114842902,721.6178239436848,724.9604787425583,724.9604787425583,4659272,US_ETFS
2022-08-23,QQQ,722.9442703781582,733.9019925443065,704.152979567819,722.446338764067,722.446338764067,94937105,US_ETFS
2022-08-24,QQQ,720.8760878820507,740.4176104380698,704.6503699183698,720.3207862183006,720.3207862183006,27191353,US_ETFS
2022-08-25,QQQ,738.2338713225791,746.6184103147791,722.8690406504569,731.9621167140461,731.9621167140461,68343966,US_ETFS
2022-08-26,QQQ,756.9303918175806,761.0253355123922,742.0685387875723,758.4273327942869,758.4273327942869,82584673,US_ETFS
2022-08-29,QQQ,753.9682056981272,755.6924187473293,728.9940669283047,750.5336705701428,750.5336705701428,3500201,US_ETFS
2022-08-30,QQQ,732.0506037704075,740.239688148395,733.4480114695173,734.5084851457522,734.5084851457522,41167239,US_ETFS
2022-08-31,QQQ,759.844466284845,778.0467714923062,735.4732053368508,757.9780992341631,757.9780992341631,81000869,US_ETFS
2022-09-01,QQQ,731.1855450291151,747.5286556781986,713.1268747154925,731.6438391396914,731.6438391396914,47065412,US_ETFS
2022-09-02,QQQ,721.708978509306,728.0085745793266,709.297084128654,717.6177759300186,717.6177759300186,53082992,US_ETFS
2022-09-05,QQQ,717.3063940744283,730.3794945887045,707.1426302400747,714.7924014700604,714.7924014700604,57560704,US_ETFS
2022-09-06,QQQ,698.8819196434849,713.5028618248448,688.4736264364493,693.1994741557982,693.1994741557982,20090285,US_ETFS
2022-09-07,QQQ,711.817999561651,718.1356979696998,708.7960610469696,709.3114965403619,709.3114965403619,35339325,US_ETFS
2022-09-08,QQQ,726.6075435932685,739.4535663950242,711.4595551932849,722.1770632332082,722.1770632332082,47785215,US_ETFS
2022-09-09,QQQ,715.7335065004163,719.3005987903792,703.3199117060959,714.5971906005075,714.5971906005075,2093589,US_ETFS
2022-09-12,QQQ,733.2413706903499,740.9957719149795,718.7474313886805,733.5999608834512,733.5999608834512,64197004,US_ETFS
2022-09-13,QQQ,753.7967758131574,755.7624416357992,749.8790579174608,755.5975782200493,755.5975782200493,63701437,US_ETFS
2022-09-14,QQQ,748.188837634743,757.0798942740372,739.9945339210682,754.642946442798,754.642946442798,75820972,US_ETFS
2022-09-15,QQQ,745.9239756717553,759.5927329658235,727.3570538081798,748.5957181614823,748.5957181614823,94608812,US_ETFS
2022-09-16,QQQ,780.1597020963396,802.2057466855182,769.220020031012,783.1748819339841,783.1748819339841,97572964,US_ETFS
2022-09-19,QQQ,794.8979153605281,813.736634761512,776.9280501819695,795.2539733132392,795.2539733132392,50245853,US_ETFS
2022-09-20,QQQ,804.8569186174209,806.3920467076981,797.1915559390335,800.1260912611848,800.1260912611848,43091210,US_ETFS
2022-09-21,QQQ,830.0463015579801,835.1059657014334,807.0666762107472,822.7463911232418,822.7463911232418,62792083,US_ETFS
2022-09-22,QQQ,822.4488420111113,838.2386510617312,810.9656232957585,828.5373843207307,828.5373843207307,97227019,US_ETFS
2022-09-23,QQQ,815.5363454030415,831.0964392926593,818.6452861769434,820.9874105507275,820.9874105507275,24995269,US_ETFS
2022-09-26,QQQ,821.0957527179951,836.4751037784948,817.4310428564212,823.1246010451391,823.1246010451391,23528703,US_ETFS
2022-09-27,QQQ,845.7199225478785,865.3353574406025,832.881356330102,841.046563563662,841.046563563662,69111209,US_ETFS
2022-09-28,QQQ,804.4659488813788,830.8812568269636,792.0584259909957,808.377193636043,808.377193636043,80465008,US_ETFS
2022-09-29,QQQ,797.2776680049147,818.9742802466324,791.7944414029456,804.5288212131032,804.5288212131032,30006693,US_ETFS
2022-09-30,QQQ,823.6553411166246,841.9881797980029,810.0471795266369,827.5875408053347,827.5875408053347,4284102,US_ETFS
2022-10-03,QQQ,821.0481189703831,824.1358220758913,816.4901277483335,819.9428101206012,819.9428101206012,62688829,US_ETFS
2022-10-04,QQQ,842.916644082249,857.3082548739925,836.9791297263831,846.1171648865546,846.1171648865546,65185295,US_ETFS
2022-10-05,QQQ,870.3836062984838,896.0764645296563,861.6973153456773,870.9040626409912,870.9040626409912,74288149,US_ETFS
2022-10-06,QQQ,866.4073904531432,883.9217009641314,856.2010018854908,870.6335752456204,870.6335752456204,33581818,US_ETFS
2022-10-07,QQQ,861.1181402464472,868.8232519375404,861.4493116666697,861.6044206672026,861.6044206672026,22349181,US_ETFS
2022-10-10,QQQ,860.9453890649368,877.3475845272968,850.3058931732799,857.5142315621642,857.5142315621642,41396256,US_ETFS
2022-10-11,QQQ,895.7055602640221,910.5002910452135,882.9365644129098,904.0706427640866,904.0706427640866,60992640,US_ETFS
2022-10-12,QQQ,933.3421090112985,946.1180691647656,915.8609028359216,938.866955697884,938.866955697884,21699336,US_ETFS
2022-10-13,QQQ,939.0353312133302,960.938303607017,926.3005965139923,942.160331453026,942.160331453026,46626150,US_ETFS
2022-10-14,QQQ,939.091247963933,937.7836797179185,910.9207707924052,931.6429287490985,931.6429287490985,16747320,US_ETFS
2022-10-17,QQQ,936.9190372129277,959.1699825562695,921.9145960065005,934.7553807413027,934.7553807413027,72705156,US_ETFS
2022-10-18,QQQ,946.2734941891644,944.0854660406463,920.3389262250508,940.2485067545367,940.2485067545367,92064261,US_ETFS
2022-10-19,QQQ,919.209301598561,922.9321627082913,914.3121673680052,917.8074313333433,917.8074313333433,26713797,US_ETFS
2022-10-20,QQQ,912.8975901087639,934.3671600470518,918.2702322538078,920.194488198659,920.194488198659,23117057,US_ETFS
2022-10-21,QQQ,944.3158302050045,958.893976501838,929.4153511254643,945.452066104094,945.452066104094,70855881,US_ETFS
2022-10-24,QQQ,904.1114773474418,914.580100719499,910.707620179102,912.3734083319116,912.3734083319116,42891881,US_ETFS
2022-10-25,QQQ,919.8621644340735,949.1480044798631,922.158053707069,928.3688463311389,928.3688463311389,93982036,US_ETFS
2022-10-26,QQQ,954.5639669733588,967.6084782345705,932.465304181476,954.823607285433,954.823607285433,71602244,US_ETFS
2022-10-27,QQQ,947.1020623490635,971.5872416697026,933.1017787016683,945.0737631660514,945.0737631660514,81044635,US_ETFS
2022-10-28,QQQ,975.695777190393,1002.6393578550833,970.4279513375047,978.0412581143839,978.0412581143839,29637440,US_ETFS
2022-10-31,QQQ,968.9504534746892,971.6770778019171,958.8781775791616,965.5157367908989,965.5157367908989,31220980,US_ETFS
2022-11-01,QQQ,978.4878039001984,1001.0132645046734,955.2676201149263,974.9986975527268,974.9986975527268,82953610,US_ETFS
2022-11-02,QQQ,970.8367050444766,971.9972853392138,967.0680953418442,969.9916368904436,969.9916368904436,55884805,US_ETFS
2022-11-03,QQQ,961.6824887484862,971.3914356540748,951.5077292673355,965.005950547263,965.005950547263,66983177,US_ETFS
2022-11-04,QQQ,951.8625262144849,977.0271429977421,932.9192125511038,954.0570109861342,954.0570109861342,73756573,US_ETFS
2022-11-07,QQQ,977.7372630277551,976.9171806544826,949.6112642298511,968.3406847015088,968.3406847015088,85692355,US_ETFS
2022-11-08,QQQ,987.3155030773039,1009.0951807627554,973.4913240970048,985.7476825485713,985.7476825485713,59458643,US_ETFS
2022-11-09,QQQ,976.7058598550474,1014.606484953852,961.8116827794036,985.463349552362,985.463349552362,87012098,US_ETFS
2022-11-10,QQQ,963.3739062940799,965.0010948775439,958.7515477429823,959.64483627931,959.64483627931,86601004,US_ETFS
2022-11-11,QQQ,966.3347358401148,976.0078315756379,952.0257308337083,968.3424844866403,968.3424844866403,42668953,US_ETFS
2022-11-14,QQQ,980.448937063415,991.6709187508831,957.0378902298648,977.4839156367426,977.4839156367426,85488903,US_ETFS
2022-11-15,QQQ,968.2927732569126,983.8529401804249,961.4579949014076,974.224690794234,974.224690794234,96243786,US_ETFS
2022-11-16,QQQ,1008.8564528709885,1023.1463726407899,991.74976085533,1011.580971952929,1011.580971952929,42500771,US_ETFS
2022-11-17,QQQ,989.8043054967501,1007.2746515807959,965.8428543265153,980.9517312078052,980.9517312078052,64832748,US_ETFS
2022-11-18,QQQ,930.1365542820146,958.0185848768621,918.5219251708197,938.4317170559709,938.4317170559709,36560730,US_ETFS
2022-11-21,QQQ,920.4638460756667,951.0647381291456,913.8039508201487,925.6533757768727,925.6533757768727,65716904,US_ETFS
2022-11-22,QQQ,930.9602569994421,951.404521160888,916.6910592423684,939.731166516979,939.731166516979,39370024,US_ETFS
2022-11-23,QQQ,922.7265664312741,926.6239201258624,909.3202573241152,920.8266954275679,920.8266954275679,92836134,US_ETFS
2022-11-24,QQQ,904.8824621931245,928.1331994749136,879.2272950103232,903.6814379386572,903.6814379386572,94470632,US_ETFS
2022-11-25,QQQ,929.0627572412044,921.8642596840597,895.9450199513092,921.7735259483522,921.7735259483522,14608484,US_ETFS
2022-11-28,QQQ,922.6539667257935,932.7699597042208,921.47502879991,931.2225880686478,931.2225880686478,62459604,US_ETFS
2022-11-29,QQQ,937.341423075267,939.8963627829628,925.7513265518637,939.17636337919,939.17636337919,44770943,US_ETFS
2022-11-30,QQQ,959.6982915027069,962.8027087583856,948.5626104320996,954.7935311590285,954.7935311590285,26337956,US_ETFS
2022-12-01,QQQ,943.9092587640713,964.6624734719139,934.2239598213878,947.6288950646004,947.6288950646004,34352561,US_ETFS
2022-12-02,QQQ,939.0274013330227,951.8693557774806,913.9312698041668,941.3937987727282,941.3937987727282,24066701,US_ETFS
2022-12-05,QQQ,963.6730143420398,977.9267066385814,957.4216042337246,957.5816162827812,957.5816162827812,99324445,US_ETFS
2022-12-06,QQQ,937.5664634922316,951.8797300698715,921.4400278933681,932.7824207539077,932.7824207539077,55965105,US_ETFS
2022-12-07,QQQ,889.3311348887298,894.6927646874507,871.32576067005,893.7413750682401,893.7413750682401,89751964,US_ETFS
2022-12-08,QQQ,880.9032066417169,907.8312075920447,867.1706044880583,886.890236580639,886.890236580639,18659125,US_ETFS
2022-12-09,QQQ,902.8749887206412,915.7576327248082,883.6719609927155,904.288775448541,904.288775448541,83928429,US_ETFS
2022-12-12,QQQ,902.4414656276018,925.1809962087016,889.0235519457062,909.8150595690049,909.8150595690049,78832868,US_ETFS
2022-12-13,QQQ,919.8029652371574,940.9280562818078,902.4930821895866,926.3244090464076,926.3244090464076,32533339,US_ETFS
2022-12-14,QQQ,888.5631174802116,911.3697405205169,887.5113285249824,889.8958807441264,889.8958807441264,86089835,US_ETFS
2022-12-15,QQQ,893.0153768082516,896.4399647828313,890.1039483346714,896.4009628271706,896.4009628271706,9860563,US_ETFS
2022-12-16,QQQ,901.6092549312289,927.9139024657912,903.1845970654228,909.0198592203965,909.0198592203965,93539493,US_ETFS
2022-12-19,QQQ,885.6620358632422,897.5915729295469,873.8357864505123,885.3708454208802,885.3708454208802,69566176,US_ETFS
2022-12-20,QQQ,900.6603069517458,904.9991071870166,877.7162175104006,901.5210294211746,901.5210294211746,43411139,US_ETFS
2022-12-21,QQQ,892.740391555295,914.7112395762537,882.9254549951271,900.4118178430396,900.4118178430396,28282663,US_ETFS
2022-12-22,QQQ,962.3678292629771,975.8432478963109,937.9576748735697,956.6215869149048,956.6215869149048,42661670,US_ETFS
2022-12-23,QQQ,924.3839593542676,923.4564679599387,900.048385973353,915.9223880354924,915.9223880354924,31596460,US_ETFS
2022-12-26,QQQ,946.5300822771832,943.2688307301222,940.621512142713,941.918360446215,941.918360446215,81275235,US_ETFS
2022-12-27,QQQ,934.205226612061,945.0095366118414,918.3859274307837,935.4349838459324,935.4349838459324,70488035,US_ETFS
2022-12-28,QQQ,900.7006905765203,911.1562773619517,880.0697525056414,906.1156130723055,906.1156130723055,59376766,US_ETFS
2022-12-29,QQQ,895.4997351456589,919.0502294400835,883.3326178862935,897.4720830259176,897.4720830259176,24924618,US_ETFS
2022-12-30,QQQ,898.0517384355328,914.1052389225557,880.046540866705,903.3501525633353,903.3501525633353,7083343,US_ETFS
2023-01-02,QQQ,917.8014207198983,947.7287208327898,919.6265954218908,922.9974162005178,922.9974162005178,63332946,US_ETFS
2023-01-03,QQQ,950.2317970731721,973.0787352837597,944.7237163453616,955.7077853914295,955.7077853914295,11066012,US_ETFS
2023-01-04,QQQ,985.4646274180352,1004.0019588184641,963.7633603632378,983.8417790742012,983.8417790742012,64066406,US_ETFS
2023-01-05,QQQ,965.834299561781,980.8816240233745,947.4123497502023,965.8299575585523,965.8299575585523,69335676,US_ETFS
2023-01-06,QQQ,991.6890315158504,1006.034828014224,984.0047282922148,988.626725851422,988.626725851422,21851037,US_ETFS
2023-01-09,QQQ,992.5692266247972,1024.8688410100226,974.6305203989193,997.3520478979398,997.3520478979398,55733815,US_ETFS
2023-01-10,QQQ,980.4060801478378,988.5698226199823,958.7257982376277,985.2920066761635,985.2920066761635,89373935,US_ETFS
2023-01-11,QQQ,974.4546942208552,1005.5898510573269,968.9418996687867,982.1014224051725,982.1014224051725,33072726,US_ETFS
2023-01-12,QQQ,973.7752932234112,987.0019283266846,946.4620046478576,969.1407741170868,969.1407741170868,8358557,US_ETFS
2023-01-13,QQQ,967.3064497463577,980.1289294121932,961.2248542625996,970.8288689107663,970.8288689107663,50745507,US_ETFS
2023-01-16,QQQ,953.4763794965244,970.3989211942253,947.0663686494792,957.6322390484885,957.6322390484885,73794308,US_ETFS
2023-01-17,QQQ,940.8446061140144,957.3118670887508,932.9695426873755,938.9010659662612,938.9010659662612,33224714,US_ETFS
2023-01-18,QQQ,939.7501586098708,951.9217737901347,941.2920793428865,948.8368762282288,948.8368762282288,7480908,US_ETFS
2023-01-19,QQQ,963.6910341095781,990.5145277459189,958.8082966334086,961.7169676924556,961.7169676924556,82301791,US_ETFS
2023-01-20,QQQ,951.7587393646404,978.3452210818562,940.5653780898891,959.0703802986219,959.0703802986219,90368976,US_ETFS
2023-01-23,QQQ,978.6479052157066,995.5962632828677,983.5769464355774,986.2629278025562,986.2629278025562,41330949,US_ETFS
2023-01-24,QQQ,990.1967430439821,1005.1384310736269,960.8130613514269,982.1121300758385,982.1121300758385,53769722,US_ETFS
2023-01-25,QQQ,984.6415105359137,990.3221932409364,972.7591238010374,977.1470711369947,977.1470711369947,83920937,US_ETFS
2023-01-26,QQQ,986.6644058210748,992.6266925494976,987.2848836147061,991.0321157004786,991.0321157004786,61296832,US_ETFS
2023-01-27,QQQ,991.5173221128234,997.1211319627683,967.8142616862276,989.3983876637938,989.3983876637938,77590375,US_ETFS
2023-01-30,QQQ,1000.4090859330742,1009.4746547180092,968.8685837973188,992.065760778978,992.065760778978,75556868,US_ETFS
2023-01-31,QQQ,938.4810536098067,951.8257600112584,929.5120418402998,943.0490123627308,943.0490123627308,2884857,US_ETFS
2023-02-01,QQQ,940.4808042827327,957.7319090081498,941.2456606876233,944.3071790286197,944.3071790286197,13501312,US_ETFS
2023-02-02,QQQ,910.0731638170768,930.7144356001093,887.962876272831,910.7428013827276,910.7428013827276,55085075,US_ETFS
2023-02-03,QQQ,888.9649331834942,899.6676420560976,884.2657586520651,889.4141053164834,889.4141053164834,15509638,US_ETFS
2023-02-06,QQQ,871.6092852866792,878.6389762481919,846.0048550518075,866.5504253994765,866.5504253994765,70704220,US_ETFS
2023-02-07,QQQ,844.1481807176526,862.3508113099153,838.0342197653965,849.3479583206946,849.3479583206946,42963477,US_ETFS
2023-02-08,QQQ,841.5898859015546,865.6481607448313,820.3675401259455,840.8739481771136,840.8739481771136,90467530,US_ETFS
2023-02-09,QQQ,825.6920219270592,837.0424936042848,831.413642940085,833.5332427974357,833.5332427974357,27059869,US_ETFS
2023-02-10,QQQ,844.4581563142154,861.7252234742581,832.7379914722114,845.4406853425206,845.4406853425206,90415207,US_ETFS
2023-02-13,QQQ,857.5243999884506,854.2164522213897,828.2959723989277,850.0464401477406,850.0464401477406,48690498,US_ETFS
2023-02-14,QQQ,817.8123876554598,837.8524416661379,816.2891767415052,818.5764555744358,818.5764555744358,88366819,US_ETFS
2023-02-15,QQQ,823.5634442833198,842.3100497973223,796.2719091180581,820.7586926134388,820.7586926134388,52282440,US_ETFS
2023-02-16,QQQ,820.0778203865888,830.9341427210863,818.7766040233314,826.8036665081158,826.8036665081158,11251741,US_ETFS
2023-02-17,QQQ,827.3827339404346,829.5197882696228,798.1261413744905,822.197270168029,822.197270168029,70556551,US_ETFS
2023-02-20,QQQ,816.6493377704026,833.7577342330205,810.5046410688335,822.0182617581129,822.0182617581129,49758654,US_ETFS
2023-02-21,QQQ,826.5586440340998,826.7414880230945,808.9631433654139,825.9690479893483,825.9690479893483,49231985,US_ETFS
2023-02-22,QQQ,844.3106059139834,859.9584913718692,833.6202156867388,839.4257290723795,839.4257290723795,5793871,US_ETFS
2023-02-23,QQQ,817.1331960803498,837.6971008096941,802.9202126172454,813.8252591679038,813.8252591679038,26701668,US_ETFS
2023-02-24,QQQ,805.0959927722038,817.6530975072815,802.6874948060452,810.6624568812707,810.6624568812707,42963599,US_ETFS
2023-02-27,QQQ,838.5263320539993,842.7784889086591,834.6497609344867,835.9281482792359,835.9281482792359,37954582,US_ETFS
2023-02-28,QQQ,866.5686379440269,873.3127937706058,835.5442121889344,860.448617711202,860.448617711202,50858531,US_ETFS
2023-03-01,QQQ,872.0267751447034,881.0328346042558,857.7016957237723,875.9528163941949,875.9528163941949,54101747,US_ETFS
2023-03-02,QQQ,888.0767776404672,906.3099892495262,866.9338335538046,886.2334310870071,886.2334310870071,5292966,US_ETFS
2023-03-03,QQQ,921.9933425507168,931.0933558168688,905.6781078084983,916.4475171235375,916.4475171235375,54214423,US_ETFS
2023-03-06,QQQ,954.6583417411993,956.7883204670467,940.5882588254739,952.5161054265163,952.5161054265163,34223034,US_ETFS
2023-03-07,QQQ,948.1643555723465,953.6154182960466,946.4492254046701,951.0096061818851,951.0096061818851,17021374,US_ETFS
2023-03-08,QQQ,931.1548750857387,958.5726458340591,927.7518930220695,933.5218244658357,933.5218244658357,42203058,US_ETFS
2023-03-09,QQQ,925.9070331288436,951.3629018012919,928.011232214817,929.4088707405432,929.4088707405432,20457796,US_ETFS
2023-03-10,QQQ,982.1830596271254,1017.3286498471133,970.984142499411,987.9002052209277,987.9002052209277,14756868,US_ETFS
2023-03-13,QQQ,953.5166351498804,962.7033629988871,954.3000667834795,957.8807563652889,957.8807563652889,79921020,US_ETFS
2023-03-14,QQQ,949.7435442600241,967.810389838573,940.3853155720138,949.8242293842159,949.8242293842159,55815813,US_ETFS
2023-03-15,QQQ,919.4580647870443,932.4760794658042,905.859067446164,923.9378879081158,923.9378879081158,15884662,US_ETFS
2023-03-16,QQQ,929.3409925048126,950.8722347852226,923.8177326455769,927.1673069951075,927.1673069951075,89848666,US_ETFS
2023-03-17,QQQ,898.1738587914137,915.2737396924331,889.2027144193313,905.79255825395,905.79255825395,56382061,US_ETFS
2023-03-20,QQQ,897.4251056286156,926.4122124380688,878.3150556744594,904.7282334685001,904.7282334685001,18941600,US_ETFS
2023-03-21,QQQ,877.2248585267497,884.8853588488857,845.9092287460119,870.3468387175838,870.3468387175838,18432509,US_ETFS
2023-03-22,QQQ,887.1191403114218,883.549832644442,858.5995374707016,881.9680694239628,881.9680694239628,67741782,US_ETFS
2023-03-23,QQQ,902.0645660927814,909.5792383640154,882.2569712624467,904.4114272137188,904.4114272137188,60720890,US_ETFS
2023-03-24,QQQ,895.8630117210902,910.3328553856574,876.0947206118088,898.370978656932,898.370978656932,34553792,US_ETFS
2023-03-27,QQQ,889.4807239326543,921.3596798057963,886.4198349082307,896.8414121015387,896.8414121015387,35490363,US_ETFS
2023-03-28,QQQ,889.5171388230156,918.8978526685003,888.9684856231429,894.8072460825068,894.8072460825068,64030613,US_ETFS
2023-03-29,QQQ,905.7853523688681,899.8812139723614,876.5886450519215,898.9396569902901,898.9396569902901,41649342,US_ETFS
2023-03-30,QQQ,901.9932177619598,909.1978067237666,880.3911011743951,899.1523535389792,899.1523535389792,26175196,US_ETFS
2023-03-31,QQQ,905.1267742349785,939.8490726395727,913.4158516051227,913.8645892039431,913.8645892039431,82585829,US_ETFS
2023-04-03,QQQ,931.1126234201264,948.3440877450835,914.1870348371705,937.3150698164178,937.3150698164178,21387282,US_ETFS
2023-04-04,QQQ,929.7424610607287,936.77437938833,912.8528637144351,922.9915603913182,922.9915603913182,66581336,US_ETFS
2023-04-05,QQQ,915.2916670834843,927.7708511682534,897.9985853929323,918.2044001873247,918.2044001873247,31673390,US_ETFS
2023-04-06,QQQ,930.0804023851032,958.3509739340026,913.0729358606902,935.6800234934556,935.6800234934556,50260984,US_ETFS
2023-04-07,QQQ,910.496295113267,929.0142818174378,896.1077983276261,910.0111569511931,910.0111569511931,42286955,US_ETFS
2023-04-10,QQQ,883.7147799532318,878.929399675248,859.4935384537132,875.0536010337318,875.0536010337318,88700439,US_ETFS
2023-04-11,QQQ,883.1839971299321,903.1428793166672,871.0113055004699,879.8894264258693,879.8894264258693,27927304,US_ETFS
2023-04-12,QQQ,895.7530782990377,900.0209087858373,870.5659588875648,889.5039150312023,889.5039150312023,15627109,US_ETFS
2023-04-13,QQQ,882.033824452329,891.9963290433437,870.4720889424946,877.5436420459837,877.5436420459837,49955892,US_ETFS
2023-04-14,QQQ,871.6853411604864,868.5749713276876,851.6606377615431,868.2653546178974,868.2653546178974,54617487,US_ETFS
2023-04-17,QQQ,851.1443228401753,875.2676793666649,848.1403819423913,855.932646856232,855.932646856232,28409232,US_ETFS
2023-04-18,QQQ,841.463334145746,859.0264730322948,818.4867872138503,841.947987208317,841.947987208317,14994367,US_ETFS
2023-04-19,QQQ,852.6983905010447,856.1848966592221,835.0229704033958,854.467683401434,854.467683401434,45325556,US_ETFS
2023-04-20,QQQ,838.6045248106014,843.220597684027,813.9942943325461,835.1481949359601,835.1481949359601,53947979,US_ETFS
2023-04-21,QQQ,838.9259511803177,833.5144697955528,818.7189434109036,831.5483243620902,831.5483243620902,76879069,US_ETFS
2023-04-24,QQQ,818.960398995689,817.8919705368905,793.4818067535336,817.3232572248247,817.3232572248247,30528105,US_ETFS
2023-04-25,QQQ,790.3685186501874,805.9252931245474,781.4318227182875,794.3517499623104,794.3517499623104,76862525,US_ETFS
2023-04-26,QQQ,807.2438832532993,819.6481038190345,795.9876466571277,808.9706528300547,808.9706528300547,40044322,US_ETFS
2023-04-27,QQQ,808.013277385627,821.8341686101198,790.4310999085254,801.3691564960997,801.3691564960997,1019291,US_ETFS
2023-04-28,QQQ,811.6473017773731,808.194166697414,799.2843531378779,805.1907270185325,805.1907270185325,16083767,US_ETFS
2023-05-01,QQQ,776.7043151299249,800.5386689242761,768.1200788113538,781.7101434644292,781.7101434644292,95653421,US_ETFS
2023-05-02,QQQ,766.7518137010007,782.1233868686461,748.2874638621444,770.8922216711358,770.8922216711358,82817907,US_ETFS
2023-05-03,QQQ,786.9019455331772,787.7612028939757,765.2396317646736,783.3203592153587,783.3203592153587,35408947,US_ETFS
2023-05-04,QQQ,825.1405647574236,839.7070326339967,809.5618131305183,824.636927698182,824.636927698182,72925823,US_ETFS
2023-05-05,QQQ,795.432519176634,794.4946229372456,781.9898702979311,792.8683497497478,792.8683497497478,66738139,US_ETFS
2023-05-08,QQQ,787.2469405498091,797.896056025331,787.5181625606472,790.4721779840388,790.4721779840388,42442883,US_ETFS
2023-05-09,QQQ,805.5482543048516,804.6092443495314,785.0614760823925,797.780577009124,797.780577009124,74580488,US_ETFS
2023-05-10,QQQ,781.0735407785663,810.0547027027004,779.601381125211,788.7481028712002,788.7481028712002,87042482,US_ETFS
2023-05-11,QQQ,795.5340989336987,806.446792238773,795.1688931605165,802.9380280858511,802.9380280858511,35200715,US_ETFS
2023-05-12,QQQ,795.3162264431494,790.0877204109391,774.6313820861302,789.8223136847855,789.8223136847855,13999931,US_ETFS
2023-05-15,QQQ,798.1688564901302,811.5656302262665,781.1486254212537,793.0423822974162,793.0423822974162,22056035,US_ETFS
2023-05-16,QQQ,787.6679920687279,789.2374064572087,781.0766979766565,785.554921742235,785.554921742235,63042300,US_ETFS
2023-05-17,QQQ,813.4127596553743,827.0315389400905,791.1666555418338,805.499078442789,805.499078442789,54315140,US_ETFS
2023-05-18,QQQ,803.3367478231255,808.4704858321306,785.3834320584594,795.4083578435,795.4083578435,91045998,US_ETFS
2023-05-19,QQQ,786.402988693811,792.9192383141784,775.5666355768408,790.606099031895,790.606099031895,10489113,US_ETFS
2023-05-22,QQQ,804.3043218620987,816.5966049993598,793.1048350241972,806.3500555475841,806.3500555475841,99174295,US_ETFS
2023-05-23,QQQ,786.1655151079764,799.4891580557868,787.4408440881097,790.5772250058398,790.5772250058398,61153739,US_ETFS
2023-05-24,QQQ,796.0632611489309,803.9155702660295,786.610541411113,792.4548468127484,792.4548468127484,62467938,US_ETFS
2023-05-25,QQQ,764.96039151809,768.287212894999,755.0591460115596,764.3617781768185,764.3617781768185,44084512,US_ETFS
2023-05-26,QQQ,755.7193809800677,767.5652218160999,732.004466823766,748.4946448954797,748.4946448954797,88988925,US_ETFS
2023-05-29,QQQ,758.519246926728,775.4246694205251,753.7280353271416,754.963603813402,754.963603813402,46150554,US_ETFS
2023-05-30,QQQ,744.4176031877239,753.7222177376966,736.867074824051,740.7597561754467,740.7597561754467,34708716,US_ETFS
2023-05-31,QQQ,730.7595575490852,739.18297176845,725.8825580470755,733.4325616876714,733.4325616876714,51970475,US_ETFS
2023-06-01,QQQ,746.6608968490916,757.903172848342,722.8213101875044,741.3989067091067,741.3989067091067,88476770,US_ETFS
2023-06-02,QQQ,732.3219859215527,741.1669958777355,732.284053520132,733.5521461792678,733.5521461792678,93118670,US_ETFS
2023-06-05,QQQ,739.8766234632176,762.9522145417902,737.891528937336,746.3576497009362,746.3576497009362,94929296,US_ETFS
2023-06-06,QQQ,749.1167493336854,768.7048454645228,743.9607641008283,750.3232387745581,750.3232387745581,30609783,US_ETFS
2023-06-07,QQQ,759.0589575929909,780.294122639605,745.8480588620562,757.6116252857042,757.6116252857042,93694555,US_ETFS
2023-06-08,QQQ,781.6219468672757,795.7283552077405,767.0081509738709,777.1726361946689,777.1726361946689,39267682,US_ETFS
2023-06-09,QQQ,778.0969459878534,805.5616582492988,760.3870823421511,782.9209634846161,782.9209634846161,74959705,US_ETFS
2023-06-12,QQQ,804.5080559070137,813.74148002766,783.8418258167021,807.7998005142996,807.7998005142996,7587738,US_ETFS
2023-06-13,QQQ,828.9872855541582,832.1097266581484,812.9839105603544,823.3299501238971,823.3299501238971,83365787,US_ETFS
2023-06-14,QQQ,808.8562572634526,824.1989191155263,792.2415595553362,815.5337988150642,815.5337988150642,70207525,US_ETFS
2023-06-15,QQQ,841.7113843411234,856.4724420255277,835.9197349034154,837.4414518549289,837.4414518549289,21117551,US_ETFS
2023-06-16,QQQ,842.5510913876079,852.0055278748985,832.3100869581133,842.6983401795866,842.6983401795866,78363290,US_ETFS
2023-06-19,QQQ,828.7659264561383,853.4718750178073,836.8863522580826,836.8891198119508,836.8891198119508,7242794,US_ETFS
2023-06-20,QQQ,840.8403991413638,863.6376550207905,838.7212979117592,842.3855681222694,842.3855681222694,55907519,US_ETFS
2023-06-21,QQQ,865.0454312460213,867.9036157932186,848.7197446371437,861.9681149684242,861.9681149684242,91229321,US_ETFS
2023-06-22,QQQ,870.8877116958656,874.7840869462508,854.2761082683181,870.6747703255845,870.6747703255845,59627817,US_ETFS
2023-06-23,QQQ,894.7338313042932,905.7346368739547,899.0311519720934,903.2796743144037,903.2796743144037,14492618,US_ETFS
2023-06-26,QQQ,919.3676062971191,936.3970086766367,913.5098965877023,923.8117733581479,923.8117733581479,89174339,US_ETFS
2023-06-27,QQQ,936.4967173555029,958.961733912923,919.6276212346178,934.4016130956533,934.4016130956533,9897176,US_ETFS
2023-06-28,QQQ,915.4881292592746,938.7542416724733,910.825913273348,916.160821275563,916.160821275563,10030213,US_ETFS
2023-06-29,QQQ,910.6665092112567,924.4447593527398,905.3881061230312,913.7837043439298,913.7837043439298,14388837,US_ETFS
2023-06-30,QQQ,911.4425488685431,934.7564663310458,905.4017995390315,916.0071985100769,916.0071985100769,63622395,US_ETFS
2023-07-03,QQQ,930.36061712984,944.9989933791467,922.7534067942597,929.6855951050737,929.6855951050737,52632760,US_ETFS
2023-07-04,QQQ,933.4857551338158,954.6727772862718,926.2753471141141,942.4656676552843,942.4656676552843,19017566,US_ETFS
2023-07-05,QQQ,941.9950005187401,952.8381209216953,944.6001406703795,946.6038536411581,946.6038536411581,35437874,US_ETFS
2023-07-06,QQQ,958.9276422106497,959.9127068175341,936.7060011471642,949.8289313684274,949.8289313684274,65655637,US_ETFS
2023-07-07,QQQ,967.3293939561391,991.9491895380326,939.6522590029568,964.4649763547383,964.4649763547383,79601118,US_ETFS
2023-07-10,QQQ,957.4386061317863,955.4368905566337,931.3028266523824,948.8679144550784,948.8679144550784,88832479,US_ETFS
2023-07-11,QQQ,984.4312500860716,1010.7878011554724,979.0368230959486,981.9931935562776,981.9931935562776,44493719,US_ETFS
2023-07-12,QQQ,951.7699678594998,953.5044581531181,921.8521806860589,942.7691078037473,942.7691078037473,4009887,US_ETFS
2023-07-13,QQQ,974.9385164530073,998.384178601415,960.0041746469705,971.1541788914797,971.1541788914797,3108683,US_ETFS
2023-07-14,QQQ,962.0773605288904,997.2389580489493,950.1954277583058,971.2476907752609,971.2476907752609,11561952,US_ETFS
2023-07-17,QQQ,982.8598020137923,1015.638219701021,967.5999870201352,991.6940050546197,991.6940050546197,12931662,US_ETFS
2023-07-18,QQQ,995.9328634427326,1023.3005568286613,984.1412481423109,999.9020666093634,999.9020666093634,95701901,US_ETFS
2023-07-19,QQQ,1007.4402694827894,1028.289571780431,992.4088527100837,1007.8219791277261,1007.8219791277261,94353584,US_ETFS
2023-07-20,QQQ,1017.9342402056351,1027.0333805109174,1010.006586183148,1020.0015979662428,1020.0015979662428,85424745,US_ETFS
2023-07-21,QQQ,1037.4835570256325,1048.5527157198462,1020.5858097809656,1037.5263329184286,1037.5263329184286,14189741,US_ETFS
2023-07-24,QQQ,1021.5336301809117,1040.4251634225157,1013.0141802757049,1031.7404464181552,1031.7404464181552,71456396,US_ETFS
2023-07-25,QQQ,1061.010845352378,1083.4296478624349,1041.0925305143187,1054.1250692022186,1054.1250692022186,74311163,US_ETFS
2023-07-26,QQQ,1023.5344034148981,1034.0975147205586,1028.4509125278623,1032.3158408488655,1032.3158408488655,45408340,US_ETFS
2023-07-27,QQQ,1027.2717996256936,1042.1319534393824,1013.1556655990922,1033.238099984007,1033.238099984007,36493695,US_ETFS
2023-07-28,QQQ,1052.753034773685,1064.5563088929857,1046.2160869453726,1051.5464576079683,1051.5464576079683,8327979,US_ETFS
2023-07-31,QQQ,1067.86091110078,1075.3824337086162,1053.6013019667937,1073.524148287631,1073.524148287631,79776042,US_ETFS
2023-08-01,QQQ,1081.0150375619205,1097.085585585667,1057.9364749254305,1084.4910315533239,1084.4910315533239,23038678,US_ETFS
2023-08-02,QQQ,1068.8392964347402,1093.2346826458786,1056.1636749271327,1077.0429111679994,1077.0429111679994,60365788,US_ETFS
2023-08-03,QQQ,1102.130047970926,1099.3042325867264,1083.3380956988346,1097.4358092007917,1097.4358092007917,24618481,US_ETFS
2023-08-04,QQQ,1089.4584429768101,1112.2185613159206,1074.6938147348214,1083.8415154044128,1083.8415154044128,10426589,US_ETFS
2023-08-07,QQQ,1117.3528869495558,1126.39405808513,1112.0290120021352,1122.8903542115186,1122.8903542115186,54281659,US_ETFS
2023-08-08,QQQ,1132.7421809113027,1135.555863197418,1114.7044405488416,1122.1117218840338,1122.1117218840338,17513372,US_ETFS
2023-08-09,QQQ,1081.5620836821067,1094.9715170967538,1063.7852196897334,1088.681192830271,1088.681192830271,7041743,US_ETFS
2023-08-10,QQQ,1074.3396006301903,1080.4376292628333,1046.3880897761169,1063.757285562804,1063.757285562804,36398823,US_ETFS
2023-08-11,QQQ,1069.804858922823,1080.8231993251793,1055.2286599175775,1065.7495675823493,1065.7495675823493,27248701,US_ETFS
2023-08-14,QQQ,1078.9028881450104,1079.1346714840947,1055.7901427355614,1069.795691598988,1069.795691598988,35683798,US_ETFS
2023-08-15,QQQ,1103.79636572611,1119.2164865695822,1106.680575040734,1113.0080920003836,1113.0080920003836,69671301,US_ETFS
2023-08-16,QQQ,1088.9656230567762,1116.5978274583608,1067.7998892836692,1091.0039367663505,1091.0039367663505,20012926,US_ETFS
2023-08-17,QQQ,1094.3313175172575,1117.3150096218244,1072.1993669839853,1092.956008998998,1092.956008998998,60401634,US_ETFS
2023-08-18,QQQ,1076.0228877428804,1072.7151245352009,1047.392750933961,1070.8909451493469,1070.8909451493469,27992871,US_ETFS
2023-08-21,QQQ,1062.935962610127,1069.1257937705682,1034.700356755455,1061.410243666694,1061.410243666694,48575376,US_ETFS
2023-08-22,QQQ,1101.3589732852874,1124.38164530535,1068.7217808490846,1098.2193571656364,1098.2193571656364,73474147,US_ETFS
2023-08-23,QQQ,1066.8116774415087,1101.9008750249259,1054.4214117951285,1074.3586477924343,1074.3586477924343,61335526,US_ETFS
2023-08-24,QQQ,1097.2156542408097,1096.1691005359673,1080.2264116535487,1088.0468885385928,1088.0468885385928,51806161,US_ETFS
2023-08-25,QQQ,1103.1923403596381,1112.4128500915442,1076.8105765151263,1097.684968016322,1097.684968016322,45799947,US_ETFS
2023-08-28,QQQ,1100.6766595935146,1125.3435373267357,1092.305733979804,1098.25200075696,1098.25200075696,69842474,US_ETFS
2023-08-29,QQQ,1117.1449175255307,1125.6586989428872,1099.9886540486114,1110.759698971452,1110.759698971452,2340888,US_ETFS
2023-08-30,QQQ,1092.554098423744,1096.785609939847,1074.4581623411345,1086.100380865462,1086.100380865462,34264610,US_ETFS
2023-08-31,QQQ,1123.1368125840813,1146.8358221409756,1097.1572387294866,1123.1651313775571,1123.1651313775571,39864501,US_ETFS
2023-09-01,QQQ,1171.3352029377402,1192.7692261516158,1157.126916152458,1167.526683377173,1167.526683377173,10565525,US_ETFS
2023-09-04,QQQ,1179.0276827570638,1193.5567185628543,1147.0494573367266,1169.7941298914782,1169.7941298914782,6831349,US_ETFS
2023-09-05,QQQ,1235.459397194882,1248.5022007515486,1196.4273536419096,1227.6546305752856,1227.6546305752856,97481557,US_ETFS
2023-09-06,QQQ,1230.2297975685685,1250.3942837017378,1218.6845420988905,1219.084915447938,1219.084915447938,88686993,US_ETFS
2023-09-07,QQQ,1219.6131741291078,1261.477986254843,1219.7282243636694,1230.0672124308446,1230.0672124308446,61396765,US_ETFS
2023-09-08,QQQ,1254.8227249934107,1295.8252717127132,1262.2793219720759,1266.523675427022,1266.523675427022,41658128,US_ETFS
2023-09-11,QQQ,1264.138679766688,1282.3675575462876,1255.9356803437795,1256.1633987824707,1256.1633987824707,40900201,US_ETFS
2023-09-12,QQQ,1211.5087339379222,1247.4153962068926,1187.1682290926954,1222.7105349535186,1222.7105349535186,65870864,US_ETFS
2023-09-13,QQQ,1177.9902495486983,1197.1433954653744,1149.8141139732618,1184.5199767785414,1184.5199767785414,23181188,US_ETFS
2023-09-14,QQQ,1236.045486607455,1249.3574242074264,1206.071138135242,1234.5263014276914,1234.5263014276914,86871537,US_ETFS
2023-09-15,QQQ,1218.806768933201,1246.9229086572102,1202.5593298410067,1222.6989308227758,1222.6989308227758,28566004,US_ETFS
2023-09-18,QQQ,1213.8178121370752,1239.0835206350118,1213.745987918534,1219.3796269126728,1219.3796269126728,81270179,US_ETFS
2023-09-19,QQQ,1183.1738481082552,1196.8474994814862,1181.2083532252573,1193.4613696062866,1193.4613696062866,12691084,US_ETFS
2023-09-20,QQQ,1216.6993539915247,1231.88661229261,1190.931380765533,1217.2909568790856,1217.2909568790856,95347411,US_ETFS
2023-09-21,QQQ,1205.5633045847617,1205.9378881912703,1165.8163457584214,1199.4805328580892,1199.4805328580892,39821209,US_ETFS
2023-09-22,QQQ,1188.2810819331316,1203.9310985780194,1178.8885776738828,1188.8948046270937,1188.8948046270937,89609384,US_ETFS
2023-09-25,QQQ,1193.1887732404143,1217.9866339769344,1188.5845778332332,1197.2056648421928,1197.2056648421928,79940162,US_ETFS
2023-09-26,QQQ,1179.3575248113286,1183.351793804191,1148.9428751446967,1172.9252342720217,1172.9252342720217,70683479,US_ETFS
2023-09-27,QQQ,1171.3715397243313,1190.9882480392748,1149.7470989133285,1169.9088865001577,1169.9088865001577,9104575,US_ETFS
2023-09-28,QQQ,1207.9875524941724,1220.8546387068145,1188.0523415489013,1203.8879445765704,1203.8879445765704,86139922,US_ETFS
2023-09-29,QQQ,1203.8138027175844,1224.566707605031,1210.976612442031,1215.403238648796,1215.403238648796,4498763,US_ETFS
2023-10-02,QQQ,1214.3193248869177,1255.9639320954886,1209.9031719125892,1219.791872387406,1219.791872387406,66706876,US_ETFS
2023-10-03,QQQ,1216.8922225825977,1248.3940011058976,1190.036753775539,1226.2534687851316,1226.2534687851316,29891914,US_ETFS
2023-10-04,QQQ,1226.4148345998476,1254.38550462953,1196.4315178779711,1217.936157028571,1217.936157028571,31630708,US_ETFS
2023-10-05,QQQ,1272.1777965187164,1299.9102092746007,1261.2607937908283,1267.777814888919,1267.777814888919,45799060,US_ETFS
2023-10-06,QQQ,1243.9381843162412,1259.0657076761624,1216.212052958471,1248.4528968579093,1248.4528968579093,42743746,US_ETFS
2023-10-09,QQQ,1250.928896556743,1277.689569417127,1246.707718614801,1254.967977313307,1254.967977313307,23759455,US_ETFS
2023-10-10,QQQ,1259.6209282212355,1274.5695950619995,1247.9675551366302,1259.110013337271,1259.110013337271,6341162,US_ETFS
2023-10-11,QQQ,1286.3062015069388,1317.2711799512292,1252.9316741055932,1285.7719828268193,1285.7719828268193,24308557,US_ETFS
2023-10-12,QQQ,1318.0477709829943,1349.201822668327,1299.2968918899069,1315.4263576633575,1315.4263576633575,93281544,US_ETFS
2023-10-13,QQQ,1326.5050006600957,1324.1159146583625,1305.6762662590502,1315.8994164337576,1315.8994164337576,18863757,US_ETFS
2023-10-16,QQQ,1316.8113337451591,1360.9489163414755,1287.8561103961683,1324.8650732234776,1324.8650732234776,6137826,US_ETFS
2023-10-17,QQQ,1337.3942361590482,1357.4909232455832,1319.255017077089,1334.8952227127143,1334.8952227127143,63538061,US_ETFS
2023-10-18,QQQ,1286.981664994774,1282.083851076379,1270.9609254917318,1275.5686971084717,1275.5686971084717,4305666,US_ETFS
2023-10-19,QQQ,1232.9400812876127,1248.8293309281082,1220.3281965248577,1236.3069578665506,1236.3069578665506,50827693,US_ETFS
2023-10-20,QQQ,1228.8865972318217,1236.9641034233346,1210.4563229870878,1222.5823758085774,1222.5823758085774,82861003,US_ETFS
2023-10-23,QQQ,1218.5385350543788,1218.5228591834402,1198.649669524696,1210.0729453040703,1210.0729453040703,82686520,US_ETFS
2023-10-24,QQQ,1172.3136693060815,1193.81568908174,1166.3566604443417,1182.2586339974237,1182.2586339974237,19520089,US_ETFS
2023-10-25,QQQ,1193.4753853164316,1216.4747837373607,1173.9757515636816,1201.16490196943,1201.16490196943,84183064,US_ETFS
2023-10-26,QQQ,1213.9417663767306,1205.085748625164,1194.6006877340833,1202.4169583308753,1202.4169583308753,75906354,US_ETFS
2023-10-27,QQQ,1199.4294435200416,1210.237624956275,1191.0646210816521,1198.456327996424,1198.456327996424,28767277,US_ETFS
2023-10-30,QQQ,1167.891843291087,1175.7614337232767,1135.7146459177754,1169.5458395708313,1169.5458395708313,11651256,US_ETFS
2023-10-31,QQQ,1181.0327807629917,1199.2156466808317,1154.824963951896,1169.6734401973674,1169.6734401973674,74241817,US_ETFS
