FILENAME_SHA256,TABLE_ID,PAGE,METRIC,SECTION,PERIOD,PERIOD_RAW,FREQUENCY,SOURCE_STATUS,COLUMN_ROLE,VERSION_ROLE,VALUE_RAW,VALUE_TRIM,METRIC_TRIM,VALUE_NUMERIC,UNIT,SOURCE,ANCHORS_JSON,VALIDATION_STATUS,SOURCE_ROW_INDEX,METRIC_DISPLAY,FILENAME,UPSTREAM_VALIDATION_STATUS,UNIT_STATUS,UNIT_RESOLUTION_BASIS,SOURCE_PRINTED_UNIT_LABEL,SOURCE_VALUE_KIND,SOURCE_QA_STATUS,EXTRACT_CELL_VALIDATION_STATUS,SOURCE_UNIT,SOURCE_VALUE_NUMERIC,SOURCE_VALUE_DECIMAL,SCALE_FACTOR,VALUE_CHECK_DECIMAL,VALUE_CHECK_NUMERIC,SOURCE_DECIMAL_PLACES,OUTPUT_DECIMAL_PLACES,ROUNDING_STAGE,VALUE_DISPLAY
ce1ebbbcf776b901428970539963c7d7f9b12ff41f78fe93c58646d115aa6992,N01-P2-T1,2,Totalrevenue,,2025,12/25,ANNUAL,UNSPECIFIED,value,value,"18,812.1","18,812.1",Totalrevenue,18812.1,NT$m,Goldman Sachs,"[[312.79864501953125, 64.7325668334961, 325.3680419921875, 70.86442565917969], [327.03558349609375, 64.7325668334961, 347.5986022949219, 70.86442565917969], [425.93359375, 64.7325668334961, 447.25006103515625, 70.86442565917969], [463.39727783203125, 64.7325668334961, 484.7125549316406, 70.86442565917969], [501.6090393066406, 64.7325668334961, 522.9242553710938, 70.86442565917969], [539.8207397460938, 64.7325668334961, 561.135986328125, 70.86442565917969]]",SOURCE_TWO_READERS_MATCH,1,Total revenue,GS-6415 20260517.pdf,SOURCE_RESTORED_REVIEW,ASSIGNED_FROM_PRINTED_UNIT_OR_SOURCE_TABLE_CONTEXT,,,NUMBER_OR_SOURCE_BLANK,SOURCE_TWO_READERS_MATCH,PASS,NT$m,18812.1,18812.1,1,18812.1,18812.1,1,1,AFTER_ALL_ANNUAL_CHECKS,18812.1
ce1ebbbcf776b901428970539963c7d7f9b12ff41f78fe93c58646d115aa6992,N01-P2-T1,2,Totalrevenue,,2026,12/26E,ANNUAL,FORECAST,value,value,"23,551.1","23,551.1",Totalrevenue,23551.1,NT$m,Goldman Sachs,"[[312.79864501953125, 64.7325668334961, 325.3680419921875, 70.86442565917969], [327.03558349609375, 64.7325668334961, 347.5986022949219, 70.86442565917969], [425.93359375, 64.7325668334961, 447.25006103515625, 70.86442565917969], [463.39727783203125, 64.7325668334961, 484.7125549316406, 70.86442565917969], [501.6090393066406, 64.7325668334961, 522.9242553710938, 70.86442565917969], [539.8207397460938, 64.7325668334961, 561.135986328125, 70.86442565917969]]",SOURCE_TWO_READERS_MATCH,1,Total revenue,GS-6415 20260517.pdf,SOURCE_RESTORED_REVIEW,ASSIGNED_FROM_PRINTED_UNIT_OR_SOURCE_TABLE_CONTEXT,,,NUMBER_OR_SOURCE_BLANK,SOURCE_TWO_READERS_MATCH,PASS,NT$m,23551.1,23551.1,1,23551.1,23551.1,1,1,AFTER_ALL_ANNUAL_CHECKS,23551.1
ce1ebbbcf776b901428970539963c7d7f9b12ff41f78fe93c58646d115aa6992,N01-P2-T1,2,Totalrevenue,,2027,12/27E,ANNUAL,FORECAST,value,value,"31,181.2","31,181.2",Totalrevenue,31181.2,NT$m,Goldman Sachs,"[[312.79864501953125, 64.7325668334961, 325.3680419921875, 70.86442565917969], [327.03558349609375, 64.7325668334961, 347.5986022949219, 70.86442565917969], [425.93359375, 64.7325668334961, 447.25006103515625, 70.86442565917969], [463.39727783203125, 64.7325668334961, 484.7125549316406, 70.86442565917969], [501.6090393066406, 64.7325668334961, 522.9242553710938, 70.86442565917969], [539.8207397460938, 64.7325668334961, 561.135986328125, 70.86442565917969]]",SOURCE_TWO_READERS_MATCH,1,Total revenue,GS-6415 20260517.pdf,SOURCE_RESTORED_REVIEW,ASSIGNED_FROM_PRINTED_UNIT_OR_SOURCE_TABLE_CONTEXT,,,NUMBER_OR_SOURCE_BLANK,SOURCE_TWO_READERS_MATCH,PASS,NT$m,31181.2,31181.2,1,31181.2,31181.2,1,1,AFTER_ALL_ANNUAL_CHECKS,31181.2
ce1ebbbcf776b901428970539963c7d7f9b12ff41f78fe93c58646d115aa6992,N01-P2-T1,2,Totalrevenue,,2028,12/28E,ANNUAL,FORECAST,value,value,"39,865.1","39,865.1",Totalrevenue,39865.1,NT$m,Goldman Sachs,"[[312.79864501953125, 64.7325668334961, 325.3680419921875, 70.86442565917969], [327.03558349609375, 64.7325668334961, 347.5986022949219, 70.86442565917969], [425.93359375, 64.7325668334961, 447.25006103515625, 70.86442565917969], [463.39727783203125, 64.7325668334961, 484.7125549316406, 70.86442565917969], [501.6090393066406, 64.7325668334961, 522.9242553710938, 70.86442565917969], [539.8207397460938, 64.7325668334961, 561.135986328125, 70.86442565917969]]",SOURCE_TWO_READERS_MATCH,1,Total revenue,GS-6415 20260517.pdf,SOURCE_RESTORED_REVIEW,ASSIGNED_FROM_PRINTED_UNIT_OR_SOURCE_TABLE_CONTEXT,,,NUMBER_OR_SOURCE_BLANK,SOURCE_TWO_READERS_MATCH,PASS,NT$m,39865.1,39865.1,1,39865.1,39865.1,1,1,AFTER_ALL_ANNUAL_CHECKS,39865.1
ce1ebbbcf776b901428970539963c7d7f9b12ff41f78fe93c58646d115aa6992,N01-P2-T1,2,Costofgoodssold,,2025,12/25,ANNUAL,UNSPECIFIED,value,value,"(9,101.9)","(9,101.9)",Costofgoodssold,-9101.9,NT$m,Goldman Sachs,"[[312.798583984375, 73.72359466552734, 324.53485107421875, 79.85545349121094], [326.2862854003906, 73.72359466552734, 331.2786865234375, 79.85545349121094], [333.0301208496094, 73.72359466552734, 348.0127258300781, 79.85545349121094], [349.5124206542969, 73.72359466552734, 360.33642578125, 79.85545349121094], [425.93414306640625, 73.72359466552734, 447.08154296875, 79.85545349121094], [460.40142822265625, 73.72359466552734, 484.5440368652344, 79.85545349121094], [498.6131591796875, 73.72359466552734, 522.7557983398438, 79.85545349121094], [536.824951171875, 73.72359466552734, 560.967529296875, 79.85545349121094]]",SOURCE_TWO_READERS_MATCH,2,Cost of goods sold,GS-6415 20260517.pdf,SOURCE_RESTORED_REVIEW,ASSIGNED_FROM_PRINTED_UNIT_OR_SOURCE_TABLE_CONTEXT,,,NUMBER_OR_SOURCE_BLANK,SOURCE_TWO_READERS_MATCH,PASS,NT$m,-9101.9,-9101.9,1,-9101.9,-9101.9,1,1,AFTER_ALL_ANNUAL_CHECKS,-9101.9
ce1ebbbcf776b901428970539963c7d7f9b12ff41f78fe93c58646d115aa6992,N01-P2-T1,2,Costofgoodssold,,2026,12/26E,ANNUAL,FORECAST,value,value,"(11,542.6)","(11,542.6)",Costofgoodssold,-11542.6,NT$m,Goldman Sachs,"[[312.798583984375, 73.72359466552734, 324.53485107421875, 79.85545349121094], [326.2862854003906, 73.72359466552734, 331.2786865234375, 79.85545349121094], [333.0301208496094, 73.72359466552734, 348.0127258300781, 79.85545349121094], [349.5124206542969, 73.72359466552734, 360.33642578125, 79.85545349121094], [425.93414306640625, 73.72359466552734, 447.08154296875, 79.85545349121094], [460.40142822265625, 73.72359466552734, 484.5440368652344, 79.85545349121094], [498.6131591796875, 73.72359466552734, 522.7557983398438, 79.85545349121094], [536.824951171875, 73.72359466552734, 560.967529296875, 79.85545349121094]]",SOURCE_TWO_READERS_MATCH,2,Cost of goods sold,GS-6415 20260517.pdf,SOURCE_RESTORED_REVIEW,ASSIGNED_FROM_PRINTED_UNIT_OR_SOURCE_TABLE_CONTEXT,,,NUMBER_OR_SOURCE_BLANK,SOURCE_TWO_READERS_MATCH,PASS,NT$m,-11542.6,-11542.6,1,-11542.6,-11542.6,1,1,AFTER_ALL_ANNUAL_CHECKS,-11542.6
ce1ebbbcf776b901428970539963c7d7f9b12ff41f78fe93c58646d115aa6992,N01-P2-T1,2,Costofgoodssold,,2027,12/27E,ANNUAL,FORECAST,value,value,"(14,104.7)","(14,104.7)",Costofgoodssold,-14104.7,NT$m,Goldman Sachs,"[[312.798583984375, 73.72359466552734, 324.53485107421875, 79.85545349121094], [326.2862854003906, 73.72359466552734, 331.2786865234375, 79.85545349121094], [333.0301208496094, 73.72359466552734, 348.0127258300781, 79.85545349121094], [349.5124206542969, 73.72359466552734, 360.33642578125, 79.85545349121094], [425.93414306640625, 73.72359466552734, 447.08154296875, 79.85545349121094], [460.40142822265625, 73.72359466552734, 484.5440368652344, 79.85545349121094], [498.6131591796875, 73.72359466552734, 522.7557983398438, 79.85545349121094], [536.824951171875, 73.72359466552734, 560.967529296875, 79.85545349121094]]",SOURCE_TWO_READERS_MATCH,2,Cost of goods sold,GS-6415 20260517.pdf,SOURCE_RESTORED_REVIEW,ASSIGNED_FROM_PRINTED_UNIT_OR_SOURCE_TABLE_CONTEXT,,,NUMBER_OR_SOURCE_BLANK,SOURCE_TWO_READERS_MATCH,PASS,NT$m,-14104.7,-14104.7,1,-14104.7,-14104.7,1,1,AFTER_ALL_ANNUAL_CHECKS,-14104.7
ce1ebbbcf776b901428970539963c7d7f9b12ff41f78fe93c58646d115aa6992,N01-P2-T1,2,Costofgoodssold,,2028,12/28E,ANNUAL,FORECAST,value,value,"(17,722.3)","(17,722.3)",Costofgoodssold,-17722.3,NT$m,Goldman Sachs,"[[312.798583984375, 73.72359466552734, 324.53485107421875, 79.85545349121094], [326.2862854003906, 73.72359466552734, 331.2786865234375, 79.85545349121094], [333.0301208496094, 73.72359466552734, 348.0127258300781, 79.85545349121094], [349.5124206542969, 73.72359466552734, 360.33642578125, 79.85545349121094], [425.93414306640625, 73.72359466552734, 447.08154296875, 79.85545349121094], [460.40142822265625, 73.72359466552734, 484.5440368652344, 79.85545349121094], [498.6131591796875, 73.72359466552734, 522.7557983398438, 79.85545349121094], [536.824951171875, 73.72359466552734, 560.967529296875, 79.85545349121094]]",SOURCE_TWO_READERS_MATCH,2,Cost of goods sold,GS-6415 20260517.pdf,SOURCE_RESTORED_REVIEW,ASSIGNED_FROM_PRINTED_UNIT_OR_SOURCE_TABLE_CONTEXT,,,NUMBER_OR_SOURCE_BLANK,SOURCE_TWO_READERS_MATCH,PASS,NT$m,-17722.3,-17722.3,1,-17722.3,-17722.3,1,1,AFTER_ALL_ANNUAL_CHECKS,-17722.3
ce1ebbbcf776b901428970539963c7d7f9b12ff41f78fe93c58646d115aa6992,N01-P2-T1,2,SG&A,,2025,12/25,ANNUAL,UNSPECIFIED,value,value,"(2,438.8)","(2,438.8)",SG&A,-2438.8,NT$m,Goldman Sachs,"[[312.798583984375, 82.7146224975586, 329.5338134765625, 88.84648132324219], [425.9359130859375, 82.7146224975586, 447.0815734863281, 88.84648132324219], [463.3984680175781, 82.7146224975586, 484.5440673828125, 88.84648132324219], [501.6101989746094, 82.7146224975586, 522.7557983398438, 88.84648132324219], [539.8219604492188, 82.7146224975586, 560.967529296875, 88.84648132324219]]",SOURCE_TWO_READERS_MATCH,3,SG&A,GS-6415 20260517.pdf,SOURCE_RESTORED_REVIEW,ASSIGNED_FROM_PRINTED_UNIT_OR_SOURCE_TABLE_CONTEXT,,,NUMBER_OR_SOURCE_BLANK,SOURCE_TWO_READERS_MATCH,PASS,NT$m,-2438.8,-2438.8,1,-2438.8,-2438.8,1,1,AFTER_ALL_ANNUAL_CHECKS,-2438.8
ce1ebbbcf776b901428970539963c7d7f9b12ff41f78fe93c58646d115aa6992,N01-P2-T1,2,SG&A,,2026,12/26E,ANNUAL,FORECAST,value,value,"(2,454.3)","(2,454.3)",SG&A,-2454.3,NT$m,Goldman Sachs,"[[312.798583984375, 82.7146224975586, 329.5338134765625, 88.84648132324219], [425.9359130859375, 82.7146224975586, 447.0815734863281, 88.84648132324219], [463.3984680175781, 82.7146224975586, 484.5440673828125, 88.84648132324219], [501.6101989746094, 82.7146224975586, 522.7557983398438, 88.84648132324219], [539.8219604492188, 82.7146224975586, 560.967529296875, 88.84648132324219]]",SOURCE_TWO_READERS_MATCH,3,SG&A,GS-6415 20260517.pdf,SOURCE_RESTORED_REVIEW,ASSIGNED_FROM_PRINTED_UNIT_OR_SOURCE_TABLE_CONTEXT,,,NUMBER_OR_SOURCE_BLANK,SOURCE_TWO_READERS_MATCH,PASS,NT$m,-2454.3,-2454.3,1,-2454.3,-2454.3,1,1,AFTER_ALL_ANNUAL_CHECKS,-2454.3
ce1ebbbcf776b901428970539963c7d7f9b12ff41f78fe93c58646d115aa6992,N01-P2-T1,2,SG&A,,2027,12/27E,ANNUAL,FORECAST,value,value,"(2,622.0)","(2,622.0)",SG&A,-2622.0,NT$m,Goldman Sachs,"[[312.798583984375, 82.7146224975586, 329.5338134765625, 88.84648132324219], [425.9359130859375, 82.7146224975586, 447.0815734863281, 88.84648132324219], [463.3984680175781, 82.7146224975586, 484.5440673828125, 88.84648132324219], [501.6101989746094, 82.7146224975586, 522.7557983398438, 88.84648132324219], [539.8219604492188, 82.7146224975586, 560.967529296875, 88.84648132324219]]",SOURCE_TWO_READERS_MATCH,3,SG&A,GS-6415 20260517.pdf,SOURCE_RESTORED_REVIEW,ASSIGNED_FROM_PRINTED_UNIT_OR_SOURCE_TABLE_CONTEXT,,,NUMBER_OR_SOURCE_BLANK,SOURCE_TWO_READERS_MATCH,PASS,NT$m,-2622.0,-2622.0,1,-2622.0,-2622.0,1,1,AFTER_ALL_ANNUAL_CHECKS,-2622.0
ce1ebbbcf776b901428970539963c7d7f9b12ff41f78fe93c58646d115aa6992,N01-P2-T1,2,SG&A,,2028,12/28E,ANNUAL,FORECAST,value,value,"(2,789.5)","(2,789.5)",SG&A,-2789.5,NT$m,Goldman Sachs,"[[312.798583984375, 82.7146224975586, 329.5338134765625, 88.84648132324219], [425.9359130859375, 82.7146224975586, 447.0815734863281, 88.84648132324219], [463.3984680175781, 82.7146224975586, 484.5440673828125, 88.84648132324219], [501.6101989746094, 82.7146224975586, 522.7557983398438, 88.84648132324219], [539.8219604492188, 82.7146224975586, 560.967529296875, 88.84648132324219]]",SOURCE_TWO_READERS_MATCH,3,SG&A,GS-6415 20260517.pdf,SOURCE_RESTORED_REVIEW,ASSIGNED_FROM_PRINTED_UNIT_OR_SOURCE_TABLE_CONTEXT,,,NUMBER_OR_SOURCE_BLANK,SOURCE_TWO_READERS_MATCH,PASS,NT$m,-2789.5,-2789.5,1,-2789.5,-2789.5,1,1,AFTER_ALL_ANNUAL_CHECKS,-2789.5
ce1ebbbcf776b901428970539963c7d7f9b12ff41f78fe93c58646d115aa6992,N01-P2-T1,2,R&D,,2025,12/25,ANNUAL,UNSPECIFIED,value,value,"(5,110.9)","(5,110.9)",R&D,-5110.9,NT$m,Goldman Sachs,"[[312.798583984375, 91.70565032958984, 325.3680114746094, 97.83750915527344], [425.93475341796875, 91.70565032958984, 447.08154296875, 97.83750915527344], [463.3984375, 91.70565032958984, 484.5440368652344, 97.83750915527344], [501.61016845703125, 91.70565032958984, 522.7557983398438, 97.83750915527344], [539.8219604492188, 91.70565032958984, 560.967529296875, 97.83750915527344]]",SOURCE_TWO_READERS_MATCH,4,R&D,GS-6415 20260517.pdf,SOURCE_RESTORED_REVIEW,ASSIGNED_FROM_PRINTED_UNIT_OR_SOURCE_TABLE_CONTEXT,,,NUMBER_OR_SOURCE_BLANK,SOURCE_TWO_READERS_MATCH,PASS,NT$m,-5110.9,-5110.9,1,-5110.9,-5110.9,1,1,AFTER_ALL_ANNUAL_CHECKS,-5110.9
ce1ebbbcf776b901428970539963c7d7f9b12ff41f78fe93c58646d115aa6992,N01-P2-T1,2,R&D,,2026,12/26E,ANNUAL,FORECAST,value,value,"(5,717.4)","(5,717.4)",R&D,-5717.4,NT$m,Goldman Sachs,"[[312.798583984375, 91.70565032958984, 325.3680114746094, 97.83750915527344], [425.93475341796875, 91.70565032958984, 447.08154296875, 97.83750915527344], [463.3984375, 91.70565032958984, 484.5440368652344, 97.83750915527344], [501.61016845703125, 91.70565032958984, 522.7557983398438, 97.83750915527344], [539.8219604492188, 91.70565032958984, 560.967529296875, 97.83750915527344]]",SOURCE_TWO_READERS_MATCH,4,R&D,GS-6415 20260517.pdf,SOURCE_RESTORED_REVIEW,ASSIGNED_FROM_PRINTED_UNIT_OR_SOURCE_TABLE_CONTEXT,,,NUMBER_OR_SOURCE_BLANK,SOURCE_TWO_READERS_MATCH,PASS,NT$m,-5717.4,-5717.4,1,-5717.4,-5717.4,1,1,AFTER_ALL_ANNUAL_CHECKS,-5717.4
ce1ebbbcf776b901428970539963c7d7f9b12ff41f78fe93c58646d115aa6992,N01-P2-T1,2,R&D,,2027,12/27E,ANNUAL,FORECAST,value,value,"(6,138.5)","(6,138.5)",R&D,-6138.5,NT$m,Goldman Sachs,"[[312.798583984375, 91.70565032958984, 325.3680114746094, 97.83750915527344], [425.93475341796875, 91.70565032958984, 447.08154296875, 97.83750915527344], [463.3984375, 91.70565032958984, 484.5440368652344, 97.83750915527344], [501.61016845703125, 91.70565032958984, 522.7557983398438, 97.83750915527344], [539.8219604492188, 91.70565032958984, 560.967529296875, 97.83750915527344]]",SOURCE_TWO_READERS_MATCH,4,R&D,GS-6415 20260517.pdf,SOURCE_RESTORED_REVIEW,ASSIGNED_FROM_PRINTED_UNIT_OR_SOURCE_TABLE_CONTEXT,,,NUMBER_OR_SOURCE_BLANK,SOURCE_TWO_READERS_MATCH,PASS,NT$m,-6138.5,-6138.5,1,-6138.5,-6138.5,1,1,AFTER_ALL_ANNUAL_CHECKS,-6138.5
ce1ebbbcf776b901428970539963c7d7f9b12ff41f78fe93c58646d115aa6992,N01-P2-T1,2,R&D,,2028,12/28E,ANNUAL,FORECAST,value,value,"(6,571.5)","(6,571.5)",R&D,-6571.5,NT$m,Goldman Sachs,"[[312.798583984375, 91.70565032958984, 325.3680114746094, 97.83750915527344], [425.93475341796875, 91.70565032958984, 447.08154296875, 97.83750915527344], [463.3984375, 91.70565032958984, 484.5440368652344, 97.83750915527344], [501.61016845703125, 91.70565032958984, 522.7557983398438, 97.83750915527344], [539.8219604492188, 91.70565032958984, 560.967529296875, 97.83750915527344]]",SOURCE_TWO_READERS_MATCH,4,R&D,GS-6415 20260517.pdf,SOURCE_RESTORED_REVIEW,ASSIGNED_FROM_PRINTED_UNIT_OR_SOURCE_TABLE_CONTEXT,,,NUMBER_OR_SOURCE_BLANK,SOURCE_TWO_READERS_MATCH,PASS,NT$m,-6571.5,-6571.5,1,-6571.5,-6571.5,1,1,AFTER_ALL_ANNUAL_CHECKS,-6571.5
ce1ebbbcf776b901428970539963c7d7f9b12ff41f78fe93c58646d115aa6992,N01-P2-T1,2,Otheroperatinginc./(exp.),,2025,12/25,ANNUAL,UNSPECIFIED,value,value,--,--,Otheroperatinginc./(exp.),,NT$m,Goldman Sachs,"[[312.798583984375, 100.6966781616211, 327.53179931640625, 106.82853698730469], [329.2832336425781, 100.6966781616211, 353.5919189453125, 106.82853698730469], [354.7553405761719, 100.6966781616211, 378.9004211425781, 106.82853698730469], [443.9185485839844, 100.6966781616211, 447.0845642089844, 106.82853698730469], [481.3834533691406, 100.6966781616211, 484.5494689941406, 106.82853698730469], [519.5975952148438, 100.6966781616211, 522.7636108398438, 106.82853698730469], [557.811767578125, 100.6966781616211, 560.9778442382812, 106.82853698730469]]",SOURCE_NOT_PRINTED,5,Other operating inc./(exp.),GS-6415 20260517.pdf,SOURCE_NOT_PRINTED,ASSIGNED_FROM_PRINTED_UNIT_OR_SOURCE_TABLE_CONTEXT,,,NUMBER_OR_SOURCE_BLANK,SOURCE_MISSING_RETAINED,PASS,NT$m,,,1,,,,,NOT_MONETARY_OR_SOURCE_MISSING_NO_ROUNDING,--
ce1ebbbcf776b901428970539963c7d7f9b12ff41f78fe93c58646d115aa6992,N01-P2-T1,2,Otheroperatinginc./(exp.),,2026,12/26E,ANNUAL,FORECAST,value,value,--,--,Otheroperatinginc./(exp.),,NT$m,Goldman Sachs,"[[312.798583984375, 100.6966781616211, 327.53179931640625, 106.82853698730469], [329.2832336425781, 100.6966781616211, 353.5919189453125, 106.82853698730469], [354.7553405761719, 100.6966781616211, 378.9004211425781, 106.82853698730469], [443.9185485839844, 100.6966781616211, 447.0845642089844, 106.82853698730469], [481.3834533691406, 100.6966781616211, 484.5494689941406, 106.82853698730469], [519.5975952148438, 100.6966781616211, 522.7636108398438, 106.82853698730469], [557.811767578125, 100.6966781616211, 560.9778442382812, 106.82853698730469]]",SOURCE_NOT_PRINTED,5,Other operating inc./(exp.),GS-6415 20260517.pdf,SOURCE_NOT_PRINTED,ASSIGNED_FROM_PRINTED_UNIT_OR_SOURCE_TABLE_CONTEXT,,,NUMBER_OR_SOURCE_BLANK,SOURCE_MISSING_RETAINED,PASS,NT$m,,,1,,,,,NOT_MONETARY_OR_SOURCE_MISSING_NO_ROUNDING,--
ce1ebbbcf776b901428970539963c7d7f9b12ff41f78fe93c58646d115aa6992,N01-P2-T1,2,Otheroperatinginc./(exp.),,2027,12/27E,ANNUAL,FORECAST,value,value,--,--,Otheroperatinginc./(exp.),,NT$m,Goldman Sachs,"[[312.798583984375, 100.6966781616211, 327.53179931640625, 106.82853698730469], [329.2832336425781, 100.6966781616211, 353.5919189453125, 106.82853698730469], [354.7553405761719, 100.6966781616211, 378.9004211425781, 106.82853698730469], [443.9185485839844, 100.6966781616211, 447.0845642089844, 106.82853698730469], [481.3834533691406, 100.6966781616211, 484.5494689941406, 106.82853698730469], [519.5975952148438, 100.6966781616211, 522.7636108398438, 106.82853698730469], [557.811767578125, 100.6966781616211, 560.9778442382812, 106.82853698730469]]",SOURCE_NOT_PRINTED,5,Other operating inc./(exp.),GS-6415 20260517.pdf,SOURCE_NOT_PRINTED,ASSIGNED_FROM_PRINTED_UNIT_OR_SOURCE_TABLE_CONTEXT,,,NUMBER_OR_SOURCE_BLANK,SOURCE_MISSING_RETAINED,PASS,NT$m,,,1,,,,,NOT_MONETARY_OR_SOURCE_MISSING_NO_ROUNDING,--
ce1ebbbcf776b901428970539963c7d7f9b12ff41f78fe93c58646d115aa6992,N01-P2-T1,2,Otheroperatinginc./(exp.),,2028,12/28E,ANNUAL,FORECAST,value,value,--,--,Otheroperatinginc./(exp.),,NT$m,Goldman Sachs,"[[312.798583984375, 100.6966781616211, 327.53179931640625, 106.82853698730469], [329.2832336425781, 100.6966781616211, 353.5919189453125, 106.82853698730469], [354.7553405761719, 100.6966781616211, 378.9004211425781, 106.82853698730469], [443.9185485839844, 100.6966781616211, 447.0845642089844, 106.82853698730469], [481.3834533691406, 100.6966781616211, 484.5494689941406, 106.82853698730469], [519.5975952148438, 100.6966781616211, 522.7636108398438, 106.82853698730469], [557.811767578125, 100.6966781616211, 560.9778442382812, 106.82853698730469]]",SOURCE_NOT_PRINTED,5,Other operating inc./(exp.),GS-6415 20260517.pdf,SOURCE_NOT_PRINTED,ASSIGNED_FROM_PRINTED_UNIT_OR_SOURCE_TABLE_CONTEXT,,,NUMBER_OR_SOURCE_BLANK,SOURCE_MISSING_RETAINED,PASS,NT$m,,,1,,,,,NOT_MONETARY_OR_SOURCE_MISSING_NO_ROUNDING,--
ce1ebbbcf776b901428970539963c7d7f9b12ff41f78fe93c58646d115aa6992,N01-P2-T1,2,EBITDA,,2025,12/25,ANNUAL,UNSPECIFIED,value,value,"2,951.9","2,951.9",EBITDA,2951.9,NT$m,Goldman Sachs,"[[312.798583984375, 109.68770599365234, 334.3614196777344, 115.81956481933594], [428.93231201171875, 109.68770599365234, 447.25, 115.81956481933594], [466.3942565917969, 109.68770599365234, 484.7125244140625, 115.81956481933594], [504.6065979003906, 109.68770599365234, 522.9241943359375, 115.81956481933594], [539.8206787109375, 109.68770599365234, 561.1359252929688, 115.81956481933594]]",SOURCE_TWO_READERS_MATCH,6,EBITDA,GS-6415 20260517.pdf,SOURCE_RESTORED_REVIEW,ASSIGNED_FROM_PRINTED_UNIT_OR_SOURCE_TABLE_CONTEXT,,,NUMBER_OR_SOURCE_BLANK,SOURCE_TWO_READERS_MATCH,PASS,NT$m,2951.9,2951.9,1,2951.9,2951.9,1,1,AFTER_ALL_ANNUAL_CHECKS,2951.9
ce1ebbbcf776b901428970539963c7d7f9b12ff41f78fe93c58646d115aa6992,N01-P2-T1,2,EBITDA,,2026,12/26E,ANNUAL,FORECAST,value,value,"4,598.1","4,598.1",EBITDA,4598.1,NT$m,Goldman Sachs,"[[312.798583984375, 109.68770599365234, 334.3614196777344, 115.81956481933594], [428.93231201171875, 109.68770599365234, 447.25, 115.81956481933594], [466.3942565917969, 109.68770599365234, 484.7125244140625, 115.81956481933594], [504.6065979003906, 109.68770599365234, 522.9241943359375, 115.81956481933594], [539.8206787109375, 109.68770599365234, 561.1359252929688, 115.81956481933594]]",SOURCE_TWO_READERS_MATCH,6,EBITDA,GS-6415 20260517.pdf,SOURCE_RESTORED_REVIEW,ASSIGNED_FROM_PRINTED_UNIT_OR_SOURCE_TABLE_CONTEXT,,,NUMBER_OR_SOURCE_BLANK,SOURCE_TWO_READERS_MATCH,PASS,NT$m,4598.1,4598.1,1,4598.1,4598.1,1,1,AFTER_ALL_ANNUAL_CHECKS,4598.1
ce1ebbbcf776b901428970539963c7d7f9b12ff41f78fe93c58646d115aa6992,N01-P2-T1,2,EBITDA,,2027,12/27E,ANNUAL,FORECAST,value,value,"9,037.7","9,037.7",EBITDA,9037.7,NT$m,Goldman Sachs,"[[312.798583984375, 109.68770599365234, 334.3614196777344, 115.81956481933594], [428.93231201171875, 109.68770599365234, 447.25, 115.81956481933594], [466.3942565917969, 109.68770599365234, 484.7125244140625, 115.81956481933594], [504.6065979003906, 109.68770599365234, 522.9241943359375, 115.81956481933594], [539.8206787109375, 109.68770599365234, 561.1359252929688, 115.81956481933594]]",SOURCE_TWO_READERS_MATCH,6,EBITDA,GS-6415 20260517.pdf,SOURCE_RESTORED_REVIEW,ASSIGNED_FROM_PRINTED_UNIT_OR_SOURCE_TABLE_CONTEXT,,,NUMBER_OR_SOURCE_BLANK,SOURCE_TWO_READERS_MATCH,PASS,NT$m,9037.7,9037.7,1,9037.7,9037.7,1,1,AFTER_ALL_ANNUAL_CHECKS,9037.7
ce1ebbbcf776b901428970539963c7d7f9b12ff41f78fe93c58646d115aa6992,N01-P2-T1,2,EBITDA,,2028,12/28E,ANNUAL,FORECAST,value,value,"13,468.3","13,468.3",EBITDA,13468.3,NT$m,Goldman Sachs,"[[312.798583984375, 109.68770599365234, 334.3614196777344, 115.81956481933594], [428.93231201171875, 109.68770599365234, 447.25, 115.81956481933594], [466.3942565917969, 109.68770599365234, 484.7125244140625, 115.81956481933594], [504.6065979003906, 109.68770599365234, 522.9241943359375, 115.81956481933594], [539.8206787109375, 109.68770599365234, 561.1359252929688, 115.81956481933594]]",SOURCE_TWO_READERS_MATCH,6,EBITDA,GS-6415 20260517.pdf,SOURCE_RESTORED_REVIEW,ASSIGNED_FROM_PRINTED_UNIT_OR_SOURCE_TABLE_CONTEXT,,,NUMBER_OR_SOURCE_BLANK,SOURCE_TWO_READERS_MATCH,PASS,NT$m,13468.3,13468.3,1,13468.3,13468.3,1,1,AFTER_ALL_ANNUAL_CHECKS,13468.3
ce1ebbbcf776b901428970539963c7d7f9b12ff41f78fe93c58646d115aa6992,N01-P2-T1,2,Depreciation&amortization,,2025,12/25,ANNUAL,UNSPECIFIED,value,value,(791.3),(791.3),Depreciation&amortization,-791.3,NT$m,Goldman Sachs,"[[312.7985534667969, 118.6787338256836, 346.0970764160156, 124.81059265136719], [347.260498046875, 118.6787338256836, 351.5881652832031, 124.81059265136719], [353.2550964355469, 118.6787338256836, 386.5559997558594, 124.81059265136719], [430.42547607421875, 118.6787338256836, 447.0815124511719, 124.81059265136719], [467.8938903808594, 118.6787338256836, 484.54400634765625, 124.81059265136719], [506.10565185546875, 118.6787338256836, 522.7557373046875, 124.81059265136719], [544.3173828125, 118.6787338256836, 560.9674682617188, 124.81059265136719]]",SOURCE_TWO_READERS_MATCH,7,Depreciation & amortization,GS-6415 20260517.pdf,SOURCE_RESTORED_REVIEW,ASSIGNED_FROM_PRINTED_UNIT_OR_SOURCE_TABLE_CONTEXT,,,NUMBER_OR_SOURCE_BLANK,SOURCE_TWO_READERS_MATCH,PASS,NT$m,-791.3,-791.3,1,-791.3,-791.3,1,1,AFTER_ALL_ANNUAL_CHECKS,-791.3
ce1ebbbcf776b901428970539963c7d7f9b12ff41f78fe93c58646d115aa6992,N01-P2-T1,2,Depreciation&amortization,,2026,12/26E,ANNUAL,FORECAST,value,value,(761.3),(761.3),Depreciation&amortization,-761.3,NT$m,Goldman Sachs,"[[312.7985534667969, 118.6787338256836, 346.0970764160156, 124.81059265136719], [347.260498046875, 118.6787338256836, 351.5881652832031, 124.81059265136719], [353.2550964355469, 118.6787338256836, 386.5559997558594, 124.81059265136719], [430.42547607421875, 118.6787338256836, 447.0815124511719, 124.81059265136719], [467.8938903808594, 118.6787338256836, 484.54400634765625, 124.81059265136719], [506.10565185546875, 118.6787338256836, 522.7557373046875, 124.81059265136719], [544.3173828125, 118.6787338256836, 560.9674682617188, 124.81059265136719]]",SOURCE_TWO_READERS_MATCH,7,Depreciation & amortization,GS-6415 20260517.pdf,SOURCE_RESTORED_REVIEW,ASSIGNED_FROM_PRINTED_UNIT_OR_SOURCE_TABLE_CONTEXT,,,NUMBER_OR_SOURCE_BLANK,SOURCE_TWO_READERS_MATCH,PASS,NT$m,-761.3,-761.3,1,-761.3,-761.3,1,1,AFTER_ALL_ANNUAL_CHECKS,-761.3
ce1ebbbcf776b901428970539963c7d7f9b12ff41f78fe93c58646d115aa6992,N01-P2-T1,2,Depreciation&amortization,,2027,12/27E,ANNUAL,FORECAST,value,value,(721.7),(721.7),Depreciation&amortization,-721.7,NT$m,Goldman Sachs,"[[312.7985534667969, 118.6787338256836, 346.0970764160156, 124.81059265136719], [347.260498046875, 118.6787338256836, 351.5881652832031, 124.81059265136719], [353.2550964355469, 118.6787338256836, 386.5559997558594, 124.81059265136719], [430.42547607421875, 118.6787338256836, 447.0815124511719, 124.81059265136719], [467.8938903808594, 118.6787338256836, 484.54400634765625, 124.81059265136719], [506.10565185546875, 118.6787338256836, 522.7557373046875, 124.81059265136719], [544.3173828125, 118.6787338256836, 560.9674682617188, 124.81059265136719]]",SOURCE_TWO_READERS_MATCH,7,Depreciation & amortization,GS-6415 20260517.pdf,SOURCE_RESTORED_REVIEW,ASSIGNED_FROM_PRINTED_UNIT_OR_SOURCE_TABLE_CONTEXT,,,NUMBER_OR_SOURCE_BLANK,SOURCE_TWO_READERS_MATCH,PASS,NT$m,-721.7,-721.7,1,-721.7,-721.7,1,1,AFTER_ALL_ANNUAL_CHECKS,-721.7
ce1ebbbcf776b901428970539963c7d7f9b12ff41f78fe93c58646d115aa6992,N01-P2-T1,2,Depreciation&amortization,,2028,12/28E,ANNUAL,FORECAST,value,value,(686.6),(686.6),Depreciation&amortization,-686.6,NT$m,Goldman Sachs,"[[312.7985534667969, 118.6787338256836, 346.0970764160156, 124.81059265136719], [347.260498046875, 118.6787338256836, 351.5881652832031, 124.81059265136719], [353.2550964355469, 118.6787338256836, 386.5559997558594, 124.81059265136719], [430.42547607421875, 118.6787338256836, 447.0815124511719, 124.81059265136719], [467.8938903808594, 118.6787338256836, 484.54400634765625, 124.81059265136719], [506.10565185546875, 118.6787338256836, 522.7557373046875, 124.81059265136719], [544.3173828125, 118.6787338256836, 560.9674682617188, 124.81059265136719]]",SOURCE_TWO_READERS_MATCH,7,Depreciation & amortization,GS-6415 20260517.pdf,SOURCE_RESTORED_REVIEW,ASSIGNED_FROM_PRINTED_UNIT_OR_SOURCE_TABLE_CONTEXT,,,NUMBER_OR_SOURCE_BLANK,SOURCE_TWO_READERS_MATCH,PASS,NT$m,-686.6,-686.6,1,-686.6,-686.6,1,1,AFTER_ALL_ANNUAL_CHECKS,-686.6
ce1ebbbcf776b901428970539963c7d7f9b12ff41f78fe93c58646d115aa6992,N01-P2-T1,2,EBIT,,2025,12/25,ANNUAL,UNSPECIFIED,value,value,"2,160.6","2,160.6",EBIT,2160.6,NT$m,Goldman Sachs,"[[312.79852294921875, 127.66976165771484, 325.4536437988281, 133.80162048339844], [428.9322509765625, 127.66976165771484, 447.24993896484375, 133.80162048339844], [466.394775390625, 127.66976165771484, 484.71368408203125, 133.80162048339844], [504.6065673828125, 127.66976165771484, 522.9241943359375, 133.80162048339844], [539.8212890625, 127.66976165771484, 561.1359252929688, 133.80162048339844]]",SOURCE_TWO_READERS_MATCH,8,EBIT,GS-6415 20260517.pdf,SOURCE_RESTORED_REVIEW,ASSIGNED_FROM_PRINTED_UNIT_OR_SOURCE_TABLE_CONTEXT,,,NUMBER_OR_SOURCE_BLANK,SOURCE_TWO_READERS_MATCH,PASS,NT$m,2160.6,2160.6,1,2160.6,2160.6,1,1,AFTER_ALL_ANNUAL_CHECKS,2160.6
ce1ebbbcf776b901428970539963c7d7f9b12ff41f78fe93c58646d115aa6992,N01-P2-T1,2,EBIT,,2026,12/26E,ANNUAL,FORECAST,value,value,"3,836.9","3,836.9",EBIT,3836.9,NT$m,Goldman Sachs,"[[312.79852294921875, 127.66976165771484, 325.4536437988281, 133.80162048339844], [428.9322509765625, 127.66976165771484, 447.24993896484375, 133.80162048339844], [466.394775390625, 127.66976165771484, 484.71368408203125, 133.80162048339844], [504.6065673828125, 127.66976165771484, 522.9241943359375, 133.80162048339844], [539.8212890625, 127.66976165771484, 561.1359252929688, 133.80162048339844]]",SOURCE_TWO_READERS_MATCH,8,EBIT,GS-6415 20260517.pdf,SOURCE_RESTORED_REVIEW,ASSIGNED_FROM_PRINTED_UNIT_OR_SOURCE_TABLE_CONTEXT,,,NUMBER_OR_SOURCE_BLANK,SOURCE_TWO_READERS_MATCH,PASS,NT$m,3836.9,3836.9,1,3836.9,3836.9,1,1,AFTER_ALL_ANNUAL_CHECKS,3836.9
ce1ebbbcf776b901428970539963c7d7f9b12ff41f78fe93c58646d115aa6992,N01-P2-T1,2,EBIT,,2027,12/27E,ANNUAL,FORECAST,value,value,"8,315.9","8,315.9",EBIT,8315.9,NT$m,Goldman Sachs,"[[312.79852294921875, 127.66976165771484, 325.4536437988281, 133.80162048339844], [428.9322509765625, 127.66976165771484, 447.24993896484375, 133.80162048339844], [466.394775390625, 127.66976165771484, 484.71368408203125, 133.80162048339844], [504.6065673828125, 127.66976165771484, 522.9241943359375, 133.80162048339844], [539.8212890625, 127.66976165771484, 561.1359252929688, 133.80162048339844]]",SOURCE_TWO_READERS_MATCH,8,EBIT,GS-6415 20260517.pdf,SOURCE_RESTORED_REVIEW,ASSIGNED_FROM_PRINTED_UNIT_OR_SOURCE_TABLE_CONTEXT,,,NUMBER_OR_SOURCE_BLANK,SOURCE_TWO_READERS_MATCH,PASS,NT$m,8315.9,8315.9,1,8315.9,8315.9,1,1,AFTER_ALL_ANNUAL_CHECKS,8315.9
ce1ebbbcf776b901428970539963c7d7f9b12ff41f78fe93c58646d115aa6992,N01-P2-T1,2,EBIT,,2028,12/28E,ANNUAL,FORECAST,value,value,"12,781.7","12,781.7",EBIT,12781.7,NT$m,Goldman Sachs,"[[312.79852294921875, 127.66976165771484, 325.4536437988281, 133.80162048339844], [428.9322509765625, 127.66976165771484, 447.24993896484375, 133.80162048339844], [466.394775390625, 127.66976165771484, 484.71368408203125, 133.80162048339844], [504.6065673828125, 127.66976165771484, 522.9241943359375, 133.80162048339844], [539.8212890625, 127.66976165771484, 561.1359252929688, 133.80162048339844]]",SOURCE_TWO_READERS_MATCH,8,EBIT,GS-6415 20260517.pdf,SOURCE_RESTORED_REVIEW,ASSIGNED_FROM_PRINTED_UNIT_OR_SOURCE_TABLE_CONTEXT,,,NUMBER_OR_SOURCE_BLANK,SOURCE_TWO_READERS_MATCH,PASS,NT$m,12781.7,12781.7,1,12781.7,12781.7,1,1,AFTER_ALL_ANNUAL_CHECKS,12781.7
ce1ebbbcf776b901428970539963c7d7f9b12ff41f78fe93c58646d115aa6992,N01-P2-T1,2,Netinterestinc./(exp.),,2025,12/25,ANNUAL,UNSPECIFIED,value,value,318.8,318.8,Netinterestinc./(exp.),318.8,NT$m,Goldman Sachs,"[[433.428466796875, 136.6599884033203, 447.2506408691406, 142.79185485839844], [470.890380859375, 136.6599884033203, 484.713134765625, 142.79185485839844], [509.10211181640625, 136.6599884033203, 522.9248657226562, 142.79185485839844], [547.3138427734375, 136.6599884033203, 561.1365966796875, 142.79185485839844], [312.79852294921875, 136.66078186035156, 322.28582763671875, 142.7926483154297], [324.0372619628906, 136.66078186035156, 344.01287841796875, 142.7926483154297], [345.7643127441406, 136.66078186035156, 369.90936279296875, 142.7926483154297]]",SOURCE_TWO_READERS_MATCH,9,Net interest inc./(exp.),GS-6415 20260517.pdf,SOURCE_RESTORED_REVIEW,ASSIGNED_FROM_PRINTED_UNIT_OR_SOURCE_TABLE_CONTEXT,,,NUMBER_OR_SOURCE_BLANK,SOURCE_TWO_READERS_MATCH,PASS,NT$m,318.8,318.8,1,318.8,318.8,1,1,AFTER_ALL_ANNUAL_CHECKS,318.8
ce1ebbbcf776b901428970539963c7d7f9b12ff41f78fe93c58646d115aa6992,N01-P2-T1,2,Netinterestinc./(exp.),,2026,12/26E,ANNUAL,FORECAST,value,value,597.7,597.7,Netinterestinc./(exp.),597.7,NT$m,Goldman Sachs,"[[433.428466796875, 136.6599884033203, 447.2506408691406, 142.79185485839844], [470.890380859375, 136.6599884033203, 484.713134765625, 142.79185485839844], [509.10211181640625, 136.6599884033203, 522.9248657226562, 142.79185485839844], [547.3138427734375, 136.6599884033203, 561.1365966796875, 142.79185485839844], [312.79852294921875, 136.66078186035156, 322.28582763671875, 142.7926483154297], [324.0372619628906, 136.66078186035156, 344.01287841796875, 142.7926483154297], [345.7643127441406, 136.66078186035156, 369.90936279296875, 142.7926483154297]]",SOURCE_TWO_READERS_MATCH,9,Net interest inc./(exp.),GS-6415 20260517.pdf,SOURCE_RESTORED_REVIEW,ASSIGNED_FROM_PRINTED_UNIT_OR_SOURCE_TABLE_CONTEXT,,,NUMBER_OR_SOURCE_BLANK,SOURCE_TWO_READERS_MATCH,PASS,NT$m,597.7,597.7,1,597.7,597.7,1,1,AFTER_ALL_ANNUAL_CHECKS,597.7
ce1ebbbcf776b901428970539963c7d7f9b12ff41f78fe93c58646d115aa6992,N01-P2-T1,2,Netinterestinc./(exp.),,2027,12/27E,ANNUAL,FORECAST,value,value,597.7,597.7,Netinterestinc./(exp.),597.7,NT$m,Goldman Sachs,"[[433.428466796875, 136.6599884033203, 447.2506408691406, 142.79185485839844], [470.890380859375, 136.6599884033203, 484.713134765625, 142.79185485839844], [509.10211181640625, 136.6599884033203, 522.9248657226562, 142.79185485839844], [547.3138427734375, 136.6599884033203, 561.1365966796875, 142.79185485839844], [312.79852294921875, 136.66078186035156, 322.28582763671875, 142.7926483154297], [324.0372619628906, 136.66078186035156, 344.01287841796875, 142.7926483154297], [345.7643127441406, 136.66078186035156, 369.90936279296875, 142.7926483154297]]",SOURCE_TWO_READERS_MATCH,9,Net interest inc./(exp.),GS-6415 20260517.pdf,SOURCE_RESTORED_REVIEW,ASSIGNED_FROM_PRINTED_UNIT_OR_SOURCE_TABLE_CONTEXT,,,NUMBER_OR_SOURCE_BLANK,SOURCE_TWO_READERS_MATCH,PASS,NT$m,597.7,597.7,1,597.7,597.7,1,1,AFTER_ALL_ANNUAL_CHECKS,597.7
ce1ebbbcf776b901428970539963c7d7f9b12ff41f78fe93c58646d115aa6992,N01-P2-T1,2,Netinterestinc./(exp.),,2028,12/28E,ANNUAL,FORECAST,value,value,597.7,597.7,Netinterestinc./(exp.),597.7,NT$m,Goldman Sachs,"[[433.428466796875, 136.6599884033203, 447.2506408691406, 142.79185485839844], [470.890380859375, 136.6599884033203, 484.713134765625, 142.79185485839844], [509.10211181640625, 136.6599884033203, 522.9248657226562, 142.79185485839844], [547.3138427734375, 136.6599884033203, 561.1365966796875, 142.79185485839844], [312.79852294921875, 136.66078186035156, 322.28582763671875, 142.7926483154297], [324.0372619628906, 136.66078186035156, 344.01287841796875, 142.7926483154297], [345.7643127441406, 136.66078186035156, 369.90936279296875, 142.7926483154297]]",SOURCE_TWO_READERS_MATCH,9,Net interest inc./(exp.),GS-6415 20260517.pdf,SOURCE_RESTORED_REVIEW,ASSIGNED_FROM_PRINTED_UNIT_OR_SOURCE_TABLE_CONTEXT,,,NUMBER_OR_SOURCE_BLANK,SOURCE_TWO_READERS_MATCH,PASS,NT$m,597.7,597.7,1,597.7,597.7,1,1,AFTER_ALL_ANNUAL_CHECKS,597.7
ce1ebbbcf776b901428970539963c7d7f9b12ff41f78fe93c58646d115aa6992,N01-P2-T1,2,Income/(loss)fromassociates,,2025,12/25,ANNUAL,UNSPECIFIED,value,value,(61.5),(61.5),Income/(loss)fromassociates,-61.5,NT$m,Goldman Sachs,"[[312.7991943359375, 145.65101623535156, 346.68328857421875, 151.7828826904297], [348.016357421875, 145.65101623535156, 360.8369140625, 151.7828826904297], [362.2521057128906, 145.65101623535156, 389.97259521484375, 151.7828826904297], [433.4284362792969, 145.65101623535156, 447.0821533203125, 151.7828826904297], [476.88494873046875, 145.65101623535156, 484.713134765625, 151.7828826904297], [515.0961303710938, 145.65101623535156, 522.9248046875, 151.7828826904297], [557.8033447265625, 145.65101623535156, 560.96875, 151.7828826904297]]",SOURCE_TWO_READERS_MATCH,10,Income/(loss) from associates,GS-6415 20260517.pdf,SOURCE_RESTORED_REVIEW,ASSIGNED_FROM_PRINTED_UNIT_OR_SOURCE_TABLE_CONTEXT,,,NUMBER_OR_SOURCE_BLANK,SOURCE_TWO_READERS_MATCH,PASS,NT$m,-61.5,-61.5,1,-61.5,-61.5,1,1,AFTER_ALL_ANNUAL_CHECKS,-61.5
ce1ebbbcf776b901428970539963c7d7f9b12ff41f78fe93c58646d115aa6992,N01-P2-T1,2,Income/(loss)fromassociates,,2026,12/26E,ANNUAL,FORECAST,value,value,0.0,0.0,Income/(loss)fromassociates,0.0,NT$m,Goldman Sachs,"[[312.7991943359375, 145.65101623535156, 346.68328857421875, 151.7828826904297], [348.016357421875, 145.65101623535156, 360.8369140625, 151.7828826904297], [362.2521057128906, 145.65101623535156, 389.97259521484375, 151.7828826904297], [433.4284362792969, 145.65101623535156, 447.0821533203125, 151.7828826904297], [476.88494873046875, 145.65101623535156, 484.713134765625, 151.7828826904297], [515.0961303710938, 145.65101623535156, 522.9248046875, 151.7828826904297], [557.8033447265625, 145.65101623535156, 560.96875, 151.7828826904297]]",SOURCE_TWO_READERS_MATCH,10,Income/(loss) from associates,GS-6415 20260517.pdf,SOURCE_RESTORED_REVIEW,ASSIGNED_FROM_PRINTED_UNIT_OR_SOURCE_TABLE_CONTEXT,,,NUMBER_OR_SOURCE_BLANK,SOURCE_TWO_READERS_MATCH,PASS,NT$m,0.0,0.0,1,0.0,0.0,1,1,AFTER_ALL_ANNUAL_CHECKS,0.0
ce1ebbbcf776b901428970539963c7d7f9b12ff41f78fe93c58646d115aa6992,N01-P2-T1,2,Income/(loss)fromassociates,,2027,12/27E,ANNUAL,FORECAST,value,value,0.0,0.0,Income/(loss)fromassociates,0.0,NT$m,Goldman Sachs,"[[312.7991943359375, 145.65101623535156, 346.68328857421875, 151.7828826904297], [348.016357421875, 145.65101623535156, 360.8369140625, 151.7828826904297], [362.2521057128906, 145.65101623535156, 389.97259521484375, 151.7828826904297], [433.4284362792969, 145.65101623535156, 447.0821533203125, 151.7828826904297], [476.88494873046875, 145.65101623535156, 484.713134765625, 151.7828826904297], [515.0961303710938, 145.65101623535156, 522.9248046875, 151.7828826904297], [557.8033447265625, 145.65101623535156, 560.96875, 151.7828826904297]]",SOURCE_TWO_READERS_MATCH,10,Income/(loss) from associates,GS-6415 20260517.pdf,SOURCE_RESTORED_REVIEW,ASSIGNED_FROM_PRINTED_UNIT_OR_SOURCE_TABLE_CONTEXT,,,NUMBER_OR_SOURCE_BLANK,SOURCE_TWO_READERS_MATCH,PASS,NT$m,0.0,0.0,1,0.0,0.0,1,1,AFTER_ALL_ANNUAL_CHECKS,0.0
ce1ebbbcf776b901428970539963c7d7f9b12ff41f78fe93c58646d115aa6992,N01-P2-T1,2,Income/(loss)fromassociates,,2028,12/28E,ANNUAL,FORECAST,value,value,--,--,Income/(loss)fromassociates,,NT$m,Goldman Sachs,"[[312.7991943359375, 145.65101623535156, 346.68328857421875, 151.7828826904297], [348.016357421875, 145.65101623535156, 360.8369140625, 151.7828826904297], [362.2521057128906, 145.65101623535156, 389.97259521484375, 151.7828826904297], [433.4284362792969, 145.65101623535156, 447.0821533203125, 151.7828826904297], [476.88494873046875, 145.65101623535156, 484.713134765625, 151.7828826904297], [515.0961303710938, 145.65101623535156, 522.9248046875, 151.7828826904297], [557.8033447265625, 145.65101623535156, 560.96875, 151.7828826904297]]",SOURCE_NOT_PRINTED,10,Income/(loss) from associates,GS-6415 20260517.pdf,SOURCE_NOT_PRINTED,ASSIGNED_FROM_PRINTED_UNIT_OR_SOURCE_TABLE_CONTEXT,,,NUMBER_OR_SOURCE_BLANK,SOURCE_MISSING_RETAINED,PASS,NT$m,,,1,,,,,NOT_MONETARY_OR_SOURCE_MISSING_NO_ROUNDING,--
ce1ebbbcf776b901428970539963c7d7f9b12ff41f78fe93c58646d115aa6992,N01-P2-T1,2,Pre-taxprofit,,2025,12/25,ANNUAL,UNSPECIFIED,value,value,"2,677.0","2,677.0",Pre-taxprofit,2677.0,NT$m,Goldman Sachs,"[[312.7991943359375, 154.6420440673828, 332.6141357421875, 160.77391052246094], [333.7775573730469, 154.6420440673828, 349.5963439941406, 160.77391052246094], [428.93292236328125, 154.6420440673828, 447.25, 160.77391052246094], [466.3942565917969, 154.6420440673828, 484.7131042480469, 160.77391052246094], [504.6065673828125, 154.6420440673828, 522.9248046875, 160.77391052246094], [539.8212890625, 154.6420440673828, 561.1365356445312, 160.77391052246094]]",SOURCE_TWO_READERS_MATCH,11,Pre-tax profit,GS-6415 20260517.pdf,SOURCE_RESTORED_REVIEW,ASSIGNED_FROM_PRINTED_UNIT_OR_SOURCE_TABLE_CONTEXT,,,NUMBER_OR_SOURCE_BLANK,SOURCE_TWO_READERS_MATCH,PASS,NT$m,2677.0,2677.0,1,2677.0,2677.0,1,1,AFTER_ALL_ANNUAL_CHECKS,2677.0
ce1ebbbcf776b901428970539963c7d7f9b12ff41f78fe93c58646d115aa6992,N01-P2-T1,2,Pre-taxprofit,,2026,12/26E,ANNUAL,FORECAST,value,value,"4,621.8","4,621.8",Pre-taxprofit,4621.8,NT$m,Goldman Sachs,"[[312.7991943359375, 154.6420440673828, 332.6141357421875, 160.77391052246094], [333.7775573730469, 154.6420440673828, 349.5963439941406, 160.77391052246094], [428.93292236328125, 154.6420440673828, 447.25, 160.77391052246094], [466.3942565917969, 154.6420440673828, 484.7131042480469, 160.77391052246094], [504.6065673828125, 154.6420440673828, 522.9248046875, 160.77391052246094], [539.8212890625, 154.6420440673828, 561.1365356445312, 160.77391052246094]]",SOURCE_TWO_READERS_MATCH,11,Pre-tax profit,GS-6415 20260517.pdf,SOURCE_RESTORED_REVIEW,ASSIGNED_FROM_PRINTED_UNIT_OR_SOURCE_TABLE_CONTEXT,,,NUMBER_OR_SOURCE_BLANK,SOURCE_TWO_READERS_MATCH,PASS,NT$m,4621.8,4621.8,1,4621.8,4621.8,1,1,AFTER_ALL_ANNUAL_CHECKS,4621.8
ce1ebbbcf776b901428970539963c7d7f9b12ff41f78fe93c58646d115aa6992,N01-P2-T1,2,Pre-taxprofit,,2027,12/27E,ANNUAL,FORECAST,value,value,"8,833.6","8,833.6",Pre-taxprofit,8833.6,NT$m,Goldman Sachs,"[[312.7991943359375, 154.6420440673828, 332.6141357421875, 160.77391052246094], [333.7775573730469, 154.6420440673828, 349.5963439941406, 160.77391052246094], [428.93292236328125, 154.6420440673828, 447.25, 160.77391052246094], [466.3942565917969, 154.6420440673828, 484.7131042480469, 160.77391052246094], [504.6065673828125, 154.6420440673828, 522.9248046875, 160.77391052246094], [539.8212890625, 154.6420440673828, 561.1365356445312, 160.77391052246094]]",SOURCE_TWO_READERS_MATCH,11,Pre-tax profit,GS-6415 20260517.pdf,SOURCE_RESTORED_REVIEW,ASSIGNED_FROM_PRINTED_UNIT_OR_SOURCE_TABLE_CONTEXT,,,NUMBER_OR_SOURCE_BLANK,SOURCE_TWO_READERS_MATCH,PASS,NT$m,8833.6,8833.6,1,8833.6,8833.6,1,1,AFTER_ALL_ANNUAL_CHECKS,8833.6
ce1ebbbcf776b901428970539963c7d7f9b12ff41f78fe93c58646d115aa6992,N01-P2-T1,2,Pre-taxprofit,,2028,12/28E,ANNUAL,FORECAST,value,value,"13,299.4","13,299.4",Pre-taxprofit,13299.4,NT$m,Goldman Sachs,"[[312.7991943359375, 154.6420440673828, 332.6141357421875, 160.77391052246094], [333.7775573730469, 154.6420440673828, 349.5963439941406, 160.77391052246094], [428.93292236328125, 154.6420440673828, 447.25, 160.77391052246094], [466.3942565917969, 154.6420440673828, 484.7131042480469, 160.77391052246094], [504.6065673828125, 154.6420440673828, 522.9248046875, 160.77391052246094], [539.8212890625, 154.6420440673828, 561.1365356445312, 160.77391052246094]]",SOURCE_TWO_READERS_MATCH,11,Pre-tax profit,GS-6415 20260517.pdf,SOURCE_RESTORED_REVIEW,ASSIGNED_FROM_PRINTED_UNIT_OR_SOURCE_TABLE_CONTEXT,,,NUMBER_OR_SOURCE_BLANK,SOURCE_TWO_READERS_MATCH,PASS,NT$m,13299.4,13299.4,1,13299.4,13299.4,1,1,AFTER_ALL_ANNUAL_CHECKS,13299.4
ce1ebbbcf776b901428970539963c7d7f9b12ff41f78fe93c58646d115aa6992,N01-P2-T1,2,Provisionfortaxes,,2025,12/25,ANNUAL,UNSPECIFIED,value,value,(144.1),(144.1),Provisionfortaxes,-144.1,NT$m,Goldman Sachs,"[[312.79913330078125, 163.63307189941406, 337.10968017578125, 169.7649383544922], [338.2731018066406, 163.63307189941406, 345.51324462890625, 169.7649383544922], [347.2646789550781, 163.63307189941406, 361.4998474121094, 169.7649383544922], [430.431396484375, 163.63307189941406, 447.0821228027344, 169.7649383544922], [467.8945007324219, 163.63307189941406, 484.54461669921875, 169.7649383544922], [506.10626220703125, 163.63307189941406, 522.75634765625, 169.7649383544922], [544.3179931640625, 163.63307189941406, 560.9680786132812, 169.7649383544922]]",SOURCE_TWO_READERS_MATCH,12,Provision for taxes,GS-6415 20260517.pdf,SOURCE_RESTORED_REVIEW,ASSIGNED_FROM_PRINTED_UNIT_OR_SOURCE_TABLE_CONTEXT,,,NUMBER_OR_SOURCE_BLANK,SOURCE_TWO_READERS_MATCH,PASS,NT$m,-144.1,-144.1,1,-144.1,-144.1,1,1,AFTER_ALL_ANNUAL_CHECKS,-144.1
ce1ebbbcf776b901428970539963c7d7f9b12ff41f78fe93c58646d115aa6992,N01-P2-T1,2,Provisionfortaxes,,2026,12/26E,ANNUAL,FORECAST,value,value,(287.3),(287.3),Provisionfortaxes,-287.3,NT$m,Goldman Sachs,"[[312.79913330078125, 163.63307189941406, 337.10968017578125, 169.7649383544922], [338.2731018066406, 163.63307189941406, 345.51324462890625, 169.7649383544922], [347.2646789550781, 163.63307189941406, 361.4998474121094, 169.7649383544922], [430.431396484375, 163.63307189941406, 447.0821228027344, 169.7649383544922], [467.8945007324219, 163.63307189941406, 484.54461669921875, 169.7649383544922], [506.10626220703125, 163.63307189941406, 522.75634765625, 169.7649383544922], [544.3179931640625, 163.63307189941406, 560.9680786132812, 169.7649383544922]]",SOURCE_TWO_READERS_MATCH,12,Provision for taxes,GS-6415 20260517.pdf,SOURCE_RESTORED_REVIEW,ASSIGNED_FROM_PRINTED_UNIT_OR_SOURCE_TABLE_CONTEXT,,,NUMBER_OR_SOURCE_BLANK,SOURCE_TWO_READERS_MATCH,PASS,NT$m,-287.3,-287.3,1,-287.3,-287.3,1,1,AFTER_ALL_ANNUAL_CHECKS,-287.3
ce1ebbbcf776b901428970539963c7d7f9b12ff41f78fe93c58646d115aa6992,N01-P2-T1,2,Provisionfortaxes,,2027,12/27E,ANNUAL,FORECAST,value,value,(549.1),(549.1),Provisionfortaxes,-549.1,NT$m,Goldman Sachs,"[[312.79913330078125, 163.63307189941406, 337.10968017578125, 169.7649383544922], [338.2731018066406, 163.63307189941406, 345.51324462890625, 169.7649383544922], [347.2646789550781, 163.63307189941406, 361.4998474121094, 169.7649383544922], [430.431396484375, 163.63307189941406, 447.0821228027344, 169.7649383544922], [467.8945007324219, 163.63307189941406, 484.54461669921875, 169.7649383544922], [506.10626220703125, 163.63307189941406, 522.75634765625, 169.7649383544922], [544.3179931640625, 163.63307189941406, 560.9680786132812, 169.7649383544922]]",SOURCE_TWO_READERS_MATCH,12,Provision for taxes,GS-6415 20260517.pdf,SOURCE_RESTORED_REVIEW,ASSIGNED_FROM_PRINTED_UNIT_OR_SOURCE_TABLE_CONTEXT,,,NUMBER_OR_SOURCE_BLANK,SOURCE_TWO_READERS_MATCH,PASS,NT$m,-549.1,-549.1,1,-549.1,-549.1,1,1,AFTER_ALL_ANNUAL_CHECKS,-549.1
ce1ebbbcf776b901428970539963c7d7f9b12ff41f78fe93c58646d115aa6992,N01-P2-T1,2,Provisionfortaxes,,2028,12/28E,ANNUAL,FORECAST,value,value,(826.7),(826.7),Provisionfortaxes,-826.7,NT$m,Goldman Sachs,"[[312.79913330078125, 163.63307189941406, 337.10968017578125, 169.7649383544922], [338.2731018066406, 163.63307189941406, 345.51324462890625, 169.7649383544922], [347.2646789550781, 163.63307189941406, 361.4998474121094, 169.7649383544922], [430.431396484375, 163.63307189941406, 447.0821228027344, 169.7649383544922], [467.8945007324219, 163.63307189941406, 484.54461669921875, 169.7649383544922], [506.10626220703125, 163.63307189941406, 522.75634765625, 169.7649383544922], [544.3179931640625, 163.63307189941406, 560.9680786132812, 169.7649383544922]]",SOURCE_TWO_READERS_MATCH,12,Provision for taxes,GS-6415 20260517.pdf,SOURCE_RESTORED_REVIEW,ASSIGNED_FROM_PRINTED_UNIT_OR_SOURCE_TABLE_CONTEXT,,,NUMBER_OR_SOURCE_BLANK,SOURCE_TWO_READERS_MATCH,PASS,NT$m,-826.7,-826.7,1,-826.7,-826.7,1,1,AFTER_ALL_ANNUAL_CHECKS,-826.7
ce1ebbbcf776b901428970539963c7d7f9b12ff41f78fe93c58646d115aa6992,N01-P2-T1,2,Minorityinterest,,2025,12/25,ANNUAL,UNSPECIFIED,value,value,(55.0),(55.0),Minorityinterest,-55.0,NT$m,Goldman Sachs,"[[312.79913330078125, 172.6240997314453, 335.275390625, 178.75596618652344], [336.77508544921875, 172.6240997314453, 356.75067138671875, 178.75596618652344], [433.4283752441406, 172.6240997314453, 447.08209228515625, 178.75596618652344], [470.8914794921875, 172.6240997314453, 484.7130432128906, 178.75596618652344], [509.1020202636719, 172.6240997314453, 522.9247436523438, 178.75596618652344], [547.313720703125, 172.6240997314453, 561.136474609375, 178.75596618652344]]",SOURCE_TWO_READERS_MATCH,13,Minority interest,GS-6415 20260517.pdf,SOURCE_RESTORED_REVIEW,ASSIGNED_FROM_PRINTED_UNIT_OR_SOURCE_TABLE_CONTEXT,,,NUMBER_OR_SOURCE_BLANK,SOURCE_TWO_READERS_MATCH,PASS,NT$m,-55.0,-55.0,1,-55.0,-55.0,1,1,AFTER_ALL_ANNUAL_CHECKS,-55.0
ce1ebbbcf776b901428970539963c7d7f9b12ff41f78fe93c58646d115aa6992,N01-P2-T1,2,Minorityinterest,,2026,12/26E,ANNUAL,FORECAST,value,value,123.2,123.2,Minorityinterest,123.2,NT$m,Goldman Sachs,"[[312.79913330078125, 172.6240997314453, 335.275390625, 178.75596618652344], [336.77508544921875, 172.6240997314453, 356.75067138671875, 178.75596618652344], [433.4283752441406, 172.6240997314453, 447.08209228515625, 178.75596618652344], [470.8914794921875, 172.6240997314453, 484.7130432128906, 178.75596618652344], [509.1020202636719, 172.6240997314453, 522.9247436523438, 178.75596618652344], [547.313720703125, 172.6240997314453, 561.136474609375, 178.75596618652344]]",SOURCE_TWO_READERS_MATCH,13,Minority interest,GS-6415 20260517.pdf,SOURCE_RESTORED_REVIEW,ASSIGNED_FROM_PRINTED_UNIT_OR_SOURCE_TABLE_CONTEXT,,,NUMBER_OR_SOURCE_BLANK,SOURCE_TWO_READERS_MATCH,PASS,NT$m,123.2,123.2,1,123.2,123.2,1,1,AFTER_ALL_ANNUAL_CHECKS,123.2
ce1ebbbcf776b901428970539963c7d7f9b12ff41f78fe93c58646d115aa6992,N01-P2-T1,2,Minorityinterest,,2027,12/27E,ANNUAL,FORECAST,value,value,123.2,123.2,Minorityinterest,123.2,NT$m,Goldman Sachs,"[[312.79913330078125, 172.6240997314453, 335.275390625, 178.75596618652344], [336.77508544921875, 172.6240997314453, 356.75067138671875, 178.75596618652344], [433.4283752441406, 172.6240997314453, 447.08209228515625, 178.75596618652344], [470.8914794921875, 172.6240997314453, 484.7130432128906, 178.75596618652344], [509.1020202636719, 172.6240997314453, 522.9247436523438, 178.75596618652344], [547.313720703125, 172.6240997314453, 561.136474609375, 178.75596618652344]]",SOURCE_TWO_READERS_MATCH,13,Minority interest,GS-6415 20260517.pdf,SOURCE_RESTORED_REVIEW,ASSIGNED_FROM_PRINTED_UNIT_OR_SOURCE_TABLE_CONTEXT,,,NUMBER_OR_SOURCE_BLANK,SOURCE_TWO_READERS_MATCH,PASS,NT$m,123.2,123.2,1,123.2,123.2,1,1,AFTER_ALL_ANNUAL_CHECKS,123.2
ce1ebbbcf776b901428970539963c7d7f9b12ff41f78fe93c58646d115aa6992,N01-P2-T1,2,Minorityinterest,,2028,12/28E,ANNUAL,FORECAST,value,value,123.2,123.2,Minorityinterest,123.2,NT$m,Goldman Sachs,"[[312.79913330078125, 172.6240997314453, 335.275390625, 178.75596618652344], [336.77508544921875, 172.6240997314453, 356.75067138671875, 178.75596618652344], [433.4283752441406, 172.6240997314453, 447.08209228515625, 178.75596618652344], [470.8914794921875, 172.6240997314453, 484.7130432128906, 178.75596618652344], [509.1020202636719, 172.6240997314453, 522.9247436523438, 178.75596618652344], [547.313720703125, 172.6240997314453, 561.136474609375, 178.75596618652344]]",SOURCE_TWO_READERS_MATCH,13,Minority interest,GS-6415 20260517.pdf,SOURCE_RESTORED_REVIEW,ASSIGNED_FROM_PRINTED_UNIT_OR_SOURCE_TABLE_CONTEXT,,,NUMBER_OR_SOURCE_BLANK,SOURCE_TWO_READERS_MATCH,PASS,NT$m,123.2,123.2,1,123.2,123.2,1,1,AFTER_ALL_ANNUAL_CHECKS,123.2
ce1ebbbcf776b901428970539963c7d7f9b12ff41f78fe93c58646d115aa6992,N01-P2-T1,2,Preferreddividends,,2025,12/25,ANNUAL,UNSPECIFIED,value,value,--,--,Preferreddividends,,NT$m,Goldman Sachs,"[[312.799072265625, 181.61512756347656, 337.859375, 187.7469940185547], [339.0227966308594, 181.61512756347656, 362.9946594238281, 187.7469940185547], [443.9118347167969, 181.61512756347656, 447.0778503417969, 187.7469940185547], [481.37432861328125, 181.61512756347656, 484.54034423828125, 187.7469940185547], [519.5860595703125, 181.61512756347656, 522.7520751953125, 187.7469940185547], [557.7977905273438, 181.61512756347656, 560.9638061523438, 187.7469940185547]]",SOURCE_NOT_PRINTED,14,Preferred dividends,GS-6415 20260517.pdf,SOURCE_NOT_PRINTED,ASSIGNED_FROM_PRINTED_UNIT_OR_SOURCE_TABLE_CONTEXT,,,NUMBER_OR_SOURCE_BLANK,SOURCE_MISSING_RETAINED,PASS,NT$m,,,1,,,,,NOT_MONETARY_OR_SOURCE_MISSING_NO_ROUNDING,--
ce1ebbbcf776b901428970539963c7d7f9b12ff41f78fe93c58646d115aa6992,N01-P2-T1,2,Preferreddividends,,2026,12/26E,ANNUAL,FORECAST,value,value,--,--,Preferreddividends,,NT$m,Goldman Sachs,"[[312.799072265625, 181.61512756347656, 337.859375, 187.7469940185547], [339.0227966308594, 181.61512756347656, 362.9946594238281, 187.7469940185547], [443.9118347167969, 181.61512756347656, 447.0778503417969, 187.7469940185547], [481.37432861328125, 181.61512756347656, 484.54034423828125, 187.7469940185547], [519.5860595703125, 181.61512756347656, 522.7520751953125, 187.7469940185547], [557.7977905273438, 181.61512756347656, 560.9638061523438, 187.7469940185547]]",SOURCE_NOT_PRINTED,14,Preferred dividends,GS-6415 20260517.pdf,SOURCE_NOT_PRINTED,ASSIGNED_FROM_PRINTED_UNIT_OR_SOURCE_TABLE_CONTEXT,,,NUMBER_OR_SOURCE_BLANK,SOURCE_MISSING_RETAINED,PASS,NT$m,,,1,,,,,NOT_MONETARY_OR_SOURCE_MISSING_NO_ROUNDING,--
ce1ebbbcf776b901428970539963c7d7f9b12ff41f78fe93c58646d115aa6992,N01-P2-T1,2,Preferreddividends,,2027,12/27E,ANNUAL,FORECAST,value,value,--,--,Preferreddividends,,NT$m,Goldman Sachs,"[[312.799072265625, 181.61512756347656, 337.859375, 187.7469940185547], [339.0227966308594, 181.61512756347656, 362.9946594238281, 187.7469940185547], [443.9118347167969, 181.61512756347656, 447.0778503417969, 187.7469940185547], [481.37432861328125, 181.61512756347656, 484.54034423828125, 187.7469940185547], [519.5860595703125, 181.61512756347656, 522.7520751953125, 187.7469940185547], [557.7977905273438, 181.61512756347656, 560.9638061523438, 187.7469940185547]]",SOURCE_NOT_PRINTED,14,Preferred dividends,GS-6415 20260517.pdf,SOURCE_NOT_PRINTED,ASSIGNED_FROM_PRINTED_UNIT_OR_SOURCE_TABLE_CONTEXT,,,NUMBER_OR_SOURCE_BLANK,SOURCE_MISSING_RETAINED,PASS,NT$m,,,1,,,,,NOT_MONETARY_OR_SOURCE_MISSING_NO_ROUNDING,--
ce1ebbbcf776b901428970539963c7d7f9b12ff41f78fe93c58646d115aa6992,N01-P2-T1,2,Preferreddividends,,2028,12/28E,ANNUAL,FORECAST,value,value,--,--,Preferreddividends,,NT$m,Goldman Sachs,"[[312.799072265625, 181.61512756347656, 337.859375, 187.7469940185547], [339.0227966308594, 181.61512756347656, 362.9946594238281, 187.7469940185547], [443.9118347167969, 181.61512756347656, 447.0778503417969, 187.7469940185547], [481.37432861328125, 181.61512756347656, 484.54034423828125, 187.7469940185547], [519.5860595703125, 181.61512756347656, 522.7520751953125, 187.7469940185547], [557.7977905273438, 181.61512756347656, 560.9638061523438, 187.7469940185547]]",SOURCE_NOT_PRINTED,14,Preferred dividends,GS-6415 20260517.pdf,SOURCE_NOT_PRINTED,ASSIGNED_FROM_PRINTED_UNIT_OR_SOURCE_TABLE_CONTEXT,,,NUMBER_OR_SOURCE_BLANK,SOURCE_MISSING_RETAINED,PASS,NT$m,,,1,,,,,NOT_MONETARY_OR_SOURCE_MISSING_NO_ROUNDING,--
ce1ebbbcf776b901428970539963c7d7f9b12ff41f78fe93c58646d115aa6992,N01-P2-T1,2,Netinc.(pre-exceptionals),,2025,12/25,ANNUAL,UNSPECIFIED,value,value,"2,477.9","2,477.9",Netinc.(pre-exceptionals),2477.9,NT$m,Goldman Sachs,"[[312.79302978515625, 190.6061553955078, 322.6166076660156, 196.73802185058594], [324.03179931640625, 190.6061553955078, 333.93988037109375, 196.73802185058594], [335.27294921875, 190.6061553955078, 385.2197570800781, 196.73802185058594], [428.92681884765625, 190.6061553955078, 447.2445068359375, 196.73802185058594], [466.3887634277344, 190.6061553955078, 484.7070007324219, 196.73802185058594], [504.6004638671875, 190.6061553955078, 522.918701171875, 196.73802185058594], [539.815185546875, 190.6061553955078, 561.1316528320312, 196.73802185058594]]",SOURCE_TWO_READERS_MATCH,15,Net inc. (pre-exceptionals),GS-6415 20260517.pdf,SOURCE_RESTORED_REVIEW,ASSIGNED_FROM_PRINTED_UNIT_OR_SOURCE_TABLE_CONTEXT,,,NUMBER_OR_SOURCE_BLANK,SOURCE_TWO_READERS_MATCH,PASS,NT$m,2477.9,2477.9,1,2477.9,2477.9,1,1,AFTER_ALL_ANNUAL_CHECKS,2477.9
ce1ebbbcf776b901428970539963c7d7f9b12ff41f78fe93c58646d115aa6992,N01-P2-T1,2,Netinc.(pre-exceptionals),,2026,12/26E,ANNUAL,FORECAST,value,value,"4,457.8","4,457.8",Netinc.(pre-exceptionals),4457.8,NT$m,Goldman Sachs,"[[312.79302978515625, 190.6061553955078, 322.6166076660156, 196.73802185058594], [324.03179931640625, 190.6061553955078, 333.93988037109375, 196.73802185058594], [335.27294921875, 190.6061553955078, 385.2197570800781, 196.73802185058594], [428.92681884765625, 190.6061553955078, 447.2445068359375, 196.73802185058594], [466.3887634277344, 190.6061553955078, 484.7070007324219, 196.73802185058594], [504.6004638671875, 190.6061553955078, 522.918701171875, 196.73802185058594], [539.815185546875, 190.6061553955078, 561.1316528320312, 196.73802185058594]]",SOURCE_TWO_READERS_MATCH,15,Net inc. (pre-exceptionals),GS-6415 20260517.pdf,SOURCE_RESTORED_REVIEW,ASSIGNED_FROM_PRINTED_UNIT_OR_SOURCE_TABLE_CONTEXT,,,NUMBER_OR_SOURCE_BLANK,SOURCE_TWO_READERS_MATCH,PASS,NT$m,4457.8,4457.8,1,4457.8,4457.8,1,1,AFTER_ALL_ANNUAL_CHECKS,4457.8
ce1ebbbcf776b901428970539963c7d7f9b12ff41f78fe93c58646d115aa6992,N01-P2-T1,2,Netinc.(pre-exceptionals),,2027,12/27E,ANNUAL,FORECAST,value,value,"8,407.7","8,407.7",Netinc.(pre-exceptionals),8407.7,NT$m,Goldman Sachs,"[[312.79302978515625, 190.6061553955078, 322.6166076660156, 196.73802185058594], [324.03179931640625, 190.6061553955078, 333.93988037109375, 196.73802185058594], [335.27294921875, 190.6061553955078, 385.2197570800781, 196.73802185058594], [428.92681884765625, 190.6061553955078, 447.2445068359375, 196.73802185058594], [466.3887634277344, 190.6061553955078, 484.7070007324219, 196.73802185058594], [504.6004638671875, 190.6061553955078, 522.918701171875, 196.73802185058594], [539.815185546875, 190.6061553955078, 561.1316528320312, 196.73802185058594]]",SOURCE_TWO_READERS_MATCH,15,Net inc. (pre-exceptionals),GS-6415 20260517.pdf,SOURCE_RESTORED_REVIEW,ASSIGNED_FROM_PRINTED_UNIT_OR_SOURCE_TABLE_CONTEXT,,,NUMBER_OR_SOURCE_BLANK,SOURCE_TWO_READERS_MATCH,PASS,NT$m,8407.7,8407.7,1,8407.7,8407.7,1,1,AFTER_ALL_ANNUAL_CHECKS,8407.7
ce1ebbbcf776b901428970539963c7d7f9b12ff41f78fe93c58646d115aa6992,N01-P2-T1,2,Netinc.(pre-exceptionals),,2028,12/28E,ANNUAL,FORECAST,value,value,"12,595.9","12,595.9",Netinc.(pre-exceptionals),12595.9,NT$m,Goldman Sachs,"[[312.79302978515625, 190.6061553955078, 322.6166076660156, 196.73802185058594], [324.03179931640625, 190.6061553955078, 333.93988037109375, 196.73802185058594], [335.27294921875, 190.6061553955078, 385.2197570800781, 196.73802185058594], [428.92681884765625, 190.6061553955078, 447.2445068359375, 196.73802185058594], [466.3887634277344, 190.6061553955078, 484.7070007324219, 196.73802185058594], [504.6004638671875, 190.6061553955078, 522.918701171875, 196.73802185058594], [539.815185546875, 190.6061553955078, 561.1316528320312, 196.73802185058594]]",SOURCE_TWO_READERS_MATCH,15,Net inc. (pre-exceptionals),GS-6415 20260517.pdf,SOURCE_RESTORED_REVIEW,ASSIGNED_FROM_PRINTED_UNIT_OR_SOURCE_TABLE_CONTEXT,,,NUMBER_OR_SOURCE_BLANK,SOURCE_TWO_READERS_MATCH,PASS,NT$m,12595.9,12595.9,1,12595.9,12595.9,1,1,AFTER_ALL_ANNUAL_CHECKS,12595.9
ce1ebbbcf776b901428970539963c7d7f9b12ff41f78fe93c58646d115aa6992,N01-P2-T1,2,Post-taxexceptionals,,2025,12/25,ANNUAL,UNSPECIFIED,value,value,--,--,Post-taxexceptionals,,NT$m,Goldman Sachs,"[[312.7930908203125, 199.59718322753906, 334.52313232421875, 205.7290496826172], [336.0227966308594, 199.59718322753906, 368.236328125, 205.7290496826172], [443.9118347167969, 199.59718322753906, 447.0778503417969, 205.7290496826172], [481.37432861328125, 199.59718322753906, 484.54034423828125, 205.7290496826172], [519.5860595703125, 199.59718322753906, 522.7520751953125, 205.7290496826172], [557.7977905273438, 199.59718322753906, 560.9638061523438, 205.7290496826172]]",SOURCE_NOT_PRINTED,16,Post-tax exceptionals,GS-6415 20260517.pdf,SOURCE_NOT_PRINTED,ASSIGNED_FROM_PRINTED_UNIT_OR_SOURCE_TABLE_CONTEXT,,,NUMBER_OR_SOURCE_BLANK,SOURCE_MISSING_RETAINED,PASS,NT$m,,,1,,,,,NOT_MONETARY_OR_SOURCE_MISSING_NO_ROUNDING,--
ce1ebbbcf776b901428970539963c7d7f9b12ff41f78fe93c58646d115aa6992,N01-P2-T1,2,Post-taxexceptionals,,2026,12/26E,ANNUAL,FORECAST,value,value,--,--,Post-taxexceptionals,,NT$m,Goldman Sachs,"[[312.7930908203125, 199.59718322753906, 334.52313232421875, 205.7290496826172], [336.0227966308594, 199.59718322753906, 368.236328125, 205.7290496826172], [443.9118347167969, 199.59718322753906, 447.0778503417969, 205.7290496826172], [481.37432861328125, 199.59718322753906, 484.54034423828125, 205.7290496826172], [519.5860595703125, 199.59718322753906, 522.7520751953125, 205.7290496826172], [557.7977905273438, 199.59718322753906, 560.9638061523438, 205.7290496826172]]",SOURCE_NOT_PRINTED,16,Post-tax exceptionals,GS-6415 20260517.pdf,SOURCE_NOT_PRINTED,ASSIGNED_FROM_PRINTED_UNIT_OR_SOURCE_TABLE_CONTEXT,,,NUMBER_OR_SOURCE_BLANK,SOURCE_MISSING_RETAINED,PASS,NT$m,,,1,,,,,NOT_MONETARY_OR_SOURCE_MISSING_NO_ROUNDING,--
ce1ebbbcf776b901428970539963c7d7f9b12ff41f78fe93c58646d115aa6992,N01-P2-T1,2,Post-taxexceptionals,,2027,12/27E,ANNUAL,FORECAST,value,value,--,--,Post-taxexceptionals,,NT$m,Goldman Sachs,"[[312.7930908203125, 199.59718322753906, 334.52313232421875, 205.7290496826172], [336.0227966308594, 199.59718322753906, 368.236328125, 205.7290496826172], [443.9118347167969, 199.59718322753906, 447.0778503417969, 205.7290496826172], [481.37432861328125, 199.59718322753906, 484.54034423828125, 205.7290496826172], [519.5860595703125, 199.59718322753906, 522.7520751953125, 205.7290496826172], [557.7977905273438, 199.59718322753906, 560.9638061523438, 205.7290496826172]]",SOURCE_NOT_PRINTED,16,Post-tax exceptionals,GS-6415 20260517.pdf,SOURCE_NOT_PRINTED,ASSIGNED_FROM_PRINTED_UNIT_OR_SOURCE_TABLE_CONTEXT,,,NUMBER_OR_SOURCE_BLANK,SOURCE_MISSING_RETAINED,PASS,NT$m,,,1,,,,,NOT_MONETARY_OR_SOURCE_MISSING_NO_ROUNDING,--
ce1ebbbcf776b901428970539963c7d7f9b12ff41f78fe93c58646d115aa6992,N01-P2-T1,2,Post-taxexceptionals,,2028,12/28E,ANNUAL,FORECAST,value,value,--,--,Post-taxexceptionals,,NT$m,Goldman Sachs,"[[312.7930908203125, 199.59718322753906, 334.52313232421875, 205.7290496826172], [336.0227966308594, 199.59718322753906, 368.236328125, 205.7290496826172], [443.9118347167969, 199.59718322753906, 447.0778503417969, 205.7290496826172], [481.37432861328125, 199.59718322753906, 484.54034423828125, 205.7290496826172], [519.5860595703125, 199.59718322753906, 522.7520751953125, 205.7290496826172], [557.7977905273438, 199.59718322753906, 560.9638061523438, 205.7290496826172]]",SOURCE_NOT_PRINTED,16,Post-tax exceptionals,GS-6415 20260517.pdf,SOURCE_NOT_PRINTED,ASSIGNED_FROM_PRINTED_UNIT_OR_SOURCE_TABLE_CONTEXT,,,NUMBER_OR_SOURCE_BLANK,SOURCE_MISSING_RETAINED,PASS,NT$m,,,1,,,,,NOT_MONETARY_OR_SOURCE_MISSING_NO_ROUNDING,--
ce1ebbbcf776b901428970539963c7d7f9b12ff41f78fe93c58646d115aa6992,N01-P2-T1,2,Netinc.(post-exceptionals),,2025,12/25,ANNUAL,UNSPECIFIED,value,value,"2,477.9","2,477.9",Netinc.(post-exceptionals),2477.9,NT$m,Goldman Sachs,"[[539.8204956054688, 208.5874786376953, 561.136962890625, 214.71934509277344], [504.594482421875, 208.5874786376953, 522.9240112304688, 214.72007751464844], [312.78704833984375, 208.5882110595703, 322.6106262207031, 214.72007751464844], [324.02581787109375, 208.5882110595703, 333.93389892578125, 214.72007751464844], [335.2669677734375, 208.5882110595703, 388.96002197265625, 214.72007751464844], [428.92083740234375, 208.5882110595703, 447.238525390625, 214.72007751464844], [466.3827819824219, 208.5882110595703, 484.7010192871094, 214.72007751464844]]",SOURCE_TWO_READERS_MATCH,17,Net inc. (post-exceptionals),GS-6415 20260517.pdf,SOURCE_RESTORED_REVIEW,ASSIGNED_FROM_PRINTED_UNIT_OR_SOURCE_TABLE_CONTEXT,,,NUMBER_OR_SOURCE_BLANK,SOURCE_TWO_READERS_MATCH,PASS,NT$m,2477.9,2477.9,1,2477.9,2477.9,1,1,AFTER_ALL_ANNUAL_CHECKS,2477.9
ce1ebbbcf776b901428970539963c7d7f9b12ff41f78fe93c58646d115aa6992,N01-P2-T1,2,Netinc.(post-exceptionals),,2026,12/26E,ANNUAL,FORECAST,value,value,"4,457.8","4,457.8",Netinc.(post-exceptionals),4457.8,NT$m,Goldman Sachs,"[[539.8204956054688, 208.5874786376953, 561.136962890625, 214.71934509277344], [504.594482421875, 208.5874786376953, 522.9240112304688, 214.72007751464844], [312.78704833984375, 208.5882110595703, 322.6106262207031, 214.72007751464844], [324.02581787109375, 208.5882110595703, 333.93389892578125, 214.72007751464844], [335.2669677734375, 208.5882110595703, 388.96002197265625, 214.72007751464844], [428.92083740234375, 208.5882110595703, 447.238525390625, 214.72007751464844], [466.3827819824219, 208.5882110595703, 484.7010192871094, 214.72007751464844]]",SOURCE_TWO_READERS_MATCH,17,Net inc. (post-exceptionals),GS-6415 20260517.pdf,SOURCE_RESTORED_REVIEW,ASSIGNED_FROM_PRINTED_UNIT_OR_SOURCE_TABLE_CONTEXT,,,NUMBER_OR_SOURCE_BLANK,SOURCE_TWO_READERS_MATCH,PASS,NT$m,4457.8,4457.8,1,4457.8,4457.8,1,1,AFTER_ALL_ANNUAL_CHECKS,4457.8
ce1ebbbcf776b901428970539963c7d7f9b12ff41f78fe93c58646d115aa6992,N01-P2-T1,2,Netinc.(post-exceptionals),,2027,12/27E,ANNUAL,FORECAST,value,value,"8,407.7","8,407.7",Netinc.(post-exceptionals),8407.7,NT$m,Goldman Sachs,"[[539.8204956054688, 208.5874786376953, 561.136962890625, 214.71934509277344], [504.594482421875, 208.5874786376953, 522.9240112304688, 214.72007751464844], [312.78704833984375, 208.5882110595703, 322.6106262207031, 214.72007751464844], [324.02581787109375, 208.5882110595703, 333.93389892578125, 214.72007751464844], [335.2669677734375, 208.5882110595703, 388.96002197265625, 214.72007751464844], [428.92083740234375, 208.5882110595703, 447.238525390625, 214.72007751464844], [466.3827819824219, 208.5882110595703, 484.7010192871094, 214.72007751464844]]",SOURCE_TWO_READERS_MATCH,17,Net inc. (post-exceptionals),GS-6415 20260517.pdf,SOURCE_RESTORED_REVIEW,ASSIGNED_FROM_PRINTED_UNIT_OR_SOURCE_TABLE_CONTEXT,,,NUMBER_OR_SOURCE_BLANK,SOURCE_TWO_READERS_MATCH,PASS,NT$m,8407.7,8407.7,1,8407.7,8407.7,1,1,AFTER_ALL_ANNUAL_CHECKS,8407.7
ce1ebbbcf776b901428970539963c7d7f9b12ff41f78fe93c58646d115aa6992,N01-P2-T1,2,Netinc.(post-exceptionals),,2028,12/28E,ANNUAL,FORECAST,value,value,"12,595.9","12,595.9",Netinc.(post-exceptionals),12595.9,NT$m,Goldman Sachs,"[[539.8204956054688, 208.5874786376953, 561.136962890625, 214.71934509277344], [504.594482421875, 208.5874786376953, 522.9240112304688, 214.72007751464844], [312.78704833984375, 208.5882110595703, 322.6106262207031, 214.72007751464844], [324.02581787109375, 208.5882110595703, 333.93389892578125, 214.72007751464844], [335.2669677734375, 208.5882110595703, 388.96002197265625, 214.72007751464844], [428.92083740234375, 208.5882110595703, 447.238525390625, 214.72007751464844], [466.3827819824219, 208.5882110595703, 484.7010192871094, 214.72007751464844]]",SOURCE_TWO_READERS_MATCH,17,Net inc. (post-exceptionals),GS-6415 20260517.pdf,SOURCE_RESTORED_REVIEW,ASSIGNED_FROM_PRINTED_UNIT_OR_SOURCE_TABLE_CONTEXT,,,NUMBER_OR_SOURCE_BLANK,SOURCE_TWO_READERS_MATCH,PASS,NT$m,12595.9,12595.9,1,12595.9,12595.9,1,1,AFTER_ALL_ANNUAL_CHECKS,12595.9
ce1ebbbcf776b901428970539963c7d7f9b12ff41f78fe93c58646d115aa6992,N01-P2-T1,2,"EPS(basic,pre-except)(NT$)",,2025,12/25,ANNUAL,UNSPECIFIED,value,value,6.40,6.40,"EPS(basic,pre-except)(NT$)",6.4,NT$,Goldman Sachs,"[[312.79840087890625, 217.57850646972656, 324.28887939453125, 223.7103729248047], [325.53564453125, 217.57850646972656, 343.6866760253906, 223.7103729248047], [345.0197448730469, 217.57850646972656, 376.23291015625, 223.7103729248047], [377.983154296875, 217.57850646972656, 393.4650573730469, 223.7103729248047], [436.4246520996094, 217.57850646972656, 447.2498474121094, 223.7103729248047], [470.89013671875, 217.57850646972656, 484.7123107910156, 223.7103729248047], [509.1012878417969, 217.57850646972656, 522.9234008789062, 223.7103729248047], [547.3135986328125, 217.57850646972656, 561.1363525390625, 223.7103729248047]]",SOURCE_TWO_READERS_MATCH,18,"EPS (basic, pre-except) (NT$)",GS-6415 20260517.pdf,SOURCE_RESTORED_REVIEW,ASSIGNED_FROM_PRINTED_UNIT_OR_SOURCE_TABLE_CONTEXT,,,NUMBER_OR_SOURCE_BLANK,SOURCE_TWO_READERS_MATCH,PASS,NT$,6.4,6.40,1,6.40,6.4,2,,NOT_MONETARY_OR_SOURCE_MISSING_NO_ROUNDING,6.40
ce1ebbbcf776b901428970539963c7d7f9b12ff41f78fe93c58646d115aa6992,N01-P2-T1,2,"EPS(basic,pre-except)(NT$)",,2026,12/26E,ANNUAL,FORECAST,value,value,11.48,11.48,"EPS(basic,pre-except)(NT$)",11.48,NT$,Goldman Sachs,"[[312.79840087890625, 217.57850646972656, 324.28887939453125, 223.7103729248047], [325.53564453125, 217.57850646972656, 343.6866760253906, 223.7103729248047], [345.0197448730469, 217.57850646972656, 376.23291015625, 223.7103729248047], [377.983154296875, 217.57850646972656, 393.4650573730469, 223.7103729248047], [436.4246520996094, 217.57850646972656, 447.2498474121094, 223.7103729248047], [470.89013671875, 217.57850646972656, 484.7123107910156, 223.7103729248047], [509.1012878417969, 217.57850646972656, 522.9234008789062, 223.7103729248047], [547.3135986328125, 217.57850646972656, 561.1363525390625, 223.7103729248047]]",SOURCE_TWO_READERS_MATCH,18,"EPS (basic, pre-except) (NT$)",GS-6415 20260517.pdf,SOURCE_RESTORED_REVIEW,ASSIGNED_FROM_PRINTED_UNIT_OR_SOURCE_TABLE_CONTEXT,,,NUMBER_OR_SOURCE_BLANK,SOURCE_TWO_READERS_MATCH,PASS,NT$,11.48,11.48,1,11.48,11.48,2,,NOT_MONETARY_OR_SOURCE_MISSING_NO_ROUNDING,11.48
ce1ebbbcf776b901428970539963c7d7f9b12ff41f78fe93c58646d115aa6992,N01-P2-T1,2,"EPS(basic,pre-except)(NT$)",,2027,12/27E,ANNUAL,FORECAST,value,value,21.66,21.66,"EPS(basic,pre-except)(NT$)",21.66,NT$,Goldman Sachs,"[[312.79840087890625, 217.57850646972656, 324.28887939453125, 223.7103729248047], [325.53564453125, 217.57850646972656, 343.6866760253906, 223.7103729248047], [345.0197448730469, 217.57850646972656, 376.23291015625, 223.7103729248047], [377.983154296875, 217.57850646972656, 393.4650573730469, 223.7103729248047], [436.4246520996094, 217.57850646972656, 447.2498474121094, 223.7103729248047], [470.89013671875, 217.57850646972656, 484.7123107910156, 223.7103729248047], [509.1012878417969, 217.57850646972656, 522.9234008789062, 223.7103729248047], [547.3135986328125, 217.57850646972656, 561.1363525390625, 223.7103729248047]]",SOURCE_TWO_READERS_MATCH,18,"EPS (basic, pre-except) (NT$)",GS-6415 20260517.pdf,SOURCE_RESTORED_REVIEW,ASSIGNED_FROM_PRINTED_UNIT_OR_SOURCE_TABLE_CONTEXT,,,NUMBER_OR_SOURCE_BLANK,SOURCE_TWO_READERS_MATCH,PASS,NT$,21.66,21.66,1,21.66,21.66,2,,NOT_MONETARY_OR_SOURCE_MISSING_NO_ROUNDING,21.66
ce1ebbbcf776b901428970539963c7d7f9b12ff41f78fe93c58646d115aa6992,N01-P2-T1,2,"EPS(basic,pre-except)(NT$)",,2028,12/28E,ANNUAL,FORECAST,value,value,32.44,32.44,"EPS(basic,pre-except)(NT$)",32.44,NT$,Goldman Sachs,"[[312.79840087890625, 217.57850646972656, 324.28887939453125, 223.7103729248047], [325.53564453125, 217.57850646972656, 343.6866760253906, 223.7103729248047], [345.0197448730469, 217.57850646972656, 376.23291015625, 223.7103729248047], [377.983154296875, 217.57850646972656, 393.4650573730469, 223.7103729248047], [436.4246520996094, 217.57850646972656, 447.2498474121094, 223.7103729248047], [470.89013671875, 217.57850646972656, 484.7123107910156, 223.7103729248047], [509.1012878417969, 217.57850646972656, 522.9234008789062, 223.7103729248047], [547.3135986328125, 217.57850646972656, 561.1363525390625, 223.7103729248047]]",SOURCE_TWO_READERS_MATCH,18,"EPS (basic, pre-except) (NT$)",GS-6415 20260517.pdf,SOURCE_RESTORED_REVIEW,ASSIGNED_FROM_PRINTED_UNIT_OR_SOURCE_TABLE_CONTEXT,,,NUMBER_OR_SOURCE_BLANK,SOURCE_TWO_READERS_MATCH,PASS,NT$,32.44,32.44,1,32.44,32.44,2,,NOT_MONETARY_OR_SOURCE_MISSING_NO_ROUNDING,32.44
ce1ebbbcf776b901428970539963c7d7f9b12ff41f78fe93c58646d115aa6992,N01-P2-T1,2,"EPS(diluted,pre-except)(NT$)",,2025,12/25,ANNUAL,UNSPECIFIED,value,value,6.40,6.40,"EPS(diluted,pre-except)(NT$)",6.4,NT$,Goldman Sachs,"[[312.7983703613281, 226.5695343017578, 324.2888488769531, 232.70140075683594], [325.5356140136719, 226.5695343017578, 348.93017578125, 232.70140075683594], [350.26324462890625, 226.5695343017578, 381.47760009765625, 232.70140075683594], [383.22784423828125, 226.5695343017578, 398.7097473144531, 232.70140075683594], [436.4245910644531, 226.5695343017578, 447.2497863769531, 232.70140075683594], [470.89007568359375, 226.5695343017578, 484.7122497558594, 232.70140075683594], [509.1012268066406, 226.5695343017578, 522.92333984375, 232.70140075683594], [547.3135375976562, 226.5695343017578, 561.1362915039062, 232.70140075683594]]",SOURCE_TWO_READERS_MATCH,19,"EPS (diluted, pre-except) (NT$)",GS-6415 20260517.pdf,SOURCE_RESTORED_REVIEW,ASSIGNED_FROM_PRINTED_UNIT_OR_SOURCE_TABLE_CONTEXT,,,NUMBER_OR_SOURCE_BLANK,SOURCE_TWO_READERS_MATCH,PASS,NT$,6.4,6.40,1,6.40,6.4,2,,NOT_MONETARY_OR_SOURCE_MISSING_NO_ROUNDING,6.40
ce1ebbbcf776b901428970539963c7d7f9b12ff41f78fe93c58646d115aa6992,N01-P2-T1,2,"EPS(diluted,pre-except)(NT$)",,2026,12/26E,ANNUAL,FORECAST,value,value,11.48,11.48,"EPS(diluted,pre-except)(NT$)",11.48,NT$,Goldman Sachs,"[[312.7983703613281, 226.5695343017578, 324.2888488769531, 232.70140075683594], [325.5356140136719, 226.5695343017578, 348.93017578125, 232.70140075683594], [350.26324462890625, 226.5695343017578, 381.47760009765625, 232.70140075683594], [383.22784423828125, 226.5695343017578, 398.7097473144531, 232.70140075683594], [436.4245910644531, 226.5695343017578, 447.2497863769531, 232.70140075683594], [470.89007568359375, 226.5695343017578, 484.7122497558594, 232.70140075683594], [509.1012268066406, 226.5695343017578, 522.92333984375, 232.70140075683594], [547.3135375976562, 226.5695343017578, 561.1362915039062, 232.70140075683594]]",SOURCE_TWO_READERS_MATCH,19,"EPS (diluted, pre-except) (NT$)",GS-6415 20260517.pdf,SOURCE_RESTORED_REVIEW,ASSIGNED_FROM_PRINTED_UNIT_OR_SOURCE_TABLE_CONTEXT,,,NUMBER_OR_SOURCE_BLANK,SOURCE_TWO_READERS_MATCH,PASS,NT$,11.48,11.48,1,11.48,11.48,2,,NOT_MONETARY_OR_SOURCE_MISSING_NO_ROUNDING,11.48
ce1ebbbcf776b901428970539963c7d7f9b12ff41f78fe93c58646d115aa6992,N01-P2-T1,2,"EPS(diluted,pre-except)(NT$)",,2027,12/27E,ANNUAL,FORECAST,value,value,21.66,21.66,"EPS(diluted,pre-except)(NT$)",21.66,NT$,Goldman Sachs,"[[312.7983703613281, 226.5695343017578, 324.2888488769531, 232.70140075683594], [325.5356140136719, 226.5695343017578, 348.93017578125, 232.70140075683594], [350.26324462890625, 226.5695343017578, 381.47760009765625, 232.70140075683594], [383.22784423828125, 226.5695343017578, 398.7097473144531, 232.70140075683594], [436.4245910644531, 226.5695343017578, 447.2497863769531, 232.70140075683594], [470.89007568359375, 226.5695343017578, 484.7122497558594, 232.70140075683594], [509.1012268066406, 226.5695343017578, 522.92333984375, 232.70140075683594], [547.3135375976562, 226.5695343017578, 561.1362915039062, 232.70140075683594]]",SOURCE_TWO_READERS_MATCH,19,"EPS (diluted, pre-except) (NT$)",GS-6415 20260517.pdf,SOURCE_RESTORED_REVIEW,ASSIGNED_FROM_PRINTED_UNIT_OR_SOURCE_TABLE_CONTEXT,,,NUMBER_OR_SOURCE_BLANK,SOURCE_TWO_READERS_MATCH,PASS,NT$,21.66,21.66,1,21.66,21.66,2,,NOT_MONETARY_OR_SOURCE_MISSING_NO_ROUNDING,21.66
ce1ebbbcf776b901428970539963c7d7f9b12ff41f78fe93c58646d115aa6992,N01-P2-T1,2,"EPS(diluted,pre-except)(NT$)",,2028,12/28E,ANNUAL,FORECAST,value,value,32.44,32.44,"EPS(diluted,pre-except)(NT$)",32.44,NT$,Goldman Sachs,"[[312.7983703613281, 226.5695343017578, 324.2888488769531, 232.70140075683594], [325.5356140136719, 226.5695343017578, 348.93017578125, 232.70140075683594], [350.26324462890625, 226.5695343017578, 381.47760009765625, 232.70140075683594], [383.22784423828125, 226.5695343017578, 398.7097473144531, 232.70140075683594], [436.4245910644531, 226.5695343017578, 447.2497863769531, 232.70140075683594], [470.89007568359375, 226.5695343017578, 484.7122497558594, 232.70140075683594], [509.1012268066406, 226.5695343017578, 522.92333984375, 232.70140075683594], [547.3135375976562, 226.5695343017578, 561.1362915039062, 232.70140075683594]]",SOURCE_TWO_READERS_MATCH,19,"EPS (diluted, pre-except) (NT$)",GS-6415 20260517.pdf,SOURCE_RESTORED_REVIEW,ASSIGNED_FROM_PRINTED_UNIT_OR_SOURCE_TABLE_CONTEXT,,,NUMBER_OR_SOURCE_BLANK,SOURCE_TWO_READERS_MATCH,PASS,NT$,32.44,32.44,1,32.44,32.44,2,,NOT_MONETARY_OR_SOURCE_MISSING_NO_ROUNDING,32.44
ce1ebbbcf776b901428970539963c7d7f9b12ff41f78fe93c58646d115aa6992,N01-P2-T1,2,"EPS(basic,post-except)(NT$)",,2025,12/25,ANNUAL,UNSPECIFIED,value,value,6.40,6.40,"EPS(basic,post-except)(NT$)",6.4,NT$,Goldman Sachs,"[[312.7983093261719, 235.56056213378906, 324.2887878417969, 241.6924285888672], [325.5355529785156, 235.56056213378906, 343.68658447265625, 241.6924285888672], [345.0196533203125, 235.56056213378906, 379.97906494140625, 241.6924285888672], [381.72930908203125, 235.56056213378906, 397.2112121582031, 241.6924285888672], [436.424560546875, 235.56056213378906, 447.2497253417969, 241.6924285888672], [470.89007568359375, 235.56056213378906, 484.7122497558594, 241.6924285888672], [509.1012268066406, 235.56056213378906, 522.92333984375, 241.6924285888672], [547.3135375976562, 235.56056213378906, 561.1362915039062, 241.6924285888672]]",SOURCE_TWO_READERS_MATCH,20,"EPS (basic, post-except) (NT$)",GS-6415 20260517.pdf,SOURCE_RESTORED_REVIEW,ASSIGNED_FROM_PRINTED_UNIT_OR_SOURCE_TABLE_CONTEXT,,,NUMBER_OR_SOURCE_BLANK,SOURCE_TWO_READERS_MATCH,PASS,NT$,6.4,6.40,1,6.40,6.4,2,,NOT_MONETARY_OR_SOURCE_MISSING_NO_ROUNDING,6.40
ce1ebbbcf776b901428970539963c7d7f9b12ff41f78fe93c58646d115aa6992,N01-P2-T1,2,"EPS(basic,post-except)(NT$)",,2026,12/26E,ANNUAL,FORECAST,value,value,11.48,11.48,"EPS(basic,post-except)(NT$)",11.48,NT$,Goldman Sachs,"[[312.7983093261719, 235.56056213378906, 324.2887878417969, 241.6924285888672], [325.5355529785156, 235.56056213378906, 343.68658447265625, 241.6924285888672], [345.0196533203125, 235.56056213378906, 379.97906494140625, 241.6924285888672], [381.72930908203125, 235.56056213378906, 397.2112121582031, 241.6924285888672], [436.424560546875, 235.56056213378906, 447.2497253417969, 241.6924285888672], [470.89007568359375, 235.56056213378906, 484.7122497558594, 241.6924285888672], [509.1012268066406, 235.56056213378906, 522.92333984375, 241.6924285888672], [547.3135375976562, 235.56056213378906, 561.1362915039062, 241.6924285888672]]",SOURCE_TWO_READERS_MATCH,20,"EPS (basic, post-except) (NT$)",GS-6415 20260517.pdf,SOURCE_RESTORED_REVIEW,ASSIGNED_FROM_PRINTED_UNIT_OR_SOURCE_TABLE_CONTEXT,,,NUMBER_OR_SOURCE_BLANK,SOURCE_TWO_READERS_MATCH,PASS,NT$,11.48,11.48,1,11.48,11.48,2,,NOT_MONETARY_OR_SOURCE_MISSING_NO_ROUNDING,11.48
ce1ebbbcf776b901428970539963c7d7f9b12ff41f78fe93c58646d115aa6992,N01-P2-T1,2,"EPS(basic,post-except)(NT$)",,2027,12/27E,ANNUAL,FORECAST,value,value,21.66,21.66,"EPS(basic,post-except)(NT$)",21.66,NT$,Goldman Sachs,"[[312.7983093261719, 235.56056213378906, 324.2887878417969, 241.6924285888672], [325.5355529785156, 235.56056213378906, 343.68658447265625, 241.6924285888672], [345.0196533203125, 235.56056213378906, 379.97906494140625, 241.6924285888672], [381.72930908203125, 235.56056213378906, 397.2112121582031, 241.6924285888672], [436.424560546875, 235.56056213378906, 447.2497253417969, 241.6924285888672], [470.89007568359375, 235.56056213378906, 484.7122497558594, 241.6924285888672], [509.1012268066406, 235.56056213378906, 522.92333984375, 241.6924285888672], [547.3135375976562, 235.56056213378906, 561.1362915039062, 241.6924285888672]]",SOURCE_TWO_READERS_MATCH,20,"EPS (basic, post-except) (NT$)",GS-6415 20260517.pdf,SOURCE_RESTORED_REVIEW,ASSIGNED_FROM_PRINTED_UNIT_OR_SOURCE_TABLE_CONTEXT,,,NUMBER_OR_SOURCE_BLANK,SOURCE_TWO_READERS_MATCH,PASS,NT$,21.66,21.66,1,21.66,21.66,2,,NOT_MONETARY_OR_SOURCE_MISSING_NO_ROUNDING,21.66
ce1ebbbcf776b901428970539963c7d7f9b12ff41f78fe93c58646d115aa6992,N01-P2-T1,2,"EPS(basic,post-except)(NT$)",,2028,12/28E,ANNUAL,FORECAST,value,value,32.44,32.44,"EPS(basic,post-except)(NT$)",32.44,NT$,Goldman Sachs,"[[312.7983093261719, 235.56056213378906, 324.2887878417969, 241.6924285888672], [325.5355529785156, 235.56056213378906, 343.68658447265625, 241.6924285888672], [345.0196533203125, 235.56056213378906, 379.97906494140625, 241.6924285888672], [381.72930908203125, 235.56056213378906, 397.2112121582031, 241.6924285888672], [436.424560546875, 235.56056213378906, 447.2497253417969, 241.6924285888672], [470.89007568359375, 235.56056213378906, 484.7122497558594, 241.6924285888672], [509.1012268066406, 235.56056213378906, 522.92333984375, 241.6924285888672], [547.3135375976562, 235.56056213378906, 561.1362915039062, 241.6924285888672]]",SOURCE_TWO_READERS_MATCH,20,"EPS (basic, post-except) (NT$)",GS-6415 20260517.pdf,SOURCE_RESTORED_REVIEW,ASSIGNED_FROM_PRINTED_UNIT_OR_SOURCE_TABLE_CONTEXT,,,NUMBER_OR_SOURCE_BLANK,SOURCE_TWO_READERS_MATCH,PASS,NT$,32.44,32.44,1,32.44,32.44,2,,NOT_MONETARY_OR_SOURCE_MISSING_NO_ROUNDING,32.44
ce1ebbbcf776b901428970539963c7d7f9b12ff41f78fe93c58646d115aa6992,N01-P2-T1,2,"EPS(diluted,post-except)(NT$)",,2025,12/25,ANNUAL,UNSPECIFIED,value,value,6.40,6.40,"EPS(diluted,post-except)(NT$)",6.4,NT$,Goldman Sachs,"[[547.3138427734375, 244.5512237548828, 561.1365966796875, 250.68309020996094], [509.1012268066406, 244.5512237548828, 522.9236450195312, 250.68345642089844], [312.7983093261719, 244.5515899658203, 324.2887878417969, 250.68345642089844], [325.5355529785156, 244.5515899658203, 348.93011474609375, 250.68345642089844], [350.26318359375, 244.5515899658203, 385.22381591796875, 250.68345642089844], [386.97406005859375, 244.5515899658203, 402.4559631347656, 250.68345642089844], [436.424560546875, 244.5515899658203, 447.2503356933594, 250.68345642089844], [470.89007568359375, 244.5515899658203, 484.7122497558594, 250.68345642089844]]",SOURCE_TWO_READERS_MATCH,21,"EPS (diluted, post-except) (NT$)",GS-6415 20260517.pdf,SOURCE_RESTORED_REVIEW,ASSIGNED_FROM_PRINTED_UNIT_OR_SOURCE_TABLE_CONTEXT,,,NUMBER_OR_SOURCE_BLANK,SOURCE_TWO_READERS_MATCH,PASS,NT$,6.4,6.40,1,6.40,6.4,2,,NOT_MONETARY_OR_SOURCE_MISSING_NO_ROUNDING,6.40
ce1ebbbcf776b901428970539963c7d7f9b12ff41f78fe93c58646d115aa6992,N01-P2-T1,2,"EPS(diluted,post-except)(NT$)",,2026,12/26E,ANNUAL,FORECAST,value,value,11.48,11.48,"EPS(diluted,post-except)(NT$)",11.48,NT$,Goldman Sachs,"[[547.3138427734375, 244.5512237548828, 561.1365966796875, 250.68309020996094], [509.1012268066406, 244.5512237548828, 522.9236450195312, 250.68345642089844], [312.7983093261719, 244.5515899658203, 324.2887878417969, 250.68345642089844], [325.5355529785156, 244.5515899658203, 348.93011474609375, 250.68345642089844], [350.26318359375, 244.5515899658203, 385.22381591796875, 250.68345642089844], [386.97406005859375, 244.5515899658203, 402.4559631347656, 250.68345642089844], [436.424560546875, 244.5515899658203, 447.2503356933594, 250.68345642089844], [470.89007568359375, 244.5515899658203, 484.7122497558594, 250.68345642089844]]",SOURCE_TWO_READERS_MATCH,21,"EPS (diluted, post-except) (NT$)",GS-6415 20260517.pdf,SOURCE_RESTORED_REVIEW,ASSIGNED_FROM_PRINTED_UNIT_OR_SOURCE_TABLE_CONTEXT,,,NUMBER_OR_SOURCE_BLANK,SOURCE_TWO_READERS_MATCH,PASS,NT$,11.48,11.48,1,11.48,11.48,2,,NOT_MONETARY_OR_SOURCE_MISSING_NO_ROUNDING,11.48
ce1ebbbcf776b901428970539963c7d7f9b12ff41f78fe93c58646d115aa6992,N01-P2-T1,2,"EPS(diluted,post-except)(NT$)",,2027,12/27E,ANNUAL,FORECAST,value,value,21.66,21.66,"EPS(diluted,post-except)(NT$)",21.66,NT$,Goldman Sachs,"[[547.3138427734375, 244.5512237548828, 561.1365966796875, 250.68309020996094], [509.1012268066406, 244.5512237548828, 522.9236450195312, 250.68345642089844], [312.7983093261719, 244.5515899658203, 324.2887878417969, 250.68345642089844], [325.5355529785156, 244.5515899658203, 348.93011474609375, 250.68345642089844], [350.26318359375, 244.5515899658203, 385.22381591796875, 250.68345642089844], [386.97406005859375, 244.5515899658203, 402.4559631347656, 250.68345642089844], [436.424560546875, 244.5515899658203, 447.2503356933594, 250.68345642089844], [470.89007568359375, 244.5515899658203, 484.7122497558594, 250.68345642089844]]",SOURCE_TWO_READERS_MATCH,21,"EPS (diluted, post-except) (NT$)",GS-6415 20260517.pdf,SOURCE_RESTORED_REVIEW,ASSIGNED_FROM_PRINTED_UNIT_OR_SOURCE_TABLE_CONTEXT,,,NUMBER_OR_SOURCE_BLANK,SOURCE_TWO_READERS_MATCH,PASS,NT$,21.66,21.66,1,21.66,21.66,2,,NOT_MONETARY_OR_SOURCE_MISSING_NO_ROUNDING,21.66
ce1ebbbcf776b901428970539963c7d7f9b12ff41f78fe93c58646d115aa6992,N01-P2-T1,2,"EPS(diluted,post-except)(NT$)",,2028,12/28E,ANNUAL,FORECAST,value,value,32.44,32.44,"EPS(diluted,post-except)(NT$)",32.44,NT$,Goldman Sachs,"[[547.3138427734375, 244.5512237548828, 561.1365966796875, 250.68309020996094], [509.1012268066406, 244.5512237548828, 522.9236450195312, 250.68345642089844], [312.7983093261719, 244.5515899658203, 324.2887878417969, 250.68345642089844], [325.5355529785156, 244.5515899658203, 348.93011474609375, 250.68345642089844], [350.26318359375, 244.5515899658203, 385.22381591796875, 250.68345642089844], [386.97406005859375, 244.5515899658203, 402.4559631347656, 250.68345642089844], [436.424560546875, 244.5515899658203, 447.2503356933594, 250.68345642089844], [470.89007568359375, 244.5515899658203, 484.7122497558594, 250.68345642089844]]",SOURCE_TWO_READERS_MATCH,21,"EPS (diluted, post-except) (NT$)",GS-6415 20260517.pdf,SOURCE_RESTORED_REVIEW,ASSIGNED_FROM_PRINTED_UNIT_OR_SOURCE_TABLE_CONTEXT,,,NUMBER_OR_SOURCE_BLANK,SOURCE_TWO_READERS_MATCH,PASS,NT$,32.44,32.44,1,32.44,32.44,2,,NOT_MONETARY_OR_SOURCE_MISSING_NO_ROUNDING,32.44
ce1ebbbcf776b901428970539963c7d7f9b12ff41f78fe93c58646d115aa6992,N01-P2-T1,2,DPS(NT$),,2025,12/25,ANNUAL,UNSPECIFIED,value,value,6.38,6.38,DPS(NT$),6.38,NT$,Goldman Sachs,"[[312.7986145019531, 253.54225158691406, 324.7032775878906, 259.6741027832031], [326.2880859375, 253.54225158691406, 339.94183349609375, 259.6741027832031], [436.43084716796875, 253.54225158691406, 447.2494201660156, 259.6741027832031], [470.88916015625, 253.54225158691406, 484.7119140625, 259.6741027832031], [509.10089111328125, 253.54225158691406, 522.9236450195312, 259.6741027832031], [547.3126220703125, 253.54225158691406, 561.1353759765625, 259.6741027832031]]",SOURCE_TWO_READERS_MATCH,22,DPS (NT$),GS-6415 20260517.pdf,SOURCE_RESTORED_REVIEW,ASSIGNED_FROM_PRINTED_UNIT_OR_SOURCE_TABLE_CONTEXT,,,NUMBER_OR_SOURCE_BLANK,SOURCE_TWO_READERS_MATCH,PASS,NT$,6.38,6.38,1,6.38,6.38,2,,NOT_MONETARY_OR_SOURCE_MISSING_NO_ROUNDING,6.38
ce1ebbbcf776b901428970539963c7d7f9b12ff41f78fe93c58646d115aa6992,N01-P2-T1,2,DPS(NT$),,2026,12/26E,ANNUAL,FORECAST,value,value,11.48,11.48,DPS(NT$),11.48,NT$,Goldman Sachs,"[[312.7986145019531, 253.54225158691406, 324.7032775878906, 259.6741027832031], [326.2880859375, 253.54225158691406, 339.94183349609375, 259.6741027832031], [436.43084716796875, 253.54225158691406, 447.2494201660156, 259.6741027832031], [470.88916015625, 253.54225158691406, 484.7119140625, 259.6741027832031], [509.10089111328125, 253.54225158691406, 522.9236450195312, 259.6741027832031], [547.3126220703125, 253.54225158691406, 561.1353759765625, 259.6741027832031]]",SOURCE_TWO_READERS_MATCH,22,DPS (NT$),GS-6415 20260517.pdf,SOURCE_RESTORED_REVIEW,ASSIGNED_FROM_PRINTED_UNIT_OR_SOURCE_TABLE_CONTEXT,,,NUMBER_OR_SOURCE_BLANK,SOURCE_TWO_READERS_MATCH,PASS,NT$,11.48,11.48,1,11.48,11.48,2,,NOT_MONETARY_OR_SOURCE_MISSING_NO_ROUNDING,11.48
ce1ebbbcf776b901428970539963c7d7f9b12ff41f78fe93c58646d115aa6992,N01-P2-T1,2,DPS(NT$),,2027,12/27E,ANNUAL,FORECAST,value,value,21.66,21.66,DPS(NT$),21.66,NT$,Goldman Sachs,"[[312.7986145019531, 253.54225158691406, 324.7032775878906, 259.6741027832031], [326.2880859375, 253.54225158691406, 339.94183349609375, 259.6741027832031], [436.43084716796875, 253.54225158691406, 447.2494201660156, 259.6741027832031], [470.88916015625, 253.54225158691406, 484.7119140625, 259.6741027832031], [509.10089111328125, 253.54225158691406, 522.9236450195312, 259.6741027832031], [547.3126220703125, 253.54225158691406, 561.1353759765625, 259.6741027832031]]",SOURCE_TWO_READERS_MATCH,22,DPS (NT$),GS-6415 20260517.pdf,SOURCE_RESTORED_REVIEW,ASSIGNED_FROM_PRINTED_UNIT_OR_SOURCE_TABLE_CONTEXT,,,NUMBER_OR_SOURCE_BLANK,SOURCE_TWO_READERS_MATCH,PASS,NT$,21.66,21.66,1,21.66,21.66,2,,NOT_MONETARY_OR_SOURCE_MISSING_NO_ROUNDING,21.66
ce1ebbbcf776b901428970539963c7d7f9b12ff41f78fe93c58646d115aa6992,N01-P2-T1,2,DPS(NT$),,2028,12/28E,ANNUAL,FORECAST,value,value,32.44,32.44,DPS(NT$),32.44,NT$,Goldman Sachs,"[[312.7986145019531, 253.54225158691406, 324.7032775878906, 259.6741027832031], [326.2880859375, 253.54225158691406, 339.94183349609375, 259.6741027832031], [436.43084716796875, 253.54225158691406, 447.2494201660156, 259.6741027832031], [470.88916015625, 253.54225158691406, 484.7119140625, 259.6741027832031], [509.10089111328125, 253.54225158691406, 522.9236450195312, 259.6741027832031], [547.3126220703125, 253.54225158691406, 561.1353759765625, 259.6741027832031]]",SOURCE_TWO_READERS_MATCH,22,DPS (NT$),GS-6415 20260517.pdf,SOURCE_RESTORED_REVIEW,ASSIGNED_FROM_PRINTED_UNIT_OR_SOURCE_TABLE_CONTEXT,,,NUMBER_OR_SOURCE_BLANK,SOURCE_TWO_READERS_MATCH,PASS,NT$,32.44,32.44,1,32.44,32.44,2,,NOT_MONETARY_OR_SOURCE_MISSING_NO_ROUNDING,32.44
ce1ebbbcf776b901428970539963c7d7f9b12ff41f78fe93c58646d115aa6992,N01-P2-T1,2,Div.payoutratio(%),,2025,12/25,ANNUAL,UNSPECIFIED,value,value,99.7,99.7,Div.payoutratio(%),99.7,%,Goldman Sachs,"[[312.798583984375, 262.5332946777344, 323.4559020996094, 268.6651306152344], [324.78778076171875, 262.5332946777344, 341.7669372558594, 268.6651306152344], [343.5184020996094, 262.5332946777344, 355.84149169921875, 268.6651306152344], [357.00494384765625, 262.5332946777344, 366.1649475097656, 268.6651306152344], [436.4248352050781, 262.5332946777344, 447.25, 268.6651306152344], [470.8897399902344, 262.5332946777344, 484.7124938964844, 268.6651306152344], [509.1014709472656, 262.5332946777344, 522.9241943359375, 268.6651306152344], [547.313232421875, 262.5332946777344, 561.1359252929688, 268.6651306152344]]",SOURCE_TWO_READERS_MATCH,23,Div. payout ratio (%),GS-6415 20260517.pdf,SOURCE_RESTORED_REVIEW,ASSIGNED_FROM_PRINTED_UNIT_OR_SOURCE_TABLE_CONTEXT,,,NUMBER_OR_SOURCE_BLANK,SOURCE_TWO_READERS_MATCH,PASS,%,99.7,99.7,1,99.7,99.7,1,,NOT_MONETARY_OR_SOURCE_MISSING_NO_ROUNDING,99.7
ce1ebbbcf776b901428970539963c7d7f9b12ff41f78fe93c58646d115aa6992,N01-P2-T1,2,Div.payoutratio(%),,2026,12/26E,ANNUAL,FORECAST,value,value,100.0,100.0,Div.payoutratio(%),100.0,%,Goldman Sachs,"[[312.798583984375, 262.5332946777344, 323.4559020996094, 268.6651306152344], [324.78778076171875, 262.5332946777344, 341.7669372558594, 268.6651306152344], [343.5184020996094, 262.5332946777344, 355.84149169921875, 268.6651306152344], [357.00494384765625, 262.5332946777344, 366.1649475097656, 268.6651306152344], [436.4248352050781, 262.5332946777344, 447.25, 268.6651306152344], [470.8897399902344, 262.5332946777344, 484.7124938964844, 268.6651306152344], [509.1014709472656, 262.5332946777344, 522.9241943359375, 268.6651306152344], [547.313232421875, 262.5332946777344, 561.1359252929688, 268.6651306152344]]",SOURCE_TWO_READERS_MATCH,23,Div. payout ratio (%),GS-6415 20260517.pdf,SOURCE_RESTORED_REVIEW,ASSIGNED_FROM_PRINTED_UNIT_OR_SOURCE_TABLE_CONTEXT,,,NUMBER_OR_SOURCE_BLANK,SOURCE_TWO_READERS_MATCH,PASS,%,100.0,100.0,1,100.0,100.0,1,,NOT_MONETARY_OR_SOURCE_MISSING_NO_ROUNDING,100.0
ce1ebbbcf776b901428970539963c7d7f9b12ff41f78fe93c58646d115aa6992,N01-P2-T1,2,Div.payoutratio(%),,2027,12/27E,ANNUAL,FORECAST,value,value,100.0,100.0,Div.payoutratio(%),100.0,%,Goldman Sachs,"[[312.798583984375, 262.5332946777344, 323.4559020996094, 268.6651306152344], [324.78778076171875, 262.5332946777344, 341.7669372558594, 268.6651306152344], [343.5184020996094, 262.5332946777344, 355.84149169921875, 268.6651306152344], [357.00494384765625, 262.5332946777344, 366.1649475097656, 268.6651306152344], [436.4248352050781, 262.5332946777344, 447.25, 268.6651306152344], [470.8897399902344, 262.5332946777344, 484.7124938964844, 268.6651306152344], [509.1014709472656, 262.5332946777344, 522.9241943359375, 268.6651306152344], [547.313232421875, 262.5332946777344, 561.1359252929688, 268.6651306152344]]",SOURCE_TWO_READERS_MATCH,23,Div. payout ratio (%),GS-6415 20260517.pdf,SOURCE_RESTORED_REVIEW,ASSIGNED_FROM_PRINTED_UNIT_OR_SOURCE_TABLE_CONTEXT,,,NUMBER_OR_SOURCE_BLANK,SOURCE_TWO_READERS_MATCH,PASS,%,100.0,100.0,1,100.0,100.0,1,,NOT_MONETARY_OR_SOURCE_MISSING_NO_ROUNDING,100.0
ce1ebbbcf776b901428970539963c7d7f9b12ff41f78fe93c58646d115aa6992,N01-P2-T1,2,Div.payoutratio(%),,2028,12/28E,ANNUAL,FORECAST,value,value,100.0,100.0,Div.payoutratio(%),100.0,%,Goldman Sachs,"[[312.798583984375, 262.5332946777344, 323.4559020996094, 268.6651306152344], [324.78778076171875, 262.5332946777344, 341.7669372558594, 268.6651306152344], [343.5184020996094, 262.5332946777344, 355.84149169921875, 268.6651306152344], [357.00494384765625, 262.5332946777344, 366.1649475097656, 268.6651306152344], [436.4248352050781, 262.5332946777344, 447.25, 268.6651306152344], [470.8897399902344, 262.5332946777344, 484.7124938964844, 268.6651306152344], [509.1014709472656, 262.5332946777344, 522.9241943359375, 268.6651306152344], [547.313232421875, 262.5332946777344, 561.1359252929688, 268.6651306152344]]",SOURCE_TWO_READERS_MATCH,23,Div. payout ratio (%),GS-6415 20260517.pdf,SOURCE_RESTORED_REVIEW,ASSIGNED_FROM_PRINTED_UNIT_OR_SOURCE_TABLE_CONTEXT,,,NUMBER_OR_SOURCE_BLANK,SOURCE_TWO_READERS_MATCH,PASS,%,100.0,100.0,1,100.0,100.0,1,,NOT_MONETARY_OR_SOURCE_MISSING_NO_ROUNDING,100.0
ce1ebbbcf776b901428970539963c7d7f9b12ff41f78fe93c58646d115aa6992,N01-P2-T2,2,Cash&cashequivalents,,2025,12/25,ANNUAL,UNSPECIFIED,value,value,"9,756.4","9,756.4",Cash&cashequivalents,9756.4,NT$m,Goldman Sachs,"[[312.79864501953125, 296.2665100097656, 325.8715515136719, 302.3983459472656], [327.03497314453125, 296.2665100097656, 331.3626403808594, 302.3983459472656], [333.0295715332031, 296.2665100097656, 345.3520812988281, 302.3983459472656], [346.5155029296875, 296.2665100097656, 375.73388671875, 302.3983459472656], [428.9324035644531, 296.2665100097656, 447.25006103515625, 302.3983459472656], [463.39727783203125, 296.2665100097656, 484.7113342285156, 302.3983459472656], [501.6078186035156, 296.2665100097656, 522.921875, 302.3983459472656], [539.818359375, 296.2665100097656, 561.1323852539062, 302.3983459472656]]",SOURCE_TWO_READERS_MATCH,1,Cash & cash equivalents,GS-6415 20260517.pdf,SOURCE_RESTORED_REVIEW,ASSIGNED_FROM_PRINTED_UNIT_OR_SOURCE_TABLE_CONTEXT,,,NUMBER_OR_SOURCE_BLANK,SOURCE_TWO_READERS_MATCH,PASS,NT$m,9756.4,9756.4,1,9756.4,9756.4,1,1,AFTER_ALL_ANNUAL_CHECKS,9756.4
ce1ebbbcf776b901428970539963c7d7f9b12ff41f78fe93c58646d115aa6992,N01-P2-T2,2,Cash&cashequivalents,,2026,12/26E,ANNUAL,FORECAST,value,value,"10,293.1","10,293.1",Cash&cashequivalents,10293.1,NT$m,Goldman Sachs,"[[312.79864501953125, 296.2665100097656, 325.8715515136719, 302.3983459472656], [327.03497314453125, 296.2665100097656, 331.3626403808594, 302.3983459472656], [333.0295715332031, 296.2665100097656, 345.3520812988281, 302.3983459472656], [346.5155029296875, 296.2665100097656, 375.73388671875, 302.3983459472656], [428.9324035644531, 296.2665100097656, 447.25006103515625, 302.3983459472656], [463.39727783203125, 296.2665100097656, 484.7113342285156, 302.3983459472656], [501.6078186035156, 296.2665100097656, 522.921875, 302.3983459472656], [539.818359375, 296.2665100097656, 561.1323852539062, 302.3983459472656]]",SOURCE_TWO_READERS_MATCH,1,Cash & cash equivalents,GS-6415 20260517.pdf,SOURCE_RESTORED_REVIEW,ASSIGNED_FROM_PRINTED_UNIT_OR_SOURCE_TABLE_CONTEXT,,,NUMBER_OR_SOURCE_BLANK,SOURCE_TWO_READERS_MATCH,PASS,NT$m,10293.1,10293.1,1,10293.1,10293.1,1,1,AFTER_ALL_ANNUAL_CHECKS,10293.1
ce1ebbbcf776b901428970539963c7d7f9b12ff41f78fe93c58646d115aa6992,N01-P2-T2,2,Cash&cashequivalents,,2027,12/27E,ANNUAL,FORECAST,value,value,"13,063.5","13,063.5",Cash&cashequivalents,13063.5,NT$m,Goldman Sachs,"[[312.79864501953125, 296.2665100097656, 325.8715515136719, 302.3983459472656], [327.03497314453125, 296.2665100097656, 331.3626403808594, 302.3983459472656], [333.0295715332031, 296.2665100097656, 345.3520812988281, 302.3983459472656], [346.5155029296875, 296.2665100097656, 375.73388671875, 302.3983459472656], [428.9324035644531, 296.2665100097656, 447.25006103515625, 302.3983459472656], [463.39727783203125, 296.2665100097656, 484.7113342285156, 302.3983459472656], [501.6078186035156, 296.2665100097656, 522.921875, 302.3983459472656], [539.818359375, 296.2665100097656, 561.1323852539062, 302.3983459472656]]",SOURCE_TWO_READERS_MATCH,1,Cash & cash equivalents,GS-6415 20260517.pdf,SOURCE_RESTORED_REVIEW,ASSIGNED_FROM_PRINTED_UNIT_OR_SOURCE_TABLE_CONTEXT,,,NUMBER_OR_SOURCE_BLANK,SOURCE_TWO_READERS_MATCH,PASS,NT$m,13063.5,13063.5,1,13063.5,13063.5,1,1,AFTER_ALL_ANNUAL_CHECKS,13063.5
ce1ebbbcf776b901428970539963c7d7f9b12ff41f78fe93c58646d115aa6992,N01-P2-T2,2,Cash&cashequivalents,,2028,12/28E,ANNUAL,FORECAST,value,value,"16,270.4","16,270.4",Cash&cashequivalents,16270.4,NT$m,Goldman Sachs,"[[312.79864501953125, 296.2665100097656, 325.8715515136719, 302.3983459472656], [327.03497314453125, 296.2665100097656, 331.3626403808594, 302.3983459472656], [333.0295715332031, 296.2665100097656, 345.3520812988281, 302.3983459472656], [346.5155029296875, 296.2665100097656, 375.73388671875, 302.3983459472656], [428.9324035644531, 296.2665100097656, 447.25006103515625, 302.3983459472656], [463.39727783203125, 296.2665100097656, 484.7113342285156, 302.3983459472656], [501.6078186035156, 296.2665100097656, 522.921875, 302.3983459472656], [539.818359375, 296.2665100097656, 561.1323852539062, 302.3983459472656]]",SOURCE_TWO_READERS_MATCH,1,Cash & cash equivalents,GS-6415 20260517.pdf,SOURCE_RESTORED_REVIEW,ASSIGNED_FROM_PRINTED_UNIT_OR_SOURCE_TABLE_CONTEXT,,,NUMBER_OR_SOURCE_BLANK,SOURCE_TWO_READERS_MATCH,PASS,NT$m,16270.4,16270.4,1,16270.4,16270.4,1,1,AFTER_ALL_ANNUAL_CHECKS,16270.4
ce1ebbbcf776b901428970539963c7d7f9b12ff41f78fe93c58646d115aa6992,N01-P2-T2,2,Accountsreceivable,,2025,12/25,ANNUAL,UNSPECIFIED,value,value,"2,612.4","2,612.4",Accountsreceivable,2612.4,NT$m,Goldman Sachs,"[[312.79864501953125, 305.25750732421875, 336.7734680175781, 311.38934326171875], [338.2731628417969, 305.25750732421875, 364.8313903808594, 311.38934326171875], [428.932373046875, 305.25750732421875, 447.2500305175781, 311.38934326171875], [466.3942565917969, 305.25750732421875, 484.7119140625, 311.38934326171875], [504.60540771484375, 305.25750732421875, 522.9230346679688, 311.38934326171875], [542.8165283203125, 305.25750732421875, 561.1341552734375, 311.38934326171875]]",SOURCE_TWO_READERS_MATCH,2,Accounts receivable,GS-6415 20260517.pdf,SOURCE_RESTORED_REVIEW,ASSIGNED_FROM_PRINTED_UNIT_OR_SOURCE_TABLE_CONTEXT,,,NUMBER_OR_SOURCE_BLANK,SOURCE_TWO_READERS_MATCH,PASS,NT$m,2612.4,2612.4,1,2612.4,2612.4,1,1,AFTER_ALL_ANNUAL_CHECKS,2612.4
ce1ebbbcf776b901428970539963c7d7f9b12ff41f78fe93c58646d115aa6992,N01-P2-T2,2,Accountsreceivable,,2026,12/26E,ANNUAL,FORECAST,value,value,"3,727.8","3,727.8",Accountsreceivable,3727.8,NT$m,Goldman Sachs,"[[312.79864501953125, 305.25750732421875, 336.7734680175781, 311.38934326171875], [338.2731628417969, 305.25750732421875, 364.8313903808594, 311.38934326171875], [428.932373046875, 305.25750732421875, 447.2500305175781, 311.38934326171875], [466.3942565917969, 305.25750732421875, 484.7119140625, 311.38934326171875], [504.60540771484375, 305.25750732421875, 522.9230346679688, 311.38934326171875], [542.8165283203125, 305.25750732421875, 561.1341552734375, 311.38934326171875]]",SOURCE_TWO_READERS_MATCH,2,Accounts receivable,GS-6415 20260517.pdf,SOURCE_RESTORED_REVIEW,ASSIGNED_FROM_PRINTED_UNIT_OR_SOURCE_TABLE_CONTEXT,,,NUMBER_OR_SOURCE_BLANK,SOURCE_TWO_READERS_MATCH,PASS,NT$m,3727.8,3727.8,1,3727.8,3727.8,1,1,AFTER_ALL_ANNUAL_CHECKS,3727.8
ce1ebbbcf776b901428970539963c7d7f9b12ff41f78fe93c58646d115aa6992,N01-P2-T2,2,Accountsreceivable,,2027,12/27E,ANNUAL,FORECAST,value,value,"4,834.9","4,834.9",Accountsreceivable,4834.9,NT$m,Goldman Sachs,"[[312.79864501953125, 305.25750732421875, 336.7734680175781, 311.38934326171875], [338.2731628417969, 305.25750732421875, 364.8313903808594, 311.38934326171875], [428.932373046875, 305.25750732421875, 447.2500305175781, 311.38934326171875], [466.3942565917969, 305.25750732421875, 484.7119140625, 311.38934326171875], [504.60540771484375, 305.25750732421875, 522.9230346679688, 311.38934326171875], [542.8165283203125, 305.25750732421875, 561.1341552734375, 311.38934326171875]]",SOURCE_TWO_READERS_MATCH,2,Accounts receivable,GS-6415 20260517.pdf,SOURCE_RESTORED_REVIEW,ASSIGNED_FROM_PRINTED_UNIT_OR_SOURCE_TABLE_CONTEXT,,,NUMBER_OR_SOURCE_BLANK,SOURCE_TWO_READERS_MATCH,PASS,NT$m,4834.9,4834.9,1,4834.9,4834.9,1,1,AFTER_ALL_ANNUAL_CHECKS,4834.9
ce1ebbbcf776b901428970539963c7d7f9b12ff41f78fe93c58646d115aa6992,N01-P2-T2,2,Accountsreceivable,,2028,12/28E,ANNUAL,FORECAST,value,value,"5,838.8","5,838.8",Accountsreceivable,5838.8,NT$m,Goldman Sachs,"[[312.79864501953125, 305.25750732421875, 336.7734680175781, 311.38934326171875], [338.2731628417969, 305.25750732421875, 364.8313903808594, 311.38934326171875], [428.932373046875, 305.25750732421875, 447.2500305175781, 311.38934326171875], [466.3942565917969, 305.25750732421875, 484.7119140625, 311.38934326171875], [504.60540771484375, 305.25750732421875, 522.9230346679688, 311.38934326171875], [542.8165283203125, 305.25750732421875, 561.1341552734375, 311.38934326171875]]",SOURCE_TWO_READERS_MATCH,2,Accounts receivable,GS-6415 20260517.pdf,SOURCE_RESTORED_REVIEW,ASSIGNED_FROM_PRINTED_UNIT_OR_SOURCE_TABLE_CONTEXT,,,NUMBER_OR_SOURCE_BLANK,SOURCE_TWO_READERS_MATCH,PASS,NT$m,5838.8,5838.8,1,5838.8,5838.8,1,1,AFTER_ALL_ANNUAL_CHECKS,5838.8
ce1ebbbcf776b901428970539963c7d7f9b12ff41f78fe93c58646d115aa6992,N01-P2-T2,2,Inventory,,2025,12/25,ANNUAL,UNSPECIFIED,value,value,"4,434.5","4,434.5",Inventory,4434.5,NT$m,Goldman Sachs,"[[312.7986145019531, 314.2485046386719, 336.7734069824219, 320.3803405761719], [428.932373046875, 314.2485046386719, 447.2500305175781, 320.3803405761719], [466.3942565917969, 314.2485046386719, 484.7119140625, 320.3803405761719], [504.60540771484375, 314.2485046386719, 522.9230346679688, 320.3803405761719], [542.8165283203125, 314.2485046386719, 561.1341552734375, 320.3803405761719]]",SOURCE_TWO_READERS_MATCH,3,Inventory,GS-6415 20260517.pdf,SOURCE_RESTORED_REVIEW,ASSIGNED_FROM_PRINTED_UNIT_OR_SOURCE_TABLE_CONTEXT,,,NUMBER_OR_SOURCE_BLANK,SOURCE_TWO_READERS_MATCH,PASS,NT$m,4434.5,4434.5,1,4434.5,4434.5,1,1,AFTER_ALL_ANNUAL_CHECKS,4434.5
ce1ebbbcf776b901428970539963c7d7f9b12ff41f78fe93c58646d115aa6992,N01-P2-T2,2,Inventory,,2026,12/26E,ANNUAL,FORECAST,value,value,"6,044.4","6,044.4",Inventory,6044.4,NT$m,Goldman Sachs,"[[312.7986145019531, 314.2485046386719, 336.7734069824219, 320.3803405761719], [428.932373046875, 314.2485046386719, 447.2500305175781, 320.3803405761719], [466.3942565917969, 314.2485046386719, 484.7119140625, 320.3803405761719], [504.60540771484375, 314.2485046386719, 522.9230346679688, 320.3803405761719], [542.8165283203125, 314.2485046386719, 561.1341552734375, 320.3803405761719]]",SOURCE_TWO_READERS_MATCH,3,Inventory,GS-6415 20260517.pdf,SOURCE_RESTORED_REVIEW,ASSIGNED_FROM_PRINTED_UNIT_OR_SOURCE_TABLE_CONTEXT,,,NUMBER_OR_SOURCE_BLANK,SOURCE_TWO_READERS_MATCH,PASS,NT$m,6044.4,6044.4,1,6044.4,6044.4,1,1,AFTER_ALL_ANNUAL_CHECKS,6044.4
ce1ebbbcf776b901428970539963c7d7f9b12ff41f78fe93c58646d115aa6992,N01-P2-T2,2,Inventory,,2027,12/27E,ANNUAL,FORECAST,value,value,"7,487.6","7,487.6",Inventory,7487.6,NT$m,Goldman Sachs,"[[312.7986145019531, 314.2485046386719, 336.7734069824219, 320.3803405761719], [428.932373046875, 314.2485046386719, 447.2500305175781, 320.3803405761719], [466.3942565917969, 314.2485046386719, 484.7119140625, 320.3803405761719], [504.60540771484375, 314.2485046386719, 522.9230346679688, 320.3803405761719], [542.8165283203125, 314.2485046386719, 561.1341552734375, 320.3803405761719]]",SOURCE_TWO_READERS_MATCH,3,Inventory,GS-6415 20260517.pdf,SOURCE_RESTORED_REVIEW,ASSIGNED_FROM_PRINTED_UNIT_OR_SOURCE_TABLE_CONTEXT,,,NUMBER_OR_SOURCE_BLANK,SOURCE_TWO_READERS_MATCH,PASS,NT$m,7487.6,7487.6,1,7487.6,7487.6,1,1,AFTER_ALL_ANNUAL_CHECKS,7487.6
ce1ebbbcf776b901428970539963c7d7f9b12ff41f78fe93c58646d115aa6992,N01-P2-T2,2,Inventory,,2028,12/28E,ANNUAL,FORECAST,value,value,"8,743.7","8,743.7",Inventory,8743.7,NT$m,Goldman Sachs,"[[312.7986145019531, 314.2485046386719, 336.7734069824219, 320.3803405761719], [428.932373046875, 314.2485046386719, 447.2500305175781, 320.3803405761719], [466.3942565917969, 314.2485046386719, 484.7119140625, 320.3803405761719], [504.60540771484375, 314.2485046386719, 522.9230346679688, 320.3803405761719], [542.8165283203125, 314.2485046386719, 561.1341552734375, 320.3803405761719]]",SOURCE_TWO_READERS_MATCH,3,Inventory,GS-6415 20260517.pdf,SOURCE_RESTORED_REVIEW,ASSIGNED_FROM_PRINTED_UNIT_OR_SOURCE_TABLE_CONTEXT,,,NUMBER_OR_SOURCE_BLANK,SOURCE_TWO_READERS_MATCH,PASS,NT$m,8743.7,8743.7,1,8743.7,8743.7,1,1,AFTER_ALL_ANNUAL_CHECKS,8743.7
ce1ebbbcf776b901428970539963c7d7f9b12ff41f78fe93c58646d115aa6992,N01-P2-T2,2,Othercurrentassets,,2025,12/25,ANNUAL,UNSPECIFIED,value,value,"8,392.9","8,392.9",Othercurrentassets,8392.9,NT$m,Goldman Sachs,"[[312.7986145019531, 323.239501953125, 327.5318298339844, 329.371337890625], [329.28326416015625, 323.239501953125, 347.7609558105469, 329.371337890625], [349.5118713378906, 323.239501953125, 366.7440490722656, 329.371337890625], [428.932373046875, 323.239501953125, 447.2500305175781, 329.371337890625], [466.3942565917969, 323.239501953125, 484.7119140625, 329.371337890625], [504.60540771484375, 323.239501953125, 522.9230346679688, 329.371337890625], [542.8165283203125, 323.239501953125, 561.1341552734375, 329.371337890625]]",SOURCE_TWO_READERS_MATCH,4,Other current assets,GS-6415 20260517.pdf,SOURCE_RESTORED_REVIEW,ASSIGNED_FROM_PRINTED_UNIT_OR_SOURCE_TABLE_CONTEXT,,,NUMBER_OR_SOURCE_BLANK,SOURCE_TWO_READERS_MATCH,PASS,NT$m,8392.9,8392.9,1,8392.9,8392.9,1,1,AFTER_ALL_ANNUAL_CHECKS,8392.9
ce1ebbbcf776b901428970539963c7d7f9b12ff41f78fe93c58646d115aa6992,N01-P2-T2,2,Othercurrentassets,,2026,12/26E,ANNUAL,FORECAST,value,value,"8,392.9","8,392.9",Othercurrentassets,8392.9,NT$m,Goldman Sachs,"[[312.7986145019531, 323.239501953125, 327.5318298339844, 329.371337890625], [329.28326416015625, 323.239501953125, 347.7609558105469, 329.371337890625], [349.5118713378906, 323.239501953125, 366.7440490722656, 329.371337890625], [428.932373046875, 323.239501953125, 447.2500305175781, 329.371337890625], [466.3942565917969, 323.239501953125, 484.7119140625, 329.371337890625], [504.60540771484375, 323.239501953125, 522.9230346679688, 329.371337890625], [542.8165283203125, 323.239501953125, 561.1341552734375, 329.371337890625]]",SOURCE_TWO_READERS_MATCH,4,Other current assets,GS-6415 20260517.pdf,SOURCE_RESTORED_REVIEW,ASSIGNED_FROM_PRINTED_UNIT_OR_SOURCE_TABLE_CONTEXT,,,NUMBER_OR_SOURCE_BLANK,SOURCE_TWO_READERS_MATCH,PASS,NT$m,8392.9,8392.9,1,8392.9,8392.9,1,1,AFTER_ALL_ANNUAL_CHECKS,8392.9
ce1ebbbcf776b901428970539963c7d7f9b12ff41f78fe93c58646d115aa6992,N01-P2-T2,2,Othercurrentassets,,2027,12/27E,ANNUAL,FORECAST,value,value,"8,392.9","8,392.9",Othercurrentassets,8392.9,NT$m,Goldman Sachs,"[[312.7986145019531, 323.239501953125, 327.5318298339844, 329.371337890625], [329.28326416015625, 323.239501953125, 347.7609558105469, 329.371337890625], [349.5118713378906, 323.239501953125, 366.7440490722656, 329.371337890625], [428.932373046875, 323.239501953125, 447.2500305175781, 329.371337890625], [466.3942565917969, 323.239501953125, 484.7119140625, 329.371337890625], [504.60540771484375, 323.239501953125, 522.9230346679688, 329.371337890625], [542.8165283203125, 323.239501953125, 561.1341552734375, 329.371337890625]]",SOURCE_TWO_READERS_MATCH,4,Other current assets,GS-6415 20260517.pdf,SOURCE_RESTORED_REVIEW,ASSIGNED_FROM_PRINTED_UNIT_OR_SOURCE_TABLE_CONTEXT,,,NUMBER_OR_SOURCE_BLANK,SOURCE_TWO_READERS_MATCH,PASS,NT$m,8392.9,8392.9,1,8392.9,8392.9,1,1,AFTER_ALL_ANNUAL_CHECKS,8392.9
ce1ebbbcf776b901428970539963c7d7f9b12ff41f78fe93c58646d115aa6992,N01-P2-T2,2,Othercurrentassets,,2028,12/28E,ANNUAL,FORECAST,value,value,"8,392.9","8,392.9",Othercurrentassets,8392.9,NT$m,Goldman Sachs,"[[312.7986145019531, 323.239501953125, 327.5318298339844, 329.371337890625], [329.28326416015625, 323.239501953125, 347.7609558105469, 329.371337890625], [349.5118713378906, 323.239501953125, 366.7440490722656, 329.371337890625], [428.932373046875, 323.239501953125, 447.2500305175781, 329.371337890625], [466.3942565917969, 323.239501953125, 484.7119140625, 329.371337890625], [504.60540771484375, 323.239501953125, 522.9230346679688, 329.371337890625], [542.8165283203125, 323.239501953125, 561.1341552734375, 329.371337890625]]",SOURCE_TWO_READERS_MATCH,4,Other current assets,GS-6415 20260517.pdf,SOURCE_RESTORED_REVIEW,ASSIGNED_FROM_PRINTED_UNIT_OR_SOURCE_TABLE_CONTEXT,,,NUMBER_OR_SOURCE_BLANK,SOURCE_TWO_READERS_MATCH,PASS,NT$m,8392.9,8392.9,1,8392.9,8392.9,1,1,AFTER_ALL_ANNUAL_CHECKS,8392.9
ce1ebbbcf776b901428970539963c7d7f9b12ff41f78fe93c58646d115aa6992,N01-P2-T2,2,Totalcurrentassets,,2025,12/25,ANNUAL,UNSPECIFIED,value,value,"25,196.2","25,196.2",Totalcurrentassets,25196.2,NT$m,Goldman Sachs,"[[312.7986145019531, 332.2304992675781, 327.203369140625, 338.3623352050781], [328.5328674316406, 332.2304992675781, 348.84710693359375, 338.3623352050781], [350.2611083984375, 332.2304992675781, 367.4920959472656, 338.3623352050781], [425.93536376953125, 332.2304992675781, 447.2506408691406, 338.3623352050781], [463.3978576660156, 332.2304992675781, 484.7125549316406, 338.3623352050781], [501.6096496582031, 332.2304992675781, 522.9237060546875, 338.3623352050781], [539.8214111328125, 332.2304992675781, 561.1366577148438, 338.3623352050781]]",SOURCE_TWO_READERS_MATCH,5,Total current assets,GS-6415 20260517.pdf,SOURCE_RESTORED_REVIEW,ASSIGNED_FROM_PRINTED_UNIT_OR_SOURCE_TABLE_CONTEXT,,,NUMBER_OR_SOURCE_BLANK,SOURCE_TWO_READERS_MATCH,PASS,NT$m,25196.2,25196.2,1,25196.2,25196.2,1,1,AFTER_ALL_ANNUAL_CHECKS,25196.2
ce1ebbbcf776b901428970539963c7d7f9b12ff41f78fe93c58646d115aa6992,N01-P2-T2,2,Totalcurrentassets,,2026,12/26E,ANNUAL,FORECAST,value,value,"28,458.2","28,458.2",Totalcurrentassets,28458.2,NT$m,Goldman Sachs,"[[312.7986145019531, 332.2304992675781, 327.203369140625, 338.3623352050781], [328.5328674316406, 332.2304992675781, 348.84710693359375, 338.3623352050781], [350.2611083984375, 332.2304992675781, 367.4920959472656, 338.3623352050781], [425.93536376953125, 332.2304992675781, 447.2506408691406, 338.3623352050781], [463.3978576660156, 332.2304992675781, 484.7125549316406, 338.3623352050781], [501.6096496582031, 332.2304992675781, 522.9237060546875, 338.3623352050781], [539.8214111328125, 332.2304992675781, 561.1366577148438, 338.3623352050781]]",SOURCE_TWO_READERS_MATCH,5,Total current assets,GS-6415 20260517.pdf,SOURCE_RESTORED_REVIEW,ASSIGNED_FROM_PRINTED_UNIT_OR_SOURCE_TABLE_CONTEXT,,,NUMBER_OR_SOURCE_BLANK,SOURCE_TWO_READERS_MATCH,PASS,NT$m,28458.2,28458.2,1,28458.2,28458.2,1,1,AFTER_ALL_ANNUAL_CHECKS,28458.2
ce1ebbbcf776b901428970539963c7d7f9b12ff41f78fe93c58646d115aa6992,N01-P2-T2,2,Totalcurrentassets,,2027,12/27E,ANNUAL,FORECAST,value,value,"33,778.8","33,778.8",Totalcurrentassets,33778.8,NT$m,Goldman Sachs,"[[312.7986145019531, 332.2304992675781, 327.203369140625, 338.3623352050781], [328.5328674316406, 332.2304992675781, 348.84710693359375, 338.3623352050781], [350.2611083984375, 332.2304992675781, 367.4920959472656, 338.3623352050781], [425.93536376953125, 332.2304992675781, 447.2506408691406, 338.3623352050781], [463.3978576660156, 332.2304992675781, 484.7125549316406, 338.3623352050781], [501.6096496582031, 332.2304992675781, 522.9237060546875, 338.3623352050781], [539.8214111328125, 332.2304992675781, 561.1366577148438, 338.3623352050781]]",SOURCE_TWO_READERS_MATCH,5,Total current assets,GS-6415 20260517.pdf,SOURCE_RESTORED_REVIEW,ASSIGNED_FROM_PRINTED_UNIT_OR_SOURCE_TABLE_CONTEXT,,,NUMBER_OR_SOURCE_BLANK,SOURCE_TWO_READERS_MATCH,PASS,NT$m,33778.8,33778.8,1,33778.8,33778.8,1,1,AFTER_ALL_ANNUAL_CHECKS,33778.8
ce1ebbbcf776b901428970539963c7d7f9b12ff41f78fe93c58646d115aa6992,N01-P2-T2,2,Totalcurrentassets,,2028,12/28E,ANNUAL,FORECAST,value,value,"39,245.7","39,245.7",Totalcurrentassets,39245.7,NT$m,Goldman Sachs,"[[312.7986145019531, 332.2304992675781, 327.203369140625, 338.3623352050781], [328.5328674316406, 332.2304992675781, 348.84710693359375, 338.3623352050781], [350.2611083984375, 332.2304992675781, 367.4920959472656, 338.3623352050781], [425.93536376953125, 332.2304992675781, 447.2506408691406, 338.3623352050781], [463.3978576660156, 332.2304992675781, 484.7125549316406, 338.3623352050781], [501.6096496582031, 332.2304992675781, 522.9237060546875, 338.3623352050781], [539.8214111328125, 332.2304992675781, 561.1366577148438, 338.3623352050781]]",SOURCE_TWO_READERS_MATCH,5,Total current assets,GS-6415 20260517.pdf,SOURCE_RESTORED_REVIEW,ASSIGNED_FROM_PRINTED_UNIT_OR_SOURCE_TABLE_CONTEXT,,,NUMBER_OR_SOURCE_BLANK,SOURCE_TWO_READERS_MATCH,PASS,NT$m,39245.7,39245.7,1,39245.7,39245.7,1,1,AFTER_ALL_ANNUAL_CHECKS,39245.7
ce1ebbbcf776b901428970539963c7d7f9b12ff41f78fe93c58646d115aa6992,N01-P2-T2,2,NetPP&E,,2025,12/25,ANNUAL,UNSPECIFIED,value,value,"5,260.6","5,260.6",NetPP&E,5260.6,NT$m,Goldman Sachs,"[[312.7986755371094, 341.22149658203125, 322.2859802246094, 347.35333251953125], [324.03741455078125, 341.22149658203125, 339.6895751953125, 347.35333251953125], [428.93243408203125, 341.22149658203125, 447.2500915527344, 347.35333251953125], [466.3943176269531, 341.22149658203125, 484.71197509765625, 347.35333251953125], [504.60546875, 341.22149658203125, 522.923095703125, 347.35333251953125], [542.8165893554688, 341.22149658203125, 561.1342163085938, 347.35333251953125]]",SOURCE_TWO_READERS_MATCH,6,Net PP&E,GS-6415 20260517.pdf,SOURCE_RESTORED_REVIEW,ASSIGNED_FROM_PRINTED_UNIT_OR_SOURCE_TABLE_CONTEXT,,,NUMBER_OR_SOURCE_BLANK,SOURCE_TWO_READERS_MATCH,PASS,NT$m,5260.6,5260.6,1,5260.6,5260.6,1,1,AFTER_ALL_ANNUAL_CHECKS,5260.6
ce1ebbbcf776b901428970539963c7d7f9b12ff41f78fe93c58646d115aa6992,N01-P2-T2,2,NetPP&E,,2026,12/26E,ANNUAL,FORECAST,value,value,"4,812.6","4,812.6",NetPP&E,4812.6,NT$m,Goldman Sachs,"[[312.7986755371094, 341.22149658203125, 322.2859802246094, 347.35333251953125], [324.03741455078125, 341.22149658203125, 339.6895751953125, 347.35333251953125], [428.93243408203125, 341.22149658203125, 447.2500915527344, 347.35333251953125], [466.3943176269531, 341.22149658203125, 484.71197509765625, 347.35333251953125], [504.60546875, 341.22149658203125, 522.923095703125, 347.35333251953125], [542.8165893554688, 341.22149658203125, 561.1342163085938, 347.35333251953125]]",SOURCE_TWO_READERS_MATCH,6,Net PP&E,GS-6415 20260517.pdf,SOURCE_RESTORED_REVIEW,ASSIGNED_FROM_PRINTED_UNIT_OR_SOURCE_TABLE_CONTEXT,,,NUMBER_OR_SOURCE_BLANK,SOURCE_TWO_READERS_MATCH,PASS,NT$m,4812.6,4812.6,1,4812.6,4812.6,1,1,AFTER_ALL_ANNUAL_CHECKS,4812.6
ce1ebbbcf776b901428970539963c7d7f9b12ff41f78fe93c58646d115aa6992,N01-P2-T2,2,NetPP&E,,2027,12/27E,ANNUAL,FORECAST,value,value,"4,409.0","4,409.0",NetPP&E,4409.0,NT$m,Goldman Sachs,"[[312.7986755371094, 341.22149658203125, 322.2859802246094, 347.35333251953125], [324.03741455078125, 341.22149658203125, 339.6895751953125, 347.35333251953125], [428.93243408203125, 341.22149658203125, 447.2500915527344, 347.35333251953125], [466.3943176269531, 341.22149658203125, 484.71197509765625, 347.35333251953125], [504.60546875, 341.22149658203125, 522.923095703125, 347.35333251953125], [542.8165893554688, 341.22149658203125, 561.1342163085938, 347.35333251953125]]",SOURCE_TWO_READERS_MATCH,6,Net PP&E,GS-6415 20260517.pdf,SOURCE_RESTORED_REVIEW,ASSIGNED_FROM_PRINTED_UNIT_OR_SOURCE_TABLE_CONTEXT,,,NUMBER_OR_SOURCE_BLANK,SOURCE_TWO_READERS_MATCH,PASS,NT$m,4409.0,4409.0,1,4409.0,4409.0,1,1,AFTER_ALL_ANNUAL_CHECKS,4409.0
ce1ebbbcf776b901428970539963c7d7f9b12ff41f78fe93c58646d115aa6992,N01-P2-T2,2,NetPP&E,,2028,12/28E,ANNUAL,FORECAST,value,value,"4,045.6","4,045.6",NetPP&E,4045.6,NT$m,Goldman Sachs,"[[312.7986755371094, 341.22149658203125, 322.2859802246094, 347.35333251953125], [324.03741455078125, 341.22149658203125, 339.6895751953125, 347.35333251953125], [428.93243408203125, 341.22149658203125, 447.2500915527344, 347.35333251953125], [466.3943176269531, 341.22149658203125, 484.71197509765625, 347.35333251953125], [504.60546875, 341.22149658203125, 522.923095703125, 347.35333251953125], [542.8165893554688, 341.22149658203125, 561.1342163085938, 347.35333251953125]]",SOURCE_TWO_READERS_MATCH,6,Net PP&E,GS-6415 20260517.pdf,SOURCE_RESTORED_REVIEW,ASSIGNED_FROM_PRINTED_UNIT_OR_SOURCE_TABLE_CONTEXT,,,NUMBER_OR_SOURCE_BLANK,SOURCE_TWO_READERS_MATCH,PASS,NT$m,4045.6,4045.6,1,4045.6,4045.6,1,1,AFTER_ALL_ANNUAL_CHECKS,4045.6
ce1ebbbcf776b901428970539963c7d7f9b12ff41f78fe93c58646d115aa6992,N01-P2-T2,2,Netintangibles,,2025,12/25,ANNUAL,UNSPECIFIED,value,value,"1,808.7","1,808.7",Netintangibles,1808.7,NT$m,Goldman Sachs,"[[312.7986755371094, 350.2124938964844, 322.2859802246094, 356.3443298339844], [324.03741455078125, 350.2124938964844, 351.7561340332031, 356.3443298339844], [428.9264221191406, 350.2124938964844, 447.24407958984375, 356.3443298339844], [466.3883056640625, 350.2124938964844, 484.7059631347656, 356.3443298339844], [504.59942626953125, 350.2124938964844, 522.9170532226562, 356.3443298339844], [542.810546875, 350.2124938964844, 561.128173828125, 356.3443298339844]]",SOURCE_TWO_READERS_MATCH,7,Net intangibles,GS-6415 20260517.pdf,SOURCE_RESTORED_REVIEW,ASSIGNED_FROM_PRINTED_UNIT_OR_SOURCE_TABLE_CONTEXT,,,NUMBER_OR_SOURCE_BLANK,SOURCE_TWO_READERS_MATCH,PASS,NT$m,1808.7,1808.7,1,1808.7,1808.7,1,1,AFTER_ALL_ANNUAL_CHECKS,1808.7
ce1ebbbcf776b901428970539963c7d7f9b12ff41f78fe93c58646d115aa6992,N01-P2-T2,2,Netintangibles,,2026,12/26E,ANNUAL,FORECAST,value,value,"1,615.5","1,615.5",Netintangibles,1615.5,NT$m,Goldman Sachs,"[[312.7986755371094, 350.2124938964844, 322.2859802246094, 356.3443298339844], [324.03741455078125, 350.2124938964844, 351.7561340332031, 356.3443298339844], [428.9264221191406, 350.2124938964844, 447.24407958984375, 356.3443298339844], [466.3883056640625, 350.2124938964844, 484.7059631347656, 356.3443298339844], [504.59942626953125, 350.2124938964844, 522.9170532226562, 356.3443298339844], [542.810546875, 350.2124938964844, 561.128173828125, 356.3443298339844]]",SOURCE_TWO_READERS_MATCH,7,Net intangibles,GS-6415 20260517.pdf,SOURCE_RESTORED_REVIEW,ASSIGNED_FROM_PRINTED_UNIT_OR_SOURCE_TABLE_CONTEXT,,,NUMBER_OR_SOURCE_BLANK,SOURCE_TWO_READERS_MATCH,PASS,NT$m,1615.5,1615.5,1,1615.5,1615.5,1,1,AFTER_ALL_ANNUAL_CHECKS,1615.5
ce1ebbbcf776b901428970539963c7d7f9b12ff41f78fe93c58646d115aa6992,N01-P2-T2,2,Netintangibles,,2027,12/27E,ANNUAL,FORECAST,value,value,"1,417.3","1,417.3",Netintangibles,1417.3,NT$m,Goldman Sachs,"[[312.7986755371094, 350.2124938964844, 322.2859802246094, 356.3443298339844], [324.03741455078125, 350.2124938964844, 351.7561340332031, 356.3443298339844], [428.9264221191406, 350.2124938964844, 447.24407958984375, 356.3443298339844], [466.3883056640625, 350.2124938964844, 484.7059631347656, 356.3443298339844], [504.59942626953125, 350.2124938964844, 522.9170532226562, 356.3443298339844], [542.810546875, 350.2124938964844, 561.128173828125, 356.3443298339844]]",SOURCE_TWO_READERS_MATCH,7,Net intangibles,GS-6415 20260517.pdf,SOURCE_RESTORED_REVIEW,ASSIGNED_FROM_PRINTED_UNIT_OR_SOURCE_TABLE_CONTEXT,,,NUMBER_OR_SOURCE_BLANK,SOURCE_TWO_READERS_MATCH,PASS,NT$m,1417.3,1417.3,1,1417.3,1417.3,1,1,AFTER_ALL_ANNUAL_CHECKS,1417.3
ce1ebbbcf776b901428970539963c7d7f9b12ff41f78fe93c58646d115aa6992,N01-P2-T2,2,Netintangibles,,2028,12/28E,ANNUAL,FORECAST,value,value,"1,214.1","1,214.1",Netintangibles,1214.1,NT$m,Goldman Sachs,"[[312.7986755371094, 350.2124938964844, 322.2859802246094, 356.3443298339844], [324.03741455078125, 350.2124938964844, 351.7561340332031, 356.3443298339844], [428.9264221191406, 350.2124938964844, 447.24407958984375, 356.3443298339844], [466.3883056640625, 350.2124938964844, 484.7059631347656, 356.3443298339844], [504.59942626953125, 350.2124938964844, 522.9170532226562, 356.3443298339844], [542.810546875, 350.2124938964844, 561.128173828125, 356.3443298339844]]",SOURCE_TWO_READERS_MATCH,7,Net intangibles,GS-6415 20260517.pdf,SOURCE_RESTORED_REVIEW,ASSIGNED_FROM_PRINTED_UNIT_OR_SOURCE_TABLE_CONTEXT,,,NUMBER_OR_SOURCE_BLANK,SOURCE_TWO_READERS_MATCH,PASS,NT$m,1214.1,1214.1,1,1214.1,1214.1,1,1,AFTER_ALL_ANNUAL_CHECKS,1214.1
ce1ebbbcf776b901428970539963c7d7f9b12ff41f78fe93c58646d115aa6992,N01-P2-T2,2,Totalinvestments,,2025,12/25,ANNUAL,UNSPECIFIED,value,value,"3,200.8","3,200.8",Totalinvestments,3200.8,NT$m,Goldman Sachs,"[[312.79864501953125, 359.2034912109375, 325.3680725097656, 365.3353271484375], [327.0350341796875, 359.2034912109375, 359.24920654296875, 365.3353271484375], [428.9264221191406, 359.2034912109375, 447.24407958984375, 365.3353271484375], [466.3883056640625, 359.2034912109375, 484.7059631347656, 365.3353271484375], [504.59942626953125, 359.2034912109375, 522.9170532226562, 365.3353271484375], [542.810546875, 359.2034912109375, 561.128173828125, 365.3353271484375]]",SOURCE_TWO_READERS_MATCH,8,Total investments,GS-6415 20260517.pdf,SOURCE_RESTORED_REVIEW,ASSIGNED_FROM_PRINTED_UNIT_OR_SOURCE_TABLE_CONTEXT,,,NUMBER_OR_SOURCE_BLANK,SOURCE_TWO_READERS_MATCH,PASS,NT$m,3200.8,3200.8,1,3200.8,3200.8,1,1,AFTER_ALL_ANNUAL_CHECKS,3200.8
ce1ebbbcf776b901428970539963c7d7f9b12ff41f78fe93c58646d115aa6992,N01-P2-T2,2,Totalinvestments,,2026,12/26E,ANNUAL,FORECAST,value,value,"3,200.8","3,200.8",Totalinvestments,3200.8,NT$m,Goldman Sachs,"[[312.79864501953125, 359.2034912109375, 325.3680725097656, 365.3353271484375], [327.0350341796875, 359.2034912109375, 359.24920654296875, 365.3353271484375], [428.9264221191406, 359.2034912109375, 447.24407958984375, 365.3353271484375], [466.3883056640625, 359.2034912109375, 484.7059631347656, 365.3353271484375], [504.59942626953125, 359.2034912109375, 522.9170532226562, 365.3353271484375], [542.810546875, 359.2034912109375, 561.128173828125, 365.3353271484375]]",SOURCE_TWO_READERS_MATCH,8,Total investments,GS-6415 20260517.pdf,SOURCE_RESTORED_REVIEW,ASSIGNED_FROM_PRINTED_UNIT_OR_SOURCE_TABLE_CONTEXT,,,NUMBER_OR_SOURCE_BLANK,SOURCE_TWO_READERS_MATCH,PASS,NT$m,3200.8,3200.8,1,3200.8,3200.8,1,1,AFTER_ALL_ANNUAL_CHECKS,3200.8
ce1ebbbcf776b901428970539963c7d7f9b12ff41f78fe93c58646d115aa6992,N01-P2-T2,2,Totalinvestments,,2027,12/27E,ANNUAL,FORECAST,value,value,"3,200.8","3,200.8",Totalinvestments,3200.8,NT$m,Goldman Sachs,"[[312.79864501953125, 359.2034912109375, 325.3680725097656, 365.3353271484375], [327.0350341796875, 359.2034912109375, 359.24920654296875, 365.3353271484375], [428.9264221191406, 359.2034912109375, 447.24407958984375, 365.3353271484375], [466.3883056640625, 359.2034912109375, 484.7059631347656, 365.3353271484375], [504.59942626953125, 359.2034912109375, 522.9170532226562, 365.3353271484375], [542.810546875, 359.2034912109375, 561.128173828125, 365.3353271484375]]",SOURCE_TWO_READERS_MATCH,8,Total investments,GS-6415 20260517.pdf,SOURCE_RESTORED_REVIEW,ASSIGNED_FROM_PRINTED_UNIT_OR_SOURCE_TABLE_CONTEXT,,,NUMBER_OR_SOURCE_BLANK,SOURCE_TWO_READERS_MATCH,PASS,NT$m,3200.8,3200.8,1,3200.8,3200.8,1,1,AFTER_ALL_ANNUAL_CHECKS,3200.8
ce1ebbbcf776b901428970539963c7d7f9b12ff41f78fe93c58646d115aa6992,N01-P2-T2,2,Totalinvestments,,2028,12/28E,ANNUAL,FORECAST,value,value,"3,200.8","3,200.8",Totalinvestments,3200.8,NT$m,Goldman Sachs,"[[312.79864501953125, 359.2034912109375, 325.3680725097656, 365.3353271484375], [327.0350341796875, 359.2034912109375, 359.24920654296875, 365.3353271484375], [428.9264221191406, 359.2034912109375, 447.24407958984375, 365.3353271484375], [466.3883056640625, 359.2034912109375, 484.7059631347656, 365.3353271484375], [504.59942626953125, 359.2034912109375, 522.9170532226562, 365.3353271484375], [542.810546875, 359.2034912109375, 561.128173828125, 365.3353271484375]]",SOURCE_TWO_READERS_MATCH,8,Total investments,GS-6415 20260517.pdf,SOURCE_RESTORED_REVIEW,ASSIGNED_FROM_PRINTED_UNIT_OR_SOURCE_TABLE_CONTEXT,,,NUMBER_OR_SOURCE_BLANK,SOURCE_TWO_READERS_MATCH,PASS,NT$m,3200.8,3200.8,1,3200.8,3200.8,1,1,AFTER_ALL_ANNUAL_CHECKS,3200.8
ce1ebbbcf776b901428970539963c7d7f9b12ff41f78fe93c58646d115aa6992,N01-P2-T2,2,Otherlong-termassets,,2025,12/25,ANNUAL,UNSPECIFIED,value,value,"8,705.0","8,705.0",Otherlong-termassets,8705.0,NT$m,Goldman Sachs,"[[312.79864501953125, 368.1944885253906, 327.5318603515625, 374.3263244628906], [329.2832946777344, 368.1944885253906, 354.0906677246094, 374.3263244628906], [355.5058898925781, 368.1944885253906, 372.7380676269531, 374.3263244628906], [428.932373046875, 368.1944885253906, 447.2500305175781, 374.3263244628906], [466.3942565917969, 368.1944885253906, 484.7119140625, 374.3263244628906], [504.60540771484375, 368.1944885253906, 522.9230346679688, 374.3263244628906], [542.8165283203125, 368.1944885253906, 561.1341552734375, 374.3263244628906]]",SOURCE_TWO_READERS_MATCH,9,Other long-term assets,GS-6415 20260517.pdf,SOURCE_RESTORED_REVIEW,ASSIGNED_FROM_PRINTED_UNIT_OR_SOURCE_TABLE_CONTEXT,,,NUMBER_OR_SOURCE_BLANK,SOURCE_TWO_READERS_MATCH,PASS,NT$m,8705.0,8705.0,1,8705.0,8705.0,1,1,AFTER_ALL_ANNUAL_CHECKS,8705.0
ce1ebbbcf776b901428970539963c7d7f9b12ff41f78fe93c58646d115aa6992,N01-P2-T2,2,Otherlong-termassets,,2026,12/26E,ANNUAL,FORECAST,value,value,"8,705.0","8,705.0",Otherlong-termassets,8705.0,NT$m,Goldman Sachs,"[[312.79864501953125, 368.1944885253906, 327.5318603515625, 374.3263244628906], [329.2832946777344, 368.1944885253906, 354.0906677246094, 374.3263244628906], [355.5058898925781, 368.1944885253906, 372.7380676269531, 374.3263244628906], [428.932373046875, 368.1944885253906, 447.2500305175781, 374.3263244628906], [466.3942565917969, 368.1944885253906, 484.7119140625, 374.3263244628906], [504.60540771484375, 368.1944885253906, 522.9230346679688, 374.3263244628906], [542.8165283203125, 368.1944885253906, 561.1341552734375, 374.3263244628906]]",SOURCE_TWO_READERS_MATCH,9,Other long-term assets,GS-6415 20260517.pdf,SOURCE_RESTORED_REVIEW,ASSIGNED_FROM_PRINTED_UNIT_OR_SOURCE_TABLE_CONTEXT,,,NUMBER_OR_SOURCE_BLANK,SOURCE_TWO_READERS_MATCH,PASS,NT$m,8705.0,8705.0,1,8705.0,8705.0,1,1,AFTER_ALL_ANNUAL_CHECKS,8705.0
ce1ebbbcf776b901428970539963c7d7f9b12ff41f78fe93c58646d115aa6992,N01-P2-T2,2,Otherlong-termassets,,2027,12/27E,ANNUAL,FORECAST,value,value,"8,705.0","8,705.0",Otherlong-termassets,8705.0,NT$m,Goldman Sachs,"[[312.79864501953125, 368.1944885253906, 327.5318603515625, 374.3263244628906], [329.2832946777344, 368.1944885253906, 354.0906677246094, 374.3263244628906], [355.5058898925781, 368.1944885253906, 372.7380676269531, 374.3263244628906], [428.932373046875, 368.1944885253906, 447.2500305175781, 374.3263244628906], [466.3942565917969, 368.1944885253906, 484.7119140625, 374.3263244628906], [504.60540771484375, 368.1944885253906, 522.9230346679688, 374.3263244628906], [542.8165283203125, 368.1944885253906, 561.1341552734375, 374.3263244628906]]",SOURCE_TWO_READERS_MATCH,9,Other long-term assets,GS-6415 20260517.pdf,SOURCE_RESTORED_REVIEW,ASSIGNED_FROM_PRINTED_UNIT_OR_SOURCE_TABLE_CONTEXT,,,NUMBER_OR_SOURCE_BLANK,SOURCE_TWO_READERS_MATCH,PASS,NT$m,8705.0,8705.0,1,8705.0,8705.0,1,1,AFTER_ALL_ANNUAL_CHECKS,8705.0
ce1ebbbcf776b901428970539963c7d7f9b12ff41f78fe93c58646d115aa6992,N01-P2-T2,2,Otherlong-termassets,,2028,12/28E,ANNUAL,FORECAST,value,value,"8,705.0","8,705.0",Otherlong-termassets,8705.0,NT$m,Goldman Sachs,"[[312.79864501953125, 368.1944885253906, 327.5318603515625, 374.3263244628906], [329.2832946777344, 368.1944885253906, 354.0906677246094, 374.3263244628906], [355.5058898925781, 368.1944885253906, 372.7380676269531, 374.3263244628906], [428.932373046875, 368.1944885253906, 447.2500305175781, 374.3263244628906], [466.3942565917969, 368.1944885253906, 484.7119140625, 374.3263244628906], [504.60540771484375, 368.1944885253906, 522.9230346679688, 374.3263244628906], [542.8165283203125, 368.1944885253906, 561.1341552734375, 374.3263244628906]]",SOURCE_TWO_READERS_MATCH,9,Other long-term assets,GS-6415 20260517.pdf,SOURCE_RESTORED_REVIEW,ASSIGNED_FROM_PRINTED_UNIT_OR_SOURCE_TABLE_CONTEXT,,,NUMBER_OR_SOURCE_BLANK,SOURCE_TWO_READERS_MATCH,PASS,NT$m,8705.0,8705.0,1,8705.0,8705.0,1,1,AFTER_ALL_ANNUAL_CHECKS,8705.0
ce1ebbbcf776b901428970539963c7d7f9b12ff41f78fe93c58646d115aa6992,N01-P2-T2,2,Totalassets,,2025,12/25,ANNUAL,UNSPECIFIED,value,value,"44,171.2","44,171.2",Totalassets,44171.2,NT$m,Goldman Sachs,"[[312.7986145019531, 377.18548583984375, 327.203369140625, 383.31732177734375], [328.5328674316406, 377.18548583984375, 345.7638244628906, 383.31732177734375], [425.93536376953125, 377.18548583984375, 447.2494201660156, 383.31732177734375], [463.3978576660156, 377.18548583984375, 484.71258544921875, 383.31732177734375], [501.6096496582031, 377.18548583984375, 522.9242553710938, 383.31732177734375], [539.8213500976562, 377.18548583984375, 561.135986328125, 383.31732177734375]]",SOURCE_TWO_READERS_MATCH,10,Total assets,GS-6415 20260517.pdf,SOURCE_RESTORED_REVIEW,ASSIGNED_FROM_PRINTED_UNIT_OR_SOURCE_TABLE_CONTEXT,,,NUMBER_OR_SOURCE_BLANK,SOURCE_TWO_READERS_MATCH,PASS,NT$m,44171.2,44171.2,1,44171.2,44171.2,1,1,AFTER_ALL_ANNUAL_CHECKS,44171.2
ce1ebbbcf776b901428970539963c7d7f9b12ff41f78fe93c58646d115aa6992,N01-P2-T2,2,Totalassets,,2026,12/26E,ANNUAL,FORECAST,value,value,"46,792.0","46,792.0",Totalassets,46792.0,NT$m,Goldman Sachs,"[[312.7986145019531, 377.18548583984375, 327.203369140625, 383.31732177734375], [328.5328674316406, 377.18548583984375, 345.7638244628906, 383.31732177734375], [425.93536376953125, 377.18548583984375, 447.2494201660156, 383.31732177734375], [463.3978576660156, 377.18548583984375, 484.71258544921875, 383.31732177734375], [501.6096496582031, 377.18548583984375, 522.9242553710938, 383.31732177734375], [539.8213500976562, 377.18548583984375, 561.135986328125, 383.31732177734375]]",SOURCE_TWO_READERS_MATCH,10,Total assets,GS-6415 20260517.pdf,SOURCE_RESTORED_REVIEW,ASSIGNED_FROM_PRINTED_UNIT_OR_SOURCE_TABLE_CONTEXT,,,NUMBER_OR_SOURCE_BLANK,SOURCE_TWO_READERS_MATCH,PASS,NT$m,46792.0,46792.0,1,46792.0,46792.0,1,1,AFTER_ALL_ANNUAL_CHECKS,46792.0
ce1ebbbcf776b901428970539963c7d7f9b12ff41f78fe93c58646d115aa6992,N01-P2-T2,2,Totalassets,,2027,12/27E,ANNUAL,FORECAST,value,value,"51,510.9","51,510.9",Totalassets,51510.9,NT$m,Goldman Sachs,"[[312.7986145019531, 377.18548583984375, 327.203369140625, 383.31732177734375], [328.5328674316406, 377.18548583984375, 345.7638244628906, 383.31732177734375], [425.93536376953125, 377.18548583984375, 447.2494201660156, 383.31732177734375], [463.3978576660156, 377.18548583984375, 484.71258544921875, 383.31732177734375], [501.6096496582031, 377.18548583984375, 522.9242553710938, 383.31732177734375], [539.8213500976562, 377.18548583984375, 561.135986328125, 383.31732177734375]]",SOURCE_TWO_READERS_MATCH,10,Total assets,GS-6415 20260517.pdf,SOURCE_RESTORED_REVIEW,ASSIGNED_FROM_PRINTED_UNIT_OR_SOURCE_TABLE_CONTEXT,,,NUMBER_OR_SOURCE_BLANK,SOURCE_TWO_READERS_MATCH,PASS,NT$m,51510.9,51510.9,1,51510.9,51510.9,1,1,AFTER_ALL_ANNUAL_CHECKS,51510.9
ce1ebbbcf776b901428970539963c7d7f9b12ff41f78fe93c58646d115aa6992,N01-P2-T2,2,Totalassets,,2028,12/28E,ANNUAL,FORECAST,value,value,"56,411.2","56,411.2",Totalassets,56411.2,NT$m,Goldman Sachs,"[[312.7986145019531, 377.18548583984375, 327.203369140625, 383.31732177734375], [328.5328674316406, 377.18548583984375, 345.7638244628906, 383.31732177734375], [425.93536376953125, 377.18548583984375, 447.2494201660156, 383.31732177734375], [463.3978576660156, 377.18548583984375, 484.71258544921875, 383.31732177734375], [501.6096496582031, 377.18548583984375, 522.9242553710938, 383.31732177734375], [539.8213500976562, 377.18548583984375, 561.135986328125, 383.31732177734375]]",SOURCE_TWO_READERS_MATCH,10,Total assets,GS-6415 20260517.pdf,SOURCE_RESTORED_REVIEW,ASSIGNED_FROM_PRINTED_UNIT_OR_SOURCE_TABLE_CONTEXT,,,NUMBER_OR_SOURCE_BLANK,SOURCE_TWO_READERS_MATCH,PASS,NT$m,56411.2,56411.2,1,56411.2,56411.2,1,1,AFTER_ALL_ANNUAL_CHECKS,56411.2
ce1ebbbcf776b901428970539963c7d7f9b12ff41f78fe93c58646d115aa6992,N01-P2-T2,2,Accountspayable,,2025,12/25,ANNUAL,UNSPECIFIED,value,value,"2,679.0","2,679.0",Accountspayable,2679.0,NT$m,Goldman Sachs,"[[312.798583984375, 386.1764831542969, 336.7734069824219, 392.3083190917969], [338.2731018066406, 386.1764831542969, 358.0875244140625, 392.3083190917969], [428.9323425292969, 386.1764831542969, 447.25, 392.3083190917969], [466.39422607421875, 386.1764831542969, 484.7118835449219, 392.3083190917969], [504.6053466796875, 386.1764831542969, 522.9229736328125, 392.3083190917969], [542.8164672851562, 386.1764831542969, 561.1340942382812, 392.3083190917969]]",SOURCE_TWO_READERS_MATCH,11,Accounts payable,GS-6415 20260517.pdf,SOURCE_RESTORED_REVIEW,ASSIGNED_FROM_PRINTED_UNIT_OR_SOURCE_TABLE_CONTEXT,,,NUMBER_OR_SOURCE_BLANK,SOURCE_TWO_READERS_MATCH,PASS,NT$m,2679.0,2679.0,1,2679.0,2679.0,1,1,AFTER_ALL_ANNUAL_CHECKS,2679.0
ce1ebbbcf776b901428970539963c7d7f9b12ff41f78fe93c58646d115aa6992,N01-P2-T2,2,Accountspayable,,2026,12/26E,ANNUAL,FORECAST,value,value,"3,403.1","3,403.1",Accountspayable,3403.1,NT$m,Goldman Sachs,"[[312.798583984375, 386.1764831542969, 336.7734069824219, 392.3083190917969], [338.2731018066406, 386.1764831542969, 358.0875244140625, 392.3083190917969], [428.9323425292969, 386.1764831542969, 447.25, 392.3083190917969], [466.39422607421875, 386.1764831542969, 484.7118835449219, 392.3083190917969], [504.6053466796875, 386.1764831542969, 522.9229736328125, 392.3083190917969], [542.8164672851562, 386.1764831542969, 561.1340942382812, 392.3083190917969]]",SOURCE_TWO_READERS_MATCH,11,Accounts payable,GS-6415 20260517.pdf,SOURCE_RESTORED_REVIEW,ASSIGNED_FROM_PRINTED_UNIT_OR_SOURCE_TABLE_CONTEXT,,,NUMBER_OR_SOURCE_BLANK,SOURCE_TWO_READERS_MATCH,PASS,NT$m,3403.1,3403.1,1,3403.1,3403.1,1,1,AFTER_ALL_ANNUAL_CHECKS,3403.1
ce1ebbbcf776b901428970539963c7d7f9b12ff41f78fe93c58646d115aa6992,N01-P2-T2,2,Accountspayable,,2027,12/27E,ANNUAL,FORECAST,value,value,"4,255.3","4,255.3",Accountspayable,4255.3,NT$m,Goldman Sachs,"[[312.798583984375, 386.1764831542969, 336.7734069824219, 392.3083190917969], [338.2731018066406, 386.1764831542969, 358.0875244140625, 392.3083190917969], [428.9323425292969, 386.1764831542969, 447.25, 392.3083190917969], [466.39422607421875, 386.1764831542969, 484.7118835449219, 392.3083190917969], [504.6053466796875, 386.1764831542969, 522.9229736328125, 392.3083190917969], [542.8164672851562, 386.1764831542969, 561.1340942382812, 392.3083190917969]]",SOURCE_TWO_READERS_MATCH,11,Accounts payable,GS-6415 20260517.pdf,SOURCE_RESTORED_REVIEW,ASSIGNED_FROM_PRINTED_UNIT_OR_SOURCE_TABLE_CONTEXT,,,NUMBER_OR_SOURCE_BLANK,SOURCE_TWO_READERS_MATCH,PASS,NT$m,4255.3,4255.3,1,4255.3,4255.3,1,1,AFTER_ALL_ANNUAL_CHECKS,4255.3
ce1ebbbcf776b901428970539963c7d7f9b12ff41f78fe93c58646d115aa6992,N01-P2-T2,2,Accountspayable,,2028,12/28E,ANNUAL,FORECAST,value,value,"5,050.6","5,050.6",Accountspayable,5050.6,NT$m,Goldman Sachs,"[[312.798583984375, 386.1764831542969, 336.7734069824219, 392.3083190917969], [338.2731018066406, 386.1764831542969, 358.0875244140625, 392.3083190917969], [428.9323425292969, 386.1764831542969, 447.25, 392.3083190917969], [466.39422607421875, 386.1764831542969, 484.7118835449219, 392.3083190917969], [504.6053466796875, 386.1764831542969, 522.9229736328125, 392.3083190917969], [542.8164672851562, 386.1764831542969, 561.1340942382812, 392.3083190917969]]",SOURCE_TWO_READERS_MATCH,11,Accounts payable,GS-6415 20260517.pdf,SOURCE_RESTORED_REVIEW,ASSIGNED_FROM_PRINTED_UNIT_OR_SOURCE_TABLE_CONTEXT,,,NUMBER_OR_SOURCE_BLANK,SOURCE_TWO_READERS_MATCH,PASS,NT$m,5050.6,5050.6,1,5050.6,5050.6,1,1,AFTER_ALL_ANNUAL_CHECKS,5050.6
ce1ebbbcf776b901428970539963c7d7f9b12ff41f78fe93c58646d115aa6992,N01-P2-T2,2,Short-termdebt,,2025,12/25,ANNUAL,UNSPECIFIED,value,value,662.4,662.4,Short-termdebt,662.4,NT$m,Goldman Sachs,"[[312.798583984375, 395.16748046875, 341.3545837402344, 401.29931640625], [342.7697448730469, 395.16748046875, 353.75494384765625, 401.29931640625], [433.4278259277344, 395.16748046875, 447.2493896484375, 401.29931640625], [470.8891296386719, 395.16748046875, 484.710693359375, 401.29931640625], [509.09967041015625, 395.16748046875, 522.9212036132812, 401.29931640625], [547.3101806640625, 395.16748046875, 561.1317138671875, 401.29931640625]]",SOURCE_TWO_READERS_MATCH,12,Short-term debt,GS-6415 20260517.pdf,SOURCE_RESTORED_REVIEW,ASSIGNED_FROM_PRINTED_UNIT_OR_SOURCE_TABLE_CONTEXT,,,NUMBER_OR_SOURCE_BLANK,SOURCE_TWO_READERS_MATCH,PASS,NT$m,662.4,662.4,1,662.4,662.4,1,1,AFTER_ALL_ANNUAL_CHECKS,662.4
ce1ebbbcf776b901428970539963c7d7f9b12ff41f78fe93c58646d115aa6992,N01-P2-T2,2,Short-termdebt,,2026,12/26E,ANNUAL,FORECAST,value,value,662.4,662.4,Short-termdebt,662.4,NT$m,Goldman Sachs,"[[312.798583984375, 395.16748046875, 341.3545837402344, 401.29931640625], [342.7697448730469, 395.16748046875, 353.75494384765625, 401.29931640625], [433.4278259277344, 395.16748046875, 447.2493896484375, 401.29931640625], [470.8891296386719, 395.16748046875, 484.710693359375, 401.29931640625], [509.09967041015625, 395.16748046875, 522.9212036132812, 401.29931640625], [547.3101806640625, 395.16748046875, 561.1317138671875, 401.29931640625]]",SOURCE_TWO_READERS_MATCH,12,Short-term debt,GS-6415 20260517.pdf,SOURCE_RESTORED_REVIEW,ASSIGNED_FROM_PRINTED_UNIT_OR_SOURCE_TABLE_CONTEXT,,,NUMBER_OR_SOURCE_BLANK,SOURCE_TWO_READERS_MATCH,PASS,NT$m,662.4,662.4,1,662.4,662.4,1,1,AFTER_ALL_ANNUAL_CHECKS,662.4
ce1ebbbcf776b901428970539963c7d7f9b12ff41f78fe93c58646d115aa6992,N01-P2-T2,2,Short-termdebt,,2027,12/27E,ANNUAL,FORECAST,value,value,662.4,662.4,Short-termdebt,662.4,NT$m,Goldman Sachs,"[[312.798583984375, 395.16748046875, 341.3545837402344, 401.29931640625], [342.7697448730469, 395.16748046875, 353.75494384765625, 401.29931640625], [433.4278259277344, 395.16748046875, 447.2493896484375, 401.29931640625], [470.8891296386719, 395.16748046875, 484.710693359375, 401.29931640625], [509.09967041015625, 395.16748046875, 522.9212036132812, 401.29931640625], [547.3101806640625, 395.16748046875, 561.1317138671875, 401.29931640625]]",SOURCE_TWO_READERS_MATCH,12,Short-term debt,GS-6415 20260517.pdf,SOURCE_RESTORED_REVIEW,ASSIGNED_FROM_PRINTED_UNIT_OR_SOURCE_TABLE_CONTEXT,,,NUMBER_OR_SOURCE_BLANK,SOURCE_TWO_READERS_MATCH,PASS,NT$m,662.4,662.4,1,662.4,662.4,1,1,AFTER_ALL_ANNUAL_CHECKS,662.4
ce1ebbbcf776b901428970539963c7d7f9b12ff41f78fe93c58646d115aa6992,N01-P2-T2,2,Short-termdebt,,2028,12/28E,ANNUAL,FORECAST,value,value,662.4,662.4,Short-termdebt,662.4,NT$m,Goldman Sachs,"[[312.798583984375, 395.16748046875, 341.3545837402344, 401.29931640625], [342.7697448730469, 395.16748046875, 353.75494384765625, 401.29931640625], [433.4278259277344, 395.16748046875, 447.2493896484375, 401.29931640625], [470.8891296386719, 395.16748046875, 484.710693359375, 401.29931640625], [509.09967041015625, 395.16748046875, 522.9212036132812, 401.29931640625], [547.3101806640625, 395.16748046875, 561.1317138671875, 401.29931640625]]",SOURCE_TWO_READERS_MATCH,12,Short-term debt,GS-6415 20260517.pdf,SOURCE_RESTORED_REVIEW,ASSIGNED_FROM_PRINTED_UNIT_OR_SOURCE_TABLE_CONTEXT,,,NUMBER_OR_SOURCE_BLANK,SOURCE_TWO_READERS_MATCH,PASS,NT$m,662.4,662.4,1,662.4,662.4,1,1,AFTER_ALL_ANNUAL_CHECKS,662.4
ce1ebbbcf776b901428970539963c7d7f9b12ff41f78fe93c58646d115aa6992,N01-P2-T2,2,Short-termleaseliabilities,,2025,12/25,ANNUAL,UNSPECIFIED,value,value,--,--,Short-termleaseliabilities,,NT$m,Goldman Sachs,"[[312.798583984375, 404.1584777832031, 341.3545837402344, 410.2903137207031], [342.7697448730469, 404.1584777832031, 356.5907897949219, 410.2903137207031], [357.75421142578125, 404.1584777832031, 380.97674560546875, 410.2903137207031], [443.911376953125, 404.1584777832031, 447.077392578125, 410.2903137207031], [481.3738708496094, 404.1584777832031, 484.5398864746094, 410.2903137207031], [519.5856323242188, 404.1584777832031, 522.7516479492188, 410.2903137207031], [557.79736328125, 404.1584777832031, 560.96337890625, 410.2903137207031]]",SOURCE_NOT_PRINTED,13,Short-term lease liabilities,GS-6415 20260517.pdf,SOURCE_NOT_PRINTED,ASSIGNED_FROM_PRINTED_UNIT_OR_SOURCE_TABLE_CONTEXT,,,NUMBER_OR_SOURCE_BLANK,SOURCE_MISSING_RETAINED,PASS,NT$m,,,1,,,,,NOT_MONETARY_OR_SOURCE_MISSING_NO_ROUNDING,--
ce1ebbbcf776b901428970539963c7d7f9b12ff41f78fe93c58646d115aa6992,N01-P2-T2,2,Short-termleaseliabilities,,2026,12/26E,ANNUAL,FORECAST,value,value,--,--,Short-termleaseliabilities,,NT$m,Goldman Sachs,"[[312.798583984375, 404.1584777832031, 341.3545837402344, 410.2903137207031], [342.7697448730469, 404.1584777832031, 356.5907897949219, 410.2903137207031], [357.75421142578125, 404.1584777832031, 380.97674560546875, 410.2903137207031], [443.911376953125, 404.1584777832031, 447.077392578125, 410.2903137207031], [481.3738708496094, 404.1584777832031, 484.5398864746094, 410.2903137207031], [519.5856323242188, 404.1584777832031, 522.7516479492188, 410.2903137207031], [557.79736328125, 404.1584777832031, 560.96337890625, 410.2903137207031]]",SOURCE_NOT_PRINTED,13,Short-term lease liabilities,GS-6415 20260517.pdf,SOURCE_NOT_PRINTED,ASSIGNED_FROM_PRINTED_UNIT_OR_SOURCE_TABLE_CONTEXT,,,NUMBER_OR_SOURCE_BLANK,SOURCE_MISSING_RETAINED,PASS,NT$m,,,1,,,,,NOT_MONETARY_OR_SOURCE_MISSING_NO_ROUNDING,--
ce1ebbbcf776b901428970539963c7d7f9b12ff41f78fe93c58646d115aa6992,N01-P2-T2,2,Short-termleaseliabilities,,2027,12/27E,ANNUAL,FORECAST,value,value,--,--,Short-termleaseliabilities,,NT$m,Goldman Sachs,"[[312.798583984375, 404.1584777832031, 341.3545837402344, 410.2903137207031], [342.7697448730469, 404.1584777832031, 356.5907897949219, 410.2903137207031], [357.75421142578125, 404.1584777832031, 380.97674560546875, 410.2903137207031], [443.911376953125, 404.1584777832031, 447.077392578125, 410.2903137207031], [481.3738708496094, 404.1584777832031, 484.5398864746094, 410.2903137207031], [519.5856323242188, 404.1584777832031, 522.7516479492188, 410.2903137207031], [557.79736328125, 404.1584777832031, 560.96337890625, 410.2903137207031]]",SOURCE_NOT_PRINTED,13,Short-term lease liabilities,GS-6415 20260517.pdf,SOURCE_NOT_PRINTED,ASSIGNED_FROM_PRINTED_UNIT_OR_SOURCE_TABLE_CONTEXT,,,NUMBER_OR_SOURCE_BLANK,SOURCE_MISSING_RETAINED,PASS,NT$m,,,1,,,,,NOT_MONETARY_OR_SOURCE_MISSING_NO_ROUNDING,--
ce1ebbbcf776b901428970539963c7d7f9b12ff41f78fe93c58646d115aa6992,N01-P2-T2,2,Short-termleaseliabilities,,2028,12/28E,ANNUAL,FORECAST,value,value,--,--,Short-termleaseliabilities,,NT$m,Goldman Sachs,"[[312.798583984375, 404.1584777832031, 341.3545837402344, 410.2903137207031], [342.7697448730469, 404.1584777832031, 356.5907897949219, 410.2903137207031], [357.75421142578125, 404.1584777832031, 380.97674560546875, 410.2903137207031], [443.911376953125, 404.1584777832031, 447.077392578125, 410.2903137207031], [481.3738708496094, 404.1584777832031, 484.5398864746094, 410.2903137207031], [519.5856323242188, 404.1584777832031, 522.7516479492188, 410.2903137207031], [557.79736328125, 404.1584777832031, 560.96337890625, 410.2903137207031]]",SOURCE_NOT_PRINTED,13,Short-term lease liabilities,GS-6415 20260517.pdf,SOURCE_NOT_PRINTED,ASSIGNED_FROM_PRINTED_UNIT_OR_SOURCE_TABLE_CONTEXT,,,NUMBER_OR_SOURCE_BLANK,SOURCE_MISSING_RETAINED,PASS,NT$m,,,1,,,,,NOT_MONETARY_OR_SOURCE_MISSING_NO_ROUNDING,--
ce1ebbbcf776b901428970539963c7d7f9b12ff41f78fe93c58646d115aa6992,N01-P2-T2,2,Othercurrentliabilities,,2025,12/25,ANNUAL,UNSPECIFIED,value,value,233.0,233.0,Othercurrentliabilities,233.0,NT$m,Goldman Sachs,"[[312.78662109375, 413.14947509765625, 327.51983642578125, 419.28131103515625], [329.2712707519531, 413.14947509765625, 347.74896240234375, 419.28131103515625], [349.5003967285156, 413.14947509765625, 372.7230224609375, 419.28131103515625], [433.4158935546875, 413.14947509765625, 447.2374572753906, 419.28131103515625], [470.877197265625, 413.14947509765625, 484.6987609863281, 419.28131103515625], [509.0877380371094, 413.14947509765625, 522.9093017578125, 419.28131103515625], [547.29833984375, 413.14947509765625, 561.119873046875, 419.28131103515625]]",SOURCE_TWO_READERS_MATCH,14,Other current liabilities,GS-6415 20260517.pdf,SOURCE_RESTORED_REVIEW,ASSIGNED_FROM_PRINTED_UNIT_OR_SOURCE_TABLE_CONTEXT,,,NUMBER_OR_SOURCE_BLANK,SOURCE_TWO_READERS_MATCH,PASS,NT$m,233.0,233.0,1,233.0,233.0,1,1,AFTER_ALL_ANNUAL_CHECKS,233.0
ce1ebbbcf776b901428970539963c7d7f9b12ff41f78fe93c58646d115aa6992,N01-P2-T2,2,Othercurrentliabilities,,2026,12/26E,ANNUAL,FORECAST,value,value,273.0,273.0,Othercurrentliabilities,273.0,NT$m,Goldman Sachs,"[[312.78662109375, 413.14947509765625, 327.51983642578125, 419.28131103515625], [329.2712707519531, 413.14947509765625, 347.74896240234375, 419.28131103515625], [349.5003967285156, 413.14947509765625, 372.7230224609375, 419.28131103515625], [433.4158935546875, 413.14947509765625, 447.2374572753906, 419.28131103515625], [470.877197265625, 413.14947509765625, 484.6987609863281, 419.28131103515625], [509.0877380371094, 413.14947509765625, 522.9093017578125, 419.28131103515625], [547.29833984375, 413.14947509765625, 561.119873046875, 419.28131103515625]]",SOURCE_TWO_READERS_MATCH,14,Other current liabilities,GS-6415 20260517.pdf,SOURCE_RESTORED_REVIEW,ASSIGNED_FROM_PRINTED_UNIT_OR_SOURCE_TABLE_CONTEXT,,,NUMBER_OR_SOURCE_BLANK,SOURCE_TWO_READERS_MATCH,PASS,NT$m,273.0,273.0,1,273.0,273.0,1,1,AFTER_ALL_ANNUAL_CHECKS,273.0
ce1ebbbcf776b901428970539963c7d7f9b12ff41f78fe93c58646d115aa6992,N01-P2-T2,2,Othercurrentliabilities,,2027,12/27E,ANNUAL,FORECAST,value,value,313.0,313.0,Othercurrentliabilities,313.0,NT$m,Goldman Sachs,"[[312.78662109375, 413.14947509765625, 327.51983642578125, 419.28131103515625], [329.2712707519531, 413.14947509765625, 347.74896240234375, 419.28131103515625], [349.5003967285156, 413.14947509765625, 372.7230224609375, 419.28131103515625], [433.4158935546875, 413.14947509765625, 447.2374572753906, 419.28131103515625], [470.877197265625, 413.14947509765625, 484.6987609863281, 419.28131103515625], [509.0877380371094, 413.14947509765625, 522.9093017578125, 419.28131103515625], [547.29833984375, 413.14947509765625, 561.119873046875, 419.28131103515625]]",SOURCE_TWO_READERS_MATCH,14,Other current liabilities,GS-6415 20260517.pdf,SOURCE_RESTORED_REVIEW,ASSIGNED_FROM_PRINTED_UNIT_OR_SOURCE_TABLE_CONTEXT,,,NUMBER_OR_SOURCE_BLANK,SOURCE_TWO_READERS_MATCH,PASS,NT$m,313.0,313.0,1,313.0,313.0,1,1,AFTER_ALL_ANNUAL_CHECKS,313.0
ce1ebbbcf776b901428970539963c7d7f9b12ff41f78fe93c58646d115aa6992,N01-P2-T2,2,Othercurrentliabilities,,2028,12/28E,ANNUAL,FORECAST,value,value,353.0,353.0,Othercurrentliabilities,353.0,NT$m,Goldman Sachs,"[[312.78662109375, 413.14947509765625, 327.51983642578125, 419.28131103515625], [329.2712707519531, 413.14947509765625, 347.74896240234375, 419.28131103515625], [349.5003967285156, 413.14947509765625, 372.7230224609375, 419.28131103515625], [433.4158935546875, 413.14947509765625, 447.2374572753906, 419.28131103515625], [470.877197265625, 413.14947509765625, 484.6987609863281, 419.28131103515625], [509.0877380371094, 413.14947509765625, 522.9093017578125, 419.28131103515625], [547.29833984375, 413.14947509765625, 561.119873046875, 419.28131103515625]]",SOURCE_TWO_READERS_MATCH,14,Other current liabilities,GS-6415 20260517.pdf,SOURCE_RESTORED_REVIEW,ASSIGNED_FROM_PRINTED_UNIT_OR_SOURCE_TABLE_CONTEXT,,,NUMBER_OR_SOURCE_BLANK,SOURCE_TWO_READERS_MATCH,PASS,NT$m,353.0,353.0,1,353.0,353.0,1,1,AFTER_ALL_ANNUAL_CHECKS,353.0
ce1ebbbcf776b901428970539963c7d7f9b12ff41f78fe93c58646d115aa6992,N01-P2-T2,2,Totalcurrentliabilities,,2025,12/25,ANNUAL,UNSPECIFIED,value,value,"3,574.4","3,574.4",Totalcurrentliabilities,3574.4,NT$m,Goldman Sachs,"[[312.7866516113281, 422.1404724121094, 327.19140625, 428.2723083496094], [328.5209045410156, 422.1404724121094, 348.83514404296875, 428.2723083496094], [350.2491455078125, 422.1404724121094, 374.23175048828125, 428.2723083496094], [428.9263916015625, 422.1404724121094, 447.2380676269531, 428.2723083496094], [466.3822937011719, 422.1404724121094, 484.701171875, 428.2723083496094], [504.59466552734375, 422.1404724121094, 522.9122924804688, 428.2723083496094], [542.8057861328125, 422.1404724121094, 561.1240234375, 428.2723083496094]]",SOURCE_TWO_READERS_MATCH,15,Total current liabilities,GS-6415 20260517.pdf,SOURCE_RESTORED_REVIEW,ASSIGNED_FROM_PRINTED_UNIT_OR_SOURCE_TABLE_CONTEXT,,,NUMBER_OR_SOURCE_BLANK,SOURCE_TWO_READERS_MATCH,PASS,NT$m,3574.4,3574.4,1,3574.4,3574.4,1,1,AFTER_ALL_ANNUAL_CHECKS,3574.4
ce1ebbbcf776b901428970539963c7d7f9b12ff41f78fe93c58646d115aa6992,N01-P2-T2,2,Totalcurrentliabilities,,2026,12/26E,ANNUAL,FORECAST,value,value,"4,338.5","4,338.5",Totalcurrentliabilities,4338.5,NT$m,Goldman Sachs,"[[312.7866516113281, 422.1404724121094, 327.19140625, 428.2723083496094], [328.5209045410156, 422.1404724121094, 348.83514404296875, 428.2723083496094], [350.2491455078125, 422.1404724121094, 374.23175048828125, 428.2723083496094], [428.9263916015625, 422.1404724121094, 447.2380676269531, 428.2723083496094], [466.3822937011719, 422.1404724121094, 484.701171875, 428.2723083496094], [504.59466552734375, 422.1404724121094, 522.9122924804688, 428.2723083496094], [542.8057861328125, 422.1404724121094, 561.1240234375, 428.2723083496094]]",SOURCE_TWO_READERS_MATCH,15,Total current liabilities,GS-6415 20260517.pdf,SOURCE_RESTORED_REVIEW,ASSIGNED_FROM_PRINTED_UNIT_OR_SOURCE_TABLE_CONTEXT,,,NUMBER_OR_SOURCE_BLANK,SOURCE_TWO_READERS_MATCH,PASS,NT$m,4338.5,4338.5,1,4338.5,4338.5,1,1,AFTER_ALL_ANNUAL_CHECKS,4338.5
ce1ebbbcf776b901428970539963c7d7f9b12ff41f78fe93c58646d115aa6992,N01-P2-T2,2,Totalcurrentliabilities,,2027,12/27E,ANNUAL,FORECAST,value,value,"5,230.7","5,230.7",Totalcurrentliabilities,5230.7,NT$m,Goldman Sachs,"[[312.7866516113281, 422.1404724121094, 327.19140625, 428.2723083496094], [328.5209045410156, 422.1404724121094, 348.83514404296875, 428.2723083496094], [350.2491455078125, 422.1404724121094, 374.23175048828125, 428.2723083496094], [428.9263916015625, 422.1404724121094, 447.2380676269531, 428.2723083496094], [466.3822937011719, 422.1404724121094, 484.701171875, 428.2723083496094], [504.59466552734375, 422.1404724121094, 522.9122924804688, 428.2723083496094], [542.8057861328125, 422.1404724121094, 561.1240234375, 428.2723083496094]]",SOURCE_TWO_READERS_MATCH,15,Total current liabilities,GS-6415 20260517.pdf,SOURCE_RESTORED_REVIEW,ASSIGNED_FROM_PRINTED_UNIT_OR_SOURCE_TABLE_CONTEXT,,,NUMBER_OR_SOURCE_BLANK,SOURCE_TWO_READERS_MATCH,PASS,NT$m,5230.7,5230.7,1,5230.7,5230.7,1,1,AFTER_ALL_ANNUAL_CHECKS,5230.7
ce1ebbbcf776b901428970539963c7d7f9b12ff41f78fe93c58646d115aa6992,N01-P2-T2,2,Totalcurrentliabilities,,2028,12/28E,ANNUAL,FORECAST,value,value,"6,066.0","6,066.0",Totalcurrentliabilities,6066.0,NT$m,Goldman Sachs,"[[312.7866516113281, 422.1404724121094, 327.19140625, 428.2723083496094], [328.5209045410156, 422.1404724121094, 348.83514404296875, 428.2723083496094], [350.2491455078125, 422.1404724121094, 374.23175048828125, 428.2723083496094], [428.9263916015625, 422.1404724121094, 447.2380676269531, 428.2723083496094], [466.3822937011719, 422.1404724121094, 484.701171875, 428.2723083496094], [504.59466552734375, 422.1404724121094, 522.9122924804688, 428.2723083496094], [542.8057861328125, 422.1404724121094, 561.1240234375, 428.2723083496094]]",SOURCE_TWO_READERS_MATCH,15,Total current liabilities,GS-6415 20260517.pdf,SOURCE_RESTORED_REVIEW,ASSIGNED_FROM_PRINTED_UNIT_OR_SOURCE_TABLE_CONTEXT,,,NUMBER_OR_SOURCE_BLANK,SOURCE_TWO_READERS_MATCH,PASS,NT$m,6066.0,6066.0,1,6066.0,6066.0,1,1,AFTER_ALL_ANNUAL_CHECKS,6066.0
ce1ebbbcf776b901428970539963c7d7f9b12ff41f78fe93c58646d115aa6992,N01-P2-T2,2,Long-termdebt,,2025,12/25,ANNUAL,UNSPECIFIED,value,value,"2,695.0","2,695.0",Long-termdebt,2695.0,NT$m,Goldman Sachs,"[[312.78662109375, 431.1314697265625, 339.09246826171875, 437.2633056640625], [340.50762939453125, 431.1314697265625, 351.4928283691406, 437.2633056640625], [428.91436767578125, 431.1314697265625, 447.2320251464844, 437.2633056640625], [466.3762512207031, 431.1314697265625, 484.69390869140625, 437.2633056640625], [504.58740234375, 431.1314697265625, 522.905029296875, 437.2633056640625], [542.7985229492188, 431.1314697265625, 561.1161499023438, 437.2633056640625]]",SOURCE_TWO_READERS_MATCH,16,Long-term debt,GS-6415 20260517.pdf,SOURCE_RESTORED_REVIEW,ASSIGNED_FROM_PRINTED_UNIT_OR_SOURCE_TABLE_CONTEXT,,,NUMBER_OR_SOURCE_BLANK,SOURCE_TWO_READERS_MATCH,PASS,NT$m,2695.0,2695.0,1,2695.0,2695.0,1,1,AFTER_ALL_ANNUAL_CHECKS,2695.0
ce1ebbbcf776b901428970539963c7d7f9b12ff41f78fe93c58646d115aa6992,N01-P2-T2,2,Long-termdebt,,2026,12/26E,ANNUAL,FORECAST,value,value,"2,695.0","2,695.0",Long-termdebt,2695.0,NT$m,Goldman Sachs,"[[312.78662109375, 431.1314697265625, 339.09246826171875, 437.2633056640625], [340.50762939453125, 431.1314697265625, 351.4928283691406, 437.2633056640625], [428.91436767578125, 431.1314697265625, 447.2320251464844, 437.2633056640625], [466.3762512207031, 431.1314697265625, 484.69390869140625, 437.2633056640625], [504.58740234375, 431.1314697265625, 522.905029296875, 437.2633056640625], [542.7985229492188, 431.1314697265625, 561.1161499023438, 437.2633056640625]]",SOURCE_TWO_READERS_MATCH,16,Long-term debt,GS-6415 20260517.pdf,SOURCE_RESTORED_REVIEW,ASSIGNED_FROM_PRINTED_UNIT_OR_SOURCE_TABLE_CONTEXT,,,NUMBER_OR_SOURCE_BLANK,SOURCE_TWO_READERS_MATCH,PASS,NT$m,2695.0,2695.0,1,2695.0,2695.0,1,1,AFTER_ALL_ANNUAL_CHECKS,2695.0
ce1ebbbcf776b901428970539963c7d7f9b12ff41f78fe93c58646d115aa6992,N01-P2-T2,2,Long-termdebt,,2027,12/27E,ANNUAL,FORECAST,value,value,"2,695.0","2,695.0",Long-termdebt,2695.0,NT$m,Goldman Sachs,"[[312.78662109375, 431.1314697265625, 339.09246826171875, 437.2633056640625], [340.50762939453125, 431.1314697265625, 351.4928283691406, 437.2633056640625], [428.91436767578125, 431.1314697265625, 447.2320251464844, 437.2633056640625], [466.3762512207031, 431.1314697265625, 484.69390869140625, 437.2633056640625], [504.58740234375, 431.1314697265625, 522.905029296875, 437.2633056640625], [542.7985229492188, 431.1314697265625, 561.1161499023438, 437.2633056640625]]",SOURCE_TWO_READERS_MATCH,16,Long-term debt,GS-6415 20260517.pdf,SOURCE_RESTORED_REVIEW,ASSIGNED_FROM_PRINTED_UNIT_OR_SOURCE_TABLE_CONTEXT,,,NUMBER_OR_SOURCE_BLANK,SOURCE_TWO_READERS_MATCH,PASS,NT$m,2695.0,2695.0,1,2695.0,2695.0,1,1,AFTER_ALL_ANNUAL_CHECKS,2695.0
ce1ebbbcf776b901428970539963c7d7f9b12ff41f78fe93c58646d115aa6992,N01-P2-T2,2,Long-termdebt,,2028,12/28E,ANNUAL,FORECAST,value,value,"2,695.0","2,695.0",Long-termdebt,2695.0,NT$m,Goldman Sachs,"[[312.78662109375, 431.1314697265625, 339.09246826171875, 437.2633056640625], [340.50762939453125, 431.1314697265625, 351.4928283691406, 437.2633056640625], [428.91436767578125, 431.1314697265625, 447.2320251464844, 437.2633056640625], [466.3762512207031, 431.1314697265625, 484.69390869140625, 437.2633056640625], [504.58740234375, 431.1314697265625, 522.905029296875, 437.2633056640625], [542.7985229492188, 431.1314697265625, 561.1161499023438, 437.2633056640625]]",SOURCE_TWO_READERS_MATCH,16,Long-term debt,GS-6415 20260517.pdf,SOURCE_RESTORED_REVIEW,ASSIGNED_FROM_PRINTED_UNIT_OR_SOURCE_TABLE_CONTEXT,,,NUMBER_OR_SOURCE_BLANK,SOURCE_TWO_READERS_MATCH,PASS,NT$m,2695.0,2695.0,1,2695.0,2695.0,1,1,AFTER_ALL_ANNUAL_CHECKS,2695.0
ce1ebbbcf776b901428970539963c7d7f9b12ff41f78fe93c58646d115aa6992,N01-P2-T2,2,Long-termleaseliabilities,,2025,12/25,ANNUAL,UNSPECIFIED,value,value,--,--,Long-termleaseliabilities,,NT$m,Goldman Sachs,"[[312.78662109375, 440.1224670410156, 339.09246826171875, 446.2543029785156], [340.50762939453125, 440.1224670410156, 354.3286437988281, 446.2543029785156], [355.4920654296875, 440.1224670410156, 378.7170104980469, 446.2543029785156], [443.8993835449219, 440.1224670410156, 447.0653991699219, 446.2543029785156], [481.36187744140625, 440.1224670410156, 484.52789306640625, 446.2543029785156], [519.5736083984375, 440.1224670410156, 522.7396240234375, 446.2543029785156], [557.7853393554688, 440.1224670410156, 560.9513549804688, 446.2543029785156]]",SOURCE_NOT_PRINTED,17,Long-term lease liabilities,GS-6415 20260517.pdf,SOURCE_NOT_PRINTED,ASSIGNED_FROM_PRINTED_UNIT_OR_SOURCE_TABLE_CONTEXT,,,NUMBER_OR_SOURCE_BLANK,SOURCE_MISSING_RETAINED,PASS,NT$m,,,1,,,,,NOT_MONETARY_OR_SOURCE_MISSING_NO_ROUNDING,--
ce1ebbbcf776b901428970539963c7d7f9b12ff41f78fe93c58646d115aa6992,N01-P2-T2,2,Long-termleaseliabilities,,2026,12/26E,ANNUAL,FORECAST,value,value,--,--,Long-termleaseliabilities,,NT$m,Goldman Sachs,"[[312.78662109375, 440.1224670410156, 339.09246826171875, 446.2543029785156], [340.50762939453125, 440.1224670410156, 354.3286437988281, 446.2543029785156], [355.4920654296875, 440.1224670410156, 378.7170104980469, 446.2543029785156], [443.8993835449219, 440.1224670410156, 447.0653991699219, 446.2543029785156], [481.36187744140625, 440.1224670410156, 484.52789306640625, 446.2543029785156], [519.5736083984375, 440.1224670410156, 522.7396240234375, 446.2543029785156], [557.7853393554688, 440.1224670410156, 560.9513549804688, 446.2543029785156]]",SOURCE_NOT_PRINTED,17,Long-term lease liabilities,GS-6415 20260517.pdf,SOURCE_NOT_PRINTED,ASSIGNED_FROM_PRINTED_UNIT_OR_SOURCE_TABLE_CONTEXT,,,NUMBER_OR_SOURCE_BLANK,SOURCE_MISSING_RETAINED,PASS,NT$m,,,1,,,,,NOT_MONETARY_OR_SOURCE_MISSING_NO_ROUNDING,--
ce1ebbbcf776b901428970539963c7d7f9b12ff41f78fe93c58646d115aa6992,N01-P2-T2,2,Long-termleaseliabilities,,2027,12/27E,ANNUAL,FORECAST,value,value,--,--,Long-termleaseliabilities,,NT$m,Goldman Sachs,"[[312.78662109375, 440.1224670410156, 339.09246826171875, 446.2543029785156], [340.50762939453125, 440.1224670410156, 354.3286437988281, 446.2543029785156], [355.4920654296875, 440.1224670410156, 378.7170104980469, 446.2543029785156], [443.8993835449219, 440.1224670410156, 447.0653991699219, 446.2543029785156], [481.36187744140625, 440.1224670410156, 484.52789306640625, 446.2543029785156], [519.5736083984375, 440.1224670410156, 522.7396240234375, 446.2543029785156], [557.7853393554688, 440.1224670410156, 560.9513549804688, 446.2543029785156]]",SOURCE_NOT_PRINTED,17,Long-term lease liabilities,GS-6415 20260517.pdf,SOURCE_NOT_PRINTED,ASSIGNED_FROM_PRINTED_UNIT_OR_SOURCE_TABLE_CONTEXT,,,NUMBER_OR_SOURCE_BLANK,SOURCE_MISSING_RETAINED,PASS,NT$m,,,1,,,,,NOT_MONETARY_OR_SOURCE_MISSING_NO_ROUNDING,--
ce1ebbbcf776b901428970539963c7d7f9b12ff41f78fe93c58646d115aa6992,N01-P2-T2,2,Long-termleaseliabilities,,2028,12/28E,ANNUAL,FORECAST,value,value,--,--,Long-termleaseliabilities,,NT$m,Goldman Sachs,"[[312.78662109375, 440.1224670410156, 339.09246826171875, 446.2543029785156], [340.50762939453125, 440.1224670410156, 354.3286437988281, 446.2543029785156], [355.4920654296875, 440.1224670410156, 378.7170104980469, 446.2543029785156], [443.8993835449219, 440.1224670410156, 447.0653991699219, 446.2543029785156], [481.36187744140625, 440.1224670410156, 484.52789306640625, 446.2543029785156], [519.5736083984375, 440.1224670410156, 522.7396240234375, 446.2543029785156], [557.7853393554688, 440.1224670410156, 560.9513549804688, 446.2543029785156]]",SOURCE_NOT_PRINTED,17,Long-term lease liabilities,GS-6415 20260517.pdf,SOURCE_NOT_PRINTED,ASSIGNED_FROM_PRINTED_UNIT_OR_SOURCE_TABLE_CONTEXT,,,NUMBER_OR_SOURCE_BLANK,SOURCE_MISSING_RETAINED,PASS,NT$m,,,1,,,,,NOT_MONETARY_OR_SOURCE_MISSING_NO_ROUNDING,--
ce1ebbbcf776b901428970539963c7d7f9b12ff41f78fe93c58646d115aa6992,N01-P2-T2,2,Otherlong-termliabilities,,2025,12/25,ANNUAL,UNSPECIFIED,value,value,148.6,148.6,Otherlong-termliabilities,148.6,NT$m,Goldman Sachs,"[[312.77459716796875, 449.11346435546875, 327.5078125, 455.24530029296875], [329.2592468261719, 449.11346435546875, 354.0666198730469, 455.24530029296875], [355.4817810058594, 449.11346435546875, 378.7049865722656, 455.24530029296875], [433.40386962890625, 449.11346435546875, 447.2254333496094, 455.24530029296875], [470.86517333984375, 449.11346435546875, 484.6867370605469, 455.24530029296875], [509.0757141113281, 449.11346435546875, 522.8972778320312, 455.24530029296875], [547.2862548828125, 449.11346435546875, 561.1077880859375, 455.24530029296875]]",SOURCE_TWO_READERS_MATCH,18,Other long-term liabilities,GS-6415 20260517.pdf,SOURCE_RESTORED_REVIEW,ASSIGNED_FROM_PRINTED_UNIT_OR_SOURCE_TABLE_CONTEXT,,,NUMBER_OR_SOURCE_BLANK,SOURCE_TWO_READERS_MATCH,PASS,NT$m,148.6,148.6,1,148.6,148.6,1,1,AFTER_ALL_ANNUAL_CHECKS,148.6
ce1ebbbcf776b901428970539963c7d7f9b12ff41f78fe93c58646d115aa6992,N01-P2-T2,2,Otherlong-termliabilities,,2026,12/26E,ANNUAL,FORECAST,value,value,148.6,148.6,Otherlong-termliabilities,148.6,NT$m,Goldman Sachs,"[[312.77459716796875, 449.11346435546875, 327.5078125, 455.24530029296875], [329.2592468261719, 449.11346435546875, 354.0666198730469, 455.24530029296875], [355.4817810058594, 449.11346435546875, 378.7049865722656, 455.24530029296875], [433.40386962890625, 449.11346435546875, 447.2254333496094, 455.24530029296875], [470.86517333984375, 449.11346435546875, 484.6867370605469, 455.24530029296875], [509.0757141113281, 449.11346435546875, 522.8972778320312, 455.24530029296875], [547.2862548828125, 449.11346435546875, 561.1077880859375, 455.24530029296875]]",SOURCE_TWO_READERS_MATCH,18,Other long-term liabilities,GS-6415 20260517.pdf,SOURCE_RESTORED_REVIEW,ASSIGNED_FROM_PRINTED_UNIT_OR_SOURCE_TABLE_CONTEXT,,,NUMBER_OR_SOURCE_BLANK,SOURCE_TWO_READERS_MATCH,PASS,NT$m,148.6,148.6,1,148.6,148.6,1,1,AFTER_ALL_ANNUAL_CHECKS,148.6
ce1ebbbcf776b901428970539963c7d7f9b12ff41f78fe93c58646d115aa6992,N01-P2-T2,2,Otherlong-termliabilities,,2027,12/27E,ANNUAL,FORECAST,value,value,148.6,148.6,Otherlong-termliabilities,148.6,NT$m,Goldman Sachs,"[[312.77459716796875, 449.11346435546875, 327.5078125, 455.24530029296875], [329.2592468261719, 449.11346435546875, 354.0666198730469, 455.24530029296875], [355.4817810058594, 449.11346435546875, 378.7049865722656, 455.24530029296875], [433.40386962890625, 449.11346435546875, 447.2254333496094, 455.24530029296875], [470.86517333984375, 449.11346435546875, 484.6867370605469, 455.24530029296875], [509.0757141113281, 449.11346435546875, 522.8972778320312, 455.24530029296875], [547.2862548828125, 449.11346435546875, 561.1077880859375, 455.24530029296875]]",SOURCE_TWO_READERS_MATCH,18,Other long-term liabilities,GS-6415 20260517.pdf,SOURCE_RESTORED_REVIEW,ASSIGNED_FROM_PRINTED_UNIT_OR_SOURCE_TABLE_CONTEXT,,,NUMBER_OR_SOURCE_BLANK,SOURCE_TWO_READERS_MATCH,PASS,NT$m,148.6,148.6,1,148.6,148.6,1,1,AFTER_ALL_ANNUAL_CHECKS,148.6
ce1ebbbcf776b901428970539963c7d7f9b12ff41f78fe93c58646d115aa6992,N01-P2-T2,2,Otherlong-termliabilities,,2028,12/28E,ANNUAL,FORECAST,value,value,148.6,148.6,Otherlong-termliabilities,148.6,NT$m,Goldman Sachs,"[[312.77459716796875, 449.11346435546875, 327.5078125, 455.24530029296875], [329.2592468261719, 449.11346435546875, 354.0666198730469, 455.24530029296875], [355.4817810058594, 449.11346435546875, 378.7049865722656, 455.24530029296875], [433.40386962890625, 449.11346435546875, 447.2254333496094, 455.24530029296875], [470.86517333984375, 449.11346435546875, 484.6867370605469, 455.24530029296875], [509.0757141113281, 449.11346435546875, 522.8972778320312, 455.24530029296875], [547.2862548828125, 449.11346435546875, 561.1077880859375, 455.24530029296875]]",SOURCE_TWO_READERS_MATCH,18,Other long-term liabilities,GS-6415 20260517.pdf,SOURCE_RESTORED_REVIEW,ASSIGNED_FROM_PRINTED_UNIT_OR_SOURCE_TABLE_CONTEXT,,,NUMBER_OR_SOURCE_BLANK,SOURCE_TWO_READERS_MATCH,PASS,NT$m,148.6,148.6,1,148.6,148.6,1,1,AFTER_ALL_ANNUAL_CHECKS,148.6
ce1ebbbcf776b901428970539963c7d7f9b12ff41f78fe93c58646d115aa6992,N01-P2-T2,2,Totallong-termliabilities,,2025,12/25,ANNUAL,UNSPECIFIED,value,value,"2,843.6","2,843.6",Totallong-termliabilities,2843.6,NT$m,Goldman Sachs,"[[358.5037536621094, 458.10333251953125, 382.48638916015625, 464.23516845703125], [428.9332580566406, 458.10333251953125, 447.2509460449219, 464.23516845703125], [466.3951721191406, 458.10333251953125, 484.7134704589844, 464.23516845703125], [504.60693359375, 458.10333251953125, 522.9251708984375, 464.23516845703125], [542.8186645507812, 458.10333251953125, 561.1369018554688, 464.23516845703125], [328.5088806152344, 458.10333251953125, 356.67254638671875, 464.2362976074219], [312.7746276855469, 458.1044616699219, 327.17938232421875, 464.2362976074219]]",SOURCE_TWO_READERS_MATCH,19,Total long-term liabilities,GS-6415 20260517.pdf,SOURCE_RESTORED_REVIEW,ASSIGNED_FROM_PRINTED_UNIT_OR_SOURCE_TABLE_CONTEXT,,,NUMBER_OR_SOURCE_BLANK,SOURCE_TWO_READERS_MATCH,PASS,NT$m,2843.6,2843.6,1,2843.6,2843.6,1,1,AFTER_ALL_ANNUAL_CHECKS,2843.6
ce1ebbbcf776b901428970539963c7d7f9b12ff41f78fe93c58646d115aa6992,N01-P2-T2,2,Totallong-termliabilities,,2026,12/26E,ANNUAL,FORECAST,value,value,"2,843.6","2,843.6",Totallong-termliabilities,2843.6,NT$m,Goldman Sachs,"[[358.5037536621094, 458.10333251953125, 382.48638916015625, 464.23516845703125], [428.9332580566406, 458.10333251953125, 447.2509460449219, 464.23516845703125], [466.3951721191406, 458.10333251953125, 484.7134704589844, 464.23516845703125], [504.60693359375, 458.10333251953125, 522.9251708984375, 464.23516845703125], [542.8186645507812, 458.10333251953125, 561.1369018554688, 464.23516845703125], [328.5088806152344, 458.10333251953125, 356.67254638671875, 464.2362976074219], [312.7746276855469, 458.1044616699219, 327.17938232421875, 464.2362976074219]]",SOURCE_TWO_READERS_MATCH,19,Total long-term liabilities,GS-6415 20260517.pdf,SOURCE_RESTORED_REVIEW,ASSIGNED_FROM_PRINTED_UNIT_OR_SOURCE_TABLE_CONTEXT,,,NUMBER_OR_SOURCE_BLANK,SOURCE_TWO_READERS_MATCH,PASS,NT$m,2843.6,2843.6,1,2843.6,2843.6,1,1,AFTER_ALL_ANNUAL_CHECKS,2843.6
ce1ebbbcf776b901428970539963c7d7f9b12ff41f78fe93c58646d115aa6992,N01-P2-T2,2,Totallong-termliabilities,,2027,12/27E,ANNUAL,FORECAST,value,value,"2,843.6","2,843.6",Totallong-termliabilities,2843.6,NT$m,Goldman Sachs,"[[358.5037536621094, 458.10333251953125, 382.48638916015625, 464.23516845703125], [428.9332580566406, 458.10333251953125, 447.2509460449219, 464.23516845703125], [466.3951721191406, 458.10333251953125, 484.7134704589844, 464.23516845703125], [504.60693359375, 458.10333251953125, 522.9251708984375, 464.23516845703125], [542.8186645507812, 458.10333251953125, 561.1369018554688, 464.23516845703125], [328.5088806152344, 458.10333251953125, 356.67254638671875, 464.2362976074219], [312.7746276855469, 458.1044616699219, 327.17938232421875, 464.2362976074219]]",SOURCE_TWO_READERS_MATCH,19,Total long-term liabilities,GS-6415 20260517.pdf,SOURCE_RESTORED_REVIEW,ASSIGNED_FROM_PRINTED_UNIT_OR_SOURCE_TABLE_CONTEXT,,,NUMBER_OR_SOURCE_BLANK,SOURCE_TWO_READERS_MATCH,PASS,NT$m,2843.6,2843.6,1,2843.6,2843.6,1,1,AFTER_ALL_ANNUAL_CHECKS,2843.6
ce1ebbbcf776b901428970539963c7d7f9b12ff41f78fe93c58646d115aa6992,N01-P2-T2,2,Totallong-termliabilities,,2028,12/28E,ANNUAL,FORECAST,value,value,"2,843.6","2,843.6",Totallong-termliabilities,2843.6,NT$m,Goldman Sachs,"[[358.5037536621094, 458.10333251953125, 382.48638916015625, 464.23516845703125], [428.9332580566406, 458.10333251953125, 447.2509460449219, 464.23516845703125], [466.3951721191406, 458.10333251953125, 484.7134704589844, 464.23516845703125], [504.60693359375, 458.10333251953125, 522.9251708984375, 464.23516845703125], [542.8186645507812, 458.10333251953125, 561.1369018554688, 464.23516845703125], [328.5088806152344, 458.10333251953125, 356.67254638671875, 464.2362976074219], [312.7746276855469, 458.1044616699219, 327.17938232421875, 464.2362976074219]]",SOURCE_TWO_READERS_MATCH,19,Total long-term liabilities,GS-6415 20260517.pdf,SOURCE_RESTORED_REVIEW,ASSIGNED_FROM_PRINTED_UNIT_OR_SOURCE_TABLE_CONTEXT,,,NUMBER_OR_SOURCE_BLANK,SOURCE_TWO_READERS_MATCH,PASS,NT$m,2843.6,2843.6,1,2843.6,2843.6,1,1,AFTER_ALL_ANNUAL_CHECKS,2843.6
ce1ebbbcf776b901428970539963c7d7f9b12ff41f78fe93c58646d115aa6992,N01-P2-T2,2,Totalliabilities,,2025,12/25,ANNUAL,UNSPECIFIED,value,value,"6,418.0","6,418.0",Totalliabilities,6418.0,NT$m,Goldman Sachs,"[[312.79949951171875, 467.0943298339844, 327.2042541503906, 473.2261657714844], [328.53375244140625, 467.0943298339844, 352.516357421875, 473.2261657714844], [428.9332580566406, 467.0943298339844, 447.2509460449219, 473.2261657714844], [466.3957824707031, 467.0943298339844, 484.7128601074219, 473.2261657714844], [504.6063232421875, 467.0943298339844, 522.9251708984375, 473.2261657714844], [542.8192749023438, 467.0943298339844, 561.1375122070312, 473.2261657714844]]",SOURCE_TWO_READERS_MATCH,20,Total liabilities,GS-6415 20260517.pdf,SOURCE_RESTORED_REVIEW,ASSIGNED_FROM_PRINTED_UNIT_OR_SOURCE_TABLE_CONTEXT,,,NUMBER_OR_SOURCE_BLANK,SOURCE_TWO_READERS_MATCH,PASS,NT$m,6418.0,6418.0,1,6418.0,6418.0,1,1,AFTER_ALL_ANNUAL_CHECKS,6418.0
ce1ebbbcf776b901428970539963c7d7f9b12ff41f78fe93c58646d115aa6992,N01-P2-T2,2,Totalliabilities,,2026,12/26E,ANNUAL,FORECAST,value,value,"7,182.1","7,182.1",Totalliabilities,7182.1,NT$m,Goldman Sachs,"[[312.79949951171875, 467.0943298339844, 327.2042541503906, 473.2261657714844], [328.53375244140625, 467.0943298339844, 352.516357421875, 473.2261657714844], [428.9332580566406, 467.0943298339844, 447.2509460449219, 473.2261657714844], [466.3957824707031, 467.0943298339844, 484.7128601074219, 473.2261657714844], [504.6063232421875, 467.0943298339844, 522.9251708984375, 473.2261657714844], [542.8192749023438, 467.0943298339844, 561.1375122070312, 473.2261657714844]]",SOURCE_TWO_READERS_MATCH,20,Total liabilities,GS-6415 20260517.pdf,SOURCE_RESTORED_REVIEW,ASSIGNED_FROM_PRINTED_UNIT_OR_SOURCE_TABLE_CONTEXT,,,NUMBER_OR_SOURCE_BLANK,SOURCE_TWO_READERS_MATCH,PASS,NT$m,7182.1,7182.1,1,7182.1,7182.1,1,1,AFTER_ALL_ANNUAL_CHECKS,7182.1
ce1ebbbcf776b901428970539963c7d7f9b12ff41f78fe93c58646d115aa6992,N01-P2-T2,2,Totalliabilities,,2027,12/27E,ANNUAL,FORECAST,value,value,"8,074.3","8,074.3",Totalliabilities,8074.3,NT$m,Goldman Sachs,"[[312.79949951171875, 467.0943298339844, 327.2042541503906, 473.2261657714844], [328.53375244140625, 467.0943298339844, 352.516357421875, 473.2261657714844], [428.9332580566406, 467.0943298339844, 447.2509460449219, 473.2261657714844], [466.3957824707031, 467.0943298339844, 484.7128601074219, 473.2261657714844], [504.6063232421875, 467.0943298339844, 522.9251708984375, 473.2261657714844], [542.8192749023438, 467.0943298339844, 561.1375122070312, 473.2261657714844]]",SOURCE_TWO_READERS_MATCH,20,Total liabilities,GS-6415 20260517.pdf,SOURCE_RESTORED_REVIEW,ASSIGNED_FROM_PRINTED_UNIT_OR_SOURCE_TABLE_CONTEXT,,,NUMBER_OR_SOURCE_BLANK,SOURCE_TWO_READERS_MATCH,PASS,NT$m,8074.3,8074.3,1,8074.3,8074.3,1,1,AFTER_ALL_ANNUAL_CHECKS,8074.3
ce1ebbbcf776b901428970539963c7d7f9b12ff41f78fe93c58646d115aa6992,N01-P2-T2,2,Totalliabilities,,2028,12/28E,ANNUAL,FORECAST,value,value,"8,909.6","8,909.6",Totalliabilities,8909.6,NT$m,Goldman Sachs,"[[312.79949951171875, 467.0943298339844, 327.2042541503906, 473.2261657714844], [328.53375244140625, 467.0943298339844, 352.516357421875, 473.2261657714844], [428.9332580566406, 467.0943298339844, 447.2509460449219, 473.2261657714844], [466.3957824707031, 467.0943298339844, 484.7128601074219, 473.2261657714844], [504.6063232421875, 467.0943298339844, 522.9251708984375, 473.2261657714844], [542.8192749023438, 467.0943298339844, 561.1375122070312, 473.2261657714844]]",SOURCE_TWO_READERS_MATCH,20,Total liabilities,GS-6415 20260517.pdf,SOURCE_RESTORED_REVIEW,ASSIGNED_FROM_PRINTED_UNIT_OR_SOURCE_TABLE_CONTEXT,,,NUMBER_OR_SOURCE_BLANK,SOURCE_TWO_READERS_MATCH,PASS,NT$m,8909.6,8909.6,1,8909.6,8909.6,1,1,AFTER_ALL_ANNUAL_CHECKS,8909.6
ce1ebbbcf776b901428970539963c7d7f9b12ff41f78fe93c58646d115aa6992,N01-P2-T2,2,Preferredshares,,2025,12/25,ANNUAL,UNSPECIFIED,value,value,--,--,Preferredshares,,NT$m,Goldman Sachs,"[[312.7995300292969, 476.0853271484375, 337.8598327636719, 482.2171630859375], [339.02325439453125, 476.0853271484375, 356.25604248046875, 482.2171630859375], [443.91827392578125, 476.0853271484375, 447.0830993652344, 482.2171630859375], [481.3819885253906, 476.0853271484375, 484.54559326171875, 482.2171630859375], [519.59375, 476.0853271484375, 522.75732421875, 482.2171630859375], [557.805419921875, 476.0853271484375, 560.9690551757812, 482.2171630859375]]",SOURCE_NOT_PRINTED,21,Preferred shares,GS-6415 20260517.pdf,SOURCE_NOT_PRINTED,ASSIGNED_FROM_PRINTED_UNIT_OR_SOURCE_TABLE_CONTEXT,,,NUMBER_OR_SOURCE_BLANK,SOURCE_MISSING_RETAINED,PASS,NT$m,,,1,,,,,NOT_MONETARY_OR_SOURCE_MISSING_NO_ROUNDING,--
ce1ebbbcf776b901428970539963c7d7f9b12ff41f78fe93c58646d115aa6992,N01-P2-T2,2,Preferredshares,,2026,12/26E,ANNUAL,FORECAST,value,value,--,--,Preferredshares,,NT$m,Goldman Sachs,"[[312.7995300292969, 476.0853271484375, 337.8598327636719, 482.2171630859375], [339.02325439453125, 476.0853271484375, 356.25604248046875, 482.2171630859375], [443.91827392578125, 476.0853271484375, 447.0830993652344, 482.2171630859375], [481.3819885253906, 476.0853271484375, 484.54559326171875, 482.2171630859375], [519.59375, 476.0853271484375, 522.75732421875, 482.2171630859375], [557.805419921875, 476.0853271484375, 560.9690551757812, 482.2171630859375]]",SOURCE_NOT_PRINTED,21,Preferred shares,GS-6415 20260517.pdf,SOURCE_NOT_PRINTED,ASSIGNED_FROM_PRINTED_UNIT_OR_SOURCE_TABLE_CONTEXT,,,NUMBER_OR_SOURCE_BLANK,SOURCE_MISSING_RETAINED,PASS,NT$m,,,1,,,,,NOT_MONETARY_OR_SOURCE_MISSING_NO_ROUNDING,--
ce1ebbbcf776b901428970539963c7d7f9b12ff41f78fe93c58646d115aa6992,N01-P2-T2,2,Preferredshares,,2027,12/27E,ANNUAL,FORECAST,value,value,--,--,Preferredshares,,NT$m,Goldman Sachs,"[[312.7995300292969, 476.0853271484375, 337.8598327636719, 482.2171630859375], [339.02325439453125, 476.0853271484375, 356.25604248046875, 482.2171630859375], [443.91827392578125, 476.0853271484375, 447.0830993652344, 482.2171630859375], [481.3819885253906, 476.0853271484375, 484.54559326171875, 482.2171630859375], [519.59375, 476.0853271484375, 522.75732421875, 482.2171630859375], [557.805419921875, 476.0853271484375, 560.9690551757812, 482.2171630859375]]",SOURCE_NOT_PRINTED,21,Preferred shares,GS-6415 20260517.pdf,SOURCE_NOT_PRINTED,ASSIGNED_FROM_PRINTED_UNIT_OR_SOURCE_TABLE_CONTEXT,,,NUMBER_OR_SOURCE_BLANK,SOURCE_MISSING_RETAINED,PASS,NT$m,,,1,,,,,NOT_MONETARY_OR_SOURCE_MISSING_NO_ROUNDING,--
ce1ebbbcf776b901428970539963c7d7f9b12ff41f78fe93c58646d115aa6992,N01-P2-T2,2,Preferredshares,,2028,12/28E,ANNUAL,FORECAST,value,value,--,--,Preferredshares,,NT$m,Goldman Sachs,"[[312.7995300292969, 476.0853271484375, 337.8598327636719, 482.2171630859375], [339.02325439453125, 476.0853271484375, 356.25604248046875, 482.2171630859375], [443.91827392578125, 476.0853271484375, 447.0830993652344, 482.2171630859375], [481.3819885253906, 476.0853271484375, 484.54559326171875, 482.2171630859375], [519.59375, 476.0853271484375, 522.75732421875, 482.2171630859375], [557.805419921875, 476.0853271484375, 560.9690551757812, 482.2171630859375]]",SOURCE_NOT_PRINTED,21,Preferred shares,GS-6415 20260517.pdf,SOURCE_NOT_PRINTED,ASSIGNED_FROM_PRINTED_UNIT_OR_SOURCE_TABLE_CONTEXT,,,NUMBER_OR_SOURCE_BLANK,SOURCE_MISSING_RETAINED,PASS,NT$m,,,1,,,,,NOT_MONETARY_OR_SOURCE_MISSING_NO_ROUNDING,--
ce1ebbbcf776b901428970539963c7d7f9b12ff41f78fe93c58646d115aa6992,N01-P2-T2,2,Totalcommonequity,,2025,12/25,ANNUAL,UNSPECIFIED,value,value,"37,316.5","37,316.5",Totalcommonequity,37316.5,NT$m,Goldman Sachs,"[[312.79351806640625, 485.0763244628906, 325.3629455566406, 491.2081604003906], [327.0299072265625, 485.0763244628906, 349.8406677246094, 491.2081604003906], [351.00408935546875, 485.0763244628906, 366.7359619140625, 491.2081604003906], [425.9242858886719, 485.0763244628906, 447.23834228515625, 491.2081604003906], [463.38555908203125, 485.0763244628906, 484.6996154785156, 491.2081604003906], [501.5960998535156, 485.0763244628906, 522.91015625, 491.2081604003906], [539.806640625, 485.0763244628906, 561.1206665039062, 491.2081604003906]]",SOURCE_TWO_READERS_MATCH,22,Total common equity,GS-6415 20260517.pdf,SOURCE_RESTORED_REVIEW,ASSIGNED_FROM_PRINTED_UNIT_OR_SOURCE_TABLE_CONTEXT,,,NUMBER_OR_SOURCE_BLANK,SOURCE_TWO_READERS_MATCH,PASS,NT$m,37316.5,37316.5,1,37316.5,37316.5,1,1,AFTER_ALL_ANNUAL_CHECKS,37316.5
ce1ebbbcf776b901428970539963c7d7f9b12ff41f78fe93c58646d115aa6992,N01-P2-T2,2,Totalcommonequity,,2026,12/26E,ANNUAL,FORECAST,value,value,"39,296.4","39,296.4",Totalcommonequity,39296.4,NT$m,Goldman Sachs,"[[312.79351806640625, 485.0763244628906, 325.3629455566406, 491.2081604003906], [327.0299072265625, 485.0763244628906, 349.8406677246094, 491.2081604003906], [351.00408935546875, 485.0763244628906, 366.7359619140625, 491.2081604003906], [425.9242858886719, 485.0763244628906, 447.23834228515625, 491.2081604003906], [463.38555908203125, 485.0763244628906, 484.6996154785156, 491.2081604003906], [501.5960998535156, 485.0763244628906, 522.91015625, 491.2081604003906], [539.806640625, 485.0763244628906, 561.1206665039062, 491.2081604003906]]",SOURCE_TWO_READERS_MATCH,22,Total common equity,GS-6415 20260517.pdf,SOURCE_RESTORED_REVIEW,ASSIGNED_FROM_PRINTED_UNIT_OR_SOURCE_TABLE_CONTEXT,,,NUMBER_OR_SOURCE_BLANK,SOURCE_TWO_READERS_MATCH,PASS,NT$m,39296.4,39296.4,1,39296.4,39296.4,1,1,AFTER_ALL_ANNUAL_CHECKS,39296.4
ce1ebbbcf776b901428970539963c7d7f9b12ff41f78fe93c58646d115aa6992,N01-P2-T2,2,Totalcommonequity,,2027,12/27E,ANNUAL,FORECAST,value,value,"43,246.3","43,246.3",Totalcommonequity,43246.3,NT$m,Goldman Sachs,"[[312.79351806640625, 485.0763244628906, 325.3629455566406, 491.2081604003906], [327.0299072265625, 485.0763244628906, 349.8406677246094, 491.2081604003906], [351.00408935546875, 485.0763244628906, 366.7359619140625, 491.2081604003906], [425.9242858886719, 485.0763244628906, 447.23834228515625, 491.2081604003906], [463.38555908203125, 485.0763244628906, 484.6996154785156, 491.2081604003906], [501.5960998535156, 485.0763244628906, 522.91015625, 491.2081604003906], [539.806640625, 485.0763244628906, 561.1206665039062, 491.2081604003906]]",SOURCE_TWO_READERS_MATCH,22,Total common equity,GS-6415 20260517.pdf,SOURCE_RESTORED_REVIEW,ASSIGNED_FROM_PRINTED_UNIT_OR_SOURCE_TABLE_CONTEXT,,,NUMBER_OR_SOURCE_BLANK,SOURCE_TWO_READERS_MATCH,PASS,NT$m,43246.3,43246.3,1,43246.3,43246.3,1,1,AFTER_ALL_ANNUAL_CHECKS,43246.3
ce1ebbbcf776b901428970539963c7d7f9b12ff41f78fe93c58646d115aa6992,N01-P2-T2,2,Totalcommonequity,,2028,12/28E,ANNUAL,FORECAST,value,value,"47,434.5","47,434.5",Totalcommonequity,47434.5,NT$m,Goldman Sachs,"[[312.79351806640625, 485.0763244628906, 325.3629455566406, 491.2081604003906], [327.0299072265625, 485.0763244628906, 349.8406677246094, 491.2081604003906], [351.00408935546875, 485.0763244628906, 366.7359619140625, 491.2081604003906], [425.9242858886719, 485.0763244628906, 447.23834228515625, 491.2081604003906], [463.38555908203125, 485.0763244628906, 484.6996154785156, 491.2081604003906], [501.5960998535156, 485.0763244628906, 522.91015625, 491.2081604003906], [539.806640625, 485.0763244628906, 561.1206665039062, 491.2081604003906]]",SOURCE_TWO_READERS_MATCH,22,Total common equity,GS-6415 20260517.pdf,SOURCE_RESTORED_REVIEW,ASSIGNED_FROM_PRINTED_UNIT_OR_SOURCE_TABLE_CONTEXT,,,NUMBER_OR_SOURCE_BLANK,SOURCE_TWO_READERS_MATCH,PASS,NT$m,47434.5,47434.5,1,47434.5,47434.5,1,1,AFTER_ALL_ANNUAL_CHECKS,47434.5
ce1ebbbcf776b901428970539963c7d7f9b12ff41f78fe93c58646d115aa6992,N01-P2-T2,2,Minorityinterest,,2025,12/25,ANNUAL,UNSPECIFIED,value,value,436.7,436.7,Minorityinterest,436.7,NT$m,Goldman Sachs,"[[312.79351806640625, 494.06732177734375, 337.1099548339844, 500.19915771484375], [338.2680358886719, 494.06732177734375, 359.3309326171875, 500.19915771484375], [433.42279052734375, 494.06732177734375, 447.24554443359375, 500.19915771484375], [470.8852844238281, 494.06732177734375, 484.70867919921875, 500.19915771484375], [509.0976867675781, 494.06732177734375, 522.919189453125, 500.19915771484375], [550.3057861328125, 494.06732177734375, 561.1309204101562, 500.19915771484375]]",SOURCE_TWO_READERS_MATCH,23,Minority interest,GS-6415 20260517.pdf,SOURCE_RESTORED_REVIEW,ASSIGNED_FROM_PRINTED_UNIT_OR_SOURCE_TABLE_CONTEXT,,,NUMBER_OR_SOURCE_BLANK,SOURCE_TWO_READERS_MATCH,PASS,NT$m,436.7,436.7,1,436.7,436.7,1,1,AFTER_ALL_ANNUAL_CHECKS,436.7
ce1ebbbcf776b901428970539963c7d7f9b12ff41f78fe93c58646d115aa6992,N01-P2-T2,2,Minorityinterest,,2026,12/26E,ANNUAL,FORECAST,value,value,313.5,313.5,Minorityinterest,313.5,NT$m,Goldman Sachs,"[[312.79351806640625, 494.06732177734375, 337.1099548339844, 500.19915771484375], [338.2680358886719, 494.06732177734375, 359.3309326171875, 500.19915771484375], [433.42279052734375, 494.06732177734375, 447.24554443359375, 500.19915771484375], [470.8852844238281, 494.06732177734375, 484.70867919921875, 500.19915771484375], [509.0976867675781, 494.06732177734375, 522.919189453125, 500.19915771484375], [550.3057861328125, 494.06732177734375, 561.1309204101562, 500.19915771484375]]",SOURCE_TWO_READERS_MATCH,23,Minority interest,GS-6415 20260517.pdf,SOURCE_RESTORED_REVIEW,ASSIGNED_FROM_PRINTED_UNIT_OR_SOURCE_TABLE_CONTEXT,,,NUMBER_OR_SOURCE_BLANK,SOURCE_TWO_READERS_MATCH,PASS,NT$m,313.5,313.5,1,313.5,313.5,1,1,AFTER_ALL_ANNUAL_CHECKS,313.5
ce1ebbbcf776b901428970539963c7d7f9b12ff41f78fe93c58646d115aa6992,N01-P2-T2,2,Minorityinterest,,2027,12/27E,ANNUAL,FORECAST,value,value,190.3,190.3,Minorityinterest,190.3,NT$m,Goldman Sachs,"[[312.79351806640625, 494.06732177734375, 337.1099548339844, 500.19915771484375], [338.2680358886719, 494.06732177734375, 359.3309326171875, 500.19915771484375], [433.42279052734375, 494.06732177734375, 447.24554443359375, 500.19915771484375], [470.8852844238281, 494.06732177734375, 484.70867919921875, 500.19915771484375], [509.0976867675781, 494.06732177734375, 522.919189453125, 500.19915771484375], [550.3057861328125, 494.06732177734375, 561.1309204101562, 500.19915771484375]]",SOURCE_TWO_READERS_MATCH,23,Minority interest,GS-6415 20260517.pdf,SOURCE_RESTORED_REVIEW,ASSIGNED_FROM_PRINTED_UNIT_OR_SOURCE_TABLE_CONTEXT,,,NUMBER_OR_SOURCE_BLANK,SOURCE_TWO_READERS_MATCH,PASS,NT$m,190.3,190.3,1,190.3,190.3,1,1,AFTER_ALL_ANNUAL_CHECKS,190.3
ce1ebbbcf776b901428970539963c7d7f9b12ff41f78fe93c58646d115aa6992,N01-P2-T2,2,Minorityinterest,,2028,12/28E,ANNUAL,FORECAST,value,value,67.0,67.0,Minorityinterest,67.0,NT$m,Goldman Sachs,"[[312.79351806640625, 494.06732177734375, 337.1099548339844, 500.19915771484375], [338.2680358886719, 494.06732177734375, 359.3309326171875, 500.19915771484375], [433.42279052734375, 494.06732177734375, 447.24554443359375, 500.19915771484375], [470.8852844238281, 494.06732177734375, 484.70867919921875, 500.19915771484375], [509.0976867675781, 494.06732177734375, 522.919189453125, 500.19915771484375], [550.3057861328125, 494.06732177734375, 561.1309204101562, 500.19915771484375]]",SOURCE_TWO_READERS_MATCH,23,Minority interest,GS-6415 20260517.pdf,SOURCE_RESTORED_REVIEW,ASSIGNED_FROM_PRINTED_UNIT_OR_SOURCE_TABLE_CONTEXT,,,NUMBER_OR_SOURCE_BLANK,SOURCE_TWO_READERS_MATCH,PASS,NT$m,67.0,67.0,1,67.0,67.0,1,1,AFTER_ALL_ANNUAL_CHECKS,67.0
ce1ebbbcf776b901428970539963c7d7f9b12ff41f78fe93c58646d115aa6992,N01-P2-T2,2,Totalliabilities&equity,,2025,12/25,ANNUAL,UNSPECIFIED,value,value,"44,171.2","44,171.2",Totalliabilities&equity,44171.2,NT$m,Goldman Sachs,"[[312.79351806640625, 503.0583190917969, 327.1982727050781, 509.1901550292969], [328.52777099609375, 503.0583190917969, 352.5103759765625, 509.1901550292969], [354.0022888183594, 503.0583190917969, 358.6656188964844, 509.1901550292969], [359.9963073730469, 503.0583190917969, 377.567138671875, 509.1901550292969], [425.9302978515625, 503.0583190917969, 447.2443542480469, 509.1901550292969], [463.3927917480469, 503.0583190917969, 484.70751953125, 509.1901550292969], [501.6045837402344, 503.0583190917969, 522.919189453125, 509.1901550292969], [539.8162841796875, 503.0583190917969, 561.1309204101562, 509.1901550292969]]",SOURCE_TWO_READERS_MATCH,24,Total liabilities & equity,GS-6415 20260517.pdf,SOURCE_RESTORED_REVIEW,ASSIGNED_FROM_PRINTED_UNIT_OR_SOURCE_TABLE_CONTEXT,,,NUMBER_OR_SOURCE_BLANK,SOURCE_TWO_READERS_MATCH,PASS,NT$m,44171.2,44171.2,1,44171.2,44171.2,1,1,AFTER_ALL_ANNUAL_CHECKS,44171.2
ce1ebbbcf776b901428970539963c7d7f9b12ff41f78fe93c58646d115aa6992,N01-P2-T2,2,Totalliabilities&equity,,2026,12/26E,ANNUAL,FORECAST,value,value,"46,792.0","46,792.0",Totalliabilities&equity,46792.0,NT$m,Goldman Sachs,"[[312.79351806640625, 503.0583190917969, 327.1982727050781, 509.1901550292969], [328.52777099609375, 503.0583190917969, 352.5103759765625, 509.1901550292969], [354.0022888183594, 503.0583190917969, 358.6656188964844, 509.1901550292969], [359.9963073730469, 503.0583190917969, 377.567138671875, 509.1901550292969], [425.9302978515625, 503.0583190917969, 447.2443542480469, 509.1901550292969], [463.3927917480469, 503.0583190917969, 484.70751953125, 509.1901550292969], [501.6045837402344, 503.0583190917969, 522.919189453125, 509.1901550292969], [539.8162841796875, 503.0583190917969, 561.1309204101562, 509.1901550292969]]",SOURCE_TWO_READERS_MATCH,24,Total liabilities & equity,GS-6415 20260517.pdf,SOURCE_RESTORED_REVIEW,ASSIGNED_FROM_PRINTED_UNIT_OR_SOURCE_TABLE_CONTEXT,,,NUMBER_OR_SOURCE_BLANK,SOURCE_TWO_READERS_MATCH,PASS,NT$m,46792.0,46792.0,1,46792.0,46792.0,1,1,AFTER_ALL_ANNUAL_CHECKS,46792.0
ce1ebbbcf776b901428970539963c7d7f9b12ff41f78fe93c58646d115aa6992,N01-P2-T2,2,Totalliabilities&equity,,2027,12/27E,ANNUAL,FORECAST,value,value,"51,510.9","51,510.9",Totalliabilities&equity,51510.9,NT$m,Goldman Sachs,"[[312.79351806640625, 503.0583190917969, 327.1982727050781, 509.1901550292969], [328.52777099609375, 503.0583190917969, 352.5103759765625, 509.1901550292969], [354.0022888183594, 503.0583190917969, 358.6656188964844, 509.1901550292969], [359.9963073730469, 503.0583190917969, 377.567138671875, 509.1901550292969], [425.9302978515625, 503.0583190917969, 447.2443542480469, 509.1901550292969], [463.3927917480469, 503.0583190917969, 484.70751953125, 509.1901550292969], [501.6045837402344, 503.0583190917969, 522.919189453125, 509.1901550292969], [539.8162841796875, 503.0583190917969, 561.1309204101562, 509.1901550292969]]",SOURCE_TWO_READERS_MATCH,24,Total liabilities & equity,GS-6415 20260517.pdf,SOURCE_RESTORED_REVIEW,ASSIGNED_FROM_PRINTED_UNIT_OR_SOURCE_TABLE_CONTEXT,,,NUMBER_OR_SOURCE_BLANK,SOURCE_TWO_READERS_MATCH,PASS,NT$m,51510.9,51510.9,1,51510.9,51510.9,1,1,AFTER_ALL_ANNUAL_CHECKS,51510.9
ce1ebbbcf776b901428970539963c7d7f9b12ff41f78fe93c58646d115aa6992,N01-P2-T2,2,Totalliabilities&equity,,2028,12/28E,ANNUAL,FORECAST,value,value,"56,411.2","56,411.2",Totalliabilities&equity,56411.2,NT$m,Goldman Sachs,"[[312.79351806640625, 503.0583190917969, 327.1982727050781, 509.1901550292969], [328.52777099609375, 503.0583190917969, 352.5103759765625, 509.1901550292969], [354.0022888183594, 503.0583190917969, 358.6656188964844, 509.1901550292969], [359.9963073730469, 503.0583190917969, 377.567138671875, 509.1901550292969], [425.9302978515625, 503.0583190917969, 447.2443542480469, 509.1901550292969], [463.3927917480469, 503.0583190917969, 484.70751953125, 509.1901550292969], [501.6045837402344, 503.0583190917969, 522.919189453125, 509.1901550292969], [539.8162841796875, 503.0583190917969, 561.1309204101562, 509.1901550292969]]",SOURCE_TWO_READERS_MATCH,24,Total liabilities & equity,GS-6415 20260517.pdf,SOURCE_RESTORED_REVIEW,ASSIGNED_FROM_PRINTED_UNIT_OR_SOURCE_TABLE_CONTEXT,,,NUMBER_OR_SOURCE_BLANK,SOURCE_TWO_READERS_MATCH,PASS,NT$m,56411.2,56411.2,1,56411.2,56411.2,1,1,AFTER_ALL_ANNUAL_CHECKS,56411.2
ce1ebbbcf776b901428970539963c7d7f9b12ff41f78fe93c58646d115aa6992,N01-P2-T2,2,"Netdebt,adjusted",,2025,12/25,ANNUAL,UNSPECIFIED,value,value,"(6,398.9)","(6,398.9)","Netdebt,adjusted",-6398.9,NT$m,Goldman Sachs,"[[312.79351806640625, 512.0492553710938, 322.28082275390625, 518.18115234375], [324.0322570800781, 512.0492553710938, 336.9355163574219, 518.18115234375], [338.26800537109375, 512.0492553710938, 360.3295593261719, 518.18115234375], [425.92425537109375, 512.0492553710938, 447.0716552734375, 518.18115234375], [463.3885498046875, 512.0492553710938, 484.53594970703125, 518.18115234375], [501.6020812988281, 512.0492553710938, 522.74951171875, 518.18115234375], [536.8186645507812, 512.0492553710938, 560.9624633789062, 518.18115234375]]",SOURCE_TWO_READERS_MATCH,25,"Net debt, adjusted",GS-6415 20260517.pdf,SOURCE_RESTORED_REVIEW,ASSIGNED_FROM_PRINTED_UNIT_OR_SOURCE_TABLE_CONTEXT,,,NUMBER_OR_SOURCE_BLANK,SOURCE_TWO_READERS_MATCH,PASS,NT$m,-6398.9,-6398.9,1,-6398.9,-6398.9,1,1,AFTER_ALL_ANNUAL_CHECKS,-6398.9
ce1ebbbcf776b901428970539963c7d7f9b12ff41f78fe93c58646d115aa6992,N01-P2-T2,2,"Netdebt,adjusted",,2026,12/26E,ANNUAL,FORECAST,value,value,"(6,935.6)","(6,935.6)","Netdebt,adjusted",-6935.6,NT$m,Goldman Sachs,"[[312.79351806640625, 512.0492553710938, 322.28082275390625, 518.18115234375], [324.0322570800781, 512.0492553710938, 336.9355163574219, 518.18115234375], [338.26800537109375, 512.0492553710938, 360.3295593261719, 518.18115234375], [425.92425537109375, 512.0492553710938, 447.0716552734375, 518.18115234375], [463.3885498046875, 512.0492553710938, 484.53594970703125, 518.18115234375], [501.6020812988281, 512.0492553710938, 522.74951171875, 518.18115234375], [536.8186645507812, 512.0492553710938, 560.9624633789062, 518.18115234375]]",SOURCE_TWO_READERS_MATCH,25,"Net debt, adjusted",GS-6415 20260517.pdf,SOURCE_RESTORED_REVIEW,ASSIGNED_FROM_PRINTED_UNIT_OR_SOURCE_TABLE_CONTEXT,,,NUMBER_OR_SOURCE_BLANK,SOURCE_TWO_READERS_MATCH,PASS,NT$m,-6935.6,-6935.6,1,-6935.6,-6935.6,1,1,AFTER_ALL_ANNUAL_CHECKS,-6935.6
ce1ebbbcf776b901428970539963c7d7f9b12ff41f78fe93c58646d115aa6992,N01-P2-T2,2,"Netdebt,adjusted",,2027,12/27E,ANNUAL,FORECAST,value,value,"(9,706.0)","(9,706.0)","Netdebt,adjusted",-9706.0,NT$m,Goldman Sachs,"[[312.79351806640625, 512.0492553710938, 322.28082275390625, 518.18115234375], [324.0322570800781, 512.0492553710938, 336.9355163574219, 518.18115234375], [338.26800537109375, 512.0492553710938, 360.3295593261719, 518.18115234375], [425.92425537109375, 512.0492553710938, 447.0716552734375, 518.18115234375], [463.3885498046875, 512.0492553710938, 484.53594970703125, 518.18115234375], [501.6020812988281, 512.0492553710938, 522.74951171875, 518.18115234375], [536.8186645507812, 512.0492553710938, 560.9624633789062, 518.18115234375]]",SOURCE_TWO_READERS_MATCH,25,"Net debt, adjusted",GS-6415 20260517.pdf,SOURCE_RESTORED_REVIEW,ASSIGNED_FROM_PRINTED_UNIT_OR_SOURCE_TABLE_CONTEXT,,,NUMBER_OR_SOURCE_BLANK,SOURCE_TWO_READERS_MATCH,PASS,NT$m,-9706.0,-9706.0,1,-9706.0,-9706.0,1,1,AFTER_ALL_ANNUAL_CHECKS,-9706.0
ce1ebbbcf776b901428970539963c7d7f9b12ff41f78fe93c58646d115aa6992,N01-P2-T2,2,"Netdebt,adjusted",,2028,12/28E,ANNUAL,FORECAST,value,value,"(12,912.9)","(12,912.9)","Netdebt,adjusted",-12912.9,NT$m,Goldman Sachs,"[[312.79351806640625, 512.0492553710938, 322.28082275390625, 518.18115234375], [324.0322570800781, 512.0492553710938, 336.9355163574219, 518.18115234375], [338.26800537109375, 512.0492553710938, 360.3295593261719, 518.18115234375], [425.92425537109375, 512.0492553710938, 447.0716552734375, 518.18115234375], [463.3885498046875, 512.0492553710938, 484.53594970703125, 518.18115234375], [501.6020812988281, 512.0492553710938, 522.74951171875, 518.18115234375], [536.8186645507812, 512.0492553710938, 560.9624633789062, 518.18115234375]]",SOURCE_TWO_READERS_MATCH,25,"Net debt, adjusted",GS-6415 20260517.pdf,SOURCE_RESTORED_REVIEW,ASSIGNED_FROM_PRINTED_UNIT_OR_SOURCE_TABLE_CONTEXT,,,NUMBER_OR_SOURCE_BLANK,SOURCE_TWO_READERS_MATCH,PASS,NT$m,-12912.9,-12912.9,1,-12912.9,-12912.9,1,1,AFTER_ALL_ANNUAL_CHECKS,-12912.9
ce1ebbbcf776b901428970539963c7d7f9b12ff41f78fe93c58646d115aa6992,N01-P2-T3,2,Netincome,,2025,12/25,ANNUAL,UNSPECIFIED,value,value,"2,477.9","2,477.9",Netincome,2477.9,NT$m,Goldman Sachs,"[[312.79864501953125, 545.8004760742188, 322.28594970703125, 551.932373046875], [324.0373840332031, 545.8004760742188, 343.1019287109375, 551.932373046875], [428.9294128417969, 545.8004760742188, 447.2470703125, 551.932373046875], [466.39129638671875, 545.8004760742188, 484.7089538574219, 551.932373046875], [504.6024169921875, 545.8004760742188, 522.9200439453125, 551.932373046875], [539.8165283203125, 545.8004760742188, 561.1305541992188, 551.932373046875]]",SOURCE_TWO_READERS_MATCH,1,Net income,GS-6415 20260517.pdf,SOURCE_RESTORED_REVIEW,ASSIGNED_FROM_PRINTED_UNIT_OR_SOURCE_TABLE_CONTEXT,,,NUMBER_OR_SOURCE_BLANK,SOURCE_TWO_READERS_MATCH,PASS,NT$m,2477.9,2477.9,1,2477.9,2477.9,1,1,AFTER_ALL_ANNUAL_CHECKS,2477.9
ce1ebbbcf776b901428970539963c7d7f9b12ff41f78fe93c58646d115aa6992,N01-P2-T3,2,Netincome,,2026,12/26E,ANNUAL,FORECAST,value,value,"4,457.8","4,457.8",Netincome,4457.8,NT$m,Goldman Sachs,"[[312.79864501953125, 545.8004760742188, 322.28594970703125, 551.932373046875], [324.0373840332031, 545.8004760742188, 343.1019287109375, 551.932373046875], [428.9294128417969, 545.8004760742188, 447.2470703125, 551.932373046875], [466.39129638671875, 545.8004760742188, 484.7089538574219, 551.932373046875], [504.6024169921875, 545.8004760742188, 522.9200439453125, 551.932373046875], [539.8165283203125, 545.8004760742188, 561.1305541992188, 551.932373046875]]",SOURCE_TWO_READERS_MATCH,1,Net income,GS-6415 20260517.pdf,SOURCE_RESTORED_REVIEW,ASSIGNED_FROM_PRINTED_UNIT_OR_SOURCE_TABLE_CONTEXT,,,NUMBER_OR_SOURCE_BLANK,SOURCE_TWO_READERS_MATCH,PASS,NT$m,4457.8,4457.8,1,4457.8,4457.8,1,1,AFTER_ALL_ANNUAL_CHECKS,4457.8
ce1ebbbcf776b901428970539963c7d7f9b12ff41f78fe93c58646d115aa6992,N01-P2-T3,2,Netincome,,2027,12/27E,ANNUAL,FORECAST,value,value,"8,407.7","8,407.7",Netincome,8407.7,NT$m,Goldman Sachs,"[[312.79864501953125, 545.8004760742188, 322.28594970703125, 551.932373046875], [324.0373840332031, 545.8004760742188, 343.1019287109375, 551.932373046875], [428.9294128417969, 545.8004760742188, 447.2470703125, 551.932373046875], [466.39129638671875, 545.8004760742188, 484.7089538574219, 551.932373046875], [504.6024169921875, 545.8004760742188, 522.9200439453125, 551.932373046875], [539.8165283203125, 545.8004760742188, 561.1305541992188, 551.932373046875]]",SOURCE_TWO_READERS_MATCH,1,Net income,GS-6415 20260517.pdf,SOURCE_RESTORED_REVIEW,ASSIGNED_FROM_PRINTED_UNIT_OR_SOURCE_TABLE_CONTEXT,,,NUMBER_OR_SOURCE_BLANK,SOURCE_TWO_READERS_MATCH,PASS,NT$m,8407.7,8407.7,1,8407.7,8407.7,1,1,AFTER_ALL_ANNUAL_CHECKS,8407.7
ce1ebbbcf776b901428970539963c7d7f9b12ff41f78fe93c58646d115aa6992,N01-P2-T3,2,Netincome,,2028,12/28E,ANNUAL,FORECAST,value,value,"12,595.9","12,595.9",Netincome,12595.9,NT$m,Goldman Sachs,"[[312.79864501953125, 545.8004760742188, 322.28594970703125, 551.932373046875], [324.0373840332031, 545.8004760742188, 343.1019287109375, 551.932373046875], [428.9294128417969, 545.8004760742188, 447.2470703125, 551.932373046875], [466.39129638671875, 545.8004760742188, 484.7089538574219, 551.932373046875], [504.6024169921875, 545.8004760742188, 522.9200439453125, 551.932373046875], [539.8165283203125, 545.8004760742188, 561.1305541992188, 551.932373046875]]",SOURCE_TWO_READERS_MATCH,1,Net income,GS-6415 20260517.pdf,SOURCE_RESTORED_REVIEW,ASSIGNED_FROM_PRINTED_UNIT_OR_SOURCE_TABLE_CONTEXT,,,NUMBER_OR_SOURCE_BLANK,SOURCE_TWO_READERS_MATCH,PASS,NT$m,12595.9,12595.9,1,12595.9,12595.9,1,1,AFTER_ALL_ANNUAL_CHECKS,12595.9
ce1ebbbcf776b901428970539963c7d7f9b12ff41f78fe93c58646d115aa6992,N01-P2-T3,2,D&Aadd-back,,2025,12/25,ANNUAL,UNSPECIFIED,value,value,791.3,791.3,D&Aadd-back,791.3,NT$m,Goldman Sachs,"[[312.79864501953125, 554.79150390625, 325.78643798828125, 560.9234008789062], [327.0350036621094, 554.79150390625, 349.5119323730469, 560.9234008789062], [433.42791748046875, 554.79150390625, 447.2494812011719, 560.9234008789062], [470.88922119140625, 554.79150390625, 484.7107849121094, 560.9234008789062], [509.0997619628906, 554.79150390625, 522.9213256835938, 560.9234008789062], [547.310302734375, 554.79150390625, 561.1318359375, 560.9234008789062]]",SOURCE_TWO_READERS_MATCH,2,D&A add-back,GS-6415 20260517.pdf,SOURCE_RESTORED_REVIEW,ASSIGNED_FROM_PRINTED_UNIT_OR_SOURCE_TABLE_CONTEXT,,,NUMBER_OR_SOURCE_BLANK,SOURCE_TWO_READERS_MATCH,PASS,NT$m,791.3,791.3,1,791.3,791.3,1,1,AFTER_ALL_ANNUAL_CHECKS,791.3
ce1ebbbcf776b901428970539963c7d7f9b12ff41f78fe93c58646d115aa6992,N01-P2-T3,2,D&Aadd-back,,2026,12/26E,ANNUAL,FORECAST,value,value,761.3,761.3,D&Aadd-back,761.3,NT$m,Goldman Sachs,"[[312.79864501953125, 554.79150390625, 325.78643798828125, 560.9234008789062], [327.0350036621094, 554.79150390625, 349.5119323730469, 560.9234008789062], [433.42791748046875, 554.79150390625, 447.2494812011719, 560.9234008789062], [470.88922119140625, 554.79150390625, 484.7107849121094, 560.9234008789062], [509.0997619628906, 554.79150390625, 522.9213256835938, 560.9234008789062], [547.310302734375, 554.79150390625, 561.1318359375, 560.9234008789062]]",SOURCE_TWO_READERS_MATCH,2,D&A add-back,GS-6415 20260517.pdf,SOURCE_RESTORED_REVIEW,ASSIGNED_FROM_PRINTED_UNIT_OR_SOURCE_TABLE_CONTEXT,,,NUMBER_OR_SOURCE_BLANK,SOURCE_TWO_READERS_MATCH,PASS,NT$m,761.3,761.3,1,761.3,761.3,1,1,AFTER_ALL_ANNUAL_CHECKS,761.3
ce1ebbbcf776b901428970539963c7d7f9b12ff41f78fe93c58646d115aa6992,N01-P2-T3,2,D&Aadd-back,,2027,12/27E,ANNUAL,FORECAST,value,value,721.7,721.7,D&Aadd-back,721.7,NT$m,Goldman Sachs,"[[312.79864501953125, 554.79150390625, 325.78643798828125, 560.9234008789062], [327.0350036621094, 554.79150390625, 349.5119323730469, 560.9234008789062], [433.42791748046875, 554.79150390625, 447.2494812011719, 560.9234008789062], [470.88922119140625, 554.79150390625, 484.7107849121094, 560.9234008789062], [509.0997619628906, 554.79150390625, 522.9213256835938, 560.9234008789062], [547.310302734375, 554.79150390625, 561.1318359375, 560.9234008789062]]",SOURCE_TWO_READERS_MATCH,2,D&A add-back,GS-6415 20260517.pdf,SOURCE_RESTORED_REVIEW,ASSIGNED_FROM_PRINTED_UNIT_OR_SOURCE_TABLE_CONTEXT,,,NUMBER_OR_SOURCE_BLANK,SOURCE_TWO_READERS_MATCH,PASS,NT$m,721.7,721.7,1,721.7,721.7,1,1,AFTER_ALL_ANNUAL_CHECKS,721.7
ce1ebbbcf776b901428970539963c7d7f9b12ff41f78fe93c58646d115aa6992,N01-P2-T3,2,D&Aadd-back,,2028,12/28E,ANNUAL,FORECAST,value,value,686.6,686.6,D&Aadd-back,686.6,NT$m,Goldman Sachs,"[[312.79864501953125, 554.79150390625, 325.78643798828125, 560.9234008789062], [327.0350036621094, 554.79150390625, 349.5119323730469, 560.9234008789062], [433.42791748046875, 554.79150390625, 447.2494812011719, 560.9234008789062], [470.88922119140625, 554.79150390625, 484.7107849121094, 560.9234008789062], [509.0997619628906, 554.79150390625, 522.9213256835938, 560.9234008789062], [547.310302734375, 554.79150390625, 561.1318359375, 560.9234008789062]]",SOURCE_TWO_READERS_MATCH,2,D&A add-back,GS-6415 20260517.pdf,SOURCE_RESTORED_REVIEW,ASSIGNED_FROM_PRINTED_UNIT_OR_SOURCE_TABLE_CONTEXT,,,NUMBER_OR_SOURCE_BLANK,SOURCE_TWO_READERS_MATCH,PASS,NT$m,686.6,686.6,1,686.6,686.6,1,1,AFTER_ALL_ANNUAL_CHECKS,686.6
ce1ebbbcf776b901428970539963c7d7f9b12ff41f78fe93c58646d115aa6992,N01-P2-T3,2,Minorityinterestadd-back,,2025,12/25,ANNUAL,UNSPECIFIED,value,value,55.0,55.0,Minorityinterestadd-back,55.0,NT$m,Goldman Sachs,"[[312.79864501953125, 563.782470703125, 335.2749938964844, 569.9143676757812], [336.7746887207031, 563.782470703125, 356.75030517578125, 569.9143676757812], [358.5017395019531, 563.782470703125, 380.9786682128906, 569.9143676757812], [436.42315673828125, 563.782470703125, 447.2483215332031, 569.9143676757812], [467.89105224609375, 563.782470703125, 484.5423583984375, 569.9143676757812], [506.10400390625, 563.782470703125, 522.7553100585938, 569.9143676757812], [544.3169555664062, 563.782470703125, 560.96826171875, 569.9143676757812]]",SOURCE_TWO_READERS_MATCH,3,Minority interest add-back,GS-6415 20260517.pdf,SOURCE_RESTORED_REVIEW,ASSIGNED_FROM_PRINTED_UNIT_OR_SOURCE_TABLE_CONTEXT,,,NUMBER_OR_SOURCE_BLANK,SOURCE_TWO_READERS_MATCH,PASS,NT$m,55.0,55.0,1,55.0,55.0,1,1,AFTER_ALL_ANNUAL_CHECKS,55.0
ce1ebbbcf776b901428970539963c7d7f9b12ff41f78fe93c58646d115aa6992,N01-P2-T3,2,Minorityinterestadd-back,,2026,12/26E,ANNUAL,FORECAST,value,value,(123.2),(123.2),Minorityinterestadd-back,-123.2,NT$m,Goldman Sachs,"[[312.79864501953125, 563.782470703125, 335.2749938964844, 569.9143676757812], [336.7746887207031, 563.782470703125, 356.75030517578125, 569.9143676757812], [358.5017395019531, 563.782470703125, 380.9786682128906, 569.9143676757812], [436.42315673828125, 563.782470703125, 447.2483215332031, 569.9143676757812], [467.89105224609375, 563.782470703125, 484.5423583984375, 569.9143676757812], [506.10400390625, 563.782470703125, 522.7553100585938, 569.9143676757812], [544.3169555664062, 563.782470703125, 560.96826171875, 569.9143676757812]]",SOURCE_TWO_READERS_MATCH,3,Minority interest add-back,GS-6415 20260517.pdf,SOURCE_RESTORED_REVIEW,ASSIGNED_FROM_PRINTED_UNIT_OR_SOURCE_TABLE_CONTEXT,,,NUMBER_OR_SOURCE_BLANK,SOURCE_TWO_READERS_MATCH,PASS,NT$m,-123.2,-123.2,1,-123.2,-123.2,1,1,AFTER_ALL_ANNUAL_CHECKS,-123.2
ce1ebbbcf776b901428970539963c7d7f9b12ff41f78fe93c58646d115aa6992,N01-P2-T3,2,Minorityinterestadd-back,,2027,12/27E,ANNUAL,FORECAST,value,value,(123.2),(123.2),Minorityinterestadd-back,-123.2,NT$m,Goldman Sachs,"[[312.79864501953125, 563.782470703125, 335.2749938964844, 569.9143676757812], [336.7746887207031, 563.782470703125, 356.75030517578125, 569.9143676757812], [358.5017395019531, 563.782470703125, 380.9786682128906, 569.9143676757812], [436.42315673828125, 563.782470703125, 447.2483215332031, 569.9143676757812], [467.89105224609375, 563.782470703125, 484.5423583984375, 569.9143676757812], [506.10400390625, 563.782470703125, 522.7553100585938, 569.9143676757812], [544.3169555664062, 563.782470703125, 560.96826171875, 569.9143676757812]]",SOURCE_TWO_READERS_MATCH,3,Minority interest add-back,GS-6415 20260517.pdf,SOURCE_RESTORED_REVIEW,ASSIGNED_FROM_PRINTED_UNIT_OR_SOURCE_TABLE_CONTEXT,,,NUMBER_OR_SOURCE_BLANK,SOURCE_TWO_READERS_MATCH,PASS,NT$m,-123.2,-123.2,1,-123.2,-123.2,1,1,AFTER_ALL_ANNUAL_CHECKS,-123.2
ce1ebbbcf776b901428970539963c7d7f9b12ff41f78fe93c58646d115aa6992,N01-P2-T3,2,Minorityinterestadd-back,,2028,12/28E,ANNUAL,FORECAST,value,value,(123.2),(123.2),Minorityinterestadd-back,-123.2,NT$m,Goldman Sachs,"[[312.79864501953125, 563.782470703125, 335.2749938964844, 569.9143676757812], [336.7746887207031, 563.782470703125, 356.75030517578125, 569.9143676757812], [358.5017395019531, 563.782470703125, 380.9786682128906, 569.9143676757812], [436.42315673828125, 563.782470703125, 447.2483215332031, 569.9143676757812], [467.89105224609375, 563.782470703125, 484.5423583984375, 569.9143676757812], [506.10400390625, 563.782470703125, 522.7553100585938, 569.9143676757812], [544.3169555664062, 563.782470703125, 560.96826171875, 569.9143676757812]]",SOURCE_TWO_READERS_MATCH,3,Minority interest add-back,GS-6415 20260517.pdf,SOURCE_RESTORED_REVIEW,ASSIGNED_FROM_PRINTED_UNIT_OR_SOURCE_TABLE_CONTEXT,,,NUMBER_OR_SOURCE_BLANK,SOURCE_TWO_READERS_MATCH,PASS,NT$m,-123.2,-123.2,1,-123.2,-123.2,1,1,AFTER_ALL_ANNUAL_CHECKS,-123.2
ce1ebbbcf776b901428970539963c7d7f9b12ff41f78fe93c58646d115aa6992,N01-P2-T3,2,Net(inc)/decworkingcapital,,2025,12/25,ANNUAL,UNSPECIFIED,value,value,"(1,366.9)","(1,366.9)",Net(inc)/decworkingcapital,-1366.9,NT$m,Goldman Sachs,"[[312.79864501953125, 572.7734985351562, 322.2859802246094, 578.9053955078125], [324.0374450683594, 572.7734985351562, 345.01763916015625, 578.9053955078125], [346.5173034667969, 572.7734985351562, 367.8277893066406, 578.9053955078125], [368.9912109375, 572.7734985351562, 386.0549621582031, 578.9053955078125], [425.9324645996094, 572.7734985351562, 447.0798645019531, 578.9053955078125], [463.3967590332031, 572.7734985351562, 484.5441589355469, 578.9053955078125], [501.61029052734375, 572.7734985351562, 522.7576904296875, 578.9053955078125], [539.8238525390625, 572.7734985351562, 560.9712524414062, 578.9053955078125]]",SOURCE_TWO_READERS_MATCH,4,Net (inc)/dec working capital,GS-6415 20260517.pdf,SOURCE_RESTORED_REVIEW,ASSIGNED_FROM_PRINTED_UNIT_OR_SOURCE_TABLE_CONTEXT,,,NUMBER_OR_SOURCE_BLANK,SOURCE_TWO_READERS_MATCH,PASS,NT$m,-1366.9,-1366.9,1,-1366.9,-1366.9,1,1,AFTER_ALL_ANNUAL_CHECKS,-1366.9
ce1ebbbcf776b901428970539963c7d7f9b12ff41f78fe93c58646d115aa6992,N01-P2-T3,2,Net(inc)/decworkingcapital,,2026,12/26E,ANNUAL,FORECAST,value,value,"(2,001.2)","(2,001.2)",Net(inc)/decworkingcapital,-2001.2,NT$m,Goldman Sachs,"[[312.79864501953125, 572.7734985351562, 322.2859802246094, 578.9053955078125], [324.0374450683594, 572.7734985351562, 345.01763916015625, 578.9053955078125], [346.5173034667969, 572.7734985351562, 367.8277893066406, 578.9053955078125], [368.9912109375, 572.7734985351562, 386.0549621582031, 578.9053955078125], [425.9324645996094, 572.7734985351562, 447.0798645019531, 578.9053955078125], [463.3967590332031, 572.7734985351562, 484.5441589355469, 578.9053955078125], [501.61029052734375, 572.7734985351562, 522.7576904296875, 578.9053955078125], [539.8238525390625, 572.7734985351562, 560.9712524414062, 578.9053955078125]]",SOURCE_TWO_READERS_MATCH,4,Net (inc)/dec working capital,GS-6415 20260517.pdf,SOURCE_RESTORED_REVIEW,ASSIGNED_FROM_PRINTED_UNIT_OR_SOURCE_TABLE_CONTEXT,,,NUMBER_OR_SOURCE_BLANK,SOURCE_TWO_READERS_MATCH,PASS,NT$m,-2001.2,-2001.2,1,-2001.2,-2001.2,1,1,AFTER_ALL_ANNUAL_CHECKS,-2001.2
ce1ebbbcf776b901428970539963c7d7f9b12ff41f78fe93c58646d115aa6992,N01-P2-T3,2,Net(inc)/decworkingcapital,,2027,12/27E,ANNUAL,FORECAST,value,value,"(1,698.0)","(1,698.0)",Net(inc)/decworkingcapital,-1698.0,NT$m,Goldman Sachs,"[[312.79864501953125, 572.7734985351562, 322.2859802246094, 578.9053955078125], [324.0374450683594, 572.7734985351562, 345.01763916015625, 578.9053955078125], [346.5173034667969, 572.7734985351562, 367.8277893066406, 578.9053955078125], [368.9912109375, 572.7734985351562, 386.0549621582031, 578.9053955078125], [425.9324645996094, 572.7734985351562, 447.0798645019531, 578.9053955078125], [463.3967590332031, 572.7734985351562, 484.5441589355469, 578.9053955078125], [501.61029052734375, 572.7734985351562, 522.7576904296875, 578.9053955078125], [539.8238525390625, 572.7734985351562, 560.9712524414062, 578.9053955078125]]",SOURCE_TWO_READERS_MATCH,4,Net (inc)/dec working capital,GS-6415 20260517.pdf,SOURCE_RESTORED_REVIEW,ASSIGNED_FROM_PRINTED_UNIT_OR_SOURCE_TABLE_CONTEXT,,,NUMBER_OR_SOURCE_BLANK,SOURCE_TWO_READERS_MATCH,PASS,NT$m,-1698.0,-1698.0,1,-1698.0,-1698.0,1,1,AFTER_ALL_ANNUAL_CHECKS,-1698.0
ce1ebbbcf776b901428970539963c7d7f9b12ff41f78fe93c58646d115aa6992,N01-P2-T3,2,Net(inc)/decworkingcapital,,2028,12/28E,ANNUAL,FORECAST,value,value,"(1,464.7)","(1,464.7)",Net(inc)/decworkingcapital,-1464.7,NT$m,Goldman Sachs,"[[312.79864501953125, 572.7734985351562, 322.2859802246094, 578.9053955078125], [324.0374450683594, 572.7734985351562, 345.01763916015625, 578.9053955078125], [346.5173034667969, 572.7734985351562, 367.8277893066406, 578.9053955078125], [368.9912109375, 572.7734985351562, 386.0549621582031, 578.9053955078125], [425.9324645996094, 572.7734985351562, 447.0798645019531, 578.9053955078125], [463.3967590332031, 572.7734985351562, 484.5441589355469, 578.9053955078125], [501.61029052734375, 572.7734985351562, 522.7576904296875, 578.9053955078125], [539.8238525390625, 572.7734985351562, 560.9712524414062, 578.9053955078125]]",SOURCE_TWO_READERS_MATCH,4,Net (inc)/dec working capital,GS-6415 20260517.pdf,SOURCE_RESTORED_REVIEW,ASSIGNED_FROM_PRINTED_UNIT_OR_SOURCE_TABLE_CONTEXT,,,NUMBER_OR_SOURCE_BLANK,SOURCE_TWO_READERS_MATCH,PASS,NT$m,-1464.7,-1464.7,1,-1464.7,-1464.7,1,1,AFTER_ALL_ANNUAL_CHECKS,-1464.7
ce1ebbbcf776b901428970539963c7d7f9b12ff41f78fe93c58646d115aa6992,N01-P2-T3,2,Otheroperatingcashflow,,2025,12/25,ANNUAL,UNSPECIFIED,value,value,346.9,346.9,Otheroperatingcashflow,346.9,NT$m,Goldman Sachs,"[[312.79864501953125, 581.7644653320312, 327.5318603515625, 587.8963623046875], [329.2832946777344, 581.7644653320312, 353.59197998046875, 587.8963623046875], [354.75665283203125, 581.7644653320312, 367.0803527832031, 587.8963623046875], [368.2437744140625, 581.7644653320312, 379.9794006347656, 587.8963623046875], [433.4278869628906, 581.7644653320312, 447.24945068359375, 587.8963623046875], [476.8831787109375, 581.7644653320312, 484.7119445800781, 587.8963623046875], [515.0949096679688, 581.7644653320312, 522.9236450195312, 587.8963623046875], [557.8021240234375, 581.7644653320312, 560.9681396484375, 587.8963623046875]]",SOURCE_TWO_READERS_MATCH,5,Other operating cash flow,GS-6415 20260517.pdf,SOURCE_RESTORED_REVIEW,ASSIGNED_FROM_PRINTED_UNIT_OR_SOURCE_TABLE_CONTEXT,,,NUMBER_OR_SOURCE_BLANK,SOURCE_TWO_READERS_MATCH,PASS,NT$m,346.9,346.9,1,346.9,346.9,1,1,AFTER_ALL_ANNUAL_CHECKS,346.9
ce1ebbbcf776b901428970539963c7d7f9b12ff41f78fe93c58646d115aa6992,N01-P2-T3,2,Otheroperatingcashflow,,2026,12/26E,ANNUAL,FORECAST,value,value,0.0,0.0,Otheroperatingcashflow,0.0,NT$m,Goldman Sachs,"[[312.79864501953125, 581.7644653320312, 327.5318603515625, 587.8963623046875], [329.2832946777344, 581.7644653320312, 353.59197998046875, 587.8963623046875], [354.75665283203125, 581.7644653320312, 367.0803527832031, 587.8963623046875], [368.2437744140625, 581.7644653320312, 379.9794006347656, 587.8963623046875], [433.4278869628906, 581.7644653320312, 447.24945068359375, 587.8963623046875], [476.8831787109375, 581.7644653320312, 484.7119445800781, 587.8963623046875], [515.0949096679688, 581.7644653320312, 522.9236450195312, 587.8963623046875], [557.8021240234375, 581.7644653320312, 560.9681396484375, 587.8963623046875]]",SOURCE_TWO_READERS_MATCH,5,Other operating cash flow,GS-6415 20260517.pdf,SOURCE_RESTORED_REVIEW,ASSIGNED_FROM_PRINTED_UNIT_OR_SOURCE_TABLE_CONTEXT,,,NUMBER_OR_SOURCE_BLANK,SOURCE_TWO_READERS_MATCH,PASS,NT$m,0.0,0.0,1,0.0,0.0,1,1,AFTER_ALL_ANNUAL_CHECKS,0.0
ce1ebbbcf776b901428970539963c7d7f9b12ff41f78fe93c58646d115aa6992,N01-P2-T3,2,Otheroperatingcashflow,,2027,12/27E,ANNUAL,FORECAST,value,value,0.0,0.0,Otheroperatingcashflow,0.0,NT$m,Goldman Sachs,"[[312.79864501953125, 581.7644653320312, 327.5318603515625, 587.8963623046875], [329.2832946777344, 581.7644653320312, 353.59197998046875, 587.8963623046875], [354.75665283203125, 581.7644653320312, 367.0803527832031, 587.8963623046875], [368.2437744140625, 581.7644653320312, 379.9794006347656, 587.8963623046875], [433.4278869628906, 581.7644653320312, 447.24945068359375, 587.8963623046875], [476.8831787109375, 581.7644653320312, 484.7119445800781, 587.8963623046875], [515.0949096679688, 581.7644653320312, 522.9236450195312, 587.8963623046875], [557.8021240234375, 581.7644653320312, 560.9681396484375, 587.8963623046875]]",SOURCE_TWO_READERS_MATCH,5,Other operating cash flow,GS-6415 20260517.pdf,SOURCE_RESTORED_REVIEW,ASSIGNED_FROM_PRINTED_UNIT_OR_SOURCE_TABLE_CONTEXT,,,NUMBER_OR_SOURCE_BLANK,SOURCE_TWO_READERS_MATCH,PASS,NT$m,0.0,0.0,1,0.0,0.0,1,1,AFTER_ALL_ANNUAL_CHECKS,0.0
ce1ebbbcf776b901428970539963c7d7f9b12ff41f78fe93c58646d115aa6992,N01-P2-T3,2,Otheroperatingcashflow,,2028,12/28E,ANNUAL,FORECAST,value,value,--,--,Otheroperatingcashflow,,NT$m,Goldman Sachs,"[[312.79864501953125, 581.7644653320312, 327.5318603515625, 587.8963623046875], [329.2832946777344, 581.7644653320312, 353.59197998046875, 587.8963623046875], [354.75665283203125, 581.7644653320312, 367.0803527832031, 587.8963623046875], [368.2437744140625, 581.7644653320312, 379.9794006347656, 587.8963623046875], [433.4278869628906, 581.7644653320312, 447.24945068359375, 587.8963623046875], [476.8831787109375, 581.7644653320312, 484.7119445800781, 587.8963623046875], [515.0949096679688, 581.7644653320312, 522.9236450195312, 587.8963623046875], [557.8021240234375, 581.7644653320312, 560.9681396484375, 587.8963623046875]]",SOURCE_NOT_PRINTED,5,Other operating cash flow,GS-6415 20260517.pdf,SOURCE_NOT_PRINTED,ASSIGNED_FROM_PRINTED_UNIT_OR_SOURCE_TABLE_CONTEXT,,,NUMBER_OR_SOURCE_BLANK,SOURCE_MISSING_RETAINED,PASS,NT$m,,,1,,,,,NOT_MONETARY_OR_SOURCE_MISSING_NO_ROUNDING,--
ce1ebbbcf776b901428970539963c7d7f9b12ff41f78fe93c58646d115aa6992,N01-P2-T3,2,Cashflowfromoperations,,2025,12/25,ANNUAL,UNSPECIFIED,value,value,"2,304.3","2,304.3",Cashflowfromoperations,2304.3,NT$m,Goldman Sachs,"[[312.79864501953125, 590.7554931640625, 326.20123291015625, 596.8873901367188], [327.7860412597656, 590.7554931640625, 340.609619140625, 596.8873901367188], [342.0248107910156, 590.7554931640625, 355.9194641113281, 596.8873901367188], [357.75482177734375, 590.7554931640625, 387.7283935546875, 596.8873901367188], [428.932373046875, 590.7554931640625, 447.2512512207031, 596.8873901367188], [466.3954772949219, 590.7554931640625, 484.7125549316406, 596.8873901367188], [504.60601806640625, 590.7554931640625, 522.9242553710938, 596.8873901367188], [539.8207397460938, 590.7554931640625, 561.135986328125, 596.8873901367188]]",SOURCE_TWO_READERS_MATCH,6,Cash flow from operations,GS-6415 20260517.pdf,SOURCE_RESTORED_REVIEW,ASSIGNED_FROM_PRINTED_UNIT_OR_SOURCE_TABLE_CONTEXT,,,NUMBER_OR_SOURCE_BLANK,SOURCE_TWO_READERS_MATCH,PASS,NT$m,2304.3,2304.3,1,2304.3,2304.3,1,1,AFTER_ALL_ANNUAL_CHECKS,2304.3
ce1ebbbcf776b901428970539963c7d7f9b12ff41f78fe93c58646d115aa6992,N01-P2-T3,2,Cashflowfromoperations,,2026,12/26E,ANNUAL,FORECAST,value,value,"3,094.6","3,094.6",Cashflowfromoperations,3094.6,NT$m,Goldman Sachs,"[[312.79864501953125, 590.7554931640625, 326.20123291015625, 596.8873901367188], [327.7860412597656, 590.7554931640625, 340.609619140625, 596.8873901367188], [342.0248107910156, 590.7554931640625, 355.9194641113281, 596.8873901367188], [357.75482177734375, 590.7554931640625, 387.7283935546875, 596.8873901367188], [428.932373046875, 590.7554931640625, 447.2512512207031, 596.8873901367188], [466.3954772949219, 590.7554931640625, 484.7125549316406, 596.8873901367188], [504.60601806640625, 590.7554931640625, 522.9242553710938, 596.8873901367188], [539.8207397460938, 590.7554931640625, 561.135986328125, 596.8873901367188]]",SOURCE_TWO_READERS_MATCH,6,Cash flow from operations,GS-6415 20260517.pdf,SOURCE_RESTORED_REVIEW,ASSIGNED_FROM_PRINTED_UNIT_OR_SOURCE_TABLE_CONTEXT,,,NUMBER_OR_SOURCE_BLANK,SOURCE_TWO_READERS_MATCH,PASS,NT$m,3094.6,3094.6,1,3094.6,3094.6,1,1,AFTER_ALL_ANNUAL_CHECKS,3094.6
ce1ebbbcf776b901428970539963c7d7f9b12ff41f78fe93c58646d115aa6992,N01-P2-T3,2,Cashflowfromoperations,,2027,12/27E,ANNUAL,FORECAST,value,value,"7,308.2","7,308.2",Cashflowfromoperations,7308.2,NT$m,Goldman Sachs,"[[312.79864501953125, 590.7554931640625, 326.20123291015625, 596.8873901367188], [327.7860412597656, 590.7554931640625, 340.609619140625, 596.8873901367188], [342.0248107910156, 590.7554931640625, 355.9194641113281, 596.8873901367188], [357.75482177734375, 590.7554931640625, 387.7283935546875, 596.8873901367188], [428.932373046875, 590.7554931640625, 447.2512512207031, 596.8873901367188], [466.3954772949219, 590.7554931640625, 484.7125549316406, 596.8873901367188], [504.60601806640625, 590.7554931640625, 522.9242553710938, 596.8873901367188], [539.8207397460938, 590.7554931640625, 561.135986328125, 596.8873901367188]]",SOURCE_TWO_READERS_MATCH,6,Cash flow from operations,GS-6415 20260517.pdf,SOURCE_RESTORED_REVIEW,ASSIGNED_FROM_PRINTED_UNIT_OR_SOURCE_TABLE_CONTEXT,,,NUMBER_OR_SOURCE_BLANK,SOURCE_TWO_READERS_MATCH,PASS,NT$m,7308.2,7308.2,1,7308.2,7308.2,1,1,AFTER_ALL_ANNUAL_CHECKS,7308.2
ce1ebbbcf776b901428970539963c7d7f9b12ff41f78fe93c58646d115aa6992,N01-P2-T3,2,Cashflowfromoperations,,2028,12/28E,ANNUAL,FORECAST,value,value,"11,694.6","11,694.6",Cashflowfromoperations,11694.6,NT$m,Goldman Sachs,"[[312.79864501953125, 590.7554931640625, 326.20123291015625, 596.8873901367188], [327.7860412597656, 590.7554931640625, 340.609619140625, 596.8873901367188], [342.0248107910156, 590.7554931640625, 355.9194641113281, 596.8873901367188], [357.75482177734375, 590.7554931640625, 387.7283935546875, 596.8873901367188], [428.932373046875, 590.7554931640625, 447.2512512207031, 596.8873901367188], [466.3954772949219, 590.7554931640625, 484.7125549316406, 596.8873901367188], [504.60601806640625, 590.7554931640625, 522.9242553710938, 596.8873901367188], [539.8207397460938, 590.7554931640625, 561.135986328125, 596.8873901367188]]",SOURCE_TWO_READERS_MATCH,6,Cash flow from operations,GS-6415 20260517.pdf,SOURCE_RESTORED_REVIEW,ASSIGNED_FROM_PRINTED_UNIT_OR_SOURCE_TABLE_CONTEXT,,,NUMBER_OR_SOURCE_BLANK,SOURCE_TWO_READERS_MATCH,PASS,NT$m,11694.6,11694.6,1,11694.6,11694.6,1,1,AFTER_ALL_ANNUAL_CHECKS,11694.6
ce1ebbbcf776b901428970539963c7d7f9b12ff41f78fe93c58646d115aa6992,N01-P2-T3,2,Capitalexpenditures,,2025,12/25,ANNUAL,UNSPECIFIED,value,value,"(2,060.3)","(2,060.3)",Capitalexpenditures,-2060.3,NT$m,Goldman Sachs,"[[312.798583984375, 607.2389526367188, 330.6121826171875, 613.370849609375], [332.2791442871094, 607.2389526367188, 365.2413635253906, 613.370849609375], [425.93060302734375, 607.2389526367188, 447.0780029296875, 613.370849609375], [470.88739013671875, 607.2389526367188, 484.54229736328125, 613.370849609375], [509.1009216308594, 607.2389526367188, 522.755859375, 613.370849609375], [547.3145141601562, 607.2389526367188, 560.9694213867188, 613.370849609375]]",SOURCE_TWO_READERS_MATCH,7,Capital expenditures,GS-6415 20260517.pdf,SOURCE_RESTORED_REVIEW,ASSIGNED_FROM_PRINTED_UNIT_OR_SOURCE_TABLE_CONTEXT,,,NUMBER_OR_SOURCE_BLANK,SOURCE_TWO_READERS_MATCH,PASS,NT$m,-2060.3,-2060.3,1,-2060.3,-2060.3,1,1,AFTER_ALL_ANNUAL_CHECKS,-2060.3
ce1ebbbcf776b901428970539963c7d7f9b12ff41f78fe93c58646d115aa6992,N01-P2-T3,2,Capitalexpenditures,,2026,12/26E,ANNUAL,FORECAST,value,value,(80.0),(80.0),Capitalexpenditures,-80.0,NT$m,Goldman Sachs,"[[312.798583984375, 607.2389526367188, 330.6121826171875, 613.370849609375], [332.2791442871094, 607.2389526367188, 365.2413635253906, 613.370849609375], [425.93060302734375, 607.2389526367188, 447.0780029296875, 613.370849609375], [470.88739013671875, 607.2389526367188, 484.54229736328125, 613.370849609375], [509.1009216308594, 607.2389526367188, 522.755859375, 613.370849609375], [547.3145141601562, 607.2389526367188, 560.9694213867188, 613.370849609375]]",SOURCE_TWO_READERS_MATCH,7,Capital expenditures,GS-6415 20260517.pdf,SOURCE_RESTORED_REVIEW,ASSIGNED_FROM_PRINTED_UNIT_OR_SOURCE_TABLE_CONTEXT,,,NUMBER_OR_SOURCE_BLANK,SOURCE_TWO_READERS_MATCH,PASS,NT$m,-80.0,-80.0,1,-80.0,-80.0,1,1,AFTER_ALL_ANNUAL_CHECKS,-80.0
ce1ebbbcf776b901428970539963c7d7f9b12ff41f78fe93c58646d115aa6992,N01-P2-T3,2,Capitalexpenditures,,2027,12/27E,ANNUAL,FORECAST,value,value,(80.0),(80.0),Capitalexpenditures,-80.0,NT$m,Goldman Sachs,"[[312.798583984375, 607.2389526367188, 330.6121826171875, 613.370849609375], [332.2791442871094, 607.2389526367188, 365.2413635253906, 613.370849609375], [425.93060302734375, 607.2389526367188, 447.0780029296875, 613.370849609375], [470.88739013671875, 607.2389526367188, 484.54229736328125, 613.370849609375], [509.1009216308594, 607.2389526367188, 522.755859375, 613.370849609375], [547.3145141601562, 607.2389526367188, 560.9694213867188, 613.370849609375]]",SOURCE_TWO_READERS_MATCH,7,Capital expenditures,GS-6415 20260517.pdf,SOURCE_RESTORED_REVIEW,ASSIGNED_FROM_PRINTED_UNIT_OR_SOURCE_TABLE_CONTEXT,,,NUMBER_OR_SOURCE_BLANK,SOURCE_TWO_READERS_MATCH,PASS,NT$m,-80.0,-80.0,1,-80.0,-80.0,1,1,AFTER_ALL_ANNUAL_CHECKS,-80.0
ce1ebbbcf776b901428970539963c7d7f9b12ff41f78fe93c58646d115aa6992,N01-P2-T3,2,Capitalexpenditures,,2028,12/28E,ANNUAL,FORECAST,value,value,(80.0),(80.0),Capitalexpenditures,-80.0,NT$m,Goldman Sachs,"[[312.798583984375, 607.2389526367188, 330.6121826171875, 613.370849609375], [332.2791442871094, 607.2389526367188, 365.2413635253906, 613.370849609375], [425.93060302734375, 607.2389526367188, 447.0780029296875, 613.370849609375], [470.88739013671875, 607.2389526367188, 484.54229736328125, 613.370849609375], [509.1009216308594, 607.2389526367188, 522.755859375, 613.370849609375], [547.3145141601562, 607.2389526367188, 560.9694213867188, 613.370849609375]]",SOURCE_TWO_READERS_MATCH,7,Capital expenditures,GS-6415 20260517.pdf,SOURCE_RESTORED_REVIEW,ASSIGNED_FROM_PRINTED_UNIT_OR_SOURCE_TABLE_CONTEXT,,,NUMBER_OR_SOURCE_BLANK,SOURCE_TWO_READERS_MATCH,PASS,NT$m,-80.0,-80.0,1,-80.0,-80.0,1,1,AFTER_ALL_ANNUAL_CHECKS,-80.0
ce1ebbbcf776b901428970539963c7d7f9b12ff41f78fe93c58646d115aa6992,N01-P2-T3,2,Acquisitions,,2025,12/25,ANNUAL,UNSPECIFIED,value,value,"(1,701.0)","(1,701.0)",Acquisitions,-1701.0,NT$m,Goldman Sachs,"[[312.798583984375, 616.22998046875, 344.2635803222656, 622.3618774414062], [425.93182373046875, 616.22998046875, 447.0792236328125, 622.3618774414062], [481.37811279296875, 616.22998046875, 484.54412841796875, 622.3618774414062], [519.59228515625, 616.22998046875, 522.75830078125, 622.3618774414062], [557.8064575195312, 616.22998046875, 560.9724731445312, 622.3618774414062]]",SOURCE_TWO_READERS_MATCH,8,Acquisitions,GS-6415 20260517.pdf,SOURCE_RESTORED_REVIEW,ASSIGNED_FROM_PRINTED_UNIT_OR_SOURCE_TABLE_CONTEXT,,,NUMBER_OR_SOURCE_BLANK,SOURCE_TWO_READERS_MATCH,PASS,NT$m,-1701.0,-1701.0,1,-1701.0,-1701.0,1,1,AFTER_ALL_ANNUAL_CHECKS,-1701.0
ce1ebbbcf776b901428970539963c7d7f9b12ff41f78fe93c58646d115aa6992,N01-P2-T3,2,Acquisitions,,2026,12/26E,ANNUAL,FORECAST,value,value,--,--,Acquisitions,,NT$m,Goldman Sachs,"[[312.798583984375, 616.22998046875, 344.2635803222656, 622.3618774414062], [425.93182373046875, 616.22998046875, 447.0792236328125, 622.3618774414062], [481.37811279296875, 616.22998046875, 484.54412841796875, 622.3618774414062], [519.59228515625, 616.22998046875, 522.75830078125, 622.3618774414062], [557.8064575195312, 616.22998046875, 560.9724731445312, 622.3618774414062]]",SOURCE_NOT_PRINTED,8,Acquisitions,GS-6415 20260517.pdf,SOURCE_NOT_PRINTED,ASSIGNED_FROM_PRINTED_UNIT_OR_SOURCE_TABLE_CONTEXT,,,NUMBER_OR_SOURCE_BLANK,SOURCE_MISSING_RETAINED,PASS,NT$m,,,1,,,,,NOT_MONETARY_OR_SOURCE_MISSING_NO_ROUNDING,--
ce1ebbbcf776b901428970539963c7d7f9b12ff41f78fe93c58646d115aa6992,N01-P2-T3,2,Acquisitions,,2027,12/27E,ANNUAL,FORECAST,value,value,--,--,Acquisitions,,NT$m,Goldman Sachs,"[[312.798583984375, 616.22998046875, 344.2635803222656, 622.3618774414062], [425.93182373046875, 616.22998046875, 447.0792236328125, 622.3618774414062], [481.37811279296875, 616.22998046875, 484.54412841796875, 622.3618774414062], [519.59228515625, 616.22998046875, 522.75830078125, 622.3618774414062], [557.8064575195312, 616.22998046875, 560.9724731445312, 622.3618774414062]]",SOURCE_NOT_PRINTED,8,Acquisitions,GS-6415 20260517.pdf,SOURCE_NOT_PRINTED,ASSIGNED_FROM_PRINTED_UNIT_OR_SOURCE_TABLE_CONTEXT,,,NUMBER_OR_SOURCE_BLANK,SOURCE_MISSING_RETAINED,PASS,NT$m,,,1,,,,,NOT_MONETARY_OR_SOURCE_MISSING_NO_ROUNDING,--
ce1ebbbcf776b901428970539963c7d7f9b12ff41f78fe93c58646d115aa6992,N01-P2-T3,2,Acquisitions,,2028,12/28E,ANNUAL,FORECAST,value,value,--,--,Acquisitions,,NT$m,Goldman Sachs,"[[312.798583984375, 616.22998046875, 344.2635803222656, 622.3618774414062], [425.93182373046875, 616.22998046875, 447.0792236328125, 622.3618774414062], [481.37811279296875, 616.22998046875, 484.54412841796875, 622.3618774414062], [519.59228515625, 616.22998046875, 522.75830078125, 622.3618774414062], [557.8064575195312, 616.22998046875, 560.9724731445312, 622.3618774414062]]",SOURCE_NOT_PRINTED,8,Acquisitions,GS-6415 20260517.pdf,SOURCE_NOT_PRINTED,ASSIGNED_FROM_PRINTED_UNIT_OR_SOURCE_TABLE_CONTEXT,,,NUMBER_OR_SOURCE_BLANK,SOURCE_MISSING_RETAINED,PASS,NT$m,,,1,,,,,NOT_MONETARY_OR_SOURCE_MISSING_NO_ROUNDING,--
ce1ebbbcf776b901428970539963c7d7f9b12ff41f78fe93c58646d115aa6992,N01-P2-T3,2,Divestitures,,2025,12/25,ANNUAL,UNSPECIFIED,value,value,--,--,Divestitures,,NT$m,Goldman Sachs,"[[312.798583984375, 625.2210083007812, 345.0127868652344, 631.3529052734375], [443.9137878417969, 625.2210083007812, 447.0798034667969, 631.3529052734375], [481.3786926269531, 625.2210083007812, 484.5447082519531, 631.3529052734375], [519.5928344726562, 625.2210083007812, 522.7588500976562, 631.3529052734375], [557.8070068359375, 625.2210083007812, 560.9730224609375, 631.3529052734375]]",SOURCE_NOT_PRINTED,9,Divestitures,GS-6415 20260517.pdf,SOURCE_NOT_PRINTED,ASSIGNED_FROM_PRINTED_UNIT_OR_SOURCE_TABLE_CONTEXT,,,NUMBER_OR_SOURCE_BLANK,SOURCE_MISSING_RETAINED,PASS,NT$m,,,1,,,,,NOT_MONETARY_OR_SOURCE_MISSING_NO_ROUNDING,--
ce1ebbbcf776b901428970539963c7d7f9b12ff41f78fe93c58646d115aa6992,N01-P2-T3,2,Divestitures,,2026,12/26E,ANNUAL,FORECAST,value,value,--,--,Divestitures,,NT$m,Goldman Sachs,"[[312.798583984375, 625.2210083007812, 345.0127868652344, 631.3529052734375], [443.9137878417969, 625.2210083007812, 447.0798034667969, 631.3529052734375], [481.3786926269531, 625.2210083007812, 484.5447082519531, 631.3529052734375], [519.5928344726562, 625.2210083007812, 522.7588500976562, 631.3529052734375], [557.8070068359375, 625.2210083007812, 560.9730224609375, 631.3529052734375]]",SOURCE_NOT_PRINTED,9,Divestitures,GS-6415 20260517.pdf,SOURCE_NOT_PRINTED,ASSIGNED_FROM_PRINTED_UNIT_OR_SOURCE_TABLE_CONTEXT,,,NUMBER_OR_SOURCE_BLANK,SOURCE_MISSING_RETAINED,PASS,NT$m,,,1,,,,,NOT_MONETARY_OR_SOURCE_MISSING_NO_ROUNDING,--
ce1ebbbcf776b901428970539963c7d7f9b12ff41f78fe93c58646d115aa6992,N01-P2-T3,2,Divestitures,,2027,12/27E,ANNUAL,FORECAST,value,value,--,--,Divestitures,,NT$m,Goldman Sachs,"[[312.798583984375, 625.2210083007812, 345.0127868652344, 631.3529052734375], [443.9137878417969, 625.2210083007812, 447.0798034667969, 631.3529052734375], [481.3786926269531, 625.2210083007812, 484.5447082519531, 631.3529052734375], [519.5928344726562, 625.2210083007812, 522.7588500976562, 631.3529052734375], [557.8070068359375, 625.2210083007812, 560.9730224609375, 631.3529052734375]]",SOURCE_NOT_PRINTED,9,Divestitures,GS-6415 20260517.pdf,SOURCE_NOT_PRINTED,ASSIGNED_FROM_PRINTED_UNIT_OR_SOURCE_TABLE_CONTEXT,,,NUMBER_OR_SOURCE_BLANK,SOURCE_MISSING_RETAINED,PASS,NT$m,,,1,,,,,NOT_MONETARY_OR_SOURCE_MISSING_NO_ROUNDING,--
ce1ebbbcf776b901428970539963c7d7f9b12ff41f78fe93c58646d115aa6992,N01-P2-T3,2,Divestitures,,2028,12/28E,ANNUAL,FORECAST,value,value,--,--,Divestitures,,NT$m,Goldman Sachs,"[[312.798583984375, 625.2210083007812, 345.0127868652344, 631.3529052734375], [443.9137878417969, 625.2210083007812, 447.0798034667969, 631.3529052734375], [481.3786926269531, 625.2210083007812, 484.5447082519531, 631.3529052734375], [519.5928344726562, 625.2210083007812, 522.7588500976562, 631.3529052734375], [557.8070068359375, 625.2210083007812, 560.9730224609375, 631.3529052734375]]",SOURCE_NOT_PRINTED,9,Divestitures,GS-6415 20260517.pdf,SOURCE_NOT_PRINTED,ASSIGNED_FROM_PRINTED_UNIT_OR_SOURCE_TABLE_CONTEXT,,,NUMBER_OR_SOURCE_BLANK,SOURCE_MISSING_RETAINED,PASS,NT$m,,,1,,,,,NOT_MONETARY_OR_SOURCE_MISSING_NO_ROUNDING,--
ce1ebbbcf776b901428970539963c7d7f9b12ff41f78fe93c58646d115aa6992,N01-P2-T3,2,Others,,2025,12/25,ANNUAL,UNSPECIFIED,value,value,"(4,772.8)","(4,772.8)",Others,-4772.8,NT$m,Goldman Sachs,"[[312.798583984375, 634.2119750976562, 330.7805480957031, 640.3438720703125], [425.935302734375, 634.2119750976562, 447.08270263671875, 640.3438720703125], [481.381591796875, 634.2119750976562, 484.547607421875, 640.3438720703125], [519.5957641601562, 634.2119750976562, 522.7617797851562, 640.3438720703125], [557.8099365234375, 634.2119750976562, 560.9759521484375, 640.3438720703125]]",SOURCE_TWO_READERS_MATCH,10,Others,GS-6415 20260517.pdf,SOURCE_RESTORED_REVIEW,ASSIGNED_FROM_PRINTED_UNIT_OR_SOURCE_TABLE_CONTEXT,,,NUMBER_OR_SOURCE_BLANK,SOURCE_TWO_READERS_MATCH,PASS,NT$m,-4772.8,-4772.8,1,-4772.8,-4772.8,1,1,AFTER_ALL_ANNUAL_CHECKS,-4772.8
ce1ebbbcf776b901428970539963c7d7f9b12ff41f78fe93c58646d115aa6992,N01-P2-T3,2,Others,,2026,12/26E,ANNUAL,FORECAST,value,value,--,--,Others,,NT$m,Goldman Sachs,"[[312.798583984375, 634.2119750976562, 330.7805480957031, 640.3438720703125], [425.935302734375, 634.2119750976562, 447.08270263671875, 640.3438720703125], [481.381591796875, 634.2119750976562, 484.547607421875, 640.3438720703125], [519.5957641601562, 634.2119750976562, 522.7617797851562, 640.3438720703125], [557.8099365234375, 634.2119750976562, 560.9759521484375, 640.3438720703125]]",SOURCE_NOT_PRINTED,10,Others,GS-6415 20260517.pdf,SOURCE_NOT_PRINTED,ASSIGNED_FROM_PRINTED_UNIT_OR_SOURCE_TABLE_CONTEXT,,,NUMBER_OR_SOURCE_BLANK,SOURCE_MISSING_RETAINED,PASS,NT$m,,,1,,,,,NOT_MONETARY_OR_SOURCE_MISSING_NO_ROUNDING,--
ce1ebbbcf776b901428970539963c7d7f9b12ff41f78fe93c58646d115aa6992,N01-P2-T3,2,Others,,2027,12/27E,ANNUAL,FORECAST,value,value,--,--,Others,,NT$m,Goldman Sachs,"[[312.798583984375, 634.2119750976562, 330.7805480957031, 640.3438720703125], [425.935302734375, 634.2119750976562, 447.08270263671875, 640.3438720703125], [481.381591796875, 634.2119750976562, 484.547607421875, 640.3438720703125], [519.5957641601562, 634.2119750976562, 522.7617797851562, 640.3438720703125], [557.8099365234375, 634.2119750976562, 560.9759521484375, 640.3438720703125]]",SOURCE_NOT_PRINTED,10,Others,GS-6415 20260517.pdf,SOURCE_NOT_PRINTED,ASSIGNED_FROM_PRINTED_UNIT_OR_SOURCE_TABLE_CONTEXT,,,NUMBER_OR_SOURCE_BLANK,SOURCE_MISSING_RETAINED,PASS,NT$m,,,1,,,,,NOT_MONETARY_OR_SOURCE_MISSING_NO_ROUNDING,--
ce1ebbbcf776b901428970539963c7d7f9b12ff41f78fe93c58646d115aa6992,N01-P2-T3,2,Others,,2028,12/28E,ANNUAL,FORECAST,value,value,--,--,Others,,NT$m,Goldman Sachs,"[[312.798583984375, 634.2119750976562, 330.7805480957031, 640.3438720703125], [425.935302734375, 634.2119750976562, 447.08270263671875, 640.3438720703125], [481.381591796875, 634.2119750976562, 484.547607421875, 640.3438720703125], [519.5957641601562, 634.2119750976562, 522.7617797851562, 640.3438720703125], [557.8099365234375, 634.2119750976562, 560.9759521484375, 640.3438720703125]]",SOURCE_NOT_PRINTED,10,Others,GS-6415 20260517.pdf,SOURCE_NOT_PRINTED,ASSIGNED_FROM_PRINTED_UNIT_OR_SOURCE_TABLE_CONTEXT,,,NUMBER_OR_SOURCE_BLANK,SOURCE_MISSING_RETAINED,PASS,NT$m,,,1,,,,,NOT_MONETARY_OR_SOURCE_MISSING_NO_ROUNDING,--
ce1ebbbcf776b901428970539963c7d7f9b12ff41f78fe93c58646d115aa6992,N01-P2-T3,2,Cashflowfrominvesting,,2025,12/25,ANNUAL,UNSPECIFIED,value,value,"(8,534.2)","(8,534.2)",Cashflowfrominvesting,-8534.2,NT$m,Goldman Sachs,"[[312.798583984375, 643.2029418945312, 326.201171875, 649.3348388671875], [327.7859802246094, 643.2029418945312, 340.60955810546875, 649.3348388671875], [342.0247497558594, 643.2029418945312, 355.9194030761719, 649.3348388671875], [357.7547607421875, 643.2029418945312, 383.1482849121094, 649.3348388671875], [424.4421691894531, 643.2029418945312, 446.6626281738281, 649.3348388671875], [469.3918762207031, 643.2029418945312, 484.1251220703125, 649.3348388671875], [507.6036071777344, 643.2029418945312, 522.3368530273438, 649.3348388671875], [545.8153686523438, 643.2029418945312, 560.548583984375, 649.3348388671875]]",SOURCE_TWO_READERS_MATCH,11,Cash flow from investing,GS-6415 20260517.pdf,SOURCE_RESTORED_REVIEW,ASSIGNED_FROM_PRINTED_UNIT_OR_SOURCE_TABLE_CONTEXT,,,NUMBER_OR_SOURCE_BLANK,SOURCE_TWO_READERS_MATCH,PASS,NT$m,-8534.2,-8534.2,1,-8534.2,-8534.2,1,1,AFTER_ALL_ANNUAL_CHECKS,-8534.2
ce1ebbbcf776b901428970539963c7d7f9b12ff41f78fe93c58646d115aa6992,N01-P2-T3,2,Cashflowfrominvesting,,2026,12/26E,ANNUAL,FORECAST,value,value,(80.0),(80.0),Cashflowfrominvesting,-80.0,NT$m,Goldman Sachs,"[[312.798583984375, 643.2029418945312, 326.201171875, 649.3348388671875], [327.7859802246094, 643.2029418945312, 340.60955810546875, 649.3348388671875], [342.0247497558594, 643.2029418945312, 355.9194030761719, 649.3348388671875], [357.7547607421875, 643.2029418945312, 383.1482849121094, 649.3348388671875], [424.4421691894531, 643.2029418945312, 446.6626281738281, 649.3348388671875], [469.3918762207031, 643.2029418945312, 484.1251220703125, 649.3348388671875], [507.6036071777344, 643.2029418945312, 522.3368530273438, 649.3348388671875], [545.8153686523438, 643.2029418945312, 560.548583984375, 649.3348388671875]]",SOURCE_TWO_READERS_MATCH,11,Cash flow from investing,GS-6415 20260517.pdf,SOURCE_RESTORED_REVIEW,ASSIGNED_FROM_PRINTED_UNIT_OR_SOURCE_TABLE_CONTEXT,,,NUMBER_OR_SOURCE_BLANK,SOURCE_TWO_READERS_MATCH,PASS,NT$m,-80.0,-80.0,1,-80.0,-80.0,1,1,AFTER_ALL_ANNUAL_CHECKS,-80.0
ce1ebbbcf776b901428970539963c7d7f9b12ff41f78fe93c58646d115aa6992,N01-P2-T3,2,Cashflowfrominvesting,,2027,12/27E,ANNUAL,FORECAST,value,value,(80.0),(80.0),Cashflowfrominvesting,-80.0,NT$m,Goldman Sachs,"[[312.798583984375, 643.2029418945312, 326.201171875, 649.3348388671875], [327.7859802246094, 643.2029418945312, 340.60955810546875, 649.3348388671875], [342.0247497558594, 643.2029418945312, 355.9194030761719, 649.3348388671875], [357.7547607421875, 643.2029418945312, 383.1482849121094, 649.3348388671875], [424.4421691894531, 643.2029418945312, 446.6626281738281, 649.3348388671875], [469.3918762207031, 643.2029418945312, 484.1251220703125, 649.3348388671875], [507.6036071777344, 643.2029418945312, 522.3368530273438, 649.3348388671875], [545.8153686523438, 643.2029418945312, 560.548583984375, 649.3348388671875]]",SOURCE_TWO_READERS_MATCH,11,Cash flow from investing,GS-6415 20260517.pdf,SOURCE_RESTORED_REVIEW,ASSIGNED_FROM_PRINTED_UNIT_OR_SOURCE_TABLE_CONTEXT,,,NUMBER_OR_SOURCE_BLANK,SOURCE_TWO_READERS_MATCH,PASS,NT$m,-80.0,-80.0,1,-80.0,-80.0,1,1,AFTER_ALL_ANNUAL_CHECKS,-80.0
ce1ebbbcf776b901428970539963c7d7f9b12ff41f78fe93c58646d115aa6992,N01-P2-T3,2,Cashflowfrominvesting,,2028,12/28E,ANNUAL,FORECAST,value,value,(80.0),(80.0),Cashflowfrominvesting,-80.0,NT$m,Goldman Sachs,"[[312.798583984375, 643.2029418945312, 326.201171875, 649.3348388671875], [327.7859802246094, 643.2029418945312, 340.60955810546875, 649.3348388671875], [342.0247497558594, 643.2029418945312, 355.9194030761719, 649.3348388671875], [357.7547607421875, 643.2029418945312, 383.1482849121094, 649.3348388671875], [424.4421691894531, 643.2029418945312, 446.6626281738281, 649.3348388671875], [469.3918762207031, 643.2029418945312, 484.1251220703125, 649.3348388671875], [507.6036071777344, 643.2029418945312, 522.3368530273438, 649.3348388671875], [545.8153686523438, 643.2029418945312, 560.548583984375, 649.3348388671875]]",SOURCE_TWO_READERS_MATCH,11,Cash flow from investing,GS-6415 20260517.pdf,SOURCE_RESTORED_REVIEW,ASSIGNED_FROM_PRINTED_UNIT_OR_SOURCE_TABLE_CONTEXT,,,NUMBER_OR_SOURCE_BLANK,SOURCE_TWO_READERS_MATCH,PASS,NT$m,-80.0,-80.0,1,-80.0,-80.0,1,1,AFTER_ALL_ANNUAL_CHECKS,-80.0
ce1ebbbcf776b901428970539963c7d7f9b12ff41f78fe93c58646d115aa6992,N01-P2-T3,2,Repaymentofleaseliabilities,,2025,12/25,ANNUAL,UNSPECIFIED,value,value,--,--,Repaymentofleaseliabilities,,NT$m,Goldman Sachs,"[[312.7986145019531, 659.6864624023438, 341.7652282714844, 665.818359375], [343.51666259765625, 659.6864624023438, 348.5090637207031, 665.818359375], [350.260498046875, 659.6864624023438, 364.08148193359375, 665.818359375], [365.2449035644531, 659.6864624023438, 388.4668273925781, 665.818359375], [443.91131591796875, 659.6864624023438, 447.07733154296875, 665.818359375], [481.3761901855469, 659.6864624023438, 484.5422058105469, 665.818359375], [519.59033203125, 659.6864624023438, 522.75634765625, 665.818359375], [557.804443359375, 659.6864624023438, 560.970458984375, 665.818359375]]",SOURCE_NOT_PRINTED,12,Repayment of lease liabilities,GS-6415 20260517.pdf,SOURCE_NOT_PRINTED,ASSIGNED_FROM_PRINTED_UNIT_OR_SOURCE_TABLE_CONTEXT,,,NUMBER_OR_SOURCE_BLANK,SOURCE_MISSING_RETAINED,PASS,NT$m,,,1,,,,,NOT_MONETARY_OR_SOURCE_MISSING_NO_ROUNDING,--
ce1ebbbcf776b901428970539963c7d7f9b12ff41f78fe93c58646d115aa6992,N01-P2-T3,2,Repaymentofleaseliabilities,,2026,12/26E,ANNUAL,FORECAST,value,value,--,--,Repaymentofleaseliabilities,,NT$m,Goldman Sachs,"[[312.7986145019531, 659.6864624023438, 341.7652282714844, 665.818359375], [343.51666259765625, 659.6864624023438, 348.5090637207031, 665.818359375], [350.260498046875, 659.6864624023438, 364.08148193359375, 665.818359375], [365.2449035644531, 659.6864624023438, 388.4668273925781, 665.818359375], [443.91131591796875, 659.6864624023438, 447.07733154296875, 665.818359375], [481.3761901855469, 659.6864624023438, 484.5422058105469, 665.818359375], [519.59033203125, 659.6864624023438, 522.75634765625, 665.818359375], [557.804443359375, 659.6864624023438, 560.970458984375, 665.818359375]]",SOURCE_NOT_PRINTED,12,Repayment of lease liabilities,GS-6415 20260517.pdf,SOURCE_NOT_PRINTED,ASSIGNED_FROM_PRINTED_UNIT_OR_SOURCE_TABLE_CONTEXT,,,NUMBER_OR_SOURCE_BLANK,SOURCE_MISSING_RETAINED,PASS,NT$m,,,1,,,,,NOT_MONETARY_OR_SOURCE_MISSING_NO_ROUNDING,--
ce1ebbbcf776b901428970539963c7d7f9b12ff41f78fe93c58646d115aa6992,N01-P2-T3,2,Repaymentofleaseliabilities,,2027,12/27E,ANNUAL,FORECAST,value,value,--,--,Repaymentofleaseliabilities,,NT$m,Goldman Sachs,"[[312.7986145019531, 659.6864624023438, 341.7652282714844, 665.818359375], [343.51666259765625, 659.6864624023438, 348.5090637207031, 665.818359375], [350.260498046875, 659.6864624023438, 364.08148193359375, 665.818359375], [365.2449035644531, 659.6864624023438, 388.4668273925781, 665.818359375], [443.91131591796875, 659.6864624023438, 447.07733154296875, 665.818359375], [481.3761901855469, 659.6864624023438, 484.5422058105469, 665.818359375], [519.59033203125, 659.6864624023438, 522.75634765625, 665.818359375], [557.804443359375, 659.6864624023438, 560.970458984375, 665.818359375]]",SOURCE_NOT_PRINTED,12,Repayment of lease liabilities,GS-6415 20260517.pdf,SOURCE_NOT_PRINTED,ASSIGNED_FROM_PRINTED_UNIT_OR_SOURCE_TABLE_CONTEXT,,,NUMBER_OR_SOURCE_BLANK,SOURCE_MISSING_RETAINED,PASS,NT$m,,,1,,,,,NOT_MONETARY_OR_SOURCE_MISSING_NO_ROUNDING,--
ce1ebbbcf776b901428970539963c7d7f9b12ff41f78fe93c58646d115aa6992,N01-P2-T3,2,Repaymentofleaseliabilities,,2028,12/28E,ANNUAL,FORECAST,value,value,--,--,Repaymentofleaseliabilities,,NT$m,Goldman Sachs,"[[312.7986145019531, 659.6864624023438, 341.7652282714844, 665.818359375], [343.51666259765625, 659.6864624023438, 348.5090637207031, 665.818359375], [350.260498046875, 659.6864624023438, 364.08148193359375, 665.818359375], [365.2449035644531, 659.6864624023438, 388.4668273925781, 665.818359375], [443.91131591796875, 659.6864624023438, 447.07733154296875, 665.818359375], [481.3761901855469, 659.6864624023438, 484.5422058105469, 665.818359375], [519.59033203125, 659.6864624023438, 522.75634765625, 665.818359375], [557.804443359375, 659.6864624023438, 560.970458984375, 665.818359375]]",SOURCE_NOT_PRINTED,12,Repayment of lease liabilities,GS-6415 20260517.pdf,SOURCE_NOT_PRINTED,ASSIGNED_FROM_PRINTED_UNIT_OR_SOURCE_TABLE_CONTEXT,,,NUMBER_OR_SOURCE_BLANK,SOURCE_MISSING_RETAINED,PASS,NT$m,,,1,,,,,NOT_MONETARY_OR_SOURCE_MISSING_NO_ROUNDING,--
ce1ebbbcf776b901428970539963c7d7f9b12ff41f78fe93c58646d115aa6992,N01-P2-T3,2,Dividendspaid(common&pref),,2025,12/25,ANNUAL,UNSPECIFIED,value,value,(927.4),(927.4),Dividendspaid(common&pref),-927.4,NT$m,Goldman Sachs,"[[312.7986145019531, 668.677490234375, 338.26898193359375, 674.8093872070312], [339.7686767578125, 668.677490234375, 350.5926818847656, 674.8093872070312], [351.756103515625, 668.677490234375, 376.0665588378906, 674.8093872070312], [377.22998046875, 668.677490234375, 381.5576477050781, 674.8093872070312], [383.2245788574219, 668.677490234375, 395.3791809082031, 674.8093872070312], [430.42730712890625, 668.677490234375, 447.07861328125, 674.8093872070312], [463.3955078125, 668.677490234375, 484.54290771484375, 674.8093872070312], [501.6090393066406, 668.677490234375, 522.7564697265625, 674.8093872070312], [539.8226318359375, 668.677490234375, 560.9700317382812, 674.8093872070312]]",SOURCE_TWO_READERS_MATCH,13,Dividends paid (common & pref),GS-6415 20260517.pdf,SOURCE_RESTORED_REVIEW,ASSIGNED_FROM_PRINTED_UNIT_OR_SOURCE_TABLE_CONTEXT,,,NUMBER_OR_SOURCE_BLANK,SOURCE_TWO_READERS_MATCH,PASS,NT$m,-927.4,-927.4,1,-927.4,-927.4,1,1,AFTER_ALL_ANNUAL_CHECKS,-927.4
ce1ebbbcf776b901428970539963c7d7f9b12ff41f78fe93c58646d115aa6992,N01-P2-T3,2,Dividendspaid(common&pref),,2026,12/26E,ANNUAL,FORECAST,value,value,"(2,477.9)","(2,477.9)",Dividendspaid(common&pref),-2477.9,NT$m,Goldman Sachs,"[[312.7986145019531, 668.677490234375, 338.26898193359375, 674.8093872070312], [339.7686767578125, 668.677490234375, 350.5926818847656, 674.8093872070312], [351.756103515625, 668.677490234375, 376.0665588378906, 674.8093872070312], [377.22998046875, 668.677490234375, 381.5576477050781, 674.8093872070312], [383.2245788574219, 668.677490234375, 395.3791809082031, 674.8093872070312], [430.42730712890625, 668.677490234375, 447.07861328125, 674.8093872070312], [463.3955078125, 668.677490234375, 484.54290771484375, 674.8093872070312], [501.6090393066406, 668.677490234375, 522.7564697265625, 674.8093872070312], [539.8226318359375, 668.677490234375, 560.9700317382812, 674.8093872070312]]",SOURCE_TWO_READERS_MATCH,13,Dividends paid (common & pref),GS-6415 20260517.pdf,SOURCE_RESTORED_REVIEW,ASSIGNED_FROM_PRINTED_UNIT_OR_SOURCE_TABLE_CONTEXT,,,NUMBER_OR_SOURCE_BLANK,SOURCE_TWO_READERS_MATCH,PASS,NT$m,-2477.9,-2477.9,1,-2477.9,-2477.9,1,1,AFTER_ALL_ANNUAL_CHECKS,-2477.9
ce1ebbbcf776b901428970539963c7d7f9b12ff41f78fe93c58646d115aa6992,N01-P2-T3,2,Dividendspaid(common&pref),,2027,12/27E,ANNUAL,FORECAST,value,value,"(4,457.8)","(4,457.8)",Dividendspaid(common&pref),-4457.8,NT$m,Goldman Sachs,"[[312.7986145019531, 668.677490234375, 338.26898193359375, 674.8093872070312], [339.7686767578125, 668.677490234375, 350.5926818847656, 674.8093872070312], [351.756103515625, 668.677490234375, 376.0665588378906, 674.8093872070312], [377.22998046875, 668.677490234375, 381.5576477050781, 674.8093872070312], [383.2245788574219, 668.677490234375, 395.3791809082031, 674.8093872070312], [430.42730712890625, 668.677490234375, 447.07861328125, 674.8093872070312], [463.3955078125, 668.677490234375, 484.54290771484375, 674.8093872070312], [501.6090393066406, 668.677490234375, 522.7564697265625, 674.8093872070312], [539.8226318359375, 668.677490234375, 560.9700317382812, 674.8093872070312]]",SOURCE_TWO_READERS_MATCH,13,Dividends paid (common & pref),GS-6415 20260517.pdf,SOURCE_RESTORED_REVIEW,ASSIGNED_FROM_PRINTED_UNIT_OR_SOURCE_TABLE_CONTEXT,,,NUMBER_OR_SOURCE_BLANK,SOURCE_TWO_READERS_MATCH,PASS,NT$m,-4457.8,-4457.8,1,-4457.8,-4457.8,1,1,AFTER_ALL_ANNUAL_CHECKS,-4457.8
ce1ebbbcf776b901428970539963c7d7f9b12ff41f78fe93c58646d115aa6992,N01-P2-T3,2,Dividendspaid(common&pref),,2028,12/28E,ANNUAL,FORECAST,value,value,"(8,407.7)","(8,407.7)",Dividendspaid(common&pref),-8407.7,NT$m,Goldman Sachs,"[[312.7986145019531, 668.677490234375, 338.26898193359375, 674.8093872070312], [339.7686767578125, 668.677490234375, 350.5926818847656, 674.8093872070312], [351.756103515625, 668.677490234375, 376.0665588378906, 674.8093872070312], [377.22998046875, 668.677490234375, 381.5576477050781, 674.8093872070312], [383.2245788574219, 668.677490234375, 395.3791809082031, 674.8093872070312], [430.42730712890625, 668.677490234375, 447.07861328125, 674.8093872070312], [463.3955078125, 668.677490234375, 484.54290771484375, 674.8093872070312], [501.6090393066406, 668.677490234375, 522.7564697265625, 674.8093872070312], [539.8226318359375, 668.677490234375, 560.9700317382812, 674.8093872070312]]",SOURCE_TWO_READERS_MATCH,13,Dividends paid (common & pref),GS-6415 20260517.pdf,SOURCE_RESTORED_REVIEW,ASSIGNED_FROM_PRINTED_UNIT_OR_SOURCE_TABLE_CONTEXT,,,NUMBER_OR_SOURCE_BLANK,SOURCE_TWO_READERS_MATCH,PASS,NT$m,-8407.7,-8407.7,1,-8407.7,-8407.7,1,1,AFTER_ALL_ANNUAL_CHECKS,-8407.7
ce1ebbbcf776b901428970539963c7d7f9b12ff41f78fe93c58646d115aa6992,N01-P2-T3,2,Inc/(dec)indebt,,2025,12/25,ANNUAL,UNSPECIFIED,value,value,"1,589.8","1,589.8",Inc/(dec)indebt,1589.8,NT$m,Goldman Sachs,"[[312.7986145019531, 677.66845703125, 333.9472351074219, 683.8003540039062], [335.2803039550781, 677.66845703125, 340.11090087890625, 683.8003540039062], [341.2743225097656, 677.66845703125, 352.259521484375, 683.8003540039062], [428.93475341796875, 677.66845703125, 447.2524108886719, 683.8003540039062], [481.38165283203125, 677.66845703125, 484.54766845703125, 683.8003540039062], [519.5958251953125, 677.66845703125, 522.7618408203125, 683.8003540039062], [557.8099975585938, 677.66845703125, 560.9760131835938, 683.8003540039062]]",SOURCE_TWO_READERS_MATCH,14,Inc/(dec) in debt,GS-6415 20260517.pdf,SOURCE_RESTORED_REVIEW,ASSIGNED_FROM_PRINTED_UNIT_OR_SOURCE_TABLE_CONTEXT,,,NUMBER_OR_SOURCE_BLANK,SOURCE_TWO_READERS_MATCH,PASS,NT$m,1589.8,1589.8,1,1589.8,1589.8,1,1,AFTER_ALL_ANNUAL_CHECKS,1589.8
ce1ebbbcf776b901428970539963c7d7f9b12ff41f78fe93c58646d115aa6992,N01-P2-T3,2,Inc/(dec)indebt,,2026,12/26E,ANNUAL,FORECAST,value,value,--,--,Inc/(dec)indebt,,NT$m,Goldman Sachs,"[[312.7986145019531, 677.66845703125, 333.9472351074219, 683.8003540039062], [335.2803039550781, 677.66845703125, 340.11090087890625, 683.8003540039062], [341.2743225097656, 677.66845703125, 352.259521484375, 683.8003540039062], [428.93475341796875, 677.66845703125, 447.2524108886719, 683.8003540039062], [481.38165283203125, 677.66845703125, 484.54766845703125, 683.8003540039062], [519.5958251953125, 677.66845703125, 522.7618408203125, 683.8003540039062], [557.8099975585938, 677.66845703125, 560.9760131835938, 683.8003540039062]]",SOURCE_NOT_PRINTED,14,Inc/(dec) in debt,GS-6415 20260517.pdf,SOURCE_NOT_PRINTED,ASSIGNED_FROM_PRINTED_UNIT_OR_SOURCE_TABLE_CONTEXT,,,NUMBER_OR_SOURCE_BLANK,SOURCE_MISSING_RETAINED,PASS,NT$m,,,1,,,,,NOT_MONETARY_OR_SOURCE_MISSING_NO_ROUNDING,--
ce1ebbbcf776b901428970539963c7d7f9b12ff41f78fe93c58646d115aa6992,N01-P2-T3,2,Inc/(dec)indebt,,2027,12/27E,ANNUAL,FORECAST,value,value,--,--,Inc/(dec)indebt,,NT$m,Goldman Sachs,"[[312.7986145019531, 677.66845703125, 333.9472351074219, 683.8003540039062], [335.2803039550781, 677.66845703125, 340.11090087890625, 683.8003540039062], [341.2743225097656, 677.66845703125, 352.259521484375, 683.8003540039062], [428.93475341796875, 677.66845703125, 447.2524108886719, 683.8003540039062], [481.38165283203125, 677.66845703125, 484.54766845703125, 683.8003540039062], [519.5958251953125, 677.66845703125, 522.7618408203125, 683.8003540039062], [557.8099975585938, 677.66845703125, 560.9760131835938, 683.8003540039062]]",SOURCE_NOT_PRINTED,14,Inc/(dec) in debt,GS-6415 20260517.pdf,SOURCE_NOT_PRINTED,ASSIGNED_FROM_PRINTED_UNIT_OR_SOURCE_TABLE_CONTEXT,,,NUMBER_OR_SOURCE_BLANK,SOURCE_MISSING_RETAINED,PASS,NT$m,,,1,,,,,NOT_MONETARY_OR_SOURCE_MISSING_NO_ROUNDING,--
ce1ebbbcf776b901428970539963c7d7f9b12ff41f78fe93c58646d115aa6992,N01-P2-T3,2,Inc/(dec)indebt,,2028,12/28E,ANNUAL,FORECAST,value,value,--,--,Inc/(dec)indebt,,NT$m,Goldman Sachs,"[[312.7986145019531, 677.66845703125, 333.9472351074219, 683.8003540039062], [335.2803039550781, 677.66845703125, 340.11090087890625, 683.8003540039062], [341.2743225097656, 677.66845703125, 352.259521484375, 683.8003540039062], [428.93475341796875, 677.66845703125, 447.2524108886719, 683.8003540039062], [481.38165283203125, 677.66845703125, 484.54766845703125, 683.8003540039062], [519.5958251953125, 677.66845703125, 522.7618408203125, 683.8003540039062], [557.8099975585938, 677.66845703125, 560.9760131835938, 683.8003540039062]]",SOURCE_NOT_PRINTED,14,Inc/(dec) in debt,GS-6415 20260517.pdf,SOURCE_NOT_PRINTED,ASSIGNED_FROM_PRINTED_UNIT_OR_SOURCE_TABLE_CONTEXT,,,NUMBER_OR_SOURCE_BLANK,SOURCE_MISSING_RETAINED,PASS,NT$m,,,1,,,,,NOT_MONETARY_OR_SOURCE_MISSING_NO_ROUNDING,--
ce1ebbbcf776b901428970539963c7d7f9b12ff41f78fe93c58646d115aa6992,N01-P2-T3,2,Otherfinancingcashflows,,2025,12/25,ANNUAL,UNSPECIFIED,value,value,(878.7),(878.7),Otherfinancingcashflows,-878.7,NT$m,Goldman Sachs,"[[312.7986145019531, 686.6594848632812, 327.5318603515625, 692.7913818359375], [329.2832946777344, 686.6594848632812, 352.84271240234375, 692.7913818359375], [354.0061340332031, 686.6594848632812, 366.329833984375, 692.7913818359375], [367.4932556152344, 686.6594848632812, 382.4788818359375, 692.7913818359375], [430.4308776855469, 686.6594848632812, 447.0821838378906, 692.7913818359375], [476.88555908203125, 686.6594848632812, 484.7143249511719, 692.7913818359375], [515.0972900390625, 686.6594848632812, 522.926025390625, 692.7913818359375], [553.3090209960938, 686.6594848632812, 561.1377563476562, 692.7913818359375]]",SOURCE_TWO_READERS_MATCH,15,Other financing cash flows,GS-6415 20260517.pdf,SOURCE_RESTORED_REVIEW,ASSIGNED_FROM_PRINTED_UNIT_OR_SOURCE_TABLE_CONTEXT,,,NUMBER_OR_SOURCE_BLANK,SOURCE_TWO_READERS_MATCH,PASS,NT$m,-878.7,-878.7,1,-878.7,-878.7,1,1,AFTER_ALL_ANNUAL_CHECKS,-878.7
ce1ebbbcf776b901428970539963c7d7f9b12ff41f78fe93c58646d115aa6992,N01-P2-T3,2,Otherfinancingcashflows,,2026,12/26E,ANNUAL,FORECAST,value,value,0.0,0.0,Otherfinancingcashflows,0.0,NT$m,Goldman Sachs,"[[312.7986145019531, 686.6594848632812, 327.5318603515625, 692.7913818359375], [329.2832946777344, 686.6594848632812, 352.84271240234375, 692.7913818359375], [354.0061340332031, 686.6594848632812, 366.329833984375, 692.7913818359375], [367.4932556152344, 686.6594848632812, 382.4788818359375, 692.7913818359375], [430.4308776855469, 686.6594848632812, 447.0821838378906, 692.7913818359375], [476.88555908203125, 686.6594848632812, 484.7143249511719, 692.7913818359375], [515.0972900390625, 686.6594848632812, 522.926025390625, 692.7913818359375], [553.3090209960938, 686.6594848632812, 561.1377563476562, 692.7913818359375]]",SOURCE_TWO_READERS_MATCH,15,Other financing cash flows,GS-6415 20260517.pdf,SOURCE_RESTORED_REVIEW,ASSIGNED_FROM_PRINTED_UNIT_OR_SOURCE_TABLE_CONTEXT,,,NUMBER_OR_SOURCE_BLANK,SOURCE_TWO_READERS_MATCH,PASS,NT$m,0.0,0.0,1,0.0,0.0,1,1,AFTER_ALL_ANNUAL_CHECKS,0.0
ce1ebbbcf776b901428970539963c7d7f9b12ff41f78fe93c58646d115aa6992,N01-P2-T3,2,Otherfinancingcashflows,,2027,12/27E,ANNUAL,FORECAST,value,value,0.0,0.0,Otherfinancingcashflows,0.0,NT$m,Goldman Sachs,"[[312.7986145019531, 686.6594848632812, 327.5318603515625, 692.7913818359375], [329.2832946777344, 686.6594848632812, 352.84271240234375, 692.7913818359375], [354.0061340332031, 686.6594848632812, 366.329833984375, 692.7913818359375], [367.4932556152344, 686.6594848632812, 382.4788818359375, 692.7913818359375], [430.4308776855469, 686.6594848632812, 447.0821838378906, 692.7913818359375], [476.88555908203125, 686.6594848632812, 484.7143249511719, 692.7913818359375], [515.0972900390625, 686.6594848632812, 522.926025390625, 692.7913818359375], [553.3090209960938, 686.6594848632812, 561.1377563476562, 692.7913818359375]]",SOURCE_TWO_READERS_MATCH,15,Other financing cash flows,GS-6415 20260517.pdf,SOURCE_RESTORED_REVIEW,ASSIGNED_FROM_PRINTED_UNIT_OR_SOURCE_TABLE_CONTEXT,,,NUMBER_OR_SOURCE_BLANK,SOURCE_TWO_READERS_MATCH,PASS,NT$m,0.0,0.0,1,0.0,0.0,1,1,AFTER_ALL_ANNUAL_CHECKS,0.0
ce1ebbbcf776b901428970539963c7d7f9b12ff41f78fe93c58646d115aa6992,N01-P2-T3,2,Otherfinancingcashflows,,2028,12/28E,ANNUAL,FORECAST,value,value,0.0,0.0,Otherfinancingcashflows,0.0,NT$m,Goldman Sachs,"[[312.7986145019531, 686.6594848632812, 327.5318603515625, 692.7913818359375], [329.2832946777344, 686.6594848632812, 352.84271240234375, 692.7913818359375], [354.0061340332031, 686.6594848632812, 366.329833984375, 692.7913818359375], [367.4932556152344, 686.6594848632812, 382.4788818359375, 692.7913818359375], [430.4308776855469, 686.6594848632812, 447.0821838378906, 692.7913818359375], [476.88555908203125, 686.6594848632812, 484.7143249511719, 692.7913818359375], [515.0972900390625, 686.6594848632812, 522.926025390625, 692.7913818359375], [553.3090209960938, 686.6594848632812, 561.1377563476562, 692.7913818359375]]",SOURCE_TWO_READERS_MATCH,15,Other financing cash flows,GS-6415 20260517.pdf,SOURCE_RESTORED_REVIEW,ASSIGNED_FROM_PRINTED_UNIT_OR_SOURCE_TABLE_CONTEXT,,,NUMBER_OR_SOURCE_BLANK,SOURCE_TWO_READERS_MATCH,PASS,NT$m,0.0,0.0,1,0.0,0.0,1,1,AFTER_ALL_ANNUAL_CHECKS,0.0
ce1ebbbcf776b901428970539963c7d7f9b12ff41f78fe93c58646d115aa6992,N01-P2-T3,2,Cashflowfromfinancing,,2025,12/25,ANNUAL,UNSPECIFIED,value,value,(216.3),(216.3),Cashflowfromfinancing,-216.3,NT$m,Goldman Sachs,"[[312.7986145019531, 695.6504516601562, 326.201171875, 701.7823486328125], [327.7859802246094, 695.6504516601562, 340.60955810546875, 701.7823486328125], [342.0247497558594, 695.6504516601562, 355.91943359375, 701.7823486328125], [357.7547912597656, 695.6504516601562, 383.89996337890625, 701.7823486328125], [428.9400939941406, 695.6504516601562, 446.6614074707031, 701.7823486328125], [461.8981628417969, 695.6504516601562, 484.1239318847656, 701.7823486328125], [500.10992431640625, 695.6504516601562, 522.3368530273438, 701.7823486328125], [538.3228759765625, 695.6504516601562, 560.548583984375, 701.7823486328125]]",SOURCE_TWO_READERS_MATCH,16,Cash flow from financing,GS-6415 20260517.pdf,SOURCE_RESTORED_REVIEW,ASSIGNED_FROM_PRINTED_UNIT_OR_SOURCE_TABLE_CONTEXT,,,NUMBER_OR_SOURCE_BLANK,SOURCE_TWO_READERS_MATCH,PASS,NT$m,-216.3,-216.3,1,-216.3,-216.3,1,1,AFTER_ALL_ANNUAL_CHECKS,-216.3
ce1ebbbcf776b901428970539963c7d7f9b12ff41f78fe93c58646d115aa6992,N01-P2-T3,2,Cashflowfromfinancing,,2026,12/26E,ANNUAL,FORECAST,value,value,"(2,477.9)","(2,477.9)",Cashflowfromfinancing,-2477.9,NT$m,Goldman Sachs,"[[312.7986145019531, 695.6504516601562, 326.201171875, 701.7823486328125], [327.7859802246094, 695.6504516601562, 340.60955810546875, 701.7823486328125], [342.0247497558594, 695.6504516601562, 355.91943359375, 701.7823486328125], [357.7547912597656, 695.6504516601562, 383.89996337890625, 701.7823486328125], [428.9400939941406, 695.6504516601562, 446.6614074707031, 701.7823486328125], [461.8981628417969, 695.6504516601562, 484.1239318847656, 701.7823486328125], [500.10992431640625, 695.6504516601562, 522.3368530273438, 701.7823486328125], [538.3228759765625, 695.6504516601562, 560.548583984375, 701.7823486328125]]",SOURCE_TWO_READERS_MATCH,16,Cash flow from financing,GS-6415 20260517.pdf,SOURCE_RESTORED_REVIEW,ASSIGNED_FROM_PRINTED_UNIT_OR_SOURCE_TABLE_CONTEXT,,,NUMBER_OR_SOURCE_BLANK,SOURCE_TWO_READERS_MATCH,PASS,NT$m,-2477.9,-2477.9,1,-2477.9,-2477.9,1,1,AFTER_ALL_ANNUAL_CHECKS,-2477.9
ce1ebbbcf776b901428970539963c7d7f9b12ff41f78fe93c58646d115aa6992,N01-P2-T3,2,Cashflowfromfinancing,,2027,12/27E,ANNUAL,FORECAST,value,value,"(4,457.8)","(4,457.8)",Cashflowfromfinancing,-4457.8,NT$m,Goldman Sachs,"[[312.7986145019531, 695.6504516601562, 326.201171875, 701.7823486328125], [327.7859802246094, 695.6504516601562, 340.60955810546875, 701.7823486328125], [342.0247497558594, 695.6504516601562, 355.91943359375, 701.7823486328125], [357.7547912597656, 695.6504516601562, 383.89996337890625, 701.7823486328125], [428.9400939941406, 695.6504516601562, 446.6614074707031, 701.7823486328125], [461.8981628417969, 695.6504516601562, 484.1239318847656, 701.7823486328125], [500.10992431640625, 695.6504516601562, 522.3368530273438, 701.7823486328125], [538.3228759765625, 695.6504516601562, 560.548583984375, 701.7823486328125]]",SOURCE_TWO_READERS_MATCH,16,Cash flow from financing,GS-6415 20260517.pdf,SOURCE_RESTORED_REVIEW,ASSIGNED_FROM_PRINTED_UNIT_OR_SOURCE_TABLE_CONTEXT,,,NUMBER_OR_SOURCE_BLANK,SOURCE_TWO_READERS_MATCH,PASS,NT$m,-4457.8,-4457.8,1,-4457.8,-4457.8,1,1,AFTER_ALL_ANNUAL_CHECKS,-4457.8
ce1ebbbcf776b901428970539963c7d7f9b12ff41f78fe93c58646d115aa6992,N01-P2-T3,2,Cashflowfromfinancing,,2028,12/28E,ANNUAL,FORECAST,value,value,"(8,407.7)","(8,407.7)",Cashflowfromfinancing,-8407.7,NT$m,Goldman Sachs,"[[312.7986145019531, 695.6504516601562, 326.201171875, 701.7823486328125], [327.7859802246094, 695.6504516601562, 340.60955810546875, 701.7823486328125], [342.0247497558594, 695.6504516601562, 355.91943359375, 701.7823486328125], [357.7547912597656, 695.6504516601562, 383.89996337890625, 701.7823486328125], [428.9400939941406, 695.6504516601562, 446.6614074707031, 701.7823486328125], [461.8981628417969, 695.6504516601562, 484.1239318847656, 701.7823486328125], [500.10992431640625, 695.6504516601562, 522.3368530273438, 701.7823486328125], [538.3228759765625, 695.6504516601562, 560.548583984375, 701.7823486328125]]",SOURCE_TWO_READERS_MATCH,16,Cash flow from financing,GS-6415 20260517.pdf,SOURCE_RESTORED_REVIEW,ASSIGNED_FROM_PRINTED_UNIT_OR_SOURCE_TABLE_CONTEXT,,,NUMBER_OR_SOURCE_BLANK,SOURCE_TWO_READERS_MATCH,PASS,NT$m,-8407.7,-8407.7,1,-8407.7,-8407.7,1,1,AFTER_ALL_ANNUAL_CHECKS,-8407.7
ce1ebbbcf776b901428970539963c7d7f9b12ff41f78fe93c58646d115aa6992,N01-P2-T3,2,Totalcashflow,,2025,12/25,ANNUAL,UNSPECIFIED,value,value,"(6,446.2)","(6,446.2)",Totalcashflow,-6446.2,NT$m,Goldman Sachs,"[[312.7986145019531, 704.6414794921875, 327.203369140625, 710.7733764648438], [328.53643798828125, 704.6414794921875, 341.1891784667969, 710.7733764648438], [342.77398681640625, 704.6414794921875, 355.5975341796875, 710.7733764648438], [424.44403076171875, 704.6414794921875, 446.66265869140625, 710.7733764648438], [470.8904113769531, 704.6414794921875, 484.7126159667969, 710.7733764648438], [504.6060791015625, 704.6414794921875, 522.92431640625, 710.7733764648438], [542.8184204101562, 704.6414794921875, 561.1372680664062, 710.7733764648438]]",SOURCE_TWO_READERS_MATCH,17,Total cash flow,GS-6415 20260517.pdf,SOURCE_RESTORED_REVIEW,ASSIGNED_FROM_PRINTED_UNIT_OR_SOURCE_TABLE_CONTEXT,,,NUMBER_OR_SOURCE_BLANK,SOURCE_TWO_READERS_MATCH,PASS,NT$m,-6446.2,-6446.2,1,-6446.2,-6446.2,1,1,AFTER_ALL_ANNUAL_CHECKS,-6446.2
ce1ebbbcf776b901428970539963c7d7f9b12ff41f78fe93c58646d115aa6992,N01-P2-T3,2,Totalcashflow,,2026,12/26E,ANNUAL,FORECAST,value,value,536.7,536.7,Totalcashflow,536.7,NT$m,Goldman Sachs,"[[312.7986145019531, 704.6414794921875, 327.203369140625, 710.7733764648438], [328.53643798828125, 704.6414794921875, 341.1891784667969, 710.7733764648438], [342.77398681640625, 704.6414794921875, 355.5975341796875, 710.7733764648438], [424.44403076171875, 704.6414794921875, 446.66265869140625, 710.7733764648438], [470.8904113769531, 704.6414794921875, 484.7126159667969, 710.7733764648438], [504.6060791015625, 704.6414794921875, 522.92431640625, 710.7733764648438], [542.8184204101562, 704.6414794921875, 561.1372680664062, 710.7733764648438]]",SOURCE_TWO_READERS_MATCH,17,Total cash flow,GS-6415 20260517.pdf,SOURCE_RESTORED_REVIEW,ASSIGNED_FROM_PRINTED_UNIT_OR_SOURCE_TABLE_CONTEXT,,,NUMBER_OR_SOURCE_BLANK,SOURCE_TWO_READERS_MATCH,PASS,NT$m,536.7,536.7,1,536.7,536.7,1,1,AFTER_ALL_ANNUAL_CHECKS,536.7
ce1ebbbcf776b901428970539963c7d7f9b12ff41f78fe93c58646d115aa6992,N01-P2-T3,2,Totalcashflow,,2027,12/27E,ANNUAL,FORECAST,value,value,"2,770.4","2,770.4",Totalcashflow,2770.4,NT$m,Goldman Sachs,"[[312.7986145019531, 704.6414794921875, 327.203369140625, 710.7733764648438], [328.53643798828125, 704.6414794921875, 341.1891784667969, 710.7733764648438], [342.77398681640625, 704.6414794921875, 355.5975341796875, 710.7733764648438], [424.44403076171875, 704.6414794921875, 446.66265869140625, 710.7733764648438], [470.8904113769531, 704.6414794921875, 484.7126159667969, 710.7733764648438], [504.6060791015625, 704.6414794921875, 522.92431640625, 710.7733764648438], [542.8184204101562, 704.6414794921875, 561.1372680664062, 710.7733764648438]]",SOURCE_TWO_READERS_MATCH,17,Total cash flow,GS-6415 20260517.pdf,SOURCE_RESTORED_REVIEW,ASSIGNED_FROM_PRINTED_UNIT_OR_SOURCE_TABLE_CONTEXT,,,NUMBER_OR_SOURCE_BLANK,SOURCE_TWO_READERS_MATCH,PASS,NT$m,2770.4,2770.4,1,2770.4,2770.4,1,1,AFTER_ALL_ANNUAL_CHECKS,2770.4
ce1ebbbcf776b901428970539963c7d7f9b12ff41f78fe93c58646d115aa6992,N01-P2-T3,2,Totalcashflow,,2028,12/28E,ANNUAL,FORECAST,value,value,"3,206.9","3,206.9",Totalcashflow,3206.9,NT$m,Goldman Sachs,"[[312.7986145019531, 704.6414794921875, 327.203369140625, 710.7733764648438], [328.53643798828125, 704.6414794921875, 341.1891784667969, 710.7733764648438], [342.77398681640625, 704.6414794921875, 355.5975341796875, 710.7733764648438], [424.44403076171875, 704.6414794921875, 446.66265869140625, 710.7733764648438], [470.8904113769531, 704.6414794921875, 484.7126159667969, 710.7733764648438], [504.6060791015625, 704.6414794921875, 522.92431640625, 710.7733764648438], [542.8184204101562, 704.6414794921875, 561.1372680664062, 710.7733764648438]]",SOURCE_TWO_READERS_MATCH,17,Total cash flow,GS-6415 20260517.pdf,SOURCE_RESTORED_REVIEW,ASSIGNED_FROM_PRINTED_UNIT_OR_SOURCE_TABLE_CONTEXT,,,NUMBER_OR_SOURCE_BLANK,SOURCE_TWO_READERS_MATCH,PASS,NT$m,3206.9,3206.9,1,3206.9,3206.9,1,1,AFTER_ALL_ANNUAL_CHECKS,3206.9
ce1ebbbcf776b901428970539963c7d7f9b12ff41f78fe93c58646d115aa6992,N01-P2-T3,2,Freecashflow,,2025,12/25,ANNUAL,UNSPECIFIED,value,value,243.9,243.9,Freecashflow,243.9,NT$m,Goldman Sachs,"[[312.7987060546875, 713.6324462890625, 324.3719177246094, 719.7643432617188], [325.53533935546875, 713.6324462890625, 337.8590393066406, 719.7643432617188], [339.0224609375, 713.6324462890625, 350.75872802734375, 719.7643432617188], [433.427978515625, 713.6324462890625, 447.2495422363281, 719.7643432617188], [466.3937683105469, 713.6324462890625, 484.71142578125, 719.7643432617188], [504.60491943359375, 713.6324462890625, 522.9225463867188, 719.7643432617188], [539.8190307617188, 713.6324462890625, 561.133056640625, 719.7643432617188]]",SOURCE_TWO_READERS_MATCH,18,Free cash flow,GS-6415 20260517.pdf,SOURCE_RESTORED_REVIEW,ASSIGNED_FROM_PRINTED_UNIT_OR_SOURCE_TABLE_CONTEXT,,,NUMBER_OR_SOURCE_BLANK,SOURCE_TWO_READERS_MATCH,PASS,NT$m,243.9,243.9,1,243.9,243.9,1,1,AFTER_ALL_ANNUAL_CHECKS,243.9
ce1ebbbcf776b901428970539963c7d7f9b12ff41f78fe93c58646d115aa6992,N01-P2-T3,2,Freecashflow,,2026,12/26E,ANNUAL,FORECAST,value,value,"3,014.6","3,014.6",Freecashflow,3014.6,NT$m,Goldman Sachs,"[[312.7987060546875, 713.6324462890625, 324.3719177246094, 719.7643432617188], [325.53533935546875, 713.6324462890625, 337.8590393066406, 719.7643432617188], [339.0224609375, 713.6324462890625, 350.75872802734375, 719.7643432617188], [433.427978515625, 713.6324462890625, 447.2495422363281, 719.7643432617188], [466.3937683105469, 713.6324462890625, 484.71142578125, 719.7643432617188], [504.60491943359375, 713.6324462890625, 522.9225463867188, 719.7643432617188], [539.8190307617188, 713.6324462890625, 561.133056640625, 719.7643432617188]]",SOURCE_TWO_READERS_MATCH,18,Free cash flow,GS-6415 20260517.pdf,SOURCE_RESTORED_REVIEW,ASSIGNED_FROM_PRINTED_UNIT_OR_SOURCE_TABLE_CONTEXT,,,NUMBER_OR_SOURCE_BLANK,SOURCE_TWO_READERS_MATCH,PASS,NT$m,3014.6,3014.6,1,3014.6,3014.6,1,1,AFTER_ALL_ANNUAL_CHECKS,3014.6
ce1ebbbcf776b901428970539963c7d7f9b12ff41f78fe93c58646d115aa6992,N01-P2-T3,2,Freecashflow,,2027,12/27E,ANNUAL,FORECAST,value,value,"7,228.2","7,228.2",Freecashflow,7228.2,NT$m,Goldman Sachs,"[[312.7987060546875, 713.6324462890625, 324.3719177246094, 719.7643432617188], [325.53533935546875, 713.6324462890625, 337.8590393066406, 719.7643432617188], [339.0224609375, 713.6324462890625, 350.75872802734375, 719.7643432617188], [433.427978515625, 713.6324462890625, 447.2495422363281, 719.7643432617188], [466.3937683105469, 713.6324462890625, 484.71142578125, 719.7643432617188], [504.60491943359375, 713.6324462890625, 522.9225463867188, 719.7643432617188], [539.8190307617188, 713.6324462890625, 561.133056640625, 719.7643432617188]]",SOURCE_TWO_READERS_MATCH,18,Free cash flow,GS-6415 20260517.pdf,SOURCE_RESTORED_REVIEW,ASSIGNED_FROM_PRINTED_UNIT_OR_SOURCE_TABLE_CONTEXT,,,NUMBER_OR_SOURCE_BLANK,SOURCE_TWO_READERS_MATCH,PASS,NT$m,7228.2,7228.2,1,7228.2,7228.2,1,1,AFTER_ALL_ANNUAL_CHECKS,7228.2
ce1ebbbcf776b901428970539963c7d7f9b12ff41f78fe93c58646d115aa6992,N01-P2-T3,2,Freecashflow,,2028,12/28E,ANNUAL,FORECAST,value,value,"11,614.6","11,614.6",Freecashflow,11614.6,NT$m,Goldman Sachs,"[[312.7987060546875, 713.6324462890625, 324.3719177246094, 719.7643432617188], [325.53533935546875, 713.6324462890625, 337.8590393066406, 719.7643432617188], [339.0224609375, 713.6324462890625, 350.75872802734375, 719.7643432617188], [433.427978515625, 713.6324462890625, 447.2495422363281, 719.7643432617188], [466.3937683105469, 713.6324462890625, 484.71142578125, 719.7643432617188], [504.60491943359375, 713.6324462890625, 522.9225463867188, 719.7643432617188], [539.8190307617188, 713.6324462890625, 561.133056640625, 719.7643432617188]]",SOURCE_TWO_READERS_MATCH,18,Free cash flow,GS-6415 20260517.pdf,SOURCE_RESTORED_REVIEW,ASSIGNED_FROM_PRINTED_UNIT_OR_SOURCE_TABLE_CONTEXT,,,NUMBER_OR_SOURCE_BLANK,SOURCE_TWO_READERS_MATCH,PASS,NT$m,11614.6,11614.6,1,11614.6,11614.6,1,1,AFTER_ALL_ANNUAL_CHECKS,11614.6
ce1ebbbcf776b901428970539963c7d7f9b12ff41f78fe93c58646d115aa6992,N01-P2-T4,2,P/E(X),,2025,12/25,ANNUAL,UNSPECIFIED,value,value,51.5,51.5,P/E(X),51.5,x,Goldman Sachs,"[[51.02275085449219, 110.6538314819336, 59.93223571777344, 116.78569030761719], [61.517051696777344, 110.6538314819336, 68.43053436279297, 116.78569030761719], [174.65740966796875, 110.6538314819336, 185.48255920410156, 116.78569030761719], [212.11929321289062, 110.6538314819336, 222.94444274902344, 116.78569030761719], [250.33042907714844, 110.6538314819336, 261.1556091308594, 116.78569030761719], [288.5415954589844, 110.6538314819336, 299.36676025390625, 116.78569030761719]]",SOURCE_TWO_READERS_MATCH,1,P/E (X),GS-6415 20260517.pdf,SOURCE_RESTORED_REVIEW,ASSIGNED_FROM_PRINTED_UNIT_OR_SOURCE_TABLE_CONTEXT,,,NUMBER_OR_SOURCE_BLANK,SOURCE_TWO_READERS_MATCH,PASS,x,51.5,51.5,1,51.5,51.5,1,,NOT_MONETARY_OR_SOURCE_MISSING_NO_ROUNDING,51.5
ce1ebbbcf776b901428970539963c7d7f9b12ff41f78fe93c58646d115aa6992,N01-P2-T4,2,P/E(X),,2026,12/26E,ANNUAL,FORECAST,value,value,40.8,40.8,P/E(X),40.8,x,Goldman Sachs,"[[51.02275085449219, 110.6538314819336, 59.93223571777344, 116.78569030761719], [61.517051696777344, 110.6538314819336, 68.43053436279297, 116.78569030761719], [174.65740966796875, 110.6538314819336, 185.48255920410156, 116.78569030761719], [212.11929321289062, 110.6538314819336, 222.94444274902344, 116.78569030761719], [250.33042907714844, 110.6538314819336, 261.1556091308594, 116.78569030761719], [288.5415954589844, 110.6538314819336, 299.36676025390625, 116.78569030761719]]",SOURCE_TWO_READERS_MATCH,1,P/E (X),GS-6415 20260517.pdf,SOURCE_RESTORED_REVIEW,ASSIGNED_FROM_PRINTED_UNIT_OR_SOURCE_TABLE_CONTEXT,,,NUMBER_OR_SOURCE_BLANK,SOURCE_TWO_READERS_MATCH,PASS,x,40.8,40.8,1,40.8,40.8,1,,NOT_MONETARY_OR_SOURCE_MISSING_NO_ROUNDING,40.8
ce1ebbbcf776b901428970539963c7d7f9b12ff41f78fe93c58646d115aa6992,N01-P2-T4,2,P/E(X),,2027,12/27E,ANNUAL,FORECAST,value,value,21.6,21.6,P/E(X),21.6,x,Goldman Sachs,"[[51.02275085449219, 110.6538314819336, 59.93223571777344, 116.78569030761719], [61.517051696777344, 110.6538314819336, 68.43053436279297, 116.78569030761719], [174.65740966796875, 110.6538314819336, 185.48255920410156, 116.78569030761719], [212.11929321289062, 110.6538314819336, 222.94444274902344, 116.78569030761719], [250.33042907714844, 110.6538314819336, 261.1556091308594, 116.78569030761719], [288.5415954589844, 110.6538314819336, 299.36676025390625, 116.78569030761719]]",SOURCE_TWO_READERS_MATCH,1,P/E (X),GS-6415 20260517.pdf,SOURCE_RESTORED_REVIEW,ASSIGNED_FROM_PRINTED_UNIT_OR_SOURCE_TABLE_CONTEXT,,,NUMBER_OR_SOURCE_BLANK,SOURCE_TWO_READERS_MATCH,PASS,x,21.6,21.6,1,21.6,21.6,1,,NOT_MONETARY_OR_SOURCE_MISSING_NO_ROUNDING,21.6
ce1ebbbcf776b901428970539963c7d7f9b12ff41f78fe93c58646d115aa6992,N01-P2-T4,2,P/E(X),,2028,12/28E,ANNUAL,FORECAST,value,value,14.4,14.4,P/E(X),14.4,x,Goldman Sachs,"[[51.02275085449219, 110.6538314819336, 59.93223571777344, 116.78569030761719], [61.517051696777344, 110.6538314819336, 68.43053436279297, 116.78569030761719], [174.65740966796875, 110.6538314819336, 185.48255920410156, 116.78569030761719], [212.11929321289062, 110.6538314819336, 222.94444274902344, 116.78569030761719], [250.33042907714844, 110.6538314819336, 261.1556091308594, 116.78569030761719], [288.5415954589844, 110.6538314819336, 299.36676025390625, 116.78569030761719]]",SOURCE_TWO_READERS_MATCH,1,P/E (X),GS-6415 20260517.pdf,SOURCE_RESTORED_REVIEW,ASSIGNED_FROM_PRINTED_UNIT_OR_SOURCE_TABLE_CONTEXT,,,NUMBER_OR_SOURCE_BLANK,SOURCE_TWO_READERS_MATCH,PASS,x,14.4,14.4,1,14.4,14.4,1,,NOT_MONETARY_OR_SOURCE_MISSING_NO_ROUNDING,14.4
ce1ebbbcf776b901428970539963c7d7f9b12ff41f78fe93c58646d115aa6992,N01-P2-T4,2,P/B(X),,2025,12/25,ANNUAL,UNSPECIFIED,value,value,3.4,3.4,P/B(X),3.4,x,Goldman Sachs,"[[51.02275085449219, 119.64485931396484, 60.26789474487305, 125.77671813964844], [61.51644515991211, 119.64485931396484, 68.42991638183594, 125.77671813964844], [177.65379333496094, 119.64485931396484, 185.4825439453125, 125.77671813964844], [215.1162872314453, 119.64485931396484, 222.94503784179688, 125.77671813964844], [253.32803344726562, 119.64485931396484, 261.1568298339844, 125.77671813964844], [291.539794921875, 119.64485931396484, 299.3685607910156, 125.77671813964844]]",SOURCE_TWO_READERS_MATCH,2,P/B (X),GS-6415 20260517.pdf,SOURCE_RESTORED_REVIEW,ASSIGNED_FROM_PRINTED_UNIT_OR_SOURCE_TABLE_CONTEXT,,,NUMBER_OR_SOURCE_BLANK,SOURCE_TWO_READERS_MATCH,PASS,x,3.4,3.4,1,3.4,3.4,1,,NOT_MONETARY_OR_SOURCE_MISSING_NO_ROUNDING,3.4
ce1ebbbcf776b901428970539963c7d7f9b12ff41f78fe93c58646d115aa6992,N01-P2-T4,2,P/B(X),,2026,12/26E,ANNUAL,FORECAST,value,value,4.6,4.6,P/B(X),4.6,x,Goldman Sachs,"[[51.02275085449219, 119.64485931396484, 60.26789474487305, 125.77671813964844], [61.51644515991211, 119.64485931396484, 68.42991638183594, 125.77671813964844], [177.65379333496094, 119.64485931396484, 185.4825439453125, 125.77671813964844], [215.1162872314453, 119.64485931396484, 222.94503784179688, 125.77671813964844], [253.32803344726562, 119.64485931396484, 261.1568298339844, 125.77671813964844], [291.539794921875, 119.64485931396484, 299.3685607910156, 125.77671813964844]]",SOURCE_TWO_READERS_MATCH,2,P/B (X),GS-6415 20260517.pdf,SOURCE_RESTORED_REVIEW,ASSIGNED_FROM_PRINTED_UNIT_OR_SOURCE_TABLE_CONTEXT,,,NUMBER_OR_SOURCE_BLANK,SOURCE_TWO_READERS_MATCH,PASS,x,4.6,4.6,1,4.6,4.6,1,,NOT_MONETARY_OR_SOURCE_MISSING_NO_ROUNDING,4.6
ce1ebbbcf776b901428970539963c7d7f9b12ff41f78fe93c58646d115aa6992,N01-P2-T4,2,P/B(X),,2027,12/27E,ANNUAL,FORECAST,value,value,4.2,4.2,P/B(X),4.2,x,Goldman Sachs,"[[51.02275085449219, 119.64485931396484, 60.26789474487305, 125.77671813964844], [61.51644515991211, 119.64485931396484, 68.42991638183594, 125.77671813964844], [177.65379333496094, 119.64485931396484, 185.4825439453125, 125.77671813964844], [215.1162872314453, 119.64485931396484, 222.94503784179688, 125.77671813964844], [253.32803344726562, 119.64485931396484, 261.1568298339844, 125.77671813964844], [291.539794921875, 119.64485931396484, 299.3685607910156, 125.77671813964844]]",SOURCE_TWO_READERS_MATCH,2,P/B (X),GS-6415 20260517.pdf,SOURCE_RESTORED_REVIEW,ASSIGNED_FROM_PRINTED_UNIT_OR_SOURCE_TABLE_CONTEXT,,,NUMBER_OR_SOURCE_BLANK,SOURCE_TWO_READERS_MATCH,PASS,x,4.2,4.2,1,4.2,4.2,1,,NOT_MONETARY_OR_SOURCE_MISSING_NO_ROUNDING,4.2
ce1ebbbcf776b901428970539963c7d7f9b12ff41f78fe93c58646d115aa6992,N01-P2-T4,2,P/B(X),,2028,12/28E,ANNUAL,FORECAST,value,value,3.8,3.8,P/B(X),3.8,x,Goldman Sachs,"[[51.02275085449219, 119.64485931396484, 60.26789474487305, 125.77671813964844], [61.51644515991211, 119.64485931396484, 68.42991638183594, 125.77671813964844], [177.65379333496094, 119.64485931396484, 185.4825439453125, 125.77671813964844], [215.1162872314453, 119.64485931396484, 222.94503784179688, 125.77671813964844], [253.32803344726562, 119.64485931396484, 261.1568298339844, 125.77671813964844], [291.539794921875, 119.64485931396484, 299.3685607910156, 125.77671813964844]]",SOURCE_TWO_READERS_MATCH,2,P/B (X),GS-6415 20260517.pdf,SOURCE_RESTORED_REVIEW,ASSIGNED_FROM_PRINTED_UNIT_OR_SOURCE_TABLE_CONTEXT,,,NUMBER_OR_SOURCE_BLANK,SOURCE_TWO_READERS_MATCH,PASS,x,3.8,3.8,1,3.8,3.8,1,,NOT_MONETARY_OR_SOURCE_MISSING_NO_ROUNDING,3.8
ce1ebbbcf776b901428970539963c7d7f9b12ff41f78fe93c58646d115aa6992,N01-P2-T4,2,FCFyield(%),,2025,12/25,ANNUAL,UNSPECIFIED,value,value,0.2,0.2,FCFyield(%),0.2,%,Goldman Sachs,"[[51.02275085449219, 128.63587951660156, 61.098663330078125, 134.7677459716797], [62.26210021972656, 128.63587951660156, 74.58396911621094, 134.7677459716797], [75.74740600585938, 128.63587951660156, 84.90744018554688, 134.7677459716797], [177.64781188964844, 128.63587951660156, 185.4765625, 134.7677459716797], [215.1103057861328, 128.63587951660156, 222.93905639648438, 134.7677459716797], [253.32205200195312, 128.63587951660156, 261.15081787109375, 134.7677459716797], [291.5338134765625, 128.63587951660156, 299.3625793457031, 134.7677459716797]]",SOURCE_TWO_READERS_MATCH,3,FCF yield (%),GS-6415 20260517.pdf,SOURCE_RESTORED_REVIEW,ASSIGNED_FROM_PRINTED_UNIT_OR_SOURCE_TABLE_CONTEXT,,,NUMBER_OR_SOURCE_BLANK,SOURCE_TWO_READERS_MATCH,PASS,%,0.2,0.2,1,0.2,0.2,1,,NOT_MONETARY_OR_SOURCE_MISSING_NO_ROUNDING,0.2
ce1ebbbcf776b901428970539963c7d7f9b12ff41f78fe93c58646d115aa6992,N01-P2-T4,2,FCFyield(%),,2026,12/26E,ANNUAL,FORECAST,value,value,1.7,1.7,FCFyield(%),1.7,%,Goldman Sachs,"[[51.02275085449219, 128.63587951660156, 61.098663330078125, 134.7677459716797], [62.26210021972656, 128.63587951660156, 74.58396911621094, 134.7677459716797], [75.74740600585938, 128.63587951660156, 84.90744018554688, 134.7677459716797], [177.64781188964844, 128.63587951660156, 185.4765625, 134.7677459716797], [215.1103057861328, 128.63587951660156, 222.93905639648438, 134.7677459716797], [253.32205200195312, 128.63587951660156, 261.15081787109375, 134.7677459716797], [291.5338134765625, 128.63587951660156, 299.3625793457031, 134.7677459716797]]",SOURCE_TWO_READERS_MATCH,3,FCF yield (%),GS-6415 20260517.pdf,SOURCE_RESTORED_REVIEW,ASSIGNED_FROM_PRINTED_UNIT_OR_SOURCE_TABLE_CONTEXT,,,NUMBER_OR_SOURCE_BLANK,SOURCE_TWO_READERS_MATCH,PASS,%,1.7,1.7,1,1.7,1.7,1,,NOT_MONETARY_OR_SOURCE_MISSING_NO_ROUNDING,1.7
ce1ebbbcf776b901428970539963c7d7f9b12ff41f78fe93c58646d115aa6992,N01-P2-T4,2,FCFyield(%),,2027,12/27E,ANNUAL,FORECAST,value,value,4.0,4.0,FCFyield(%),4.0,%,Goldman Sachs,"[[51.02275085449219, 128.63587951660156, 61.098663330078125, 134.7677459716797], [62.26210021972656, 128.63587951660156, 74.58396911621094, 134.7677459716797], [75.74740600585938, 128.63587951660156, 84.90744018554688, 134.7677459716797], [177.64781188964844, 128.63587951660156, 185.4765625, 134.7677459716797], [215.1103057861328, 128.63587951660156, 222.93905639648438, 134.7677459716797], [253.32205200195312, 128.63587951660156, 261.15081787109375, 134.7677459716797], [291.5338134765625, 128.63587951660156, 299.3625793457031, 134.7677459716797]]",SOURCE_TWO_READERS_MATCH,3,FCF yield (%),GS-6415 20260517.pdf,SOURCE_RESTORED_REVIEW,ASSIGNED_FROM_PRINTED_UNIT_OR_SOURCE_TABLE_CONTEXT,,,NUMBER_OR_SOURCE_BLANK,SOURCE_TWO_READERS_MATCH,PASS,%,4.0,4.0,1,4.0,4.0,1,,NOT_MONETARY_OR_SOURCE_MISSING_NO_ROUNDING,4.0
ce1ebbbcf776b901428970539963c7d7f9b12ff41f78fe93c58646d115aa6992,N01-P2-T4,2,FCFyield(%),,2028,12/28E,ANNUAL,FORECAST,value,value,6.4,6.4,FCFyield(%),6.4,%,Goldman Sachs,"[[51.02275085449219, 128.63587951660156, 61.098663330078125, 134.7677459716797], [62.26210021972656, 128.63587951660156, 74.58396911621094, 134.7677459716797], [75.74740600585938, 128.63587951660156, 84.90744018554688, 134.7677459716797], [177.64781188964844, 128.63587951660156, 185.4765625, 134.7677459716797], [215.1103057861328, 128.63587951660156, 222.93905639648438, 134.7677459716797], [253.32205200195312, 128.63587951660156, 261.15081787109375, 134.7677459716797], [291.5338134765625, 128.63587951660156, 299.3625793457031, 134.7677459716797]]",SOURCE_TWO_READERS_MATCH,3,FCF yield (%),GS-6415 20260517.pdf,SOURCE_RESTORED_REVIEW,ASSIGNED_FROM_PRINTED_UNIT_OR_SOURCE_TABLE_CONTEXT,,,NUMBER_OR_SOURCE_BLANK,SOURCE_TWO_READERS_MATCH,PASS,%,6.4,6.4,1,6.4,6.4,1,,NOT_MONETARY_OR_SOURCE_MISSING_NO_ROUNDING,6.4
ce1ebbbcf776b901428970539963c7d7f9b12ff41f78fe93c58646d115aa6992,N01-P2-T4,2,EV/EBITDAR(X),,2025,12/25,ANNUAL,UNSPECIFIED,value,value,41.2,41.2,EV/EBITDAR(X),41.2,x,Goldman Sachs,"[[51.02275085449219, 137.6269073486328, 84.24150085449219, 143.75877380371094], [85.49005126953125, 137.6269073486328, 92.40353393554688, 143.75877380371094], [174.65440368652344, 137.6269073486328, 185.47955322265625, 143.75877380371094], [212.11630249023438, 137.6269073486328, 222.9414520263672, 143.75877380371094], [250.3274383544922, 137.6269073486328, 261.1526184082031, 143.75877380371094], [288.5386047363281, 137.6269073486328, 299.36376953125, 143.75877380371094]]",SOURCE_TWO_READERS_MATCH,4,EV/EBITDAR (X),GS-6415 20260517.pdf,SOURCE_RESTORED_REVIEW,ASSIGNED_FROM_PRINTED_UNIT_OR_SOURCE_TABLE_CONTEXT,,,NUMBER_OR_SOURCE_BLANK,SOURCE_TWO_READERS_MATCH,PASS,x,41.2,41.2,1,41.2,41.2,1,,NOT_MONETARY_OR_SOURCE_MISSING_NO_ROUNDING,41.2
ce1ebbbcf776b901428970539963c7d7f9b12ff41f78fe93c58646d115aa6992,N01-P2-T4,2,EV/EBITDAR(X),,2026,12/26E,ANNUAL,FORECAST,value,value,38.1,38.1,EV/EBITDAR(X),38.1,x,Goldman Sachs,"[[51.02275085449219, 137.6269073486328, 84.24150085449219, 143.75877380371094], [85.49005126953125, 137.6269073486328, 92.40353393554688, 143.75877380371094], [174.65440368652344, 137.6269073486328, 185.47955322265625, 143.75877380371094], [212.11630249023438, 137.6269073486328, 222.9414520263672, 143.75877380371094], [250.3274383544922, 137.6269073486328, 261.1526184082031, 143.75877380371094], [288.5386047363281, 137.6269073486328, 299.36376953125, 143.75877380371094]]",SOURCE_TWO_READERS_MATCH,4,EV/EBITDAR (X),GS-6415 20260517.pdf,SOURCE_RESTORED_REVIEW,ASSIGNED_FROM_PRINTED_UNIT_OR_SOURCE_TABLE_CONTEXT,,,NUMBER_OR_SOURCE_BLANK,SOURCE_TWO_READERS_MATCH,PASS,x,38.1,38.1,1,38.1,38.1,1,,NOT_MONETARY_OR_SOURCE_MISSING_NO_ROUNDING,38.1
ce1ebbbcf776b901428970539963c7d7f9b12ff41f78fe93c58646d115aa6992,N01-P2-T4,2,EV/EBITDAR(X),,2027,12/27E,ANNUAL,FORECAST,value,value,19.1,19.1,EV/EBITDAR(X),19.1,x,Goldman Sachs,"[[51.02275085449219, 137.6269073486328, 84.24150085449219, 143.75877380371094], [85.49005126953125, 137.6269073486328, 92.40353393554688, 143.75877380371094], [174.65440368652344, 137.6269073486328, 185.47955322265625, 143.75877380371094], [212.11630249023438, 137.6269073486328, 222.9414520263672, 143.75877380371094], [250.3274383544922, 137.6269073486328, 261.1526184082031, 143.75877380371094], [288.5386047363281, 137.6269073486328, 299.36376953125, 143.75877380371094]]",SOURCE_TWO_READERS_MATCH,4,EV/EBITDAR (X),GS-6415 20260517.pdf,SOURCE_RESTORED_REVIEW,ASSIGNED_FROM_PRINTED_UNIT_OR_SOURCE_TABLE_CONTEXT,,,NUMBER_OR_SOURCE_BLANK,SOURCE_TWO_READERS_MATCH,PASS,x,19.1,19.1,1,19.1,19.1,1,,NOT_MONETARY_OR_SOURCE_MISSING_NO_ROUNDING,19.1
ce1ebbbcf776b901428970539963c7d7f9b12ff41f78fe93c58646d115aa6992,N01-P2-T4,2,EV/EBITDAR(X),,2028,12/28E,ANNUAL,FORECAST,value,value,12.5,12.5,EV/EBITDAR(X),12.5,x,Goldman Sachs,"[[51.02275085449219, 137.6269073486328, 84.24150085449219, 143.75877380371094], [85.49005126953125, 137.6269073486328, 92.40353393554688, 143.75877380371094], [174.65440368652344, 137.6269073486328, 185.47955322265625, 143.75877380371094], [212.11630249023438, 137.6269073486328, 222.9414520263672, 143.75877380371094], [250.3274383544922, 137.6269073486328, 261.1526184082031, 143.75877380371094], [288.5386047363281, 137.6269073486328, 299.36376953125, 143.75877380371094]]",SOURCE_TWO_READERS_MATCH,4,EV/EBITDAR (X),GS-6415 20260517.pdf,SOURCE_RESTORED_REVIEW,ASSIGNED_FROM_PRINTED_UNIT_OR_SOURCE_TABLE_CONTEXT,,,NUMBER_OR_SOURCE_BLANK,SOURCE_TWO_READERS_MATCH,PASS,x,12.5,12.5,1,12.5,12.5,1,,NOT_MONETARY_OR_SOURCE_MISSING_NO_ROUNDING,12.5
ce1ebbbcf776b901428970539963c7d7f9b12ff41f78fe93c58646d115aa6992,N01-P2-T4,2,EV/EBITDA(excl.leases)(X),,2025,12/25,ANNUAL,UNSPECIFIED,value,value,41.2,41.2,EV/EBITDA(excl.leases)(X),41.2,x,Goldman Sachs,"[[51.02275085449219, 146.61793518066406, 80.49525451660156, 152.7498016357422], [81.74320220947266, 146.61793518066406, 95.39752960205078, 152.7498016357422], [96.73060607910156, 146.61793518066406, 114.87863159179688, 152.7498016357422], [116.21170806884766, 146.61793518066406, 123.12518310546875, 152.7498016357422], [174.65679931640625, 146.61793518066406, 185.48194885253906, 152.7498016357422], [212.1186981201172, 146.61793518066406, 222.94384765625, 152.7498016357422], [250.329833984375, 146.61793518066406, 261.1549987792969, 152.7498016357422], [288.54095458984375, 146.61793518066406, 299.3661193847656, 152.7498016357422]]",SOURCE_TWO_READERS_MATCH,5,EV/EBITDA (excl. leases) (X),GS-6415 20260517.pdf,SOURCE_RESTORED_REVIEW,ASSIGNED_FROM_PRINTED_UNIT_OR_SOURCE_TABLE_CONTEXT,,,NUMBER_OR_SOURCE_BLANK,SOURCE_TWO_READERS_MATCH,PASS,x,41.2,41.2,1,41.2,41.2,1,,NOT_MONETARY_OR_SOURCE_MISSING_NO_ROUNDING,41.2
ce1ebbbcf776b901428970539963c7d7f9b12ff41f78fe93c58646d115aa6992,N01-P2-T4,2,EV/EBITDA(excl.leases)(X),,2026,12/26E,ANNUAL,FORECAST,value,value,38.1,38.1,EV/EBITDA(excl.leases)(X),38.1,x,Goldman Sachs,"[[51.02275085449219, 146.61793518066406, 80.49525451660156, 152.7498016357422], [81.74320220947266, 146.61793518066406, 95.39752960205078, 152.7498016357422], [96.73060607910156, 146.61793518066406, 114.87863159179688, 152.7498016357422], [116.21170806884766, 146.61793518066406, 123.12518310546875, 152.7498016357422], [174.65679931640625, 146.61793518066406, 185.48194885253906, 152.7498016357422], [212.1186981201172, 146.61793518066406, 222.94384765625, 152.7498016357422], [250.329833984375, 146.61793518066406, 261.1549987792969, 152.7498016357422], [288.54095458984375, 146.61793518066406, 299.3661193847656, 152.7498016357422]]",SOURCE_TWO_READERS_MATCH,5,EV/EBITDA (excl. leases) (X),GS-6415 20260517.pdf,SOURCE_RESTORED_REVIEW,ASSIGNED_FROM_PRINTED_UNIT_OR_SOURCE_TABLE_CONTEXT,,,NUMBER_OR_SOURCE_BLANK,SOURCE_TWO_READERS_MATCH,PASS,x,38.1,38.1,1,38.1,38.1,1,,NOT_MONETARY_OR_SOURCE_MISSING_NO_ROUNDING,38.1
ce1ebbbcf776b901428970539963c7d7f9b12ff41f78fe93c58646d115aa6992,N01-P2-T4,2,EV/EBITDA(excl.leases)(X),,2027,12/27E,ANNUAL,FORECAST,value,value,19.1,19.1,EV/EBITDA(excl.leases)(X),19.1,x,Goldman Sachs,"[[51.02275085449219, 146.61793518066406, 80.49525451660156, 152.7498016357422], [81.74320220947266, 146.61793518066406, 95.39752960205078, 152.7498016357422], [96.73060607910156, 146.61793518066406, 114.87863159179688, 152.7498016357422], [116.21170806884766, 146.61793518066406, 123.12518310546875, 152.7498016357422], [174.65679931640625, 146.61793518066406, 185.48194885253906, 152.7498016357422], [212.1186981201172, 146.61793518066406, 222.94384765625, 152.7498016357422], [250.329833984375, 146.61793518066406, 261.1549987792969, 152.7498016357422], [288.54095458984375, 146.61793518066406, 299.3661193847656, 152.7498016357422]]",SOURCE_TWO_READERS_MATCH,5,EV/EBITDA (excl. leases) (X),GS-6415 20260517.pdf,SOURCE_RESTORED_REVIEW,ASSIGNED_FROM_PRINTED_UNIT_OR_SOURCE_TABLE_CONTEXT,,,NUMBER_OR_SOURCE_BLANK,SOURCE_TWO_READERS_MATCH,PASS,x,19.1,19.1,1,19.1,19.1,1,,NOT_MONETARY_OR_SOURCE_MISSING_NO_ROUNDING,19.1
ce1ebbbcf776b901428970539963c7d7f9b12ff41f78fe93c58646d115aa6992,N01-P2-T4,2,EV/EBITDA(excl.leases)(X),,2028,12/28E,ANNUAL,FORECAST,value,value,12.5,12.5,EV/EBITDA(excl.leases)(X),12.5,x,Goldman Sachs,"[[51.02275085449219, 146.61793518066406, 80.49525451660156, 152.7498016357422], [81.74320220947266, 146.61793518066406, 95.39752960205078, 152.7498016357422], [96.73060607910156, 146.61793518066406, 114.87863159179688, 152.7498016357422], [116.21170806884766, 146.61793518066406, 123.12518310546875, 152.7498016357422], [174.65679931640625, 146.61793518066406, 185.48194885253906, 152.7498016357422], [212.1186981201172, 146.61793518066406, 222.94384765625, 152.7498016357422], [250.329833984375, 146.61793518066406, 261.1549987792969, 152.7498016357422], [288.54095458984375, 146.61793518066406, 299.3661193847656, 152.7498016357422]]",SOURCE_TWO_READERS_MATCH,5,EV/EBITDA (excl. leases) (X),GS-6415 20260517.pdf,SOURCE_RESTORED_REVIEW,ASSIGNED_FROM_PRINTED_UNIT_OR_SOURCE_TABLE_CONTEXT,,,NUMBER_OR_SOURCE_BLANK,SOURCE_TWO_READERS_MATCH,PASS,x,12.5,12.5,1,12.5,12.5,1,,NOT_MONETARY_OR_SOURCE_MISSING_NO_ROUNDING,12.5
ce1ebbbcf776b901428970539963c7d7f9b12ff41f78fe93c58646d115aa6992,N01-P2-T4,2,CROCI(%),,2025,12/25,ANNUAL,UNSPECIFIED,value,value,15.6,15.6,CROCI(%),15.6,%,Goldman Sachs,"[[51.02275085449219, 155.6089630126953, 68.42632293701172, 161.74082946777344], [69.7593994140625, 155.6089630126953, 78.91943359375, 161.74082946777344], [174.65679931640625, 155.6089630126953, 185.48194885253906, 161.74082946777344], [212.1186981201172, 155.6089630126953, 222.94384765625, 161.74082946777344], [250.329833984375, 155.6089630126953, 261.1549987792969, 161.74082946777344], [288.54095458984375, 155.6089630126953, 299.3661193847656, 161.74082946777344]]",SOURCE_TWO_READERS_MATCH,6,CROCI (%),GS-6415 20260517.pdf,SOURCE_RESTORED_REVIEW,ASSIGNED_FROM_PRINTED_UNIT_OR_SOURCE_TABLE_CONTEXT,,,NUMBER_OR_SOURCE_BLANK,SOURCE_TWO_READERS_MATCH,PASS,%,15.6,15.6,1,15.6,15.6,1,,NOT_MONETARY_OR_SOURCE_MISSING_NO_ROUNDING,15.6
ce1ebbbcf776b901428970539963c7d7f9b12ff41f78fe93c58646d115aa6992,N01-P2-T4,2,CROCI(%),,2026,12/26E,ANNUAL,FORECAST,value,value,17.0,17.0,CROCI(%),17.0,%,Goldman Sachs,"[[51.02275085449219, 155.6089630126953, 68.42632293701172, 161.74082946777344], [69.7593994140625, 155.6089630126953, 78.91943359375, 161.74082946777344], [174.65679931640625, 155.6089630126953, 185.48194885253906, 161.74082946777344], [212.1186981201172, 155.6089630126953, 222.94384765625, 161.74082946777344], [250.329833984375, 155.6089630126953, 261.1549987792969, 161.74082946777344], [288.54095458984375, 155.6089630126953, 299.3661193847656, 161.74082946777344]]",SOURCE_TWO_READERS_MATCH,6,CROCI (%),GS-6415 20260517.pdf,SOURCE_RESTORED_REVIEW,ASSIGNED_FROM_PRINTED_UNIT_OR_SOURCE_TABLE_CONTEXT,,,NUMBER_OR_SOURCE_BLANK,SOURCE_TWO_READERS_MATCH,PASS,%,17.0,17.0,1,17.0,17.0,1,,NOT_MONETARY_OR_SOURCE_MISSING_NO_ROUNDING,17.0
ce1ebbbcf776b901428970539963c7d7f9b12ff41f78fe93c58646d115aa6992,N01-P2-T4,2,CROCI(%),,2027,12/27E,ANNUAL,FORECAST,value,value,29.6,29.6,CROCI(%),29.6,%,Goldman Sachs,"[[51.02275085449219, 155.6089630126953, 68.42632293701172, 161.74082946777344], [69.7593994140625, 155.6089630126953, 78.91943359375, 161.74082946777344], [174.65679931640625, 155.6089630126953, 185.48194885253906, 161.74082946777344], [212.1186981201172, 155.6089630126953, 222.94384765625, 161.74082946777344], [250.329833984375, 155.6089630126953, 261.1549987792969, 161.74082946777344], [288.54095458984375, 155.6089630126953, 299.3661193847656, 161.74082946777344]]",SOURCE_TWO_READERS_MATCH,6,CROCI (%),GS-6415 20260517.pdf,SOURCE_RESTORED_REVIEW,ASSIGNED_FROM_PRINTED_UNIT_OR_SOURCE_TABLE_CONTEXT,,,NUMBER_OR_SOURCE_BLANK,SOURCE_TWO_READERS_MATCH,PASS,%,29.6,29.6,1,29.6,29.6,1,,NOT_MONETARY_OR_SOURCE_MISSING_NO_ROUNDING,29.6
ce1ebbbcf776b901428970539963c7d7f9b12ff41f78fe93c58646d115aa6992,N01-P2-T4,2,CROCI(%),,2028,12/28E,ANNUAL,FORECAST,value,value,41.7,41.7,CROCI(%),41.7,%,Goldman Sachs,"[[51.02275085449219, 155.6089630126953, 68.42632293701172, 161.74082946777344], [69.7593994140625, 155.6089630126953, 78.91943359375, 161.74082946777344], [174.65679931640625, 155.6089630126953, 185.48194885253906, 161.74082946777344], [212.1186981201172, 155.6089630126953, 222.94384765625, 161.74082946777344], [250.329833984375, 155.6089630126953, 261.1549987792969, 161.74082946777344], [288.54095458984375, 155.6089630126953, 299.3661193847656, 161.74082946777344]]",SOURCE_TWO_READERS_MATCH,6,CROCI (%),GS-6415 20260517.pdf,SOURCE_RESTORED_REVIEW,ASSIGNED_FROM_PRINTED_UNIT_OR_SOURCE_TABLE_CONTEXT,,,NUMBER_OR_SOURCE_BLANK,SOURCE_TWO_READERS_MATCH,PASS,%,41.7,41.7,1,41.7,41.7,1,,NOT_MONETARY_OR_SOURCE_MISSING_NO_ROUNDING,41.7
ce1ebbbcf776b901428970539963c7d7f9b12ff41f78fe93c58646d115aa6992,N01-P2-T4,2,ROE(%),,2025,12/25,ANNUAL,UNSPECIFIED,value,value,6.8,6.8,ROE(%),6.8,%,Goldman Sachs,"[[51.02275085449219, 164.59999084472656, 62.92863464355469, 170.7318572998047], [64.5134506225586, 164.59999084472656, 73.6734848022461, 170.7318572998047], [177.65261840820312, 164.59999084472656, 185.4813690185547, 170.7318572998047], [212.11810302734375, 164.59999084472656, 222.94325256347656, 170.7318572998047], [250.32923889160156, 164.59999084472656, 261.1544189453125, 170.7318572998047], [288.5404052734375, 164.59999084472656, 299.3655700683594, 170.7318572998047]]",SOURCE_TWO_READERS_MATCH,7,ROE (%),GS-6415 20260517.pdf,SOURCE_RESTORED_REVIEW,ASSIGNED_FROM_PRINTED_UNIT_OR_SOURCE_TABLE_CONTEXT,,,NUMBER_OR_SOURCE_BLANK,SOURCE_TWO_READERS_MATCH,PASS,%,6.8,6.8,1,6.8,6.8,1,,NOT_MONETARY_OR_SOURCE_MISSING_NO_ROUNDING,6.8
ce1ebbbcf776b901428970539963c7d7f9b12ff41f78fe93c58646d115aa6992,N01-P2-T4,2,ROE(%),,2026,12/26E,ANNUAL,FORECAST,value,value,11.6,11.6,ROE(%),11.6,%,Goldman Sachs,"[[51.02275085449219, 164.59999084472656, 62.92863464355469, 170.7318572998047], [64.5134506225586, 164.59999084472656, 73.6734848022461, 170.7318572998047], [177.65261840820312, 164.59999084472656, 185.4813690185547, 170.7318572998047], [212.11810302734375, 164.59999084472656, 222.94325256347656, 170.7318572998047], [250.32923889160156, 164.59999084472656, 261.1544189453125, 170.7318572998047], [288.5404052734375, 164.59999084472656, 299.3655700683594, 170.7318572998047]]",SOURCE_TWO_READERS_MATCH,7,ROE (%),GS-6415 20260517.pdf,SOURCE_RESTORED_REVIEW,ASSIGNED_FROM_PRINTED_UNIT_OR_SOURCE_TABLE_CONTEXT,,,NUMBER_OR_SOURCE_BLANK,SOURCE_TWO_READERS_MATCH,PASS,%,11.6,11.6,1,11.6,11.6,1,,NOT_MONETARY_OR_SOURCE_MISSING_NO_ROUNDING,11.6
ce1ebbbcf776b901428970539963c7d7f9b12ff41f78fe93c58646d115aa6992,N01-P2-T4,2,ROE(%),,2027,12/27E,ANNUAL,FORECAST,value,value,20.4,20.4,ROE(%),20.4,%,Goldman Sachs,"[[51.02275085449219, 164.59999084472656, 62.92863464355469, 170.7318572998047], [64.5134506225586, 164.59999084472656, 73.6734848022461, 170.7318572998047], [177.65261840820312, 164.59999084472656, 185.4813690185547, 170.7318572998047], [212.11810302734375, 164.59999084472656, 222.94325256347656, 170.7318572998047], [250.32923889160156, 164.59999084472656, 261.1544189453125, 170.7318572998047], [288.5404052734375, 164.59999084472656, 299.3655700683594, 170.7318572998047]]",SOURCE_TWO_READERS_MATCH,7,ROE (%),GS-6415 20260517.pdf,SOURCE_RESTORED_REVIEW,ASSIGNED_FROM_PRINTED_UNIT_OR_SOURCE_TABLE_CONTEXT,,,NUMBER_OR_SOURCE_BLANK,SOURCE_TWO_READERS_MATCH,PASS,%,20.4,20.4,1,20.4,20.4,1,,NOT_MONETARY_OR_SOURCE_MISSING_NO_ROUNDING,20.4
ce1ebbbcf776b901428970539963c7d7f9b12ff41f78fe93c58646d115aa6992,N01-P2-T4,2,ROE(%),,2028,12/28E,ANNUAL,FORECAST,value,value,27.8,27.8,ROE(%),27.8,%,Goldman Sachs,"[[51.02275085449219, 164.59999084472656, 62.92863464355469, 170.7318572998047], [64.5134506225586, 164.59999084472656, 73.6734848022461, 170.7318572998047], [177.65261840820312, 164.59999084472656, 185.4813690185547, 170.7318572998047], [212.11810302734375, 164.59999084472656, 222.94325256347656, 170.7318572998047], [250.32923889160156, 164.59999084472656, 261.1544189453125, 170.7318572998047], [288.5404052734375, 164.59999084472656, 299.3655700683594, 170.7318572998047]]",SOURCE_TWO_READERS_MATCH,7,ROE (%),GS-6415 20260517.pdf,SOURCE_RESTORED_REVIEW,ASSIGNED_FROM_PRINTED_UNIT_OR_SOURCE_TABLE_CONTEXT,,,NUMBER_OR_SOURCE_BLANK,SOURCE_TWO_READERS_MATCH,PASS,%,27.8,27.8,1,27.8,27.8,1,,NOT_MONETARY_OR_SOURCE_MISSING_NO_ROUNDING,27.8
ce1ebbbcf776b901428970539963c7d7f9b12ff41f78fe93c58646d115aa6992,N01-P2-T4,2,Netdebt/equity(%),,2025,12/25,ANNUAL,UNSPECIFIED,value,value,(16.9),(16.9),Netdebt/equity(%),-16.9,%,Goldman Sachs,"[[51.02275085449219, 173.5910186767578, 60.51005554199219, 179.72288513183594], [62.261505126953125, 173.5910186767578, 90.7300033569336, 179.72288513183594], [92.22970581054688, 173.5910186767578, 101.38973999023438, 179.72288513183594], [171.65261840820312, 173.5910186767578, 185.3075408935547, 179.72288513183594], [209.1168975830078, 173.5910186767578, 222.77182006835938, 179.72288513183594], [247.33042907714844, 173.5910186767578, 260.9853210449219, 179.72288513183594], [285.5439453125, 173.5910186767578, 299.1988525390625, 179.72288513183594]]",SOURCE_TWO_READERS_MATCH,8,Net debt/equity (%),GS-6415 20260517.pdf,SOURCE_RESTORED_REVIEW,ASSIGNED_FROM_PRINTED_UNIT_OR_SOURCE_TABLE_CONTEXT,,,NUMBER_OR_SOURCE_BLANK,SOURCE_TWO_READERS_MATCH,PASS,%,-16.9,-16.9,1,-16.9,-16.9,1,,NOT_MONETARY_OR_SOURCE_MISSING_NO_ROUNDING,(16.9)
ce1ebbbcf776b901428970539963c7d7f9b12ff41f78fe93c58646d115aa6992,N01-P2-T4,2,Netdebt/equity(%),,2026,12/26E,ANNUAL,FORECAST,value,value,(17.5),(17.5),Netdebt/equity(%),-17.5,%,Goldman Sachs,"[[51.02275085449219, 173.5910186767578, 60.51005554199219, 179.72288513183594], [62.261505126953125, 173.5910186767578, 90.7300033569336, 179.72288513183594], [92.22970581054688, 173.5910186767578, 101.38973999023438, 179.72288513183594], [171.65261840820312, 173.5910186767578, 185.3075408935547, 179.72288513183594], [209.1168975830078, 173.5910186767578, 222.77182006835938, 179.72288513183594], [247.33042907714844, 173.5910186767578, 260.9853210449219, 179.72288513183594], [285.5439453125, 173.5910186767578, 299.1988525390625, 179.72288513183594]]",SOURCE_TWO_READERS_MATCH,8,Net debt/equity (%),GS-6415 20260517.pdf,SOURCE_RESTORED_REVIEW,ASSIGNED_FROM_PRINTED_UNIT_OR_SOURCE_TABLE_CONTEXT,,,NUMBER_OR_SOURCE_BLANK,SOURCE_TWO_READERS_MATCH,PASS,%,-17.5,-17.5,1,-17.5,-17.5,1,,NOT_MONETARY_OR_SOURCE_MISSING_NO_ROUNDING,(17.5)
ce1ebbbcf776b901428970539963c7d7f9b12ff41f78fe93c58646d115aa6992,N01-P2-T4,2,Netdebt/equity(%),,2027,12/27E,ANNUAL,FORECAST,value,value,(22.3),(22.3),Netdebt/equity(%),-22.3,%,Goldman Sachs,"[[51.02275085449219, 173.5910186767578, 60.51005554199219, 179.72288513183594], [62.261505126953125, 173.5910186767578, 90.7300033569336, 179.72288513183594], [92.22970581054688, 173.5910186767578, 101.38973999023438, 179.72288513183594], [171.65261840820312, 173.5910186767578, 185.3075408935547, 179.72288513183594], [209.1168975830078, 173.5910186767578, 222.77182006835938, 179.72288513183594], [247.33042907714844, 173.5910186767578, 260.9853210449219, 179.72288513183594], [285.5439453125, 173.5910186767578, 299.1988525390625, 179.72288513183594]]",SOURCE_TWO_READERS_MATCH,8,Net debt/equity (%),GS-6415 20260517.pdf,SOURCE_RESTORED_REVIEW,ASSIGNED_FROM_PRINTED_UNIT_OR_SOURCE_TABLE_CONTEXT,,,NUMBER_OR_SOURCE_BLANK,SOURCE_TWO_READERS_MATCH,PASS,%,-22.3,-22.3,1,-22.3,-22.3,1,,NOT_MONETARY_OR_SOURCE_MISSING_NO_ROUNDING,(22.3)
ce1ebbbcf776b901428970539963c7d7f9b12ff41f78fe93c58646d115aa6992,N01-P2-T4,2,Netdebt/equity(%),,2028,12/28E,ANNUAL,FORECAST,value,value,(27.2),(27.2),Netdebt/equity(%),-27.2,%,Goldman Sachs,"[[51.02275085449219, 173.5910186767578, 60.51005554199219, 179.72288513183594], [62.261505126953125, 173.5910186767578, 90.7300033569336, 179.72288513183594], [92.22970581054688, 173.5910186767578, 101.38973999023438, 179.72288513183594], [171.65261840820312, 173.5910186767578, 185.3075408935547, 179.72288513183594], [209.1168975830078, 173.5910186767578, 222.77182006835938, 179.72288513183594], [247.33042907714844, 173.5910186767578, 260.9853210449219, 179.72288513183594], [285.5439453125, 173.5910186767578, 299.1988525390625, 179.72288513183594]]",SOURCE_TWO_READERS_MATCH,8,Net debt/equity (%),GS-6415 20260517.pdf,SOURCE_RESTORED_REVIEW,ASSIGNED_FROM_PRINTED_UNIT_OR_SOURCE_TABLE_CONTEXT,,,NUMBER_OR_SOURCE_BLANK,SOURCE_TWO_READERS_MATCH,PASS,%,-27.2,-27.2,1,-27.2,-27.2,1,,NOT_MONETARY_OR_SOURCE_MISSING_NO_ROUNDING,(27.2)
ce1ebbbcf776b901428970539963c7d7f9b12ff41f78fe93c58646d115aa6992,N01-P2-T4,2,Netdebt/equity(excl.leases)(%),,2025,12/25,ANNUAL,UNSPECIFIED,value,value,(16.9),(16.9),Netdebt/equity(excl.leases)(%),-16.9,%,Goldman Sachs,"[[51.02275085449219, 182.58204650878906, 60.51005554199219, 188.7139129638672], [62.261505126953125, 182.58204650878906, 90.7300033569336, 188.7139129638672], [92.22970581054688, 182.58204650878906, 105.88404083251953, 188.7139129638672], [107.21711730957031, 182.58204650878906, 125.36632537841797, 188.7139129638672], [126.69940185546875, 182.58204650878906, 135.8594207763672, 188.7139129638672], [171.6567840576172, 182.58204650878906, 185.31170654296875, 188.7139129638672], [209.12106323242188, 182.58204650878906, 222.77598571777344, 188.7139129638672], [247.3345947265625, 182.58204650878906, 260.989501953125, 188.7139129638672], [285.5481262207031, 182.58204650878906, 299.20306396484375, 188.7139129638672]]",SOURCE_TWO_READERS_MATCH,9,Net debt/equity (excl. leases) (%),GS-6415 20260517.pdf,SOURCE_RESTORED_REVIEW,ASSIGNED_FROM_PRINTED_UNIT_OR_SOURCE_TABLE_CONTEXT,,,NUMBER_OR_SOURCE_BLANK,SOURCE_TWO_READERS_MATCH,PASS,%,-16.9,-16.9,1,-16.9,-16.9,1,,NOT_MONETARY_OR_SOURCE_MISSING_NO_ROUNDING,(16.9)
ce1ebbbcf776b901428970539963c7d7f9b12ff41f78fe93c58646d115aa6992,N01-P2-T4,2,Netdebt/equity(excl.leases)(%),,2026,12/26E,ANNUAL,FORECAST,value,value,(17.5),(17.5),Netdebt/equity(excl.leases)(%),-17.5,%,Goldman Sachs,"[[51.02275085449219, 182.58204650878906, 60.51005554199219, 188.7139129638672], [62.261505126953125, 182.58204650878906, 90.7300033569336, 188.7139129638672], [92.22970581054688, 182.58204650878906, 105.88404083251953, 188.7139129638672], [107.21711730957031, 182.58204650878906, 125.36632537841797, 188.7139129638672], [126.69940185546875, 182.58204650878906, 135.8594207763672, 188.7139129638672], [171.6567840576172, 182.58204650878906, 185.31170654296875, 188.7139129638672], [209.12106323242188, 182.58204650878906, 222.77598571777344, 188.7139129638672], [247.3345947265625, 182.58204650878906, 260.989501953125, 188.7139129638672], [285.5481262207031, 182.58204650878906, 299.20306396484375, 188.7139129638672]]",SOURCE_TWO_READERS_MATCH,9,Net debt/equity (excl. leases) (%),GS-6415 20260517.pdf,SOURCE_RESTORED_REVIEW,ASSIGNED_FROM_PRINTED_UNIT_OR_SOURCE_TABLE_CONTEXT,,,NUMBER_OR_SOURCE_BLANK,SOURCE_TWO_READERS_MATCH,PASS,%,-17.5,-17.5,1,-17.5,-17.5,1,,NOT_MONETARY_OR_SOURCE_MISSING_NO_ROUNDING,(17.5)
ce1ebbbcf776b901428970539963c7d7f9b12ff41f78fe93c58646d115aa6992,N01-P2-T4,2,Netdebt/equity(excl.leases)(%),,2027,12/27E,ANNUAL,FORECAST,value,value,(22.3),(22.3),Netdebt/equity(excl.leases)(%),-22.3,%,Goldman Sachs,"[[51.02275085449219, 182.58204650878906, 60.51005554199219, 188.7139129638672], [62.261505126953125, 182.58204650878906, 90.7300033569336, 188.7139129638672], [92.22970581054688, 182.58204650878906, 105.88404083251953, 188.7139129638672], [107.21711730957031, 182.58204650878906, 125.36632537841797, 188.7139129638672], [126.69940185546875, 182.58204650878906, 135.8594207763672, 188.7139129638672], [171.6567840576172, 182.58204650878906, 185.31170654296875, 188.7139129638672], [209.12106323242188, 182.58204650878906, 222.77598571777344, 188.7139129638672], [247.3345947265625, 182.58204650878906, 260.989501953125, 188.7139129638672], [285.5481262207031, 182.58204650878906, 299.20306396484375, 188.7139129638672]]",SOURCE_TWO_READERS_MATCH,9,Net debt/equity (excl. leases) (%),GS-6415 20260517.pdf,SOURCE_RESTORED_REVIEW,ASSIGNED_FROM_PRINTED_UNIT_OR_SOURCE_TABLE_CONTEXT,,,NUMBER_OR_SOURCE_BLANK,SOURCE_TWO_READERS_MATCH,PASS,%,-22.3,-22.3,1,-22.3,-22.3,1,,NOT_MONETARY_OR_SOURCE_MISSING_NO_ROUNDING,(22.3)
ce1ebbbcf776b901428970539963c7d7f9b12ff41f78fe93c58646d115aa6992,N01-P2-T4,2,Netdebt/equity(excl.leases)(%),,2028,12/28E,ANNUAL,FORECAST,value,value,(27.2),(27.2),Netdebt/equity(excl.leases)(%),-27.2,%,Goldman Sachs,"[[51.02275085449219, 182.58204650878906, 60.51005554199219, 188.7139129638672], [62.261505126953125, 182.58204650878906, 90.7300033569336, 188.7139129638672], [92.22970581054688, 182.58204650878906, 105.88404083251953, 188.7139129638672], [107.21711730957031, 182.58204650878906, 125.36632537841797, 188.7139129638672], [126.69940185546875, 182.58204650878906, 135.8594207763672, 188.7139129638672], [171.6567840576172, 182.58204650878906, 185.31170654296875, 188.7139129638672], [209.12106323242188, 182.58204650878906, 222.77598571777344, 188.7139129638672], [247.3345947265625, 182.58204650878906, 260.989501953125, 188.7139129638672], [285.5481262207031, 182.58204650878906, 299.20306396484375, 188.7139129638672]]",SOURCE_TWO_READERS_MATCH,9,Net debt/equity (excl. leases) (%),GS-6415 20260517.pdf,SOURCE_RESTORED_REVIEW,ASSIGNED_FROM_PRINTED_UNIT_OR_SOURCE_TABLE_CONTEXT,,,NUMBER_OR_SOURCE_BLANK,SOURCE_TWO_READERS_MATCH,PASS,%,-27.2,-27.2,1,-27.2,-27.2,1,,NOT_MONETARY_OR_SOURCE_MISSING_NO_ROUNDING,(27.2)
ce1ebbbcf776b901428970539963c7d7f9b12ff41f78fe93c58646d115aa6992,N01-P2-T4,2,Interestcover(X),,2025,12/25,ANNUAL,UNSPECIFIED,value,value,32.2,32.2,Interestcover(X),32.2,x,Goldman Sachs,"[[51.02275085449219, 191.5730743408203, 71.00015258789062, 197.70494079589844], [72.75160217285156, 191.5730743408203, 86.73440551757812, 197.70494079589844], [88.48585510253906, 191.5730743408203, 95.39933776855469, 197.70494079589844], [174.65321350097656, 191.5730743408203, 185.47836303710938, 197.70494079589844], [212.1151123046875, 191.5730743408203, 222.9402618408203, 197.70494079589844], [247.32925415039062, 191.5730743408203, 261.15081787109375, 197.70494079589844], [285.539794921875, 191.5730743408203, 299.3613586425781, 197.70494079589844]]",SOURCE_TWO_READERS_MATCH,10,Interest cover (X),GS-6415 20260517.pdf,SOURCE_RESTORED_REVIEW,ASSIGNED_FROM_PRINTED_UNIT_OR_SOURCE_TABLE_CONTEXT,,,NUMBER_OR_SOURCE_BLANK,SOURCE_TWO_READERS_MATCH,PASS,x,32.2,32.2,1,32.2,32.2,1,,NOT_MONETARY_OR_SOURCE_MISSING_NO_ROUNDING,32.2
ce1ebbbcf776b901428970539963c7d7f9b12ff41f78fe93c58646d115aa6992,N01-P2-T4,2,Interestcover(X),,2026,12/26E,ANNUAL,FORECAST,value,value,46.6,46.6,Interestcover(X),46.6,x,Goldman Sachs,"[[51.02275085449219, 191.5730743408203, 71.00015258789062, 197.70494079589844], [72.75160217285156, 191.5730743408203, 86.73440551757812, 197.70494079589844], [88.48585510253906, 191.5730743408203, 95.39933776855469, 197.70494079589844], [174.65321350097656, 191.5730743408203, 185.47836303710938, 197.70494079589844], [212.1151123046875, 191.5730743408203, 222.9402618408203, 197.70494079589844], [247.32925415039062, 191.5730743408203, 261.15081787109375, 197.70494079589844], [285.539794921875, 191.5730743408203, 299.3613586425781, 197.70494079589844]]",SOURCE_TWO_READERS_MATCH,10,Interest cover (X),GS-6415 20260517.pdf,SOURCE_RESTORED_REVIEW,ASSIGNED_FROM_PRINTED_UNIT_OR_SOURCE_TABLE_CONTEXT,,,NUMBER_OR_SOURCE_BLANK,SOURCE_TWO_READERS_MATCH,PASS,x,46.6,46.6,1,46.6,46.6,1,,NOT_MONETARY_OR_SOURCE_MISSING_NO_ROUNDING,46.6
ce1ebbbcf776b901428970539963c7d7f9b12ff41f78fe93c58646d115aa6992,N01-P2-T4,2,Interestcover(X),,2027,12/27E,ANNUAL,FORECAST,value,value,101.0,101.0,Interestcover(X),101.0,x,Goldman Sachs,"[[51.02275085449219, 191.5730743408203, 71.00015258789062, 197.70494079589844], [72.75160217285156, 191.5730743408203, 86.73440551757812, 197.70494079589844], [88.48585510253906, 191.5730743408203, 95.39933776855469, 197.70494079589844], [174.65321350097656, 191.5730743408203, 185.47836303710938, 197.70494079589844], [212.1151123046875, 191.5730743408203, 222.9402618408203, 197.70494079589844], [247.32925415039062, 191.5730743408203, 261.15081787109375, 197.70494079589844], [285.539794921875, 191.5730743408203, 299.3613586425781, 197.70494079589844]]",SOURCE_TWO_READERS_MATCH,10,Interest cover (X),GS-6415 20260517.pdf,SOURCE_RESTORED_REVIEW,ASSIGNED_FROM_PRINTED_UNIT_OR_SOURCE_TABLE_CONTEXT,,,NUMBER_OR_SOURCE_BLANK,SOURCE_TWO_READERS_MATCH,PASS,x,101.0,101.0,1,101.0,101.0,1,,NOT_MONETARY_OR_SOURCE_MISSING_NO_ROUNDING,101.0
ce1ebbbcf776b901428970539963c7d7f9b12ff41f78fe93c58646d115aa6992,N01-P2-T4,2,Interestcover(X),,2028,12/28E,ANNUAL,FORECAST,value,value,155.2,155.2,Interestcover(X),155.2,x,Goldman Sachs,"[[51.02275085449219, 191.5730743408203, 71.00015258789062, 197.70494079589844], [72.75160217285156, 191.5730743408203, 86.73440551757812, 197.70494079589844], [88.48585510253906, 191.5730743408203, 95.39933776855469, 197.70494079589844], [174.65321350097656, 191.5730743408203, 185.47836303710938, 197.70494079589844], [212.1151123046875, 191.5730743408203, 222.9402618408203, 197.70494079589844], [247.32925415039062, 191.5730743408203, 261.15081787109375, 197.70494079589844], [285.539794921875, 191.5730743408203, 299.3613586425781, 197.70494079589844]]",SOURCE_TWO_READERS_MATCH,10,Interest cover (X),GS-6415 20260517.pdf,SOURCE_RESTORED_REVIEW,ASSIGNED_FROM_PRINTED_UNIT_OR_SOURCE_TABLE_CONTEXT,,,NUMBER_OR_SOURCE_BLANK,SOURCE_TWO_READERS_MATCH,PASS,x,155.2,155.2,1,155.2,155.2,1,,NOT_MONETARY_OR_SOURCE_MISSING_NO_ROUNDING,155.2
ce1ebbbcf776b901428970539963c7d7f9b12ff41f78fe93c58646d115aa6992,N01-P2-T4,2,"Daysinventoryoutst,sales",,2025,12/25,ANNUAL,UNSPECIFIED,value,value,70.7,70.7,"Daysinventoryoutst,sales",70.7,days,Goldman Sachs,"[[51.02275466918945, 200.56410217285156, 64.50865936279297, 206.6959686279297], [66.00835418701172, 200.56410217285156, 89.98374938964844, 206.6959686279297], [91.48224639892578, 200.56410217285156, 106.63507843017578, 206.6959686279297], [107.96694946289062, 200.56410217285156, 121.45225524902344, 206.6959686279297], [174.6490020751953, 200.56410217285156, 185.47415161132812, 206.6959686279297], [212.11090087890625, 200.56410217285156, 222.93605041503906, 206.6959686279297], [250.32203674316406, 200.56410217285156, 261.147216796875, 206.6959686279297], [288.533203125, 200.56410217285156, 299.3583679199219, 206.6959686279297]]",SOURCE_TWO_READERS_MATCH,11,"Days inventory outst, sales",GS-6415 20260517.pdf,SOURCE_RESTORED_REVIEW,ASSIGNED_FROM_PRINTED_UNIT_OR_SOURCE_TABLE_CONTEXT,,,NUMBER_OR_SOURCE_BLANK,SOURCE_TWO_READERS_MATCH,PASS,days,70.7,70.7,1,70.7,70.7,1,,NOT_MONETARY_OR_SOURCE_MISSING_NO_ROUNDING,70.7
ce1ebbbcf776b901428970539963c7d7f9b12ff41f78fe93c58646d115aa6992,N01-P2-T4,2,"Daysinventoryoutst,sales",,2026,12/26E,ANNUAL,FORECAST,value,value,81.2,81.2,"Daysinventoryoutst,sales",81.2,days,Goldman Sachs,"[[51.02275466918945, 200.56410217285156, 64.50865936279297, 206.6959686279297], [66.00835418701172, 200.56410217285156, 89.98374938964844, 206.6959686279297], [91.48224639892578, 200.56410217285156, 106.63507843017578, 206.6959686279297], [107.96694946289062, 200.56410217285156, 121.45225524902344, 206.6959686279297], [174.6490020751953, 200.56410217285156, 185.47415161132812, 206.6959686279297], [212.11090087890625, 200.56410217285156, 222.93605041503906, 206.6959686279297], [250.32203674316406, 200.56410217285156, 261.147216796875, 206.6959686279297], [288.533203125, 200.56410217285156, 299.3583679199219, 206.6959686279297]]",SOURCE_TWO_READERS_MATCH,11,"Days inventory outst, sales",GS-6415 20260517.pdf,SOURCE_RESTORED_REVIEW,ASSIGNED_FROM_PRINTED_UNIT_OR_SOURCE_TABLE_CONTEXT,,,NUMBER_OR_SOURCE_BLANK,SOURCE_TWO_READERS_MATCH,PASS,days,81.2,81.2,1,81.2,81.2,1,,NOT_MONETARY_OR_SOURCE_MISSING_NO_ROUNDING,81.2
ce1ebbbcf776b901428970539963c7d7f9b12ff41f78fe93c58646d115aa6992,N01-P2-T4,2,"Daysinventoryoutst,sales",,2027,12/27E,ANNUAL,FORECAST,value,value,79.2,79.2,"Daysinventoryoutst,sales",79.2,days,Goldman Sachs,"[[51.02275466918945, 200.56410217285156, 64.50865936279297, 206.6959686279297], [66.00835418701172, 200.56410217285156, 89.98374938964844, 206.6959686279297], [91.48224639892578, 200.56410217285156, 106.63507843017578, 206.6959686279297], [107.96694946289062, 200.56410217285156, 121.45225524902344, 206.6959686279297], [174.6490020751953, 200.56410217285156, 185.47415161132812, 206.6959686279297], [212.11090087890625, 200.56410217285156, 222.93605041503906, 206.6959686279297], [250.32203674316406, 200.56410217285156, 261.147216796875, 206.6959686279297], [288.533203125, 200.56410217285156, 299.3583679199219, 206.6959686279297]]",SOURCE_TWO_READERS_MATCH,11,"Days inventory outst, sales",GS-6415 20260517.pdf,SOURCE_RESTORED_REVIEW,ASSIGNED_FROM_PRINTED_UNIT_OR_SOURCE_TABLE_CONTEXT,,,NUMBER_OR_SOURCE_BLANK,SOURCE_TWO_READERS_MATCH,PASS,days,79.2,79.2,1,79.2,79.2,1,,NOT_MONETARY_OR_SOURCE_MISSING_NO_ROUNDING,79.2
ce1ebbbcf776b901428970539963c7d7f9b12ff41f78fe93c58646d115aa6992,N01-P2-T4,2,"Daysinventoryoutst,sales",,2028,12/28E,ANNUAL,FORECAST,value,value,74.3,74.3,"Daysinventoryoutst,sales",74.3,days,Goldman Sachs,"[[51.02275466918945, 200.56410217285156, 64.50865936279297, 206.6959686279297], [66.00835418701172, 200.56410217285156, 89.98374938964844, 206.6959686279297], [91.48224639892578, 200.56410217285156, 106.63507843017578, 206.6959686279297], [107.96694946289062, 200.56410217285156, 121.45225524902344, 206.6959686279297], [174.6490020751953, 200.56410217285156, 185.47415161132812, 206.6959686279297], [212.11090087890625, 200.56410217285156, 222.93605041503906, 206.6959686279297], [250.32203674316406, 200.56410217285156, 261.147216796875, 206.6959686279297], [288.533203125, 200.56410217285156, 299.3583679199219, 206.6959686279297]]",SOURCE_TWO_READERS_MATCH,11,"Days inventory outst, sales",GS-6415 20260517.pdf,SOURCE_RESTORED_REVIEW,ASSIGNED_FROM_PRINTED_UNIT_OR_SOURCE_TABLE_CONTEXT,,,NUMBER_OR_SOURCE_BLANK,SOURCE_TWO_READERS_MATCH,PASS,days,74.3,74.3,1,74.3,74.3,1,,NOT_MONETARY_OR_SOURCE_MISSING_NO_ROUNDING,74.3
ce1ebbbcf776b901428970539963c7d7f9b12ff41f78fe93c58646d115aa6992,N01-P2-T4,2,Receivabledays,,2025,12/25,ANNUAL,UNSPECIFIED,value,value,50.2,50.2,Receivabledays,50.2,days,Goldman Sachs,"[[51.02274703979492, 209.5551300048828, 79.0794677734375, 215.68699645996094], [80.24290466308594, 209.5551300048828, 92.23030853271484, 215.68699645996094], [174.6490020751953, 209.5551300048828, 185.47415161132812, 215.68699645996094], [212.11090087890625, 209.5551300048828, 222.93605041503906, 215.68699645996094], [250.32203674316406, 209.5551300048828, 261.147216796875, 215.68699645996094], [288.533203125, 209.5551300048828, 299.3583679199219, 215.68699645996094]]",SOURCE_TWO_READERS_MATCH,12,Receivable days,GS-6415 20260517.pdf,SOURCE_RESTORED_REVIEW,ASSIGNED_FROM_PRINTED_UNIT_OR_SOURCE_TABLE_CONTEXT,,,NUMBER_OR_SOURCE_BLANK,SOURCE_TWO_READERS_MATCH,PASS,days,50.2,50.2,1,50.2,50.2,1,,NOT_MONETARY_OR_SOURCE_MISSING_NO_ROUNDING,50.2
ce1ebbbcf776b901428970539963c7d7f9b12ff41f78fe93c58646d115aa6992,N01-P2-T4,2,Receivabledays,,2026,12/26E,ANNUAL,FORECAST,value,value,49.1,49.1,Receivabledays,49.1,days,Goldman Sachs,"[[51.02274703979492, 209.5551300048828, 79.0794677734375, 215.68699645996094], [80.24290466308594, 209.5551300048828, 92.23030853271484, 215.68699645996094], [174.6490020751953, 209.5551300048828, 185.47415161132812, 215.68699645996094], [212.11090087890625, 209.5551300048828, 222.93605041503906, 215.68699645996094], [250.32203674316406, 209.5551300048828, 261.147216796875, 215.68699645996094], [288.533203125, 209.5551300048828, 299.3583679199219, 215.68699645996094]]",SOURCE_TWO_READERS_MATCH,12,Receivable days,GS-6415 20260517.pdf,SOURCE_RESTORED_REVIEW,ASSIGNED_FROM_PRINTED_UNIT_OR_SOURCE_TABLE_CONTEXT,,,NUMBER_OR_SOURCE_BLANK,SOURCE_TWO_READERS_MATCH,PASS,days,49.1,49.1,1,49.1,49.1,1,,NOT_MONETARY_OR_SOURCE_MISSING_NO_ROUNDING,49.1
ce1ebbbcf776b901428970539963c7d7f9b12ff41f78fe93c58646d115aa6992,N01-P2-T4,2,Receivabledays,,2027,12/27E,ANNUAL,FORECAST,value,value,50.1,50.1,Receivabledays,50.1,days,Goldman Sachs,"[[51.02274703979492, 209.5551300048828, 79.0794677734375, 215.68699645996094], [80.24290466308594, 209.5551300048828, 92.23030853271484, 215.68699645996094], [174.6490020751953, 209.5551300048828, 185.47415161132812, 215.68699645996094], [212.11090087890625, 209.5551300048828, 222.93605041503906, 215.68699645996094], [250.32203674316406, 209.5551300048828, 261.147216796875, 215.68699645996094], [288.533203125, 209.5551300048828, 299.3583679199219, 215.68699645996094]]",SOURCE_TWO_READERS_MATCH,12,Receivable days,GS-6415 20260517.pdf,SOURCE_RESTORED_REVIEW,ASSIGNED_FROM_PRINTED_UNIT_OR_SOURCE_TABLE_CONTEXT,,,NUMBER_OR_SOURCE_BLANK,SOURCE_TWO_READERS_MATCH,PASS,days,50.1,50.1,1,50.1,50.1,1,,NOT_MONETARY_OR_SOURCE_MISSING_NO_ROUNDING,50.1
ce1ebbbcf776b901428970539963c7d7f9b12ff41f78fe93c58646d115aa6992,N01-P2-T4,2,Receivabledays,,2028,12/28E,ANNUAL,FORECAST,value,value,48.9,48.9,Receivabledays,48.9,days,Goldman Sachs,"[[51.02274703979492, 209.5551300048828, 79.0794677734375, 215.68699645996094], [80.24290466308594, 209.5551300048828, 92.23030853271484, 215.68699645996094], [174.6490020751953, 209.5551300048828, 185.47415161132812, 215.68699645996094], [212.11090087890625, 209.5551300048828, 222.93605041503906, 215.68699645996094], [250.32203674316406, 209.5551300048828, 261.147216796875, 215.68699645996094], [288.533203125, 209.5551300048828, 299.3583679199219, 215.68699645996094]]",SOURCE_TWO_READERS_MATCH,12,Receivable days,GS-6415 20260517.pdf,SOURCE_RESTORED_REVIEW,ASSIGNED_FROM_PRINTED_UNIT_OR_SOURCE_TABLE_CONTEXT,,,NUMBER_OR_SOURCE_BLANK,SOURCE_TWO_READERS_MATCH,PASS,days,48.9,48.9,1,48.9,48.9,1,,NOT_MONETARY_OR_SOURCE_MISSING_NO_ROUNDING,48.9
ce1ebbbcf776b901428970539963c7d7f9b12ff41f78fe93c58646d115aa6992,N01-P2-T4,2,Dayspayableoutstanding,,2025,12/25,ANNUAL,UNSPECIFIED,value,value,102.1,102.1,Dayspayableoutstanding,102.1,days,Goldman Sachs,"[[51.02275085449219, 218.54615783691406, 64.50865173339844, 224.6780242919922], [66.00775146484375, 218.54615783691406, 85.82272338867188, 224.6780242919922], [86.98675537109375, 218.54615783691406, 117.29241943359375, 224.6780242919922], [171.65200805664062, 218.54615783691406, 185.4735565185547, 224.6780242919922], [212.11029052734375, 218.54615783691406, 222.93544006347656, 224.6780242919922], [250.32142639160156, 218.54615783691406, 261.1466064453125, 224.6780242919922], [288.5325927734375, 218.54615783691406, 299.3577575683594, 224.6780242919922]]",SOURCE_TWO_READERS_MATCH,13,Days payable outstanding,GS-6415 20260517.pdf,SOURCE_RESTORED_REVIEW,ASSIGNED_FROM_PRINTED_UNIT_OR_SOURCE_TABLE_CONTEXT,,,NUMBER_OR_SOURCE_BLANK,SOURCE_TWO_READERS_MATCH,PASS,days,102.1,102.1,1,102.1,102.1,1,,NOT_MONETARY_OR_SOURCE_MISSING_NO_ROUNDING,102.1
ce1ebbbcf776b901428970539963c7d7f9b12ff41f78fe93c58646d115aa6992,N01-P2-T4,2,Dayspayableoutstanding,,2026,12/26E,ANNUAL,FORECAST,value,value,96.2,96.2,Dayspayableoutstanding,96.2,days,Goldman Sachs,"[[51.02275085449219, 218.54615783691406, 64.50865173339844, 224.6780242919922], [66.00775146484375, 218.54615783691406, 85.82272338867188, 224.6780242919922], [86.98675537109375, 218.54615783691406, 117.29241943359375, 224.6780242919922], [171.65200805664062, 218.54615783691406, 185.4735565185547, 224.6780242919922], [212.11029052734375, 218.54615783691406, 222.93544006347656, 224.6780242919922], [250.32142639160156, 218.54615783691406, 261.1466064453125, 224.6780242919922], [288.5325927734375, 218.54615783691406, 299.3577575683594, 224.6780242919922]]",SOURCE_TWO_READERS_MATCH,13,Days payable outstanding,GS-6415 20260517.pdf,SOURCE_RESTORED_REVIEW,ASSIGNED_FROM_PRINTED_UNIT_OR_SOURCE_TABLE_CONTEXT,,,NUMBER_OR_SOURCE_BLANK,SOURCE_TWO_READERS_MATCH,PASS,days,96.2,96.2,1,96.2,96.2,1,,NOT_MONETARY_OR_SOURCE_MISSING_NO_ROUNDING,96.2
ce1ebbbcf776b901428970539963c7d7f9b12ff41f78fe93c58646d115aa6992,N01-P2-T4,2,Dayspayableoutstanding,,2027,12/27E,ANNUAL,FORECAST,value,value,99.1,99.1,Dayspayableoutstanding,99.1,days,Goldman Sachs,"[[51.02275085449219, 218.54615783691406, 64.50865173339844, 224.6780242919922], [66.00775146484375, 218.54615783691406, 85.82272338867188, 224.6780242919922], [86.98675537109375, 218.54615783691406, 117.29241943359375, 224.6780242919922], [171.65200805664062, 218.54615783691406, 185.4735565185547, 224.6780242919922], [212.11029052734375, 218.54615783691406, 222.93544006347656, 224.6780242919922], [250.32142639160156, 218.54615783691406, 261.1466064453125, 224.6780242919922], [288.5325927734375, 218.54615783691406, 299.3577575683594, 224.6780242919922]]",SOURCE_TWO_READERS_MATCH,13,Days payable outstanding,GS-6415 20260517.pdf,SOURCE_RESTORED_REVIEW,ASSIGNED_FROM_PRINTED_UNIT_OR_SOURCE_TABLE_CONTEXT,,,NUMBER_OR_SOURCE_BLANK,SOURCE_TWO_READERS_MATCH,PASS,days,99.1,99.1,1,99.1,99.1,1,,NOT_MONETARY_OR_SOURCE_MISSING_NO_ROUNDING,99.1
ce1ebbbcf776b901428970539963c7d7f9b12ff41f78fe93c58646d115aa6992,N01-P2-T4,2,Dayspayableoutstanding,,2028,12/28E,ANNUAL,FORECAST,value,value,95.8,95.8,Dayspayableoutstanding,95.8,days,Goldman Sachs,"[[51.02275085449219, 218.54615783691406, 64.50865173339844, 224.6780242919922], [66.00775146484375, 218.54615783691406, 85.82272338867188, 224.6780242919922], [86.98675537109375, 218.54615783691406, 117.29241943359375, 224.6780242919922], [171.65200805664062, 218.54615783691406, 185.4735565185547, 224.6780242919922], [212.11029052734375, 218.54615783691406, 222.93544006347656, 224.6780242919922], [250.32142639160156, 218.54615783691406, 261.1466064453125, 224.6780242919922], [288.5325927734375, 218.54615783691406, 299.3577575683594, 224.6780242919922]]",SOURCE_TWO_READERS_MATCH,13,Days payable outstanding,GS-6415 20260517.pdf,SOURCE_RESTORED_REVIEW,ASSIGNED_FROM_PRINTED_UNIT_OR_SOURCE_TABLE_CONTEXT,,,NUMBER_OR_SOURCE_BLANK,SOURCE_TWO_READERS_MATCH,PASS,days,95.8,95.8,1,95.8,95.8,1,,NOT_MONETARY_OR_SOURCE_MISSING_NO_ROUNDING,95.8
ce1ebbbcf776b901428970539963c7d7f9b12ff41f78fe93c58646d115aa6992,N01-P2-T4,2,DuPontROE(%),,2025,12/25,ANNUAL,UNSPECIFIED,value,value,6.6,6.6,DuPontROE(%),6.6,%,Goldman Sachs,"[[51.02275848388672, 227.5371856689453, 70.25090789794922, 233.66905212402344], [72.00235748291016, 227.5371856689453, 83.90824127197266, 233.66905212402344], [85.4930648803711, 227.5371856689453, 94.6530990600586, 233.66905212402344], [177.65200805664062, 227.5371856689453, 185.4807586669922, 233.66905212402344], [212.11749267578125, 227.5371856689453, 222.94264221191406, 233.66905212402344], [250.32862854003906, 227.5371856689453, 261.15380859375, 233.66905212402344], [288.539794921875, 227.5371856689453, 299.3649597167969, 233.66905212402344]]",SOURCE_TWO_READERS_MATCH,14,DuPont ROE (%),GS-6415 20260517.pdf,SOURCE_RESTORED_REVIEW,ASSIGNED_FROM_PRINTED_UNIT_OR_SOURCE_TABLE_CONTEXT,,,NUMBER_OR_SOURCE_BLANK,SOURCE_TWO_READERS_MATCH,PASS,%,6.6,6.6,1,6.6,6.6,1,,NOT_MONETARY_OR_SOURCE_MISSING_NO_ROUNDING,6.6
ce1ebbbcf776b901428970539963c7d7f9b12ff41f78fe93c58646d115aa6992,N01-P2-T4,2,DuPontROE(%),,2026,12/26E,ANNUAL,FORECAST,value,value,11.3,11.3,DuPontROE(%),11.3,%,Goldman Sachs,"[[51.02275848388672, 227.5371856689453, 70.25090789794922, 233.66905212402344], [72.00235748291016, 227.5371856689453, 83.90824127197266, 233.66905212402344], [85.4930648803711, 227.5371856689453, 94.6530990600586, 233.66905212402344], [177.65200805664062, 227.5371856689453, 185.4807586669922, 233.66905212402344], [212.11749267578125, 227.5371856689453, 222.94264221191406, 233.66905212402344], [250.32862854003906, 227.5371856689453, 261.15380859375, 233.66905212402344], [288.539794921875, 227.5371856689453, 299.3649597167969, 233.66905212402344]]",SOURCE_TWO_READERS_MATCH,14,DuPont ROE (%),GS-6415 20260517.pdf,SOURCE_RESTORED_REVIEW,ASSIGNED_FROM_PRINTED_UNIT_OR_SOURCE_TABLE_CONTEXT,,,NUMBER_OR_SOURCE_BLANK,SOURCE_TWO_READERS_MATCH,PASS,%,11.3,11.3,1,11.3,11.3,1,,NOT_MONETARY_OR_SOURCE_MISSING_NO_ROUNDING,11.3
ce1ebbbcf776b901428970539963c7d7f9b12ff41f78fe93c58646d115aa6992,N01-P2-T4,2,DuPontROE(%),,2027,12/27E,ANNUAL,FORECAST,value,value,19.4,19.4,DuPontROE(%),19.4,%,Goldman Sachs,"[[51.02275848388672, 227.5371856689453, 70.25090789794922, 233.66905212402344], [72.00235748291016, 227.5371856689453, 83.90824127197266, 233.66905212402344], [85.4930648803711, 227.5371856689453, 94.6530990600586, 233.66905212402344], [177.65200805664062, 227.5371856689453, 185.4807586669922, 233.66905212402344], [212.11749267578125, 227.5371856689453, 222.94264221191406, 233.66905212402344], [250.32862854003906, 227.5371856689453, 261.15380859375, 233.66905212402344], [288.539794921875, 227.5371856689453, 299.3649597167969, 233.66905212402344]]",SOURCE_TWO_READERS_MATCH,14,DuPont ROE (%),GS-6415 20260517.pdf,SOURCE_RESTORED_REVIEW,ASSIGNED_FROM_PRINTED_UNIT_OR_SOURCE_TABLE_CONTEXT,,,NUMBER_OR_SOURCE_BLANK,SOURCE_TWO_READERS_MATCH,PASS,%,19.4,19.4,1,19.4,19.4,1,,NOT_MONETARY_OR_SOURCE_MISSING_NO_ROUNDING,19.4
ce1ebbbcf776b901428970539963c7d7f9b12ff41f78fe93c58646d115aa6992,N01-P2-T4,2,DuPontROE(%),,2028,12/28E,ANNUAL,FORECAST,value,value,26.5,26.5,DuPontROE(%),26.5,%,Goldman Sachs,"[[51.02275848388672, 227.5371856689453, 70.25090789794922, 233.66905212402344], [72.00235748291016, 227.5371856689453, 83.90824127197266, 233.66905212402344], [85.4930648803711, 227.5371856689453, 94.6530990600586, 233.66905212402344], [177.65200805664062, 227.5371856689453, 185.4807586669922, 233.66905212402344], [212.11749267578125, 227.5371856689453, 222.94264221191406, 233.66905212402344], [250.32862854003906, 227.5371856689453, 261.15380859375, 233.66905212402344], [288.539794921875, 227.5371856689453, 299.3649597167969, 233.66905212402344]]",SOURCE_TWO_READERS_MATCH,14,DuPont ROE (%),GS-6415 20260517.pdf,SOURCE_RESTORED_REVIEW,ASSIGNED_FROM_PRINTED_UNIT_OR_SOURCE_TABLE_CONTEXT,,,NUMBER_OR_SOURCE_BLANK,SOURCE_TWO_READERS_MATCH,PASS,%,26.5,26.5,1,26.5,26.5,1,,NOT_MONETARY_OR_SOURCE_MISSING_NO_ROUNDING,26.5
ce1ebbbcf776b901428970539963c7d7f9b12ff41f78fe93c58646d115aa6992,N01-P2-T4,2,Turnover(X),,2025,12/25,ANNUAL,UNSPECIFIED,value,value,0.4,0.4,Turnover(X),0.4,x,Goldman Sachs,"[[51.02276611328125, 236.52821350097656, 73.24791717529297, 242.6600799560547], [74.9993667602539, 236.52821350097656, 81.912841796875, 242.6600799560547], [177.65200805664062, 236.52821350097656, 185.4807586669922, 242.6600799560547], [215.114501953125, 236.52821350097656, 222.94325256347656, 242.6600799560547], [253.32626342773438, 236.52821350097656, 261.1550598144531, 242.6600799560547], [291.53802490234375, 236.52821350097656, 299.3667907714844, 242.6600799560547]]",SOURCE_TWO_READERS_MATCH,15,Turnover (X),GS-6415 20260517.pdf,SOURCE_RESTORED_REVIEW,ASSIGNED_FROM_PRINTED_UNIT_OR_SOURCE_TABLE_CONTEXT,,,NUMBER_OR_SOURCE_BLANK,SOURCE_TWO_READERS_MATCH,PASS,x,0.4,0.4,1,0.4,0.4,1,,NOT_MONETARY_OR_SOURCE_MISSING_NO_ROUNDING,0.4
ce1ebbbcf776b901428970539963c7d7f9b12ff41f78fe93c58646d115aa6992,N01-P2-T4,2,Turnover(X),,2026,12/26E,ANNUAL,FORECAST,value,value,0.5,0.5,Turnover(X),0.5,x,Goldman Sachs,"[[51.02276611328125, 236.52821350097656, 73.24791717529297, 242.6600799560547], [74.9993667602539, 236.52821350097656, 81.912841796875, 242.6600799560547], [177.65200805664062, 236.52821350097656, 185.4807586669922, 242.6600799560547], [215.114501953125, 236.52821350097656, 222.94325256347656, 242.6600799560547], [253.32626342773438, 236.52821350097656, 261.1550598144531, 242.6600799560547], [291.53802490234375, 236.52821350097656, 299.3667907714844, 242.6600799560547]]",SOURCE_TWO_READERS_MATCH,15,Turnover (X),GS-6415 20260517.pdf,SOURCE_RESTORED_REVIEW,ASSIGNED_FROM_PRINTED_UNIT_OR_SOURCE_TABLE_CONTEXT,,,NUMBER_OR_SOURCE_BLANK,SOURCE_TWO_READERS_MATCH,PASS,x,0.5,0.5,1,0.5,0.5,1,,NOT_MONETARY_OR_SOURCE_MISSING_NO_ROUNDING,0.5
ce1ebbbcf776b901428970539963c7d7f9b12ff41f78fe93c58646d115aa6992,N01-P2-T4,2,Turnover(X),,2027,12/27E,ANNUAL,FORECAST,value,value,0.6,0.6,Turnover(X),0.6,x,Goldman Sachs,"[[51.02276611328125, 236.52821350097656, 73.24791717529297, 242.6600799560547], [74.9993667602539, 236.52821350097656, 81.912841796875, 242.6600799560547], [177.65200805664062, 236.52821350097656, 185.4807586669922, 242.6600799560547], [215.114501953125, 236.52821350097656, 222.94325256347656, 242.6600799560547], [253.32626342773438, 236.52821350097656, 261.1550598144531, 242.6600799560547], [291.53802490234375, 236.52821350097656, 299.3667907714844, 242.6600799560547]]",SOURCE_TWO_READERS_MATCH,15,Turnover (X),GS-6415 20260517.pdf,SOURCE_RESTORED_REVIEW,ASSIGNED_FROM_PRINTED_UNIT_OR_SOURCE_TABLE_CONTEXT,,,NUMBER_OR_SOURCE_BLANK,SOURCE_TWO_READERS_MATCH,PASS,x,0.6,0.6,1,0.6,0.6,1,,NOT_MONETARY_OR_SOURCE_MISSING_NO_ROUNDING,0.6
ce1ebbbcf776b901428970539963c7d7f9b12ff41f78fe93c58646d115aa6992,N01-P2-T4,2,Turnover(X),,2028,12/28E,ANNUAL,FORECAST,value,value,0.7,0.7,Turnover(X),0.7,x,Goldman Sachs,"[[51.02276611328125, 236.52821350097656, 73.24791717529297, 242.6600799560547], [74.9993667602539, 236.52821350097656, 81.912841796875, 242.6600799560547], [177.65200805664062, 236.52821350097656, 185.4807586669922, 242.6600799560547], [215.114501953125, 236.52821350097656, 222.94325256347656, 242.6600799560547], [253.32626342773438, 236.52821350097656, 261.1550598144531, 242.6600799560547], [291.53802490234375, 236.52821350097656, 299.3667907714844, 242.6600799560547]]",SOURCE_TWO_READERS_MATCH,15,Turnover (X),GS-6415 20260517.pdf,SOURCE_RESTORED_REVIEW,ASSIGNED_FROM_PRINTED_UNIT_OR_SOURCE_TABLE_CONTEXT,,,NUMBER_OR_SOURCE_BLANK,SOURCE_TWO_READERS_MATCH,PASS,x,0.7,0.7,1,0.7,0.7,1,,NOT_MONETARY_OR_SOURCE_MISSING_NO_ROUNDING,0.7
ce1ebbbcf776b901428970539963c7d7f9b12ff41f78fe93c58646d115aa6992,N01-P2-T4,2,Leverage(X),,2025,12/25,ANNUAL,UNSPECIFIED,value,value,1.2,1.2,Leverage(X),1.2,x,Goldman Sachs,"[[51.02278137207031, 245.5192413330078, 74.58519744873047, 251.65110778808594], [75.7486343383789, 245.5192413330078, 82.662109375, 251.65110778808594], [177.6520233154297, 245.5192413330078, 185.48077392578125, 251.65110778808594], [215.11451721191406, 245.5192413330078, 222.94326782226562, 251.65110778808594], [253.32626342773438, 245.5192413330078, 261.1550598144531, 251.65110778808594], [291.53802490234375, 245.5192413330078, 299.3667907714844, 251.65110778808594]]",SOURCE_TWO_READERS_MATCH,16,Leverage (X),GS-6415 20260517.pdf,SOURCE_RESTORED_REVIEW,ASSIGNED_FROM_PRINTED_UNIT_OR_SOURCE_TABLE_CONTEXT,,,NUMBER_OR_SOURCE_BLANK,SOURCE_TWO_READERS_MATCH,PASS,x,1.2,1.2,1,1.2,1.2,1,,NOT_MONETARY_OR_SOURCE_MISSING_NO_ROUNDING,1.2
ce1ebbbcf776b901428970539963c7d7f9b12ff41f78fe93c58646d115aa6992,N01-P2-T4,2,Leverage(X),,2026,12/26E,ANNUAL,FORECAST,value,value,1.2,1.2,Leverage(X),1.2,x,Goldman Sachs,"[[51.02278137207031, 245.5192413330078, 74.58519744873047, 251.65110778808594], [75.7486343383789, 245.5192413330078, 82.662109375, 251.65110778808594], [177.6520233154297, 245.5192413330078, 185.48077392578125, 251.65110778808594], [215.11451721191406, 245.5192413330078, 222.94326782226562, 251.65110778808594], [253.32626342773438, 245.5192413330078, 261.1550598144531, 251.65110778808594], [291.53802490234375, 245.5192413330078, 299.3667907714844, 251.65110778808594]]",SOURCE_TWO_READERS_MATCH,16,Leverage (X),GS-6415 20260517.pdf,SOURCE_RESTORED_REVIEW,ASSIGNED_FROM_PRINTED_UNIT_OR_SOURCE_TABLE_CONTEXT,,,NUMBER_OR_SOURCE_BLANK,SOURCE_TWO_READERS_MATCH,PASS,x,1.2,1.2,1,1.2,1.2,1,,NOT_MONETARY_OR_SOURCE_MISSING_NO_ROUNDING,1.2
ce1ebbbcf776b901428970539963c7d7f9b12ff41f78fe93c58646d115aa6992,N01-P2-T4,2,Leverage(X),,2027,12/27E,ANNUAL,FORECAST,value,value,1.2,1.2,Leverage(X),1.2,x,Goldman Sachs,"[[51.02278137207031, 245.5192413330078, 74.58519744873047, 251.65110778808594], [75.7486343383789, 245.5192413330078, 82.662109375, 251.65110778808594], [177.6520233154297, 245.5192413330078, 185.48077392578125, 251.65110778808594], [215.11451721191406, 245.5192413330078, 222.94326782226562, 251.65110778808594], [253.32626342773438, 245.5192413330078, 261.1550598144531, 251.65110778808594], [291.53802490234375, 245.5192413330078, 299.3667907714844, 251.65110778808594]]",SOURCE_TWO_READERS_MATCH,16,Leverage (X),GS-6415 20260517.pdf,SOURCE_RESTORED_REVIEW,ASSIGNED_FROM_PRINTED_UNIT_OR_SOURCE_TABLE_CONTEXT,,,NUMBER_OR_SOURCE_BLANK,SOURCE_TWO_READERS_MATCH,PASS,x,1.2,1.2,1,1.2,1.2,1,,NOT_MONETARY_OR_SOURCE_MISSING_NO_ROUNDING,1.2
ce1ebbbcf776b901428970539963c7d7f9b12ff41f78fe93c58646d115aa6992,N01-P2-T4,2,Leverage(X),,2028,12/28E,ANNUAL,FORECAST,value,value,1.2,1.2,Leverage(X),1.2,x,Goldman Sachs,"[[51.02278137207031, 245.5192413330078, 74.58519744873047, 251.65110778808594], [75.7486343383789, 245.5192413330078, 82.662109375, 251.65110778808594], [177.6520233154297, 245.5192413330078, 185.48077392578125, 251.65110778808594], [215.11451721191406, 245.5192413330078, 222.94326782226562, 251.65110778808594], [253.32626342773438, 245.5192413330078, 261.1550598144531, 251.65110778808594], [291.53802490234375, 245.5192413330078, 299.3667907714844, 251.65110778808594]]",SOURCE_TWO_READERS_MATCH,16,Leverage (X),GS-6415 20260517.pdf,SOURCE_RESTORED_REVIEW,ASSIGNED_FROM_PRINTED_UNIT_OR_SOURCE_TABLE_CONTEXT,,,NUMBER_OR_SOURCE_BLANK,SOURCE_TWO_READERS_MATCH,PASS,x,1.2,1.2,1,1.2,1.2,1,,NOT_MONETARY_OR_SOURCE_MISSING_NO_ROUNDING,1.2
ce1ebbbcf776b901428970539963c7d7f9b12ff41f78fe93c58646d115aa6992,N01-P2-T4,2,Grosscashinvested(excash)(NT$),,2025,12/25,ANNUAL,UNSPECIFIED,value,value,"25,571.8","25,571.8",Grosscashinvested(excash)(NT$),25571.8,NT$,Goldman Sachs,"[[51.02278137207031, 254.51026916503906, 66.75703430175781, 260.6421203613281], [68.25672912597656, 254.51026916503906, 80.58039855957031, 260.6421203613281], [81.74323272705078, 254.51026916503906, 103.80474853515625, 260.6421203613281], [104.96817779541016, 254.51026916503906, 112.46127319335938, 260.6421203613281], [113.96096801757812, 254.51026916503906, 127.6141128540039, 260.6421203613281], [128.9471893310547, 254.51026916503906, 142.59912109375, 260.6421203613281], [164.16073608398438, 254.51026916503906, 185.4735870361328, 260.6421203613281], [201.62083435058594, 254.51026916503906, 222.9360809326172, 260.6421203613281], [239.83258056640625, 254.51026916503906, 261.1478576660156, 260.6421203613281], [278.0443420410156, 254.51026916503906, 299.3595886230469, 260.6421203613281]]",SOURCE_TWO_READERS_MATCH,17,Gross cash invested (ex cash) (NT$),GS-6415 20260517.pdf,SOURCE_RESTORED_REVIEW,ASSIGNED_FROM_PRINTED_UNIT_OR_SOURCE_TABLE_CONTEXT,,,NUMBER_OR_SOURCE_BLANK,SOURCE_TWO_READERS_MATCH,PASS,NT$,25571.8,25571.8,1,25571.8,25571.8,1,,NOT_MONETARY_OR_SOURCE_MISSING_NO_ROUNDING,"25,571.8"
ce1ebbbcf776b901428970539963c7d7f9b12ff41f78fe93c58646d115aa6992,N01-P2-T4,2,Grosscashinvested(excash)(NT$),,2026,12/26E,ANNUAL,FORECAST,value,value,"27,652.9","27,652.9",Grosscashinvested(excash)(NT$),27652.9,NT$,Goldman Sachs,"[[51.02278137207031, 254.51026916503906, 66.75703430175781, 260.6421203613281], [68.25672912597656, 254.51026916503906, 80.58039855957031, 260.6421203613281], [81.74323272705078, 254.51026916503906, 103.80474853515625, 260.6421203613281], [104.96817779541016, 254.51026916503906, 112.46127319335938, 260.6421203613281], [113.96096801757812, 254.51026916503906, 127.6141128540039, 260.6421203613281], [128.9471893310547, 254.51026916503906, 142.59912109375, 260.6421203613281], [164.16073608398438, 254.51026916503906, 185.4735870361328, 260.6421203613281], [201.62083435058594, 254.51026916503906, 222.9360809326172, 260.6421203613281], [239.83258056640625, 254.51026916503906, 261.1478576660156, 260.6421203613281], [278.0443420410156, 254.51026916503906, 299.3595886230469, 260.6421203613281]]",SOURCE_TWO_READERS_MATCH,17,Gross cash invested (ex cash) (NT$),GS-6415 20260517.pdf,SOURCE_RESTORED_REVIEW,ASSIGNED_FROM_PRINTED_UNIT_OR_SOURCE_TABLE_CONTEXT,,,NUMBER_OR_SOURCE_BLANK,SOURCE_TWO_READERS_MATCH,PASS,NT$,27652.9,27652.9,1,27652.9,27652.9,1,,NOT_MONETARY_OR_SOURCE_MISSING_NO_ROUNDING,"27,652.9"
ce1ebbbcf776b901428970539963c7d7f9b12ff41f78fe93c58646d115aa6992,N01-P2-T4,2,Grosscashinvested(excash)(NT$),,2027,12/27E,ANNUAL,FORECAST,value,value,"29,431.0","29,431.0",Grosscashinvested(excash)(NT$),29431.0,NT$,Goldman Sachs,"[[51.02278137207031, 254.51026916503906, 66.75703430175781, 260.6421203613281], [68.25672912597656, 254.51026916503906, 80.58039855957031, 260.6421203613281], [81.74323272705078, 254.51026916503906, 103.80474853515625, 260.6421203613281], [104.96817779541016, 254.51026916503906, 112.46127319335938, 260.6421203613281], [113.96096801757812, 254.51026916503906, 127.6141128540039, 260.6421203613281], [128.9471893310547, 254.51026916503906, 142.59912109375, 260.6421203613281], [164.16073608398438, 254.51026916503906, 185.4735870361328, 260.6421203613281], [201.62083435058594, 254.51026916503906, 222.9360809326172, 260.6421203613281], [239.83258056640625, 254.51026916503906, 261.1478576660156, 260.6421203613281], [278.0443420410156, 254.51026916503906, 299.3595886230469, 260.6421203613281]]",SOURCE_TWO_READERS_MATCH,17,Gross cash invested (ex cash) (NT$),GS-6415 20260517.pdf,SOURCE_RESTORED_REVIEW,ASSIGNED_FROM_PRINTED_UNIT_OR_SOURCE_TABLE_CONTEXT,,,NUMBER_OR_SOURCE_BLANK,SOURCE_TWO_READERS_MATCH,PASS,NT$,29431.0,29431.0,1,29431.0,29431.0,1,,NOT_MONETARY_OR_SOURCE_MISSING_NO_ROUNDING,"29,431.0"
ce1ebbbcf776b901428970539963c7d7f9b12ff41f78fe93c58646d115aa6992,N01-P2-T4,2,Grosscashinvested(excash)(NT$),,2028,12/28E,ANNUAL,FORECAST,value,value,"30,975.6","30,975.6",Grosscashinvested(excash)(NT$),30975.6,NT$,Goldman Sachs,"[[51.02278137207031, 254.51026916503906, 66.75703430175781, 260.6421203613281], [68.25672912597656, 254.51026916503906, 80.58039855957031, 260.6421203613281], [81.74323272705078, 254.51026916503906, 103.80474853515625, 260.6421203613281], [104.96817779541016, 254.51026916503906, 112.46127319335938, 260.6421203613281], [113.96096801757812, 254.51026916503906, 127.6141128540039, 260.6421203613281], [128.9471893310547, 254.51026916503906, 142.59912109375, 260.6421203613281], [164.16073608398438, 254.51026916503906, 185.4735870361328, 260.6421203613281], [201.62083435058594, 254.51026916503906, 222.9360809326172, 260.6421203613281], [239.83258056640625, 254.51026916503906, 261.1478576660156, 260.6421203613281], [278.0443420410156, 254.51026916503906, 299.3595886230469, 260.6421203613281]]",SOURCE_TWO_READERS_MATCH,17,Gross cash invested (ex cash) (NT$),GS-6415 20260517.pdf,SOURCE_RESTORED_REVIEW,ASSIGNED_FROM_PRINTED_UNIT_OR_SOURCE_TABLE_CONTEXT,,,NUMBER_OR_SOURCE_BLANK,SOURCE_TWO_READERS_MATCH,PASS,NT$,30975.6,30975.6,1,30975.6,30975.6,1,,NOT_MONETARY_OR_SOURCE_MISSING_NO_ROUNDING,"30,975.6"
ce1ebbbcf776b901428970539963c7d7f9b12ff41f78fe93c58646d115aa6992,N01-P2-T4,2,Averagecapitalemployed(NT$),,2025,12/25,ANNUAL,UNSPECIFIED,value,value,"26,374.6","26,374.6",Averagecapitalemployed(NT$),26374.6,NT$,Goldman Sachs,"[[51.02278137207031, 263.5013122558594, 72.33744812011719, 269.6331481933594], [73.50088500976562, 263.5013122558594, 90.5645980834961, 269.6331481933594], [92.23153686523438, 263.5013122558594, 117.29185485839844, 269.6331481933594], [118.45529174804688, 263.5013122558594, 132.109619140625, 269.6331481933594], [164.16073608398438, 263.5013122558594, 185.47357177734375, 269.6331481933594], [201.62081909179688, 263.5013122558594, 222.9360809326172, 269.6331481933594], [239.83258056640625, 263.5013122558594, 261.1478576660156, 269.6331481933594], [278.0443420410156, 263.5013122558594, 299.3595886230469, 269.6331481933594]]",SOURCE_TWO_READERS_MATCH,18,Average capital employed (NT$),GS-6415 20260517.pdf,SOURCE_RESTORED_REVIEW,ASSIGNED_FROM_PRINTED_UNIT_OR_SOURCE_TABLE_CONTEXT,,,NUMBER_OR_SOURCE_BLANK,SOURCE_TWO_READERS_MATCH,PASS,NT$,26374.6,26374.6,1,26374.6,26374.6,1,,NOT_MONETARY_OR_SOURCE_MISSING_NO_ROUNDING,"26,374.6"
ce1ebbbcf776b901428970539963c7d7f9b12ff41f78fe93c58646d115aa6992,N01-P2-T4,2,Averagecapitalemployed(NT$),,2026,12/26E,ANNUAL,FORECAST,value,value,"32,014.3","32,014.3",Averagecapitalemployed(NT$),32014.3,NT$,Goldman Sachs,"[[51.02278137207031, 263.5013122558594, 72.33744812011719, 269.6331481933594], [73.50088500976562, 263.5013122558594, 90.5645980834961, 269.6331481933594], [92.23153686523438, 263.5013122558594, 117.29185485839844, 269.6331481933594], [118.45529174804688, 263.5013122558594, 132.109619140625, 269.6331481933594], [164.16073608398438, 263.5013122558594, 185.47357177734375, 269.6331481933594], [201.62081909179688, 263.5013122558594, 222.9360809326172, 269.6331481933594], [239.83258056640625, 263.5013122558594, 261.1478576660156, 269.6331481933594], [278.0443420410156, 263.5013122558594, 299.3595886230469, 269.6331481933594]]",SOURCE_TWO_READERS_MATCH,18,Average capital employed (NT$),GS-6415 20260517.pdf,SOURCE_RESTORED_REVIEW,ASSIGNED_FROM_PRINTED_UNIT_OR_SOURCE_TABLE_CONTEXT,,,NUMBER_OR_SOURCE_BLANK,SOURCE_TWO_READERS_MATCH,PASS,NT$,32014.3,32014.3,1,32014.3,32014.3,1,,NOT_MONETARY_OR_SOURCE_MISSING_NO_ROUNDING,"32,014.3"
ce1ebbbcf776b901428970539963c7d7f9b12ff41f78fe93c58646d115aa6992,N01-P2-T4,2,Averagecapitalemployed(NT$),,2027,12/27E,ANNUAL,FORECAST,value,value,"33,202.4","33,202.4",Averagecapitalemployed(NT$),33202.4,NT$,Goldman Sachs,"[[51.02278137207031, 263.5013122558594, 72.33744812011719, 269.6331481933594], [73.50088500976562, 263.5013122558594, 90.5645980834961, 269.6331481933594], [92.23153686523438, 263.5013122558594, 117.29185485839844, 269.6331481933594], [118.45529174804688, 263.5013122558594, 132.109619140625, 269.6331481933594], [164.16073608398438, 263.5013122558594, 185.47357177734375, 269.6331481933594], [201.62081909179688, 263.5013122558594, 222.9360809326172, 269.6331481933594], [239.83258056640625, 263.5013122558594, 261.1478576660156, 269.6331481933594], [278.0443420410156, 263.5013122558594, 299.3595886230469, 269.6331481933594]]",SOURCE_TWO_READERS_MATCH,18,Average capital employed (NT$),GS-6415 20260517.pdf,SOURCE_RESTORED_REVIEW,ASSIGNED_FROM_PRINTED_UNIT_OR_SOURCE_TABLE_CONTEXT,,,NUMBER_OR_SOURCE_BLANK,SOURCE_TWO_READERS_MATCH,PASS,NT$,33202.4,33202.4,1,33202.4,33202.4,1,,NOT_MONETARY_OR_SOURCE_MISSING_NO_ROUNDING,"33,202.4"
ce1ebbbcf776b901428970539963c7d7f9b12ff41f78fe93c58646d115aa6992,N01-P2-T4,2,Averagecapitalemployed(NT$),,2028,12/28E,ANNUAL,FORECAST,value,value,"34,159.6","34,159.6",Averagecapitalemployed(NT$),34159.6,NT$,Goldman Sachs,"[[51.02278137207031, 263.5013122558594, 72.33744812011719, 269.6331481933594], [73.50088500976562, 263.5013122558594, 90.5645980834961, 269.6331481933594], [92.23153686523438, 263.5013122558594, 117.29185485839844, 269.6331481933594], [118.45529174804688, 263.5013122558594, 132.109619140625, 269.6331481933594], [164.16073608398438, 263.5013122558594, 185.47357177734375, 269.6331481933594], [201.62081909179688, 263.5013122558594, 222.9360809326172, 269.6331481933594], [239.83258056640625, 263.5013122558594, 261.1478576660156, 269.6331481933594], [278.0443420410156, 263.5013122558594, 299.3595886230469, 269.6331481933594]]",SOURCE_TWO_READERS_MATCH,18,Average capital employed (NT$),GS-6415 20260517.pdf,SOURCE_RESTORED_REVIEW,ASSIGNED_FROM_PRINTED_UNIT_OR_SOURCE_TABLE_CONTEXT,,,NUMBER_OR_SOURCE_BLANK,SOURCE_TWO_READERS_MATCH,PASS,NT$,34159.6,34159.6,1,34159.6,34159.6,1,,NOT_MONETARY_OR_SOURCE_MISSING_NO_ROUNDING,"34,159.6"
ce1ebbbcf776b901428970539963c7d7f9b12ff41f78fe93c58646d115aa6992,N01-P2-T4,2,BVPS(NT$),,2025,12/25,ANNUAL,UNSPECIFIED,value,value,96.11,96.11,BVPS(NT$),96.11,NT$,Goldman Sachs,"[[51.02278137207031, 272.4923400878906, 65.92386627197266, 278.6241760253906], [67.50748443603516, 272.4923400878906, 81.16061401367188, 278.6241760253906], [171.65203857421875, 272.4923400878906, 185.4735870361328, 278.6241760253906], [206.1163330078125, 272.4923400878906, 222.9342803955078, 278.6241760253906], [244.32627868652344, 272.4923400878906, 261.1442565917969, 278.6241760253906], [282.5362243652344, 272.4923400878906, 299.35418701171875, 278.6241760253906]]",SOURCE_TWO_READERS_MATCH,19,BVPS (NT$),GS-6415 20260517.pdf,SOURCE_RESTORED_REVIEW,ASSIGNED_FROM_PRINTED_UNIT_OR_SOURCE_TABLE_CONTEXT,,,NUMBER_OR_SOURCE_BLANK,SOURCE_TWO_READERS_MATCH,PASS,NT$,96.11,96.11,1,96.11,96.11,2,,NOT_MONETARY_OR_SOURCE_MISSING_NO_ROUNDING,96.11
ce1ebbbcf776b901428970539963c7d7f9b12ff41f78fe93c58646d115aa6992,N01-P2-T4,2,BVPS(NT$),,2026,12/26E,ANNUAL,FORECAST,value,value,101.21,101.21,BVPS(NT$),101.21,NT$,Goldman Sachs,"[[51.02278137207031, 272.4923400878906, 65.92386627197266, 278.6241760253906], [67.50748443603516, 272.4923400878906, 81.16061401367188, 278.6241760253906], [171.65203857421875, 272.4923400878906, 185.4735870361328, 278.6241760253906], [206.1163330078125, 272.4923400878906, 222.9342803955078, 278.6241760253906], [244.32627868652344, 272.4923400878906, 261.1442565917969, 278.6241760253906], [282.5362243652344, 272.4923400878906, 299.35418701171875, 278.6241760253906]]",SOURCE_TWO_READERS_MATCH,19,BVPS (NT$),GS-6415 20260517.pdf,SOURCE_RESTORED_REVIEW,ASSIGNED_FROM_PRINTED_UNIT_OR_SOURCE_TABLE_CONTEXT,,,NUMBER_OR_SOURCE_BLANK,SOURCE_TWO_READERS_MATCH,PASS,NT$,101.21,101.21,1,101.21,101.21,2,,NOT_MONETARY_OR_SOURCE_MISSING_NO_ROUNDING,101.21
ce1ebbbcf776b901428970539963c7d7f9b12ff41f78fe93c58646d115aa6992,N01-P2-T4,2,BVPS(NT$),,2027,12/27E,ANNUAL,FORECAST,value,value,111.39,111.39,BVPS(NT$),111.39,NT$,Goldman Sachs,"[[51.02278137207031, 272.4923400878906, 65.92386627197266, 278.6241760253906], [67.50748443603516, 272.4923400878906, 81.16061401367188, 278.6241760253906], [171.65203857421875, 272.4923400878906, 185.4735870361328, 278.6241760253906], [206.1163330078125, 272.4923400878906, 222.9342803955078, 278.6241760253906], [244.32627868652344, 272.4923400878906, 261.1442565917969, 278.6241760253906], [282.5362243652344, 272.4923400878906, 299.35418701171875, 278.6241760253906]]",SOURCE_TWO_READERS_MATCH,19,BVPS (NT$),GS-6415 20260517.pdf,SOURCE_RESTORED_REVIEW,ASSIGNED_FROM_PRINTED_UNIT_OR_SOURCE_TABLE_CONTEXT,,,NUMBER_OR_SOURCE_BLANK,SOURCE_TWO_READERS_MATCH,PASS,NT$,111.39,111.39,1,111.39,111.39,2,,NOT_MONETARY_OR_SOURCE_MISSING_NO_ROUNDING,111.39
ce1ebbbcf776b901428970539963c7d7f9b12ff41f78fe93c58646d115aa6992,N01-P2-T4,2,BVPS(NT$),,2028,12/28E,ANNUAL,FORECAST,value,value,122.18,122.18,BVPS(NT$),122.18,NT$,Goldman Sachs,"[[51.02278137207031, 272.4923400878906, 65.92386627197266, 278.6241760253906], [67.50748443603516, 272.4923400878906, 81.16061401367188, 278.6241760253906], [171.65203857421875, 272.4923400878906, 185.4735870361328, 278.6241760253906], [206.1163330078125, 272.4923400878906, 222.9342803955078, 278.6241760253906], [244.32627868652344, 272.4923400878906, 261.1442565917969, 278.6241760253906], [282.5362243652344, 272.4923400878906, 299.35418701171875, 278.6241760253906]]",SOURCE_TWO_READERS_MATCH,19,BVPS (NT$),GS-6415 20260517.pdf,SOURCE_RESTORED_REVIEW,ASSIGNED_FROM_PRINTED_UNIT_OR_SOURCE_TABLE_CONTEXT,,,NUMBER_OR_SOURCE_BLANK,SOURCE_TWO_READERS_MATCH,PASS,NT$,122.18,122.18,1,122.18,122.18,2,,NOT_MONETARY_OR_SOURCE_MISSING_NO_ROUNDING,122.18
ce1ebbbcf776b901428970539963c7d7f9b12ff41f78fe93c58646d115aa6992,N01-P2-T5,2,Totalrevenuegrowth,,2025,12/25,ANNUAL,UNSPECIFIED,value,value,1.9,1.9,Totalrevenuegrowth,1.9,%,Goldman Sachs,"[[51.02275085449219, 306.1877136230469, 63.590965270996094, 312.3195495605469], [65.25789642333984, 306.1877136230469, 85.82090759277344, 312.3195495605469], [86.98434448242188, 306.1877136230469, 106.05005645751953, 312.3195495605469], [177.64178466796875, 306.1877136230469, 185.4741668701172, 312.3195495605469], [212.1109161376953, 306.1877136230469, 222.93667602539062, 312.3195495605469], [250.3226776123047, 306.1877136230469, 261.1484375, 312.3195495605469], [288.534423828125, 306.1877136230469, 299.3601989746094, 312.3195495605469]]",SOURCE_TWO_READERS_MATCH,1,Total revenue growth,GS-6415 20260517.pdf,SOURCE_RESTORED_REVIEW,ASSIGNED_FROM_PRINTED_UNIT_OR_SOURCE_TABLE_CONTEXT,,,NUMBER_OR_SOURCE_BLANK,SOURCE_TWO_READERS_MATCH,PASS,%,1.9,1.9,1,1.9,1.9,1,,NOT_MONETARY_OR_SOURCE_MISSING_NO_ROUNDING,1.9
ce1ebbbcf776b901428970539963c7d7f9b12ff41f78fe93c58646d115aa6992,N01-P2-T5,2,Totalrevenuegrowth,,2026,12/26E,ANNUAL,FORECAST,value,value,25.2,25.2,Totalrevenuegrowth,25.2,%,Goldman Sachs,"[[51.02275085449219, 306.1877136230469, 63.590965270996094, 312.3195495605469], [65.25789642333984, 306.1877136230469, 85.82090759277344, 312.3195495605469], [86.98434448242188, 306.1877136230469, 106.05005645751953, 312.3195495605469], [177.64178466796875, 306.1877136230469, 185.4741668701172, 312.3195495605469], [212.1109161376953, 306.1877136230469, 222.93667602539062, 312.3195495605469], [250.3226776123047, 306.1877136230469, 261.1484375, 312.3195495605469], [288.534423828125, 306.1877136230469, 299.3601989746094, 312.3195495605469]]",SOURCE_TWO_READERS_MATCH,1,Total revenue growth,GS-6415 20260517.pdf,SOURCE_RESTORED_REVIEW,ASSIGNED_FROM_PRINTED_UNIT_OR_SOURCE_TABLE_CONTEXT,,,NUMBER_OR_SOURCE_BLANK,SOURCE_TWO_READERS_MATCH,PASS,%,25.2,25.2,1,25.2,25.2,1,,NOT_MONETARY_OR_SOURCE_MISSING_NO_ROUNDING,25.2
ce1ebbbcf776b901428970539963c7d7f9b12ff41f78fe93c58646d115aa6992,N01-P2-T5,2,Totalrevenuegrowth,,2027,12/27E,ANNUAL,FORECAST,value,value,32.4,32.4,Totalrevenuegrowth,32.4,%,Goldman Sachs,"[[51.02275085449219, 306.1877136230469, 63.590965270996094, 312.3195495605469], [65.25789642333984, 306.1877136230469, 85.82090759277344, 312.3195495605469], [86.98434448242188, 306.1877136230469, 106.05005645751953, 312.3195495605469], [177.64178466796875, 306.1877136230469, 185.4741668701172, 312.3195495605469], [212.1109161376953, 306.1877136230469, 222.93667602539062, 312.3195495605469], [250.3226776123047, 306.1877136230469, 261.1484375, 312.3195495605469], [288.534423828125, 306.1877136230469, 299.3601989746094, 312.3195495605469]]",SOURCE_TWO_READERS_MATCH,1,Total revenue growth,GS-6415 20260517.pdf,SOURCE_RESTORED_REVIEW,ASSIGNED_FROM_PRINTED_UNIT_OR_SOURCE_TABLE_CONTEXT,,,NUMBER_OR_SOURCE_BLANK,SOURCE_TWO_READERS_MATCH,PASS,%,32.4,32.4,1,32.4,32.4,1,,NOT_MONETARY_OR_SOURCE_MISSING_NO_ROUNDING,32.4
ce1ebbbcf776b901428970539963c7d7f9b12ff41f78fe93c58646d115aa6992,N01-P2-T5,2,Totalrevenuegrowth,,2028,12/28E,ANNUAL,FORECAST,value,value,27.8,27.8,Totalrevenuegrowth,27.8,%,Goldman Sachs,"[[51.02275085449219, 306.1877136230469, 63.590965270996094, 312.3195495605469], [65.25789642333984, 306.1877136230469, 85.82090759277344, 312.3195495605469], [86.98434448242188, 306.1877136230469, 106.05005645751953, 312.3195495605469], [177.64178466796875, 306.1877136230469, 185.4741668701172, 312.3195495605469], [212.1109161376953, 306.1877136230469, 222.93667602539062, 312.3195495605469], [250.3226776123047, 306.1877136230469, 261.1484375, 312.3195495605469], [288.534423828125, 306.1877136230469, 299.3601989746094, 312.3195495605469]]",SOURCE_TWO_READERS_MATCH,1,Total revenue growth,GS-6415 20260517.pdf,SOURCE_RESTORED_REVIEW,ASSIGNED_FROM_PRINTED_UNIT_OR_SOURCE_TABLE_CONTEXT,,,NUMBER_OR_SOURCE_BLANK,SOURCE_TWO_READERS_MATCH,PASS,%,27.8,27.8,1,27.8,27.8,1,,NOT_MONETARY_OR_SOURCE_MISSING_NO_ROUNDING,27.8
ce1ebbbcf776b901428970539963c7d7f9b12ff41f78fe93c58646d115aa6992,N01-P2-T5,2,EBITDAgrowth,,2025,12/25,ANNUAL,UNSPECIFIED,value,value,(1.0),(1.0),EBITDAgrowth,-1.0,%,Goldman Sachs,"[[51.02278137207031, 315.1787109375, 71.50607299804688, 321.310546875], [72.75462341308594, 315.1787109375, 91.8203353881836, 321.310546875], [174.65081787109375, 315.1787109375, 185.30577087402344, 321.310546875], [212.11212158203125, 315.1787109375, 222.9366912841797, 321.310546875], [250.32269287109375, 315.1787109375, 261.1484680175781, 321.310546875], [288.5344543457031, 315.1787109375, 299.3602294921875, 321.310546875]]",SOURCE_TWO_READERS_MATCH,2,EBITDA growth,GS-6415 20260517.pdf,SOURCE_RESTORED_REVIEW,ASSIGNED_FROM_PRINTED_UNIT_OR_SOURCE_TABLE_CONTEXT,,,NUMBER_OR_SOURCE_BLANK,SOURCE_TWO_READERS_MATCH,PASS,%,-1.0,-1.0,1,-1.0,-1.0,1,,NOT_MONETARY_OR_SOURCE_MISSING_NO_ROUNDING,(1.0)
ce1ebbbcf776b901428970539963c7d7f9b12ff41f78fe93c58646d115aa6992,N01-P2-T5,2,EBITDAgrowth,,2026,12/26E,ANNUAL,FORECAST,value,value,55.8,55.8,EBITDAgrowth,55.8,%,Goldman Sachs,"[[51.02278137207031, 315.1787109375, 71.50607299804688, 321.310546875], [72.75462341308594, 315.1787109375, 91.8203353881836, 321.310546875], [174.65081787109375, 315.1787109375, 185.30577087402344, 321.310546875], [212.11212158203125, 315.1787109375, 222.9366912841797, 321.310546875], [250.32269287109375, 315.1787109375, 261.1484680175781, 321.310546875], [288.5344543457031, 315.1787109375, 299.3602294921875, 321.310546875]]",SOURCE_TWO_READERS_MATCH,2,EBITDA growth,GS-6415 20260517.pdf,SOURCE_RESTORED_REVIEW,ASSIGNED_FROM_PRINTED_UNIT_OR_SOURCE_TABLE_CONTEXT,,,NUMBER_OR_SOURCE_BLANK,SOURCE_TWO_READERS_MATCH,PASS,%,55.8,55.8,1,55.8,55.8,1,,NOT_MONETARY_OR_SOURCE_MISSING_NO_ROUNDING,55.8
ce1ebbbcf776b901428970539963c7d7f9b12ff41f78fe93c58646d115aa6992,N01-P2-T5,2,EBITDAgrowth,,2027,12/27E,ANNUAL,FORECAST,value,value,96.6,96.6,EBITDAgrowth,96.6,%,Goldman Sachs,"[[51.02278137207031, 315.1787109375, 71.50607299804688, 321.310546875], [72.75462341308594, 315.1787109375, 91.8203353881836, 321.310546875], [174.65081787109375, 315.1787109375, 185.30577087402344, 321.310546875], [212.11212158203125, 315.1787109375, 222.9366912841797, 321.310546875], [250.32269287109375, 315.1787109375, 261.1484680175781, 321.310546875], [288.5344543457031, 315.1787109375, 299.3602294921875, 321.310546875]]",SOURCE_TWO_READERS_MATCH,2,EBITDA growth,GS-6415 20260517.pdf,SOURCE_RESTORED_REVIEW,ASSIGNED_FROM_PRINTED_UNIT_OR_SOURCE_TABLE_CONTEXT,,,NUMBER_OR_SOURCE_BLANK,SOURCE_TWO_READERS_MATCH,PASS,%,96.6,96.6,1,96.6,96.6,1,,NOT_MONETARY_OR_SOURCE_MISSING_NO_ROUNDING,96.6
ce1ebbbcf776b901428970539963c7d7f9b12ff41f78fe93c58646d115aa6992,N01-P2-T5,2,EBITDAgrowth,,2028,12/28E,ANNUAL,FORECAST,value,value,49.0,49.0,EBITDAgrowth,49.0,%,Goldman Sachs,"[[51.02278137207031, 315.1787109375, 71.50607299804688, 321.310546875], [72.75462341308594, 315.1787109375, 91.8203353881836, 321.310546875], [174.65081787109375, 315.1787109375, 185.30577087402344, 321.310546875], [212.11212158203125, 315.1787109375, 222.9366912841797, 321.310546875], [250.32269287109375, 315.1787109375, 261.1484680175781, 321.310546875], [288.5344543457031, 315.1787109375, 299.3602294921875, 321.310546875]]",SOURCE_TWO_READERS_MATCH,2,EBITDA growth,GS-6415 20260517.pdf,SOURCE_RESTORED_REVIEW,ASSIGNED_FROM_PRINTED_UNIT_OR_SOURCE_TABLE_CONTEXT,,,NUMBER_OR_SOURCE_BLANK,SOURCE_TWO_READERS_MATCH,PASS,%,49.0,49.0,1,49.0,49.0,1,,NOT_MONETARY_OR_SOURCE_MISSING_NO_ROUNDING,49.0
ce1ebbbcf776b901428970539963c7d7f9b12ff41f78fe93c58646d115aa6992,N01-P2-T5,2,EPSgrowth,,2025,12/25,ANNUAL,UNSPECIFIED,value,value,7.7,7.7,EPSgrowth,7.7,NT$,Goldman Sachs,"[[51.02281188964844, 324.1697082519531, 62.1800422668457, 330.3015441894531], [63.764854431152344, 324.1697082519531, 82.83056640625, 330.3015441894531], [177.6490478515625, 324.1697082519531, 185.47422790527344, 330.3015441894531], [212.11097717285156, 324.1697082519531, 222.93673706054688, 330.3015441894531], [250.32273864746094, 324.1697082519531, 261.14849853515625, 330.3015441894531], [288.53448486328125, 324.1697082519531, 299.3602600097656, 330.3015441894531]]",SOURCE_TWO_READERS_MATCH,3,EPS growth,GS-6415 20260517.pdf,SOURCE_RESTORED_REVIEW,ASSIGNED_FROM_PRINTED_UNIT_OR_SOURCE_TABLE_CONTEXT,,,NUMBER_OR_SOURCE_BLANK,SOURCE_TWO_READERS_MATCH,PASS,NT$,7.7,7.7,1,7.7,7.7,1,,NOT_MONETARY_OR_SOURCE_MISSING_NO_ROUNDING,7.7
ce1ebbbcf776b901428970539963c7d7f9b12ff41f78fe93c58646d115aa6992,N01-P2-T5,2,EPSgrowth,,2026,12/26E,ANNUAL,FORECAST,value,value,79.3,79.3,EPSgrowth,79.3,NT$,Goldman Sachs,"[[51.02281188964844, 324.1697082519531, 62.1800422668457, 330.3015441894531], [63.764854431152344, 324.1697082519531, 82.83056640625, 330.3015441894531], [177.6490478515625, 324.1697082519531, 185.47422790527344, 330.3015441894531], [212.11097717285156, 324.1697082519531, 222.93673706054688, 330.3015441894531], [250.32273864746094, 324.1697082519531, 261.14849853515625, 330.3015441894531], [288.53448486328125, 324.1697082519531, 299.3602600097656, 330.3015441894531]]",SOURCE_TWO_READERS_MATCH,3,EPS growth,GS-6415 20260517.pdf,SOURCE_RESTORED_REVIEW,ASSIGNED_FROM_PRINTED_UNIT_OR_SOURCE_TABLE_CONTEXT,,,NUMBER_OR_SOURCE_BLANK,SOURCE_TWO_READERS_MATCH,PASS,NT$,79.3,79.3,1,79.3,79.3,1,,NOT_MONETARY_OR_SOURCE_MISSING_NO_ROUNDING,79.3
ce1ebbbcf776b901428970539963c7d7f9b12ff41f78fe93c58646d115aa6992,N01-P2-T5,2,EPSgrowth,,2027,12/27E,ANNUAL,FORECAST,value,value,88.6,88.6,EPSgrowth,88.6,NT$,Goldman Sachs,"[[51.02281188964844, 324.1697082519531, 62.1800422668457, 330.3015441894531], [63.764854431152344, 324.1697082519531, 82.83056640625, 330.3015441894531], [177.6490478515625, 324.1697082519531, 185.47422790527344, 330.3015441894531], [212.11097717285156, 324.1697082519531, 222.93673706054688, 330.3015441894531], [250.32273864746094, 324.1697082519531, 261.14849853515625, 330.3015441894531], [288.53448486328125, 324.1697082519531, 299.3602600097656, 330.3015441894531]]",SOURCE_TWO_READERS_MATCH,3,EPS growth,GS-6415 20260517.pdf,SOURCE_RESTORED_REVIEW,ASSIGNED_FROM_PRINTED_UNIT_OR_SOURCE_TABLE_CONTEXT,,,NUMBER_OR_SOURCE_BLANK,SOURCE_TWO_READERS_MATCH,PASS,NT$,88.6,88.6,1,88.6,88.6,1,,NOT_MONETARY_OR_SOURCE_MISSING_NO_ROUNDING,88.6
ce1ebbbcf776b901428970539963c7d7f9b12ff41f78fe93c58646d115aa6992,N01-P2-T5,2,EPSgrowth,,2028,12/28E,ANNUAL,FORECAST,value,value,49.8,49.8,EPSgrowth,49.8,NT$,Goldman Sachs,"[[51.02281188964844, 324.1697082519531, 62.1800422668457, 330.3015441894531], [63.764854431152344, 324.1697082519531, 82.83056640625, 330.3015441894531], [177.6490478515625, 324.1697082519531, 185.47422790527344, 330.3015441894531], [212.11097717285156, 324.1697082519531, 222.93673706054688, 330.3015441894531], [250.32273864746094, 324.1697082519531, 261.14849853515625, 330.3015441894531], [288.53448486328125, 324.1697082519531, 299.3602600097656, 330.3015441894531]]",SOURCE_TWO_READERS_MATCH,3,EPS growth,GS-6415 20260517.pdf,SOURCE_RESTORED_REVIEW,ASSIGNED_FROM_PRINTED_UNIT_OR_SOURCE_TABLE_CONTEXT,,,NUMBER_OR_SOURCE_BLANK,SOURCE_TWO_READERS_MATCH,PASS,NT$,49.8,49.8,1,49.8,49.8,1,,NOT_MONETARY_OR_SOURCE_MISSING_NO_ROUNDING,49.8
ce1ebbbcf776b901428970539963c7d7f9b12ff41f78fe93c58646d115aa6992,N01-P2-T5,2,DPSgrowth,,2025,12/25,ANNUAL,UNSPECIFIED,value,value,8.4,8.4,DPSgrowth,8.4,NT$,Goldman Sachs,"[[51.02284240722656, 333.16070556640625, 62.927528381347656, 339.29254150390625], [64.51234436035156, 333.16070556640625, 83.57805633544922, 339.29254150390625], [177.6472930908203, 333.16070556640625, 185.47425842285156, 339.29254150390625], [212.1110076904297, 333.16070556640625, 222.936767578125, 339.29254150390625], [250.32276916503906, 333.16070556640625, 261.1485290527344, 339.29254150390625], [288.5345153808594, 333.16070556640625, 299.36029052734375, 339.29254150390625]]",SOURCE_TWO_READERS_MATCH,4,DPS growth,GS-6415 20260517.pdf,SOURCE_RESTORED_REVIEW,ASSIGNED_FROM_PRINTED_UNIT_OR_SOURCE_TABLE_CONTEXT,,,NUMBER_OR_SOURCE_BLANK,SOURCE_TWO_READERS_MATCH,PASS,NT$,8.4,8.4,1,8.4,8.4,1,,NOT_MONETARY_OR_SOURCE_MISSING_NO_ROUNDING,8.4
ce1ebbbcf776b901428970539963c7d7f9b12ff41f78fe93c58646d115aa6992,N01-P2-T5,2,DPSgrowth,,2026,12/26E,ANNUAL,FORECAST,value,value,79.9,79.9,DPSgrowth,79.9,NT$,Goldman Sachs,"[[51.02284240722656, 333.16070556640625, 62.927528381347656, 339.29254150390625], [64.51234436035156, 333.16070556640625, 83.57805633544922, 339.29254150390625], [177.6472930908203, 333.16070556640625, 185.47425842285156, 339.29254150390625], [212.1110076904297, 333.16070556640625, 222.936767578125, 339.29254150390625], [250.32276916503906, 333.16070556640625, 261.1485290527344, 339.29254150390625], [288.5345153808594, 333.16070556640625, 299.36029052734375, 339.29254150390625]]",SOURCE_TWO_READERS_MATCH,4,DPS growth,GS-6415 20260517.pdf,SOURCE_RESTORED_REVIEW,ASSIGNED_FROM_PRINTED_UNIT_OR_SOURCE_TABLE_CONTEXT,,,NUMBER_OR_SOURCE_BLANK,SOURCE_TWO_READERS_MATCH,PASS,NT$,79.9,79.9,1,79.9,79.9,1,,NOT_MONETARY_OR_SOURCE_MISSING_NO_ROUNDING,79.9
ce1ebbbcf776b901428970539963c7d7f9b12ff41f78fe93c58646d115aa6992,N01-P2-T5,2,DPSgrowth,,2027,12/27E,ANNUAL,FORECAST,value,value,88.6,88.6,DPSgrowth,88.6,NT$,Goldman Sachs,"[[51.02284240722656, 333.16070556640625, 62.927528381347656, 339.29254150390625], [64.51234436035156, 333.16070556640625, 83.57805633544922, 339.29254150390625], [177.6472930908203, 333.16070556640625, 185.47425842285156, 339.29254150390625], [212.1110076904297, 333.16070556640625, 222.936767578125, 339.29254150390625], [250.32276916503906, 333.16070556640625, 261.1485290527344, 339.29254150390625], [288.5345153808594, 333.16070556640625, 299.36029052734375, 339.29254150390625]]",SOURCE_TWO_READERS_MATCH,4,DPS growth,GS-6415 20260517.pdf,SOURCE_RESTORED_REVIEW,ASSIGNED_FROM_PRINTED_UNIT_OR_SOURCE_TABLE_CONTEXT,,,NUMBER_OR_SOURCE_BLANK,SOURCE_TWO_READERS_MATCH,PASS,NT$,88.6,88.6,1,88.6,88.6,1,,NOT_MONETARY_OR_SOURCE_MISSING_NO_ROUNDING,88.6
ce1ebbbcf776b901428970539963c7d7f9b12ff41f78fe93c58646d115aa6992,N01-P2-T5,2,DPSgrowth,,2028,12/28E,ANNUAL,FORECAST,value,value,49.8,49.8,DPSgrowth,49.8,NT$,Goldman Sachs,"[[51.02284240722656, 333.16070556640625, 62.927528381347656, 339.29254150390625], [64.51234436035156, 333.16070556640625, 83.57805633544922, 339.29254150390625], [177.6472930908203, 333.16070556640625, 185.47425842285156, 339.29254150390625], [212.1110076904297, 333.16070556640625, 222.936767578125, 339.29254150390625], [250.32276916503906, 333.16070556640625, 261.1485290527344, 339.29254150390625], [288.5345153808594, 333.16070556640625, 299.36029052734375, 339.29254150390625]]",SOURCE_TWO_READERS_MATCH,4,DPS growth,GS-6415 20260517.pdf,SOURCE_RESTORED_REVIEW,ASSIGNED_FROM_PRINTED_UNIT_OR_SOURCE_TABLE_CONTEXT,,,NUMBER_OR_SOURCE_BLANK,SOURCE_TWO_READERS_MATCH,PASS,NT$,49.8,49.8,1,49.8,49.8,1,,NOT_MONETARY_OR_SOURCE_MISSING_NO_ROUNDING,49.8
ce1ebbbcf776b901428970539963c7d7f9b12ff41f78fe93c58646d115aa6992,N01-P2-T5,2,EBITmargin,,2025,12/25,ANNUAL,UNSPECIFIED,value,value,11.5,11.5,EBITmargin,11.5,%,Goldman Sachs,"[[51.02287292480469, 342.1517028808594, 63.34953308105469, 348.2835388183594], [64.51296997070312, 342.1517028808594, 82.82882690429688, 348.2835388183594], [174.6503143310547, 342.1517028808594, 185.4742889404297, 348.2835388183594], [212.1110382080078, 342.1517028808594, 222.93679809570312, 348.2835388183594], [250.3227996826172, 342.1517028808594, 261.1485595703125, 348.2835388183594], [288.5345458984375, 342.1517028808594, 299.3603210449219, 348.2835388183594]]",SOURCE_TWO_READERS_MATCH,5,EBIT margin,GS-6415 20260517.pdf,SOURCE_RESTORED_REVIEW,ASSIGNED_FROM_PRINTED_UNIT_OR_SOURCE_TABLE_CONTEXT,,,NUMBER_OR_SOURCE_BLANK,SOURCE_TWO_READERS_MATCH,PASS,%,11.5,11.5,1,11.5,11.5,1,,NOT_MONETARY_OR_SOURCE_MISSING_NO_ROUNDING,11.5
ce1ebbbcf776b901428970539963c7d7f9b12ff41f78fe93c58646d115aa6992,N01-P2-T5,2,EBITmargin,,2026,12/26E,ANNUAL,FORECAST,value,value,16.3,16.3,EBITmargin,16.3,%,Goldman Sachs,"[[51.02287292480469, 342.1517028808594, 63.34953308105469, 348.2835388183594], [64.51296997070312, 342.1517028808594, 82.82882690429688, 348.2835388183594], [174.6503143310547, 342.1517028808594, 185.4742889404297, 348.2835388183594], [212.1110382080078, 342.1517028808594, 222.93679809570312, 348.2835388183594], [250.3227996826172, 342.1517028808594, 261.1485595703125, 348.2835388183594], [288.5345458984375, 342.1517028808594, 299.3603210449219, 348.2835388183594]]",SOURCE_TWO_READERS_MATCH,5,EBIT margin,GS-6415 20260517.pdf,SOURCE_RESTORED_REVIEW,ASSIGNED_FROM_PRINTED_UNIT_OR_SOURCE_TABLE_CONTEXT,,,NUMBER_OR_SOURCE_BLANK,SOURCE_TWO_READERS_MATCH,PASS,%,16.3,16.3,1,16.3,16.3,1,,NOT_MONETARY_OR_SOURCE_MISSING_NO_ROUNDING,16.3
ce1ebbbcf776b901428970539963c7d7f9b12ff41f78fe93c58646d115aa6992,N01-P2-T5,2,EBITmargin,,2027,12/27E,ANNUAL,FORECAST,value,value,26.7,26.7,EBITmargin,26.7,%,Goldman Sachs,"[[51.02287292480469, 342.1517028808594, 63.34953308105469, 348.2835388183594], [64.51296997070312, 342.1517028808594, 82.82882690429688, 348.2835388183594], [174.6503143310547, 342.1517028808594, 185.4742889404297, 348.2835388183594], [212.1110382080078, 342.1517028808594, 222.93679809570312, 348.2835388183594], [250.3227996826172, 342.1517028808594, 261.1485595703125, 348.2835388183594], [288.5345458984375, 342.1517028808594, 299.3603210449219, 348.2835388183594]]",SOURCE_TWO_READERS_MATCH,5,EBIT margin,GS-6415 20260517.pdf,SOURCE_RESTORED_REVIEW,ASSIGNED_FROM_PRINTED_UNIT_OR_SOURCE_TABLE_CONTEXT,,,NUMBER_OR_SOURCE_BLANK,SOURCE_TWO_READERS_MATCH,PASS,%,26.7,26.7,1,26.7,26.7,1,,NOT_MONETARY_OR_SOURCE_MISSING_NO_ROUNDING,26.7
ce1ebbbcf776b901428970539963c7d7f9b12ff41f78fe93c58646d115aa6992,N01-P2-T5,2,EBITmargin,,2028,12/28E,ANNUAL,FORECAST,value,value,32.1,32.1,EBITmargin,32.1,%,Goldman Sachs,"[[51.02287292480469, 342.1517028808594, 63.34953308105469, 348.2835388183594], [64.51296997070312, 342.1517028808594, 82.82882690429688, 348.2835388183594], [174.6503143310547, 342.1517028808594, 185.4742889404297, 348.2835388183594], [212.1110382080078, 342.1517028808594, 222.93679809570312, 348.2835388183594], [250.3227996826172, 342.1517028808594, 261.1485595703125, 348.2835388183594], [288.5345458984375, 342.1517028808594, 299.3603210449219, 348.2835388183594]]",SOURCE_TWO_READERS_MATCH,5,EBIT margin,GS-6415 20260517.pdf,SOURCE_RESTORED_REVIEW,ASSIGNED_FROM_PRINTED_UNIT_OR_SOURCE_TABLE_CONTEXT,,,NUMBER_OR_SOURCE_BLANK,SOURCE_TWO_READERS_MATCH,PASS,%,32.1,32.1,1,32.1,32.1,1,,NOT_MONETARY_OR_SOURCE_MISSING_NO_ROUNDING,32.1
ce1ebbbcf776b901428970539963c7d7f9b12ff41f78fe93c58646d115aa6992,N01-P2-T5,2,EBITDAmargin,,2025,12/25,ANNUAL,UNSPECIFIED,value,value,15.7,15.7,EBITDAmargin,15.7,%,Goldman Sachs,"[[51.02290344238281, 351.1427001953125, 71.50619506835938, 357.2745361328125], [72.75474548339844, 351.1427001953125, 91.07060241699219, 357.2745361328125], [174.6503448486328, 351.1427001953125, 185.4743194580078, 357.2745361328125], [212.11106872558594, 351.1427001953125, 222.93682861328125, 357.2745361328125], [250.3228302001953, 351.1427001953125, 261.1485900878906, 357.2745361328125], [288.5345764160156, 351.1427001953125, 299.3603515625, 357.2745361328125]]",SOURCE_TWO_READERS_MATCH,6,EBITDA margin,GS-6415 20260517.pdf,SOURCE_RESTORED_REVIEW,ASSIGNED_FROM_PRINTED_UNIT_OR_SOURCE_TABLE_CONTEXT,,,NUMBER_OR_SOURCE_BLANK,SOURCE_TWO_READERS_MATCH,PASS,%,15.7,15.7,1,15.7,15.7,1,,NOT_MONETARY_OR_SOURCE_MISSING_NO_ROUNDING,15.7
ce1ebbbcf776b901428970539963c7d7f9b12ff41f78fe93c58646d115aa6992,N01-P2-T5,2,EBITDAmargin,,2026,12/26E,ANNUAL,FORECAST,value,value,19.5,19.5,EBITDAmargin,19.5,%,Goldman Sachs,"[[51.02290344238281, 351.1427001953125, 71.50619506835938, 357.2745361328125], [72.75474548339844, 351.1427001953125, 91.07060241699219, 357.2745361328125], [174.6503448486328, 351.1427001953125, 185.4743194580078, 357.2745361328125], [212.11106872558594, 351.1427001953125, 222.93682861328125, 357.2745361328125], [250.3228302001953, 351.1427001953125, 261.1485900878906, 357.2745361328125], [288.5345764160156, 351.1427001953125, 299.3603515625, 357.2745361328125]]",SOURCE_TWO_READERS_MATCH,6,EBITDA margin,GS-6415 20260517.pdf,SOURCE_RESTORED_REVIEW,ASSIGNED_FROM_PRINTED_UNIT_OR_SOURCE_TABLE_CONTEXT,,,NUMBER_OR_SOURCE_BLANK,SOURCE_TWO_READERS_MATCH,PASS,%,19.5,19.5,1,19.5,19.5,1,,NOT_MONETARY_OR_SOURCE_MISSING_NO_ROUNDING,19.5
ce1ebbbcf776b901428970539963c7d7f9b12ff41f78fe93c58646d115aa6992,N01-P2-T5,2,EBITDAmargin,,2027,12/27E,ANNUAL,FORECAST,value,value,29.0,29.0,EBITDAmargin,29.0,%,Goldman Sachs,"[[51.02290344238281, 351.1427001953125, 71.50619506835938, 357.2745361328125], [72.75474548339844, 351.1427001953125, 91.07060241699219, 357.2745361328125], [174.6503448486328, 351.1427001953125, 185.4743194580078, 357.2745361328125], [212.11106872558594, 351.1427001953125, 222.93682861328125, 357.2745361328125], [250.3228302001953, 351.1427001953125, 261.1485900878906, 357.2745361328125], [288.5345764160156, 351.1427001953125, 299.3603515625, 357.2745361328125]]",SOURCE_TWO_READERS_MATCH,6,EBITDA margin,GS-6415 20260517.pdf,SOURCE_RESTORED_REVIEW,ASSIGNED_FROM_PRINTED_UNIT_OR_SOURCE_TABLE_CONTEXT,,,NUMBER_OR_SOURCE_BLANK,SOURCE_TWO_READERS_MATCH,PASS,%,29.0,29.0,1,29.0,29.0,1,,NOT_MONETARY_OR_SOURCE_MISSING_NO_ROUNDING,29.0
ce1ebbbcf776b901428970539963c7d7f9b12ff41f78fe93c58646d115aa6992,N01-P2-T5,2,EBITDAmargin,,2028,12/28E,ANNUAL,FORECAST,value,value,33.8,33.8,EBITDAmargin,33.8,%,Goldman Sachs,"[[51.02290344238281, 351.1427001953125, 71.50619506835938, 357.2745361328125], [72.75474548339844, 351.1427001953125, 91.07060241699219, 357.2745361328125], [174.6503448486328, 351.1427001953125, 185.4743194580078, 357.2745361328125], [212.11106872558594, 351.1427001953125, 222.93682861328125, 357.2745361328125], [250.3228302001953, 351.1427001953125, 261.1485900878906, 357.2745361328125], [288.5345764160156, 351.1427001953125, 299.3603515625, 357.2745361328125]]",SOURCE_TWO_READERS_MATCH,6,EBITDA margin,GS-6415 20260517.pdf,SOURCE_RESTORED_REVIEW,ASSIGNED_FROM_PRINTED_UNIT_OR_SOURCE_TABLE_CONTEXT,,,NUMBER_OR_SOURCE_BLANK,SOURCE_TWO_READERS_MATCH,PASS,%,33.8,33.8,1,33.8,33.8,1,,NOT_MONETARY_OR_SOURCE_MISSING_NO_ROUNDING,33.8
ce1ebbbcf776b901428970539963c7d7f9b12ff41f78fe93c58646d115aa6992,N01-P2-T5,2,Netincomemargin,,2025,12/25,ANNUAL,UNSPECIFIED,value,value,13.2,13.2,Netincomemargin,13.2,%,Goldman Sachs,"[[51.02293395996094, 360.1336975097656, 60.51023864746094, 366.2655334472656], [62.26168441772461, 360.1336975097656, 81.3261947631836, 366.2655334472656], [82.4896240234375, 360.1336975097656, 100.80548858642578, 366.2655334472656], [174.64498901367188, 360.1336975097656, 185.47434997558594, 366.2655334472656], [212.11109924316406, 360.1336975097656, 222.93685913085938, 366.2655334472656], [250.32286071777344, 360.1336975097656, 261.14862060546875, 366.2655334472656], [288.53460693359375, 360.1336975097656, 299.3603820800781, 366.2655334472656]]",SOURCE_TWO_READERS_MATCH,7,Net income margin,GS-6415 20260517.pdf,SOURCE_RESTORED_REVIEW,ASSIGNED_FROM_PRINTED_UNIT_OR_SOURCE_TABLE_CONTEXT,,,NUMBER_OR_SOURCE_BLANK,SOURCE_TWO_READERS_MATCH,PASS,%,13.2,13.2,1,13.2,13.2,1,,NOT_MONETARY_OR_SOURCE_MISSING_NO_ROUNDING,13.2
ce1ebbbcf776b901428970539963c7d7f9b12ff41f78fe93c58646d115aa6992,N01-P2-T5,2,Netincomemargin,,2026,12/26E,ANNUAL,FORECAST,value,value,18.9,18.9,Netincomemargin,18.9,%,Goldman Sachs,"[[51.02293395996094, 360.1336975097656, 60.51023864746094, 366.2655334472656], [62.26168441772461, 360.1336975097656, 81.3261947631836, 366.2655334472656], [82.4896240234375, 360.1336975097656, 100.80548858642578, 366.2655334472656], [174.64498901367188, 360.1336975097656, 185.47434997558594, 366.2655334472656], [212.11109924316406, 360.1336975097656, 222.93685913085938, 366.2655334472656], [250.32286071777344, 360.1336975097656, 261.14862060546875, 366.2655334472656], [288.53460693359375, 360.1336975097656, 299.3603820800781, 366.2655334472656]]",SOURCE_TWO_READERS_MATCH,7,Net income margin,GS-6415 20260517.pdf,SOURCE_RESTORED_REVIEW,ASSIGNED_FROM_PRINTED_UNIT_OR_SOURCE_TABLE_CONTEXT,,,NUMBER_OR_SOURCE_BLANK,SOURCE_TWO_READERS_MATCH,PASS,%,18.9,18.9,1,18.9,18.9,1,,NOT_MONETARY_OR_SOURCE_MISSING_NO_ROUNDING,18.9
ce1ebbbcf776b901428970539963c7d7f9b12ff41f78fe93c58646d115aa6992,N01-P2-T5,2,Netincomemargin,,2027,12/27E,ANNUAL,FORECAST,value,value,27.0,27.0,Netincomemargin,27.0,%,Goldman Sachs,"[[51.02293395996094, 360.1336975097656, 60.51023864746094, 366.2655334472656], [62.26168441772461, 360.1336975097656, 81.3261947631836, 366.2655334472656], [82.4896240234375, 360.1336975097656, 100.80548858642578, 366.2655334472656], [174.64498901367188, 360.1336975097656, 185.47434997558594, 366.2655334472656], [212.11109924316406, 360.1336975097656, 222.93685913085938, 366.2655334472656], [250.32286071777344, 360.1336975097656, 261.14862060546875, 366.2655334472656], [288.53460693359375, 360.1336975097656, 299.3603820800781, 366.2655334472656]]",SOURCE_TWO_READERS_MATCH,7,Net income margin,GS-6415 20260517.pdf,SOURCE_RESTORED_REVIEW,ASSIGNED_FROM_PRINTED_UNIT_OR_SOURCE_TABLE_CONTEXT,,,NUMBER_OR_SOURCE_BLANK,SOURCE_TWO_READERS_MATCH,PASS,%,27.0,27.0,1,27.0,27.0,1,,NOT_MONETARY_OR_SOURCE_MISSING_NO_ROUNDING,27.0
ce1ebbbcf776b901428970539963c7d7f9b12ff41f78fe93c58646d115aa6992,N01-P2-T5,2,Netincomemargin,,2028,12/28E,ANNUAL,FORECAST,value,value,31.6,31.6,Netincomemargin,31.6,%,Goldman Sachs,"[[51.02293395996094, 360.1336975097656, 60.51023864746094, 366.2655334472656], [62.26168441772461, 360.1336975097656, 81.3261947631836, 366.2655334472656], [82.4896240234375, 360.1336975097656, 100.80548858642578, 366.2655334472656], [174.64498901367188, 360.1336975097656, 185.47434997558594, 366.2655334472656], [212.11109924316406, 360.1336975097656, 222.93685913085938, 366.2655334472656], [250.32286071777344, 360.1336975097656, 261.14862060546875, 366.2655334472656], [288.53460693359375, 360.1336975097656, 299.3603820800781, 366.2655334472656]]",SOURCE_TWO_READERS_MATCH,7,Net income margin,GS-6415 20260517.pdf,SOURCE_RESTORED_REVIEW,ASSIGNED_FROM_PRINTED_UNIT_OR_SOURCE_TABLE_CONTEXT,,,NUMBER_OR_SOURCE_BLANK,SOURCE_TWO_READERS_MATCH,PASS,%,31.6,31.6,1,31.6,31.6,1,,NOT_MONETARY_OR_SOURCE_MISSING_NO_ROUNDING,31.6
