"Time","Category","FixClass","Priority","Risk","Action","Reason","Path"
"2026-06-11T20:28:06.476+08:00","Historical Records","SEQUENTIAL_REQUIRED","P2","LOW","Review only if current active dependency.","Historical records include old BLOCK/HIGH statuses.","C:\Users\tonyk\Downloads\VeritasIntelligenceAnalytics\dict\VDF\_active"
"2026-06-11T20:29:18.296+08:00","PowerShell Parse","SEQUENTIAL_REQUIRED","P0","HIGH","Repair one PS file at a time after backup.","L5:33 The assignment expression is not valid. The input to an assignment operator must be an object that is able to accept assignments, such as a variable or a property.","C:\Users\tonyk\Downloads\VeritasIntelligenceAnalytics\_activation\VIA_ACTIVATION_GATEWAY_V02_GATEWAY_HOTFIX_20260609_035258\gateway\Invoke-VIA-ActivationGateway-Hardened.ps1"
"2026-06-11T20:29:18.297+08:00","PowerShell Parse","SEQUENTIAL_REQUIRED","P0","HIGH","Repair one PS file at a time after backup.","L5:33 The assignment expression is not valid. The input to an assignment operator must be an object that is able to accept assignments, such as a variable or a property.","C:\Users\tonyk\Downloads\VeritasIntelligenceAnalytics\_activation\VIA_ACTIVATION_GATEWAY_V03_STABLE_HOTFIX_20260609_035508\gateway\Invoke-VIA-ActivationGateway-Stable.ps1"
"2026-06-11T20:29:18.297+08:00","PowerShell Parse","SEQUENTIAL_REQUIRED","P0","HIGH","Repair one PS file at a time after backup.","L5:33 The assignment expression is not valid. The input to an assignment operator must be an object that is able to accept assignments, such as a variable or a property.","C:\Users\tonyk\Downloads\VeritasIntelligenceAnalytics\_activation\VIA_ACTIVATION_GATEWAY_V04_INLINE_READY_20260609_035734\gateway\Invoke-VIA-ActivationGateway-InlineReady.ps1"
"2026-06-11T20:29:18.297+08:00","PowerShell Parse","SEQUENTIAL_REQUIRED","P0","HIGH","Repair one PS file at a time after backup.","L5:33 The assignment expression is not valid. The input to an assignment operator must be an object that is able to accept assignments, such as a variable or a property.","C:\Users\tonyk\Downloads\VeritasIntelligenceAnalytics\_freeze\VIA_UNIFIED_INPUT_SSOT_FREEZE_GATEWAY_20260609_034130\gateway\Invoke-VIA-UnifiedInputGateway.ps1"
"2026-06-11T20:29:18.297+08:00","PowerShell Parse","SEQUENTIAL_REQUIRED","P0","HIGH","Repair one PS file at a time after backup.","L906:148 Missing ')' in method call. | L906:148 Unexpected token 'if' in expression or statement. | L911:88 Missing ')' in method call. | L911:88 Unexpected token 'if' in expression or statement. | L911:129 The string is missing the terminator: "". | L911:128 Missing closing '}' in statement block or type definition. | L911:134 Missing closing ')' in subexpression. | L911:225 Missing ')' in method call. | L911:225 Unexpected token 'if' in expression or statement. | L911:268 The string is missing the terminator: "". | L911:267 Missing closing '}' in statement block or type definition. | L911:273 Missing closing ')' in subexpression. | L911:324 Missing ')' in method call. | L911:324 Unexpected token 'if' in expression or statement. | L911:359 The string is missing the terminator: "". | L911:358 Missing closing '}' in statement block or type definition. | L911:364 Missing closing ')' in subexpression. | L911:637 Missing ')' in method call. | L911:637 Unexpected token 'if' in expression or statement. | L911:668 The string is missing the terminator: "". | L911:667 Missing closing '}' in statement block or type definition. | L911:673 Missing closing ')' in subexpression. | L911:713 Missing ')' in method call. | L911:713 Unexpected token 'if' in expression or statement. | L911:744 The string is missing the terminator: "". | L911:743 Missing closing '}' in statement block or type definition. | L911:749 Missing closing ')' in subexpression. | L911:866 The string is missing the terminator: "". | L911:865 Missing closing '}' in statement block or type definition. | L911:890 Missing closing ')' in expression. | L911:890 Missing ')' in method call. | L911:890 Missing closing ')' in subexpression. | L911:965 Missing ')' in method call. | L911:965 Unexpected token 'if' in expression or statement. | L911:1012 The string is missing the terminator: "". | L911:1011 Missing closing '}' in statement block or type definition. | L911:1017 Missing closing ')' in subexpression. | L911:1086 Missing ')' in method call. | L911:1086 Unexpected token 'if' in expression or statement. | L911:1258 The string is missing the terminator: "". | L911:1257 Missing closing '}' in statement block or type definition. | L911:1279 Missing closing ')' in expression. | L911:1279 Missing ')' in method call. | L911:1279 Missing closing ')' in subexpression. | L915:60 Missing ')' in method call. | L915:60 Unexpected token 'if' in expression or statement. | L915:95 The string is missing the terminator: "". | L915:94 Missing closing '}' in statement block or type definition. | L915:100 Missing closing ')' in subexpression. | L915:179 Missing ')' in method call. | L915:179 Unexpected token 'if' in expression or statement. | L915:214 The string is missing the terminator: "". | L915:213 Missing closing '}' in statement block or type definition. | L915:219 Missing closing ')' in subexpression. | L915:267 Missing ')' in method call. | L915:267 Unexpected token 'if' in expression or statement. | L915:314 The string is missing the terminator: "". | L915:313 Missing closing '}' in statement block or type definition. | L915:319 Missing closing ')' in subexpression. | L926:60 Missing ')' in method call. | L926:60 Unexpected token 'if' in expression or statement. | L931:60 Missing ')' in method call. | L931:60 Unexpected token 'if' in expression or statement. | L931:95 The string is missing the terminator: "". | L931:94 Missing closing '}' in statement block or type definition. | L931:100 Missing closing ')' in subexpression. | L931:179 Missing ')' in method call. | L931:179 Unexpected token 'if' in expression or statement. | L931:214 The string is missing the terminator: "". | L931:213 Missing closing '}' in statement block or type definition. | L931:219 Missing closing ')' in subexpression. | L931:429 Missing ')' in method call. | L931:429 Unexpected token 'if' in expression or statement. | L931:476 The string is missing the terminator: "". | L931:475 Missing closing '}' in statement block or type definition. | L931:481 Missing closing ')' in subexpression. | L931:550 Missing ')' in method call. | L931:550 Unexpected token 'if' in expression or statement. | L931:589 The string is missing the terminator: "". | L931:588 Missing closing '}' in statement block or type definition. | L931:594 Missing closing ')' in subexpression. | L931:686 Missing ')' in method call. | L931:686 Unexpected token 'if' in expression or statement. | L931:725 The string is missing the terminator: "". | L931:724 Missing closing '}' in statement block or type definition. | L931:730 Missing closing ')' in subexpression. | L935:60 Missing ')' in method call. | L935:60 Unexpected token 'if' in expression or statement. | L935:103 The string is missing the terminator: "". | L935:102 Missing closing '}' in statement block or type definition. | L935:108 Missing closing ')' in subexpression. | L935:180 Missing ')' in method call. | L935:180 Unexpected token 'if' in expression or statement. | L935:219 The string is missing the terminator: "". | L935:218 Missing closing '}' in statement block or type definition. | L935:224 Missing closing ')' in subexpression. | L935:316 Missing ')' in method call. | L935:316 Unexpected token 'if' in expression or statement. | L935:355 The string is missing the terminator: "". | L935:354 Missing closing '}' in statement block or type definition. | L935:360 Missing closing ')' in subexpression. | L935:461 Missing ')' in method call. | L935:461 Unexpected token 'if' in expression or statement. | L935:500 The string is missing the terminator: "". | L935:499 Missing closing '}' in statement block or type definition. | L935:505 Missing closing ')' in subexpression. | L942:60 Missing ')' in method call. | L942:60 Unexpected token 'if' in expression or statement. | L942:216 Missing ')' in method call. | L942:216 Unexpected token 'if' in expression or statement. | L947:60 Missing ')' in method call. | L947:60 Unexpected token 'if' in expression or statement. | L947:150 Missing ')' in method call. | L947:150 Unexpected token 'if' in expression or statement. | L952:56 Missing ')' in method call. | L952:56 Unexpected token 'if' in expression or statement. | L869:24 Missing closing '}' in statement block or type definition. | L952:93 Unexpected token ')' in expression or statement. | L1259:1 Unexpected token '}' in expression or statement.","C:\Users\tonyk\Downloads\VeritasIntelligenceAnalytics\functional modules\VAP\INPUT\SOURCE_VAP_MODULE\VIA_VEGN_Step1_v32.ps1"
"2026-06-11T20:29:18.297+08:00","PowerShell Parse","SEQUENTIAL_REQUIRED","P0","HIGH","Repair one PS file at a time after backup.","L906:148 Missing ')' in method call. | L906:148 Unexpected token 'if' in expression or statement. | L911:88 Missing ')' in method call. | L911:88 Unexpected token 'if' in expression or statement. | L911:129 The string is missing the terminator: "". | L911:128 Missing closing '}' in statement block or type definition. | L911:134 Missing closing ')' in subexpression. | L911:225 Missing ')' in method call. | L911:225 Unexpected token 'if' in expression or statement. | L911:268 The string is missing the terminator: "". | L911:267 Missing closing '}' in statement block or type definition. | L911:273 Missing closing ')' in subexpression. | L911:324 Missing ')' in method call. | L911:324 Unexpected token 'if' in expression or statement. | L911:359 The string is missing the terminator: "". | L911:358 Missing closing '}' in statement block or type definition. | L911:364 Missing closing ')' in subexpression. | L911:637 Missing ')' in method call. | L911:637 Unexpected token 'if' in expression or statement. | L911:668 The string is missing the terminator: "". | L911:667 Missing closing '}' in statement block or type definition. | L911:673 Missing closing ')' in subexpression. | L911:713 Missing ')' in method call. | L911:713 Unexpected token 'if' in expression or statement. | L911:744 The string is missing the terminator: "". | L911:743 Missing closing '}' in statement block or type definition. | L911:749 Missing closing ')' in subexpression. | L911:866 The string is missing the terminator: "". | L911:865 Missing closing '}' in statement block or type definition. | L911:890 Missing closing ')' in expression. | L911:890 Missing ')' in method call. | L911:890 Missing closing ')' in subexpression. | L911:965 Missing ')' in method call. | L911:965 Unexpected token 'if' in expression or statement. | L911:1012 The string is missing the terminator: "". | L911:1011 Missing closing '}' in statement block or type definition. | L911:1017 Missing closing ')' in subexpression. | L911:1086 Missing ')' in method call. | L911:1086 Unexpected token 'if' in expression or statement. | L911:1258 The string is missing the terminator: "". | L911:1257 Missing closing '}' in statement block or type definition. | L911:1279 Missing closing ')' in expression. | L911:1279 Missing ')' in method call. | L911:1279 Missing closing ')' in subexpression. | L915:60 Missing ')' in method call. | L915:60 Unexpected token 'if' in expression or statement. | L915:95 The string is missing the terminator: "". | L915:94 Missing closing '}' in statement block or type definition. | L915:100 Missing closing ')' in subexpression. | L915:179 Missing ')' in method call. | L915:179 Unexpected token 'if' in expression or statement. | L915:214 The string is missing the terminator: "". | L915:213 Missing closing '}' in statement block or type definition. | L915:219 Missing closing ')' in subexpression. | L915:267 Missing ')' in method call. | L915:267 Unexpected token 'if' in expression or statement. | L915:314 The string is missing the terminator: "". | L915:313 Missing closing '}' in statement block or type definition. | L915:319 Missing closing ')' in subexpression. | L926:60 Missing ')' in method call. | L926:60 Unexpected token 'if' in expression or statement. | L931:60 Missing ')' in method call. | L931:60 Unexpected token 'if' in expression or statement. | L931:95 The string is missing the terminator: "". | L931:94 Missing closing '}' in statement block or type definition. | L931:100 Missing closing ')' in subexpression. | L931:179 Missing ')' in method call. | L931:179 Unexpected token 'if' in expression or statement. | L931:214 The string is missing the terminator: "". | L931:213 Missing closing '}' in statement block or type definition. | L931:219 Missing closing ')' in subexpression. | L931:429 Missing ')' in method call. | L931:429 Unexpected token 'if' in expression or statement. | L931:476 The string is missing the terminator: "". | L931:475 Missing closing '}' in statement block or type definition. | L931:481 Missing closing ')' in subexpression. | L931:550 Missing ')' in method call. | L931:550 Unexpected token 'if' in expression or statement. | L931:589 The string is missing the terminator: "". | L931:588 Missing closing '}' in statement block or type definition. | L931:594 Missing closing ')' in subexpression. | L931:686 Missing ')' in method call. | L931:686 Unexpected token 'if' in expression or statement. | L931:725 The string is missing the terminator: "". | L931:724 Missing closing '}' in statement block or type definition. | L931:730 Missing closing ')' in subexpression. | L935:60 Missing ')' in method call. | L935:60 Unexpected token 'if' in expression or statement. | L935:103 The string is missing the terminator: "". | L935:102 Missing closing '}' in statement block or type definition. | L935:108 Missing closing ')' in subexpression. | L935:180 Missing ')' in method call. | L935:180 Unexpected token 'if' in expression or statement. | L935:219 The string is missing the terminator: "". | L935:218 Missing closing '}' in statement block or type definition. | L935:224 Missing closing ')' in subexpression. | L935:316 Missing ')' in method call. | L935:316 Unexpected token 'if' in expression or statement. | L935:355 The string is missing the terminator: "". | L935:354 Missing closing '}' in statement block or type definition. | L935:360 Missing closing ')' in subexpression. | L935:461 Missing ')' in method call. | L935:461 Unexpected token 'if' in expression or statement. | L935:500 The string is missing the terminator: "". | L935:499 Missing closing '}' in statement block or type definition. | L935:505 Missing closing ')' in subexpression. | L942:60 Missing ')' in method call. | L942:60 Unexpected token 'if' in expression or statement. | L942:216 Missing ')' in method call. | L942:216 Unexpected token 'if' in expression or statement. | L947:60 Missing ')' in method call. | L947:60 Unexpected token 'if' in expression or statement. | L947:150 Missing ')' in method call. | L947:150 Unexpected token 'if' in expression or statement. | L952:56 Missing ')' in method call. | L952:56 Unexpected token 'if' in expression or statement. | L869:24 Missing closing '}' in statement block or type definition. | L952:93 Unexpected token ')' in expression or statement. | L1259:1 Unexpected token '}' in expression or statement.","C:\Users\tonyk\Downloads\VeritasIntelligenceAnalytics\functional modules\VAP\ASSETS\SCOPE_COPY\VAP\VIA_VEGN_Step1_v32.ps1"
"2026-06-11T20:29:18.298+08:00","PowerShell Parse","SEQUENTIAL_REQUIRED","P0","HIGH","Repair one PS file at a time after backup.","L5:33 The assignment expression is not valid. The input to an assignment operator must be an object that is able to accept assignments, such as a variable or a property.","C:\Users\tonyk\Downloads\VeritasIntelligenceAnalytics\functional modules\VAP\ASSETS\SCOPE_COPY\VeritasIntelligenceAnalytics\_activation\VIA_ACTIVATION_GATEWAY_V02_GATEWAY_HOTFIX_20260609_035258\gateway\Invoke-VIA-ActivationGateway-Hardened.ps1"
"2026-06-11T20:29:18.298+08:00","PowerShell Parse","SEQUENTIAL_REQUIRED","P0","HIGH","Repair one PS file at a time after backup.","L5:33 The assignment expression is not valid. The input to an assignment operator must be an object that is able to accept assignments, such as a variable or a property.","C:\Users\tonyk\Downloads\VeritasIntelligenceAnalytics\functional modules\VAP\ASSETS\SCOPE_COPY\VeritasIntelligenceAnalytics\_activation\VIA_ACTIVATION_GATEWAY_V03_STABLE_HOTFIX_20260609_035508\gateway\Invoke-VIA-ActivationGateway-Stable.ps1"
"2026-06-11T20:29:18.298+08:00","PowerShell Parse","SEQUENTIAL_REQUIRED","P0","HIGH","Repair one PS file at a time after backup.","L5:33 The assignment expression is not valid. The input to an assignment operator must be an object that is able to accept assignments, such as a variable or a property.","C:\Users\tonyk\Downloads\VeritasIntelligenceAnalytics\functional modules\VAP\ASSETS\SCOPE_COPY\VeritasIntelligenceAnalytics\_activation\VIA_ACTIVATION_GATEWAY_V04_INLINE_READY_20260609_035734\gateway\Invoke-VIA-ActivationGateway-InlineReady.ps1"
"2026-06-11T20:29:18.298+08:00","PowerShell Parse","SEQUENTIAL_REQUIRED","P0","HIGH","Repair one PS file at a time after backup.","L5:33 The assignment expression is not valid. The input to an assignment operator must be an object that is able to accept assignments, such as a variable or a property.","C:\Users\tonyk\Downloads\VeritasIntelligenceAnalytics\functional modules\VAP\ASSETS\SCOPE_COPY\VeritasIntelligenceAnalytics\_freeze\VIA_UNIFIED_INPUT_SSOT_FREEZE_GATEWAY_20260609_034130\gateway\Invoke-VIA-UnifiedInputGateway.ps1"
"2026-06-11T20:29:18.298+08:00","PowerShell Parse","SEQUENTIAL_REQUIRED","P0","HIGH","Repair one PS file at a time after backup.","L1040:13 The string is missing the terminator: '@.","C:\Users\tonyk\OneDrive\VeritasIntelligenceAnalytics\VeritasGlyphForge\VeritasGlyphForge_AllInOne.ps1"
"2026-06-11T20:29:18.299+08:00","PowerShell Parse","SEQUENTIAL_REQUIRED","P0","HIGH","Repair one PS file at a time after backup.","L23:27 The assignment expression is not valid. The input to an assignment operator must be an object that is able to accept assignments, such as a variable or a property. | L24:27 The assignment expression is not valid. The input to an assignment operator must be an object that is able to accept assignments, such as a variable or a property.","C:\Users\tonyk\OneDrive\VeritasIntelligenceAnalytics\VIAO\VIA_Panoramic_Inspector_v1.ps1"
"2026-06-11T20:29:18.299+08:00","PowerShell Parse","SEQUENTIAL_REQUIRED","P0","HIGH","Repair one PS file at a time after backup.","L69:1 Variable reference is not valid. '$' was not followed by a valid variable name character. Consider using ${} to delimit the name. | L69:9 Unexpected token '{' in expression or statement. | L69:22 Unexpected token '_VERSION' in expression or statement. | L71:1 Variable reference is not valid. '$' was not followed by a valid variable name character. Consider using ${} to delimit the name. | L71:9 Unexpected token '{' in expression or statement. | L71:22 Unexpected token '_CONFIG' in expression or statement. | L159:18 Variable reference is not valid. '$' was not followed by a valid variable name character. Consider using ${} to delimit the name. | L159:26 Unexpected token '{' in expression or statement. | L159:39 Unexpected token '_CONFIG' in expression or statement.","C:\Users\tonyk\OneDrive\VeritasIntelligenceAnalytics\module\template\via_ps_standard_template.ps1"
"2026-06-11T20:29:18.299+08:00","PowerShell Parse","SEQUENTIAL_REQUIRED","P0","HIGH","Repair one PS file at a time after backup.","L906:148 Missing ')' in method call. | L906:148 Unexpected token 'if' in expression or statement. | L911:88 Missing ')' in method call. | L911:88 Unexpected token 'if' in expression or statement. | L911:129 The string is missing the terminator: "". | L911:128 Missing closing '}' in statement block or type definition. | L911:134 Missing closing ')' in subexpression. | L911:225 Missing ')' in method call. | L911:225 Unexpected token 'if' in expression or statement. | L911:268 The string is missing the terminator: "". | L911:267 Missing closing '}' in statement block or type definition. | L911:273 Missing closing ')' in subexpression. | L911:324 Missing ')' in method call. | L911:324 Unexpected token 'if' in expression or statement. | L911:359 The string is missing the terminator: "". | L911:358 Missing closing '}' in statement block or type definition. | L911:364 Missing closing ')' in subexpression. | L911:637 Missing ')' in method call. | L911:637 Unexpected token 'if' in expression or statement. | L911:668 The string is missing the terminator: "". | L911:667 Missing closing '}' in statement block or type definition. | L911:673 Missing closing ')' in subexpression. | L911:713 Missing ')' in method call. | L911:713 Unexpected token 'if' in expression or statement. | L911:744 The string is missing the terminator: "". | L911:743 Missing closing '}' in statement block or type definition. | L911:749 Missing closing ')' in subexpression. | L911:866 The string is missing the terminator: "". | L911:865 Missing closing '}' in statement block or type definition. | L911:890 Missing closing ')' in expression. | L911:890 Missing ')' in method call. | L911:890 Missing closing ')' in subexpression. | L911:965 Missing ')' in method call. | L911:965 Unexpected token 'if' in expression or statement. | L911:1012 The string is missing the terminator: "". | L911:1011 Missing closing '}' in statement block or type definition. | L911:1017 Missing closing ')' in subexpression. | L911:1086 Missing ')' in method call. | L911:1086 Unexpected token 'if' in expression or statement. | L911:1258 The string is missing the terminator: "". | L911:1257 Missing closing '}' in statement block or type definition. | L911:1279 Missing closing ')' in expression. | L911:1279 Missing ')' in method call. | L911:1279 Missing closing ')' in subexpression. | L915:60 Missing ')' in method call. | L915:60 Unexpected token 'if' in expression or statement. | L915:95 The string is missing the terminator: "". | L915:94 Missing closing '}' in statement block or type definition. | L915:100 Missing closing ')' in subexpression. | L915:179 Missing ')' in method call. | L915:179 Unexpected token 'if' in expression or statement. | L915:214 The string is missing the terminator: "". | L915:213 Missing closing '}' in statement block or type definition. | L915:219 Missing closing ')' in subexpression. | L915:267 Missing ')' in method call. | L915:267 Unexpected token 'if' in expression or statement. | L915:314 The string is missing the terminator: "". | L915:313 Missing closing '}' in statement block or type definition. | L915:319 Missing closing ')' in subexpression. | L926:60 Missing ')' in method call. | L926:60 Unexpected token 'if' in expression or statement. | L931:60 Missing ')' in method call. | L931:60 Unexpected token 'if' in expression or statement. | L931:95 The string is missing the terminator: "". | L931:94 Missing closing '}' in statement block or type definition. | L931:100 Missing closing ')' in subexpression. | L931:179 Missing ')' in method call. | L931:179 Unexpected token 'if' in expression or statement. | L931:214 The string is missing the terminator: "". | L931:213 Missing closing '}' in statement block or type definition. | L931:219 Missing closing ')' in subexpression. | L931:429 Missing ')' in method call. | L931:429 Unexpected token 'if' in expression or statement. | L931:476 The string is missing the terminator: "". | L931:475 Missing closing '}' in statement block or type definition. | L931:481 Missing closing ')' in subexpression. | L931:550 Missing ')' in method call. | L931:550 Unexpected token 'if' in expression or statement. | L931:589 The string is missing the terminator: "". | L931:588 Missing closing '}' in statement block or type definition. | L931:594 Missing closing ')' in subexpression. | L931:686 Missing ')' in method call. | L931:686 Unexpected token 'if' in expression or statement. | L931:725 The string is missing the terminator: "". | L931:724 Missing closing '}' in statement block or type definition. | L931:730 Missing closing ')' in subexpression. | L935:60 Missing ')' in method call. | L935:60 Unexpected token 'if' in expression or statement. | L935:103 The string is missing the terminator: "". | L935:102 Missing closing '}' in statement block or type definition. | L935:108 Missing closing ')' in subexpression. | L935:180 Missing ')' in method call. | L935:180 Unexpected token 'if' in expression or statement. | L935:219 The string is missing the terminator: "". | L935:218 Missing closing '}' in statement block or type definition. | L935:224 Missing closing ')' in subexpression. | L935:316 Missing ')' in method call. | L935:316 Unexpected token 'if' in expression or statement. | L935:355 The string is missing the terminator: "". | L935:354 Missing closing '}' in statement block or type definition. | L935:360 Missing closing ')' in subexpression. | L935:461 Missing ')' in method call. | L935:461 Unexpected token 'if' in expression or statement. | L935:500 The string is missing the terminator: "". | L935:499 Missing closing '}' in statement block or type definition. | L935:505 Missing closing ')' in subexpression. | L942:60 Missing ')' in method call. | L942:60 Unexpected token 'if' in expression or statement. | L942:216 Missing ')' in method call. | L942:216 Unexpected token 'if' in expression or statement. | L947:60 Missing ')' in method call. | L947:60 Unexpected token 'if' in expression or statement. | L947:150 Missing ')' in method call. | L947:150 Unexpected token 'if' in expression or statement. | L952:56 Missing ')' in method call. | L952:56 Unexpected token 'if' in expression or statement. | L869:24 Missing closing '}' in statement block or type definition. | L952:93 Unexpected token ')' in expression or statement. | L1259:1 Unexpected token '}' in expression or statement.","C:\Users\tonyk\OneDrive\VeritasIntelligenceAnalytics\module\VAP\VIA_VEGN_Step1_v32.ps1"
"2026-06-11T20:29:18.299+08:00","PowerShell Parse","SEQUENTIAL_REQUIRED","P0","HIGH","Repair one PS file at a time after backup.","L193:9 Variable reference is not valid. ':' was not followed by a valid variable name character. Consider using ${} to delimit the name. | L311:9 Expression is not allowed in a Using expression.","C:\Users\tonyk\OneDrive\VeritasIntelligenceAnalytics\module\VCNC\VIA_Integrated_Supreme_v1_r2.ps1"
"2026-06-11T20:29:18.299+08:00","PowerShell Parse","SEQUENTIAL_REQUIRED","P0","HIGH","Repair one PS file at a time after backup.","L42:28 The assignment expression is not valid. The input to an assignment operator must be an object that is able to accept assignments, such as a variable or a property.","C:\Users\tonyk\OneDrive\VeritasIntelligenceAnalytics\module\VCNC\VIA_PSInspectFix_Launch.ps1"
"2026-06-11T20:29:18.299+08:00","PowerShell Parse","SEQUENTIAL_REQUIRED","P0","HIGH","Repair one PS file at a time after backup.","L102:32 Missing type name after '['. | L102:31 Parameter declarations are a comma-separated list of variable names with optional initializer expressions. | L102:31 Missing ')' in function parameter list.","C:\Users\tonyk\OneDrive\VeritasIntelligenceAnalytics\module\VCNC\via_ps_ai_template (2).ps1"
"2026-06-11T20:29:18.300+08:00","PowerShell Parse","SEQUENTIAL_REQUIRED","P0","HIGH","Repair one PS file at a time after backup.","L102:32 Missing type name after '['. | L102:31 Parameter declarations are a comma-separated list of variable names with optional initializer expressions. | L102:31 Missing ')' in function parameter list.","C:\Users\tonyk\OneDrive\VeritasIntelligenceAnalytics\module\VCNC\via_ps_ai_template (3).ps1"
"2026-06-11T20:29:18.300+08:00","PowerShell Parse","SEQUENTIAL_REQUIRED","P0","HIGH","Repair one PS file at a time after backup.","L102:32 Missing type name after '['. | L102:31 Parameter declarations are a comma-separated list of variable names with optional initializer expressions. | L102:31 Missing ')' in function parameter list.","C:\Users\tonyk\OneDrive\VeritasIntelligenceAnalytics\module\VCNC\via_ps_ai_template.ps1"
"2026-06-11T20:29:18.300+08:00","PowerShell Parse","SEQUENTIAL_REQUIRED","P0","HIGH","Repair one PS file at a time after backup.","L69:1 Variable reference is not valid. '$' was not followed by a valid variable name character. Consider using ${} to delimit the name. | L69:9 Unexpected token '{' in expression or statement. | L69:22 Unexpected token '_VERSION' in expression or statement. | L71:1 Variable reference is not valid. '$' was not followed by a valid variable name character. Consider using ${} to delimit the name. | L71:9 Unexpected token '{' in expression or statement. | L71:22 Unexpected token '_CONFIG' in expression or statement. | L159:18 Variable reference is not valid. '$' was not followed by a valid variable name character. Consider using ${} to delimit the name. | L159:26 Unexpected token '{' in expression or statement. | L159:39 Unexpected token '_CONFIG' in expression or statement.","C:\Users\tonyk\OneDrive\VeritasIntelligenceAnalytics\module\VCNC\via_ps_standard_template (3).ps1"
"2026-06-11T20:29:18.300+08:00","PowerShell Parse","SEQUENTIAL_REQUIRED","P0","HIGH","Repair one PS file at a time after backup.","L69:1 Variable reference is not valid. '$' was not followed by a valid variable name character. Consider using ${} to delimit the name. | L69:9 Unexpected token '{' in expression or statement. | L69:22 Unexpected token '_VERSION' in expression or statement. | L71:1 Variable reference is not valid. '$' was not followed by a valid variable name character. Consider using ${} to delimit the name. | L71:9 Unexpected token '{' in expression or statement. | L71:22 Unexpected token '_CONFIG' in expression or statement. | L159:18 Variable reference is not valid. '$' was not followed by a valid variable name character. Consider using ${} to delimit the name. | L159:26 Unexpected token '{' in expression or statement. | L159:39 Unexpected token '_CONFIG' in expression or statement.","C:\Users\tonyk\OneDrive\VeritasIntelligenceAnalytics\module\VCNC\via_ps_standard_template.ps1"
"2026-06-11T20:29:18.308+08:00","PowerShell Parse","SEQUENTIAL_REQUIRED","P0","HIGH","Repair one PS file at a time after backup.","L242:38 Missing argument in parameter list. | L595:78 Missing ')' in method call. | L595:32 Missing closing '}' in statement block or type definition. | L567:26 Missing closing '}' in statement block or type definition. | L595:104 Unexpected token ')' in expression or statement. | L595:106 Unexpected token '}' in expression or statement. | L673:1 Unexpected token '}' in expression or statement.","C:\Users\tonyk\OneDrive\VeritasIntelligenceAnalytics\module\VCNC\VIA_VEGN_Step1_v31.ps1"
"2026-06-11T20:29:18.308+08:00","PowerShell Parse","SEQUENTIAL_REQUIRED","P0","HIGH","Repair one PS file at a time after backup.","L906:148 Missing ')' in method call. | L906:148 Unexpected token 'if' in expression or statement. | L911:88 Missing ')' in method call. | L911:88 Unexpected token 'if' in expression or statement. | L911:129 The string is missing the terminator: "". | L911:128 Missing closing '}' in statement block or type definition. | L911:134 Missing closing ')' in subexpression. | L911:225 Missing ')' in method call. | L911:225 Unexpected token 'if' in expression or statement. | L911:268 The string is missing the terminator: "". | L911:267 Missing closing '}' in statement block or type definition. | L911:273 Missing closing ')' in subexpression. | L911:324 Missing ')' in method call. | L911:324 Unexpected token 'if' in expression or statement. | L911:359 The string is missing the terminator: "". | L911:358 Missing closing '}' in statement block or type definition. | L911:364 Missing closing ')' in subexpression. | L911:637 Missing ')' in method call. | L911:637 Unexpected token 'if' in expression or statement. | L911:668 The string is missing the terminator: "". | L911:667 Missing closing '}' in statement block or type definition. | L911:673 Missing closing ')' in subexpression. | L911:713 Missing ')' in method call. | L911:713 Unexpected token 'if' in expression or statement. | L911:744 The string is missing the terminator: "". | L911:743 Missing closing '}' in statement block or type definition. | L911:749 Missing closing ')' in subexpression. | L911:866 The string is missing the terminator: "". | L911:865 Missing closing '}' in statement block or type definition. | L911:890 Missing closing ')' in expression. | L911:890 Missing ')' in method call. | L911:890 Missing closing ')' in subexpression. | L911:965 Missing ')' in method call. | L911:965 Unexpected token 'if' in expression or statement. | L911:1012 The string is missing the terminator: "". | L911:1011 Missing closing '}' in statement block or type definition. | L911:1017 Missing closing ')' in subexpression. | L911:1086 Missing ')' in method call. | L911:1086 Unexpected token 'if' in expression or statement. | L911:1258 The string is missing the terminator: "". | L911:1257 Missing closing '}' in statement block or type definition. | L911:1279 Missing closing ')' in expression. | L911:1279 Missing ')' in method call. | L911:1279 Missing closing ')' in subexpression. | L915:60 Missing ')' in method call. | L915:60 Unexpected token 'if' in expression or statement. | L915:95 The string is missing the terminator: "". | L915:94 Missing closing '}' in statement block or type definition. | L915:100 Missing closing ')' in subexpression. | L915:179 Missing ')' in method call. | L915:179 Unexpected token 'if' in expression or statement. | L915:214 The string is missing the terminator: "". | L915:213 Missing closing '}' in statement block or type definition. | L915:219 Missing closing ')' in subexpression. | L915:267 Missing ')' in method call. | L915:267 Unexpected token 'if' in expression or statement. | L915:314 The string is missing the terminator: "". | L915:313 Missing closing '}' in statement block or type definition. | L915:319 Missing closing ')' in subexpression. | L926:60 Missing ')' in method call. | L926:60 Unexpected token 'if' in expression or statement. | L931:60 Missing ')' in method call. | L931:60 Unexpected token 'if' in expression or statement. | L931:95 The string is missing the terminator: "". | L931:94 Missing closing '}' in statement block or type definition. | L931:100 Missing closing ')' in subexpression. | L931:179 Missing ')' in method call. | L931:179 Unexpected token 'if' in expression or statement. | L931:214 The string is missing the terminator: "". | L931:213 Missing closing '}' in statement block or type definition. | L931:219 Missing closing ')' in subexpression. | L931:429 Missing ')' in method call. | L931:429 Unexpected token 'if' in expression or statement. | L931:476 The string is missing the terminator: "". | L931:475 Missing closing '}' in statement block or type definition. | L931:481 Missing closing ')' in subexpression. | L931:550 Missing ')' in method call. | L931:550 Unexpected token 'if' in expression or statement. | L931:589 The string is missing the terminator: "". | L931:588 Missing closing '}' in statement block or type definition. | L931:594 Missing closing ')' in subexpression. | L931:686 Missing ')' in method call. | L931:686 Unexpected token 'if' in expression or statement. | L931:725 The string is missing the terminator: "". | L931:724 Missing closing '}' in statement block or type definition. | L931:730 Missing closing ')' in subexpression. | L935:60 Missing ')' in method call. | L935:60 Unexpected token 'if' in expression or statement. | L935:103 The string is missing the terminator: "". | L935:102 Missing closing '}' in statement block or type definition. | L935:108 Missing closing ')' in subexpression. | L935:180 Missing ')' in method call. | L935:180 Unexpected token 'if' in expression or statement. | L935:219 The string is missing the terminator: "". | L935:218 Missing closing '}' in statement block or type definition. | L935:224 Missing closing ')' in subexpression. | L935:316 Missing ')' in method call. | L935:316 Unexpected token 'if' in expression or statement. | L935:355 The string is missing the terminator: "". | L935:354 Missing closing '}' in statement block or type definition. | L935:360 Missing closing ')' in subexpression. | L935:461 Missing ')' in method call. | L935:461 Unexpected token 'if' in expression or statement. | L935:500 The string is missing the terminator: "". | L935:499 Missing closing '}' in statement block or type definition. | L935:505 Missing closing ')' in subexpression. | L942:60 Missing ')' in method call. | L942:60 Unexpected token 'if' in expression or statement. | L942:216 Missing ')' in method call. | L942:216 Unexpected token 'if' in expression or statement. | L947:60 Missing ')' in method call. | L947:60 Unexpected token 'if' in expression or statement. | L947:150 Missing ')' in method call. | L947:150 Unexpected token 'if' in expression or statement. | L952:56 Missing ')' in method call. | L952:56 Unexpected token 'if' in expression or statement. | L869:24 Missing closing '}' in statement block or type definition. | L952:93 Unexpected token ')' in expression or statement. | L1259:1 Unexpected token '}' in expression or statement.","C:\Users\tonyk\OneDrive\VeritasIntelligenceAnalytics\module\VCNC\VIA_VEGN_Step1_v32.ps1"
"2026-06-11T20:29:18.308+08:00","PowerShell Parse","SEQUENTIAL_REQUIRED","P0","HIGH","Repair one PS file at a time after backup.","L910:78 Unexpected token '''' in expression or statement. | L910:78 Missing closing ')' in expression. | L910:78 Missing ')' in method call. | L910:17 Missing closing '}' in statement block or type definition. | L888:23 Missing closing '}' in statement block or type definition. | L910:80 Unexpected token ')' in expression or statement. | L910:81 Unexpected token ')' in expression or statement. | L910:82 Unexpected token '}' in expression or statement. | L912:25 Unexpected token '''' in expression or statement. | L912:25 Missing closing ')' in expression. | L911:16 Missing closing '}' in statement block or type definition. | L912:27 Unexpected token ')' in expression or statement. | L915:5 Unexpected token '}' in expression or statement. | L963:62 Missing ')' in method call. | L963:62 Unexpected token 'if' in expression or statement. | L963:99 Unexpected token ')' in expression or statement. | L1083:1 Unexpected token '}' in expression or statement.","C:\Users\tonyk\OneDrive\VeritasIntelligenceAnalytics\module\VCNC\VIA_VEGN_Step1_v33.ps1"
"2026-06-11T20:29:18.308+08:00","PowerShell Parse","SEQUENTIAL_REQUIRED","P0","HIGH","Repair one PS file at a time after backup.","L910:78 Unexpected token '''' in expression or statement. | L910:78 Missing closing ')' in expression. | L910:78 Missing ')' in method call. | L910:17 Missing closing '}' in statement block or type definition. | L888:23 Missing closing '}' in statement block or type definition. | L910:80 Unexpected token ')' in expression or statement. | L910:81 Unexpected token ')' in expression or statement. | L910:82 Unexpected token '}' in expression or statement. | L912:25 Unexpected token '''' in expression or statement. | L912:25 Missing closing ')' in expression. | L911:16 Missing closing '}' in statement block or type definition. | L912:27 Unexpected token ')' in expression or statement. | L915:5 Unexpected token '}' in expression or statement. | L963:62 Missing ')' in method call. | L963:62 Unexpected token 'if' in expression or statement. | L963:99 Unexpected token ')' in expression or statement. | L1083:1 Unexpected token '}' in expression or statement.","C:\Users\tonyk\OneDrive\VeritasIntelligenceAnalytics\module\VCNC\VIA_VEGN_Step1_v33_fixed.ps1"
"2026-06-11T20:29:18.309+08:00","PowerShell Parse","SEQUENTIAL_REQUIRED","P0","HIGH","Repair one PS file at a time after backup.","L88:43 Missing closing '}' in statement block or type definition. | L86:32 Missing closing '}' in statement block or type definition. | L94:10 Unexpected token ')' in expression or statement. | L95:5 Unexpected token '}' in expression or statement. | L98:1 Unexpected token '}' in expression or statement. | L1138:2 Unexpected token ')' in expression or statement.","C:\Users\tonyk\OneDrive\VeritasIntelligenceAnalytics\module\VGF\vgf_mdl_001_supreme_v_2_one_paste.ps1"
"2026-06-11T20:29:18.309+08:00","PowerShell Parse","SEQUENTIAL_REQUIRED","P0","HIGH","Repair one PS file at a time after backup.","L68:25 Missing closing '}' in statement block or type definition. | L52:27 Missing closing '}' in statement block or type definition. | L71:19 Unexpected token ')' in expression or statement. | L72:5 Unexpected token '}' in expression or statement. | L73:1 Unexpected token '}' in expression or statement. | L102:27 Missing closing '}' in statement block or type definition. | L109:6 Unexpected token ')' in expression or statement. | L110:1 Unexpected token '}' in expression or statement. | L114:43 Missing closing '}' in statement block or type definition. | L112:32 Missing closing '}' in statement block or type definition. | L120:10 Unexpected token ')' in expression or statement. | L121:5 Unexpected token '}' in expression or statement. | L124:1 Unexpected token '}' in expression or statement. | L270:2 Unexpected token ')' in expression or statement.","C:\Users\tonyk\OneDrive\VeritasIntelligenceAnalytics\module\VGF\vgf_mdl_005_one_paste_power_shell_launcher_ultra.ps1"
"2026-06-11T20:29:18.309+08:00","PowerShell Parse","SEQUENTIAL_REQUIRED","P0","HIGH","Repair one PS file at a time after backup.","L146:26 Missing closing '}' in statement block or type definition. | L290:6 Unexpected token ')' in expression or statement. | L291:1 Unexpected token '}' in expression or statement. | L297:26 Missing closing '}' in statement block or type definition. | L353:6 Unexpected token ')' in expression or statement. | L354:1 Unexpected token '}' in expression or statement. | L1610:26 Missing closing '}' in statement block or type definition. | L1628:6 Unexpected token ')' in expression or statement. | L1646:35 Missing closing '}' in statement block or type definition. | L1651:10 Unexpected token ')' in expression or statement. | L1768:75 Missing closing '}' in statement block or type definition. | L1661:13 Missing closing '}' in statement block or type definition. | L1773:27 The Try statement is missing its Catch or Finally block. | L1773:27 Unexpected token ')' in expression or statement. | L1790:13 Unexpected token '}' in expression or statement. | L1793:76 Unexpected token '{' in expression or statement. | L1827:55 Missing closing '}' in statement block or type definition. | L1826:25 Missing closing '}' in statement block or type definition. | L1793:76 Missing closing '}' in statement block or type definition. | L1827:64 Unexpected token ')' in expression or statement. | L1827:65 Unexpected token '}' in expression or statement. | L1828:17 Unexpected token '}' in expression or statement. | L1829:13 Unexpected token '}' in expression or statement. | L1832:70 Unexpected token '{' in expression or statement. | L1843:78 Unexpected token '{' in expression or statement. | L1878:9 Unexpected token '}' in expression or statement. | L1880:17 Missing closing '}' in statement block or type definition. | L1880:73 The Try statement is missing its Catch or Finally block. | L1878:17 Missing closing '}' in statement block or type definition. | L1880:73 Unexpected token ')' in expression or statement. | L1880:91 Unexpected token '}' in expression or statement. | L1880:101 Unexpected token ')' in expression or statement. | L1881:9 Unexpected token '}' in expression or statement. | L1882:5 Unexpected token '}' in expression or statement. | L1886:1 Unexpected token '}' in expression or statement. | L13:26 The assignment expression is not valid. The input to an assignment operator must be an object that is able to accept assignments, such as a variable or a property. | L14:26 The assignment expression is not valid. The input to an assignment operator must be an object that is able to accept assignments, such as a variable or a property.","C:\Users\tonyk\OneDrive\VeritasIntelligenceAnalytics\module\VGF\VGF_Supreme_Launcher.ps1"
"2026-06-11T20:29:18.309+08:00","PowerShell Parse","SEQUENTIAL_REQUIRED","P0","HIGH","Repair one PS file at a time after backup.","L46:19 Missing closing '}' in statement block or type definition. | L51:15 Unexpected token ')' in expression or statement. | L52:1 Unexpected token '}' in expression or statement. | L73:24 Missing closing '}' in statement block or type definition. | L158:6 Unexpected token ')' in expression or statement. | L159:1 Unexpected token '}' in expression or statement. | L1565:23 Missing closing '}' in statement block or type definition. | L1579:6 Unexpected token ')' in expression or statement. | L1597:35 Missing closing '}' in statement block or type definition. | L1599:62 Unexpected token ')' in expression or statement. | L1690:75 Missing closing '}' in statement block or type definition. | L1610:13 Missing closing '}' in statement block or type definition. | L1695:27 The Try statement is missing its Catch or Finally block. | L1695:27 Unexpected token ')' in expression or statement. | L1706:13 Unexpected token '}' in expression or statement. | L1709:76 Unexpected token '{' in expression or statement. | L1719:70 Unexpected token '{' in expression or statement. | L1726:78 Unexpected token '{' in expression or statement. | L1737:9 Unexpected token '}' in expression or statement. | L1739:17 Missing closing '}' in statement block or type definition. | L1739:57 The Try statement is missing its Catch or Finally block. | L1737:17 Missing closing '}' in statement block or type definition. | L1739:57 Unexpected token ')' in expression or statement. | L1739:63 Unexpected token '}' in expression or statement. | L1739:73 Unexpected token ')' in expression or statement. | L1740:9 Unexpected token '}' in expression or statement. | L1741:5 Unexpected token '}' in expression or statement. | L1745:1 Unexpected token '}' in expression or statement.","C:\Users\tonyk\OneDrive\VeritasIntelligenceAnalytics\module\VGF\VGF_Supreme_v3.ps1"
"2026-06-11T20:29:18.309+08:00","PowerShell Parse","SEQUENTIAL_REQUIRED","P0","HIGH","Repair one PS file at a time after backup.","L42:10 Unexpected token ':ViaBase' in expression or statement. | L43:10 Unexpected token ':Stamp' in expression or statement. | L44:10 Unexpected token ':RunId' in expression or statement. | L44:42 Unexpected token ':Stamp' in expression or statement. | L45:10 Unexpected token ':ModuleDirs' in expression or statement. | L51:10 Unexpected token ':VegnDir' in expression or statement. | L52:10 Unexpected token ':OutputRoot' in expression or statement. | L53:10 Unexpected token ':LogDir' in expression or statement. | L54:10 Unexpected token ':RegDir' in expression or statement. | L55:10 Unexpected token ':HtmlOut' in expression or statement. | L56:10 Unexpected token ':JsonOut' in expression or statement. | L57:10 Unexpected token ':ParquetReg' in expression or statement. | L58:10 Unexpected token ':LogFile' in expression or statement. | L61:10 Unexpected token ':ViaEnvs' in expression or statement. | L70:10 Unexpected token ':EcosystemMap' in expression or statement. | L98:10 Unexpected token ':ConflictMatrix' in expression or statement. | L157:31 Unexpected token ':OutputRoot' in expression or statement. | L157:42 Missing argument in parameter list. | L185:33 Missing closing '}' in statement block or type definition. | L177:21 Missing closing '}' in statement block or type definition. | L22:3 Missing closing '}' in statement block or type definition. | L192:19 Unexpected token ')' in expression or statement. | L193:5 Unexpected token '}' in expression or statement. | L195:1 Unexpected token '}' in expression or statement. | L419:32 Unexpected token ':ModuleDirs' in expression or statement. | L422:36 Unexpected token ':VegnDir' in expression or statement. | L425:18 Unexpected token ':VegnDir' in expression or statement. | L425:18 Missing closing ')' after expression in 'if' statement. | L198:30 Missing closing '}' in statement block or type definition. | L425:82 Unexpected token ')' in expression or statement. | L426:35 Unexpected token ':VegnDir' in expression or statement. | L429:58 Unexpected token ':ViaBase' in expression or statement. | L439:1 Unexpected token '}' in expression or statement. | L514:26 Unexpected token ':ViaEnvs' in expression or statement. | L667:30 Unexpected token ':ConflictMatrix' in expression or statement. | L667:30 Missing closing ')' after expression part of foreach loop.
The correct form is: foreach ($a in $b) {...} | L629:30 Missing closing '}' in statement block or type definition. | L667:45 Unexpected token ')' in expression or statement. | L707:1 Unexpected token '}' in expression or statement. | L767:56 Unexpected token ':ParquetReg' in expression or statement. | L767:67 Missing argument in parameter list. | L878:40 Unexpected token ':RunId' in expression or statement. | L992:68 Unexpected token ':RunId' in expression or statement. | L993:63 Unexpected token ':ViaBase' in expression or statement. | L1276:22 Unexpected token ':RunId' in expression or statement. | L1276:65 Unexpected token ':ViaBase' in expression or statement. | L1311:36 Unexpected token ':ViaBase' in expression or statement. | L1312:46 Unexpected token ':RunId' in expression or statement. | L1352:21 Unexpected token ':RunId' in expression or statement. | L1351:30 Missing closing '}' in statement block or type definition. | L1356:1 Unexpected token '}' in expression or statement. | L1372:47 Unexpected token ':RunId' in expression or statement. | L1374:53 Unexpected token ':ViaEnvs.Count' in expression or statement. | L1374:53 Missing closing ')' in expression. | L1374:67 Unexpected token ')' in expression or statement. | L1376:31 Unexpected token ':ParquetReg' in expression or statement. | L1377:32 Unexpected token ':HtmlOut' in expression or statement. | L1386:1 Unexpected token '}' in expression or statement. | L1387:1 Unexpected token '}' in expression or statement. | L1387:2 Unexpected token '}' in expression or statement. | L71:5 The assignment expression is not valid. The input to an assignment operator must be an object that is able to accept assignments, such as a variable or a property. | L80:5 The assignment expression is not valid. The input to an assignment operator must be an object that is able to accept assignments, such as a variable or a property. | L81:5 The assignment expression is not valid. The input to an assignment operator must be an object that is able to accept assignments, such as a variable or a property. | L82:5 The assignment expression is not valid. The input to an assignment operator must be an object that is able to accept assignments, such as a variable or a property. | L86:5 The assignment expression is not valid. The input to an assignment operator must be an object that is able to accept assignments, such as a variable or a property. | L90:5 The assignment expression is not valid. The input to an assignment operator must be an object that is able to accept assignments, such as a variable or a property. | L91:5 The assignment expression is not valid. The input to an assignment operator must be an object that is able to accept assignments, such as a variable or a property. | L92:5 The assignment expression is not valid. The input to an assignment operator must be an object that is able to accept assignments, such as a variable or a property. | L93:5 The assignment expression is not valid. The input to an assignment operator must be an object that is able to accept assignments, such as a variable or a property. | L94:5 The assignment expression is not valid. The input to an assignment operator must be an object that is able to accept assignments, such as a variable or a property.","C:\Users\tonyk\OneDrive\VeritasIntelligenceAnalytics\module\VGF\VIA_VEGN_Deploy_v1.ps1"
"2026-06-11T20:29:18.310+08:00","PowerShell Parse","SEQUENTIAL_REQUIRED","P0","HIGH","Repair one PS file at a time after backup.","L11:23 The assignment expression is not valid. The input to an assignment operator must be an object that is able to accept assignments, such as a variable or a property. | L12:23 The assignment expression is not valid. The input to an assignment operator must be an object that is able to accept assignments, such as a variable or a property. | L13:24 The assignment expression is not valid. The input to an assignment operator must be an object that is able to accept assignments, such as a variable or a property.","C:\Users\tonyk\OneDrive\VeritasIntelligenceAnalytics\module\VIA Toolkit\VDF_Launch_Master.ps1"
"2026-06-11T20:29:18.310+08:00","PowerShell Parse","SEQUENTIAL_REQUIRED","P0","HIGH","Repair one PS file at a time after backup.","L246:53 Missing closing ')' in expression. | L247:13 Unexpected token '-Suggestion' in expression or statement. | L247:24 Missing ')' in method call. | L247:25 Unexpected token '""補上 # [VIA:ANCHOR:$aid`:END]""' in expression or statement. | L239:36 Missing closing '}' in statement block or type definition. | L203:37 Missing closing '}' in statement block or type definition. | L249:71 Unexpected token ')' in expression or statement. | L249:72 Unexpected token ')' in expression or statement. | L250:5 Unexpected token '}' in expression or statement. | L256:64 Missing closing ')' in expression. | L257:13 Unexpected token '-Suggestion' in expression or statement. | L257:24 Missing ')' in method call. | L257:25 Unexpected token '""在 AI 撰寫區頂部加入完整的 MODULE_SPEC。""' in expression or statement. | L253:53 Missing closing '}' in statement block or type definition. | L258:70 Unexpected token ')' in expression or statement. | L258:71 Unexpected token ')' in expression or statement. | L259:5 Unexpected token '}' in expression or statement. | L270:79 Missing closing ')' in expression. | L271:29 Unexpected token '-Suggestion' in expression or statement. | L271:40 Missing ')' in method call. | L271:41 Unexpected token '""在 MODULE_SPEC 內加入 '# $($sf.F): <值>'""' in expression or statement. | L266:57 Missing closing '}' in statement block or type definition. | L265:54 Missing closing '}' in statement block or type definition. | L264:85 Missing closing '}' in statement block or type definition. | L261:45 Missing closing '}' in statement block or type definition. | L259:12 Missing closing '}' in statement block or type definition. | L272:92 Unexpected token ')' in expression or statement. | L272:93 Unexpected token ')' in expression or statement. | L273:21 Unexpected token '}' in expression or statement. | L274:17 Unexpected token '}' in expression or statement. | L276:13 Unexpected token '}' in expression or statement. | L280:9 Unexpected token '}' in expression or statement. | L281:5 Unexpected token '}' in expression or statement. | L303:104 Missing closing ')' in expression. | L304:25 Unexpected token '-Suggestion' in expression or statement. | L304:36 Missing ')' in method call. | L304:37 Unexpected token '(' in expression or statement. | L294:40 Missing closing '}' in statement block or type definition. | L293:50 Missing closing '}' in statement block or type definition. | L291:45 Missing closing '}' in statement block or type definition. | L284:25 Missing closing '}' in statement block or type definition. | L306:122 Unexpected token ')' in expression or statement. | L306:123 Unexpected token ')' in expression or statement. | L308:17 Unexpected token '}' in expression or statement. | L309:13 Unexpected token '}' in expression or statement. | L310:9 Unexpected token '}' in expression or statement. | L314:84 Missing closing ')' in expression. | L315:17 Unexpected token '-AutoFixable' in expression or statement. | L315:29 Missing ')' in method call. | L315:30 Unexpected token '$false' in expression or statement. | L315:37 Unexpected token '-AINextInfo' in expression or statement. | L315:49 Unexpected token '""沒有 def。A04 要求 ≥1 個函式。""' in expression or statement. | L311:32 Missing closing '}' in statement block or type definition. | L315:72 Unexpected token ')' in expression or statement. | L315:73 Unexpected token ')' in expression or statement. | L316:9 Unexpected token '}' in expression or statement. | L317:5 Unexpected token '}' in expression or statement. | L329:51 Missing closing ')' in expression. | L330:25 Unexpected token '-Suggestion' in expression or statement. | L330:36 Missing ')' in method call. | L330:37 Unexpected token '""人工審查 '$cmd'，合併前確認必要性。""' in expression or statement. | L324:54 Missing closing '}' in statement block or type definition. | L323:54 Missing closing '}' in statement block or type definition. | L321:45 Missing closing '}' in statement block or type definition. | L320:25 Missing closing '}' in statement block or type definition. | L331:87 Unexpected token ')' in expression or statement. | L331:88 Unexpected token ')' in expression or statement. | L333:17 Unexpected token '}' in expression or statement. | L334:13 Unexpected token '}' in expression or statement. | L335:9 Unexpected token '}' in expression or statement. | L336:5 Unexpected token '}' in expression or statement. | L337:1 Unexpected token '}' in expression or statement. | L381:97 Missing closing ')' in expression. | L382:17 Unexpected token '-Suggestion' in expression or statement. | L382:28 Missing ')' in method call. | L382:29 Unexpected token '""修正 L$ln 的 PS 語法錯誤。常見：括號未閉合、param block 錯誤。""' in expression or statement. | L375:30 Missing closing '}' in statement block or type definition. | L371:9 Missing closing '}' in statement block or type definition. | L383:119 The Try statement is missing its Catch or Finally block. | L348:30 Missing closing '}' in statement block or type definition. | L383:119 Unexpected token ')' in expression or statement. | L383:120 Unexpected token ')' in expression or statement. | L384:9 Unexpected token '}' in expression or statement. | L387:5 Unexpected token '}' in expression or statement. | L402:1 Unexpected token '}' in expression or statement.","C:\Users\tonyk\OneDrive\VeritasIntelligenceAnalytics\module\VIA Toolkit\VIA_FusionEngine.ps1"
"2026-06-11T20:29:18.310+08:00","PowerShell Parse","SEQUENTIAL_REQUIRED","P0","HIGH","Repair one PS file at a time after backup.","L195:9 Variable reference is not valid. ':' was not followed by a valid variable name character. Consider using ${} to delimit the name. | L25:31 The assignment expression is not valid. The input to an assignment operator must be an object that is able to accept assignments, such as a variable or a property. | L26:31 The assignment expression is not valid. The input to an assignment operator must be an object that is able to accept assignments, such as a variable or a property. | L27:31 The assignment expression is not valid. The input to an assignment operator must be an object that is able to accept assignments, such as a variable or a property. | L28:31 The assignment expression is not valid. The input to an assignment operator must be an object that is able to accept assignments, such as a variable or a property. | L29:31 The assignment expression is not valid. The input to an assignment operator must be an object that is able to accept assignments, such as a variable or a property. | L33:31 The assignment expression is not valid. The input to an assignment operator must be an object that is able to accept assignments, such as a variable or a property. | L36:31 The assignment expression is not valid. The input to an assignment operator must be an object that is able to accept assignments, such as a variable or a property. | L37:31 The assignment expression is not valid. The input to an assignment operator must be an object that is able to accept assignments, such as a variable or a property. | L38:31 The assignment expression is not valid. The input to an assignment operator must be an object that is able to accept assignments, such as a variable or a property. | L313:9 Expression is not allowed in a Using expression.","C:\Users\tonyk\OneDrive\VeritasIntelligenceAnalytics\module\VIA Toolkit\VIA_Integrated_Supreme_v1_r2.ps1"
"2026-06-11T20:29:18.311+08:00","PowerShell Parse","SEQUENTIAL_REQUIRED","P0","HIGH","Repair one PS file at a time after backup.","L13:27 The assignment expression is not valid. The input to an assignment operator must be an object that is able to accept assignments, such as a variable or a property. | L14:27 The assignment expression is not valid. The input to an assignment operator must be an object that is able to accept assignments, such as a variable or a property. | L15:27 The assignment expression is not valid. The input to an assignment operator must be an object that is able to accept assignments, such as a variable or a property.","C:\Users\tonyk\OneDrive\VeritasIntelligenceAnalytics\module\VIA Toolkit\VIA_LibRegistry_Install_v2.ps1"
"2026-06-11T20:29:18.311+08:00","PowerShell Parse","SEQUENTIAL_REQUIRED","P0","HIGH","Repair one PS file at a time after backup.","L354:44 Variable reference is not valid. ':' was not followed by a valid variable name character. Consider using ${} to delimit the name. | L1136:126 Variable reference is not valid. ':' was not followed by a valid variable name character. Consider using ${} to delimit the name. | L1218:29 Variable reference is not valid. ':' was not followed by a valid variable name character. Consider using ${} to delimit the name.","C:\Users\tonyk\OneDrive\VeritasIntelligenceAnalytics\module\VIA Toolkit\VIA_QuadEngine_Supreme.ps1"
"2026-06-11T20:29:18.311+08:00","PowerShell Parse","SEQUENTIAL_REQUIRED","P0","HIGH","Repair one PS file at a time after backup.","L631:28 Missing ')' in method call. | L628:9 Expressions are only allowed as the first element of a pipeline. | L618:22 Missing closing '}' in statement block or type definition. | L632:9 Unexpected token ')' in expression or statement. | L709:1 Unexpected token '}' in expression or statement.","C:\Users\tonyk\OneDrive\VeritasIntelligenceAnalytics\VeritasGlyphForge\新增資料夾\VIA_PipGov_v1.ps1"
"2026-06-11T20:29:18.312+08:00","PowerShell Parse","SEQUENTIAL_REQUIRED","P0","HIGH","Repair one PS file at a time after backup.","L265:17 Unexpected token '{' in expression or statement. | L265:28 Unexpected token '"".psm1""' in expression or statement. | L265:36 Unexpected token '{' in expression or statement. | L265:47 Unexpected token '"".psd1""' in expression or statement. | L265:55 Unexpected token '{' in expression or statement. | L266:17 Unexpected token '{' in expression or statement. | L266:28 Unexpected token '"".js""' in expression or statement. | L266:36 Unexpected token '{' in expression or statement. | L266:47 Unexpected token '"".ts""' in expression or statement. | L266:55 Unexpected token '{' in expression or statement. | L267:17 Unexpected token '{' in expression or statement. | L267:28 Unexpected token '"".htm""' in expression or statement. | L267:36 Unexpected token '{' in expression or statement. | L267:47 Unexpected token '"".json""' in expression or statement. | L267:55 Unexpected token '{' in expression or statement. | L604:19 Unexpected token '{' in expression or statement. | L604:27 Unexpected token '"".psm1""' in expression or statement. | L604:34 Unexpected token '{' in expression or statement. | L604:41 Unexpected token '"".psd1""' in expression or statement. | L604:48 Unexpected token '{' in expression or statement. | L604:55 Unexpected token '"".py""' in expression or statement. | L604:60 Unexpected token '{' in expression or statement. | L604:67 Unexpected token '"".js""' in expression or statement. | L604:72 Unexpected token '{' in expression or statement. | L604:79 Unexpected token '"".ts""' in expression or statement. | L604:84 Unexpected token '{' in expression or statement. | L605:20 Unexpected token '{' in expression or statement. | L605:29 Unexpected token '"".htm""' in expression or statement. | L605:35 Unexpected token '{' in expression or statement. | L605:44 Unexpected token '"".json""' in expression or statement. | L605:51 Unexpected token '{' in expression or statement. | L605:60 Unexpected token 'default' in expression or statement. | L592:20 Missing closing '}' in statement block or type definition. | L2830:28 The assignment expression is not valid. The input to an assignment operator must be an object that is able to accept assignments, such as a variable or a property. | L2831:28 The assignment expression is not valid. The input to an assignment operator must be an object that is able to accept assignments, such as a variable or a property. | L2832:28 The assignment expression is not valid. The input to an assignment operator must be an object that is able to accept assignments, such as a variable or a property.","C:\Users\tonyk\OneDrive\VeritasIntelligenceAnalytics\VeritasGlyphForge\新增資料夾\VIA_Supreme_v12_Unified (1).ps1"
"2026-06-11T20:29:18.312+08:00","PowerShell Parse","SEQUENTIAL_REQUIRED","P0","HIGH","Repair one PS file at a time after backup.","L622:2 The Try statement is missing its Catch or Finally block. | L542:25 Missing closing '}' in statement block or type definition. | L1018:11 The ordered attribute can be specified only on a hash literal node. | L1054:11 The ordered attribute can be specified only on a hash literal node. | L1148:9 The ordered attribute can be specified only on a hash literal node. | L1151:9 The ordered attribute can be specified only on a hash literal node.","C:\Users\tonyk\OneDrive\VeritasIntelligenceAnalytics\VeritasGlyphForge_Supreme_v2\vgf_supreme\VIA_UltimateGovernance_v5_Supreme.ps1"
"2026-06-11T20:29:18.312+08:00","PowerShell Parse","SEQUENTIAL_REQUIRED","P0","HIGH","Repair one PS file at a time after backup.","L622:2 The Try statement is missing its Catch or Finally block. | L542:25 Missing closing '}' in statement block or type definition. | L1018:11 The ordered attribute can be specified only on a hash literal node. | L1054:11 The ordered attribute can be specified only on a hash literal node. | L1148:9 The ordered attribute can be specified only on a hash literal node. | L1151:9 The ordered attribute can be specified only on a hash literal node.","C:\Users\tonyk\OneDrive\VeritasIntelligenceAnalytics\module\supportive_module\others\VIA_UltimateGovernance_v5_Supreme.ps1"
"2026-06-11T20:29:18.313+08:00","PowerShell Parse","SEQUENTIAL_REQUIRED","P0","HIGH","Repair one PS file at a time after backup.","L826:26 Variable reference is not valid. ':' was not followed by a valid variable name character. Consider using ${} to delimit the name.","C:\Users\tonyk\OneDrive\VeritasIntelligenceAnalytics\module\supportive_module\others\VIA_VEGN_Deploy_v1.ps1"
"2026-06-11T20:29:18.313+08:00","PowerShell Parse","SEQUENTIAL_REQUIRED","P0","HIGH","Repair one PS file at a time after backup.","L906:148 Missing ')' in method call. | L906:148 Unexpected token 'if' in expression or statement. | L911:88 Missing ')' in method call. | L911:88 Unexpected token 'if' in expression or statement. | L911:129 The string is missing the terminator: "". | L911:128 Missing closing '}' in statement block or type definition. | L911:134 Missing closing ')' in subexpression. | L911:225 Missing ')' in method call. | L911:225 Unexpected token 'if' in expression or statement. | L911:268 The string is missing the terminator: "". | L911:267 Missing closing '}' in statement block or type definition. | L911:273 Missing closing ')' in subexpression. | L911:324 Missing ')' in method call. | L911:324 Unexpected token 'if' in expression or statement. | L911:359 The string is missing the terminator: "". | L911:358 Missing closing '}' in statement block or type definition. | L911:364 Missing closing ')' in subexpression. | L911:637 Missing ')' in method call. | L911:637 Unexpected token 'if' in expression or statement. | L911:668 The string is missing the terminator: "". | L911:667 Missing closing '}' in statement block or type definition. | L911:673 Missing closing ')' in subexpression. | L911:713 Missing ')' in method call. | L911:713 Unexpected token 'if' in expression or statement. | L911:744 The string is missing the terminator: "". | L911:743 Missing closing '}' in statement block or type definition. | L911:749 Missing closing ')' in subexpression. | L911:866 The string is missing the terminator: "". | L911:865 Missing closing '}' in statement block or type definition. | L911:890 Missing closing ')' in expression. | L911:890 Missing ')' in method call. | L911:890 Missing closing ')' in subexpression. | L911:965 Missing ')' in method call. | L911:965 Unexpected token 'if' in expression or statement. | L911:1012 The string is missing the terminator: "". | L911:1011 Missing closing '}' in statement block or type definition. | L911:1017 Missing closing ')' in subexpression. | L911:1086 Missing ')' in method call. | L911:1086 Unexpected token 'if' in expression or statement. | L911:1258 The string is missing the terminator: "". | L911:1257 Missing closing '}' in statement block or type definition. | L911:1279 Missing closing ')' in expression. | L911:1279 Missing ')' in method call. | L911:1279 Missing closing ')' in subexpression. | L915:60 Missing ')' in method call. | L915:60 Unexpected token 'if' in expression or statement. | L915:95 The string is missing the terminator: "". | L915:94 Missing closing '}' in statement block or type definition. | L915:100 Missing closing ')' in subexpression. | L915:179 Missing ')' in method call. | L915:179 Unexpected token 'if' in expression or statement. | L915:214 The string is missing the terminator: "". | L915:213 Missing closing '}' in statement block or type definition. | L915:219 Missing closing ')' in subexpression. | L915:267 Missing ')' in method call. | L915:267 Unexpected token 'if' in expression or statement. | L915:314 The string is missing the terminator: "". | L915:313 Missing closing '}' in statement block or type definition. | L915:319 Missing closing ')' in subexpression. | L926:60 Missing ')' in method call. | L926:60 Unexpected token 'if' in expression or statement. | L931:60 Missing ')' in method call. | L931:60 Unexpected token 'if' in expression or statement. | L931:95 The string is missing the terminator: "". | L931:94 Missing closing '}' in statement block or type definition. | L931:100 Missing closing ')' in subexpression. | L931:179 Missing ')' in method call. | L931:179 Unexpected token 'if' in expression or statement. | L931:214 The string is missing the terminator: "". | L931:213 Missing closing '}' in statement block or type definition. | L931:219 Missing closing ')' in subexpression. | L931:429 Missing ')' in method call. | L931:429 Unexpected token 'if' in expression or statement. | L931:476 The string is missing the terminator: "". | L931:475 Missing closing '}' in statement block or type definition. | L931:481 Missing closing ')' in subexpression. | L931:550 Missing ')' in method call. | L931:550 Unexpected token 'if' in expression or statement. | L931:589 The string is missing the terminator: "". | L931:588 Missing closing '}' in statement block or type definition. | L931:594 Missing closing ')' in subexpression. | L931:686 Missing ')' in method call. | L931:686 Unexpected token 'if' in expression or statement. | L931:725 The string is missing the terminator: "". | L931:724 Missing closing '}' in statement block or type definition. | L931:730 Missing closing ')' in subexpression. | L935:60 Missing ')' in method call. | L935:60 Unexpected token 'if' in expression or statement. | L935:103 The string is missing the terminator: "". | L935:102 Missing closing '}' in statement block or type definition. | L935:108 Missing closing ')' in subexpression. | L935:180 Missing ')' in method call. | L935:180 Unexpected token 'if' in expression or statement. | L935:219 The string is missing the terminator: "". | L935:218 Missing closing '}' in statement block or type definition. | L935:224 Missing closing ')' in subexpression. | L935:316 Missing ')' in method call. | L935:316 Unexpected token 'if' in expression or statement. | L935:355 The string is missing the terminator: "". | L935:354 Missing closing '}' in statement block or type definition. | L935:360 Missing closing ')' in subexpression. | L935:461 Missing ')' in method call. | L935:461 Unexpected token 'if' in expression or statement. | L935:500 The string is missing the terminator: "". | L935:499 Missing closing '}' in statement block or type definition. | L935:505 Missing closing ')' in subexpression. | L942:60 Missing ')' in method call. | L942:60 Unexpected token 'if' in expression or statement. | L942:216 Missing ')' in method call. | L942:216 Unexpected token 'if' in expression or statement. | L947:60 Missing ')' in method call. | L947:60 Unexpected token 'if' in expression or statement. | L947:150 Missing ')' in method call. | L947:150 Unexpected token 'if' in expression or statement. | L952:56 Missing ')' in method call. | L952:56 Unexpected token 'if' in expression or statement. | L869:24 Missing closing '}' in statement block or type definition. | L952:93 Unexpected token ')' in expression or statement. | L1259:1 Unexpected token '}' in expression or statement.","C:\Users\tonyk\OneDrive\VeritasIntelligenceAnalytics\module\supportive_module\others\VIA_VEGN_Step1_v32.ps1"
"2026-06-11T20:29:18.313+08:00","PowerShell Parse","SEQUENTIAL_REQUIRED","P0","HIGH","Repair one PS file at a time after backup.","L25:25 The assignment expression is not valid. The input to an assignment operator must be an object that is able to accept assignments, such as a variable or a property. | L26:28 The assignment expression is not valid. The input to an assignment operator must be an object that is able to accept assignments, such as a variable or a property. | L27:27 The assignment expression is not valid. The input to an assignment operator must be an object that is able to accept assignments, such as a variable or a property. | L28:29 The assignment expression is not valid. The input to an assignment operator must be an object that is able to accept assignments, such as a variable or a property. | L29:34 The assignment expression is not valid. The input to an assignment operator must be an object that is able to accept assignments, such as a variable or a property. | L30:25 The assignment expression is not valid. The input to an assignment operator must be an object that is able to accept assignments, such as a variable or a property. | L31:28 The assignment expression is not valid. The input to an assignment operator must be an object that is able to accept assignments, such as a variable or a property.","C:\Users\tonyk\OneDrive\VeritasIntelligenceAnalytics\module\VCNC\VEGN\VIA_UCES_Controller_v1.ps1"
"2026-06-11T20:29:18.313+08:00","PowerShell Parse","SEQUENTIAL_REQUIRED","P0","HIGH","Repair one PS file at a time after backup.","L622:2 The Try statement is missing its Catch or Finally block. | L542:25 Missing closing '}' in statement block or type definition. | L1018:11 The ordered attribute can be specified only on a hash literal node. | L1054:11 The ordered attribute can be specified only on a hash literal node. | L1148:9 The ordered attribute can be specified only on a hash literal node. | L1151:9 The ordered attribute can be specified only on a hash literal node.","C:\Users\tonyk\OneDrive\VeritasIntelligenceAnalytics\module\VCNC\VEGN\VIA_UltimateGovernance_v5_Supreme.ps1"
"2026-06-11T20:29:18.314+08:00","PowerShell Parse","SEQUENTIAL_REQUIRED","P0","HIGH","Repair one PS file at a time after backup.","L1107:97 Use `{ instead of { in variable names. | L1361:48 Use `{ instead of { in variable names. | L1362:51 Use `{ instead of { in variable names. | L1362:146 Use `{ instead of { in variable names.","C:\Users\tonyk\OneDrive\VeritasIntelligenceAnalytics\module\VCNC\VEGN\VIA_VEGN_Step1_v2.ps1"
"2026-06-11T20:29:18.314+08:00","PowerShell Parse","SEQUENTIAL_REQUIRED","P0","HIGH","Repair one PS file at a time after backup.","L3:1 A 'using' statement must appear before any other statements in a script. | L4:1 A 'using' statement must appear before any other statements in a script.","C:\Users\tonyk\OneDrive\VeritasIntelligenceAnalytics\module\VCNC\VEGN\VIA_VEGN_Step1_v2_fixed.patched2.ps1"
"2026-06-11T20:29:18.314+08:00","PowerShell Parse","SEQUENTIAL_REQUIRED","P0","HIGH","Repair one PS file at a time after backup.","L3:1 A 'using' statement must appear before any other statements in a script. | L4:1 A 'using' statement must appear before any other statements in a script.","C:\Users\tonyk\OneDrive\VeritasIntelligenceAnalytics\module\VCNC\VEGN\VIA_VEGN_Step1_v2_fixed.ps1"
"2026-06-11T20:29:18.314+08:00","PowerShell Parse","SEQUENTIAL_REQUIRED","P0","HIGH","Repair one PS file at a time after backup.","L40:34 Missing file specification after redirection operator. | L40:33 The '<' operator is reserved for future use. | L46:1 Unexpected attribute 'CmdletBinding'. | L47:1 Unexpected token 'param' in expression or statement. | L49:23 The assignment expression is not valid. The input to an assignment operator must be an object that is able to accept assignments, such as a variable or a property.","C:\Users\tonyk\OneDrive\VeritasIntelligenceAnalytics\module\VRN\新增資料夾\Invoke-VRN-Activate-And-Validate.ps1"
"2026-06-11T20:29:18.315+08:00","PowerShell Parse","SEQUENTIAL_REQUIRED","P0","HIGH","Repair one PS file at a time after backup.","L1035:13 The string is missing the terminator: '@.","C:\Users\tonyk\OneDrive\VeritasIntelligenceAnalytics\VeritasGlyphForge\_backup\20260327_035101\VeritasGlyphForge_AllInOne.ps1"
"2026-06-11T20:29:18.315+08:00","PowerShell Parse","SEQUENTIAL_REQUIRED","P0","HIGH","Repair one PS file at a time after backup.","L1040:13 The string is missing the terminator: '@.","C:\Users\tonyk\OneDrive\VeritasIntelligenceAnalytics\VeritasGlyphForge\_backup\20260327_055019\VeritasGlyphForge_AllInOne.ps1"
"2026-06-11T20:29:18.315+08:00","PowerShell Parse","SEQUENTIAL_REQUIRED","P0","HIGH","Repair one PS file at a time after backup.","L195:9 Variable reference is not valid. ':' was not followed by a valid variable name character. Consider using ${} to delimit the name. | L25:31 The assignment expression is not valid. The input to an assignment operator must be an object that is able to accept assignments, such as a variable or a property. | L26:31 The assignment expression is not valid. The input to an assignment operator must be an object that is able to accept assignments, such as a variable or a property. | L27:31 The assignment expression is not valid. The input to an assignment operator must be an object that is able to accept assignments, such as a variable or a property. | L28:31 The assignment expression is not valid. The input to an assignment operator must be an object that is able to accept assignments, such as a variable or a property. | L29:31 The assignment expression is not valid. The input to an assignment operator must be an object that is able to accept assignments, such as a variable or a property. | L33:31 The assignment expression is not valid. The input to an assignment operator must be an object that is able to accept assignments, such as a variable or a property. | L36:31 The assignment expression is not valid. The input to an assignment operator must be an object that is able to accept assignments, such as a variable or a property. | L37:31 The assignment expression is not valid. The input to an assignment operator must be an object that is able to accept assignments, such as a variable or a property. | L38:31 The assignment expression is not valid. The input to an assignment operator must be an object that is able to accept assignments, such as a variable or a property. | L313:9 Expression is not allowed in a Using expression.","C:\Users\tonyk\OneDrive\VeritasIntelligenceAnalytics\_toolkit_fix_reports\FIX_20260416_215656\backup\VIA_Integrated_Supreme_v1_r2.ps1"
"2026-06-11T20:29:18.315+08:00","PowerShell Parse","SEQUENTIAL_REQUIRED","P0","HIGH","Repair one PS file at a time after backup.","L195:9 Variable reference is not valid. ':' was not followed by a valid variable name character. Consider using ${} to delimit the name. | L25:31 The assignment expression is not valid. The input to an assignment operator must be an object that is able to accept assignments, such as a variable or a property. | L26:31 The assignment expression is not valid. The input to an assignment operator must be an object that is able to accept assignments, such as a variable or a property. | L27:31 The assignment expression is not valid. The input to an assignment operator must be an object that is able to accept assignments, such as a variable or a property. | L28:31 The assignment expression is not valid. The input to an assignment operator must be an object that is able to accept assignments, such as a variable or a property. | L29:31 The assignment expression is not valid. The input to an assignment operator must be an object that is able to accept assignments, such as a variable or a property. | L33:31 The assignment expression is not valid. The input to an assignment operator must be an object that is able to accept assignments, such as a variable or a property. | L36:31 The assignment expression is not valid. The input to an assignment operator must be an object that is able to accept assignments, such as a variable or a property. | L37:31 The assignment expression is not valid. The input to an assignment operator must be an object that is able to accept assignments, such as a variable or a property. | L38:31 The assignment expression is not valid. The input to an assignment operator must be an object that is able to accept assignments, such as a variable or a property. | L313:9 Expression is not allowed in a Using expression.","C:\Users\tonyk\OneDrive\VeritasIntelligenceAnalytics\_toolkit_fix_reports\FIX_20260416_215937\backup\VIA_Integrated_Supreme_v1_r2.ps1"
"2026-06-11T20:29:18.315+08:00","PowerShell Parse","SEQUENTIAL_REQUIRED","P0","HIGH","Repair one PS file at a time after backup.","L14:247 Missing expression after ','.","C:\Users\tonyk\OneDrive\VeritasIntelligenceAnalytics\module\VRN\_vrn_operation_ui_runs\VRN_FINAL_INTEGRATION_GOVERNANCE_SEAL_V0615703_20260523_233330\Invoke_VRN_ReadOnly_Ops_Launcher_v0615703.ps1"
"2026-06-11T20:29:18.315+08:00","PowerShell Parse","SEQUENTIAL_REQUIRED","P0","HIGH","Repair one PS file at a time after backup.","L11:23 The assignment expression is not valid. The input to an assignment operator must be an object that is able to accept assignments, such as a variable or a property. | L12:23 The assignment expression is not valid. The input to an assignment operator must be an object that is able to accept assignments, such as a variable or a property. | L13:24 The assignment expression is not valid. The input to an assignment operator must be an object that is able to accept assignments, such as a variable or a property.","C:\Users\tonyk\OneDrive\VeritasIntelligenceAnalytics\module\_via_panorama_runs\repair_20260416_005655\backup\VDF_Launch_Master.ps1"
"2026-06-11T20:29:18.316+08:00","PowerShell Parse","SEQUENTIAL_REQUIRED","P0","HIGH","Repair one PS file at a time after backup.","L246:53 Missing closing ')' in expression. | L247:13 Unexpected token '-Suggestion' in expression or statement. | L247:24 Missing ')' in method call. | L247:25 Unexpected token '""補上 # [VIA:ANCHOR:$aid`:END]""' in expression or statement. | L239:36 Missing closing '}' in statement block or type definition. | L203:37 Missing closing '}' in statement block or type definition. | L249:71 Unexpected token ')' in expression or statement. | L249:72 Unexpected token ')' in expression or statement. | L250:5 Unexpected token '}' in expression or statement. | L256:64 Missing closing ')' in expression. | L257:13 Unexpected token '-Suggestion' in expression or statement. | L257:24 Missing ')' in method call. | L257:25 Unexpected token '""在 AI 撰寫區頂部加入完整的 MODULE_SPEC。""' in expression or statement. | L253:53 Missing closing '}' in statement block or type definition. | L258:70 Unexpected token ')' in expression or statement. | L258:71 Unexpected token ')' in expression or statement. | L259:5 Unexpected token '}' in expression or statement. | L270:79 Missing closing ')' in expression. | L271:29 Unexpected token '-Suggestion' in expression or statement. | L271:40 Missing ')' in method call. | L271:41 Unexpected token '""在 MODULE_SPEC 內加入 '# $($sf.F): <值>'""' in expression or statement. | L266:57 Missing closing '}' in statement block or type definition. | L265:54 Missing closing '}' in statement block or type definition. | L264:85 Missing closing '}' in statement block or type definition. | L261:45 Missing closing '}' in statement block or type definition. | L259:12 Missing closing '}' in statement block or type definition. | L272:92 Unexpected token ')' in expression or statement. | L272:93 Unexpected token ')' in expression or statement. | L273:21 Unexpected token '}' in expression or statement. | L274:17 Unexpected token '}' in expression or statement. | L276:13 Unexpected token '}' in expression or statement. | L280:9 Unexpected token '}' in expression or statement. | L281:5 Unexpected token '}' in expression or statement. | L303:104 Missing closing ')' in expression. | L304:25 Unexpected token '-Suggestion' in expression or statement. | L304:36 Missing ')' in method call. | L304:37 Unexpected token '(' in expression or statement. | L294:40 Missing closing '}' in statement block or type definition. | L293:50 Missing closing '}' in statement block or type definition. | L291:45 Missing closing '}' in statement block or type definition. | L284:25 Missing closing '}' in statement block or type definition. | L306:122 Unexpected token ')' in expression or statement. | L306:123 Unexpected token ')' in expression or statement. | L308:17 Unexpected token '}' in expression or statement. | L309:13 Unexpected token '}' in expression or statement. | L310:9 Unexpected token '}' in expression or statement. | L314:84 Missing closing ')' in expression. | L315:17 Unexpected token '-AutoFixable' in expression or statement. | L315:29 Missing ')' in method call. | L315:30 Unexpected token '$false' in expression or statement. | L315:37 Unexpected token '-AINextInfo' in expression or statement. | L315:49 Unexpected token '""沒有 def。A04 要求 ≥1 個函式。""' in expression or statement. | L311:32 Missing closing '}' in statement block or type definition. | L315:72 Unexpected token ')' in expression or statement. | L315:73 Unexpected token ')' in expression or statement. | L316:9 Unexpected token '}' in expression or statement. | L317:5 Unexpected token '}' in expression or statement. | L329:51 Missing closing ')' in expression. | L330:25 Unexpected token '-Suggestion' in expression or statement. | L330:36 Missing ')' in method call. | L330:37 Unexpected token '""人工審查 '$cmd'，合併前確認必要性。""' in expression or statement. | L324:54 Missing closing '}' in statement block or type definition. | L323:54 Missing closing '}' in statement block or type definition. | L321:45 Missing closing '}' in statement block or type definition. | L320:25 Missing closing '}' in statement block or type definition. | L331:87 Unexpected token ')' in expression or statement. | L331:88 Unexpected token ')' in expression or statement. | L333:17 Unexpected token '}' in expression or statement. | L334:13 Unexpected token '}' in expression or statement. | L335:9 Unexpected token '}' in expression or statement. | L336:5 Unexpected token '}' in expression or statement. | L337:1 Unexpected token '}' in expression or statement. | L381:97 Missing closing ')' in expression. | L382:17 Unexpected token '-Suggestion' in expression or statement. | L382:28 Missing ')' in method call. | L382:29 Unexpected token '""修正 L$ln 的 PS 語法錯誤。常見：括號未閉合、param block 錯誤。""' in expression or statement. | L375:30 Missing closing '}' in statement block or type definition. | L371:9 Missing closing '}' in statement block or type definition. | L383:119 The Try statement is missing its Catch or Finally block. | L348:30 Missing closing '}' in statement block or type definition. | L383:119 Unexpected token ')' in expression or statement. | L383:120 Unexpected token ')' in expression or statement. | L384:9 Unexpected token '}' in expression or statement. | L387:5 Unexpected token '}' in expression or statement. | L402:1 Unexpected token '}' in expression or statement.","C:\Users\tonyk\OneDrive\VeritasIntelligenceAnalytics\module\_via_panorama_runs\repair_20260416_005655\backup\VIA_FusionEngine.ps1"
"2026-06-11T20:29:18.316+08:00","PowerShell Parse","SEQUENTIAL_REQUIRED","P0","HIGH","Repair one PS file at a time after backup.","L195:9 Variable reference is not valid. ':' was not followed by a valid variable name character. Consider using ${} to delimit the name. | L25:31 The assignment expression is not valid. The input to an assignment operator must be an object that is able to accept assignments, such as a variable or a property. | L26:31 The assignment expression is not valid. The input to an assignment operator must be an object that is able to accept assignments, such as a variable or a property. | L27:31 The assignment expression is not valid. The input to an assignment operator must be an object that is able to accept assignments, such as a variable or a property. | L28:31 The assignment expression is not valid. The input to an assignment operator must be an object that is able to accept assignments, such as a variable or a property. | L29:31 The assignment expression is not valid. The input to an assignment operator must be an object that is able to accept assignments, such as a variable or a property. | L33:31 The assignment expression is not valid. The input to an assignment operator must be an object that is able to accept assignments, such as a variable or a property. | L36:31 The assignment expression is not valid. The input to an assignment operator must be an object that is able to accept assignments, such as a variable or a property. | L37:31 The assignment expression is not valid. The input to an assignment operator must be an object that is able to accept assignments, such as a variable or a property. | L38:31 The assignment expression is not valid. The input to an assignment operator must be an object that is able to accept assignments, such as a variable or a property. | L313:9 Expression is not allowed in a Using expression.","C:\Users\tonyk\OneDrive\VeritasIntelligenceAnalytics\module\_via_panorama_runs\repair_20260416_005655\backup\VIA_Integrated_Supreme_v1_r2.ps1"
"2026-06-11T20:29:18.316+08:00","PowerShell Parse","SEQUENTIAL_REQUIRED","P0","HIGH","Repair one PS file at a time after backup.","L13:27 The assignment expression is not valid. The input to an assignment operator must be an object that is able to accept assignments, such as a variable or a property. | L14:27 The assignment expression is not valid. The input to an assignment operator must be an object that is able to accept assignments, such as a variable or a property. | L15:27 The assignment expression is not valid. The input to an assignment operator must be an object that is able to accept assignments, such as a variable or a property.","C:\Users\tonyk\OneDrive\VeritasIntelligenceAnalytics\module\_via_panorama_runs\repair_20260416_005655\backup\VIA_LibRegistry_Install_v2.ps1"
"2026-06-11T20:29:18.316+08:00","PowerShell Parse","SEQUENTIAL_REQUIRED","P0","HIGH","Repair one PS file at a time after backup.","L354:44 Variable reference is not valid. ':' was not followed by a valid variable name character. Consider using ${} to delimit the name. | L1136:126 Variable reference is not valid. ':' was not followed by a valid variable name character. Consider using ${} to delimit the name. | L1218:29 Variable reference is not valid. ':' was not followed by a valid variable name character. Consider using ${} to delimit the name.","C:\Users\tonyk\OneDrive\VeritasIntelligenceAnalytics\module\_via_panorama_runs\repair_20260416_005655\backup\VIA_QuadEngine_Supreme.ps1"
"2026-06-11T20:29:18.316+08:00","PowerShell Parse","SEQUENTIAL_REQUIRED","P0","HIGH","Repair one PS file at a time after backup.","L244:53 Missing closing ')' in expression. | L245:13 Unexpected token '-Suggestion' in expression or statement. | L245:24 Missing ')' in method call. | L245:25 Unexpected token '""補上 # [VIA:ANCHOR:$aid`:END]""' in expression or statement. | L237:36 Missing closing '}' in statement block or type definition. | L201:37 Missing closing '}' in statement block or type definition. | L247:71 Unexpected token ')' in expression or statement. | L247:72 Unexpected token ')' in expression or statement. | L248:5 Unexpected token '}' in expression or statement. | L254:64 Missing closing ')' in expression. | L255:13 Unexpected token '-Suggestion' in expression or statement. | L255:24 Missing ')' in method call. | L255:25 Unexpected token '""在 AI 撰寫區頂部加入完整的 MODULE_SPEC。""' in expression or statement. | L251:53 Missing closing '}' in statement block or type definition. | L256:70 Unexpected token ')' in expression or statement. | L256:71 Unexpected token ')' in expression or statement. | L257:5 Unexpected token '}' in expression or statement. | L268:79 Missing closing ')' in expression. | L269:29 Unexpected token '-Suggestion' in expression or statement. | L269:40 Missing ')' in method call. | L269:41 Unexpected token '""在 MODULE_SPEC 內加入 '# $($sf.F): <值>'""' in expression or statement. | L264:57 Missing closing '}' in statement block or type definition. | L263:54 Missing closing '}' in statement block or type definition. | L262:85 Missing closing '}' in statement block or type definition. | L259:45 Missing closing '}' in statement block or type definition. | L257:12 Missing closing '}' in statement block or type definition. | L270:92 Unexpected token ')' in expression or statement. | L270:93 Unexpected token ')' in expression or statement. | L271:21 Unexpected token '}' in expression or statement. | L272:17 Unexpected token '}' in expression or statement. | L274:13 Unexpected token '}' in expression or statement. | L278:9 Unexpected token '}' in expression or statement. | L279:5 Unexpected token '}' in expression or statement. | L301:104 Missing closing ')' in expression. | L302:25 Unexpected token '-Suggestion' in expression or statement. | L302:36 Missing ')' in method call. | L302:37 Unexpected token '(' in expression or statement. | L292:40 Missing closing '}' in statement block or type definition. | L291:50 Missing closing '}' in statement block or type definition. | L289:45 Missing closing '}' in statement block or type definition. | L282:25 Missing closing '}' in statement block or type definition. | L304:122 Unexpected token ')' in expression or statement. | L304:123 Unexpected token ')' in expression or statement. | L306:17 Unexpected token '}' in expression or statement. | L307:13 Unexpected token '}' in expression or statement. | L308:9 Unexpected token '}' in expression or statement. | L312:84 Missing closing ')' in expression. | L313:17 Unexpected token '-AutoFixable' in expression or statement. | L313:29 Missing ')' in method call. | L313:30 Unexpected token '$false' in expression or statement. | L313:37 Unexpected token '-AINextInfo' in expression or statement. | L313:49 Unexpected token '""沒有 def。A04 要求 ≥1 個函式。""' in expression or statement. | L309:32 Missing closing '}' in statement block or type definition. | L313:72 Unexpected token ')' in expression or statement. | L313:73 Unexpected token ')' in expression or statement. | L314:9 Unexpected token '}' in expression or statement. | L315:5 Unexpected token '}' in expression or statement. | L327:51 Missing closing ')' in expression. | L328:25 Unexpected token '-Suggestion' in expression or statement. | L328:36 Missing ')' in method call. | L328:37 Unexpected token '""人工審查 '$cmd'，合併前確認必要性。""' in expression or statement. | L322:54 Missing closing '}' in statement block or type definition. | L321:54 Missing closing '}' in statement block or type definition. | L319:45 Missing closing '}' in statement block or type definition. | L318:25 Missing closing '}' in statement block or type definition. | L329:87 Unexpected token ')' in expression or statement. | L329:88 Unexpected token ')' in expression or statement. | L331:17 Unexpected token '}' in expression or statement. | L332:13 Unexpected token '}' in expression or statement. | L333:9 Unexpected token '}' in expression or statement. | L334:5 Unexpected token '}' in expression or statement. | L335:1 Unexpected token '}' in expression or statement. | L379:97 Missing closing ')' in expression. | L380:17 Unexpected token '-Suggestion' in expression or statement. | L380:28 Missing ')' in method call. | L380:29 Unexpected token '""修正 L$ln 的 PS 語法錯誤。常見：括號未閉合、param block 錯誤。""' in expression or statement. | L373:30 Missing closing '}' in statement block or type definition. | L369:9 Missing closing '}' in statement block or type definition. | L381:119 The Try statement is missing its Catch or Finally block. | L346:30 Missing closing '}' in statement block or type definition. | L381:119 Unexpected token ')' in expression or statement. | L381:120 Unexpected token ')' in expression or statement. | L382:9 Unexpected token '}' in expression or statement. | L385:5 Unexpected token '}' in expression or statement. | L400:1 Unexpected token '}' in expression or statement.","C:\Users\tonyk\OneDrive\VeritasIntelligenceAnalytics\module\_via_panorama_runs\run_20260415_201636\backup\VIA_FusionEngine.ps1"
"2026-06-11T20:29:18.316+08:00","PowerShell Parse","SEQUENTIAL_REQUIRED","P0","HIGH","Repair one PS file at a time after backup.","L193:9 Variable reference is not valid. ':' was not followed by a valid variable name character. Consider using ${} to delimit the name. | L311:9 Expression is not allowed in a Using expression.","C:\Users\tonyk\OneDrive\VeritasIntelligenceAnalytics\module\_via_panorama_runs\run_20260415_201636\backup\VIA_Integrated_Supreme_v1_r2.ps1"
"2026-06-11T20:29:18.317+08:00","PowerShell Parse","SEQUENTIAL_REQUIRED","P0","HIGH","Repair one PS file at a time after backup.","L352:44 Variable reference is not valid. ':' was not followed by a valid variable name character. Consider using ${} to delimit the name. | L1134:126 Variable reference is not valid. ':' was not followed by a valid variable name character. Consider using ${} to delimit the name. | L1216:29 Variable reference is not valid. ':' was not followed by a valid variable name character. Consider using ${} to delimit the name.","C:\Users\tonyk\OneDrive\VeritasIntelligenceAnalytics\module\_via_panorama_runs\run_20260415_201636\backup\VIA_QuadEngine_Supreme.ps1"
"2026-06-11T20:29:18.317+08:00","PowerShell Parse","SEQUENTIAL_REQUIRED","P0","HIGH","Repair one PS file at a time after backup.","L13:26 The assignment expression is not valid. The input to an assignment operator must be an object that is able to accept assignments, such as a variable or a property. | L14:26 The assignment expression is not valid. The input to an assignment operator must be an object that is able to accept assignments, such as a variable or a property.","C:\Users\tonyk\OneDrive\VeritasIntelligenceAnalytics\module\_vgf_unified_runs\VGF_SUPREME_20260419_052338\03_bundle\entrypoint\VGF_Supreme_Launcher.ps1"
"2026-06-11T20:29:18.317+08:00","PowerShell Parse","SEQUENTIAL_REQUIRED","P0","HIGH","Repair one PS file at a time after backup.","L352:44 Variable reference is not valid. ':' was not followed by a valid variable name character. Consider using ${} to delimit the name. | L1134:126 Variable reference is not valid. ':' was not followed by a valid variable name character. Consider using ${} to delimit the name. | L1216:29 Variable reference is not valid. ':' was not followed by a valid variable name character. Consider using ${} to delimit the name.","C:\Users\tonyk\OneDrive\VeritasIntelligenceAnalytics\module\_vgf_unified_runs\VGF_SUPREME_20260419_052338\03_bundle\entrypoint\VIA_QuadEngine_Supreme.ps1"
"2026-06-11T20:29:18.317+08:00","PowerShell Parse","SEQUENTIAL_REQUIRED","P0","HIGH","Repair one PS file at a time after backup.","L826:26 Variable reference is not valid. ':' was not followed by a valid variable name character. Consider using ${} to delimit the name.","C:\Users\tonyk\OneDrive\VeritasIntelligenceAnalytics\module\_vgf_unified_runs\VGF_SUPREME_20260419_052338\03_bundle\ops\VIA_VEGN_Deploy_v1.ps1"
"2026-06-11T20:29:18.317+08:00","PowerShell Parse","SEQUENTIAL_REQUIRED","P0","HIGH","Repair one PS file at a time after backup.","L13:26 The assignment expression is not valid. The input to an assignment operator must be an object that is able to accept assignments, such as a variable or a property. | L14:26 The assignment expression is not valid. The input to an assignment operator must be an object that is able to accept assignments, such as a variable or a property.","C:\Users\tonyk\OneDrive\VeritasIntelligenceAnalytics\module\_vgf_unified_runs\VGF_SUPREME_20260419_052608\03_bundle\entrypoint\VGF_Supreme_Launcher.ps1"
"2026-06-11T20:29:18.317+08:00","PowerShell Parse","SEQUENTIAL_REQUIRED","P0","HIGH","Repair one PS file at a time after backup.","L352:44 Variable reference is not valid. ':' was not followed by a valid variable name character. Consider using ${} to delimit the name. | L1134:126 Variable reference is not valid. ':' was not followed by a valid variable name character. Consider using ${} to delimit the name. | L1216:29 Variable reference is not valid. ':' was not followed by a valid variable name character. Consider using ${} to delimit the name.","C:\Users\tonyk\OneDrive\VeritasIntelligenceAnalytics\module\_vgf_unified_runs\VGF_SUPREME_20260419_052608\03_bundle\entrypoint\VIA_QuadEngine_Supreme.ps1"
"2026-06-11T20:29:18.318+08:00","PowerShell Parse","SEQUENTIAL_REQUIRED","P0","HIGH","Repair one PS file at a time after backup.","L826:26 Variable reference is not valid. ':' was not followed by a valid variable name character. Consider using ${} to delimit the name.","C:\Users\tonyk\OneDrive\VeritasIntelligenceAnalytics\module\_vgf_unified_runs\VGF_SUPREME_20260419_052608\03_bundle\ops\VIA_VEGN_Deploy_v1.ps1"
"2026-06-11T20:29:18.318+08:00","PowerShell Parse","SEQUENTIAL_REQUIRED","P0","HIGH","Repair one PS file at a time after backup.","L14:247 Missing expression after ','.","C:\Users\tonyk\OneDrive\VeritasIntelligenceAnalytics\module\VRN\_vrn_package_runs\VRN_PACKAGE_COMPAT_SMOKE_V061576_20260524_020553\VRN_PRODUCTION_PACKAGE_v061576\commands\Invoke_VRN_ReadOnly_Ops_Launcher_v0615703.ps1"
"2026-06-11T20:29:18.318+08:00","PowerShell Parse","SEQUENTIAL_REQUIRED","P0","HIGH","Repair one PS file at a time after backup.","L23:20 Missing file specification after redirection operator. | L23:19 The '<' operator is reserved for future use. | L29:1 Unexpected attribute 'CmdletBinding'. | L30:1 Unexpected token 'param' in expression or statement. | L31:31 The assignment expression is not valid. The input to an assignment operator must be an object that is able to accept assignments, such as a variable or a property. | L32:31 The assignment expression is not valid. The input to an assignment operator must be an object that is able to accept assignments, such as a variable or a property. | L33:31 The assignment expression is not valid. The input to an assignment operator must be an object that is able to accept assignments, such as a variable or a property. | L34:31 The assignment expression is not valid. The input to an assignment operator must be an object that is able to accept assignments, such as a variable or a property. | L35:31 The assignment expression is not valid. The input to an assignment operator must be an object that is able to accept assignments, such as a variable or a property. | L36:31 The assignment expression is not valid. The input to an assignment operator must be an object that is able to accept assignments, such as a variable or a property.","C:\Users\tonyk\OneDrive\VeritasIntelligenceAnalytics\module\VRN\_vrn_package_runs\VRN_PACKAGE_COMPAT_SMOKE_V061576_20260524_020553\VRN_PRODUCTION_PACKAGE_v061576\commands\VIA_ENV_PARTITION_v2.ps1"
"2026-06-11T20:29:18.318+08:00","PowerShell Parse","SEQUENTIAL_REQUIRED","P0","HIGH","Repair one PS file at a time after backup.","L2:10 Missing closing ')' in expression. | L3:3 Unexpected token 'VIA_ENV_PARTITION_v2.ps1' in expression or statement. | L156:21 Unexpected token ':F1' in expression or statement. | L482:5 Unexpected token '}' in expression or statement. | L483:1 Unexpected token '}' in expression or statement. | L644:76 Missing closing ')' in expression. | L645:9 Unexpected token 'Allows' in expression or statement. | L647:31 The assignment expression is not valid. The input to an assignment operator must be an object that is able to accept assignments, such as a variable or a property.","C:\Users\tonyk\OneDrive\VeritasIntelligenceAnalytics\module\supportive_module\others\runs\_supportive_mount_test_runs\VIA_ENV_PARTITION_SAFE_FIX_20260515_100007\backup\VIA_ENV_PARTITION_v2.before_safe_fix_20260515_100007.ps1"
"2026-06-11T20:29:18.320+08:00","PowerShell Exec Risk","SEQUENTIAL_REQUIRED","P0","MEDIUM","Guard/refactor one command at a time; no global replacement.","Forbidden: Remove-Item","C:\Users\tonyk\Downloads\VeritasIntelligenceAnalytics\toolkits\VIA_TurboOptimizer\VIA_TurboOptimizer_v3.ps1"
"2026-06-11T20:29:18.320+08:00","PowerShell Exec Risk","SEQUENTIAL_REQUIRED","P0","MEDIUM","Guard/refactor one command at a time; no global replacement.","Forbidden: Remove-Item","C:\Users\tonyk\Downloads\VeritasIntelligenceAnalytics\functional modules\VAP\INPUT\SOURCE_VAP_MODULE\VIA_VEGN_Step1_v32.ps1"
"2026-06-11T20:29:18.320+08:00","PowerShell Exec Risk","SEQUENTIAL_REQUIRED","P0","MEDIUM","Guard/refactor one command at a time; no global replacement.","Forbidden: Remove-Item","C:\Users\tonyk\Downloads\VeritasIntelligenceAnalytics\functional modules\VAP\ASSETS\SCOPE_COPY\VAP\VIA_VEGN_Step1_v32.ps1"
"2026-06-11T20:29:18.321+08:00","PowerShell Exec Risk","SEQUENTIAL_REQUIRED","P0","MEDIUM","Guard/refactor one command at a time; no global replacement.","Forbidden: Remove-Item","C:\Users\tonyk\Downloads\VeritasIntelligenceAnalytics\functional modules\VAP\ASSETS\SCOPE_COPY\VeritasIntelligenceAnalytics\supportive modules\60_PowerShell_Entry_Internal\Invoke-VIA-ALL.ps1"
"2026-06-11T20:29:18.321+08:00","PowerShell Exec Risk","SEQUENTIAL_REQUIRED","P0","MEDIUM","Guard/refactor one command at a time; no global replacement.","Forbidden: Remove-Item","C:\Users\tonyk\Downloads\VeritasIntelligenceAnalytics\functional modules\VAP\ASSETS\SCOPE_COPY\VeritasIntelligenceAnalytics\toolkits\VIA_TurboOptimizer\VIA_TurboOptimizer_v3.ps1"
"2026-06-11T20:29:18.321+08:00","PowerShell Exec Risk","SEQUENTIAL_REQUIRED","P0","MEDIUM","Guard/refactor one command at a time; no global replacement.","Forbidden: Remove-Item","C:\Users\tonyk\Downloads\VeritasIntelligenceAnalytics\functional modules\VAP\ASSETS\SCOPE_COPY\VeritasIntelligenceAnalytics\dict\VRN\_registry\verified_numbered_modules\VRN_MDL188_VRN-AllInOne__REPORT__v0_0.ps1"
"2026-06-11T20:29:18.321+08:00","PowerShell Exec Risk","SEQUENTIAL_REQUIRED","P0","MEDIUM","Guard/refactor one command at a time; no global replacement.","Forbidden: Remove-Item","C:\Users\tonyk\Downloads\VeritasIntelligenceAnalytics\functional modules\VAP\ASSETS\SCOPE_COPY\VeritasIntelligenceAnalytics\dict\VRN\_registry\verified_numbered_modules\VRN_MDL189_run_vrn_boot_purge_temp_first__MODULE__v0_0.ps1"
"2026-06-11T20:29:18.321+08:00","PowerShell Exec Risk","SEQUENTIAL_REQUIRED","P0","MEDIUM","Guard/refactor one command at a time; no global replacement.","Forbidden: Remove-Item","C:\Users\tonyk\Downloads\VeritasIntelligenceAnalytics\functional modules\VAP\ASSETS\SCOPE_COPY\VeritasIntelligenceAnalytics\dict\VRN\_registry\verified_numbered_modules\VRN_MDL190_run_vrn_boot_purge_temp_first__REPORT__v0_0.ps1"
"2026-06-11T20:29:18.322+08:00","PowerShell Exec Risk","SEQUENTIAL_REQUIRED","P0","MEDIUM","Guard/refactor one command at a time; no global replacement.","Forbidden: Remove-Item","C:\Users\tonyk\Downloads\VeritasIntelligenceAnalytics\functional modules\VAP\ASSETS\SCOPE_COPY\VeritasIntelligenceAnalytics\dict\VRN\_registry\verified_numbered_modules\VRN_MDL191_VRN-AllInOne__MODULE__v0_0.ps1"
"2026-06-11T20:29:18.322+08:00","PowerShell Exec Risk","SEQUENTIAL_REQUIRED","P0","MEDIUM","Guard/refactor one command at a time; no global replacement.","Forbidden: Remove-Item","C:\Users\tonyk\Downloads\VeritasIntelligenceAnalytics\functional modules\VAP\ASSETS\SCOPE_COPY\VeritasIntelligenceAnalytics\dict\VRN\_registry\verified_numbered_modules\VRN_MDL192_run_vrn_summary__REPORT__v0_0.ps1"
"2026-06-11T20:29:18.322+08:00","PowerShell Exec Risk","SEQUENTIAL_REQUIRED","P0","MEDIUM","Guard/refactor one command at a time; no global replacement.","Forbidden: Remove-Item","C:\Users\tonyk\Downloads\VeritasIntelligenceAnalytics\functional modules\VAP\ASSETS\SCOPE_COPY\VeritasIntelligenceAnalytics\dict\VRN\_registry\verified_numbered_modules\VRN_MDL193_run_vrn__REPORT__v0_0.ps1"
"2026-06-11T20:29:18.322+08:00","PowerShell Exec Risk","SEQUENTIAL_REQUIRED","P0","MEDIUM","Guard/refactor one command at a time; no global replacement.","Forbidden: Remove-Item","C:\Users\tonyk\Downloads\VeritasIntelligenceAnalytics\functional modules\VAP\ASSETS\SCOPE_COPY\VeritasIntelligenceAnalytics\dict\VRN\_registry\verified_numbered_modules\VRN_MDL194_run_vrn__MODULE__v0_0.ps1"
"2026-06-11T20:29:18.322+08:00","PowerShell Exec Risk","SEQUENTIAL_REQUIRED","P0","MEDIUM","Guard/refactor one command at a time; no global replacement.","Forbidden: Remove-Item","C:\Users\tonyk\Downloads\VeritasIntelligenceAnalytics\functional modules\VAP\ASSETS\SCOPE_COPY\VeritasIntelligenceAnalytics\dict\VRN\_registry\verified_numbered_modules\VRN_MDL195_run_vrn_summary__MODULE__v0_0.ps1"
"2026-06-11T20:29:18.322+08:00","PowerShell Exec Risk","SEQUENTIAL_REQUIRED","P0","MEDIUM","Guard/refactor one command at a time; no global replacement.","Forbidden: Remove-Item","C:\Users\tonyk\OneDrive\VeritasIntelligenceAnalytics\module\Deploy-VRN-LocalRun-V2.ps1"
"2026-06-11T20:29:18.323+08:00","PowerShell Exec Risk","SEQUENTIAL_REQUIRED","P0","MEDIUM","Guard/refactor one command at a time; no global replacement.","Forbidden: Remove-Item","C:\Users\tonyk\OneDrive\VeritasIntelligenceAnalytics\VIAO\safe_VIA_RM_R01_R10.ps1"
"2026-06-11T20:29:18.323+08:00","PowerShell Exec Risk","SEQUENTIAL_REQUIRED","P0","MEDIUM","Guard/refactor one command at a time; no global replacement.","Forbidden: Remove-Item","C:\Users\tonyk\OneDrive\VeritasIntelligenceAnalytics\VIF\VIF_AllInOne_Launcher.ps1"
"2026-06-11T20:29:18.323+08:00","PowerShell Exec Risk","SEQUENTIAL_REQUIRED","P0","MEDIUM","Guard/refactor one command at a time; no global replacement.","Forbidden: Remove-Item","C:\Users\tonyk\OneDrive\VeritasIntelligenceAnalytics\module\supportive_module\Invoke-VIA-ALL.ps1"
"2026-06-11T20:29:18.323+08:00","PowerShell Exec Risk","SEQUENTIAL_REQUIRED","P0","MEDIUM","Guard/refactor one command at a time; no global replacement.","Forbidden: Remove-Item","C:\Users\tonyk\OneDrive\VeritasIntelligenceAnalytics\module\VAP\VIA_VEGN_Step1_v32.ps1"
"2026-06-11T20:29:18.323+08:00","PowerShell Exec Risk","SEQUENTIAL_REQUIRED","P0","MEDIUM","Guard/refactor one command at a time; no global replacement.","Forbidden: Remove-Item","C:\Users\tonyk\OneDrive\VeritasIntelligenceAnalytics\module\VCNC\VAN_S34_MergeOrchestrator_v2.ps1"
"2026-06-11T20:29:18.324+08:00","PowerShell Exec Risk","SEQUENTIAL_REQUIRED","P0","MEDIUM","Guard/refactor one command at a time; no global replacement.","Forbidden: Remove-Item","C:\Users\tonyk\OneDrive\VeritasIntelligenceAnalytics\module\VCNC\VIA_AtoB_MergeTemplate.ps1"
"2026-06-11T20:29:18.331+08:00","PowerShell Exec Risk","SEQUENTIAL_REQUIRED","P0","MEDIUM","Guard/refactor one command at a time; no global replacement.","Forbidden: Remove-Item","C:\Users\tonyk\OneDrive\VeritasIntelligenceAnalytics\module\VCNC\VIA_Integrated_Supreme_v1_r2.ps1"
"2026-06-11T20:29:18.332+08:00","PowerShell Exec Risk","SEQUENTIAL_REQUIRED","P0","MEDIUM","Guard/refactor one command at a time; no global replacement.","Forbidden: Remove-Item","C:\Users\tonyk\OneDrive\VeritasIntelligenceAnalytics\module\VCNC\VIA_UVAccel_Supreme_v1.ps1"
"2026-06-11T20:29:18.332+08:00","PowerShell Exec Risk","SEQUENTIAL_REQUIRED","P0","MEDIUM","Guard/refactor one command at a time; no global replacement.","Forbidden: Remove-Item","C:\Users\tonyk\OneDrive\VeritasIntelligenceAnalytics\module\VCNC\VIA_VEGN_Step1_v31.ps1"
"2026-06-11T20:29:18.332+08:00","PowerShell Exec Risk","SEQUENTIAL_REQUIRED","P0","MEDIUM","Guard/refactor one command at a time; no global replacement.","Forbidden: Remove-Item","C:\Users\tonyk\OneDrive\VeritasIntelligenceAnalytics\module\VCNC\VIA_VEGN_Step1_v32.ps1"
"2026-06-11T20:29:18.332+08:00","PowerShell Exec Risk","SEQUENTIAL_REQUIRED","P0","MEDIUM","Guard/refactor one command at a time; no global replacement.","Forbidden: Remove-Item","C:\Users\tonyk\OneDrive\VeritasIntelligenceAnalytics\module\VCNC\VIA_VEGN_Step1_v33.ps1"
"2026-06-11T20:29:18.332+08:00","PowerShell Exec Risk","SEQUENTIAL_REQUIRED","P0","MEDIUM","Guard/refactor one command at a time; no global replacement.","Forbidden: Remove-Item","C:\Users\tonyk\OneDrive\VeritasIntelligenceAnalytics\module\VCNC\VIA_VEGN_Step1_v33_fixed.ps1"
"2026-06-11T20:29:18.333+08:00","PowerShell Exec Risk","SEQUENTIAL_REQUIRED","P0","MEDIUM","Guard/refactor one command at a time; no global replacement.","Forbidden: Remove-Item","C:\Users\tonyk\OneDrive\VeritasIntelligenceAnalytics\module\VDF\VDF_DAYTRADE_Launcher.ps1"
"2026-06-11T20:29:18.333+08:00","PowerShell Exec Risk","SEQUENTIAL_REQUIRED","P0","MEDIUM","Guard/refactor one command at a time; no global replacement.","Forbidden: Remove-Item","C:\Users\tonyk\OneDrive\VeritasIntelligenceAnalytics\module\VDF\VDF_E2_TWDailyUnified_DaytradePatch.ps1"
"2026-06-11T20:29:18.333+08:00","PowerShell Exec Risk","SEQUENTIAL_REQUIRED","P0","MEDIUM","Guard/refactor one command at a time; no global replacement.","Forbidden: Remove-Item","C:\Users\tonyk\OneDrive\VeritasIntelligenceAnalytics\module\VGF\VGF_Accel_Panorama_v4.ps1"
"2026-06-11T20:29:18.333+08:00","PowerShell Exec Risk","SEQUENTIAL_REQUIRED","P0","MEDIUM","Guard/refactor one command at a time; no global replacement.","Forbidden: Remove-Item","C:\Users\tonyk\OneDrive\VeritasIntelligenceAnalytics\module\VGF\VGF_Panorama_Locked_v2.ps1"
"2026-06-11T20:29:18.333+08:00","PowerShell Exec Risk","SEQUENTIAL_REQUIRED","P0","MEDIUM","Guard/refactor one command at a time; no global replacement.","Forbidden: Remove-Item","C:\Users\tonyk\OneDrive\VeritasIntelligenceAnalytics\module\VGF\VGF_Supreme_Launcher.ps1"
"2026-06-11T20:29:18.334+08:00","PowerShell Exec Risk","SEQUENTIAL_REQUIRED","P0","MEDIUM","Guard/refactor one command at a time; no global replacement.","Forbidden: Remove-Item","C:\Users\tonyk\OneDrive\VeritasIntelligenceAnalytics\module\VGF\VGF_Supreme_v3.ps1"
"2026-06-11T20:29:18.334+08:00","PowerShell Exec Risk","SEQUENTIAL_REQUIRED","P0","MEDIUM","Guard/refactor one command at a time; no global replacement.","Forbidden: Remove-Item","C:\Users\tonyk\OneDrive\VeritasIntelligenceAnalytics\module\VGF\VGF_Supreme_v4.ps1"
"2026-06-11T20:29:18.334+08:00","PowerShell Exec Risk","SEQUENTIAL_REQUIRED","P0","MEDIUM","Guard/refactor one command at a time; no global replacement.","Forbidden: Remove-Item","C:\Users\tonyk\OneDrive\VeritasIntelligenceAnalytics\module\VGF\VIA_VEGN_Deploy_v1.ps1"
"2026-06-11T20:29:18.334+08:00","PowerShell Exec Risk","SEQUENTIAL_REQUIRED","P0","MEDIUM","Guard/refactor one command at a time; no global replacement.","Forbidden: Remove-Item","C:\Users\tonyk\OneDrive\VeritasIntelligenceAnalytics\module\VIA Toolkit\VDF_Launch_Master.ps1"
"2026-06-11T20:29:18.334+08:00","PowerShell Exec Risk","SEQUENTIAL_REQUIRED","P0","MEDIUM","Guard/refactor one command at a time; no global replacement.","Forbidden: Remove-Item","C:\Users\tonyk\OneDrive\VeritasIntelligenceAnalytics\module\VIA Toolkit\VDF_Next3_Fixed_v2.ps1"
"2026-06-11T20:29:18.334+08:00","PowerShell Exec Risk","SEQUENTIAL_REQUIRED","P0","MEDIUM","Guard/refactor one command at a time; no global replacement.","Forbidden: Remove-Item","C:\Users\tonyk\OneDrive\VeritasIntelligenceAnalytics\module\VIA Toolkit\VIA_FusionEngine.ps1"
"2026-06-11T20:29:18.335+08:00","PowerShell Exec Risk","SEQUENTIAL_REQUIRED","P0","MEDIUM","Guard/refactor one command at a time; no global replacement.","Forbidden: Remove-Item","C:\Users\tonyk\OneDrive\VeritasIntelligenceAnalytics\module\VIA Toolkit\VIA_Integrated_Supreme_v1_r2.ps1"
"2026-06-11T20:29:18.335+08:00","PowerShell Exec Risk","SEQUENTIAL_REQUIRED","P0","MEDIUM","Guard/refactor one command at a time; no global replacement.","Forbidden: Remove-Item","C:\Users\tonyk\OneDrive\VeritasIntelligenceAnalytics\module\VIA Toolkit\VIA_LibRegistry_Install_v2.ps1"
"2026-06-11T20:29:18.335+08:00","PowerShell Exec Risk","SEQUENTIAL_REQUIRED","P0","MEDIUM","Guard/refactor one command at a time; no global replacement.","Forbidden: Remove-Item","C:\Users\tonyk\OneDrive\VeritasIntelligenceAnalytics\module\VIA Toolkit\VIA_Master_Dispatcher.ps1"
"2026-06-11T20:29:18.335+08:00","PowerShell Exec Risk","SEQUENTIAL_REQUIRED","P0","MEDIUM","Guard/refactor one command at a time; no global replacement.","Forbidden: Remove-Item","C:\Users\tonyk\OneDrive\VeritasIntelligenceAnalytics\module\VIA Toolkit\VIA_QuadEngine_Supreme.ps1"
"2026-06-11T20:29:18.335+08:00","PowerShell Exec Risk","SEQUENTIAL_REQUIRED","P0","MEDIUM","Guard/refactor one command at a time; no global replacement.","Forbidden: Remove-Item","C:\Users\tonyk\OneDrive\VeritasIntelligenceAnalytics\module\VIF\VIF_AllInOne_Launcher.ps1"
"2026-06-11T20:29:18.336+08:00","PowerShell Exec Risk","SEQUENTIAL_REQUIRED","P0","MEDIUM","Guard/refactor one command at a time; no global replacement.","Forbidden: Remove-Item","C:\Users\tonyk\OneDrive\VeritasIntelligenceAnalytics\module\VRN\run_vrn.ps1"
"2026-06-11T20:29:18.336+08:00","PowerShell Exec Risk","SEQUENTIAL_REQUIRED","P0","MEDIUM","Guard/refactor one command at a time; no global replacement.","Forbidden: Remove-Item","C:\Users\tonyk\OneDrive\VeritasIntelligenceAnalytics\module\VRN\run_vrn_boot_purge_temp_first.ps1"
"2026-06-11T20:29:18.336+08:00","PowerShell Exec Risk","SEQUENTIAL_REQUIRED","P0","MEDIUM","Guard/refactor one command at a time; no global replacement.","Forbidden: Remove-Item","C:\Users\tonyk\OneDrive\VeritasIntelligenceAnalytics\module\VRN\run_vrn_summary.ps1"
"2026-06-11T20:29:18.336+08:00","PowerShell Exec Risk","SEQUENTIAL_REQUIRED","P0","MEDIUM","Guard/refactor one command at a time; no global replacement.","Forbidden: Remove-Item","C:\Users\tonyk\OneDrive\VeritasIntelligenceAnalytics\module\VRN\VIA_ENV_PARTITION_v2.ps1"
"2026-06-11T20:29:18.336+08:00","PowerShell Exec Risk","SEQUENTIAL_REQUIRED","P0","MEDIUM","Guard/refactor one command at a time; no global replacement.","Forbidden: Remove-Item","C:\Users\tonyk\OneDrive\VeritasIntelligenceAnalytics\module\VRN\VRN-AllInOne.ps1"
"2026-06-11T20:29:18.336+08:00","PowerShell Exec Risk","SEQUENTIAL_REQUIRED","P0","MEDIUM","Guard/refactor one command at a time; no global replacement.","Forbidden: Remove-Item","C:\Users\tonyk\OneDrive\VeritasIntelligenceAnalytics\module\VRN\VRN_PIPELINE_LAUNCHER.ps1"
"2026-06-11T20:29:18.337+08:00","PowerShell Exec Risk","SEQUENTIAL_REQUIRED","P0","MEDIUM","Guard/refactor one command at a time; no global replacement.","Forbidden: Remove-Item","C:\Users\tonyk\OneDrive\VeritasIntelligenceAnalytics\VeritasGlyphForge\新增資料夾\VIA_PipGov_v1.ps1"
"2026-06-11T20:29:18.337+08:00","PowerShell Exec Risk","SEQUENTIAL_REQUIRED","P0","MEDIUM","Guard/refactor one command at a time; no global replacement.","Forbidden: Remove-Item","C:\Users\tonyk\OneDrive\VeritasIntelligenceAnalytics\VeritasGlyphForge\新增資料夾\VIA_Supreme_v12_Unified (1).ps1"
"2026-06-11T20:29:18.337+08:00","PowerShell Exec Risk","SEQUENTIAL_REQUIRED","P0","MEDIUM","Guard/refactor one command at a time; no global replacement.","Forbidden: Remove-Item","C:\Users\tonyk\OneDrive\VeritasIntelligenceAnalytics\VeritasGlyphForge_Supreme_v2\vgf_supreme\VGF_Supreme_v4.ps1"
"2026-06-11T20:29:18.337+08:00","PowerShell Exec Risk","SEQUENTIAL_REQUIRED","P0","MEDIUM","Guard/refactor one command at a time; no global replacement.","Forbidden: Remove-Item","C:\Users\tonyk\OneDrive\VeritasIntelligenceAnalytics\VeritasGlyphForge_Supreme_v2\vgf_supreme\VIA_UltimateGovernance_v5_Supreme.ps1"
"2026-06-11T20:29:18.337+08:00","PowerShell Exec Risk","SEQUENTIAL_REQUIRED","P0","MEDIUM","Guard/refactor one command at a time; no global replacement.","Forbidden: Remove-Item","C:\Users\tonyk\OneDrive\VeritasIntelligenceAnalytics\module\supportive_module\others\Invoke-VIA-ALL - 複製.ps1"
"2026-06-11T20:29:18.337+08:00","PowerShell Exec Risk","SEQUENTIAL_REQUIRED","P0","MEDIUM","Guard/refactor one command at a time; no global replacement.","Forbidden: Remove-Item","C:\Users\tonyk\OneDrive\VeritasIntelligenceAnalytics\module\supportive_module\others\VIA_AtoB_MergeTemplate.ps1"
"2026-06-11T20:29:18.338+08:00","PowerShell Exec Risk","SEQUENTIAL_REQUIRED","P0","MEDIUM","Guard/refactor one command at a time; no global replacement.","Forbidden: Remove-Item","C:\Users\tonyk\OneDrive\VeritasIntelligenceAnalytics\module\supportive_module\others\VIA_ENV_PARTITION_v2 - 複製.ps1"
"2026-06-11T20:29:18.338+08:00","PowerShell Exec Risk","SEQUENTIAL_REQUIRED","P0","MEDIUM","Guard/refactor one command at a time; no global replacement.","Forbidden: Remove-Item","C:\Users\tonyk\OneDrive\VeritasIntelligenceAnalytics\module\supportive_module\others\VIA_ENV_PARTITION_v2.ps1"
"2026-06-11T20:29:18.338+08:00","PowerShell Exec Risk","SEQUENTIAL_REQUIRED","P0","MEDIUM","Guard/refactor one command at a time; no global replacement.","Forbidden: Remove-Item","C:\Users\tonyk\OneDrive\VeritasIntelligenceAnalytics\module\supportive_module\others\VIA_PanoramaFix.ps1"
"2026-06-11T20:29:18.338+08:00","PowerShell Exec Risk","SEQUENTIAL_REQUIRED","P0","MEDIUM","Guard/refactor one command at a time; no global replacement.","Forbidden: Remove-Item","C:\Users\tonyk\OneDrive\VeritasIntelligenceAnalytics\module\supportive_module\others\VIA_UltimateGovernance_v5_Supreme.ps1"
"2026-06-11T20:29:18.338+08:00","PowerShell Exec Risk","SEQUENTIAL_REQUIRED","P0","MEDIUM","Guard/refactor one command at a time; no global replacement.","Forbidden: Remove-Item","C:\Users\tonyk\OneDrive\VeritasIntelligenceAnalytics\module\supportive_module\others\VIA_VEGN_Deploy_v1.ps1"
"2026-06-11T20:29:18.338+08:00","PowerShell Exec Risk","SEQUENTIAL_REQUIRED","P0","MEDIUM","Guard/refactor one command at a time; no global replacement.","Forbidden: Remove-Item","C:\Users\tonyk\OneDrive\VeritasIntelligenceAnalytics\module\supportive_module\others\VIA_VEGN_Step1_v32.ps1"
"2026-06-11T20:29:18.339+08:00","PowerShell Exec Risk","SEQUENTIAL_REQUIRED","P0","MEDIUM","Guard/refactor one command at a time; no global replacement.","Forbidden: Remove-Item","C:\Users\tonyk\OneDrive\VeritasIntelligenceAnalytics\module\VCNC\VEGN\via_env_governance_engine.ps1"
"2026-06-11T20:29:18.339+08:00","PowerShell Exec Risk","SEQUENTIAL_REQUIRED","P0","MEDIUM","Guard/refactor one command at a time; no global replacement.","Forbidden: Remove-Item","C:\Users\tonyk\OneDrive\VeritasIntelligenceAnalytics\module\VCNC\VEGN\VIA_UltimateGovernance_v5_Supreme.ps1"
"2026-06-11T20:29:18.339+08:00","PowerShell Exec Risk","SEQUENTIAL_REQUIRED","P0","MEDIUM","Guard/refactor one command at a time; no global replacement.","Forbidden: Remove-Item","C:\Users\tonyk\OneDrive\VeritasIntelligenceAnalytics\module\VCNC\VEGN\VIA_VEGN_Step1_v2.ps1"
"2026-06-11T20:29:18.339+08:00","PowerShell Exec Risk","SEQUENTIAL_REQUIRED","P0","MEDIUM","Guard/refactor one command at a time; no global replacement.","Forbidden: Remove-Item","C:\Users\tonyk\OneDrive\VeritasIntelligenceAnalytics\module\VCNC\VEGN\VIA_VEGN_Step1_v2_fixed.patched2.ps1"
"2026-06-11T20:29:18.339+08:00","PowerShell Exec Risk","SEQUENTIAL_REQUIRED","P0","MEDIUM","Guard/refactor one command at a time; no global replacement.","Forbidden: Remove-Item","C:\Users\tonyk\OneDrive\VeritasIntelligenceAnalytics\module\VCNC\VEGN\VIA_VEGN_Step1_v2_fixed.ps1"
"2026-06-11T20:29:18.339+08:00","PowerShell Exec Risk","SEQUENTIAL_REQUIRED","P0","MEDIUM","Guard/refactor one command at a time; no global replacement.","Forbidden: Remove-Item","C:\Users\tonyk\OneDrive\VeritasIntelligenceAnalytics\module\VCNC\VEGN\VIA_VEGN_Step2_EnvBuild.ps1"
"2026-06-11T20:29:18.340+08:00","PowerShell Exec Risk","SEQUENTIAL_REQUIRED","P0","MEDIUM","Guard/refactor one command at a time; no global replacement.","Forbidden: Remove-Item","C:\Users\tonyk\OneDrive\VeritasIntelligenceAnalytics\module\VRN\新增資料夾\Diagnose-VRN-PythonDeps.ps1"
"2026-06-11T20:29:18.340+08:00","PowerShell Exec Risk","SEQUENTIAL_REQUIRED","P0","MEDIUM","Guard/refactor one command at a time; no global replacement.","Forbidden: Remove-Item","C:\Users\tonyk\OneDrive\VeritasIntelligenceAnalytics\module\VRN\新增資料夾\Setup-VRN-DualEnv-Full.ps1"
"2026-06-11T20:29:18.340+08:00","PowerShell Exec Risk","SEQUENTIAL_REQUIRED","P0","MEDIUM","Guard/refactor one command at a time; no global replacement.","Forbidden: Remove-Item","C:\Users\tonyk\OneDrive\VeritasIntelligenceAnalytics\module\_via_schema_runs\RUN_20260524_180634_TURBO\Invoke_VIA_AtomicExtraction_Startup_v1_1_4_TURBO.ps1"
"2026-06-11T20:29:18.340+08:00","PowerShell Exec Risk","SEQUENTIAL_REQUIRED","P0","MEDIUM","Guard/refactor one command at a time; no global replacement.","Forbidden: Remove-Item","C:\Users\tonyk\OneDrive\VeritasIntelligenceAnalytics\VeritasGlyphForge\via_core\Scripts\activate.ps1"
"2026-06-11T20:29:18.340+08:00","PowerShell Exec Risk","SEQUENTIAL_REQUIRED","P0","MEDIUM","Guard/refactor one command at a time; no global replacement.","Forbidden: Remove-Item","C:\Users\tonyk\OneDrive\VeritasIntelligenceAnalytics\VeritasGlyphForge\via_render\Scripts\activate.ps1"
"2026-06-11T20:29:18.340+08:00","PowerShell Exec Risk","SEQUENTIAL_REQUIRED","P0","MEDIUM","Guard/refactor one command at a time; no global replacement.","Forbidden: Remove-Item","C:\Users\tonyk\OneDrive\VeritasIntelligenceAnalytics\_envs\via_operation_optimizer_2026\Scripts\Activate.ps1"
"2026-06-11T20:29:18.341+08:00","PowerShell Exec Risk","SEQUENTIAL_REQUIRED","P0","MEDIUM","Guard/refactor one command at a time; no global replacement.","Forbidden: Remove-Item","C:\Users\tonyk\OneDrive\VeritasIntelligenceAnalytics\_toolkit_fix_reports\FIX_20260416_215656\backup\VIA_Integrated_Supreme_v1_r2.ps1"
"2026-06-11T20:29:18.341+08:00","PowerShell Exec Risk","SEQUENTIAL_REQUIRED","P0","MEDIUM","Guard/refactor one command at a time; no global replacement.","Forbidden: Remove-Item","C:\Users\tonyk\OneDrive\VeritasIntelligenceAnalytics\_toolkit_fix_reports\FIX_20260416_215656\backup\VIA_Master_Dispatcher.ps1"
"2026-06-11T20:29:18.341+08:00","PowerShell Exec Risk","SEQUENTIAL_REQUIRED","P0","MEDIUM","Guard/refactor one command at a time; no global replacement.","Forbidden: Remove-Item","C:\Users\tonyk\OneDrive\VeritasIntelligenceAnalytics\_toolkit_fix_reports\FIX_20260416_215937\backup\VIA_Integrated_Supreme_v1_r2.ps1"
"2026-06-11T20:29:18.341+08:00","PowerShell Exec Risk","SEQUENTIAL_REQUIRED","P0","MEDIUM","Guard/refactor one command at a time; no global replacement.","Forbidden: Remove-Item","C:\Users\tonyk\OneDrive\VeritasIntelligenceAnalytics\_toolkit_fix_reports\FIX_20260416_215937\backup\VIA_Master_Dispatcher.ps1"
"2026-06-11T20:29:18.341+08:00","PowerShell Exec Risk","SEQUENTIAL_REQUIRED","P0","MEDIUM","Guard/refactor one command at a time; no global replacement.","Forbidden: Remove-Item","C:\Users\tonyk\OneDrive\VeritasIntelligenceAnalytics\_venv\via_amd_cpu\Scripts\Activate.ps1"
"2026-06-11T20:29:18.341+08:00","PowerShell Exec Risk","SEQUENTIAL_REQUIRED","P0","MEDIUM","Guard/refactor one command at a time; no global replacement.","Forbidden: Remove-Item","C:\Users\tonyk\OneDrive\VeritasIntelligenceAnalytics\_venv\via_image\Scripts\Activate.ps1"
"2026-06-11T20:29:18.342+08:00","PowerShell Exec Risk","SEQUENTIAL_REQUIRED","P0","MEDIUM","Guard/refactor one command at a time; no global replacement.","Forbidden: Remove-Item","C:\Users\tonyk\OneDrive\VeritasIntelligenceAnalytics\_venv\via_ml\Scripts\Activate.ps1"
"2026-06-11T20:29:18.342+08:00","PowerShell Exec Risk","SEQUENTIAL_REQUIRED","P0","MEDIUM","Guard/refactor one command at a time; no global replacement.","Forbidden: Remove-Item","C:\Users\tonyk\OneDrive\VeritasIntelligenceAnalytics\_venv\via_ocr\Scripts\Activate.ps1"
"2026-06-11T20:29:18.342+08:00","PowerShell Exec Risk","SEQUENTIAL_REQUIRED","P0","MEDIUM","Guard/refactor one command at a time; no global replacement.","Forbidden: Remove-Item","C:\Users\tonyk\OneDrive\VeritasIntelligenceAnalytics\_venv\via_vrn_m01_test\Scripts\Activate.ps1"
"2026-06-11T20:29:18.342+08:00","PowerShell Exec Risk","SEQUENTIAL_REQUIRED","P0","MEDIUM","Guard/refactor one command at a time; no global replacement.","Forbidden: Remove-Item","C:\Users\tonyk\OneDrive\VeritasIntelligenceAnalytics\module\supportive_module\others\VDF_VRN_Closeout_Kit\VIA_PanoramaFix.ps1"
"2026-06-11T20:29:18.342+08:00","PowerShell Exec Risk","SEQUENTIAL_REQUIRED","P0","MEDIUM","Guard/refactor one command at a time; no global replacement.","Forbidden: Remove-Item","C:\Users\tonyk\OneDrive\VeritasIntelligenceAnalytics\module\_via_panorama_runs\repair_20260416_005655\backup\VDF_Launch_Master.ps1"
"2026-06-11T20:29:18.342+08:00","PowerShell Exec Risk","SEQUENTIAL_REQUIRED","P0","MEDIUM","Guard/refactor one command at a time; no global replacement.","Forbidden: Remove-Item","C:\Users\tonyk\OneDrive\VeritasIntelligenceAnalytics\module\_via_panorama_runs\repair_20260416_005655\backup\VIA_FusionEngine.ps1"
"2026-06-11T20:29:18.343+08:00","PowerShell Exec Risk","SEQUENTIAL_REQUIRED","P0","MEDIUM","Guard/refactor one command at a time; no global replacement.","Forbidden: Remove-Item","C:\Users\tonyk\OneDrive\VeritasIntelligenceAnalytics\module\_via_panorama_runs\repair_20260416_005655\backup\VIA_Integrated_Supreme_v1_r2.ps1"
"2026-06-11T20:29:18.343+08:00","PowerShell Exec Risk","SEQUENTIAL_REQUIRED","P0","MEDIUM","Guard/refactor one command at a time; no global replacement.","Forbidden: Remove-Item","C:\Users\tonyk\OneDrive\VeritasIntelligenceAnalytics\module\_via_panorama_runs\repair_20260416_005655\backup\VIA_LibRegistry_Install_v2.ps1"
"2026-06-11T20:29:18.343+08:00","PowerShell Exec Risk","SEQUENTIAL_REQUIRED","P0","MEDIUM","Guard/refactor one command at a time; no global replacement.","Forbidden: Remove-Item","C:\Users\tonyk\OneDrive\VeritasIntelligenceAnalytics\module\_via_panorama_runs\repair_20260416_005655\backup\VIA_QuadEngine_Supreme.ps1"
"2026-06-11T20:29:18.343+08:00","PowerShell Exec Risk","SEQUENTIAL_REQUIRED","P0","MEDIUM","Guard/refactor one command at a time; no global replacement.","Forbidden: Remove-Item","C:\Users\tonyk\OneDrive\VeritasIntelligenceAnalytics\module\_via_panorama_runs\run_20260415_201636\backup\VDF_Launch_Master.ps1"
"2026-06-11T20:29:18.343+08:00","PowerShell Exec Risk","SEQUENTIAL_REQUIRED","P0","MEDIUM","Guard/refactor one command at a time; no global replacement.","Forbidden: Remove-Item","C:\Users\tonyk\OneDrive\VeritasIntelligenceAnalytics\module\_via_panorama_runs\run_20260415_201636\backup\VIA_FusionEngine.ps1"
"2026-06-11T20:29:18.343+08:00","PowerShell Exec Risk","SEQUENTIAL_REQUIRED","P0","MEDIUM","Guard/refactor one command at a time; no global replacement.","Forbidden: Remove-Item","C:\Users\tonyk\OneDrive\VeritasIntelligenceAnalytics\module\_via_panorama_runs\run_20260415_201636\backup\VIA_Integrated_Supreme_v1_r2.ps1"
"2026-06-11T20:29:18.344+08:00","PowerShell Exec Risk","SEQUENTIAL_REQUIRED","P0","MEDIUM","Guard/refactor one command at a time; no global replacement.","Forbidden: Remove-Item","C:\Users\tonyk\OneDrive\VeritasIntelligenceAnalytics\module\_via_panorama_runs\run_20260415_201636\backup\VIA_LibRegistry_Install_v2.ps1"
"2026-06-11T20:29:18.344+08:00","PowerShell Exec Risk","SEQUENTIAL_REQUIRED","P0","MEDIUM","Guard/refactor one command at a time; no global replacement.","Forbidden: Remove-Item","C:\Users\tonyk\OneDrive\VeritasIntelligenceAnalytics\module\_via_panorama_runs\run_20260415_201636\backup\VIA_QuadEngine_Supreme.ps1"
"2026-06-11T20:29:18.354+08:00","PowerShell Exec Risk","SEQUENTIAL_REQUIRED","P0","MEDIUM","Guard/refactor one command at a time; no global replacement.","Forbidden: Remove-Item","C:\Users\tonyk\OneDrive\VeritasIntelligenceAnalytics\module\supportive_module\_supportive_module_reorg_runs\RUN_20260602_111140\backup_before_move\Invoke-VIA-ALL - 複製.ps1"
"2026-06-11T20:29:18.355+08:00","PowerShell Exec Risk","SEQUENTIAL_REQUIRED","P0","MEDIUM","Guard/refactor one command at a time; no global replacement.","Forbidden: Remove-Item","C:\Users\tonyk\OneDrive\VeritasIntelligenceAnalytics\module\supportive_module\_supportive_module_reorg_runs\RUN_20260602_111140\backup_before_move\Invoke-VIA-ALL.ps1"
"2026-06-11T20:29:18.356+08:00","PowerShell Exec Risk","SEQUENTIAL_REQUIRED","P0","MEDIUM","Guard/refactor one command at a time; no global replacement.","Forbidden: Remove-Item","C:\Users\tonyk\OneDrive\VeritasIntelligenceAnalytics\module\supportive_module\_supportive_module_reorg_runs\RUN_20260602_111140\backup_before_move\VIA_ENV_PARTITION_v2 - 複製.ps1"
"2026-06-11T20:29:18.357+08:00","PowerShell Exec Risk","SEQUENTIAL_REQUIRED","P0","MEDIUM","Guard/refactor one command at a time; no global replacement.","Forbidden: Remove-Item","C:\Users\tonyk\OneDrive\VeritasIntelligenceAnalytics\module\supportive_module\_supportive_module_reorg_runs\RUN_20260602_111140\backup_before_move\VIA_ENV_PARTITION_v2.ps1"
"2026-06-11T20:29:18.357+08:00","PowerShell Exec Risk","SEQUENTIAL_REQUIRED","P0","MEDIUM","Guard/refactor one command at a time; no global replacement.","Forbidden: Remove-Item","C:\Users\tonyk\OneDrive\VeritasIntelligenceAnalytics\module\VRN\_vrn_verified_modules\VRN_VERIFIED_MODULES_20260609_002934\numbered_modules\VRN_MDL188_VRN-AllInOne__REPORT__v0_0.ps1"
"2026-06-11T20:29:18.357+08:00","PowerShell Exec Risk","SEQUENTIAL_REQUIRED","P0","MEDIUM","Guard/refactor one command at a time; no global replacement.","Forbidden: Remove-Item","C:\Users\tonyk\OneDrive\VeritasIntelligenceAnalytics\module\VRN\_vrn_verified_modules\VRN_VERIFIED_MODULES_20260609_002934\numbered_modules\VRN_MDL189_run_vrn_boot_purge_temp_first__MODULE__v0_0.ps1"
"2026-06-11T20:29:18.357+08:00","PowerShell Exec Risk","SEQUENTIAL_REQUIRED","P0","MEDIUM","Guard/refactor one command at a time; no global replacement.","Forbidden: Remove-Item","C:\Users\tonyk\OneDrive\VeritasIntelligenceAnalytics\module\VRN\_vrn_verified_modules\VRN_VERIFIED_MODULES_20260609_002934\numbered_modules\VRN_MDL190_run_vrn_boot_purge_temp_first__REPORT__v0_0.ps1"
"2026-06-11T20:29:18.357+08:00","PowerShell Exec Risk","SEQUENTIAL_REQUIRED","P0","MEDIUM","Guard/refactor one command at a time; no global replacement.","Forbidden: Remove-Item","C:\Users\tonyk\OneDrive\VeritasIntelligenceAnalytics\module\VRN\_vrn_verified_modules\VRN_VERIFIED_MODULES_20260609_002934\numbered_modules\VRN_MDL191_VRN-AllInOne__MODULE__v0_0.ps1"
"2026-06-11T20:29:18.358+08:00","PowerShell Exec Risk","SEQUENTIAL_REQUIRED","P0","MEDIUM","Guard/refactor one command at a time; no global replacement.","Forbidden: Remove-Item","C:\Users\tonyk\OneDrive\VeritasIntelligenceAnalytics\module\VRN\_vrn_verified_modules\VRN_VERIFIED_MODULES_20260609_002934\numbered_modules\VRN_MDL192_run_vrn_summary__REPORT__v0_0.ps1"
"2026-06-11T20:29:18.358+08:00","PowerShell Exec Risk","SEQUENTIAL_REQUIRED","P0","MEDIUM","Guard/refactor one command at a time; no global replacement.","Forbidden: Remove-Item","C:\Users\tonyk\OneDrive\VeritasIntelligenceAnalytics\module\VRN\_vrn_verified_modules\VRN_VERIFIED_MODULES_20260609_002934\numbered_modules\VRN_MDL193_run_vrn__REPORT__v0_0.ps1"
"2026-06-11T20:29:18.358+08:00","PowerShell Exec Risk","SEQUENTIAL_REQUIRED","P0","MEDIUM","Guard/refactor one command at a time; no global replacement.","Forbidden: Remove-Item","C:\Users\tonyk\OneDrive\VeritasIntelligenceAnalytics\module\VRN\_vrn_verified_modules\VRN_VERIFIED_MODULES_20260609_002934\numbered_modules\VRN_MDL194_run_vrn__MODULE__v0_0.ps1"
"2026-06-11T20:29:18.358+08:00","PowerShell Exec Risk","SEQUENTIAL_REQUIRED","P0","MEDIUM","Guard/refactor one command at a time; no global replacement.","Forbidden: Remove-Item","C:\Users\tonyk\OneDrive\VeritasIntelligenceAnalytics\module\VRN\_vrn_verified_modules\VRN_VERIFIED_MODULES_20260609_002934\numbered_modules\VRN_MDL195_run_vrn_summary__MODULE__v0_0.ps1"
"2026-06-11T20:29:18.358+08:00","PowerShell Exec Risk","SEQUENTIAL_REQUIRED","P0","MEDIUM","Guard/refactor one command at a time; no global replacement.","Forbidden: Remove-Item","C:\Users\tonyk\OneDrive\VeritasIntelligenceAnalytics\module\_vgf_unified_runs\VGF_SUPREME_20260419_052338\03_bundle\entrypoint\VeritasGlyphForge_Supreme_AllInOne (4).ps1"
"2026-06-11T20:29:18.359+08:00","PowerShell Exec Risk","SEQUENTIAL_REQUIRED","P0","MEDIUM","Guard/refactor one command at a time; no global replacement.","Forbidden: Remove-Item","C:\Users\tonyk\OneDrive\VeritasIntelligenceAnalytics\module\_vgf_unified_runs\VGF_SUPREME_20260419_052338\03_bundle\entrypoint\VGF_Supreme_Launcher.ps1"
"2026-06-11T20:29:18.359+08:00","PowerShell Exec Risk","SEQUENTIAL_REQUIRED","P0","MEDIUM","Guard/refactor one command at a time; no global replacement.","Forbidden: Remove-Item","C:\Users\tonyk\OneDrive\VeritasIntelligenceAnalytics\module\_vgf_unified_runs\VGF_SUPREME_20260419_052338\03_bundle\entrypoint\VGF_Supreme_v3.ps1"
"2026-06-11T20:29:18.359+08:00","PowerShell Exec Risk","SEQUENTIAL_REQUIRED","P0","MEDIUM","Guard/refactor one command at a time; no global replacement.","Forbidden: Remove-Item","C:\Users\tonyk\OneDrive\VeritasIntelligenceAnalytics\module\_vgf_unified_runs\VGF_SUPREME_20260419_052338\03_bundle\entrypoint\VGF_Supreme_v4.ps1"
"2026-06-11T20:29:18.359+08:00","PowerShell Exec Risk","SEQUENTIAL_REQUIRED","P0","MEDIUM","Guard/refactor one command at a time; no global replacement.","Forbidden: Remove-Item","C:\Users\tonyk\OneDrive\VeritasIntelligenceAnalytics\module\_vgf_unified_runs\VGF_SUPREME_20260419_052338\03_bundle\entrypoint\VIA_QuadEngine_Supreme.ps1"
"2026-06-11T20:29:18.359+08:00","PowerShell Exec Risk","SEQUENTIAL_REQUIRED","P0","MEDIUM","Guard/refactor one command at a time; no global replacement.","Forbidden: Remove-Item","C:\Users\tonyk\OneDrive\VeritasIntelligenceAnalytics\module\_vgf_unified_runs\VGF_SUPREME_20260419_052338\03_bundle\module\VGF_Accel_Panorama_v4.ps1"
"2026-06-11T20:29:18.360+08:00","PowerShell Exec Risk","SEQUENTIAL_REQUIRED","P0","MEDIUM","Guard/refactor one command at a time; no global replacement.","Forbidden: Remove-Item","C:\Users\tonyk\OneDrive\VeritasIntelligenceAnalytics\module\_vgf_unified_runs\VGF_SUPREME_20260419_052338\03_bundle\ops\VGF_Fix_And_Install.ps1"
"2026-06-11T20:29:18.360+08:00","PowerShell Exec Risk","SEQUENTIAL_REQUIRED","P0","MEDIUM","Guard/refactor one command at a time; no global replacement.","Forbidden: Remove-Item","C:\Users\tonyk\OneDrive\VeritasIntelligenceAnalytics\module\_vgf_unified_runs\VGF_SUPREME_20260419_052338\03_bundle\ops\VGF_Fix_Rembg (1).ps1"
"2026-06-11T20:29:18.360+08:00","PowerShell Exec Risk","SEQUENTIAL_REQUIRED","P0","MEDIUM","Guard/refactor one command at a time; no global replacement.","Forbidden: Remove-Item","C:\Users\tonyk\OneDrive\VeritasIntelligenceAnalytics\module\_vgf_unified_runs\VGF_SUPREME_20260419_052338\03_bundle\ops\VIA_VEGN_Deploy_v1.ps1"
"2026-06-11T20:29:18.360+08:00","PowerShell Exec Risk","SEQUENTIAL_REQUIRED","P0","MEDIUM","Guard/refactor one command at a time; no global replacement.","Forbidden: Remove-Item","C:\Users\tonyk\OneDrive\VeritasIntelligenceAnalytics\module\_vgf_unified_runs\VGF_SUPREME_20260419_052338\03_bundle\ui\VGF_Panorama_Locked_v2.ps1"
"2026-06-11T20:29:18.360+08:00","PowerShell Exec Risk","SEQUENTIAL_REQUIRED","P0","MEDIUM","Guard/refactor one command at a time; no global replacement.","Forbidden: Remove-Item","C:\Users\tonyk\OneDrive\VeritasIntelligenceAnalytics\module\_vgf_unified_runs\VGF_SUPREME_20260419_052608\03_bundle\entrypoint\VeritasGlyphForge_Supreme_AllInOne (4).ps1"
"2026-06-11T20:29:18.360+08:00","PowerShell Exec Risk","SEQUENTIAL_REQUIRED","P0","MEDIUM","Guard/refactor one command at a time; no global replacement.","Forbidden: Remove-Item","C:\Users\tonyk\OneDrive\VeritasIntelligenceAnalytics\module\_vgf_unified_runs\VGF_SUPREME_20260419_052608\03_bundle\entrypoint\VGF_Supreme_Launcher.ps1"
"2026-06-11T20:29:18.361+08:00","PowerShell Exec Risk","SEQUENTIAL_REQUIRED","P0","MEDIUM","Guard/refactor one command at a time; no global replacement.","Forbidden: Remove-Item","C:\Users\tonyk\OneDrive\VeritasIntelligenceAnalytics\module\_vgf_unified_runs\VGF_SUPREME_20260419_052608\03_bundle\entrypoint\VGF_Supreme_v3.ps1"
"2026-06-11T20:29:18.361+08:00","PowerShell Exec Risk","SEQUENTIAL_REQUIRED","P0","MEDIUM","Guard/refactor one command at a time; no global replacement.","Forbidden: Remove-Item","C:\Users\tonyk\OneDrive\VeritasIntelligenceAnalytics\module\_vgf_unified_runs\VGF_SUPREME_20260419_052608\03_bundle\entrypoint\VGF_Supreme_v4.ps1"
"2026-06-11T20:29:18.361+08:00","PowerShell Exec Risk","SEQUENTIAL_REQUIRED","P0","MEDIUM","Guard/refactor one command at a time; no global replacement.","Forbidden: Remove-Item","C:\Users\tonyk\OneDrive\VeritasIntelligenceAnalytics\module\_vgf_unified_runs\VGF_SUPREME_20260419_052608\03_bundle\entrypoint\VIA_QuadEngine_Supreme.ps1"
"2026-06-11T20:29:18.361+08:00","PowerShell Exec Risk","SEQUENTIAL_REQUIRED","P0","MEDIUM","Guard/refactor one command at a time; no global replacement.","Forbidden: Remove-Item","C:\Users\tonyk\OneDrive\VeritasIntelligenceAnalytics\module\_vgf_unified_runs\VGF_SUPREME_20260419_052608\03_bundle\module\VGF_Accel_Panorama_v4.ps1"
"2026-06-11T20:29:18.361+08:00","PowerShell Exec Risk","SEQUENTIAL_REQUIRED","P0","MEDIUM","Guard/refactor one command at a time; no global replacement.","Forbidden: Remove-Item","C:\Users\tonyk\OneDrive\VeritasIntelligenceAnalytics\module\_vgf_unified_runs\VGF_SUPREME_20260419_052608\03_bundle\ops\VGF_Fix_And_Install.ps1"
"2026-06-11T20:29:18.362+08:00","PowerShell Exec Risk","SEQUENTIAL_REQUIRED","P0","MEDIUM","Guard/refactor one command at a time; no global replacement.","Forbidden: Remove-Item","C:\Users\tonyk\OneDrive\VeritasIntelligenceAnalytics\module\_vgf_unified_runs\VGF_SUPREME_20260419_052608\03_bundle\ops\VGF_Fix_Rembg (1).ps1"
"2026-06-11T20:29:18.362+08:00","PowerShell Exec Risk","SEQUENTIAL_REQUIRED","P0","MEDIUM","Guard/refactor one command at a time; no global replacement.","Forbidden: Remove-Item","C:\Users\tonyk\OneDrive\VeritasIntelligenceAnalytics\module\_vgf_unified_runs\VGF_SUPREME_20260419_052608\03_bundle\ops\VIA_VEGN_Deploy_v1.ps1"
"2026-06-11T20:29:18.362+08:00","PowerShell Exec Risk","SEQUENTIAL_REQUIRED","P0","MEDIUM","Guard/refactor one command at a time; no global replacement.","Forbidden: Remove-Item","C:\Users\tonyk\OneDrive\VeritasIntelligenceAnalytics\module\_vgf_unified_runs\VGF_SUPREME_20260419_052608\03_bundle\ui\VGF_Panorama_Locked_v2.ps1"
"2026-06-11T20:29:18.363+08:00","PowerShell Exec Risk","SEQUENTIAL_REQUIRED","P0","MEDIUM","Guard/refactor one command at a time; no global replacement.","Forbidden: Remove-Item","C:\Users\tonyk\OneDrive\VeritasIntelligenceAnalytics\module\VCNC\VEGN\OUTPUT\AUTO_FIX_ALL\AUTOFIX_20260413_234414\VIA_VEGN_Step1_v2.patched.ps1"
"2026-06-11T20:29:18.363+08:00","PowerShell Exec Risk","SEQUENTIAL_REQUIRED","P0","MEDIUM","Guard/refactor one command at a time; no global replacement.","Forbidden: Remove-Item","C:\Users\tonyk\OneDrive\VeritasIntelligenceAnalytics\module\VCNC\VEGN\OUTPUT\AUTO_FIX_ALL\AUTOFIX_20260413_234650\VIA_VEGN_Step1_v2.patched.ps1"
"2026-06-11T20:29:18.363+08:00","PowerShell Exec Risk","SEQUENTIAL_REQUIRED","P0","MEDIUM","Guard/refactor one command at a time; no global replacement.","Forbidden: Remove-Item","C:\Users\tonyk\OneDrive\VeritasIntelligenceAnalytics\module\VCNC\VEGN\OUTPUT\PANORAMA_FIX\PANOFIX_20260413_233356\VIA_VEGN_Step1_v2.patched.ps1"
"2026-06-11T20:29:18.363+08:00","PowerShell Exec Risk","SEQUENTIAL_REQUIRED","P0","MEDIUM","Guard/refactor one command at a time; no global replacement.","Forbidden: Remove-Item","C:\Users\tonyk\OneDrive\VeritasIntelligenceAnalytics\module\VRN\_u8j_u8l_mops_browser_session_runs\U8J_U8L_MOPS_BROWSER_SESSION_20260511_153958\.venv_u8j_browser\Scripts\Activate.ps1"
"2026-06-11T20:29:18.363+08:00","PowerShell Exec Risk","SEQUENTIAL_REQUIRED","P0","MEDIUM","Guard/refactor one command at a time; no global replacement.","Forbidden: Remove-Item","C:\Users\tonyk\OneDrive\VeritasIntelligenceAnalytics\module\VRN\_u8j_u8l_mops_browser_session_runs\U8J_U8L_MOPS_BROWSER_SESSION_20260511_203057\.venv_u8j_browser\Scripts\Activate.ps1"
"2026-06-11T20:29:18.364+08:00","PowerShell Exec Risk","SEQUENTIAL_REQUIRED","P0","MEDIUM","Guard/refactor one command at a time; no global replacement.","Forbidden: Remove-Item","C:\Users\tonyk\OneDrive\VeritasIntelligenceAnalytics\module\VRN\_u8j_u8l_mops_browser_session_runs\U8J_U8L_R2_SAFE_INSTALL_REGISTRY_20260511_203834\.venv_u8j_browser\Scripts\Activate.ps1"
"2026-06-11T20:29:18.364+08:00","PowerShell Exec Risk","SEQUENTIAL_REQUIRED","P0","MEDIUM","Guard/refactor one command at a time; no global replacement.","Forbidden: Remove-Item","C:\Users\tonyk\OneDrive\VeritasIntelligenceAnalytics\module\VRN\_vrn_package_runs\VRN_PACKAGE_COMPAT_SMOKE_V061576_20260524_020553\VRN_PRODUCTION_PACKAGE_v061576\commands\run_vrn.ps1"
"2026-06-11T20:29:18.364+08:00","PowerShell Exec Risk","SEQUENTIAL_REQUIRED","P0","MEDIUM","Guard/refactor one command at a time; no global replacement.","Forbidden: Remove-Item","C:\Users\tonyk\OneDrive\VeritasIntelligenceAnalytics\module\VRN\_vrn_package_runs\VRN_PACKAGE_COMPAT_SMOKE_V061576_20260524_020553\VRN_PRODUCTION_PACKAGE_v061576\commands\run_vrn_boot_purge_temp_first.ps1"
"2026-06-11T20:29:18.364+08:00","PowerShell Exec Risk","SEQUENTIAL_REQUIRED","P0","MEDIUM","Guard/refactor one command at a time; no global replacement.","Forbidden: Remove-Item","C:\Users\tonyk\OneDrive\VeritasIntelligenceAnalytics\module\VRN\_vrn_package_runs\VRN_PACKAGE_COMPAT_SMOKE_V061576_20260524_020553\VRN_PRODUCTION_PACKAGE_v061576\commands\run_vrn_summary.ps1"
"2026-06-11T20:29:18.364+08:00","PowerShell Exec Risk","SEQUENTIAL_REQUIRED","P0","MEDIUM","Guard/refactor one command at a time; no global replacement.","Forbidden: Remove-Item","C:\Users\tonyk\OneDrive\VeritasIntelligenceAnalytics\module\VRN\_vrn_package_runs\VRN_PACKAGE_COMPAT_SMOKE_V061576_20260524_020553\VRN_PRODUCTION_PACKAGE_v061576\commands\VIA_ENV_PARTITION_v2.ps1"
"2026-06-11T20:29:18.365+08:00","PowerShell Exec Risk","SEQUENTIAL_REQUIRED","P0","MEDIUM","Guard/refactor one command at a time; no global replacement.","Forbidden: Remove-Item","C:\Users\tonyk\OneDrive\VeritasIntelligenceAnalytics\module\VRN\_vrn_package_runs\VRN_PACKAGE_COMPAT_SMOKE_V061576_20260524_020553\VRN_PRODUCTION_PACKAGE_v061576\commands\VRN-AllInOne.ps1"
"2026-06-11T20:29:18.365+08:00","PowerShell Exec Risk","SEQUENTIAL_REQUIRED","P0","MEDIUM","Guard/refactor one command at a time; no global replacement.","Forbidden: Remove-Item","C:\Users\tonyk\OneDrive\VeritasIntelligenceAnalytics\module\VRN\_vrn_package_runs\VRN_PACKAGE_COMPAT_SMOKE_V061576_20260524_020553\VRN_PRODUCTION_PACKAGE_v061576\commands\VRN_PIPELINE_LAUNCHER.ps1"
"2026-06-11T20:29:18.365+08:00","PowerShell Exec Risk","SEQUENTIAL_REQUIRED","P0","MEDIUM","Guard/refactor one command at a time; no global replacement.","Forbidden: Remove-Item","C:\Users\tonyk\OneDrive\VeritasIntelligenceAnalytics\module\VRN\_u8j_u8l_mops_browser_session_runs\U8J_U8L_MOPS_BROWSER_SESSION_20260511_153958\.venv_u8j_browser\Lib\site-packages\playwright\driver\package\bin\reinstall_chrome_beta_win.ps1"
"2026-06-11T20:29:18.365+08:00","PowerShell Exec Risk","SEQUENTIAL_REQUIRED","P0","MEDIUM","Guard/refactor one command at a time; no global replacement.","Forbidden: Remove-Item","C:\Users\tonyk\OneDrive\VeritasIntelligenceAnalytics\module\VRN\_u8j_u8l_mops_browser_session_runs\U8J_U8L_MOPS_BROWSER_SESSION_20260511_153958\.venv_u8j_browser\Lib\site-packages\playwright\driver\package\bin\reinstall_chrome_stable_win.ps1"
"2026-06-11T20:29:18.365+08:00","PowerShell Exec Risk","SEQUENTIAL_REQUIRED","P0","MEDIUM","Guard/refactor one command at a time; no global replacement.","Forbidden: Remove-Item","C:\Users\tonyk\OneDrive\VeritasIntelligenceAnalytics\module\VRN\_u8j_u8l_mops_browser_session_runs\U8J_U8L_MOPS_BROWSER_SESSION_20260511_153958\.venv_u8j_browser\Lib\site-packages\playwright\driver\package\bin\reinstall_msedge_beta_win.ps1"
"2026-06-11T20:29:18.365+08:00","PowerShell Exec Risk","SEQUENTIAL_REQUIRED","P0","MEDIUM","Guard/refactor one command at a time; no global replacement.","Forbidden: Remove-Item","C:\Users\tonyk\OneDrive\VeritasIntelligenceAnalytics\module\VRN\_u8j_u8l_mops_browser_session_runs\U8J_U8L_MOPS_BROWSER_SESSION_20260511_153958\.venv_u8j_browser\Lib\site-packages\playwright\driver\package\bin\reinstall_msedge_dev_win.ps1"
"2026-06-11T20:29:18.366+08:00","PowerShell Exec Risk","SEQUENTIAL_REQUIRED","P0","MEDIUM","Guard/refactor one command at a time; no global replacement.","Forbidden: Remove-Item","C:\Users\tonyk\OneDrive\VeritasIntelligenceAnalytics\module\VRN\_u8j_u8l_mops_browser_session_runs\U8J_U8L_MOPS_BROWSER_SESSION_20260511_153958\.venv_u8j_browser\Lib\site-packages\playwright\driver\package\bin\reinstall_msedge_stable_win.ps1"
"2026-06-11T20:29:18.366+08:00","PowerShell Exec Risk","SEQUENTIAL_REQUIRED","P0","MEDIUM","Guard/refactor one command at a time; no global replacement.","Forbidden: Remove-Item","C:\Users\tonyk\OneDrive\VeritasIntelligenceAnalytics\module\VRN\_u8j_u8l_mops_browser_session_runs\U8J_U8L_MOPS_BROWSER_SESSION_20260511_203057\.venv_u8j_browser\Lib\site-packages\playwright\driver\package\bin\reinstall_chrome_beta_win.ps1"
"2026-06-11T20:29:18.366+08:00","PowerShell Exec Risk","SEQUENTIAL_REQUIRED","P0","MEDIUM","Guard/refactor one command at a time; no global replacement.","Forbidden: Remove-Item","C:\Users\tonyk\OneDrive\VeritasIntelligenceAnalytics\module\VRN\_u8j_u8l_mops_browser_session_runs\U8J_U8L_MOPS_BROWSER_SESSION_20260511_203057\.venv_u8j_browser\Lib\site-packages\playwright\driver\package\bin\reinstall_chrome_stable_win.ps1"
"2026-06-11T20:29:18.366+08:00","PowerShell Exec Risk","SEQUENTIAL_REQUIRED","P0","MEDIUM","Guard/refactor one command at a time; no global replacement.","Forbidden: Remove-Item","C:\Users\tonyk\OneDrive\VeritasIntelligenceAnalytics\module\VRN\_u8j_u8l_mops_browser_session_runs\U8J_U8L_MOPS_BROWSER_SESSION_20260511_203057\.venv_u8j_browser\Lib\site-packages\playwright\driver\package\bin\reinstall_msedge_beta_win.ps1"
"2026-06-11T20:29:18.366+08:00","PowerShell Exec Risk","SEQUENTIAL_REQUIRED","P0","MEDIUM","Guard/refactor one command at a time; no global replacement.","Forbidden: Remove-Item","C:\Users\tonyk\OneDrive\VeritasIntelligenceAnalytics\module\VRN\_u8j_u8l_mops_browser_session_runs\U8J_U8L_MOPS_BROWSER_SESSION_20260511_203057\.venv_u8j_browser\Lib\site-packages\playwright\driver\package\bin\reinstall_msedge_dev_win.ps1"
"2026-06-11T20:29:18.366+08:00","PowerShell Exec Risk","SEQUENTIAL_REQUIRED","P0","MEDIUM","Guard/refactor one command at a time; no global replacement.","Forbidden: Remove-Item","C:\Users\tonyk\OneDrive\VeritasIntelligenceAnalytics\module\VRN\_u8j_u8l_mops_browser_session_runs\U8J_U8L_MOPS_BROWSER_SESSION_20260511_203057\.venv_u8j_browser\Lib\site-packages\playwright\driver\package\bin\reinstall_msedge_stable_win.ps1"
"2026-06-11T20:29:18.367+08:00","PowerShell Exec Risk","SEQUENTIAL_REQUIRED","P0","MEDIUM","Guard/refactor one command at a time; no global replacement.","Forbidden: Remove-Item","C:\Users\tonyk\OneDrive\VeritasIntelligenceAnalytics\module\VRN\_u8j_u8l_mops_browser_session_runs\U8J_U8L_R2_SAFE_INSTALL_REGISTRY_20260511_203834\.venv_u8j_browser\Lib\site-packages\playwright\driver\package\bin\reinstall_chrome_beta_win.ps1"
"2026-06-11T20:29:18.367+08:00","PowerShell Exec Risk","SEQUENTIAL_REQUIRED","P0","MEDIUM","Guard/refactor one command at a time; no global replacement.","Forbidden: Remove-Item","C:\Users\tonyk\OneDrive\VeritasIntelligenceAnalytics\module\VRN\_u8j_u8l_mops_browser_session_runs\U8J_U8L_R2_SAFE_INSTALL_REGISTRY_20260511_203834\.venv_u8j_browser\Lib\site-packages\playwright\driver\package\bin\reinstall_chrome_stable_win.ps1"
"2026-06-11T20:29:18.367+08:00","PowerShell Exec Risk","SEQUENTIAL_REQUIRED","P0","MEDIUM","Guard/refactor one command at a time; no global replacement.","Forbidden: Remove-Item","C:\Users\tonyk\OneDrive\VeritasIntelligenceAnalytics\module\VRN\_u8j_u8l_mops_browser_session_runs\U8J_U8L_R2_SAFE_INSTALL_REGISTRY_20260511_203834\.venv_u8j_browser\Lib\site-packages\playwright\driver\package\bin\reinstall_msedge_beta_win.ps1"
"2026-06-11T20:29:18.367+08:00","PowerShell Exec Risk","SEQUENTIAL_REQUIRED","P0","MEDIUM","Guard/refactor one command at a time; no global replacement.","Forbidden: Remove-Item","C:\Users\tonyk\OneDrive\VeritasIntelligenceAnalytics\module\VRN\_u8j_u8l_mops_browser_session_runs\U8J_U8L_R2_SAFE_INSTALL_REGISTRY_20260511_203834\.venv_u8j_browser\Lib\site-packages\playwright\driver\package\bin\reinstall_msedge_dev_win.ps1"
"2026-06-11T20:29:18.367+08:00","PowerShell Exec Risk","SEQUENTIAL_REQUIRED","P0","MEDIUM","Guard/refactor one command at a time; no global replacement.","Forbidden: Remove-Item","C:\Users\tonyk\OneDrive\VeritasIntelligenceAnalytics\module\VRN\_u8j_u8l_mops_browser_session_runs\U8J_U8L_R2_SAFE_INSTALL_REGISTRY_20260511_203834\.venv_u8j_browser\Lib\site-packages\playwright\driver\package\bin\reinstall_msedge_stable_win.ps1"
"2026-06-11T20:29:33.500+08:00","Python Compile","SEQUENTIAL_REQUIRED","P1","MEDIUM","Review and fix per file if active dependency.","invalid syntax (via_py_ai_template.py, line 86)","C:\Users\tonyk\OneDrive\VeritasIntelligenceAnalytics\module\template\via_py_ai_template.py"
"2026-06-11T20:29:33.500+08:00","Python Compile","SEQUENTIAL_REQUIRED","P1","MEDIUM","Review and fix per file if active dependency.","expected '(' (via_py_standard_template.py, line 89)","C:\Users\tonyk\OneDrive\VeritasIntelligenceAnalytics\module\template\via_py_standard_template.py"
"2026-06-11T20:29:33.501+08:00","Python Compile","SEQUENTIAL_REQUIRED","P1","MEDIUM","Review and fix per file if active dependency.","invalid syntax (via_py_ai_template (4).py, line 86)","C:\Users\tonyk\OneDrive\VeritasIntelligenceAnalytics\module\VCNC\via_py_ai_template (4).py"
"2026-06-11T20:29:33.501+08:00","Python Compile","SEQUENTIAL_REQUIRED","P1","MEDIUM","Review and fix per file if active dependency.","invalid syntax (via_py_ai_template.py, line 86)","C:\Users\tonyk\OneDrive\VeritasIntelligenceAnalytics\module\VCNC\via_py_ai_template.py"
"2026-06-11T20:29:33.501+08:00","Python Compile","SEQUENTIAL_REQUIRED","P1","MEDIUM","Review and fix per file if active dependency.","expected '(' (via_py_standard_template (2).py, line 89)","C:\Users\tonyk\OneDrive\VeritasIntelligenceAnalytics\module\VCNC\via_py_standard_template (2).py"
"2026-06-11T20:29:33.502+08:00","Python Compile","SEQUENTIAL_REQUIRED","P1","MEDIUM","Review and fix per file if active dependency.","expected '(' (via_py_standard_template.py, line 89)","C:\Users\tonyk\OneDrive\VeritasIntelligenceAnalytics\module\VCNC\via_py_standard_template.py"
"2026-06-11T20:29:33.502+08:00","Python Compile","SEQUENTIAL_REQUIRED","P1","MEDIUM","Review and fix per file if active dependency.","from __future__ imports must occur at the beginning of the file (VDF_DataHub_Orchestrator.py, line 74)","C:\Users\tonyk\OneDrive\VeritasIntelligenceAnalytics\module\VIA Toolkit\VDF_DataHub_Orchestrator.py"
"2026-06-11T20:29:33.502+08:00","Python Compile","SEQUENTIAL_REQUIRED","P1","MEDIUM","Review and fix per file if active dependency.","from __future__ imports must occur at the beginning of the file (VDF_Engine_TWSE.py, line 74)","C:\Users\tonyk\OneDrive\VeritasIntelligenceAnalytics\module\VIA Toolkit\VDF_Engine_TWSE.py"
"2026-06-11T20:29:33.502+08:00","Python Compile","SEQUENTIAL_REQUIRED","P1","MEDIUM","Review and fix per file if active dependency.","from __future__ imports must occur at the beginning of the file (VDF_M00_Config.py, line 74)","C:\Users\tonyk\OneDrive\VeritasIntelligenceAnalytics\module\VIA Toolkit\VDF_M00_Config.py"
"2026-06-11T20:30:03.081+08:00","Documents","PARALLEL_SAFE","P3","LOW","Optional archive/index large reports.","Large files may slow future scans.","C:\Users\tonyk\Downloads\VeritasIntelligenceAnalytics\dict\VDF\_active\VIA_PANORAMIC_CONTINUITY_AUDIT_HOTFIX_v028711_20260611_202803\registry\VIA_AllDocumentsModules_Inventory_v028711.csv"
