row_no,family,symbol,date,value,source,source_file,source_file_name,symbol_col,date_col,value_col,source_col,canonical_key,is_valid,invalid_reasons,record_hash
1,VDF_Global_Commodity,,,,AkShare,C:\Users\tonyk\Downloads\VeritasIntelligenceAnalytics\dict\VDF\_active\VDF_AKSHARE_CANDIDATE_TO_CANONICAL_DRYRUN_v0278_20260610_220705\plan\VDF_AkShare_CandidateToCanonicalDryRunPlan_v0278.json,VDF_AkShare_CandidateToCanonicalDryRunPlan_v0278.json,0,0,0,0,VDF_Global_Commodity|||AkShare,False,symbol_blank;date_blank_or_unparseable;value_blank_or_non_numeric,b99979d24eff9bcd
2,VDF_Global_Commodity,,,,AkShare,C:\Users\tonyk\Downloads\VeritasIntelligenceAnalytics\dict\VDF\_active\VDF_AKSHARE_CANDIDATE_TO_CANONICAL_DRYRUN_v0278_20260610_220705\plan\VDF_AkShare_CandidateToCanonicalDryRunPlan_v0278.json,VDF_AkShare_CandidateToCanonicalDryRunPlan_v0278.json,0,0,0,0,VDF_Global_Commodity|||AkShare,False,symbol_blank;date_blank_or_unparseable;value_blank_or_non_numeric,751d89375767c378
3,VDF_Global_Commodity,,,,AkShare,C:\Users\tonyk\Downloads\VeritasIntelligenceAnalytics\dict\VDF\_active\VDF_AKSHARE_CANDIDATE_TO_CANONICAL_DRYRUN_v0278_20260610_220705\plan\VDF_AkShare_CandidateToCanonicalDryRunPlan_v0278.json,VDF_AkShare_CandidateToCanonicalDryRunPlan_v0278.json,0,0,0,0,VDF_Global_Commodity|||AkShare,False,symbol_blank;date_blank_or_unparseable;value_blank_or_non_numeric,c486fb44b0c9d825
4,VDF_Global_Commodity,,,,AkShare,C:\Users\tonyk\Downloads\VeritasIntelligenceAnalytics\dict\VDF\_active\VDF_AKSHARE_CANDIDATE_TO_CANONICAL_DRYRUN_v0278_20260610_220705\plan\VDF_AkShare_CandidateToCanonicalDryRunPlan_v0278.json,VDF_AkShare_CandidateToCanonicalDryRunPlan_v0278.json,0,0,0,0,VDF_Global_Commodity|||AkShare,False,symbol_blank;date_blank_or_unparseable;value_blank_or_non_numeric,83fc4c90031476ca
5,VDF_Global_Commodity,,,,AkShare,C:\Users\tonyk\Downloads\VeritasIntelligenceAnalytics\dict\VDF\_active\VDF_AKSHARE_CANDIDATE_TO_CANONICAL_DRYRUN_v0278_20260610_220705\plan\VDF_AkShare_CandidateToCanonicalDryRunPlan_v0278.json,VDF_AkShare_CandidateToCanonicalDryRunPlan_v0278.json,0,0,0,0,VDF_Global_Commodity|||AkShare,False,symbol_blank;date_blank_or_unparseable;value_blank_or_non_numeric,e690c1c504ca1fc1
6,VDF_Global_Commodity,,,,AkShare,C:\Users\tonyk\Downloads\VeritasIntelligenceAnalytics\dict\VDF\_active\VDF_AKSHARE_CANDIDATE_TO_CANONICAL_DRYRUN_v0278_20260610_220705\plan\VDF_AkShare_CandidateToCanonicalDryRunPlan_v0278.json,VDF_AkShare_CandidateToCanonicalDryRunPlan_v0278.json,0,0,0,0,VDF_Global_Commodity|||AkShare,False,symbol_blank;date_blank_or_unparseable;value_blank_or_non_numeric,10a1b81ff1c99b07
7,VDF_Global_Commodity,,,,AkShare,C:\Users\tonyk\Downloads\VeritasIntelligenceAnalytics\dict\VDF\_active\VDF_AKSHARE_CANDIDATE_TO_CANONICAL_DRYRUN_v0278_20260610_220705\plan\VDF_AkShare_CandidateToCanonicalDryRunPlan_v0278.json,VDF_AkShare_CandidateToCanonicalDryRunPlan_v0278.json,0,0,0,0,VDF_Global_Commodity|||AkShare,False,symbol_blank;date_blank_or_unparseable;value_blank_or_non_numeric,9c97791463adb621
1,VDF_Global_Commodity,STEEL,2026-02-11,,c40c2417ebcd7bbd,C:\Users\tonyk\Downloads\VeritasIntelligenceAnalytics\dict\VDF\_active\VDF_AKSHARE_CANDIDATE_TO_CANONICAL_DRYRUN_v0278_20260610_220705\preview\VDF_AkShare_CandidateToCanonicalDryRunPreview_v0278.csv,VDF_AkShare_CandidateToCanonicalDryRunPreview_v0278.csv,symbol,date,value,vdf_original_row_hash,VDF_Global_Commodity|STEEL|2026-02-11|c40c2417ebcd7bbd,False,value_blank_or_non_numeric,b834163a42af643f
2,VDF_Global_Commodity,STEEL,2026-02-12,,3b448f17b94509de,C:\Users\tonyk\Downloads\VeritasIntelligenceAnalytics\dict\VDF\_active\VDF_AKSHARE_CANDIDATE_TO_CANONICAL_DRYRUN_v0278_20260610_220705\preview\VDF_AkShare_CandidateToCanonicalDryRunPreview_v0278.csv,VDF_AkShare_CandidateToCanonicalDryRunPreview_v0278.csv,symbol,date,value,vdf_original_row_hash,VDF_Global_Commodity|STEEL|2026-02-12|3b448f17b94509de,False,value_blank_or_non_numeric,37743cf9870af99e
3,VDF_Global_Commodity,STEEL,2026-02-13,,8684c9acc94b1000,C:\Users\tonyk\Downloads\VeritasIntelligenceAnalytics\dict\VDF\_active\VDF_AKSHARE_CANDIDATE_TO_CANONICAL_DRYRUN_v0278_20260610_220705\preview\VDF_AkShare_CandidateToCanonicalDryRunPreview_v0278.csv,VDF_AkShare_CandidateToCanonicalDryRunPreview_v0278.csv,symbol,date,value,vdf_original_row_hash,VDF_Global_Commodity|STEEL|2026-02-13|8684c9acc94b1000,False,value_blank_or_non_numeric,968786c67b844746
4,VDF_Global_Commodity,STEEL,2026-02-14,,09f777d25015dc7d,C:\Users\tonyk\Downloads\VeritasIntelligenceAnalytics\dict\VDF\_active\VDF_AKSHARE_CANDIDATE_TO_CANONICAL_DRYRUN_v0278_20260610_220705\preview\VDF_AkShare_CandidateToCanonicalDryRunPreview_v0278.csv,VDF_AkShare_CandidateToCanonicalDryRunPreview_v0278.csv,symbol,date,value,vdf_original_row_hash,VDF_Global_Commodity|STEEL|2026-02-14|09f777d25015dc7d,False,value_blank_or_non_numeric,9dcdfae8d4ef5c94
5,VDF_Global_Commodity,STEEL,2026-02-15,,ca18e72573fe5a0f,C:\Users\tonyk\Downloads\VeritasIntelligenceAnalytics\dict\VDF\_active\VDF_AKSHARE_CANDIDATE_TO_CANONICAL_DRYRUN_v0278_20260610_220705\preview\VDF_AkShare_CandidateToCanonicalDryRunPreview_v0278.csv,VDF_AkShare_CandidateToCanonicalDryRunPreview_v0278.csv,symbol,date,value,vdf_original_row_hash,VDF_Global_Commodity|STEEL|2026-02-15|ca18e72573fe5a0f,False,value_blank_or_non_numeric,4ce66bfde3a17f2b
6,VDF_Global_Commodity,STEEL,2026-02-16,,0dcea352e5f26e04,C:\Users\tonyk\Downloads\VeritasIntelligenceAnalytics\dict\VDF\_active\VDF_AKSHARE_CANDIDATE_TO_CANONICAL_DRYRUN_v0278_20260610_220705\preview\VDF_AkShare_CandidateToCanonicalDryRunPreview_v0278.csv,VDF_AkShare_CandidateToCanonicalDryRunPreview_v0278.csv,symbol,date,value,vdf_original_row_hash,VDF_Global_Commodity|STEEL|2026-02-16|0dcea352e5f26e04,False,value_blank_or_non_numeric,04304568a121fe4d
7,VDF_Global_Commodity,STEEL,2026-02-17,,5d472fb1b3e9abab,C:\Users\tonyk\Downloads\VeritasIntelligenceAnalytics\dict\VDF\_active\VDF_AKSHARE_CANDIDATE_TO_CANONICAL_DRYRUN_v0278_20260610_220705\preview\VDF_AkShare_CandidateToCanonicalDryRunPreview_v0278.csv,VDF_AkShare_CandidateToCanonicalDryRunPreview_v0278.csv,symbol,date,value,vdf_original_row_hash,VDF_Global_Commodity|STEEL|2026-02-17|5d472fb1b3e9abab,False,value_blank_or_non_numeric,80fe54211515d536
8,VDF_Global_Commodity,STEEL,2026-02-18,,535bf7b6e3430232,C:\Users\tonyk\Downloads\VeritasIntelligenceAnalytics\dict\VDF\_active\VDF_AKSHARE_CANDIDATE_TO_CANONICAL_DRYRUN_v0278_20260610_220705\preview\VDF_AkShare_CandidateToCanonicalDryRunPreview_v0278.csv,VDF_AkShare_CandidateToCanonicalDryRunPreview_v0278.csv,symbol,date,value,vdf_original_row_hash,VDF_Global_Commodity|STEEL|2026-02-18|535bf7b6e3430232,False,value_blank_or_non_numeric,69b60752270b4964
9,VDF_Global_Commodity,STEEL,2026-02-19,,93ccf2874d3c432f,C:\Users\tonyk\Downloads\VeritasIntelligenceAnalytics\dict\VDF\_active\VDF_AKSHARE_CANDIDATE_TO_CANONICAL_DRYRUN_v0278_20260610_220705\preview\VDF_AkShare_CandidateToCanonicalDryRunPreview_v0278.csv,VDF_AkShare_CandidateToCanonicalDryRunPreview_v0278.csv,symbol,date,value,vdf_original_row_hash,VDF_Global_Commodity|STEEL|2026-02-19|93ccf2874d3c432f,False,value_blank_or_non_numeric,c461256bd9e0f784
10,VDF_Global_Commodity,STEEL,2026-02-20,,a6e5f47f15e1ee98,C:\Users\tonyk\Downloads\VeritasIntelligenceAnalytics\dict\VDF\_active\VDF_AKSHARE_CANDIDATE_TO_CANONICAL_DRYRUN_v0278_20260610_220705\preview\VDF_AkShare_CandidateToCanonicalDryRunPreview_v0278.csv,VDF_AkShare_CandidateToCanonicalDryRunPreview_v0278.csv,symbol,date,value,vdf_original_row_hash,VDF_Global_Commodity|STEEL|2026-02-20|a6e5f47f15e1ee98,False,value_blank_or_non_numeric,b236c2d3a7ad0c78
11,VDF_Global_Commodity,STEEL,2026-02-21,,5cfbb675a90114b7,C:\Users\tonyk\Downloads\VeritasIntelligenceAnalytics\dict\VDF\_active\VDF_AKSHARE_CANDIDATE_TO_CANONICAL_DRYRUN_v0278_20260610_220705\preview\VDF_AkShare_CandidateToCanonicalDryRunPreview_v0278.csv,VDF_AkShare_CandidateToCanonicalDryRunPreview_v0278.csv,symbol,date,value,vdf_original_row_hash,VDF_Global_Commodity|STEEL|2026-02-21|5cfbb675a90114b7,False,value_blank_or_non_numeric,eb2b8bd3897761f6
12,VDF_Global_Commodity,STEEL,2026-02-22,,29a946d4ec5fc967,C:\Users\tonyk\Downloads\VeritasIntelligenceAnalytics\dict\VDF\_active\VDF_AKSHARE_CANDIDATE_TO_CANONICAL_DRYRUN_v0278_20260610_220705\preview\VDF_AkShare_CandidateToCanonicalDryRunPreview_v0278.csv,VDF_AkShare_CandidateToCanonicalDryRunPreview_v0278.csv,symbol,date,value,vdf_original_row_hash,VDF_Global_Commodity|STEEL|2026-02-22|29a946d4ec5fc967,False,value_blank_or_non_numeric,b0318a664cf10968
13,VDF_Global_Commodity,STEEL,2026-02-23,,5a4173ed26210734,C:\Users\tonyk\Downloads\VeritasIntelligenceAnalytics\dict\VDF\_active\VDF_AKSHARE_CANDIDATE_TO_CANONICAL_DRYRUN_v0278_20260610_220705\preview\VDF_AkShare_CandidateToCanonicalDryRunPreview_v0278.csv,VDF_AkShare_CandidateToCanonicalDryRunPreview_v0278.csv,symbol,date,value,vdf_original_row_hash,VDF_Global_Commodity|STEEL|2026-02-23|5a4173ed26210734,False,value_blank_or_non_numeric,3bab543839d12c56
14,VDF_Global_Commodity,STEEL,2026-02-24,,ab0f0604f90466da,C:\Users\tonyk\Downloads\VeritasIntelligenceAnalytics\dict\VDF\_active\VDF_AKSHARE_CANDIDATE_TO_CANONICAL_DRYRUN_v0278_20260610_220705\preview\VDF_AkShare_CandidateToCanonicalDryRunPreview_v0278.csv,VDF_AkShare_CandidateToCanonicalDryRunPreview_v0278.csv,symbol,date,value,vdf_original_row_hash,VDF_Global_Commodity|STEEL|2026-02-24|ab0f0604f90466da,False,value_blank_or_non_numeric,82d94aae052f4103
15,VDF_Global_Commodity,STEEL,2026-02-25,,6f0de1fbd6f8e642,C:\Users\tonyk\Downloads\VeritasIntelligenceAnalytics\dict\VDF\_active\VDF_AKSHARE_CANDIDATE_TO_CANONICAL_DRYRUN_v0278_20260610_220705\preview\VDF_AkShare_CandidateToCanonicalDryRunPreview_v0278.csv,VDF_AkShare_CandidateToCanonicalDryRunPreview_v0278.csv,symbol,date,value,vdf_original_row_hash,VDF_Global_Commodity|STEEL|2026-02-25|6f0de1fbd6f8e642,False,value_blank_or_non_numeric,72cd09ec2b867f97
16,VDF_Global_Commodity,STEEL,2026-02-26,,4ccc40fde45d0d50,C:\Users\tonyk\Downloads\VeritasIntelligenceAnalytics\dict\VDF\_active\VDF_AKSHARE_CANDIDATE_TO_CANONICAL_DRYRUN_v0278_20260610_220705\preview\VDF_AkShare_CandidateToCanonicalDryRunPreview_v0278.csv,VDF_AkShare_CandidateToCanonicalDryRunPreview_v0278.csv,symbol,date,value,vdf_original_row_hash,VDF_Global_Commodity|STEEL|2026-02-26|4ccc40fde45d0d50,False,value_blank_or_non_numeric,627300b44e843fab
17,VDF_Global_Commodity,STEEL,2026-02-27,,c8d504cadb0d14b0,C:\Users\tonyk\Downloads\VeritasIntelligenceAnalytics\dict\VDF\_active\VDF_AKSHARE_CANDIDATE_TO_CANONICAL_DRYRUN_v0278_20260610_220705\preview\VDF_AkShare_CandidateToCanonicalDryRunPreview_v0278.csv,VDF_AkShare_CandidateToCanonicalDryRunPreview_v0278.csv,symbol,date,value,vdf_original_row_hash,VDF_Global_Commodity|STEEL|2026-02-27|c8d504cadb0d14b0,False,value_blank_or_non_numeric,6311413df9e41764
18,VDF_Global_Commodity,STEEL,2026-02-28,,818e7385d2662293,C:\Users\tonyk\Downloads\VeritasIntelligenceAnalytics\dict\VDF\_active\VDF_AKSHARE_CANDIDATE_TO_CANONICAL_DRYRUN_v0278_20260610_220705\preview\VDF_AkShare_CandidateToCanonicalDryRunPreview_v0278.csv,VDF_AkShare_CandidateToCanonicalDryRunPreview_v0278.csv,symbol,date,value,vdf_original_row_hash,VDF_Global_Commodity|STEEL|2026-02-28|818e7385d2662293,False,value_blank_or_non_numeric,7b89e2a1a1689ea5
19,VDF_Global_Commodity,STEEL,2026-03-01,,7eadaffe5daf8a4b,C:\Users\tonyk\Downloads\VeritasIntelligenceAnalytics\dict\VDF\_active\VDF_AKSHARE_CANDIDATE_TO_CANONICAL_DRYRUN_v0278_20260610_220705\preview\VDF_AkShare_CandidateToCanonicalDryRunPreview_v0278.csv,VDF_AkShare_CandidateToCanonicalDryRunPreview_v0278.csv,symbol,date,value,vdf_original_row_hash,VDF_Global_Commodity|STEEL|2026-03-01|7eadaffe5daf8a4b,False,value_blank_or_non_numeric,b46c6c2a9a8a5478
20,VDF_Global_Commodity,STEEL,2026-03-02,,2c54d68a43122383,C:\Users\tonyk\Downloads\VeritasIntelligenceAnalytics\dict\VDF\_active\VDF_AKSHARE_CANDIDATE_TO_CANONICAL_DRYRUN_v0278_20260610_220705\preview\VDF_AkShare_CandidateToCanonicalDryRunPreview_v0278.csv,VDF_AkShare_CandidateToCanonicalDryRunPreview_v0278.csv,symbol,date,value,vdf_original_row_hash,VDF_Global_Commodity|STEEL|2026-03-02|2c54d68a43122383,False,value_blank_or_non_numeric,f85f0a667cfea4ea
21,VDF_Global_Commodity,STEEL,2026-03-03,,37cc186309da4a00,C:\Users\tonyk\Downloads\VeritasIntelligenceAnalytics\dict\VDF\_active\VDF_AKSHARE_CANDIDATE_TO_CANONICAL_DRYRUN_v0278_20260610_220705\preview\VDF_AkShare_CandidateToCanonicalDryRunPreview_v0278.csv,VDF_AkShare_CandidateToCanonicalDryRunPreview_v0278.csv,symbol,date,value,vdf_original_row_hash,VDF_Global_Commodity|STEEL|2026-03-03|37cc186309da4a00,False,value_blank_or_non_numeric,13a0885eb56c8616
22,VDF_Global_Commodity,STEEL,2026-03-04,,e78cd7920e51fb44,C:\Users\tonyk\Downloads\VeritasIntelligenceAnalytics\dict\VDF\_active\VDF_AKSHARE_CANDIDATE_TO_CANONICAL_DRYRUN_v0278_20260610_220705\preview\VDF_AkShare_CandidateToCanonicalDryRunPreview_v0278.csv,VDF_AkShare_CandidateToCanonicalDryRunPreview_v0278.csv,symbol,date,value,vdf_original_row_hash,VDF_Global_Commodity|STEEL|2026-03-04|e78cd7920e51fb44,False,value_blank_or_non_numeric,4f0abc872dd0a219
23,VDF_Global_Commodity,STEEL,2026-03-05,,cc271d0008d7b055,C:\Users\tonyk\Downloads\VeritasIntelligenceAnalytics\dict\VDF\_active\VDF_AKSHARE_CANDIDATE_TO_CANONICAL_DRYRUN_v0278_20260610_220705\preview\VDF_AkShare_CandidateToCanonicalDryRunPreview_v0278.csv,VDF_AkShare_CandidateToCanonicalDryRunPreview_v0278.csv,symbol,date,value,vdf_original_row_hash,VDF_Global_Commodity|STEEL|2026-03-05|cc271d0008d7b055,False,value_blank_or_non_numeric,a0ae3b2a408ac364
24,VDF_Global_Commodity,STEEL,2026-03-06,,f3db4b934b23abba,C:\Users\tonyk\Downloads\VeritasIntelligenceAnalytics\dict\VDF\_active\VDF_AKSHARE_CANDIDATE_TO_CANONICAL_DRYRUN_v0278_20260610_220705\preview\VDF_AkShare_CandidateToCanonicalDryRunPreview_v0278.csv,VDF_AkShare_CandidateToCanonicalDryRunPreview_v0278.csv,symbol,date,value,vdf_original_row_hash,VDF_Global_Commodity|STEEL|2026-03-06|f3db4b934b23abba,False,value_blank_or_non_numeric,5be5468041926e06
25,VDF_Global_Commodity,STEEL,2026-03-07,,9735c7ec5b93b9c9,C:\Users\tonyk\Downloads\VeritasIntelligenceAnalytics\dict\VDF\_active\VDF_AKSHARE_CANDIDATE_TO_CANONICAL_DRYRUN_v0278_20260610_220705\preview\VDF_AkShare_CandidateToCanonicalDryRunPreview_v0278.csv,VDF_AkShare_CandidateToCanonicalDryRunPreview_v0278.csv,symbol,date,value,vdf_original_row_hash,VDF_Global_Commodity|STEEL|2026-03-07|9735c7ec5b93b9c9,False,value_blank_or_non_numeric,3e823eead056dc6a
26,VDF_Global_Commodity,STEEL,2026-03-08,,16163911df5494d9,C:\Users\tonyk\Downloads\VeritasIntelligenceAnalytics\dict\VDF\_active\VDF_AKSHARE_CANDIDATE_TO_CANONICAL_DRYRUN_v0278_20260610_220705\preview\VDF_AkShare_CandidateToCanonicalDryRunPreview_v0278.csv,VDF_AkShare_CandidateToCanonicalDryRunPreview_v0278.csv,symbol,date,value,vdf_original_row_hash,VDF_Global_Commodity|STEEL|2026-03-08|16163911df5494d9,False,value_blank_or_non_numeric,e09fe5a0e24601df
27,VDF_Global_Commodity,STEEL,2026-03-09,,9060518e291d820e,C:\Users\tonyk\Downloads\VeritasIntelligenceAnalytics\dict\VDF\_active\VDF_AKSHARE_CANDIDATE_TO_CANONICAL_DRYRUN_v0278_20260610_220705\preview\VDF_AkShare_CandidateToCanonicalDryRunPreview_v0278.csv,VDF_AkShare_CandidateToCanonicalDryRunPreview_v0278.csv,symbol,date,value,vdf_original_row_hash,VDF_Global_Commodity|STEEL|2026-03-09|9060518e291d820e,False,value_blank_or_non_numeric,b45e9a837f99e592
28,VDF_Global_Commodity,STEEL,2026-03-10,,0dc12c7d35aa244d,C:\Users\tonyk\Downloads\VeritasIntelligenceAnalytics\dict\VDF\_active\VDF_AKSHARE_CANDIDATE_TO_CANONICAL_DRYRUN_v0278_20260610_220705\preview\VDF_AkShare_CandidateToCanonicalDryRunPreview_v0278.csv,VDF_AkShare_CandidateToCanonicalDryRunPreview_v0278.csv,symbol,date,value,vdf_original_row_hash,VDF_Global_Commodity|STEEL|2026-03-10|0dc12c7d35aa244d,False,value_blank_or_non_numeric,11b1d8968602e268
29,VDF_Global_Commodity,STEEL,2026-03-11,,7d625341a2355380,C:\Users\tonyk\Downloads\VeritasIntelligenceAnalytics\dict\VDF\_active\VDF_AKSHARE_CANDIDATE_TO_CANONICAL_DRYRUN_v0278_20260610_220705\preview\VDF_AkShare_CandidateToCanonicalDryRunPreview_v0278.csv,VDF_AkShare_CandidateToCanonicalDryRunPreview_v0278.csv,symbol,date,value,vdf_original_row_hash,VDF_Global_Commodity|STEEL|2026-03-11|7d625341a2355380,False,value_blank_or_non_numeric,21cd1dc8f12cf702
30,VDF_Global_Commodity,STEEL,2026-03-12,,7b8bcd717565f003,C:\Users\tonyk\Downloads\VeritasIntelligenceAnalytics\dict\VDF\_active\VDF_AKSHARE_CANDIDATE_TO_CANONICAL_DRYRUN_v0278_20260610_220705\preview\VDF_AkShare_CandidateToCanonicalDryRunPreview_v0278.csv,VDF_AkShare_CandidateToCanonicalDryRunPreview_v0278.csv,symbol,date,value,vdf_original_row_hash,VDF_Global_Commodity|STEEL|2026-03-12|7b8bcd717565f003,False,value_blank_or_non_numeric,36409e6a606d907f
31,VDF_Global_Commodity,STEEL,2026-03-13,,d8158ab27228fcd8,C:\Users\tonyk\Downloads\VeritasIntelligenceAnalytics\dict\VDF\_active\VDF_AKSHARE_CANDIDATE_TO_CANONICAL_DRYRUN_v0278_20260610_220705\preview\VDF_AkShare_CandidateToCanonicalDryRunPreview_v0278.csv,VDF_AkShare_CandidateToCanonicalDryRunPreview_v0278.csv,symbol,date,value,vdf_original_row_hash,VDF_Global_Commodity|STEEL|2026-03-13|d8158ab27228fcd8,False,value_blank_or_non_numeric,bbdf3134ee0a29e7
32,VDF_Global_Commodity,STEEL,2026-03-14,,9515ee2246024c2c,C:\Users\tonyk\Downloads\VeritasIntelligenceAnalytics\dict\VDF\_active\VDF_AKSHARE_CANDIDATE_TO_CANONICAL_DRYRUN_v0278_20260610_220705\preview\VDF_AkShare_CandidateToCanonicalDryRunPreview_v0278.csv,VDF_AkShare_CandidateToCanonicalDryRunPreview_v0278.csv,symbol,date,value,vdf_original_row_hash,VDF_Global_Commodity|STEEL|2026-03-14|9515ee2246024c2c,False,value_blank_or_non_numeric,097f547e5596d89c
33,VDF_Global_Commodity,STEEL,2026-03-15,,55637629d191fee0,C:\Users\tonyk\Downloads\VeritasIntelligenceAnalytics\dict\VDF\_active\VDF_AKSHARE_CANDIDATE_TO_CANONICAL_DRYRUN_v0278_20260610_220705\preview\VDF_AkShare_CandidateToCanonicalDryRunPreview_v0278.csv,VDF_AkShare_CandidateToCanonicalDryRunPreview_v0278.csv,symbol,date,value,vdf_original_row_hash,VDF_Global_Commodity|STEEL|2026-03-15|55637629d191fee0,False,value_blank_or_non_numeric,a20ed5fcff671197
34,VDF_Global_Commodity,STEEL,2026-03-16,,65e78a49600b4b8e,C:\Users\tonyk\Downloads\VeritasIntelligenceAnalytics\dict\VDF\_active\VDF_AKSHARE_CANDIDATE_TO_CANONICAL_DRYRUN_v0278_20260610_220705\preview\VDF_AkShare_CandidateToCanonicalDryRunPreview_v0278.csv,VDF_AkShare_CandidateToCanonicalDryRunPreview_v0278.csv,symbol,date,value,vdf_original_row_hash,VDF_Global_Commodity|STEEL|2026-03-16|65e78a49600b4b8e,False,value_blank_or_non_numeric,60424315d6359361
35,VDF_Global_Commodity,STEEL,2026-03-17,,f297d35138322f27,C:\Users\tonyk\Downloads\VeritasIntelligenceAnalytics\dict\VDF\_active\VDF_AKSHARE_CANDIDATE_TO_CANONICAL_DRYRUN_v0278_20260610_220705\preview\VDF_AkShare_CandidateToCanonicalDryRunPreview_v0278.csv,VDF_AkShare_CandidateToCanonicalDryRunPreview_v0278.csv,symbol,date,value,vdf_original_row_hash,VDF_Global_Commodity|STEEL|2026-03-17|f297d35138322f27,False,value_blank_or_non_numeric,674182b5a0c5970a
36,VDF_Global_Commodity,STEEL,2026-03-18,,0a79a3ad51296d62,C:\Users\tonyk\Downloads\VeritasIntelligenceAnalytics\dict\VDF\_active\VDF_AKSHARE_CANDIDATE_TO_CANONICAL_DRYRUN_v0278_20260610_220705\preview\VDF_AkShare_CandidateToCanonicalDryRunPreview_v0278.csv,VDF_AkShare_CandidateToCanonicalDryRunPreview_v0278.csv,symbol,date,value,vdf_original_row_hash,VDF_Global_Commodity|STEEL|2026-03-18|0a79a3ad51296d62,False,value_blank_or_non_numeric,1185fed7be41ae93
37,VDF_Global_Commodity,STEEL,2026-03-19,,504a312dd35f7fe1,C:\Users\tonyk\Downloads\VeritasIntelligenceAnalytics\dict\VDF\_active\VDF_AKSHARE_CANDIDATE_TO_CANONICAL_DRYRUN_v0278_20260610_220705\preview\VDF_AkShare_CandidateToCanonicalDryRunPreview_v0278.csv,VDF_AkShare_CandidateToCanonicalDryRunPreview_v0278.csv,symbol,date,value,vdf_original_row_hash,VDF_Global_Commodity|STEEL|2026-03-19|504a312dd35f7fe1,False,value_blank_or_non_numeric,d8ffe7db39f45c59
38,VDF_Global_Commodity,STEEL,2026-03-20,,29825bdde4c72258,C:\Users\tonyk\Downloads\VeritasIntelligenceAnalytics\dict\VDF\_active\VDF_AKSHARE_CANDIDATE_TO_CANONICAL_DRYRUN_v0278_20260610_220705\preview\VDF_AkShare_CandidateToCanonicalDryRunPreview_v0278.csv,VDF_AkShare_CandidateToCanonicalDryRunPreview_v0278.csv,symbol,date,value,vdf_original_row_hash,VDF_Global_Commodity|STEEL|2026-03-20|29825bdde4c72258,False,value_blank_or_non_numeric,b2d41392e4340e3d
39,VDF_Global_Commodity,STEEL,2026-03-21,,18dee12bdc0d7b13,C:\Users\tonyk\Downloads\VeritasIntelligenceAnalytics\dict\VDF\_active\VDF_AKSHARE_CANDIDATE_TO_CANONICAL_DRYRUN_v0278_20260610_220705\preview\VDF_AkShare_CandidateToCanonicalDryRunPreview_v0278.csv,VDF_AkShare_CandidateToCanonicalDryRunPreview_v0278.csv,symbol,date,value,vdf_original_row_hash,VDF_Global_Commodity|STEEL|2026-03-21|18dee12bdc0d7b13,False,value_blank_or_non_numeric,93d0fba377469e16
40,VDF_Global_Commodity,STEEL,2026-03-22,,e23a26fa81f19fd1,C:\Users\tonyk\Downloads\VeritasIntelligenceAnalytics\dict\VDF\_active\VDF_AKSHARE_CANDIDATE_TO_CANONICAL_DRYRUN_v0278_20260610_220705\preview\VDF_AkShare_CandidateToCanonicalDryRunPreview_v0278.csv,VDF_AkShare_CandidateToCanonicalDryRunPreview_v0278.csv,symbol,date,value,vdf_original_row_hash,VDF_Global_Commodity|STEEL|2026-03-22|e23a26fa81f19fd1,False,value_blank_or_non_numeric,abfb68934a2dfacb
41,VDF_Global_Commodity,STEEL,2026-03-23,,20767ebf681798b3,C:\Users\tonyk\Downloads\VeritasIntelligenceAnalytics\dict\VDF\_active\VDF_AKSHARE_CANDIDATE_TO_CANONICAL_DRYRUN_v0278_20260610_220705\preview\VDF_AkShare_CandidateToCanonicalDryRunPreview_v0278.csv,VDF_AkShare_CandidateToCanonicalDryRunPreview_v0278.csv,symbol,date,value,vdf_original_row_hash,VDF_Global_Commodity|STEEL|2026-03-23|20767ebf681798b3,False,value_blank_or_non_numeric,6daf2cd24b59874a
42,VDF_Global_Commodity,STEEL,2026-03-24,,0dc0dd9f540e1006,C:\Users\tonyk\Downloads\VeritasIntelligenceAnalytics\dict\VDF\_active\VDF_AKSHARE_CANDIDATE_TO_CANONICAL_DRYRUN_v0278_20260610_220705\preview\VDF_AkShare_CandidateToCanonicalDryRunPreview_v0278.csv,VDF_AkShare_CandidateToCanonicalDryRunPreview_v0278.csv,symbol,date,value,vdf_original_row_hash,VDF_Global_Commodity|STEEL|2026-03-24|0dc0dd9f540e1006,False,value_blank_or_non_numeric,7b9e33d845e8408a
43,VDF_Global_Commodity,STEEL,2026-03-25,,aba9ec3be54be9d2,C:\Users\tonyk\Downloads\VeritasIntelligenceAnalytics\dict\VDF\_active\VDF_AKSHARE_CANDIDATE_TO_CANONICAL_DRYRUN_v0278_20260610_220705\preview\VDF_AkShare_CandidateToCanonicalDryRunPreview_v0278.csv,VDF_AkShare_CandidateToCanonicalDryRunPreview_v0278.csv,symbol,date,value,vdf_original_row_hash,VDF_Global_Commodity|STEEL|2026-03-25|aba9ec3be54be9d2,False,value_blank_or_non_numeric,d82f0a9d56ab0ae5
44,VDF_Global_Commodity,STEEL,2026-03-26,,0558c7458ebc271e,C:\Users\tonyk\Downloads\VeritasIntelligenceAnalytics\dict\VDF\_active\VDF_AKSHARE_CANDIDATE_TO_CANONICAL_DRYRUN_v0278_20260610_220705\preview\VDF_AkShare_CandidateToCanonicalDryRunPreview_v0278.csv,VDF_AkShare_CandidateToCanonicalDryRunPreview_v0278.csv,symbol,date,value,vdf_original_row_hash,VDF_Global_Commodity|STEEL|2026-03-26|0558c7458ebc271e,False,value_blank_or_non_numeric,0f635dd32b509aef
45,VDF_Global_Commodity,STEEL,2026-03-27,,8f195ae7e1656edb,C:\Users\tonyk\Downloads\VeritasIntelligenceAnalytics\dict\VDF\_active\VDF_AKSHARE_CANDIDATE_TO_CANONICAL_DRYRUN_v0278_20260610_220705\preview\VDF_AkShare_CandidateToCanonicalDryRunPreview_v0278.csv,VDF_AkShare_CandidateToCanonicalDryRunPreview_v0278.csv,symbol,date,value,vdf_original_row_hash,VDF_Global_Commodity|STEEL|2026-03-27|8f195ae7e1656edb,False,value_blank_or_non_numeric,8e0adc9220cae754
46,VDF_Global_Commodity,STEEL,2026-03-28,,22f4ae66b6e10323,C:\Users\tonyk\Downloads\VeritasIntelligenceAnalytics\dict\VDF\_active\VDF_AKSHARE_CANDIDATE_TO_CANONICAL_DRYRUN_v0278_20260610_220705\preview\VDF_AkShare_CandidateToCanonicalDryRunPreview_v0278.csv,VDF_AkShare_CandidateToCanonicalDryRunPreview_v0278.csv,symbol,date,value,vdf_original_row_hash,VDF_Global_Commodity|STEEL|2026-03-28|22f4ae66b6e10323,False,value_blank_or_non_numeric,51f1cc33e3d8baa1
47,VDF_Global_Commodity,STEEL,2026-03-29,,1fbb5c414b48cb93,C:\Users\tonyk\Downloads\VeritasIntelligenceAnalytics\dict\VDF\_active\VDF_AKSHARE_CANDIDATE_TO_CANONICAL_DRYRUN_v0278_20260610_220705\preview\VDF_AkShare_CandidateToCanonicalDryRunPreview_v0278.csv,VDF_AkShare_CandidateToCanonicalDryRunPreview_v0278.csv,symbol,date,value,vdf_original_row_hash,VDF_Global_Commodity|STEEL|2026-03-29|1fbb5c414b48cb93,False,value_blank_or_non_numeric,e6d64bc24508f8a2
48,VDF_Global_Commodity,STEEL,2026-03-30,,2b1fe75b192afdcb,C:\Users\tonyk\Downloads\VeritasIntelligenceAnalytics\dict\VDF\_active\VDF_AKSHARE_CANDIDATE_TO_CANONICAL_DRYRUN_v0278_20260610_220705\preview\VDF_AkShare_CandidateToCanonicalDryRunPreview_v0278.csv,VDF_AkShare_CandidateToCanonicalDryRunPreview_v0278.csv,symbol,date,value,vdf_original_row_hash,VDF_Global_Commodity|STEEL|2026-03-30|2b1fe75b192afdcb,False,value_blank_or_non_numeric,8cebeea225e2bdc5
49,VDF_Global_Commodity,STEEL,2026-03-31,,16784e29a87f3a4b,C:\Users\tonyk\Downloads\VeritasIntelligenceAnalytics\dict\VDF\_active\VDF_AKSHARE_CANDIDATE_TO_CANONICAL_DRYRUN_v0278_20260610_220705\preview\VDF_AkShare_CandidateToCanonicalDryRunPreview_v0278.csv,VDF_AkShare_CandidateToCanonicalDryRunPreview_v0278.csv,symbol,date,value,vdf_original_row_hash,VDF_Global_Commodity|STEEL|2026-03-31|16784e29a87f3a4b,False,value_blank_or_non_numeric,d8529dbb3c15b940
50,VDF_Global_Commodity,STEEL,2026-04-01,,cf33135c5c7ab500,C:\Users\tonyk\Downloads\VeritasIntelligenceAnalytics\dict\VDF\_active\VDF_AKSHARE_CANDIDATE_TO_CANONICAL_DRYRUN_v0278_20260610_220705\preview\VDF_AkShare_CandidateToCanonicalDryRunPreview_v0278.csv,VDF_AkShare_CandidateToCanonicalDryRunPreview_v0278.csv,symbol,date,value,vdf_original_row_hash,VDF_Global_Commodity|STEEL|2026-04-01|cf33135c5c7ab500,False,value_blank_or_non_numeric,fb39cb56b755ac51
51,VDF_Global_Commodity,STEEL,2026-04-02,,f925c35ef6aff307,C:\Users\tonyk\Downloads\VeritasIntelligenceAnalytics\dict\VDF\_active\VDF_AKSHARE_CANDIDATE_TO_CANONICAL_DRYRUN_v0278_20260610_220705\preview\VDF_AkShare_CandidateToCanonicalDryRunPreview_v0278.csv,VDF_AkShare_CandidateToCanonicalDryRunPreview_v0278.csv,symbol,date,value,vdf_original_row_hash,VDF_Global_Commodity|STEEL|2026-04-02|f925c35ef6aff307,False,value_blank_or_non_numeric,fe11092638bd5755
52,VDF_Global_Commodity,STEEL,2026-04-03,,39ea2aef5d269449,C:\Users\tonyk\Downloads\VeritasIntelligenceAnalytics\dict\VDF\_active\VDF_AKSHARE_CANDIDATE_TO_CANONICAL_DRYRUN_v0278_20260610_220705\preview\VDF_AkShare_CandidateToCanonicalDryRunPreview_v0278.csv,VDF_AkShare_CandidateToCanonicalDryRunPreview_v0278.csv,symbol,date,value,vdf_original_row_hash,VDF_Global_Commodity|STEEL|2026-04-03|39ea2aef5d269449,False,value_blank_or_non_numeric,87df28a3e5608966
53,VDF_Global_Commodity,STEEL,2026-04-04,,b4508a30ad89a0ae,C:\Users\tonyk\Downloads\VeritasIntelligenceAnalytics\dict\VDF\_active\VDF_AKSHARE_CANDIDATE_TO_CANONICAL_DRYRUN_v0278_20260610_220705\preview\VDF_AkShare_CandidateToCanonicalDryRunPreview_v0278.csv,VDF_AkShare_CandidateToCanonicalDryRunPreview_v0278.csv,symbol,date,value,vdf_original_row_hash,VDF_Global_Commodity|STEEL|2026-04-04|b4508a30ad89a0ae,False,value_blank_or_non_numeric,559dcdc41c1bf191
54,VDF_Global_Commodity,STEEL,2026-04-05,,535111e4c7f8caf3,C:\Users\tonyk\Downloads\VeritasIntelligenceAnalytics\dict\VDF\_active\VDF_AKSHARE_CANDIDATE_TO_CANONICAL_DRYRUN_v0278_20260610_220705\preview\VDF_AkShare_CandidateToCanonicalDryRunPreview_v0278.csv,VDF_AkShare_CandidateToCanonicalDryRunPreview_v0278.csv,symbol,date,value,vdf_original_row_hash,VDF_Global_Commodity|STEEL|2026-04-05|535111e4c7f8caf3,False,value_blank_or_non_numeric,c1627df2c17e0470
55,VDF_Global_Commodity,STEEL,2026-04-06,,43b935b20ec867ab,C:\Users\tonyk\Downloads\VeritasIntelligenceAnalytics\dict\VDF\_active\VDF_AKSHARE_CANDIDATE_TO_CANONICAL_DRYRUN_v0278_20260610_220705\preview\VDF_AkShare_CandidateToCanonicalDryRunPreview_v0278.csv,VDF_AkShare_CandidateToCanonicalDryRunPreview_v0278.csv,symbol,date,value,vdf_original_row_hash,VDF_Global_Commodity|STEEL|2026-04-06|43b935b20ec867ab,False,value_blank_or_non_numeric,7c31152c104d6462
56,VDF_Global_Commodity,STEEL,2026-04-07,,9f5fc2cf52c86435,C:\Users\tonyk\Downloads\VeritasIntelligenceAnalytics\dict\VDF\_active\VDF_AKSHARE_CANDIDATE_TO_CANONICAL_DRYRUN_v0278_20260610_220705\preview\VDF_AkShare_CandidateToCanonicalDryRunPreview_v0278.csv,VDF_AkShare_CandidateToCanonicalDryRunPreview_v0278.csv,symbol,date,value,vdf_original_row_hash,VDF_Global_Commodity|STEEL|2026-04-07|9f5fc2cf52c86435,False,value_blank_or_non_numeric,e3802a596a76e298
57,VDF_Global_Commodity,STEEL,2026-04-08,,f632e2eaede1bb5f,C:\Users\tonyk\Downloads\VeritasIntelligenceAnalytics\dict\VDF\_active\VDF_AKSHARE_CANDIDATE_TO_CANONICAL_DRYRUN_v0278_20260610_220705\preview\VDF_AkShare_CandidateToCanonicalDryRunPreview_v0278.csv,VDF_AkShare_CandidateToCanonicalDryRunPreview_v0278.csv,symbol,date,value,vdf_original_row_hash,VDF_Global_Commodity|STEEL|2026-04-08|f632e2eaede1bb5f,False,value_blank_or_non_numeric,54cea43daf29699d
58,VDF_Global_Commodity,STEEL,2026-04-09,,51bc4ad097cb9d24,C:\Users\tonyk\Downloads\VeritasIntelligenceAnalytics\dict\VDF\_active\VDF_AKSHARE_CANDIDATE_TO_CANONICAL_DRYRUN_v0278_20260610_220705\preview\VDF_AkShare_CandidateToCanonicalDryRunPreview_v0278.csv,VDF_AkShare_CandidateToCanonicalDryRunPreview_v0278.csv,symbol,date,value,vdf_original_row_hash,VDF_Global_Commodity|STEEL|2026-04-09|51bc4ad097cb9d24,False,value_blank_or_non_numeric,37311801da693380
59,VDF_Global_Commodity,STEEL,2026-04-10,,9d11d180293623af,C:\Users\tonyk\Downloads\VeritasIntelligenceAnalytics\dict\VDF\_active\VDF_AKSHARE_CANDIDATE_TO_CANONICAL_DRYRUN_v0278_20260610_220705\preview\VDF_AkShare_CandidateToCanonicalDryRunPreview_v0278.csv,VDF_AkShare_CandidateToCanonicalDryRunPreview_v0278.csv,symbol,date,value,vdf_original_row_hash,VDF_Global_Commodity|STEEL|2026-04-10|9d11d180293623af,False,value_blank_or_non_numeric,928f2b1983d81624
60,VDF_Global_Commodity,STEEL,2026-04-11,,a8380275186e8229,C:\Users\tonyk\Downloads\VeritasIntelligenceAnalytics\dict\VDF\_active\VDF_AKSHARE_CANDIDATE_TO_CANONICAL_DRYRUN_v0278_20260610_220705\preview\VDF_AkShare_CandidateToCanonicalDryRunPreview_v0278.csv,VDF_AkShare_CandidateToCanonicalDryRunPreview_v0278.csv,symbol,date,value,vdf_original_row_hash,VDF_Global_Commodity|STEEL|2026-04-11|a8380275186e8229,False,value_blank_or_non_numeric,2988353c8b342394
61,VDF_Global_Commodity,STEEL,2026-04-12,,41bd59213f7741b8,C:\Users\tonyk\Downloads\VeritasIntelligenceAnalytics\dict\VDF\_active\VDF_AKSHARE_CANDIDATE_TO_CANONICAL_DRYRUN_v0278_20260610_220705\preview\VDF_AkShare_CandidateToCanonicalDryRunPreview_v0278.csv,VDF_AkShare_CandidateToCanonicalDryRunPreview_v0278.csv,symbol,date,value,vdf_original_row_hash,VDF_Global_Commodity|STEEL|2026-04-12|41bd59213f7741b8,False,value_blank_or_non_numeric,6082e9676cee9c88
62,VDF_Global_Commodity,STEEL,2026-04-13,,da76094cf64d3b45,C:\Users\tonyk\Downloads\VeritasIntelligenceAnalytics\dict\VDF\_active\VDF_AKSHARE_CANDIDATE_TO_CANONICAL_DRYRUN_v0278_20260610_220705\preview\VDF_AkShare_CandidateToCanonicalDryRunPreview_v0278.csv,VDF_AkShare_CandidateToCanonicalDryRunPreview_v0278.csv,symbol,date,value,vdf_original_row_hash,VDF_Global_Commodity|STEEL|2026-04-13|da76094cf64d3b45,False,value_blank_or_non_numeric,7381b73e4829e17e
63,VDF_Global_Commodity,STEEL,2026-04-14,,fcfa21e569e7c3a5,C:\Users\tonyk\Downloads\VeritasIntelligenceAnalytics\dict\VDF\_active\VDF_AKSHARE_CANDIDATE_TO_CANONICAL_DRYRUN_v0278_20260610_220705\preview\VDF_AkShare_CandidateToCanonicalDryRunPreview_v0278.csv,VDF_AkShare_CandidateToCanonicalDryRunPreview_v0278.csv,symbol,date,value,vdf_original_row_hash,VDF_Global_Commodity|STEEL|2026-04-14|fcfa21e569e7c3a5,False,value_blank_or_non_numeric,9bd8233d915918f2
64,VDF_Global_Commodity,STEEL,2026-04-15,,edfec6429754fa01,C:\Users\tonyk\Downloads\VeritasIntelligenceAnalytics\dict\VDF\_active\VDF_AKSHARE_CANDIDATE_TO_CANONICAL_DRYRUN_v0278_20260610_220705\preview\VDF_AkShare_CandidateToCanonicalDryRunPreview_v0278.csv,VDF_AkShare_CandidateToCanonicalDryRunPreview_v0278.csv,symbol,date,value,vdf_original_row_hash,VDF_Global_Commodity|STEEL|2026-04-15|edfec6429754fa01,False,value_blank_or_non_numeric,83e1a230a652eea6
65,VDF_Global_Commodity,STEEL,2026-04-16,,ac042e70ac8b8d69,C:\Users\tonyk\Downloads\VeritasIntelligenceAnalytics\dict\VDF\_active\VDF_AKSHARE_CANDIDATE_TO_CANONICAL_DRYRUN_v0278_20260610_220705\preview\VDF_AkShare_CandidateToCanonicalDryRunPreview_v0278.csv,VDF_AkShare_CandidateToCanonicalDryRunPreview_v0278.csv,symbol,date,value,vdf_original_row_hash,VDF_Global_Commodity|STEEL|2026-04-16|ac042e70ac8b8d69,False,value_blank_or_non_numeric,c229870e9eaebdbd
66,VDF_Global_Commodity,STEEL,2026-04-17,,0dbc5e25a9bc6d2c,C:\Users\tonyk\Downloads\VeritasIntelligenceAnalytics\dict\VDF\_active\VDF_AKSHARE_CANDIDATE_TO_CANONICAL_DRYRUN_v0278_20260610_220705\preview\VDF_AkShare_CandidateToCanonicalDryRunPreview_v0278.csv,VDF_AkShare_CandidateToCanonicalDryRunPreview_v0278.csv,symbol,date,value,vdf_original_row_hash,VDF_Global_Commodity|STEEL|2026-04-17|0dbc5e25a9bc6d2c,False,value_blank_or_non_numeric,68b5882a1af4740c
67,VDF_Global_Commodity,STEEL,2026-04-18,,27facf1c0a1e1d03,C:\Users\tonyk\Downloads\VeritasIntelligenceAnalytics\dict\VDF\_active\VDF_AKSHARE_CANDIDATE_TO_CANONICAL_DRYRUN_v0278_20260610_220705\preview\VDF_AkShare_CandidateToCanonicalDryRunPreview_v0278.csv,VDF_AkShare_CandidateToCanonicalDryRunPreview_v0278.csv,symbol,date,value,vdf_original_row_hash,VDF_Global_Commodity|STEEL|2026-04-18|27facf1c0a1e1d03,False,value_blank_or_non_numeric,009634cbbb906d8d
68,VDF_Global_Commodity,STEEL,2026-04-19,,ea30de9dd6a37bf9,C:\Users\tonyk\Downloads\VeritasIntelligenceAnalytics\dict\VDF\_active\VDF_AKSHARE_CANDIDATE_TO_CANONICAL_DRYRUN_v0278_20260610_220705\preview\VDF_AkShare_CandidateToCanonicalDryRunPreview_v0278.csv,VDF_AkShare_CandidateToCanonicalDryRunPreview_v0278.csv,symbol,date,value,vdf_original_row_hash,VDF_Global_Commodity|STEEL|2026-04-19|ea30de9dd6a37bf9,False,value_blank_or_non_numeric,9c3d378122cda9c7
69,VDF_Global_Commodity,STEEL,2026-04-20,,27933be90d9ebe4a,C:\Users\tonyk\Downloads\VeritasIntelligenceAnalytics\dict\VDF\_active\VDF_AKSHARE_CANDIDATE_TO_CANONICAL_DRYRUN_v0278_20260610_220705\preview\VDF_AkShare_CandidateToCanonicalDryRunPreview_v0278.csv,VDF_AkShare_CandidateToCanonicalDryRunPreview_v0278.csv,symbol,date,value,vdf_original_row_hash,VDF_Global_Commodity|STEEL|2026-04-20|27933be90d9ebe4a,False,value_blank_or_non_numeric,a21c672b87e6407a
70,VDF_Global_Commodity,STEEL,2026-04-21,,46d92f1ada391788,C:\Users\tonyk\Downloads\VeritasIntelligenceAnalytics\dict\VDF\_active\VDF_AKSHARE_CANDIDATE_TO_CANONICAL_DRYRUN_v0278_20260610_220705\preview\VDF_AkShare_CandidateToCanonicalDryRunPreview_v0278.csv,VDF_AkShare_CandidateToCanonicalDryRunPreview_v0278.csv,symbol,date,value,vdf_original_row_hash,VDF_Global_Commodity|STEEL|2026-04-21|46d92f1ada391788,False,value_blank_or_non_numeric,fac70e40b2d51381
71,VDF_Global_Commodity,STEEL,2026-04-22,,f91a63abba8cc482,C:\Users\tonyk\Downloads\VeritasIntelligenceAnalytics\dict\VDF\_active\VDF_AKSHARE_CANDIDATE_TO_CANONICAL_DRYRUN_v0278_20260610_220705\preview\VDF_AkShare_CandidateToCanonicalDryRunPreview_v0278.csv,VDF_AkShare_CandidateToCanonicalDryRunPreview_v0278.csv,symbol,date,value,vdf_original_row_hash,VDF_Global_Commodity|STEEL|2026-04-22|f91a63abba8cc482,False,value_blank_or_non_numeric,fdec7a3c97eeef00
72,VDF_Global_Commodity,STEEL,2026-04-23,,d16c5ff1bd674378,C:\Users\tonyk\Downloads\VeritasIntelligenceAnalytics\dict\VDF\_active\VDF_AKSHARE_CANDIDATE_TO_CANONICAL_DRYRUN_v0278_20260610_220705\preview\VDF_AkShare_CandidateToCanonicalDryRunPreview_v0278.csv,VDF_AkShare_CandidateToCanonicalDryRunPreview_v0278.csv,symbol,date,value,vdf_original_row_hash,VDF_Global_Commodity|STEEL|2026-04-23|d16c5ff1bd674378,False,value_blank_or_non_numeric,efea196685c2c28c
73,VDF_Global_Commodity,STEEL,2026-04-24,,26bc57ad9cbd1f3c,C:\Users\tonyk\Downloads\VeritasIntelligenceAnalytics\dict\VDF\_active\VDF_AKSHARE_CANDIDATE_TO_CANONICAL_DRYRUN_v0278_20260610_220705\preview\VDF_AkShare_CandidateToCanonicalDryRunPreview_v0278.csv,VDF_AkShare_CandidateToCanonicalDryRunPreview_v0278.csv,symbol,date,value,vdf_original_row_hash,VDF_Global_Commodity|STEEL|2026-04-24|26bc57ad9cbd1f3c,False,value_blank_or_non_numeric,eb2d7149ce707627
74,VDF_Global_Commodity,STEEL,2026-04-25,,de568d4a5dac8ce2,C:\Users\tonyk\Downloads\VeritasIntelligenceAnalytics\dict\VDF\_active\VDF_AKSHARE_CANDIDATE_TO_CANONICAL_DRYRUN_v0278_20260610_220705\preview\VDF_AkShare_CandidateToCanonicalDryRunPreview_v0278.csv,VDF_AkShare_CandidateToCanonicalDryRunPreview_v0278.csv,symbol,date,value,vdf_original_row_hash,VDF_Global_Commodity|STEEL|2026-04-25|de568d4a5dac8ce2,False,value_blank_or_non_numeric,18aaedfab97679bb
75,VDF_Global_Commodity,STEEL,2026-04-26,,f5988f66b272629e,C:\Users\tonyk\Downloads\VeritasIntelligenceAnalytics\dict\VDF\_active\VDF_AKSHARE_CANDIDATE_TO_CANONICAL_DRYRUN_v0278_20260610_220705\preview\VDF_AkShare_CandidateToCanonicalDryRunPreview_v0278.csv,VDF_AkShare_CandidateToCanonicalDryRunPreview_v0278.csv,symbol,date,value,vdf_original_row_hash,VDF_Global_Commodity|STEEL|2026-04-26|f5988f66b272629e,False,value_blank_or_non_numeric,fae56761ac27023e
76,VDF_Global_Commodity,STEEL,2026-04-27,,91475892ffe9d810,C:\Users\tonyk\Downloads\VeritasIntelligenceAnalytics\dict\VDF\_active\VDF_AKSHARE_CANDIDATE_TO_CANONICAL_DRYRUN_v0278_20260610_220705\preview\VDF_AkShare_CandidateToCanonicalDryRunPreview_v0278.csv,VDF_AkShare_CandidateToCanonicalDryRunPreview_v0278.csv,symbol,date,value,vdf_original_row_hash,VDF_Global_Commodity|STEEL|2026-04-27|91475892ffe9d810,False,value_blank_or_non_numeric,a45615c6911eec3a
77,VDF_Global_Commodity,STEEL,2026-04-28,,891e352b8da62a27,C:\Users\tonyk\Downloads\VeritasIntelligenceAnalytics\dict\VDF\_active\VDF_AKSHARE_CANDIDATE_TO_CANONICAL_DRYRUN_v0278_20260610_220705\preview\VDF_AkShare_CandidateToCanonicalDryRunPreview_v0278.csv,VDF_AkShare_CandidateToCanonicalDryRunPreview_v0278.csv,symbol,date,value,vdf_original_row_hash,VDF_Global_Commodity|STEEL|2026-04-28|891e352b8da62a27,False,value_blank_or_non_numeric,a92e3febcfb40742
78,VDF_Global_Commodity,STEEL,2026-04-29,,30304b5d6940e0a4,C:\Users\tonyk\Downloads\VeritasIntelligenceAnalytics\dict\VDF\_active\VDF_AKSHARE_CANDIDATE_TO_CANONICAL_DRYRUN_v0278_20260610_220705\preview\VDF_AkShare_CandidateToCanonicalDryRunPreview_v0278.csv,VDF_AkShare_CandidateToCanonicalDryRunPreview_v0278.csv,symbol,date,value,vdf_original_row_hash,VDF_Global_Commodity|STEEL|2026-04-29|30304b5d6940e0a4,False,value_blank_or_non_numeric,64e92ce03a86cf9b
79,VDF_Global_Commodity,STEEL,2026-04-30,,51ed4ea967d80607,C:\Users\tonyk\Downloads\VeritasIntelligenceAnalytics\dict\VDF\_active\VDF_AKSHARE_CANDIDATE_TO_CANONICAL_DRYRUN_v0278_20260610_220705\preview\VDF_AkShare_CandidateToCanonicalDryRunPreview_v0278.csv,VDF_AkShare_CandidateToCanonicalDryRunPreview_v0278.csv,symbol,date,value,vdf_original_row_hash,VDF_Global_Commodity|STEEL|2026-04-30|51ed4ea967d80607,False,value_blank_or_non_numeric,44caa3dbfca4927d
80,VDF_Global_Commodity,STEEL,2026-05-01,,5788f3c7b6f2f13c,C:\Users\tonyk\Downloads\VeritasIntelligenceAnalytics\dict\VDF\_active\VDF_AKSHARE_CANDIDATE_TO_CANONICAL_DRYRUN_v0278_20260610_220705\preview\VDF_AkShare_CandidateToCanonicalDryRunPreview_v0278.csv,VDF_AkShare_CandidateToCanonicalDryRunPreview_v0278.csv,symbol,date,value,vdf_original_row_hash,VDF_Global_Commodity|STEEL|2026-05-01|5788f3c7b6f2f13c,False,value_blank_or_non_numeric,8e3ee584f00ff6a2
81,VDF_Global_Commodity,STEEL,2026-05-02,,d9615ec1503895fc,C:\Users\tonyk\Downloads\VeritasIntelligenceAnalytics\dict\VDF\_active\VDF_AKSHARE_CANDIDATE_TO_CANONICAL_DRYRUN_v0278_20260610_220705\preview\VDF_AkShare_CandidateToCanonicalDryRunPreview_v0278.csv,VDF_AkShare_CandidateToCanonicalDryRunPreview_v0278.csv,symbol,date,value,vdf_original_row_hash,VDF_Global_Commodity|STEEL|2026-05-02|d9615ec1503895fc,False,value_blank_or_non_numeric,059b7f0bdf0a84bb
82,VDF_Global_Commodity,STEEL,2026-05-03,,5fea67218864f25a,C:\Users\tonyk\Downloads\VeritasIntelligenceAnalytics\dict\VDF\_active\VDF_AKSHARE_CANDIDATE_TO_CANONICAL_DRYRUN_v0278_20260610_220705\preview\VDF_AkShare_CandidateToCanonicalDryRunPreview_v0278.csv,VDF_AkShare_CandidateToCanonicalDryRunPreview_v0278.csv,symbol,date,value,vdf_original_row_hash,VDF_Global_Commodity|STEEL|2026-05-03|5fea67218864f25a,False,value_blank_or_non_numeric,48dec7c588aee87f
83,VDF_Global_Commodity,STEEL,2026-05-04,,94c5e739c0423990,C:\Users\tonyk\Downloads\VeritasIntelligenceAnalytics\dict\VDF\_active\VDF_AKSHARE_CANDIDATE_TO_CANONICAL_DRYRUN_v0278_20260610_220705\preview\VDF_AkShare_CandidateToCanonicalDryRunPreview_v0278.csv,VDF_AkShare_CandidateToCanonicalDryRunPreview_v0278.csv,symbol,date,value,vdf_original_row_hash,VDF_Global_Commodity|STEEL|2026-05-04|94c5e739c0423990,False,value_blank_or_non_numeric,22b6515480d1fd4c
84,VDF_Global_Commodity,STEEL,2026-05-05,,3a7550f068ef5492,C:\Users\tonyk\Downloads\VeritasIntelligenceAnalytics\dict\VDF\_active\VDF_AKSHARE_CANDIDATE_TO_CANONICAL_DRYRUN_v0278_20260610_220705\preview\VDF_AkShare_CandidateToCanonicalDryRunPreview_v0278.csv,VDF_AkShare_CandidateToCanonicalDryRunPreview_v0278.csv,symbol,date,value,vdf_original_row_hash,VDF_Global_Commodity|STEEL|2026-05-05|3a7550f068ef5492,False,value_blank_or_non_numeric,aa9a83122b6f1bdf
85,VDF_Global_Commodity,STEEL,2026-05-06,,46671818c77893a3,C:\Users\tonyk\Downloads\VeritasIntelligenceAnalytics\dict\VDF\_active\VDF_AKSHARE_CANDIDATE_TO_CANONICAL_DRYRUN_v0278_20260610_220705\preview\VDF_AkShare_CandidateToCanonicalDryRunPreview_v0278.csv,VDF_AkShare_CandidateToCanonicalDryRunPreview_v0278.csv,symbol,date,value,vdf_original_row_hash,VDF_Global_Commodity|STEEL|2026-05-06|46671818c77893a3,False,value_blank_or_non_numeric,e84cfa9966aae99f
86,VDF_Global_Commodity,STEEL,2026-05-07,,84d7630c6f8767a6,C:\Users\tonyk\Downloads\VeritasIntelligenceAnalytics\dict\VDF\_active\VDF_AKSHARE_CANDIDATE_TO_CANONICAL_DRYRUN_v0278_20260610_220705\preview\VDF_AkShare_CandidateToCanonicalDryRunPreview_v0278.csv,VDF_AkShare_CandidateToCanonicalDryRunPreview_v0278.csv,symbol,date,value,vdf_original_row_hash,VDF_Global_Commodity|STEEL|2026-05-07|84d7630c6f8767a6,False,value_blank_or_non_numeric,b9d7278a66ffc7c7
87,VDF_Global_Commodity,STEEL,2026-05-08,,647c9578f60e4982,C:\Users\tonyk\Downloads\VeritasIntelligenceAnalytics\dict\VDF\_active\VDF_AKSHARE_CANDIDATE_TO_CANONICAL_DRYRUN_v0278_20260610_220705\preview\VDF_AkShare_CandidateToCanonicalDryRunPreview_v0278.csv,VDF_AkShare_CandidateToCanonicalDryRunPreview_v0278.csv,symbol,date,value,vdf_original_row_hash,VDF_Global_Commodity|STEEL|2026-05-08|647c9578f60e4982,False,value_blank_or_non_numeric,5ed0ffe10d9e565a
88,VDF_Global_Commodity,STEEL,2026-05-09,,4d725fc1c1b4b54e,C:\Users\tonyk\Downloads\VeritasIntelligenceAnalytics\dict\VDF\_active\VDF_AKSHARE_CANDIDATE_TO_CANONICAL_DRYRUN_v0278_20260610_220705\preview\VDF_AkShare_CandidateToCanonicalDryRunPreview_v0278.csv,VDF_AkShare_CandidateToCanonicalDryRunPreview_v0278.csv,symbol,date,value,vdf_original_row_hash,VDF_Global_Commodity|STEEL|2026-05-09|4d725fc1c1b4b54e,False,value_blank_or_non_numeric,df85353856bbc4d0
89,VDF_Global_Commodity,STEEL,2026-05-10,,d9111cc55c60a669,C:\Users\tonyk\Downloads\VeritasIntelligenceAnalytics\dict\VDF\_active\VDF_AKSHARE_CANDIDATE_TO_CANONICAL_DRYRUN_v0278_20260610_220705\preview\VDF_AkShare_CandidateToCanonicalDryRunPreview_v0278.csv,VDF_AkShare_CandidateToCanonicalDryRunPreview_v0278.csv,symbol,date,value,vdf_original_row_hash,VDF_Global_Commodity|STEEL|2026-05-10|d9111cc55c60a669,False,value_blank_or_non_numeric,73032ae2dc7f1ff1
90,VDF_Global_Commodity,STEEL,2026-05-11,,3fa543a12d9a8639,C:\Users\tonyk\Downloads\VeritasIntelligenceAnalytics\dict\VDF\_active\VDF_AKSHARE_CANDIDATE_TO_CANONICAL_DRYRUN_v0278_20260610_220705\preview\VDF_AkShare_CandidateToCanonicalDryRunPreview_v0278.csv,VDF_AkShare_CandidateToCanonicalDryRunPreview_v0278.csv,symbol,date,value,vdf_original_row_hash,VDF_Global_Commodity|STEEL|2026-05-11|3fa543a12d9a8639,False,value_blank_or_non_numeric,88b3a4cdfcb02085
91,VDF_Global_Commodity,STEEL,2026-05-12,,30bed848daa09b96,C:\Users\tonyk\Downloads\VeritasIntelligenceAnalytics\dict\VDF\_active\VDF_AKSHARE_CANDIDATE_TO_CANONICAL_DRYRUN_v0278_20260610_220705\preview\VDF_AkShare_CandidateToCanonicalDryRunPreview_v0278.csv,VDF_AkShare_CandidateToCanonicalDryRunPreview_v0278.csv,symbol,date,value,vdf_original_row_hash,VDF_Global_Commodity|STEEL|2026-05-12|30bed848daa09b96,False,value_blank_or_non_numeric,d891984c6d24c8fe
92,VDF_Global_Commodity,STEEL,2026-05-13,,a9ff9b19c708de0a,C:\Users\tonyk\Downloads\VeritasIntelligenceAnalytics\dict\VDF\_active\VDF_AKSHARE_CANDIDATE_TO_CANONICAL_DRYRUN_v0278_20260610_220705\preview\VDF_AkShare_CandidateToCanonicalDryRunPreview_v0278.csv,VDF_AkShare_CandidateToCanonicalDryRunPreview_v0278.csv,symbol,date,value,vdf_original_row_hash,VDF_Global_Commodity|STEEL|2026-05-13|a9ff9b19c708de0a,False,value_blank_or_non_numeric,35cb79e22fd71ed9
93,VDF_Global_Commodity,STEEL,2026-05-14,,b16a301dee35ed47,C:\Users\tonyk\Downloads\VeritasIntelligenceAnalytics\dict\VDF\_active\VDF_AKSHARE_CANDIDATE_TO_CANONICAL_DRYRUN_v0278_20260610_220705\preview\VDF_AkShare_CandidateToCanonicalDryRunPreview_v0278.csv,VDF_AkShare_CandidateToCanonicalDryRunPreview_v0278.csv,symbol,date,value,vdf_original_row_hash,VDF_Global_Commodity|STEEL|2026-05-14|b16a301dee35ed47,False,value_blank_or_non_numeric,ae1d490a37345eb6
94,VDF_Global_Commodity,STEEL,2026-05-15,,a585105d016aa2de,C:\Users\tonyk\Downloads\VeritasIntelligenceAnalytics\dict\VDF\_active\VDF_AKSHARE_CANDIDATE_TO_CANONICAL_DRYRUN_v0278_20260610_220705\preview\VDF_AkShare_CandidateToCanonicalDryRunPreview_v0278.csv,VDF_AkShare_CandidateToCanonicalDryRunPreview_v0278.csv,symbol,date,value,vdf_original_row_hash,VDF_Global_Commodity|STEEL|2026-05-15|a585105d016aa2de,False,value_blank_or_non_numeric,e441334be550c67e
95,VDF_Global_Commodity,STEEL,2026-05-16,,104addbe1f270dec,C:\Users\tonyk\Downloads\VeritasIntelligenceAnalytics\dict\VDF\_active\VDF_AKSHARE_CANDIDATE_TO_CANONICAL_DRYRUN_v0278_20260610_220705\preview\VDF_AkShare_CandidateToCanonicalDryRunPreview_v0278.csv,VDF_AkShare_CandidateToCanonicalDryRunPreview_v0278.csv,symbol,date,value,vdf_original_row_hash,VDF_Global_Commodity|STEEL|2026-05-16|104addbe1f270dec,False,value_blank_or_non_numeric,d6a209eacec65000
96,VDF_Global_Commodity,STEEL,2026-05-17,,d4e02c8ad0b90374,C:\Users\tonyk\Downloads\VeritasIntelligenceAnalytics\dict\VDF\_active\VDF_AKSHARE_CANDIDATE_TO_CANONICAL_DRYRUN_v0278_20260610_220705\preview\VDF_AkShare_CandidateToCanonicalDryRunPreview_v0278.csv,VDF_AkShare_CandidateToCanonicalDryRunPreview_v0278.csv,symbol,date,value,vdf_original_row_hash,VDF_Global_Commodity|STEEL|2026-05-17|d4e02c8ad0b90374,False,value_blank_or_non_numeric,c1721671b84bd101
97,VDF_Global_Commodity,STEEL,2026-05-18,,fefcd372d469ffda,C:\Users\tonyk\Downloads\VeritasIntelligenceAnalytics\dict\VDF\_active\VDF_AKSHARE_CANDIDATE_TO_CANONICAL_DRYRUN_v0278_20260610_220705\preview\VDF_AkShare_CandidateToCanonicalDryRunPreview_v0278.csv,VDF_AkShare_CandidateToCanonicalDryRunPreview_v0278.csv,symbol,date,value,vdf_original_row_hash,VDF_Global_Commodity|STEEL|2026-05-18|fefcd372d469ffda,False,value_blank_or_non_numeric,6341ab2dfbeee321
98,VDF_Global_Commodity,STEEL,2026-05-19,,a150ab7061c116e0,C:\Users\tonyk\Downloads\VeritasIntelligenceAnalytics\dict\VDF\_active\VDF_AKSHARE_CANDIDATE_TO_CANONICAL_DRYRUN_v0278_20260610_220705\preview\VDF_AkShare_CandidateToCanonicalDryRunPreview_v0278.csv,VDF_AkShare_CandidateToCanonicalDryRunPreview_v0278.csv,symbol,date,value,vdf_original_row_hash,VDF_Global_Commodity|STEEL|2026-05-19|a150ab7061c116e0,False,value_blank_or_non_numeric,55061b469b74c79a
99,VDF_Global_Commodity,STEEL,2026-05-20,,716b95c92338a230,C:\Users\tonyk\Downloads\VeritasIntelligenceAnalytics\dict\VDF\_active\VDF_AKSHARE_CANDIDATE_TO_CANONICAL_DRYRUN_v0278_20260610_220705\preview\VDF_AkShare_CandidateToCanonicalDryRunPreview_v0278.csv,VDF_AkShare_CandidateToCanonicalDryRunPreview_v0278.csv,symbol,date,value,vdf_original_row_hash,VDF_Global_Commodity|STEEL|2026-05-20|716b95c92338a230,False,value_blank_or_non_numeric,489412d8f82ab0ac
100,VDF_Global_Commodity,STEEL,2026-05-21,,726656cb1305f67e,C:\Users\tonyk\Downloads\VeritasIntelligenceAnalytics\dict\VDF\_active\VDF_AKSHARE_CANDIDATE_TO_CANONICAL_DRYRUN_v0278_20260610_220705\preview\VDF_AkShare_CandidateToCanonicalDryRunPreview_v0278.csv,VDF_AkShare_CandidateToCanonicalDryRunPreview_v0278.csv,symbol,date,value,vdf_original_row_hash,VDF_Global_Commodity|STEEL|2026-05-21|726656cb1305f67e,False,value_blank_or_non_numeric,28bb2916c1811777
101,VDF_Global_Commodity,STEEL,2026-05-22,,516070d60627a41e,C:\Users\tonyk\Downloads\VeritasIntelligenceAnalytics\dict\VDF\_active\VDF_AKSHARE_CANDIDATE_TO_CANONICAL_DRYRUN_v0278_20260610_220705\preview\VDF_AkShare_CandidateToCanonicalDryRunPreview_v0278.csv,VDF_AkShare_CandidateToCanonicalDryRunPreview_v0278.csv,symbol,date,value,vdf_original_row_hash,VDF_Global_Commodity|STEEL|2026-05-22|516070d60627a41e,False,value_blank_or_non_numeric,351359a8a355e489
102,VDF_Global_Commodity,STEEL,2026-05-23,,170ea7960b94ee13,C:\Users\tonyk\Downloads\VeritasIntelligenceAnalytics\dict\VDF\_active\VDF_AKSHARE_CANDIDATE_TO_CANONICAL_DRYRUN_v0278_20260610_220705\preview\VDF_AkShare_CandidateToCanonicalDryRunPreview_v0278.csv,VDF_AkShare_CandidateToCanonicalDryRunPreview_v0278.csv,symbol,date,value,vdf_original_row_hash,VDF_Global_Commodity|STEEL|2026-05-23|170ea7960b94ee13,False,value_blank_or_non_numeric,b1c19492e99c4583
103,VDF_Global_Commodity,STEEL,2026-05-24,,90512da68dddf876,C:\Users\tonyk\Downloads\VeritasIntelligenceAnalytics\dict\VDF\_active\VDF_AKSHARE_CANDIDATE_TO_CANONICAL_DRYRUN_v0278_20260610_220705\preview\VDF_AkShare_CandidateToCanonicalDryRunPreview_v0278.csv,VDF_AkShare_CandidateToCanonicalDryRunPreview_v0278.csv,symbol,date,value,vdf_original_row_hash,VDF_Global_Commodity|STEEL|2026-05-24|90512da68dddf876,False,value_blank_or_non_numeric,d85d252f943d4563
104,VDF_Global_Commodity,STEEL,2026-05-25,,a8b621f447f59f53,C:\Users\tonyk\Downloads\VeritasIntelligenceAnalytics\dict\VDF\_active\VDF_AKSHARE_CANDIDATE_TO_CANONICAL_DRYRUN_v0278_20260610_220705\preview\VDF_AkShare_CandidateToCanonicalDryRunPreview_v0278.csv,VDF_AkShare_CandidateToCanonicalDryRunPreview_v0278.csv,symbol,date,value,vdf_original_row_hash,VDF_Global_Commodity|STEEL|2026-05-25|a8b621f447f59f53,False,value_blank_or_non_numeric,d8aafd0a992ef0ec
105,VDF_Global_Commodity,STEEL,2026-05-26,,9b6451e7a5a53779,C:\Users\tonyk\Downloads\VeritasIntelligenceAnalytics\dict\VDF\_active\VDF_AKSHARE_CANDIDATE_TO_CANONICAL_DRYRUN_v0278_20260610_220705\preview\VDF_AkShare_CandidateToCanonicalDryRunPreview_v0278.csv,VDF_AkShare_CandidateToCanonicalDryRunPreview_v0278.csv,symbol,date,value,vdf_original_row_hash,VDF_Global_Commodity|STEEL|2026-05-26|9b6451e7a5a53779,False,value_blank_or_non_numeric,976ef295a8bea892
106,VDF_Global_Commodity,STEEL,2026-05-27,,bd41869305419303,C:\Users\tonyk\Downloads\VeritasIntelligenceAnalytics\dict\VDF\_active\VDF_AKSHARE_CANDIDATE_TO_CANONICAL_DRYRUN_v0278_20260610_220705\preview\VDF_AkShare_CandidateToCanonicalDryRunPreview_v0278.csv,VDF_AkShare_CandidateToCanonicalDryRunPreview_v0278.csv,symbol,date,value,vdf_original_row_hash,VDF_Global_Commodity|STEEL|2026-05-27|bd41869305419303,False,value_blank_or_non_numeric,b2d449085bdea3c6
107,VDF_Global_Commodity,STEEL,2026-05-28,,3e56ab0ce2afa61d,C:\Users\tonyk\Downloads\VeritasIntelligenceAnalytics\dict\VDF\_active\VDF_AKSHARE_CANDIDATE_TO_CANONICAL_DRYRUN_v0278_20260610_220705\preview\VDF_AkShare_CandidateToCanonicalDryRunPreview_v0278.csv,VDF_AkShare_CandidateToCanonicalDryRunPreview_v0278.csv,symbol,date,value,vdf_original_row_hash,VDF_Global_Commodity|STEEL|2026-05-28|3e56ab0ce2afa61d,False,value_blank_or_non_numeric,64a37342ee272ec9
108,VDF_Global_Commodity,STEEL,2026-05-29,,40e8296c0ed61094,C:\Users\tonyk\Downloads\VeritasIntelligenceAnalytics\dict\VDF\_active\VDF_AKSHARE_CANDIDATE_TO_CANONICAL_DRYRUN_v0278_20260610_220705\preview\VDF_AkShare_CandidateToCanonicalDryRunPreview_v0278.csv,VDF_AkShare_CandidateToCanonicalDryRunPreview_v0278.csv,symbol,date,value,vdf_original_row_hash,VDF_Global_Commodity|STEEL|2026-05-29|40e8296c0ed61094,False,value_blank_or_non_numeric,a5604d2a410ab2e4
109,VDF_Global_Commodity,STEEL,2026-05-30,,e53d73801e8f4112,C:\Users\tonyk\Downloads\VeritasIntelligenceAnalytics\dict\VDF\_active\VDF_AKSHARE_CANDIDATE_TO_CANONICAL_DRYRUN_v0278_20260610_220705\preview\VDF_AkShare_CandidateToCanonicalDryRunPreview_v0278.csv,VDF_AkShare_CandidateToCanonicalDryRunPreview_v0278.csv,symbol,date,value,vdf_original_row_hash,VDF_Global_Commodity|STEEL|2026-05-30|e53d73801e8f4112,False,value_blank_or_non_numeric,0070d84bd0f660b5
110,VDF_Global_Commodity,STEEL,2026-05-31,,fef82514d2108ea1,C:\Users\tonyk\Downloads\VeritasIntelligenceAnalytics\dict\VDF\_active\VDF_AKSHARE_CANDIDATE_TO_CANONICAL_DRYRUN_v0278_20260610_220705\preview\VDF_AkShare_CandidateToCanonicalDryRunPreview_v0278.csv,VDF_AkShare_CandidateToCanonicalDryRunPreview_v0278.csv,symbol,date,value,vdf_original_row_hash,VDF_Global_Commodity|STEEL|2026-05-31|fef82514d2108ea1,False,value_blank_or_non_numeric,d1bbbb5fdbf06362
111,VDF_Global_Commodity,STEEL,2026-06-01,,518388a4bd633bdf,C:\Users\tonyk\Downloads\VeritasIntelligenceAnalytics\dict\VDF\_active\VDF_AKSHARE_CANDIDATE_TO_CANONICAL_DRYRUN_v0278_20260610_220705\preview\VDF_AkShare_CandidateToCanonicalDryRunPreview_v0278.csv,VDF_AkShare_CandidateToCanonicalDryRunPreview_v0278.csv,symbol,date,value,vdf_original_row_hash,VDF_Global_Commodity|STEEL|2026-06-01|518388a4bd633bdf,False,value_blank_or_non_numeric,8d821a8b6fc3a12e
112,VDF_Global_Commodity,STEEL,2026-06-02,,56d9bd37d5c6d037,C:\Users\tonyk\Downloads\VeritasIntelligenceAnalytics\dict\VDF\_active\VDF_AKSHARE_CANDIDATE_TO_CANONICAL_DRYRUN_v0278_20260610_220705\preview\VDF_AkShare_CandidateToCanonicalDryRunPreview_v0278.csv,VDF_AkShare_CandidateToCanonicalDryRunPreview_v0278.csv,symbol,date,value,vdf_original_row_hash,VDF_Global_Commodity|STEEL|2026-06-02|56d9bd37d5c6d037,False,value_blank_or_non_numeric,185b547cb5a6bf71
113,VDF_Global_Commodity,STEEL,2026-06-03,,348f2d77d1f984b6,C:\Users\tonyk\Downloads\VeritasIntelligenceAnalytics\dict\VDF\_active\VDF_AKSHARE_CANDIDATE_TO_CANONICAL_DRYRUN_v0278_20260610_220705\preview\VDF_AkShare_CandidateToCanonicalDryRunPreview_v0278.csv,VDF_AkShare_CandidateToCanonicalDryRunPreview_v0278.csv,symbol,date,value,vdf_original_row_hash,VDF_Global_Commodity|STEEL|2026-06-03|348f2d77d1f984b6,False,value_blank_or_non_numeric,76841eccff4f717d
114,VDF_Global_Commodity,STEEL,2026-06-04,,effbe9b4a4e02568,C:\Users\tonyk\Downloads\VeritasIntelligenceAnalytics\dict\VDF\_active\VDF_AKSHARE_CANDIDATE_TO_CANONICAL_DRYRUN_v0278_20260610_220705\preview\VDF_AkShare_CandidateToCanonicalDryRunPreview_v0278.csv,VDF_AkShare_CandidateToCanonicalDryRunPreview_v0278.csv,symbol,date,value,vdf_original_row_hash,VDF_Global_Commodity|STEEL|2026-06-04|effbe9b4a4e02568,False,value_blank_or_non_numeric,30e64dbc2293bb71
115,VDF_Global_Commodity,STEEL,2026-06-05,,e5968e77e8c85060,C:\Users\tonyk\Downloads\VeritasIntelligenceAnalytics\dict\VDF\_active\VDF_AKSHARE_CANDIDATE_TO_CANONICAL_DRYRUN_v0278_20260610_220705\preview\VDF_AkShare_CandidateToCanonicalDryRunPreview_v0278.csv,VDF_AkShare_CandidateToCanonicalDryRunPreview_v0278.csv,symbol,date,value,vdf_original_row_hash,VDF_Global_Commodity|STEEL|2026-06-05|e5968e77e8c85060,False,value_blank_or_non_numeric,8e1f13cdb1b40cec
116,VDF_Global_Commodity,STEEL,2026-06-06,,751374545aa7d59f,C:\Users\tonyk\Downloads\VeritasIntelligenceAnalytics\dict\VDF\_active\VDF_AKSHARE_CANDIDATE_TO_CANONICAL_DRYRUN_v0278_20260610_220705\preview\VDF_AkShare_CandidateToCanonicalDryRunPreview_v0278.csv,VDF_AkShare_CandidateToCanonicalDryRunPreview_v0278.csv,symbol,date,value,vdf_original_row_hash,VDF_Global_Commodity|STEEL|2026-06-06|751374545aa7d59f,False,value_blank_or_non_numeric,f06c0d58dadee132
117,VDF_Global_Commodity,STEEL,2026-06-07,,2e28489319df7bab,C:\Users\tonyk\Downloads\VeritasIntelligenceAnalytics\dict\VDF\_active\VDF_AKSHARE_CANDIDATE_TO_CANONICAL_DRYRUN_v0278_20260610_220705\preview\VDF_AkShare_CandidateToCanonicalDryRunPreview_v0278.csv,VDF_AkShare_CandidateToCanonicalDryRunPreview_v0278.csv,symbol,date,value,vdf_original_row_hash,VDF_Global_Commodity|STEEL|2026-06-07|2e28489319df7bab,False,value_blank_or_non_numeric,84a0a6447cf5a65c
118,VDF_Global_Commodity,STEEL,2026-06-08,,587050c546c2fc6f,C:\Users\tonyk\Downloads\VeritasIntelligenceAnalytics\dict\VDF\_active\VDF_AKSHARE_CANDIDATE_TO_CANONICAL_DRYRUN_v0278_20260610_220705\preview\VDF_AkShare_CandidateToCanonicalDryRunPreview_v0278.csv,VDF_AkShare_CandidateToCanonicalDryRunPreview_v0278.csv,symbol,date,value,vdf_original_row_hash,VDF_Global_Commodity|STEEL|2026-06-08|587050c546c2fc6f,False,value_blank_or_non_numeric,6b4611500278e9bb
119,VDF_Global_Commodity,STEEL,2026-06-09,,dbe71981a6e3cd04,C:\Users\tonyk\Downloads\VeritasIntelligenceAnalytics\dict\VDF\_active\VDF_AKSHARE_CANDIDATE_TO_CANONICAL_DRYRUN_v0278_20260610_220705\preview\VDF_AkShare_CandidateToCanonicalDryRunPreview_v0278.csv,VDF_AkShare_CandidateToCanonicalDryRunPreview_v0278.csv,symbol,date,value,vdf_original_row_hash,VDF_Global_Commodity|STEEL|2026-06-09|dbe71981a6e3cd04,False,value_blank_or_non_numeric,f20ea310d3402902
120,VDF_Global_Commodity,STEEL,2026-06-10,,284322b2697ecb17,C:\Users\tonyk\Downloads\VeritasIntelligenceAnalytics\dict\VDF\_active\VDF_AKSHARE_CANDIDATE_TO_CANONICAL_DRYRUN_v0278_20260610_220705\preview\VDF_AkShare_CandidateToCanonicalDryRunPreview_v0278.csv,VDF_AkShare_CandidateToCanonicalDryRunPreview_v0278.csv,symbol,date,value,vdf_original_row_hash,VDF_Global_Commodity|STEEL|2026-06-10|284322b2697ecb17,False,value_blank_or_non_numeric,fabfd4d536f536c1
121,VDF_Global_Commodity,COMMODITY_FUTURES,,,8ed97111ad0a8683,C:\Users\tonyk\Downloads\VeritasIntelligenceAnalytics\dict\VDF\_active\VDF_AKSHARE_CANDIDATE_TO_CANONICAL_DRYRUN_v0278_20260610_220705\preview\VDF_AkShare_CandidateToCanonicalDryRunPreview_v0278.csv,VDF_AkShare_CandidateToCanonicalDryRunPreview_v0278.csv,symbol,date,value,vdf_original_row_hash,VDF_Global_Commodity|COMMODITY_FUTURES||8ed97111ad0a8683,False,date_blank_or_unparseable;value_blank_or_non_numeric,37338341caa597b4
122,VDF_Global_Commodity,COMMODITY_FUTURES,,,b6c324f1982f4025,C:\Users\tonyk\Downloads\VeritasIntelligenceAnalytics\dict\VDF\_active\VDF_AKSHARE_CANDIDATE_TO_CANONICAL_DRYRUN_v0278_20260610_220705\preview\VDF_AkShare_CandidateToCanonicalDryRunPreview_v0278.csv,VDF_AkShare_CandidateToCanonicalDryRunPreview_v0278.csv,symbol,date,value,vdf_original_row_hash,VDF_Global_Commodity|COMMODITY_FUTURES||b6c324f1982f4025,False,date_blank_or_unparseable;value_blank_or_non_numeric,49d9ef1f22503795
123,VDF_Global_Commodity,COMMODITY_FUTURES,,3.0,57eb5cd28b5ac54e,C:\Users\tonyk\Downloads\VeritasIntelligenceAnalytics\dict\VDF\_active\VDF_AKSHARE_CANDIDATE_TO_CANONICAL_DRYRUN_v0278_20260610_220705\preview\VDF_AkShare_CandidateToCanonicalDryRunPreview_v0278.csv,VDF_AkShare_CandidateToCanonicalDryRunPreview_v0278.csv,symbol,date,value,vdf_original_row_hash,VDF_Global_Commodity|COMMODITY_FUTURES||57eb5cd28b5ac54e,False,date_blank_or_unparseable,128c555b47494587
124,VDF_Global_Commodity,COMMODITY_FUTURES,,,a6f7896282f27654,C:\Users\tonyk\Downloads\VeritasIntelligenceAnalytics\dict\VDF\_active\VDF_AKSHARE_CANDIDATE_TO_CANONICAL_DRYRUN_v0278_20260610_220705\preview\VDF_AkShare_CandidateToCanonicalDryRunPreview_v0278.csv,VDF_AkShare_CandidateToCanonicalDryRunPreview_v0278.csv,symbol,date,value,vdf_original_row_hash,VDF_Global_Commodity|COMMODITY_FUTURES||a6f7896282f27654,False,date_blank_or_unparseable;value_blank_or_non_numeric,e8a133bc15f553f9
125,VDF_Global_Commodity,COMMODITY_FUTURES,,,8881531c4db276fc,C:\Users\tonyk\Downloads\VeritasIntelligenceAnalytics\dict\VDF\_active\VDF_AKSHARE_CANDIDATE_TO_CANONICAL_DRYRUN_v0278_20260610_220705\preview\VDF_AkShare_CandidateToCanonicalDryRunPreview_v0278.csv,VDF_AkShare_CandidateToCanonicalDryRunPreview_v0278.csv,symbol,date,value,vdf_original_row_hash,VDF_Global_Commodity|COMMODITY_FUTURES||8881531c4db276fc,False,date_blank_or_unparseable;value_blank_or_non_numeric,96c5968e35abb8ac
126,VDF_Global_Commodity,COMMODITY_FUTURES,,,87b1ad27576725bf,C:\Users\tonyk\Downloads\VeritasIntelligenceAnalytics\dict\VDF\_active\VDF_AKSHARE_CANDIDATE_TO_CANONICAL_DRYRUN_v0278_20260610_220705\preview\VDF_AkShare_CandidateToCanonicalDryRunPreview_v0278.csv,VDF_AkShare_CandidateToCanonicalDryRunPreview_v0278.csv,symbol,date,value,vdf_original_row_hash,VDF_Global_Commodity|COMMODITY_FUTURES||87b1ad27576725bf,False,date_blank_or_unparseable;value_blank_or_non_numeric,4d04a3c49409d7a5
127,VDF_Global_Commodity,COMMODITY_FUTURES,,,b0e761cec4a31790,C:\Users\tonyk\Downloads\VeritasIntelligenceAnalytics\dict\VDF\_active\VDF_AKSHARE_CANDIDATE_TO_CANONICAL_DRYRUN_v0278_20260610_220705\preview\VDF_AkShare_CandidateToCanonicalDryRunPreview_v0278.csv,VDF_AkShare_CandidateToCanonicalDryRunPreview_v0278.csv,symbol,date,value,vdf_original_row_hash,VDF_Global_Commodity|COMMODITY_FUTURES||b0e761cec4a31790,False,date_blank_or_unparseable;value_blank_or_non_numeric,c6370d4d3fd392b4
128,VDF_Global_Commodity,COMMODITY_FUTURES,,,e4c42bf85705583b,C:\Users\tonyk\Downloads\VeritasIntelligenceAnalytics\dict\VDF\_active\VDF_AKSHARE_CANDIDATE_TO_CANONICAL_DRYRUN_v0278_20260610_220705\preview\VDF_AkShare_CandidateToCanonicalDryRunPreview_v0278.csv,VDF_AkShare_CandidateToCanonicalDryRunPreview_v0278.csv,symbol,date,value,vdf_original_row_hash,VDF_Global_Commodity|COMMODITY_FUTURES||e4c42bf85705583b,False,date_blank_or_unparseable;value_blank_or_non_numeric,1a131f9a516a130b
129,VDF_Global_Commodity,COMMODITY_FUTURES,,,abd3206346ff4d85,C:\Users\tonyk\Downloads\VeritasIntelligenceAnalytics\dict\VDF\_active\VDF_AKSHARE_CANDIDATE_TO_CANONICAL_DRYRUN_v0278_20260610_220705\preview\VDF_AkShare_CandidateToCanonicalDryRunPreview_v0278.csv,VDF_AkShare_CandidateToCanonicalDryRunPreview_v0278.csv,symbol,date,value,vdf_original_row_hash,VDF_Global_Commodity|COMMODITY_FUTURES||abd3206346ff4d85,False,date_blank_or_unparseable;value_blank_or_non_numeric,6e20931758e23cc4
130,VDF_Global_Commodity,COMMODITY_FUTURES,,,34e6a213b7c37244,C:\Users\tonyk\Downloads\VeritasIntelligenceAnalytics\dict\VDF\_active\VDF_AKSHARE_CANDIDATE_TO_CANONICAL_DRYRUN_v0278_20260610_220705\preview\VDF_AkShare_CandidateToCanonicalDryRunPreview_v0278.csv,VDF_AkShare_CandidateToCanonicalDryRunPreview_v0278.csv,symbol,date,value,vdf_original_row_hash,VDF_Global_Commodity|COMMODITY_FUTURES||34e6a213b7c37244,False,date_blank_or_unparseable;value_blank_or_non_numeric,4181c06d1c40d69b
131,VDF_Global_Commodity,COMMODITY_FUTURES,,,ea39f86f0cc205f2,C:\Users\tonyk\Downloads\VeritasIntelligenceAnalytics\dict\VDF\_active\VDF_AKSHARE_CANDIDATE_TO_CANONICAL_DRYRUN_v0278_20260610_220705\preview\VDF_AkShare_CandidateToCanonicalDryRunPreview_v0278.csv,VDF_AkShare_CandidateToCanonicalDryRunPreview_v0278.csv,symbol,date,value,vdf_original_row_hash,VDF_Global_Commodity|COMMODITY_FUTURES||ea39f86f0cc205f2,False,date_blank_or_unparseable;value_blank_or_non_numeric,f2fa8cbaca88a782
132,VDF_Global_Commodity,COMMODITY_FUTURES,,,b599eda556917203,C:\Users\tonyk\Downloads\VeritasIntelligenceAnalytics\dict\VDF\_active\VDF_AKSHARE_CANDIDATE_TO_CANONICAL_DRYRUN_v0278_20260610_220705\preview\VDF_AkShare_CandidateToCanonicalDryRunPreview_v0278.csv,VDF_AkShare_CandidateToCanonicalDryRunPreview_v0278.csv,symbol,date,value,vdf_original_row_hash,VDF_Global_Commodity|COMMODITY_FUTURES||b599eda556917203,False,date_blank_or_unparseable;value_blank_or_non_numeric,43fba7a1a66da9b5
133,VDF_Global_Commodity,COMMODITY_FUTURES,,,5ef2551ad8ff5d40,C:\Users\tonyk\Downloads\VeritasIntelligenceAnalytics\dict\VDF\_active\VDF_AKSHARE_CANDIDATE_TO_CANONICAL_DRYRUN_v0278_20260610_220705\preview\VDF_AkShare_CandidateToCanonicalDryRunPreview_v0278.csv,VDF_AkShare_CandidateToCanonicalDryRunPreview_v0278.csv,symbol,date,value,vdf_original_row_hash,VDF_Global_Commodity|COMMODITY_FUTURES||5ef2551ad8ff5d40,False,date_blank_or_unparseable;value_blank_or_non_numeric,8d8cc2210481a039
134,VDF_Global_Commodity,COMMODITY_FUTURES,,,ec5bc834d2fb249d,C:\Users\tonyk\Downloads\VeritasIntelligenceAnalytics\dict\VDF\_active\VDF_AKSHARE_CANDIDATE_TO_CANONICAL_DRYRUN_v0278_20260610_220705\preview\VDF_AkShare_CandidateToCanonicalDryRunPreview_v0278.csv,VDF_AkShare_CandidateToCanonicalDryRunPreview_v0278.csv,symbol,date,value,vdf_original_row_hash,VDF_Global_Commodity|COMMODITY_FUTURES||ec5bc834d2fb249d,False,date_blank_or_unparseable;value_blank_or_non_numeric,bc9bdfdae2f2dd5b
135,VDF_Global_Commodity,COMMODITY_FUTURES,,,fc3703242831a527,C:\Users\tonyk\Downloads\VeritasIntelligenceAnalytics\dict\VDF\_active\VDF_AKSHARE_CANDIDATE_TO_CANONICAL_DRYRUN_v0278_20260610_220705\preview\VDF_AkShare_CandidateToCanonicalDryRunPreview_v0278.csv,VDF_AkShare_CandidateToCanonicalDryRunPreview_v0278.csv,symbol,date,value,vdf_original_row_hash,VDF_Global_Commodity|COMMODITY_FUTURES||fc3703242831a527,False,date_blank_or_unparseable;value_blank_or_non_numeric,2a82ba12e6bcb09c
136,VDF_Global_Commodity,COMMODITY_FUTURES,,,1937058cf9dcbf3f,C:\Users\tonyk\Downloads\VeritasIntelligenceAnalytics\dict\VDF\_active\VDF_AKSHARE_CANDIDATE_TO_CANONICAL_DRYRUN_v0278_20260610_220705\preview\VDF_AkShare_CandidateToCanonicalDryRunPreview_v0278.csv,VDF_AkShare_CandidateToCanonicalDryRunPreview_v0278.csv,symbol,date,value,vdf_original_row_hash,VDF_Global_Commodity|COMMODITY_FUTURES||1937058cf9dcbf3f,False,date_blank_or_unparseable;value_blank_or_non_numeric,2f698f783c54e5a2
137,VDF_Global_Commodity,COMMODITY_FUTURES,,,d87aedb292159a7a,C:\Users\tonyk\Downloads\VeritasIntelligenceAnalytics\dict\VDF\_active\VDF_AKSHARE_CANDIDATE_TO_CANONICAL_DRYRUN_v0278_20260610_220705\preview\VDF_AkShare_CandidateToCanonicalDryRunPreview_v0278.csv,VDF_AkShare_CandidateToCanonicalDryRunPreview_v0278.csv,symbol,date,value,vdf_original_row_hash,VDF_Global_Commodity|COMMODITY_FUTURES||d87aedb292159a7a,False,date_blank_or_unparseable;value_blank_or_non_numeric,c8c09b8be37557f4
138,VDF_Global_Commodity,COMMODITY_FUTURES,,,55530a7c487ccd7e,C:\Users\tonyk\Downloads\VeritasIntelligenceAnalytics\dict\VDF\_active\VDF_AKSHARE_CANDIDATE_TO_CANONICAL_DRYRUN_v0278_20260610_220705\preview\VDF_AkShare_CandidateToCanonicalDryRunPreview_v0278.csv,VDF_AkShare_CandidateToCanonicalDryRunPreview_v0278.csv,symbol,date,value,vdf_original_row_hash,VDF_Global_Commodity|COMMODITY_FUTURES||55530a7c487ccd7e,False,date_blank_or_unparseable;value_blank_or_non_numeric,2a102219f2ae53cc
139,VDF_Global_Commodity,COMMODITY_FUTURES,,,5dad3acfb3118f55,C:\Users\tonyk\Downloads\VeritasIntelligenceAnalytics\dict\VDF\_active\VDF_AKSHARE_CANDIDATE_TO_CANONICAL_DRYRUN_v0278_20260610_220705\preview\VDF_AkShare_CandidateToCanonicalDryRunPreview_v0278.csv,VDF_AkShare_CandidateToCanonicalDryRunPreview_v0278.csv,symbol,date,value,vdf_original_row_hash,VDF_Global_Commodity|COMMODITY_FUTURES||5dad3acfb3118f55,False,date_blank_or_unparseable;value_blank_or_non_numeric,5017de1e8c9121ba
140,VDF_Global_Commodity,COMMODITY_FUTURES,,,e59bb77d090bf232,C:\Users\tonyk\Downloads\VeritasIntelligenceAnalytics\dict\VDF\_active\VDF_AKSHARE_CANDIDATE_TO_CANONICAL_DRYRUN_v0278_20260610_220705\preview\VDF_AkShare_CandidateToCanonicalDryRunPreview_v0278.csv,VDF_AkShare_CandidateToCanonicalDryRunPreview_v0278.csv,symbol,date,value,vdf_original_row_hash,VDF_Global_Commodity|COMMODITY_FUTURES||e59bb77d090bf232,False,date_blank_or_unparseable;value_blank_or_non_numeric,4f653dd35a4a915b
141,VDF_Global_Commodity,COMMODITY_FUTURES,,,04ca49f8705f8c53,C:\Users\tonyk\Downloads\VeritasIntelligenceAnalytics\dict\VDF\_active\VDF_AKSHARE_CANDIDATE_TO_CANONICAL_DRYRUN_v0278_20260610_220705\preview\VDF_AkShare_CandidateToCanonicalDryRunPreview_v0278.csv,VDF_AkShare_CandidateToCanonicalDryRunPreview_v0278.csv,symbol,date,value,vdf_original_row_hash,VDF_Global_Commodity|COMMODITY_FUTURES||04ca49f8705f8c53,False,date_blank_or_unparseable;value_blank_or_non_numeric,d0a2446d625ecf0e
142,VDF_Global_Commodity,COMMODITY_FUTURES,,,c5c416e5c0ab2b85,C:\Users\tonyk\Downloads\VeritasIntelligenceAnalytics\dict\VDF\_active\VDF_AKSHARE_CANDIDATE_TO_CANONICAL_DRYRUN_v0278_20260610_220705\preview\VDF_AkShare_CandidateToCanonicalDryRunPreview_v0278.csv,VDF_AkShare_CandidateToCanonicalDryRunPreview_v0278.csv,symbol,date,value,vdf_original_row_hash,VDF_Global_Commodity|COMMODITY_FUTURES||c5c416e5c0ab2b85,False,date_blank_or_unparseable;value_blank_or_non_numeric,c142836a798dce10
143,VDF_Global_Commodity,COMMODITY_FUTURES,,,36fc04e0f35fc7f3,C:\Users\tonyk\Downloads\VeritasIntelligenceAnalytics\dict\VDF\_active\VDF_AKSHARE_CANDIDATE_TO_CANONICAL_DRYRUN_v0278_20260610_220705\preview\VDF_AkShare_CandidateToCanonicalDryRunPreview_v0278.csv,VDF_AkShare_CandidateToCanonicalDryRunPreview_v0278.csv,symbol,date,value,vdf_original_row_hash,VDF_Global_Commodity|COMMODITY_FUTURES||36fc04e0f35fc7f3,False,date_blank_or_unparseable;value_blank_or_non_numeric,1b54a75d173833b7
144,VDF_Global_Commodity,COMMODITY_FUTURES,,,8d821f09e50a682b,C:\Users\tonyk\Downloads\VeritasIntelligenceAnalytics\dict\VDF\_active\VDF_AKSHARE_CANDIDATE_TO_CANONICAL_DRYRUN_v0278_20260610_220705\preview\VDF_AkShare_CandidateToCanonicalDryRunPreview_v0278.csv,VDF_AkShare_CandidateToCanonicalDryRunPreview_v0278.csv,symbol,date,value,vdf_original_row_hash,VDF_Global_Commodity|COMMODITY_FUTURES||8d821f09e50a682b,False,date_blank_or_unparseable;value_blank_or_non_numeric,737b327f4ec09df2
145,VDF_Global_Commodity,COMMODITY_FUTURES,,,1fe60eee3883231c,C:\Users\tonyk\Downloads\VeritasIntelligenceAnalytics\dict\VDF\_active\VDF_AKSHARE_CANDIDATE_TO_CANONICAL_DRYRUN_v0278_20260610_220705\preview\VDF_AkShare_CandidateToCanonicalDryRunPreview_v0278.csv,VDF_AkShare_CandidateToCanonicalDryRunPreview_v0278.csv,symbol,date,value,vdf_original_row_hash,VDF_Global_Commodity|COMMODITY_FUTURES||1fe60eee3883231c,False,date_blank_or_unparseable;value_blank_or_non_numeric,c028800082bfe6f1
146,VDF_Global_Commodity,COMMODITY_FUTURES,,,d4f7a2bcee11bda6,C:\Users\tonyk\Downloads\VeritasIntelligenceAnalytics\dict\VDF\_active\VDF_AKSHARE_CANDIDATE_TO_CANONICAL_DRYRUN_v0278_20260610_220705\preview\VDF_AkShare_CandidateToCanonicalDryRunPreview_v0278.csv,VDF_AkShare_CandidateToCanonicalDryRunPreview_v0278.csv,symbol,date,value,vdf_original_row_hash,VDF_Global_Commodity|COMMODITY_FUTURES||d4f7a2bcee11bda6,False,date_blank_or_unparseable;value_blank_or_non_numeric,8948bd8cfb174f96
147,VDF_Global_Commodity,COMMODITY_FUTURES,,,204b222caaaa9b53,C:\Users\tonyk\Downloads\VeritasIntelligenceAnalytics\dict\VDF\_active\VDF_AKSHARE_CANDIDATE_TO_CANONICAL_DRYRUN_v0278_20260610_220705\preview\VDF_AkShare_CandidateToCanonicalDryRunPreview_v0278.csv,VDF_AkShare_CandidateToCanonicalDryRunPreview_v0278.csv,symbol,date,value,vdf_original_row_hash,VDF_Global_Commodity|COMMODITY_FUTURES||204b222caaaa9b53,False,date_blank_or_unparseable;value_blank_or_non_numeric,65760d1e6dc4afa8
148,VDF_Global_Commodity,COMMODITY_FUTURES,,,3d573dfd72c901dc,C:\Users\tonyk\Downloads\VeritasIntelligenceAnalytics\dict\VDF\_active\VDF_AKSHARE_CANDIDATE_TO_CANONICAL_DRYRUN_v0278_20260610_220705\preview\VDF_AkShare_CandidateToCanonicalDryRunPreview_v0278.csv,VDF_AkShare_CandidateToCanonicalDryRunPreview_v0278.csv,symbol,date,value,vdf_original_row_hash,VDF_Global_Commodity|COMMODITY_FUTURES||3d573dfd72c901dc,False,date_blank_or_unparseable;value_blank_or_non_numeric,7ca21deb77f26c39
149,VDF_Global_Commodity,COMMODITY_FUTURES,,,086b94f981eb0da1,C:\Users\tonyk\Downloads\VeritasIntelligenceAnalytics\dict\VDF\_active\VDF_AKSHARE_CANDIDATE_TO_CANONICAL_DRYRUN_v0278_20260610_220705\preview\VDF_AkShare_CandidateToCanonicalDryRunPreview_v0278.csv,VDF_AkShare_CandidateToCanonicalDryRunPreview_v0278.csv,symbol,date,value,vdf_original_row_hash,VDF_Global_Commodity|COMMODITY_FUTURES||086b94f981eb0da1,False,date_blank_or_unparseable;value_blank_or_non_numeric,9b8506f0d9f3f06f
150,VDF_Global_Commodity,COMMODITY_FUTURES,,,e6a8902b447aab14,C:\Users\tonyk\Downloads\VeritasIntelligenceAnalytics\dict\VDF\_active\VDF_AKSHARE_CANDIDATE_TO_CANONICAL_DRYRUN_v0278_20260610_220705\preview\VDF_AkShare_CandidateToCanonicalDryRunPreview_v0278.csv,VDF_AkShare_CandidateToCanonicalDryRunPreview_v0278.csv,symbol,date,value,vdf_original_row_hash,VDF_Global_Commodity|COMMODITY_FUTURES||e6a8902b447aab14,False,date_blank_or_unparseable;value_blank_or_non_numeric,4d511a2bb7b6690b
1,VDF_Global_Commodity,STEEL,2026-02-11,,c40c2417ebcd7bbd,C:\Users\tonyk\Downloads\VeritasIntelligenceAnalytics\dict\VDF\_active\VDF_AKSHARE_CANDIDATE_TO_CANONICAL_DRYRUN_v0278_20260610_220705\preview\VDF_AkShare_CandidateToCanonicalDryRunPreview_v0278.json,VDF_AkShare_CandidateToCanonicalDryRunPreview_v0278.json,symbol,date,value,vdf_original_row_hash,VDF_Global_Commodity|STEEL|2026-02-11|c40c2417ebcd7bbd,False,value_blank_or_non_numeric,b834163a42af643f
2,VDF_Global_Commodity,STEEL,2026-02-12,,3b448f17b94509de,C:\Users\tonyk\Downloads\VeritasIntelligenceAnalytics\dict\VDF\_active\VDF_AKSHARE_CANDIDATE_TO_CANONICAL_DRYRUN_v0278_20260610_220705\preview\VDF_AkShare_CandidateToCanonicalDryRunPreview_v0278.json,VDF_AkShare_CandidateToCanonicalDryRunPreview_v0278.json,symbol,date,value,vdf_original_row_hash,VDF_Global_Commodity|STEEL|2026-02-12|3b448f17b94509de,False,value_blank_or_non_numeric,37743cf9870af99e
3,VDF_Global_Commodity,STEEL,2026-02-13,,8684c9acc94b1000,C:\Users\tonyk\Downloads\VeritasIntelligenceAnalytics\dict\VDF\_active\VDF_AKSHARE_CANDIDATE_TO_CANONICAL_DRYRUN_v0278_20260610_220705\preview\VDF_AkShare_CandidateToCanonicalDryRunPreview_v0278.json,VDF_AkShare_CandidateToCanonicalDryRunPreview_v0278.json,symbol,date,value,vdf_original_row_hash,VDF_Global_Commodity|STEEL|2026-02-13|8684c9acc94b1000,False,value_blank_or_non_numeric,968786c67b844746
4,VDF_Global_Commodity,STEEL,2026-02-14,,09f777d25015dc7d,C:\Users\tonyk\Downloads\VeritasIntelligenceAnalytics\dict\VDF\_active\VDF_AKSHARE_CANDIDATE_TO_CANONICAL_DRYRUN_v0278_20260610_220705\preview\VDF_AkShare_CandidateToCanonicalDryRunPreview_v0278.json,VDF_AkShare_CandidateToCanonicalDryRunPreview_v0278.json,symbol,date,value,vdf_original_row_hash,VDF_Global_Commodity|STEEL|2026-02-14|09f777d25015dc7d,False,value_blank_or_non_numeric,9dcdfae8d4ef5c94
5,VDF_Global_Commodity,STEEL,2026-02-15,,ca18e72573fe5a0f,C:\Users\tonyk\Downloads\VeritasIntelligenceAnalytics\dict\VDF\_active\VDF_AKSHARE_CANDIDATE_TO_CANONICAL_DRYRUN_v0278_20260610_220705\preview\VDF_AkShare_CandidateToCanonicalDryRunPreview_v0278.json,VDF_AkShare_CandidateToCanonicalDryRunPreview_v0278.json,symbol,date,value,vdf_original_row_hash,VDF_Global_Commodity|STEEL|2026-02-15|ca18e72573fe5a0f,False,value_blank_or_non_numeric,4ce66bfde3a17f2b
6,VDF_Global_Commodity,STEEL,2026-02-16,,0dcea352e5f26e04,C:\Users\tonyk\Downloads\VeritasIntelligenceAnalytics\dict\VDF\_active\VDF_AKSHARE_CANDIDATE_TO_CANONICAL_DRYRUN_v0278_20260610_220705\preview\VDF_AkShare_CandidateToCanonicalDryRunPreview_v0278.json,VDF_AkShare_CandidateToCanonicalDryRunPreview_v0278.json,symbol,date,value,vdf_original_row_hash,VDF_Global_Commodity|STEEL|2026-02-16|0dcea352e5f26e04,False,value_blank_or_non_numeric,04304568a121fe4d
7,VDF_Global_Commodity,STEEL,2026-02-17,,5d472fb1b3e9abab,C:\Users\tonyk\Downloads\VeritasIntelligenceAnalytics\dict\VDF\_active\VDF_AKSHARE_CANDIDATE_TO_CANONICAL_DRYRUN_v0278_20260610_220705\preview\VDF_AkShare_CandidateToCanonicalDryRunPreview_v0278.json,VDF_AkShare_CandidateToCanonicalDryRunPreview_v0278.json,symbol,date,value,vdf_original_row_hash,VDF_Global_Commodity|STEEL|2026-02-17|5d472fb1b3e9abab,False,value_blank_or_non_numeric,80fe54211515d536
8,VDF_Global_Commodity,STEEL,2026-02-18,,535bf7b6e3430232,C:\Users\tonyk\Downloads\VeritasIntelligenceAnalytics\dict\VDF\_active\VDF_AKSHARE_CANDIDATE_TO_CANONICAL_DRYRUN_v0278_20260610_220705\preview\VDF_AkShare_CandidateToCanonicalDryRunPreview_v0278.json,VDF_AkShare_CandidateToCanonicalDryRunPreview_v0278.json,symbol,date,value,vdf_original_row_hash,VDF_Global_Commodity|STEEL|2026-02-18|535bf7b6e3430232,False,value_blank_or_non_numeric,69b60752270b4964
9,VDF_Global_Commodity,STEEL,2026-02-19,,93ccf2874d3c432f,C:\Users\tonyk\Downloads\VeritasIntelligenceAnalytics\dict\VDF\_active\VDF_AKSHARE_CANDIDATE_TO_CANONICAL_DRYRUN_v0278_20260610_220705\preview\VDF_AkShare_CandidateToCanonicalDryRunPreview_v0278.json,VDF_AkShare_CandidateToCanonicalDryRunPreview_v0278.json,symbol,date,value,vdf_original_row_hash,VDF_Global_Commodity|STEEL|2026-02-19|93ccf2874d3c432f,False,value_blank_or_non_numeric,c461256bd9e0f784
10,VDF_Global_Commodity,STEEL,2026-02-20,,a6e5f47f15e1ee98,C:\Users\tonyk\Downloads\VeritasIntelligenceAnalytics\dict\VDF\_active\VDF_AKSHARE_CANDIDATE_TO_CANONICAL_DRYRUN_v0278_20260610_220705\preview\VDF_AkShare_CandidateToCanonicalDryRunPreview_v0278.json,VDF_AkShare_CandidateToCanonicalDryRunPreview_v0278.json,symbol,date,value,vdf_original_row_hash,VDF_Global_Commodity|STEEL|2026-02-20|a6e5f47f15e1ee98,False,value_blank_or_non_numeric,b236c2d3a7ad0c78
11,VDF_Global_Commodity,STEEL,2026-02-21,,5cfbb675a90114b7,C:\Users\tonyk\Downloads\VeritasIntelligenceAnalytics\dict\VDF\_active\VDF_AKSHARE_CANDIDATE_TO_CANONICAL_DRYRUN_v0278_20260610_220705\preview\VDF_AkShare_CandidateToCanonicalDryRunPreview_v0278.json,VDF_AkShare_CandidateToCanonicalDryRunPreview_v0278.json,symbol,date,value,vdf_original_row_hash,VDF_Global_Commodity|STEEL|2026-02-21|5cfbb675a90114b7,False,value_blank_or_non_numeric,eb2b8bd3897761f6
12,VDF_Global_Commodity,STEEL,2026-02-22,,29a946d4ec5fc967,C:\Users\tonyk\Downloads\VeritasIntelligenceAnalytics\dict\VDF\_active\VDF_AKSHARE_CANDIDATE_TO_CANONICAL_DRYRUN_v0278_20260610_220705\preview\VDF_AkShare_CandidateToCanonicalDryRunPreview_v0278.json,VDF_AkShare_CandidateToCanonicalDryRunPreview_v0278.json,symbol,date,value,vdf_original_row_hash,VDF_Global_Commodity|STEEL|2026-02-22|29a946d4ec5fc967,False,value_blank_or_non_numeric,b0318a664cf10968
13,VDF_Global_Commodity,STEEL,2026-02-23,,5a4173ed26210734,C:\Users\tonyk\Downloads\VeritasIntelligenceAnalytics\dict\VDF\_active\VDF_AKSHARE_CANDIDATE_TO_CANONICAL_DRYRUN_v0278_20260610_220705\preview\VDF_AkShare_CandidateToCanonicalDryRunPreview_v0278.json,VDF_AkShare_CandidateToCanonicalDryRunPreview_v0278.json,symbol,date,value,vdf_original_row_hash,VDF_Global_Commodity|STEEL|2026-02-23|5a4173ed26210734,False,value_blank_or_non_numeric,3bab543839d12c56
14,VDF_Global_Commodity,STEEL,2026-02-24,,ab0f0604f90466da,C:\Users\tonyk\Downloads\VeritasIntelligenceAnalytics\dict\VDF\_active\VDF_AKSHARE_CANDIDATE_TO_CANONICAL_DRYRUN_v0278_20260610_220705\preview\VDF_AkShare_CandidateToCanonicalDryRunPreview_v0278.json,VDF_AkShare_CandidateToCanonicalDryRunPreview_v0278.json,symbol,date,value,vdf_original_row_hash,VDF_Global_Commodity|STEEL|2026-02-24|ab0f0604f90466da,False,value_blank_or_non_numeric,82d94aae052f4103
15,VDF_Global_Commodity,STEEL,2026-02-25,,6f0de1fbd6f8e642,C:\Users\tonyk\Downloads\VeritasIntelligenceAnalytics\dict\VDF\_active\VDF_AKSHARE_CANDIDATE_TO_CANONICAL_DRYRUN_v0278_20260610_220705\preview\VDF_AkShare_CandidateToCanonicalDryRunPreview_v0278.json,VDF_AkShare_CandidateToCanonicalDryRunPreview_v0278.json,symbol,date,value,vdf_original_row_hash,VDF_Global_Commodity|STEEL|2026-02-25|6f0de1fbd6f8e642,False,value_blank_or_non_numeric,72cd09ec2b867f97
16,VDF_Global_Commodity,STEEL,2026-02-26,,4ccc40fde45d0d50,C:\Users\tonyk\Downloads\VeritasIntelligenceAnalytics\dict\VDF\_active\VDF_AKSHARE_CANDIDATE_TO_CANONICAL_DRYRUN_v0278_20260610_220705\preview\VDF_AkShare_CandidateToCanonicalDryRunPreview_v0278.json,VDF_AkShare_CandidateToCanonicalDryRunPreview_v0278.json,symbol,date,value,vdf_original_row_hash,VDF_Global_Commodity|STEEL|2026-02-26|4ccc40fde45d0d50,False,value_blank_or_non_numeric,627300b44e843fab
17,VDF_Global_Commodity,STEEL,2026-02-27,,c8d504cadb0d14b0,C:\Users\tonyk\Downloads\VeritasIntelligenceAnalytics\dict\VDF\_active\VDF_AKSHARE_CANDIDATE_TO_CANONICAL_DRYRUN_v0278_20260610_220705\preview\VDF_AkShare_CandidateToCanonicalDryRunPreview_v0278.json,VDF_AkShare_CandidateToCanonicalDryRunPreview_v0278.json,symbol,date,value,vdf_original_row_hash,VDF_Global_Commodity|STEEL|2026-02-27|c8d504cadb0d14b0,False,value_blank_or_non_numeric,6311413df9e41764
18,VDF_Global_Commodity,STEEL,2026-02-28,,818e7385d2662293,C:\Users\tonyk\Downloads\VeritasIntelligenceAnalytics\dict\VDF\_active\VDF_AKSHARE_CANDIDATE_TO_CANONICAL_DRYRUN_v0278_20260610_220705\preview\VDF_AkShare_CandidateToCanonicalDryRunPreview_v0278.json,VDF_AkShare_CandidateToCanonicalDryRunPreview_v0278.json,symbol,date,value,vdf_original_row_hash,VDF_Global_Commodity|STEEL|2026-02-28|818e7385d2662293,False,value_blank_or_non_numeric,7b89e2a1a1689ea5
19,VDF_Global_Commodity,STEEL,2026-03-01,,7eadaffe5daf8a4b,C:\Users\tonyk\Downloads\VeritasIntelligenceAnalytics\dict\VDF\_active\VDF_AKSHARE_CANDIDATE_TO_CANONICAL_DRYRUN_v0278_20260610_220705\preview\VDF_AkShare_CandidateToCanonicalDryRunPreview_v0278.json,VDF_AkShare_CandidateToCanonicalDryRunPreview_v0278.json,symbol,date,value,vdf_original_row_hash,VDF_Global_Commodity|STEEL|2026-03-01|7eadaffe5daf8a4b,False,value_blank_or_non_numeric,b46c6c2a9a8a5478
20,VDF_Global_Commodity,STEEL,2026-03-02,,2c54d68a43122383,C:\Users\tonyk\Downloads\VeritasIntelligenceAnalytics\dict\VDF\_active\VDF_AKSHARE_CANDIDATE_TO_CANONICAL_DRYRUN_v0278_20260610_220705\preview\VDF_AkShare_CandidateToCanonicalDryRunPreview_v0278.json,VDF_AkShare_CandidateToCanonicalDryRunPreview_v0278.json,symbol,date,value,vdf_original_row_hash,VDF_Global_Commodity|STEEL|2026-03-02|2c54d68a43122383,False,value_blank_or_non_numeric,f85f0a667cfea4ea
21,VDF_Global_Commodity,STEEL,2026-03-03,,37cc186309da4a00,C:\Users\tonyk\Downloads\VeritasIntelligenceAnalytics\dict\VDF\_active\VDF_AKSHARE_CANDIDATE_TO_CANONICAL_DRYRUN_v0278_20260610_220705\preview\VDF_AkShare_CandidateToCanonicalDryRunPreview_v0278.json,VDF_AkShare_CandidateToCanonicalDryRunPreview_v0278.json,symbol,date,value,vdf_original_row_hash,VDF_Global_Commodity|STEEL|2026-03-03|37cc186309da4a00,False,value_blank_or_non_numeric,13a0885eb56c8616
22,VDF_Global_Commodity,STEEL,2026-03-04,,e78cd7920e51fb44,C:\Users\tonyk\Downloads\VeritasIntelligenceAnalytics\dict\VDF\_active\VDF_AKSHARE_CANDIDATE_TO_CANONICAL_DRYRUN_v0278_20260610_220705\preview\VDF_AkShare_CandidateToCanonicalDryRunPreview_v0278.json,VDF_AkShare_CandidateToCanonicalDryRunPreview_v0278.json,symbol,date,value,vdf_original_row_hash,VDF_Global_Commodity|STEEL|2026-03-04|e78cd7920e51fb44,False,value_blank_or_non_numeric,4f0abc872dd0a219
23,VDF_Global_Commodity,STEEL,2026-03-05,,cc271d0008d7b055,C:\Users\tonyk\Downloads\VeritasIntelligenceAnalytics\dict\VDF\_active\VDF_AKSHARE_CANDIDATE_TO_CANONICAL_DRYRUN_v0278_20260610_220705\preview\VDF_AkShare_CandidateToCanonicalDryRunPreview_v0278.json,VDF_AkShare_CandidateToCanonicalDryRunPreview_v0278.json,symbol,date,value,vdf_original_row_hash,VDF_Global_Commodity|STEEL|2026-03-05|cc271d0008d7b055,False,value_blank_or_non_numeric,a0ae3b2a408ac364
24,VDF_Global_Commodity,STEEL,2026-03-06,,f3db4b934b23abba,C:\Users\tonyk\Downloads\VeritasIntelligenceAnalytics\dict\VDF\_active\VDF_AKSHARE_CANDIDATE_TO_CANONICAL_DRYRUN_v0278_20260610_220705\preview\VDF_AkShare_CandidateToCanonicalDryRunPreview_v0278.json,VDF_AkShare_CandidateToCanonicalDryRunPreview_v0278.json,symbol,date,value,vdf_original_row_hash,VDF_Global_Commodity|STEEL|2026-03-06|f3db4b934b23abba,False,value_blank_or_non_numeric,5be5468041926e06
25,VDF_Global_Commodity,STEEL,2026-03-07,,9735c7ec5b93b9c9,C:\Users\tonyk\Downloads\VeritasIntelligenceAnalytics\dict\VDF\_active\VDF_AKSHARE_CANDIDATE_TO_CANONICAL_DRYRUN_v0278_20260610_220705\preview\VDF_AkShare_CandidateToCanonicalDryRunPreview_v0278.json,VDF_AkShare_CandidateToCanonicalDryRunPreview_v0278.json,symbol,date,value,vdf_original_row_hash,VDF_Global_Commodity|STEEL|2026-03-07|9735c7ec5b93b9c9,False,value_blank_or_non_numeric,3e823eead056dc6a
26,VDF_Global_Commodity,STEEL,2026-03-08,,16163911df5494d9,C:\Users\tonyk\Downloads\VeritasIntelligenceAnalytics\dict\VDF\_active\VDF_AKSHARE_CANDIDATE_TO_CANONICAL_DRYRUN_v0278_20260610_220705\preview\VDF_AkShare_CandidateToCanonicalDryRunPreview_v0278.json,VDF_AkShare_CandidateToCanonicalDryRunPreview_v0278.json,symbol,date,value,vdf_original_row_hash,VDF_Global_Commodity|STEEL|2026-03-08|16163911df5494d9,False,value_blank_or_non_numeric,e09fe5a0e24601df
27,VDF_Global_Commodity,STEEL,2026-03-09,,9060518e291d820e,C:\Users\tonyk\Downloads\VeritasIntelligenceAnalytics\dict\VDF\_active\VDF_AKSHARE_CANDIDATE_TO_CANONICAL_DRYRUN_v0278_20260610_220705\preview\VDF_AkShare_CandidateToCanonicalDryRunPreview_v0278.json,VDF_AkShare_CandidateToCanonicalDryRunPreview_v0278.json,symbol,date,value,vdf_original_row_hash,VDF_Global_Commodity|STEEL|2026-03-09|9060518e291d820e,False,value_blank_or_non_numeric,b45e9a837f99e592
28,VDF_Global_Commodity,STEEL,2026-03-10,,0dc12c7d35aa244d,C:\Users\tonyk\Downloads\VeritasIntelligenceAnalytics\dict\VDF\_active\VDF_AKSHARE_CANDIDATE_TO_CANONICAL_DRYRUN_v0278_20260610_220705\preview\VDF_AkShare_CandidateToCanonicalDryRunPreview_v0278.json,VDF_AkShare_CandidateToCanonicalDryRunPreview_v0278.json,symbol,date,value,vdf_original_row_hash,VDF_Global_Commodity|STEEL|2026-03-10|0dc12c7d35aa244d,False,value_blank_or_non_numeric,11b1d8968602e268
29,VDF_Global_Commodity,STEEL,2026-03-11,,7d625341a2355380,C:\Users\tonyk\Downloads\VeritasIntelligenceAnalytics\dict\VDF\_active\VDF_AKSHARE_CANDIDATE_TO_CANONICAL_DRYRUN_v0278_20260610_220705\preview\VDF_AkShare_CandidateToCanonicalDryRunPreview_v0278.json,VDF_AkShare_CandidateToCanonicalDryRunPreview_v0278.json,symbol,date,value,vdf_original_row_hash,VDF_Global_Commodity|STEEL|2026-03-11|7d625341a2355380,False,value_blank_or_non_numeric,21cd1dc8f12cf702
30,VDF_Global_Commodity,STEEL,2026-03-12,,7b8bcd717565f003,C:\Users\tonyk\Downloads\VeritasIntelligenceAnalytics\dict\VDF\_active\VDF_AKSHARE_CANDIDATE_TO_CANONICAL_DRYRUN_v0278_20260610_220705\preview\VDF_AkShare_CandidateToCanonicalDryRunPreview_v0278.json,VDF_AkShare_CandidateToCanonicalDryRunPreview_v0278.json,symbol,date,value,vdf_original_row_hash,VDF_Global_Commodity|STEEL|2026-03-12|7b8bcd717565f003,False,value_blank_or_non_numeric,36409e6a606d907f
31,VDF_Global_Commodity,STEEL,2026-03-13,,d8158ab27228fcd8,C:\Users\tonyk\Downloads\VeritasIntelligenceAnalytics\dict\VDF\_active\VDF_AKSHARE_CANDIDATE_TO_CANONICAL_DRYRUN_v0278_20260610_220705\preview\VDF_AkShare_CandidateToCanonicalDryRunPreview_v0278.json,VDF_AkShare_CandidateToCanonicalDryRunPreview_v0278.json,symbol,date,value,vdf_original_row_hash,VDF_Global_Commodity|STEEL|2026-03-13|d8158ab27228fcd8,False,value_blank_or_non_numeric,bbdf3134ee0a29e7
32,VDF_Global_Commodity,STEEL,2026-03-14,,9515ee2246024c2c,C:\Users\tonyk\Downloads\VeritasIntelligenceAnalytics\dict\VDF\_active\VDF_AKSHARE_CANDIDATE_TO_CANONICAL_DRYRUN_v0278_20260610_220705\preview\VDF_AkShare_CandidateToCanonicalDryRunPreview_v0278.json,VDF_AkShare_CandidateToCanonicalDryRunPreview_v0278.json,symbol,date,value,vdf_original_row_hash,VDF_Global_Commodity|STEEL|2026-03-14|9515ee2246024c2c,False,value_blank_or_non_numeric,097f547e5596d89c
33,VDF_Global_Commodity,STEEL,2026-03-15,,55637629d191fee0,C:\Users\tonyk\Downloads\VeritasIntelligenceAnalytics\dict\VDF\_active\VDF_AKSHARE_CANDIDATE_TO_CANONICAL_DRYRUN_v0278_20260610_220705\preview\VDF_AkShare_CandidateToCanonicalDryRunPreview_v0278.json,VDF_AkShare_CandidateToCanonicalDryRunPreview_v0278.json,symbol,date,value,vdf_original_row_hash,VDF_Global_Commodity|STEEL|2026-03-15|55637629d191fee0,False,value_blank_or_non_numeric,a20ed5fcff671197
34,VDF_Global_Commodity,STEEL,2026-03-16,,65e78a49600b4b8e,C:\Users\tonyk\Downloads\VeritasIntelligenceAnalytics\dict\VDF\_active\VDF_AKSHARE_CANDIDATE_TO_CANONICAL_DRYRUN_v0278_20260610_220705\preview\VDF_AkShare_CandidateToCanonicalDryRunPreview_v0278.json,VDF_AkShare_CandidateToCanonicalDryRunPreview_v0278.json,symbol,date,value,vdf_original_row_hash,VDF_Global_Commodity|STEEL|2026-03-16|65e78a49600b4b8e,False,value_blank_or_non_numeric,60424315d6359361
35,VDF_Global_Commodity,STEEL,2026-03-17,,f297d35138322f27,C:\Users\tonyk\Downloads\VeritasIntelligenceAnalytics\dict\VDF\_active\VDF_AKSHARE_CANDIDATE_TO_CANONICAL_DRYRUN_v0278_20260610_220705\preview\VDF_AkShare_CandidateToCanonicalDryRunPreview_v0278.json,VDF_AkShare_CandidateToCanonicalDryRunPreview_v0278.json,symbol,date,value,vdf_original_row_hash,VDF_Global_Commodity|STEEL|2026-03-17|f297d35138322f27,False,value_blank_or_non_numeric,674182b5a0c5970a
36,VDF_Global_Commodity,STEEL,2026-03-18,,0a79a3ad51296d62,C:\Users\tonyk\Downloads\VeritasIntelligenceAnalytics\dict\VDF\_active\VDF_AKSHARE_CANDIDATE_TO_CANONICAL_DRYRUN_v0278_20260610_220705\preview\VDF_AkShare_CandidateToCanonicalDryRunPreview_v0278.json,VDF_AkShare_CandidateToCanonicalDryRunPreview_v0278.json,symbol,date,value,vdf_original_row_hash,VDF_Global_Commodity|STEEL|2026-03-18|0a79a3ad51296d62,False,value_blank_or_non_numeric,1185fed7be41ae93
37,VDF_Global_Commodity,STEEL,2026-03-19,,504a312dd35f7fe1,C:\Users\tonyk\Downloads\VeritasIntelligenceAnalytics\dict\VDF\_active\VDF_AKSHARE_CANDIDATE_TO_CANONICAL_DRYRUN_v0278_20260610_220705\preview\VDF_AkShare_CandidateToCanonicalDryRunPreview_v0278.json,VDF_AkShare_CandidateToCanonicalDryRunPreview_v0278.json,symbol,date,value,vdf_original_row_hash,VDF_Global_Commodity|STEEL|2026-03-19|504a312dd35f7fe1,False,value_blank_or_non_numeric,d8ffe7db39f45c59
38,VDF_Global_Commodity,STEEL,2026-03-20,,29825bdde4c72258,C:\Users\tonyk\Downloads\VeritasIntelligenceAnalytics\dict\VDF\_active\VDF_AKSHARE_CANDIDATE_TO_CANONICAL_DRYRUN_v0278_20260610_220705\preview\VDF_AkShare_CandidateToCanonicalDryRunPreview_v0278.json,VDF_AkShare_CandidateToCanonicalDryRunPreview_v0278.json,symbol,date,value,vdf_original_row_hash,VDF_Global_Commodity|STEEL|2026-03-20|29825bdde4c72258,False,value_blank_or_non_numeric,b2d41392e4340e3d
39,VDF_Global_Commodity,STEEL,2026-03-21,,18dee12bdc0d7b13,C:\Users\tonyk\Downloads\VeritasIntelligenceAnalytics\dict\VDF\_active\VDF_AKSHARE_CANDIDATE_TO_CANONICAL_DRYRUN_v0278_20260610_220705\preview\VDF_AkShare_CandidateToCanonicalDryRunPreview_v0278.json,VDF_AkShare_CandidateToCanonicalDryRunPreview_v0278.json,symbol,date,value,vdf_original_row_hash,VDF_Global_Commodity|STEEL|2026-03-21|18dee12bdc0d7b13,False,value_blank_or_non_numeric,93d0fba377469e16
40,VDF_Global_Commodity,STEEL,2026-03-22,,e23a26fa81f19fd1,C:\Users\tonyk\Downloads\VeritasIntelligenceAnalytics\dict\VDF\_active\VDF_AKSHARE_CANDIDATE_TO_CANONICAL_DRYRUN_v0278_20260610_220705\preview\VDF_AkShare_CandidateToCanonicalDryRunPreview_v0278.json,VDF_AkShare_CandidateToCanonicalDryRunPreview_v0278.json,symbol,date,value,vdf_original_row_hash,VDF_Global_Commodity|STEEL|2026-03-22|e23a26fa81f19fd1,False,value_blank_or_non_numeric,abfb68934a2dfacb
41,VDF_Global_Commodity,STEEL,2026-03-23,,20767ebf681798b3,C:\Users\tonyk\Downloads\VeritasIntelligenceAnalytics\dict\VDF\_active\VDF_AKSHARE_CANDIDATE_TO_CANONICAL_DRYRUN_v0278_20260610_220705\preview\VDF_AkShare_CandidateToCanonicalDryRunPreview_v0278.json,VDF_AkShare_CandidateToCanonicalDryRunPreview_v0278.json,symbol,date,value,vdf_original_row_hash,VDF_Global_Commodity|STEEL|2026-03-23|20767ebf681798b3,False,value_blank_or_non_numeric,6daf2cd24b59874a
42,VDF_Global_Commodity,STEEL,2026-03-24,,0dc0dd9f540e1006,C:\Users\tonyk\Downloads\VeritasIntelligenceAnalytics\dict\VDF\_active\VDF_AKSHARE_CANDIDATE_TO_CANONICAL_DRYRUN_v0278_20260610_220705\preview\VDF_AkShare_CandidateToCanonicalDryRunPreview_v0278.json,VDF_AkShare_CandidateToCanonicalDryRunPreview_v0278.json,symbol,date,value,vdf_original_row_hash,VDF_Global_Commodity|STEEL|2026-03-24|0dc0dd9f540e1006,False,value_blank_or_non_numeric,7b9e33d845e8408a
43,VDF_Global_Commodity,STEEL,2026-03-25,,aba9ec3be54be9d2,C:\Users\tonyk\Downloads\VeritasIntelligenceAnalytics\dict\VDF\_active\VDF_AKSHARE_CANDIDATE_TO_CANONICAL_DRYRUN_v0278_20260610_220705\preview\VDF_AkShare_CandidateToCanonicalDryRunPreview_v0278.json,VDF_AkShare_CandidateToCanonicalDryRunPreview_v0278.json,symbol,date,value,vdf_original_row_hash,VDF_Global_Commodity|STEEL|2026-03-25|aba9ec3be54be9d2,False,value_blank_or_non_numeric,d82f0a9d56ab0ae5
44,VDF_Global_Commodity,STEEL,2026-03-26,,0558c7458ebc271e,C:\Users\tonyk\Downloads\VeritasIntelligenceAnalytics\dict\VDF\_active\VDF_AKSHARE_CANDIDATE_TO_CANONICAL_DRYRUN_v0278_20260610_220705\preview\VDF_AkShare_CandidateToCanonicalDryRunPreview_v0278.json,VDF_AkShare_CandidateToCanonicalDryRunPreview_v0278.json,symbol,date,value,vdf_original_row_hash,VDF_Global_Commodity|STEEL|2026-03-26|0558c7458ebc271e,False,value_blank_or_non_numeric,0f635dd32b509aef
45,VDF_Global_Commodity,STEEL,2026-03-27,,8f195ae7e1656edb,C:\Users\tonyk\Downloads\VeritasIntelligenceAnalytics\dict\VDF\_active\VDF_AKSHARE_CANDIDATE_TO_CANONICAL_DRYRUN_v0278_20260610_220705\preview\VDF_AkShare_CandidateToCanonicalDryRunPreview_v0278.json,VDF_AkShare_CandidateToCanonicalDryRunPreview_v0278.json,symbol,date,value,vdf_original_row_hash,VDF_Global_Commodity|STEEL|2026-03-27|8f195ae7e1656edb,False,value_blank_or_non_numeric,8e0adc9220cae754
46,VDF_Global_Commodity,STEEL,2026-03-28,,22f4ae66b6e10323,C:\Users\tonyk\Downloads\VeritasIntelligenceAnalytics\dict\VDF\_active\VDF_AKSHARE_CANDIDATE_TO_CANONICAL_DRYRUN_v0278_20260610_220705\preview\VDF_AkShare_CandidateToCanonicalDryRunPreview_v0278.json,VDF_AkShare_CandidateToCanonicalDryRunPreview_v0278.json,symbol,date,value,vdf_original_row_hash,VDF_Global_Commodity|STEEL|2026-03-28|22f4ae66b6e10323,False,value_blank_or_non_numeric,51f1cc33e3d8baa1
47,VDF_Global_Commodity,STEEL,2026-03-29,,1fbb5c414b48cb93,C:\Users\tonyk\Downloads\VeritasIntelligenceAnalytics\dict\VDF\_active\VDF_AKSHARE_CANDIDATE_TO_CANONICAL_DRYRUN_v0278_20260610_220705\preview\VDF_AkShare_CandidateToCanonicalDryRunPreview_v0278.json,VDF_AkShare_CandidateToCanonicalDryRunPreview_v0278.json,symbol,date,value,vdf_original_row_hash,VDF_Global_Commodity|STEEL|2026-03-29|1fbb5c414b48cb93,False,value_blank_or_non_numeric,e6d64bc24508f8a2
48,VDF_Global_Commodity,STEEL,2026-03-30,,2b1fe75b192afdcb,C:\Users\tonyk\Downloads\VeritasIntelligenceAnalytics\dict\VDF\_active\VDF_AKSHARE_CANDIDATE_TO_CANONICAL_DRYRUN_v0278_20260610_220705\preview\VDF_AkShare_CandidateToCanonicalDryRunPreview_v0278.json,VDF_AkShare_CandidateToCanonicalDryRunPreview_v0278.json,symbol,date,value,vdf_original_row_hash,VDF_Global_Commodity|STEEL|2026-03-30|2b1fe75b192afdcb,False,value_blank_or_non_numeric,8cebeea225e2bdc5
49,VDF_Global_Commodity,STEEL,2026-03-31,,16784e29a87f3a4b,C:\Users\tonyk\Downloads\VeritasIntelligenceAnalytics\dict\VDF\_active\VDF_AKSHARE_CANDIDATE_TO_CANONICAL_DRYRUN_v0278_20260610_220705\preview\VDF_AkShare_CandidateToCanonicalDryRunPreview_v0278.json,VDF_AkShare_CandidateToCanonicalDryRunPreview_v0278.json,symbol,date,value,vdf_original_row_hash,VDF_Global_Commodity|STEEL|2026-03-31|16784e29a87f3a4b,False,value_blank_or_non_numeric,d8529dbb3c15b940
50,VDF_Global_Commodity,STEEL,2026-04-01,,cf33135c5c7ab500,C:\Users\tonyk\Downloads\VeritasIntelligenceAnalytics\dict\VDF\_active\VDF_AKSHARE_CANDIDATE_TO_CANONICAL_DRYRUN_v0278_20260610_220705\preview\VDF_AkShare_CandidateToCanonicalDryRunPreview_v0278.json,VDF_AkShare_CandidateToCanonicalDryRunPreview_v0278.json,symbol,date,value,vdf_original_row_hash,VDF_Global_Commodity|STEEL|2026-04-01|cf33135c5c7ab500,False,value_blank_or_non_numeric,fb39cb56b755ac51
51,VDF_Global_Commodity,STEEL,2026-04-02,,f925c35ef6aff307,C:\Users\tonyk\Downloads\VeritasIntelligenceAnalytics\dict\VDF\_active\VDF_AKSHARE_CANDIDATE_TO_CANONICAL_DRYRUN_v0278_20260610_220705\preview\VDF_AkShare_CandidateToCanonicalDryRunPreview_v0278.json,VDF_AkShare_CandidateToCanonicalDryRunPreview_v0278.json,symbol,date,value,vdf_original_row_hash,VDF_Global_Commodity|STEEL|2026-04-02|f925c35ef6aff307,False,value_blank_or_non_numeric,fe11092638bd5755
52,VDF_Global_Commodity,STEEL,2026-04-03,,39ea2aef5d269449,C:\Users\tonyk\Downloads\VeritasIntelligenceAnalytics\dict\VDF\_active\VDF_AKSHARE_CANDIDATE_TO_CANONICAL_DRYRUN_v0278_20260610_220705\preview\VDF_AkShare_CandidateToCanonicalDryRunPreview_v0278.json,VDF_AkShare_CandidateToCanonicalDryRunPreview_v0278.json,symbol,date,value,vdf_original_row_hash,VDF_Global_Commodity|STEEL|2026-04-03|39ea2aef5d269449,False,value_blank_or_non_numeric,87df28a3e5608966
53,VDF_Global_Commodity,STEEL,2026-04-04,,b4508a30ad89a0ae,C:\Users\tonyk\Downloads\VeritasIntelligenceAnalytics\dict\VDF\_active\VDF_AKSHARE_CANDIDATE_TO_CANONICAL_DRYRUN_v0278_20260610_220705\preview\VDF_AkShare_CandidateToCanonicalDryRunPreview_v0278.json,VDF_AkShare_CandidateToCanonicalDryRunPreview_v0278.json,symbol,date,value,vdf_original_row_hash,VDF_Global_Commodity|STEEL|2026-04-04|b4508a30ad89a0ae,False,value_blank_or_non_numeric,559dcdc41c1bf191
54,VDF_Global_Commodity,STEEL,2026-04-05,,535111e4c7f8caf3,C:\Users\tonyk\Downloads\VeritasIntelligenceAnalytics\dict\VDF\_active\VDF_AKSHARE_CANDIDATE_TO_CANONICAL_DRYRUN_v0278_20260610_220705\preview\VDF_AkShare_CandidateToCanonicalDryRunPreview_v0278.json,VDF_AkShare_CandidateToCanonicalDryRunPreview_v0278.json,symbol,date,value,vdf_original_row_hash,VDF_Global_Commodity|STEEL|2026-04-05|535111e4c7f8caf3,False,value_blank_or_non_numeric,c1627df2c17e0470
55,VDF_Global_Commodity,STEEL,2026-04-06,,43b935b20ec867ab,C:\Users\tonyk\Downloads\VeritasIntelligenceAnalytics\dict\VDF\_active\VDF_AKSHARE_CANDIDATE_TO_CANONICAL_DRYRUN_v0278_20260610_220705\preview\VDF_AkShare_CandidateToCanonicalDryRunPreview_v0278.json,VDF_AkShare_CandidateToCanonicalDryRunPreview_v0278.json,symbol,date,value,vdf_original_row_hash,VDF_Global_Commodity|STEEL|2026-04-06|43b935b20ec867ab,False,value_blank_or_non_numeric,7c31152c104d6462
56,VDF_Global_Commodity,STEEL,2026-04-07,,9f5fc2cf52c86435,C:\Users\tonyk\Downloads\VeritasIntelligenceAnalytics\dict\VDF\_active\VDF_AKSHARE_CANDIDATE_TO_CANONICAL_DRYRUN_v0278_20260610_220705\preview\VDF_AkShare_CandidateToCanonicalDryRunPreview_v0278.json,VDF_AkShare_CandidateToCanonicalDryRunPreview_v0278.json,symbol,date,value,vdf_original_row_hash,VDF_Global_Commodity|STEEL|2026-04-07|9f5fc2cf52c86435,False,value_blank_or_non_numeric,e3802a596a76e298
57,VDF_Global_Commodity,STEEL,2026-04-08,,f632e2eaede1bb5f,C:\Users\tonyk\Downloads\VeritasIntelligenceAnalytics\dict\VDF\_active\VDF_AKSHARE_CANDIDATE_TO_CANONICAL_DRYRUN_v0278_20260610_220705\preview\VDF_AkShare_CandidateToCanonicalDryRunPreview_v0278.json,VDF_AkShare_CandidateToCanonicalDryRunPreview_v0278.json,symbol,date,value,vdf_original_row_hash,VDF_Global_Commodity|STEEL|2026-04-08|f632e2eaede1bb5f,False,value_blank_or_non_numeric,54cea43daf29699d
58,VDF_Global_Commodity,STEEL,2026-04-09,,51bc4ad097cb9d24,C:\Users\tonyk\Downloads\VeritasIntelligenceAnalytics\dict\VDF\_active\VDF_AKSHARE_CANDIDATE_TO_CANONICAL_DRYRUN_v0278_20260610_220705\preview\VDF_AkShare_CandidateToCanonicalDryRunPreview_v0278.json,VDF_AkShare_CandidateToCanonicalDryRunPreview_v0278.json,symbol,date,value,vdf_original_row_hash,VDF_Global_Commodity|STEEL|2026-04-09|51bc4ad097cb9d24,False,value_blank_or_non_numeric,37311801da693380
59,VDF_Global_Commodity,STEEL,2026-04-10,,9d11d180293623af,C:\Users\tonyk\Downloads\VeritasIntelligenceAnalytics\dict\VDF\_active\VDF_AKSHARE_CANDIDATE_TO_CANONICAL_DRYRUN_v0278_20260610_220705\preview\VDF_AkShare_CandidateToCanonicalDryRunPreview_v0278.json,VDF_AkShare_CandidateToCanonicalDryRunPreview_v0278.json,symbol,date,value,vdf_original_row_hash,VDF_Global_Commodity|STEEL|2026-04-10|9d11d180293623af,False,value_blank_or_non_numeric,928f2b1983d81624
60,VDF_Global_Commodity,STEEL,2026-04-11,,a8380275186e8229,C:\Users\tonyk\Downloads\VeritasIntelligenceAnalytics\dict\VDF\_active\VDF_AKSHARE_CANDIDATE_TO_CANONICAL_DRYRUN_v0278_20260610_220705\preview\VDF_AkShare_CandidateToCanonicalDryRunPreview_v0278.json,VDF_AkShare_CandidateToCanonicalDryRunPreview_v0278.json,symbol,date,value,vdf_original_row_hash,VDF_Global_Commodity|STEEL|2026-04-11|a8380275186e8229,False,value_blank_or_non_numeric,2988353c8b342394
61,VDF_Global_Commodity,STEEL,2026-04-12,,41bd59213f7741b8,C:\Users\tonyk\Downloads\VeritasIntelligenceAnalytics\dict\VDF\_active\VDF_AKSHARE_CANDIDATE_TO_CANONICAL_DRYRUN_v0278_20260610_220705\preview\VDF_AkShare_CandidateToCanonicalDryRunPreview_v0278.json,VDF_AkShare_CandidateToCanonicalDryRunPreview_v0278.json,symbol,date,value,vdf_original_row_hash,VDF_Global_Commodity|STEEL|2026-04-12|41bd59213f7741b8,False,value_blank_or_non_numeric,6082e9676cee9c88
62,VDF_Global_Commodity,STEEL,2026-04-13,,da76094cf64d3b45,C:\Users\tonyk\Downloads\VeritasIntelligenceAnalytics\dict\VDF\_active\VDF_AKSHARE_CANDIDATE_TO_CANONICAL_DRYRUN_v0278_20260610_220705\preview\VDF_AkShare_CandidateToCanonicalDryRunPreview_v0278.json,VDF_AkShare_CandidateToCanonicalDryRunPreview_v0278.json,symbol,date,value,vdf_original_row_hash,VDF_Global_Commodity|STEEL|2026-04-13|da76094cf64d3b45,False,value_blank_or_non_numeric,7381b73e4829e17e
63,VDF_Global_Commodity,STEEL,2026-04-14,,fcfa21e569e7c3a5,C:\Users\tonyk\Downloads\VeritasIntelligenceAnalytics\dict\VDF\_active\VDF_AKSHARE_CANDIDATE_TO_CANONICAL_DRYRUN_v0278_20260610_220705\preview\VDF_AkShare_CandidateToCanonicalDryRunPreview_v0278.json,VDF_AkShare_CandidateToCanonicalDryRunPreview_v0278.json,symbol,date,value,vdf_original_row_hash,VDF_Global_Commodity|STEEL|2026-04-14|fcfa21e569e7c3a5,False,value_blank_or_non_numeric,9bd8233d915918f2
64,VDF_Global_Commodity,STEEL,2026-04-15,,edfec6429754fa01,C:\Users\tonyk\Downloads\VeritasIntelligenceAnalytics\dict\VDF\_active\VDF_AKSHARE_CANDIDATE_TO_CANONICAL_DRYRUN_v0278_20260610_220705\preview\VDF_AkShare_CandidateToCanonicalDryRunPreview_v0278.json,VDF_AkShare_CandidateToCanonicalDryRunPreview_v0278.json,symbol,date,value,vdf_original_row_hash,VDF_Global_Commodity|STEEL|2026-04-15|edfec6429754fa01,False,value_blank_or_non_numeric,83e1a230a652eea6
65,VDF_Global_Commodity,STEEL,2026-04-16,,ac042e70ac8b8d69,C:\Users\tonyk\Downloads\VeritasIntelligenceAnalytics\dict\VDF\_active\VDF_AKSHARE_CANDIDATE_TO_CANONICAL_DRYRUN_v0278_20260610_220705\preview\VDF_AkShare_CandidateToCanonicalDryRunPreview_v0278.json,VDF_AkShare_CandidateToCanonicalDryRunPreview_v0278.json,symbol,date,value,vdf_original_row_hash,VDF_Global_Commodity|STEEL|2026-04-16|ac042e70ac8b8d69,False,value_blank_or_non_numeric,c229870e9eaebdbd
66,VDF_Global_Commodity,STEEL,2026-04-17,,0dbc5e25a9bc6d2c,C:\Users\tonyk\Downloads\VeritasIntelligenceAnalytics\dict\VDF\_active\VDF_AKSHARE_CANDIDATE_TO_CANONICAL_DRYRUN_v0278_20260610_220705\preview\VDF_AkShare_CandidateToCanonicalDryRunPreview_v0278.json,VDF_AkShare_CandidateToCanonicalDryRunPreview_v0278.json,symbol,date,value,vdf_original_row_hash,VDF_Global_Commodity|STEEL|2026-04-17|0dbc5e25a9bc6d2c,False,value_blank_or_non_numeric,68b5882a1af4740c
67,VDF_Global_Commodity,STEEL,2026-04-18,,27facf1c0a1e1d03,C:\Users\tonyk\Downloads\VeritasIntelligenceAnalytics\dict\VDF\_active\VDF_AKSHARE_CANDIDATE_TO_CANONICAL_DRYRUN_v0278_20260610_220705\preview\VDF_AkShare_CandidateToCanonicalDryRunPreview_v0278.json,VDF_AkShare_CandidateToCanonicalDryRunPreview_v0278.json,symbol,date,value,vdf_original_row_hash,VDF_Global_Commodity|STEEL|2026-04-18|27facf1c0a1e1d03,False,value_blank_or_non_numeric,009634cbbb906d8d
68,VDF_Global_Commodity,STEEL,2026-04-19,,ea30de9dd6a37bf9,C:\Users\tonyk\Downloads\VeritasIntelligenceAnalytics\dict\VDF\_active\VDF_AKSHARE_CANDIDATE_TO_CANONICAL_DRYRUN_v0278_20260610_220705\preview\VDF_AkShare_CandidateToCanonicalDryRunPreview_v0278.json,VDF_AkShare_CandidateToCanonicalDryRunPreview_v0278.json,symbol,date,value,vdf_original_row_hash,VDF_Global_Commodity|STEEL|2026-04-19|ea30de9dd6a37bf9,False,value_blank_or_non_numeric,9c3d378122cda9c7
69,VDF_Global_Commodity,STEEL,2026-04-20,,27933be90d9ebe4a,C:\Users\tonyk\Downloads\VeritasIntelligenceAnalytics\dict\VDF\_active\VDF_AKSHARE_CANDIDATE_TO_CANONICAL_DRYRUN_v0278_20260610_220705\preview\VDF_AkShare_CandidateToCanonicalDryRunPreview_v0278.json,VDF_AkShare_CandidateToCanonicalDryRunPreview_v0278.json,symbol,date,value,vdf_original_row_hash,VDF_Global_Commodity|STEEL|2026-04-20|27933be90d9ebe4a,False,value_blank_or_non_numeric,a21c672b87e6407a
70,VDF_Global_Commodity,STEEL,2026-04-21,,46d92f1ada391788,C:\Users\tonyk\Downloads\VeritasIntelligenceAnalytics\dict\VDF\_active\VDF_AKSHARE_CANDIDATE_TO_CANONICAL_DRYRUN_v0278_20260610_220705\preview\VDF_AkShare_CandidateToCanonicalDryRunPreview_v0278.json,VDF_AkShare_CandidateToCanonicalDryRunPreview_v0278.json,symbol,date,value,vdf_original_row_hash,VDF_Global_Commodity|STEEL|2026-04-21|46d92f1ada391788,False,value_blank_or_non_numeric,fac70e40b2d51381
71,VDF_Global_Commodity,STEEL,2026-04-22,,f91a63abba8cc482,C:\Users\tonyk\Downloads\VeritasIntelligenceAnalytics\dict\VDF\_active\VDF_AKSHARE_CANDIDATE_TO_CANONICAL_DRYRUN_v0278_20260610_220705\preview\VDF_AkShare_CandidateToCanonicalDryRunPreview_v0278.json,VDF_AkShare_CandidateToCanonicalDryRunPreview_v0278.json,symbol,date,value,vdf_original_row_hash,VDF_Global_Commodity|STEEL|2026-04-22|f91a63abba8cc482,False,value_blank_or_non_numeric,fdec7a3c97eeef00
72,VDF_Global_Commodity,STEEL,2026-04-23,,d16c5ff1bd674378,C:\Users\tonyk\Downloads\VeritasIntelligenceAnalytics\dict\VDF\_active\VDF_AKSHARE_CANDIDATE_TO_CANONICAL_DRYRUN_v0278_20260610_220705\preview\VDF_AkShare_CandidateToCanonicalDryRunPreview_v0278.json,VDF_AkShare_CandidateToCanonicalDryRunPreview_v0278.json,symbol,date,value,vdf_original_row_hash,VDF_Global_Commodity|STEEL|2026-04-23|d16c5ff1bd674378,False,value_blank_or_non_numeric,efea196685c2c28c
73,VDF_Global_Commodity,STEEL,2026-04-24,,26bc57ad9cbd1f3c,C:\Users\tonyk\Downloads\VeritasIntelligenceAnalytics\dict\VDF\_active\VDF_AKSHARE_CANDIDATE_TO_CANONICAL_DRYRUN_v0278_20260610_220705\preview\VDF_AkShare_CandidateToCanonicalDryRunPreview_v0278.json,VDF_AkShare_CandidateToCanonicalDryRunPreview_v0278.json,symbol,date,value,vdf_original_row_hash,VDF_Global_Commodity|STEEL|2026-04-24|26bc57ad9cbd1f3c,False,value_blank_or_non_numeric,eb2d7149ce707627
74,VDF_Global_Commodity,STEEL,2026-04-25,,de568d4a5dac8ce2,C:\Users\tonyk\Downloads\VeritasIntelligenceAnalytics\dict\VDF\_active\VDF_AKSHARE_CANDIDATE_TO_CANONICAL_DRYRUN_v0278_20260610_220705\preview\VDF_AkShare_CandidateToCanonicalDryRunPreview_v0278.json,VDF_AkShare_CandidateToCanonicalDryRunPreview_v0278.json,symbol,date,value,vdf_original_row_hash,VDF_Global_Commodity|STEEL|2026-04-25|de568d4a5dac8ce2,False,value_blank_or_non_numeric,18aaedfab97679bb
75,VDF_Global_Commodity,STEEL,2026-04-26,,f5988f66b272629e,C:\Users\tonyk\Downloads\VeritasIntelligenceAnalytics\dict\VDF\_active\VDF_AKSHARE_CANDIDATE_TO_CANONICAL_DRYRUN_v0278_20260610_220705\preview\VDF_AkShare_CandidateToCanonicalDryRunPreview_v0278.json,VDF_AkShare_CandidateToCanonicalDryRunPreview_v0278.json,symbol,date,value,vdf_original_row_hash,VDF_Global_Commodity|STEEL|2026-04-26|f5988f66b272629e,False,value_blank_or_non_numeric,fae56761ac27023e
76,VDF_Global_Commodity,STEEL,2026-04-27,,91475892ffe9d810,C:\Users\tonyk\Downloads\VeritasIntelligenceAnalytics\dict\VDF\_active\VDF_AKSHARE_CANDIDATE_TO_CANONICAL_DRYRUN_v0278_20260610_220705\preview\VDF_AkShare_CandidateToCanonicalDryRunPreview_v0278.json,VDF_AkShare_CandidateToCanonicalDryRunPreview_v0278.json,symbol,date,value,vdf_original_row_hash,VDF_Global_Commodity|STEEL|2026-04-27|91475892ffe9d810,False,value_blank_or_non_numeric,a45615c6911eec3a
77,VDF_Global_Commodity,STEEL,2026-04-28,,891e352b8da62a27,C:\Users\tonyk\Downloads\VeritasIntelligenceAnalytics\dict\VDF\_active\VDF_AKSHARE_CANDIDATE_TO_CANONICAL_DRYRUN_v0278_20260610_220705\preview\VDF_AkShare_CandidateToCanonicalDryRunPreview_v0278.json,VDF_AkShare_CandidateToCanonicalDryRunPreview_v0278.json,symbol,date,value,vdf_original_row_hash,VDF_Global_Commodity|STEEL|2026-04-28|891e352b8da62a27,False,value_blank_or_non_numeric,a92e3febcfb40742
78,VDF_Global_Commodity,STEEL,2026-04-29,,30304b5d6940e0a4,C:\Users\tonyk\Downloads\VeritasIntelligenceAnalytics\dict\VDF\_active\VDF_AKSHARE_CANDIDATE_TO_CANONICAL_DRYRUN_v0278_20260610_220705\preview\VDF_AkShare_CandidateToCanonicalDryRunPreview_v0278.json,VDF_AkShare_CandidateToCanonicalDryRunPreview_v0278.json,symbol,date,value,vdf_original_row_hash,VDF_Global_Commodity|STEEL|2026-04-29|30304b5d6940e0a4,False,value_blank_or_non_numeric,64e92ce03a86cf9b
79,VDF_Global_Commodity,STEEL,2026-04-30,,51ed4ea967d80607,C:\Users\tonyk\Downloads\VeritasIntelligenceAnalytics\dict\VDF\_active\VDF_AKSHARE_CANDIDATE_TO_CANONICAL_DRYRUN_v0278_20260610_220705\preview\VDF_AkShare_CandidateToCanonicalDryRunPreview_v0278.json,VDF_AkShare_CandidateToCanonicalDryRunPreview_v0278.json,symbol,date,value,vdf_original_row_hash,VDF_Global_Commodity|STEEL|2026-04-30|51ed4ea967d80607,False,value_blank_or_non_numeric,44caa3dbfca4927d
80,VDF_Global_Commodity,STEEL,2026-05-01,,5788f3c7b6f2f13c,C:\Users\tonyk\Downloads\VeritasIntelligenceAnalytics\dict\VDF\_active\VDF_AKSHARE_CANDIDATE_TO_CANONICAL_DRYRUN_v0278_20260610_220705\preview\VDF_AkShare_CandidateToCanonicalDryRunPreview_v0278.json,VDF_AkShare_CandidateToCanonicalDryRunPreview_v0278.json,symbol,date,value,vdf_original_row_hash,VDF_Global_Commodity|STEEL|2026-05-01|5788f3c7b6f2f13c,False,value_blank_or_non_numeric,8e3ee584f00ff6a2
81,VDF_Global_Commodity,STEEL,2026-05-02,,d9615ec1503895fc,C:\Users\tonyk\Downloads\VeritasIntelligenceAnalytics\dict\VDF\_active\VDF_AKSHARE_CANDIDATE_TO_CANONICAL_DRYRUN_v0278_20260610_220705\preview\VDF_AkShare_CandidateToCanonicalDryRunPreview_v0278.json,VDF_AkShare_CandidateToCanonicalDryRunPreview_v0278.json,symbol,date,value,vdf_original_row_hash,VDF_Global_Commodity|STEEL|2026-05-02|d9615ec1503895fc,False,value_blank_or_non_numeric,059b7f0bdf0a84bb
82,VDF_Global_Commodity,STEEL,2026-05-03,,5fea67218864f25a,C:\Users\tonyk\Downloads\VeritasIntelligenceAnalytics\dict\VDF\_active\VDF_AKSHARE_CANDIDATE_TO_CANONICAL_DRYRUN_v0278_20260610_220705\preview\VDF_AkShare_CandidateToCanonicalDryRunPreview_v0278.json,VDF_AkShare_CandidateToCanonicalDryRunPreview_v0278.json,symbol,date,value,vdf_original_row_hash,VDF_Global_Commodity|STEEL|2026-05-03|5fea67218864f25a,False,value_blank_or_non_numeric,48dec7c588aee87f
83,VDF_Global_Commodity,STEEL,2026-05-04,,94c5e739c0423990,C:\Users\tonyk\Downloads\VeritasIntelligenceAnalytics\dict\VDF\_active\VDF_AKSHARE_CANDIDATE_TO_CANONICAL_DRYRUN_v0278_20260610_220705\preview\VDF_AkShare_CandidateToCanonicalDryRunPreview_v0278.json,VDF_AkShare_CandidateToCanonicalDryRunPreview_v0278.json,symbol,date,value,vdf_original_row_hash,VDF_Global_Commodity|STEEL|2026-05-04|94c5e739c0423990,False,value_blank_or_non_numeric,22b6515480d1fd4c
84,VDF_Global_Commodity,STEEL,2026-05-05,,3a7550f068ef5492,C:\Users\tonyk\Downloads\VeritasIntelligenceAnalytics\dict\VDF\_active\VDF_AKSHARE_CANDIDATE_TO_CANONICAL_DRYRUN_v0278_20260610_220705\preview\VDF_AkShare_CandidateToCanonicalDryRunPreview_v0278.json,VDF_AkShare_CandidateToCanonicalDryRunPreview_v0278.json,symbol,date,value,vdf_original_row_hash,VDF_Global_Commodity|STEEL|2026-05-05|3a7550f068ef5492,False,value_blank_or_non_numeric,aa9a83122b6f1bdf
85,VDF_Global_Commodity,STEEL,2026-05-06,,46671818c77893a3,C:\Users\tonyk\Downloads\VeritasIntelligenceAnalytics\dict\VDF\_active\VDF_AKSHARE_CANDIDATE_TO_CANONICAL_DRYRUN_v0278_20260610_220705\preview\VDF_AkShare_CandidateToCanonicalDryRunPreview_v0278.json,VDF_AkShare_CandidateToCanonicalDryRunPreview_v0278.json,symbol,date,value,vdf_original_row_hash,VDF_Global_Commodity|STEEL|2026-05-06|46671818c77893a3,False,value_blank_or_non_numeric,e84cfa9966aae99f
86,VDF_Global_Commodity,STEEL,2026-05-07,,84d7630c6f8767a6,C:\Users\tonyk\Downloads\VeritasIntelligenceAnalytics\dict\VDF\_active\VDF_AKSHARE_CANDIDATE_TO_CANONICAL_DRYRUN_v0278_20260610_220705\preview\VDF_AkShare_CandidateToCanonicalDryRunPreview_v0278.json,VDF_AkShare_CandidateToCanonicalDryRunPreview_v0278.json,symbol,date,value,vdf_original_row_hash,VDF_Global_Commodity|STEEL|2026-05-07|84d7630c6f8767a6,False,value_blank_or_non_numeric,b9d7278a66ffc7c7
87,VDF_Global_Commodity,STEEL,2026-05-08,,647c9578f60e4982,C:\Users\tonyk\Downloads\VeritasIntelligenceAnalytics\dict\VDF\_active\VDF_AKSHARE_CANDIDATE_TO_CANONICAL_DRYRUN_v0278_20260610_220705\preview\VDF_AkShare_CandidateToCanonicalDryRunPreview_v0278.json,VDF_AkShare_CandidateToCanonicalDryRunPreview_v0278.json,symbol,date,value,vdf_original_row_hash,VDF_Global_Commodity|STEEL|2026-05-08|647c9578f60e4982,False,value_blank_or_non_numeric,5ed0ffe10d9e565a
88,VDF_Global_Commodity,STEEL,2026-05-09,,4d725fc1c1b4b54e,C:\Users\tonyk\Downloads\VeritasIntelligenceAnalytics\dict\VDF\_active\VDF_AKSHARE_CANDIDATE_TO_CANONICAL_DRYRUN_v0278_20260610_220705\preview\VDF_AkShare_CandidateToCanonicalDryRunPreview_v0278.json,VDF_AkShare_CandidateToCanonicalDryRunPreview_v0278.json,symbol,date,value,vdf_original_row_hash,VDF_Global_Commodity|STEEL|2026-05-09|4d725fc1c1b4b54e,False,value_blank_or_non_numeric,df85353856bbc4d0
89,VDF_Global_Commodity,STEEL,2026-05-10,,d9111cc55c60a669,C:\Users\tonyk\Downloads\VeritasIntelligenceAnalytics\dict\VDF\_active\VDF_AKSHARE_CANDIDATE_TO_CANONICAL_DRYRUN_v0278_20260610_220705\preview\VDF_AkShare_CandidateToCanonicalDryRunPreview_v0278.json,VDF_AkShare_CandidateToCanonicalDryRunPreview_v0278.json,symbol,date,value,vdf_original_row_hash,VDF_Global_Commodity|STEEL|2026-05-10|d9111cc55c60a669,False,value_blank_or_non_numeric,73032ae2dc7f1ff1
90,VDF_Global_Commodity,STEEL,2026-05-11,,3fa543a12d9a8639,C:\Users\tonyk\Downloads\VeritasIntelligenceAnalytics\dict\VDF\_active\VDF_AKSHARE_CANDIDATE_TO_CANONICAL_DRYRUN_v0278_20260610_220705\preview\VDF_AkShare_CandidateToCanonicalDryRunPreview_v0278.json,VDF_AkShare_CandidateToCanonicalDryRunPreview_v0278.json,symbol,date,value,vdf_original_row_hash,VDF_Global_Commodity|STEEL|2026-05-11|3fa543a12d9a8639,False,value_blank_or_non_numeric,88b3a4cdfcb02085
91,VDF_Global_Commodity,STEEL,2026-05-12,,30bed848daa09b96,C:\Users\tonyk\Downloads\VeritasIntelligenceAnalytics\dict\VDF\_active\VDF_AKSHARE_CANDIDATE_TO_CANONICAL_DRYRUN_v0278_20260610_220705\preview\VDF_AkShare_CandidateToCanonicalDryRunPreview_v0278.json,VDF_AkShare_CandidateToCanonicalDryRunPreview_v0278.json,symbol,date,value,vdf_original_row_hash,VDF_Global_Commodity|STEEL|2026-05-12|30bed848daa09b96,False,value_blank_or_non_numeric,d891984c6d24c8fe
92,VDF_Global_Commodity,STEEL,2026-05-13,,a9ff9b19c708de0a,C:\Users\tonyk\Downloads\VeritasIntelligenceAnalytics\dict\VDF\_active\VDF_AKSHARE_CANDIDATE_TO_CANONICAL_DRYRUN_v0278_20260610_220705\preview\VDF_AkShare_CandidateToCanonicalDryRunPreview_v0278.json,VDF_AkShare_CandidateToCanonicalDryRunPreview_v0278.json,symbol,date,value,vdf_original_row_hash,VDF_Global_Commodity|STEEL|2026-05-13|a9ff9b19c708de0a,False,value_blank_or_non_numeric,35cb79e22fd71ed9
93,VDF_Global_Commodity,STEEL,2026-05-14,,b16a301dee35ed47,C:\Users\tonyk\Downloads\VeritasIntelligenceAnalytics\dict\VDF\_active\VDF_AKSHARE_CANDIDATE_TO_CANONICAL_DRYRUN_v0278_20260610_220705\preview\VDF_AkShare_CandidateToCanonicalDryRunPreview_v0278.json,VDF_AkShare_CandidateToCanonicalDryRunPreview_v0278.json,symbol,date,value,vdf_original_row_hash,VDF_Global_Commodity|STEEL|2026-05-14|b16a301dee35ed47,False,value_blank_or_non_numeric,ae1d490a37345eb6
94,VDF_Global_Commodity,STEEL,2026-05-15,,a585105d016aa2de,C:\Users\tonyk\Downloads\VeritasIntelligenceAnalytics\dict\VDF\_active\VDF_AKSHARE_CANDIDATE_TO_CANONICAL_DRYRUN_v0278_20260610_220705\preview\VDF_AkShare_CandidateToCanonicalDryRunPreview_v0278.json,VDF_AkShare_CandidateToCanonicalDryRunPreview_v0278.json,symbol,date,value,vdf_original_row_hash,VDF_Global_Commodity|STEEL|2026-05-15|a585105d016aa2de,False,value_blank_or_non_numeric,e441334be550c67e
95,VDF_Global_Commodity,STEEL,2026-05-16,,104addbe1f270dec,C:\Users\tonyk\Downloads\VeritasIntelligenceAnalytics\dict\VDF\_active\VDF_AKSHARE_CANDIDATE_TO_CANONICAL_DRYRUN_v0278_20260610_220705\preview\VDF_AkShare_CandidateToCanonicalDryRunPreview_v0278.json,VDF_AkShare_CandidateToCanonicalDryRunPreview_v0278.json,symbol,date,value,vdf_original_row_hash,VDF_Global_Commodity|STEEL|2026-05-16|104addbe1f270dec,False,value_blank_or_non_numeric,d6a209eacec65000
96,VDF_Global_Commodity,STEEL,2026-05-17,,d4e02c8ad0b90374,C:\Users\tonyk\Downloads\VeritasIntelligenceAnalytics\dict\VDF\_active\VDF_AKSHARE_CANDIDATE_TO_CANONICAL_DRYRUN_v0278_20260610_220705\preview\VDF_AkShare_CandidateToCanonicalDryRunPreview_v0278.json,VDF_AkShare_CandidateToCanonicalDryRunPreview_v0278.json,symbol,date,value,vdf_original_row_hash,VDF_Global_Commodity|STEEL|2026-05-17|d4e02c8ad0b90374,False,value_blank_or_non_numeric,c1721671b84bd101
97,VDF_Global_Commodity,STEEL,2026-05-18,,fefcd372d469ffda,C:\Users\tonyk\Downloads\VeritasIntelligenceAnalytics\dict\VDF\_active\VDF_AKSHARE_CANDIDATE_TO_CANONICAL_DRYRUN_v0278_20260610_220705\preview\VDF_AkShare_CandidateToCanonicalDryRunPreview_v0278.json,VDF_AkShare_CandidateToCanonicalDryRunPreview_v0278.json,symbol,date,value,vdf_original_row_hash,VDF_Global_Commodity|STEEL|2026-05-18|fefcd372d469ffda,False,value_blank_or_non_numeric,6341ab2dfbeee321
98,VDF_Global_Commodity,STEEL,2026-05-19,,a150ab7061c116e0,C:\Users\tonyk\Downloads\VeritasIntelligenceAnalytics\dict\VDF\_active\VDF_AKSHARE_CANDIDATE_TO_CANONICAL_DRYRUN_v0278_20260610_220705\preview\VDF_AkShare_CandidateToCanonicalDryRunPreview_v0278.json,VDF_AkShare_CandidateToCanonicalDryRunPreview_v0278.json,symbol,date,value,vdf_original_row_hash,VDF_Global_Commodity|STEEL|2026-05-19|a150ab7061c116e0,False,value_blank_or_non_numeric,55061b469b74c79a
99,VDF_Global_Commodity,STEEL,2026-05-20,,716b95c92338a230,C:\Users\tonyk\Downloads\VeritasIntelligenceAnalytics\dict\VDF\_active\VDF_AKSHARE_CANDIDATE_TO_CANONICAL_DRYRUN_v0278_20260610_220705\preview\VDF_AkShare_CandidateToCanonicalDryRunPreview_v0278.json,VDF_AkShare_CandidateToCanonicalDryRunPreview_v0278.json,symbol,date,value,vdf_original_row_hash,VDF_Global_Commodity|STEEL|2026-05-20|716b95c92338a230,False,value_blank_or_non_numeric,489412d8f82ab0ac
100,VDF_Global_Commodity,STEEL,2026-05-21,,726656cb1305f67e,C:\Users\tonyk\Downloads\VeritasIntelligenceAnalytics\dict\VDF\_active\VDF_AKSHARE_CANDIDATE_TO_CANONICAL_DRYRUN_v0278_20260610_220705\preview\VDF_AkShare_CandidateToCanonicalDryRunPreview_v0278.json,VDF_AkShare_CandidateToCanonicalDryRunPreview_v0278.json,symbol,date,value,vdf_original_row_hash,VDF_Global_Commodity|STEEL|2026-05-21|726656cb1305f67e,False,value_blank_or_non_numeric,28bb2916c1811777
101,VDF_Global_Commodity,STEEL,2026-05-22,,516070d60627a41e,C:\Users\tonyk\Downloads\VeritasIntelligenceAnalytics\dict\VDF\_active\VDF_AKSHARE_CANDIDATE_TO_CANONICAL_DRYRUN_v0278_20260610_220705\preview\VDF_AkShare_CandidateToCanonicalDryRunPreview_v0278.json,VDF_AkShare_CandidateToCanonicalDryRunPreview_v0278.json,symbol,date,value,vdf_original_row_hash,VDF_Global_Commodity|STEEL|2026-05-22|516070d60627a41e,False,value_blank_or_non_numeric,351359a8a355e489
102,VDF_Global_Commodity,STEEL,2026-05-23,,170ea7960b94ee13,C:\Users\tonyk\Downloads\VeritasIntelligenceAnalytics\dict\VDF\_active\VDF_AKSHARE_CANDIDATE_TO_CANONICAL_DRYRUN_v0278_20260610_220705\preview\VDF_AkShare_CandidateToCanonicalDryRunPreview_v0278.json,VDF_AkShare_CandidateToCanonicalDryRunPreview_v0278.json,symbol,date,value,vdf_original_row_hash,VDF_Global_Commodity|STEEL|2026-05-23|170ea7960b94ee13,False,value_blank_or_non_numeric,b1c19492e99c4583
103,VDF_Global_Commodity,STEEL,2026-05-24,,90512da68dddf876,C:\Users\tonyk\Downloads\VeritasIntelligenceAnalytics\dict\VDF\_active\VDF_AKSHARE_CANDIDATE_TO_CANONICAL_DRYRUN_v0278_20260610_220705\preview\VDF_AkShare_CandidateToCanonicalDryRunPreview_v0278.json,VDF_AkShare_CandidateToCanonicalDryRunPreview_v0278.json,symbol,date,value,vdf_original_row_hash,VDF_Global_Commodity|STEEL|2026-05-24|90512da68dddf876,False,value_blank_or_non_numeric,d85d252f943d4563
104,VDF_Global_Commodity,STEEL,2026-05-25,,a8b621f447f59f53,C:\Users\tonyk\Downloads\VeritasIntelligenceAnalytics\dict\VDF\_active\VDF_AKSHARE_CANDIDATE_TO_CANONICAL_DRYRUN_v0278_20260610_220705\preview\VDF_AkShare_CandidateToCanonicalDryRunPreview_v0278.json,VDF_AkShare_CandidateToCanonicalDryRunPreview_v0278.json,symbol,date,value,vdf_original_row_hash,VDF_Global_Commodity|STEEL|2026-05-25|a8b621f447f59f53,False,value_blank_or_non_numeric,d8aafd0a992ef0ec
105,VDF_Global_Commodity,STEEL,2026-05-26,,9b6451e7a5a53779,C:\Users\tonyk\Downloads\VeritasIntelligenceAnalytics\dict\VDF\_active\VDF_AKSHARE_CANDIDATE_TO_CANONICAL_DRYRUN_v0278_20260610_220705\preview\VDF_AkShare_CandidateToCanonicalDryRunPreview_v0278.json,VDF_AkShare_CandidateToCanonicalDryRunPreview_v0278.json,symbol,date,value,vdf_original_row_hash,VDF_Global_Commodity|STEEL|2026-05-26|9b6451e7a5a53779,False,value_blank_or_non_numeric,976ef295a8bea892
106,VDF_Global_Commodity,STEEL,2026-05-27,,bd41869305419303,C:\Users\tonyk\Downloads\VeritasIntelligenceAnalytics\dict\VDF\_active\VDF_AKSHARE_CANDIDATE_TO_CANONICAL_DRYRUN_v0278_20260610_220705\preview\VDF_AkShare_CandidateToCanonicalDryRunPreview_v0278.json,VDF_AkShare_CandidateToCanonicalDryRunPreview_v0278.json,symbol,date,value,vdf_original_row_hash,VDF_Global_Commodity|STEEL|2026-05-27|bd41869305419303,False,value_blank_or_non_numeric,b2d449085bdea3c6
107,VDF_Global_Commodity,STEEL,2026-05-28,,3e56ab0ce2afa61d,C:\Users\tonyk\Downloads\VeritasIntelligenceAnalytics\dict\VDF\_active\VDF_AKSHARE_CANDIDATE_TO_CANONICAL_DRYRUN_v0278_20260610_220705\preview\VDF_AkShare_CandidateToCanonicalDryRunPreview_v0278.json,VDF_AkShare_CandidateToCanonicalDryRunPreview_v0278.json,symbol,date,value,vdf_original_row_hash,VDF_Global_Commodity|STEEL|2026-05-28|3e56ab0ce2afa61d,False,value_blank_or_non_numeric,64a37342ee272ec9
108,VDF_Global_Commodity,STEEL,2026-05-29,,40e8296c0ed61094,C:\Users\tonyk\Downloads\VeritasIntelligenceAnalytics\dict\VDF\_active\VDF_AKSHARE_CANDIDATE_TO_CANONICAL_DRYRUN_v0278_20260610_220705\preview\VDF_AkShare_CandidateToCanonicalDryRunPreview_v0278.json,VDF_AkShare_CandidateToCanonicalDryRunPreview_v0278.json,symbol,date,value,vdf_original_row_hash,VDF_Global_Commodity|STEEL|2026-05-29|40e8296c0ed61094,False,value_blank_or_non_numeric,a5604d2a410ab2e4
109,VDF_Global_Commodity,STEEL,2026-05-30,,e53d73801e8f4112,C:\Users\tonyk\Downloads\VeritasIntelligenceAnalytics\dict\VDF\_active\VDF_AKSHARE_CANDIDATE_TO_CANONICAL_DRYRUN_v0278_20260610_220705\preview\VDF_AkShare_CandidateToCanonicalDryRunPreview_v0278.json,VDF_AkShare_CandidateToCanonicalDryRunPreview_v0278.json,symbol,date,value,vdf_original_row_hash,VDF_Global_Commodity|STEEL|2026-05-30|e53d73801e8f4112,False,value_blank_or_non_numeric,0070d84bd0f660b5
110,VDF_Global_Commodity,STEEL,2026-05-31,,fef82514d2108ea1,C:\Users\tonyk\Downloads\VeritasIntelligenceAnalytics\dict\VDF\_active\VDF_AKSHARE_CANDIDATE_TO_CANONICAL_DRYRUN_v0278_20260610_220705\preview\VDF_AkShare_CandidateToCanonicalDryRunPreview_v0278.json,VDF_AkShare_CandidateToCanonicalDryRunPreview_v0278.json,symbol,date,value,vdf_original_row_hash,VDF_Global_Commodity|STEEL|2026-05-31|fef82514d2108ea1,False,value_blank_or_non_numeric,d1bbbb5fdbf06362
111,VDF_Global_Commodity,STEEL,2026-06-01,,518388a4bd633bdf,C:\Users\tonyk\Downloads\VeritasIntelligenceAnalytics\dict\VDF\_active\VDF_AKSHARE_CANDIDATE_TO_CANONICAL_DRYRUN_v0278_20260610_220705\preview\VDF_AkShare_CandidateToCanonicalDryRunPreview_v0278.json,VDF_AkShare_CandidateToCanonicalDryRunPreview_v0278.json,symbol,date,value,vdf_original_row_hash,VDF_Global_Commodity|STEEL|2026-06-01|518388a4bd633bdf,False,value_blank_or_non_numeric,8d821a8b6fc3a12e
112,VDF_Global_Commodity,STEEL,2026-06-02,,56d9bd37d5c6d037,C:\Users\tonyk\Downloads\VeritasIntelligenceAnalytics\dict\VDF\_active\VDF_AKSHARE_CANDIDATE_TO_CANONICAL_DRYRUN_v0278_20260610_220705\preview\VDF_AkShare_CandidateToCanonicalDryRunPreview_v0278.json,VDF_AkShare_CandidateToCanonicalDryRunPreview_v0278.json,symbol,date,value,vdf_original_row_hash,VDF_Global_Commodity|STEEL|2026-06-02|56d9bd37d5c6d037,False,value_blank_or_non_numeric,185b547cb5a6bf71
113,VDF_Global_Commodity,STEEL,2026-06-03,,348f2d77d1f984b6,C:\Users\tonyk\Downloads\VeritasIntelligenceAnalytics\dict\VDF\_active\VDF_AKSHARE_CANDIDATE_TO_CANONICAL_DRYRUN_v0278_20260610_220705\preview\VDF_AkShare_CandidateToCanonicalDryRunPreview_v0278.json,VDF_AkShare_CandidateToCanonicalDryRunPreview_v0278.json,symbol,date,value,vdf_original_row_hash,VDF_Global_Commodity|STEEL|2026-06-03|348f2d77d1f984b6,False,value_blank_or_non_numeric,76841eccff4f717d
114,VDF_Global_Commodity,STEEL,2026-06-04,,effbe9b4a4e02568,C:\Users\tonyk\Downloads\VeritasIntelligenceAnalytics\dict\VDF\_active\VDF_AKSHARE_CANDIDATE_TO_CANONICAL_DRYRUN_v0278_20260610_220705\preview\VDF_AkShare_CandidateToCanonicalDryRunPreview_v0278.json,VDF_AkShare_CandidateToCanonicalDryRunPreview_v0278.json,symbol,date,value,vdf_original_row_hash,VDF_Global_Commodity|STEEL|2026-06-04|effbe9b4a4e02568,False,value_blank_or_non_numeric,30e64dbc2293bb71
115,VDF_Global_Commodity,STEEL,2026-06-05,,e5968e77e8c85060,C:\Users\tonyk\Downloads\VeritasIntelligenceAnalytics\dict\VDF\_active\VDF_AKSHARE_CANDIDATE_TO_CANONICAL_DRYRUN_v0278_20260610_220705\preview\VDF_AkShare_CandidateToCanonicalDryRunPreview_v0278.json,VDF_AkShare_CandidateToCanonicalDryRunPreview_v0278.json,symbol,date,value,vdf_original_row_hash,VDF_Global_Commodity|STEEL|2026-06-05|e5968e77e8c85060,False,value_blank_or_non_numeric,8e1f13cdb1b40cec
116,VDF_Global_Commodity,STEEL,2026-06-06,,751374545aa7d59f,C:\Users\tonyk\Downloads\VeritasIntelligenceAnalytics\dict\VDF\_active\VDF_AKSHARE_CANDIDATE_TO_CANONICAL_DRYRUN_v0278_20260610_220705\preview\VDF_AkShare_CandidateToCanonicalDryRunPreview_v0278.json,VDF_AkShare_CandidateToCanonicalDryRunPreview_v0278.json,symbol,date,value,vdf_original_row_hash,VDF_Global_Commodity|STEEL|2026-06-06|751374545aa7d59f,False,value_blank_or_non_numeric,f06c0d58dadee132
117,VDF_Global_Commodity,STEEL,2026-06-07,,2e28489319df7bab,C:\Users\tonyk\Downloads\VeritasIntelligenceAnalytics\dict\VDF\_active\VDF_AKSHARE_CANDIDATE_TO_CANONICAL_DRYRUN_v0278_20260610_220705\preview\VDF_AkShare_CandidateToCanonicalDryRunPreview_v0278.json,VDF_AkShare_CandidateToCanonicalDryRunPreview_v0278.json,symbol,date,value,vdf_original_row_hash,VDF_Global_Commodity|STEEL|2026-06-07|2e28489319df7bab,False,value_blank_or_non_numeric,84a0a6447cf5a65c
118,VDF_Global_Commodity,STEEL,2026-06-08,,587050c546c2fc6f,C:\Users\tonyk\Downloads\VeritasIntelligenceAnalytics\dict\VDF\_active\VDF_AKSHARE_CANDIDATE_TO_CANONICAL_DRYRUN_v0278_20260610_220705\preview\VDF_AkShare_CandidateToCanonicalDryRunPreview_v0278.json,VDF_AkShare_CandidateToCanonicalDryRunPreview_v0278.json,symbol,date,value,vdf_original_row_hash,VDF_Global_Commodity|STEEL|2026-06-08|587050c546c2fc6f,False,value_blank_or_non_numeric,6b4611500278e9bb
119,VDF_Global_Commodity,STEEL,2026-06-09,,dbe71981a6e3cd04,C:\Users\tonyk\Downloads\VeritasIntelligenceAnalytics\dict\VDF\_active\VDF_AKSHARE_CANDIDATE_TO_CANONICAL_DRYRUN_v0278_20260610_220705\preview\VDF_AkShare_CandidateToCanonicalDryRunPreview_v0278.json,VDF_AkShare_CandidateToCanonicalDryRunPreview_v0278.json,symbol,date,value,vdf_original_row_hash,VDF_Global_Commodity|STEEL|2026-06-09|dbe71981a6e3cd04,False,value_blank_or_non_numeric,f20ea310d3402902
120,VDF_Global_Commodity,STEEL,2026-06-10,,284322b2697ecb17,C:\Users\tonyk\Downloads\VeritasIntelligenceAnalytics\dict\VDF\_active\VDF_AKSHARE_CANDIDATE_TO_CANONICAL_DRYRUN_v0278_20260610_220705\preview\VDF_AkShare_CandidateToCanonicalDryRunPreview_v0278.json,VDF_AkShare_CandidateToCanonicalDryRunPreview_v0278.json,symbol,date,value,vdf_original_row_hash,VDF_Global_Commodity|STEEL|2026-06-10|284322b2697ecb17,False,value_blank_or_non_numeric,fabfd4d536f536c1
121,VDF_Global_Commodity,COMMODITY_FUTURES,,,8ed97111ad0a8683,C:\Users\tonyk\Downloads\VeritasIntelligenceAnalytics\dict\VDF\_active\VDF_AKSHARE_CANDIDATE_TO_CANONICAL_DRYRUN_v0278_20260610_220705\preview\VDF_AkShare_CandidateToCanonicalDryRunPreview_v0278.json,VDF_AkShare_CandidateToCanonicalDryRunPreview_v0278.json,symbol,date,value,vdf_original_row_hash,VDF_Global_Commodity|COMMODITY_FUTURES||8ed97111ad0a8683,False,date_blank_or_unparseable;value_blank_or_non_numeric,37338341caa597b4
122,VDF_Global_Commodity,COMMODITY_FUTURES,,,b6c324f1982f4025,C:\Users\tonyk\Downloads\VeritasIntelligenceAnalytics\dict\VDF\_active\VDF_AKSHARE_CANDIDATE_TO_CANONICAL_DRYRUN_v0278_20260610_220705\preview\VDF_AkShare_CandidateToCanonicalDryRunPreview_v0278.json,VDF_AkShare_CandidateToCanonicalDryRunPreview_v0278.json,symbol,date,value,vdf_original_row_hash,VDF_Global_Commodity|COMMODITY_FUTURES||b6c324f1982f4025,False,date_blank_or_unparseable;value_blank_or_non_numeric,49d9ef1f22503795
123,VDF_Global_Commodity,COMMODITY_FUTURES,,3.0,57eb5cd28b5ac54e,C:\Users\tonyk\Downloads\VeritasIntelligenceAnalytics\dict\VDF\_active\VDF_AKSHARE_CANDIDATE_TO_CANONICAL_DRYRUN_v0278_20260610_220705\preview\VDF_AkShare_CandidateToCanonicalDryRunPreview_v0278.json,VDF_AkShare_CandidateToCanonicalDryRunPreview_v0278.json,symbol,date,value,vdf_original_row_hash,VDF_Global_Commodity|COMMODITY_FUTURES||57eb5cd28b5ac54e,False,date_blank_or_unparseable,128c555b47494587
124,VDF_Global_Commodity,COMMODITY_FUTURES,,,a6f7896282f27654,C:\Users\tonyk\Downloads\VeritasIntelligenceAnalytics\dict\VDF\_active\VDF_AKSHARE_CANDIDATE_TO_CANONICAL_DRYRUN_v0278_20260610_220705\preview\VDF_AkShare_CandidateToCanonicalDryRunPreview_v0278.json,VDF_AkShare_CandidateToCanonicalDryRunPreview_v0278.json,symbol,date,value,vdf_original_row_hash,VDF_Global_Commodity|COMMODITY_FUTURES||a6f7896282f27654,False,date_blank_or_unparseable;value_blank_or_non_numeric,e8a133bc15f553f9
125,VDF_Global_Commodity,COMMODITY_FUTURES,,,8881531c4db276fc,C:\Users\tonyk\Downloads\VeritasIntelligenceAnalytics\dict\VDF\_active\VDF_AKSHARE_CANDIDATE_TO_CANONICAL_DRYRUN_v0278_20260610_220705\preview\VDF_AkShare_CandidateToCanonicalDryRunPreview_v0278.json,VDF_AkShare_CandidateToCanonicalDryRunPreview_v0278.json,symbol,date,value,vdf_original_row_hash,VDF_Global_Commodity|COMMODITY_FUTURES||8881531c4db276fc,False,date_blank_or_unparseable;value_blank_or_non_numeric,96c5968e35abb8ac
126,VDF_Global_Commodity,COMMODITY_FUTURES,,,87b1ad27576725bf,C:\Users\tonyk\Downloads\VeritasIntelligenceAnalytics\dict\VDF\_active\VDF_AKSHARE_CANDIDATE_TO_CANONICAL_DRYRUN_v0278_20260610_220705\preview\VDF_AkShare_CandidateToCanonicalDryRunPreview_v0278.json,VDF_AkShare_CandidateToCanonicalDryRunPreview_v0278.json,symbol,date,value,vdf_original_row_hash,VDF_Global_Commodity|COMMODITY_FUTURES||87b1ad27576725bf,False,date_blank_or_unparseable;value_blank_or_non_numeric,4d04a3c49409d7a5
127,VDF_Global_Commodity,COMMODITY_FUTURES,,,b0e761cec4a31790,C:\Users\tonyk\Downloads\VeritasIntelligenceAnalytics\dict\VDF\_active\VDF_AKSHARE_CANDIDATE_TO_CANONICAL_DRYRUN_v0278_20260610_220705\preview\VDF_AkShare_CandidateToCanonicalDryRunPreview_v0278.json,VDF_AkShare_CandidateToCanonicalDryRunPreview_v0278.json,symbol,date,value,vdf_original_row_hash,VDF_Global_Commodity|COMMODITY_FUTURES||b0e761cec4a31790,False,date_blank_or_unparseable;value_blank_or_non_numeric,c6370d4d3fd392b4
128,VDF_Global_Commodity,COMMODITY_FUTURES,,,e4c42bf85705583b,C:\Users\tonyk\Downloads\VeritasIntelligenceAnalytics\dict\VDF\_active\VDF_AKSHARE_CANDIDATE_TO_CANONICAL_DRYRUN_v0278_20260610_220705\preview\VDF_AkShare_CandidateToCanonicalDryRunPreview_v0278.json,VDF_AkShare_CandidateToCanonicalDryRunPreview_v0278.json,symbol,date,value,vdf_original_row_hash,VDF_Global_Commodity|COMMODITY_FUTURES||e4c42bf85705583b,False,date_blank_or_unparseable;value_blank_or_non_numeric,1a131f9a516a130b
129,VDF_Global_Commodity,COMMODITY_FUTURES,,,abd3206346ff4d85,C:\Users\tonyk\Downloads\VeritasIntelligenceAnalytics\dict\VDF\_active\VDF_AKSHARE_CANDIDATE_TO_CANONICAL_DRYRUN_v0278_20260610_220705\preview\VDF_AkShare_CandidateToCanonicalDryRunPreview_v0278.json,VDF_AkShare_CandidateToCanonicalDryRunPreview_v0278.json,symbol,date,value,vdf_original_row_hash,VDF_Global_Commodity|COMMODITY_FUTURES||abd3206346ff4d85,False,date_blank_or_unparseable;value_blank_or_non_numeric,6e20931758e23cc4
130,VDF_Global_Commodity,COMMODITY_FUTURES,,,34e6a213b7c37244,C:\Users\tonyk\Downloads\VeritasIntelligenceAnalytics\dict\VDF\_active\VDF_AKSHARE_CANDIDATE_TO_CANONICAL_DRYRUN_v0278_20260610_220705\preview\VDF_AkShare_CandidateToCanonicalDryRunPreview_v0278.json,VDF_AkShare_CandidateToCanonicalDryRunPreview_v0278.json,symbol,date,value,vdf_original_row_hash,VDF_Global_Commodity|COMMODITY_FUTURES||34e6a213b7c37244,False,date_blank_or_unparseable;value_blank_or_non_numeric,4181c06d1c40d69b
131,VDF_Global_Commodity,COMMODITY_FUTURES,,,ea39f86f0cc205f2,C:\Users\tonyk\Downloads\VeritasIntelligenceAnalytics\dict\VDF\_active\VDF_AKSHARE_CANDIDATE_TO_CANONICAL_DRYRUN_v0278_20260610_220705\preview\VDF_AkShare_CandidateToCanonicalDryRunPreview_v0278.json,VDF_AkShare_CandidateToCanonicalDryRunPreview_v0278.json,symbol,date,value,vdf_original_row_hash,VDF_Global_Commodity|COMMODITY_FUTURES||ea39f86f0cc205f2,False,date_blank_or_unparseable;value_blank_or_non_numeric,f2fa8cbaca88a782
132,VDF_Global_Commodity,COMMODITY_FUTURES,,,b599eda556917203,C:\Users\tonyk\Downloads\VeritasIntelligenceAnalytics\dict\VDF\_active\VDF_AKSHARE_CANDIDATE_TO_CANONICAL_DRYRUN_v0278_20260610_220705\preview\VDF_AkShare_CandidateToCanonicalDryRunPreview_v0278.json,VDF_AkShare_CandidateToCanonicalDryRunPreview_v0278.json,symbol,date,value,vdf_original_row_hash,VDF_Global_Commodity|COMMODITY_FUTURES||b599eda556917203,False,date_blank_or_unparseable;value_blank_or_non_numeric,43fba7a1a66da9b5
133,VDF_Global_Commodity,COMMODITY_FUTURES,,,5ef2551ad8ff5d40,C:\Users\tonyk\Downloads\VeritasIntelligenceAnalytics\dict\VDF\_active\VDF_AKSHARE_CANDIDATE_TO_CANONICAL_DRYRUN_v0278_20260610_220705\preview\VDF_AkShare_CandidateToCanonicalDryRunPreview_v0278.json,VDF_AkShare_CandidateToCanonicalDryRunPreview_v0278.json,symbol,date,value,vdf_original_row_hash,VDF_Global_Commodity|COMMODITY_FUTURES||5ef2551ad8ff5d40,False,date_blank_or_unparseable;value_blank_or_non_numeric,8d8cc2210481a039
134,VDF_Global_Commodity,COMMODITY_FUTURES,,,ec5bc834d2fb249d,C:\Users\tonyk\Downloads\VeritasIntelligenceAnalytics\dict\VDF\_active\VDF_AKSHARE_CANDIDATE_TO_CANONICAL_DRYRUN_v0278_20260610_220705\preview\VDF_AkShare_CandidateToCanonicalDryRunPreview_v0278.json,VDF_AkShare_CandidateToCanonicalDryRunPreview_v0278.json,symbol,date,value,vdf_original_row_hash,VDF_Global_Commodity|COMMODITY_FUTURES||ec5bc834d2fb249d,False,date_blank_or_unparseable;value_blank_or_non_numeric,bc9bdfdae2f2dd5b
135,VDF_Global_Commodity,COMMODITY_FUTURES,,,fc3703242831a527,C:\Users\tonyk\Downloads\VeritasIntelligenceAnalytics\dict\VDF\_active\VDF_AKSHARE_CANDIDATE_TO_CANONICAL_DRYRUN_v0278_20260610_220705\preview\VDF_AkShare_CandidateToCanonicalDryRunPreview_v0278.json,VDF_AkShare_CandidateToCanonicalDryRunPreview_v0278.json,symbol,date,value,vdf_original_row_hash,VDF_Global_Commodity|COMMODITY_FUTURES||fc3703242831a527,False,date_blank_or_unparseable;value_blank_or_non_numeric,2a82ba12e6bcb09c
136,VDF_Global_Commodity,COMMODITY_FUTURES,,,1937058cf9dcbf3f,C:\Users\tonyk\Downloads\VeritasIntelligenceAnalytics\dict\VDF\_active\VDF_AKSHARE_CANDIDATE_TO_CANONICAL_DRYRUN_v0278_20260610_220705\preview\VDF_AkShare_CandidateToCanonicalDryRunPreview_v0278.json,VDF_AkShare_CandidateToCanonicalDryRunPreview_v0278.json,symbol,date,value,vdf_original_row_hash,VDF_Global_Commodity|COMMODITY_FUTURES||1937058cf9dcbf3f,False,date_blank_or_unparseable;value_blank_or_non_numeric,2f698f783c54e5a2
137,VDF_Global_Commodity,COMMODITY_FUTURES,,,d87aedb292159a7a,C:\Users\tonyk\Downloads\VeritasIntelligenceAnalytics\dict\VDF\_active\VDF_AKSHARE_CANDIDATE_TO_CANONICAL_DRYRUN_v0278_20260610_220705\preview\VDF_AkShare_CandidateToCanonicalDryRunPreview_v0278.json,VDF_AkShare_CandidateToCanonicalDryRunPreview_v0278.json,symbol,date,value,vdf_original_row_hash,VDF_Global_Commodity|COMMODITY_FUTURES||d87aedb292159a7a,False,date_blank_or_unparseable;value_blank_or_non_numeric,c8c09b8be37557f4
138,VDF_Global_Commodity,COMMODITY_FUTURES,,,55530a7c487ccd7e,C:\Users\tonyk\Downloads\VeritasIntelligenceAnalytics\dict\VDF\_active\VDF_AKSHARE_CANDIDATE_TO_CANONICAL_DRYRUN_v0278_20260610_220705\preview\VDF_AkShare_CandidateToCanonicalDryRunPreview_v0278.json,VDF_AkShare_CandidateToCanonicalDryRunPreview_v0278.json,symbol,date,value,vdf_original_row_hash,VDF_Global_Commodity|COMMODITY_FUTURES||55530a7c487ccd7e,False,date_blank_or_unparseable;value_blank_or_non_numeric,2a102219f2ae53cc
139,VDF_Global_Commodity,COMMODITY_FUTURES,,,5dad3acfb3118f55,C:\Users\tonyk\Downloads\VeritasIntelligenceAnalytics\dict\VDF\_active\VDF_AKSHARE_CANDIDATE_TO_CANONICAL_DRYRUN_v0278_20260610_220705\preview\VDF_AkShare_CandidateToCanonicalDryRunPreview_v0278.json,VDF_AkShare_CandidateToCanonicalDryRunPreview_v0278.json,symbol,date,value,vdf_original_row_hash,VDF_Global_Commodity|COMMODITY_FUTURES||5dad3acfb3118f55,False,date_blank_or_unparseable;value_blank_or_non_numeric,5017de1e8c9121ba
140,VDF_Global_Commodity,COMMODITY_FUTURES,,,e59bb77d090bf232,C:\Users\tonyk\Downloads\VeritasIntelligenceAnalytics\dict\VDF\_active\VDF_AKSHARE_CANDIDATE_TO_CANONICAL_DRYRUN_v0278_20260610_220705\preview\VDF_AkShare_CandidateToCanonicalDryRunPreview_v0278.json,VDF_AkShare_CandidateToCanonicalDryRunPreview_v0278.json,symbol,date,value,vdf_original_row_hash,VDF_Global_Commodity|COMMODITY_FUTURES||e59bb77d090bf232,False,date_blank_or_unparseable;value_blank_or_non_numeric,4f653dd35a4a915b
141,VDF_Global_Commodity,COMMODITY_FUTURES,,,04ca49f8705f8c53,C:\Users\tonyk\Downloads\VeritasIntelligenceAnalytics\dict\VDF\_active\VDF_AKSHARE_CANDIDATE_TO_CANONICAL_DRYRUN_v0278_20260610_220705\preview\VDF_AkShare_CandidateToCanonicalDryRunPreview_v0278.json,VDF_AkShare_CandidateToCanonicalDryRunPreview_v0278.json,symbol,date,value,vdf_original_row_hash,VDF_Global_Commodity|COMMODITY_FUTURES||04ca49f8705f8c53,False,date_blank_or_unparseable;value_blank_or_non_numeric,d0a2446d625ecf0e
142,VDF_Global_Commodity,COMMODITY_FUTURES,,,c5c416e5c0ab2b85,C:\Users\tonyk\Downloads\VeritasIntelligenceAnalytics\dict\VDF\_active\VDF_AKSHARE_CANDIDATE_TO_CANONICAL_DRYRUN_v0278_20260610_220705\preview\VDF_AkShare_CandidateToCanonicalDryRunPreview_v0278.json,VDF_AkShare_CandidateToCanonicalDryRunPreview_v0278.json,symbol,date,value,vdf_original_row_hash,VDF_Global_Commodity|COMMODITY_FUTURES||c5c416e5c0ab2b85,False,date_blank_or_unparseable;value_blank_or_non_numeric,c142836a798dce10
143,VDF_Global_Commodity,COMMODITY_FUTURES,,,36fc04e0f35fc7f3,C:\Users\tonyk\Downloads\VeritasIntelligenceAnalytics\dict\VDF\_active\VDF_AKSHARE_CANDIDATE_TO_CANONICAL_DRYRUN_v0278_20260610_220705\preview\VDF_AkShare_CandidateToCanonicalDryRunPreview_v0278.json,VDF_AkShare_CandidateToCanonicalDryRunPreview_v0278.json,symbol,date,value,vdf_original_row_hash,VDF_Global_Commodity|COMMODITY_FUTURES||36fc04e0f35fc7f3,False,date_blank_or_unparseable;value_blank_or_non_numeric,1b54a75d173833b7
144,VDF_Global_Commodity,COMMODITY_FUTURES,,,8d821f09e50a682b,C:\Users\tonyk\Downloads\VeritasIntelligenceAnalytics\dict\VDF\_active\VDF_AKSHARE_CANDIDATE_TO_CANONICAL_DRYRUN_v0278_20260610_220705\preview\VDF_AkShare_CandidateToCanonicalDryRunPreview_v0278.json,VDF_AkShare_CandidateToCanonicalDryRunPreview_v0278.json,symbol,date,value,vdf_original_row_hash,VDF_Global_Commodity|COMMODITY_FUTURES||8d821f09e50a682b,False,date_blank_or_unparseable;value_blank_or_non_numeric,737b327f4ec09df2
145,VDF_Global_Commodity,COMMODITY_FUTURES,,,1fe60eee3883231c,C:\Users\tonyk\Downloads\VeritasIntelligenceAnalytics\dict\VDF\_active\VDF_AKSHARE_CANDIDATE_TO_CANONICAL_DRYRUN_v0278_20260610_220705\preview\VDF_AkShare_CandidateToCanonicalDryRunPreview_v0278.json,VDF_AkShare_CandidateToCanonicalDryRunPreview_v0278.json,symbol,date,value,vdf_original_row_hash,VDF_Global_Commodity|COMMODITY_FUTURES||1fe60eee3883231c,False,date_blank_or_unparseable;value_blank_or_non_numeric,c028800082bfe6f1
146,VDF_Global_Commodity,COMMODITY_FUTURES,,,d4f7a2bcee11bda6,C:\Users\tonyk\Downloads\VeritasIntelligenceAnalytics\dict\VDF\_active\VDF_AKSHARE_CANDIDATE_TO_CANONICAL_DRYRUN_v0278_20260610_220705\preview\VDF_AkShare_CandidateToCanonicalDryRunPreview_v0278.json,VDF_AkShare_CandidateToCanonicalDryRunPreview_v0278.json,symbol,date,value,vdf_original_row_hash,VDF_Global_Commodity|COMMODITY_FUTURES||d4f7a2bcee11bda6,False,date_blank_or_unparseable;value_blank_or_non_numeric,8948bd8cfb174f96
147,VDF_Global_Commodity,COMMODITY_FUTURES,,,204b222caaaa9b53,C:\Users\tonyk\Downloads\VeritasIntelligenceAnalytics\dict\VDF\_active\VDF_AKSHARE_CANDIDATE_TO_CANONICAL_DRYRUN_v0278_20260610_220705\preview\VDF_AkShare_CandidateToCanonicalDryRunPreview_v0278.json,VDF_AkShare_CandidateToCanonicalDryRunPreview_v0278.json,symbol,date,value,vdf_original_row_hash,VDF_Global_Commodity|COMMODITY_FUTURES||204b222caaaa9b53,False,date_blank_or_unparseable;value_blank_or_non_numeric,65760d1e6dc4afa8
148,VDF_Global_Commodity,COMMODITY_FUTURES,,,3d573dfd72c901dc,C:\Users\tonyk\Downloads\VeritasIntelligenceAnalytics\dict\VDF\_active\VDF_AKSHARE_CANDIDATE_TO_CANONICAL_DRYRUN_v0278_20260610_220705\preview\VDF_AkShare_CandidateToCanonicalDryRunPreview_v0278.json,VDF_AkShare_CandidateToCanonicalDryRunPreview_v0278.json,symbol,date,value,vdf_original_row_hash,VDF_Global_Commodity|COMMODITY_FUTURES||3d573dfd72c901dc,False,date_blank_or_unparseable;value_blank_or_non_numeric,7ca21deb77f26c39
149,VDF_Global_Commodity,COMMODITY_FUTURES,,,086b94f981eb0da1,C:\Users\tonyk\Downloads\VeritasIntelligenceAnalytics\dict\VDF\_active\VDF_AKSHARE_CANDIDATE_TO_CANONICAL_DRYRUN_v0278_20260610_220705\preview\VDF_AkShare_CandidateToCanonicalDryRunPreview_v0278.json,VDF_AkShare_CandidateToCanonicalDryRunPreview_v0278.json,symbol,date,value,vdf_original_row_hash,VDF_Global_Commodity|COMMODITY_FUTURES||086b94f981eb0da1,False,date_blank_or_unparseable;value_blank_or_non_numeric,9b8506f0d9f3f06f
150,VDF_Global_Commodity,COMMODITY_FUTURES,,,e6a8902b447aab14,C:\Users\tonyk\Downloads\VeritasIntelligenceAnalytics\dict\VDF\_active\VDF_AKSHARE_CANDIDATE_TO_CANONICAL_DRYRUN_v0278_20260610_220705\preview\VDF_AkShare_CandidateToCanonicalDryRunPreview_v0278.json,VDF_AkShare_CandidateToCanonicalDryRunPreview_v0278.json,symbol,date,value,vdf_original_row_hash,VDF_Global_Commodity|COMMODITY_FUTURES||e6a8902b447aab14,False,date_blank_or_unparseable;value_blank_or_non_numeric,4d511a2bb7b6690b
1,VDF_Global_Commodity,,,,AkShare,C:\Users\tonyk\Downloads\VeritasIntelligenceAnalytics\dict\VDF\_active\VDF_AKSHARE_CANDIDATE_TO_CANONICAL_DRYRUN_v0278_20260610_220705\registry\VDF_AkShare_CandidateToCanonicalDryRunAudit_v0278.json,VDF_AkShare_CandidateToCanonicalDryRunAudit_v0278.json,0,0,0,0,VDF_Global_Commodity|||AkShare,False,symbol_blank;date_blank_or_unparseable;value_blank_or_non_numeric,434558e657cf131e
1,VDF_Global_Commodity,,,,AkShare,C:\Users\tonyk\Downloads\VeritasIntelligenceAnalytics\dict\VDF\_active\VDF_AKSHARE_CANONICAL_KEY_REPAIR_GATE_v02781_20260610_221005\plan\VDF_AkShare_CanonicalKeyRepairGatePlan_v02781.json,VDF_AkShare_CanonicalKeyRepairGatePlan_v02781.json,0,0,0,0,VDF_Global_Commodity|||AkShare,False,symbol_blank;date_blank_or_unparseable;value_blank_or_non_numeric,1d0a3d558118fbd6
2,VDF_Global_Commodity,,,,AkShare,C:\Users\tonyk\Downloads\VeritasIntelligenceAnalytics\dict\VDF\_active\VDF_AKSHARE_CANONICAL_KEY_REPAIR_GATE_v02781_20260610_221005\plan\VDF_AkShare_CanonicalKeyRepairGatePlan_v02781.json,VDF_AkShare_CanonicalKeyRepairGatePlan_v02781.json,0,0,0,0,VDF_Global_Commodity|||AkShare,False,symbol_blank;date_blank_or_unparseable;value_blank_or_non_numeric,751d89375767c378
3,VDF_Global_Commodity,,,,AkShare,C:\Users\tonyk\Downloads\VeritasIntelligenceAnalytics\dict\VDF\_active\VDF_AKSHARE_CANONICAL_KEY_REPAIR_GATE_v02781_20260610_221005\plan\VDF_AkShare_CanonicalKeyRepairGatePlan_v02781.json,VDF_AkShare_CanonicalKeyRepairGatePlan_v02781.json,0,0,0,0,VDF_Global_Commodity|||AkShare,False,symbol_blank;date_blank_or_unparseable;value_blank_or_non_numeric,c486fb44b0c9d825
4,VDF_Global_Commodity,,,,AkShare,C:\Users\tonyk\Downloads\VeritasIntelligenceAnalytics\dict\VDF\_active\VDF_AKSHARE_CANONICAL_KEY_REPAIR_GATE_v02781_20260610_221005\plan\VDF_AkShare_CanonicalKeyRepairGatePlan_v02781.json,VDF_AkShare_CanonicalKeyRepairGatePlan_v02781.json,0,0,0,0,VDF_Global_Commodity|||AkShare,False,symbol_blank;date_blank_or_unparseable;value_blank_or_non_numeric,83fc4c90031476ca
5,VDF_Global_Commodity,,,,AkShare,C:\Users\tonyk\Downloads\VeritasIntelligenceAnalytics\dict\VDF\_active\VDF_AKSHARE_CANONICAL_KEY_REPAIR_GATE_v02781_20260610_221005\plan\VDF_AkShare_CanonicalKeyRepairGatePlan_v02781.json,VDF_AkShare_CanonicalKeyRepairGatePlan_v02781.json,0,0,0,0,VDF_Global_Commodity|||AkShare,False,symbol_blank;date_blank_or_unparseable;value_blank_or_non_numeric,e690c1c504ca1fc1
6,VDF_Global_Commodity,,,,AkShare,C:\Users\tonyk\Downloads\VeritasIntelligenceAnalytics\dict\VDF\_active\VDF_AKSHARE_CANONICAL_KEY_REPAIR_GATE_v02781_20260610_221005\plan\VDF_AkShare_CanonicalKeyRepairGatePlan_v02781.json,VDF_AkShare_CanonicalKeyRepairGatePlan_v02781.json,0,0,0,0,VDF_Global_Commodity|||AkShare,False,symbol_blank;date_blank_or_unparseable;value_blank_or_non_numeric,10a1b81ff1c99b07
7,VDF_Global_Commodity,,,,AkShare,C:\Users\tonyk\Downloads\VeritasIntelligenceAnalytics\dict\VDF\_active\VDF_AKSHARE_CANONICAL_KEY_REPAIR_GATE_v02781_20260610_221005\plan\VDF_AkShare_CanonicalKeyRepairGatePlan_v02781.json,VDF_AkShare_CanonicalKeyRepairGatePlan_v02781.json,0,0,0,0,VDF_Global_Commodity|||AkShare,False,symbol_blank;date_blank_or_unparseable;value_blank_or_non_numeric,37128b4c87e94924
1,VDF_Global_Commodity,STEEL,2026-02-11,,c40c2417ebcd7bbd,C:\Users\tonyk\Downloads\VeritasIntelligenceAnalytics\dict\VDF\_active\VDF_AKSHARE_CANONICAL_KEY_REPAIR_GATE_v02781_20260610_221005\preview\VDF_AkShare_CanonicalRepairedPreview_v02781.csv,VDF_AkShare_CanonicalRepairedPreview_v02781.csv,symbol,date,value,vdf_original_row_hash,VDF_Global_Commodity|STEEL|2026-02-11|c40c2417ebcd7bbd,False,value_blank_or_non_numeric,18d762157081fa6f
2,VDF_Global_Commodity,STEEL,2026-02-12,,3b448f17b94509de,C:\Users\tonyk\Downloads\VeritasIntelligenceAnalytics\dict\VDF\_active\VDF_AKSHARE_CANONICAL_KEY_REPAIR_GATE_v02781_20260610_221005\preview\VDF_AkShare_CanonicalRepairedPreview_v02781.csv,VDF_AkShare_CanonicalRepairedPreview_v02781.csv,symbol,date,value,vdf_original_row_hash,VDF_Global_Commodity|STEEL|2026-02-12|3b448f17b94509de,False,value_blank_or_non_numeric,ce0f7595024996f1
3,VDF_Global_Commodity,STEEL,2026-02-13,,8684c9acc94b1000,C:\Users\tonyk\Downloads\VeritasIntelligenceAnalytics\dict\VDF\_active\VDF_AKSHARE_CANONICAL_KEY_REPAIR_GATE_v02781_20260610_221005\preview\VDF_AkShare_CanonicalRepairedPreview_v02781.csv,VDF_AkShare_CanonicalRepairedPreview_v02781.csv,symbol,date,value,vdf_original_row_hash,VDF_Global_Commodity|STEEL|2026-02-13|8684c9acc94b1000,False,value_blank_or_non_numeric,44e972cd681233bc
4,VDF_Global_Commodity,STEEL,2026-02-14,,09f777d25015dc7d,C:\Users\tonyk\Downloads\VeritasIntelligenceAnalytics\dict\VDF\_active\VDF_AKSHARE_CANONICAL_KEY_REPAIR_GATE_v02781_20260610_221005\preview\VDF_AkShare_CanonicalRepairedPreview_v02781.csv,VDF_AkShare_CanonicalRepairedPreview_v02781.csv,symbol,date,value,vdf_original_row_hash,VDF_Global_Commodity|STEEL|2026-02-14|09f777d25015dc7d,False,value_blank_or_non_numeric,c24c0ecd7b3d8134
5,VDF_Global_Commodity,STEEL,2026-02-15,,ca18e72573fe5a0f,C:\Users\tonyk\Downloads\VeritasIntelligenceAnalytics\dict\VDF\_active\VDF_AKSHARE_CANONICAL_KEY_REPAIR_GATE_v02781_20260610_221005\preview\VDF_AkShare_CanonicalRepairedPreview_v02781.csv,VDF_AkShare_CanonicalRepairedPreview_v02781.csv,symbol,date,value,vdf_original_row_hash,VDF_Global_Commodity|STEEL|2026-02-15|ca18e72573fe5a0f,False,value_blank_or_non_numeric,d54f7fb5b1f52487
6,VDF_Global_Commodity,STEEL,2026-02-16,,0dcea352e5f26e04,C:\Users\tonyk\Downloads\VeritasIntelligenceAnalytics\dict\VDF\_active\VDF_AKSHARE_CANONICAL_KEY_REPAIR_GATE_v02781_20260610_221005\preview\VDF_AkShare_CanonicalRepairedPreview_v02781.csv,VDF_AkShare_CanonicalRepairedPreview_v02781.csv,symbol,date,value,vdf_original_row_hash,VDF_Global_Commodity|STEEL|2026-02-16|0dcea352e5f26e04,False,value_blank_or_non_numeric,ffc4830c78a58b48
7,VDF_Global_Commodity,STEEL,2026-02-17,,5d472fb1b3e9abab,C:\Users\tonyk\Downloads\VeritasIntelligenceAnalytics\dict\VDF\_active\VDF_AKSHARE_CANONICAL_KEY_REPAIR_GATE_v02781_20260610_221005\preview\VDF_AkShare_CanonicalRepairedPreview_v02781.csv,VDF_AkShare_CanonicalRepairedPreview_v02781.csv,symbol,date,value,vdf_original_row_hash,VDF_Global_Commodity|STEEL|2026-02-17|5d472fb1b3e9abab,False,value_blank_or_non_numeric,4a96878b0e825ae3
8,VDF_Global_Commodity,STEEL,2026-02-18,,535bf7b6e3430232,C:\Users\tonyk\Downloads\VeritasIntelligenceAnalytics\dict\VDF\_active\VDF_AKSHARE_CANONICAL_KEY_REPAIR_GATE_v02781_20260610_221005\preview\VDF_AkShare_CanonicalRepairedPreview_v02781.csv,VDF_AkShare_CanonicalRepairedPreview_v02781.csv,symbol,date,value,vdf_original_row_hash,VDF_Global_Commodity|STEEL|2026-02-18|535bf7b6e3430232,False,value_blank_or_non_numeric,584777d58ecbca42
9,VDF_Global_Commodity,STEEL,2026-02-19,,93ccf2874d3c432f,C:\Users\tonyk\Downloads\VeritasIntelligenceAnalytics\dict\VDF\_active\VDF_AKSHARE_CANONICAL_KEY_REPAIR_GATE_v02781_20260610_221005\preview\VDF_AkShare_CanonicalRepairedPreview_v02781.csv,VDF_AkShare_CanonicalRepairedPreview_v02781.csv,symbol,date,value,vdf_original_row_hash,VDF_Global_Commodity|STEEL|2026-02-19|93ccf2874d3c432f,False,value_blank_or_non_numeric,7185b7f6779649c8
10,VDF_Global_Commodity,STEEL,2026-02-20,,a6e5f47f15e1ee98,C:\Users\tonyk\Downloads\VeritasIntelligenceAnalytics\dict\VDF\_active\VDF_AKSHARE_CANONICAL_KEY_REPAIR_GATE_v02781_20260610_221005\preview\VDF_AkShare_CanonicalRepairedPreview_v02781.csv,VDF_AkShare_CanonicalRepairedPreview_v02781.csv,symbol,date,value,vdf_original_row_hash,VDF_Global_Commodity|STEEL|2026-02-20|a6e5f47f15e1ee98,False,value_blank_or_non_numeric,a2156bb6be96f6b0
11,VDF_Global_Commodity,STEEL,2026-02-21,,5cfbb675a90114b7,C:\Users\tonyk\Downloads\VeritasIntelligenceAnalytics\dict\VDF\_active\VDF_AKSHARE_CANONICAL_KEY_REPAIR_GATE_v02781_20260610_221005\preview\VDF_AkShare_CanonicalRepairedPreview_v02781.csv,VDF_AkShare_CanonicalRepairedPreview_v02781.csv,symbol,date,value,vdf_original_row_hash,VDF_Global_Commodity|STEEL|2026-02-21|5cfbb675a90114b7,False,value_blank_or_non_numeric,a31975934bcfe254
12,VDF_Global_Commodity,STEEL,2026-02-22,,29a946d4ec5fc967,C:\Users\tonyk\Downloads\VeritasIntelligenceAnalytics\dict\VDF\_active\VDF_AKSHARE_CANONICAL_KEY_REPAIR_GATE_v02781_20260610_221005\preview\VDF_AkShare_CanonicalRepairedPreview_v02781.csv,VDF_AkShare_CanonicalRepairedPreview_v02781.csv,symbol,date,value,vdf_original_row_hash,VDF_Global_Commodity|STEEL|2026-02-22|29a946d4ec5fc967,False,value_blank_or_non_numeric,9f253a18b6448b30
13,VDF_Global_Commodity,STEEL,2026-02-23,,5a4173ed26210734,C:\Users\tonyk\Downloads\VeritasIntelligenceAnalytics\dict\VDF\_active\VDF_AKSHARE_CANONICAL_KEY_REPAIR_GATE_v02781_20260610_221005\preview\VDF_AkShare_CanonicalRepairedPreview_v02781.csv,VDF_AkShare_CanonicalRepairedPreview_v02781.csv,symbol,date,value,vdf_original_row_hash,VDF_Global_Commodity|STEEL|2026-02-23|5a4173ed26210734,False,value_blank_or_non_numeric,499b9b656b938bda
14,VDF_Global_Commodity,STEEL,2026-02-24,,ab0f0604f90466da,C:\Users\tonyk\Downloads\VeritasIntelligenceAnalytics\dict\VDF\_active\VDF_AKSHARE_CANONICAL_KEY_REPAIR_GATE_v02781_20260610_221005\preview\VDF_AkShare_CanonicalRepairedPreview_v02781.csv,VDF_AkShare_CanonicalRepairedPreview_v02781.csv,symbol,date,value,vdf_original_row_hash,VDF_Global_Commodity|STEEL|2026-02-24|ab0f0604f90466da,False,value_blank_or_non_numeric,03dfb2f80af8cd33
15,VDF_Global_Commodity,STEEL,2026-02-25,,6f0de1fbd6f8e642,C:\Users\tonyk\Downloads\VeritasIntelligenceAnalytics\dict\VDF\_active\VDF_AKSHARE_CANONICAL_KEY_REPAIR_GATE_v02781_20260610_221005\preview\VDF_AkShare_CanonicalRepairedPreview_v02781.csv,VDF_AkShare_CanonicalRepairedPreview_v02781.csv,symbol,date,value,vdf_original_row_hash,VDF_Global_Commodity|STEEL|2026-02-25|6f0de1fbd6f8e642,False,value_blank_or_non_numeric,913e7baf62288d80
16,VDF_Global_Commodity,STEEL,2026-02-26,,4ccc40fde45d0d50,C:\Users\tonyk\Downloads\VeritasIntelligenceAnalytics\dict\VDF\_active\VDF_AKSHARE_CANONICAL_KEY_REPAIR_GATE_v02781_20260610_221005\preview\VDF_AkShare_CanonicalRepairedPreview_v02781.csv,VDF_AkShare_CanonicalRepairedPreview_v02781.csv,symbol,date,value,vdf_original_row_hash,VDF_Global_Commodity|STEEL|2026-02-26|4ccc40fde45d0d50,False,value_blank_or_non_numeric,868ac7812edb29c5
17,VDF_Global_Commodity,STEEL,2026-02-27,,c8d504cadb0d14b0,C:\Users\tonyk\Downloads\VeritasIntelligenceAnalytics\dict\VDF\_active\VDF_AKSHARE_CANONICAL_KEY_REPAIR_GATE_v02781_20260610_221005\preview\VDF_AkShare_CanonicalRepairedPreview_v02781.csv,VDF_AkShare_CanonicalRepairedPreview_v02781.csv,symbol,date,value,vdf_original_row_hash,VDF_Global_Commodity|STEEL|2026-02-27|c8d504cadb0d14b0,False,value_blank_or_non_numeric,ad0923f2428f5798
18,VDF_Global_Commodity,STEEL,2026-02-28,,818e7385d2662293,C:\Users\tonyk\Downloads\VeritasIntelligenceAnalytics\dict\VDF\_active\VDF_AKSHARE_CANONICAL_KEY_REPAIR_GATE_v02781_20260610_221005\preview\VDF_AkShare_CanonicalRepairedPreview_v02781.csv,VDF_AkShare_CanonicalRepairedPreview_v02781.csv,symbol,date,value,vdf_original_row_hash,VDF_Global_Commodity|STEEL|2026-02-28|818e7385d2662293,False,value_blank_or_non_numeric,cced2f47587953d6
19,VDF_Global_Commodity,STEEL,2026-03-01,,7eadaffe5daf8a4b,C:\Users\tonyk\Downloads\VeritasIntelligenceAnalytics\dict\VDF\_active\VDF_AKSHARE_CANONICAL_KEY_REPAIR_GATE_v02781_20260610_221005\preview\VDF_AkShare_CanonicalRepairedPreview_v02781.csv,VDF_AkShare_CanonicalRepairedPreview_v02781.csv,symbol,date,value,vdf_original_row_hash,VDF_Global_Commodity|STEEL|2026-03-01|7eadaffe5daf8a4b,False,value_blank_or_non_numeric,cc1a198a69d29d7d
20,VDF_Global_Commodity,STEEL,2026-03-02,,2c54d68a43122383,C:\Users\tonyk\Downloads\VeritasIntelligenceAnalytics\dict\VDF\_active\VDF_AKSHARE_CANONICAL_KEY_REPAIR_GATE_v02781_20260610_221005\preview\VDF_AkShare_CanonicalRepairedPreview_v02781.csv,VDF_AkShare_CanonicalRepairedPreview_v02781.csv,symbol,date,value,vdf_original_row_hash,VDF_Global_Commodity|STEEL|2026-03-02|2c54d68a43122383,False,value_blank_or_non_numeric,7e81dcbf105373e5
21,VDF_Global_Commodity,STEEL,2026-03-03,,37cc186309da4a00,C:\Users\tonyk\Downloads\VeritasIntelligenceAnalytics\dict\VDF\_active\VDF_AKSHARE_CANONICAL_KEY_REPAIR_GATE_v02781_20260610_221005\preview\VDF_AkShare_CanonicalRepairedPreview_v02781.csv,VDF_AkShare_CanonicalRepairedPreview_v02781.csv,symbol,date,value,vdf_original_row_hash,VDF_Global_Commodity|STEEL|2026-03-03|37cc186309da4a00,False,value_blank_or_non_numeric,b137d87039bf1387
22,VDF_Global_Commodity,STEEL,2026-03-04,,e78cd7920e51fb44,C:\Users\tonyk\Downloads\VeritasIntelligenceAnalytics\dict\VDF\_active\VDF_AKSHARE_CANONICAL_KEY_REPAIR_GATE_v02781_20260610_221005\preview\VDF_AkShare_CanonicalRepairedPreview_v02781.csv,VDF_AkShare_CanonicalRepairedPreview_v02781.csv,symbol,date,value,vdf_original_row_hash,VDF_Global_Commodity|STEEL|2026-03-04|e78cd7920e51fb44,False,value_blank_or_non_numeric,3fd72825d9292efd
23,VDF_Global_Commodity,STEEL,2026-03-05,,cc271d0008d7b055,C:\Users\tonyk\Downloads\VeritasIntelligenceAnalytics\dict\VDF\_active\VDF_AKSHARE_CANONICAL_KEY_REPAIR_GATE_v02781_20260610_221005\preview\VDF_AkShare_CanonicalRepairedPreview_v02781.csv,VDF_AkShare_CanonicalRepairedPreview_v02781.csv,symbol,date,value,vdf_original_row_hash,VDF_Global_Commodity|STEEL|2026-03-05|cc271d0008d7b055,False,value_blank_or_non_numeric,0f8d224d18d86629
24,VDF_Global_Commodity,STEEL,2026-03-06,,f3db4b934b23abba,C:\Users\tonyk\Downloads\VeritasIntelligenceAnalytics\dict\VDF\_active\VDF_AKSHARE_CANONICAL_KEY_REPAIR_GATE_v02781_20260610_221005\preview\VDF_AkShare_CanonicalRepairedPreview_v02781.csv,VDF_AkShare_CanonicalRepairedPreview_v02781.csv,symbol,date,value,vdf_original_row_hash,VDF_Global_Commodity|STEEL|2026-03-06|f3db4b934b23abba,False,value_blank_or_non_numeric,e5c2cd72cc0b3fd8
25,VDF_Global_Commodity,STEEL,2026-03-07,,9735c7ec5b93b9c9,C:\Users\tonyk\Downloads\VeritasIntelligenceAnalytics\dict\VDF\_active\VDF_AKSHARE_CANONICAL_KEY_REPAIR_GATE_v02781_20260610_221005\preview\VDF_AkShare_CanonicalRepairedPreview_v02781.csv,VDF_AkShare_CanonicalRepairedPreview_v02781.csv,symbol,date,value,vdf_original_row_hash,VDF_Global_Commodity|STEEL|2026-03-07|9735c7ec5b93b9c9,False,value_blank_or_non_numeric,d15fa295129a13c1
26,VDF_Global_Commodity,STEEL,2026-03-08,,16163911df5494d9,C:\Users\tonyk\Downloads\VeritasIntelligenceAnalytics\dict\VDF\_active\VDF_AKSHARE_CANONICAL_KEY_REPAIR_GATE_v02781_20260610_221005\preview\VDF_AkShare_CanonicalRepairedPreview_v02781.csv,VDF_AkShare_CanonicalRepairedPreview_v02781.csv,symbol,date,value,vdf_original_row_hash,VDF_Global_Commodity|STEEL|2026-03-08|16163911df5494d9,False,value_blank_or_non_numeric,949c2c97c5e11060
27,VDF_Global_Commodity,STEEL,2026-03-09,,9060518e291d820e,C:\Users\tonyk\Downloads\VeritasIntelligenceAnalytics\dict\VDF\_active\VDF_AKSHARE_CANONICAL_KEY_REPAIR_GATE_v02781_20260610_221005\preview\VDF_AkShare_CanonicalRepairedPreview_v02781.csv,VDF_AkShare_CanonicalRepairedPreview_v02781.csv,symbol,date,value,vdf_original_row_hash,VDF_Global_Commodity|STEEL|2026-03-09|9060518e291d820e,False,value_blank_or_non_numeric,396b5620853f2136
28,VDF_Global_Commodity,STEEL,2026-03-10,,0dc12c7d35aa244d,C:\Users\tonyk\Downloads\VeritasIntelligenceAnalytics\dict\VDF\_active\VDF_AKSHARE_CANONICAL_KEY_REPAIR_GATE_v02781_20260610_221005\preview\VDF_AkShare_CanonicalRepairedPreview_v02781.csv,VDF_AkShare_CanonicalRepairedPreview_v02781.csv,symbol,date,value,vdf_original_row_hash,VDF_Global_Commodity|STEEL|2026-03-10|0dc12c7d35aa244d,False,value_blank_or_non_numeric,31af8e4e3a8eb6cb
29,VDF_Global_Commodity,STEEL,2026-03-11,,7d625341a2355380,C:\Users\tonyk\Downloads\VeritasIntelligenceAnalytics\dict\VDF\_active\VDF_AKSHARE_CANONICAL_KEY_REPAIR_GATE_v02781_20260610_221005\preview\VDF_AkShare_CanonicalRepairedPreview_v02781.csv,VDF_AkShare_CanonicalRepairedPreview_v02781.csv,symbol,date,value,vdf_original_row_hash,VDF_Global_Commodity|STEEL|2026-03-11|7d625341a2355380,False,value_blank_or_non_numeric,90ba0a76ba2defe2
30,VDF_Global_Commodity,STEEL,2026-03-12,,7b8bcd717565f003,C:\Users\tonyk\Downloads\VeritasIntelligenceAnalytics\dict\VDF\_active\VDF_AKSHARE_CANONICAL_KEY_REPAIR_GATE_v02781_20260610_221005\preview\VDF_AkShare_CanonicalRepairedPreview_v02781.csv,VDF_AkShare_CanonicalRepairedPreview_v02781.csv,symbol,date,value,vdf_original_row_hash,VDF_Global_Commodity|STEEL|2026-03-12|7b8bcd717565f003,False,value_blank_or_non_numeric,f71ec2d8dad00521
31,VDF_Global_Commodity,STEEL,2026-03-13,,d8158ab27228fcd8,C:\Users\tonyk\Downloads\VeritasIntelligenceAnalytics\dict\VDF\_active\VDF_AKSHARE_CANONICAL_KEY_REPAIR_GATE_v02781_20260610_221005\preview\VDF_AkShare_CanonicalRepairedPreview_v02781.csv,VDF_AkShare_CanonicalRepairedPreview_v02781.csv,symbol,date,value,vdf_original_row_hash,VDF_Global_Commodity|STEEL|2026-03-13|d8158ab27228fcd8,False,value_blank_or_non_numeric,d8e5b9a79e49d8fa
32,VDF_Global_Commodity,STEEL,2026-03-14,,9515ee2246024c2c,C:\Users\tonyk\Downloads\VeritasIntelligenceAnalytics\dict\VDF\_active\VDF_AKSHARE_CANONICAL_KEY_REPAIR_GATE_v02781_20260610_221005\preview\VDF_AkShare_CanonicalRepairedPreview_v02781.csv,VDF_AkShare_CanonicalRepairedPreview_v02781.csv,symbol,date,value,vdf_original_row_hash,VDF_Global_Commodity|STEEL|2026-03-14|9515ee2246024c2c,False,value_blank_or_non_numeric,1b20fcf3fe1d2afc
33,VDF_Global_Commodity,STEEL,2026-03-15,,55637629d191fee0,C:\Users\tonyk\Downloads\VeritasIntelligenceAnalytics\dict\VDF\_active\VDF_AKSHARE_CANONICAL_KEY_REPAIR_GATE_v02781_20260610_221005\preview\VDF_AkShare_CanonicalRepairedPreview_v02781.csv,VDF_AkShare_CanonicalRepairedPreview_v02781.csv,symbol,date,value,vdf_original_row_hash,VDF_Global_Commodity|STEEL|2026-03-15|55637629d191fee0,False,value_blank_or_non_numeric,b1d7f15661634cf4
34,VDF_Global_Commodity,STEEL,2026-03-16,,65e78a49600b4b8e,C:\Users\tonyk\Downloads\VeritasIntelligenceAnalytics\dict\VDF\_active\VDF_AKSHARE_CANONICAL_KEY_REPAIR_GATE_v02781_20260610_221005\preview\VDF_AkShare_CanonicalRepairedPreview_v02781.csv,VDF_AkShare_CanonicalRepairedPreview_v02781.csv,symbol,date,value,vdf_original_row_hash,VDF_Global_Commodity|STEEL|2026-03-16|65e78a49600b4b8e,False,value_blank_or_non_numeric,2b0e6294f84ee0b3
35,VDF_Global_Commodity,STEEL,2026-03-17,,f297d35138322f27,C:\Users\tonyk\Downloads\VeritasIntelligenceAnalytics\dict\VDF\_active\VDF_AKSHARE_CANONICAL_KEY_REPAIR_GATE_v02781_20260610_221005\preview\VDF_AkShare_CanonicalRepairedPreview_v02781.csv,VDF_AkShare_CanonicalRepairedPreview_v02781.csv,symbol,date,value,vdf_original_row_hash,VDF_Global_Commodity|STEEL|2026-03-17|f297d35138322f27,False,value_blank_or_non_numeric,568754cdd7183207
36,VDF_Global_Commodity,STEEL,2026-03-18,,0a79a3ad51296d62,C:\Users\tonyk\Downloads\VeritasIntelligenceAnalytics\dict\VDF\_active\VDF_AKSHARE_CANONICAL_KEY_REPAIR_GATE_v02781_20260610_221005\preview\VDF_AkShare_CanonicalRepairedPreview_v02781.csv,VDF_AkShare_CanonicalRepairedPreview_v02781.csv,symbol,date,value,vdf_original_row_hash,VDF_Global_Commodity|STEEL|2026-03-18|0a79a3ad51296d62,False,value_blank_or_non_numeric,f86aeb6664706c3d
37,VDF_Global_Commodity,STEEL,2026-03-19,,504a312dd35f7fe1,C:\Users\tonyk\Downloads\VeritasIntelligenceAnalytics\dict\VDF\_active\VDF_AKSHARE_CANONICAL_KEY_REPAIR_GATE_v02781_20260610_221005\preview\VDF_AkShare_CanonicalRepairedPreview_v02781.csv,VDF_AkShare_CanonicalRepairedPreview_v02781.csv,symbol,date,value,vdf_original_row_hash,VDF_Global_Commodity|STEEL|2026-03-19|504a312dd35f7fe1,False,value_blank_or_non_numeric,59e8a4844026732d
38,VDF_Global_Commodity,STEEL,2026-03-20,,29825bdde4c72258,C:\Users\tonyk\Downloads\VeritasIntelligenceAnalytics\dict\VDF\_active\VDF_AKSHARE_CANONICAL_KEY_REPAIR_GATE_v02781_20260610_221005\preview\VDF_AkShare_CanonicalRepairedPreview_v02781.csv,VDF_AkShare_CanonicalRepairedPreview_v02781.csv,symbol,date,value,vdf_original_row_hash,VDF_Global_Commodity|STEEL|2026-03-20|29825bdde4c72258,False,value_blank_or_non_numeric,84e430bae7ae54e8
39,VDF_Global_Commodity,STEEL,2026-03-21,,18dee12bdc0d7b13,C:\Users\tonyk\Downloads\VeritasIntelligenceAnalytics\dict\VDF\_active\VDF_AKSHARE_CANONICAL_KEY_REPAIR_GATE_v02781_20260610_221005\preview\VDF_AkShare_CanonicalRepairedPreview_v02781.csv,VDF_AkShare_CanonicalRepairedPreview_v02781.csv,symbol,date,value,vdf_original_row_hash,VDF_Global_Commodity|STEEL|2026-03-21|18dee12bdc0d7b13,False,value_blank_or_non_numeric,ef24f68985f86d69
40,VDF_Global_Commodity,STEEL,2026-03-22,,e23a26fa81f19fd1,C:\Users\tonyk\Downloads\VeritasIntelligenceAnalytics\dict\VDF\_active\VDF_AKSHARE_CANONICAL_KEY_REPAIR_GATE_v02781_20260610_221005\preview\VDF_AkShare_CanonicalRepairedPreview_v02781.csv,VDF_AkShare_CanonicalRepairedPreview_v02781.csv,symbol,date,value,vdf_original_row_hash,VDF_Global_Commodity|STEEL|2026-03-22|e23a26fa81f19fd1,False,value_blank_or_non_numeric,1b27f800510f2608
41,VDF_Global_Commodity,STEEL,2026-03-23,,20767ebf681798b3,C:\Users\tonyk\Downloads\VeritasIntelligenceAnalytics\dict\VDF\_active\VDF_AKSHARE_CANONICAL_KEY_REPAIR_GATE_v02781_20260610_221005\preview\VDF_AkShare_CanonicalRepairedPreview_v02781.csv,VDF_AkShare_CanonicalRepairedPreview_v02781.csv,symbol,date,value,vdf_original_row_hash,VDF_Global_Commodity|STEEL|2026-03-23|20767ebf681798b3,False,value_blank_or_non_numeric,e044afc9d7a41b14
42,VDF_Global_Commodity,STEEL,2026-03-24,,0dc0dd9f540e1006,C:\Users\tonyk\Downloads\VeritasIntelligenceAnalytics\dict\VDF\_active\VDF_AKSHARE_CANONICAL_KEY_REPAIR_GATE_v02781_20260610_221005\preview\VDF_AkShare_CanonicalRepairedPreview_v02781.csv,VDF_AkShare_CanonicalRepairedPreview_v02781.csv,symbol,date,value,vdf_original_row_hash,VDF_Global_Commodity|STEEL|2026-03-24|0dc0dd9f540e1006,False,value_blank_or_non_numeric,5bcf55b15d7ee9e2
43,VDF_Global_Commodity,STEEL,2026-03-25,,aba9ec3be54be9d2,C:\Users\tonyk\Downloads\VeritasIntelligenceAnalytics\dict\VDF\_active\VDF_AKSHARE_CANONICAL_KEY_REPAIR_GATE_v02781_20260610_221005\preview\VDF_AkShare_CanonicalRepairedPreview_v02781.csv,VDF_AkShare_CanonicalRepairedPreview_v02781.csv,symbol,date,value,vdf_original_row_hash,VDF_Global_Commodity|STEEL|2026-03-25|aba9ec3be54be9d2,False,value_blank_or_non_numeric,6faa7be8e8adc315
44,VDF_Global_Commodity,STEEL,2026-03-26,,0558c7458ebc271e,C:\Users\tonyk\Downloads\VeritasIntelligenceAnalytics\dict\VDF\_active\VDF_AKSHARE_CANONICAL_KEY_REPAIR_GATE_v02781_20260610_221005\preview\VDF_AkShare_CanonicalRepairedPreview_v02781.csv,VDF_AkShare_CanonicalRepairedPreview_v02781.csv,symbol,date,value,vdf_original_row_hash,VDF_Global_Commodity|STEEL|2026-03-26|0558c7458ebc271e,False,value_blank_or_non_numeric,138dda026bb2a81b
45,VDF_Global_Commodity,STEEL,2026-03-27,,8f195ae7e1656edb,C:\Users\tonyk\Downloads\VeritasIntelligenceAnalytics\dict\VDF\_active\VDF_AKSHARE_CANONICAL_KEY_REPAIR_GATE_v02781_20260610_221005\preview\VDF_AkShare_CanonicalRepairedPreview_v02781.csv,VDF_AkShare_CanonicalRepairedPreview_v02781.csv,symbol,date,value,vdf_original_row_hash,VDF_Global_Commodity|STEEL|2026-03-27|8f195ae7e1656edb,False,value_blank_or_non_numeric,c82d659616e57165
46,VDF_Global_Commodity,STEEL,2026-03-28,,22f4ae66b6e10323,C:\Users\tonyk\Downloads\VeritasIntelligenceAnalytics\dict\VDF\_active\VDF_AKSHARE_CANONICAL_KEY_REPAIR_GATE_v02781_20260610_221005\preview\VDF_AkShare_CanonicalRepairedPreview_v02781.csv,VDF_AkShare_CanonicalRepairedPreview_v02781.csv,symbol,date,value,vdf_original_row_hash,VDF_Global_Commodity|STEEL|2026-03-28|22f4ae66b6e10323,False,value_blank_or_non_numeric,968dd2a59c9a5618
47,VDF_Global_Commodity,STEEL,2026-03-29,,1fbb5c414b48cb93,C:\Users\tonyk\Downloads\VeritasIntelligenceAnalytics\dict\VDF\_active\VDF_AKSHARE_CANONICAL_KEY_REPAIR_GATE_v02781_20260610_221005\preview\VDF_AkShare_CanonicalRepairedPreview_v02781.csv,VDF_AkShare_CanonicalRepairedPreview_v02781.csv,symbol,date,value,vdf_original_row_hash,VDF_Global_Commodity|STEEL|2026-03-29|1fbb5c414b48cb93,False,value_blank_or_non_numeric,a6bc27aac905991f
48,VDF_Global_Commodity,STEEL,2026-03-30,,2b1fe75b192afdcb,C:\Users\tonyk\Downloads\VeritasIntelligenceAnalytics\dict\VDF\_active\VDF_AKSHARE_CANONICAL_KEY_REPAIR_GATE_v02781_20260610_221005\preview\VDF_AkShare_CanonicalRepairedPreview_v02781.csv,VDF_AkShare_CanonicalRepairedPreview_v02781.csv,symbol,date,value,vdf_original_row_hash,VDF_Global_Commodity|STEEL|2026-03-30|2b1fe75b192afdcb,False,value_blank_or_non_numeric,ff807f87b6c0cb35
49,VDF_Global_Commodity,STEEL,2026-03-31,,16784e29a87f3a4b,C:\Users\tonyk\Downloads\VeritasIntelligenceAnalytics\dict\VDF\_active\VDF_AKSHARE_CANONICAL_KEY_REPAIR_GATE_v02781_20260610_221005\preview\VDF_AkShare_CanonicalRepairedPreview_v02781.csv,VDF_AkShare_CanonicalRepairedPreview_v02781.csv,symbol,date,value,vdf_original_row_hash,VDF_Global_Commodity|STEEL|2026-03-31|16784e29a87f3a4b,False,value_blank_or_non_numeric,0cd7bc06892033b5
50,VDF_Global_Commodity,STEEL,2026-04-01,,cf33135c5c7ab500,C:\Users\tonyk\Downloads\VeritasIntelligenceAnalytics\dict\VDF\_active\VDF_AKSHARE_CANONICAL_KEY_REPAIR_GATE_v02781_20260610_221005\preview\VDF_AkShare_CanonicalRepairedPreview_v02781.csv,VDF_AkShare_CanonicalRepairedPreview_v02781.csv,symbol,date,value,vdf_original_row_hash,VDF_Global_Commodity|STEEL|2026-04-01|cf33135c5c7ab500,False,value_blank_or_non_numeric,db072c020b84aaed
51,VDF_Global_Commodity,STEEL,2026-04-02,,f925c35ef6aff307,C:\Users\tonyk\Downloads\VeritasIntelligenceAnalytics\dict\VDF\_active\VDF_AKSHARE_CANONICAL_KEY_REPAIR_GATE_v02781_20260610_221005\preview\VDF_AkShare_CanonicalRepairedPreview_v02781.csv,VDF_AkShare_CanonicalRepairedPreview_v02781.csv,symbol,date,value,vdf_original_row_hash,VDF_Global_Commodity|STEEL|2026-04-02|f925c35ef6aff307,False,value_blank_or_non_numeric,628991f3d3c71e6e
52,VDF_Global_Commodity,STEEL,2026-04-03,,39ea2aef5d269449,C:\Users\tonyk\Downloads\VeritasIntelligenceAnalytics\dict\VDF\_active\VDF_AKSHARE_CANONICAL_KEY_REPAIR_GATE_v02781_20260610_221005\preview\VDF_AkShare_CanonicalRepairedPreview_v02781.csv,VDF_AkShare_CanonicalRepairedPreview_v02781.csv,symbol,date,value,vdf_original_row_hash,VDF_Global_Commodity|STEEL|2026-04-03|39ea2aef5d269449,False,value_blank_or_non_numeric,dc7b6c8cab852766
53,VDF_Global_Commodity,STEEL,2026-04-04,,b4508a30ad89a0ae,C:\Users\tonyk\Downloads\VeritasIntelligenceAnalytics\dict\VDF\_active\VDF_AKSHARE_CANONICAL_KEY_REPAIR_GATE_v02781_20260610_221005\preview\VDF_AkShare_CanonicalRepairedPreview_v02781.csv,VDF_AkShare_CanonicalRepairedPreview_v02781.csv,symbol,date,value,vdf_original_row_hash,VDF_Global_Commodity|STEEL|2026-04-04|b4508a30ad89a0ae,False,value_blank_or_non_numeric,362b188132c19f1d
54,VDF_Global_Commodity,STEEL,2026-04-05,,535111e4c7f8caf3,C:\Users\tonyk\Downloads\VeritasIntelligenceAnalytics\dict\VDF\_active\VDF_AKSHARE_CANONICAL_KEY_REPAIR_GATE_v02781_20260610_221005\preview\VDF_AkShare_CanonicalRepairedPreview_v02781.csv,VDF_AkShare_CanonicalRepairedPreview_v02781.csv,symbol,date,value,vdf_original_row_hash,VDF_Global_Commodity|STEEL|2026-04-05|535111e4c7f8caf3,False,value_blank_or_non_numeric,9b5c985e7df980f6
55,VDF_Global_Commodity,STEEL,2026-04-06,,43b935b20ec867ab,C:\Users\tonyk\Downloads\VeritasIntelligenceAnalytics\dict\VDF\_active\VDF_AKSHARE_CANONICAL_KEY_REPAIR_GATE_v02781_20260610_221005\preview\VDF_AkShare_CanonicalRepairedPreview_v02781.csv,VDF_AkShare_CanonicalRepairedPreview_v02781.csv,symbol,date,value,vdf_original_row_hash,VDF_Global_Commodity|STEEL|2026-04-06|43b935b20ec867ab,False,value_blank_or_non_numeric,43e1eafe5d626d45
56,VDF_Global_Commodity,STEEL,2026-04-07,,9f5fc2cf52c86435,C:\Users\tonyk\Downloads\VeritasIntelligenceAnalytics\dict\VDF\_active\VDF_AKSHARE_CANONICAL_KEY_REPAIR_GATE_v02781_20260610_221005\preview\VDF_AkShare_CanonicalRepairedPreview_v02781.csv,VDF_AkShare_CanonicalRepairedPreview_v02781.csv,symbol,date,value,vdf_original_row_hash,VDF_Global_Commodity|STEEL|2026-04-07|9f5fc2cf52c86435,False,value_blank_or_non_numeric,bcddaf95fb6ed61c
57,VDF_Global_Commodity,STEEL,2026-04-08,,f632e2eaede1bb5f,C:\Users\tonyk\Downloads\VeritasIntelligenceAnalytics\dict\VDF\_active\VDF_AKSHARE_CANONICAL_KEY_REPAIR_GATE_v02781_20260610_221005\preview\VDF_AkShare_CanonicalRepairedPreview_v02781.csv,VDF_AkShare_CanonicalRepairedPreview_v02781.csv,symbol,date,value,vdf_original_row_hash,VDF_Global_Commodity|STEEL|2026-04-08|f632e2eaede1bb5f,False,value_blank_or_non_numeric,de5e21fb4d934c69
58,VDF_Global_Commodity,STEEL,2026-04-09,,51bc4ad097cb9d24,C:\Users\tonyk\Downloads\VeritasIntelligenceAnalytics\dict\VDF\_active\VDF_AKSHARE_CANONICAL_KEY_REPAIR_GATE_v02781_20260610_221005\preview\VDF_AkShare_CanonicalRepairedPreview_v02781.csv,VDF_AkShare_CanonicalRepairedPreview_v02781.csv,symbol,date,value,vdf_original_row_hash,VDF_Global_Commodity|STEEL|2026-04-09|51bc4ad097cb9d24,False,value_blank_or_non_numeric,a930d2b0a20b7fa4
59,VDF_Global_Commodity,STEEL,2026-04-10,,9d11d180293623af,C:\Users\tonyk\Downloads\VeritasIntelligenceAnalytics\dict\VDF\_active\VDF_AKSHARE_CANONICAL_KEY_REPAIR_GATE_v02781_20260610_221005\preview\VDF_AkShare_CanonicalRepairedPreview_v02781.csv,VDF_AkShare_CanonicalRepairedPreview_v02781.csv,symbol,date,value,vdf_original_row_hash,VDF_Global_Commodity|STEEL|2026-04-10|9d11d180293623af,False,value_blank_or_non_numeric,f24f5f928e690a7c
60,VDF_Global_Commodity,STEEL,2026-04-11,,a8380275186e8229,C:\Users\tonyk\Downloads\VeritasIntelligenceAnalytics\dict\VDF\_active\VDF_AKSHARE_CANONICAL_KEY_REPAIR_GATE_v02781_20260610_221005\preview\VDF_AkShare_CanonicalRepairedPreview_v02781.csv,VDF_AkShare_CanonicalRepairedPreview_v02781.csv,symbol,date,value,vdf_original_row_hash,VDF_Global_Commodity|STEEL|2026-04-11|a8380275186e8229,False,value_blank_or_non_numeric,25563fa44525b4b6
61,VDF_Global_Commodity,STEEL,2026-04-12,,41bd59213f7741b8,C:\Users\tonyk\Downloads\VeritasIntelligenceAnalytics\dict\VDF\_active\VDF_AKSHARE_CANONICAL_KEY_REPAIR_GATE_v02781_20260610_221005\preview\VDF_AkShare_CanonicalRepairedPreview_v02781.csv,VDF_AkShare_CanonicalRepairedPreview_v02781.csv,symbol,date,value,vdf_original_row_hash,VDF_Global_Commodity|STEEL|2026-04-12|41bd59213f7741b8,False,value_blank_or_non_numeric,d798f771753cd60c
62,VDF_Global_Commodity,STEEL,2026-04-13,,da76094cf64d3b45,C:\Users\tonyk\Downloads\VeritasIntelligenceAnalytics\dict\VDF\_active\VDF_AKSHARE_CANONICAL_KEY_REPAIR_GATE_v02781_20260610_221005\preview\VDF_AkShare_CanonicalRepairedPreview_v02781.csv,VDF_AkShare_CanonicalRepairedPreview_v02781.csv,symbol,date,value,vdf_original_row_hash,VDF_Global_Commodity|STEEL|2026-04-13|da76094cf64d3b45,False,value_blank_or_non_numeric,2c0a8b2f15b00ca6
63,VDF_Global_Commodity,STEEL,2026-04-14,,fcfa21e569e7c3a5,C:\Users\tonyk\Downloads\VeritasIntelligenceAnalytics\dict\VDF\_active\VDF_AKSHARE_CANONICAL_KEY_REPAIR_GATE_v02781_20260610_221005\preview\VDF_AkShare_CanonicalRepairedPreview_v02781.csv,VDF_AkShare_CanonicalRepairedPreview_v02781.csv,symbol,date,value,vdf_original_row_hash,VDF_Global_Commodity|STEEL|2026-04-14|fcfa21e569e7c3a5,False,value_blank_or_non_numeric,5d6723c29f93d6ff
64,VDF_Global_Commodity,STEEL,2026-04-15,,edfec6429754fa01,C:\Users\tonyk\Downloads\VeritasIntelligenceAnalytics\dict\VDF\_active\VDF_AKSHARE_CANONICAL_KEY_REPAIR_GATE_v02781_20260610_221005\preview\VDF_AkShare_CanonicalRepairedPreview_v02781.csv,VDF_AkShare_CanonicalRepairedPreview_v02781.csv,symbol,date,value,vdf_original_row_hash,VDF_Global_Commodity|STEEL|2026-04-15|edfec6429754fa01,False,value_blank_or_non_numeric,101d2df44b0c4e1b
65,VDF_Global_Commodity,STEEL,2026-04-16,,ac042e70ac8b8d69,C:\Users\tonyk\Downloads\VeritasIntelligenceAnalytics\dict\VDF\_active\VDF_AKSHARE_CANONICAL_KEY_REPAIR_GATE_v02781_20260610_221005\preview\VDF_AkShare_CanonicalRepairedPreview_v02781.csv,VDF_AkShare_CanonicalRepairedPreview_v02781.csv,symbol,date,value,vdf_original_row_hash,VDF_Global_Commodity|STEEL|2026-04-16|ac042e70ac8b8d69,False,value_blank_or_non_numeric,ffebbb4b5c1458ad
66,VDF_Global_Commodity,STEEL,2026-04-17,,0dbc5e25a9bc6d2c,C:\Users\tonyk\Downloads\VeritasIntelligenceAnalytics\dict\VDF\_active\VDF_AKSHARE_CANONICAL_KEY_REPAIR_GATE_v02781_20260610_221005\preview\VDF_AkShare_CanonicalRepairedPreview_v02781.csv,VDF_AkShare_CanonicalRepairedPreview_v02781.csv,symbol,date,value,vdf_original_row_hash,VDF_Global_Commodity|STEEL|2026-04-17|0dbc5e25a9bc6d2c,False,value_blank_or_non_numeric,5825969161c9cdd5
67,VDF_Global_Commodity,STEEL,2026-04-18,,27facf1c0a1e1d03,C:\Users\tonyk\Downloads\VeritasIntelligenceAnalytics\dict\VDF\_active\VDF_AKSHARE_CANONICAL_KEY_REPAIR_GATE_v02781_20260610_221005\preview\VDF_AkShare_CanonicalRepairedPreview_v02781.csv,VDF_AkShare_CanonicalRepairedPreview_v02781.csv,symbol,date,value,vdf_original_row_hash,VDF_Global_Commodity|STEEL|2026-04-18|27facf1c0a1e1d03,False,value_blank_or_non_numeric,c3b80afd2c51ae5b
68,VDF_Global_Commodity,STEEL,2026-04-19,,ea30de9dd6a37bf9,C:\Users\tonyk\Downloads\VeritasIntelligenceAnalytics\dict\VDF\_active\VDF_AKSHARE_CANONICAL_KEY_REPAIR_GATE_v02781_20260610_221005\preview\VDF_AkShare_CanonicalRepairedPreview_v02781.csv,VDF_AkShare_CanonicalRepairedPreview_v02781.csv,symbol,date,value,vdf_original_row_hash,VDF_Global_Commodity|STEEL|2026-04-19|ea30de9dd6a37bf9,False,value_blank_or_non_numeric,1cef92f29be2cf89
69,VDF_Global_Commodity,STEEL,2026-04-20,,27933be90d9ebe4a,C:\Users\tonyk\Downloads\VeritasIntelligenceAnalytics\dict\VDF\_active\VDF_AKSHARE_CANONICAL_KEY_REPAIR_GATE_v02781_20260610_221005\preview\VDF_AkShare_CanonicalRepairedPreview_v02781.csv,VDF_AkShare_CanonicalRepairedPreview_v02781.csv,symbol,date,value,vdf_original_row_hash,VDF_Global_Commodity|STEEL|2026-04-20|27933be90d9ebe4a,False,value_blank_or_non_numeric,1dc4717840eed621
70,VDF_Global_Commodity,STEEL,2026-04-21,,46d92f1ada391788,C:\Users\tonyk\Downloads\VeritasIntelligenceAnalytics\dict\VDF\_active\VDF_AKSHARE_CANONICAL_KEY_REPAIR_GATE_v02781_20260610_221005\preview\VDF_AkShare_CanonicalRepairedPreview_v02781.csv,VDF_AkShare_CanonicalRepairedPreview_v02781.csv,symbol,date,value,vdf_original_row_hash,VDF_Global_Commodity|STEEL|2026-04-21|46d92f1ada391788,False,value_blank_or_non_numeric,cff0a3b81150f8bb
71,VDF_Global_Commodity,STEEL,2026-04-22,,f91a63abba8cc482,C:\Users\tonyk\Downloads\VeritasIntelligenceAnalytics\dict\VDF\_active\VDF_AKSHARE_CANONICAL_KEY_REPAIR_GATE_v02781_20260610_221005\preview\VDF_AkShare_CanonicalRepairedPreview_v02781.csv,VDF_AkShare_CanonicalRepairedPreview_v02781.csv,symbol,date,value,vdf_original_row_hash,VDF_Global_Commodity|STEEL|2026-04-22|f91a63abba8cc482,False,value_blank_or_non_numeric,fa83f936a4802b6d
72,VDF_Global_Commodity,STEEL,2026-04-23,,d16c5ff1bd674378,C:\Users\tonyk\Downloads\VeritasIntelligenceAnalytics\dict\VDF\_active\VDF_AKSHARE_CANONICAL_KEY_REPAIR_GATE_v02781_20260610_221005\preview\VDF_AkShare_CanonicalRepairedPreview_v02781.csv,VDF_AkShare_CanonicalRepairedPreview_v02781.csv,symbol,date,value,vdf_original_row_hash,VDF_Global_Commodity|STEEL|2026-04-23|d16c5ff1bd674378,False,value_blank_or_non_numeric,77040ef199d0e623
73,VDF_Global_Commodity,STEEL,2026-04-24,,26bc57ad9cbd1f3c,C:\Users\tonyk\Downloads\VeritasIntelligenceAnalytics\dict\VDF\_active\VDF_AKSHARE_CANONICAL_KEY_REPAIR_GATE_v02781_20260610_221005\preview\VDF_AkShare_CanonicalRepairedPreview_v02781.csv,VDF_AkShare_CanonicalRepairedPreview_v02781.csv,symbol,date,value,vdf_original_row_hash,VDF_Global_Commodity|STEEL|2026-04-24|26bc57ad9cbd1f3c,False,value_blank_or_non_numeric,611353c28500f7ba
74,VDF_Global_Commodity,STEEL,2026-04-25,,de568d4a5dac8ce2,C:\Users\tonyk\Downloads\VeritasIntelligenceAnalytics\dict\VDF\_active\VDF_AKSHARE_CANONICAL_KEY_REPAIR_GATE_v02781_20260610_221005\preview\VDF_AkShare_CanonicalRepairedPreview_v02781.csv,VDF_AkShare_CanonicalRepairedPreview_v02781.csv,symbol,date,value,vdf_original_row_hash,VDF_Global_Commodity|STEEL|2026-04-25|de568d4a5dac8ce2,False,value_blank_or_non_numeric,fd4ac730b86a0734
75,VDF_Global_Commodity,STEEL,2026-04-26,,f5988f66b272629e,C:\Users\tonyk\Downloads\VeritasIntelligenceAnalytics\dict\VDF\_active\VDF_AKSHARE_CANONICAL_KEY_REPAIR_GATE_v02781_20260610_221005\preview\VDF_AkShare_CanonicalRepairedPreview_v02781.csv,VDF_AkShare_CanonicalRepairedPreview_v02781.csv,symbol,date,value,vdf_original_row_hash,VDF_Global_Commodity|STEEL|2026-04-26|f5988f66b272629e,False,value_blank_or_non_numeric,5d23e70627034d87
76,VDF_Global_Commodity,STEEL,2026-04-27,,91475892ffe9d810,C:\Users\tonyk\Downloads\VeritasIntelligenceAnalytics\dict\VDF\_active\VDF_AKSHARE_CANONICAL_KEY_REPAIR_GATE_v02781_20260610_221005\preview\VDF_AkShare_CanonicalRepairedPreview_v02781.csv,VDF_AkShare_CanonicalRepairedPreview_v02781.csv,symbol,date,value,vdf_original_row_hash,VDF_Global_Commodity|STEEL|2026-04-27|91475892ffe9d810,False,value_blank_or_non_numeric,05ae396c9603010b
77,VDF_Global_Commodity,STEEL,2026-04-28,,891e352b8da62a27,C:\Users\tonyk\Downloads\VeritasIntelligenceAnalytics\dict\VDF\_active\VDF_AKSHARE_CANONICAL_KEY_REPAIR_GATE_v02781_20260610_221005\preview\VDF_AkShare_CanonicalRepairedPreview_v02781.csv,VDF_AkShare_CanonicalRepairedPreview_v02781.csv,symbol,date,value,vdf_original_row_hash,VDF_Global_Commodity|STEEL|2026-04-28|891e352b8da62a27,False,value_blank_or_non_numeric,d8cfc277f0194314
78,VDF_Global_Commodity,STEEL,2026-04-29,,30304b5d6940e0a4,C:\Users\tonyk\Downloads\VeritasIntelligenceAnalytics\dict\VDF\_active\VDF_AKSHARE_CANONICAL_KEY_REPAIR_GATE_v02781_20260610_221005\preview\VDF_AkShare_CanonicalRepairedPreview_v02781.csv,VDF_AkShare_CanonicalRepairedPreview_v02781.csv,symbol,date,value,vdf_original_row_hash,VDF_Global_Commodity|STEEL|2026-04-29|30304b5d6940e0a4,False,value_blank_or_non_numeric,d0b10e6104ab8a65
79,VDF_Global_Commodity,STEEL,2026-04-30,,51ed4ea967d80607,C:\Users\tonyk\Downloads\VeritasIntelligenceAnalytics\dict\VDF\_active\VDF_AKSHARE_CANONICAL_KEY_REPAIR_GATE_v02781_20260610_221005\preview\VDF_AkShare_CanonicalRepairedPreview_v02781.csv,VDF_AkShare_CanonicalRepairedPreview_v02781.csv,symbol,date,value,vdf_original_row_hash,VDF_Global_Commodity|STEEL|2026-04-30|51ed4ea967d80607,False,value_blank_or_non_numeric,cc5b37f4e153f26f
80,VDF_Global_Commodity,STEEL,2026-05-01,,5788f3c7b6f2f13c,C:\Users\tonyk\Downloads\VeritasIntelligenceAnalytics\dict\VDF\_active\VDF_AKSHARE_CANONICAL_KEY_REPAIR_GATE_v02781_20260610_221005\preview\VDF_AkShare_CanonicalRepairedPreview_v02781.csv,VDF_AkShare_CanonicalRepairedPreview_v02781.csv,symbol,date,value,vdf_original_row_hash,VDF_Global_Commodity|STEEL|2026-05-01|5788f3c7b6f2f13c,False,value_blank_or_non_numeric,737fb3c2a808d273
81,VDF_Global_Commodity,STEEL,2026-05-02,,d9615ec1503895fc,C:\Users\tonyk\Downloads\VeritasIntelligenceAnalytics\dict\VDF\_active\VDF_AKSHARE_CANONICAL_KEY_REPAIR_GATE_v02781_20260610_221005\preview\VDF_AkShare_CanonicalRepairedPreview_v02781.csv,VDF_AkShare_CanonicalRepairedPreview_v02781.csv,symbol,date,value,vdf_original_row_hash,VDF_Global_Commodity|STEEL|2026-05-02|d9615ec1503895fc,False,value_blank_or_non_numeric,cacd9a2e3437ac04
82,VDF_Global_Commodity,STEEL,2026-05-03,,5fea67218864f25a,C:\Users\tonyk\Downloads\VeritasIntelligenceAnalytics\dict\VDF\_active\VDF_AKSHARE_CANONICAL_KEY_REPAIR_GATE_v02781_20260610_221005\preview\VDF_AkShare_CanonicalRepairedPreview_v02781.csv,VDF_AkShare_CanonicalRepairedPreview_v02781.csv,symbol,date,value,vdf_original_row_hash,VDF_Global_Commodity|STEEL|2026-05-03|5fea67218864f25a,False,value_blank_or_non_numeric,ff3fee8bb231567d
83,VDF_Global_Commodity,STEEL,2026-05-04,,94c5e739c0423990,C:\Users\tonyk\Downloads\VeritasIntelligenceAnalytics\dict\VDF\_active\VDF_AKSHARE_CANONICAL_KEY_REPAIR_GATE_v02781_20260610_221005\preview\VDF_AkShare_CanonicalRepairedPreview_v02781.csv,VDF_AkShare_CanonicalRepairedPreview_v02781.csv,symbol,date,value,vdf_original_row_hash,VDF_Global_Commodity|STEEL|2026-05-04|94c5e739c0423990,False,value_blank_or_non_numeric,bc4ea57e36988025
84,VDF_Global_Commodity,STEEL,2026-05-05,,3a7550f068ef5492,C:\Users\tonyk\Downloads\VeritasIntelligenceAnalytics\dict\VDF\_active\VDF_AKSHARE_CANONICAL_KEY_REPAIR_GATE_v02781_20260610_221005\preview\VDF_AkShare_CanonicalRepairedPreview_v02781.csv,VDF_AkShare_CanonicalRepairedPreview_v02781.csv,symbol,date,value,vdf_original_row_hash,VDF_Global_Commodity|STEEL|2026-05-05|3a7550f068ef5492,False,value_blank_or_non_numeric,3f787c7f58d65c78
85,VDF_Global_Commodity,STEEL,2026-05-06,,46671818c77893a3,C:\Users\tonyk\Downloads\VeritasIntelligenceAnalytics\dict\VDF\_active\VDF_AKSHARE_CANONICAL_KEY_REPAIR_GATE_v02781_20260610_221005\preview\VDF_AkShare_CanonicalRepairedPreview_v02781.csv,VDF_AkShare_CanonicalRepairedPreview_v02781.csv,symbol,date,value,vdf_original_row_hash,VDF_Global_Commodity|STEEL|2026-05-06|46671818c77893a3,False,value_blank_or_non_numeric,fd9a9901a42ce4e8
86,VDF_Global_Commodity,STEEL,2026-05-07,,84d7630c6f8767a6,C:\Users\tonyk\Downloads\VeritasIntelligenceAnalytics\dict\VDF\_active\VDF_AKSHARE_CANONICAL_KEY_REPAIR_GATE_v02781_20260610_221005\preview\VDF_AkShare_CanonicalRepairedPreview_v02781.csv,VDF_AkShare_CanonicalRepairedPreview_v02781.csv,symbol,date,value,vdf_original_row_hash,VDF_Global_Commodity|STEEL|2026-05-07|84d7630c6f8767a6,False,value_blank_or_non_numeric,4e73116d78a6489d
87,VDF_Global_Commodity,STEEL,2026-05-08,,647c9578f60e4982,C:\Users\tonyk\Downloads\VeritasIntelligenceAnalytics\dict\VDF\_active\VDF_AKSHARE_CANONICAL_KEY_REPAIR_GATE_v02781_20260610_221005\preview\VDF_AkShare_CanonicalRepairedPreview_v02781.csv,VDF_AkShare_CanonicalRepairedPreview_v02781.csv,symbol,date,value,vdf_original_row_hash,VDF_Global_Commodity|STEEL|2026-05-08|647c9578f60e4982,False,value_blank_or_non_numeric,e13e32fef7e882ed
88,VDF_Global_Commodity,STEEL,2026-05-09,,4d725fc1c1b4b54e,C:\Users\tonyk\Downloads\VeritasIntelligenceAnalytics\dict\VDF\_active\VDF_AKSHARE_CANONICAL_KEY_REPAIR_GATE_v02781_20260610_221005\preview\VDF_AkShare_CanonicalRepairedPreview_v02781.csv,VDF_AkShare_CanonicalRepairedPreview_v02781.csv,symbol,date,value,vdf_original_row_hash,VDF_Global_Commodity|STEEL|2026-05-09|4d725fc1c1b4b54e,False,value_blank_or_non_numeric,0feac27d803648e5
89,VDF_Global_Commodity,STEEL,2026-05-10,,d9111cc55c60a669,C:\Users\tonyk\Downloads\VeritasIntelligenceAnalytics\dict\VDF\_active\VDF_AKSHARE_CANONICAL_KEY_REPAIR_GATE_v02781_20260610_221005\preview\VDF_AkShare_CanonicalRepairedPreview_v02781.csv,VDF_AkShare_CanonicalRepairedPreview_v02781.csv,symbol,date,value,vdf_original_row_hash,VDF_Global_Commodity|STEEL|2026-05-10|d9111cc55c60a669,False,value_blank_or_non_numeric,d8545eedd0898a35
90,VDF_Global_Commodity,STEEL,2026-05-11,,3fa543a12d9a8639,C:\Users\tonyk\Downloads\VeritasIntelligenceAnalytics\dict\VDF\_active\VDF_AKSHARE_CANONICAL_KEY_REPAIR_GATE_v02781_20260610_221005\preview\VDF_AkShare_CanonicalRepairedPreview_v02781.csv,VDF_AkShare_CanonicalRepairedPreview_v02781.csv,symbol,date,value,vdf_original_row_hash,VDF_Global_Commodity|STEEL|2026-05-11|3fa543a12d9a8639,False,value_blank_or_non_numeric,b7ad07f211594124
91,VDF_Global_Commodity,STEEL,2026-05-12,,30bed848daa09b96,C:\Users\tonyk\Downloads\VeritasIntelligenceAnalytics\dict\VDF\_active\VDF_AKSHARE_CANONICAL_KEY_REPAIR_GATE_v02781_20260610_221005\preview\VDF_AkShare_CanonicalRepairedPreview_v02781.csv,VDF_AkShare_CanonicalRepairedPreview_v02781.csv,symbol,date,value,vdf_original_row_hash,VDF_Global_Commodity|STEEL|2026-05-12|30bed848daa09b96,False,value_blank_or_non_numeric,ee2428dc47eac9f6
92,VDF_Global_Commodity,STEEL,2026-05-13,,a9ff9b19c708de0a,C:\Users\tonyk\Downloads\VeritasIntelligenceAnalytics\dict\VDF\_active\VDF_AKSHARE_CANONICAL_KEY_REPAIR_GATE_v02781_20260610_221005\preview\VDF_AkShare_CanonicalRepairedPreview_v02781.csv,VDF_AkShare_CanonicalRepairedPreview_v02781.csv,symbol,date,value,vdf_original_row_hash,VDF_Global_Commodity|STEEL|2026-05-13|a9ff9b19c708de0a,False,value_blank_or_non_numeric,17d5d27367585557
93,VDF_Global_Commodity,STEEL,2026-05-14,,b16a301dee35ed47,C:\Users\tonyk\Downloads\VeritasIntelligenceAnalytics\dict\VDF\_active\VDF_AKSHARE_CANONICAL_KEY_REPAIR_GATE_v02781_20260610_221005\preview\VDF_AkShare_CanonicalRepairedPreview_v02781.csv,VDF_AkShare_CanonicalRepairedPreview_v02781.csv,symbol,date,value,vdf_original_row_hash,VDF_Global_Commodity|STEEL|2026-05-14|b16a301dee35ed47,False,value_blank_or_non_numeric,4dd157d61e86c27b
94,VDF_Global_Commodity,STEEL,2026-05-15,,a585105d016aa2de,C:\Users\tonyk\Downloads\VeritasIntelligenceAnalytics\dict\VDF\_active\VDF_AKSHARE_CANONICAL_KEY_REPAIR_GATE_v02781_20260610_221005\preview\VDF_AkShare_CanonicalRepairedPreview_v02781.csv,VDF_AkShare_CanonicalRepairedPreview_v02781.csv,symbol,date,value,vdf_original_row_hash,VDF_Global_Commodity|STEEL|2026-05-15|a585105d016aa2de,False,value_blank_or_non_numeric,295011dd3c854936
95,VDF_Global_Commodity,STEEL,2026-05-16,,104addbe1f270dec,C:\Users\tonyk\Downloads\VeritasIntelligenceAnalytics\dict\VDF\_active\VDF_AKSHARE_CANONICAL_KEY_REPAIR_GATE_v02781_20260610_221005\preview\VDF_AkShare_CanonicalRepairedPreview_v02781.csv,VDF_AkShare_CanonicalRepairedPreview_v02781.csv,symbol,date,value,vdf_original_row_hash,VDF_Global_Commodity|STEEL|2026-05-16|104addbe1f270dec,False,value_blank_or_non_numeric,90b850728097864a
96,VDF_Global_Commodity,STEEL,2026-05-17,,d4e02c8ad0b90374,C:\Users\tonyk\Downloads\VeritasIntelligenceAnalytics\dict\VDF\_active\VDF_AKSHARE_CANONICAL_KEY_REPAIR_GATE_v02781_20260610_221005\preview\VDF_AkShare_CanonicalRepairedPreview_v02781.csv,VDF_AkShare_CanonicalRepairedPreview_v02781.csv,symbol,date,value,vdf_original_row_hash,VDF_Global_Commodity|STEEL|2026-05-17|d4e02c8ad0b90374,False,value_blank_or_non_numeric,da114048f9ba6d98
97,VDF_Global_Commodity,STEEL,2026-05-18,,fefcd372d469ffda,C:\Users\tonyk\Downloads\VeritasIntelligenceAnalytics\dict\VDF\_active\VDF_AKSHARE_CANONICAL_KEY_REPAIR_GATE_v02781_20260610_221005\preview\VDF_AkShare_CanonicalRepairedPreview_v02781.csv,VDF_AkShare_CanonicalRepairedPreview_v02781.csv,symbol,date,value,vdf_original_row_hash,VDF_Global_Commodity|STEEL|2026-05-18|fefcd372d469ffda,False,value_blank_or_non_numeric,3163c94e3087ae34
98,VDF_Global_Commodity,STEEL,2026-05-19,,a150ab7061c116e0,C:\Users\tonyk\Downloads\VeritasIntelligenceAnalytics\dict\VDF\_active\VDF_AKSHARE_CANONICAL_KEY_REPAIR_GATE_v02781_20260610_221005\preview\VDF_AkShare_CanonicalRepairedPreview_v02781.csv,VDF_AkShare_CanonicalRepairedPreview_v02781.csv,symbol,date,value,vdf_original_row_hash,VDF_Global_Commodity|STEEL|2026-05-19|a150ab7061c116e0,False,value_blank_or_non_numeric,5f8fa361a0a82ce8
99,VDF_Global_Commodity,STEEL,2026-05-20,,716b95c92338a230,C:\Users\tonyk\Downloads\VeritasIntelligenceAnalytics\dict\VDF\_active\VDF_AKSHARE_CANONICAL_KEY_REPAIR_GATE_v02781_20260610_221005\preview\VDF_AkShare_CanonicalRepairedPreview_v02781.csv,VDF_AkShare_CanonicalRepairedPreview_v02781.csv,symbol,date,value,vdf_original_row_hash,VDF_Global_Commodity|STEEL|2026-05-20|716b95c92338a230,False,value_blank_or_non_numeric,9b4310afae70d0da
100,VDF_Global_Commodity,STEEL,2026-05-21,,726656cb1305f67e,C:\Users\tonyk\Downloads\VeritasIntelligenceAnalytics\dict\VDF\_active\VDF_AKSHARE_CANONICAL_KEY_REPAIR_GATE_v02781_20260610_221005\preview\VDF_AkShare_CanonicalRepairedPreview_v02781.csv,VDF_AkShare_CanonicalRepairedPreview_v02781.csv,symbol,date,value,vdf_original_row_hash,VDF_Global_Commodity|STEEL|2026-05-21|726656cb1305f67e,False,value_blank_or_non_numeric,a20295dd81ee1c65
101,VDF_Global_Commodity,STEEL,2026-05-22,,516070d60627a41e,C:\Users\tonyk\Downloads\VeritasIntelligenceAnalytics\dict\VDF\_active\VDF_AKSHARE_CANONICAL_KEY_REPAIR_GATE_v02781_20260610_221005\preview\VDF_AkShare_CanonicalRepairedPreview_v02781.csv,VDF_AkShare_CanonicalRepairedPreview_v02781.csv,symbol,date,value,vdf_original_row_hash,VDF_Global_Commodity|STEEL|2026-05-22|516070d60627a41e,False,value_blank_or_non_numeric,c65b2acd1f9556da
102,VDF_Global_Commodity,STEEL,2026-05-23,,170ea7960b94ee13,C:\Users\tonyk\Downloads\VeritasIntelligenceAnalytics\dict\VDF\_active\VDF_AKSHARE_CANONICAL_KEY_REPAIR_GATE_v02781_20260610_221005\preview\VDF_AkShare_CanonicalRepairedPreview_v02781.csv,VDF_AkShare_CanonicalRepairedPreview_v02781.csv,symbol,date,value,vdf_original_row_hash,VDF_Global_Commodity|STEEL|2026-05-23|170ea7960b94ee13,False,value_blank_or_non_numeric,13b6d9390a2c1c06
103,VDF_Global_Commodity,STEEL,2026-05-24,,90512da68dddf876,C:\Users\tonyk\Downloads\VeritasIntelligenceAnalytics\dict\VDF\_active\VDF_AKSHARE_CANONICAL_KEY_REPAIR_GATE_v02781_20260610_221005\preview\VDF_AkShare_CanonicalRepairedPreview_v02781.csv,VDF_AkShare_CanonicalRepairedPreview_v02781.csv,symbol,date,value,vdf_original_row_hash,VDF_Global_Commodity|STEEL|2026-05-24|90512da68dddf876,False,value_blank_or_non_numeric,5ecf571fd50c5eca
104,VDF_Global_Commodity,STEEL,2026-05-25,,a8b621f447f59f53,C:\Users\tonyk\Downloads\VeritasIntelligenceAnalytics\dict\VDF\_active\VDF_AKSHARE_CANONICAL_KEY_REPAIR_GATE_v02781_20260610_221005\preview\VDF_AkShare_CanonicalRepairedPreview_v02781.csv,VDF_AkShare_CanonicalRepairedPreview_v02781.csv,symbol,date,value,vdf_original_row_hash,VDF_Global_Commodity|STEEL|2026-05-25|a8b621f447f59f53,False,value_blank_or_non_numeric,632bd9cd4a179fe8
105,VDF_Global_Commodity,STEEL,2026-05-26,,9b6451e7a5a53779,C:\Users\tonyk\Downloads\VeritasIntelligenceAnalytics\dict\VDF\_active\VDF_AKSHARE_CANONICAL_KEY_REPAIR_GATE_v02781_20260610_221005\preview\VDF_AkShare_CanonicalRepairedPreview_v02781.csv,VDF_AkShare_CanonicalRepairedPreview_v02781.csv,symbol,date,value,vdf_original_row_hash,VDF_Global_Commodity|STEEL|2026-05-26|9b6451e7a5a53779,False,value_blank_or_non_numeric,9ea261a024bbefd8
106,VDF_Global_Commodity,STEEL,2026-05-27,,bd41869305419303,C:\Users\tonyk\Downloads\VeritasIntelligenceAnalytics\dict\VDF\_active\VDF_AKSHARE_CANONICAL_KEY_REPAIR_GATE_v02781_20260610_221005\preview\VDF_AkShare_CanonicalRepairedPreview_v02781.csv,VDF_AkShare_CanonicalRepairedPreview_v02781.csv,symbol,date,value,vdf_original_row_hash,VDF_Global_Commodity|STEEL|2026-05-27|bd41869305419303,False,value_blank_or_non_numeric,d0669d1eb9b7749f
107,VDF_Global_Commodity,STEEL,2026-05-28,,3e56ab0ce2afa61d,C:\Users\tonyk\Downloads\VeritasIntelligenceAnalytics\dict\VDF\_active\VDF_AKSHARE_CANONICAL_KEY_REPAIR_GATE_v02781_20260610_221005\preview\VDF_AkShare_CanonicalRepairedPreview_v02781.csv,VDF_AkShare_CanonicalRepairedPreview_v02781.csv,symbol,date,value,vdf_original_row_hash,VDF_Global_Commodity|STEEL|2026-05-28|3e56ab0ce2afa61d,False,value_blank_or_non_numeric,562c678c64b2f8c0
108,VDF_Global_Commodity,STEEL,2026-05-29,,40e8296c0ed61094,C:\Users\tonyk\Downloads\VeritasIntelligenceAnalytics\dict\VDF\_active\VDF_AKSHARE_CANONICAL_KEY_REPAIR_GATE_v02781_20260610_221005\preview\VDF_AkShare_CanonicalRepairedPreview_v02781.csv,VDF_AkShare_CanonicalRepairedPreview_v02781.csv,symbol,date,value,vdf_original_row_hash,VDF_Global_Commodity|STEEL|2026-05-29|40e8296c0ed61094,False,value_blank_or_non_numeric,2082ec7d463fcd54
109,VDF_Global_Commodity,STEEL,2026-05-30,,e53d73801e8f4112,C:\Users\tonyk\Downloads\VeritasIntelligenceAnalytics\dict\VDF\_active\VDF_AKSHARE_CANONICAL_KEY_REPAIR_GATE_v02781_20260610_221005\preview\VDF_AkShare_CanonicalRepairedPreview_v02781.csv,VDF_AkShare_CanonicalRepairedPreview_v02781.csv,symbol,date,value,vdf_original_row_hash,VDF_Global_Commodity|STEEL|2026-05-30|e53d73801e8f4112,False,value_blank_or_non_numeric,830e7beffa132886
110,VDF_Global_Commodity,STEEL,2026-05-31,,fef82514d2108ea1,C:\Users\tonyk\Downloads\VeritasIntelligenceAnalytics\dict\VDF\_active\VDF_AKSHARE_CANONICAL_KEY_REPAIR_GATE_v02781_20260610_221005\preview\VDF_AkShare_CanonicalRepairedPreview_v02781.csv,VDF_AkShare_CanonicalRepairedPreview_v02781.csv,symbol,date,value,vdf_original_row_hash,VDF_Global_Commodity|STEEL|2026-05-31|fef82514d2108ea1,False,value_blank_or_non_numeric,e8697343dfc72e47
111,VDF_Global_Commodity,STEEL,2026-06-01,,518388a4bd633bdf,C:\Users\tonyk\Downloads\VeritasIntelligenceAnalytics\dict\VDF\_active\VDF_AKSHARE_CANONICAL_KEY_REPAIR_GATE_v02781_20260610_221005\preview\VDF_AkShare_CanonicalRepairedPreview_v02781.csv,VDF_AkShare_CanonicalRepairedPreview_v02781.csv,symbol,date,value,vdf_original_row_hash,VDF_Global_Commodity|STEEL|2026-06-01|518388a4bd633bdf,False,value_blank_or_non_numeric,e9a854bcb3b87feb
112,VDF_Global_Commodity,STEEL,2026-06-02,,56d9bd37d5c6d037,C:\Users\tonyk\Downloads\VeritasIntelligenceAnalytics\dict\VDF\_active\VDF_AKSHARE_CANONICAL_KEY_REPAIR_GATE_v02781_20260610_221005\preview\VDF_AkShare_CanonicalRepairedPreview_v02781.csv,VDF_AkShare_CanonicalRepairedPreview_v02781.csv,symbol,date,value,vdf_original_row_hash,VDF_Global_Commodity|STEEL|2026-06-02|56d9bd37d5c6d037,False,value_blank_or_non_numeric,085451412c468b5e
113,VDF_Global_Commodity,STEEL,2026-06-03,,348f2d77d1f984b6,C:\Users\tonyk\Downloads\VeritasIntelligenceAnalytics\dict\VDF\_active\VDF_AKSHARE_CANONICAL_KEY_REPAIR_GATE_v02781_20260610_221005\preview\VDF_AkShare_CanonicalRepairedPreview_v02781.csv,VDF_AkShare_CanonicalRepairedPreview_v02781.csv,symbol,date,value,vdf_original_row_hash,VDF_Global_Commodity|STEEL|2026-06-03|348f2d77d1f984b6,False,value_blank_or_non_numeric,65749b8c930b6183
114,VDF_Global_Commodity,STEEL,2026-06-04,,effbe9b4a4e02568,C:\Users\tonyk\Downloads\VeritasIntelligenceAnalytics\dict\VDF\_active\VDF_AKSHARE_CANONICAL_KEY_REPAIR_GATE_v02781_20260610_221005\preview\VDF_AkShare_CanonicalRepairedPreview_v02781.csv,VDF_AkShare_CanonicalRepairedPreview_v02781.csv,symbol,date,value,vdf_original_row_hash,VDF_Global_Commodity|STEEL|2026-06-04|effbe9b4a4e02568,False,value_blank_or_non_numeric,ddc2d765ff42e849
115,VDF_Global_Commodity,STEEL,2026-06-05,,e5968e77e8c85060,C:\Users\tonyk\Downloads\VeritasIntelligenceAnalytics\dict\VDF\_active\VDF_AKSHARE_CANONICAL_KEY_REPAIR_GATE_v02781_20260610_221005\preview\VDF_AkShare_CanonicalRepairedPreview_v02781.csv,VDF_AkShare_CanonicalRepairedPreview_v02781.csv,symbol,date,value,vdf_original_row_hash,VDF_Global_Commodity|STEEL|2026-06-05|e5968e77e8c85060,False,value_blank_or_non_numeric,9cf9d2913b256c3e
116,VDF_Global_Commodity,STEEL,2026-06-06,,751374545aa7d59f,C:\Users\tonyk\Downloads\VeritasIntelligenceAnalytics\dict\VDF\_active\VDF_AKSHARE_CANONICAL_KEY_REPAIR_GATE_v02781_20260610_221005\preview\VDF_AkShare_CanonicalRepairedPreview_v02781.csv,VDF_AkShare_CanonicalRepairedPreview_v02781.csv,symbol,date,value,vdf_original_row_hash,VDF_Global_Commodity|STEEL|2026-06-06|751374545aa7d59f,False,value_blank_or_non_numeric,bc43fda7dd62dfd9
117,VDF_Global_Commodity,STEEL,2026-06-07,,2e28489319df7bab,C:\Users\tonyk\Downloads\VeritasIntelligenceAnalytics\dict\VDF\_active\VDF_AKSHARE_CANONICAL_KEY_REPAIR_GATE_v02781_20260610_221005\preview\VDF_AkShare_CanonicalRepairedPreview_v02781.csv,VDF_AkShare_CanonicalRepairedPreview_v02781.csv,symbol,date,value,vdf_original_row_hash,VDF_Global_Commodity|STEEL|2026-06-07|2e28489319df7bab,False,value_blank_or_non_numeric,97363d1a3b117f15
118,VDF_Global_Commodity,STEEL,2026-06-08,,587050c546c2fc6f,C:\Users\tonyk\Downloads\VeritasIntelligenceAnalytics\dict\VDF\_active\VDF_AKSHARE_CANONICAL_KEY_REPAIR_GATE_v02781_20260610_221005\preview\VDF_AkShare_CanonicalRepairedPreview_v02781.csv,VDF_AkShare_CanonicalRepairedPreview_v02781.csv,symbol,date,value,vdf_original_row_hash,VDF_Global_Commodity|STEEL|2026-06-08|587050c546c2fc6f,False,value_blank_or_non_numeric,88630a1055b40931
119,VDF_Global_Commodity,STEEL,2026-06-09,,dbe71981a6e3cd04,C:\Users\tonyk\Downloads\VeritasIntelligenceAnalytics\dict\VDF\_active\VDF_AKSHARE_CANONICAL_KEY_REPAIR_GATE_v02781_20260610_221005\preview\VDF_AkShare_CanonicalRepairedPreview_v02781.csv,VDF_AkShare_CanonicalRepairedPreview_v02781.csv,symbol,date,value,vdf_original_row_hash,VDF_Global_Commodity|STEEL|2026-06-09|dbe71981a6e3cd04,False,value_blank_or_non_numeric,590156c41fe83acb
120,VDF_Global_Commodity,STEEL,2026-06-10,,284322b2697ecb17,C:\Users\tonyk\Downloads\VeritasIntelligenceAnalytics\dict\VDF\_active\VDF_AKSHARE_CANONICAL_KEY_REPAIR_GATE_v02781_20260610_221005\preview\VDF_AkShare_CanonicalRepairedPreview_v02781.csv,VDF_AkShare_CanonicalRepairedPreview_v02781.csv,symbol,date,value,vdf_original_row_hash,VDF_Global_Commodity|STEEL|2026-06-10|284322b2697ecb17,False,value_blank_or_non_numeric,fdc88511fa460dbf
121,VDF_Global_Commodity,COMMODITY_FUTURES,2026-06-10,,8ed97111ad0a8683,C:\Users\tonyk\Downloads\VeritasIntelligenceAnalytics\dict\VDF\_active\VDF_AKSHARE_CANONICAL_KEY_REPAIR_GATE_v02781_20260610_221005\preview\VDF_AkShare_CanonicalRepairedPreview_v02781.csv,VDF_AkShare_CanonicalRepairedPreview_v02781.csv,symbol,date,value,vdf_original_row_hash,VDF_Global_Commodity|COMMODITY_FUTURES|2026-06-10|8ed97111ad0a8683,False,value_blank_or_non_numeric,5db60c8b3d913ad2
122,VDF_Global_Commodity,COMMODITY_FUTURES,2026-06-10,,b6c324f1982f4025,C:\Users\tonyk\Downloads\VeritasIntelligenceAnalytics\dict\VDF\_active\VDF_AKSHARE_CANONICAL_KEY_REPAIR_GATE_v02781_20260610_221005\preview\VDF_AkShare_CanonicalRepairedPreview_v02781.csv,VDF_AkShare_CanonicalRepairedPreview_v02781.csv,symbol,date,value,vdf_original_row_hash,VDF_Global_Commodity|COMMODITY_FUTURES|2026-06-10|b6c324f1982f4025,False,value_blank_or_non_numeric,37538386e961b88c
123,VDF_Global_Commodity,COMMODITY_FUTURES,2026-06-10,3.0,57eb5cd28b5ac54e,C:\Users\tonyk\Downloads\VeritasIntelligenceAnalytics\dict\VDF\_active\VDF_AKSHARE_CANONICAL_KEY_REPAIR_GATE_v02781_20260610_221005\preview\VDF_AkShare_CanonicalRepairedPreview_v02781.csv,VDF_AkShare_CanonicalRepairedPreview_v02781.csv,symbol,date,value,vdf_original_row_hash,VDF_Global_Commodity|COMMODITY_FUTURES|2026-06-10|57eb5cd28b5ac54e,True,,98ee6e235c20a3a8
124,VDF_Global_Commodity,COMMODITY_FUTURES,2026-06-10,,a6f7896282f27654,C:\Users\tonyk\Downloads\VeritasIntelligenceAnalytics\dict\VDF\_active\VDF_AKSHARE_CANONICAL_KEY_REPAIR_GATE_v02781_20260610_221005\preview\VDF_AkShare_CanonicalRepairedPreview_v02781.csv,VDF_AkShare_CanonicalRepairedPreview_v02781.csv,symbol,date,value,vdf_original_row_hash,VDF_Global_Commodity|COMMODITY_FUTURES|2026-06-10|a6f7896282f27654,False,value_blank_or_non_numeric,7f6a5b62fdb6976b
125,VDF_Global_Commodity,COMMODITY_FUTURES,2026-06-10,,8881531c4db276fc,C:\Users\tonyk\Downloads\VeritasIntelligenceAnalytics\dict\VDF\_active\VDF_AKSHARE_CANONICAL_KEY_REPAIR_GATE_v02781_20260610_221005\preview\VDF_AkShare_CanonicalRepairedPreview_v02781.csv,VDF_AkShare_CanonicalRepairedPreview_v02781.csv,symbol,date,value,vdf_original_row_hash,VDF_Global_Commodity|COMMODITY_FUTURES|2026-06-10|8881531c4db276fc,False,value_blank_or_non_numeric,c424de1fa41eee96
126,VDF_Global_Commodity,COMMODITY_FUTURES,2026-06-10,,87b1ad27576725bf,C:\Users\tonyk\Downloads\VeritasIntelligenceAnalytics\dict\VDF\_active\VDF_AKSHARE_CANONICAL_KEY_REPAIR_GATE_v02781_20260610_221005\preview\VDF_AkShare_CanonicalRepairedPreview_v02781.csv,VDF_AkShare_CanonicalRepairedPreview_v02781.csv,symbol,date,value,vdf_original_row_hash,VDF_Global_Commodity|COMMODITY_FUTURES|2026-06-10|87b1ad27576725bf,False,value_blank_or_non_numeric,e3805301126a4110
127,VDF_Global_Commodity,COMMODITY_FUTURES,2026-06-10,,b0e761cec4a31790,C:\Users\tonyk\Downloads\VeritasIntelligenceAnalytics\dict\VDF\_active\VDF_AKSHARE_CANONICAL_KEY_REPAIR_GATE_v02781_20260610_221005\preview\VDF_AkShare_CanonicalRepairedPreview_v02781.csv,VDF_AkShare_CanonicalRepairedPreview_v02781.csv,symbol,date,value,vdf_original_row_hash,VDF_Global_Commodity|COMMODITY_FUTURES|2026-06-10|b0e761cec4a31790,False,value_blank_or_non_numeric,65b274206c34f046
128,VDF_Global_Commodity,COMMODITY_FUTURES,2026-06-10,,e4c42bf85705583b,C:\Users\tonyk\Downloads\VeritasIntelligenceAnalytics\dict\VDF\_active\VDF_AKSHARE_CANONICAL_KEY_REPAIR_GATE_v02781_20260610_221005\preview\VDF_AkShare_CanonicalRepairedPreview_v02781.csv,VDF_AkShare_CanonicalRepairedPreview_v02781.csv,symbol,date,value,vdf_original_row_hash,VDF_Global_Commodity|COMMODITY_FUTURES|2026-06-10|e4c42bf85705583b,False,value_blank_or_non_numeric,1a70a99afe1481b9
129,VDF_Global_Commodity,COMMODITY_FUTURES,2026-06-10,,abd3206346ff4d85,C:\Users\tonyk\Downloads\VeritasIntelligenceAnalytics\dict\VDF\_active\VDF_AKSHARE_CANONICAL_KEY_REPAIR_GATE_v02781_20260610_221005\preview\VDF_AkShare_CanonicalRepairedPreview_v02781.csv,VDF_AkShare_CanonicalRepairedPreview_v02781.csv,symbol,date,value,vdf_original_row_hash,VDF_Global_Commodity|COMMODITY_FUTURES|2026-06-10|abd3206346ff4d85,False,value_blank_or_non_numeric,593bbef76f796402
130,VDF_Global_Commodity,COMMODITY_FUTURES,2026-06-10,,34e6a213b7c37244,C:\Users\tonyk\Downloads\VeritasIntelligenceAnalytics\dict\VDF\_active\VDF_AKSHARE_CANONICAL_KEY_REPAIR_GATE_v02781_20260610_221005\preview\VDF_AkShare_CanonicalRepairedPreview_v02781.csv,VDF_AkShare_CanonicalRepairedPreview_v02781.csv,symbol,date,value,vdf_original_row_hash,VDF_Global_Commodity|COMMODITY_FUTURES|2026-06-10|34e6a213b7c37244,False,value_blank_or_non_numeric,ec56a5a1849c4547
131,VDF_Global_Commodity,COMMODITY_FUTURES,2026-06-10,,ea39f86f0cc205f2,C:\Users\tonyk\Downloads\VeritasIntelligenceAnalytics\dict\VDF\_active\VDF_AKSHARE_CANONICAL_KEY_REPAIR_GATE_v02781_20260610_221005\preview\VDF_AkShare_CanonicalRepairedPreview_v02781.csv,VDF_AkShare_CanonicalRepairedPreview_v02781.csv,symbol,date,value,vdf_original_row_hash,VDF_Global_Commodity|COMMODITY_FUTURES|2026-06-10|ea39f86f0cc205f2,False,value_blank_or_non_numeric,30ae94004c1e79e8
132,VDF_Global_Commodity,COMMODITY_FUTURES,2026-06-10,,b599eda556917203,C:\Users\tonyk\Downloads\VeritasIntelligenceAnalytics\dict\VDF\_active\VDF_AKSHARE_CANONICAL_KEY_REPAIR_GATE_v02781_20260610_221005\preview\VDF_AkShare_CanonicalRepairedPreview_v02781.csv,VDF_AkShare_CanonicalRepairedPreview_v02781.csv,symbol,date,value,vdf_original_row_hash,VDF_Global_Commodity|COMMODITY_FUTURES|2026-06-10|b599eda556917203,False,value_blank_or_non_numeric,3d37f894cb7a32cc
133,VDF_Global_Commodity,COMMODITY_FUTURES,2026-06-10,,5ef2551ad8ff5d40,C:\Users\tonyk\Downloads\VeritasIntelligenceAnalytics\dict\VDF\_active\VDF_AKSHARE_CANONICAL_KEY_REPAIR_GATE_v02781_20260610_221005\preview\VDF_AkShare_CanonicalRepairedPreview_v02781.csv,VDF_AkShare_CanonicalRepairedPreview_v02781.csv,symbol,date,value,vdf_original_row_hash,VDF_Global_Commodity|COMMODITY_FUTURES|2026-06-10|5ef2551ad8ff5d40,False,value_blank_or_non_numeric,eaeae25522fdf584
134,VDF_Global_Commodity,COMMODITY_FUTURES,2026-06-10,,ec5bc834d2fb249d,C:\Users\tonyk\Downloads\VeritasIntelligenceAnalytics\dict\VDF\_active\VDF_AKSHARE_CANONICAL_KEY_REPAIR_GATE_v02781_20260610_221005\preview\VDF_AkShare_CanonicalRepairedPreview_v02781.csv,VDF_AkShare_CanonicalRepairedPreview_v02781.csv,symbol,date,value,vdf_original_row_hash,VDF_Global_Commodity|COMMODITY_FUTURES|2026-06-10|ec5bc834d2fb249d,False,value_blank_or_non_numeric,9755da3d430935e8
135,VDF_Global_Commodity,COMMODITY_FUTURES,2026-06-10,,fc3703242831a527,C:\Users\tonyk\Downloads\VeritasIntelligenceAnalytics\dict\VDF\_active\VDF_AKSHARE_CANONICAL_KEY_REPAIR_GATE_v02781_20260610_221005\preview\VDF_AkShare_CanonicalRepairedPreview_v02781.csv,VDF_AkShare_CanonicalRepairedPreview_v02781.csv,symbol,date,value,vdf_original_row_hash,VDF_Global_Commodity|COMMODITY_FUTURES|2026-06-10|fc3703242831a527,False,value_blank_or_non_numeric,e47f42f4a99168b1
136,VDF_Global_Commodity,COMMODITY_FUTURES,2026-06-10,,1937058cf9dcbf3f,C:\Users\tonyk\Downloads\VeritasIntelligenceAnalytics\dict\VDF\_active\VDF_AKSHARE_CANONICAL_KEY_REPAIR_GATE_v02781_20260610_221005\preview\VDF_AkShare_CanonicalRepairedPreview_v02781.csv,VDF_AkShare_CanonicalRepairedPreview_v02781.csv,symbol,date,value,vdf_original_row_hash,VDF_Global_Commodity|COMMODITY_FUTURES|2026-06-10|1937058cf9dcbf3f,False,value_blank_or_non_numeric,7d4b6a29bb652824
137,VDF_Global_Commodity,COMMODITY_FUTURES,2026-06-10,,d87aedb292159a7a,C:\Users\tonyk\Downloads\VeritasIntelligenceAnalytics\dict\VDF\_active\VDF_AKSHARE_CANONICAL_KEY_REPAIR_GATE_v02781_20260610_221005\preview\VDF_AkShare_CanonicalRepairedPreview_v02781.csv,VDF_AkShare_CanonicalRepairedPreview_v02781.csv,symbol,date,value,vdf_original_row_hash,VDF_Global_Commodity|COMMODITY_FUTURES|2026-06-10|d87aedb292159a7a,False,value_blank_or_non_numeric,28465733f3e201d1
138,VDF_Global_Commodity,COMMODITY_FUTURES,2026-06-10,,55530a7c487ccd7e,C:\Users\tonyk\Downloads\VeritasIntelligenceAnalytics\dict\VDF\_active\VDF_AKSHARE_CANONICAL_KEY_REPAIR_GATE_v02781_20260610_221005\preview\VDF_AkShare_CanonicalRepairedPreview_v02781.csv,VDF_AkShare_CanonicalRepairedPreview_v02781.csv,symbol,date,value,vdf_original_row_hash,VDF_Global_Commodity|COMMODITY_FUTURES|2026-06-10|55530a7c487ccd7e,False,value_blank_or_non_numeric,82cf6c20ed20b63c
139,VDF_Global_Commodity,COMMODITY_FUTURES,2026-06-10,,5dad3acfb3118f55,C:\Users\tonyk\Downloads\VeritasIntelligenceAnalytics\dict\VDF\_active\VDF_AKSHARE_CANONICAL_KEY_REPAIR_GATE_v02781_20260610_221005\preview\VDF_AkShare_CanonicalRepairedPreview_v02781.csv,VDF_AkShare_CanonicalRepairedPreview_v02781.csv,symbol,date,value,vdf_original_row_hash,VDF_Global_Commodity|COMMODITY_FUTURES|2026-06-10|5dad3acfb3118f55,False,value_blank_or_non_numeric,5a6f96e082074001
140,VDF_Global_Commodity,COMMODITY_FUTURES,2026-06-10,,e59bb77d090bf232,C:\Users\tonyk\Downloads\VeritasIntelligenceAnalytics\dict\VDF\_active\VDF_AKSHARE_CANONICAL_KEY_REPAIR_GATE_v02781_20260610_221005\preview\VDF_AkShare_CanonicalRepairedPreview_v02781.csv,VDF_AkShare_CanonicalRepairedPreview_v02781.csv,symbol,date,value,vdf_original_row_hash,VDF_Global_Commodity|COMMODITY_FUTURES|2026-06-10|e59bb77d090bf232,False,value_blank_or_non_numeric,e93d777606b154e4
141,VDF_Global_Commodity,COMMODITY_FUTURES,2026-06-10,,04ca49f8705f8c53,C:\Users\tonyk\Downloads\VeritasIntelligenceAnalytics\dict\VDF\_active\VDF_AKSHARE_CANONICAL_KEY_REPAIR_GATE_v02781_20260610_221005\preview\VDF_AkShare_CanonicalRepairedPreview_v02781.csv,VDF_AkShare_CanonicalRepairedPreview_v02781.csv,symbol,date,value,vdf_original_row_hash,VDF_Global_Commodity|COMMODITY_FUTURES|2026-06-10|04ca49f8705f8c53,False,value_blank_or_non_numeric,f90088f149ccae01
142,VDF_Global_Commodity,COMMODITY_FUTURES,2026-06-10,,c5c416e5c0ab2b85,C:\Users\tonyk\Downloads\VeritasIntelligenceAnalytics\dict\VDF\_active\VDF_AKSHARE_CANONICAL_KEY_REPAIR_GATE_v02781_20260610_221005\preview\VDF_AkShare_CanonicalRepairedPreview_v02781.csv,VDF_AkShare_CanonicalRepairedPreview_v02781.csv,symbol,date,value,vdf_original_row_hash,VDF_Global_Commodity|COMMODITY_FUTURES|2026-06-10|c5c416e5c0ab2b85,False,value_blank_or_non_numeric,f97764b3c883e7ba
143,VDF_Global_Commodity,COMMODITY_FUTURES,2026-06-10,,36fc04e0f35fc7f3,C:\Users\tonyk\Downloads\VeritasIntelligenceAnalytics\dict\VDF\_active\VDF_AKSHARE_CANONICAL_KEY_REPAIR_GATE_v02781_20260610_221005\preview\VDF_AkShare_CanonicalRepairedPreview_v02781.csv,VDF_AkShare_CanonicalRepairedPreview_v02781.csv,symbol,date,value,vdf_original_row_hash,VDF_Global_Commodity|COMMODITY_FUTURES|2026-06-10|36fc04e0f35fc7f3,False,value_blank_or_non_numeric,9fcf307c7c99bcce
144,VDF_Global_Commodity,COMMODITY_FUTURES,2026-06-10,,8d821f09e50a682b,C:\Users\tonyk\Downloads\VeritasIntelligenceAnalytics\dict\VDF\_active\VDF_AKSHARE_CANONICAL_KEY_REPAIR_GATE_v02781_20260610_221005\preview\VDF_AkShare_CanonicalRepairedPreview_v02781.csv,VDF_AkShare_CanonicalRepairedPreview_v02781.csv,symbol,date,value,vdf_original_row_hash,VDF_Global_Commodity|COMMODITY_FUTURES|2026-06-10|8d821f09e50a682b,False,value_blank_or_non_numeric,9a1f73de7e7bffb4
145,VDF_Global_Commodity,COMMODITY_FUTURES,2026-06-10,,1fe60eee3883231c,C:\Users\tonyk\Downloads\VeritasIntelligenceAnalytics\dict\VDF\_active\VDF_AKSHARE_CANONICAL_KEY_REPAIR_GATE_v02781_20260610_221005\preview\VDF_AkShare_CanonicalRepairedPreview_v02781.csv,VDF_AkShare_CanonicalRepairedPreview_v02781.csv,symbol,date,value,vdf_original_row_hash,VDF_Global_Commodity|COMMODITY_FUTURES|2026-06-10|1fe60eee3883231c,False,value_blank_or_non_numeric,cd2ba7b5c329beee
146,VDF_Global_Commodity,COMMODITY_FUTURES,2026-06-10,,d4f7a2bcee11bda6,C:\Users\tonyk\Downloads\VeritasIntelligenceAnalytics\dict\VDF\_active\VDF_AKSHARE_CANONICAL_KEY_REPAIR_GATE_v02781_20260610_221005\preview\VDF_AkShare_CanonicalRepairedPreview_v02781.csv,VDF_AkShare_CanonicalRepairedPreview_v02781.csv,symbol,date,value,vdf_original_row_hash,VDF_Global_Commodity|COMMODITY_FUTURES|2026-06-10|d4f7a2bcee11bda6,False,value_blank_or_non_numeric,94a4cd9bdc787a00
147,VDF_Global_Commodity,COMMODITY_FUTURES,2026-06-10,,204b222caaaa9b53,C:\Users\tonyk\Downloads\VeritasIntelligenceAnalytics\dict\VDF\_active\VDF_AKSHARE_CANONICAL_KEY_REPAIR_GATE_v02781_20260610_221005\preview\VDF_AkShare_CanonicalRepairedPreview_v02781.csv,VDF_AkShare_CanonicalRepairedPreview_v02781.csv,symbol,date,value,vdf_original_row_hash,VDF_Global_Commodity|COMMODITY_FUTURES|2026-06-10|204b222caaaa9b53,False,value_blank_or_non_numeric,01507daf025f5aca
148,VDF_Global_Commodity,COMMODITY_FUTURES,2026-06-10,,3d573dfd72c901dc,C:\Users\tonyk\Downloads\VeritasIntelligenceAnalytics\dict\VDF\_active\VDF_AKSHARE_CANONICAL_KEY_REPAIR_GATE_v02781_20260610_221005\preview\VDF_AkShare_CanonicalRepairedPreview_v02781.csv,VDF_AkShare_CanonicalRepairedPreview_v02781.csv,symbol,date,value,vdf_original_row_hash,VDF_Global_Commodity|COMMODITY_FUTURES|2026-06-10|3d573dfd72c901dc,False,value_blank_or_non_numeric,dc94dc78fed52717
149,VDF_Global_Commodity,COMMODITY_FUTURES,2026-06-10,,086b94f981eb0da1,C:\Users\tonyk\Downloads\VeritasIntelligenceAnalytics\dict\VDF\_active\VDF_AKSHARE_CANONICAL_KEY_REPAIR_GATE_v02781_20260610_221005\preview\VDF_AkShare_CanonicalRepairedPreview_v02781.csv,VDF_AkShare_CanonicalRepairedPreview_v02781.csv,symbol,date,value,vdf_original_row_hash,VDF_Global_Commodity|COMMODITY_FUTURES|2026-06-10|086b94f981eb0da1,False,value_blank_or_non_numeric,0fd93c3a899b2816
150,VDF_Global_Commodity,COMMODITY_FUTURES,2026-06-10,,e6a8902b447aab14,C:\Users\tonyk\Downloads\VeritasIntelligenceAnalytics\dict\VDF\_active\VDF_AKSHARE_CANONICAL_KEY_REPAIR_GATE_v02781_20260610_221005\preview\VDF_AkShare_CanonicalRepairedPreview_v02781.csv,VDF_AkShare_CanonicalRepairedPreview_v02781.csv,symbol,date,value,vdf_original_row_hash,VDF_Global_Commodity|COMMODITY_FUTURES|2026-06-10|e6a8902b447aab14,False,value_blank_or_non_numeric,1244a2085bb3f4d5
1,VDF_Global_Commodity,STEEL,2026-02-11,,c40c2417ebcd7bbd,C:\Users\tonyk\Downloads\VeritasIntelligenceAnalytics\dict\VDF\_active\VDF_AKSHARE_CANONICAL_KEY_REPAIR_GATE_v02781_20260610_221005\preview\VDF_AkShare_CanonicalRepairedPreview_v02781.json,VDF_AkShare_CanonicalRepairedPreview_v02781.json,symbol,date,value,vdf_original_row_hash,VDF_Global_Commodity|STEEL|2026-02-11|c40c2417ebcd7bbd,False,value_blank_or_non_numeric,18d762157081fa6f
2,VDF_Global_Commodity,STEEL,2026-02-12,,3b448f17b94509de,C:\Users\tonyk\Downloads\VeritasIntelligenceAnalytics\dict\VDF\_active\VDF_AKSHARE_CANONICAL_KEY_REPAIR_GATE_v02781_20260610_221005\preview\VDF_AkShare_CanonicalRepairedPreview_v02781.json,VDF_AkShare_CanonicalRepairedPreview_v02781.json,symbol,date,value,vdf_original_row_hash,VDF_Global_Commodity|STEEL|2026-02-12|3b448f17b94509de,False,value_blank_or_non_numeric,ce0f7595024996f1
3,VDF_Global_Commodity,STEEL,2026-02-13,,8684c9acc94b1000,C:\Users\tonyk\Downloads\VeritasIntelligenceAnalytics\dict\VDF\_active\VDF_AKSHARE_CANONICAL_KEY_REPAIR_GATE_v02781_20260610_221005\preview\VDF_AkShare_CanonicalRepairedPreview_v02781.json,VDF_AkShare_CanonicalRepairedPreview_v02781.json,symbol,date,value,vdf_original_row_hash,VDF_Global_Commodity|STEEL|2026-02-13|8684c9acc94b1000,False,value_blank_or_non_numeric,44e972cd681233bc
4,VDF_Global_Commodity,STEEL,2026-02-14,,09f777d25015dc7d,C:\Users\tonyk\Downloads\VeritasIntelligenceAnalytics\dict\VDF\_active\VDF_AKSHARE_CANONICAL_KEY_REPAIR_GATE_v02781_20260610_221005\preview\VDF_AkShare_CanonicalRepairedPreview_v02781.json,VDF_AkShare_CanonicalRepairedPreview_v02781.json,symbol,date,value,vdf_original_row_hash,VDF_Global_Commodity|STEEL|2026-02-14|09f777d25015dc7d,False,value_blank_or_non_numeric,c24c0ecd7b3d8134
5,VDF_Global_Commodity,STEEL,2026-02-15,,ca18e72573fe5a0f,C:\Users\tonyk\Downloads\VeritasIntelligenceAnalytics\dict\VDF\_active\VDF_AKSHARE_CANONICAL_KEY_REPAIR_GATE_v02781_20260610_221005\preview\VDF_AkShare_CanonicalRepairedPreview_v02781.json,VDF_AkShare_CanonicalRepairedPreview_v02781.json,symbol,date,value,vdf_original_row_hash,VDF_Global_Commodity|STEEL|2026-02-15|ca18e72573fe5a0f,False,value_blank_or_non_numeric,d54f7fb5b1f52487
6,VDF_Global_Commodity,STEEL,2026-02-16,,0dcea352e5f26e04,C:\Users\tonyk\Downloads\VeritasIntelligenceAnalytics\dict\VDF\_active\VDF_AKSHARE_CANONICAL_KEY_REPAIR_GATE_v02781_20260610_221005\preview\VDF_AkShare_CanonicalRepairedPreview_v02781.json,VDF_AkShare_CanonicalRepairedPreview_v02781.json,symbol,date,value,vdf_original_row_hash,VDF_Global_Commodity|STEEL|2026-02-16|0dcea352e5f26e04,False,value_blank_or_non_numeric,ffc4830c78a58b48
7,VDF_Global_Commodity,STEEL,2026-02-17,,5d472fb1b3e9abab,C:\Users\tonyk\Downloads\VeritasIntelligenceAnalytics\dict\VDF\_active\VDF_AKSHARE_CANONICAL_KEY_REPAIR_GATE_v02781_20260610_221005\preview\VDF_AkShare_CanonicalRepairedPreview_v02781.json,VDF_AkShare_CanonicalRepairedPreview_v02781.json,symbol,date,value,vdf_original_row_hash,VDF_Global_Commodity|STEEL|2026-02-17|5d472fb1b3e9abab,False,value_blank_or_non_numeric,4a96878b0e825ae3
8,VDF_Global_Commodity,STEEL,2026-02-18,,535bf7b6e3430232,C:\Users\tonyk\Downloads\VeritasIntelligenceAnalytics\dict\VDF\_active\VDF_AKSHARE_CANONICAL_KEY_REPAIR_GATE_v02781_20260610_221005\preview\VDF_AkShare_CanonicalRepairedPreview_v02781.json,VDF_AkShare_CanonicalRepairedPreview_v02781.json,symbol,date,value,vdf_original_row_hash,VDF_Global_Commodity|STEEL|2026-02-18|535bf7b6e3430232,False,value_blank_or_non_numeric,584777d58ecbca42
9,VDF_Global_Commodity,STEEL,2026-02-19,,93ccf2874d3c432f,C:\Users\tonyk\Downloads\VeritasIntelligenceAnalytics\dict\VDF\_active\VDF_AKSHARE_CANONICAL_KEY_REPAIR_GATE_v02781_20260610_221005\preview\VDF_AkShare_CanonicalRepairedPreview_v02781.json,VDF_AkShare_CanonicalRepairedPreview_v02781.json,symbol,date,value,vdf_original_row_hash,VDF_Global_Commodity|STEEL|2026-02-19|93ccf2874d3c432f,False,value_blank_or_non_numeric,7185b7f6779649c8
10,VDF_Global_Commodity,STEEL,2026-02-20,,a6e5f47f15e1ee98,C:\Users\tonyk\Downloads\VeritasIntelligenceAnalytics\dict\VDF\_active\VDF_AKSHARE_CANONICAL_KEY_REPAIR_GATE_v02781_20260610_221005\preview\VDF_AkShare_CanonicalRepairedPreview_v02781.json,VDF_AkShare_CanonicalRepairedPreview_v02781.json,symbol,date,value,vdf_original_row_hash,VDF_Global_Commodity|STEEL|2026-02-20|a6e5f47f15e1ee98,False,value_blank_or_non_numeric,a2156bb6be96f6b0
11,VDF_Global_Commodity,STEEL,2026-02-21,,5cfbb675a90114b7,C:\Users\tonyk\Downloads\VeritasIntelligenceAnalytics\dict\VDF\_active\VDF_AKSHARE_CANONICAL_KEY_REPAIR_GATE_v02781_20260610_221005\preview\VDF_AkShare_CanonicalRepairedPreview_v02781.json,VDF_AkShare_CanonicalRepairedPreview_v02781.json,symbol,date,value,vdf_original_row_hash,VDF_Global_Commodity|STEEL|2026-02-21|5cfbb675a90114b7,False,value_blank_or_non_numeric,a31975934bcfe254
12,VDF_Global_Commodity,STEEL,2026-02-22,,29a946d4ec5fc967,C:\Users\tonyk\Downloads\VeritasIntelligenceAnalytics\dict\VDF\_active\VDF_AKSHARE_CANONICAL_KEY_REPAIR_GATE_v02781_20260610_221005\preview\VDF_AkShare_CanonicalRepairedPreview_v02781.json,VDF_AkShare_CanonicalRepairedPreview_v02781.json,symbol,date,value,vdf_original_row_hash,VDF_Global_Commodity|STEEL|2026-02-22|29a946d4ec5fc967,False,value_blank_or_non_numeric,9f253a18b6448b30
13,VDF_Global_Commodity,STEEL,2026-02-23,,5a4173ed26210734,C:\Users\tonyk\Downloads\VeritasIntelligenceAnalytics\dict\VDF\_active\VDF_AKSHARE_CANONICAL_KEY_REPAIR_GATE_v02781_20260610_221005\preview\VDF_AkShare_CanonicalRepairedPreview_v02781.json,VDF_AkShare_CanonicalRepairedPreview_v02781.json,symbol,date,value,vdf_original_row_hash,VDF_Global_Commodity|STEEL|2026-02-23|5a4173ed26210734,False,value_blank_or_non_numeric,499b9b656b938bda
14,VDF_Global_Commodity,STEEL,2026-02-24,,ab0f0604f90466da,C:\Users\tonyk\Downloads\VeritasIntelligenceAnalytics\dict\VDF\_active\VDF_AKSHARE_CANONICAL_KEY_REPAIR_GATE_v02781_20260610_221005\preview\VDF_AkShare_CanonicalRepairedPreview_v02781.json,VDF_AkShare_CanonicalRepairedPreview_v02781.json,symbol,date,value,vdf_original_row_hash,VDF_Global_Commodity|STEEL|2026-02-24|ab0f0604f90466da,False,value_blank_or_non_numeric,03dfb2f80af8cd33
15,VDF_Global_Commodity,STEEL,2026-02-25,,6f0de1fbd6f8e642,C:\Users\tonyk\Downloads\VeritasIntelligenceAnalytics\dict\VDF\_active\VDF_AKSHARE_CANONICAL_KEY_REPAIR_GATE_v02781_20260610_221005\preview\VDF_AkShare_CanonicalRepairedPreview_v02781.json,VDF_AkShare_CanonicalRepairedPreview_v02781.json,symbol,date,value,vdf_original_row_hash,VDF_Global_Commodity|STEEL|2026-02-25|6f0de1fbd6f8e642,False,value_blank_or_non_numeric,913e7baf62288d80
16,VDF_Global_Commodity,STEEL,2026-02-26,,4ccc40fde45d0d50,C:\Users\tonyk\Downloads\VeritasIntelligenceAnalytics\dict\VDF\_active\VDF_AKSHARE_CANONICAL_KEY_REPAIR_GATE_v02781_20260610_221005\preview\VDF_AkShare_CanonicalRepairedPreview_v02781.json,VDF_AkShare_CanonicalRepairedPreview_v02781.json,symbol,date,value,vdf_original_row_hash,VDF_Global_Commodity|STEEL|2026-02-26|4ccc40fde45d0d50,False,value_blank_or_non_numeric,868ac7812edb29c5
17,VDF_Global_Commodity,STEEL,2026-02-27,,c8d504cadb0d14b0,C:\Users\tonyk\Downloads\VeritasIntelligenceAnalytics\dict\VDF\_active\VDF_AKSHARE_CANONICAL_KEY_REPAIR_GATE_v02781_20260610_221005\preview\VDF_AkShare_CanonicalRepairedPreview_v02781.json,VDF_AkShare_CanonicalRepairedPreview_v02781.json,symbol,date,value,vdf_original_row_hash,VDF_Global_Commodity|STEEL|2026-02-27|c8d504cadb0d14b0,False,value_blank_or_non_numeric,ad0923f2428f5798
18,VDF_Global_Commodity,STEEL,2026-02-28,,818e7385d2662293,C:\Users\tonyk\Downloads\VeritasIntelligenceAnalytics\dict\VDF\_active\VDF_AKSHARE_CANONICAL_KEY_REPAIR_GATE_v02781_20260610_221005\preview\VDF_AkShare_CanonicalRepairedPreview_v02781.json,VDF_AkShare_CanonicalRepairedPreview_v02781.json,symbol,date,value,vdf_original_row_hash,VDF_Global_Commodity|STEEL|2026-02-28|818e7385d2662293,False,value_blank_or_non_numeric,cced2f47587953d6
19,VDF_Global_Commodity,STEEL,2026-03-01,,7eadaffe5daf8a4b,C:\Users\tonyk\Downloads\VeritasIntelligenceAnalytics\dict\VDF\_active\VDF_AKSHARE_CANONICAL_KEY_REPAIR_GATE_v02781_20260610_221005\preview\VDF_AkShare_CanonicalRepairedPreview_v02781.json,VDF_AkShare_CanonicalRepairedPreview_v02781.json,symbol,date,value,vdf_original_row_hash,VDF_Global_Commodity|STEEL|2026-03-01|7eadaffe5daf8a4b,False,value_blank_or_non_numeric,cc1a198a69d29d7d
20,VDF_Global_Commodity,STEEL,2026-03-02,,2c54d68a43122383,C:\Users\tonyk\Downloads\VeritasIntelligenceAnalytics\dict\VDF\_active\VDF_AKSHARE_CANONICAL_KEY_REPAIR_GATE_v02781_20260610_221005\preview\VDF_AkShare_CanonicalRepairedPreview_v02781.json,VDF_AkShare_CanonicalRepairedPreview_v02781.json,symbol,date,value,vdf_original_row_hash,VDF_Global_Commodity|STEEL|2026-03-02|2c54d68a43122383,False,value_blank_or_non_numeric,7e81dcbf105373e5
21,VDF_Global_Commodity,STEEL,2026-03-03,,37cc186309da4a00,C:\Users\tonyk\Downloads\VeritasIntelligenceAnalytics\dict\VDF\_active\VDF_AKSHARE_CANONICAL_KEY_REPAIR_GATE_v02781_20260610_221005\preview\VDF_AkShare_CanonicalRepairedPreview_v02781.json,VDF_AkShare_CanonicalRepairedPreview_v02781.json,symbol,date,value,vdf_original_row_hash,VDF_Global_Commodity|STEEL|2026-03-03|37cc186309da4a00,False,value_blank_or_non_numeric,b137d87039bf1387
22,VDF_Global_Commodity,STEEL,2026-03-04,,e78cd7920e51fb44,C:\Users\tonyk\Downloads\VeritasIntelligenceAnalytics\dict\VDF\_active\VDF_AKSHARE_CANONICAL_KEY_REPAIR_GATE_v02781_20260610_221005\preview\VDF_AkShare_CanonicalRepairedPreview_v02781.json,VDF_AkShare_CanonicalRepairedPreview_v02781.json,symbol,date,value,vdf_original_row_hash,VDF_Global_Commodity|STEEL|2026-03-04|e78cd7920e51fb44,False,value_blank_or_non_numeric,3fd72825d9292efd
23,VDF_Global_Commodity,STEEL,2026-03-05,,cc271d0008d7b055,C:\Users\tonyk\Downloads\VeritasIntelligenceAnalytics\dict\VDF\_active\VDF_AKSHARE_CANONICAL_KEY_REPAIR_GATE_v02781_20260610_221005\preview\VDF_AkShare_CanonicalRepairedPreview_v02781.json,VDF_AkShare_CanonicalRepairedPreview_v02781.json,symbol,date,value,vdf_original_row_hash,VDF_Global_Commodity|STEEL|2026-03-05|cc271d0008d7b055,False,value_blank_or_non_numeric,0f8d224d18d86629
24,VDF_Global_Commodity,STEEL,2026-03-06,,f3db4b934b23abba,C:\Users\tonyk\Downloads\VeritasIntelligenceAnalytics\dict\VDF\_active\VDF_AKSHARE_CANONICAL_KEY_REPAIR_GATE_v02781_20260610_221005\preview\VDF_AkShare_CanonicalRepairedPreview_v02781.json,VDF_AkShare_CanonicalRepairedPreview_v02781.json,symbol,date,value,vdf_original_row_hash,VDF_Global_Commodity|STEEL|2026-03-06|f3db4b934b23abba,False,value_blank_or_non_numeric,e5c2cd72cc0b3fd8
25,VDF_Global_Commodity,STEEL,2026-03-07,,9735c7ec5b93b9c9,C:\Users\tonyk\Downloads\VeritasIntelligenceAnalytics\dict\VDF\_active\VDF_AKSHARE_CANONICAL_KEY_REPAIR_GATE_v02781_20260610_221005\preview\VDF_AkShare_CanonicalRepairedPreview_v02781.json,VDF_AkShare_CanonicalRepairedPreview_v02781.json,symbol,date,value,vdf_original_row_hash,VDF_Global_Commodity|STEEL|2026-03-07|9735c7ec5b93b9c9,False,value_blank_or_non_numeric,d15fa295129a13c1
26,VDF_Global_Commodity,STEEL,2026-03-08,,16163911df5494d9,C:\Users\tonyk\Downloads\VeritasIntelligenceAnalytics\dict\VDF\_active\VDF_AKSHARE_CANONICAL_KEY_REPAIR_GATE_v02781_20260610_221005\preview\VDF_AkShare_CanonicalRepairedPreview_v02781.json,VDF_AkShare_CanonicalRepairedPreview_v02781.json,symbol,date,value,vdf_original_row_hash,VDF_Global_Commodity|STEEL|2026-03-08|16163911df5494d9,False,value_blank_or_non_numeric,949c2c97c5e11060
27,VDF_Global_Commodity,STEEL,2026-03-09,,9060518e291d820e,C:\Users\tonyk\Downloads\VeritasIntelligenceAnalytics\dict\VDF\_active\VDF_AKSHARE_CANONICAL_KEY_REPAIR_GATE_v02781_20260610_221005\preview\VDF_AkShare_CanonicalRepairedPreview_v02781.json,VDF_AkShare_CanonicalRepairedPreview_v02781.json,symbol,date,value,vdf_original_row_hash,VDF_Global_Commodity|STEEL|2026-03-09|9060518e291d820e,False,value_blank_or_non_numeric,396b5620853f2136
28,VDF_Global_Commodity,STEEL,2026-03-10,,0dc12c7d35aa244d,C:\Users\tonyk\Downloads\VeritasIntelligenceAnalytics\dict\VDF\_active\VDF_AKSHARE_CANONICAL_KEY_REPAIR_GATE_v02781_20260610_221005\preview\VDF_AkShare_CanonicalRepairedPreview_v02781.json,VDF_AkShare_CanonicalRepairedPreview_v02781.json,symbol,date,value,vdf_original_row_hash,VDF_Global_Commodity|STEEL|2026-03-10|0dc12c7d35aa244d,False,value_blank_or_non_numeric,31af8e4e3a8eb6cb
29,VDF_Global_Commodity,STEEL,2026-03-11,,7d625341a2355380,C:\Users\tonyk\Downloads\VeritasIntelligenceAnalytics\dict\VDF\_active\VDF_AKSHARE_CANONICAL_KEY_REPAIR_GATE_v02781_20260610_221005\preview\VDF_AkShare_CanonicalRepairedPreview_v02781.json,VDF_AkShare_CanonicalRepairedPreview_v02781.json,symbol,date,value,vdf_original_row_hash,VDF_Global_Commodity|STEEL|2026-03-11|7d625341a2355380,False,value_blank_or_non_numeric,90ba0a76ba2defe2
30,VDF_Global_Commodity,STEEL,2026-03-12,,7b8bcd717565f003,C:\Users\tonyk\Downloads\VeritasIntelligenceAnalytics\dict\VDF\_active\VDF_AKSHARE_CANONICAL_KEY_REPAIR_GATE_v02781_20260610_221005\preview\VDF_AkShare_CanonicalRepairedPreview_v02781.json,VDF_AkShare_CanonicalRepairedPreview_v02781.json,symbol,date,value,vdf_original_row_hash,VDF_Global_Commodity|STEEL|2026-03-12|7b8bcd717565f003,False,value_blank_or_non_numeric,f71ec2d8dad00521
31,VDF_Global_Commodity,STEEL,2026-03-13,,d8158ab27228fcd8,C:\Users\tonyk\Downloads\VeritasIntelligenceAnalytics\dict\VDF\_active\VDF_AKSHARE_CANONICAL_KEY_REPAIR_GATE_v02781_20260610_221005\preview\VDF_AkShare_CanonicalRepairedPreview_v02781.json,VDF_AkShare_CanonicalRepairedPreview_v02781.json,symbol,date,value,vdf_original_row_hash,VDF_Global_Commodity|STEEL|2026-03-13|d8158ab27228fcd8,False,value_blank_or_non_numeric,d8e5b9a79e49d8fa
32,VDF_Global_Commodity,STEEL,2026-03-14,,9515ee2246024c2c,C:\Users\tonyk\Downloads\VeritasIntelligenceAnalytics\dict\VDF\_active\VDF_AKSHARE_CANONICAL_KEY_REPAIR_GATE_v02781_20260610_221005\preview\VDF_AkShare_CanonicalRepairedPreview_v02781.json,VDF_AkShare_CanonicalRepairedPreview_v02781.json,symbol,date,value,vdf_original_row_hash,VDF_Global_Commodity|STEEL|2026-03-14|9515ee2246024c2c,False,value_blank_or_non_numeric,1b20fcf3fe1d2afc
33,VDF_Global_Commodity,STEEL,2026-03-15,,55637629d191fee0,C:\Users\tonyk\Downloads\VeritasIntelligenceAnalytics\dict\VDF\_active\VDF_AKSHARE_CANONICAL_KEY_REPAIR_GATE_v02781_20260610_221005\preview\VDF_AkShare_CanonicalRepairedPreview_v02781.json,VDF_AkShare_CanonicalRepairedPreview_v02781.json,symbol,date,value,vdf_original_row_hash,VDF_Global_Commodity|STEEL|2026-03-15|55637629d191fee0,False,value_blank_or_non_numeric,b1d7f15661634cf4
34,VDF_Global_Commodity,STEEL,2026-03-16,,65e78a49600b4b8e,C:\Users\tonyk\Downloads\VeritasIntelligenceAnalytics\dict\VDF\_active\VDF_AKSHARE_CANONICAL_KEY_REPAIR_GATE_v02781_20260610_221005\preview\VDF_AkShare_CanonicalRepairedPreview_v02781.json,VDF_AkShare_CanonicalRepairedPreview_v02781.json,symbol,date,value,vdf_original_row_hash,VDF_Global_Commodity|STEEL|2026-03-16|65e78a49600b4b8e,False,value_blank_or_non_numeric,2b0e6294f84ee0b3
35,VDF_Global_Commodity,STEEL,2026-03-17,,f297d35138322f27,C:\Users\tonyk\Downloads\VeritasIntelligenceAnalytics\dict\VDF\_active\VDF_AKSHARE_CANONICAL_KEY_REPAIR_GATE_v02781_20260610_221005\preview\VDF_AkShare_CanonicalRepairedPreview_v02781.json,VDF_AkShare_CanonicalRepairedPreview_v02781.json,symbol,date,value,vdf_original_row_hash,VDF_Global_Commodity|STEEL|2026-03-17|f297d35138322f27,False,value_blank_or_non_numeric,568754cdd7183207
36,VDF_Global_Commodity,STEEL,2026-03-18,,0a79a3ad51296d62,C:\Users\tonyk\Downloads\VeritasIntelligenceAnalytics\dict\VDF\_active\VDF_AKSHARE_CANONICAL_KEY_REPAIR_GATE_v02781_20260610_221005\preview\VDF_AkShare_CanonicalRepairedPreview_v02781.json,VDF_AkShare_CanonicalRepairedPreview_v02781.json,symbol,date,value,vdf_original_row_hash,VDF_Global_Commodity|STEEL|2026-03-18|0a79a3ad51296d62,False,value_blank_or_non_numeric,f86aeb6664706c3d
37,VDF_Global_Commodity,STEEL,2026-03-19,,504a312dd35f7fe1,C:\Users\tonyk\Downloads\VeritasIntelligenceAnalytics\dict\VDF\_active\VDF_AKSHARE_CANONICAL_KEY_REPAIR_GATE_v02781_20260610_221005\preview\VDF_AkShare_CanonicalRepairedPreview_v02781.json,VDF_AkShare_CanonicalRepairedPreview_v02781.json,symbol,date,value,vdf_original_row_hash,VDF_Global_Commodity|STEEL|2026-03-19|504a312dd35f7fe1,False,value_blank_or_non_numeric,59e8a4844026732d
38,VDF_Global_Commodity,STEEL,2026-03-20,,29825bdde4c72258,C:\Users\tonyk\Downloads\VeritasIntelligenceAnalytics\dict\VDF\_active\VDF_AKSHARE_CANONICAL_KEY_REPAIR_GATE_v02781_20260610_221005\preview\VDF_AkShare_CanonicalRepairedPreview_v02781.json,VDF_AkShare_CanonicalRepairedPreview_v02781.json,symbol,date,value,vdf_original_row_hash,VDF_Global_Commodity|STEEL|2026-03-20|29825bdde4c72258,False,value_blank_or_non_numeric,84e430bae7ae54e8
39,VDF_Global_Commodity,STEEL,2026-03-21,,18dee12bdc0d7b13,C:\Users\tonyk\Downloads\VeritasIntelligenceAnalytics\dict\VDF\_active\VDF_AKSHARE_CANONICAL_KEY_REPAIR_GATE_v02781_20260610_221005\preview\VDF_AkShare_CanonicalRepairedPreview_v02781.json,VDF_AkShare_CanonicalRepairedPreview_v02781.json,symbol,date,value,vdf_original_row_hash,VDF_Global_Commodity|STEEL|2026-03-21|18dee12bdc0d7b13,False,value_blank_or_non_numeric,ef24f68985f86d69
40,VDF_Global_Commodity,STEEL,2026-03-22,,e23a26fa81f19fd1,C:\Users\tonyk\Downloads\VeritasIntelligenceAnalytics\dict\VDF\_active\VDF_AKSHARE_CANONICAL_KEY_REPAIR_GATE_v02781_20260610_221005\preview\VDF_AkShare_CanonicalRepairedPreview_v02781.json,VDF_AkShare_CanonicalRepairedPreview_v02781.json,symbol,date,value,vdf_original_row_hash,VDF_Global_Commodity|STEEL|2026-03-22|e23a26fa81f19fd1,False,value_blank_or_non_numeric,1b27f800510f2608
41,VDF_Global_Commodity,STEEL,2026-03-23,,20767ebf681798b3,C:\Users\tonyk\Downloads\VeritasIntelligenceAnalytics\dict\VDF\_active\VDF_AKSHARE_CANONICAL_KEY_REPAIR_GATE_v02781_20260610_221005\preview\VDF_AkShare_CanonicalRepairedPreview_v02781.json,VDF_AkShare_CanonicalRepairedPreview_v02781.json,symbol,date,value,vdf_original_row_hash,VDF_Global_Commodity|STEEL|2026-03-23|20767ebf681798b3,False,value_blank_or_non_numeric,e044afc9d7a41b14
42,VDF_Global_Commodity,STEEL,2026-03-24,,0dc0dd9f540e1006,C:\Users\tonyk\Downloads\VeritasIntelligenceAnalytics\dict\VDF\_active\VDF_AKSHARE_CANONICAL_KEY_REPAIR_GATE_v02781_20260610_221005\preview\VDF_AkShare_CanonicalRepairedPreview_v02781.json,VDF_AkShare_CanonicalRepairedPreview_v02781.json,symbol,date,value,vdf_original_row_hash,VDF_Global_Commodity|STEEL|2026-03-24|0dc0dd9f540e1006,False,value_blank_or_non_numeric,5bcf55b15d7ee9e2
43,VDF_Global_Commodity,STEEL,2026-03-25,,aba9ec3be54be9d2,C:\Users\tonyk\Downloads\VeritasIntelligenceAnalytics\dict\VDF\_active\VDF_AKSHARE_CANONICAL_KEY_REPAIR_GATE_v02781_20260610_221005\preview\VDF_AkShare_CanonicalRepairedPreview_v02781.json,VDF_AkShare_CanonicalRepairedPreview_v02781.json,symbol,date,value,vdf_original_row_hash,VDF_Global_Commodity|STEEL|2026-03-25|aba9ec3be54be9d2,False,value_blank_or_non_numeric,6faa7be8e8adc315
44,VDF_Global_Commodity,STEEL,2026-03-26,,0558c7458ebc271e,C:\Users\tonyk\Downloads\VeritasIntelligenceAnalytics\dict\VDF\_active\VDF_AKSHARE_CANONICAL_KEY_REPAIR_GATE_v02781_20260610_221005\preview\VDF_AkShare_CanonicalRepairedPreview_v02781.json,VDF_AkShare_CanonicalRepairedPreview_v02781.json,symbol,date,value,vdf_original_row_hash,VDF_Global_Commodity|STEEL|2026-03-26|0558c7458ebc271e,False,value_blank_or_non_numeric,138dda026bb2a81b
45,VDF_Global_Commodity,STEEL,2026-03-27,,8f195ae7e1656edb,C:\Users\tonyk\Downloads\VeritasIntelligenceAnalytics\dict\VDF\_active\VDF_AKSHARE_CANONICAL_KEY_REPAIR_GATE_v02781_20260610_221005\preview\VDF_AkShare_CanonicalRepairedPreview_v02781.json,VDF_AkShare_CanonicalRepairedPreview_v02781.json,symbol,date,value,vdf_original_row_hash,VDF_Global_Commodity|STEEL|2026-03-27|8f195ae7e1656edb,False,value_blank_or_non_numeric,c82d659616e57165
46,VDF_Global_Commodity,STEEL,2026-03-28,,22f4ae66b6e10323,C:\Users\tonyk\Downloads\VeritasIntelligenceAnalytics\dict\VDF\_active\VDF_AKSHARE_CANONICAL_KEY_REPAIR_GATE_v02781_20260610_221005\preview\VDF_AkShare_CanonicalRepairedPreview_v02781.json,VDF_AkShare_CanonicalRepairedPreview_v02781.json,symbol,date,value,vdf_original_row_hash,VDF_Global_Commodity|STEEL|2026-03-28|22f4ae66b6e10323,False,value_blank_or_non_numeric,968dd2a59c9a5618
47,VDF_Global_Commodity,STEEL,2026-03-29,,1fbb5c414b48cb93,C:\Users\tonyk\Downloads\VeritasIntelligenceAnalytics\dict\VDF\_active\VDF_AKSHARE_CANONICAL_KEY_REPAIR_GATE_v02781_20260610_221005\preview\VDF_AkShare_CanonicalRepairedPreview_v02781.json,VDF_AkShare_CanonicalRepairedPreview_v02781.json,symbol,date,value,vdf_original_row_hash,VDF_Global_Commodity|STEEL|2026-03-29|1fbb5c414b48cb93,False,value_blank_or_non_numeric,a6bc27aac905991f
48,VDF_Global_Commodity,STEEL,2026-03-30,,2b1fe75b192afdcb,C:\Users\tonyk\Downloads\VeritasIntelligenceAnalytics\dict\VDF\_active\VDF_AKSHARE_CANONICAL_KEY_REPAIR_GATE_v02781_20260610_221005\preview\VDF_AkShare_CanonicalRepairedPreview_v02781.json,VDF_AkShare_CanonicalRepairedPreview_v02781.json,symbol,date,value,vdf_original_row_hash,VDF_Global_Commodity|STEEL|2026-03-30|2b1fe75b192afdcb,False,value_blank_or_non_numeric,ff807f87b6c0cb35
49,VDF_Global_Commodity,STEEL,2026-03-31,,16784e29a87f3a4b,C:\Users\tonyk\Downloads\VeritasIntelligenceAnalytics\dict\VDF\_active\VDF_AKSHARE_CANONICAL_KEY_REPAIR_GATE_v02781_20260610_221005\preview\VDF_AkShare_CanonicalRepairedPreview_v02781.json,VDF_AkShare_CanonicalRepairedPreview_v02781.json,symbol,date,value,vdf_original_row_hash,VDF_Global_Commodity|STEEL|2026-03-31|16784e29a87f3a4b,False,value_blank_or_non_numeric,0cd7bc06892033b5
50,VDF_Global_Commodity,STEEL,2026-04-01,,cf33135c5c7ab500,C:\Users\tonyk\Downloads\VeritasIntelligenceAnalytics\dict\VDF\_active\VDF_AKSHARE_CANONICAL_KEY_REPAIR_GATE_v02781_20260610_221005\preview\VDF_AkShare_CanonicalRepairedPreview_v02781.json,VDF_AkShare_CanonicalRepairedPreview_v02781.json,symbol,date,value,vdf_original_row_hash,VDF_Global_Commodity|STEEL|2026-04-01|cf33135c5c7ab500,False,value_blank_or_non_numeric,db072c020b84aaed
51,VDF_Global_Commodity,STEEL,2026-04-02,,f925c35ef6aff307,C:\Users\tonyk\Downloads\VeritasIntelligenceAnalytics\dict\VDF\_active\VDF_AKSHARE_CANONICAL_KEY_REPAIR_GATE_v02781_20260610_221005\preview\VDF_AkShare_CanonicalRepairedPreview_v02781.json,VDF_AkShare_CanonicalRepairedPreview_v02781.json,symbol,date,value,vdf_original_row_hash,VDF_Global_Commodity|STEEL|2026-04-02|f925c35ef6aff307,False,value_blank_or_non_numeric,628991f3d3c71e6e
52,VDF_Global_Commodity,STEEL,2026-04-03,,39ea2aef5d269449,C:\Users\tonyk\Downloads\VeritasIntelligenceAnalytics\dict\VDF\_active\VDF_AKSHARE_CANONICAL_KEY_REPAIR_GATE_v02781_20260610_221005\preview\VDF_AkShare_CanonicalRepairedPreview_v02781.json,VDF_AkShare_CanonicalRepairedPreview_v02781.json,symbol,date,value,vdf_original_row_hash,VDF_Global_Commodity|STEEL|2026-04-03|39ea2aef5d269449,False,value_blank_or_non_numeric,dc7b6c8cab852766
53,VDF_Global_Commodity,STEEL,2026-04-04,,b4508a30ad89a0ae,C:\Users\tonyk\Downloads\VeritasIntelligenceAnalytics\dict\VDF\_active\VDF_AKSHARE_CANONICAL_KEY_REPAIR_GATE_v02781_20260610_221005\preview\VDF_AkShare_CanonicalRepairedPreview_v02781.json,VDF_AkShare_CanonicalRepairedPreview_v02781.json,symbol,date,value,vdf_original_row_hash,VDF_Global_Commodity|STEEL|2026-04-04|b4508a30ad89a0ae,False,value_blank_or_non_numeric,362b188132c19f1d
54,VDF_Global_Commodity,STEEL,2026-04-05,,535111e4c7f8caf3,C:\Users\tonyk\Downloads\VeritasIntelligenceAnalytics\dict\VDF\_active\VDF_AKSHARE_CANONICAL_KEY_REPAIR_GATE_v02781_20260610_221005\preview\VDF_AkShare_CanonicalRepairedPreview_v02781.json,VDF_AkShare_CanonicalRepairedPreview_v02781.json,symbol,date,value,vdf_original_row_hash,VDF_Global_Commodity|STEEL|2026-04-05|535111e4c7f8caf3,False,value_blank_or_non_numeric,9b5c985e7df980f6
55,VDF_Global_Commodity,STEEL,2026-04-06,,43b935b20ec867ab,C:\Users\tonyk\Downloads\VeritasIntelligenceAnalytics\dict\VDF\_active\VDF_AKSHARE_CANONICAL_KEY_REPAIR_GATE_v02781_20260610_221005\preview\VDF_AkShare_CanonicalRepairedPreview_v02781.json,VDF_AkShare_CanonicalRepairedPreview_v02781.json,symbol,date,value,vdf_original_row_hash,VDF_Global_Commodity|STEEL|2026-04-06|43b935b20ec867ab,False,value_blank_or_non_numeric,43e1eafe5d626d45
56,VDF_Global_Commodity,STEEL,2026-04-07,,9f5fc2cf52c86435,C:\Users\tonyk\Downloads\VeritasIntelligenceAnalytics\dict\VDF\_active\VDF_AKSHARE_CANONICAL_KEY_REPAIR_GATE_v02781_20260610_221005\preview\VDF_AkShare_CanonicalRepairedPreview_v02781.json,VDF_AkShare_CanonicalRepairedPreview_v02781.json,symbol,date,value,vdf_original_row_hash,VDF_Global_Commodity|STEEL|2026-04-07|9f5fc2cf52c86435,False,value_blank_or_non_numeric,bcddaf95fb6ed61c
57,VDF_Global_Commodity,STEEL,2026-04-08,,f632e2eaede1bb5f,C:\Users\tonyk\Downloads\VeritasIntelligenceAnalytics\dict\VDF\_active\VDF_AKSHARE_CANONICAL_KEY_REPAIR_GATE_v02781_20260610_221005\preview\VDF_AkShare_CanonicalRepairedPreview_v02781.json,VDF_AkShare_CanonicalRepairedPreview_v02781.json,symbol,date,value,vdf_original_row_hash,VDF_Global_Commodity|STEEL|2026-04-08|f632e2eaede1bb5f,False,value_blank_or_non_numeric,de5e21fb4d934c69
58,VDF_Global_Commodity,STEEL,2026-04-09,,51bc4ad097cb9d24,C:\Users\tonyk\Downloads\VeritasIntelligenceAnalytics\dict\VDF\_active\VDF_AKSHARE_CANONICAL_KEY_REPAIR_GATE_v02781_20260610_221005\preview\VDF_AkShare_CanonicalRepairedPreview_v02781.json,VDF_AkShare_CanonicalRepairedPreview_v02781.json,symbol,date,value,vdf_original_row_hash,VDF_Global_Commodity|STEEL|2026-04-09|51bc4ad097cb9d24,False,value_blank_or_non_numeric,a930d2b0a20b7fa4
59,VDF_Global_Commodity,STEEL,2026-04-10,,9d11d180293623af,C:\Users\tonyk\Downloads\VeritasIntelligenceAnalytics\dict\VDF\_active\VDF_AKSHARE_CANONICAL_KEY_REPAIR_GATE_v02781_20260610_221005\preview\VDF_AkShare_CanonicalRepairedPreview_v02781.json,VDF_AkShare_CanonicalRepairedPreview_v02781.json,symbol,date,value,vdf_original_row_hash,VDF_Global_Commodity|STEEL|2026-04-10|9d11d180293623af,False,value_blank_or_non_numeric,f24f5f928e690a7c
60,VDF_Global_Commodity,STEEL,2026-04-11,,a8380275186e8229,C:\Users\tonyk\Downloads\VeritasIntelligenceAnalytics\dict\VDF\_active\VDF_AKSHARE_CANONICAL_KEY_REPAIR_GATE_v02781_20260610_221005\preview\VDF_AkShare_CanonicalRepairedPreview_v02781.json,VDF_AkShare_CanonicalRepairedPreview_v02781.json,symbol,date,value,vdf_original_row_hash,VDF_Global_Commodity|STEEL|2026-04-11|a8380275186e8229,False,value_blank_or_non_numeric,25563fa44525b4b6
61,VDF_Global_Commodity,STEEL,2026-04-12,,41bd59213f7741b8,C:\Users\tonyk\Downloads\VeritasIntelligenceAnalytics\dict\VDF\_active\VDF_AKSHARE_CANONICAL_KEY_REPAIR_GATE_v02781_20260610_221005\preview\VDF_AkShare_CanonicalRepairedPreview_v02781.json,VDF_AkShare_CanonicalRepairedPreview_v02781.json,symbol,date,value,vdf_original_row_hash,VDF_Global_Commodity|STEEL|2026-04-12|41bd59213f7741b8,False,value_blank_or_non_numeric,d798f771753cd60c
62,VDF_Global_Commodity,STEEL,2026-04-13,,da76094cf64d3b45,C:\Users\tonyk\Downloads\VeritasIntelligenceAnalytics\dict\VDF\_active\VDF_AKSHARE_CANONICAL_KEY_REPAIR_GATE_v02781_20260610_221005\preview\VDF_AkShare_CanonicalRepairedPreview_v02781.json,VDF_AkShare_CanonicalRepairedPreview_v02781.json,symbol,date,value,vdf_original_row_hash,VDF_Global_Commodity|STEEL|2026-04-13|da76094cf64d3b45,False,value_blank_or_non_numeric,2c0a8b2f15b00ca6
63,VDF_Global_Commodity,STEEL,2026-04-14,,fcfa21e569e7c3a5,C:\Users\tonyk\Downloads\VeritasIntelligenceAnalytics\dict\VDF\_active\VDF_AKSHARE_CANONICAL_KEY_REPAIR_GATE_v02781_20260610_221005\preview\VDF_AkShare_CanonicalRepairedPreview_v02781.json,VDF_AkShare_CanonicalRepairedPreview_v02781.json,symbol,date,value,vdf_original_row_hash,VDF_Global_Commodity|STEEL|2026-04-14|fcfa21e569e7c3a5,False,value_blank_or_non_numeric,5d6723c29f93d6ff
64,VDF_Global_Commodity,STEEL,2026-04-15,,edfec6429754fa01,C:\Users\tonyk\Downloads\VeritasIntelligenceAnalytics\dict\VDF\_active\VDF_AKSHARE_CANONICAL_KEY_REPAIR_GATE_v02781_20260610_221005\preview\VDF_AkShare_CanonicalRepairedPreview_v02781.json,VDF_AkShare_CanonicalRepairedPreview_v02781.json,symbol,date,value,vdf_original_row_hash,VDF_Global_Commodity|STEEL|2026-04-15|edfec6429754fa01,False,value_blank_or_non_numeric,101d2df44b0c4e1b
65,VDF_Global_Commodity,STEEL,2026-04-16,,ac042e70ac8b8d69,C:\Users\tonyk\Downloads\VeritasIntelligenceAnalytics\dict\VDF\_active\VDF_AKSHARE_CANONICAL_KEY_REPAIR_GATE_v02781_20260610_221005\preview\VDF_AkShare_CanonicalRepairedPreview_v02781.json,VDF_AkShare_CanonicalRepairedPreview_v02781.json,symbol,date,value,vdf_original_row_hash,VDF_Global_Commodity|STEEL|2026-04-16|ac042e70ac8b8d69,False,value_blank_or_non_numeric,ffebbb4b5c1458ad
66,VDF_Global_Commodity,STEEL,2026-04-17,,0dbc5e25a9bc6d2c,C:\Users\tonyk\Downloads\VeritasIntelligenceAnalytics\dict\VDF\_active\VDF_AKSHARE_CANONICAL_KEY_REPAIR_GATE_v02781_20260610_221005\preview\VDF_AkShare_CanonicalRepairedPreview_v02781.json,VDF_AkShare_CanonicalRepairedPreview_v02781.json,symbol,date,value,vdf_original_row_hash,VDF_Global_Commodity|STEEL|2026-04-17|0dbc5e25a9bc6d2c,False,value_blank_or_non_numeric,5825969161c9cdd5
67,VDF_Global_Commodity,STEEL,2026-04-18,,27facf1c0a1e1d03,C:\Users\tonyk\Downloads\VeritasIntelligenceAnalytics\dict\VDF\_active\VDF_AKSHARE_CANONICAL_KEY_REPAIR_GATE_v02781_20260610_221005\preview\VDF_AkShare_CanonicalRepairedPreview_v02781.json,VDF_AkShare_CanonicalRepairedPreview_v02781.json,symbol,date,value,vdf_original_row_hash,VDF_Global_Commodity|STEEL|2026-04-18|27facf1c0a1e1d03,False,value_blank_or_non_numeric,c3b80afd2c51ae5b
68,VDF_Global_Commodity,STEEL,2026-04-19,,ea30de9dd6a37bf9,C:\Users\tonyk\Downloads\VeritasIntelligenceAnalytics\dict\VDF\_active\VDF_AKSHARE_CANONICAL_KEY_REPAIR_GATE_v02781_20260610_221005\preview\VDF_AkShare_CanonicalRepairedPreview_v02781.json,VDF_AkShare_CanonicalRepairedPreview_v02781.json,symbol,date,value,vdf_original_row_hash,VDF_Global_Commodity|STEEL|2026-04-19|ea30de9dd6a37bf9,False,value_blank_or_non_numeric,1cef92f29be2cf89
69,VDF_Global_Commodity,STEEL,2026-04-20,,27933be90d9ebe4a,C:\Users\tonyk\Downloads\VeritasIntelligenceAnalytics\dict\VDF\_active\VDF_AKSHARE_CANONICAL_KEY_REPAIR_GATE_v02781_20260610_221005\preview\VDF_AkShare_CanonicalRepairedPreview_v02781.json,VDF_AkShare_CanonicalRepairedPreview_v02781.json,symbol,date,value,vdf_original_row_hash,VDF_Global_Commodity|STEEL|2026-04-20|27933be90d9ebe4a,False,value_blank_or_non_numeric,1dc4717840eed621
70,VDF_Global_Commodity,STEEL,2026-04-21,,46d92f1ada391788,C:\Users\tonyk\Downloads\VeritasIntelligenceAnalytics\dict\VDF\_active\VDF_AKSHARE_CANONICAL_KEY_REPAIR_GATE_v02781_20260610_221005\preview\VDF_AkShare_CanonicalRepairedPreview_v02781.json,VDF_AkShare_CanonicalRepairedPreview_v02781.json,symbol,date,value,vdf_original_row_hash,VDF_Global_Commodity|STEEL|2026-04-21|46d92f1ada391788,False,value_blank_or_non_numeric,cff0a3b81150f8bb
71,VDF_Global_Commodity,STEEL,2026-04-22,,f91a63abba8cc482,C:\Users\tonyk\Downloads\VeritasIntelligenceAnalytics\dict\VDF\_active\VDF_AKSHARE_CANONICAL_KEY_REPAIR_GATE_v02781_20260610_221005\preview\VDF_AkShare_CanonicalRepairedPreview_v02781.json,VDF_AkShare_CanonicalRepairedPreview_v02781.json,symbol,date,value,vdf_original_row_hash,VDF_Global_Commodity|STEEL|2026-04-22|f91a63abba8cc482,False,value_blank_or_non_numeric,fa83f936a4802b6d
72,VDF_Global_Commodity,STEEL,2026-04-23,,d16c5ff1bd674378,C:\Users\tonyk\Downloads\VeritasIntelligenceAnalytics\dict\VDF\_active\VDF_AKSHARE_CANONICAL_KEY_REPAIR_GATE_v02781_20260610_221005\preview\VDF_AkShare_CanonicalRepairedPreview_v02781.json,VDF_AkShare_CanonicalRepairedPreview_v02781.json,symbol,date,value,vdf_original_row_hash,VDF_Global_Commodity|STEEL|2026-04-23|d16c5ff1bd674378,False,value_blank_or_non_numeric,77040ef199d0e623
73,VDF_Global_Commodity,STEEL,2026-04-24,,26bc57ad9cbd1f3c,C:\Users\tonyk\Downloads\VeritasIntelligenceAnalytics\dict\VDF\_active\VDF_AKSHARE_CANONICAL_KEY_REPAIR_GATE_v02781_20260610_221005\preview\VDF_AkShare_CanonicalRepairedPreview_v02781.json,VDF_AkShare_CanonicalRepairedPreview_v02781.json,symbol,date,value,vdf_original_row_hash,VDF_Global_Commodity|STEEL|2026-04-24|26bc57ad9cbd1f3c,False,value_blank_or_non_numeric,611353c28500f7ba
74,VDF_Global_Commodity,STEEL,2026-04-25,,de568d4a5dac8ce2,C:\Users\tonyk\Downloads\VeritasIntelligenceAnalytics\dict\VDF\_active\VDF_AKSHARE_CANONICAL_KEY_REPAIR_GATE_v02781_20260610_221005\preview\VDF_AkShare_CanonicalRepairedPreview_v02781.json,VDF_AkShare_CanonicalRepairedPreview_v02781.json,symbol,date,value,vdf_original_row_hash,VDF_Global_Commodity|STEEL|2026-04-25|de568d4a5dac8ce2,False,value_blank_or_non_numeric,fd4ac730b86a0734
75,VDF_Global_Commodity,STEEL,2026-04-26,,f5988f66b272629e,C:\Users\tonyk\Downloads\VeritasIntelligenceAnalytics\dict\VDF\_active\VDF_AKSHARE_CANONICAL_KEY_REPAIR_GATE_v02781_20260610_221005\preview\VDF_AkShare_CanonicalRepairedPreview_v02781.json,VDF_AkShare_CanonicalRepairedPreview_v02781.json,symbol,date,value,vdf_original_row_hash,VDF_Global_Commodity|STEEL|2026-04-26|f5988f66b272629e,False,value_blank_or_non_numeric,5d23e70627034d87
76,VDF_Global_Commodity,STEEL,2026-04-27,,91475892ffe9d810,C:\Users\tonyk\Downloads\VeritasIntelligenceAnalytics\dict\VDF\_active\VDF_AKSHARE_CANONICAL_KEY_REPAIR_GATE_v02781_20260610_221005\preview\VDF_AkShare_CanonicalRepairedPreview_v02781.json,VDF_AkShare_CanonicalRepairedPreview_v02781.json,symbol,date,value,vdf_original_row_hash,VDF_Global_Commodity|STEEL|2026-04-27|91475892ffe9d810,False,value_blank_or_non_numeric,05ae396c9603010b
77,VDF_Global_Commodity,STEEL,2026-04-28,,891e352b8da62a27,C:\Users\tonyk\Downloads\VeritasIntelligenceAnalytics\dict\VDF\_active\VDF_AKSHARE_CANONICAL_KEY_REPAIR_GATE_v02781_20260610_221005\preview\VDF_AkShare_CanonicalRepairedPreview_v02781.json,VDF_AkShare_CanonicalRepairedPreview_v02781.json,symbol,date,value,vdf_original_row_hash,VDF_Global_Commodity|STEEL|2026-04-28|891e352b8da62a27,False,value_blank_or_non_numeric,d8cfc277f0194314
78,VDF_Global_Commodity,STEEL,2026-04-29,,30304b5d6940e0a4,C:\Users\tonyk\Downloads\VeritasIntelligenceAnalytics\dict\VDF\_active\VDF_AKSHARE_CANONICAL_KEY_REPAIR_GATE_v02781_20260610_221005\preview\VDF_AkShare_CanonicalRepairedPreview_v02781.json,VDF_AkShare_CanonicalRepairedPreview_v02781.json,symbol,date,value,vdf_original_row_hash,VDF_Global_Commodity|STEEL|2026-04-29|30304b5d6940e0a4,False,value_blank_or_non_numeric,d0b10e6104ab8a65
79,VDF_Global_Commodity,STEEL,2026-04-30,,51ed4ea967d80607,C:\Users\tonyk\Downloads\VeritasIntelligenceAnalytics\dict\VDF\_active\VDF_AKSHARE_CANONICAL_KEY_REPAIR_GATE_v02781_20260610_221005\preview\VDF_AkShare_CanonicalRepairedPreview_v02781.json,VDF_AkShare_CanonicalRepairedPreview_v02781.json,symbol,date,value,vdf_original_row_hash,VDF_Global_Commodity|STEEL|2026-04-30|51ed4ea967d80607,False,value_blank_or_non_numeric,cc5b37f4e153f26f
80,VDF_Global_Commodity,STEEL,2026-05-01,,5788f3c7b6f2f13c,C:\Users\tonyk\Downloads\VeritasIntelligenceAnalytics\dict\VDF\_active\VDF_AKSHARE_CANONICAL_KEY_REPAIR_GATE_v02781_20260610_221005\preview\VDF_AkShare_CanonicalRepairedPreview_v02781.json,VDF_AkShare_CanonicalRepairedPreview_v02781.json,symbol,date,value,vdf_original_row_hash,VDF_Global_Commodity|STEEL|2026-05-01|5788f3c7b6f2f13c,False,value_blank_or_non_numeric,737fb3c2a808d273
81,VDF_Global_Commodity,STEEL,2026-05-02,,d9615ec1503895fc,C:\Users\tonyk\Downloads\VeritasIntelligenceAnalytics\dict\VDF\_active\VDF_AKSHARE_CANONICAL_KEY_REPAIR_GATE_v02781_20260610_221005\preview\VDF_AkShare_CanonicalRepairedPreview_v02781.json,VDF_AkShare_CanonicalRepairedPreview_v02781.json,symbol,date,value,vdf_original_row_hash,VDF_Global_Commodity|STEEL|2026-05-02|d9615ec1503895fc,False,value_blank_or_non_numeric,cacd9a2e3437ac04
82,VDF_Global_Commodity,STEEL,2026-05-03,,5fea67218864f25a,C:\Users\tonyk\Downloads\VeritasIntelligenceAnalytics\dict\VDF\_active\VDF_AKSHARE_CANONICAL_KEY_REPAIR_GATE_v02781_20260610_221005\preview\VDF_AkShare_CanonicalRepairedPreview_v02781.json,VDF_AkShare_CanonicalRepairedPreview_v02781.json,symbol,date,value,vdf_original_row_hash,VDF_Global_Commodity|STEEL|2026-05-03|5fea67218864f25a,False,value_blank_or_non_numeric,ff3fee8bb231567d
83,VDF_Global_Commodity,STEEL,2026-05-04,,94c5e739c0423990,C:\Users\tonyk\Downloads\VeritasIntelligenceAnalytics\dict\VDF\_active\VDF_AKSHARE_CANONICAL_KEY_REPAIR_GATE_v02781_20260610_221005\preview\VDF_AkShare_CanonicalRepairedPreview_v02781.json,VDF_AkShare_CanonicalRepairedPreview_v02781.json,symbol,date,value,vdf_original_row_hash,VDF_Global_Commodity|STEEL|2026-05-04|94c5e739c0423990,False,value_blank_or_non_numeric,bc4ea57e36988025
84,VDF_Global_Commodity,STEEL,2026-05-05,,3a7550f068ef5492,C:\Users\tonyk\Downloads\VeritasIntelligenceAnalytics\dict\VDF\_active\VDF_AKSHARE_CANONICAL_KEY_REPAIR_GATE_v02781_20260610_221005\preview\VDF_AkShare_CanonicalRepairedPreview_v02781.json,VDF_AkShare_CanonicalRepairedPreview_v02781.json,symbol,date,value,vdf_original_row_hash,VDF_Global_Commodity|STEEL|2026-05-05|3a7550f068ef5492,False,value_blank_or_non_numeric,3f787c7f58d65c78
85,VDF_Global_Commodity,STEEL,2026-05-06,,46671818c77893a3,C:\Users\tonyk\Downloads\VeritasIntelligenceAnalytics\dict\VDF\_active\VDF_AKSHARE_CANONICAL_KEY_REPAIR_GATE_v02781_20260610_221005\preview\VDF_AkShare_CanonicalRepairedPreview_v02781.json,VDF_AkShare_CanonicalRepairedPreview_v02781.json,symbol,date,value,vdf_original_row_hash,VDF_Global_Commodity|STEEL|2026-05-06|46671818c77893a3,False,value_blank_or_non_numeric,fd9a9901a42ce4e8
86,VDF_Global_Commodity,STEEL,2026-05-07,,84d7630c6f8767a6,C:\Users\tonyk\Downloads\VeritasIntelligenceAnalytics\dict\VDF\_active\VDF_AKSHARE_CANONICAL_KEY_REPAIR_GATE_v02781_20260610_221005\preview\VDF_AkShare_CanonicalRepairedPreview_v02781.json,VDF_AkShare_CanonicalRepairedPreview_v02781.json,symbol,date,value,vdf_original_row_hash,VDF_Global_Commodity|STEEL|2026-05-07|84d7630c6f8767a6,False,value_blank_or_non_numeric,4e73116d78a6489d
87,VDF_Global_Commodity,STEEL,2026-05-08,,647c9578f60e4982,C:\Users\tonyk\Downloads\VeritasIntelligenceAnalytics\dict\VDF\_active\VDF_AKSHARE_CANONICAL_KEY_REPAIR_GATE_v02781_20260610_221005\preview\VDF_AkShare_CanonicalRepairedPreview_v02781.json,VDF_AkShare_CanonicalRepairedPreview_v02781.json,symbol,date,value,vdf_original_row_hash,VDF_Global_Commodity|STEEL|2026-05-08|647c9578f60e4982,False,value_blank_or_non_numeric,e13e32fef7e882ed
88,VDF_Global_Commodity,STEEL,2026-05-09,,4d725fc1c1b4b54e,C:\Users\tonyk\Downloads\VeritasIntelligenceAnalytics\dict\VDF\_active\VDF_AKSHARE_CANONICAL_KEY_REPAIR_GATE_v02781_20260610_221005\preview\VDF_AkShare_CanonicalRepairedPreview_v02781.json,VDF_AkShare_CanonicalRepairedPreview_v02781.json,symbol,date,value,vdf_original_row_hash,VDF_Global_Commodity|STEEL|2026-05-09|4d725fc1c1b4b54e,False,value_blank_or_non_numeric,0feac27d803648e5
89,VDF_Global_Commodity,STEEL,2026-05-10,,d9111cc55c60a669,C:\Users\tonyk\Downloads\VeritasIntelligenceAnalytics\dict\VDF\_active\VDF_AKSHARE_CANONICAL_KEY_REPAIR_GATE_v02781_20260610_221005\preview\VDF_AkShare_CanonicalRepairedPreview_v02781.json,VDF_AkShare_CanonicalRepairedPreview_v02781.json,symbol,date,value,vdf_original_row_hash,VDF_Global_Commodity|STEEL|2026-05-10|d9111cc55c60a669,False,value_blank_or_non_numeric,d8545eedd0898a35
90,VDF_Global_Commodity,STEEL,2026-05-11,,3fa543a12d9a8639,C:\Users\tonyk\Downloads\VeritasIntelligenceAnalytics\dict\VDF\_active\VDF_AKSHARE_CANONICAL_KEY_REPAIR_GATE_v02781_20260610_221005\preview\VDF_AkShare_CanonicalRepairedPreview_v02781.json,VDF_AkShare_CanonicalRepairedPreview_v02781.json,symbol,date,value,vdf_original_row_hash,VDF_Global_Commodity|STEEL|2026-05-11|3fa543a12d9a8639,False,value_blank_or_non_numeric,b7ad07f211594124
91,VDF_Global_Commodity,STEEL,2026-05-12,,30bed848daa09b96,C:\Users\tonyk\Downloads\VeritasIntelligenceAnalytics\dict\VDF\_active\VDF_AKSHARE_CANONICAL_KEY_REPAIR_GATE_v02781_20260610_221005\preview\VDF_AkShare_CanonicalRepairedPreview_v02781.json,VDF_AkShare_CanonicalRepairedPreview_v02781.json,symbol,date,value,vdf_original_row_hash,VDF_Global_Commodity|STEEL|2026-05-12|30bed848daa09b96,False,value_blank_or_non_numeric,ee2428dc47eac9f6
92,VDF_Global_Commodity,STEEL,2026-05-13,,a9ff9b19c708de0a,C:\Users\tonyk\Downloads\VeritasIntelligenceAnalytics\dict\VDF\_active\VDF_AKSHARE_CANONICAL_KEY_REPAIR_GATE_v02781_20260610_221005\preview\VDF_AkShare_CanonicalRepairedPreview_v02781.json,VDF_AkShare_CanonicalRepairedPreview_v02781.json,symbol,date,value,vdf_original_row_hash,VDF_Global_Commodity|STEEL|2026-05-13|a9ff9b19c708de0a,False,value_blank_or_non_numeric,17d5d27367585557
93,VDF_Global_Commodity,STEEL,2026-05-14,,b16a301dee35ed47,C:\Users\tonyk\Downloads\VeritasIntelligenceAnalytics\dict\VDF\_active\VDF_AKSHARE_CANONICAL_KEY_REPAIR_GATE_v02781_20260610_221005\preview\VDF_AkShare_CanonicalRepairedPreview_v02781.json,VDF_AkShare_CanonicalRepairedPreview_v02781.json,symbol,date,value,vdf_original_row_hash,VDF_Global_Commodity|STEEL|2026-05-14|b16a301dee35ed47,False,value_blank_or_non_numeric,4dd157d61e86c27b
94,VDF_Global_Commodity,STEEL,2026-05-15,,a585105d016aa2de,C:\Users\tonyk\Downloads\VeritasIntelligenceAnalytics\dict\VDF\_active\VDF_AKSHARE_CANONICAL_KEY_REPAIR_GATE_v02781_20260610_221005\preview\VDF_AkShare_CanonicalRepairedPreview_v02781.json,VDF_AkShare_CanonicalRepairedPreview_v02781.json,symbol,date,value,vdf_original_row_hash,VDF_Global_Commodity|STEEL|2026-05-15|a585105d016aa2de,False,value_blank_or_non_numeric,295011dd3c854936
95,VDF_Global_Commodity,STEEL,2026-05-16,,104addbe1f270dec,C:\Users\tonyk\Downloads\VeritasIntelligenceAnalytics\dict\VDF\_active\VDF_AKSHARE_CANONICAL_KEY_REPAIR_GATE_v02781_20260610_221005\preview\VDF_AkShare_CanonicalRepairedPreview_v02781.json,VDF_AkShare_CanonicalRepairedPreview_v02781.json,symbol,date,value,vdf_original_row_hash,VDF_Global_Commodity|STEEL|2026-05-16|104addbe1f270dec,False,value_blank_or_non_numeric,90b850728097864a
96,VDF_Global_Commodity,STEEL,2026-05-17,,d4e02c8ad0b90374,C:\Users\tonyk\Downloads\VeritasIntelligenceAnalytics\dict\VDF\_active\VDF_AKSHARE_CANONICAL_KEY_REPAIR_GATE_v02781_20260610_221005\preview\VDF_AkShare_CanonicalRepairedPreview_v02781.json,VDF_AkShare_CanonicalRepairedPreview_v02781.json,symbol,date,value,vdf_original_row_hash,VDF_Global_Commodity|STEEL|2026-05-17|d4e02c8ad0b90374,False,value_blank_or_non_numeric,da114048f9ba6d98
97,VDF_Global_Commodity,STEEL,2026-05-18,,fefcd372d469ffda,C:\Users\tonyk\Downloads\VeritasIntelligenceAnalytics\dict\VDF\_active\VDF_AKSHARE_CANONICAL_KEY_REPAIR_GATE_v02781_20260610_221005\preview\VDF_AkShare_CanonicalRepairedPreview_v02781.json,VDF_AkShare_CanonicalRepairedPreview_v02781.json,symbol,date,value,vdf_original_row_hash,VDF_Global_Commodity|STEEL|2026-05-18|fefcd372d469ffda,False,value_blank_or_non_numeric,3163c94e3087ae34
98,VDF_Global_Commodity,STEEL,2026-05-19,,a150ab7061c116e0,C:\Users\tonyk\Downloads\VeritasIntelligenceAnalytics\dict\VDF\_active\VDF_AKSHARE_CANONICAL_KEY_REPAIR_GATE_v02781_20260610_221005\preview\VDF_AkShare_CanonicalRepairedPreview_v02781.json,VDF_AkShare_CanonicalRepairedPreview_v02781.json,symbol,date,value,vdf_original_row_hash,VDF_Global_Commodity|STEEL|2026-05-19|a150ab7061c116e0,False,value_blank_or_non_numeric,5f8fa361a0a82ce8
99,VDF_Global_Commodity,STEEL,2026-05-20,,716b95c92338a230,C:\Users\tonyk\Downloads\VeritasIntelligenceAnalytics\dict\VDF\_active\VDF_AKSHARE_CANONICAL_KEY_REPAIR_GATE_v02781_20260610_221005\preview\VDF_AkShare_CanonicalRepairedPreview_v02781.json,VDF_AkShare_CanonicalRepairedPreview_v02781.json,symbol,date,value,vdf_original_row_hash,VDF_Global_Commodity|STEEL|2026-05-20|716b95c92338a230,False,value_blank_or_non_numeric,9b4310afae70d0da
100,VDF_Global_Commodity,STEEL,2026-05-21,,726656cb1305f67e,C:\Users\tonyk\Downloads\VeritasIntelligenceAnalytics\dict\VDF\_active\VDF_AKSHARE_CANONICAL_KEY_REPAIR_GATE_v02781_20260610_221005\preview\VDF_AkShare_CanonicalRepairedPreview_v02781.json,VDF_AkShare_CanonicalRepairedPreview_v02781.json,symbol,date,value,vdf_original_row_hash,VDF_Global_Commodity|STEEL|2026-05-21|726656cb1305f67e,False,value_blank_or_non_numeric,a20295dd81ee1c65
101,VDF_Global_Commodity,STEEL,2026-05-22,,516070d60627a41e,C:\Users\tonyk\Downloads\VeritasIntelligenceAnalytics\dict\VDF\_active\VDF_AKSHARE_CANONICAL_KEY_REPAIR_GATE_v02781_20260610_221005\preview\VDF_AkShare_CanonicalRepairedPreview_v02781.json,VDF_AkShare_CanonicalRepairedPreview_v02781.json,symbol,date,value,vdf_original_row_hash,VDF_Global_Commodity|STEEL|2026-05-22|516070d60627a41e,False,value_blank_or_non_numeric,c65b2acd1f9556da
102,VDF_Global_Commodity,STEEL,2026-05-23,,170ea7960b94ee13,C:\Users\tonyk\Downloads\VeritasIntelligenceAnalytics\dict\VDF\_active\VDF_AKSHARE_CANONICAL_KEY_REPAIR_GATE_v02781_20260610_221005\preview\VDF_AkShare_CanonicalRepairedPreview_v02781.json,VDF_AkShare_CanonicalRepairedPreview_v02781.json,symbol,date,value,vdf_original_row_hash,VDF_Global_Commodity|STEEL|2026-05-23|170ea7960b94ee13,False,value_blank_or_non_numeric,13b6d9390a2c1c06
103,VDF_Global_Commodity,STEEL,2026-05-24,,90512da68dddf876,C:\Users\tonyk\Downloads\VeritasIntelligenceAnalytics\dict\VDF\_active\VDF_AKSHARE_CANONICAL_KEY_REPAIR_GATE_v02781_20260610_221005\preview\VDF_AkShare_CanonicalRepairedPreview_v02781.json,VDF_AkShare_CanonicalRepairedPreview_v02781.json,symbol,date,value,vdf_original_row_hash,VDF_Global_Commodity|STEEL|2026-05-24|90512da68dddf876,False,value_blank_or_non_numeric,5ecf571fd50c5eca
104,VDF_Global_Commodity,STEEL,2026-05-25,,a8b621f447f59f53,C:\Users\tonyk\Downloads\VeritasIntelligenceAnalytics\dict\VDF\_active\VDF_AKSHARE_CANONICAL_KEY_REPAIR_GATE_v02781_20260610_221005\preview\VDF_AkShare_CanonicalRepairedPreview_v02781.json,VDF_AkShare_CanonicalRepairedPreview_v02781.json,symbol,date,value,vdf_original_row_hash,VDF_Global_Commodity|STEEL|2026-05-25|a8b621f447f59f53,False,value_blank_or_non_numeric,632bd9cd4a179fe8
105,VDF_Global_Commodity,STEEL,2026-05-26,,9b6451e7a5a53779,C:\Users\tonyk\Downloads\VeritasIntelligenceAnalytics\dict\VDF\_active\VDF_AKSHARE_CANONICAL_KEY_REPAIR_GATE_v02781_20260610_221005\preview\VDF_AkShare_CanonicalRepairedPreview_v02781.json,VDF_AkShare_CanonicalRepairedPreview_v02781.json,symbol,date,value,vdf_original_row_hash,VDF_Global_Commodity|STEEL|2026-05-26|9b6451e7a5a53779,False,value_blank_or_non_numeric,9ea261a024bbefd8
106,VDF_Global_Commodity,STEEL,2026-05-27,,bd41869305419303,C:\Users\tonyk\Downloads\VeritasIntelligenceAnalytics\dict\VDF\_active\VDF_AKSHARE_CANONICAL_KEY_REPAIR_GATE_v02781_20260610_221005\preview\VDF_AkShare_CanonicalRepairedPreview_v02781.json,VDF_AkShare_CanonicalRepairedPreview_v02781.json,symbol,date,value,vdf_original_row_hash,VDF_Global_Commodity|STEEL|2026-05-27|bd41869305419303,False,value_blank_or_non_numeric,d0669d1eb9b7749f
107,VDF_Global_Commodity,STEEL,2026-05-28,,3e56ab0ce2afa61d,C:\Users\tonyk\Downloads\VeritasIntelligenceAnalytics\dict\VDF\_active\VDF_AKSHARE_CANONICAL_KEY_REPAIR_GATE_v02781_20260610_221005\preview\VDF_AkShare_CanonicalRepairedPreview_v02781.json,VDF_AkShare_CanonicalRepairedPreview_v02781.json,symbol,date,value,vdf_original_row_hash,VDF_Global_Commodity|STEEL|2026-05-28|3e56ab0ce2afa61d,False,value_blank_or_non_numeric,562c678c64b2f8c0
108,VDF_Global_Commodity,STEEL,2026-05-29,,40e8296c0ed61094,C:\Users\tonyk\Downloads\VeritasIntelligenceAnalytics\dict\VDF\_active\VDF_AKSHARE_CANONICAL_KEY_REPAIR_GATE_v02781_20260610_221005\preview\VDF_AkShare_CanonicalRepairedPreview_v02781.json,VDF_AkShare_CanonicalRepairedPreview_v02781.json,symbol,date,value,vdf_original_row_hash,VDF_Global_Commodity|STEEL|2026-05-29|40e8296c0ed61094,False,value_blank_or_non_numeric,2082ec7d463fcd54
109,VDF_Global_Commodity,STEEL,2026-05-30,,e53d73801e8f4112,C:\Users\tonyk\Downloads\VeritasIntelligenceAnalytics\dict\VDF\_active\VDF_AKSHARE_CANONICAL_KEY_REPAIR_GATE_v02781_20260610_221005\preview\VDF_AkShare_CanonicalRepairedPreview_v02781.json,VDF_AkShare_CanonicalRepairedPreview_v02781.json,symbol,date,value,vdf_original_row_hash,VDF_Global_Commodity|STEEL|2026-05-30|e53d73801e8f4112,False,value_blank_or_non_numeric,830e7beffa132886
110,VDF_Global_Commodity,STEEL,2026-05-31,,fef82514d2108ea1,C:\Users\tonyk\Downloads\VeritasIntelligenceAnalytics\dict\VDF\_active\VDF_AKSHARE_CANONICAL_KEY_REPAIR_GATE_v02781_20260610_221005\preview\VDF_AkShare_CanonicalRepairedPreview_v02781.json,VDF_AkShare_CanonicalRepairedPreview_v02781.json,symbol,date,value,vdf_original_row_hash,VDF_Global_Commodity|STEEL|2026-05-31|fef82514d2108ea1,False,value_blank_or_non_numeric,e8697343dfc72e47
111,VDF_Global_Commodity,STEEL,2026-06-01,,518388a4bd633bdf,C:\Users\tonyk\Downloads\VeritasIntelligenceAnalytics\dict\VDF\_active\VDF_AKSHARE_CANONICAL_KEY_REPAIR_GATE_v02781_20260610_221005\preview\VDF_AkShare_CanonicalRepairedPreview_v02781.json,VDF_AkShare_CanonicalRepairedPreview_v02781.json,symbol,date,value,vdf_original_row_hash,VDF_Global_Commodity|STEEL|2026-06-01|518388a4bd633bdf,False,value_blank_or_non_numeric,e9a854bcb3b87feb
112,VDF_Global_Commodity,STEEL,2026-06-02,,56d9bd37d5c6d037,C:\Users\tonyk\Downloads\VeritasIntelligenceAnalytics\dict\VDF\_active\VDF_AKSHARE_CANONICAL_KEY_REPAIR_GATE_v02781_20260610_221005\preview\VDF_AkShare_CanonicalRepairedPreview_v02781.json,VDF_AkShare_CanonicalRepairedPreview_v02781.json,symbol,date,value,vdf_original_row_hash,VDF_Global_Commodity|STEEL|2026-06-02|56d9bd37d5c6d037,False,value_blank_or_non_numeric,085451412c468b5e
113,VDF_Global_Commodity,STEEL,2026-06-03,,348f2d77d1f984b6,C:\Users\tonyk\Downloads\VeritasIntelligenceAnalytics\dict\VDF\_active\VDF_AKSHARE_CANONICAL_KEY_REPAIR_GATE_v02781_20260610_221005\preview\VDF_AkShare_CanonicalRepairedPreview_v02781.json,VDF_AkShare_CanonicalRepairedPreview_v02781.json,symbol,date,value,vdf_original_row_hash,VDF_Global_Commodity|STEEL|2026-06-03|348f2d77d1f984b6,False,value_blank_or_non_numeric,65749b8c930b6183
114,VDF_Global_Commodity,STEEL,2026-06-04,,effbe9b4a4e02568,C:\Users\tonyk\Downloads\VeritasIntelligenceAnalytics\dict\VDF\_active\VDF_AKSHARE_CANONICAL_KEY_REPAIR_GATE_v02781_20260610_221005\preview\VDF_AkShare_CanonicalRepairedPreview_v02781.json,VDF_AkShare_CanonicalRepairedPreview_v02781.json,symbol,date,value,vdf_original_row_hash,VDF_Global_Commodity|STEEL|2026-06-04|effbe9b4a4e02568,False,value_blank_or_non_numeric,ddc2d765ff42e849
115,VDF_Global_Commodity,STEEL,2026-06-05,,e5968e77e8c85060,C:\Users\tonyk\Downloads\VeritasIntelligenceAnalytics\dict\VDF\_active\VDF_AKSHARE_CANONICAL_KEY_REPAIR_GATE_v02781_20260610_221005\preview\VDF_AkShare_CanonicalRepairedPreview_v02781.json,VDF_AkShare_CanonicalRepairedPreview_v02781.json,symbol,date,value,vdf_original_row_hash,VDF_Global_Commodity|STEEL|2026-06-05|e5968e77e8c85060,False,value_blank_or_non_numeric,9cf9d2913b256c3e
116,VDF_Global_Commodity,STEEL,2026-06-06,,751374545aa7d59f,C:\Users\tonyk\Downloads\VeritasIntelligenceAnalytics\dict\VDF\_active\VDF_AKSHARE_CANONICAL_KEY_REPAIR_GATE_v02781_20260610_221005\preview\VDF_AkShare_CanonicalRepairedPreview_v02781.json,VDF_AkShare_CanonicalRepairedPreview_v02781.json,symbol,date,value,vdf_original_row_hash,VDF_Global_Commodity|STEEL|2026-06-06|751374545aa7d59f,False,value_blank_or_non_numeric,bc43fda7dd62dfd9
117,VDF_Global_Commodity,STEEL,2026-06-07,,2e28489319df7bab,C:\Users\tonyk\Downloads\VeritasIntelligenceAnalytics\dict\VDF\_active\VDF_AKSHARE_CANONICAL_KEY_REPAIR_GATE_v02781_20260610_221005\preview\VDF_AkShare_CanonicalRepairedPreview_v02781.json,VDF_AkShare_CanonicalRepairedPreview_v02781.json,symbol,date,value,vdf_original_row_hash,VDF_Global_Commodity|STEEL|2026-06-07|2e28489319df7bab,False,value_blank_or_non_numeric,97363d1a3b117f15
118,VDF_Global_Commodity,STEEL,2026-06-08,,587050c546c2fc6f,C:\Users\tonyk\Downloads\VeritasIntelligenceAnalytics\dict\VDF\_active\VDF_AKSHARE_CANONICAL_KEY_REPAIR_GATE_v02781_20260610_221005\preview\VDF_AkShare_CanonicalRepairedPreview_v02781.json,VDF_AkShare_CanonicalRepairedPreview_v02781.json,symbol,date,value,vdf_original_row_hash,VDF_Global_Commodity|STEEL|2026-06-08|587050c546c2fc6f,False,value_blank_or_non_numeric,88630a1055b40931
119,VDF_Global_Commodity,STEEL,2026-06-09,,dbe71981a6e3cd04,C:\Users\tonyk\Downloads\VeritasIntelligenceAnalytics\dict\VDF\_active\VDF_AKSHARE_CANONICAL_KEY_REPAIR_GATE_v02781_20260610_221005\preview\VDF_AkShare_CanonicalRepairedPreview_v02781.json,VDF_AkShare_CanonicalRepairedPreview_v02781.json,symbol,date,value,vdf_original_row_hash,VDF_Global_Commodity|STEEL|2026-06-09|dbe71981a6e3cd04,False,value_blank_or_non_numeric,590156c41fe83acb
120,VDF_Global_Commodity,STEEL,2026-06-10,,284322b2697ecb17,C:\Users\tonyk\Downloads\VeritasIntelligenceAnalytics\dict\VDF\_active\VDF_AKSHARE_CANONICAL_KEY_REPAIR_GATE_v02781_20260610_221005\preview\VDF_AkShare_CanonicalRepairedPreview_v02781.json,VDF_AkShare_CanonicalRepairedPreview_v02781.json,symbol,date,value,vdf_original_row_hash,VDF_Global_Commodity|STEEL|2026-06-10|284322b2697ecb17,False,value_blank_or_non_numeric,fdc88511fa460dbf
121,VDF_Global_Commodity,COMMODITY_FUTURES,2026-06-10,,8ed97111ad0a8683,C:\Users\tonyk\Downloads\VeritasIntelligenceAnalytics\dict\VDF\_active\VDF_AKSHARE_CANONICAL_KEY_REPAIR_GATE_v02781_20260610_221005\preview\VDF_AkShare_CanonicalRepairedPreview_v02781.json,VDF_AkShare_CanonicalRepairedPreview_v02781.json,symbol,date,value,vdf_original_row_hash,VDF_Global_Commodity|COMMODITY_FUTURES|2026-06-10|8ed97111ad0a8683,False,value_blank_or_non_numeric,5db60c8b3d913ad2
122,VDF_Global_Commodity,COMMODITY_FUTURES,2026-06-10,,b6c324f1982f4025,C:\Users\tonyk\Downloads\VeritasIntelligenceAnalytics\dict\VDF\_active\VDF_AKSHARE_CANONICAL_KEY_REPAIR_GATE_v02781_20260610_221005\preview\VDF_AkShare_CanonicalRepairedPreview_v02781.json,VDF_AkShare_CanonicalRepairedPreview_v02781.json,symbol,date,value,vdf_original_row_hash,VDF_Global_Commodity|COMMODITY_FUTURES|2026-06-10|b6c324f1982f4025,False,value_blank_or_non_numeric,37538386e961b88c
123,VDF_Global_Commodity,COMMODITY_FUTURES,2026-06-10,3.0,57eb5cd28b5ac54e,C:\Users\tonyk\Downloads\VeritasIntelligenceAnalytics\dict\VDF\_active\VDF_AKSHARE_CANONICAL_KEY_REPAIR_GATE_v02781_20260610_221005\preview\VDF_AkShare_CanonicalRepairedPreview_v02781.json,VDF_AkShare_CanonicalRepairedPreview_v02781.json,symbol,date,value,vdf_original_row_hash,VDF_Global_Commodity|COMMODITY_FUTURES|2026-06-10|57eb5cd28b5ac54e,True,,98ee6e235c20a3a8
124,VDF_Global_Commodity,COMMODITY_FUTURES,2026-06-10,,a6f7896282f27654,C:\Users\tonyk\Downloads\VeritasIntelligenceAnalytics\dict\VDF\_active\VDF_AKSHARE_CANONICAL_KEY_REPAIR_GATE_v02781_20260610_221005\preview\VDF_AkShare_CanonicalRepairedPreview_v02781.json,VDF_AkShare_CanonicalRepairedPreview_v02781.json,symbol,date,value,vdf_original_row_hash,VDF_Global_Commodity|COMMODITY_FUTURES|2026-06-10|a6f7896282f27654,False,value_blank_or_non_numeric,7f6a5b62fdb6976b
125,VDF_Global_Commodity,COMMODITY_FUTURES,2026-06-10,,8881531c4db276fc,C:\Users\tonyk\Downloads\VeritasIntelligenceAnalytics\dict\VDF\_active\VDF_AKSHARE_CANONICAL_KEY_REPAIR_GATE_v02781_20260610_221005\preview\VDF_AkShare_CanonicalRepairedPreview_v02781.json,VDF_AkShare_CanonicalRepairedPreview_v02781.json,symbol,date,value,vdf_original_row_hash,VDF_Global_Commodity|COMMODITY_FUTURES|2026-06-10|8881531c4db276fc,False,value_blank_or_non_numeric,c424de1fa41eee96
126,VDF_Global_Commodity,COMMODITY_FUTURES,2026-06-10,,87b1ad27576725bf,C:\Users\tonyk\Downloads\VeritasIntelligenceAnalytics\dict\VDF\_active\VDF_AKSHARE_CANONICAL_KEY_REPAIR_GATE_v02781_20260610_221005\preview\VDF_AkShare_CanonicalRepairedPreview_v02781.json,VDF_AkShare_CanonicalRepairedPreview_v02781.json,symbol,date,value,vdf_original_row_hash,VDF_Global_Commodity|COMMODITY_FUTURES|2026-06-10|87b1ad27576725bf,False,value_blank_or_non_numeric,e3805301126a4110
127,VDF_Global_Commodity,COMMODITY_FUTURES,2026-06-10,,b0e761cec4a31790,C:\Users\tonyk\Downloads\VeritasIntelligenceAnalytics\dict\VDF\_active\VDF_AKSHARE_CANONICAL_KEY_REPAIR_GATE_v02781_20260610_221005\preview\VDF_AkShare_CanonicalRepairedPreview_v02781.json,VDF_AkShare_CanonicalRepairedPreview_v02781.json,symbol,date,value,vdf_original_row_hash,VDF_Global_Commodity|COMMODITY_FUTURES|2026-06-10|b0e761cec4a31790,False,value_blank_or_non_numeric,65b274206c34f046
128,VDF_Global_Commodity,COMMODITY_FUTURES,2026-06-10,,e4c42bf85705583b,C:\Users\tonyk\Downloads\VeritasIntelligenceAnalytics\dict\VDF\_active\VDF_AKSHARE_CANONICAL_KEY_REPAIR_GATE_v02781_20260610_221005\preview\VDF_AkShare_CanonicalRepairedPreview_v02781.json,VDF_AkShare_CanonicalRepairedPreview_v02781.json,symbol,date,value,vdf_original_row_hash,VDF_Global_Commodity|COMMODITY_FUTURES|2026-06-10|e4c42bf85705583b,False,value_blank_or_non_numeric,1a70a99afe1481b9
129,VDF_Global_Commodity,COMMODITY_FUTURES,2026-06-10,,abd3206346ff4d85,C:\Users\tonyk\Downloads\VeritasIntelligenceAnalytics\dict\VDF\_active\VDF_AKSHARE_CANONICAL_KEY_REPAIR_GATE_v02781_20260610_221005\preview\VDF_AkShare_CanonicalRepairedPreview_v02781.json,VDF_AkShare_CanonicalRepairedPreview_v02781.json,symbol,date,value,vdf_original_row_hash,VDF_Global_Commodity|COMMODITY_FUTURES|2026-06-10|abd3206346ff4d85,False,value_blank_or_non_numeric,593bbef76f796402
130,VDF_Global_Commodity,COMMODITY_FUTURES,2026-06-10,,34e6a213b7c37244,C:\Users\tonyk\Downloads\VeritasIntelligenceAnalytics\dict\VDF\_active\VDF_AKSHARE_CANONICAL_KEY_REPAIR_GATE_v02781_20260610_221005\preview\VDF_AkShare_CanonicalRepairedPreview_v02781.json,VDF_AkShare_CanonicalRepairedPreview_v02781.json,symbol,date,value,vdf_original_row_hash,VDF_Global_Commodity|COMMODITY_FUTURES|2026-06-10|34e6a213b7c37244,False,value_blank_or_non_numeric,ec56a5a1849c4547
131,VDF_Global_Commodity,COMMODITY_FUTURES,2026-06-10,,ea39f86f0cc205f2,C:\Users\tonyk\Downloads\VeritasIntelligenceAnalytics\dict\VDF\_active\VDF_AKSHARE_CANONICAL_KEY_REPAIR_GATE_v02781_20260610_221005\preview\VDF_AkShare_CanonicalRepairedPreview_v02781.json,VDF_AkShare_CanonicalRepairedPreview_v02781.json,symbol,date,value,vdf_original_row_hash,VDF_Global_Commodity|COMMODITY_FUTURES|2026-06-10|ea39f86f0cc205f2,False,value_blank_or_non_numeric,30ae94004c1e79e8
132,VDF_Global_Commodity,COMMODITY_FUTURES,2026-06-10,,b599eda556917203,C:\Users\tonyk\Downloads\VeritasIntelligenceAnalytics\dict\VDF\_active\VDF_AKSHARE_CANONICAL_KEY_REPAIR_GATE_v02781_20260610_221005\preview\VDF_AkShare_CanonicalRepairedPreview_v02781.json,VDF_AkShare_CanonicalRepairedPreview_v02781.json,symbol,date,value,vdf_original_row_hash,VDF_Global_Commodity|COMMODITY_FUTURES|2026-06-10|b599eda556917203,False,value_blank_or_non_numeric,3d37f894cb7a32cc
133,VDF_Global_Commodity,COMMODITY_FUTURES,2026-06-10,,5ef2551ad8ff5d40,C:\Users\tonyk\Downloads\VeritasIntelligenceAnalytics\dict\VDF\_active\VDF_AKSHARE_CANONICAL_KEY_REPAIR_GATE_v02781_20260610_221005\preview\VDF_AkShare_CanonicalRepairedPreview_v02781.json,VDF_AkShare_CanonicalRepairedPreview_v02781.json,symbol,date,value,vdf_original_row_hash,VDF_Global_Commodity|COMMODITY_FUTURES|2026-06-10|5ef2551ad8ff5d40,False,value_blank_or_non_numeric,eaeae25522fdf584
134,VDF_Global_Commodity,COMMODITY_FUTURES,2026-06-10,,ec5bc834d2fb249d,C:\Users\tonyk\Downloads\VeritasIntelligenceAnalytics\dict\VDF\_active\VDF_AKSHARE_CANONICAL_KEY_REPAIR_GATE_v02781_20260610_221005\preview\VDF_AkShare_CanonicalRepairedPreview_v02781.json,VDF_AkShare_CanonicalRepairedPreview_v02781.json,symbol,date,value,vdf_original_row_hash,VDF_Global_Commodity|COMMODITY_FUTURES|2026-06-10|ec5bc834d2fb249d,False,value_blank_or_non_numeric,9755da3d430935e8
135,VDF_Global_Commodity,COMMODITY_FUTURES,2026-06-10,,fc3703242831a527,C:\Users\tonyk\Downloads\VeritasIntelligenceAnalytics\dict\VDF\_active\VDF_AKSHARE_CANONICAL_KEY_REPAIR_GATE_v02781_20260610_221005\preview\VDF_AkShare_CanonicalRepairedPreview_v02781.json,VDF_AkShare_CanonicalRepairedPreview_v02781.json,symbol,date,value,vdf_original_row_hash,VDF_Global_Commodity|COMMODITY_FUTURES|2026-06-10|fc3703242831a527,False,value_blank_or_non_numeric,e47f42f4a99168b1
136,VDF_Global_Commodity,COMMODITY_FUTURES,2026-06-10,,1937058cf9dcbf3f,C:\Users\tonyk\Downloads\VeritasIntelligenceAnalytics\dict\VDF\_active\VDF_AKSHARE_CANONICAL_KEY_REPAIR_GATE_v02781_20260610_221005\preview\VDF_AkShare_CanonicalRepairedPreview_v02781.json,VDF_AkShare_CanonicalRepairedPreview_v02781.json,symbol,date,value,vdf_original_row_hash,VDF_Global_Commodity|COMMODITY_FUTURES|2026-06-10|1937058cf9dcbf3f,False,value_blank_or_non_numeric,7d4b6a29bb652824
137,VDF_Global_Commodity,COMMODITY_FUTURES,2026-06-10,,d87aedb292159a7a,C:\Users\tonyk\Downloads\VeritasIntelligenceAnalytics\dict\VDF\_active\VDF_AKSHARE_CANONICAL_KEY_REPAIR_GATE_v02781_20260610_221005\preview\VDF_AkShare_CanonicalRepairedPreview_v02781.json,VDF_AkShare_CanonicalRepairedPreview_v02781.json,symbol,date,value,vdf_original_row_hash,VDF_Global_Commodity|COMMODITY_FUTURES|2026-06-10|d87aedb292159a7a,False,value_blank_or_non_numeric,28465733f3e201d1
138,VDF_Global_Commodity,COMMODITY_FUTURES,2026-06-10,,55530a7c487ccd7e,C:\Users\tonyk\Downloads\VeritasIntelligenceAnalytics\dict\VDF\_active\VDF_AKSHARE_CANONICAL_KEY_REPAIR_GATE_v02781_20260610_221005\preview\VDF_AkShare_CanonicalRepairedPreview_v02781.json,VDF_AkShare_CanonicalRepairedPreview_v02781.json,symbol,date,value,vdf_original_row_hash,VDF_Global_Commodity|COMMODITY_FUTURES|2026-06-10|55530a7c487ccd7e,False,value_blank_or_non_numeric,82cf6c20ed20b63c
139,VDF_Global_Commodity,COMMODITY_FUTURES,2026-06-10,,5dad3acfb3118f55,C:\Users\tonyk\Downloads\VeritasIntelligenceAnalytics\dict\VDF\_active\VDF_AKSHARE_CANONICAL_KEY_REPAIR_GATE_v02781_20260610_221005\preview\VDF_AkShare_CanonicalRepairedPreview_v02781.json,VDF_AkShare_CanonicalRepairedPreview_v02781.json,symbol,date,value,vdf_original_row_hash,VDF_Global_Commodity|COMMODITY_FUTURES|2026-06-10|5dad3acfb3118f55,False,value_blank_or_non_numeric,5a6f96e082074001
140,VDF_Global_Commodity,COMMODITY_FUTURES,2026-06-10,,e59bb77d090bf232,C:\Users\tonyk\Downloads\VeritasIntelligenceAnalytics\dict\VDF\_active\VDF_AKSHARE_CANONICAL_KEY_REPAIR_GATE_v02781_20260610_221005\preview\VDF_AkShare_CanonicalRepairedPreview_v02781.json,VDF_AkShare_CanonicalRepairedPreview_v02781.json,symbol,date,value,vdf_original_row_hash,VDF_Global_Commodity|COMMODITY_FUTURES|2026-06-10|e59bb77d090bf232,False,value_blank_or_non_numeric,e93d777606b154e4
141,VDF_Global_Commodity,COMMODITY_FUTURES,2026-06-10,,04ca49f8705f8c53,C:\Users\tonyk\Downloads\VeritasIntelligenceAnalytics\dict\VDF\_active\VDF_AKSHARE_CANONICAL_KEY_REPAIR_GATE_v02781_20260610_221005\preview\VDF_AkShare_CanonicalRepairedPreview_v02781.json,VDF_AkShare_CanonicalRepairedPreview_v02781.json,symbol,date,value,vdf_original_row_hash,VDF_Global_Commodity|COMMODITY_FUTURES|2026-06-10|04ca49f8705f8c53,False,value_blank_or_non_numeric,f90088f149ccae01
142,VDF_Global_Commodity,COMMODITY_FUTURES,2026-06-10,,c5c416e5c0ab2b85,C:\Users\tonyk\Downloads\VeritasIntelligenceAnalytics\dict\VDF\_active\VDF_AKSHARE_CANONICAL_KEY_REPAIR_GATE_v02781_20260610_221005\preview\VDF_AkShare_CanonicalRepairedPreview_v02781.json,VDF_AkShare_CanonicalRepairedPreview_v02781.json,symbol,date,value,vdf_original_row_hash,VDF_Global_Commodity|COMMODITY_FUTURES|2026-06-10|c5c416e5c0ab2b85,False,value_blank_or_non_numeric,f97764b3c883e7ba
143,VDF_Global_Commodity,COMMODITY_FUTURES,2026-06-10,,36fc04e0f35fc7f3,C:\Users\tonyk\Downloads\VeritasIntelligenceAnalytics\dict\VDF\_active\VDF_AKSHARE_CANONICAL_KEY_REPAIR_GATE_v02781_20260610_221005\preview\VDF_AkShare_CanonicalRepairedPreview_v02781.json,VDF_AkShare_CanonicalRepairedPreview_v02781.json,symbol,date,value,vdf_original_row_hash,VDF_Global_Commodity|COMMODITY_FUTURES|2026-06-10|36fc04e0f35fc7f3,False,value_blank_or_non_numeric,9fcf307c7c99bcce
144,VDF_Global_Commodity,COMMODITY_FUTURES,2026-06-10,,8d821f09e50a682b,C:\Users\tonyk\Downloads\VeritasIntelligenceAnalytics\dict\VDF\_active\VDF_AKSHARE_CANONICAL_KEY_REPAIR_GATE_v02781_20260610_221005\preview\VDF_AkShare_CanonicalRepairedPreview_v02781.json,VDF_AkShare_CanonicalRepairedPreview_v02781.json,symbol,date,value,vdf_original_row_hash,VDF_Global_Commodity|COMMODITY_FUTURES|2026-06-10|8d821f09e50a682b,False,value_blank_or_non_numeric,9a1f73de7e7bffb4
145,VDF_Global_Commodity,COMMODITY_FUTURES,2026-06-10,,1fe60eee3883231c,C:\Users\tonyk\Downloads\VeritasIntelligenceAnalytics\dict\VDF\_active\VDF_AKSHARE_CANONICAL_KEY_REPAIR_GATE_v02781_20260610_221005\preview\VDF_AkShare_CanonicalRepairedPreview_v02781.json,VDF_AkShare_CanonicalRepairedPreview_v02781.json,symbol,date,value,vdf_original_row_hash,VDF_Global_Commodity|COMMODITY_FUTURES|2026-06-10|1fe60eee3883231c,False,value_blank_or_non_numeric,cd2ba7b5c329beee
146,VDF_Global_Commodity,COMMODITY_FUTURES,2026-06-10,,d4f7a2bcee11bda6,C:\Users\tonyk\Downloads\VeritasIntelligenceAnalytics\dict\VDF\_active\VDF_AKSHARE_CANONICAL_KEY_REPAIR_GATE_v02781_20260610_221005\preview\VDF_AkShare_CanonicalRepairedPreview_v02781.json,VDF_AkShare_CanonicalRepairedPreview_v02781.json,symbol,date,value,vdf_original_row_hash,VDF_Global_Commodity|COMMODITY_FUTURES|2026-06-10|d4f7a2bcee11bda6,False,value_blank_or_non_numeric,94a4cd9bdc787a00
147,VDF_Global_Commodity,COMMODITY_FUTURES,2026-06-10,,204b222caaaa9b53,C:\Users\tonyk\Downloads\VeritasIntelligenceAnalytics\dict\VDF\_active\VDF_AKSHARE_CANONICAL_KEY_REPAIR_GATE_v02781_20260610_221005\preview\VDF_AkShare_CanonicalRepairedPreview_v02781.json,VDF_AkShare_CanonicalRepairedPreview_v02781.json,symbol,date,value,vdf_original_row_hash,VDF_Global_Commodity|COMMODITY_FUTURES|2026-06-10|204b222caaaa9b53,False,value_blank_or_non_numeric,01507daf025f5aca
148,VDF_Global_Commodity,COMMODITY_FUTURES,2026-06-10,,3d573dfd72c901dc,C:\Users\tonyk\Downloads\VeritasIntelligenceAnalytics\dict\VDF\_active\VDF_AKSHARE_CANONICAL_KEY_REPAIR_GATE_v02781_20260610_221005\preview\VDF_AkShare_CanonicalRepairedPreview_v02781.json,VDF_AkShare_CanonicalRepairedPreview_v02781.json,symbol,date,value,vdf_original_row_hash,VDF_Global_Commodity|COMMODITY_FUTURES|2026-06-10|3d573dfd72c901dc,False,value_blank_or_non_numeric,dc94dc78fed52717
149,VDF_Global_Commodity,COMMODITY_FUTURES,2026-06-10,,086b94f981eb0da1,C:\Users\tonyk\Downloads\VeritasIntelligenceAnalytics\dict\VDF\_active\VDF_AKSHARE_CANONICAL_KEY_REPAIR_GATE_v02781_20260610_221005\preview\VDF_AkShare_CanonicalRepairedPreview_v02781.json,VDF_AkShare_CanonicalRepairedPreview_v02781.json,symbol,date,value,vdf_original_row_hash,VDF_Global_Commodity|COMMODITY_FUTURES|2026-06-10|086b94f981eb0da1,False,value_blank_or_non_numeric,0fd93c3a899b2816
150,VDF_Global_Commodity,COMMODITY_FUTURES,2026-06-10,,e6a8902b447aab14,C:\Users\tonyk\Downloads\VeritasIntelligenceAnalytics\dict\VDF\_active\VDF_AKSHARE_CANONICAL_KEY_REPAIR_GATE_v02781_20260610_221005\preview\VDF_AkShare_CanonicalRepairedPreview_v02781.json,VDF_AkShare_CanonicalRepairedPreview_v02781.json,symbol,date,value,vdf_original_row_hash,VDF_Global_Commodity|COMMODITY_FUTURES|2026-06-10|e6a8902b447aab14,False,value_blank_or_non_numeric,1244a2085bb3f4d5
1,VDF_Global_Commodity,Key repair preview only. No DATABASE write. No canonical merge.,2026-06-10,2026.0,2026-06-10 22:10:05,C:\Users\tonyk\Downloads\VeritasIntelligenceAnalytics\dict\VDF\_active\VDF_AKSHARE_CANONICAL_KEY_REPAIR_GATE_v02781_20260610_221005\registry\VDF_AkShare_CanonicalKeyRepairAudit_v02781.json,VDF_AkShare_CanonicalKeyRepairAudit_v02781.json,policy,generated_at,generated_at,generated_at,VDF_Global_Commodity|Key repair preview only. No DATABASE write. No canonical merge.|2026-06-10|2026-06-10 22:10:05,True,,6afc576c543d82dd
1,VDF_Global_Commodity,,,,AkShare,C:\Users\tonyk\Downloads\VeritasIntelligenceAnalytics\dict\VDF\_active\VDF_AKSHARE_CANONICAL_KEY_REPAIR_GATE_v02781_20260610_221005\registry\VDF_AkShare_KeyRepairReadinessGate_v02781.json,VDF_AkShare_KeyRepairReadinessGate_v02781.json,0,0,0,0,VDF_Global_Commodity|||AkShare,False,symbol_blank;date_blank_or_unparseable;value_blank_or_non_numeric,990b5a25675ef4f7
2,VDF_Global_Commodity,,,,AkShare,C:\Users\tonyk\Downloads\VeritasIntelligenceAnalytics\dict\VDF\_active\VDF_AKSHARE_CANONICAL_KEY_REPAIR_GATE_v02781_20260610_221005\registry\VDF_AkShare_KeyRepairReadinessGate_v02781.json,VDF_AkShare_KeyRepairReadinessGate_v02781.json,0,0,0,0,VDF_Global_Commodity|||AkShare,False,symbol_blank;date_blank_or_unparseable;value_blank_or_non_numeric,6b016350d340af49
3,VDF_Global_Commodity,,,,AkShare,C:\Users\tonyk\Downloads\VeritasIntelligenceAnalytics\dict\VDF\_active\VDF_AKSHARE_CANONICAL_KEY_REPAIR_GATE_v02781_20260610_221005\registry\VDF_AkShare_KeyRepairReadinessGate_v02781.json,VDF_AkShare_KeyRepairReadinessGate_v02781.json,0,0,0,0,VDF_Global_Commodity|||AkShare,False,symbol_blank;date_blank_or_unparseable;value_blank_or_non_numeric,bb25a00ae35bc94b
4,VDF_Global_Commodity,,,,AkShare,C:\Users\tonyk\Downloads\VeritasIntelligenceAnalytics\dict\VDF\_active\VDF_AKSHARE_CANONICAL_KEY_REPAIR_GATE_v02781_20260610_221005\registry\VDF_AkShare_KeyRepairReadinessGate_v02781.json,VDF_AkShare_KeyRepairReadinessGate_v02781.json,0,0,0,0,VDF_Global_Commodity|||AkShare,False,symbol_blank;date_blank_or_unparseable;value_blank_or_non_numeric,433dac06289bafa2
1,VDF_Global_Commodity,STEEL,2026-02-11,,c40c2417ebcd7bbd,C:\Users\tonyk\Downloads\VeritasIntelligenceAnalytics\dict\VDF\_active\VDF_AKSHARE_CANONICAL_MAPPING_GATE_v0277_20260610_220358\preview\VDF_AkShare_CanonicalPreview_v0277.csv,VDF_AkShare_CanonicalPreview_v0277.csv,symbol,date,value,vdf_original_row_hash,VDF_Global_Commodity|STEEL|2026-02-11|c40c2417ebcd7bbd,False,value_blank_or_non_numeric,29c5b6def3266714
2,VDF_Global_Commodity,STEEL,2026-02-12,,3b448f17b94509de,C:\Users\tonyk\Downloads\VeritasIntelligenceAnalytics\dict\VDF\_active\VDF_AKSHARE_CANONICAL_MAPPING_GATE_v0277_20260610_220358\preview\VDF_AkShare_CanonicalPreview_v0277.csv,VDF_AkShare_CanonicalPreview_v0277.csv,symbol,date,value,vdf_original_row_hash,VDF_Global_Commodity|STEEL|2026-02-12|3b448f17b94509de,False,value_blank_or_non_numeric,1b5cf62fd32a511d
3,VDF_Global_Commodity,STEEL,2026-02-13,,8684c9acc94b1000,C:\Users\tonyk\Downloads\VeritasIntelligenceAnalytics\dict\VDF\_active\VDF_AKSHARE_CANONICAL_MAPPING_GATE_v0277_20260610_220358\preview\VDF_AkShare_CanonicalPreview_v0277.csv,VDF_AkShare_CanonicalPreview_v0277.csv,symbol,date,value,vdf_original_row_hash,VDF_Global_Commodity|STEEL|2026-02-13|8684c9acc94b1000,False,value_blank_or_non_numeric,e70f9bf7ee7b515d
4,VDF_Global_Commodity,STEEL,2026-02-14,,09f777d25015dc7d,C:\Users\tonyk\Downloads\VeritasIntelligenceAnalytics\dict\VDF\_active\VDF_AKSHARE_CANONICAL_MAPPING_GATE_v0277_20260610_220358\preview\VDF_AkShare_CanonicalPreview_v0277.csv,VDF_AkShare_CanonicalPreview_v0277.csv,symbol,date,value,vdf_original_row_hash,VDF_Global_Commodity|STEEL|2026-02-14|09f777d25015dc7d,False,value_blank_or_non_numeric,b4929cb73b025a55
5,VDF_Global_Commodity,STEEL,2026-02-15,,ca18e72573fe5a0f,C:\Users\tonyk\Downloads\VeritasIntelligenceAnalytics\dict\VDF\_active\VDF_AKSHARE_CANONICAL_MAPPING_GATE_v0277_20260610_220358\preview\VDF_AkShare_CanonicalPreview_v0277.csv,VDF_AkShare_CanonicalPreview_v0277.csv,symbol,date,value,vdf_original_row_hash,VDF_Global_Commodity|STEEL|2026-02-15|ca18e72573fe5a0f,False,value_blank_or_non_numeric,0cd53cfea085fe4e
6,VDF_Global_Commodity,STEEL,2026-02-16,,0dcea352e5f26e04,C:\Users\tonyk\Downloads\VeritasIntelligenceAnalytics\dict\VDF\_active\VDF_AKSHARE_CANONICAL_MAPPING_GATE_v0277_20260610_220358\preview\VDF_AkShare_CanonicalPreview_v0277.csv,VDF_AkShare_CanonicalPreview_v0277.csv,symbol,date,value,vdf_original_row_hash,VDF_Global_Commodity|STEEL|2026-02-16|0dcea352e5f26e04,False,value_blank_or_non_numeric,ceef21b693e1af91
7,VDF_Global_Commodity,STEEL,2026-02-17,,5d472fb1b3e9abab,C:\Users\tonyk\Downloads\VeritasIntelligenceAnalytics\dict\VDF\_active\VDF_AKSHARE_CANONICAL_MAPPING_GATE_v0277_20260610_220358\preview\VDF_AkShare_CanonicalPreview_v0277.csv,VDF_AkShare_CanonicalPreview_v0277.csv,symbol,date,value,vdf_original_row_hash,VDF_Global_Commodity|STEEL|2026-02-17|5d472fb1b3e9abab,False,value_blank_or_non_numeric,3e0220570c06eb0b
8,VDF_Global_Commodity,STEEL,2026-02-18,,535bf7b6e3430232,C:\Users\tonyk\Downloads\VeritasIntelligenceAnalytics\dict\VDF\_active\VDF_AKSHARE_CANONICAL_MAPPING_GATE_v0277_20260610_220358\preview\VDF_AkShare_CanonicalPreview_v0277.csv,VDF_AkShare_CanonicalPreview_v0277.csv,symbol,date,value,vdf_original_row_hash,VDF_Global_Commodity|STEEL|2026-02-18|535bf7b6e3430232,False,value_blank_or_non_numeric,da18124a4ea46e5d
9,VDF_Global_Commodity,STEEL,2026-02-19,,93ccf2874d3c432f,C:\Users\tonyk\Downloads\VeritasIntelligenceAnalytics\dict\VDF\_active\VDF_AKSHARE_CANONICAL_MAPPING_GATE_v0277_20260610_220358\preview\VDF_AkShare_CanonicalPreview_v0277.csv,VDF_AkShare_CanonicalPreview_v0277.csv,symbol,date,value,vdf_original_row_hash,VDF_Global_Commodity|STEEL|2026-02-19|93ccf2874d3c432f,False,value_blank_or_non_numeric,cb33d3b27129f02b
10,VDF_Global_Commodity,STEEL,2026-02-20,,a6e5f47f15e1ee98,C:\Users\tonyk\Downloads\VeritasIntelligenceAnalytics\dict\VDF\_active\VDF_AKSHARE_CANONICAL_MAPPING_GATE_v0277_20260610_220358\preview\VDF_AkShare_CanonicalPreview_v0277.csv,VDF_AkShare_CanonicalPreview_v0277.csv,symbol,date,value,vdf_original_row_hash,VDF_Global_Commodity|STEEL|2026-02-20|a6e5f47f15e1ee98,False,value_blank_or_non_numeric,fb8f9f0774d677be
11,VDF_Global_Commodity,STEEL,2026-02-21,,5cfbb675a90114b7,C:\Users\tonyk\Downloads\VeritasIntelligenceAnalytics\dict\VDF\_active\VDF_AKSHARE_CANONICAL_MAPPING_GATE_v0277_20260610_220358\preview\VDF_AkShare_CanonicalPreview_v0277.csv,VDF_AkShare_CanonicalPreview_v0277.csv,symbol,date,value,vdf_original_row_hash,VDF_Global_Commodity|STEEL|2026-02-21|5cfbb675a90114b7,False,value_blank_or_non_numeric,e0e8acff12f12280
12,VDF_Global_Commodity,STEEL,2026-02-22,,29a946d4ec5fc967,C:\Users\tonyk\Downloads\VeritasIntelligenceAnalytics\dict\VDF\_active\VDF_AKSHARE_CANONICAL_MAPPING_GATE_v0277_20260610_220358\preview\VDF_AkShare_CanonicalPreview_v0277.csv,VDF_AkShare_CanonicalPreview_v0277.csv,symbol,date,value,vdf_original_row_hash,VDF_Global_Commodity|STEEL|2026-02-22|29a946d4ec5fc967,False,value_blank_or_non_numeric,3d4a8648dcedb4b9
13,VDF_Global_Commodity,STEEL,2026-02-23,,5a4173ed26210734,C:\Users\tonyk\Downloads\VeritasIntelligenceAnalytics\dict\VDF\_active\VDF_AKSHARE_CANONICAL_MAPPING_GATE_v0277_20260610_220358\preview\VDF_AkShare_CanonicalPreview_v0277.csv,VDF_AkShare_CanonicalPreview_v0277.csv,symbol,date,value,vdf_original_row_hash,VDF_Global_Commodity|STEEL|2026-02-23|5a4173ed26210734,False,value_blank_or_non_numeric,ba5d59946da79744
14,VDF_Global_Commodity,STEEL,2026-02-24,,ab0f0604f90466da,C:\Users\tonyk\Downloads\VeritasIntelligenceAnalytics\dict\VDF\_active\VDF_AKSHARE_CANONICAL_MAPPING_GATE_v0277_20260610_220358\preview\VDF_AkShare_CanonicalPreview_v0277.csv,VDF_AkShare_CanonicalPreview_v0277.csv,symbol,date,value,vdf_original_row_hash,VDF_Global_Commodity|STEEL|2026-02-24|ab0f0604f90466da,False,value_blank_or_non_numeric,05e3ccba6a84d9e0
15,VDF_Global_Commodity,STEEL,2026-02-25,,6f0de1fbd6f8e642,C:\Users\tonyk\Downloads\VeritasIntelligenceAnalytics\dict\VDF\_active\VDF_AKSHARE_CANONICAL_MAPPING_GATE_v0277_20260610_220358\preview\VDF_AkShare_CanonicalPreview_v0277.csv,VDF_AkShare_CanonicalPreview_v0277.csv,symbol,date,value,vdf_original_row_hash,VDF_Global_Commodity|STEEL|2026-02-25|6f0de1fbd6f8e642,False,value_blank_or_non_numeric,72322e9d8cb01132
16,VDF_Global_Commodity,STEEL,2026-02-26,,4ccc40fde45d0d50,C:\Users\tonyk\Downloads\VeritasIntelligenceAnalytics\dict\VDF\_active\VDF_AKSHARE_CANONICAL_MAPPING_GATE_v0277_20260610_220358\preview\VDF_AkShare_CanonicalPreview_v0277.csv,VDF_AkShare_CanonicalPreview_v0277.csv,symbol,date,value,vdf_original_row_hash,VDF_Global_Commodity|STEEL|2026-02-26|4ccc40fde45d0d50,False,value_blank_or_non_numeric,94066330ab447cc3
17,VDF_Global_Commodity,STEEL,2026-02-27,,c8d504cadb0d14b0,C:\Users\tonyk\Downloads\VeritasIntelligenceAnalytics\dict\VDF\_active\VDF_AKSHARE_CANONICAL_MAPPING_GATE_v0277_20260610_220358\preview\VDF_AkShare_CanonicalPreview_v0277.csv,VDF_AkShare_CanonicalPreview_v0277.csv,symbol,date,value,vdf_original_row_hash,VDF_Global_Commodity|STEEL|2026-02-27|c8d504cadb0d14b0,False,value_blank_or_non_numeric,56ddde69d39e138c
18,VDF_Global_Commodity,STEEL,2026-02-28,,818e7385d2662293,C:\Users\tonyk\Downloads\VeritasIntelligenceAnalytics\dict\VDF\_active\VDF_AKSHARE_CANONICAL_MAPPING_GATE_v0277_20260610_220358\preview\VDF_AkShare_CanonicalPreview_v0277.csv,VDF_AkShare_CanonicalPreview_v0277.csv,symbol,date,value,vdf_original_row_hash,VDF_Global_Commodity|STEEL|2026-02-28|818e7385d2662293,False,value_blank_or_non_numeric,7b5b8aba3379bdb9
19,VDF_Global_Commodity,STEEL,2026-03-01,,7eadaffe5daf8a4b,C:\Users\tonyk\Downloads\VeritasIntelligenceAnalytics\dict\VDF\_active\VDF_AKSHARE_CANONICAL_MAPPING_GATE_v0277_20260610_220358\preview\VDF_AkShare_CanonicalPreview_v0277.csv,VDF_AkShare_CanonicalPreview_v0277.csv,symbol,date,value,vdf_original_row_hash,VDF_Global_Commodity|STEEL|2026-03-01|7eadaffe5daf8a4b,False,value_blank_or_non_numeric,cd7c58d446304e55
20,VDF_Global_Commodity,STEEL,2026-03-02,,2c54d68a43122383,C:\Users\tonyk\Downloads\VeritasIntelligenceAnalytics\dict\VDF\_active\VDF_AKSHARE_CANONICAL_MAPPING_GATE_v0277_20260610_220358\preview\VDF_AkShare_CanonicalPreview_v0277.csv,VDF_AkShare_CanonicalPreview_v0277.csv,symbol,date,value,vdf_original_row_hash,VDF_Global_Commodity|STEEL|2026-03-02|2c54d68a43122383,False,value_blank_or_non_numeric,0497aef247599a65
21,VDF_Global_Commodity,STEEL,2026-03-03,,37cc186309da4a00,C:\Users\tonyk\Downloads\VeritasIntelligenceAnalytics\dict\VDF\_active\VDF_AKSHARE_CANONICAL_MAPPING_GATE_v0277_20260610_220358\preview\VDF_AkShare_CanonicalPreview_v0277.csv,VDF_AkShare_CanonicalPreview_v0277.csv,symbol,date,value,vdf_original_row_hash,VDF_Global_Commodity|STEEL|2026-03-03|37cc186309da4a00,False,value_blank_or_non_numeric,a3618c541ca6d95f
22,VDF_Global_Commodity,STEEL,2026-03-04,,e78cd7920e51fb44,C:\Users\tonyk\Downloads\VeritasIntelligenceAnalytics\dict\VDF\_active\VDF_AKSHARE_CANONICAL_MAPPING_GATE_v0277_20260610_220358\preview\VDF_AkShare_CanonicalPreview_v0277.csv,VDF_AkShare_CanonicalPreview_v0277.csv,symbol,date,value,vdf_original_row_hash,VDF_Global_Commodity|STEEL|2026-03-04|e78cd7920e51fb44,False,value_blank_or_non_numeric,0d1bef8a81800cc0
23,VDF_Global_Commodity,STEEL,2026-03-05,,cc271d0008d7b055,C:\Users\tonyk\Downloads\VeritasIntelligenceAnalytics\dict\VDF\_active\VDF_AKSHARE_CANONICAL_MAPPING_GATE_v0277_20260610_220358\preview\VDF_AkShare_CanonicalPreview_v0277.csv,VDF_AkShare_CanonicalPreview_v0277.csv,symbol,date,value,vdf_original_row_hash,VDF_Global_Commodity|STEEL|2026-03-05|cc271d0008d7b055,False,value_blank_or_non_numeric,8b678139f2a88963
24,VDF_Global_Commodity,STEEL,2026-03-06,,f3db4b934b23abba,C:\Users\tonyk\Downloads\VeritasIntelligenceAnalytics\dict\VDF\_active\VDF_AKSHARE_CANONICAL_MAPPING_GATE_v0277_20260610_220358\preview\VDF_AkShare_CanonicalPreview_v0277.csv,VDF_AkShare_CanonicalPreview_v0277.csv,symbol,date,value,vdf_original_row_hash,VDF_Global_Commodity|STEEL|2026-03-06|f3db4b934b23abba,False,value_blank_or_non_numeric,52d5c669dd279583
25,VDF_Global_Commodity,STEEL,2026-03-07,,9735c7ec5b93b9c9,C:\Users\tonyk\Downloads\VeritasIntelligenceAnalytics\dict\VDF\_active\VDF_AKSHARE_CANONICAL_MAPPING_GATE_v0277_20260610_220358\preview\VDF_AkShare_CanonicalPreview_v0277.csv,VDF_AkShare_CanonicalPreview_v0277.csv,symbol,date,value,vdf_original_row_hash,VDF_Global_Commodity|STEEL|2026-03-07|9735c7ec5b93b9c9,False,value_blank_or_non_numeric,f541820d1e5740bc
26,VDF_Global_Commodity,STEEL,2026-03-08,,16163911df5494d9,C:\Users\tonyk\Downloads\VeritasIntelligenceAnalytics\dict\VDF\_active\VDF_AKSHARE_CANONICAL_MAPPING_GATE_v0277_20260610_220358\preview\VDF_AkShare_CanonicalPreview_v0277.csv,VDF_AkShare_CanonicalPreview_v0277.csv,symbol,date,value,vdf_original_row_hash,VDF_Global_Commodity|STEEL|2026-03-08|16163911df5494d9,False,value_blank_or_non_numeric,27622df2384568a3
27,VDF_Global_Commodity,STEEL,2026-03-09,,9060518e291d820e,C:\Users\tonyk\Downloads\VeritasIntelligenceAnalytics\dict\VDF\_active\VDF_AKSHARE_CANONICAL_MAPPING_GATE_v0277_20260610_220358\preview\VDF_AkShare_CanonicalPreview_v0277.csv,VDF_AkShare_CanonicalPreview_v0277.csv,symbol,date,value,vdf_original_row_hash,VDF_Global_Commodity|STEEL|2026-03-09|9060518e291d820e,False,value_blank_or_non_numeric,e09c57f8046c1ea2
28,VDF_Global_Commodity,STEEL,2026-03-10,,0dc12c7d35aa244d,C:\Users\tonyk\Downloads\VeritasIntelligenceAnalytics\dict\VDF\_active\VDF_AKSHARE_CANONICAL_MAPPING_GATE_v0277_20260610_220358\preview\VDF_AkShare_CanonicalPreview_v0277.csv,VDF_AkShare_CanonicalPreview_v0277.csv,symbol,date,value,vdf_original_row_hash,VDF_Global_Commodity|STEEL|2026-03-10|0dc12c7d35aa244d,False,value_blank_or_non_numeric,4ce0aa927a27ec79
29,VDF_Global_Commodity,STEEL,2026-03-11,,7d625341a2355380,C:\Users\tonyk\Downloads\VeritasIntelligenceAnalytics\dict\VDF\_active\VDF_AKSHARE_CANONICAL_MAPPING_GATE_v0277_20260610_220358\preview\VDF_AkShare_CanonicalPreview_v0277.csv,VDF_AkShare_CanonicalPreview_v0277.csv,symbol,date,value,vdf_original_row_hash,VDF_Global_Commodity|STEEL|2026-03-11|7d625341a2355380,False,value_blank_or_non_numeric,2fc5d26b19217d7e
30,VDF_Global_Commodity,STEEL,2026-03-12,,7b8bcd717565f003,C:\Users\tonyk\Downloads\VeritasIntelligenceAnalytics\dict\VDF\_active\VDF_AKSHARE_CANONICAL_MAPPING_GATE_v0277_20260610_220358\preview\VDF_AkShare_CanonicalPreview_v0277.csv,VDF_AkShare_CanonicalPreview_v0277.csv,symbol,date,value,vdf_original_row_hash,VDF_Global_Commodity|STEEL|2026-03-12|7b8bcd717565f003,False,value_blank_or_non_numeric,b61b25c9836480e4
31,VDF_Global_Commodity,STEEL,2026-03-13,,d8158ab27228fcd8,C:\Users\tonyk\Downloads\VeritasIntelligenceAnalytics\dict\VDF\_active\VDF_AKSHARE_CANONICAL_MAPPING_GATE_v0277_20260610_220358\preview\VDF_AkShare_CanonicalPreview_v0277.csv,VDF_AkShare_CanonicalPreview_v0277.csv,symbol,date,value,vdf_original_row_hash,VDF_Global_Commodity|STEEL|2026-03-13|d8158ab27228fcd8,False,value_blank_or_non_numeric,adfde29c13d49b37
32,VDF_Global_Commodity,STEEL,2026-03-14,,9515ee2246024c2c,C:\Users\tonyk\Downloads\VeritasIntelligenceAnalytics\dict\VDF\_active\VDF_AKSHARE_CANONICAL_MAPPING_GATE_v0277_20260610_220358\preview\VDF_AkShare_CanonicalPreview_v0277.csv,VDF_AkShare_CanonicalPreview_v0277.csv,symbol,date,value,vdf_original_row_hash,VDF_Global_Commodity|STEEL|2026-03-14|9515ee2246024c2c,False,value_blank_or_non_numeric,6edcd940152525d0
33,VDF_Global_Commodity,STEEL,2026-03-15,,55637629d191fee0,C:\Users\tonyk\Downloads\VeritasIntelligenceAnalytics\dict\VDF\_active\VDF_AKSHARE_CANONICAL_MAPPING_GATE_v0277_20260610_220358\preview\VDF_AkShare_CanonicalPreview_v0277.csv,VDF_AkShare_CanonicalPreview_v0277.csv,symbol,date,value,vdf_original_row_hash,VDF_Global_Commodity|STEEL|2026-03-15|55637629d191fee0,False,value_blank_or_non_numeric,02221e0d6722f63f
34,VDF_Global_Commodity,STEEL,2026-03-16,,65e78a49600b4b8e,C:\Users\tonyk\Downloads\VeritasIntelligenceAnalytics\dict\VDF\_active\VDF_AKSHARE_CANONICAL_MAPPING_GATE_v0277_20260610_220358\preview\VDF_AkShare_CanonicalPreview_v0277.csv,VDF_AkShare_CanonicalPreview_v0277.csv,symbol,date,value,vdf_original_row_hash,VDF_Global_Commodity|STEEL|2026-03-16|65e78a49600b4b8e,False,value_blank_or_non_numeric,5dc682f5acf9eb63
35,VDF_Global_Commodity,STEEL,2026-03-17,,f297d35138322f27,C:\Users\tonyk\Downloads\VeritasIntelligenceAnalytics\dict\VDF\_active\VDF_AKSHARE_CANONICAL_MAPPING_GATE_v0277_20260610_220358\preview\VDF_AkShare_CanonicalPreview_v0277.csv,VDF_AkShare_CanonicalPreview_v0277.csv,symbol,date,value,vdf_original_row_hash,VDF_Global_Commodity|STEEL|2026-03-17|f297d35138322f27,False,value_blank_or_non_numeric,77b892c8c9debb3b
36,VDF_Global_Commodity,STEEL,2026-03-18,,0a79a3ad51296d62,C:\Users\tonyk\Downloads\VeritasIntelligenceAnalytics\dict\VDF\_active\VDF_AKSHARE_CANONICAL_MAPPING_GATE_v0277_20260610_220358\preview\VDF_AkShare_CanonicalPreview_v0277.csv,VDF_AkShare_CanonicalPreview_v0277.csv,symbol,date,value,vdf_original_row_hash,VDF_Global_Commodity|STEEL|2026-03-18|0a79a3ad51296d62,False,value_blank_or_non_numeric,af3050a4acdfed57
37,VDF_Global_Commodity,STEEL,2026-03-19,,504a312dd35f7fe1,C:\Users\tonyk\Downloads\VeritasIntelligenceAnalytics\dict\VDF\_active\VDF_AKSHARE_CANONICAL_MAPPING_GATE_v0277_20260610_220358\preview\VDF_AkShare_CanonicalPreview_v0277.csv,VDF_AkShare_CanonicalPreview_v0277.csv,symbol,date,value,vdf_original_row_hash,VDF_Global_Commodity|STEEL|2026-03-19|504a312dd35f7fe1,False,value_blank_or_non_numeric,f43f4b0513a780df
38,VDF_Global_Commodity,STEEL,2026-03-20,,29825bdde4c72258,C:\Users\tonyk\Downloads\VeritasIntelligenceAnalytics\dict\VDF\_active\VDF_AKSHARE_CANONICAL_MAPPING_GATE_v0277_20260610_220358\preview\VDF_AkShare_CanonicalPreview_v0277.csv,VDF_AkShare_CanonicalPreview_v0277.csv,symbol,date,value,vdf_original_row_hash,VDF_Global_Commodity|STEEL|2026-03-20|29825bdde4c72258,False,value_blank_or_non_numeric,96fbd4a371adcce4
39,VDF_Global_Commodity,STEEL,2026-03-21,,18dee12bdc0d7b13,C:\Users\tonyk\Downloads\VeritasIntelligenceAnalytics\dict\VDF\_active\VDF_AKSHARE_CANONICAL_MAPPING_GATE_v0277_20260610_220358\preview\VDF_AkShare_CanonicalPreview_v0277.csv,VDF_AkShare_CanonicalPreview_v0277.csv,symbol,date,value,vdf_original_row_hash,VDF_Global_Commodity|STEEL|2026-03-21|18dee12bdc0d7b13,False,value_blank_or_non_numeric,de16f8b7546892b8
40,VDF_Global_Commodity,STEEL,2026-03-22,,e23a26fa81f19fd1,C:\Users\tonyk\Downloads\VeritasIntelligenceAnalytics\dict\VDF\_active\VDF_AKSHARE_CANONICAL_MAPPING_GATE_v0277_20260610_220358\preview\VDF_AkShare_CanonicalPreview_v0277.csv,VDF_AkShare_CanonicalPreview_v0277.csv,symbol,date,value,vdf_original_row_hash,VDF_Global_Commodity|STEEL|2026-03-22|e23a26fa81f19fd1,False,value_blank_or_non_numeric,e6642cf0f2eb5fd2
41,VDF_Global_Commodity,STEEL,2026-03-23,,20767ebf681798b3,C:\Users\tonyk\Downloads\VeritasIntelligenceAnalytics\dict\VDF\_active\VDF_AKSHARE_CANONICAL_MAPPING_GATE_v0277_20260610_220358\preview\VDF_AkShare_CanonicalPreview_v0277.csv,VDF_AkShare_CanonicalPreview_v0277.csv,symbol,date,value,vdf_original_row_hash,VDF_Global_Commodity|STEEL|2026-03-23|20767ebf681798b3,False,value_blank_or_non_numeric,d0dfe3a58ea3309e
42,VDF_Global_Commodity,STEEL,2026-03-24,,0dc0dd9f540e1006,C:\Users\tonyk\Downloads\VeritasIntelligenceAnalytics\dict\VDF\_active\VDF_AKSHARE_CANONICAL_MAPPING_GATE_v0277_20260610_220358\preview\VDF_AkShare_CanonicalPreview_v0277.csv,VDF_AkShare_CanonicalPreview_v0277.csv,symbol,date,value,vdf_original_row_hash,VDF_Global_Commodity|STEEL|2026-03-24|0dc0dd9f540e1006,False,value_blank_or_non_numeric,bab4506453155d2f
43,VDF_Global_Commodity,STEEL,2026-03-25,,aba9ec3be54be9d2,C:\Users\tonyk\Downloads\VeritasIntelligenceAnalytics\dict\VDF\_active\VDF_AKSHARE_CANONICAL_MAPPING_GATE_v0277_20260610_220358\preview\VDF_AkShare_CanonicalPreview_v0277.csv,VDF_AkShare_CanonicalPreview_v0277.csv,symbol,date,value,vdf_original_row_hash,VDF_Global_Commodity|STEEL|2026-03-25|aba9ec3be54be9d2,False,value_blank_or_non_numeric,03de2cd698d2b770
44,VDF_Global_Commodity,STEEL,2026-03-26,,0558c7458ebc271e,C:\Users\tonyk\Downloads\VeritasIntelligenceAnalytics\dict\VDF\_active\VDF_AKSHARE_CANONICAL_MAPPING_GATE_v0277_20260610_220358\preview\VDF_AkShare_CanonicalPreview_v0277.csv,VDF_AkShare_CanonicalPreview_v0277.csv,symbol,date,value,vdf_original_row_hash,VDF_Global_Commodity|STEEL|2026-03-26|0558c7458ebc271e,False,value_blank_or_non_numeric,f2a16e69a74f0976
45,VDF_Global_Commodity,STEEL,2026-03-27,,8f195ae7e1656edb,C:\Users\tonyk\Downloads\VeritasIntelligenceAnalytics\dict\VDF\_active\VDF_AKSHARE_CANONICAL_MAPPING_GATE_v0277_20260610_220358\preview\VDF_AkShare_CanonicalPreview_v0277.csv,VDF_AkShare_CanonicalPreview_v0277.csv,symbol,date,value,vdf_original_row_hash,VDF_Global_Commodity|STEEL|2026-03-27|8f195ae7e1656edb,False,value_blank_or_non_numeric,694411de50d83420
46,VDF_Global_Commodity,STEEL,2026-03-28,,22f4ae66b6e10323,C:\Users\tonyk\Downloads\VeritasIntelligenceAnalytics\dict\VDF\_active\VDF_AKSHARE_CANONICAL_MAPPING_GATE_v0277_20260610_220358\preview\VDF_AkShare_CanonicalPreview_v0277.csv,VDF_AkShare_CanonicalPreview_v0277.csv,symbol,date,value,vdf_original_row_hash,VDF_Global_Commodity|STEEL|2026-03-28|22f4ae66b6e10323,False,value_blank_or_non_numeric,36b1319c1bc51d57
47,VDF_Global_Commodity,STEEL,2026-03-29,,1fbb5c414b48cb93,C:\Users\tonyk\Downloads\VeritasIntelligenceAnalytics\dict\VDF\_active\VDF_AKSHARE_CANONICAL_MAPPING_GATE_v0277_20260610_220358\preview\VDF_AkShare_CanonicalPreview_v0277.csv,VDF_AkShare_CanonicalPreview_v0277.csv,symbol,date,value,vdf_original_row_hash,VDF_Global_Commodity|STEEL|2026-03-29|1fbb5c414b48cb93,False,value_blank_or_non_numeric,834bd8c50314bd81
48,VDF_Global_Commodity,STEEL,2026-03-30,,2b1fe75b192afdcb,C:\Users\tonyk\Downloads\VeritasIntelligenceAnalytics\dict\VDF\_active\VDF_AKSHARE_CANONICAL_MAPPING_GATE_v0277_20260610_220358\preview\VDF_AkShare_CanonicalPreview_v0277.csv,VDF_AkShare_CanonicalPreview_v0277.csv,symbol,date,value,vdf_original_row_hash,VDF_Global_Commodity|STEEL|2026-03-30|2b1fe75b192afdcb,False,value_blank_or_non_numeric,70c5631c4ea37385
49,VDF_Global_Commodity,STEEL,2026-03-31,,16784e29a87f3a4b,C:\Users\tonyk\Downloads\VeritasIntelligenceAnalytics\dict\VDF\_active\VDF_AKSHARE_CANONICAL_MAPPING_GATE_v0277_20260610_220358\preview\VDF_AkShare_CanonicalPreview_v0277.csv,VDF_AkShare_CanonicalPreview_v0277.csv,symbol,date,value,vdf_original_row_hash,VDF_Global_Commodity|STEEL|2026-03-31|16784e29a87f3a4b,False,value_blank_or_non_numeric,07996684133fb237
50,VDF_Global_Commodity,STEEL,2026-04-01,,cf33135c5c7ab500,C:\Users\tonyk\Downloads\VeritasIntelligenceAnalytics\dict\VDF\_active\VDF_AKSHARE_CANONICAL_MAPPING_GATE_v0277_20260610_220358\preview\VDF_AkShare_CanonicalPreview_v0277.csv,VDF_AkShare_CanonicalPreview_v0277.csv,symbol,date,value,vdf_original_row_hash,VDF_Global_Commodity|STEEL|2026-04-01|cf33135c5c7ab500,False,value_blank_or_non_numeric,f290d2a296f74307
51,VDF_Global_Commodity,STEEL,2026-04-02,,f925c35ef6aff307,C:\Users\tonyk\Downloads\VeritasIntelligenceAnalytics\dict\VDF\_active\VDF_AKSHARE_CANONICAL_MAPPING_GATE_v0277_20260610_220358\preview\VDF_AkShare_CanonicalPreview_v0277.csv,VDF_AkShare_CanonicalPreview_v0277.csv,symbol,date,value,vdf_original_row_hash,VDF_Global_Commodity|STEEL|2026-04-02|f925c35ef6aff307,False,value_blank_or_non_numeric,7c2bd73f65c2e04d
52,VDF_Global_Commodity,STEEL,2026-04-03,,39ea2aef5d269449,C:\Users\tonyk\Downloads\VeritasIntelligenceAnalytics\dict\VDF\_active\VDF_AKSHARE_CANONICAL_MAPPING_GATE_v0277_20260610_220358\preview\VDF_AkShare_CanonicalPreview_v0277.csv,VDF_AkShare_CanonicalPreview_v0277.csv,symbol,date,value,vdf_original_row_hash,VDF_Global_Commodity|STEEL|2026-04-03|39ea2aef5d269449,False,value_blank_or_non_numeric,6e67f2d4bf06a8d3
53,VDF_Global_Commodity,STEEL,2026-04-04,,b4508a30ad89a0ae,C:\Users\tonyk\Downloads\VeritasIntelligenceAnalytics\dict\VDF\_active\VDF_AKSHARE_CANONICAL_MAPPING_GATE_v0277_20260610_220358\preview\VDF_AkShare_CanonicalPreview_v0277.csv,VDF_AkShare_CanonicalPreview_v0277.csv,symbol,date,value,vdf_original_row_hash,VDF_Global_Commodity|STEEL|2026-04-04|b4508a30ad89a0ae,False,value_blank_or_non_numeric,3164b7a1df2c86f2
54,VDF_Global_Commodity,STEEL,2026-04-05,,535111e4c7f8caf3,C:\Users\tonyk\Downloads\VeritasIntelligenceAnalytics\dict\VDF\_active\VDF_AKSHARE_CANONICAL_MAPPING_GATE_v0277_20260610_220358\preview\VDF_AkShare_CanonicalPreview_v0277.csv,VDF_AkShare_CanonicalPreview_v0277.csv,symbol,date,value,vdf_original_row_hash,VDF_Global_Commodity|STEEL|2026-04-05|535111e4c7f8caf3,False,value_blank_or_non_numeric,9e6ef0b73d928d93
55,VDF_Global_Commodity,STEEL,2026-04-06,,43b935b20ec867ab,C:\Users\tonyk\Downloads\VeritasIntelligenceAnalytics\dict\VDF\_active\VDF_AKSHARE_CANONICAL_MAPPING_GATE_v0277_20260610_220358\preview\VDF_AkShare_CanonicalPreview_v0277.csv,VDF_AkShare_CanonicalPreview_v0277.csv,symbol,date,value,vdf_original_row_hash,VDF_Global_Commodity|STEEL|2026-04-06|43b935b20ec867ab,False,value_blank_or_non_numeric,0987428bae2daa29
56,VDF_Global_Commodity,STEEL,2026-04-07,,9f5fc2cf52c86435,C:\Users\tonyk\Downloads\VeritasIntelligenceAnalytics\dict\VDF\_active\VDF_AKSHARE_CANONICAL_MAPPING_GATE_v0277_20260610_220358\preview\VDF_AkShare_CanonicalPreview_v0277.csv,VDF_AkShare_CanonicalPreview_v0277.csv,symbol,date,value,vdf_original_row_hash,VDF_Global_Commodity|STEEL|2026-04-07|9f5fc2cf52c86435,False,value_blank_or_non_numeric,ce7243b5607821e6
57,VDF_Global_Commodity,STEEL,2026-04-08,,f632e2eaede1bb5f,C:\Users\tonyk\Downloads\VeritasIntelligenceAnalytics\dict\VDF\_active\VDF_AKSHARE_CANONICAL_MAPPING_GATE_v0277_20260610_220358\preview\VDF_AkShare_CanonicalPreview_v0277.csv,VDF_AkShare_CanonicalPreview_v0277.csv,symbol,date,value,vdf_original_row_hash,VDF_Global_Commodity|STEEL|2026-04-08|f632e2eaede1bb5f,False,value_blank_or_non_numeric,8063140568523a60
58,VDF_Global_Commodity,STEEL,2026-04-09,,51bc4ad097cb9d24,C:\Users\tonyk\Downloads\VeritasIntelligenceAnalytics\dict\VDF\_active\VDF_AKSHARE_CANONICAL_MAPPING_GATE_v0277_20260610_220358\preview\VDF_AkShare_CanonicalPreview_v0277.csv,VDF_AkShare_CanonicalPreview_v0277.csv,symbol,date,value,vdf_original_row_hash,VDF_Global_Commodity|STEEL|2026-04-09|51bc4ad097cb9d24,False,value_blank_or_non_numeric,31fcbd4e47c89d36
59,VDF_Global_Commodity,STEEL,2026-04-10,,9d11d180293623af,C:\Users\tonyk\Downloads\VeritasIntelligenceAnalytics\dict\VDF\_active\VDF_AKSHARE_CANONICAL_MAPPING_GATE_v0277_20260610_220358\preview\VDF_AkShare_CanonicalPreview_v0277.csv,VDF_AkShare_CanonicalPreview_v0277.csv,symbol,date,value,vdf_original_row_hash,VDF_Global_Commodity|STEEL|2026-04-10|9d11d180293623af,False,value_blank_or_non_numeric,65fe4771455faa08
60,VDF_Global_Commodity,STEEL,2026-04-11,,a8380275186e8229,C:\Users\tonyk\Downloads\VeritasIntelligenceAnalytics\dict\VDF\_active\VDF_AKSHARE_CANONICAL_MAPPING_GATE_v0277_20260610_220358\preview\VDF_AkShare_CanonicalPreview_v0277.csv,VDF_AkShare_CanonicalPreview_v0277.csv,symbol,date,value,vdf_original_row_hash,VDF_Global_Commodity|STEEL|2026-04-11|a8380275186e8229,False,value_blank_or_non_numeric,64d6c0f55e6c2e99
61,VDF_Global_Commodity,STEEL,2026-04-12,,41bd59213f7741b8,C:\Users\tonyk\Downloads\VeritasIntelligenceAnalytics\dict\VDF\_active\VDF_AKSHARE_CANONICAL_MAPPING_GATE_v0277_20260610_220358\preview\VDF_AkShare_CanonicalPreview_v0277.csv,VDF_AkShare_CanonicalPreview_v0277.csv,symbol,date,value,vdf_original_row_hash,VDF_Global_Commodity|STEEL|2026-04-12|41bd59213f7741b8,False,value_blank_or_non_numeric,10639674fb80606f
62,VDF_Global_Commodity,STEEL,2026-04-13,,da76094cf64d3b45,C:\Users\tonyk\Downloads\VeritasIntelligenceAnalytics\dict\VDF\_active\VDF_AKSHARE_CANONICAL_MAPPING_GATE_v0277_20260610_220358\preview\VDF_AkShare_CanonicalPreview_v0277.csv,VDF_AkShare_CanonicalPreview_v0277.csv,symbol,date,value,vdf_original_row_hash,VDF_Global_Commodity|STEEL|2026-04-13|da76094cf64d3b45,False,value_blank_or_non_numeric,74ce9c964dda6550
63,VDF_Global_Commodity,STEEL,2026-04-14,,fcfa21e569e7c3a5,C:\Users\tonyk\Downloads\VeritasIntelligenceAnalytics\dict\VDF\_active\VDF_AKSHARE_CANONICAL_MAPPING_GATE_v0277_20260610_220358\preview\VDF_AkShare_CanonicalPreview_v0277.csv,VDF_AkShare_CanonicalPreview_v0277.csv,symbol,date,value,vdf_original_row_hash,VDF_Global_Commodity|STEEL|2026-04-14|fcfa21e569e7c3a5,False,value_blank_or_non_numeric,f20eaf14370bd42e
64,VDF_Global_Commodity,STEEL,2026-04-15,,edfec6429754fa01,C:\Users\tonyk\Downloads\VeritasIntelligenceAnalytics\dict\VDF\_active\VDF_AKSHARE_CANONICAL_MAPPING_GATE_v0277_20260610_220358\preview\VDF_AkShare_CanonicalPreview_v0277.csv,VDF_AkShare_CanonicalPreview_v0277.csv,symbol,date,value,vdf_original_row_hash,VDF_Global_Commodity|STEEL|2026-04-15|edfec6429754fa01,False,value_blank_or_non_numeric,c9aed82e63658fe1
65,VDF_Global_Commodity,STEEL,2026-04-16,,ac042e70ac8b8d69,C:\Users\tonyk\Downloads\VeritasIntelligenceAnalytics\dict\VDF\_active\VDF_AKSHARE_CANONICAL_MAPPING_GATE_v0277_20260610_220358\preview\VDF_AkShare_CanonicalPreview_v0277.csv,VDF_AkShare_CanonicalPreview_v0277.csv,symbol,date,value,vdf_original_row_hash,VDF_Global_Commodity|STEEL|2026-04-16|ac042e70ac8b8d69,False,value_blank_or_non_numeric,0a41ca3526dfbb5b
66,VDF_Global_Commodity,STEEL,2026-04-17,,0dbc5e25a9bc6d2c,C:\Users\tonyk\Downloads\VeritasIntelligenceAnalytics\dict\VDF\_active\VDF_AKSHARE_CANONICAL_MAPPING_GATE_v0277_20260610_220358\preview\VDF_AkShare_CanonicalPreview_v0277.csv,VDF_AkShare_CanonicalPreview_v0277.csv,symbol,date,value,vdf_original_row_hash,VDF_Global_Commodity|STEEL|2026-04-17|0dbc5e25a9bc6d2c,False,value_blank_or_non_numeric,e7b94943a97ae29b
67,VDF_Global_Commodity,STEEL,2026-04-18,,27facf1c0a1e1d03,C:\Users\tonyk\Downloads\VeritasIntelligenceAnalytics\dict\VDF\_active\VDF_AKSHARE_CANONICAL_MAPPING_GATE_v0277_20260610_220358\preview\VDF_AkShare_CanonicalPreview_v0277.csv,VDF_AkShare_CanonicalPreview_v0277.csv,symbol,date,value,vdf_original_row_hash,VDF_Global_Commodity|STEEL|2026-04-18|27facf1c0a1e1d03,False,value_blank_or_non_numeric,30e68db8a795d87c
68,VDF_Global_Commodity,STEEL,2026-04-19,,ea30de9dd6a37bf9,C:\Users\tonyk\Downloads\VeritasIntelligenceAnalytics\dict\VDF\_active\VDF_AKSHARE_CANONICAL_MAPPING_GATE_v0277_20260610_220358\preview\VDF_AkShare_CanonicalPreview_v0277.csv,VDF_AkShare_CanonicalPreview_v0277.csv,symbol,date,value,vdf_original_row_hash,VDF_Global_Commodity|STEEL|2026-04-19|ea30de9dd6a37bf9,False,value_blank_or_non_numeric,60203ed7f93ebd68
69,VDF_Global_Commodity,STEEL,2026-04-20,,27933be90d9ebe4a,C:\Users\tonyk\Downloads\VeritasIntelligenceAnalytics\dict\VDF\_active\VDF_AKSHARE_CANONICAL_MAPPING_GATE_v0277_20260610_220358\preview\VDF_AkShare_CanonicalPreview_v0277.csv,VDF_AkShare_CanonicalPreview_v0277.csv,symbol,date,value,vdf_original_row_hash,VDF_Global_Commodity|STEEL|2026-04-20|27933be90d9ebe4a,False,value_blank_or_non_numeric,b3ac2323ada15129
70,VDF_Global_Commodity,STEEL,2026-04-21,,46d92f1ada391788,C:\Users\tonyk\Downloads\VeritasIntelligenceAnalytics\dict\VDF\_active\VDF_AKSHARE_CANONICAL_MAPPING_GATE_v0277_20260610_220358\preview\VDF_AkShare_CanonicalPreview_v0277.csv,VDF_AkShare_CanonicalPreview_v0277.csv,symbol,date,value,vdf_original_row_hash,VDF_Global_Commodity|STEEL|2026-04-21|46d92f1ada391788,False,value_blank_or_non_numeric,68f19d922e6b0e5b
71,VDF_Global_Commodity,STEEL,2026-04-22,,f91a63abba8cc482,C:\Users\tonyk\Downloads\VeritasIntelligenceAnalytics\dict\VDF\_active\VDF_AKSHARE_CANONICAL_MAPPING_GATE_v0277_20260610_220358\preview\VDF_AkShare_CanonicalPreview_v0277.csv,VDF_AkShare_CanonicalPreview_v0277.csv,symbol,date,value,vdf_original_row_hash,VDF_Global_Commodity|STEEL|2026-04-22|f91a63abba8cc482,False,value_blank_or_non_numeric,2eed7be990bd2326
72,VDF_Global_Commodity,STEEL,2026-04-23,,d16c5ff1bd674378,C:\Users\tonyk\Downloads\VeritasIntelligenceAnalytics\dict\VDF\_active\VDF_AKSHARE_CANONICAL_MAPPING_GATE_v0277_20260610_220358\preview\VDF_AkShare_CanonicalPreview_v0277.csv,VDF_AkShare_CanonicalPreview_v0277.csv,symbol,date,value,vdf_original_row_hash,VDF_Global_Commodity|STEEL|2026-04-23|d16c5ff1bd674378,False,value_blank_or_non_numeric,76a9e0d3db59a41e
73,VDF_Global_Commodity,STEEL,2026-04-24,,26bc57ad9cbd1f3c,C:\Users\tonyk\Downloads\VeritasIntelligenceAnalytics\dict\VDF\_active\VDF_AKSHARE_CANONICAL_MAPPING_GATE_v0277_20260610_220358\preview\VDF_AkShare_CanonicalPreview_v0277.csv,VDF_AkShare_CanonicalPreview_v0277.csv,symbol,date,value,vdf_original_row_hash,VDF_Global_Commodity|STEEL|2026-04-24|26bc57ad9cbd1f3c,False,value_blank_or_non_numeric,20671c9bff332b77
74,VDF_Global_Commodity,STEEL,2026-04-25,,de568d4a5dac8ce2,C:\Users\tonyk\Downloads\VeritasIntelligenceAnalytics\dict\VDF\_active\VDF_AKSHARE_CANONICAL_MAPPING_GATE_v0277_20260610_220358\preview\VDF_AkShare_CanonicalPreview_v0277.csv,VDF_AkShare_CanonicalPreview_v0277.csv,symbol,date,value,vdf_original_row_hash,VDF_Global_Commodity|STEEL|2026-04-25|de568d4a5dac8ce2,False,value_blank_or_non_numeric,cf1a79ca085e2f78
75,VDF_Global_Commodity,STEEL,2026-04-26,,f5988f66b272629e,C:\Users\tonyk\Downloads\VeritasIntelligenceAnalytics\dict\VDF\_active\VDF_AKSHARE_CANONICAL_MAPPING_GATE_v0277_20260610_220358\preview\VDF_AkShare_CanonicalPreview_v0277.csv,VDF_AkShare_CanonicalPreview_v0277.csv,symbol,date,value,vdf_original_row_hash,VDF_Global_Commodity|STEEL|2026-04-26|f5988f66b272629e,False,value_blank_or_non_numeric,17dfdd9da10b03c1
76,VDF_Global_Commodity,STEEL,2026-04-27,,91475892ffe9d810,C:\Users\tonyk\Downloads\VeritasIntelligenceAnalytics\dict\VDF\_active\VDF_AKSHARE_CANONICAL_MAPPING_GATE_v0277_20260610_220358\preview\VDF_AkShare_CanonicalPreview_v0277.csv,VDF_AkShare_CanonicalPreview_v0277.csv,symbol,date,value,vdf_original_row_hash,VDF_Global_Commodity|STEEL|2026-04-27|91475892ffe9d810,False,value_blank_or_non_numeric,040a96075f80ac9e
77,VDF_Global_Commodity,STEEL,2026-04-28,,891e352b8da62a27,C:\Users\tonyk\Downloads\VeritasIntelligenceAnalytics\dict\VDF\_active\VDF_AKSHARE_CANONICAL_MAPPING_GATE_v0277_20260610_220358\preview\VDF_AkShare_CanonicalPreview_v0277.csv,VDF_AkShare_CanonicalPreview_v0277.csv,symbol,date,value,vdf_original_row_hash,VDF_Global_Commodity|STEEL|2026-04-28|891e352b8da62a27,False,value_blank_or_non_numeric,079b3f287bd80a4d
78,VDF_Global_Commodity,STEEL,2026-04-29,,30304b5d6940e0a4,C:\Users\tonyk\Downloads\VeritasIntelligenceAnalytics\dict\VDF\_active\VDF_AKSHARE_CANONICAL_MAPPING_GATE_v0277_20260610_220358\preview\VDF_AkShare_CanonicalPreview_v0277.csv,VDF_AkShare_CanonicalPreview_v0277.csv,symbol,date,value,vdf_original_row_hash,VDF_Global_Commodity|STEEL|2026-04-29|30304b5d6940e0a4,False,value_blank_or_non_numeric,e188a4682d998f8d
79,VDF_Global_Commodity,STEEL,2026-04-30,,51ed4ea967d80607,C:\Users\tonyk\Downloads\VeritasIntelligenceAnalytics\dict\VDF\_active\VDF_AKSHARE_CANONICAL_MAPPING_GATE_v0277_20260610_220358\preview\VDF_AkShare_CanonicalPreview_v0277.csv,VDF_AkShare_CanonicalPreview_v0277.csv,symbol,date,value,vdf_original_row_hash,VDF_Global_Commodity|STEEL|2026-04-30|51ed4ea967d80607,False,value_blank_or_non_numeric,f9630c999867c1d0
80,VDF_Global_Commodity,STEEL,2026-05-01,,5788f3c7b6f2f13c,C:\Users\tonyk\Downloads\VeritasIntelligenceAnalytics\dict\VDF\_active\VDF_AKSHARE_CANONICAL_MAPPING_GATE_v0277_20260610_220358\preview\VDF_AkShare_CanonicalPreview_v0277.csv,VDF_AkShare_CanonicalPreview_v0277.csv,symbol,date,value,vdf_original_row_hash,VDF_Global_Commodity|STEEL|2026-05-01|5788f3c7b6f2f13c,False,value_blank_or_non_numeric,5846716adc6437d1
81,VDF_Global_Commodity,STEEL,2026-05-02,,d9615ec1503895fc,C:\Users\tonyk\Downloads\VeritasIntelligenceAnalytics\dict\VDF\_active\VDF_AKSHARE_CANONICAL_MAPPING_GATE_v0277_20260610_220358\preview\VDF_AkShare_CanonicalPreview_v0277.csv,VDF_AkShare_CanonicalPreview_v0277.csv,symbol,date,value,vdf_original_row_hash,VDF_Global_Commodity|STEEL|2026-05-02|d9615ec1503895fc,False,value_blank_or_non_numeric,bb7d4c76f3a40751
82,VDF_Global_Commodity,STEEL,2026-05-03,,5fea67218864f25a,C:\Users\tonyk\Downloads\VeritasIntelligenceAnalytics\dict\VDF\_active\VDF_AKSHARE_CANONICAL_MAPPING_GATE_v0277_20260610_220358\preview\VDF_AkShare_CanonicalPreview_v0277.csv,VDF_AkShare_CanonicalPreview_v0277.csv,symbol,date,value,vdf_original_row_hash,VDF_Global_Commodity|STEEL|2026-05-03|5fea67218864f25a,False,value_blank_or_non_numeric,08ff7e6a435b2e16
83,VDF_Global_Commodity,STEEL,2026-05-04,,94c5e739c0423990,C:\Users\tonyk\Downloads\VeritasIntelligenceAnalytics\dict\VDF\_active\VDF_AKSHARE_CANONICAL_MAPPING_GATE_v0277_20260610_220358\preview\VDF_AkShare_CanonicalPreview_v0277.csv,VDF_AkShare_CanonicalPreview_v0277.csv,symbol,date,value,vdf_original_row_hash,VDF_Global_Commodity|STEEL|2026-05-04|94c5e739c0423990,False,value_blank_or_non_numeric,046eb68074d1f94e
84,VDF_Global_Commodity,STEEL,2026-05-05,,3a7550f068ef5492,C:\Users\tonyk\Downloads\VeritasIntelligenceAnalytics\dict\VDF\_active\VDF_AKSHARE_CANONICAL_MAPPING_GATE_v0277_20260610_220358\preview\VDF_AkShare_CanonicalPreview_v0277.csv,VDF_AkShare_CanonicalPreview_v0277.csv,symbol,date,value,vdf_original_row_hash,VDF_Global_Commodity|STEEL|2026-05-05|3a7550f068ef5492,False,value_blank_or_non_numeric,9f236c101eb2597b
85,VDF_Global_Commodity,STEEL,2026-05-06,,46671818c77893a3,C:\Users\tonyk\Downloads\VeritasIntelligenceAnalytics\dict\VDF\_active\VDF_AKSHARE_CANONICAL_MAPPING_GATE_v0277_20260610_220358\preview\VDF_AkShare_CanonicalPreview_v0277.csv,VDF_AkShare_CanonicalPreview_v0277.csv,symbol,date,value,vdf_original_row_hash,VDF_Global_Commodity|STEEL|2026-05-06|46671818c77893a3,False,value_blank_or_non_numeric,d8a9279be574e001
86,VDF_Global_Commodity,STEEL,2026-05-07,,84d7630c6f8767a6,C:\Users\tonyk\Downloads\VeritasIntelligenceAnalytics\dict\VDF\_active\VDF_AKSHARE_CANONICAL_MAPPING_GATE_v0277_20260610_220358\preview\VDF_AkShare_CanonicalPreview_v0277.csv,VDF_AkShare_CanonicalPreview_v0277.csv,symbol,date,value,vdf_original_row_hash,VDF_Global_Commodity|STEEL|2026-05-07|84d7630c6f8767a6,False,value_blank_or_non_numeric,9d35ba7e61e1e40e
87,VDF_Global_Commodity,STEEL,2026-05-08,,647c9578f60e4982,C:\Users\tonyk\Downloads\VeritasIntelligenceAnalytics\dict\VDF\_active\VDF_AKSHARE_CANONICAL_MAPPING_GATE_v0277_20260610_220358\preview\VDF_AkShare_CanonicalPreview_v0277.csv,VDF_AkShare_CanonicalPreview_v0277.csv,symbol,date,value,vdf_original_row_hash,VDF_Global_Commodity|STEEL|2026-05-08|647c9578f60e4982,False,value_blank_or_non_numeric,765a4dbda308940e
88,VDF_Global_Commodity,STEEL,2026-05-09,,4d725fc1c1b4b54e,C:\Users\tonyk\Downloads\VeritasIntelligenceAnalytics\dict\VDF\_active\VDF_AKSHARE_CANONICAL_MAPPING_GATE_v0277_20260610_220358\preview\VDF_AkShare_CanonicalPreview_v0277.csv,VDF_AkShare_CanonicalPreview_v0277.csv,symbol,date,value,vdf_original_row_hash,VDF_Global_Commodity|STEEL|2026-05-09|4d725fc1c1b4b54e,False,value_blank_or_non_numeric,ff7bbba8cad169da
89,VDF_Global_Commodity,STEEL,2026-05-10,,d9111cc55c60a669,C:\Users\tonyk\Downloads\VeritasIntelligenceAnalytics\dict\VDF\_active\VDF_AKSHARE_CANONICAL_MAPPING_GATE_v0277_20260610_220358\preview\VDF_AkShare_CanonicalPreview_v0277.csv,VDF_AkShare_CanonicalPreview_v0277.csv,symbol,date,value,vdf_original_row_hash,VDF_Global_Commodity|STEEL|2026-05-10|d9111cc55c60a669,False,value_blank_or_non_numeric,15c8e9e918e909d4
90,VDF_Global_Commodity,STEEL,2026-05-11,,3fa543a12d9a8639,C:\Users\tonyk\Downloads\VeritasIntelligenceAnalytics\dict\VDF\_active\VDF_AKSHARE_CANONICAL_MAPPING_GATE_v0277_20260610_220358\preview\VDF_AkShare_CanonicalPreview_v0277.csv,VDF_AkShare_CanonicalPreview_v0277.csv,symbol,date,value,vdf_original_row_hash,VDF_Global_Commodity|STEEL|2026-05-11|3fa543a12d9a8639,False,value_blank_or_non_numeric,a5d97757cfcdf3c0
91,VDF_Global_Commodity,STEEL,2026-05-12,,30bed848daa09b96,C:\Users\tonyk\Downloads\VeritasIntelligenceAnalytics\dict\VDF\_active\VDF_AKSHARE_CANONICAL_MAPPING_GATE_v0277_20260610_220358\preview\VDF_AkShare_CanonicalPreview_v0277.csv,VDF_AkShare_CanonicalPreview_v0277.csv,symbol,date,value,vdf_original_row_hash,VDF_Global_Commodity|STEEL|2026-05-12|30bed848daa09b96,False,value_blank_or_non_numeric,2a7621cb08b4c270
92,VDF_Global_Commodity,STEEL,2026-05-13,,a9ff9b19c708de0a,C:\Users\tonyk\Downloads\VeritasIntelligenceAnalytics\dict\VDF\_active\VDF_AKSHARE_CANONICAL_MAPPING_GATE_v0277_20260610_220358\preview\VDF_AkShare_CanonicalPreview_v0277.csv,VDF_AkShare_CanonicalPreview_v0277.csv,symbol,date,value,vdf_original_row_hash,VDF_Global_Commodity|STEEL|2026-05-13|a9ff9b19c708de0a,False,value_blank_or_non_numeric,e22c0d323c9c1191
93,VDF_Global_Commodity,STEEL,2026-05-14,,b16a301dee35ed47,C:\Users\tonyk\Downloads\VeritasIntelligenceAnalytics\dict\VDF\_active\VDF_AKSHARE_CANONICAL_MAPPING_GATE_v0277_20260610_220358\preview\VDF_AkShare_CanonicalPreview_v0277.csv,VDF_AkShare_CanonicalPreview_v0277.csv,symbol,date,value,vdf_original_row_hash,VDF_Global_Commodity|STEEL|2026-05-14|b16a301dee35ed47,False,value_blank_or_non_numeric,76541cc44483e807
94,VDF_Global_Commodity,STEEL,2026-05-15,,a585105d016aa2de,C:\Users\tonyk\Downloads\VeritasIntelligenceAnalytics\dict\VDF\_active\VDF_AKSHARE_CANONICAL_MAPPING_GATE_v0277_20260610_220358\preview\VDF_AkShare_CanonicalPreview_v0277.csv,VDF_AkShare_CanonicalPreview_v0277.csv,symbol,date,value,vdf_original_row_hash,VDF_Global_Commodity|STEEL|2026-05-15|a585105d016aa2de,False,value_blank_or_non_numeric,12e49cdf5b6400db
95,VDF_Global_Commodity,STEEL,2026-05-16,,104addbe1f270dec,C:\Users\tonyk\Downloads\VeritasIntelligenceAnalytics\dict\VDF\_active\VDF_AKSHARE_CANONICAL_MAPPING_GATE_v0277_20260610_220358\preview\VDF_AkShare_CanonicalPreview_v0277.csv,VDF_AkShare_CanonicalPreview_v0277.csv,symbol,date,value,vdf_original_row_hash,VDF_Global_Commodity|STEEL|2026-05-16|104addbe1f270dec,False,value_blank_or_non_numeric,67e15e9311295a42
96,VDF_Global_Commodity,STEEL,2026-05-17,,d4e02c8ad0b90374,C:\Users\tonyk\Downloads\VeritasIntelligenceAnalytics\dict\VDF\_active\VDF_AKSHARE_CANONICAL_MAPPING_GATE_v0277_20260610_220358\preview\VDF_AkShare_CanonicalPreview_v0277.csv,VDF_AkShare_CanonicalPreview_v0277.csv,symbol,date,value,vdf_original_row_hash,VDF_Global_Commodity|STEEL|2026-05-17|d4e02c8ad0b90374,False,value_blank_or_non_numeric,5f8c0c0a51cb3315
97,VDF_Global_Commodity,STEEL,2026-05-18,,fefcd372d469ffda,C:\Users\tonyk\Downloads\VeritasIntelligenceAnalytics\dict\VDF\_active\VDF_AKSHARE_CANONICAL_MAPPING_GATE_v0277_20260610_220358\preview\VDF_AkShare_CanonicalPreview_v0277.csv,VDF_AkShare_CanonicalPreview_v0277.csv,symbol,date,value,vdf_original_row_hash,VDF_Global_Commodity|STEEL|2026-05-18|fefcd372d469ffda,False,value_blank_or_non_numeric,457ee83da1a1a0f1
98,VDF_Global_Commodity,STEEL,2026-05-19,,a150ab7061c116e0,C:\Users\tonyk\Downloads\VeritasIntelligenceAnalytics\dict\VDF\_active\VDF_AKSHARE_CANONICAL_MAPPING_GATE_v0277_20260610_220358\preview\VDF_AkShare_CanonicalPreview_v0277.csv,VDF_AkShare_CanonicalPreview_v0277.csv,symbol,date,value,vdf_original_row_hash,VDF_Global_Commodity|STEEL|2026-05-19|a150ab7061c116e0,False,value_blank_or_non_numeric,dbe166c592b8e45f
99,VDF_Global_Commodity,STEEL,2026-05-20,,716b95c92338a230,C:\Users\tonyk\Downloads\VeritasIntelligenceAnalytics\dict\VDF\_active\VDF_AKSHARE_CANONICAL_MAPPING_GATE_v0277_20260610_220358\preview\VDF_AkShare_CanonicalPreview_v0277.csv,VDF_AkShare_CanonicalPreview_v0277.csv,symbol,date,value,vdf_original_row_hash,VDF_Global_Commodity|STEEL|2026-05-20|716b95c92338a230,False,value_blank_or_non_numeric,c60468da6555c84f
100,VDF_Global_Commodity,STEEL,2026-05-21,,726656cb1305f67e,C:\Users\tonyk\Downloads\VeritasIntelligenceAnalytics\dict\VDF\_active\VDF_AKSHARE_CANONICAL_MAPPING_GATE_v0277_20260610_220358\preview\VDF_AkShare_CanonicalPreview_v0277.csv,VDF_AkShare_CanonicalPreview_v0277.csv,symbol,date,value,vdf_original_row_hash,VDF_Global_Commodity|STEEL|2026-05-21|726656cb1305f67e,False,value_blank_or_non_numeric,82453c2aa6020a14
101,VDF_Global_Commodity,STEEL,2026-05-22,,516070d60627a41e,C:\Users\tonyk\Downloads\VeritasIntelligenceAnalytics\dict\VDF\_active\VDF_AKSHARE_CANONICAL_MAPPING_GATE_v0277_20260610_220358\preview\VDF_AkShare_CanonicalPreview_v0277.csv,VDF_AkShare_CanonicalPreview_v0277.csv,symbol,date,value,vdf_original_row_hash,VDF_Global_Commodity|STEEL|2026-05-22|516070d60627a41e,False,value_blank_or_non_numeric,b6c841fe74d09c11
102,VDF_Global_Commodity,STEEL,2026-05-23,,170ea7960b94ee13,C:\Users\tonyk\Downloads\VeritasIntelligenceAnalytics\dict\VDF\_active\VDF_AKSHARE_CANONICAL_MAPPING_GATE_v0277_20260610_220358\preview\VDF_AkShare_CanonicalPreview_v0277.csv,VDF_AkShare_CanonicalPreview_v0277.csv,symbol,date,value,vdf_original_row_hash,VDF_Global_Commodity|STEEL|2026-05-23|170ea7960b94ee13,False,value_blank_or_non_numeric,3add66b1d96d4482
103,VDF_Global_Commodity,STEEL,2026-05-24,,90512da68dddf876,C:\Users\tonyk\Downloads\VeritasIntelligenceAnalytics\dict\VDF\_active\VDF_AKSHARE_CANONICAL_MAPPING_GATE_v0277_20260610_220358\preview\VDF_AkShare_CanonicalPreview_v0277.csv,VDF_AkShare_CanonicalPreview_v0277.csv,symbol,date,value,vdf_original_row_hash,VDF_Global_Commodity|STEEL|2026-05-24|90512da68dddf876,False,value_blank_or_non_numeric,7f360d93294b3971
104,VDF_Global_Commodity,STEEL,2026-05-25,,a8b621f447f59f53,C:\Users\tonyk\Downloads\VeritasIntelligenceAnalytics\dict\VDF\_active\VDF_AKSHARE_CANONICAL_MAPPING_GATE_v0277_20260610_220358\preview\VDF_AkShare_CanonicalPreview_v0277.csv,VDF_AkShare_CanonicalPreview_v0277.csv,symbol,date,value,vdf_original_row_hash,VDF_Global_Commodity|STEEL|2026-05-25|a8b621f447f59f53,False,value_blank_or_non_numeric,6699c729b4978e6a
105,VDF_Global_Commodity,STEEL,2026-05-26,,9b6451e7a5a53779,C:\Users\tonyk\Downloads\VeritasIntelligenceAnalytics\dict\VDF\_active\VDF_AKSHARE_CANONICAL_MAPPING_GATE_v0277_20260610_220358\preview\VDF_AkShare_CanonicalPreview_v0277.csv,VDF_AkShare_CanonicalPreview_v0277.csv,symbol,date,value,vdf_original_row_hash,VDF_Global_Commodity|STEEL|2026-05-26|9b6451e7a5a53779,False,value_blank_or_non_numeric,46dff3dae2053b1f
106,VDF_Global_Commodity,STEEL,2026-05-27,,bd41869305419303,C:\Users\tonyk\Downloads\VeritasIntelligenceAnalytics\dict\VDF\_active\VDF_AKSHARE_CANONICAL_MAPPING_GATE_v0277_20260610_220358\preview\VDF_AkShare_CanonicalPreview_v0277.csv,VDF_AkShare_CanonicalPreview_v0277.csv,symbol,date,value,vdf_original_row_hash,VDF_Global_Commodity|STEEL|2026-05-27|bd41869305419303,False,value_blank_or_non_numeric,8179e6f38e586151
107,VDF_Global_Commodity,STEEL,2026-05-28,,3e56ab0ce2afa61d,C:\Users\tonyk\Downloads\VeritasIntelligenceAnalytics\dict\VDF\_active\VDF_AKSHARE_CANONICAL_MAPPING_GATE_v0277_20260610_220358\preview\VDF_AkShare_CanonicalPreview_v0277.csv,VDF_AkShare_CanonicalPreview_v0277.csv,symbol,date,value,vdf_original_row_hash,VDF_Global_Commodity|STEEL|2026-05-28|3e56ab0ce2afa61d,False,value_blank_or_non_numeric,147c36439d7fc8a4
108,VDF_Global_Commodity,STEEL,2026-05-29,,40e8296c0ed61094,C:\Users\tonyk\Downloads\VeritasIntelligenceAnalytics\dict\VDF\_active\VDF_AKSHARE_CANONICAL_MAPPING_GATE_v0277_20260610_220358\preview\VDF_AkShare_CanonicalPreview_v0277.csv,VDF_AkShare_CanonicalPreview_v0277.csv,symbol,date,value,vdf_original_row_hash,VDF_Global_Commodity|STEEL|2026-05-29|40e8296c0ed61094,False,value_blank_or_non_numeric,d464ae4a063a35e9
109,VDF_Global_Commodity,STEEL,2026-05-30,,e53d73801e8f4112,C:\Users\tonyk\Downloads\VeritasIntelligenceAnalytics\dict\VDF\_active\VDF_AKSHARE_CANONICAL_MAPPING_GATE_v0277_20260610_220358\preview\VDF_AkShare_CanonicalPreview_v0277.csv,VDF_AkShare_CanonicalPreview_v0277.csv,symbol,date,value,vdf_original_row_hash,VDF_Global_Commodity|STEEL|2026-05-30|e53d73801e8f4112,False,value_blank_or_non_numeric,c1ff06221cc8a070
110,VDF_Global_Commodity,STEEL,2026-05-31,,fef82514d2108ea1,C:\Users\tonyk\Downloads\VeritasIntelligenceAnalytics\dict\VDF\_active\VDF_AKSHARE_CANONICAL_MAPPING_GATE_v0277_20260610_220358\preview\VDF_AkShare_CanonicalPreview_v0277.csv,VDF_AkShare_CanonicalPreview_v0277.csv,symbol,date,value,vdf_original_row_hash,VDF_Global_Commodity|STEEL|2026-05-31|fef82514d2108ea1,False,value_blank_or_non_numeric,4189b99e9ac5e09c
111,VDF_Global_Commodity,STEEL,2026-06-01,,518388a4bd633bdf,C:\Users\tonyk\Downloads\VeritasIntelligenceAnalytics\dict\VDF\_active\VDF_AKSHARE_CANONICAL_MAPPING_GATE_v0277_20260610_220358\preview\VDF_AkShare_CanonicalPreview_v0277.csv,VDF_AkShare_CanonicalPreview_v0277.csv,symbol,date,value,vdf_original_row_hash,VDF_Global_Commodity|STEEL|2026-06-01|518388a4bd633bdf,False,value_blank_or_non_numeric,b994c7c592ba2eaf
112,VDF_Global_Commodity,STEEL,2026-06-02,,56d9bd37d5c6d037,C:\Users\tonyk\Downloads\VeritasIntelligenceAnalytics\dict\VDF\_active\VDF_AKSHARE_CANONICAL_MAPPING_GATE_v0277_20260610_220358\preview\VDF_AkShare_CanonicalPreview_v0277.csv,VDF_AkShare_CanonicalPreview_v0277.csv,symbol,date,value,vdf_original_row_hash,VDF_Global_Commodity|STEEL|2026-06-02|56d9bd37d5c6d037,False,value_blank_or_non_numeric,b086a7604c45eaab
113,VDF_Global_Commodity,STEEL,2026-06-03,,348f2d77d1f984b6,C:\Users\tonyk\Downloads\VeritasIntelligenceAnalytics\dict\VDF\_active\VDF_AKSHARE_CANONICAL_MAPPING_GATE_v0277_20260610_220358\preview\VDF_AkShare_CanonicalPreview_v0277.csv,VDF_AkShare_CanonicalPreview_v0277.csv,symbol,date,value,vdf_original_row_hash,VDF_Global_Commodity|STEEL|2026-06-03|348f2d77d1f984b6,False,value_blank_or_non_numeric,ac702b9681671975
114,VDF_Global_Commodity,STEEL,2026-06-04,,effbe9b4a4e02568,C:\Users\tonyk\Downloads\VeritasIntelligenceAnalytics\dict\VDF\_active\VDF_AKSHARE_CANONICAL_MAPPING_GATE_v0277_20260610_220358\preview\VDF_AkShare_CanonicalPreview_v0277.csv,VDF_AkShare_CanonicalPreview_v0277.csv,symbol,date,value,vdf_original_row_hash,VDF_Global_Commodity|STEEL|2026-06-04|effbe9b4a4e02568,False,value_blank_or_non_numeric,9eba980c1e3ffd32
115,VDF_Global_Commodity,STEEL,2026-06-05,,e5968e77e8c85060,C:\Users\tonyk\Downloads\VeritasIntelligenceAnalytics\dict\VDF\_active\VDF_AKSHARE_CANONICAL_MAPPING_GATE_v0277_20260610_220358\preview\VDF_AkShare_CanonicalPreview_v0277.csv,VDF_AkShare_CanonicalPreview_v0277.csv,symbol,date,value,vdf_original_row_hash,VDF_Global_Commodity|STEEL|2026-06-05|e5968e77e8c85060,False,value_blank_or_non_numeric,f6ed754d017cc010
116,VDF_Global_Commodity,STEEL,2026-06-06,,751374545aa7d59f,C:\Users\tonyk\Downloads\VeritasIntelligenceAnalytics\dict\VDF\_active\VDF_AKSHARE_CANONICAL_MAPPING_GATE_v0277_20260610_220358\preview\VDF_AkShare_CanonicalPreview_v0277.csv,VDF_AkShare_CanonicalPreview_v0277.csv,symbol,date,value,vdf_original_row_hash,VDF_Global_Commodity|STEEL|2026-06-06|751374545aa7d59f,False,value_blank_or_non_numeric,27247f7dfc646ef4
117,VDF_Global_Commodity,STEEL,2026-06-07,,2e28489319df7bab,C:\Users\tonyk\Downloads\VeritasIntelligenceAnalytics\dict\VDF\_active\VDF_AKSHARE_CANONICAL_MAPPING_GATE_v0277_20260610_220358\preview\VDF_AkShare_CanonicalPreview_v0277.csv,VDF_AkShare_CanonicalPreview_v0277.csv,symbol,date,value,vdf_original_row_hash,VDF_Global_Commodity|STEEL|2026-06-07|2e28489319df7bab,False,value_blank_or_non_numeric,697257ba66d74280
118,VDF_Global_Commodity,STEEL,2026-06-08,,587050c546c2fc6f,C:\Users\tonyk\Downloads\VeritasIntelligenceAnalytics\dict\VDF\_active\VDF_AKSHARE_CANONICAL_MAPPING_GATE_v0277_20260610_220358\preview\VDF_AkShare_CanonicalPreview_v0277.csv,VDF_AkShare_CanonicalPreview_v0277.csv,symbol,date,value,vdf_original_row_hash,VDF_Global_Commodity|STEEL|2026-06-08|587050c546c2fc6f,False,value_blank_or_non_numeric,0ce7d40c2ab95c30
119,VDF_Global_Commodity,STEEL,2026-06-09,,dbe71981a6e3cd04,C:\Users\tonyk\Downloads\VeritasIntelligenceAnalytics\dict\VDF\_active\VDF_AKSHARE_CANONICAL_MAPPING_GATE_v0277_20260610_220358\preview\VDF_AkShare_CanonicalPreview_v0277.csv,VDF_AkShare_CanonicalPreview_v0277.csv,symbol,date,value,vdf_original_row_hash,VDF_Global_Commodity|STEEL|2026-06-09|dbe71981a6e3cd04,False,value_blank_or_non_numeric,2cd111d81e23687d
120,VDF_Global_Commodity,STEEL,2026-06-10,,284322b2697ecb17,C:\Users\tonyk\Downloads\VeritasIntelligenceAnalytics\dict\VDF\_active\VDF_AKSHARE_CANONICAL_MAPPING_GATE_v0277_20260610_220358\preview\VDF_AkShare_CanonicalPreview_v0277.csv,VDF_AkShare_CanonicalPreview_v0277.csv,symbol,date,value,vdf_original_row_hash,VDF_Global_Commodity|STEEL|2026-06-10|284322b2697ecb17,False,value_blank_or_non_numeric,440c89dd759c3dcc
121,VDF_Global_Commodity,COMMODITY_FUTURES,,,8ed97111ad0a8683,C:\Users\tonyk\Downloads\VeritasIntelligenceAnalytics\dict\VDF\_active\VDF_AKSHARE_CANONICAL_MAPPING_GATE_v0277_20260610_220358\preview\VDF_AkShare_CanonicalPreview_v0277.csv,VDF_AkShare_CanonicalPreview_v0277.csv,symbol,date,value,vdf_original_row_hash,VDF_Global_Commodity|COMMODITY_FUTURES||8ed97111ad0a8683,False,date_blank_or_unparseable;value_blank_or_non_numeric,b248e4afaccf1906
122,VDF_Global_Commodity,COMMODITY_FUTURES,,,b6c324f1982f4025,C:\Users\tonyk\Downloads\VeritasIntelligenceAnalytics\dict\VDF\_active\VDF_AKSHARE_CANONICAL_MAPPING_GATE_v0277_20260610_220358\preview\VDF_AkShare_CanonicalPreview_v0277.csv,VDF_AkShare_CanonicalPreview_v0277.csv,symbol,date,value,vdf_original_row_hash,VDF_Global_Commodity|COMMODITY_FUTURES||b6c324f1982f4025,False,date_blank_or_unparseable;value_blank_or_non_numeric,2f3579edce86b3cc
123,VDF_Global_Commodity,COMMODITY_FUTURES,,3.0,57eb5cd28b5ac54e,C:\Users\tonyk\Downloads\VeritasIntelligenceAnalytics\dict\VDF\_active\VDF_AKSHARE_CANONICAL_MAPPING_GATE_v0277_20260610_220358\preview\VDF_AkShare_CanonicalPreview_v0277.csv,VDF_AkShare_CanonicalPreview_v0277.csv,symbol,date,value,vdf_original_row_hash,VDF_Global_Commodity|COMMODITY_FUTURES||57eb5cd28b5ac54e,False,date_blank_or_unparseable,29f28fb6e55d4229
124,VDF_Global_Commodity,COMMODITY_FUTURES,,,a6f7896282f27654,C:\Users\tonyk\Downloads\VeritasIntelligenceAnalytics\dict\VDF\_active\VDF_AKSHARE_CANONICAL_MAPPING_GATE_v0277_20260610_220358\preview\VDF_AkShare_CanonicalPreview_v0277.csv,VDF_AkShare_CanonicalPreview_v0277.csv,symbol,date,value,vdf_original_row_hash,VDF_Global_Commodity|COMMODITY_FUTURES||a6f7896282f27654,False,date_blank_or_unparseable;value_blank_or_non_numeric,4728eb0a19ce58aa
125,VDF_Global_Commodity,COMMODITY_FUTURES,,,8881531c4db276fc,C:\Users\tonyk\Downloads\VeritasIntelligenceAnalytics\dict\VDF\_active\VDF_AKSHARE_CANONICAL_MAPPING_GATE_v0277_20260610_220358\preview\VDF_AkShare_CanonicalPreview_v0277.csv,VDF_AkShare_CanonicalPreview_v0277.csv,symbol,date,value,vdf_original_row_hash,VDF_Global_Commodity|COMMODITY_FUTURES||8881531c4db276fc,False,date_blank_or_unparseable;value_blank_or_non_numeric,ac7caf99834c1feb
126,VDF_Global_Commodity,COMMODITY_FUTURES,,,87b1ad27576725bf,C:\Users\tonyk\Downloads\VeritasIntelligenceAnalytics\dict\VDF\_active\VDF_AKSHARE_CANONICAL_MAPPING_GATE_v0277_20260610_220358\preview\VDF_AkShare_CanonicalPreview_v0277.csv,VDF_AkShare_CanonicalPreview_v0277.csv,symbol,date,value,vdf_original_row_hash,VDF_Global_Commodity|COMMODITY_FUTURES||87b1ad27576725bf,False,date_blank_or_unparseable;value_blank_or_non_numeric,17cfabc6900864dd
127,VDF_Global_Commodity,COMMODITY_FUTURES,,,b0e761cec4a31790,C:\Users\tonyk\Downloads\VeritasIntelligenceAnalytics\dict\VDF\_active\VDF_AKSHARE_CANONICAL_MAPPING_GATE_v0277_20260610_220358\preview\VDF_AkShare_CanonicalPreview_v0277.csv,VDF_AkShare_CanonicalPreview_v0277.csv,symbol,date,value,vdf_original_row_hash,VDF_Global_Commodity|COMMODITY_FUTURES||b0e761cec4a31790,False,date_blank_or_unparseable;value_blank_or_non_numeric,e25488ee4f4fdff0
128,VDF_Global_Commodity,COMMODITY_FUTURES,,,e4c42bf85705583b,C:\Users\tonyk\Downloads\VeritasIntelligenceAnalytics\dict\VDF\_active\VDF_AKSHARE_CANONICAL_MAPPING_GATE_v0277_20260610_220358\preview\VDF_AkShare_CanonicalPreview_v0277.csv,VDF_AkShare_CanonicalPreview_v0277.csv,symbol,date,value,vdf_original_row_hash,VDF_Global_Commodity|COMMODITY_FUTURES||e4c42bf85705583b,False,date_blank_or_unparseable;value_blank_or_non_numeric,68f824222e1e5f00
129,VDF_Global_Commodity,COMMODITY_FUTURES,,,abd3206346ff4d85,C:\Users\tonyk\Downloads\VeritasIntelligenceAnalytics\dict\VDF\_active\VDF_AKSHARE_CANONICAL_MAPPING_GATE_v0277_20260610_220358\preview\VDF_AkShare_CanonicalPreview_v0277.csv,VDF_AkShare_CanonicalPreview_v0277.csv,symbol,date,value,vdf_original_row_hash,VDF_Global_Commodity|COMMODITY_FUTURES||abd3206346ff4d85,False,date_blank_or_unparseable;value_blank_or_non_numeric,4855135a39a27162
130,VDF_Global_Commodity,COMMODITY_FUTURES,,,34e6a213b7c37244,C:\Users\tonyk\Downloads\VeritasIntelligenceAnalytics\dict\VDF\_active\VDF_AKSHARE_CANONICAL_MAPPING_GATE_v0277_20260610_220358\preview\VDF_AkShare_CanonicalPreview_v0277.csv,VDF_AkShare_CanonicalPreview_v0277.csv,symbol,date,value,vdf_original_row_hash,VDF_Global_Commodity|COMMODITY_FUTURES||34e6a213b7c37244,False,date_blank_or_unparseable;value_blank_or_non_numeric,743826c238961ccb
131,VDF_Global_Commodity,COMMODITY_FUTURES,,,ea39f86f0cc205f2,C:\Users\tonyk\Downloads\VeritasIntelligenceAnalytics\dict\VDF\_active\VDF_AKSHARE_CANONICAL_MAPPING_GATE_v0277_20260610_220358\preview\VDF_AkShare_CanonicalPreview_v0277.csv,VDF_AkShare_CanonicalPreview_v0277.csv,symbol,date,value,vdf_original_row_hash,VDF_Global_Commodity|COMMODITY_FUTURES||ea39f86f0cc205f2,False,date_blank_or_unparseable;value_blank_or_non_numeric,ee16fbb2c2c3744b
132,VDF_Global_Commodity,COMMODITY_FUTURES,,,b599eda556917203,C:\Users\tonyk\Downloads\VeritasIntelligenceAnalytics\dict\VDF\_active\VDF_AKSHARE_CANONICAL_MAPPING_GATE_v0277_20260610_220358\preview\VDF_AkShare_CanonicalPreview_v0277.csv,VDF_AkShare_CanonicalPreview_v0277.csv,symbol,date,value,vdf_original_row_hash,VDF_Global_Commodity|COMMODITY_FUTURES||b599eda556917203,False,date_blank_or_unparseable;value_blank_or_non_numeric,53089ef5617f9afa
133,VDF_Global_Commodity,COMMODITY_FUTURES,,,5ef2551ad8ff5d40,C:\Users\tonyk\Downloads\VeritasIntelligenceAnalytics\dict\VDF\_active\VDF_AKSHARE_CANONICAL_MAPPING_GATE_v0277_20260610_220358\preview\VDF_AkShare_CanonicalPreview_v0277.csv,VDF_AkShare_CanonicalPreview_v0277.csv,symbol,date,value,vdf_original_row_hash,VDF_Global_Commodity|COMMODITY_FUTURES||5ef2551ad8ff5d40,False,date_blank_or_unparseable;value_blank_or_non_numeric,12c672c389ad4091
134,VDF_Global_Commodity,COMMODITY_FUTURES,,,ec5bc834d2fb249d,C:\Users\tonyk\Downloads\VeritasIntelligenceAnalytics\dict\VDF\_active\VDF_AKSHARE_CANONICAL_MAPPING_GATE_v0277_20260610_220358\preview\VDF_AkShare_CanonicalPreview_v0277.csv,VDF_AkShare_CanonicalPreview_v0277.csv,symbol,date,value,vdf_original_row_hash,VDF_Global_Commodity|COMMODITY_FUTURES||ec5bc834d2fb249d,False,date_blank_or_unparseable;value_blank_or_non_numeric,0f571cd74810d471
135,VDF_Global_Commodity,COMMODITY_FUTURES,,,fc3703242831a527,C:\Users\tonyk\Downloads\VeritasIntelligenceAnalytics\dict\VDF\_active\VDF_AKSHARE_CANONICAL_MAPPING_GATE_v0277_20260610_220358\preview\VDF_AkShare_CanonicalPreview_v0277.csv,VDF_AkShare_CanonicalPreview_v0277.csv,symbol,date,value,vdf_original_row_hash,VDF_Global_Commodity|COMMODITY_FUTURES||fc3703242831a527,False,date_blank_or_unparseable;value_blank_or_non_numeric,7430aefaeb2c64fc
136,VDF_Global_Commodity,COMMODITY_FUTURES,,,1937058cf9dcbf3f,C:\Users\tonyk\Downloads\VeritasIntelligenceAnalytics\dict\VDF\_active\VDF_AKSHARE_CANONICAL_MAPPING_GATE_v0277_20260610_220358\preview\VDF_AkShare_CanonicalPreview_v0277.csv,VDF_AkShare_CanonicalPreview_v0277.csv,symbol,date,value,vdf_original_row_hash,VDF_Global_Commodity|COMMODITY_FUTURES||1937058cf9dcbf3f,False,date_blank_or_unparseable;value_blank_or_non_numeric,6f0e67b8655fc314
137,VDF_Global_Commodity,COMMODITY_FUTURES,,,d87aedb292159a7a,C:\Users\tonyk\Downloads\VeritasIntelligenceAnalytics\dict\VDF\_active\VDF_AKSHARE_CANONICAL_MAPPING_GATE_v0277_20260610_220358\preview\VDF_AkShare_CanonicalPreview_v0277.csv,VDF_AkShare_CanonicalPreview_v0277.csv,symbol,date,value,vdf_original_row_hash,VDF_Global_Commodity|COMMODITY_FUTURES||d87aedb292159a7a,False,date_blank_or_unparseable;value_blank_or_non_numeric,524efbcd00b2b10d
138,VDF_Global_Commodity,COMMODITY_FUTURES,,,55530a7c487ccd7e,C:\Users\tonyk\Downloads\VeritasIntelligenceAnalytics\dict\VDF\_active\VDF_AKSHARE_CANONICAL_MAPPING_GATE_v0277_20260610_220358\preview\VDF_AkShare_CanonicalPreview_v0277.csv,VDF_AkShare_CanonicalPreview_v0277.csv,symbol,date,value,vdf_original_row_hash,VDF_Global_Commodity|COMMODITY_FUTURES||55530a7c487ccd7e,False,date_blank_or_unparseable;value_blank_or_non_numeric,8fde450d42d9ea05
139,VDF_Global_Commodity,COMMODITY_FUTURES,,,5dad3acfb3118f55,C:\Users\tonyk\Downloads\VeritasIntelligenceAnalytics\dict\VDF\_active\VDF_AKSHARE_CANONICAL_MAPPING_GATE_v0277_20260610_220358\preview\VDF_AkShare_CanonicalPreview_v0277.csv,VDF_AkShare_CanonicalPreview_v0277.csv,symbol,date,value,vdf_original_row_hash,VDF_Global_Commodity|COMMODITY_FUTURES||5dad3acfb3118f55,False,date_blank_or_unparseable;value_blank_or_non_numeric,39102a22afe7eaf2
140,VDF_Global_Commodity,COMMODITY_FUTURES,,,e59bb77d090bf232,C:\Users\tonyk\Downloads\VeritasIntelligenceAnalytics\dict\VDF\_active\VDF_AKSHARE_CANONICAL_MAPPING_GATE_v0277_20260610_220358\preview\VDF_AkShare_CanonicalPreview_v0277.csv,VDF_AkShare_CanonicalPreview_v0277.csv,symbol,date,value,vdf_original_row_hash,VDF_Global_Commodity|COMMODITY_FUTURES||e59bb77d090bf232,False,date_blank_or_unparseable;value_blank_or_non_numeric,cb7b062f3bec0a96
141,VDF_Global_Commodity,COMMODITY_FUTURES,,,04ca49f8705f8c53,C:\Users\tonyk\Downloads\VeritasIntelligenceAnalytics\dict\VDF\_active\VDF_AKSHARE_CANONICAL_MAPPING_GATE_v0277_20260610_220358\preview\VDF_AkShare_CanonicalPreview_v0277.csv,VDF_AkShare_CanonicalPreview_v0277.csv,symbol,date,value,vdf_original_row_hash,VDF_Global_Commodity|COMMODITY_FUTURES||04ca49f8705f8c53,False,date_blank_or_unparseable;value_blank_or_non_numeric,69bde106773b2699
142,VDF_Global_Commodity,COMMODITY_FUTURES,,,c5c416e5c0ab2b85,C:\Users\tonyk\Downloads\VeritasIntelligenceAnalytics\dict\VDF\_active\VDF_AKSHARE_CANONICAL_MAPPING_GATE_v0277_20260610_220358\preview\VDF_AkShare_CanonicalPreview_v0277.csv,VDF_AkShare_CanonicalPreview_v0277.csv,symbol,date,value,vdf_original_row_hash,VDF_Global_Commodity|COMMODITY_FUTURES||c5c416e5c0ab2b85,False,date_blank_or_unparseable;value_blank_or_non_numeric,49f18cc89d6ceb69
143,VDF_Global_Commodity,COMMODITY_FUTURES,,,36fc04e0f35fc7f3,C:\Users\tonyk\Downloads\VeritasIntelligenceAnalytics\dict\VDF\_active\VDF_AKSHARE_CANONICAL_MAPPING_GATE_v0277_20260610_220358\preview\VDF_AkShare_CanonicalPreview_v0277.csv,VDF_AkShare_CanonicalPreview_v0277.csv,symbol,date,value,vdf_original_row_hash,VDF_Global_Commodity|COMMODITY_FUTURES||36fc04e0f35fc7f3,False,date_blank_or_unparseable;value_blank_or_non_numeric,a576650ee062c31f
144,VDF_Global_Commodity,COMMODITY_FUTURES,,,8d821f09e50a682b,C:\Users\tonyk\Downloads\VeritasIntelligenceAnalytics\dict\VDF\_active\VDF_AKSHARE_CANONICAL_MAPPING_GATE_v0277_20260610_220358\preview\VDF_AkShare_CanonicalPreview_v0277.csv,VDF_AkShare_CanonicalPreview_v0277.csv,symbol,date,value,vdf_original_row_hash,VDF_Global_Commodity|COMMODITY_FUTURES||8d821f09e50a682b,False,date_blank_or_unparseable;value_blank_or_non_numeric,b7926617a73d4f94
145,VDF_Global_Commodity,COMMODITY_FUTURES,,,1fe60eee3883231c,C:\Users\tonyk\Downloads\VeritasIntelligenceAnalytics\dict\VDF\_active\VDF_AKSHARE_CANONICAL_MAPPING_GATE_v0277_20260610_220358\preview\VDF_AkShare_CanonicalPreview_v0277.csv,VDF_AkShare_CanonicalPreview_v0277.csv,symbol,date,value,vdf_original_row_hash,VDF_Global_Commodity|COMMODITY_FUTURES||1fe60eee3883231c,False,date_blank_or_unparseable;value_blank_or_non_numeric,1040c594a575f8b2
146,VDF_Global_Commodity,COMMODITY_FUTURES,,,d4f7a2bcee11bda6,C:\Users\tonyk\Downloads\VeritasIntelligenceAnalytics\dict\VDF\_active\VDF_AKSHARE_CANONICAL_MAPPING_GATE_v0277_20260610_220358\preview\VDF_AkShare_CanonicalPreview_v0277.csv,VDF_AkShare_CanonicalPreview_v0277.csv,symbol,date,value,vdf_original_row_hash,VDF_Global_Commodity|COMMODITY_FUTURES||d4f7a2bcee11bda6,False,date_blank_or_unparseable;value_blank_or_non_numeric,294b77bba7aad3cc
147,VDF_Global_Commodity,COMMODITY_FUTURES,,,204b222caaaa9b53,C:\Users\tonyk\Downloads\VeritasIntelligenceAnalytics\dict\VDF\_active\VDF_AKSHARE_CANONICAL_MAPPING_GATE_v0277_20260610_220358\preview\VDF_AkShare_CanonicalPreview_v0277.csv,VDF_AkShare_CanonicalPreview_v0277.csv,symbol,date,value,vdf_original_row_hash,VDF_Global_Commodity|COMMODITY_FUTURES||204b222caaaa9b53,False,date_blank_or_unparseable;value_blank_or_non_numeric,91ab11ffa6c85231
148,VDF_Global_Commodity,COMMODITY_FUTURES,,,3d573dfd72c901dc,C:\Users\tonyk\Downloads\VeritasIntelligenceAnalytics\dict\VDF\_active\VDF_AKSHARE_CANONICAL_MAPPING_GATE_v0277_20260610_220358\preview\VDF_AkShare_CanonicalPreview_v0277.csv,VDF_AkShare_CanonicalPreview_v0277.csv,symbol,date,value,vdf_original_row_hash,VDF_Global_Commodity|COMMODITY_FUTURES||3d573dfd72c901dc,False,date_blank_or_unparseable;value_blank_or_non_numeric,d9d5a6d95e81ca03
149,VDF_Global_Commodity,COMMODITY_FUTURES,,,086b94f981eb0da1,C:\Users\tonyk\Downloads\VeritasIntelligenceAnalytics\dict\VDF\_active\VDF_AKSHARE_CANONICAL_MAPPING_GATE_v0277_20260610_220358\preview\VDF_AkShare_CanonicalPreview_v0277.csv,VDF_AkShare_CanonicalPreview_v0277.csv,symbol,date,value,vdf_original_row_hash,VDF_Global_Commodity|COMMODITY_FUTURES||086b94f981eb0da1,False,date_blank_or_unparseable;value_blank_or_non_numeric,7f92ad6732aa6803
150,VDF_Global_Commodity,COMMODITY_FUTURES,,,e6a8902b447aab14,C:\Users\tonyk\Downloads\VeritasIntelligenceAnalytics\dict\VDF\_active\VDF_AKSHARE_CANONICAL_MAPPING_GATE_v0277_20260610_220358\preview\VDF_AkShare_CanonicalPreview_v0277.csv,VDF_AkShare_CanonicalPreview_v0277.csv,symbol,date,value,vdf_original_row_hash,VDF_Global_Commodity|COMMODITY_FUTURES||e6a8902b447aab14,False,date_blank_or_unparseable;value_blank_or_non_numeric,82c9ac1e3a79c7a7
1,VDF_Global_Commodity,STEEL,2026-02-11,,c40c2417ebcd7bbd,C:\Users\tonyk\Downloads\VeritasIntelligenceAnalytics\dict\VDF\_active\VDF_AKSHARE_CANONICAL_MAPPING_GATE_v0277_20260610_220358\preview\VDF_AkShare_CanonicalPreview_v0277.json,VDF_AkShare_CanonicalPreview_v0277.json,symbol,date,value,vdf_original_row_hash,VDF_Global_Commodity|STEEL|2026-02-11|c40c2417ebcd7bbd,False,value_blank_or_non_numeric,9e42b6510fc611de
2,VDF_Global_Commodity,STEEL,2026-02-12,,3b448f17b94509de,C:\Users\tonyk\Downloads\VeritasIntelligenceAnalytics\dict\VDF\_active\VDF_AKSHARE_CANONICAL_MAPPING_GATE_v0277_20260610_220358\preview\VDF_AkShare_CanonicalPreview_v0277.json,VDF_AkShare_CanonicalPreview_v0277.json,symbol,date,value,vdf_original_row_hash,VDF_Global_Commodity|STEEL|2026-02-12|3b448f17b94509de,False,value_blank_or_non_numeric,090ee8d64c9fd923
3,VDF_Global_Commodity,STEEL,2026-02-13,,8684c9acc94b1000,C:\Users\tonyk\Downloads\VeritasIntelligenceAnalytics\dict\VDF\_active\VDF_AKSHARE_CANONICAL_MAPPING_GATE_v0277_20260610_220358\preview\VDF_AkShare_CanonicalPreview_v0277.json,VDF_AkShare_CanonicalPreview_v0277.json,symbol,date,value,vdf_original_row_hash,VDF_Global_Commodity|STEEL|2026-02-13|8684c9acc94b1000,False,value_blank_or_non_numeric,477cb469059f8aa1
4,VDF_Global_Commodity,STEEL,2026-02-14,,09f777d25015dc7d,C:\Users\tonyk\Downloads\VeritasIntelligenceAnalytics\dict\VDF\_active\VDF_AKSHARE_CANONICAL_MAPPING_GATE_v0277_20260610_220358\preview\VDF_AkShare_CanonicalPreview_v0277.json,VDF_AkShare_CanonicalPreview_v0277.json,symbol,date,value,vdf_original_row_hash,VDF_Global_Commodity|STEEL|2026-02-14|09f777d25015dc7d,False,value_blank_or_non_numeric,e5d6ee6180b7a7ba
5,VDF_Global_Commodity,STEEL,2026-02-15,,ca18e72573fe5a0f,C:\Users\tonyk\Downloads\VeritasIntelligenceAnalytics\dict\VDF\_active\VDF_AKSHARE_CANONICAL_MAPPING_GATE_v0277_20260610_220358\preview\VDF_AkShare_CanonicalPreview_v0277.json,VDF_AkShare_CanonicalPreview_v0277.json,symbol,date,value,vdf_original_row_hash,VDF_Global_Commodity|STEEL|2026-02-15|ca18e72573fe5a0f,False,value_blank_or_non_numeric,8e4d9762b1d5fb40
6,VDF_Global_Commodity,STEEL,2026-02-16,,0dcea352e5f26e04,C:\Users\tonyk\Downloads\VeritasIntelligenceAnalytics\dict\VDF\_active\VDF_AKSHARE_CANONICAL_MAPPING_GATE_v0277_20260610_220358\preview\VDF_AkShare_CanonicalPreview_v0277.json,VDF_AkShare_CanonicalPreview_v0277.json,symbol,date,value,vdf_original_row_hash,VDF_Global_Commodity|STEEL|2026-02-16|0dcea352e5f26e04,False,value_blank_or_non_numeric,c2143b669b0485d6
7,VDF_Global_Commodity,STEEL,2026-02-17,,5d472fb1b3e9abab,C:\Users\tonyk\Downloads\VeritasIntelligenceAnalytics\dict\VDF\_active\VDF_AKSHARE_CANONICAL_MAPPING_GATE_v0277_20260610_220358\preview\VDF_AkShare_CanonicalPreview_v0277.json,VDF_AkShare_CanonicalPreview_v0277.json,symbol,date,value,vdf_original_row_hash,VDF_Global_Commodity|STEEL|2026-02-17|5d472fb1b3e9abab,False,value_blank_or_non_numeric,709049d5940fdefb
8,VDF_Global_Commodity,STEEL,2026-02-18,,535bf7b6e3430232,C:\Users\tonyk\Downloads\VeritasIntelligenceAnalytics\dict\VDF\_active\VDF_AKSHARE_CANONICAL_MAPPING_GATE_v0277_20260610_220358\preview\VDF_AkShare_CanonicalPreview_v0277.json,VDF_AkShare_CanonicalPreview_v0277.json,symbol,date,value,vdf_original_row_hash,VDF_Global_Commodity|STEEL|2026-02-18|535bf7b6e3430232,False,value_blank_or_non_numeric,b9de21fe588077c9
9,VDF_Global_Commodity,STEEL,2026-02-19,,93ccf2874d3c432f,C:\Users\tonyk\Downloads\VeritasIntelligenceAnalytics\dict\VDF\_active\VDF_AKSHARE_CANONICAL_MAPPING_GATE_v0277_20260610_220358\preview\VDF_AkShare_CanonicalPreview_v0277.json,VDF_AkShare_CanonicalPreview_v0277.json,symbol,date,value,vdf_original_row_hash,VDF_Global_Commodity|STEEL|2026-02-19|93ccf2874d3c432f,False,value_blank_or_non_numeric,3101dc607e7c9c3e
10,VDF_Global_Commodity,STEEL,2026-02-20,,a6e5f47f15e1ee98,C:\Users\tonyk\Downloads\VeritasIntelligenceAnalytics\dict\VDF\_active\VDF_AKSHARE_CANONICAL_MAPPING_GATE_v0277_20260610_220358\preview\VDF_AkShare_CanonicalPreview_v0277.json,VDF_AkShare_CanonicalPreview_v0277.json,symbol,date,value,vdf_original_row_hash,VDF_Global_Commodity|STEEL|2026-02-20|a6e5f47f15e1ee98,False,value_blank_or_non_numeric,edeaef87fd9b1764
11,VDF_Global_Commodity,STEEL,2026-02-21,,5cfbb675a90114b7,C:\Users\tonyk\Downloads\VeritasIntelligenceAnalytics\dict\VDF\_active\VDF_AKSHARE_CANONICAL_MAPPING_GATE_v0277_20260610_220358\preview\VDF_AkShare_CanonicalPreview_v0277.json,VDF_AkShare_CanonicalPreview_v0277.json,symbol,date,value,vdf_original_row_hash,VDF_Global_Commodity|STEEL|2026-02-21|5cfbb675a90114b7,False,value_blank_or_non_numeric,da153b31e1484d10
12,VDF_Global_Commodity,STEEL,2026-02-22,,29a946d4ec5fc967,C:\Users\tonyk\Downloads\VeritasIntelligenceAnalytics\dict\VDF\_active\VDF_AKSHARE_CANONICAL_MAPPING_GATE_v0277_20260610_220358\preview\VDF_AkShare_CanonicalPreview_v0277.json,VDF_AkShare_CanonicalPreview_v0277.json,symbol,date,value,vdf_original_row_hash,VDF_Global_Commodity|STEEL|2026-02-22|29a946d4ec5fc967,False,value_blank_or_non_numeric,ded840230b355c1d
13,VDF_Global_Commodity,STEEL,2026-02-23,,5a4173ed26210734,C:\Users\tonyk\Downloads\VeritasIntelligenceAnalytics\dict\VDF\_active\VDF_AKSHARE_CANONICAL_MAPPING_GATE_v0277_20260610_220358\preview\VDF_AkShare_CanonicalPreview_v0277.json,VDF_AkShare_CanonicalPreview_v0277.json,symbol,date,value,vdf_original_row_hash,VDF_Global_Commodity|STEEL|2026-02-23|5a4173ed26210734,False,value_blank_or_non_numeric,2c7b96a37f44b916
14,VDF_Global_Commodity,STEEL,2026-02-24,,ab0f0604f90466da,C:\Users\tonyk\Downloads\VeritasIntelligenceAnalytics\dict\VDF\_active\VDF_AKSHARE_CANONICAL_MAPPING_GATE_v0277_20260610_220358\preview\VDF_AkShare_CanonicalPreview_v0277.json,VDF_AkShare_CanonicalPreview_v0277.json,symbol,date,value,vdf_original_row_hash,VDF_Global_Commodity|STEEL|2026-02-24|ab0f0604f90466da,False,value_blank_or_non_numeric,588e13d0bea8d752
15,VDF_Global_Commodity,STEEL,2026-02-25,,6f0de1fbd6f8e642,C:\Users\tonyk\Downloads\VeritasIntelligenceAnalytics\dict\VDF\_active\VDF_AKSHARE_CANONICAL_MAPPING_GATE_v0277_20260610_220358\preview\VDF_AkShare_CanonicalPreview_v0277.json,VDF_AkShare_CanonicalPreview_v0277.json,symbol,date,value,vdf_original_row_hash,VDF_Global_Commodity|STEEL|2026-02-25|6f0de1fbd6f8e642,False,value_blank_or_non_numeric,7be8fb273e04e571
16,VDF_Global_Commodity,STEEL,2026-02-26,,4ccc40fde45d0d50,C:\Users\tonyk\Downloads\VeritasIntelligenceAnalytics\dict\VDF\_active\VDF_AKSHARE_CANONICAL_MAPPING_GATE_v0277_20260610_220358\preview\VDF_AkShare_CanonicalPreview_v0277.json,VDF_AkShare_CanonicalPreview_v0277.json,symbol,date,value,vdf_original_row_hash,VDF_Global_Commodity|STEEL|2026-02-26|4ccc40fde45d0d50,False,value_blank_or_non_numeric,c5f53738e05d5cbb
17,VDF_Global_Commodity,STEEL,2026-02-27,,c8d504cadb0d14b0,C:\Users\tonyk\Downloads\VeritasIntelligenceAnalytics\dict\VDF\_active\VDF_AKSHARE_CANONICAL_MAPPING_GATE_v0277_20260610_220358\preview\VDF_AkShare_CanonicalPreview_v0277.json,VDF_AkShare_CanonicalPreview_v0277.json,symbol,date,value,vdf_original_row_hash,VDF_Global_Commodity|STEEL|2026-02-27|c8d504cadb0d14b0,False,value_blank_or_non_numeric,af216d7646bcdfd0
18,VDF_Global_Commodity,STEEL,2026-02-28,,818e7385d2662293,C:\Users\tonyk\Downloads\VeritasIntelligenceAnalytics\dict\VDF\_active\VDF_AKSHARE_CANONICAL_MAPPING_GATE_v0277_20260610_220358\preview\VDF_AkShare_CanonicalPreview_v0277.json,VDF_AkShare_CanonicalPreview_v0277.json,symbol,date,value,vdf_original_row_hash,VDF_Global_Commodity|STEEL|2026-02-28|818e7385d2662293,False,value_blank_or_non_numeric,2ffcbd81ac408b9a
19,VDF_Global_Commodity,STEEL,2026-03-01,,7eadaffe5daf8a4b,C:\Users\tonyk\Downloads\VeritasIntelligenceAnalytics\dict\VDF\_active\VDF_AKSHARE_CANONICAL_MAPPING_GATE_v0277_20260610_220358\preview\VDF_AkShare_CanonicalPreview_v0277.json,VDF_AkShare_CanonicalPreview_v0277.json,symbol,date,value,vdf_original_row_hash,VDF_Global_Commodity|STEEL|2026-03-01|7eadaffe5daf8a4b,False,value_blank_or_non_numeric,4750874e3bfacc19
20,VDF_Global_Commodity,STEEL,2026-03-02,,2c54d68a43122383,C:\Users\tonyk\Downloads\VeritasIntelligenceAnalytics\dict\VDF\_active\VDF_AKSHARE_CANONICAL_MAPPING_GATE_v0277_20260610_220358\preview\VDF_AkShare_CanonicalPreview_v0277.json,VDF_AkShare_CanonicalPreview_v0277.json,symbol,date,value,vdf_original_row_hash,VDF_Global_Commodity|STEEL|2026-03-02|2c54d68a43122383,False,value_blank_or_non_numeric,05d8261058a45ace
21,VDF_Global_Commodity,STEEL,2026-03-03,,37cc186309da4a00,C:\Users\tonyk\Downloads\VeritasIntelligenceAnalytics\dict\VDF\_active\VDF_AKSHARE_CANONICAL_MAPPING_GATE_v0277_20260610_220358\preview\VDF_AkShare_CanonicalPreview_v0277.json,VDF_AkShare_CanonicalPreview_v0277.json,symbol,date,value,vdf_original_row_hash,VDF_Global_Commodity|STEEL|2026-03-03|37cc186309da4a00,False,value_blank_or_non_numeric,d4b37c6b8bb70fda
22,VDF_Global_Commodity,STEEL,2026-03-04,,e78cd7920e51fb44,C:\Users\tonyk\Downloads\VeritasIntelligenceAnalytics\dict\VDF\_active\VDF_AKSHARE_CANONICAL_MAPPING_GATE_v0277_20260610_220358\preview\VDF_AkShare_CanonicalPreview_v0277.json,VDF_AkShare_CanonicalPreview_v0277.json,symbol,date,value,vdf_original_row_hash,VDF_Global_Commodity|STEEL|2026-03-04|e78cd7920e51fb44,False,value_blank_or_non_numeric,4a51978538bb839e
23,VDF_Global_Commodity,STEEL,2026-03-05,,cc271d0008d7b055,C:\Users\tonyk\Downloads\VeritasIntelligenceAnalytics\dict\VDF\_active\VDF_AKSHARE_CANONICAL_MAPPING_GATE_v0277_20260610_220358\preview\VDF_AkShare_CanonicalPreview_v0277.json,VDF_AkShare_CanonicalPreview_v0277.json,symbol,date,value,vdf_original_row_hash,VDF_Global_Commodity|STEEL|2026-03-05|cc271d0008d7b055,False,value_blank_or_non_numeric,7042394ade6198df
24,VDF_Global_Commodity,STEEL,2026-03-06,,f3db4b934b23abba,C:\Users\tonyk\Downloads\VeritasIntelligenceAnalytics\dict\VDF\_active\VDF_AKSHARE_CANONICAL_MAPPING_GATE_v0277_20260610_220358\preview\VDF_AkShare_CanonicalPreview_v0277.json,VDF_AkShare_CanonicalPreview_v0277.json,symbol,date,value,vdf_original_row_hash,VDF_Global_Commodity|STEEL|2026-03-06|f3db4b934b23abba,False,value_blank_or_non_numeric,2dad9d700b0763e6
25,VDF_Global_Commodity,STEEL,2026-03-07,,9735c7ec5b93b9c9,C:\Users\tonyk\Downloads\VeritasIntelligenceAnalytics\dict\VDF\_active\VDF_AKSHARE_CANONICAL_MAPPING_GATE_v0277_20260610_220358\preview\VDF_AkShare_CanonicalPreview_v0277.json,VDF_AkShare_CanonicalPreview_v0277.json,symbol,date,value,vdf_original_row_hash,VDF_Global_Commodity|STEEL|2026-03-07|9735c7ec5b93b9c9,False,value_blank_or_non_numeric,8784b9fe01ec7602
26,VDF_Global_Commodity,STEEL,2026-03-08,,16163911df5494d9,C:\Users\tonyk\Downloads\VeritasIntelligenceAnalytics\dict\VDF\_active\VDF_AKSHARE_CANONICAL_MAPPING_GATE_v0277_20260610_220358\preview\VDF_AkShare_CanonicalPreview_v0277.json,VDF_AkShare_CanonicalPreview_v0277.json,symbol,date,value,vdf_original_row_hash,VDF_Global_Commodity|STEEL|2026-03-08|16163911df5494d9,False,value_blank_or_non_numeric,dd1af77563246951
27,VDF_Global_Commodity,STEEL,2026-03-09,,9060518e291d820e,C:\Users\tonyk\Downloads\VeritasIntelligenceAnalytics\dict\VDF\_active\VDF_AKSHARE_CANONICAL_MAPPING_GATE_v0277_20260610_220358\preview\VDF_AkShare_CanonicalPreview_v0277.json,VDF_AkShare_CanonicalPreview_v0277.json,symbol,date,value,vdf_original_row_hash,VDF_Global_Commodity|STEEL|2026-03-09|9060518e291d820e,False,value_blank_or_non_numeric,778fed05bc810896
28,VDF_Global_Commodity,STEEL,2026-03-10,,0dc12c7d35aa244d,C:\Users\tonyk\Downloads\VeritasIntelligenceAnalytics\dict\VDF\_active\VDF_AKSHARE_CANONICAL_MAPPING_GATE_v0277_20260610_220358\preview\VDF_AkShare_CanonicalPreview_v0277.json,VDF_AkShare_CanonicalPreview_v0277.json,symbol,date,value,vdf_original_row_hash,VDF_Global_Commodity|STEEL|2026-03-10|0dc12c7d35aa244d,False,value_blank_or_non_numeric,87f9a2e176d82989
29,VDF_Global_Commodity,STEEL,2026-03-11,,7d625341a2355380,C:\Users\tonyk\Downloads\VeritasIntelligenceAnalytics\dict\VDF\_active\VDF_AKSHARE_CANONICAL_MAPPING_GATE_v0277_20260610_220358\preview\VDF_AkShare_CanonicalPreview_v0277.json,VDF_AkShare_CanonicalPreview_v0277.json,symbol,date,value,vdf_original_row_hash,VDF_Global_Commodity|STEEL|2026-03-11|7d625341a2355380,False,value_blank_or_non_numeric,b61522b5fbe58611
30,VDF_Global_Commodity,STEEL,2026-03-12,,7b8bcd717565f003,C:\Users\tonyk\Downloads\VeritasIntelligenceAnalytics\dict\VDF\_active\VDF_AKSHARE_CANONICAL_MAPPING_GATE_v0277_20260610_220358\preview\VDF_AkShare_CanonicalPreview_v0277.json,VDF_AkShare_CanonicalPreview_v0277.json,symbol,date,value,vdf_original_row_hash,VDF_Global_Commodity|STEEL|2026-03-12|7b8bcd717565f003,False,value_blank_or_non_numeric,6811ba88b4696708
31,VDF_Global_Commodity,STEEL,2026-03-13,,d8158ab27228fcd8,C:\Users\tonyk\Downloads\VeritasIntelligenceAnalytics\dict\VDF\_active\VDF_AKSHARE_CANONICAL_MAPPING_GATE_v0277_20260610_220358\preview\VDF_AkShare_CanonicalPreview_v0277.json,VDF_AkShare_CanonicalPreview_v0277.json,symbol,date,value,vdf_original_row_hash,VDF_Global_Commodity|STEEL|2026-03-13|d8158ab27228fcd8,False,value_blank_or_non_numeric,2cfc588a204a3ee6
32,VDF_Global_Commodity,STEEL,2026-03-14,,9515ee2246024c2c,C:\Users\tonyk\Downloads\VeritasIntelligenceAnalytics\dict\VDF\_active\VDF_AKSHARE_CANONICAL_MAPPING_GATE_v0277_20260610_220358\preview\VDF_AkShare_CanonicalPreview_v0277.json,VDF_AkShare_CanonicalPreview_v0277.json,symbol,date,value,vdf_original_row_hash,VDF_Global_Commodity|STEEL|2026-03-14|9515ee2246024c2c,False,value_blank_or_non_numeric,0e1a2d56a0c7ab00
33,VDF_Global_Commodity,STEEL,2026-03-15,,55637629d191fee0,C:\Users\tonyk\Downloads\VeritasIntelligenceAnalytics\dict\VDF\_active\VDF_AKSHARE_CANONICAL_MAPPING_GATE_v0277_20260610_220358\preview\VDF_AkShare_CanonicalPreview_v0277.json,VDF_AkShare_CanonicalPreview_v0277.json,symbol,date,value,vdf_original_row_hash,VDF_Global_Commodity|STEEL|2026-03-15|55637629d191fee0,False,value_blank_or_non_numeric,241b334abe8b21b3
34,VDF_Global_Commodity,STEEL,2026-03-16,,65e78a49600b4b8e,C:\Users\tonyk\Downloads\VeritasIntelligenceAnalytics\dict\VDF\_active\VDF_AKSHARE_CANONICAL_MAPPING_GATE_v0277_20260610_220358\preview\VDF_AkShare_CanonicalPreview_v0277.json,VDF_AkShare_CanonicalPreview_v0277.json,symbol,date,value,vdf_original_row_hash,VDF_Global_Commodity|STEEL|2026-03-16|65e78a49600b4b8e,False,value_blank_or_non_numeric,5be35b2e61bfced1
35,VDF_Global_Commodity,STEEL,2026-03-17,,f297d35138322f27,C:\Users\tonyk\Downloads\VeritasIntelligenceAnalytics\dict\VDF\_active\VDF_AKSHARE_CANONICAL_MAPPING_GATE_v0277_20260610_220358\preview\VDF_AkShare_CanonicalPreview_v0277.json,VDF_AkShare_CanonicalPreview_v0277.json,symbol,date,value,vdf_original_row_hash,VDF_Global_Commodity|STEEL|2026-03-17|f297d35138322f27,False,value_blank_or_non_numeric,ed4f690ef11342ed
36,VDF_Global_Commodity,STEEL,2026-03-18,,0a79a3ad51296d62,C:\Users\tonyk\Downloads\VeritasIntelligenceAnalytics\dict\VDF\_active\VDF_AKSHARE_CANONICAL_MAPPING_GATE_v0277_20260610_220358\preview\VDF_AkShare_CanonicalPreview_v0277.json,VDF_AkShare_CanonicalPreview_v0277.json,symbol,date,value,vdf_original_row_hash,VDF_Global_Commodity|STEEL|2026-03-18|0a79a3ad51296d62,False,value_blank_or_non_numeric,c77967394aca3d4a
37,VDF_Global_Commodity,STEEL,2026-03-19,,504a312dd35f7fe1,C:\Users\tonyk\Downloads\VeritasIntelligenceAnalytics\dict\VDF\_active\VDF_AKSHARE_CANONICAL_MAPPING_GATE_v0277_20260610_220358\preview\VDF_AkShare_CanonicalPreview_v0277.json,VDF_AkShare_CanonicalPreview_v0277.json,symbol,date,value,vdf_original_row_hash,VDF_Global_Commodity|STEEL|2026-03-19|504a312dd35f7fe1,False,value_blank_or_non_numeric,a93c31e6fe357e65
38,VDF_Global_Commodity,STEEL,2026-03-20,,29825bdde4c72258,C:\Users\tonyk\Downloads\VeritasIntelligenceAnalytics\dict\VDF\_active\VDF_AKSHARE_CANONICAL_MAPPING_GATE_v0277_20260610_220358\preview\VDF_AkShare_CanonicalPreview_v0277.json,VDF_AkShare_CanonicalPreview_v0277.json,symbol,date,value,vdf_original_row_hash,VDF_Global_Commodity|STEEL|2026-03-20|29825bdde4c72258,False,value_blank_or_non_numeric,0b4ef1a1ade97886
39,VDF_Global_Commodity,STEEL,2026-03-21,,18dee12bdc0d7b13,C:\Users\tonyk\Downloads\VeritasIntelligenceAnalytics\dict\VDF\_active\VDF_AKSHARE_CANONICAL_MAPPING_GATE_v0277_20260610_220358\preview\VDF_AkShare_CanonicalPreview_v0277.json,VDF_AkShare_CanonicalPreview_v0277.json,symbol,date,value,vdf_original_row_hash,VDF_Global_Commodity|STEEL|2026-03-21|18dee12bdc0d7b13,False,value_blank_or_non_numeric,f15af7903181e6c1
40,VDF_Global_Commodity,STEEL,2026-03-22,,e23a26fa81f19fd1,C:\Users\tonyk\Downloads\VeritasIntelligenceAnalytics\dict\VDF\_active\VDF_AKSHARE_CANONICAL_MAPPING_GATE_v0277_20260610_220358\preview\VDF_AkShare_CanonicalPreview_v0277.json,VDF_AkShare_CanonicalPreview_v0277.json,symbol,date,value,vdf_original_row_hash,VDF_Global_Commodity|STEEL|2026-03-22|e23a26fa81f19fd1,False,value_blank_or_non_numeric,1a3495e4f1923d15
41,VDF_Global_Commodity,STEEL,2026-03-23,,20767ebf681798b3,C:\Users\tonyk\Downloads\VeritasIntelligenceAnalytics\dict\VDF\_active\VDF_AKSHARE_CANONICAL_MAPPING_GATE_v0277_20260610_220358\preview\VDF_AkShare_CanonicalPreview_v0277.json,VDF_AkShare_CanonicalPreview_v0277.json,symbol,date,value,vdf_original_row_hash,VDF_Global_Commodity|STEEL|2026-03-23|20767ebf681798b3,False,value_blank_or_non_numeric,a05bb1a5883b2ddc
42,VDF_Global_Commodity,STEEL,2026-03-24,,0dc0dd9f540e1006,C:\Users\tonyk\Downloads\VeritasIntelligenceAnalytics\dict\VDF\_active\VDF_AKSHARE_CANONICAL_MAPPING_GATE_v0277_20260610_220358\preview\VDF_AkShare_CanonicalPreview_v0277.json,VDF_AkShare_CanonicalPreview_v0277.json,symbol,date,value,vdf_original_row_hash,VDF_Global_Commodity|STEEL|2026-03-24|0dc0dd9f540e1006,False,value_blank_or_non_numeric,b6ad489adf9b5599
43,VDF_Global_Commodity,STEEL,2026-03-25,,aba9ec3be54be9d2,C:\Users\tonyk\Downloads\VeritasIntelligenceAnalytics\dict\VDF\_active\VDF_AKSHARE_CANONICAL_MAPPING_GATE_v0277_20260610_220358\preview\VDF_AkShare_CanonicalPreview_v0277.json,VDF_AkShare_CanonicalPreview_v0277.json,symbol,date,value,vdf_original_row_hash,VDF_Global_Commodity|STEEL|2026-03-25|aba9ec3be54be9d2,False,value_blank_or_non_numeric,b1ac59229bd6caae
44,VDF_Global_Commodity,STEEL,2026-03-26,,0558c7458ebc271e,C:\Users\tonyk\Downloads\VeritasIntelligenceAnalytics\dict\VDF\_active\VDF_AKSHARE_CANONICAL_MAPPING_GATE_v0277_20260610_220358\preview\VDF_AkShare_CanonicalPreview_v0277.json,VDF_AkShare_CanonicalPreview_v0277.json,symbol,date,value,vdf_original_row_hash,VDF_Global_Commodity|STEEL|2026-03-26|0558c7458ebc271e,False,value_blank_or_non_numeric,2ad88e5eb1f5f5f7
45,VDF_Global_Commodity,STEEL,2026-03-27,,8f195ae7e1656edb,C:\Users\tonyk\Downloads\VeritasIntelligenceAnalytics\dict\VDF\_active\VDF_AKSHARE_CANONICAL_MAPPING_GATE_v0277_20260610_220358\preview\VDF_AkShare_CanonicalPreview_v0277.json,VDF_AkShare_CanonicalPreview_v0277.json,symbol,date,value,vdf_original_row_hash,VDF_Global_Commodity|STEEL|2026-03-27|8f195ae7e1656edb,False,value_blank_or_non_numeric,af7b5e9302f7b896
46,VDF_Global_Commodity,STEEL,2026-03-28,,22f4ae66b6e10323,C:\Users\tonyk\Downloads\VeritasIntelligenceAnalytics\dict\VDF\_active\VDF_AKSHARE_CANONICAL_MAPPING_GATE_v0277_20260610_220358\preview\VDF_AkShare_CanonicalPreview_v0277.json,VDF_AkShare_CanonicalPreview_v0277.json,symbol,date,value,vdf_original_row_hash,VDF_Global_Commodity|STEEL|2026-03-28|22f4ae66b6e10323,False,value_blank_or_non_numeric,791112e548129005
47,VDF_Global_Commodity,STEEL,2026-03-29,,1fbb5c414b48cb93,C:\Users\tonyk\Downloads\VeritasIntelligenceAnalytics\dict\VDF\_active\VDF_AKSHARE_CANONICAL_MAPPING_GATE_v0277_20260610_220358\preview\VDF_AkShare_CanonicalPreview_v0277.json,VDF_AkShare_CanonicalPreview_v0277.json,symbol,date,value,vdf_original_row_hash,VDF_Global_Commodity|STEEL|2026-03-29|1fbb5c414b48cb93,False,value_blank_or_non_numeric,abd27f43cea2aa28
48,VDF_Global_Commodity,STEEL,2026-03-30,,2b1fe75b192afdcb,C:\Users\tonyk\Downloads\VeritasIntelligenceAnalytics\dict\VDF\_active\VDF_AKSHARE_CANONICAL_MAPPING_GATE_v0277_20260610_220358\preview\VDF_AkShare_CanonicalPreview_v0277.json,VDF_AkShare_CanonicalPreview_v0277.json,symbol,date,value,vdf_original_row_hash,VDF_Global_Commodity|STEEL|2026-03-30|2b1fe75b192afdcb,False,value_blank_or_non_numeric,e2db793581648371
49,VDF_Global_Commodity,STEEL,2026-03-31,,16784e29a87f3a4b,C:\Users\tonyk\Downloads\VeritasIntelligenceAnalytics\dict\VDF\_active\VDF_AKSHARE_CANONICAL_MAPPING_GATE_v0277_20260610_220358\preview\VDF_AkShare_CanonicalPreview_v0277.json,VDF_AkShare_CanonicalPreview_v0277.json,symbol,date,value,vdf_original_row_hash,VDF_Global_Commodity|STEEL|2026-03-31|16784e29a87f3a4b,False,value_blank_or_non_numeric,4420ec1f71f59215
50,VDF_Global_Commodity,STEEL,2026-04-01,,cf33135c5c7ab500,C:\Users\tonyk\Downloads\VeritasIntelligenceAnalytics\dict\VDF\_active\VDF_AKSHARE_CANONICAL_MAPPING_GATE_v0277_20260610_220358\preview\VDF_AkShare_CanonicalPreview_v0277.json,VDF_AkShare_CanonicalPreview_v0277.json,symbol,date,value,vdf_original_row_hash,VDF_Global_Commodity|STEEL|2026-04-01|cf33135c5c7ab500,False,value_blank_or_non_numeric,88c92bfa0cbd185e
51,VDF_Global_Commodity,STEEL,2026-04-02,,f925c35ef6aff307,C:\Users\tonyk\Downloads\VeritasIntelligenceAnalytics\dict\VDF\_active\VDF_AKSHARE_CANONICAL_MAPPING_GATE_v0277_20260610_220358\preview\VDF_AkShare_CanonicalPreview_v0277.json,VDF_AkShare_CanonicalPreview_v0277.json,symbol,date,value,vdf_original_row_hash,VDF_Global_Commodity|STEEL|2026-04-02|f925c35ef6aff307,False,value_blank_or_non_numeric,458c737ebd8b7a1b
52,VDF_Global_Commodity,STEEL,2026-04-03,,39ea2aef5d269449,C:\Users\tonyk\Downloads\VeritasIntelligenceAnalytics\dict\VDF\_active\VDF_AKSHARE_CANONICAL_MAPPING_GATE_v0277_20260610_220358\preview\VDF_AkShare_CanonicalPreview_v0277.json,VDF_AkShare_CanonicalPreview_v0277.json,symbol,date,value,vdf_original_row_hash,VDF_Global_Commodity|STEEL|2026-04-03|39ea2aef5d269449,False,value_blank_or_non_numeric,dc22fd6aac2f3013
53,VDF_Global_Commodity,STEEL,2026-04-04,,b4508a30ad89a0ae,C:\Users\tonyk\Downloads\VeritasIntelligenceAnalytics\dict\VDF\_active\VDF_AKSHARE_CANONICAL_MAPPING_GATE_v0277_20260610_220358\preview\VDF_AkShare_CanonicalPreview_v0277.json,VDF_AkShare_CanonicalPreview_v0277.json,symbol,date,value,vdf_original_row_hash,VDF_Global_Commodity|STEEL|2026-04-04|b4508a30ad89a0ae,False,value_blank_or_non_numeric,e4671d22e8e88803
54,VDF_Global_Commodity,STEEL,2026-04-05,,535111e4c7f8caf3,C:\Users\tonyk\Downloads\VeritasIntelligenceAnalytics\dict\VDF\_active\VDF_AKSHARE_CANONICAL_MAPPING_GATE_v0277_20260610_220358\preview\VDF_AkShare_CanonicalPreview_v0277.json,VDF_AkShare_CanonicalPreview_v0277.json,symbol,date,value,vdf_original_row_hash,VDF_Global_Commodity|STEEL|2026-04-05|535111e4c7f8caf3,False,value_blank_or_non_numeric,293b5dbcf29fc1a4
55,VDF_Global_Commodity,STEEL,2026-04-06,,43b935b20ec867ab,C:\Users\tonyk\Downloads\VeritasIntelligenceAnalytics\dict\VDF\_active\VDF_AKSHARE_CANONICAL_MAPPING_GATE_v0277_20260610_220358\preview\VDF_AkShare_CanonicalPreview_v0277.json,VDF_AkShare_CanonicalPreview_v0277.json,symbol,date,value,vdf_original_row_hash,VDF_Global_Commodity|STEEL|2026-04-06|43b935b20ec867ab,False,value_blank_or_non_numeric,8fb9af01ea597c46
56,VDF_Global_Commodity,STEEL,2026-04-07,,9f5fc2cf52c86435,C:\Users\tonyk\Downloads\VeritasIntelligenceAnalytics\dict\VDF\_active\VDF_AKSHARE_CANONICAL_MAPPING_GATE_v0277_20260610_220358\preview\VDF_AkShare_CanonicalPreview_v0277.json,VDF_AkShare_CanonicalPreview_v0277.json,symbol,date,value,vdf_original_row_hash,VDF_Global_Commodity|STEEL|2026-04-07|9f5fc2cf52c86435,False,value_blank_or_non_numeric,d17f6c73525ae9f7
57,VDF_Global_Commodity,STEEL,2026-04-08,,f632e2eaede1bb5f,C:\Users\tonyk\Downloads\VeritasIntelligenceAnalytics\dict\VDF\_active\VDF_AKSHARE_CANONICAL_MAPPING_GATE_v0277_20260610_220358\preview\VDF_AkShare_CanonicalPreview_v0277.json,VDF_AkShare_CanonicalPreview_v0277.json,symbol,date,value,vdf_original_row_hash,VDF_Global_Commodity|STEEL|2026-04-08|f632e2eaede1bb5f,False,value_blank_or_non_numeric,5aa8f125f16ffaad
58,VDF_Global_Commodity,STEEL,2026-04-09,,51bc4ad097cb9d24,C:\Users\tonyk\Downloads\VeritasIntelligenceAnalytics\dict\VDF\_active\VDF_AKSHARE_CANONICAL_MAPPING_GATE_v0277_20260610_220358\preview\VDF_AkShare_CanonicalPreview_v0277.json,VDF_AkShare_CanonicalPreview_v0277.json,symbol,date,value,vdf_original_row_hash,VDF_Global_Commodity|STEEL|2026-04-09|51bc4ad097cb9d24,False,value_blank_or_non_numeric,8cc7cd12274d25a2
59,VDF_Global_Commodity,STEEL,2026-04-10,,9d11d180293623af,C:\Users\tonyk\Downloads\VeritasIntelligenceAnalytics\dict\VDF\_active\VDF_AKSHARE_CANONICAL_MAPPING_GATE_v0277_20260610_220358\preview\VDF_AkShare_CanonicalPreview_v0277.json,VDF_AkShare_CanonicalPreview_v0277.json,symbol,date,value,vdf_original_row_hash,VDF_Global_Commodity|STEEL|2026-04-10|9d11d180293623af,False,value_blank_or_non_numeric,d580d3e3cff78345
60,VDF_Global_Commodity,STEEL,2026-04-11,,a8380275186e8229,C:\Users\tonyk\Downloads\VeritasIntelligenceAnalytics\dict\VDF\_active\VDF_AKSHARE_CANONICAL_MAPPING_GATE_v0277_20260610_220358\preview\VDF_AkShare_CanonicalPreview_v0277.json,VDF_AkShare_CanonicalPreview_v0277.json,symbol,date,value,vdf_original_row_hash,VDF_Global_Commodity|STEEL|2026-04-11|a8380275186e8229,False,value_blank_or_non_numeric,2005649efca6c47a
61,VDF_Global_Commodity,STEEL,2026-04-12,,41bd59213f7741b8,C:\Users\tonyk\Downloads\VeritasIntelligenceAnalytics\dict\VDF\_active\VDF_AKSHARE_CANONICAL_MAPPING_GATE_v0277_20260610_220358\preview\VDF_AkShare_CanonicalPreview_v0277.json,VDF_AkShare_CanonicalPreview_v0277.json,symbol,date,value,vdf_original_row_hash,VDF_Global_Commodity|STEEL|2026-04-12|41bd59213f7741b8,False,value_blank_or_non_numeric,2b0b1d144021c1e7
62,VDF_Global_Commodity,STEEL,2026-04-13,,da76094cf64d3b45,C:\Users\tonyk\Downloads\VeritasIntelligenceAnalytics\dict\VDF\_active\VDF_AKSHARE_CANONICAL_MAPPING_GATE_v0277_20260610_220358\preview\VDF_AkShare_CanonicalPreview_v0277.json,VDF_AkShare_CanonicalPreview_v0277.json,symbol,date,value,vdf_original_row_hash,VDF_Global_Commodity|STEEL|2026-04-13|da76094cf64d3b45,False,value_blank_or_non_numeric,fce2a7ca70fdba5e
63,VDF_Global_Commodity,STEEL,2026-04-14,,fcfa21e569e7c3a5,C:\Users\tonyk\Downloads\VeritasIntelligenceAnalytics\dict\VDF\_active\VDF_AKSHARE_CANONICAL_MAPPING_GATE_v0277_20260610_220358\preview\VDF_AkShare_CanonicalPreview_v0277.json,VDF_AkShare_CanonicalPreview_v0277.json,symbol,date,value,vdf_original_row_hash,VDF_Global_Commodity|STEEL|2026-04-14|fcfa21e569e7c3a5,False,value_blank_or_non_numeric,25e98f40854dfab4
64,VDF_Global_Commodity,STEEL,2026-04-15,,edfec6429754fa01,C:\Users\tonyk\Downloads\VeritasIntelligenceAnalytics\dict\VDF\_active\VDF_AKSHARE_CANONICAL_MAPPING_GATE_v0277_20260610_220358\preview\VDF_AkShare_CanonicalPreview_v0277.json,VDF_AkShare_CanonicalPreview_v0277.json,symbol,date,value,vdf_original_row_hash,VDF_Global_Commodity|STEEL|2026-04-15|edfec6429754fa01,False,value_blank_or_non_numeric,c7f8166d7cbb9575
65,VDF_Global_Commodity,STEEL,2026-04-16,,ac042e70ac8b8d69,C:\Users\tonyk\Downloads\VeritasIntelligenceAnalytics\dict\VDF\_active\VDF_AKSHARE_CANONICAL_MAPPING_GATE_v0277_20260610_220358\preview\VDF_AkShare_CanonicalPreview_v0277.json,VDF_AkShare_CanonicalPreview_v0277.json,symbol,date,value,vdf_original_row_hash,VDF_Global_Commodity|STEEL|2026-04-16|ac042e70ac8b8d69,False,value_blank_or_non_numeric,62f1efa41250db52
66,VDF_Global_Commodity,STEEL,2026-04-17,,0dbc5e25a9bc6d2c,C:\Users\tonyk\Downloads\VeritasIntelligenceAnalytics\dict\VDF\_active\VDF_AKSHARE_CANONICAL_MAPPING_GATE_v0277_20260610_220358\preview\VDF_AkShare_CanonicalPreview_v0277.json,VDF_AkShare_CanonicalPreview_v0277.json,symbol,date,value,vdf_original_row_hash,VDF_Global_Commodity|STEEL|2026-04-17|0dbc5e25a9bc6d2c,False,value_blank_or_non_numeric,ed7640e6a01dd79c
67,VDF_Global_Commodity,STEEL,2026-04-18,,27facf1c0a1e1d03,C:\Users\tonyk\Downloads\VeritasIntelligenceAnalytics\dict\VDF\_active\VDF_AKSHARE_CANONICAL_MAPPING_GATE_v0277_20260610_220358\preview\VDF_AkShare_CanonicalPreview_v0277.json,VDF_AkShare_CanonicalPreview_v0277.json,symbol,date,value,vdf_original_row_hash,VDF_Global_Commodity|STEEL|2026-04-18|27facf1c0a1e1d03,False,value_blank_or_non_numeric,fdbed2e6c9b3faff
68,VDF_Global_Commodity,STEEL,2026-04-19,,ea30de9dd6a37bf9,C:\Users\tonyk\Downloads\VeritasIntelligenceAnalytics\dict\VDF\_active\VDF_AKSHARE_CANONICAL_MAPPING_GATE_v0277_20260610_220358\preview\VDF_AkShare_CanonicalPreview_v0277.json,VDF_AkShare_CanonicalPreview_v0277.json,symbol,date,value,vdf_original_row_hash,VDF_Global_Commodity|STEEL|2026-04-19|ea30de9dd6a37bf9,False,value_blank_or_non_numeric,8a8fa5148ff1456d
69,VDF_Global_Commodity,STEEL,2026-04-20,,27933be90d9ebe4a,C:\Users\tonyk\Downloads\VeritasIntelligenceAnalytics\dict\VDF\_active\VDF_AKSHARE_CANONICAL_MAPPING_GATE_v0277_20260610_220358\preview\VDF_AkShare_CanonicalPreview_v0277.json,VDF_AkShare_CanonicalPreview_v0277.json,symbol,date,value,vdf_original_row_hash,VDF_Global_Commodity|STEEL|2026-04-20|27933be90d9ebe4a,False,value_blank_or_non_numeric,a74c2c0eb5c62775
70,VDF_Global_Commodity,STEEL,2026-04-21,,46d92f1ada391788,C:\Users\tonyk\Downloads\VeritasIntelligenceAnalytics\dict\VDF\_active\VDF_AKSHARE_CANONICAL_MAPPING_GATE_v0277_20260610_220358\preview\VDF_AkShare_CanonicalPreview_v0277.json,VDF_AkShare_CanonicalPreview_v0277.json,symbol,date,value,vdf_original_row_hash,VDF_Global_Commodity|STEEL|2026-04-21|46d92f1ada391788,False,value_blank_or_non_numeric,683cfdbdc9b2c0d5
71,VDF_Global_Commodity,STEEL,2026-04-22,,f91a63abba8cc482,C:\Users\tonyk\Downloads\VeritasIntelligenceAnalytics\dict\VDF\_active\VDF_AKSHARE_CANONICAL_MAPPING_GATE_v0277_20260610_220358\preview\VDF_AkShare_CanonicalPreview_v0277.json,VDF_AkShare_CanonicalPreview_v0277.json,symbol,date,value,vdf_original_row_hash,VDF_Global_Commodity|STEEL|2026-04-22|f91a63abba8cc482,False,value_blank_or_non_numeric,bd4f5786005a6988
72,VDF_Global_Commodity,STEEL,2026-04-23,,d16c5ff1bd674378,C:\Users\tonyk\Downloads\VeritasIntelligenceAnalytics\dict\VDF\_active\VDF_AKSHARE_CANONICAL_MAPPING_GATE_v0277_20260610_220358\preview\VDF_AkShare_CanonicalPreview_v0277.json,VDF_AkShare_CanonicalPreview_v0277.json,symbol,date,value,vdf_original_row_hash,VDF_Global_Commodity|STEEL|2026-04-23|d16c5ff1bd674378,False,value_blank_or_non_numeric,f4d1f23bf4b90660
73,VDF_Global_Commodity,STEEL,2026-04-24,,26bc57ad9cbd1f3c,C:\Users\tonyk\Downloads\VeritasIntelligenceAnalytics\dict\VDF\_active\VDF_AKSHARE_CANONICAL_MAPPING_GATE_v0277_20260610_220358\preview\VDF_AkShare_CanonicalPreview_v0277.json,VDF_AkShare_CanonicalPreview_v0277.json,symbol,date,value,vdf_original_row_hash,VDF_Global_Commodity|STEEL|2026-04-24|26bc57ad9cbd1f3c,False,value_blank_or_non_numeric,7edb85de91cee023
74,VDF_Global_Commodity,STEEL,2026-04-25,,de568d4a5dac8ce2,C:\Users\tonyk\Downloads\VeritasIntelligenceAnalytics\dict\VDF\_active\VDF_AKSHARE_CANONICAL_MAPPING_GATE_v0277_20260610_220358\preview\VDF_AkShare_CanonicalPreview_v0277.json,VDF_AkShare_CanonicalPreview_v0277.json,symbol,date,value,vdf_original_row_hash,VDF_Global_Commodity|STEEL|2026-04-25|de568d4a5dac8ce2,False,value_blank_or_non_numeric,efbc7b28ea4baf5a
75,VDF_Global_Commodity,STEEL,2026-04-26,,f5988f66b272629e,C:\Users\tonyk\Downloads\VeritasIntelligenceAnalytics\dict\VDF\_active\VDF_AKSHARE_CANONICAL_MAPPING_GATE_v0277_20260610_220358\preview\VDF_AkShare_CanonicalPreview_v0277.json,VDF_AkShare_CanonicalPreview_v0277.json,symbol,date,value,vdf_original_row_hash,VDF_Global_Commodity|STEEL|2026-04-26|f5988f66b272629e,False,value_blank_or_non_numeric,e297dfe25de17490
76,VDF_Global_Commodity,STEEL,2026-04-27,,91475892ffe9d810,C:\Users\tonyk\Downloads\VeritasIntelligenceAnalytics\dict\VDF\_active\VDF_AKSHARE_CANONICAL_MAPPING_GATE_v0277_20260610_220358\preview\VDF_AkShare_CanonicalPreview_v0277.json,VDF_AkShare_CanonicalPreview_v0277.json,symbol,date,value,vdf_original_row_hash,VDF_Global_Commodity|STEEL|2026-04-27|91475892ffe9d810,False,value_blank_or_non_numeric,3f1444e412776719
77,VDF_Global_Commodity,STEEL,2026-04-28,,891e352b8da62a27,C:\Users\tonyk\Downloads\VeritasIntelligenceAnalytics\dict\VDF\_active\VDF_AKSHARE_CANONICAL_MAPPING_GATE_v0277_20260610_220358\preview\VDF_AkShare_CanonicalPreview_v0277.json,VDF_AkShare_CanonicalPreview_v0277.json,symbol,date,value,vdf_original_row_hash,VDF_Global_Commodity|STEEL|2026-04-28|891e352b8da62a27,False,value_blank_or_non_numeric,0fca82a52250f6d7
78,VDF_Global_Commodity,STEEL,2026-04-29,,30304b5d6940e0a4,C:\Users\tonyk\Downloads\VeritasIntelligenceAnalytics\dict\VDF\_active\VDF_AKSHARE_CANONICAL_MAPPING_GATE_v0277_20260610_220358\preview\VDF_AkShare_CanonicalPreview_v0277.json,VDF_AkShare_CanonicalPreview_v0277.json,symbol,date,value,vdf_original_row_hash,VDF_Global_Commodity|STEEL|2026-04-29|30304b5d6940e0a4,False,value_blank_or_non_numeric,3cab925eb6d9fff7
79,VDF_Global_Commodity,STEEL,2026-04-30,,51ed4ea967d80607,C:\Users\tonyk\Downloads\VeritasIntelligenceAnalytics\dict\VDF\_active\VDF_AKSHARE_CANONICAL_MAPPING_GATE_v0277_20260610_220358\preview\VDF_AkShare_CanonicalPreview_v0277.json,VDF_AkShare_CanonicalPreview_v0277.json,symbol,date,value,vdf_original_row_hash,VDF_Global_Commodity|STEEL|2026-04-30|51ed4ea967d80607,False,value_blank_or_non_numeric,cd25dfdea48170e9
80,VDF_Global_Commodity,STEEL,2026-05-01,,5788f3c7b6f2f13c,C:\Users\tonyk\Downloads\VeritasIntelligenceAnalytics\dict\VDF\_active\VDF_AKSHARE_CANONICAL_MAPPING_GATE_v0277_20260610_220358\preview\VDF_AkShare_CanonicalPreview_v0277.json,VDF_AkShare_CanonicalPreview_v0277.json,symbol,date,value,vdf_original_row_hash,VDF_Global_Commodity|STEEL|2026-05-01|5788f3c7b6f2f13c,False,value_blank_or_non_numeric,236c6ca5f35c8883
81,VDF_Global_Commodity,STEEL,2026-05-02,,d9615ec1503895fc,C:\Users\tonyk\Downloads\VeritasIntelligenceAnalytics\dict\VDF\_active\VDF_AKSHARE_CANONICAL_MAPPING_GATE_v0277_20260610_220358\preview\VDF_AkShare_CanonicalPreview_v0277.json,VDF_AkShare_CanonicalPreview_v0277.json,symbol,date,value,vdf_original_row_hash,VDF_Global_Commodity|STEEL|2026-05-02|d9615ec1503895fc,False,value_blank_or_non_numeric,4599ae897fe4491f
82,VDF_Global_Commodity,STEEL,2026-05-03,,5fea67218864f25a,C:\Users\tonyk\Downloads\VeritasIntelligenceAnalytics\dict\VDF\_active\VDF_AKSHARE_CANONICAL_MAPPING_GATE_v0277_20260610_220358\preview\VDF_AkShare_CanonicalPreview_v0277.json,VDF_AkShare_CanonicalPreview_v0277.json,symbol,date,value,vdf_original_row_hash,VDF_Global_Commodity|STEEL|2026-05-03|5fea67218864f25a,False,value_blank_or_non_numeric,9c9c97c69bfab605
83,VDF_Global_Commodity,STEEL,2026-05-04,,94c5e739c0423990,C:\Users\tonyk\Downloads\VeritasIntelligenceAnalytics\dict\VDF\_active\VDF_AKSHARE_CANONICAL_MAPPING_GATE_v0277_20260610_220358\preview\VDF_AkShare_CanonicalPreview_v0277.json,VDF_AkShare_CanonicalPreview_v0277.json,symbol,date,value,vdf_original_row_hash,VDF_Global_Commodity|STEEL|2026-05-04|94c5e739c0423990,False,value_blank_or_non_numeric,73f83b1223756935
84,VDF_Global_Commodity,STEEL,2026-05-05,,3a7550f068ef5492,C:\Users\tonyk\Downloads\VeritasIntelligenceAnalytics\dict\VDF\_active\VDF_AKSHARE_CANONICAL_MAPPING_GATE_v0277_20260610_220358\preview\VDF_AkShare_CanonicalPreview_v0277.json,VDF_AkShare_CanonicalPreview_v0277.json,symbol,date,value,vdf_original_row_hash,VDF_Global_Commodity|STEEL|2026-05-05|3a7550f068ef5492,False,value_blank_or_non_numeric,c4474dccb9c260ef
85,VDF_Global_Commodity,STEEL,2026-05-06,,46671818c77893a3,C:\Users\tonyk\Downloads\VeritasIntelligenceAnalytics\dict\VDF\_active\VDF_AKSHARE_CANONICAL_MAPPING_GATE_v0277_20260610_220358\preview\VDF_AkShare_CanonicalPreview_v0277.json,VDF_AkShare_CanonicalPreview_v0277.json,symbol,date,value,vdf_original_row_hash,VDF_Global_Commodity|STEEL|2026-05-06|46671818c77893a3,False,value_blank_or_non_numeric,67c4e13322914a94
86,VDF_Global_Commodity,STEEL,2026-05-07,,84d7630c6f8767a6,C:\Users\tonyk\Downloads\VeritasIntelligenceAnalytics\dict\VDF\_active\VDF_AKSHARE_CANONICAL_MAPPING_GATE_v0277_20260610_220358\preview\VDF_AkShare_CanonicalPreview_v0277.json,VDF_AkShare_CanonicalPreview_v0277.json,symbol,date,value,vdf_original_row_hash,VDF_Global_Commodity|STEEL|2026-05-07|84d7630c6f8767a6,False,value_blank_or_non_numeric,d1cb143f2434bdd1
87,VDF_Global_Commodity,STEEL,2026-05-08,,647c9578f60e4982,C:\Users\tonyk\Downloads\VeritasIntelligenceAnalytics\dict\VDF\_active\VDF_AKSHARE_CANONICAL_MAPPING_GATE_v0277_20260610_220358\preview\VDF_AkShare_CanonicalPreview_v0277.json,VDF_AkShare_CanonicalPreview_v0277.json,symbol,date,value,vdf_original_row_hash,VDF_Global_Commodity|STEEL|2026-05-08|647c9578f60e4982,False,value_blank_or_non_numeric,2886dc141826aef8
88,VDF_Global_Commodity,STEEL,2026-05-09,,4d725fc1c1b4b54e,C:\Users\tonyk\Downloads\VeritasIntelligenceAnalytics\dict\VDF\_active\VDF_AKSHARE_CANONICAL_MAPPING_GATE_v0277_20260610_220358\preview\VDF_AkShare_CanonicalPreview_v0277.json,VDF_AkShare_CanonicalPreview_v0277.json,symbol,date,value,vdf_original_row_hash,VDF_Global_Commodity|STEEL|2026-05-09|4d725fc1c1b4b54e,False,value_blank_or_non_numeric,bbbfae9d581a05a4
89,VDF_Global_Commodity,STEEL,2026-05-10,,d9111cc55c60a669,C:\Users\tonyk\Downloads\VeritasIntelligenceAnalytics\dict\VDF\_active\VDF_AKSHARE_CANONICAL_MAPPING_GATE_v0277_20260610_220358\preview\VDF_AkShare_CanonicalPreview_v0277.json,VDF_AkShare_CanonicalPreview_v0277.json,symbol,date,value,vdf_original_row_hash,VDF_Global_Commodity|STEEL|2026-05-10|d9111cc55c60a669,False,value_blank_or_non_numeric,f011481953a40045
90,VDF_Global_Commodity,STEEL,2026-05-11,,3fa543a12d9a8639,C:\Users\tonyk\Downloads\VeritasIntelligenceAnalytics\dict\VDF\_active\VDF_AKSHARE_CANONICAL_MAPPING_GATE_v0277_20260610_220358\preview\VDF_AkShare_CanonicalPreview_v0277.json,VDF_AkShare_CanonicalPreview_v0277.json,symbol,date,value,vdf_original_row_hash,VDF_Global_Commodity|STEEL|2026-05-11|3fa543a12d9a8639,False,value_blank_or_non_numeric,44b014f4f63c18ef
91,VDF_Global_Commodity,STEEL,2026-05-12,,30bed848daa09b96,C:\Users\tonyk\Downloads\VeritasIntelligenceAnalytics\dict\VDF\_active\VDF_AKSHARE_CANONICAL_MAPPING_GATE_v0277_20260610_220358\preview\VDF_AkShare_CanonicalPreview_v0277.json,VDF_AkShare_CanonicalPreview_v0277.json,symbol,date,value,vdf_original_row_hash,VDF_Global_Commodity|STEEL|2026-05-12|30bed848daa09b96,False,value_blank_or_non_numeric,c07c8891c2e028c5
92,VDF_Global_Commodity,STEEL,2026-05-13,,a9ff9b19c708de0a,C:\Users\tonyk\Downloads\VeritasIntelligenceAnalytics\dict\VDF\_active\VDF_AKSHARE_CANONICAL_MAPPING_GATE_v0277_20260610_220358\preview\VDF_AkShare_CanonicalPreview_v0277.json,VDF_AkShare_CanonicalPreview_v0277.json,symbol,date,value,vdf_original_row_hash,VDF_Global_Commodity|STEEL|2026-05-13|a9ff9b19c708de0a,False,value_blank_or_non_numeric,e9bf8edb4882c47f
93,VDF_Global_Commodity,STEEL,2026-05-14,,b16a301dee35ed47,C:\Users\tonyk\Downloads\VeritasIntelligenceAnalytics\dict\VDF\_active\VDF_AKSHARE_CANONICAL_MAPPING_GATE_v0277_20260610_220358\preview\VDF_AkShare_CanonicalPreview_v0277.json,VDF_AkShare_CanonicalPreview_v0277.json,symbol,date,value,vdf_original_row_hash,VDF_Global_Commodity|STEEL|2026-05-14|b16a301dee35ed47,False,value_blank_or_non_numeric,c2f4e058cabef6b1
94,VDF_Global_Commodity,STEEL,2026-05-15,,a585105d016aa2de,C:\Users\tonyk\Downloads\VeritasIntelligenceAnalytics\dict\VDF\_active\VDF_AKSHARE_CANONICAL_MAPPING_GATE_v0277_20260610_220358\preview\VDF_AkShare_CanonicalPreview_v0277.json,VDF_AkShare_CanonicalPreview_v0277.json,symbol,date,value,vdf_original_row_hash,VDF_Global_Commodity|STEEL|2026-05-15|a585105d016aa2de,False,value_blank_or_non_numeric,3026a005b788929d
95,VDF_Global_Commodity,STEEL,2026-05-16,,104addbe1f270dec,C:\Users\tonyk\Downloads\VeritasIntelligenceAnalytics\dict\VDF\_active\VDF_AKSHARE_CANONICAL_MAPPING_GATE_v0277_20260610_220358\preview\VDF_AkShare_CanonicalPreview_v0277.json,VDF_AkShare_CanonicalPreview_v0277.json,symbol,date,value,vdf_original_row_hash,VDF_Global_Commodity|STEEL|2026-05-16|104addbe1f270dec,False,value_blank_or_non_numeric,5b6981ec2a6bdfba
96,VDF_Global_Commodity,STEEL,2026-05-17,,d4e02c8ad0b90374,C:\Users\tonyk\Downloads\VeritasIntelligenceAnalytics\dict\VDF\_active\VDF_AKSHARE_CANONICAL_MAPPING_GATE_v0277_20260610_220358\preview\VDF_AkShare_CanonicalPreview_v0277.json,VDF_AkShare_CanonicalPreview_v0277.json,symbol,date,value,vdf_original_row_hash,VDF_Global_Commodity|STEEL|2026-05-17|d4e02c8ad0b90374,False,value_blank_or_non_numeric,13fad8f6a6712524
97,VDF_Global_Commodity,STEEL,2026-05-18,,fefcd372d469ffda,C:\Users\tonyk\Downloads\VeritasIntelligenceAnalytics\dict\VDF\_active\VDF_AKSHARE_CANONICAL_MAPPING_GATE_v0277_20260610_220358\preview\VDF_AkShare_CanonicalPreview_v0277.json,VDF_AkShare_CanonicalPreview_v0277.json,symbol,date,value,vdf_original_row_hash,VDF_Global_Commodity|STEEL|2026-05-18|fefcd372d469ffda,False,value_blank_or_non_numeric,20d8ae9464757ef8
98,VDF_Global_Commodity,STEEL,2026-05-19,,a150ab7061c116e0,C:\Users\tonyk\Downloads\VeritasIntelligenceAnalytics\dict\VDF\_active\VDF_AKSHARE_CANONICAL_MAPPING_GATE_v0277_20260610_220358\preview\VDF_AkShare_CanonicalPreview_v0277.json,VDF_AkShare_CanonicalPreview_v0277.json,symbol,date,value,vdf_original_row_hash,VDF_Global_Commodity|STEEL|2026-05-19|a150ab7061c116e0,False,value_blank_or_non_numeric,70654cc669570a7d
99,VDF_Global_Commodity,STEEL,2026-05-20,,716b95c92338a230,C:\Users\tonyk\Downloads\VeritasIntelligenceAnalytics\dict\VDF\_active\VDF_AKSHARE_CANONICAL_MAPPING_GATE_v0277_20260610_220358\preview\VDF_AkShare_CanonicalPreview_v0277.json,VDF_AkShare_CanonicalPreview_v0277.json,symbol,date,value,vdf_original_row_hash,VDF_Global_Commodity|STEEL|2026-05-20|716b95c92338a230,False,value_blank_or_non_numeric,d6e626412415c7c3
100,VDF_Global_Commodity,STEEL,2026-05-21,,726656cb1305f67e,C:\Users\tonyk\Downloads\VeritasIntelligenceAnalytics\dict\VDF\_active\VDF_AKSHARE_CANONICAL_MAPPING_GATE_v0277_20260610_220358\preview\VDF_AkShare_CanonicalPreview_v0277.json,VDF_AkShare_CanonicalPreview_v0277.json,symbol,date,value,vdf_original_row_hash,VDF_Global_Commodity|STEEL|2026-05-21|726656cb1305f67e,False,value_blank_or_non_numeric,925fdbeaaaf44cf9
101,VDF_Global_Commodity,STEEL,2026-05-22,,516070d60627a41e,C:\Users\tonyk\Downloads\VeritasIntelligenceAnalytics\dict\VDF\_active\VDF_AKSHARE_CANONICAL_MAPPING_GATE_v0277_20260610_220358\preview\VDF_AkShare_CanonicalPreview_v0277.json,VDF_AkShare_CanonicalPreview_v0277.json,symbol,date,value,vdf_original_row_hash,VDF_Global_Commodity|STEEL|2026-05-22|516070d60627a41e,False,value_blank_or_non_numeric,84a972b884dafef4
102,VDF_Global_Commodity,STEEL,2026-05-23,,170ea7960b94ee13,C:\Users\tonyk\Downloads\VeritasIntelligenceAnalytics\dict\VDF\_active\VDF_AKSHARE_CANONICAL_MAPPING_GATE_v0277_20260610_220358\preview\VDF_AkShare_CanonicalPreview_v0277.json,VDF_AkShare_CanonicalPreview_v0277.json,symbol,date,value,vdf_original_row_hash,VDF_Global_Commodity|STEEL|2026-05-23|170ea7960b94ee13,False,value_blank_or_non_numeric,0d16bc1a7c0b3c48
103,VDF_Global_Commodity,STEEL,2026-05-24,,90512da68dddf876,C:\Users\tonyk\Downloads\VeritasIntelligenceAnalytics\dict\VDF\_active\VDF_AKSHARE_CANONICAL_MAPPING_GATE_v0277_20260610_220358\preview\VDF_AkShare_CanonicalPreview_v0277.json,VDF_AkShare_CanonicalPreview_v0277.json,symbol,date,value,vdf_original_row_hash,VDF_Global_Commodity|STEEL|2026-05-24|90512da68dddf876,False,value_blank_or_non_numeric,94daa138add91de0
104,VDF_Global_Commodity,STEEL,2026-05-25,,a8b621f447f59f53,C:\Users\tonyk\Downloads\VeritasIntelligenceAnalytics\dict\VDF\_active\VDF_AKSHARE_CANONICAL_MAPPING_GATE_v0277_20260610_220358\preview\VDF_AkShare_CanonicalPreview_v0277.json,VDF_AkShare_CanonicalPreview_v0277.json,symbol,date,value,vdf_original_row_hash,VDF_Global_Commodity|STEEL|2026-05-25|a8b621f447f59f53,False,value_blank_or_non_numeric,3043b0d213f56206
105,VDF_Global_Commodity,STEEL,2026-05-26,,9b6451e7a5a53779,C:\Users\tonyk\Downloads\VeritasIntelligenceAnalytics\dict\VDF\_active\VDF_AKSHARE_CANONICAL_MAPPING_GATE_v0277_20260610_220358\preview\VDF_AkShare_CanonicalPreview_v0277.json,VDF_AkShare_CanonicalPreview_v0277.json,symbol,date,value,vdf_original_row_hash,VDF_Global_Commodity|STEEL|2026-05-26|9b6451e7a5a53779,False,value_blank_or_non_numeric,3154305b224ed11d
106,VDF_Global_Commodity,STEEL,2026-05-27,,bd41869305419303,C:\Users\tonyk\Downloads\VeritasIntelligenceAnalytics\dict\VDF\_active\VDF_AKSHARE_CANONICAL_MAPPING_GATE_v0277_20260610_220358\preview\VDF_AkShare_CanonicalPreview_v0277.json,VDF_AkShare_CanonicalPreview_v0277.json,symbol,date,value,vdf_original_row_hash,VDF_Global_Commodity|STEEL|2026-05-27|bd41869305419303,False,value_blank_or_non_numeric,2d237dfe1fb079f1
107,VDF_Global_Commodity,STEEL,2026-05-28,,3e56ab0ce2afa61d,C:\Users\tonyk\Downloads\VeritasIntelligenceAnalytics\dict\VDF\_active\VDF_AKSHARE_CANONICAL_MAPPING_GATE_v0277_20260610_220358\preview\VDF_AkShare_CanonicalPreview_v0277.json,VDF_AkShare_CanonicalPreview_v0277.json,symbol,date,value,vdf_original_row_hash,VDF_Global_Commodity|STEEL|2026-05-28|3e56ab0ce2afa61d,False,value_blank_or_non_numeric,741b45a50141728a
108,VDF_Global_Commodity,STEEL,2026-05-29,,40e8296c0ed61094,C:\Users\tonyk\Downloads\VeritasIntelligenceAnalytics\dict\VDF\_active\VDF_AKSHARE_CANONICAL_MAPPING_GATE_v0277_20260610_220358\preview\VDF_AkShare_CanonicalPreview_v0277.json,VDF_AkShare_CanonicalPreview_v0277.json,symbol,date,value,vdf_original_row_hash,VDF_Global_Commodity|STEEL|2026-05-29|40e8296c0ed61094,False,value_blank_or_non_numeric,c2f1c3804d289069
109,VDF_Global_Commodity,STEEL,2026-05-30,,e53d73801e8f4112,C:\Users\tonyk\Downloads\VeritasIntelligenceAnalytics\dict\VDF\_active\VDF_AKSHARE_CANONICAL_MAPPING_GATE_v0277_20260610_220358\preview\VDF_AkShare_CanonicalPreview_v0277.json,VDF_AkShare_CanonicalPreview_v0277.json,symbol,date,value,vdf_original_row_hash,VDF_Global_Commodity|STEEL|2026-05-30|e53d73801e8f4112,False,value_blank_or_non_numeric,1685ad8505221446
110,VDF_Global_Commodity,STEEL,2026-05-31,,fef82514d2108ea1,C:\Users\tonyk\Downloads\VeritasIntelligenceAnalytics\dict\VDF\_active\VDF_AKSHARE_CANONICAL_MAPPING_GATE_v0277_20260610_220358\preview\VDF_AkShare_CanonicalPreview_v0277.json,VDF_AkShare_CanonicalPreview_v0277.json,symbol,date,value,vdf_original_row_hash,VDF_Global_Commodity|STEEL|2026-05-31|fef82514d2108ea1,False,value_blank_or_non_numeric,7fabf3239a79bad7
111,VDF_Global_Commodity,STEEL,2026-06-01,,518388a4bd633bdf,C:\Users\tonyk\Downloads\VeritasIntelligenceAnalytics\dict\VDF\_active\VDF_AKSHARE_CANONICAL_MAPPING_GATE_v0277_20260610_220358\preview\VDF_AkShare_CanonicalPreview_v0277.json,VDF_AkShare_CanonicalPreview_v0277.json,symbol,date,value,vdf_original_row_hash,VDF_Global_Commodity|STEEL|2026-06-01|518388a4bd633bdf,False,value_blank_or_non_numeric,18127e281f1f9c2d
112,VDF_Global_Commodity,STEEL,2026-06-02,,56d9bd37d5c6d037,C:\Users\tonyk\Downloads\VeritasIntelligenceAnalytics\dict\VDF\_active\VDF_AKSHARE_CANONICAL_MAPPING_GATE_v0277_20260610_220358\preview\VDF_AkShare_CanonicalPreview_v0277.json,VDF_AkShare_CanonicalPreview_v0277.json,symbol,date,value,vdf_original_row_hash,VDF_Global_Commodity|STEEL|2026-06-02|56d9bd37d5c6d037,False,value_blank_or_non_numeric,61874e93aacef4a6
113,VDF_Global_Commodity,STEEL,2026-06-03,,348f2d77d1f984b6,C:\Users\tonyk\Downloads\VeritasIntelligenceAnalytics\dict\VDF\_active\VDF_AKSHARE_CANONICAL_MAPPING_GATE_v0277_20260610_220358\preview\VDF_AkShare_CanonicalPreview_v0277.json,VDF_AkShare_CanonicalPreview_v0277.json,symbol,date,value,vdf_original_row_hash,VDF_Global_Commodity|STEEL|2026-06-03|348f2d77d1f984b6,False,value_blank_or_non_numeric,232b90e6b4ef3259
114,VDF_Global_Commodity,STEEL,2026-06-04,,effbe9b4a4e02568,C:\Users\tonyk\Downloads\VeritasIntelligenceAnalytics\dict\VDF\_active\VDF_AKSHARE_CANONICAL_MAPPING_GATE_v0277_20260610_220358\preview\VDF_AkShare_CanonicalPreview_v0277.json,VDF_AkShare_CanonicalPreview_v0277.json,symbol,date,value,vdf_original_row_hash,VDF_Global_Commodity|STEEL|2026-06-04|effbe9b4a4e02568,False,value_blank_or_non_numeric,430b104cabc97a95
115,VDF_Global_Commodity,STEEL,2026-06-05,,e5968e77e8c85060,C:\Users\tonyk\Downloads\VeritasIntelligenceAnalytics\dict\VDF\_active\VDF_AKSHARE_CANONICAL_MAPPING_GATE_v0277_20260610_220358\preview\VDF_AkShare_CanonicalPreview_v0277.json,VDF_AkShare_CanonicalPreview_v0277.json,symbol,date,value,vdf_original_row_hash,VDF_Global_Commodity|STEEL|2026-06-05|e5968e77e8c85060,False,value_blank_or_non_numeric,d89915bec1cc99bf
116,VDF_Global_Commodity,STEEL,2026-06-06,,751374545aa7d59f,C:\Users\tonyk\Downloads\VeritasIntelligenceAnalytics\dict\VDF\_active\VDF_AKSHARE_CANONICAL_MAPPING_GATE_v0277_20260610_220358\preview\VDF_AkShare_CanonicalPreview_v0277.json,VDF_AkShare_CanonicalPreview_v0277.json,symbol,date,value,vdf_original_row_hash,VDF_Global_Commodity|STEEL|2026-06-06|751374545aa7d59f,False,value_blank_or_non_numeric,8f3e864f0bb7161c
117,VDF_Global_Commodity,STEEL,2026-06-07,,2e28489319df7bab,C:\Users\tonyk\Downloads\VeritasIntelligenceAnalytics\dict\VDF\_active\VDF_AKSHARE_CANONICAL_MAPPING_GATE_v0277_20260610_220358\preview\VDF_AkShare_CanonicalPreview_v0277.json,VDF_AkShare_CanonicalPreview_v0277.json,symbol,date,value,vdf_original_row_hash,VDF_Global_Commodity|STEEL|2026-06-07|2e28489319df7bab,False,value_blank_or_non_numeric,eab51e814fa777ea
118,VDF_Global_Commodity,STEEL,2026-06-08,,587050c546c2fc6f,C:\Users\tonyk\Downloads\VeritasIntelligenceAnalytics\dict\VDF\_active\VDF_AKSHARE_CANONICAL_MAPPING_GATE_v0277_20260610_220358\preview\VDF_AkShare_CanonicalPreview_v0277.json,VDF_AkShare_CanonicalPreview_v0277.json,symbol,date,value,vdf_original_row_hash,VDF_Global_Commodity|STEEL|2026-06-08|587050c546c2fc6f,False,value_blank_or_non_numeric,d98424a2ba06fcd1
119,VDF_Global_Commodity,STEEL,2026-06-09,,dbe71981a6e3cd04,C:\Users\tonyk\Downloads\VeritasIntelligenceAnalytics\dict\VDF\_active\VDF_AKSHARE_CANONICAL_MAPPING_GATE_v0277_20260610_220358\preview\VDF_AkShare_CanonicalPreview_v0277.json,VDF_AkShare_CanonicalPreview_v0277.json,symbol,date,value,vdf_original_row_hash,VDF_Global_Commodity|STEEL|2026-06-09|dbe71981a6e3cd04,False,value_blank_or_non_numeric,cf16218c60f8ffde
120,VDF_Global_Commodity,STEEL,2026-06-10,,284322b2697ecb17,C:\Users\tonyk\Downloads\VeritasIntelligenceAnalytics\dict\VDF\_active\VDF_AKSHARE_CANONICAL_MAPPING_GATE_v0277_20260610_220358\preview\VDF_AkShare_CanonicalPreview_v0277.json,VDF_AkShare_CanonicalPreview_v0277.json,symbol,date,value,vdf_original_row_hash,VDF_Global_Commodity|STEEL|2026-06-10|284322b2697ecb17,False,value_blank_or_non_numeric,8afc0b6d3376edbe
121,VDF_Global_Commodity,COMMODITY_FUTURES,,,8ed97111ad0a8683,C:\Users\tonyk\Downloads\VeritasIntelligenceAnalytics\dict\VDF\_active\VDF_AKSHARE_CANONICAL_MAPPING_GATE_v0277_20260610_220358\preview\VDF_AkShare_CanonicalPreview_v0277.json,VDF_AkShare_CanonicalPreview_v0277.json,symbol,date,value,vdf_original_row_hash,VDF_Global_Commodity|COMMODITY_FUTURES||8ed97111ad0a8683,False,date_blank_or_unparseable;value_blank_or_non_numeric,6528c905cac391a1
122,VDF_Global_Commodity,COMMODITY_FUTURES,,,b6c324f1982f4025,C:\Users\tonyk\Downloads\VeritasIntelligenceAnalytics\dict\VDF\_active\VDF_AKSHARE_CANONICAL_MAPPING_GATE_v0277_20260610_220358\preview\VDF_AkShare_CanonicalPreview_v0277.json,VDF_AkShare_CanonicalPreview_v0277.json,symbol,date,value,vdf_original_row_hash,VDF_Global_Commodity|COMMODITY_FUTURES||b6c324f1982f4025,False,date_blank_or_unparseable;value_blank_or_non_numeric,9021fdb7d75f6a45
123,VDF_Global_Commodity,COMMODITY_FUTURES,,3.0,57eb5cd28b5ac54e,C:\Users\tonyk\Downloads\VeritasIntelligenceAnalytics\dict\VDF\_active\VDF_AKSHARE_CANONICAL_MAPPING_GATE_v0277_20260610_220358\preview\VDF_AkShare_CanonicalPreview_v0277.json,VDF_AkShare_CanonicalPreview_v0277.json,symbol,date,value,vdf_original_row_hash,VDF_Global_Commodity|COMMODITY_FUTURES||57eb5cd28b5ac54e,False,date_blank_or_unparseable,4508b89ba631e258
124,VDF_Global_Commodity,COMMODITY_FUTURES,,,a6f7896282f27654,C:\Users\tonyk\Downloads\VeritasIntelligenceAnalytics\dict\VDF\_active\VDF_AKSHARE_CANONICAL_MAPPING_GATE_v0277_20260610_220358\preview\VDF_AkShare_CanonicalPreview_v0277.json,VDF_AkShare_CanonicalPreview_v0277.json,symbol,date,value,vdf_original_row_hash,VDF_Global_Commodity|COMMODITY_FUTURES||a6f7896282f27654,False,date_blank_or_unparseable;value_blank_or_non_numeric,5e1afc75340043ad
125,VDF_Global_Commodity,COMMODITY_FUTURES,,,8881531c4db276fc,C:\Users\tonyk\Downloads\VeritasIntelligenceAnalytics\dict\VDF\_active\VDF_AKSHARE_CANONICAL_MAPPING_GATE_v0277_20260610_220358\preview\VDF_AkShare_CanonicalPreview_v0277.json,VDF_AkShare_CanonicalPreview_v0277.json,symbol,date,value,vdf_original_row_hash,VDF_Global_Commodity|COMMODITY_FUTURES||8881531c4db276fc,False,date_blank_or_unparseable;value_blank_or_non_numeric,3e12baa5d91697dc
126,VDF_Global_Commodity,COMMODITY_FUTURES,,,87b1ad27576725bf,C:\Users\tonyk\Downloads\VeritasIntelligenceAnalytics\dict\VDF\_active\VDF_AKSHARE_CANONICAL_MAPPING_GATE_v0277_20260610_220358\preview\VDF_AkShare_CanonicalPreview_v0277.json,VDF_AkShare_CanonicalPreview_v0277.json,symbol,date,value,vdf_original_row_hash,VDF_Global_Commodity|COMMODITY_FUTURES||87b1ad27576725bf,False,date_blank_or_unparseable;value_blank_or_non_numeric,169a02471eae9802
127,VDF_Global_Commodity,COMMODITY_FUTURES,,,b0e761cec4a31790,C:\Users\tonyk\Downloads\VeritasIntelligenceAnalytics\dict\VDF\_active\VDF_AKSHARE_CANONICAL_MAPPING_GATE_v0277_20260610_220358\preview\VDF_AkShare_CanonicalPreview_v0277.json,VDF_AkShare_CanonicalPreview_v0277.json,symbol,date,value,vdf_original_row_hash,VDF_Global_Commodity|COMMODITY_FUTURES||b0e761cec4a31790,False,date_blank_or_unparseable;value_blank_or_non_numeric,2e55ffd43853a359
128,VDF_Global_Commodity,COMMODITY_FUTURES,,,e4c42bf85705583b,C:\Users\tonyk\Downloads\VeritasIntelligenceAnalytics\dict\VDF\_active\VDF_AKSHARE_CANONICAL_MAPPING_GATE_v0277_20260610_220358\preview\VDF_AkShare_CanonicalPreview_v0277.json,VDF_AkShare_CanonicalPreview_v0277.json,symbol,date,value,vdf_original_row_hash,VDF_Global_Commodity|COMMODITY_FUTURES||e4c42bf85705583b,False,date_blank_or_unparseable;value_blank_or_non_numeric,48c92c2207f73299
129,VDF_Global_Commodity,COMMODITY_FUTURES,,,abd3206346ff4d85,C:\Users\tonyk\Downloads\VeritasIntelligenceAnalytics\dict\VDF\_active\VDF_AKSHARE_CANONICAL_MAPPING_GATE_v0277_20260610_220358\preview\VDF_AkShare_CanonicalPreview_v0277.json,VDF_AkShare_CanonicalPreview_v0277.json,symbol,date,value,vdf_original_row_hash,VDF_Global_Commodity|COMMODITY_FUTURES||abd3206346ff4d85,False,date_blank_or_unparseable;value_blank_or_non_numeric,ca6509aaabba42b8
130,VDF_Global_Commodity,COMMODITY_FUTURES,,,34e6a213b7c37244,C:\Users\tonyk\Downloads\VeritasIntelligenceAnalytics\dict\VDF\_active\VDF_AKSHARE_CANONICAL_MAPPING_GATE_v0277_20260610_220358\preview\VDF_AkShare_CanonicalPreview_v0277.json,VDF_AkShare_CanonicalPreview_v0277.json,symbol,date,value,vdf_original_row_hash,VDF_Global_Commodity|COMMODITY_FUTURES||34e6a213b7c37244,False,date_blank_or_unparseable;value_blank_or_non_numeric,1d66f794d4451266
131,VDF_Global_Commodity,COMMODITY_FUTURES,,,ea39f86f0cc205f2,C:\Users\tonyk\Downloads\VeritasIntelligenceAnalytics\dict\VDF\_active\VDF_AKSHARE_CANONICAL_MAPPING_GATE_v0277_20260610_220358\preview\VDF_AkShare_CanonicalPreview_v0277.json,VDF_AkShare_CanonicalPreview_v0277.json,symbol,date,value,vdf_original_row_hash,VDF_Global_Commodity|COMMODITY_FUTURES||ea39f86f0cc205f2,False,date_blank_or_unparseable;value_blank_or_non_numeric,6d5dc14418d0b374
132,VDF_Global_Commodity,COMMODITY_FUTURES,,,b599eda556917203,C:\Users\tonyk\Downloads\VeritasIntelligenceAnalytics\dict\VDF\_active\VDF_AKSHARE_CANONICAL_MAPPING_GATE_v0277_20260610_220358\preview\VDF_AkShare_CanonicalPreview_v0277.json,VDF_AkShare_CanonicalPreview_v0277.json,symbol,date,value,vdf_original_row_hash,VDF_Global_Commodity|COMMODITY_FUTURES||b599eda556917203,False,date_blank_or_unparseable;value_blank_or_non_numeric,7416ca9aab7758f7
133,VDF_Global_Commodity,COMMODITY_FUTURES,,,5ef2551ad8ff5d40,C:\Users\tonyk\Downloads\VeritasIntelligenceAnalytics\dict\VDF\_active\VDF_AKSHARE_CANONICAL_MAPPING_GATE_v0277_20260610_220358\preview\VDF_AkShare_CanonicalPreview_v0277.json,VDF_AkShare_CanonicalPreview_v0277.json,symbol,date,value,vdf_original_row_hash,VDF_Global_Commodity|COMMODITY_FUTURES||5ef2551ad8ff5d40,False,date_blank_or_unparseable;value_blank_or_non_numeric,4765a0e4ffad0c65
134,VDF_Global_Commodity,COMMODITY_FUTURES,,,ec5bc834d2fb249d,C:\Users\tonyk\Downloads\VeritasIntelligenceAnalytics\dict\VDF\_active\VDF_AKSHARE_CANONICAL_MAPPING_GATE_v0277_20260610_220358\preview\VDF_AkShare_CanonicalPreview_v0277.json,VDF_AkShare_CanonicalPreview_v0277.json,symbol,date,value,vdf_original_row_hash,VDF_Global_Commodity|COMMODITY_FUTURES||ec5bc834d2fb249d,False,date_blank_or_unparseable;value_blank_or_non_numeric,42ca7ebdd6a3884f
135,VDF_Global_Commodity,COMMODITY_FUTURES,,,fc3703242831a527,C:\Users\tonyk\Downloads\VeritasIntelligenceAnalytics\dict\VDF\_active\VDF_AKSHARE_CANONICAL_MAPPING_GATE_v0277_20260610_220358\preview\VDF_AkShare_CanonicalPreview_v0277.json,VDF_AkShare_CanonicalPreview_v0277.json,symbol,date,value,vdf_original_row_hash,VDF_Global_Commodity|COMMODITY_FUTURES||fc3703242831a527,False,date_blank_or_unparseable;value_blank_or_non_numeric,241da4713920887e
136,VDF_Global_Commodity,COMMODITY_FUTURES,,,1937058cf9dcbf3f,C:\Users\tonyk\Downloads\VeritasIntelligenceAnalytics\dict\VDF\_active\VDF_AKSHARE_CANONICAL_MAPPING_GATE_v0277_20260610_220358\preview\VDF_AkShare_CanonicalPreview_v0277.json,VDF_AkShare_CanonicalPreview_v0277.json,symbol,date,value,vdf_original_row_hash,VDF_Global_Commodity|COMMODITY_FUTURES||1937058cf9dcbf3f,False,date_blank_or_unparseable;value_blank_or_non_numeric,d198510aa7d8aa6a
137,VDF_Global_Commodity,COMMODITY_FUTURES,,,d87aedb292159a7a,C:\Users\tonyk\Downloads\VeritasIntelligenceAnalytics\dict\VDF\_active\VDF_AKSHARE_CANONICAL_MAPPING_GATE_v0277_20260610_220358\preview\VDF_AkShare_CanonicalPreview_v0277.json,VDF_AkShare_CanonicalPreview_v0277.json,symbol,date,value,vdf_original_row_hash,VDF_Global_Commodity|COMMODITY_FUTURES||d87aedb292159a7a,False,date_blank_or_unparseable;value_blank_or_non_numeric,894760648c060d86
138,VDF_Global_Commodity,COMMODITY_FUTURES,,,55530a7c487ccd7e,C:\Users\tonyk\Downloads\VeritasIntelligenceAnalytics\dict\VDF\_active\VDF_AKSHARE_CANONICAL_MAPPING_GATE_v0277_20260610_220358\preview\VDF_AkShare_CanonicalPreview_v0277.json,VDF_AkShare_CanonicalPreview_v0277.json,symbol,date,value,vdf_original_row_hash,VDF_Global_Commodity|COMMODITY_FUTURES||55530a7c487ccd7e,False,date_blank_or_unparseable;value_blank_or_non_numeric,afc1fb784cffa177
139,VDF_Global_Commodity,COMMODITY_FUTURES,,,5dad3acfb3118f55,C:\Users\tonyk\Downloads\VeritasIntelligenceAnalytics\dict\VDF\_active\VDF_AKSHARE_CANONICAL_MAPPING_GATE_v0277_20260610_220358\preview\VDF_AkShare_CanonicalPreview_v0277.json,VDF_AkShare_CanonicalPreview_v0277.json,symbol,date,value,vdf_original_row_hash,VDF_Global_Commodity|COMMODITY_FUTURES||5dad3acfb3118f55,False,date_blank_or_unparseable;value_blank_or_non_numeric,8b702c9ebc9313d2
140,VDF_Global_Commodity,COMMODITY_FUTURES,,,e59bb77d090bf232,C:\Users\tonyk\Downloads\VeritasIntelligenceAnalytics\dict\VDF\_active\VDF_AKSHARE_CANONICAL_MAPPING_GATE_v0277_20260610_220358\preview\VDF_AkShare_CanonicalPreview_v0277.json,VDF_AkShare_CanonicalPreview_v0277.json,symbol,date,value,vdf_original_row_hash,VDF_Global_Commodity|COMMODITY_FUTURES||e59bb77d090bf232,False,date_blank_or_unparseable;value_blank_or_non_numeric,0a28c15b05cee104
141,VDF_Global_Commodity,COMMODITY_FUTURES,,,04ca49f8705f8c53,C:\Users\tonyk\Downloads\VeritasIntelligenceAnalytics\dict\VDF\_active\VDF_AKSHARE_CANONICAL_MAPPING_GATE_v0277_20260610_220358\preview\VDF_AkShare_CanonicalPreview_v0277.json,VDF_AkShare_CanonicalPreview_v0277.json,symbol,date,value,vdf_original_row_hash,VDF_Global_Commodity|COMMODITY_FUTURES||04ca49f8705f8c53,False,date_blank_or_unparseable;value_blank_or_non_numeric,af4c3e1285c4950c
142,VDF_Global_Commodity,COMMODITY_FUTURES,,,c5c416e5c0ab2b85,C:\Users\tonyk\Downloads\VeritasIntelligenceAnalytics\dict\VDF\_active\VDF_AKSHARE_CANONICAL_MAPPING_GATE_v0277_20260610_220358\preview\VDF_AkShare_CanonicalPreview_v0277.json,VDF_AkShare_CanonicalPreview_v0277.json,symbol,date,value,vdf_original_row_hash,VDF_Global_Commodity|COMMODITY_FUTURES||c5c416e5c0ab2b85,False,date_blank_or_unparseable;value_blank_or_non_numeric,0322eae5740dcbd1
143,VDF_Global_Commodity,COMMODITY_FUTURES,,,36fc04e0f35fc7f3,C:\Users\tonyk\Downloads\VeritasIntelligenceAnalytics\dict\VDF\_active\VDF_AKSHARE_CANONICAL_MAPPING_GATE_v0277_20260610_220358\preview\VDF_AkShare_CanonicalPreview_v0277.json,VDF_AkShare_CanonicalPreview_v0277.json,symbol,date,value,vdf_original_row_hash,VDF_Global_Commodity|COMMODITY_FUTURES||36fc04e0f35fc7f3,False,date_blank_or_unparseable;value_blank_or_non_numeric,5ba1f4ad2e51b10f
144,VDF_Global_Commodity,COMMODITY_FUTURES,,,8d821f09e50a682b,C:\Users\tonyk\Downloads\VeritasIntelligenceAnalytics\dict\VDF\_active\VDF_AKSHARE_CANONICAL_MAPPING_GATE_v0277_20260610_220358\preview\VDF_AkShare_CanonicalPreview_v0277.json,VDF_AkShare_CanonicalPreview_v0277.json,symbol,date,value,vdf_original_row_hash,VDF_Global_Commodity|COMMODITY_FUTURES||8d821f09e50a682b,False,date_blank_or_unparseable;value_blank_or_non_numeric,1f5f2166acb31dc7
145,VDF_Global_Commodity,COMMODITY_FUTURES,,,1fe60eee3883231c,C:\Users\tonyk\Downloads\VeritasIntelligenceAnalytics\dict\VDF\_active\VDF_AKSHARE_CANONICAL_MAPPING_GATE_v0277_20260610_220358\preview\VDF_AkShare_CanonicalPreview_v0277.json,VDF_AkShare_CanonicalPreview_v0277.json,symbol,date,value,vdf_original_row_hash,VDF_Global_Commodity|COMMODITY_FUTURES||1fe60eee3883231c,False,date_blank_or_unparseable;value_blank_or_non_numeric,2ba605743942c6c7
146,VDF_Global_Commodity,COMMODITY_FUTURES,,,d4f7a2bcee11bda6,C:\Users\tonyk\Downloads\VeritasIntelligenceAnalytics\dict\VDF\_active\VDF_AKSHARE_CANONICAL_MAPPING_GATE_v0277_20260610_220358\preview\VDF_AkShare_CanonicalPreview_v0277.json,VDF_AkShare_CanonicalPreview_v0277.json,symbol,date,value,vdf_original_row_hash,VDF_Global_Commodity|COMMODITY_FUTURES||d4f7a2bcee11bda6,False,date_blank_or_unparseable;value_blank_or_non_numeric,4051bd7e229dbb67
147,VDF_Global_Commodity,COMMODITY_FUTURES,,,204b222caaaa9b53,C:\Users\tonyk\Downloads\VeritasIntelligenceAnalytics\dict\VDF\_active\VDF_AKSHARE_CANONICAL_MAPPING_GATE_v0277_20260610_220358\preview\VDF_AkShare_CanonicalPreview_v0277.json,VDF_AkShare_CanonicalPreview_v0277.json,symbol,date,value,vdf_original_row_hash,VDF_Global_Commodity|COMMODITY_FUTURES||204b222caaaa9b53,False,date_blank_or_unparseable;value_blank_or_non_numeric,708176dc677275cf
148,VDF_Global_Commodity,COMMODITY_FUTURES,,,3d573dfd72c901dc,C:\Users\tonyk\Downloads\VeritasIntelligenceAnalytics\dict\VDF\_active\VDF_AKSHARE_CANONICAL_MAPPING_GATE_v0277_20260610_220358\preview\VDF_AkShare_CanonicalPreview_v0277.json,VDF_AkShare_CanonicalPreview_v0277.json,symbol,date,value,vdf_original_row_hash,VDF_Global_Commodity|COMMODITY_FUTURES||3d573dfd72c901dc,False,date_blank_or_unparseable;value_blank_or_non_numeric,2f19c8beefb6b477
149,VDF_Global_Commodity,COMMODITY_FUTURES,,,086b94f981eb0da1,C:\Users\tonyk\Downloads\VeritasIntelligenceAnalytics\dict\VDF\_active\VDF_AKSHARE_CANONICAL_MAPPING_GATE_v0277_20260610_220358\preview\VDF_AkShare_CanonicalPreview_v0277.json,VDF_AkShare_CanonicalPreview_v0277.json,symbol,date,value,vdf_original_row_hash,VDF_Global_Commodity|COMMODITY_FUTURES||086b94f981eb0da1,False,date_blank_or_unparseable;value_blank_or_non_numeric,aae63e16b3d352ca
150,VDF_Global_Commodity,COMMODITY_FUTURES,,,e6a8902b447aab14,C:\Users\tonyk\Downloads\VeritasIntelligenceAnalytics\dict\VDF\_active\VDF_AKSHARE_CANONICAL_MAPPING_GATE_v0277_20260610_220358\preview\VDF_AkShare_CanonicalPreview_v0277.json,VDF_AkShare_CanonicalPreview_v0277.json,symbol,date,value,vdf_original_row_hash,VDF_Global_Commodity|COMMODITY_FUTURES||e6a8902b447aab14,False,date_blank_or_unparseable;value_blank_or_non_numeric,95e15233444c4ed0
1,VDF_Global_Commodity,,,,AkShare,C:\Users\tonyk\Downloads\VeritasIntelligenceAnalytics\dict\VDF\_active\VDF_AKSHARE_KEY_REPAIR_ROOTCAUSE_SMART_REMAP_v027811_20260610_221501\plan\VDF_AkShare_KeyRepairRootCauseSmartRemapPlan_v027811.json,VDF_AkShare_KeyRepairRootCauseSmartRemapPlan_v027811.json,0,0,0,0,VDF_Global_Commodity|||AkShare,False,symbol_blank;date_blank_or_unparseable;value_blank_or_non_numeric,75f69c7a2034b92b
2,VDF_Global_Commodity,,,,AkShare,C:\Users\tonyk\Downloads\VeritasIntelligenceAnalytics\dict\VDF\_active\VDF_AKSHARE_KEY_REPAIR_ROOTCAUSE_SMART_REMAP_v027811_20260610_221501\plan\VDF_AkShare_KeyRepairRootCauseSmartRemapPlan_v027811.json,VDF_AkShare_KeyRepairRootCauseSmartRemapPlan_v027811.json,0,0,0,0,VDF_Global_Commodity|||AkShare,False,symbol_blank;date_blank_or_unparseable;value_blank_or_non_numeric,40fd78f22ca4b632
3,VDF_Global_Commodity,,,,AkShare,C:\Users\tonyk\Downloads\VeritasIntelligenceAnalytics\dict\VDF\_active\VDF_AKSHARE_KEY_REPAIR_ROOTCAUSE_SMART_REMAP_v027811_20260610_221501\plan\VDF_AkShare_KeyRepairRootCauseSmartRemapPlan_v027811.json,VDF_AkShare_KeyRepairRootCauseSmartRemapPlan_v027811.json,0,0,0,0,VDF_Global_Commodity|||AkShare,False,symbol_blank;date_blank_or_unparseable;value_blank_or_non_numeric,751d89375767c378
4,VDF_Global_Commodity,,,,AkShare,C:\Users\tonyk\Downloads\VeritasIntelligenceAnalytics\dict\VDF\_active\VDF_AKSHARE_KEY_REPAIR_ROOTCAUSE_SMART_REMAP_v027811_20260610_221501\plan\VDF_AkShare_KeyRepairRootCauseSmartRemapPlan_v027811.json,VDF_AkShare_KeyRepairRootCauseSmartRemapPlan_v027811.json,0,0,0,0,VDF_Global_Commodity|||AkShare,False,symbol_blank;date_blank_or_unparseable;value_blank_or_non_numeric,c486fb44b0c9d825
5,VDF_Global_Commodity,,,,AkShare,C:\Users\tonyk\Downloads\VeritasIntelligenceAnalytics\dict\VDF\_active\VDF_AKSHARE_KEY_REPAIR_ROOTCAUSE_SMART_REMAP_v027811_20260610_221501\plan\VDF_AkShare_KeyRepairRootCauseSmartRemapPlan_v027811.json,VDF_AkShare_KeyRepairRootCauseSmartRemapPlan_v027811.json,0,0,0,0,VDF_Global_Commodity|||AkShare,False,symbol_blank;date_blank_or_unparseable;value_blank_or_non_numeric,83fc4c90031476ca
6,VDF_Global_Commodity,,,,AkShare,C:\Users\tonyk\Downloads\VeritasIntelligenceAnalytics\dict\VDF\_active\VDF_AKSHARE_KEY_REPAIR_ROOTCAUSE_SMART_REMAP_v027811_20260610_221501\plan\VDF_AkShare_KeyRepairRootCauseSmartRemapPlan_v027811.json,VDF_AkShare_KeyRepairRootCauseSmartRemapPlan_v027811.json,0,0,0,0,VDF_Global_Commodity|||AkShare,False,symbol_blank;date_blank_or_unparseable;value_blank_or_non_numeric,e690c1c504ca1fc1
7,VDF_Global_Commodity,,,,AkShare,C:\Users\tonyk\Downloads\VeritasIntelligenceAnalytics\dict\VDF\_active\VDF_AKSHARE_KEY_REPAIR_ROOTCAUSE_SMART_REMAP_v027811_20260610_221501\plan\VDF_AkShare_KeyRepairRootCauseSmartRemapPlan_v027811.json,VDF_AkShare_KeyRepairRootCauseSmartRemapPlan_v027811.json,0,0,0,0,VDF_Global_Commodity|||AkShare,False,symbol_blank;date_blank_or_unparseable;value_blank_or_non_numeric,10a1b81ff1c99b07
1,VDF_Global_Commodity,STEEL,2026-02-11,2026.0,c40c2417ebcd7bbd,C:\Users\tonyk\Downloads\VeritasIntelligenceAnalytics\dict\VDF\_active\VDF_AKSHARE_KEY_REPAIR_ROOTCAUSE_SMART_REMAP_v027811_20260610_221501\preview\VDF_AkShare_SmartRepairedPreview_v027811.csv,VDF_AkShare_SmartRepairedPreview_v027811.csv,symbol,date,value,vdf_original_row_hash,VDF_Global_Commodity|STEEL|2026-02-11|c40c2417ebcd7bbd,True,,37c77c1c05a56833
2,VDF_Global_Commodity,STEEL,2026-02-12,2026.0,3b448f17b94509de,C:\Users\tonyk\Downloads\VeritasIntelligenceAnalytics\dict\VDF\_active\VDF_AKSHARE_KEY_REPAIR_ROOTCAUSE_SMART_REMAP_v027811_20260610_221501\preview\VDF_AkShare_SmartRepairedPreview_v027811.csv,VDF_AkShare_SmartRepairedPreview_v027811.csv,symbol,date,value,vdf_original_row_hash,VDF_Global_Commodity|STEEL|2026-02-12|3b448f17b94509de,True,,d39fcd211e7d87a7
3,VDF_Global_Commodity,STEEL,2026-02-13,2026.0,8684c9acc94b1000,C:\Users\tonyk\Downloads\VeritasIntelligenceAnalytics\dict\VDF\_active\VDF_AKSHARE_KEY_REPAIR_ROOTCAUSE_SMART_REMAP_v027811_20260610_221501\preview\VDF_AkShare_SmartRepairedPreview_v027811.csv,VDF_AkShare_SmartRepairedPreview_v027811.csv,symbol,date,value,vdf_original_row_hash,VDF_Global_Commodity|STEEL|2026-02-13|8684c9acc94b1000,True,,bcd34aae50fed15a
4,VDF_Global_Commodity,STEEL,2026-02-14,2026.0,09f777d25015dc7d,C:\Users\tonyk\Downloads\VeritasIntelligenceAnalytics\dict\VDF\_active\VDF_AKSHARE_KEY_REPAIR_ROOTCAUSE_SMART_REMAP_v027811_20260610_221501\preview\VDF_AkShare_SmartRepairedPreview_v027811.csv,VDF_AkShare_SmartRepairedPreview_v027811.csv,symbol,date,value,vdf_original_row_hash,VDF_Global_Commodity|STEEL|2026-02-14|09f777d25015dc7d,True,,c435b7291207752c
5,VDF_Global_Commodity,STEEL,2026-02-15,2026.0,ca18e72573fe5a0f,C:\Users\tonyk\Downloads\VeritasIntelligenceAnalytics\dict\VDF\_active\VDF_AKSHARE_KEY_REPAIR_ROOTCAUSE_SMART_REMAP_v027811_20260610_221501\preview\VDF_AkShare_SmartRepairedPreview_v027811.csv,VDF_AkShare_SmartRepairedPreview_v027811.csv,symbol,date,value,vdf_original_row_hash,VDF_Global_Commodity|STEEL|2026-02-15|ca18e72573fe5a0f,True,,1a315716c1dda1bf
6,VDF_Global_Commodity,STEEL,2026-02-16,2026.0,0dcea352e5f26e04,C:\Users\tonyk\Downloads\VeritasIntelligenceAnalytics\dict\VDF\_active\VDF_AKSHARE_KEY_REPAIR_ROOTCAUSE_SMART_REMAP_v027811_20260610_221501\preview\VDF_AkShare_SmartRepairedPreview_v027811.csv,VDF_AkShare_SmartRepairedPreview_v027811.csv,symbol,date,value,vdf_original_row_hash,VDF_Global_Commodity|STEEL|2026-02-16|0dcea352e5f26e04,True,,6d5d41a303cf0ab1
7,VDF_Global_Commodity,STEEL,2026-02-17,2026.0,5d472fb1b3e9abab,C:\Users\tonyk\Downloads\VeritasIntelligenceAnalytics\dict\VDF\_active\VDF_AKSHARE_KEY_REPAIR_ROOTCAUSE_SMART_REMAP_v027811_20260610_221501\preview\VDF_AkShare_SmartRepairedPreview_v027811.csv,VDF_AkShare_SmartRepairedPreview_v027811.csv,symbol,date,value,vdf_original_row_hash,VDF_Global_Commodity|STEEL|2026-02-17|5d472fb1b3e9abab,True,,b90dabe2eb171773
8,VDF_Global_Commodity,STEEL,2026-02-18,2026.0,535bf7b6e3430232,C:\Users\tonyk\Downloads\VeritasIntelligenceAnalytics\dict\VDF\_active\VDF_AKSHARE_KEY_REPAIR_ROOTCAUSE_SMART_REMAP_v027811_20260610_221501\preview\VDF_AkShare_SmartRepairedPreview_v027811.csv,VDF_AkShare_SmartRepairedPreview_v027811.csv,symbol,date,value,vdf_original_row_hash,VDF_Global_Commodity|STEEL|2026-02-18|535bf7b6e3430232,True,,0cdfdb23728b79d1
9,VDF_Global_Commodity,STEEL,2026-02-19,2026.0,93ccf2874d3c432f,C:\Users\tonyk\Downloads\VeritasIntelligenceAnalytics\dict\VDF\_active\VDF_AKSHARE_KEY_REPAIR_ROOTCAUSE_SMART_REMAP_v027811_20260610_221501\preview\VDF_AkShare_SmartRepairedPreview_v027811.csv,VDF_AkShare_SmartRepairedPreview_v027811.csv,symbol,date,value,vdf_original_row_hash,VDF_Global_Commodity|STEEL|2026-02-19|93ccf2874d3c432f,True,,bd5ea435c9ba75ec
10,VDF_Global_Commodity,STEEL,2026-02-20,2026.0,a6e5f47f15e1ee98,C:\Users\tonyk\Downloads\VeritasIntelligenceAnalytics\dict\VDF\_active\VDF_AKSHARE_KEY_REPAIR_ROOTCAUSE_SMART_REMAP_v027811_20260610_221501\preview\VDF_AkShare_SmartRepairedPreview_v027811.csv,VDF_AkShare_SmartRepairedPreview_v027811.csv,symbol,date,value,vdf_original_row_hash,VDF_Global_Commodity|STEEL|2026-02-20|a6e5f47f15e1ee98,True,,9e65399d1f60004c
11,VDF_Global_Commodity,STEEL,2026-02-21,2026.0,5cfbb675a90114b7,C:\Users\tonyk\Downloads\VeritasIntelligenceAnalytics\dict\VDF\_active\VDF_AKSHARE_KEY_REPAIR_ROOTCAUSE_SMART_REMAP_v027811_20260610_221501\preview\VDF_AkShare_SmartRepairedPreview_v027811.csv,VDF_AkShare_SmartRepairedPreview_v027811.csv,symbol,date,value,vdf_original_row_hash,VDF_Global_Commodity|STEEL|2026-02-21|5cfbb675a90114b7,True,,cd8174c95b2274a5
12,VDF_Global_Commodity,STEEL,2026-02-22,2026.0,29a946d4ec5fc967,C:\Users\tonyk\Downloads\VeritasIntelligenceAnalytics\dict\VDF\_active\VDF_AKSHARE_KEY_REPAIR_ROOTCAUSE_SMART_REMAP_v027811_20260610_221501\preview\VDF_AkShare_SmartRepairedPreview_v027811.csv,VDF_AkShare_SmartRepairedPreview_v027811.csv,symbol,date,value,vdf_original_row_hash,VDF_Global_Commodity|STEEL|2026-02-22|29a946d4ec5fc967,True,,3a14ca94515c584c
13,VDF_Global_Commodity,STEEL,2026-02-23,2026.0,5a4173ed26210734,C:\Users\tonyk\Downloads\VeritasIntelligenceAnalytics\dict\VDF\_active\VDF_AKSHARE_KEY_REPAIR_ROOTCAUSE_SMART_REMAP_v027811_20260610_221501\preview\VDF_AkShare_SmartRepairedPreview_v027811.csv,VDF_AkShare_SmartRepairedPreview_v027811.csv,symbol,date,value,vdf_original_row_hash,VDF_Global_Commodity|STEEL|2026-02-23|5a4173ed26210734,True,,938f9ea583bd8f3a
14,VDF_Global_Commodity,STEEL,2026-02-24,2026.0,ab0f0604f90466da,C:\Users\tonyk\Downloads\VeritasIntelligenceAnalytics\dict\VDF\_active\VDF_AKSHARE_KEY_REPAIR_ROOTCAUSE_SMART_REMAP_v027811_20260610_221501\preview\VDF_AkShare_SmartRepairedPreview_v027811.csv,VDF_AkShare_SmartRepairedPreview_v027811.csv,symbol,date,value,vdf_original_row_hash,VDF_Global_Commodity|STEEL|2026-02-24|ab0f0604f90466da,True,,66a29482fad9c292
15,VDF_Global_Commodity,STEEL,2026-02-25,2026.0,6f0de1fbd6f8e642,C:\Users\tonyk\Downloads\VeritasIntelligenceAnalytics\dict\VDF\_active\VDF_AKSHARE_KEY_REPAIR_ROOTCAUSE_SMART_REMAP_v027811_20260610_221501\preview\VDF_AkShare_SmartRepairedPreview_v027811.csv,VDF_AkShare_SmartRepairedPreview_v027811.csv,symbol,date,value,vdf_original_row_hash,VDF_Global_Commodity|STEEL|2026-02-25|6f0de1fbd6f8e642,True,,bb764b998f2fb2b6
16,VDF_Global_Commodity,STEEL,2026-02-26,2026.0,4ccc40fde45d0d50,C:\Users\tonyk\Downloads\VeritasIntelligenceAnalytics\dict\VDF\_active\VDF_AKSHARE_KEY_REPAIR_ROOTCAUSE_SMART_REMAP_v027811_20260610_221501\preview\VDF_AkShare_SmartRepairedPreview_v027811.csv,VDF_AkShare_SmartRepairedPreview_v027811.csv,symbol,date,value,vdf_original_row_hash,VDF_Global_Commodity|STEEL|2026-02-26|4ccc40fde45d0d50,True,,c76fdbd2d6aeedcd
17,VDF_Global_Commodity,STEEL,2026-02-27,2026.0,c8d504cadb0d14b0,C:\Users\tonyk\Downloads\VeritasIntelligenceAnalytics\dict\VDF\_active\VDF_AKSHARE_KEY_REPAIR_ROOTCAUSE_SMART_REMAP_v027811_20260610_221501\preview\VDF_AkShare_SmartRepairedPreview_v027811.csv,VDF_AkShare_SmartRepairedPreview_v027811.csv,symbol,date,value,vdf_original_row_hash,VDF_Global_Commodity|STEEL|2026-02-27|c8d504cadb0d14b0,True,,18fe9970208d07f9
18,VDF_Global_Commodity,STEEL,2026-02-28,2026.0,818e7385d2662293,C:\Users\tonyk\Downloads\VeritasIntelligenceAnalytics\dict\VDF\_active\VDF_AKSHARE_KEY_REPAIR_ROOTCAUSE_SMART_REMAP_v027811_20260610_221501\preview\VDF_AkShare_SmartRepairedPreview_v027811.csv,VDF_AkShare_SmartRepairedPreview_v027811.csv,symbol,date,value,vdf_original_row_hash,VDF_Global_Commodity|STEEL|2026-02-28|818e7385d2662293,True,,59f900cc5c18011f
19,VDF_Global_Commodity,STEEL,2026-03-01,2026.0,7eadaffe5daf8a4b,C:\Users\tonyk\Downloads\VeritasIntelligenceAnalytics\dict\VDF\_active\VDF_AKSHARE_KEY_REPAIR_ROOTCAUSE_SMART_REMAP_v027811_20260610_221501\preview\VDF_AkShare_SmartRepairedPreview_v027811.csv,VDF_AkShare_SmartRepairedPreview_v027811.csv,symbol,date,value,vdf_original_row_hash,VDF_Global_Commodity|STEEL|2026-03-01|7eadaffe5daf8a4b,True,,4c5af973fbf6bc52
20,VDF_Global_Commodity,STEEL,2026-03-02,2026.0,2c54d68a43122383,C:\Users\tonyk\Downloads\VeritasIntelligenceAnalytics\dict\VDF\_active\VDF_AKSHARE_KEY_REPAIR_ROOTCAUSE_SMART_REMAP_v027811_20260610_221501\preview\VDF_AkShare_SmartRepairedPreview_v027811.csv,VDF_AkShare_SmartRepairedPreview_v027811.csv,symbol,date,value,vdf_original_row_hash,VDF_Global_Commodity|STEEL|2026-03-02|2c54d68a43122383,True,,fb9eecff8d9abe25
21,VDF_Global_Commodity,STEEL,2026-03-03,2026.0,37cc186309da4a00,C:\Users\tonyk\Downloads\VeritasIntelligenceAnalytics\dict\VDF\_active\VDF_AKSHARE_KEY_REPAIR_ROOTCAUSE_SMART_REMAP_v027811_20260610_221501\preview\VDF_AkShare_SmartRepairedPreview_v027811.csv,VDF_AkShare_SmartRepairedPreview_v027811.csv,symbol,date,value,vdf_original_row_hash,VDF_Global_Commodity|STEEL|2026-03-03|37cc186309da4a00,True,,5f9300e7663016dd
22,VDF_Global_Commodity,STEEL,2026-03-04,2026.0,e78cd7920e51fb44,C:\Users\tonyk\Downloads\VeritasIntelligenceAnalytics\dict\VDF\_active\VDF_AKSHARE_KEY_REPAIR_ROOTCAUSE_SMART_REMAP_v027811_20260610_221501\preview\VDF_AkShare_SmartRepairedPreview_v027811.csv,VDF_AkShare_SmartRepairedPreview_v027811.csv,symbol,date,value,vdf_original_row_hash,VDF_Global_Commodity|STEEL|2026-03-04|e78cd7920e51fb44,True,,09bd72d757716621
23,VDF_Global_Commodity,STEEL,2026-03-05,2026.0,cc271d0008d7b055,C:\Users\tonyk\Downloads\VeritasIntelligenceAnalytics\dict\VDF\_active\VDF_AKSHARE_KEY_REPAIR_ROOTCAUSE_SMART_REMAP_v027811_20260610_221501\preview\VDF_AkShare_SmartRepairedPreview_v027811.csv,VDF_AkShare_SmartRepairedPreview_v027811.csv,symbol,date,value,vdf_original_row_hash,VDF_Global_Commodity|STEEL|2026-03-05|cc271d0008d7b055,True,,574ed589954bedb5
24,VDF_Global_Commodity,STEEL,2026-03-06,2026.0,f3db4b934b23abba,C:\Users\tonyk\Downloads\VeritasIntelligenceAnalytics\dict\VDF\_active\VDF_AKSHARE_KEY_REPAIR_ROOTCAUSE_SMART_REMAP_v027811_20260610_221501\preview\VDF_AkShare_SmartRepairedPreview_v027811.csv,VDF_AkShare_SmartRepairedPreview_v027811.csv,symbol,date,value,vdf_original_row_hash,VDF_Global_Commodity|STEEL|2026-03-06|f3db4b934b23abba,True,,90aa125de25e4370
25,VDF_Global_Commodity,STEEL,2026-03-07,2026.0,9735c7ec5b93b9c9,C:\Users\tonyk\Downloads\VeritasIntelligenceAnalytics\dict\VDF\_active\VDF_AKSHARE_KEY_REPAIR_ROOTCAUSE_SMART_REMAP_v027811_20260610_221501\preview\VDF_AkShare_SmartRepairedPreview_v027811.csv,VDF_AkShare_SmartRepairedPreview_v027811.csv,symbol,date,value,vdf_original_row_hash,VDF_Global_Commodity|STEEL|2026-03-07|9735c7ec5b93b9c9,True,,e0979d3f4997140b
26,VDF_Global_Commodity,STEEL,2026-03-08,2026.0,16163911df5494d9,C:\Users\tonyk\Downloads\VeritasIntelligenceAnalytics\dict\VDF\_active\VDF_AKSHARE_KEY_REPAIR_ROOTCAUSE_SMART_REMAP_v027811_20260610_221501\preview\VDF_AkShare_SmartRepairedPreview_v027811.csv,VDF_AkShare_SmartRepairedPreview_v027811.csv,symbol,date,value,vdf_original_row_hash,VDF_Global_Commodity|STEEL|2026-03-08|16163911df5494d9,True,,bd6f8113ab1b5d25
27,VDF_Global_Commodity,STEEL,2026-03-09,2026.0,9060518e291d820e,C:\Users\tonyk\Downloads\VeritasIntelligenceAnalytics\dict\VDF\_active\VDF_AKSHARE_KEY_REPAIR_ROOTCAUSE_SMART_REMAP_v027811_20260610_221501\preview\VDF_AkShare_SmartRepairedPreview_v027811.csv,VDF_AkShare_SmartRepairedPreview_v027811.csv,symbol,date,value,vdf_original_row_hash,VDF_Global_Commodity|STEEL|2026-03-09|9060518e291d820e,True,,3cfa705a35714f73
28,VDF_Global_Commodity,STEEL,2026-03-10,2026.0,0dc12c7d35aa244d,C:\Users\tonyk\Downloads\VeritasIntelligenceAnalytics\dict\VDF\_active\VDF_AKSHARE_KEY_REPAIR_ROOTCAUSE_SMART_REMAP_v027811_20260610_221501\preview\VDF_AkShare_SmartRepairedPreview_v027811.csv,VDF_AkShare_SmartRepairedPreview_v027811.csv,symbol,date,value,vdf_original_row_hash,VDF_Global_Commodity|STEEL|2026-03-10|0dc12c7d35aa244d,True,,992a0ac0ea40da65
29,VDF_Global_Commodity,STEEL,2026-03-11,2026.0,7d625341a2355380,C:\Users\tonyk\Downloads\VeritasIntelligenceAnalytics\dict\VDF\_active\VDF_AKSHARE_KEY_REPAIR_ROOTCAUSE_SMART_REMAP_v027811_20260610_221501\preview\VDF_AkShare_SmartRepairedPreview_v027811.csv,VDF_AkShare_SmartRepairedPreview_v027811.csv,symbol,date,value,vdf_original_row_hash,VDF_Global_Commodity|STEEL|2026-03-11|7d625341a2355380,True,,f5bc673b70c1b471
30,VDF_Global_Commodity,STEEL,2026-03-12,2026.0,7b8bcd717565f003,C:\Users\tonyk\Downloads\VeritasIntelligenceAnalytics\dict\VDF\_active\VDF_AKSHARE_KEY_REPAIR_ROOTCAUSE_SMART_REMAP_v027811_20260610_221501\preview\VDF_AkShare_SmartRepairedPreview_v027811.csv,VDF_AkShare_SmartRepairedPreview_v027811.csv,symbol,date,value,vdf_original_row_hash,VDF_Global_Commodity|STEEL|2026-03-12|7b8bcd717565f003,True,,093a715f2b5bcf15
31,VDF_Global_Commodity,STEEL,2026-03-13,2026.0,d8158ab27228fcd8,C:\Users\tonyk\Downloads\VeritasIntelligenceAnalytics\dict\VDF\_active\VDF_AKSHARE_KEY_REPAIR_ROOTCAUSE_SMART_REMAP_v027811_20260610_221501\preview\VDF_AkShare_SmartRepairedPreview_v027811.csv,VDF_AkShare_SmartRepairedPreview_v027811.csv,symbol,date,value,vdf_original_row_hash,VDF_Global_Commodity|STEEL|2026-03-13|d8158ab27228fcd8,True,,173be8b5c419f302
32,VDF_Global_Commodity,STEEL,2026-03-14,2026.0,9515ee2246024c2c,C:\Users\tonyk\Downloads\VeritasIntelligenceAnalytics\dict\VDF\_active\VDF_AKSHARE_KEY_REPAIR_ROOTCAUSE_SMART_REMAP_v027811_20260610_221501\preview\VDF_AkShare_SmartRepairedPreview_v027811.csv,VDF_AkShare_SmartRepairedPreview_v027811.csv,symbol,date,value,vdf_original_row_hash,VDF_Global_Commodity|STEEL|2026-03-14|9515ee2246024c2c,True,,c42b429733f03fae
33,VDF_Global_Commodity,STEEL,2026-03-15,2026.0,55637629d191fee0,C:\Users\tonyk\Downloads\VeritasIntelligenceAnalytics\dict\VDF\_active\VDF_AKSHARE_KEY_REPAIR_ROOTCAUSE_SMART_REMAP_v027811_20260610_221501\preview\VDF_AkShare_SmartRepairedPreview_v027811.csv,VDF_AkShare_SmartRepairedPreview_v027811.csv,symbol,date,value,vdf_original_row_hash,VDF_Global_Commodity|STEEL|2026-03-15|55637629d191fee0,True,,05c80f96ff9ca967
34,VDF_Global_Commodity,STEEL,2026-03-16,2026.0,65e78a49600b4b8e,C:\Users\tonyk\Downloads\VeritasIntelligenceAnalytics\dict\VDF\_active\VDF_AKSHARE_KEY_REPAIR_ROOTCAUSE_SMART_REMAP_v027811_20260610_221501\preview\VDF_AkShare_SmartRepairedPreview_v027811.csv,VDF_AkShare_SmartRepairedPreview_v027811.csv,symbol,date,value,vdf_original_row_hash,VDF_Global_Commodity|STEEL|2026-03-16|65e78a49600b4b8e,True,,d26305fffcb5b9cf
35,VDF_Global_Commodity,STEEL,2026-03-17,2026.0,f297d35138322f27,C:\Users\tonyk\Downloads\VeritasIntelligenceAnalytics\dict\VDF\_active\VDF_AKSHARE_KEY_REPAIR_ROOTCAUSE_SMART_REMAP_v027811_20260610_221501\preview\VDF_AkShare_SmartRepairedPreview_v027811.csv,VDF_AkShare_SmartRepairedPreview_v027811.csv,symbol,date,value,vdf_original_row_hash,VDF_Global_Commodity|STEEL|2026-03-17|f297d35138322f27,True,,9d374b0331459b1b
36,VDF_Global_Commodity,STEEL,2026-03-18,2026.0,0a79a3ad51296d62,C:\Users\tonyk\Downloads\VeritasIntelligenceAnalytics\dict\VDF\_active\VDF_AKSHARE_KEY_REPAIR_ROOTCAUSE_SMART_REMAP_v027811_20260610_221501\preview\VDF_AkShare_SmartRepairedPreview_v027811.csv,VDF_AkShare_SmartRepairedPreview_v027811.csv,symbol,date,value,vdf_original_row_hash,VDF_Global_Commodity|STEEL|2026-03-18|0a79a3ad51296d62,True,,be144d1ff46d2597
37,VDF_Global_Commodity,STEEL,2026-03-19,2026.0,504a312dd35f7fe1,C:\Users\tonyk\Downloads\VeritasIntelligenceAnalytics\dict\VDF\_active\VDF_AKSHARE_KEY_REPAIR_ROOTCAUSE_SMART_REMAP_v027811_20260610_221501\preview\VDF_AkShare_SmartRepairedPreview_v027811.csv,VDF_AkShare_SmartRepairedPreview_v027811.csv,symbol,date,value,vdf_original_row_hash,VDF_Global_Commodity|STEEL|2026-03-19|504a312dd35f7fe1,True,,55e9ed3bd060ae37
38,VDF_Global_Commodity,STEEL,2026-03-20,2026.0,29825bdde4c72258,C:\Users\tonyk\Downloads\VeritasIntelligenceAnalytics\dict\VDF\_active\VDF_AKSHARE_KEY_REPAIR_ROOTCAUSE_SMART_REMAP_v027811_20260610_221501\preview\VDF_AkShare_SmartRepairedPreview_v027811.csv,VDF_AkShare_SmartRepairedPreview_v027811.csv,symbol,date,value,vdf_original_row_hash,VDF_Global_Commodity|STEEL|2026-03-20|29825bdde4c72258,True,,487b254ae035a869
39,VDF_Global_Commodity,STEEL,2026-03-21,2026.0,18dee12bdc0d7b13,C:\Users\tonyk\Downloads\VeritasIntelligenceAnalytics\dict\VDF\_active\VDF_AKSHARE_KEY_REPAIR_ROOTCAUSE_SMART_REMAP_v027811_20260610_221501\preview\VDF_AkShare_SmartRepairedPreview_v027811.csv,VDF_AkShare_SmartRepairedPreview_v027811.csv,symbol,date,value,vdf_original_row_hash,VDF_Global_Commodity|STEEL|2026-03-21|18dee12bdc0d7b13,True,,82cabcd6e37372e8
40,VDF_Global_Commodity,STEEL,2026-03-22,2026.0,e23a26fa81f19fd1,C:\Users\tonyk\Downloads\VeritasIntelligenceAnalytics\dict\VDF\_active\VDF_AKSHARE_KEY_REPAIR_ROOTCAUSE_SMART_REMAP_v027811_20260610_221501\preview\VDF_AkShare_SmartRepairedPreview_v027811.csv,VDF_AkShare_SmartRepairedPreview_v027811.csv,symbol,date,value,vdf_original_row_hash,VDF_Global_Commodity|STEEL|2026-03-22|e23a26fa81f19fd1,True,,db5e061619709215
41,VDF_Global_Commodity,STEEL,2026-03-23,2026.0,20767ebf681798b3,C:\Users\tonyk\Downloads\VeritasIntelligenceAnalytics\dict\VDF\_active\VDF_AKSHARE_KEY_REPAIR_ROOTCAUSE_SMART_REMAP_v027811_20260610_221501\preview\VDF_AkShare_SmartRepairedPreview_v027811.csv,VDF_AkShare_SmartRepairedPreview_v027811.csv,symbol,date,value,vdf_original_row_hash,VDF_Global_Commodity|STEEL|2026-03-23|20767ebf681798b3,True,,f28cc84125021ffb
42,VDF_Global_Commodity,STEEL,2026-03-24,2026.0,0dc0dd9f540e1006,C:\Users\tonyk\Downloads\VeritasIntelligenceAnalytics\dict\VDF\_active\VDF_AKSHARE_KEY_REPAIR_ROOTCAUSE_SMART_REMAP_v027811_20260610_221501\preview\VDF_AkShare_SmartRepairedPreview_v027811.csv,VDF_AkShare_SmartRepairedPreview_v027811.csv,symbol,date,value,vdf_original_row_hash,VDF_Global_Commodity|STEEL|2026-03-24|0dc0dd9f540e1006,True,,e5908071c5dcacdf
43,VDF_Global_Commodity,STEEL,2026-03-25,2026.0,aba9ec3be54be9d2,C:\Users\tonyk\Downloads\VeritasIntelligenceAnalytics\dict\VDF\_active\VDF_AKSHARE_KEY_REPAIR_ROOTCAUSE_SMART_REMAP_v027811_20260610_221501\preview\VDF_AkShare_SmartRepairedPreview_v027811.csv,VDF_AkShare_SmartRepairedPreview_v027811.csv,symbol,date,value,vdf_original_row_hash,VDF_Global_Commodity|STEEL|2026-03-25|aba9ec3be54be9d2,True,,29d44d913a388e1a
44,VDF_Global_Commodity,STEEL,2026-03-26,2026.0,0558c7458ebc271e,C:\Users\tonyk\Downloads\VeritasIntelligenceAnalytics\dict\VDF\_active\VDF_AKSHARE_KEY_REPAIR_ROOTCAUSE_SMART_REMAP_v027811_20260610_221501\preview\VDF_AkShare_SmartRepairedPreview_v027811.csv,VDF_AkShare_SmartRepairedPreview_v027811.csv,symbol,date,value,vdf_original_row_hash,VDF_Global_Commodity|STEEL|2026-03-26|0558c7458ebc271e,True,,88b0afca1bb57743
45,VDF_Global_Commodity,STEEL,2026-03-27,2026.0,8f195ae7e1656edb,C:\Users\tonyk\Downloads\VeritasIntelligenceAnalytics\dict\VDF\_active\VDF_AKSHARE_KEY_REPAIR_ROOTCAUSE_SMART_REMAP_v027811_20260610_221501\preview\VDF_AkShare_SmartRepairedPreview_v027811.csv,VDF_AkShare_SmartRepairedPreview_v027811.csv,symbol,date,value,vdf_original_row_hash,VDF_Global_Commodity|STEEL|2026-03-27|8f195ae7e1656edb,True,,820d280044ddf05b
46,VDF_Global_Commodity,STEEL,2026-03-28,2026.0,22f4ae66b6e10323,C:\Users\tonyk\Downloads\VeritasIntelligenceAnalytics\dict\VDF\_active\VDF_AKSHARE_KEY_REPAIR_ROOTCAUSE_SMART_REMAP_v027811_20260610_221501\preview\VDF_AkShare_SmartRepairedPreview_v027811.csv,VDF_AkShare_SmartRepairedPreview_v027811.csv,symbol,date,value,vdf_original_row_hash,VDF_Global_Commodity|STEEL|2026-03-28|22f4ae66b6e10323,True,,51b917f3259353be
47,VDF_Global_Commodity,STEEL,2026-03-29,2026.0,1fbb5c414b48cb93,C:\Users\tonyk\Downloads\VeritasIntelligenceAnalytics\dict\VDF\_active\VDF_AKSHARE_KEY_REPAIR_ROOTCAUSE_SMART_REMAP_v027811_20260610_221501\preview\VDF_AkShare_SmartRepairedPreview_v027811.csv,VDF_AkShare_SmartRepairedPreview_v027811.csv,symbol,date,value,vdf_original_row_hash,VDF_Global_Commodity|STEEL|2026-03-29|1fbb5c414b48cb93,True,,4ddc96113da8db85
48,VDF_Global_Commodity,STEEL,2026-03-30,2026.0,2b1fe75b192afdcb,C:\Users\tonyk\Downloads\VeritasIntelligenceAnalytics\dict\VDF\_active\VDF_AKSHARE_KEY_REPAIR_ROOTCAUSE_SMART_REMAP_v027811_20260610_221501\preview\VDF_AkShare_SmartRepairedPreview_v027811.csv,VDF_AkShare_SmartRepairedPreview_v027811.csv,symbol,date,value,vdf_original_row_hash,VDF_Global_Commodity|STEEL|2026-03-30|2b1fe75b192afdcb,True,,95668907b44d90f5
49,VDF_Global_Commodity,STEEL,2026-03-31,2026.0,16784e29a87f3a4b,C:\Users\tonyk\Downloads\VeritasIntelligenceAnalytics\dict\VDF\_active\VDF_AKSHARE_KEY_REPAIR_ROOTCAUSE_SMART_REMAP_v027811_20260610_221501\preview\VDF_AkShare_SmartRepairedPreview_v027811.csv,VDF_AkShare_SmartRepairedPreview_v027811.csv,symbol,date,value,vdf_original_row_hash,VDF_Global_Commodity|STEEL|2026-03-31|16784e29a87f3a4b,True,,77b2da6231378872
50,VDF_Global_Commodity,STEEL,2026-04-01,2026.0,cf33135c5c7ab500,C:\Users\tonyk\Downloads\VeritasIntelligenceAnalytics\dict\VDF\_active\VDF_AKSHARE_KEY_REPAIR_ROOTCAUSE_SMART_REMAP_v027811_20260610_221501\preview\VDF_AkShare_SmartRepairedPreview_v027811.csv,VDF_AkShare_SmartRepairedPreview_v027811.csv,symbol,date,value,vdf_original_row_hash,VDF_Global_Commodity|STEEL|2026-04-01|cf33135c5c7ab500,True,,f73fee84e735b241
51,VDF_Global_Commodity,STEEL,2026-04-02,2026.0,f925c35ef6aff307,C:\Users\tonyk\Downloads\VeritasIntelligenceAnalytics\dict\VDF\_active\VDF_AKSHARE_KEY_REPAIR_ROOTCAUSE_SMART_REMAP_v027811_20260610_221501\preview\VDF_AkShare_SmartRepairedPreview_v027811.csv,VDF_AkShare_SmartRepairedPreview_v027811.csv,symbol,date,value,vdf_original_row_hash,VDF_Global_Commodity|STEEL|2026-04-02|f925c35ef6aff307,True,,adafb7fe5b669aa1
52,VDF_Global_Commodity,STEEL,2026-04-03,2026.0,39ea2aef5d269449,C:\Users\tonyk\Downloads\VeritasIntelligenceAnalytics\dict\VDF\_active\VDF_AKSHARE_KEY_REPAIR_ROOTCAUSE_SMART_REMAP_v027811_20260610_221501\preview\VDF_AkShare_SmartRepairedPreview_v027811.csv,VDF_AkShare_SmartRepairedPreview_v027811.csv,symbol,date,value,vdf_original_row_hash,VDF_Global_Commodity|STEEL|2026-04-03|39ea2aef5d269449,True,,0aded8325740dfec
53,VDF_Global_Commodity,STEEL,2026-04-04,2026.0,b4508a30ad89a0ae,C:\Users\tonyk\Downloads\VeritasIntelligenceAnalytics\dict\VDF\_active\VDF_AKSHARE_KEY_REPAIR_ROOTCAUSE_SMART_REMAP_v027811_20260610_221501\preview\VDF_AkShare_SmartRepairedPreview_v027811.csv,VDF_AkShare_SmartRepairedPreview_v027811.csv,symbol,date,value,vdf_original_row_hash,VDF_Global_Commodity|STEEL|2026-04-04|b4508a30ad89a0ae,True,,46fda4fd1a99c88d
54,VDF_Global_Commodity,STEEL,2026-04-05,2026.0,535111e4c7f8caf3,C:\Users\tonyk\Downloads\VeritasIntelligenceAnalytics\dict\VDF\_active\VDF_AKSHARE_KEY_REPAIR_ROOTCAUSE_SMART_REMAP_v027811_20260610_221501\preview\VDF_AkShare_SmartRepairedPreview_v027811.csv,VDF_AkShare_SmartRepairedPreview_v027811.csv,symbol,date,value,vdf_original_row_hash,VDF_Global_Commodity|STEEL|2026-04-05|535111e4c7f8caf3,True,,ecf42acb7de3d0d9
55,VDF_Global_Commodity,STEEL,2026-04-06,2026.0,43b935b20ec867ab,C:\Users\tonyk\Downloads\VeritasIntelligenceAnalytics\dict\VDF\_active\VDF_AKSHARE_KEY_REPAIR_ROOTCAUSE_SMART_REMAP_v027811_20260610_221501\preview\VDF_AkShare_SmartRepairedPreview_v027811.csv,VDF_AkShare_SmartRepairedPreview_v027811.csv,symbol,date,value,vdf_original_row_hash,VDF_Global_Commodity|STEEL|2026-04-06|43b935b20ec867ab,True,,e9294b48e115bf03
56,VDF_Global_Commodity,STEEL,2026-04-07,2026.0,9f5fc2cf52c86435,C:\Users\tonyk\Downloads\VeritasIntelligenceAnalytics\dict\VDF\_active\VDF_AKSHARE_KEY_REPAIR_ROOTCAUSE_SMART_REMAP_v027811_20260610_221501\preview\VDF_AkShare_SmartRepairedPreview_v027811.csv,VDF_AkShare_SmartRepairedPreview_v027811.csv,symbol,date,value,vdf_original_row_hash,VDF_Global_Commodity|STEEL|2026-04-07|9f5fc2cf52c86435,True,,50cd40d0d8cde2ab
57,VDF_Global_Commodity,STEEL,2026-04-08,2026.0,f632e2eaede1bb5f,C:\Users\tonyk\Downloads\VeritasIntelligenceAnalytics\dict\VDF\_active\VDF_AKSHARE_KEY_REPAIR_ROOTCAUSE_SMART_REMAP_v027811_20260610_221501\preview\VDF_AkShare_SmartRepairedPreview_v027811.csv,VDF_AkShare_SmartRepairedPreview_v027811.csv,symbol,date,value,vdf_original_row_hash,VDF_Global_Commodity|STEEL|2026-04-08|f632e2eaede1bb5f,True,,a68b5fe0510d8194
58,VDF_Global_Commodity,STEEL,2026-04-09,2026.0,51bc4ad097cb9d24,C:\Users\tonyk\Downloads\VeritasIntelligenceAnalytics\dict\VDF\_active\VDF_AKSHARE_KEY_REPAIR_ROOTCAUSE_SMART_REMAP_v027811_20260610_221501\preview\VDF_AkShare_SmartRepairedPreview_v027811.csv,VDF_AkShare_SmartRepairedPreview_v027811.csv,symbol,date,value,vdf_original_row_hash,VDF_Global_Commodity|STEEL|2026-04-09|51bc4ad097cb9d24,True,,110e8258823ab5b6
59,VDF_Global_Commodity,STEEL,2026-04-10,2026.0,9d11d180293623af,C:\Users\tonyk\Downloads\VeritasIntelligenceAnalytics\dict\VDF\_active\VDF_AKSHARE_KEY_REPAIR_ROOTCAUSE_SMART_REMAP_v027811_20260610_221501\preview\VDF_AkShare_SmartRepairedPreview_v027811.csv,VDF_AkShare_SmartRepairedPreview_v027811.csv,symbol,date,value,vdf_original_row_hash,VDF_Global_Commodity|STEEL|2026-04-10|9d11d180293623af,True,,bc5a9cfc955c6546
60,VDF_Global_Commodity,STEEL,2026-04-11,2026.0,a8380275186e8229,C:\Users\tonyk\Downloads\VeritasIntelligenceAnalytics\dict\VDF\_active\VDF_AKSHARE_KEY_REPAIR_ROOTCAUSE_SMART_REMAP_v027811_20260610_221501\preview\VDF_AkShare_SmartRepairedPreview_v027811.csv,VDF_AkShare_SmartRepairedPreview_v027811.csv,symbol,date,value,vdf_original_row_hash,VDF_Global_Commodity|STEEL|2026-04-11|a8380275186e8229,True,,4dbefd2eaa9b9422
61,VDF_Global_Commodity,STEEL,2026-04-12,2026.0,41bd59213f7741b8,C:\Users\tonyk\Downloads\VeritasIntelligenceAnalytics\dict\VDF\_active\VDF_AKSHARE_KEY_REPAIR_ROOTCAUSE_SMART_REMAP_v027811_20260610_221501\preview\VDF_AkShare_SmartRepairedPreview_v027811.csv,VDF_AkShare_SmartRepairedPreview_v027811.csv,symbol,date,value,vdf_original_row_hash,VDF_Global_Commodity|STEEL|2026-04-12|41bd59213f7741b8,True,,462ae18db1a704f7
62,VDF_Global_Commodity,STEEL,2026-04-13,2026.0,da76094cf64d3b45,C:\Users\tonyk\Downloads\VeritasIntelligenceAnalytics\dict\VDF\_active\VDF_AKSHARE_KEY_REPAIR_ROOTCAUSE_SMART_REMAP_v027811_20260610_221501\preview\VDF_AkShare_SmartRepairedPreview_v027811.csv,VDF_AkShare_SmartRepairedPreview_v027811.csv,symbol,date,value,vdf_original_row_hash,VDF_Global_Commodity|STEEL|2026-04-13|da76094cf64d3b45,True,,b2658573b054ab50
63,VDF_Global_Commodity,STEEL,2026-04-14,2026.0,fcfa21e569e7c3a5,C:\Users\tonyk\Downloads\VeritasIntelligenceAnalytics\dict\VDF\_active\VDF_AKSHARE_KEY_REPAIR_ROOTCAUSE_SMART_REMAP_v027811_20260610_221501\preview\VDF_AkShare_SmartRepairedPreview_v027811.csv,VDF_AkShare_SmartRepairedPreview_v027811.csv,symbol,date,value,vdf_original_row_hash,VDF_Global_Commodity|STEEL|2026-04-14|fcfa21e569e7c3a5,True,,8876b0daa6eafe44
64,VDF_Global_Commodity,STEEL,2026-04-15,2026.0,edfec6429754fa01,C:\Users\tonyk\Downloads\VeritasIntelligenceAnalytics\dict\VDF\_active\VDF_AKSHARE_KEY_REPAIR_ROOTCAUSE_SMART_REMAP_v027811_20260610_221501\preview\VDF_AkShare_SmartRepairedPreview_v027811.csv,VDF_AkShare_SmartRepairedPreview_v027811.csv,symbol,date,value,vdf_original_row_hash,VDF_Global_Commodity|STEEL|2026-04-15|edfec6429754fa01,True,,edc7dc2aba3446b7
65,VDF_Global_Commodity,STEEL,2026-04-16,2026.0,ac042e70ac8b8d69,C:\Users\tonyk\Downloads\VeritasIntelligenceAnalytics\dict\VDF\_active\VDF_AKSHARE_KEY_REPAIR_ROOTCAUSE_SMART_REMAP_v027811_20260610_221501\preview\VDF_AkShare_SmartRepairedPreview_v027811.csv,VDF_AkShare_SmartRepairedPreview_v027811.csv,symbol,date,value,vdf_original_row_hash,VDF_Global_Commodity|STEEL|2026-04-16|ac042e70ac8b8d69,True,,d2b9a2c2d888deb7
66,VDF_Global_Commodity,STEEL,2026-04-17,2026.0,0dbc5e25a9bc6d2c,C:\Users\tonyk\Downloads\VeritasIntelligenceAnalytics\dict\VDF\_active\VDF_AKSHARE_KEY_REPAIR_ROOTCAUSE_SMART_REMAP_v027811_20260610_221501\preview\VDF_AkShare_SmartRepairedPreview_v027811.csv,VDF_AkShare_SmartRepairedPreview_v027811.csv,symbol,date,value,vdf_original_row_hash,VDF_Global_Commodity|STEEL|2026-04-17|0dbc5e25a9bc6d2c,True,,535533ad2068fa92
67,VDF_Global_Commodity,STEEL,2026-04-18,2026.0,27facf1c0a1e1d03,C:\Users\tonyk\Downloads\VeritasIntelligenceAnalytics\dict\VDF\_active\VDF_AKSHARE_KEY_REPAIR_ROOTCAUSE_SMART_REMAP_v027811_20260610_221501\preview\VDF_AkShare_SmartRepairedPreview_v027811.csv,VDF_AkShare_SmartRepairedPreview_v027811.csv,symbol,date,value,vdf_original_row_hash,VDF_Global_Commodity|STEEL|2026-04-18|27facf1c0a1e1d03,True,,fd5488a30701d15a
68,VDF_Global_Commodity,STEEL,2026-04-19,2026.0,ea30de9dd6a37bf9,C:\Users\tonyk\Downloads\VeritasIntelligenceAnalytics\dict\VDF\_active\VDF_AKSHARE_KEY_REPAIR_ROOTCAUSE_SMART_REMAP_v027811_20260610_221501\preview\VDF_AkShare_SmartRepairedPreview_v027811.csv,VDF_AkShare_SmartRepairedPreview_v027811.csv,symbol,date,value,vdf_original_row_hash,VDF_Global_Commodity|STEEL|2026-04-19|ea30de9dd6a37bf9,True,,99eb7c9b6cc35c79
69,VDF_Global_Commodity,STEEL,2026-04-20,2026.0,27933be90d9ebe4a,C:\Users\tonyk\Downloads\VeritasIntelligenceAnalytics\dict\VDF\_active\VDF_AKSHARE_KEY_REPAIR_ROOTCAUSE_SMART_REMAP_v027811_20260610_221501\preview\VDF_AkShare_SmartRepairedPreview_v027811.csv,VDF_AkShare_SmartRepairedPreview_v027811.csv,symbol,date,value,vdf_original_row_hash,VDF_Global_Commodity|STEEL|2026-04-20|27933be90d9ebe4a,True,,a0b33350b9630f1c
70,VDF_Global_Commodity,STEEL,2026-04-21,2026.0,46d92f1ada391788,C:\Users\tonyk\Downloads\VeritasIntelligenceAnalytics\dict\VDF\_active\VDF_AKSHARE_KEY_REPAIR_ROOTCAUSE_SMART_REMAP_v027811_20260610_221501\preview\VDF_AkShare_SmartRepairedPreview_v027811.csv,VDF_AkShare_SmartRepairedPreview_v027811.csv,symbol,date,value,vdf_original_row_hash,VDF_Global_Commodity|STEEL|2026-04-21|46d92f1ada391788,True,,624c9749e8ef10dd
71,VDF_Global_Commodity,STEEL,2026-04-22,2026.0,f91a63abba8cc482,C:\Users\tonyk\Downloads\VeritasIntelligenceAnalytics\dict\VDF\_active\VDF_AKSHARE_KEY_REPAIR_ROOTCAUSE_SMART_REMAP_v027811_20260610_221501\preview\VDF_AkShare_SmartRepairedPreview_v027811.csv,VDF_AkShare_SmartRepairedPreview_v027811.csv,symbol,date,value,vdf_original_row_hash,VDF_Global_Commodity|STEEL|2026-04-22|f91a63abba8cc482,True,,22efbb235ea92135
72,VDF_Global_Commodity,STEEL,2026-04-23,2026.0,d16c5ff1bd674378,C:\Users\tonyk\Downloads\VeritasIntelligenceAnalytics\dict\VDF\_active\VDF_AKSHARE_KEY_REPAIR_ROOTCAUSE_SMART_REMAP_v027811_20260610_221501\preview\VDF_AkShare_SmartRepairedPreview_v027811.csv,VDF_AkShare_SmartRepairedPreview_v027811.csv,symbol,date,value,vdf_original_row_hash,VDF_Global_Commodity|STEEL|2026-04-23|d16c5ff1bd674378,True,,784f7c578ada34f4
73,VDF_Global_Commodity,STEEL,2026-04-24,2026.0,26bc57ad9cbd1f3c,C:\Users\tonyk\Downloads\VeritasIntelligenceAnalytics\dict\VDF\_active\VDF_AKSHARE_KEY_REPAIR_ROOTCAUSE_SMART_REMAP_v027811_20260610_221501\preview\VDF_AkShare_SmartRepairedPreview_v027811.csv,VDF_AkShare_SmartRepairedPreview_v027811.csv,symbol,date,value,vdf_original_row_hash,VDF_Global_Commodity|STEEL|2026-04-24|26bc57ad9cbd1f3c,True,,4af2fb1d2e2aaca1
74,VDF_Global_Commodity,STEEL,2026-04-25,2026.0,de568d4a5dac8ce2,C:\Users\tonyk\Downloads\VeritasIntelligenceAnalytics\dict\VDF\_active\VDF_AKSHARE_KEY_REPAIR_ROOTCAUSE_SMART_REMAP_v027811_20260610_221501\preview\VDF_AkShare_SmartRepairedPreview_v027811.csv,VDF_AkShare_SmartRepairedPreview_v027811.csv,symbol,date,value,vdf_original_row_hash,VDF_Global_Commodity|STEEL|2026-04-25|de568d4a5dac8ce2,True,,30d98904da738ca7
75,VDF_Global_Commodity,STEEL,2026-04-26,2026.0,f5988f66b272629e,C:\Users\tonyk\Downloads\VeritasIntelligenceAnalytics\dict\VDF\_active\VDF_AKSHARE_KEY_REPAIR_ROOTCAUSE_SMART_REMAP_v027811_20260610_221501\preview\VDF_AkShare_SmartRepairedPreview_v027811.csv,VDF_AkShare_SmartRepairedPreview_v027811.csv,symbol,date,value,vdf_original_row_hash,VDF_Global_Commodity|STEEL|2026-04-26|f5988f66b272629e,True,,f4ce55af8f1c2871
76,VDF_Global_Commodity,STEEL,2026-04-27,2026.0,91475892ffe9d810,C:\Users\tonyk\Downloads\VeritasIntelligenceAnalytics\dict\VDF\_active\VDF_AKSHARE_KEY_REPAIR_ROOTCAUSE_SMART_REMAP_v027811_20260610_221501\preview\VDF_AkShare_SmartRepairedPreview_v027811.csv,VDF_AkShare_SmartRepairedPreview_v027811.csv,symbol,date,value,vdf_original_row_hash,VDF_Global_Commodity|STEEL|2026-04-27|91475892ffe9d810,True,,1a7f7b2d857bf1e9
77,VDF_Global_Commodity,STEEL,2026-04-28,2026.0,891e352b8da62a27,C:\Users\tonyk\Downloads\VeritasIntelligenceAnalytics\dict\VDF\_active\VDF_AKSHARE_KEY_REPAIR_ROOTCAUSE_SMART_REMAP_v027811_20260610_221501\preview\VDF_AkShare_SmartRepairedPreview_v027811.csv,VDF_AkShare_SmartRepairedPreview_v027811.csv,symbol,date,value,vdf_original_row_hash,VDF_Global_Commodity|STEEL|2026-04-28|891e352b8da62a27,True,,dae99aa19b06af09
78,VDF_Global_Commodity,STEEL,2026-04-29,2026.0,30304b5d6940e0a4,C:\Users\tonyk\Downloads\VeritasIntelligenceAnalytics\dict\VDF\_active\VDF_AKSHARE_KEY_REPAIR_ROOTCAUSE_SMART_REMAP_v027811_20260610_221501\preview\VDF_AkShare_SmartRepairedPreview_v027811.csv,VDF_AkShare_SmartRepairedPreview_v027811.csv,symbol,date,value,vdf_original_row_hash,VDF_Global_Commodity|STEEL|2026-04-29|30304b5d6940e0a4,True,,8522a5098d72f48b
79,VDF_Global_Commodity,STEEL,2026-04-30,2026.0,51ed4ea967d80607,C:\Users\tonyk\Downloads\VeritasIntelligenceAnalytics\dict\VDF\_active\VDF_AKSHARE_KEY_REPAIR_ROOTCAUSE_SMART_REMAP_v027811_20260610_221501\preview\VDF_AkShare_SmartRepairedPreview_v027811.csv,VDF_AkShare_SmartRepairedPreview_v027811.csv,symbol,date,value,vdf_original_row_hash,VDF_Global_Commodity|STEEL|2026-04-30|51ed4ea967d80607,True,,68f14aba86c99db3
80,VDF_Global_Commodity,STEEL,2026-05-01,2026.0,5788f3c7b6f2f13c,C:\Users\tonyk\Downloads\VeritasIntelligenceAnalytics\dict\VDF\_active\VDF_AKSHARE_KEY_REPAIR_ROOTCAUSE_SMART_REMAP_v027811_20260610_221501\preview\VDF_AkShare_SmartRepairedPreview_v027811.csv,VDF_AkShare_SmartRepairedPreview_v027811.csv,symbol,date,value,vdf_original_row_hash,VDF_Global_Commodity|STEEL|2026-05-01|5788f3c7b6f2f13c,True,,1a451d62cc8bc22a
81,VDF_Global_Commodity,STEEL,2026-05-02,2026.0,d9615ec1503895fc,C:\Users\tonyk\Downloads\VeritasIntelligenceAnalytics\dict\VDF\_active\VDF_AKSHARE_KEY_REPAIR_ROOTCAUSE_SMART_REMAP_v027811_20260610_221501\preview\VDF_AkShare_SmartRepairedPreview_v027811.csv,VDF_AkShare_SmartRepairedPreview_v027811.csv,symbol,date,value,vdf_original_row_hash,VDF_Global_Commodity|STEEL|2026-05-02|d9615ec1503895fc,True,,8faac9e688f66851
82,VDF_Global_Commodity,STEEL,2026-05-03,2026.0,5fea67218864f25a,C:\Users\tonyk\Downloads\VeritasIntelligenceAnalytics\dict\VDF\_active\VDF_AKSHARE_KEY_REPAIR_ROOTCAUSE_SMART_REMAP_v027811_20260610_221501\preview\VDF_AkShare_SmartRepairedPreview_v027811.csv,VDF_AkShare_SmartRepairedPreview_v027811.csv,symbol,date,value,vdf_original_row_hash,VDF_Global_Commodity|STEEL|2026-05-03|5fea67218864f25a,True,,6d0bbbcb8133a6cc
83,VDF_Global_Commodity,STEEL,2026-05-04,2026.0,94c5e739c0423990,C:\Users\tonyk\Downloads\VeritasIntelligenceAnalytics\dict\VDF\_active\VDF_AKSHARE_KEY_REPAIR_ROOTCAUSE_SMART_REMAP_v027811_20260610_221501\preview\VDF_AkShare_SmartRepairedPreview_v027811.csv,VDF_AkShare_SmartRepairedPreview_v027811.csv,symbol,date,value,vdf_original_row_hash,VDF_Global_Commodity|STEEL|2026-05-04|94c5e739c0423990,True,,cf48d00b87b22c0c
84,VDF_Global_Commodity,STEEL,2026-05-05,2026.0,3a7550f068ef5492,C:\Users\tonyk\Downloads\VeritasIntelligenceAnalytics\dict\VDF\_active\VDF_AKSHARE_KEY_REPAIR_ROOTCAUSE_SMART_REMAP_v027811_20260610_221501\preview\VDF_AkShare_SmartRepairedPreview_v027811.csv,VDF_AkShare_SmartRepairedPreview_v027811.csv,symbol,date,value,vdf_original_row_hash,VDF_Global_Commodity|STEEL|2026-05-05|3a7550f068ef5492,True,,3a76752430a7a678
85,VDF_Global_Commodity,STEEL,2026-05-06,2026.0,46671818c77893a3,C:\Users\tonyk\Downloads\VeritasIntelligenceAnalytics\dict\VDF\_active\VDF_AKSHARE_KEY_REPAIR_ROOTCAUSE_SMART_REMAP_v027811_20260610_221501\preview\VDF_AkShare_SmartRepairedPreview_v027811.csv,VDF_AkShare_SmartRepairedPreview_v027811.csv,symbol,date,value,vdf_original_row_hash,VDF_Global_Commodity|STEEL|2026-05-06|46671818c77893a3,True,,a3e4093145d983c5
86,VDF_Global_Commodity,STEEL,2026-05-07,2026.0,84d7630c6f8767a6,C:\Users\tonyk\Downloads\VeritasIntelligenceAnalytics\dict\VDF\_active\VDF_AKSHARE_KEY_REPAIR_ROOTCAUSE_SMART_REMAP_v027811_20260610_221501\preview\VDF_AkShare_SmartRepairedPreview_v027811.csv,VDF_AkShare_SmartRepairedPreview_v027811.csv,symbol,date,value,vdf_original_row_hash,VDF_Global_Commodity|STEEL|2026-05-07|84d7630c6f8767a6,True,,c5c3ff53f901e45b
87,VDF_Global_Commodity,STEEL,2026-05-08,2026.0,647c9578f60e4982,C:\Users\tonyk\Downloads\VeritasIntelligenceAnalytics\dict\VDF\_active\VDF_AKSHARE_KEY_REPAIR_ROOTCAUSE_SMART_REMAP_v027811_20260610_221501\preview\VDF_AkShare_SmartRepairedPreview_v027811.csv,VDF_AkShare_SmartRepairedPreview_v027811.csv,symbol,date,value,vdf_original_row_hash,VDF_Global_Commodity|STEEL|2026-05-08|647c9578f60e4982,True,,20c95a7d4260ad8d
88,VDF_Global_Commodity,STEEL,2026-05-09,2026.0,4d725fc1c1b4b54e,C:\Users\tonyk\Downloads\VeritasIntelligenceAnalytics\dict\VDF\_active\VDF_AKSHARE_KEY_REPAIR_ROOTCAUSE_SMART_REMAP_v027811_20260610_221501\preview\VDF_AkShare_SmartRepairedPreview_v027811.csv,VDF_AkShare_SmartRepairedPreview_v027811.csv,symbol,date,value,vdf_original_row_hash,VDF_Global_Commodity|STEEL|2026-05-09|4d725fc1c1b4b54e,True,,fb54731a2c762d4b
89,VDF_Global_Commodity,STEEL,2026-05-10,2026.0,d9111cc55c60a669,C:\Users\tonyk\Downloads\VeritasIntelligenceAnalytics\dict\VDF\_active\VDF_AKSHARE_KEY_REPAIR_ROOTCAUSE_SMART_REMAP_v027811_20260610_221501\preview\VDF_AkShare_SmartRepairedPreview_v027811.csv,VDF_AkShare_SmartRepairedPreview_v027811.csv,symbol,date,value,vdf_original_row_hash,VDF_Global_Commodity|STEEL|2026-05-10|d9111cc55c60a669,True,,e26506affbe779af
90,VDF_Global_Commodity,STEEL,2026-05-11,2026.0,3fa543a12d9a8639,C:\Users\tonyk\Downloads\VeritasIntelligenceAnalytics\dict\VDF\_active\VDF_AKSHARE_KEY_REPAIR_ROOTCAUSE_SMART_REMAP_v027811_20260610_221501\preview\VDF_AkShare_SmartRepairedPreview_v027811.csv,VDF_AkShare_SmartRepairedPreview_v027811.csv,symbol,date,value,vdf_original_row_hash,VDF_Global_Commodity|STEEL|2026-05-11|3fa543a12d9a8639,True,,d6efb17ce5eb014a
91,VDF_Global_Commodity,STEEL,2026-05-12,2026.0,30bed848daa09b96,C:\Users\tonyk\Downloads\VeritasIntelligenceAnalytics\dict\VDF\_active\VDF_AKSHARE_KEY_REPAIR_ROOTCAUSE_SMART_REMAP_v027811_20260610_221501\preview\VDF_AkShare_SmartRepairedPreview_v027811.csv,VDF_AkShare_SmartRepairedPreview_v027811.csv,symbol,date,value,vdf_original_row_hash,VDF_Global_Commodity|STEEL|2026-05-12|30bed848daa09b96,True,,49755dba4a90307f
92,VDF_Global_Commodity,STEEL,2026-05-13,2026.0,a9ff9b19c708de0a,C:\Users\tonyk\Downloads\VeritasIntelligenceAnalytics\dict\VDF\_active\VDF_AKSHARE_KEY_REPAIR_ROOTCAUSE_SMART_REMAP_v027811_20260610_221501\preview\VDF_AkShare_SmartRepairedPreview_v027811.csv,VDF_AkShare_SmartRepairedPreview_v027811.csv,symbol,date,value,vdf_original_row_hash,VDF_Global_Commodity|STEEL|2026-05-13|a9ff9b19c708de0a,True,,4b30dfb66e629ef1
93,VDF_Global_Commodity,STEEL,2026-05-14,2026.0,b16a301dee35ed47,C:\Users\tonyk\Downloads\VeritasIntelligenceAnalytics\dict\VDF\_active\VDF_AKSHARE_KEY_REPAIR_ROOTCAUSE_SMART_REMAP_v027811_20260610_221501\preview\VDF_AkShare_SmartRepairedPreview_v027811.csv,VDF_AkShare_SmartRepairedPreview_v027811.csv,symbol,date,value,vdf_original_row_hash,VDF_Global_Commodity|STEEL|2026-05-14|b16a301dee35ed47,True,,bcb8e217c748345c
94,VDF_Global_Commodity,STEEL,2026-05-15,2026.0,a585105d016aa2de,C:\Users\tonyk\Downloads\VeritasIntelligenceAnalytics\dict\VDF\_active\VDF_AKSHARE_KEY_REPAIR_ROOTCAUSE_SMART_REMAP_v027811_20260610_221501\preview\VDF_AkShare_SmartRepairedPreview_v027811.csv,VDF_AkShare_SmartRepairedPreview_v027811.csv,symbol,date,value,vdf_original_row_hash,VDF_Global_Commodity|STEEL|2026-05-15|a585105d016aa2de,True,,8c082db0fb576e08
95,VDF_Global_Commodity,STEEL,2026-05-16,2026.0,104addbe1f270dec,C:\Users\tonyk\Downloads\VeritasIntelligenceAnalytics\dict\VDF\_active\VDF_AKSHARE_KEY_REPAIR_ROOTCAUSE_SMART_REMAP_v027811_20260610_221501\preview\VDF_AkShare_SmartRepairedPreview_v027811.csv,VDF_AkShare_SmartRepairedPreview_v027811.csv,symbol,date,value,vdf_original_row_hash,VDF_Global_Commodity|STEEL|2026-05-16|104addbe1f270dec,True,,b146ee77f7431cd6
96,VDF_Global_Commodity,STEEL,2026-05-17,2026.0,d4e02c8ad0b90374,C:\Users\tonyk\Downloads\VeritasIntelligenceAnalytics\dict\VDF\_active\VDF_AKSHARE_KEY_REPAIR_ROOTCAUSE_SMART_REMAP_v027811_20260610_221501\preview\VDF_AkShare_SmartRepairedPreview_v027811.csv,VDF_AkShare_SmartRepairedPreview_v027811.csv,symbol,date,value,vdf_original_row_hash,VDF_Global_Commodity|STEEL|2026-05-17|d4e02c8ad0b90374,True,,f8ecf4337acac930
97,VDF_Global_Commodity,STEEL,2026-05-18,2026.0,fefcd372d469ffda,C:\Users\tonyk\Downloads\VeritasIntelligenceAnalytics\dict\VDF\_active\VDF_AKSHARE_KEY_REPAIR_ROOTCAUSE_SMART_REMAP_v027811_20260610_221501\preview\VDF_AkShare_SmartRepairedPreview_v027811.csv,VDF_AkShare_SmartRepairedPreview_v027811.csv,symbol,date,value,vdf_original_row_hash,VDF_Global_Commodity|STEEL|2026-05-18|fefcd372d469ffda,True,,64a8726f4912f744
98,VDF_Global_Commodity,STEEL,2026-05-19,2026.0,a150ab7061c116e0,C:\Users\tonyk\Downloads\VeritasIntelligenceAnalytics\dict\VDF\_active\VDF_AKSHARE_KEY_REPAIR_ROOTCAUSE_SMART_REMAP_v027811_20260610_221501\preview\VDF_AkShare_SmartRepairedPreview_v027811.csv,VDF_AkShare_SmartRepairedPreview_v027811.csv,symbol,date,value,vdf_original_row_hash,VDF_Global_Commodity|STEEL|2026-05-19|a150ab7061c116e0,True,,6c1ca655a3ff35d0
99,VDF_Global_Commodity,STEEL,2026-05-20,2026.0,716b95c92338a230,C:\Users\tonyk\Downloads\VeritasIntelligenceAnalytics\dict\VDF\_active\VDF_AKSHARE_KEY_REPAIR_ROOTCAUSE_SMART_REMAP_v027811_20260610_221501\preview\VDF_AkShare_SmartRepairedPreview_v027811.csv,VDF_AkShare_SmartRepairedPreview_v027811.csv,symbol,date,value,vdf_original_row_hash,VDF_Global_Commodity|STEEL|2026-05-20|716b95c92338a230,True,,d61c1d446052ac60
100,VDF_Global_Commodity,STEEL,2026-05-21,2026.0,726656cb1305f67e,C:\Users\tonyk\Downloads\VeritasIntelligenceAnalytics\dict\VDF\_active\VDF_AKSHARE_KEY_REPAIR_ROOTCAUSE_SMART_REMAP_v027811_20260610_221501\preview\VDF_AkShare_SmartRepairedPreview_v027811.csv,VDF_AkShare_SmartRepairedPreview_v027811.csv,symbol,date,value,vdf_original_row_hash,VDF_Global_Commodity|STEEL|2026-05-21|726656cb1305f67e,True,,8e23227c23349c0e
101,VDF_Global_Commodity,STEEL,2026-05-22,2026.0,516070d60627a41e,C:\Users\tonyk\Downloads\VeritasIntelligenceAnalytics\dict\VDF\_active\VDF_AKSHARE_KEY_REPAIR_ROOTCAUSE_SMART_REMAP_v027811_20260610_221501\preview\VDF_AkShare_SmartRepairedPreview_v027811.csv,VDF_AkShare_SmartRepairedPreview_v027811.csv,symbol,date,value,vdf_original_row_hash,VDF_Global_Commodity|STEEL|2026-05-22|516070d60627a41e,True,,6f549777f4be6bce
102,VDF_Global_Commodity,STEEL,2026-05-23,2026.0,170ea7960b94ee13,C:\Users\tonyk\Downloads\VeritasIntelligenceAnalytics\dict\VDF\_active\VDF_AKSHARE_KEY_REPAIR_ROOTCAUSE_SMART_REMAP_v027811_20260610_221501\preview\VDF_AkShare_SmartRepairedPreview_v027811.csv,VDF_AkShare_SmartRepairedPreview_v027811.csv,symbol,date,value,vdf_original_row_hash,VDF_Global_Commodity|STEEL|2026-05-23|170ea7960b94ee13,True,,cd03c682df950592
103,VDF_Global_Commodity,STEEL,2026-05-24,2026.0,90512da68dddf876,C:\Users\tonyk\Downloads\VeritasIntelligenceAnalytics\dict\VDF\_active\VDF_AKSHARE_KEY_REPAIR_ROOTCAUSE_SMART_REMAP_v027811_20260610_221501\preview\VDF_AkShare_SmartRepairedPreview_v027811.csv,VDF_AkShare_SmartRepairedPreview_v027811.csv,symbol,date,value,vdf_original_row_hash,VDF_Global_Commodity|STEEL|2026-05-24|90512da68dddf876,True,,f376f9e923ccfd6a
104,VDF_Global_Commodity,STEEL,2026-05-25,2026.0,a8b621f447f59f53,C:\Users\tonyk\Downloads\VeritasIntelligenceAnalytics\dict\VDF\_active\VDF_AKSHARE_KEY_REPAIR_ROOTCAUSE_SMART_REMAP_v027811_20260610_221501\preview\VDF_AkShare_SmartRepairedPreview_v027811.csv,VDF_AkShare_SmartRepairedPreview_v027811.csv,symbol,date,value,vdf_original_row_hash,VDF_Global_Commodity|STEEL|2026-05-25|a8b621f447f59f53,True,,e5f806dafb8f8c0a
105,VDF_Global_Commodity,STEEL,2026-05-26,2026.0,9b6451e7a5a53779,C:\Users\tonyk\Downloads\VeritasIntelligenceAnalytics\dict\VDF\_active\VDF_AKSHARE_KEY_REPAIR_ROOTCAUSE_SMART_REMAP_v027811_20260610_221501\preview\VDF_AkShare_SmartRepairedPreview_v027811.csv,VDF_AkShare_SmartRepairedPreview_v027811.csv,symbol,date,value,vdf_original_row_hash,VDF_Global_Commodity|STEEL|2026-05-26|9b6451e7a5a53779,True,,e8632e8bbf2f46c9
106,VDF_Global_Commodity,STEEL,2026-05-27,2026.0,bd41869305419303,C:\Users\tonyk\Downloads\VeritasIntelligenceAnalytics\dict\VDF\_active\VDF_AKSHARE_KEY_REPAIR_ROOTCAUSE_SMART_REMAP_v027811_20260610_221501\preview\VDF_AkShare_SmartRepairedPreview_v027811.csv,VDF_AkShare_SmartRepairedPreview_v027811.csv,symbol,date,value,vdf_original_row_hash,VDF_Global_Commodity|STEEL|2026-05-27|bd41869305419303,True,,e7c6c745e259415b
107,VDF_Global_Commodity,STEEL,2026-05-28,2026.0,3e56ab0ce2afa61d,C:\Users\tonyk\Downloads\VeritasIntelligenceAnalytics\dict\VDF\_active\VDF_AKSHARE_KEY_REPAIR_ROOTCAUSE_SMART_REMAP_v027811_20260610_221501\preview\VDF_AkShare_SmartRepairedPreview_v027811.csv,VDF_AkShare_SmartRepairedPreview_v027811.csv,symbol,date,value,vdf_original_row_hash,VDF_Global_Commodity|STEEL|2026-05-28|3e56ab0ce2afa61d,True,,f4e3a877208d794f
108,VDF_Global_Commodity,STEEL,2026-05-29,2026.0,40e8296c0ed61094,C:\Users\tonyk\Downloads\VeritasIntelligenceAnalytics\dict\VDF\_active\VDF_AKSHARE_KEY_REPAIR_ROOTCAUSE_SMART_REMAP_v027811_20260610_221501\preview\VDF_AkShare_SmartRepairedPreview_v027811.csv,VDF_AkShare_SmartRepairedPreview_v027811.csv,symbol,date,value,vdf_original_row_hash,VDF_Global_Commodity|STEEL|2026-05-29|40e8296c0ed61094,True,,0f22c186ebdf37b3
109,VDF_Global_Commodity,STEEL,2026-05-30,2026.0,e53d73801e8f4112,C:\Users\tonyk\Downloads\VeritasIntelligenceAnalytics\dict\VDF\_active\VDF_AKSHARE_KEY_REPAIR_ROOTCAUSE_SMART_REMAP_v027811_20260610_221501\preview\VDF_AkShare_SmartRepairedPreview_v027811.csv,VDF_AkShare_SmartRepairedPreview_v027811.csv,symbol,date,value,vdf_original_row_hash,VDF_Global_Commodity|STEEL|2026-05-30|e53d73801e8f4112,True,,774e16f415ed3e6b
110,VDF_Global_Commodity,STEEL,2026-05-31,2026.0,fef82514d2108ea1,C:\Users\tonyk\Downloads\VeritasIntelligenceAnalytics\dict\VDF\_active\VDF_AKSHARE_KEY_REPAIR_ROOTCAUSE_SMART_REMAP_v027811_20260610_221501\preview\VDF_AkShare_SmartRepairedPreview_v027811.csv,VDF_AkShare_SmartRepairedPreview_v027811.csv,symbol,date,value,vdf_original_row_hash,VDF_Global_Commodity|STEEL|2026-05-31|fef82514d2108ea1,True,,124e99a101699094
111,VDF_Global_Commodity,STEEL,2026-06-01,2026.0,518388a4bd633bdf,C:\Users\tonyk\Downloads\VeritasIntelligenceAnalytics\dict\VDF\_active\VDF_AKSHARE_KEY_REPAIR_ROOTCAUSE_SMART_REMAP_v027811_20260610_221501\preview\VDF_AkShare_SmartRepairedPreview_v027811.csv,VDF_AkShare_SmartRepairedPreview_v027811.csv,symbol,date,value,vdf_original_row_hash,VDF_Global_Commodity|STEEL|2026-06-01|518388a4bd633bdf,True,,e0a8b78fc35a0d82
112,VDF_Global_Commodity,STEEL,2026-06-02,2026.0,56d9bd37d5c6d037,C:\Users\tonyk\Downloads\VeritasIntelligenceAnalytics\dict\VDF\_active\VDF_AKSHARE_KEY_REPAIR_ROOTCAUSE_SMART_REMAP_v027811_20260610_221501\preview\VDF_AkShare_SmartRepairedPreview_v027811.csv,VDF_AkShare_SmartRepairedPreview_v027811.csv,symbol,date,value,vdf_original_row_hash,VDF_Global_Commodity|STEEL|2026-06-02|56d9bd37d5c6d037,True,,01f91f86b461f03d
113,VDF_Global_Commodity,STEEL,2026-06-03,2026.0,348f2d77d1f984b6,C:\Users\tonyk\Downloads\VeritasIntelligenceAnalytics\dict\VDF\_active\VDF_AKSHARE_KEY_REPAIR_ROOTCAUSE_SMART_REMAP_v027811_20260610_221501\preview\VDF_AkShare_SmartRepairedPreview_v027811.csv,VDF_AkShare_SmartRepairedPreview_v027811.csv,symbol,date,value,vdf_original_row_hash,VDF_Global_Commodity|STEEL|2026-06-03|348f2d77d1f984b6,True,,25a51275030f0f1d
114,VDF_Global_Commodity,STEEL,2026-06-04,2026.0,effbe9b4a4e02568,C:\Users\tonyk\Downloads\VeritasIntelligenceAnalytics\dict\VDF\_active\VDF_AKSHARE_KEY_REPAIR_ROOTCAUSE_SMART_REMAP_v027811_20260610_221501\preview\VDF_AkShare_SmartRepairedPreview_v027811.csv,VDF_AkShare_SmartRepairedPreview_v027811.csv,symbol,date,value,vdf_original_row_hash,VDF_Global_Commodity|STEEL|2026-06-04|effbe9b4a4e02568,True,,9530454bc1f0ed5d
115,VDF_Global_Commodity,STEEL,2026-06-05,2026.0,e5968e77e8c85060,C:\Users\tonyk\Downloads\VeritasIntelligenceAnalytics\dict\VDF\_active\VDF_AKSHARE_KEY_REPAIR_ROOTCAUSE_SMART_REMAP_v027811_20260610_221501\preview\VDF_AkShare_SmartRepairedPreview_v027811.csv,VDF_AkShare_SmartRepairedPreview_v027811.csv,symbol,date,value,vdf_original_row_hash,VDF_Global_Commodity|STEEL|2026-06-05|e5968e77e8c85060,True,,69fb2a4f3e494682
116,VDF_Global_Commodity,STEEL,2026-06-06,2026.0,751374545aa7d59f,C:\Users\tonyk\Downloads\VeritasIntelligenceAnalytics\dict\VDF\_active\VDF_AKSHARE_KEY_REPAIR_ROOTCAUSE_SMART_REMAP_v027811_20260610_221501\preview\VDF_AkShare_SmartRepairedPreview_v027811.csv,VDF_AkShare_SmartRepairedPreview_v027811.csv,symbol,date,value,vdf_original_row_hash,VDF_Global_Commodity|STEEL|2026-06-06|751374545aa7d59f,True,,45587cacbbbf77a5
117,VDF_Global_Commodity,STEEL,2026-06-07,2026.0,2e28489319df7bab,C:\Users\tonyk\Downloads\VeritasIntelligenceAnalytics\dict\VDF\_active\VDF_AKSHARE_KEY_REPAIR_ROOTCAUSE_SMART_REMAP_v027811_20260610_221501\preview\VDF_AkShare_SmartRepairedPreview_v027811.csv,VDF_AkShare_SmartRepairedPreview_v027811.csv,symbol,date,value,vdf_original_row_hash,VDF_Global_Commodity|STEEL|2026-06-07|2e28489319df7bab,True,,f0f56a54aed32aac
118,VDF_Global_Commodity,STEEL,2026-06-08,2026.0,587050c546c2fc6f,C:\Users\tonyk\Downloads\VeritasIntelligenceAnalytics\dict\VDF\_active\VDF_AKSHARE_KEY_REPAIR_ROOTCAUSE_SMART_REMAP_v027811_20260610_221501\preview\VDF_AkShare_SmartRepairedPreview_v027811.csv,VDF_AkShare_SmartRepairedPreview_v027811.csv,symbol,date,value,vdf_original_row_hash,VDF_Global_Commodity|STEEL|2026-06-08|587050c546c2fc6f,True,,571d88ddb36b846b
119,VDF_Global_Commodity,STEEL,2026-06-09,2026.0,dbe71981a6e3cd04,C:\Users\tonyk\Downloads\VeritasIntelligenceAnalytics\dict\VDF\_active\VDF_AKSHARE_KEY_REPAIR_ROOTCAUSE_SMART_REMAP_v027811_20260610_221501\preview\VDF_AkShare_SmartRepairedPreview_v027811.csv,VDF_AkShare_SmartRepairedPreview_v027811.csv,symbol,date,value,vdf_original_row_hash,VDF_Global_Commodity|STEEL|2026-06-09|dbe71981a6e3cd04,True,,6c8115faef987b70
120,VDF_Global_Commodity,STEEL,2026-06-10,2026.0,284322b2697ecb17,C:\Users\tonyk\Downloads\VeritasIntelligenceAnalytics\dict\VDF\_active\VDF_AKSHARE_KEY_REPAIR_ROOTCAUSE_SMART_REMAP_v027811_20260610_221501\preview\VDF_AkShare_SmartRepairedPreview_v027811.csv,VDF_AkShare_SmartRepairedPreview_v027811.csv,symbol,date,value,vdf_original_row_hash,VDF_Global_Commodity|STEEL|2026-06-10|284322b2697ecb17,True,,27b4bd5b57ceb9bb
121,VDF_Global_Commodity,COMMODITY_FUTURES,2026-06-10,,8ed97111ad0a8683,C:\Users\tonyk\Downloads\VeritasIntelligenceAnalytics\dict\VDF\_active\VDF_AKSHARE_KEY_REPAIR_ROOTCAUSE_SMART_REMAP_v027811_20260610_221501\preview\VDF_AkShare_SmartRepairedPreview_v027811.csv,VDF_AkShare_SmartRepairedPreview_v027811.csv,symbol,date,value,vdf_original_row_hash,VDF_Global_Commodity|COMMODITY_FUTURES|2026-06-10|8ed97111ad0a8683,False,value_blank_or_non_numeric,c3c749a85e1b7f56
122,VDF_Global_Commodity,COMMODITY_FUTURES,2026-06-10,,b6c324f1982f4025,C:\Users\tonyk\Downloads\VeritasIntelligenceAnalytics\dict\VDF\_active\VDF_AKSHARE_KEY_REPAIR_ROOTCAUSE_SMART_REMAP_v027811_20260610_221501\preview\VDF_AkShare_SmartRepairedPreview_v027811.csv,VDF_AkShare_SmartRepairedPreview_v027811.csv,symbol,date,value,vdf_original_row_hash,VDF_Global_Commodity|COMMODITY_FUTURES|2026-06-10|b6c324f1982f4025,False,value_blank_or_non_numeric,0916891cb31041b7
123,VDF_Global_Commodity,COMMODITY_FUTURES,2026-06-10,3.0,57eb5cd28b5ac54e,C:\Users\tonyk\Downloads\VeritasIntelligenceAnalytics\dict\VDF\_active\VDF_AKSHARE_KEY_REPAIR_ROOTCAUSE_SMART_REMAP_v027811_20260610_221501\preview\VDF_AkShare_SmartRepairedPreview_v027811.csv,VDF_AkShare_SmartRepairedPreview_v027811.csv,symbol,date,value,vdf_original_row_hash,VDF_Global_Commodity|COMMODITY_FUTURES|2026-06-10|57eb5cd28b5ac54e,True,,83d1656327f2b664
124,VDF_Global_Commodity,COMMODITY_FUTURES,2026-06-10,,a6f7896282f27654,C:\Users\tonyk\Downloads\VeritasIntelligenceAnalytics\dict\VDF\_active\VDF_AKSHARE_KEY_REPAIR_ROOTCAUSE_SMART_REMAP_v027811_20260610_221501\preview\VDF_AkShare_SmartRepairedPreview_v027811.csv,VDF_AkShare_SmartRepairedPreview_v027811.csv,symbol,date,value,vdf_original_row_hash,VDF_Global_Commodity|COMMODITY_FUTURES|2026-06-10|a6f7896282f27654,False,value_blank_or_non_numeric,193fe0a3ed0dc812
125,VDF_Global_Commodity,COMMODITY_FUTURES,2026-06-10,,8881531c4db276fc,C:\Users\tonyk\Downloads\VeritasIntelligenceAnalytics\dict\VDF\_active\VDF_AKSHARE_KEY_REPAIR_ROOTCAUSE_SMART_REMAP_v027811_20260610_221501\preview\VDF_AkShare_SmartRepairedPreview_v027811.csv,VDF_AkShare_SmartRepairedPreview_v027811.csv,symbol,date,value,vdf_original_row_hash,VDF_Global_Commodity|COMMODITY_FUTURES|2026-06-10|8881531c4db276fc,False,value_blank_or_non_numeric,0fcc346df890ac43
126,VDF_Global_Commodity,COMMODITY_FUTURES,2026-06-10,,87b1ad27576725bf,C:\Users\tonyk\Downloads\VeritasIntelligenceAnalytics\dict\VDF\_active\VDF_AKSHARE_KEY_REPAIR_ROOTCAUSE_SMART_REMAP_v027811_20260610_221501\preview\VDF_AkShare_SmartRepairedPreview_v027811.csv,VDF_AkShare_SmartRepairedPreview_v027811.csv,symbol,date,value,vdf_original_row_hash,VDF_Global_Commodity|COMMODITY_FUTURES|2026-06-10|87b1ad27576725bf,False,value_blank_or_non_numeric,e0c5d4c77038719d
127,VDF_Global_Commodity,COMMODITY_FUTURES,2026-06-10,,b0e761cec4a31790,C:\Users\tonyk\Downloads\VeritasIntelligenceAnalytics\dict\VDF\_active\VDF_AKSHARE_KEY_REPAIR_ROOTCAUSE_SMART_REMAP_v027811_20260610_221501\preview\VDF_AkShare_SmartRepairedPreview_v027811.csv,VDF_AkShare_SmartRepairedPreview_v027811.csv,symbol,date,value,vdf_original_row_hash,VDF_Global_Commodity|COMMODITY_FUTURES|2026-06-10|b0e761cec4a31790,False,value_blank_or_non_numeric,947bdd047b1d420c
128,VDF_Global_Commodity,COMMODITY_FUTURES,2026-06-10,,e4c42bf85705583b,C:\Users\tonyk\Downloads\VeritasIntelligenceAnalytics\dict\VDF\_active\VDF_AKSHARE_KEY_REPAIR_ROOTCAUSE_SMART_REMAP_v027811_20260610_221501\preview\VDF_AkShare_SmartRepairedPreview_v027811.csv,VDF_AkShare_SmartRepairedPreview_v027811.csv,symbol,date,value,vdf_original_row_hash,VDF_Global_Commodity|COMMODITY_FUTURES|2026-06-10|e4c42bf85705583b,False,value_blank_or_non_numeric,d2e5553a860ee43c
129,VDF_Global_Commodity,COMMODITY_FUTURES,2026-06-10,,abd3206346ff4d85,C:\Users\tonyk\Downloads\VeritasIntelligenceAnalytics\dict\VDF\_active\VDF_AKSHARE_KEY_REPAIR_ROOTCAUSE_SMART_REMAP_v027811_20260610_221501\preview\VDF_AkShare_SmartRepairedPreview_v027811.csv,VDF_AkShare_SmartRepairedPreview_v027811.csv,symbol,date,value,vdf_original_row_hash,VDF_Global_Commodity|COMMODITY_FUTURES|2026-06-10|abd3206346ff4d85,False,value_blank_or_non_numeric,b806bebec6fabf0e
130,VDF_Global_Commodity,COMMODITY_FUTURES,2026-06-10,,34e6a213b7c37244,C:\Users\tonyk\Downloads\VeritasIntelligenceAnalytics\dict\VDF\_active\VDF_AKSHARE_KEY_REPAIR_ROOTCAUSE_SMART_REMAP_v027811_20260610_221501\preview\VDF_AkShare_SmartRepairedPreview_v027811.csv,VDF_AkShare_SmartRepairedPreview_v027811.csv,symbol,date,value,vdf_original_row_hash,VDF_Global_Commodity|COMMODITY_FUTURES|2026-06-10|34e6a213b7c37244,False,value_blank_or_non_numeric,4b53f9aec1afcb2c
131,VDF_Global_Commodity,COMMODITY_FUTURES,2026-06-10,,ea39f86f0cc205f2,C:\Users\tonyk\Downloads\VeritasIntelligenceAnalytics\dict\VDF\_active\VDF_AKSHARE_KEY_REPAIR_ROOTCAUSE_SMART_REMAP_v027811_20260610_221501\preview\VDF_AkShare_SmartRepairedPreview_v027811.csv,VDF_AkShare_SmartRepairedPreview_v027811.csv,symbol,date,value,vdf_original_row_hash,VDF_Global_Commodity|COMMODITY_FUTURES|2026-06-10|ea39f86f0cc205f2,False,value_blank_or_non_numeric,cc8087f2c5e17c47
132,VDF_Global_Commodity,COMMODITY_FUTURES,2026-06-10,,b599eda556917203,C:\Users\tonyk\Downloads\VeritasIntelligenceAnalytics\dict\VDF\_active\VDF_AKSHARE_KEY_REPAIR_ROOTCAUSE_SMART_REMAP_v027811_20260610_221501\preview\VDF_AkShare_SmartRepairedPreview_v027811.csv,VDF_AkShare_SmartRepairedPreview_v027811.csv,symbol,date,value,vdf_original_row_hash,VDF_Global_Commodity|COMMODITY_FUTURES|2026-06-10|b599eda556917203,False,value_blank_or_non_numeric,9e3ceb63f9365426
133,VDF_Global_Commodity,COMMODITY_FUTURES,2026-06-10,,5ef2551ad8ff5d40,C:\Users\tonyk\Downloads\VeritasIntelligenceAnalytics\dict\VDF\_active\VDF_AKSHARE_KEY_REPAIR_ROOTCAUSE_SMART_REMAP_v027811_20260610_221501\preview\VDF_AkShare_SmartRepairedPreview_v027811.csv,VDF_AkShare_SmartRepairedPreview_v027811.csv,symbol,date,value,vdf_original_row_hash,VDF_Global_Commodity|COMMODITY_FUTURES|2026-06-10|5ef2551ad8ff5d40,False,value_blank_or_non_numeric,779d1c67ace17183
134,VDF_Global_Commodity,COMMODITY_FUTURES,2026-06-10,,ec5bc834d2fb249d,C:\Users\tonyk\Downloads\VeritasIntelligenceAnalytics\dict\VDF\_active\VDF_AKSHARE_KEY_REPAIR_ROOTCAUSE_SMART_REMAP_v027811_20260610_221501\preview\VDF_AkShare_SmartRepairedPreview_v027811.csv,VDF_AkShare_SmartRepairedPreview_v027811.csv,symbol,date,value,vdf_original_row_hash,VDF_Global_Commodity|COMMODITY_FUTURES|2026-06-10|ec5bc834d2fb249d,False,value_blank_or_non_numeric,3cc181cedc97ad9f
135,VDF_Global_Commodity,COMMODITY_FUTURES,2026-06-10,,fc3703242831a527,C:\Users\tonyk\Downloads\VeritasIntelligenceAnalytics\dict\VDF\_active\VDF_AKSHARE_KEY_REPAIR_ROOTCAUSE_SMART_REMAP_v027811_20260610_221501\preview\VDF_AkShare_SmartRepairedPreview_v027811.csv,VDF_AkShare_SmartRepairedPreview_v027811.csv,symbol,date,value,vdf_original_row_hash,VDF_Global_Commodity|COMMODITY_FUTURES|2026-06-10|fc3703242831a527,False,value_blank_or_non_numeric,5b309df1b14fc038
136,VDF_Global_Commodity,COMMODITY_FUTURES,2026-06-10,,1937058cf9dcbf3f,C:\Users\tonyk\Downloads\VeritasIntelligenceAnalytics\dict\VDF\_active\VDF_AKSHARE_KEY_REPAIR_ROOTCAUSE_SMART_REMAP_v027811_20260610_221501\preview\VDF_AkShare_SmartRepairedPreview_v027811.csv,VDF_AkShare_SmartRepairedPreview_v027811.csv,symbol,date,value,vdf_original_row_hash,VDF_Global_Commodity|COMMODITY_FUTURES|2026-06-10|1937058cf9dcbf3f,False,value_blank_or_non_numeric,5cb5a0792526f269
137,VDF_Global_Commodity,COMMODITY_FUTURES,2026-06-10,,d87aedb292159a7a,C:\Users\tonyk\Downloads\VeritasIntelligenceAnalytics\dict\VDF\_active\VDF_AKSHARE_KEY_REPAIR_ROOTCAUSE_SMART_REMAP_v027811_20260610_221501\preview\VDF_AkShare_SmartRepairedPreview_v027811.csv,VDF_AkShare_SmartRepairedPreview_v027811.csv,symbol,date,value,vdf_original_row_hash,VDF_Global_Commodity|COMMODITY_FUTURES|2026-06-10|d87aedb292159a7a,False,value_blank_or_non_numeric,411ace8fe692c41e
138,VDF_Global_Commodity,COMMODITY_FUTURES,2026-06-10,,55530a7c487ccd7e,C:\Users\tonyk\Downloads\VeritasIntelligenceAnalytics\dict\VDF\_active\VDF_AKSHARE_KEY_REPAIR_ROOTCAUSE_SMART_REMAP_v027811_20260610_221501\preview\VDF_AkShare_SmartRepairedPreview_v027811.csv,VDF_AkShare_SmartRepairedPreview_v027811.csv,symbol,date,value,vdf_original_row_hash,VDF_Global_Commodity|COMMODITY_FUTURES|2026-06-10|55530a7c487ccd7e,False,value_blank_or_non_numeric,d417b892bb050ea0
139,VDF_Global_Commodity,COMMODITY_FUTURES,2026-06-10,,5dad3acfb3118f55,C:\Users\tonyk\Downloads\VeritasIntelligenceAnalytics\dict\VDF\_active\VDF_AKSHARE_KEY_REPAIR_ROOTCAUSE_SMART_REMAP_v027811_20260610_221501\preview\VDF_AkShare_SmartRepairedPreview_v027811.csv,VDF_AkShare_SmartRepairedPreview_v027811.csv,symbol,date,value,vdf_original_row_hash,VDF_Global_Commodity|COMMODITY_FUTURES|2026-06-10|5dad3acfb3118f55,False,value_blank_or_non_numeric,313094c07602b413
140,VDF_Global_Commodity,COMMODITY_FUTURES,2026-06-10,,e59bb77d090bf232,C:\Users\tonyk\Downloads\VeritasIntelligenceAnalytics\dict\VDF\_active\VDF_AKSHARE_KEY_REPAIR_ROOTCAUSE_SMART_REMAP_v027811_20260610_221501\preview\VDF_AkShare_SmartRepairedPreview_v027811.csv,VDF_AkShare_SmartRepairedPreview_v027811.csv,symbol,date,value,vdf_original_row_hash,VDF_Global_Commodity|COMMODITY_FUTURES|2026-06-10|e59bb77d090bf232,False,value_blank_or_non_numeric,09cbbacbf349adbb
141,VDF_Global_Commodity,COMMODITY_FUTURES,2026-06-10,,04ca49f8705f8c53,C:\Users\tonyk\Downloads\VeritasIntelligenceAnalytics\dict\VDF\_active\VDF_AKSHARE_KEY_REPAIR_ROOTCAUSE_SMART_REMAP_v027811_20260610_221501\preview\VDF_AkShare_SmartRepairedPreview_v027811.csv,VDF_AkShare_SmartRepairedPreview_v027811.csv,symbol,date,value,vdf_original_row_hash,VDF_Global_Commodity|COMMODITY_FUTURES|2026-06-10|04ca49f8705f8c53,False,value_blank_or_non_numeric,5204cb1dd591a432
142,VDF_Global_Commodity,COMMODITY_FUTURES,2026-06-10,,c5c416e5c0ab2b85,C:\Users\tonyk\Downloads\VeritasIntelligenceAnalytics\dict\VDF\_active\VDF_AKSHARE_KEY_REPAIR_ROOTCAUSE_SMART_REMAP_v027811_20260610_221501\preview\VDF_AkShare_SmartRepairedPreview_v027811.csv,VDF_AkShare_SmartRepairedPreview_v027811.csv,symbol,date,value,vdf_original_row_hash,VDF_Global_Commodity|COMMODITY_FUTURES|2026-06-10|c5c416e5c0ab2b85,False,value_blank_or_non_numeric,7660c63438721f45
143,VDF_Global_Commodity,COMMODITY_FUTURES,2026-06-10,,36fc04e0f35fc7f3,C:\Users\tonyk\Downloads\VeritasIntelligenceAnalytics\dict\VDF\_active\VDF_AKSHARE_KEY_REPAIR_ROOTCAUSE_SMART_REMAP_v027811_20260610_221501\preview\VDF_AkShare_SmartRepairedPreview_v027811.csv,VDF_AkShare_SmartRepairedPreview_v027811.csv,symbol,date,value,vdf_original_row_hash,VDF_Global_Commodity|COMMODITY_FUTURES|2026-06-10|36fc04e0f35fc7f3,False,value_blank_or_non_numeric,e5a60c7e893ddb97
144,VDF_Global_Commodity,COMMODITY_FUTURES,2026-06-10,,8d821f09e50a682b,C:\Users\tonyk\Downloads\VeritasIntelligenceAnalytics\dict\VDF\_active\VDF_AKSHARE_KEY_REPAIR_ROOTCAUSE_SMART_REMAP_v027811_20260610_221501\preview\VDF_AkShare_SmartRepairedPreview_v027811.csv,VDF_AkShare_SmartRepairedPreview_v027811.csv,symbol,date,value,vdf_original_row_hash,VDF_Global_Commodity|COMMODITY_FUTURES|2026-06-10|8d821f09e50a682b,False,value_blank_or_non_numeric,d8d25ed386b13501
145,VDF_Global_Commodity,COMMODITY_FUTURES,2026-06-10,,1fe60eee3883231c,C:\Users\tonyk\Downloads\VeritasIntelligenceAnalytics\dict\VDF\_active\VDF_AKSHARE_KEY_REPAIR_ROOTCAUSE_SMART_REMAP_v027811_20260610_221501\preview\VDF_AkShare_SmartRepairedPreview_v027811.csv,VDF_AkShare_SmartRepairedPreview_v027811.csv,symbol,date,value,vdf_original_row_hash,VDF_Global_Commodity|COMMODITY_FUTURES|2026-06-10|1fe60eee3883231c,False,value_blank_or_non_numeric,15ede1598984ac21
146,VDF_Global_Commodity,COMMODITY_FUTURES,2026-06-10,,d4f7a2bcee11bda6,C:\Users\tonyk\Downloads\VeritasIntelligenceAnalytics\dict\VDF\_active\VDF_AKSHARE_KEY_REPAIR_ROOTCAUSE_SMART_REMAP_v027811_20260610_221501\preview\VDF_AkShare_SmartRepairedPreview_v027811.csv,VDF_AkShare_SmartRepairedPreview_v027811.csv,symbol,date,value,vdf_original_row_hash,VDF_Global_Commodity|COMMODITY_FUTURES|2026-06-10|d4f7a2bcee11bda6,False,value_blank_or_non_numeric,e697b61c5b2edcbc
147,VDF_Global_Commodity,COMMODITY_FUTURES,2026-06-10,,204b222caaaa9b53,C:\Users\tonyk\Downloads\VeritasIntelligenceAnalytics\dict\VDF\_active\VDF_AKSHARE_KEY_REPAIR_ROOTCAUSE_SMART_REMAP_v027811_20260610_221501\preview\VDF_AkShare_SmartRepairedPreview_v027811.csv,VDF_AkShare_SmartRepairedPreview_v027811.csv,symbol,date,value,vdf_original_row_hash,VDF_Global_Commodity|COMMODITY_FUTURES|2026-06-10|204b222caaaa9b53,False,value_blank_or_non_numeric,fbbdff8b69174e36
148,VDF_Global_Commodity,COMMODITY_FUTURES,2026-06-10,,3d573dfd72c901dc,C:\Users\tonyk\Downloads\VeritasIntelligenceAnalytics\dict\VDF\_active\VDF_AKSHARE_KEY_REPAIR_ROOTCAUSE_SMART_REMAP_v027811_20260610_221501\preview\VDF_AkShare_SmartRepairedPreview_v027811.csv,VDF_AkShare_SmartRepairedPreview_v027811.csv,symbol,date,value,vdf_original_row_hash,VDF_Global_Commodity|COMMODITY_FUTURES|2026-06-10|3d573dfd72c901dc,False,value_blank_or_non_numeric,71bd9946c9f48b6d
149,VDF_Global_Commodity,COMMODITY_FUTURES,2026-06-10,,086b94f981eb0da1,C:\Users\tonyk\Downloads\VeritasIntelligenceAnalytics\dict\VDF\_active\VDF_AKSHARE_KEY_REPAIR_ROOTCAUSE_SMART_REMAP_v027811_20260610_221501\preview\VDF_AkShare_SmartRepairedPreview_v027811.csv,VDF_AkShare_SmartRepairedPreview_v027811.csv,symbol,date,value,vdf_original_row_hash,VDF_Global_Commodity|COMMODITY_FUTURES|2026-06-10|086b94f981eb0da1,False,value_blank_or_non_numeric,5058e20330389acf
150,VDF_Global_Commodity,COMMODITY_FUTURES,2026-06-10,,e6a8902b447aab14,C:\Users\tonyk\Downloads\VeritasIntelligenceAnalytics\dict\VDF\_active\VDF_AKSHARE_KEY_REPAIR_ROOTCAUSE_SMART_REMAP_v027811_20260610_221501\preview\VDF_AkShare_SmartRepairedPreview_v027811.csv,VDF_AkShare_SmartRepairedPreview_v027811.csv,symbol,date,value,vdf_original_row_hash,VDF_Global_Commodity|COMMODITY_FUTURES|2026-06-10|e6a8902b447aab14,False,value_blank_or_non_numeric,a337de7623b271f7
1,VDF_Global_Commodity,STEEL,2026-02-11,2026.0,c40c2417ebcd7bbd,C:\Users\tonyk\Downloads\VeritasIntelligenceAnalytics\dict\VDF\_active\VDF_AKSHARE_KEY_REPAIR_ROOTCAUSE_SMART_REMAP_v027811_20260610_221501\preview\VDF_AkShare_SmartRepairedPreview_v027811.json,VDF_AkShare_SmartRepairedPreview_v027811.json,symbol,date,value,vdf_original_row_hash,VDF_Global_Commodity|STEEL|2026-02-11|c40c2417ebcd7bbd,True,,37c77c1c05a56833
2,VDF_Global_Commodity,STEEL,2026-02-12,2026.0,3b448f17b94509de,C:\Users\tonyk\Downloads\VeritasIntelligenceAnalytics\dict\VDF\_active\VDF_AKSHARE_KEY_REPAIR_ROOTCAUSE_SMART_REMAP_v027811_20260610_221501\preview\VDF_AkShare_SmartRepairedPreview_v027811.json,VDF_AkShare_SmartRepairedPreview_v027811.json,symbol,date,value,vdf_original_row_hash,VDF_Global_Commodity|STEEL|2026-02-12|3b448f17b94509de,True,,d39fcd211e7d87a7
3,VDF_Global_Commodity,STEEL,2026-02-13,2026.0,8684c9acc94b1000,C:\Users\tonyk\Downloads\VeritasIntelligenceAnalytics\dict\VDF\_active\VDF_AKSHARE_KEY_REPAIR_ROOTCAUSE_SMART_REMAP_v027811_20260610_221501\preview\VDF_AkShare_SmartRepairedPreview_v027811.json,VDF_AkShare_SmartRepairedPreview_v027811.json,symbol,date,value,vdf_original_row_hash,VDF_Global_Commodity|STEEL|2026-02-13|8684c9acc94b1000,True,,bcd34aae50fed15a
4,VDF_Global_Commodity,STEEL,2026-02-14,2026.0,09f777d25015dc7d,C:\Users\tonyk\Downloads\VeritasIntelligenceAnalytics\dict\VDF\_active\VDF_AKSHARE_KEY_REPAIR_ROOTCAUSE_SMART_REMAP_v027811_20260610_221501\preview\VDF_AkShare_SmartRepairedPreview_v027811.json,VDF_AkShare_SmartRepairedPreview_v027811.json,symbol,date,value,vdf_original_row_hash,VDF_Global_Commodity|STEEL|2026-02-14|09f777d25015dc7d,True,,c435b7291207752c
5,VDF_Global_Commodity,STEEL,2026-02-15,2026.0,ca18e72573fe5a0f,C:\Users\tonyk\Downloads\VeritasIntelligenceAnalytics\dict\VDF\_active\VDF_AKSHARE_KEY_REPAIR_ROOTCAUSE_SMART_REMAP_v027811_20260610_221501\preview\VDF_AkShare_SmartRepairedPreview_v027811.json,VDF_AkShare_SmartRepairedPreview_v027811.json,symbol,date,value,vdf_original_row_hash,VDF_Global_Commodity|STEEL|2026-02-15|ca18e72573fe5a0f,True,,1a315716c1dda1bf
6,VDF_Global_Commodity,STEEL,2026-02-16,2026.0,0dcea352e5f26e04,C:\Users\tonyk\Downloads\VeritasIntelligenceAnalytics\dict\VDF\_active\VDF_AKSHARE_KEY_REPAIR_ROOTCAUSE_SMART_REMAP_v027811_20260610_221501\preview\VDF_AkShare_SmartRepairedPreview_v027811.json,VDF_AkShare_SmartRepairedPreview_v027811.json,symbol,date,value,vdf_original_row_hash,VDF_Global_Commodity|STEEL|2026-02-16|0dcea352e5f26e04,True,,6d5d41a303cf0ab1
7,VDF_Global_Commodity,STEEL,2026-02-17,2026.0,5d472fb1b3e9abab,C:\Users\tonyk\Downloads\VeritasIntelligenceAnalytics\dict\VDF\_active\VDF_AKSHARE_KEY_REPAIR_ROOTCAUSE_SMART_REMAP_v027811_20260610_221501\preview\VDF_AkShare_SmartRepairedPreview_v027811.json,VDF_AkShare_SmartRepairedPreview_v027811.json,symbol,date,value,vdf_original_row_hash,VDF_Global_Commodity|STEEL|2026-02-17|5d472fb1b3e9abab,True,,b90dabe2eb171773
8,VDF_Global_Commodity,STEEL,2026-02-18,2026.0,535bf7b6e3430232,C:\Users\tonyk\Downloads\VeritasIntelligenceAnalytics\dict\VDF\_active\VDF_AKSHARE_KEY_REPAIR_ROOTCAUSE_SMART_REMAP_v027811_20260610_221501\preview\VDF_AkShare_SmartRepairedPreview_v027811.json,VDF_AkShare_SmartRepairedPreview_v027811.json,symbol,date,value,vdf_original_row_hash,VDF_Global_Commodity|STEEL|2026-02-18|535bf7b6e3430232,True,,0cdfdb23728b79d1
9,VDF_Global_Commodity,STEEL,2026-02-19,2026.0,93ccf2874d3c432f,C:\Users\tonyk\Downloads\VeritasIntelligenceAnalytics\dict\VDF\_active\VDF_AKSHARE_KEY_REPAIR_ROOTCAUSE_SMART_REMAP_v027811_20260610_221501\preview\VDF_AkShare_SmartRepairedPreview_v027811.json,VDF_AkShare_SmartRepairedPreview_v027811.json,symbol,date,value,vdf_original_row_hash,VDF_Global_Commodity|STEEL|2026-02-19|93ccf2874d3c432f,True,,bd5ea435c9ba75ec
10,VDF_Global_Commodity,STEEL,2026-02-20,2026.0,a6e5f47f15e1ee98,C:\Users\tonyk\Downloads\VeritasIntelligenceAnalytics\dict\VDF\_active\VDF_AKSHARE_KEY_REPAIR_ROOTCAUSE_SMART_REMAP_v027811_20260610_221501\preview\VDF_AkShare_SmartRepairedPreview_v027811.json,VDF_AkShare_SmartRepairedPreview_v027811.json,symbol,date,value,vdf_original_row_hash,VDF_Global_Commodity|STEEL|2026-02-20|a6e5f47f15e1ee98,True,,9e65399d1f60004c
11,VDF_Global_Commodity,STEEL,2026-02-21,2026.0,5cfbb675a90114b7,C:\Users\tonyk\Downloads\VeritasIntelligenceAnalytics\dict\VDF\_active\VDF_AKSHARE_KEY_REPAIR_ROOTCAUSE_SMART_REMAP_v027811_20260610_221501\preview\VDF_AkShare_SmartRepairedPreview_v027811.json,VDF_AkShare_SmartRepairedPreview_v027811.json,symbol,date,value,vdf_original_row_hash,VDF_Global_Commodity|STEEL|2026-02-21|5cfbb675a90114b7,True,,cd8174c95b2274a5
12,VDF_Global_Commodity,STEEL,2026-02-22,2026.0,29a946d4ec5fc967,C:\Users\tonyk\Downloads\VeritasIntelligenceAnalytics\dict\VDF\_active\VDF_AKSHARE_KEY_REPAIR_ROOTCAUSE_SMART_REMAP_v027811_20260610_221501\preview\VDF_AkShare_SmartRepairedPreview_v027811.json,VDF_AkShare_SmartRepairedPreview_v027811.json,symbol,date,value,vdf_original_row_hash,VDF_Global_Commodity|STEEL|2026-02-22|29a946d4ec5fc967,True,,3a14ca94515c584c
13,VDF_Global_Commodity,STEEL,2026-02-23,2026.0,5a4173ed26210734,C:\Users\tonyk\Downloads\VeritasIntelligenceAnalytics\dict\VDF\_active\VDF_AKSHARE_KEY_REPAIR_ROOTCAUSE_SMART_REMAP_v027811_20260610_221501\preview\VDF_AkShare_SmartRepairedPreview_v027811.json,VDF_AkShare_SmartRepairedPreview_v027811.json,symbol,date,value,vdf_original_row_hash,VDF_Global_Commodity|STEEL|2026-02-23|5a4173ed26210734,True,,938f9ea583bd8f3a
14,VDF_Global_Commodity,STEEL,2026-02-24,2026.0,ab0f0604f90466da,C:\Users\tonyk\Downloads\VeritasIntelligenceAnalytics\dict\VDF\_active\VDF_AKSHARE_KEY_REPAIR_ROOTCAUSE_SMART_REMAP_v027811_20260610_221501\preview\VDF_AkShare_SmartRepairedPreview_v027811.json,VDF_AkShare_SmartRepairedPreview_v027811.json,symbol,date,value,vdf_original_row_hash,VDF_Global_Commodity|STEEL|2026-02-24|ab0f0604f90466da,True,,66a29482fad9c292
15,VDF_Global_Commodity,STEEL,2026-02-25,2026.0,6f0de1fbd6f8e642,C:\Users\tonyk\Downloads\VeritasIntelligenceAnalytics\dict\VDF\_active\VDF_AKSHARE_KEY_REPAIR_ROOTCAUSE_SMART_REMAP_v027811_20260610_221501\preview\VDF_AkShare_SmartRepairedPreview_v027811.json,VDF_AkShare_SmartRepairedPreview_v027811.json,symbol,date,value,vdf_original_row_hash,VDF_Global_Commodity|STEEL|2026-02-25|6f0de1fbd6f8e642,True,,bb764b998f2fb2b6
16,VDF_Global_Commodity,STEEL,2026-02-26,2026.0,4ccc40fde45d0d50,C:\Users\tonyk\Downloads\VeritasIntelligenceAnalytics\dict\VDF\_active\VDF_AKSHARE_KEY_REPAIR_ROOTCAUSE_SMART_REMAP_v027811_20260610_221501\preview\VDF_AkShare_SmartRepairedPreview_v027811.json,VDF_AkShare_SmartRepairedPreview_v027811.json,symbol,date,value,vdf_original_row_hash,VDF_Global_Commodity|STEEL|2026-02-26|4ccc40fde45d0d50,True,,c76fdbd2d6aeedcd
17,VDF_Global_Commodity,STEEL,2026-02-27,2026.0,c8d504cadb0d14b0,C:\Users\tonyk\Downloads\VeritasIntelligenceAnalytics\dict\VDF\_active\VDF_AKSHARE_KEY_REPAIR_ROOTCAUSE_SMART_REMAP_v027811_20260610_221501\preview\VDF_AkShare_SmartRepairedPreview_v027811.json,VDF_AkShare_SmartRepairedPreview_v027811.json,symbol,date,value,vdf_original_row_hash,VDF_Global_Commodity|STEEL|2026-02-27|c8d504cadb0d14b0,True,,18fe9970208d07f9
18,VDF_Global_Commodity,STEEL,2026-02-28,2026.0,818e7385d2662293,C:\Users\tonyk\Downloads\VeritasIntelligenceAnalytics\dict\VDF\_active\VDF_AKSHARE_KEY_REPAIR_ROOTCAUSE_SMART_REMAP_v027811_20260610_221501\preview\VDF_AkShare_SmartRepairedPreview_v027811.json,VDF_AkShare_SmartRepairedPreview_v027811.json,symbol,date,value,vdf_original_row_hash,VDF_Global_Commodity|STEEL|2026-02-28|818e7385d2662293,True,,59f900cc5c18011f
19,VDF_Global_Commodity,STEEL,2026-03-01,2026.0,7eadaffe5daf8a4b,C:\Users\tonyk\Downloads\VeritasIntelligenceAnalytics\dict\VDF\_active\VDF_AKSHARE_KEY_REPAIR_ROOTCAUSE_SMART_REMAP_v027811_20260610_221501\preview\VDF_AkShare_SmartRepairedPreview_v027811.json,VDF_AkShare_SmartRepairedPreview_v027811.json,symbol,date,value,vdf_original_row_hash,VDF_Global_Commodity|STEEL|2026-03-01|7eadaffe5daf8a4b,True,,4c5af973fbf6bc52
20,VDF_Global_Commodity,STEEL,2026-03-02,2026.0,2c54d68a43122383,C:\Users\tonyk\Downloads\VeritasIntelligenceAnalytics\dict\VDF\_active\VDF_AKSHARE_KEY_REPAIR_ROOTCAUSE_SMART_REMAP_v027811_20260610_221501\preview\VDF_AkShare_SmartRepairedPreview_v027811.json,VDF_AkShare_SmartRepairedPreview_v027811.json,symbol,date,value,vdf_original_row_hash,VDF_Global_Commodity|STEEL|2026-03-02|2c54d68a43122383,True,,fb9eecff8d9abe25
21,VDF_Global_Commodity,STEEL,2026-03-03,2026.0,37cc186309da4a00,C:\Users\tonyk\Downloads\VeritasIntelligenceAnalytics\dict\VDF\_active\VDF_AKSHARE_KEY_REPAIR_ROOTCAUSE_SMART_REMAP_v027811_20260610_221501\preview\VDF_AkShare_SmartRepairedPreview_v027811.json,VDF_AkShare_SmartRepairedPreview_v027811.json,symbol,date,value,vdf_original_row_hash,VDF_Global_Commodity|STEEL|2026-03-03|37cc186309da4a00,True,,5f9300e7663016dd
22,VDF_Global_Commodity,STEEL,2026-03-04,2026.0,e78cd7920e51fb44,C:\Users\tonyk\Downloads\VeritasIntelligenceAnalytics\dict\VDF\_active\VDF_AKSHARE_KEY_REPAIR_ROOTCAUSE_SMART_REMAP_v027811_20260610_221501\preview\VDF_AkShare_SmartRepairedPreview_v027811.json,VDF_AkShare_SmartRepairedPreview_v027811.json,symbol,date,value,vdf_original_row_hash,VDF_Global_Commodity|STEEL|2026-03-04|e78cd7920e51fb44,True,,09bd72d757716621
23,VDF_Global_Commodity,STEEL,2026-03-05,2026.0,cc271d0008d7b055,C:\Users\tonyk\Downloads\VeritasIntelligenceAnalytics\dict\VDF\_active\VDF_AKSHARE_KEY_REPAIR_ROOTCAUSE_SMART_REMAP_v027811_20260610_221501\preview\VDF_AkShare_SmartRepairedPreview_v027811.json,VDF_AkShare_SmartRepairedPreview_v027811.json,symbol,date,value,vdf_original_row_hash,VDF_Global_Commodity|STEEL|2026-03-05|cc271d0008d7b055,True,,574ed589954bedb5
24,VDF_Global_Commodity,STEEL,2026-03-06,2026.0,f3db4b934b23abba,C:\Users\tonyk\Downloads\VeritasIntelligenceAnalytics\dict\VDF\_active\VDF_AKSHARE_KEY_REPAIR_ROOTCAUSE_SMART_REMAP_v027811_20260610_221501\preview\VDF_AkShare_SmartRepairedPreview_v027811.json,VDF_AkShare_SmartRepairedPreview_v027811.json,symbol,date,value,vdf_original_row_hash,VDF_Global_Commodity|STEEL|2026-03-06|f3db4b934b23abba,True,,90aa125de25e4370
25,VDF_Global_Commodity,STEEL,2026-03-07,2026.0,9735c7ec5b93b9c9,C:\Users\tonyk\Downloads\VeritasIntelligenceAnalytics\dict\VDF\_active\VDF_AKSHARE_KEY_REPAIR_ROOTCAUSE_SMART_REMAP_v027811_20260610_221501\preview\VDF_AkShare_SmartRepairedPreview_v027811.json,VDF_AkShare_SmartRepairedPreview_v027811.json,symbol,date,value,vdf_original_row_hash,VDF_Global_Commodity|STEEL|2026-03-07|9735c7ec5b93b9c9,True,,e0979d3f4997140b
26,VDF_Global_Commodity,STEEL,2026-03-08,2026.0,16163911df5494d9,C:\Users\tonyk\Downloads\VeritasIntelligenceAnalytics\dict\VDF\_active\VDF_AKSHARE_KEY_REPAIR_ROOTCAUSE_SMART_REMAP_v027811_20260610_221501\preview\VDF_AkShare_SmartRepairedPreview_v027811.json,VDF_AkShare_SmartRepairedPreview_v027811.json,symbol,date,value,vdf_original_row_hash,VDF_Global_Commodity|STEEL|2026-03-08|16163911df5494d9,True,,bd6f8113ab1b5d25
27,VDF_Global_Commodity,STEEL,2026-03-09,2026.0,9060518e291d820e,C:\Users\tonyk\Downloads\VeritasIntelligenceAnalytics\dict\VDF\_active\VDF_AKSHARE_KEY_REPAIR_ROOTCAUSE_SMART_REMAP_v027811_20260610_221501\preview\VDF_AkShare_SmartRepairedPreview_v027811.json,VDF_AkShare_SmartRepairedPreview_v027811.json,symbol,date,value,vdf_original_row_hash,VDF_Global_Commodity|STEEL|2026-03-09|9060518e291d820e,True,,3cfa705a35714f73
28,VDF_Global_Commodity,STEEL,2026-03-10,2026.0,0dc12c7d35aa244d,C:\Users\tonyk\Downloads\VeritasIntelligenceAnalytics\dict\VDF\_active\VDF_AKSHARE_KEY_REPAIR_ROOTCAUSE_SMART_REMAP_v027811_20260610_221501\preview\VDF_AkShare_SmartRepairedPreview_v027811.json,VDF_AkShare_SmartRepairedPreview_v027811.json,symbol,date,value,vdf_original_row_hash,VDF_Global_Commodity|STEEL|2026-03-10|0dc12c7d35aa244d,True,,992a0ac0ea40da65
29,VDF_Global_Commodity,STEEL,2026-03-11,2026.0,7d625341a2355380,C:\Users\tonyk\Downloads\VeritasIntelligenceAnalytics\dict\VDF\_active\VDF_AKSHARE_KEY_REPAIR_ROOTCAUSE_SMART_REMAP_v027811_20260610_221501\preview\VDF_AkShare_SmartRepairedPreview_v027811.json,VDF_AkShare_SmartRepairedPreview_v027811.json,symbol,date,value,vdf_original_row_hash,VDF_Global_Commodity|STEEL|2026-03-11|7d625341a2355380,True,,f5bc673b70c1b471
30,VDF_Global_Commodity,STEEL,2026-03-12,2026.0,7b8bcd717565f003,C:\Users\tonyk\Downloads\VeritasIntelligenceAnalytics\dict\VDF\_active\VDF_AKSHARE_KEY_REPAIR_ROOTCAUSE_SMART_REMAP_v027811_20260610_221501\preview\VDF_AkShare_SmartRepairedPreview_v027811.json,VDF_AkShare_SmartRepairedPreview_v027811.json,symbol,date,value,vdf_original_row_hash,VDF_Global_Commodity|STEEL|2026-03-12|7b8bcd717565f003,True,,093a715f2b5bcf15
31,VDF_Global_Commodity,STEEL,2026-03-13,2026.0,d8158ab27228fcd8,C:\Users\tonyk\Downloads\VeritasIntelligenceAnalytics\dict\VDF\_active\VDF_AKSHARE_KEY_REPAIR_ROOTCAUSE_SMART_REMAP_v027811_20260610_221501\preview\VDF_AkShare_SmartRepairedPreview_v027811.json,VDF_AkShare_SmartRepairedPreview_v027811.json,symbol,date,value,vdf_original_row_hash,VDF_Global_Commodity|STEEL|2026-03-13|d8158ab27228fcd8,True,,173be8b5c419f302
32,VDF_Global_Commodity,STEEL,2026-03-14,2026.0,9515ee2246024c2c,C:\Users\tonyk\Downloads\VeritasIntelligenceAnalytics\dict\VDF\_active\VDF_AKSHARE_KEY_REPAIR_ROOTCAUSE_SMART_REMAP_v027811_20260610_221501\preview\VDF_AkShare_SmartRepairedPreview_v027811.json,VDF_AkShare_SmartRepairedPreview_v027811.json,symbol,date,value,vdf_original_row_hash,VDF_Global_Commodity|STEEL|2026-03-14|9515ee2246024c2c,True,,c42b429733f03fae
33,VDF_Global_Commodity,STEEL,2026-03-15,2026.0,55637629d191fee0,C:\Users\tonyk\Downloads\VeritasIntelligenceAnalytics\dict\VDF\_active\VDF_AKSHARE_KEY_REPAIR_ROOTCAUSE_SMART_REMAP_v027811_20260610_221501\preview\VDF_AkShare_SmartRepairedPreview_v027811.json,VDF_AkShare_SmartRepairedPreview_v027811.json,symbol,date,value,vdf_original_row_hash,VDF_Global_Commodity|STEEL|2026-03-15|55637629d191fee0,True,,05c80f96ff9ca967
34,VDF_Global_Commodity,STEEL,2026-03-16,2026.0,65e78a49600b4b8e,C:\Users\tonyk\Downloads\VeritasIntelligenceAnalytics\dict\VDF\_active\VDF_AKSHARE_KEY_REPAIR_ROOTCAUSE_SMART_REMAP_v027811_20260610_221501\preview\VDF_AkShare_SmartRepairedPreview_v027811.json,VDF_AkShare_SmartRepairedPreview_v027811.json,symbol,date,value,vdf_original_row_hash,VDF_Global_Commodity|STEEL|2026-03-16|65e78a49600b4b8e,True,,d26305fffcb5b9cf
35,VDF_Global_Commodity,STEEL,2026-03-17,2026.0,f297d35138322f27,C:\Users\tonyk\Downloads\VeritasIntelligenceAnalytics\dict\VDF\_active\VDF_AKSHARE_KEY_REPAIR_ROOTCAUSE_SMART_REMAP_v027811_20260610_221501\preview\VDF_AkShare_SmartRepairedPreview_v027811.json,VDF_AkShare_SmartRepairedPreview_v027811.json,symbol,date,value,vdf_original_row_hash,VDF_Global_Commodity|STEEL|2026-03-17|f297d35138322f27,True,,9d374b0331459b1b
36,VDF_Global_Commodity,STEEL,2026-03-18,2026.0,0a79a3ad51296d62,C:\Users\tonyk\Downloads\VeritasIntelligenceAnalytics\dict\VDF\_active\VDF_AKSHARE_KEY_REPAIR_ROOTCAUSE_SMART_REMAP_v027811_20260610_221501\preview\VDF_AkShare_SmartRepairedPreview_v027811.json,VDF_AkShare_SmartRepairedPreview_v027811.json,symbol,date,value,vdf_original_row_hash,VDF_Global_Commodity|STEEL|2026-03-18|0a79a3ad51296d62,True,,be144d1ff46d2597
37,VDF_Global_Commodity,STEEL,2026-03-19,2026.0,504a312dd35f7fe1,C:\Users\tonyk\Downloads\VeritasIntelligenceAnalytics\dict\VDF\_active\VDF_AKSHARE_KEY_REPAIR_ROOTCAUSE_SMART_REMAP_v027811_20260610_221501\preview\VDF_AkShare_SmartRepairedPreview_v027811.json,VDF_AkShare_SmartRepairedPreview_v027811.json,symbol,date,value,vdf_original_row_hash,VDF_Global_Commodity|STEEL|2026-03-19|504a312dd35f7fe1,True,,55e9ed3bd060ae37
38,VDF_Global_Commodity,STEEL,2026-03-20,2026.0,29825bdde4c72258,C:\Users\tonyk\Downloads\VeritasIntelligenceAnalytics\dict\VDF\_active\VDF_AKSHARE_KEY_REPAIR_ROOTCAUSE_SMART_REMAP_v027811_20260610_221501\preview\VDF_AkShare_SmartRepairedPreview_v027811.json,VDF_AkShare_SmartRepairedPreview_v027811.json,symbol,date,value,vdf_original_row_hash,VDF_Global_Commodity|STEEL|2026-03-20|29825bdde4c72258,True,,487b254ae035a869
39,VDF_Global_Commodity,STEEL,2026-03-21,2026.0,18dee12bdc0d7b13,C:\Users\tonyk\Downloads\VeritasIntelligenceAnalytics\dict\VDF\_active\VDF_AKSHARE_KEY_REPAIR_ROOTCAUSE_SMART_REMAP_v027811_20260610_221501\preview\VDF_AkShare_SmartRepairedPreview_v027811.json,VDF_AkShare_SmartRepairedPreview_v027811.json,symbol,date,value,vdf_original_row_hash,VDF_Global_Commodity|STEEL|2026-03-21|18dee12bdc0d7b13,True,,82cabcd6e37372e8
40,VDF_Global_Commodity,STEEL,2026-03-22,2026.0,e23a26fa81f19fd1,C:\Users\tonyk\Downloads\VeritasIntelligenceAnalytics\dict\VDF\_active\VDF_AKSHARE_KEY_REPAIR_ROOTCAUSE_SMART_REMAP_v027811_20260610_221501\preview\VDF_AkShare_SmartRepairedPreview_v027811.json,VDF_AkShare_SmartRepairedPreview_v027811.json,symbol,date,value,vdf_original_row_hash,VDF_Global_Commodity|STEEL|2026-03-22|e23a26fa81f19fd1,True,,db5e061619709215
41,VDF_Global_Commodity,STEEL,2026-03-23,2026.0,20767ebf681798b3,C:\Users\tonyk\Downloads\VeritasIntelligenceAnalytics\dict\VDF\_active\VDF_AKSHARE_KEY_REPAIR_ROOTCAUSE_SMART_REMAP_v027811_20260610_221501\preview\VDF_AkShare_SmartRepairedPreview_v027811.json,VDF_AkShare_SmartRepairedPreview_v027811.json,symbol,date,value,vdf_original_row_hash,VDF_Global_Commodity|STEEL|2026-03-23|20767ebf681798b3,True,,f28cc84125021ffb
42,VDF_Global_Commodity,STEEL,2026-03-24,2026.0,0dc0dd9f540e1006,C:\Users\tonyk\Downloads\VeritasIntelligenceAnalytics\dict\VDF\_active\VDF_AKSHARE_KEY_REPAIR_ROOTCAUSE_SMART_REMAP_v027811_20260610_221501\preview\VDF_AkShare_SmartRepairedPreview_v027811.json,VDF_AkShare_SmartRepairedPreview_v027811.json,symbol,date,value,vdf_original_row_hash,VDF_Global_Commodity|STEEL|2026-03-24|0dc0dd9f540e1006,True,,e5908071c5dcacdf
43,VDF_Global_Commodity,STEEL,2026-03-25,2026.0,aba9ec3be54be9d2,C:\Users\tonyk\Downloads\VeritasIntelligenceAnalytics\dict\VDF\_active\VDF_AKSHARE_KEY_REPAIR_ROOTCAUSE_SMART_REMAP_v027811_20260610_221501\preview\VDF_AkShare_SmartRepairedPreview_v027811.json,VDF_AkShare_SmartRepairedPreview_v027811.json,symbol,date,value,vdf_original_row_hash,VDF_Global_Commodity|STEEL|2026-03-25|aba9ec3be54be9d2,True,,29d44d913a388e1a
44,VDF_Global_Commodity,STEEL,2026-03-26,2026.0,0558c7458ebc271e,C:\Users\tonyk\Downloads\VeritasIntelligenceAnalytics\dict\VDF\_active\VDF_AKSHARE_KEY_REPAIR_ROOTCAUSE_SMART_REMAP_v027811_20260610_221501\preview\VDF_AkShare_SmartRepairedPreview_v027811.json,VDF_AkShare_SmartRepairedPreview_v027811.json,symbol,date,value,vdf_original_row_hash,VDF_Global_Commodity|STEEL|2026-03-26|0558c7458ebc271e,True,,88b0afca1bb57743
45,VDF_Global_Commodity,STEEL,2026-03-27,2026.0,8f195ae7e1656edb,C:\Users\tonyk\Downloads\VeritasIntelligenceAnalytics\dict\VDF\_active\VDF_AKSHARE_KEY_REPAIR_ROOTCAUSE_SMART_REMAP_v027811_20260610_221501\preview\VDF_AkShare_SmartRepairedPreview_v027811.json,VDF_AkShare_SmartRepairedPreview_v027811.json,symbol,date,value,vdf_original_row_hash,VDF_Global_Commodity|STEEL|2026-03-27|8f195ae7e1656edb,True,,820d280044ddf05b
46,VDF_Global_Commodity,STEEL,2026-03-28,2026.0,22f4ae66b6e10323,C:\Users\tonyk\Downloads\VeritasIntelligenceAnalytics\dict\VDF\_active\VDF_AKSHARE_KEY_REPAIR_ROOTCAUSE_SMART_REMAP_v027811_20260610_221501\preview\VDF_AkShare_SmartRepairedPreview_v027811.json,VDF_AkShare_SmartRepairedPreview_v027811.json,symbol,date,value,vdf_original_row_hash,VDF_Global_Commodity|STEEL|2026-03-28|22f4ae66b6e10323,True,,51b917f3259353be
47,VDF_Global_Commodity,STEEL,2026-03-29,2026.0,1fbb5c414b48cb93,C:\Users\tonyk\Downloads\VeritasIntelligenceAnalytics\dict\VDF\_active\VDF_AKSHARE_KEY_REPAIR_ROOTCAUSE_SMART_REMAP_v027811_20260610_221501\preview\VDF_AkShare_SmartRepairedPreview_v027811.json,VDF_AkShare_SmartRepairedPreview_v027811.json,symbol,date,value,vdf_original_row_hash,VDF_Global_Commodity|STEEL|2026-03-29|1fbb5c414b48cb93,True,,4ddc96113da8db85
48,VDF_Global_Commodity,STEEL,2026-03-30,2026.0,2b1fe75b192afdcb,C:\Users\tonyk\Downloads\VeritasIntelligenceAnalytics\dict\VDF\_active\VDF_AKSHARE_KEY_REPAIR_ROOTCAUSE_SMART_REMAP_v027811_20260610_221501\preview\VDF_AkShare_SmartRepairedPreview_v027811.json,VDF_AkShare_SmartRepairedPreview_v027811.json,symbol,date,value,vdf_original_row_hash,VDF_Global_Commodity|STEEL|2026-03-30|2b1fe75b192afdcb,True,,95668907b44d90f5
49,VDF_Global_Commodity,STEEL,2026-03-31,2026.0,16784e29a87f3a4b,C:\Users\tonyk\Downloads\VeritasIntelligenceAnalytics\dict\VDF\_active\VDF_AKSHARE_KEY_REPAIR_ROOTCAUSE_SMART_REMAP_v027811_20260610_221501\preview\VDF_AkShare_SmartRepairedPreview_v027811.json,VDF_AkShare_SmartRepairedPreview_v027811.json,symbol,date,value,vdf_original_row_hash,VDF_Global_Commodity|STEEL|2026-03-31|16784e29a87f3a4b,True,,77b2da6231378872
50,VDF_Global_Commodity,STEEL,2026-04-01,2026.0,cf33135c5c7ab500,C:\Users\tonyk\Downloads\VeritasIntelligenceAnalytics\dict\VDF\_active\VDF_AKSHARE_KEY_REPAIR_ROOTCAUSE_SMART_REMAP_v027811_20260610_221501\preview\VDF_AkShare_SmartRepairedPreview_v027811.json,VDF_AkShare_SmartRepairedPreview_v027811.json,symbol,date,value,vdf_original_row_hash,VDF_Global_Commodity|STEEL|2026-04-01|cf33135c5c7ab500,True,,f73fee84e735b241
51,VDF_Global_Commodity,STEEL,2026-04-02,2026.0,f925c35ef6aff307,C:\Users\tonyk\Downloads\VeritasIntelligenceAnalytics\dict\VDF\_active\VDF_AKSHARE_KEY_REPAIR_ROOTCAUSE_SMART_REMAP_v027811_20260610_221501\preview\VDF_AkShare_SmartRepairedPreview_v027811.json,VDF_AkShare_SmartRepairedPreview_v027811.json,symbol,date,value,vdf_original_row_hash,VDF_Global_Commodity|STEEL|2026-04-02|f925c35ef6aff307,True,,adafb7fe5b669aa1
52,VDF_Global_Commodity,STEEL,2026-04-03,2026.0,39ea2aef5d269449,C:\Users\tonyk\Downloads\VeritasIntelligenceAnalytics\dict\VDF\_active\VDF_AKSHARE_KEY_REPAIR_ROOTCAUSE_SMART_REMAP_v027811_20260610_221501\preview\VDF_AkShare_SmartRepairedPreview_v027811.json,VDF_AkShare_SmartRepairedPreview_v027811.json,symbol,date,value,vdf_original_row_hash,VDF_Global_Commodity|STEEL|2026-04-03|39ea2aef5d269449,True,,0aded8325740dfec
53,VDF_Global_Commodity,STEEL,2026-04-04,2026.0,b4508a30ad89a0ae,C:\Users\tonyk\Downloads\VeritasIntelligenceAnalytics\dict\VDF\_active\VDF_AKSHARE_KEY_REPAIR_ROOTCAUSE_SMART_REMAP_v027811_20260610_221501\preview\VDF_AkShare_SmartRepairedPreview_v027811.json,VDF_AkShare_SmartRepairedPreview_v027811.json,symbol,date,value,vdf_original_row_hash,VDF_Global_Commodity|STEEL|2026-04-04|b4508a30ad89a0ae,True,,46fda4fd1a99c88d
54,VDF_Global_Commodity,STEEL,2026-04-05,2026.0,535111e4c7f8caf3,C:\Users\tonyk\Downloads\VeritasIntelligenceAnalytics\dict\VDF\_active\VDF_AKSHARE_KEY_REPAIR_ROOTCAUSE_SMART_REMAP_v027811_20260610_221501\preview\VDF_AkShare_SmartRepairedPreview_v027811.json,VDF_AkShare_SmartRepairedPreview_v027811.json,symbol,date,value,vdf_original_row_hash,VDF_Global_Commodity|STEEL|2026-04-05|535111e4c7f8caf3,True,,ecf42acb7de3d0d9
55,VDF_Global_Commodity,STEEL,2026-04-06,2026.0,43b935b20ec867ab,C:\Users\tonyk\Downloads\VeritasIntelligenceAnalytics\dict\VDF\_active\VDF_AKSHARE_KEY_REPAIR_ROOTCAUSE_SMART_REMAP_v027811_20260610_221501\preview\VDF_AkShare_SmartRepairedPreview_v027811.json,VDF_AkShare_SmartRepairedPreview_v027811.json,symbol,date,value,vdf_original_row_hash,VDF_Global_Commodity|STEEL|2026-04-06|43b935b20ec867ab,True,,e9294b48e115bf03
56,VDF_Global_Commodity,STEEL,2026-04-07,2026.0,9f5fc2cf52c86435,C:\Users\tonyk\Downloads\VeritasIntelligenceAnalytics\dict\VDF\_active\VDF_AKSHARE_KEY_REPAIR_ROOTCAUSE_SMART_REMAP_v027811_20260610_221501\preview\VDF_AkShare_SmartRepairedPreview_v027811.json,VDF_AkShare_SmartRepairedPreview_v027811.json,symbol,date,value,vdf_original_row_hash,VDF_Global_Commodity|STEEL|2026-04-07|9f5fc2cf52c86435,True,,50cd40d0d8cde2ab
57,VDF_Global_Commodity,STEEL,2026-04-08,2026.0,f632e2eaede1bb5f,C:\Users\tonyk\Downloads\VeritasIntelligenceAnalytics\dict\VDF\_active\VDF_AKSHARE_KEY_REPAIR_ROOTCAUSE_SMART_REMAP_v027811_20260610_221501\preview\VDF_AkShare_SmartRepairedPreview_v027811.json,VDF_AkShare_SmartRepairedPreview_v027811.json,symbol,date,value,vdf_original_row_hash,VDF_Global_Commodity|STEEL|2026-04-08|f632e2eaede1bb5f,True,,a68b5fe0510d8194
58,VDF_Global_Commodity,STEEL,2026-04-09,2026.0,51bc4ad097cb9d24,C:\Users\tonyk\Downloads\VeritasIntelligenceAnalytics\dict\VDF\_active\VDF_AKSHARE_KEY_REPAIR_ROOTCAUSE_SMART_REMAP_v027811_20260610_221501\preview\VDF_AkShare_SmartRepairedPreview_v027811.json,VDF_AkShare_SmartRepairedPreview_v027811.json,symbol,date,value,vdf_original_row_hash,VDF_Global_Commodity|STEEL|2026-04-09|51bc4ad097cb9d24,True,,110e8258823ab5b6
59,VDF_Global_Commodity,STEEL,2026-04-10,2026.0,9d11d180293623af,C:\Users\tonyk\Downloads\VeritasIntelligenceAnalytics\dict\VDF\_active\VDF_AKSHARE_KEY_REPAIR_ROOTCAUSE_SMART_REMAP_v027811_20260610_221501\preview\VDF_AkShare_SmartRepairedPreview_v027811.json,VDF_AkShare_SmartRepairedPreview_v027811.json,symbol,date,value,vdf_original_row_hash,VDF_Global_Commodity|STEEL|2026-04-10|9d11d180293623af,True,,bc5a9cfc955c6546
60,VDF_Global_Commodity,STEEL,2026-04-11,2026.0,a8380275186e8229,C:\Users\tonyk\Downloads\VeritasIntelligenceAnalytics\dict\VDF\_active\VDF_AKSHARE_KEY_REPAIR_ROOTCAUSE_SMART_REMAP_v027811_20260610_221501\preview\VDF_AkShare_SmartRepairedPreview_v027811.json,VDF_AkShare_SmartRepairedPreview_v027811.json,symbol,date,value,vdf_original_row_hash,VDF_Global_Commodity|STEEL|2026-04-11|a8380275186e8229,True,,4dbefd2eaa9b9422
61,VDF_Global_Commodity,STEEL,2026-04-12,2026.0,41bd59213f7741b8,C:\Users\tonyk\Downloads\VeritasIntelligenceAnalytics\dict\VDF\_active\VDF_AKSHARE_KEY_REPAIR_ROOTCAUSE_SMART_REMAP_v027811_20260610_221501\preview\VDF_AkShare_SmartRepairedPreview_v027811.json,VDF_AkShare_SmartRepairedPreview_v027811.json,symbol,date,value,vdf_original_row_hash,VDF_Global_Commodity|STEEL|2026-04-12|41bd59213f7741b8,True,,462ae18db1a704f7
62,VDF_Global_Commodity,STEEL,2026-04-13,2026.0,da76094cf64d3b45,C:\Users\tonyk\Downloads\VeritasIntelligenceAnalytics\dict\VDF\_active\VDF_AKSHARE_KEY_REPAIR_ROOTCAUSE_SMART_REMAP_v027811_20260610_221501\preview\VDF_AkShare_SmartRepairedPreview_v027811.json,VDF_AkShare_SmartRepairedPreview_v027811.json,symbol,date,value,vdf_original_row_hash,VDF_Global_Commodity|STEEL|2026-04-13|da76094cf64d3b45,True,,b2658573b054ab50
63,VDF_Global_Commodity,STEEL,2026-04-14,2026.0,fcfa21e569e7c3a5,C:\Users\tonyk\Downloads\VeritasIntelligenceAnalytics\dict\VDF\_active\VDF_AKSHARE_KEY_REPAIR_ROOTCAUSE_SMART_REMAP_v027811_20260610_221501\preview\VDF_AkShare_SmartRepairedPreview_v027811.json,VDF_AkShare_SmartRepairedPreview_v027811.json,symbol,date,value,vdf_original_row_hash,VDF_Global_Commodity|STEEL|2026-04-14|fcfa21e569e7c3a5,True,,8876b0daa6eafe44
64,VDF_Global_Commodity,STEEL,2026-04-15,2026.0,edfec6429754fa01,C:\Users\tonyk\Downloads\VeritasIntelligenceAnalytics\dict\VDF\_active\VDF_AKSHARE_KEY_REPAIR_ROOTCAUSE_SMART_REMAP_v027811_20260610_221501\preview\VDF_AkShare_SmartRepairedPreview_v027811.json,VDF_AkShare_SmartRepairedPreview_v027811.json,symbol,date,value,vdf_original_row_hash,VDF_Global_Commodity|STEEL|2026-04-15|edfec6429754fa01,True,,edc7dc2aba3446b7
65,VDF_Global_Commodity,STEEL,2026-04-16,2026.0,ac042e70ac8b8d69,C:\Users\tonyk\Downloads\VeritasIntelligenceAnalytics\dict\VDF\_active\VDF_AKSHARE_KEY_REPAIR_ROOTCAUSE_SMART_REMAP_v027811_20260610_221501\preview\VDF_AkShare_SmartRepairedPreview_v027811.json,VDF_AkShare_SmartRepairedPreview_v027811.json,symbol,date,value,vdf_original_row_hash,VDF_Global_Commodity|STEEL|2026-04-16|ac042e70ac8b8d69,True,,d2b9a2c2d888deb7
66,VDF_Global_Commodity,STEEL,2026-04-17,2026.0,0dbc5e25a9bc6d2c,C:\Users\tonyk\Downloads\VeritasIntelligenceAnalytics\dict\VDF\_active\VDF_AKSHARE_KEY_REPAIR_ROOTCAUSE_SMART_REMAP_v027811_20260610_221501\preview\VDF_AkShare_SmartRepairedPreview_v027811.json,VDF_AkShare_SmartRepairedPreview_v027811.json,symbol,date,value,vdf_original_row_hash,VDF_Global_Commodity|STEEL|2026-04-17|0dbc5e25a9bc6d2c,True,,535533ad2068fa92
67,VDF_Global_Commodity,STEEL,2026-04-18,2026.0,27facf1c0a1e1d03,C:\Users\tonyk\Downloads\VeritasIntelligenceAnalytics\dict\VDF\_active\VDF_AKSHARE_KEY_REPAIR_ROOTCAUSE_SMART_REMAP_v027811_20260610_221501\preview\VDF_AkShare_SmartRepairedPreview_v027811.json,VDF_AkShare_SmartRepairedPreview_v027811.json,symbol,date,value,vdf_original_row_hash,VDF_Global_Commodity|STEEL|2026-04-18|27facf1c0a1e1d03,True,,fd5488a30701d15a
68,VDF_Global_Commodity,STEEL,2026-04-19,2026.0,ea30de9dd6a37bf9,C:\Users\tonyk\Downloads\VeritasIntelligenceAnalytics\dict\VDF\_active\VDF_AKSHARE_KEY_REPAIR_ROOTCAUSE_SMART_REMAP_v027811_20260610_221501\preview\VDF_AkShare_SmartRepairedPreview_v027811.json,VDF_AkShare_SmartRepairedPreview_v027811.json,symbol,date,value,vdf_original_row_hash,VDF_Global_Commodity|STEEL|2026-04-19|ea30de9dd6a37bf9,True,,99eb7c9b6cc35c79
69,VDF_Global_Commodity,STEEL,2026-04-20,2026.0,27933be90d9ebe4a,C:\Users\tonyk\Downloads\VeritasIntelligenceAnalytics\dict\VDF\_active\VDF_AKSHARE_KEY_REPAIR_ROOTCAUSE_SMART_REMAP_v027811_20260610_221501\preview\VDF_AkShare_SmartRepairedPreview_v027811.json,VDF_AkShare_SmartRepairedPreview_v027811.json,symbol,date,value,vdf_original_row_hash,VDF_Global_Commodity|STEEL|2026-04-20|27933be90d9ebe4a,True,,a0b33350b9630f1c
70,VDF_Global_Commodity,STEEL,2026-04-21,2026.0,46d92f1ada391788,C:\Users\tonyk\Downloads\VeritasIntelligenceAnalytics\dict\VDF\_active\VDF_AKSHARE_KEY_REPAIR_ROOTCAUSE_SMART_REMAP_v027811_20260610_221501\preview\VDF_AkShare_SmartRepairedPreview_v027811.json,VDF_AkShare_SmartRepairedPreview_v027811.json,symbol,date,value,vdf_original_row_hash,VDF_Global_Commodity|STEEL|2026-04-21|46d92f1ada391788,True,,624c9749e8ef10dd
71,VDF_Global_Commodity,STEEL,2026-04-22,2026.0,f91a63abba8cc482,C:\Users\tonyk\Downloads\VeritasIntelligenceAnalytics\dict\VDF\_active\VDF_AKSHARE_KEY_REPAIR_ROOTCAUSE_SMART_REMAP_v027811_20260610_221501\preview\VDF_AkShare_SmartRepairedPreview_v027811.json,VDF_AkShare_SmartRepairedPreview_v027811.json,symbol,date,value,vdf_original_row_hash,VDF_Global_Commodity|STEEL|2026-04-22|f91a63abba8cc482,True,,22efbb235ea92135
72,VDF_Global_Commodity,STEEL,2026-04-23,2026.0,d16c5ff1bd674378,C:\Users\tonyk\Downloads\VeritasIntelligenceAnalytics\dict\VDF\_active\VDF_AKSHARE_KEY_REPAIR_ROOTCAUSE_SMART_REMAP_v027811_20260610_221501\preview\VDF_AkShare_SmartRepairedPreview_v027811.json,VDF_AkShare_SmartRepairedPreview_v027811.json,symbol,date,value,vdf_original_row_hash,VDF_Global_Commodity|STEEL|2026-04-23|d16c5ff1bd674378,True,,784f7c578ada34f4
73,VDF_Global_Commodity,STEEL,2026-04-24,2026.0,26bc57ad9cbd1f3c,C:\Users\tonyk\Downloads\VeritasIntelligenceAnalytics\dict\VDF\_active\VDF_AKSHARE_KEY_REPAIR_ROOTCAUSE_SMART_REMAP_v027811_20260610_221501\preview\VDF_AkShare_SmartRepairedPreview_v027811.json,VDF_AkShare_SmartRepairedPreview_v027811.json,symbol,date,value,vdf_original_row_hash,VDF_Global_Commodity|STEEL|2026-04-24|26bc57ad9cbd1f3c,True,,4af2fb1d2e2aaca1
74,VDF_Global_Commodity,STEEL,2026-04-25,2026.0,de568d4a5dac8ce2,C:\Users\tonyk\Downloads\VeritasIntelligenceAnalytics\dict\VDF\_active\VDF_AKSHARE_KEY_REPAIR_ROOTCAUSE_SMART_REMAP_v027811_20260610_221501\preview\VDF_AkShare_SmartRepairedPreview_v027811.json,VDF_AkShare_SmartRepairedPreview_v027811.json,symbol,date,value,vdf_original_row_hash,VDF_Global_Commodity|STEEL|2026-04-25|de568d4a5dac8ce2,True,,30d98904da738ca7
75,VDF_Global_Commodity,STEEL,2026-04-26,2026.0,f5988f66b272629e,C:\Users\tonyk\Downloads\VeritasIntelligenceAnalytics\dict\VDF\_active\VDF_AKSHARE_KEY_REPAIR_ROOTCAUSE_SMART_REMAP_v027811_20260610_221501\preview\VDF_AkShare_SmartRepairedPreview_v027811.json,VDF_AkShare_SmartRepairedPreview_v027811.json,symbol,date,value,vdf_original_row_hash,VDF_Global_Commodity|STEEL|2026-04-26|f5988f66b272629e,True,,f4ce55af8f1c2871
76,VDF_Global_Commodity,STEEL,2026-04-27,2026.0,91475892ffe9d810,C:\Users\tonyk\Downloads\VeritasIntelligenceAnalytics\dict\VDF\_active\VDF_AKSHARE_KEY_REPAIR_ROOTCAUSE_SMART_REMAP_v027811_20260610_221501\preview\VDF_AkShare_SmartRepairedPreview_v027811.json,VDF_AkShare_SmartRepairedPreview_v027811.json,symbol,date,value,vdf_original_row_hash,VDF_Global_Commodity|STEEL|2026-04-27|91475892ffe9d810,True,,1a7f7b2d857bf1e9
77,VDF_Global_Commodity,STEEL,2026-04-28,2026.0,891e352b8da62a27,C:\Users\tonyk\Downloads\VeritasIntelligenceAnalytics\dict\VDF\_active\VDF_AKSHARE_KEY_REPAIR_ROOTCAUSE_SMART_REMAP_v027811_20260610_221501\preview\VDF_AkShare_SmartRepairedPreview_v027811.json,VDF_AkShare_SmartRepairedPreview_v027811.json,symbol,date,value,vdf_original_row_hash,VDF_Global_Commodity|STEEL|2026-04-28|891e352b8da62a27,True,,dae99aa19b06af09
78,VDF_Global_Commodity,STEEL,2026-04-29,2026.0,30304b5d6940e0a4,C:\Users\tonyk\Downloads\VeritasIntelligenceAnalytics\dict\VDF\_active\VDF_AKSHARE_KEY_REPAIR_ROOTCAUSE_SMART_REMAP_v027811_20260610_221501\preview\VDF_AkShare_SmartRepairedPreview_v027811.json,VDF_AkShare_SmartRepairedPreview_v027811.json,symbol,date,value,vdf_original_row_hash,VDF_Global_Commodity|STEEL|2026-04-29|30304b5d6940e0a4,True,,8522a5098d72f48b
79,VDF_Global_Commodity,STEEL,2026-04-30,2026.0,51ed4ea967d80607,C:\Users\tonyk\Downloads\VeritasIntelligenceAnalytics\dict\VDF\_active\VDF_AKSHARE_KEY_REPAIR_ROOTCAUSE_SMART_REMAP_v027811_20260610_221501\preview\VDF_AkShare_SmartRepairedPreview_v027811.json,VDF_AkShare_SmartRepairedPreview_v027811.json,symbol,date,value,vdf_original_row_hash,VDF_Global_Commodity|STEEL|2026-04-30|51ed4ea967d80607,True,,68f14aba86c99db3
80,VDF_Global_Commodity,STEEL,2026-05-01,2026.0,5788f3c7b6f2f13c,C:\Users\tonyk\Downloads\VeritasIntelligenceAnalytics\dict\VDF\_active\VDF_AKSHARE_KEY_REPAIR_ROOTCAUSE_SMART_REMAP_v027811_20260610_221501\preview\VDF_AkShare_SmartRepairedPreview_v027811.json,VDF_AkShare_SmartRepairedPreview_v027811.json,symbol,date,value,vdf_original_row_hash,VDF_Global_Commodity|STEEL|2026-05-01|5788f3c7b6f2f13c,True,,1a451d62cc8bc22a
81,VDF_Global_Commodity,STEEL,2026-05-02,2026.0,d9615ec1503895fc,C:\Users\tonyk\Downloads\VeritasIntelligenceAnalytics\dict\VDF\_active\VDF_AKSHARE_KEY_REPAIR_ROOTCAUSE_SMART_REMAP_v027811_20260610_221501\preview\VDF_AkShare_SmartRepairedPreview_v027811.json,VDF_AkShare_SmartRepairedPreview_v027811.json,symbol,date,value,vdf_original_row_hash,VDF_Global_Commodity|STEEL|2026-05-02|d9615ec1503895fc,True,,8faac9e688f66851
82,VDF_Global_Commodity,STEEL,2026-05-03,2026.0,5fea67218864f25a,C:\Users\tonyk\Downloads\VeritasIntelligenceAnalytics\dict\VDF\_active\VDF_AKSHARE_KEY_REPAIR_ROOTCAUSE_SMART_REMAP_v027811_20260610_221501\preview\VDF_AkShare_SmartRepairedPreview_v027811.json,VDF_AkShare_SmartRepairedPreview_v027811.json,symbol,date,value,vdf_original_row_hash,VDF_Global_Commodity|STEEL|2026-05-03|5fea67218864f25a,True,,6d0bbbcb8133a6cc
83,VDF_Global_Commodity,STEEL,2026-05-04,2026.0,94c5e739c0423990,C:\Users\tonyk\Downloads\VeritasIntelligenceAnalytics\dict\VDF\_active\VDF_AKSHARE_KEY_REPAIR_ROOTCAUSE_SMART_REMAP_v027811_20260610_221501\preview\VDF_AkShare_SmartRepairedPreview_v027811.json,VDF_AkShare_SmartRepairedPreview_v027811.json,symbol,date,value,vdf_original_row_hash,VDF_Global_Commodity|STEEL|2026-05-04|94c5e739c0423990,True,,cf48d00b87b22c0c
84,VDF_Global_Commodity,STEEL,2026-05-05,2026.0,3a7550f068ef5492,C:\Users\tonyk\Downloads\VeritasIntelligenceAnalytics\dict\VDF\_active\VDF_AKSHARE_KEY_REPAIR_ROOTCAUSE_SMART_REMAP_v027811_20260610_221501\preview\VDF_AkShare_SmartRepairedPreview_v027811.json,VDF_AkShare_SmartRepairedPreview_v027811.json,symbol,date,value,vdf_original_row_hash,VDF_Global_Commodity|STEEL|2026-05-05|3a7550f068ef5492,True,,3a76752430a7a678
85,VDF_Global_Commodity,STEEL,2026-05-06,2026.0,46671818c77893a3,C:\Users\tonyk\Downloads\VeritasIntelligenceAnalytics\dict\VDF\_active\VDF_AKSHARE_KEY_REPAIR_ROOTCAUSE_SMART_REMAP_v027811_20260610_221501\preview\VDF_AkShare_SmartRepairedPreview_v027811.json,VDF_AkShare_SmartRepairedPreview_v027811.json,symbol,date,value,vdf_original_row_hash,VDF_Global_Commodity|STEEL|2026-05-06|46671818c77893a3,True,,a3e4093145d983c5
86,VDF_Global_Commodity,STEEL,2026-05-07,2026.0,84d7630c6f8767a6,C:\Users\tonyk\Downloads\VeritasIntelligenceAnalytics\dict\VDF\_active\VDF_AKSHARE_KEY_REPAIR_ROOTCAUSE_SMART_REMAP_v027811_20260610_221501\preview\VDF_AkShare_SmartRepairedPreview_v027811.json,VDF_AkShare_SmartRepairedPreview_v027811.json,symbol,date,value,vdf_original_row_hash,VDF_Global_Commodity|STEEL|2026-05-07|84d7630c6f8767a6,True,,c5c3ff53f901e45b
87,VDF_Global_Commodity,STEEL,2026-05-08,2026.0,647c9578f60e4982,C:\Users\tonyk\Downloads\VeritasIntelligenceAnalytics\dict\VDF\_active\VDF_AKSHARE_KEY_REPAIR_ROOTCAUSE_SMART_REMAP_v027811_20260610_221501\preview\VDF_AkShare_SmartRepairedPreview_v027811.json,VDF_AkShare_SmartRepairedPreview_v027811.json,symbol,date,value,vdf_original_row_hash,VDF_Global_Commodity|STEEL|2026-05-08|647c9578f60e4982,True,,20c95a7d4260ad8d
88,VDF_Global_Commodity,STEEL,2026-05-09,2026.0,4d725fc1c1b4b54e,C:\Users\tonyk\Downloads\VeritasIntelligenceAnalytics\dict\VDF\_active\VDF_AKSHARE_KEY_REPAIR_ROOTCAUSE_SMART_REMAP_v027811_20260610_221501\preview\VDF_AkShare_SmartRepairedPreview_v027811.json,VDF_AkShare_SmartRepairedPreview_v027811.json,symbol,date,value,vdf_original_row_hash,VDF_Global_Commodity|STEEL|2026-05-09|4d725fc1c1b4b54e,True,,fb54731a2c762d4b
89,VDF_Global_Commodity,STEEL,2026-05-10,2026.0,d9111cc55c60a669,C:\Users\tonyk\Downloads\VeritasIntelligenceAnalytics\dict\VDF\_active\VDF_AKSHARE_KEY_REPAIR_ROOTCAUSE_SMART_REMAP_v027811_20260610_221501\preview\VDF_AkShare_SmartRepairedPreview_v027811.json,VDF_AkShare_SmartRepairedPreview_v027811.json,symbol,date,value,vdf_original_row_hash,VDF_Global_Commodity|STEEL|2026-05-10|d9111cc55c60a669,True,,e26506affbe779af
90,VDF_Global_Commodity,STEEL,2026-05-11,2026.0,3fa543a12d9a8639,C:\Users\tonyk\Downloads\VeritasIntelligenceAnalytics\dict\VDF\_active\VDF_AKSHARE_KEY_REPAIR_ROOTCAUSE_SMART_REMAP_v027811_20260610_221501\preview\VDF_AkShare_SmartRepairedPreview_v027811.json,VDF_AkShare_SmartRepairedPreview_v027811.json,symbol,date,value,vdf_original_row_hash,VDF_Global_Commodity|STEEL|2026-05-11|3fa543a12d9a8639,True,,d6efb17ce5eb014a
91,VDF_Global_Commodity,STEEL,2026-05-12,2026.0,30bed848daa09b96,C:\Users\tonyk\Downloads\VeritasIntelligenceAnalytics\dict\VDF\_active\VDF_AKSHARE_KEY_REPAIR_ROOTCAUSE_SMART_REMAP_v027811_20260610_221501\preview\VDF_AkShare_SmartRepairedPreview_v027811.json,VDF_AkShare_SmartRepairedPreview_v027811.json,symbol,date,value,vdf_original_row_hash,VDF_Global_Commodity|STEEL|2026-05-12|30bed848daa09b96,True,,49755dba4a90307f
92,VDF_Global_Commodity,STEEL,2026-05-13,2026.0,a9ff9b19c708de0a,C:\Users\tonyk\Downloads\VeritasIntelligenceAnalytics\dict\VDF\_active\VDF_AKSHARE_KEY_REPAIR_ROOTCAUSE_SMART_REMAP_v027811_20260610_221501\preview\VDF_AkShare_SmartRepairedPreview_v027811.json,VDF_AkShare_SmartRepairedPreview_v027811.json,symbol,date,value,vdf_original_row_hash,VDF_Global_Commodity|STEEL|2026-05-13|a9ff9b19c708de0a,True,,4b30dfb66e629ef1
93,VDF_Global_Commodity,STEEL,2026-05-14,2026.0,b16a301dee35ed47,C:\Users\tonyk\Downloads\VeritasIntelligenceAnalytics\dict\VDF\_active\VDF_AKSHARE_KEY_REPAIR_ROOTCAUSE_SMART_REMAP_v027811_20260610_221501\preview\VDF_AkShare_SmartRepairedPreview_v027811.json,VDF_AkShare_SmartRepairedPreview_v027811.json,symbol,date,value,vdf_original_row_hash,VDF_Global_Commodity|STEEL|2026-05-14|b16a301dee35ed47,True,,bcb8e217c748345c
94,VDF_Global_Commodity,STEEL,2026-05-15,2026.0,a585105d016aa2de,C:\Users\tonyk\Downloads\VeritasIntelligenceAnalytics\dict\VDF\_active\VDF_AKSHARE_KEY_REPAIR_ROOTCAUSE_SMART_REMAP_v027811_20260610_221501\preview\VDF_AkShare_SmartRepairedPreview_v027811.json,VDF_AkShare_SmartRepairedPreview_v027811.json,symbol,date,value,vdf_original_row_hash,VDF_Global_Commodity|STEEL|2026-05-15|a585105d016aa2de,True,,8c082db0fb576e08
95,VDF_Global_Commodity,STEEL,2026-05-16,2026.0,104addbe1f270dec,C:\Users\tonyk\Downloads\VeritasIntelligenceAnalytics\dict\VDF\_active\VDF_AKSHARE_KEY_REPAIR_ROOTCAUSE_SMART_REMAP_v027811_20260610_221501\preview\VDF_AkShare_SmartRepairedPreview_v027811.json,VDF_AkShare_SmartRepairedPreview_v027811.json,symbol,date,value,vdf_original_row_hash,VDF_Global_Commodity|STEEL|2026-05-16|104addbe1f270dec,True,,b146ee77f7431cd6
96,VDF_Global_Commodity,STEEL,2026-05-17,2026.0,d4e02c8ad0b90374,C:\Users\tonyk\Downloads\VeritasIntelligenceAnalytics\dict\VDF\_active\VDF_AKSHARE_KEY_REPAIR_ROOTCAUSE_SMART_REMAP_v027811_20260610_221501\preview\VDF_AkShare_SmartRepairedPreview_v027811.json,VDF_AkShare_SmartRepairedPreview_v027811.json,symbol,date,value,vdf_original_row_hash,VDF_Global_Commodity|STEEL|2026-05-17|d4e02c8ad0b90374,True,,f8ecf4337acac930
97,VDF_Global_Commodity,STEEL,2026-05-18,2026.0,fefcd372d469ffda,C:\Users\tonyk\Downloads\VeritasIntelligenceAnalytics\dict\VDF\_active\VDF_AKSHARE_KEY_REPAIR_ROOTCAUSE_SMART_REMAP_v027811_20260610_221501\preview\VDF_AkShare_SmartRepairedPreview_v027811.json,VDF_AkShare_SmartRepairedPreview_v027811.json,symbol,date,value,vdf_original_row_hash,VDF_Global_Commodity|STEEL|2026-05-18|fefcd372d469ffda,True,,64a8726f4912f744
98,VDF_Global_Commodity,STEEL,2026-05-19,2026.0,a150ab7061c116e0,C:\Users\tonyk\Downloads\VeritasIntelligenceAnalytics\dict\VDF\_active\VDF_AKSHARE_KEY_REPAIR_ROOTCAUSE_SMART_REMAP_v027811_20260610_221501\preview\VDF_AkShare_SmartRepairedPreview_v027811.json,VDF_AkShare_SmartRepairedPreview_v027811.json,symbol,date,value,vdf_original_row_hash,VDF_Global_Commodity|STEEL|2026-05-19|a150ab7061c116e0,True,,6c1ca655a3ff35d0
99,VDF_Global_Commodity,STEEL,2026-05-20,2026.0,716b95c92338a230,C:\Users\tonyk\Downloads\VeritasIntelligenceAnalytics\dict\VDF\_active\VDF_AKSHARE_KEY_REPAIR_ROOTCAUSE_SMART_REMAP_v027811_20260610_221501\preview\VDF_AkShare_SmartRepairedPreview_v027811.json,VDF_AkShare_SmartRepairedPreview_v027811.json,symbol,date,value,vdf_original_row_hash,VDF_Global_Commodity|STEEL|2026-05-20|716b95c92338a230,True,,d61c1d446052ac60
100,VDF_Global_Commodity,STEEL,2026-05-21,2026.0,726656cb1305f67e,C:\Users\tonyk\Downloads\VeritasIntelligenceAnalytics\dict\VDF\_active\VDF_AKSHARE_KEY_REPAIR_ROOTCAUSE_SMART_REMAP_v027811_20260610_221501\preview\VDF_AkShare_SmartRepairedPreview_v027811.json,VDF_AkShare_SmartRepairedPreview_v027811.json,symbol,date,value,vdf_original_row_hash,VDF_Global_Commodity|STEEL|2026-05-21|726656cb1305f67e,True,,8e23227c23349c0e
101,VDF_Global_Commodity,STEEL,2026-05-22,2026.0,516070d60627a41e,C:\Users\tonyk\Downloads\VeritasIntelligenceAnalytics\dict\VDF\_active\VDF_AKSHARE_KEY_REPAIR_ROOTCAUSE_SMART_REMAP_v027811_20260610_221501\preview\VDF_AkShare_SmartRepairedPreview_v027811.json,VDF_AkShare_SmartRepairedPreview_v027811.json,symbol,date,value,vdf_original_row_hash,VDF_Global_Commodity|STEEL|2026-05-22|516070d60627a41e,True,,6f549777f4be6bce
102,VDF_Global_Commodity,STEEL,2026-05-23,2026.0,170ea7960b94ee13,C:\Users\tonyk\Downloads\VeritasIntelligenceAnalytics\dict\VDF\_active\VDF_AKSHARE_KEY_REPAIR_ROOTCAUSE_SMART_REMAP_v027811_20260610_221501\preview\VDF_AkShare_SmartRepairedPreview_v027811.json,VDF_AkShare_SmartRepairedPreview_v027811.json,symbol,date,value,vdf_original_row_hash,VDF_Global_Commodity|STEEL|2026-05-23|170ea7960b94ee13,True,,cd03c682df950592
103,VDF_Global_Commodity,STEEL,2026-05-24,2026.0,90512da68dddf876,C:\Users\tonyk\Downloads\VeritasIntelligenceAnalytics\dict\VDF\_active\VDF_AKSHARE_KEY_REPAIR_ROOTCAUSE_SMART_REMAP_v027811_20260610_221501\preview\VDF_AkShare_SmartRepairedPreview_v027811.json,VDF_AkShare_SmartRepairedPreview_v027811.json,symbol,date,value,vdf_original_row_hash,VDF_Global_Commodity|STEEL|2026-05-24|90512da68dddf876,True,,f376f9e923ccfd6a
104,VDF_Global_Commodity,STEEL,2026-05-25,2026.0,a8b621f447f59f53,C:\Users\tonyk\Downloads\VeritasIntelligenceAnalytics\dict\VDF\_active\VDF_AKSHARE_KEY_REPAIR_ROOTCAUSE_SMART_REMAP_v027811_20260610_221501\preview\VDF_AkShare_SmartRepairedPreview_v027811.json,VDF_AkShare_SmartRepairedPreview_v027811.json,symbol,date,value,vdf_original_row_hash,VDF_Global_Commodity|STEEL|2026-05-25|a8b621f447f59f53,True,,e5f806dafb8f8c0a
105,VDF_Global_Commodity,STEEL,2026-05-26,2026.0,9b6451e7a5a53779,C:\Users\tonyk\Downloads\VeritasIntelligenceAnalytics\dict\VDF\_active\VDF_AKSHARE_KEY_REPAIR_ROOTCAUSE_SMART_REMAP_v027811_20260610_221501\preview\VDF_AkShare_SmartRepairedPreview_v027811.json,VDF_AkShare_SmartRepairedPreview_v027811.json,symbol,date,value,vdf_original_row_hash,VDF_Global_Commodity|STEEL|2026-05-26|9b6451e7a5a53779,True,,e8632e8bbf2f46c9
106,VDF_Global_Commodity,STEEL,2026-05-27,2026.0,bd41869305419303,C:\Users\tonyk\Downloads\VeritasIntelligenceAnalytics\dict\VDF\_active\VDF_AKSHARE_KEY_REPAIR_ROOTCAUSE_SMART_REMAP_v027811_20260610_221501\preview\VDF_AkShare_SmartRepairedPreview_v027811.json,VDF_AkShare_SmartRepairedPreview_v027811.json,symbol,date,value,vdf_original_row_hash,VDF_Global_Commodity|STEEL|2026-05-27|bd41869305419303,True,,e7c6c745e259415b
107,VDF_Global_Commodity,STEEL,2026-05-28,2026.0,3e56ab0ce2afa61d,C:\Users\tonyk\Downloads\VeritasIntelligenceAnalytics\dict\VDF\_active\VDF_AKSHARE_KEY_REPAIR_ROOTCAUSE_SMART_REMAP_v027811_20260610_221501\preview\VDF_AkShare_SmartRepairedPreview_v027811.json,VDF_AkShare_SmartRepairedPreview_v027811.json,symbol,date,value,vdf_original_row_hash,VDF_Global_Commodity|STEEL|2026-05-28|3e56ab0ce2afa61d,True,,f4e3a877208d794f
108,VDF_Global_Commodity,STEEL,2026-05-29,2026.0,40e8296c0ed61094,C:\Users\tonyk\Downloads\VeritasIntelligenceAnalytics\dict\VDF\_active\VDF_AKSHARE_KEY_REPAIR_ROOTCAUSE_SMART_REMAP_v027811_20260610_221501\preview\VDF_AkShare_SmartRepairedPreview_v027811.json,VDF_AkShare_SmartRepairedPreview_v027811.json,symbol,date,value,vdf_original_row_hash,VDF_Global_Commodity|STEEL|2026-05-29|40e8296c0ed61094,True,,0f22c186ebdf37b3
109,VDF_Global_Commodity,STEEL,2026-05-30,2026.0,e53d73801e8f4112,C:\Users\tonyk\Downloads\VeritasIntelligenceAnalytics\dict\VDF\_active\VDF_AKSHARE_KEY_REPAIR_ROOTCAUSE_SMART_REMAP_v027811_20260610_221501\preview\VDF_AkShare_SmartRepairedPreview_v027811.json,VDF_AkShare_SmartRepairedPreview_v027811.json,symbol,date,value,vdf_original_row_hash,VDF_Global_Commodity|STEEL|2026-05-30|e53d73801e8f4112,True,,774e16f415ed3e6b
110,VDF_Global_Commodity,STEEL,2026-05-31,2026.0,fef82514d2108ea1,C:\Users\tonyk\Downloads\VeritasIntelligenceAnalytics\dict\VDF\_active\VDF_AKSHARE_KEY_REPAIR_ROOTCAUSE_SMART_REMAP_v027811_20260610_221501\preview\VDF_AkShare_SmartRepairedPreview_v027811.json,VDF_AkShare_SmartRepairedPreview_v027811.json,symbol,date,value,vdf_original_row_hash,VDF_Global_Commodity|STEEL|2026-05-31|fef82514d2108ea1,True,,124e99a101699094
111,VDF_Global_Commodity,STEEL,2026-06-01,2026.0,518388a4bd633bdf,C:\Users\tonyk\Downloads\VeritasIntelligenceAnalytics\dict\VDF\_active\VDF_AKSHARE_KEY_REPAIR_ROOTCAUSE_SMART_REMAP_v027811_20260610_221501\preview\VDF_AkShare_SmartRepairedPreview_v027811.json,VDF_AkShare_SmartRepairedPreview_v027811.json,symbol,date,value,vdf_original_row_hash,VDF_Global_Commodity|STEEL|2026-06-01|518388a4bd633bdf,True,,e0a8b78fc35a0d82
112,VDF_Global_Commodity,STEEL,2026-06-02,2026.0,56d9bd37d5c6d037,C:\Users\tonyk\Downloads\VeritasIntelligenceAnalytics\dict\VDF\_active\VDF_AKSHARE_KEY_REPAIR_ROOTCAUSE_SMART_REMAP_v027811_20260610_221501\preview\VDF_AkShare_SmartRepairedPreview_v027811.json,VDF_AkShare_SmartRepairedPreview_v027811.json,symbol,date,value,vdf_original_row_hash,VDF_Global_Commodity|STEEL|2026-06-02|56d9bd37d5c6d037,True,,01f91f86b461f03d
113,VDF_Global_Commodity,STEEL,2026-06-03,2026.0,348f2d77d1f984b6,C:\Users\tonyk\Downloads\VeritasIntelligenceAnalytics\dict\VDF\_active\VDF_AKSHARE_KEY_REPAIR_ROOTCAUSE_SMART_REMAP_v027811_20260610_221501\preview\VDF_AkShare_SmartRepairedPreview_v027811.json,VDF_AkShare_SmartRepairedPreview_v027811.json,symbol,date,value,vdf_original_row_hash,VDF_Global_Commodity|STEEL|2026-06-03|348f2d77d1f984b6,True,,25a51275030f0f1d
114,VDF_Global_Commodity,STEEL,2026-06-04,2026.0,effbe9b4a4e02568,C:\Users\tonyk\Downloads\VeritasIntelligenceAnalytics\dict\VDF\_active\VDF_AKSHARE_KEY_REPAIR_ROOTCAUSE_SMART_REMAP_v027811_20260610_221501\preview\VDF_AkShare_SmartRepairedPreview_v027811.json,VDF_AkShare_SmartRepairedPreview_v027811.json,symbol,date,value,vdf_original_row_hash,VDF_Global_Commodity|STEEL|2026-06-04|effbe9b4a4e02568,True,,9530454bc1f0ed5d
115,VDF_Global_Commodity,STEEL,2026-06-05,2026.0,e5968e77e8c85060,C:\Users\tonyk\Downloads\VeritasIntelligenceAnalytics\dict\VDF\_active\VDF_AKSHARE_KEY_REPAIR_ROOTCAUSE_SMART_REMAP_v027811_20260610_221501\preview\VDF_AkShare_SmartRepairedPreview_v027811.json,VDF_AkShare_SmartRepairedPreview_v027811.json,symbol,date,value,vdf_original_row_hash,VDF_Global_Commodity|STEEL|2026-06-05|e5968e77e8c85060,True,,69fb2a4f3e494682
116,VDF_Global_Commodity,STEEL,2026-06-06,2026.0,751374545aa7d59f,C:\Users\tonyk\Downloads\VeritasIntelligenceAnalytics\dict\VDF\_active\VDF_AKSHARE_KEY_REPAIR_ROOTCAUSE_SMART_REMAP_v027811_20260610_221501\preview\VDF_AkShare_SmartRepairedPreview_v027811.json,VDF_AkShare_SmartRepairedPreview_v027811.json,symbol,date,value,vdf_original_row_hash,VDF_Global_Commodity|STEEL|2026-06-06|751374545aa7d59f,True,,45587cacbbbf77a5
117,VDF_Global_Commodity,STEEL,2026-06-07,2026.0,2e28489319df7bab,C:\Users\tonyk\Downloads\VeritasIntelligenceAnalytics\dict\VDF\_active\VDF_AKSHARE_KEY_REPAIR_ROOTCAUSE_SMART_REMAP_v027811_20260610_221501\preview\VDF_AkShare_SmartRepairedPreview_v027811.json,VDF_AkShare_SmartRepairedPreview_v027811.json,symbol,date,value,vdf_original_row_hash,VDF_Global_Commodity|STEEL|2026-06-07|2e28489319df7bab,True,,f0f56a54aed32aac
118,VDF_Global_Commodity,STEEL,2026-06-08,2026.0,587050c546c2fc6f,C:\Users\tonyk\Downloads\VeritasIntelligenceAnalytics\dict\VDF\_active\VDF_AKSHARE_KEY_REPAIR_ROOTCAUSE_SMART_REMAP_v027811_20260610_221501\preview\VDF_AkShare_SmartRepairedPreview_v027811.json,VDF_AkShare_SmartRepairedPreview_v027811.json,symbol,date,value,vdf_original_row_hash,VDF_Global_Commodity|STEEL|2026-06-08|587050c546c2fc6f,True,,571d88ddb36b846b
119,VDF_Global_Commodity,STEEL,2026-06-09,2026.0,dbe71981a6e3cd04,C:\Users\tonyk\Downloads\VeritasIntelligenceAnalytics\dict\VDF\_active\VDF_AKSHARE_KEY_REPAIR_ROOTCAUSE_SMART_REMAP_v027811_20260610_221501\preview\VDF_AkShare_SmartRepairedPreview_v027811.json,VDF_AkShare_SmartRepairedPreview_v027811.json,symbol,date,value,vdf_original_row_hash,VDF_Global_Commodity|STEEL|2026-06-09|dbe71981a6e3cd04,True,,6c8115faef987b70
120,VDF_Global_Commodity,STEEL,2026-06-10,2026.0,284322b2697ecb17,C:\Users\tonyk\Downloads\VeritasIntelligenceAnalytics\dict\VDF\_active\VDF_AKSHARE_KEY_REPAIR_ROOTCAUSE_SMART_REMAP_v027811_20260610_221501\preview\VDF_AkShare_SmartRepairedPreview_v027811.json,VDF_AkShare_SmartRepairedPreview_v027811.json,symbol,date,value,vdf_original_row_hash,VDF_Global_Commodity|STEEL|2026-06-10|284322b2697ecb17,True,,27b4bd5b57ceb9bb
121,VDF_Global_Commodity,COMMODITY_FUTURES,2026-06-10,,8ed97111ad0a8683,C:\Users\tonyk\Downloads\VeritasIntelligenceAnalytics\dict\VDF\_active\VDF_AKSHARE_KEY_REPAIR_ROOTCAUSE_SMART_REMAP_v027811_20260610_221501\preview\VDF_AkShare_SmartRepairedPreview_v027811.json,VDF_AkShare_SmartRepairedPreview_v027811.json,symbol,date,value,vdf_original_row_hash,VDF_Global_Commodity|COMMODITY_FUTURES|2026-06-10|8ed97111ad0a8683,False,value_blank_or_non_numeric,c3c749a85e1b7f56
122,VDF_Global_Commodity,COMMODITY_FUTURES,2026-06-10,,b6c324f1982f4025,C:\Users\tonyk\Downloads\VeritasIntelligenceAnalytics\dict\VDF\_active\VDF_AKSHARE_KEY_REPAIR_ROOTCAUSE_SMART_REMAP_v027811_20260610_221501\preview\VDF_AkShare_SmartRepairedPreview_v027811.json,VDF_AkShare_SmartRepairedPreview_v027811.json,symbol,date,value,vdf_original_row_hash,VDF_Global_Commodity|COMMODITY_FUTURES|2026-06-10|b6c324f1982f4025,False,value_blank_or_non_numeric,0916891cb31041b7
123,VDF_Global_Commodity,COMMODITY_FUTURES,2026-06-10,3.0,57eb5cd28b5ac54e,C:\Users\tonyk\Downloads\VeritasIntelligenceAnalytics\dict\VDF\_active\VDF_AKSHARE_KEY_REPAIR_ROOTCAUSE_SMART_REMAP_v027811_20260610_221501\preview\VDF_AkShare_SmartRepairedPreview_v027811.json,VDF_AkShare_SmartRepairedPreview_v027811.json,symbol,date,value,vdf_original_row_hash,VDF_Global_Commodity|COMMODITY_FUTURES|2026-06-10|57eb5cd28b5ac54e,True,,83d1656327f2b664
124,VDF_Global_Commodity,COMMODITY_FUTURES,2026-06-10,,a6f7896282f27654,C:\Users\tonyk\Downloads\VeritasIntelligenceAnalytics\dict\VDF\_active\VDF_AKSHARE_KEY_REPAIR_ROOTCAUSE_SMART_REMAP_v027811_20260610_221501\preview\VDF_AkShare_SmartRepairedPreview_v027811.json,VDF_AkShare_SmartRepairedPreview_v027811.json,symbol,date,value,vdf_original_row_hash,VDF_Global_Commodity|COMMODITY_FUTURES|2026-06-10|a6f7896282f27654,False,value_blank_or_non_numeric,193fe0a3ed0dc812
125,VDF_Global_Commodity,COMMODITY_FUTURES,2026-06-10,,8881531c4db276fc,C:\Users\tonyk\Downloads\VeritasIntelligenceAnalytics\dict\VDF\_active\VDF_AKSHARE_KEY_REPAIR_ROOTCAUSE_SMART_REMAP_v027811_20260610_221501\preview\VDF_AkShare_SmartRepairedPreview_v027811.json,VDF_AkShare_SmartRepairedPreview_v027811.json,symbol,date,value,vdf_original_row_hash,VDF_Global_Commodity|COMMODITY_FUTURES|2026-06-10|8881531c4db276fc,False,value_blank_or_non_numeric,0fcc346df890ac43
126,VDF_Global_Commodity,COMMODITY_FUTURES,2026-06-10,,87b1ad27576725bf,C:\Users\tonyk\Downloads\VeritasIntelligenceAnalytics\dict\VDF\_active\VDF_AKSHARE_KEY_REPAIR_ROOTCAUSE_SMART_REMAP_v027811_20260610_221501\preview\VDF_AkShare_SmartRepairedPreview_v027811.json,VDF_AkShare_SmartRepairedPreview_v027811.json,symbol,date,value,vdf_original_row_hash,VDF_Global_Commodity|COMMODITY_FUTURES|2026-06-10|87b1ad27576725bf,False,value_blank_or_non_numeric,e0c5d4c77038719d
127,VDF_Global_Commodity,COMMODITY_FUTURES,2026-06-10,,b0e761cec4a31790,C:\Users\tonyk\Downloads\VeritasIntelligenceAnalytics\dict\VDF\_active\VDF_AKSHARE_KEY_REPAIR_ROOTCAUSE_SMART_REMAP_v027811_20260610_221501\preview\VDF_AkShare_SmartRepairedPreview_v027811.json,VDF_AkShare_SmartRepairedPreview_v027811.json,symbol,date,value,vdf_original_row_hash,VDF_Global_Commodity|COMMODITY_FUTURES|2026-06-10|b0e761cec4a31790,False,value_blank_or_non_numeric,947bdd047b1d420c
128,VDF_Global_Commodity,COMMODITY_FUTURES,2026-06-10,,e4c42bf85705583b,C:\Users\tonyk\Downloads\VeritasIntelligenceAnalytics\dict\VDF\_active\VDF_AKSHARE_KEY_REPAIR_ROOTCAUSE_SMART_REMAP_v027811_20260610_221501\preview\VDF_AkShare_SmartRepairedPreview_v027811.json,VDF_AkShare_SmartRepairedPreview_v027811.json,symbol,date,value,vdf_original_row_hash,VDF_Global_Commodity|COMMODITY_FUTURES|2026-06-10|e4c42bf85705583b,False,value_blank_or_non_numeric,d2e5553a860ee43c
129,VDF_Global_Commodity,COMMODITY_FUTURES,2026-06-10,,abd3206346ff4d85,C:\Users\tonyk\Downloads\VeritasIntelligenceAnalytics\dict\VDF\_active\VDF_AKSHARE_KEY_REPAIR_ROOTCAUSE_SMART_REMAP_v027811_20260610_221501\preview\VDF_AkShare_SmartRepairedPreview_v027811.json,VDF_AkShare_SmartRepairedPreview_v027811.json,symbol,date,value,vdf_original_row_hash,VDF_Global_Commodity|COMMODITY_FUTURES|2026-06-10|abd3206346ff4d85,False,value_blank_or_non_numeric,b806bebec6fabf0e
130,VDF_Global_Commodity,COMMODITY_FUTURES,2026-06-10,,34e6a213b7c37244,C:\Users\tonyk\Downloads\VeritasIntelligenceAnalytics\dict\VDF\_active\VDF_AKSHARE_KEY_REPAIR_ROOTCAUSE_SMART_REMAP_v027811_20260610_221501\preview\VDF_AkShare_SmartRepairedPreview_v027811.json,VDF_AkShare_SmartRepairedPreview_v027811.json,symbol,date,value,vdf_original_row_hash,VDF_Global_Commodity|COMMODITY_FUTURES|2026-06-10|34e6a213b7c37244,False,value_blank_or_non_numeric,4b53f9aec1afcb2c
131,VDF_Global_Commodity,COMMODITY_FUTURES,2026-06-10,,ea39f86f0cc205f2,C:\Users\tonyk\Downloads\VeritasIntelligenceAnalytics\dict\VDF\_active\VDF_AKSHARE_KEY_REPAIR_ROOTCAUSE_SMART_REMAP_v027811_20260610_221501\preview\VDF_AkShare_SmartRepairedPreview_v027811.json,VDF_AkShare_SmartRepairedPreview_v027811.json,symbol,date,value,vdf_original_row_hash,VDF_Global_Commodity|COMMODITY_FUTURES|2026-06-10|ea39f86f0cc205f2,False,value_blank_or_non_numeric,cc8087f2c5e17c47
132,VDF_Global_Commodity,COMMODITY_FUTURES,2026-06-10,,b599eda556917203,C:\Users\tonyk\Downloads\VeritasIntelligenceAnalytics\dict\VDF\_active\VDF_AKSHARE_KEY_REPAIR_ROOTCAUSE_SMART_REMAP_v027811_20260610_221501\preview\VDF_AkShare_SmartRepairedPreview_v027811.json,VDF_AkShare_SmartRepairedPreview_v027811.json,symbol,date,value,vdf_original_row_hash,VDF_Global_Commodity|COMMODITY_FUTURES|2026-06-10|b599eda556917203,False,value_blank_or_non_numeric,9e3ceb63f9365426
133,VDF_Global_Commodity,COMMODITY_FUTURES,2026-06-10,,5ef2551ad8ff5d40,C:\Users\tonyk\Downloads\VeritasIntelligenceAnalytics\dict\VDF\_active\VDF_AKSHARE_KEY_REPAIR_ROOTCAUSE_SMART_REMAP_v027811_20260610_221501\preview\VDF_AkShare_SmartRepairedPreview_v027811.json,VDF_AkShare_SmartRepairedPreview_v027811.json,symbol,date,value,vdf_original_row_hash,VDF_Global_Commodity|COMMODITY_FUTURES|2026-06-10|5ef2551ad8ff5d40,False,value_blank_or_non_numeric,779d1c67ace17183
134,VDF_Global_Commodity,COMMODITY_FUTURES,2026-06-10,,ec5bc834d2fb249d,C:\Users\tonyk\Downloads\VeritasIntelligenceAnalytics\dict\VDF\_active\VDF_AKSHARE_KEY_REPAIR_ROOTCAUSE_SMART_REMAP_v027811_20260610_221501\preview\VDF_AkShare_SmartRepairedPreview_v027811.json,VDF_AkShare_SmartRepairedPreview_v027811.json,symbol,date,value,vdf_original_row_hash,VDF_Global_Commodity|COMMODITY_FUTURES|2026-06-10|ec5bc834d2fb249d,False,value_blank_or_non_numeric,3cc181cedc97ad9f
135,VDF_Global_Commodity,COMMODITY_FUTURES,2026-06-10,,fc3703242831a527,C:\Users\tonyk\Downloads\VeritasIntelligenceAnalytics\dict\VDF\_active\VDF_AKSHARE_KEY_REPAIR_ROOTCAUSE_SMART_REMAP_v027811_20260610_221501\preview\VDF_AkShare_SmartRepairedPreview_v027811.json,VDF_AkShare_SmartRepairedPreview_v027811.json,symbol,date,value,vdf_original_row_hash,VDF_Global_Commodity|COMMODITY_FUTURES|2026-06-10|fc3703242831a527,False,value_blank_or_non_numeric,5b309df1b14fc038
136,VDF_Global_Commodity,COMMODITY_FUTURES,2026-06-10,,1937058cf9dcbf3f,C:\Users\tonyk\Downloads\VeritasIntelligenceAnalytics\dict\VDF\_active\VDF_AKSHARE_KEY_REPAIR_ROOTCAUSE_SMART_REMAP_v027811_20260610_221501\preview\VDF_AkShare_SmartRepairedPreview_v027811.json,VDF_AkShare_SmartRepairedPreview_v027811.json,symbol,date,value,vdf_original_row_hash,VDF_Global_Commodity|COMMODITY_FUTURES|2026-06-10|1937058cf9dcbf3f,False,value_blank_or_non_numeric,5cb5a0792526f269
137,VDF_Global_Commodity,COMMODITY_FUTURES,2026-06-10,,d87aedb292159a7a,C:\Users\tonyk\Downloads\VeritasIntelligenceAnalytics\dict\VDF\_active\VDF_AKSHARE_KEY_REPAIR_ROOTCAUSE_SMART_REMAP_v027811_20260610_221501\preview\VDF_AkShare_SmartRepairedPreview_v027811.json,VDF_AkShare_SmartRepairedPreview_v027811.json,symbol,date,value,vdf_original_row_hash,VDF_Global_Commodity|COMMODITY_FUTURES|2026-06-10|d87aedb292159a7a,False,value_blank_or_non_numeric,411ace8fe692c41e
138,VDF_Global_Commodity,COMMODITY_FUTURES,2026-06-10,,55530a7c487ccd7e,C:\Users\tonyk\Downloads\VeritasIntelligenceAnalytics\dict\VDF\_active\VDF_AKSHARE_KEY_REPAIR_ROOTCAUSE_SMART_REMAP_v027811_20260610_221501\preview\VDF_AkShare_SmartRepairedPreview_v027811.json,VDF_AkShare_SmartRepairedPreview_v027811.json,symbol,date,value,vdf_original_row_hash,VDF_Global_Commodity|COMMODITY_FUTURES|2026-06-10|55530a7c487ccd7e,False,value_blank_or_non_numeric,d417b892bb050ea0
139,VDF_Global_Commodity,COMMODITY_FUTURES,2026-06-10,,5dad3acfb3118f55,C:\Users\tonyk\Downloads\VeritasIntelligenceAnalytics\dict\VDF\_active\VDF_AKSHARE_KEY_REPAIR_ROOTCAUSE_SMART_REMAP_v027811_20260610_221501\preview\VDF_AkShare_SmartRepairedPreview_v027811.json,VDF_AkShare_SmartRepairedPreview_v027811.json,symbol,date,value,vdf_original_row_hash,VDF_Global_Commodity|COMMODITY_FUTURES|2026-06-10|5dad3acfb3118f55,False,value_blank_or_non_numeric,313094c07602b413
140,VDF_Global_Commodity,COMMODITY_FUTURES,2026-06-10,,e59bb77d090bf232,C:\Users\tonyk\Downloads\VeritasIntelligenceAnalytics\dict\VDF\_active\VDF_AKSHARE_KEY_REPAIR_ROOTCAUSE_SMART_REMAP_v027811_20260610_221501\preview\VDF_AkShare_SmartRepairedPreview_v027811.json,VDF_AkShare_SmartRepairedPreview_v027811.json,symbol,date,value,vdf_original_row_hash,VDF_Global_Commodity|COMMODITY_FUTURES|2026-06-10|e59bb77d090bf232,False,value_blank_or_non_numeric,09cbbacbf349adbb
141,VDF_Global_Commodity,COMMODITY_FUTURES,2026-06-10,,04ca49f8705f8c53,C:\Users\tonyk\Downloads\VeritasIntelligenceAnalytics\dict\VDF\_active\VDF_AKSHARE_KEY_REPAIR_ROOTCAUSE_SMART_REMAP_v027811_20260610_221501\preview\VDF_AkShare_SmartRepairedPreview_v027811.json,VDF_AkShare_SmartRepairedPreview_v027811.json,symbol,date,value,vdf_original_row_hash,VDF_Global_Commodity|COMMODITY_FUTURES|2026-06-10|04ca49f8705f8c53,False,value_blank_or_non_numeric,5204cb1dd591a432
142,VDF_Global_Commodity,COMMODITY_FUTURES,2026-06-10,,c5c416e5c0ab2b85,C:\Users\tonyk\Downloads\VeritasIntelligenceAnalytics\dict\VDF\_active\VDF_AKSHARE_KEY_REPAIR_ROOTCAUSE_SMART_REMAP_v027811_20260610_221501\preview\VDF_AkShare_SmartRepairedPreview_v027811.json,VDF_AkShare_SmartRepairedPreview_v027811.json,symbol,date,value,vdf_original_row_hash,VDF_Global_Commodity|COMMODITY_FUTURES|2026-06-10|c5c416e5c0ab2b85,False,value_blank_or_non_numeric,7660c63438721f45
143,VDF_Global_Commodity,COMMODITY_FUTURES,2026-06-10,,36fc04e0f35fc7f3,C:\Users\tonyk\Downloads\VeritasIntelligenceAnalytics\dict\VDF\_active\VDF_AKSHARE_KEY_REPAIR_ROOTCAUSE_SMART_REMAP_v027811_20260610_221501\preview\VDF_AkShare_SmartRepairedPreview_v027811.json,VDF_AkShare_SmartRepairedPreview_v027811.json,symbol,date,value,vdf_original_row_hash,VDF_Global_Commodity|COMMODITY_FUTURES|2026-06-10|36fc04e0f35fc7f3,False,value_blank_or_non_numeric,e5a60c7e893ddb97
144,VDF_Global_Commodity,COMMODITY_FUTURES,2026-06-10,,8d821f09e50a682b,C:\Users\tonyk\Downloads\VeritasIntelligenceAnalytics\dict\VDF\_active\VDF_AKSHARE_KEY_REPAIR_ROOTCAUSE_SMART_REMAP_v027811_20260610_221501\preview\VDF_AkShare_SmartRepairedPreview_v027811.json,VDF_AkShare_SmartRepairedPreview_v027811.json,symbol,date,value,vdf_original_row_hash,VDF_Global_Commodity|COMMODITY_FUTURES|2026-06-10|8d821f09e50a682b,False,value_blank_or_non_numeric,d8d25ed386b13501
145,VDF_Global_Commodity,COMMODITY_FUTURES,2026-06-10,,1fe60eee3883231c,C:\Users\tonyk\Downloads\VeritasIntelligenceAnalytics\dict\VDF\_active\VDF_AKSHARE_KEY_REPAIR_ROOTCAUSE_SMART_REMAP_v027811_20260610_221501\preview\VDF_AkShare_SmartRepairedPreview_v027811.json,VDF_AkShare_SmartRepairedPreview_v027811.json,symbol,date,value,vdf_original_row_hash,VDF_Global_Commodity|COMMODITY_FUTURES|2026-06-10|1fe60eee3883231c,False,value_blank_or_non_numeric,15ede1598984ac21
146,VDF_Global_Commodity,COMMODITY_FUTURES,2026-06-10,,d4f7a2bcee11bda6,C:\Users\tonyk\Downloads\VeritasIntelligenceAnalytics\dict\VDF\_active\VDF_AKSHARE_KEY_REPAIR_ROOTCAUSE_SMART_REMAP_v027811_20260610_221501\preview\VDF_AkShare_SmartRepairedPreview_v027811.json,VDF_AkShare_SmartRepairedPreview_v027811.json,symbol,date,value,vdf_original_row_hash,VDF_Global_Commodity|COMMODITY_FUTURES|2026-06-10|d4f7a2bcee11bda6,False,value_blank_or_non_numeric,e697b61c5b2edcbc
147,VDF_Global_Commodity,COMMODITY_FUTURES,2026-06-10,,204b222caaaa9b53,C:\Users\tonyk\Downloads\VeritasIntelligenceAnalytics\dict\VDF\_active\VDF_AKSHARE_KEY_REPAIR_ROOTCAUSE_SMART_REMAP_v027811_20260610_221501\preview\VDF_AkShare_SmartRepairedPreview_v027811.json,VDF_AkShare_SmartRepairedPreview_v027811.json,symbol,date,value,vdf_original_row_hash,VDF_Global_Commodity|COMMODITY_FUTURES|2026-06-10|204b222caaaa9b53,False,value_blank_or_non_numeric,fbbdff8b69174e36
148,VDF_Global_Commodity,COMMODITY_FUTURES,2026-06-10,,3d573dfd72c901dc,C:\Users\tonyk\Downloads\VeritasIntelligenceAnalytics\dict\VDF\_active\VDF_AKSHARE_KEY_REPAIR_ROOTCAUSE_SMART_REMAP_v027811_20260610_221501\preview\VDF_AkShare_SmartRepairedPreview_v027811.json,VDF_AkShare_SmartRepairedPreview_v027811.json,symbol,date,value,vdf_original_row_hash,VDF_Global_Commodity|COMMODITY_FUTURES|2026-06-10|3d573dfd72c901dc,False,value_blank_or_non_numeric,71bd9946c9f48b6d
149,VDF_Global_Commodity,COMMODITY_FUTURES,2026-06-10,,086b94f981eb0da1,C:\Users\tonyk\Downloads\VeritasIntelligenceAnalytics\dict\VDF\_active\VDF_AKSHARE_KEY_REPAIR_ROOTCAUSE_SMART_REMAP_v027811_20260610_221501\preview\VDF_AkShare_SmartRepairedPreview_v027811.json,VDF_AkShare_SmartRepairedPreview_v027811.json,symbol,date,value,vdf_original_row_hash,VDF_Global_Commodity|COMMODITY_FUTURES|2026-06-10|086b94f981eb0da1,False,value_blank_or_non_numeric,5058e20330389acf
150,VDF_Global_Commodity,COMMODITY_FUTURES,2026-06-10,,e6a8902b447aab14,C:\Users\tonyk\Downloads\VeritasIntelligenceAnalytics\dict\VDF\_active\VDF_AKSHARE_KEY_REPAIR_ROOTCAUSE_SMART_REMAP_v027811_20260610_221501\preview\VDF_AkShare_SmartRepairedPreview_v027811.json,VDF_AkShare_SmartRepairedPreview_v027811.json,symbol,date,value,vdf_original_row_hash,VDF_Global_Commodity|COMMODITY_FUTURES|2026-06-10|e6a8902b447aab14,False,value_blank_or_non_numeric,a337de7623b271f7
1,VDF_Global_Commodity,READY_WITH_REVIEW,2026-06-10,,2026-06-10 22:15:01,C:\Users\tonyk\Downloads\VeritasIntelligenceAnalytics\dict\VDF\_active\VDF_AKSHARE_KEY_REPAIR_ROOTCAUSE_SMART_REMAP_v027811_20260610_221501\registry\VDF_AkShare_SmartRemapReadinessGate_v027811.json,VDF_AkShare_SmartRemapReadinessGate_v027811.json,status,generated_at,allowed_to_write_database_now,generated_at,VDF_Global_Commodity|READY_WITH_REVIEW|2026-06-10|2026-06-10 22:15:01,False,value_blank_or_non_numeric,192df4b0b00d0bed
1,VDF_Global_Commodity,,,,AkShare,C:\Users\tonyk\Downloads\VeritasIntelligenceAnalytics\dict\VDF\_active\VDF_AKSHARE_KEY_REPAIR_ROOTCAUSE_SMART_REMAP_v027811_20260610_221501\registry\VDF_AkShare_SmartRemapRules_v027811.json,VDF_AkShare_SmartRemapRules_v027811.json,0,0,0,0,VDF_Global_Commodity|||AkShare,False,symbol_blank;date_blank_or_unparseable;value_blank_or_non_numeric,b183bbda5b3c4794
2,VDF_Global_Commodity,,,,AkShare,C:\Users\tonyk\Downloads\VeritasIntelligenceAnalytics\dict\VDF\_active\VDF_AKSHARE_KEY_REPAIR_ROOTCAUSE_SMART_REMAP_v027811_20260610_221501\registry\VDF_AkShare_SmartRemapRules_v027811.json,VDF_AkShare_SmartRemapRules_v027811.json,0,0,0,0,VDF_Global_Commodity|||AkShare,False,symbol_blank;date_blank_or_unparseable;value_blank_or_non_numeric,e64e8249defc56f0
3,VDF_Global_Commodity,,,,AkShare,C:\Users\tonyk\Downloads\VeritasIntelligenceAnalytics\dict\VDF\_active\VDF_AKSHARE_KEY_REPAIR_ROOTCAUSE_SMART_REMAP_v027811_20260610_221501\registry\VDF_AkShare_SmartRemapRules_v027811.json,VDF_AkShare_SmartRemapRules_v027811.json,0,0,0,0,VDF_Global_Commodity|||AkShare,False,symbol_blank;date_blank_or_unparseable;value_blank_or_non_numeric,da284aaa94690a79
4,VDF_Global_Commodity,,,,AkShare,C:\Users\tonyk\Downloads\VeritasIntelligenceAnalytics\dict\VDF\_active\VDF_AKSHARE_KEY_REPAIR_ROOTCAUSE_SMART_REMAP_v027811_20260610_221501\registry\VDF_AkShare_SmartRemapRules_v027811.json,VDF_AkShare_SmartRemapRules_v027811.json,0,0,0,0,VDF_Global_Commodity|||AkShare,False,symbol_blank;date_blank_or_unparseable;value_blank_or_non_numeric,a42485d76c33ea30
5,VDF_Global_Commodity,,,,AkShare,C:\Users\tonyk\Downloads\VeritasIntelligenceAnalytics\dict\VDF\_active\VDF_AKSHARE_KEY_REPAIR_ROOTCAUSE_SMART_REMAP_v027811_20260610_221501\registry\VDF_AkShare_SmartRemapRules_v027811.json,VDF_AkShare_SmartRemapRules_v027811.json,0,0,0,0,VDF_Global_Commodity|||AkShare,False,symbol_blank;date_blank_or_unparseable;value_blank_or_non_numeric,52f694567a61b91b
1,VDF_Global_Commodity,,,,AkShare,C:\Users\tonyk\Downloads\VeritasIntelligenceAnalytics\dict\VDF\_active\VDF_AKSHARE_SMALL_SCOPE_CANDIDATE_SEED_STAGING_v0274_20260610_145643\plan\VDF_AkShare_CandidateSeedStagingPlan_v0274.json,VDF_AkShare_CandidateSeedStagingPlan_v0274.json,0,0,0,0,VDF_Global_Commodity|||AkShare,False,symbol_blank;date_blank_or_unparseable;value_blank_or_non_numeric,5b87c51af9d0f2e2
2,VDF_Global_Commodity,,,,AkShare,C:\Users\tonyk\Downloads\VeritasIntelligenceAnalytics\dict\VDF\_active\VDF_AKSHARE_SMALL_SCOPE_CANDIDATE_SEED_STAGING_v0274_20260610_145643\plan\VDF_AkShare_CandidateSeedStagingPlan_v0274.json,VDF_AkShare_CandidateSeedStagingPlan_v0274.json,0,0,0,0,VDF_Global_Commodity|||AkShare,False,symbol_blank;date_blank_or_unparseable;value_blank_or_non_numeric,751d89375767c378
3,VDF_Global_Commodity,,,,AkShare,C:\Users\tonyk\Downloads\VeritasIntelligenceAnalytics\dict\VDF\_active\VDF_AKSHARE_SMALL_SCOPE_CANDIDATE_SEED_STAGING_v0274_20260610_145643\plan\VDF_AkShare_CandidateSeedStagingPlan_v0274.json,VDF_AkShare_CandidateSeedStagingPlan_v0274.json,0,0,0,0,VDF_Global_Commodity|||AkShare,False,symbol_blank;date_blank_or_unparseable;value_blank_or_non_numeric,c486fb44b0c9d825
4,VDF_Global_Commodity,,,,AkShare,C:\Users\tonyk\Downloads\VeritasIntelligenceAnalytics\dict\VDF\_active\VDF_AKSHARE_SMALL_SCOPE_CANDIDATE_SEED_STAGING_v0274_20260610_145643\plan\VDF_AkShare_CandidateSeedStagingPlan_v0274.json,VDF_AkShare_CandidateSeedStagingPlan_v0274.json,0,0,0,0,VDF_Global_Commodity|||AkShare,False,symbol_blank;date_blank_or_unparseable;value_blank_or_non_numeric,83fc4c90031476ca
5,VDF_Global_Commodity,,,,AkShare,C:\Users\tonyk\Downloads\VeritasIntelligenceAnalytics\dict\VDF\_active\VDF_AKSHARE_SMALL_SCOPE_CANDIDATE_SEED_STAGING_v0274_20260610_145643\plan\VDF_AkShare_CandidateSeedStagingPlan_v0274.json,VDF_AkShare_CandidateSeedStagingPlan_v0274.json,0,0,0,0,VDF_Global_Commodity|||AkShare,False,symbol_blank;date_blank_or_unparseable;value_blank_or_non_numeric,e690c1c504ca1fc1
6,VDF_Global_Commodity,,,,AkShare,C:\Users\tonyk\Downloads\VeritasIntelligenceAnalytics\dict\VDF\_active\VDF_AKSHARE_SMALL_SCOPE_CANDIDATE_SEED_STAGING_v0274_20260610_145643\plan\VDF_AkShare_CandidateSeedStagingPlan_v0274.json,VDF_AkShare_CandidateSeedStagingPlan_v0274.json,0,0,0,0,VDF_Global_Commodity|||AkShare,False,symbol_blank;date_blank_or_unparseable;value_blank_or_non_numeric,10a1b81ff1c99b07
7,VDF_Global_Commodity,,,,AkShare,C:\Users\tonyk\Downloads\VeritasIntelligenceAnalytics\dict\VDF\_active\VDF_AKSHARE_SMALL_SCOPE_CANDIDATE_SEED_STAGING_v0274_20260610_145643\plan\VDF_AkShare_CandidateSeedStagingPlan_v0274.json,VDF_AkShare_CandidateSeedStagingPlan_v0274.json,0,0,0,0,VDF_Global_Commodity|||AkShare,False,symbol_blank;date_blank_or_unparseable;value_blank_or_non_numeric,4b1935d3bc0b7fa0
1,VDF_Global_Commodity,BDI_OR_FREIGHT_INDEX,,0.0,macro_china_freight_index,C:\Users\tonyk\Downloads\VeritasIntelligenceAnalytics\dict\VDF\_active\VDF_AKSHARE_SMALL_SCOPE_CANDIDATE_SEED_STAGING_v0274_20260610_145643\registry\VDF_AkShare_CandidateSeedManifest_v0274.json,VDF_AkShare_CandidateSeedManifest_v0274.json,symbol_hint,function,priority,function,VDF_Global_Commodity|BDI_OR_FREIGHT_INDEX||macro_china_freight_index,False,date_blank_or_unparseable,f65e53bc46f1038c
2,VDF_Global_Commodity,IRON_ORE,,0.0,futures_foreign_hist,C:\Users\tonyk\Downloads\VeritasIntelligenceAnalytics\dict\VDF\_active\VDF_AKSHARE_SMALL_SCOPE_CANDIDATE_SEED_STAGING_v0274_20260610_145643\registry\VDF_AkShare_CandidateSeedManifest_v0274.json,VDF_AkShare_CandidateSeedManifest_v0274.json,symbol_hint,function,priority,function,VDF_Global_Commodity|IRON_ORE||futures_foreign_hist,False,date_blank_or_unparseable,6e2694855f0a3d1a
3,VDF_Global_Commodity,STEEL,,1.0,stock_hk_hot_rank_detail_em,C:\Users\tonyk\Downloads\VeritasIntelligenceAnalytics\dict\VDF\_active\VDF_AKSHARE_SMALL_SCOPE_CANDIDATE_SEED_STAGING_v0274_20260610_145643\registry\VDF_AkShare_CandidateSeedManifest_v0274.json,VDF_AkShare_CandidateSeedManifest_v0274.json,symbol_hint,function,priority,function,VDF_Global_Commodity|STEEL||stock_hk_hot_rank_detail_em,False,date_blank_or_unparseable,4f005bb4bc2a4c41
4,VDF_Global_Commodity,COMMODITY_FUTURES,,1.0,futures_foreign_commodity_subscribe_exchange_symbol,C:\Users\tonyk\Downloads\VeritasIntelligenceAnalytics\dict\VDF\_active\VDF_AKSHARE_SMALL_SCOPE_CANDIDATE_SEED_STAGING_v0274_20260610_145643\registry\VDF_AkShare_CandidateSeedManifest_v0274.json,VDF_AkShare_CandidateSeedManifest_v0274.json,symbol_hint,function,priority,function,VDF_Global_Commodity|COMMODITY_FUTURES||futures_foreign_commodity_subscribe_exchange_symbol,False,date_blank_or_unparseable,c3473b8828712770
5,VDF_Global_Commodity,CHINA_MACRO,,2.0,macro_canada_core_cpi_monthly,C:\Users\tonyk\Downloads\VeritasIntelligenceAnalytics\dict\VDF\_active\VDF_AKSHARE_SMALL_SCOPE_CANDIDATE_SEED_STAGING_v0274_20260610_145643\registry\VDF_AkShare_CandidateSeedManifest_v0274.json,VDF_AkShare_CandidateSeedManifest_v0274.json,symbol_hint,function,priority,function,VDF_Global_Commodity|CHINA_MACRO||macro_canada_core_cpi_monthly,False,date_blank_or_unparseable,13fcd9b730fa89ad
6,VDF_Global_Commodity,CHINA_MACRO,,2.0,macro_uk_core_cpi_monthly,C:\Users\tonyk\Downloads\VeritasIntelligenceAnalytics\dict\VDF\_active\VDF_AKSHARE_SMALL_SCOPE_CANDIDATE_SEED_STAGING_v0274_20260610_145643\registry\VDF_AkShare_CandidateSeedManifest_v0274.json,VDF_AkShare_CandidateSeedManifest_v0274.json,symbol_hint,function,priority,function,VDF_Global_Commodity|CHINA_MACRO||macro_uk_core_cpi_monthly,False,date_blank_or_unparseable,bbf288a0da7e152d
1,VDF_Global_Commodity,BDI_OR_FREIGHT_INDEX,,0.0,macro_china_freight_index,C:\Users\tonyk\Downloads\VeritasIntelligenceAnalytics\dict\VDF\_active\VDF_AKSHARE_SMALL_SCOPE_CANDIDATE_SEED_STAGING_v0274_20260610_145643\registry\VDF_AkShare_CandidateSeedRun_Result_v0274.csv,VDF_AkShare_CandidateSeedRun_Result_v0274.csv,symbol_hint,function,priority,function,VDF_Global_Commodity|BDI_OR_FREIGHT_INDEX||macro_china_freight_index,False,date_blank_or_unparseable,f65e53bc46f1038c
2,VDF_Global_Commodity,IRON_ORE,,0.0,futures_foreign_hist,C:\Users\tonyk\Downloads\VeritasIntelligenceAnalytics\dict\VDF\_active\VDF_AKSHARE_SMALL_SCOPE_CANDIDATE_SEED_STAGING_v0274_20260610_145643\registry\VDF_AkShare_CandidateSeedRun_Result_v0274.csv,VDF_AkShare_CandidateSeedRun_Result_v0274.csv,symbol_hint,function,priority,function,VDF_Global_Commodity|IRON_ORE||futures_foreign_hist,False,date_blank_or_unparseable,6e2694855f0a3d1a
3,VDF_Global_Commodity,STEEL,,1.0,stock_hk_hot_rank_detail_em,C:\Users\tonyk\Downloads\VeritasIntelligenceAnalytics\dict\VDF\_active\VDF_AKSHARE_SMALL_SCOPE_CANDIDATE_SEED_STAGING_v0274_20260610_145643\registry\VDF_AkShare_CandidateSeedRun_Result_v0274.csv,VDF_AkShare_CandidateSeedRun_Result_v0274.csv,symbol_hint,function,priority,function,VDF_Global_Commodity|STEEL||stock_hk_hot_rank_detail_em,False,date_blank_or_unparseable,4f005bb4bc2a4c41
4,VDF_Global_Commodity,COMMODITY_FUTURES,,1.0,futures_foreign_commodity_subscribe_exchange_symbol,C:\Users\tonyk\Downloads\VeritasIntelligenceAnalytics\dict\VDF\_active\VDF_AKSHARE_SMALL_SCOPE_CANDIDATE_SEED_STAGING_v0274_20260610_145643\registry\VDF_AkShare_CandidateSeedRun_Result_v0274.csv,VDF_AkShare_CandidateSeedRun_Result_v0274.csv,symbol_hint,function,priority,function,VDF_Global_Commodity|COMMODITY_FUTURES||futures_foreign_commodity_subscribe_exchange_symbol,False,date_blank_or_unparseable,c3473b8828712770
5,VDF_Global_Commodity,CHINA_MACRO,,2.0,macro_canada_core_cpi_monthly,C:\Users\tonyk\Downloads\VeritasIntelligenceAnalytics\dict\VDF\_active\VDF_AKSHARE_SMALL_SCOPE_CANDIDATE_SEED_STAGING_v0274_20260610_145643\registry\VDF_AkShare_CandidateSeedRun_Result_v0274.csv,VDF_AkShare_CandidateSeedRun_Result_v0274.csv,symbol_hint,function,priority,function,VDF_Global_Commodity|CHINA_MACRO||macro_canada_core_cpi_monthly,False,date_blank_or_unparseable,13fcd9b730fa89ad
6,VDF_Global_Commodity,CHINA_MACRO,,2.0,macro_uk_core_cpi_monthly,C:\Users\tonyk\Downloads\VeritasIntelligenceAnalytics\dict\VDF\_active\VDF_AKSHARE_SMALL_SCOPE_CANDIDATE_SEED_STAGING_v0274_20260610_145643\registry\VDF_AkShare_CandidateSeedRun_Result_v0274.csv,VDF_AkShare_CandidateSeedRun_Result_v0274.csv,symbol_hint,function,priority,function,VDF_Global_Commodity|CHINA_MACRO||macro_uk_core_cpi_monthly,False,date_blank_or_unparseable,bbf288a0da7e152d
1,VDF_Global_Commodity,BDI_OR_FREIGHT_INDEX,,0.0,macro_china_freight_index,C:\Users\tonyk\Downloads\VeritasIntelligenceAnalytics\dict\VDF\_active\VDF_AKSHARE_SMALL_SCOPE_CANDIDATE_SEED_STAGING_v0274_20260610_145643\registry\VDF_AkShare_CandidateSeedRun_Result_v0274.json,VDF_AkShare_CandidateSeedRun_Result_v0274.json,symbol_hint,function,priority,function,VDF_Global_Commodity|BDI_OR_FREIGHT_INDEX||macro_china_freight_index,False,date_blank_or_unparseable,f65e53bc46f1038c
2,VDF_Global_Commodity,IRON_ORE,,0.0,futures_foreign_hist,C:\Users\tonyk\Downloads\VeritasIntelligenceAnalytics\dict\VDF\_active\VDF_AKSHARE_SMALL_SCOPE_CANDIDATE_SEED_STAGING_v0274_20260610_145643\registry\VDF_AkShare_CandidateSeedRun_Result_v0274.json,VDF_AkShare_CandidateSeedRun_Result_v0274.json,symbol_hint,function,priority,function,VDF_Global_Commodity|IRON_ORE||futures_foreign_hist,False,date_blank_or_unparseable,6e2694855f0a3d1a
3,VDF_Global_Commodity,STEEL,,1.0,stock_hk_hot_rank_detail_em,C:\Users\tonyk\Downloads\VeritasIntelligenceAnalytics\dict\VDF\_active\VDF_AKSHARE_SMALL_SCOPE_CANDIDATE_SEED_STAGING_v0274_20260610_145643\registry\VDF_AkShare_CandidateSeedRun_Result_v0274.json,VDF_AkShare_CandidateSeedRun_Result_v0274.json,symbol_hint,function,priority,function,VDF_Global_Commodity|STEEL||stock_hk_hot_rank_detail_em,False,date_blank_or_unparseable,4f005bb4bc2a4c41
4,VDF_Global_Commodity,COMMODITY_FUTURES,,1.0,futures_foreign_commodity_subscribe_exchange_symbol,C:\Users\tonyk\Downloads\VeritasIntelligenceAnalytics\dict\VDF\_active\VDF_AKSHARE_SMALL_SCOPE_CANDIDATE_SEED_STAGING_v0274_20260610_145643\registry\VDF_AkShare_CandidateSeedRun_Result_v0274.json,VDF_AkShare_CandidateSeedRun_Result_v0274.json,symbol_hint,function,priority,function,VDF_Global_Commodity|COMMODITY_FUTURES||futures_foreign_commodity_subscribe_exchange_symbol,False,date_blank_or_unparseable,c3473b8828712770
5,VDF_Global_Commodity,CHINA_MACRO,,2.0,macro_canada_core_cpi_monthly,C:\Users\tonyk\Downloads\VeritasIntelligenceAnalytics\dict\VDF\_active\VDF_AKSHARE_SMALL_SCOPE_CANDIDATE_SEED_STAGING_v0274_20260610_145643\registry\VDF_AkShare_CandidateSeedRun_Result_v0274.json,VDF_AkShare_CandidateSeedRun_Result_v0274.json,symbol_hint,function,priority,function,VDF_Global_Commodity|CHINA_MACRO||macro_canada_core_cpi_monthly,False,date_blank_or_unparseable,13fcd9b730fa89ad
6,VDF_Global_Commodity,CHINA_MACRO,,2.0,macro_uk_core_cpi_monthly,C:\Users\tonyk\Downloads\VeritasIntelligenceAnalytics\dict\VDF\_active\VDF_AKSHARE_SMALL_SCOPE_CANDIDATE_SEED_STAGING_v0274_20260610_145643\registry\VDF_AkShare_CandidateSeedRun_Result_v0274.json,VDF_AkShare_CandidateSeedRun_Result_v0274.json,symbol_hint,function,priority,function,VDF_Global_Commodity|CHINA_MACRO||macro_uk_core_cpi_monthly,False,date_blank_or_unparseable,bbf288a0da7e152d
1,VDF_Global_Commodity,STEEL,2026-02-11,,stock_hk_hot_rank_detail_em,C:\Users\tonyk\Downloads\VeritasIntelligenceAnalytics\dict\VDF\_active\VDF_AKSHARE_SMALL_SCOPE_CANDIDATE_SEED_STAGING_v0274_20260610_145643\staging\VDF_Global_Commodity_AkShare_Candidate_v0274.csv,VDF_Global_Commodity_AkShare_Candidate_v0274.csv,vdf_symbol_hint,时间,value,vdf_source_function,VDF_Global_Commodity|STEEL|2026-02-11|stock_hk_hot_rank_detail_em,False,value_blank_or_non_numeric,2b03fa7dad40ee22
2,VDF_Global_Commodity,STEEL,2026-02-12,,stock_hk_hot_rank_detail_em,C:\Users\tonyk\Downloads\VeritasIntelligenceAnalytics\dict\VDF\_active\VDF_AKSHARE_SMALL_SCOPE_CANDIDATE_SEED_STAGING_v0274_20260610_145643\staging\VDF_Global_Commodity_AkShare_Candidate_v0274.csv,VDF_Global_Commodity_AkShare_Candidate_v0274.csv,vdf_symbol_hint,时间,value,vdf_source_function,VDF_Global_Commodity|STEEL|2026-02-12|stock_hk_hot_rank_detail_em,False,value_blank_or_non_numeric,191eab8ab0d21366
3,VDF_Global_Commodity,STEEL,2026-02-13,,stock_hk_hot_rank_detail_em,C:\Users\tonyk\Downloads\VeritasIntelligenceAnalytics\dict\VDF\_active\VDF_AKSHARE_SMALL_SCOPE_CANDIDATE_SEED_STAGING_v0274_20260610_145643\staging\VDF_Global_Commodity_AkShare_Candidate_v0274.csv,VDF_Global_Commodity_AkShare_Candidate_v0274.csv,vdf_symbol_hint,时间,value,vdf_source_function,VDF_Global_Commodity|STEEL|2026-02-13|stock_hk_hot_rank_detail_em,False,value_blank_or_non_numeric,e620cef31d75b92d
4,VDF_Global_Commodity,STEEL,2026-02-14,,stock_hk_hot_rank_detail_em,C:\Users\tonyk\Downloads\VeritasIntelligenceAnalytics\dict\VDF\_active\VDF_AKSHARE_SMALL_SCOPE_CANDIDATE_SEED_STAGING_v0274_20260610_145643\staging\VDF_Global_Commodity_AkShare_Candidate_v0274.csv,VDF_Global_Commodity_AkShare_Candidate_v0274.csv,vdf_symbol_hint,时间,value,vdf_source_function,VDF_Global_Commodity|STEEL|2026-02-14|stock_hk_hot_rank_detail_em,False,value_blank_or_non_numeric,8034bb4002971fba
5,VDF_Global_Commodity,STEEL,2026-02-15,,stock_hk_hot_rank_detail_em,C:\Users\tonyk\Downloads\VeritasIntelligenceAnalytics\dict\VDF\_active\VDF_AKSHARE_SMALL_SCOPE_CANDIDATE_SEED_STAGING_v0274_20260610_145643\staging\VDF_Global_Commodity_AkShare_Candidate_v0274.csv,VDF_Global_Commodity_AkShare_Candidate_v0274.csv,vdf_symbol_hint,时间,value,vdf_source_function,VDF_Global_Commodity|STEEL|2026-02-15|stock_hk_hot_rank_detail_em,False,value_blank_or_non_numeric,8f6218982026a6cb
6,VDF_Global_Commodity,STEEL,2026-02-16,,stock_hk_hot_rank_detail_em,C:\Users\tonyk\Downloads\VeritasIntelligenceAnalytics\dict\VDF\_active\VDF_AKSHARE_SMALL_SCOPE_CANDIDATE_SEED_STAGING_v0274_20260610_145643\staging\VDF_Global_Commodity_AkShare_Candidate_v0274.csv,VDF_Global_Commodity_AkShare_Candidate_v0274.csv,vdf_symbol_hint,时间,value,vdf_source_function,VDF_Global_Commodity|STEEL|2026-02-16|stock_hk_hot_rank_detail_em,False,value_blank_or_non_numeric,a1e31d507f004ca9
7,VDF_Global_Commodity,STEEL,2026-02-17,,stock_hk_hot_rank_detail_em,C:\Users\tonyk\Downloads\VeritasIntelligenceAnalytics\dict\VDF\_active\VDF_AKSHARE_SMALL_SCOPE_CANDIDATE_SEED_STAGING_v0274_20260610_145643\staging\VDF_Global_Commodity_AkShare_Candidate_v0274.csv,VDF_Global_Commodity_AkShare_Candidate_v0274.csv,vdf_symbol_hint,时间,value,vdf_source_function,VDF_Global_Commodity|STEEL|2026-02-17|stock_hk_hot_rank_detail_em,False,value_blank_or_non_numeric,139d00532218c0b9
8,VDF_Global_Commodity,STEEL,2026-02-18,,stock_hk_hot_rank_detail_em,C:\Users\tonyk\Downloads\VeritasIntelligenceAnalytics\dict\VDF\_active\VDF_AKSHARE_SMALL_SCOPE_CANDIDATE_SEED_STAGING_v0274_20260610_145643\staging\VDF_Global_Commodity_AkShare_Candidate_v0274.csv,VDF_Global_Commodity_AkShare_Candidate_v0274.csv,vdf_symbol_hint,时间,value,vdf_source_function,VDF_Global_Commodity|STEEL|2026-02-18|stock_hk_hot_rank_detail_em,False,value_blank_or_non_numeric,85044e89ff650144
9,VDF_Global_Commodity,STEEL,2026-02-19,,stock_hk_hot_rank_detail_em,C:\Users\tonyk\Downloads\VeritasIntelligenceAnalytics\dict\VDF\_active\VDF_AKSHARE_SMALL_SCOPE_CANDIDATE_SEED_STAGING_v0274_20260610_145643\staging\VDF_Global_Commodity_AkShare_Candidate_v0274.csv,VDF_Global_Commodity_AkShare_Candidate_v0274.csv,vdf_symbol_hint,时间,value,vdf_source_function,VDF_Global_Commodity|STEEL|2026-02-19|stock_hk_hot_rank_detail_em,False,value_blank_or_non_numeric,92a9492b8b90fe97
10,VDF_Global_Commodity,STEEL,2026-02-20,,stock_hk_hot_rank_detail_em,C:\Users\tonyk\Downloads\VeritasIntelligenceAnalytics\dict\VDF\_active\VDF_AKSHARE_SMALL_SCOPE_CANDIDATE_SEED_STAGING_v0274_20260610_145643\staging\VDF_Global_Commodity_AkShare_Candidate_v0274.csv,VDF_Global_Commodity_AkShare_Candidate_v0274.csv,vdf_symbol_hint,时间,value,vdf_source_function,VDF_Global_Commodity|STEEL|2026-02-20|stock_hk_hot_rank_detail_em,False,value_blank_or_non_numeric,160331f44c0969f4
11,VDF_Global_Commodity,STEEL,2026-02-21,,stock_hk_hot_rank_detail_em,C:\Users\tonyk\Downloads\VeritasIntelligenceAnalytics\dict\VDF\_active\VDF_AKSHARE_SMALL_SCOPE_CANDIDATE_SEED_STAGING_v0274_20260610_145643\staging\VDF_Global_Commodity_AkShare_Candidate_v0274.csv,VDF_Global_Commodity_AkShare_Candidate_v0274.csv,vdf_symbol_hint,时间,value,vdf_source_function,VDF_Global_Commodity|STEEL|2026-02-21|stock_hk_hot_rank_detail_em,False,value_blank_or_non_numeric,998de386e991cad0
12,VDF_Global_Commodity,STEEL,2026-02-22,,stock_hk_hot_rank_detail_em,C:\Users\tonyk\Downloads\VeritasIntelligenceAnalytics\dict\VDF\_active\VDF_AKSHARE_SMALL_SCOPE_CANDIDATE_SEED_STAGING_v0274_20260610_145643\staging\VDF_Global_Commodity_AkShare_Candidate_v0274.csv,VDF_Global_Commodity_AkShare_Candidate_v0274.csv,vdf_symbol_hint,时间,value,vdf_source_function,VDF_Global_Commodity|STEEL|2026-02-22|stock_hk_hot_rank_detail_em,False,value_blank_or_non_numeric,479d34630ece264f
13,VDF_Global_Commodity,STEEL,2026-02-23,,stock_hk_hot_rank_detail_em,C:\Users\tonyk\Downloads\VeritasIntelligenceAnalytics\dict\VDF\_active\VDF_AKSHARE_SMALL_SCOPE_CANDIDATE_SEED_STAGING_v0274_20260610_145643\staging\VDF_Global_Commodity_AkShare_Candidate_v0274.csv,VDF_Global_Commodity_AkShare_Candidate_v0274.csv,vdf_symbol_hint,时间,value,vdf_source_function,VDF_Global_Commodity|STEEL|2026-02-23|stock_hk_hot_rank_detail_em,False,value_blank_or_non_numeric,6d6cd5ead651b980
14,VDF_Global_Commodity,STEEL,2026-02-24,,stock_hk_hot_rank_detail_em,C:\Users\tonyk\Downloads\VeritasIntelligenceAnalytics\dict\VDF\_active\VDF_AKSHARE_SMALL_SCOPE_CANDIDATE_SEED_STAGING_v0274_20260610_145643\staging\VDF_Global_Commodity_AkShare_Candidate_v0274.csv,VDF_Global_Commodity_AkShare_Candidate_v0274.csv,vdf_symbol_hint,时间,value,vdf_source_function,VDF_Global_Commodity|STEEL|2026-02-24|stock_hk_hot_rank_detail_em,False,value_blank_or_non_numeric,f38dea3f4af671c2
15,VDF_Global_Commodity,STEEL,2026-02-25,,stock_hk_hot_rank_detail_em,C:\Users\tonyk\Downloads\VeritasIntelligenceAnalytics\dict\VDF\_active\VDF_AKSHARE_SMALL_SCOPE_CANDIDATE_SEED_STAGING_v0274_20260610_145643\staging\VDF_Global_Commodity_AkShare_Candidate_v0274.csv,VDF_Global_Commodity_AkShare_Candidate_v0274.csv,vdf_symbol_hint,时间,value,vdf_source_function,VDF_Global_Commodity|STEEL|2026-02-25|stock_hk_hot_rank_detail_em,False,value_blank_or_non_numeric,beb78e67e63ba332
16,VDF_Global_Commodity,STEEL,2026-02-26,,stock_hk_hot_rank_detail_em,C:\Users\tonyk\Downloads\VeritasIntelligenceAnalytics\dict\VDF\_active\VDF_AKSHARE_SMALL_SCOPE_CANDIDATE_SEED_STAGING_v0274_20260610_145643\staging\VDF_Global_Commodity_AkShare_Candidate_v0274.csv,VDF_Global_Commodity_AkShare_Candidate_v0274.csv,vdf_symbol_hint,时间,value,vdf_source_function,VDF_Global_Commodity|STEEL|2026-02-26|stock_hk_hot_rank_detail_em,False,value_blank_or_non_numeric,d4828cd903424876
17,VDF_Global_Commodity,STEEL,2026-02-27,,stock_hk_hot_rank_detail_em,C:\Users\tonyk\Downloads\VeritasIntelligenceAnalytics\dict\VDF\_active\VDF_AKSHARE_SMALL_SCOPE_CANDIDATE_SEED_STAGING_v0274_20260610_145643\staging\VDF_Global_Commodity_AkShare_Candidate_v0274.csv,VDF_Global_Commodity_AkShare_Candidate_v0274.csv,vdf_symbol_hint,时间,value,vdf_source_function,VDF_Global_Commodity|STEEL|2026-02-27|stock_hk_hot_rank_detail_em,False,value_blank_or_non_numeric,371abb8d51521b4d
18,VDF_Global_Commodity,STEEL,2026-02-28,,stock_hk_hot_rank_detail_em,C:\Users\tonyk\Downloads\VeritasIntelligenceAnalytics\dict\VDF\_active\VDF_AKSHARE_SMALL_SCOPE_CANDIDATE_SEED_STAGING_v0274_20260610_145643\staging\VDF_Global_Commodity_AkShare_Candidate_v0274.csv,VDF_Global_Commodity_AkShare_Candidate_v0274.csv,vdf_symbol_hint,时间,value,vdf_source_function,VDF_Global_Commodity|STEEL|2026-02-28|stock_hk_hot_rank_detail_em,False,value_blank_or_non_numeric,116c8d19b4bd3215
19,VDF_Global_Commodity,STEEL,2026-03-01,,stock_hk_hot_rank_detail_em,C:\Users\tonyk\Downloads\VeritasIntelligenceAnalytics\dict\VDF\_active\VDF_AKSHARE_SMALL_SCOPE_CANDIDATE_SEED_STAGING_v0274_20260610_145643\staging\VDF_Global_Commodity_AkShare_Candidate_v0274.csv,VDF_Global_Commodity_AkShare_Candidate_v0274.csv,vdf_symbol_hint,时间,value,vdf_source_function,VDF_Global_Commodity|STEEL|2026-03-01|stock_hk_hot_rank_detail_em,False,value_blank_or_non_numeric,92fd96823883c61f
20,VDF_Global_Commodity,STEEL,2026-03-02,,stock_hk_hot_rank_detail_em,C:\Users\tonyk\Downloads\VeritasIntelligenceAnalytics\dict\VDF\_active\VDF_AKSHARE_SMALL_SCOPE_CANDIDATE_SEED_STAGING_v0274_20260610_145643\staging\VDF_Global_Commodity_AkShare_Candidate_v0274.csv,VDF_Global_Commodity_AkShare_Candidate_v0274.csv,vdf_symbol_hint,时间,value,vdf_source_function,VDF_Global_Commodity|STEEL|2026-03-02|stock_hk_hot_rank_detail_em,False,value_blank_or_non_numeric,0eac578502f54001
21,VDF_Global_Commodity,STEEL,2026-03-03,,stock_hk_hot_rank_detail_em,C:\Users\tonyk\Downloads\VeritasIntelligenceAnalytics\dict\VDF\_active\VDF_AKSHARE_SMALL_SCOPE_CANDIDATE_SEED_STAGING_v0274_20260610_145643\staging\VDF_Global_Commodity_AkShare_Candidate_v0274.csv,VDF_Global_Commodity_AkShare_Candidate_v0274.csv,vdf_symbol_hint,时间,value,vdf_source_function,VDF_Global_Commodity|STEEL|2026-03-03|stock_hk_hot_rank_detail_em,False,value_blank_or_non_numeric,cfe9732f621b4297
22,VDF_Global_Commodity,STEEL,2026-03-04,,stock_hk_hot_rank_detail_em,C:\Users\tonyk\Downloads\VeritasIntelligenceAnalytics\dict\VDF\_active\VDF_AKSHARE_SMALL_SCOPE_CANDIDATE_SEED_STAGING_v0274_20260610_145643\staging\VDF_Global_Commodity_AkShare_Candidate_v0274.csv,VDF_Global_Commodity_AkShare_Candidate_v0274.csv,vdf_symbol_hint,时间,value,vdf_source_function,VDF_Global_Commodity|STEEL|2026-03-04|stock_hk_hot_rank_detail_em,False,value_blank_or_non_numeric,b031af2c98786880
23,VDF_Global_Commodity,STEEL,2026-03-05,,stock_hk_hot_rank_detail_em,C:\Users\tonyk\Downloads\VeritasIntelligenceAnalytics\dict\VDF\_active\VDF_AKSHARE_SMALL_SCOPE_CANDIDATE_SEED_STAGING_v0274_20260610_145643\staging\VDF_Global_Commodity_AkShare_Candidate_v0274.csv,VDF_Global_Commodity_AkShare_Candidate_v0274.csv,vdf_symbol_hint,时间,value,vdf_source_function,VDF_Global_Commodity|STEEL|2026-03-05|stock_hk_hot_rank_detail_em,False,value_blank_or_non_numeric,2523bc34823779e5
24,VDF_Global_Commodity,STEEL,2026-03-06,,stock_hk_hot_rank_detail_em,C:\Users\tonyk\Downloads\VeritasIntelligenceAnalytics\dict\VDF\_active\VDF_AKSHARE_SMALL_SCOPE_CANDIDATE_SEED_STAGING_v0274_20260610_145643\staging\VDF_Global_Commodity_AkShare_Candidate_v0274.csv,VDF_Global_Commodity_AkShare_Candidate_v0274.csv,vdf_symbol_hint,时间,value,vdf_source_function,VDF_Global_Commodity|STEEL|2026-03-06|stock_hk_hot_rank_detail_em,False,value_blank_or_non_numeric,d3d89846cb86fcc1
25,VDF_Global_Commodity,STEEL,2026-03-07,,stock_hk_hot_rank_detail_em,C:\Users\tonyk\Downloads\VeritasIntelligenceAnalytics\dict\VDF\_active\VDF_AKSHARE_SMALL_SCOPE_CANDIDATE_SEED_STAGING_v0274_20260610_145643\staging\VDF_Global_Commodity_AkShare_Candidate_v0274.csv,VDF_Global_Commodity_AkShare_Candidate_v0274.csv,vdf_symbol_hint,时间,value,vdf_source_function,VDF_Global_Commodity|STEEL|2026-03-07|stock_hk_hot_rank_detail_em,False,value_blank_or_non_numeric,648048f4e5c0a874
26,VDF_Global_Commodity,STEEL,2026-03-08,,stock_hk_hot_rank_detail_em,C:\Users\tonyk\Downloads\VeritasIntelligenceAnalytics\dict\VDF\_active\VDF_AKSHARE_SMALL_SCOPE_CANDIDATE_SEED_STAGING_v0274_20260610_145643\staging\VDF_Global_Commodity_AkShare_Candidate_v0274.csv,VDF_Global_Commodity_AkShare_Candidate_v0274.csv,vdf_symbol_hint,时间,value,vdf_source_function,VDF_Global_Commodity|STEEL|2026-03-08|stock_hk_hot_rank_detail_em,False,value_blank_or_non_numeric,882eb9cc179bb5b2
27,VDF_Global_Commodity,STEEL,2026-03-09,,stock_hk_hot_rank_detail_em,C:\Users\tonyk\Downloads\VeritasIntelligenceAnalytics\dict\VDF\_active\VDF_AKSHARE_SMALL_SCOPE_CANDIDATE_SEED_STAGING_v0274_20260610_145643\staging\VDF_Global_Commodity_AkShare_Candidate_v0274.csv,VDF_Global_Commodity_AkShare_Candidate_v0274.csv,vdf_symbol_hint,时间,value,vdf_source_function,VDF_Global_Commodity|STEEL|2026-03-09|stock_hk_hot_rank_detail_em,False,value_blank_or_non_numeric,48e27f36d7b04db2
28,VDF_Global_Commodity,STEEL,2026-03-10,,stock_hk_hot_rank_detail_em,C:\Users\tonyk\Downloads\VeritasIntelligenceAnalytics\dict\VDF\_active\VDF_AKSHARE_SMALL_SCOPE_CANDIDATE_SEED_STAGING_v0274_20260610_145643\staging\VDF_Global_Commodity_AkShare_Candidate_v0274.csv,VDF_Global_Commodity_AkShare_Candidate_v0274.csv,vdf_symbol_hint,时间,value,vdf_source_function,VDF_Global_Commodity|STEEL|2026-03-10|stock_hk_hot_rank_detail_em,False,value_blank_or_non_numeric,c2f8882195df8805
29,VDF_Global_Commodity,STEEL,2026-03-11,,stock_hk_hot_rank_detail_em,C:\Users\tonyk\Downloads\VeritasIntelligenceAnalytics\dict\VDF\_active\VDF_AKSHARE_SMALL_SCOPE_CANDIDATE_SEED_STAGING_v0274_20260610_145643\staging\VDF_Global_Commodity_AkShare_Candidate_v0274.csv,VDF_Global_Commodity_AkShare_Candidate_v0274.csv,vdf_symbol_hint,时间,value,vdf_source_function,VDF_Global_Commodity|STEEL|2026-03-11|stock_hk_hot_rank_detail_em,False,value_blank_or_non_numeric,b51c6cac71f3e4fe
30,VDF_Global_Commodity,STEEL,2026-03-12,,stock_hk_hot_rank_detail_em,C:\Users\tonyk\Downloads\VeritasIntelligenceAnalytics\dict\VDF\_active\VDF_AKSHARE_SMALL_SCOPE_CANDIDATE_SEED_STAGING_v0274_20260610_145643\staging\VDF_Global_Commodity_AkShare_Candidate_v0274.csv,VDF_Global_Commodity_AkShare_Candidate_v0274.csv,vdf_symbol_hint,时间,value,vdf_source_function,VDF_Global_Commodity|STEEL|2026-03-12|stock_hk_hot_rank_detail_em,False,value_blank_or_non_numeric,46f4f20ce01a8e74
31,VDF_Global_Commodity,STEEL,2026-03-13,,stock_hk_hot_rank_detail_em,C:\Users\tonyk\Downloads\VeritasIntelligenceAnalytics\dict\VDF\_active\VDF_AKSHARE_SMALL_SCOPE_CANDIDATE_SEED_STAGING_v0274_20260610_145643\staging\VDF_Global_Commodity_AkShare_Candidate_v0274.csv,VDF_Global_Commodity_AkShare_Candidate_v0274.csv,vdf_symbol_hint,时间,value,vdf_source_function,VDF_Global_Commodity|STEEL|2026-03-13|stock_hk_hot_rank_detail_em,False,value_blank_or_non_numeric,03a809b631e7c2b5
32,VDF_Global_Commodity,STEEL,2026-03-14,,stock_hk_hot_rank_detail_em,C:\Users\tonyk\Downloads\VeritasIntelligenceAnalytics\dict\VDF\_active\VDF_AKSHARE_SMALL_SCOPE_CANDIDATE_SEED_STAGING_v0274_20260610_145643\staging\VDF_Global_Commodity_AkShare_Candidate_v0274.csv,VDF_Global_Commodity_AkShare_Candidate_v0274.csv,vdf_symbol_hint,时间,value,vdf_source_function,VDF_Global_Commodity|STEEL|2026-03-14|stock_hk_hot_rank_detail_em,False,value_blank_or_non_numeric,dbf5da445a5c46f9
33,VDF_Global_Commodity,STEEL,2026-03-15,,stock_hk_hot_rank_detail_em,C:\Users\tonyk\Downloads\VeritasIntelligenceAnalytics\dict\VDF\_active\VDF_AKSHARE_SMALL_SCOPE_CANDIDATE_SEED_STAGING_v0274_20260610_145643\staging\VDF_Global_Commodity_AkShare_Candidate_v0274.csv,VDF_Global_Commodity_AkShare_Candidate_v0274.csv,vdf_symbol_hint,时间,value,vdf_source_function,VDF_Global_Commodity|STEEL|2026-03-15|stock_hk_hot_rank_detail_em,False,value_blank_or_non_numeric,310058d299756f60
34,VDF_Global_Commodity,STEEL,2026-03-16,,stock_hk_hot_rank_detail_em,C:\Users\tonyk\Downloads\VeritasIntelligenceAnalytics\dict\VDF\_active\VDF_AKSHARE_SMALL_SCOPE_CANDIDATE_SEED_STAGING_v0274_20260610_145643\staging\VDF_Global_Commodity_AkShare_Candidate_v0274.csv,VDF_Global_Commodity_AkShare_Candidate_v0274.csv,vdf_symbol_hint,时间,value,vdf_source_function,VDF_Global_Commodity|STEEL|2026-03-16|stock_hk_hot_rank_detail_em,False,value_blank_or_non_numeric,7014943227904d38
35,VDF_Global_Commodity,STEEL,2026-03-17,,stock_hk_hot_rank_detail_em,C:\Users\tonyk\Downloads\VeritasIntelligenceAnalytics\dict\VDF\_active\VDF_AKSHARE_SMALL_SCOPE_CANDIDATE_SEED_STAGING_v0274_20260610_145643\staging\VDF_Global_Commodity_AkShare_Candidate_v0274.csv,VDF_Global_Commodity_AkShare_Candidate_v0274.csv,vdf_symbol_hint,时间,value,vdf_source_function,VDF_Global_Commodity|STEEL|2026-03-17|stock_hk_hot_rank_detail_em,False,value_blank_or_non_numeric,f5023bf9d7d3a0a3
36,VDF_Global_Commodity,STEEL,2026-03-18,,stock_hk_hot_rank_detail_em,C:\Users\tonyk\Downloads\VeritasIntelligenceAnalytics\dict\VDF\_active\VDF_AKSHARE_SMALL_SCOPE_CANDIDATE_SEED_STAGING_v0274_20260610_145643\staging\VDF_Global_Commodity_AkShare_Candidate_v0274.csv,VDF_Global_Commodity_AkShare_Candidate_v0274.csv,vdf_symbol_hint,时间,value,vdf_source_function,VDF_Global_Commodity|STEEL|2026-03-18|stock_hk_hot_rank_detail_em,False,value_blank_or_non_numeric,5a083c4756346a90
37,VDF_Global_Commodity,STEEL,2026-03-19,,stock_hk_hot_rank_detail_em,C:\Users\tonyk\Downloads\VeritasIntelligenceAnalytics\dict\VDF\_active\VDF_AKSHARE_SMALL_SCOPE_CANDIDATE_SEED_STAGING_v0274_20260610_145643\staging\VDF_Global_Commodity_AkShare_Candidate_v0274.csv,VDF_Global_Commodity_AkShare_Candidate_v0274.csv,vdf_symbol_hint,时间,value,vdf_source_function,VDF_Global_Commodity|STEEL|2026-03-19|stock_hk_hot_rank_detail_em,False,value_blank_or_non_numeric,7479c86f48a4e7b0
38,VDF_Global_Commodity,STEEL,2026-03-20,,stock_hk_hot_rank_detail_em,C:\Users\tonyk\Downloads\VeritasIntelligenceAnalytics\dict\VDF\_active\VDF_AKSHARE_SMALL_SCOPE_CANDIDATE_SEED_STAGING_v0274_20260610_145643\staging\VDF_Global_Commodity_AkShare_Candidate_v0274.csv,VDF_Global_Commodity_AkShare_Candidate_v0274.csv,vdf_symbol_hint,时间,value,vdf_source_function,VDF_Global_Commodity|STEEL|2026-03-20|stock_hk_hot_rank_detail_em,False,value_blank_or_non_numeric,6778c1905186f951
39,VDF_Global_Commodity,STEEL,2026-03-21,,stock_hk_hot_rank_detail_em,C:\Users\tonyk\Downloads\VeritasIntelligenceAnalytics\dict\VDF\_active\VDF_AKSHARE_SMALL_SCOPE_CANDIDATE_SEED_STAGING_v0274_20260610_145643\staging\VDF_Global_Commodity_AkShare_Candidate_v0274.csv,VDF_Global_Commodity_AkShare_Candidate_v0274.csv,vdf_symbol_hint,时间,value,vdf_source_function,VDF_Global_Commodity|STEEL|2026-03-21|stock_hk_hot_rank_detail_em,False,value_blank_or_non_numeric,54073b17289d597c
40,VDF_Global_Commodity,STEEL,2026-03-22,,stock_hk_hot_rank_detail_em,C:\Users\tonyk\Downloads\VeritasIntelligenceAnalytics\dict\VDF\_active\VDF_AKSHARE_SMALL_SCOPE_CANDIDATE_SEED_STAGING_v0274_20260610_145643\staging\VDF_Global_Commodity_AkShare_Candidate_v0274.csv,VDF_Global_Commodity_AkShare_Candidate_v0274.csv,vdf_symbol_hint,时间,value,vdf_source_function,VDF_Global_Commodity|STEEL|2026-03-22|stock_hk_hot_rank_detail_em,False,value_blank_or_non_numeric,84cb76d842c32073
41,VDF_Global_Commodity,STEEL,2026-03-23,,stock_hk_hot_rank_detail_em,C:\Users\tonyk\Downloads\VeritasIntelligenceAnalytics\dict\VDF\_active\VDF_AKSHARE_SMALL_SCOPE_CANDIDATE_SEED_STAGING_v0274_20260610_145643\staging\VDF_Global_Commodity_AkShare_Candidate_v0274.csv,VDF_Global_Commodity_AkShare_Candidate_v0274.csv,vdf_symbol_hint,时间,value,vdf_source_function,VDF_Global_Commodity|STEEL|2026-03-23|stock_hk_hot_rank_detail_em,False,value_blank_or_non_numeric,9a3c347e5c575a46
42,VDF_Global_Commodity,STEEL,2026-03-24,,stock_hk_hot_rank_detail_em,C:\Users\tonyk\Downloads\VeritasIntelligenceAnalytics\dict\VDF\_active\VDF_AKSHARE_SMALL_SCOPE_CANDIDATE_SEED_STAGING_v0274_20260610_145643\staging\VDF_Global_Commodity_AkShare_Candidate_v0274.csv,VDF_Global_Commodity_AkShare_Candidate_v0274.csv,vdf_symbol_hint,时间,value,vdf_source_function,VDF_Global_Commodity|STEEL|2026-03-24|stock_hk_hot_rank_detail_em,False,value_blank_or_non_numeric,015edbe7e828d401
43,VDF_Global_Commodity,STEEL,2026-03-25,,stock_hk_hot_rank_detail_em,C:\Users\tonyk\Downloads\VeritasIntelligenceAnalytics\dict\VDF\_active\VDF_AKSHARE_SMALL_SCOPE_CANDIDATE_SEED_STAGING_v0274_20260610_145643\staging\VDF_Global_Commodity_AkShare_Candidate_v0274.csv,VDF_Global_Commodity_AkShare_Candidate_v0274.csv,vdf_symbol_hint,时间,value,vdf_source_function,VDF_Global_Commodity|STEEL|2026-03-25|stock_hk_hot_rank_detail_em,False,value_blank_or_non_numeric,35e90f3efebef074
44,VDF_Global_Commodity,STEEL,2026-03-26,,stock_hk_hot_rank_detail_em,C:\Users\tonyk\Downloads\VeritasIntelligenceAnalytics\dict\VDF\_active\VDF_AKSHARE_SMALL_SCOPE_CANDIDATE_SEED_STAGING_v0274_20260610_145643\staging\VDF_Global_Commodity_AkShare_Candidate_v0274.csv,VDF_Global_Commodity_AkShare_Candidate_v0274.csv,vdf_symbol_hint,时间,value,vdf_source_function,VDF_Global_Commodity|STEEL|2026-03-26|stock_hk_hot_rank_detail_em,False,value_blank_or_non_numeric,97c814ce22aa5d05
45,VDF_Global_Commodity,STEEL,2026-03-27,,stock_hk_hot_rank_detail_em,C:\Users\tonyk\Downloads\VeritasIntelligenceAnalytics\dict\VDF\_active\VDF_AKSHARE_SMALL_SCOPE_CANDIDATE_SEED_STAGING_v0274_20260610_145643\staging\VDF_Global_Commodity_AkShare_Candidate_v0274.csv,VDF_Global_Commodity_AkShare_Candidate_v0274.csv,vdf_symbol_hint,时间,value,vdf_source_function,VDF_Global_Commodity|STEEL|2026-03-27|stock_hk_hot_rank_detail_em,False,value_blank_or_non_numeric,ca1fb7974afdae61
46,VDF_Global_Commodity,STEEL,2026-03-28,,stock_hk_hot_rank_detail_em,C:\Users\tonyk\Downloads\VeritasIntelligenceAnalytics\dict\VDF\_active\VDF_AKSHARE_SMALL_SCOPE_CANDIDATE_SEED_STAGING_v0274_20260610_145643\staging\VDF_Global_Commodity_AkShare_Candidate_v0274.csv,VDF_Global_Commodity_AkShare_Candidate_v0274.csv,vdf_symbol_hint,时间,value,vdf_source_function,VDF_Global_Commodity|STEEL|2026-03-28|stock_hk_hot_rank_detail_em,False,value_blank_or_non_numeric,ef80210ea3e4d2d7
47,VDF_Global_Commodity,STEEL,2026-03-29,,stock_hk_hot_rank_detail_em,C:\Users\tonyk\Downloads\VeritasIntelligenceAnalytics\dict\VDF\_active\VDF_AKSHARE_SMALL_SCOPE_CANDIDATE_SEED_STAGING_v0274_20260610_145643\staging\VDF_Global_Commodity_AkShare_Candidate_v0274.csv,VDF_Global_Commodity_AkShare_Candidate_v0274.csv,vdf_symbol_hint,时间,value,vdf_source_function,VDF_Global_Commodity|STEEL|2026-03-29|stock_hk_hot_rank_detail_em,False,value_blank_or_non_numeric,9092ac58fc514d66
48,VDF_Global_Commodity,STEEL,2026-03-30,,stock_hk_hot_rank_detail_em,C:\Users\tonyk\Downloads\VeritasIntelligenceAnalytics\dict\VDF\_active\VDF_AKSHARE_SMALL_SCOPE_CANDIDATE_SEED_STAGING_v0274_20260610_145643\staging\VDF_Global_Commodity_AkShare_Candidate_v0274.csv,VDF_Global_Commodity_AkShare_Candidate_v0274.csv,vdf_symbol_hint,时间,value,vdf_source_function,VDF_Global_Commodity|STEEL|2026-03-30|stock_hk_hot_rank_detail_em,False,value_blank_or_non_numeric,a9b1eb9e5d19cc5f
49,VDF_Global_Commodity,STEEL,2026-03-31,,stock_hk_hot_rank_detail_em,C:\Users\tonyk\Downloads\VeritasIntelligenceAnalytics\dict\VDF\_active\VDF_AKSHARE_SMALL_SCOPE_CANDIDATE_SEED_STAGING_v0274_20260610_145643\staging\VDF_Global_Commodity_AkShare_Candidate_v0274.csv,VDF_Global_Commodity_AkShare_Candidate_v0274.csv,vdf_symbol_hint,时间,value,vdf_source_function,VDF_Global_Commodity|STEEL|2026-03-31|stock_hk_hot_rank_detail_em,False,value_blank_or_non_numeric,80fbc2123899fade
50,VDF_Global_Commodity,STEEL,2026-04-01,,stock_hk_hot_rank_detail_em,C:\Users\tonyk\Downloads\VeritasIntelligenceAnalytics\dict\VDF\_active\VDF_AKSHARE_SMALL_SCOPE_CANDIDATE_SEED_STAGING_v0274_20260610_145643\staging\VDF_Global_Commodity_AkShare_Candidate_v0274.csv,VDF_Global_Commodity_AkShare_Candidate_v0274.csv,vdf_symbol_hint,时间,value,vdf_source_function,VDF_Global_Commodity|STEEL|2026-04-01|stock_hk_hot_rank_detail_em,False,value_blank_or_non_numeric,f40d4370b31b5311
51,VDF_Global_Commodity,STEEL,2026-04-02,,stock_hk_hot_rank_detail_em,C:\Users\tonyk\Downloads\VeritasIntelligenceAnalytics\dict\VDF\_active\VDF_AKSHARE_SMALL_SCOPE_CANDIDATE_SEED_STAGING_v0274_20260610_145643\staging\VDF_Global_Commodity_AkShare_Candidate_v0274.csv,VDF_Global_Commodity_AkShare_Candidate_v0274.csv,vdf_symbol_hint,时间,value,vdf_source_function,VDF_Global_Commodity|STEEL|2026-04-02|stock_hk_hot_rank_detail_em,False,value_blank_or_non_numeric,3694bbe9e7dcf0c4
52,VDF_Global_Commodity,STEEL,2026-04-03,,stock_hk_hot_rank_detail_em,C:\Users\tonyk\Downloads\VeritasIntelligenceAnalytics\dict\VDF\_active\VDF_AKSHARE_SMALL_SCOPE_CANDIDATE_SEED_STAGING_v0274_20260610_145643\staging\VDF_Global_Commodity_AkShare_Candidate_v0274.csv,VDF_Global_Commodity_AkShare_Candidate_v0274.csv,vdf_symbol_hint,时间,value,vdf_source_function,VDF_Global_Commodity|STEEL|2026-04-03|stock_hk_hot_rank_detail_em,False,value_blank_or_non_numeric,9e7c56f618a2f64d
53,VDF_Global_Commodity,STEEL,2026-04-04,,stock_hk_hot_rank_detail_em,C:\Users\tonyk\Downloads\VeritasIntelligenceAnalytics\dict\VDF\_active\VDF_AKSHARE_SMALL_SCOPE_CANDIDATE_SEED_STAGING_v0274_20260610_145643\staging\VDF_Global_Commodity_AkShare_Candidate_v0274.csv,VDF_Global_Commodity_AkShare_Candidate_v0274.csv,vdf_symbol_hint,时间,value,vdf_source_function,VDF_Global_Commodity|STEEL|2026-04-04|stock_hk_hot_rank_detail_em,False,value_blank_or_non_numeric,51fae034cf1b83b4
54,VDF_Global_Commodity,STEEL,2026-04-05,,stock_hk_hot_rank_detail_em,C:\Users\tonyk\Downloads\VeritasIntelligenceAnalytics\dict\VDF\_active\VDF_AKSHARE_SMALL_SCOPE_CANDIDATE_SEED_STAGING_v0274_20260610_145643\staging\VDF_Global_Commodity_AkShare_Candidate_v0274.csv,VDF_Global_Commodity_AkShare_Candidate_v0274.csv,vdf_symbol_hint,时间,value,vdf_source_function,VDF_Global_Commodity|STEEL|2026-04-05|stock_hk_hot_rank_detail_em,False,value_blank_or_non_numeric,99d9b81b8a5efb0d
55,VDF_Global_Commodity,STEEL,2026-04-06,,stock_hk_hot_rank_detail_em,C:\Users\tonyk\Downloads\VeritasIntelligenceAnalytics\dict\VDF\_active\VDF_AKSHARE_SMALL_SCOPE_CANDIDATE_SEED_STAGING_v0274_20260610_145643\staging\VDF_Global_Commodity_AkShare_Candidate_v0274.csv,VDF_Global_Commodity_AkShare_Candidate_v0274.csv,vdf_symbol_hint,时间,value,vdf_source_function,VDF_Global_Commodity|STEEL|2026-04-06|stock_hk_hot_rank_detail_em,False,value_blank_or_non_numeric,6d480fa9fb3a9f09
56,VDF_Global_Commodity,STEEL,2026-04-07,,stock_hk_hot_rank_detail_em,C:\Users\tonyk\Downloads\VeritasIntelligenceAnalytics\dict\VDF\_active\VDF_AKSHARE_SMALL_SCOPE_CANDIDATE_SEED_STAGING_v0274_20260610_145643\staging\VDF_Global_Commodity_AkShare_Candidate_v0274.csv,VDF_Global_Commodity_AkShare_Candidate_v0274.csv,vdf_symbol_hint,时间,value,vdf_source_function,VDF_Global_Commodity|STEEL|2026-04-07|stock_hk_hot_rank_detail_em,False,value_blank_or_non_numeric,e6e24db1316deab1
57,VDF_Global_Commodity,STEEL,2026-04-08,,stock_hk_hot_rank_detail_em,C:\Users\tonyk\Downloads\VeritasIntelligenceAnalytics\dict\VDF\_active\VDF_AKSHARE_SMALL_SCOPE_CANDIDATE_SEED_STAGING_v0274_20260610_145643\staging\VDF_Global_Commodity_AkShare_Candidate_v0274.csv,VDF_Global_Commodity_AkShare_Candidate_v0274.csv,vdf_symbol_hint,时间,value,vdf_source_function,VDF_Global_Commodity|STEEL|2026-04-08|stock_hk_hot_rank_detail_em,False,value_blank_or_non_numeric,599e171a4edfe6c6
58,VDF_Global_Commodity,STEEL,2026-04-09,,stock_hk_hot_rank_detail_em,C:\Users\tonyk\Downloads\VeritasIntelligenceAnalytics\dict\VDF\_active\VDF_AKSHARE_SMALL_SCOPE_CANDIDATE_SEED_STAGING_v0274_20260610_145643\staging\VDF_Global_Commodity_AkShare_Candidate_v0274.csv,VDF_Global_Commodity_AkShare_Candidate_v0274.csv,vdf_symbol_hint,时间,value,vdf_source_function,VDF_Global_Commodity|STEEL|2026-04-09|stock_hk_hot_rank_detail_em,False,value_blank_or_non_numeric,6b5891a6f8f0f815
59,VDF_Global_Commodity,STEEL,2026-04-10,,stock_hk_hot_rank_detail_em,C:\Users\tonyk\Downloads\VeritasIntelligenceAnalytics\dict\VDF\_active\VDF_AKSHARE_SMALL_SCOPE_CANDIDATE_SEED_STAGING_v0274_20260610_145643\staging\VDF_Global_Commodity_AkShare_Candidate_v0274.csv,VDF_Global_Commodity_AkShare_Candidate_v0274.csv,vdf_symbol_hint,时间,value,vdf_source_function,VDF_Global_Commodity|STEEL|2026-04-10|stock_hk_hot_rank_detail_em,False,value_blank_or_non_numeric,1e9313a8a8b7c5b4
60,VDF_Global_Commodity,STEEL,2026-04-11,,stock_hk_hot_rank_detail_em,C:\Users\tonyk\Downloads\VeritasIntelligenceAnalytics\dict\VDF\_active\VDF_AKSHARE_SMALL_SCOPE_CANDIDATE_SEED_STAGING_v0274_20260610_145643\staging\VDF_Global_Commodity_AkShare_Candidate_v0274.csv,VDF_Global_Commodity_AkShare_Candidate_v0274.csv,vdf_symbol_hint,时间,value,vdf_source_function,VDF_Global_Commodity|STEEL|2026-04-11|stock_hk_hot_rank_detail_em,False,value_blank_or_non_numeric,0664ea845521277e
61,VDF_Global_Commodity,STEEL,2026-04-12,,stock_hk_hot_rank_detail_em,C:\Users\tonyk\Downloads\VeritasIntelligenceAnalytics\dict\VDF\_active\VDF_AKSHARE_SMALL_SCOPE_CANDIDATE_SEED_STAGING_v0274_20260610_145643\staging\VDF_Global_Commodity_AkShare_Candidate_v0274.csv,VDF_Global_Commodity_AkShare_Candidate_v0274.csv,vdf_symbol_hint,时间,value,vdf_source_function,VDF_Global_Commodity|STEEL|2026-04-12|stock_hk_hot_rank_detail_em,False,value_blank_or_non_numeric,25678f9be8782d31
62,VDF_Global_Commodity,STEEL,2026-04-13,,stock_hk_hot_rank_detail_em,C:\Users\tonyk\Downloads\VeritasIntelligenceAnalytics\dict\VDF\_active\VDF_AKSHARE_SMALL_SCOPE_CANDIDATE_SEED_STAGING_v0274_20260610_145643\staging\VDF_Global_Commodity_AkShare_Candidate_v0274.csv,VDF_Global_Commodity_AkShare_Candidate_v0274.csv,vdf_symbol_hint,时间,value,vdf_source_function,VDF_Global_Commodity|STEEL|2026-04-13|stock_hk_hot_rank_detail_em,False,value_blank_or_non_numeric,49d7f012a54eabf4
63,VDF_Global_Commodity,STEEL,2026-04-14,,stock_hk_hot_rank_detail_em,C:\Users\tonyk\Downloads\VeritasIntelligenceAnalytics\dict\VDF\_active\VDF_AKSHARE_SMALL_SCOPE_CANDIDATE_SEED_STAGING_v0274_20260610_145643\staging\VDF_Global_Commodity_AkShare_Candidate_v0274.csv,VDF_Global_Commodity_AkShare_Candidate_v0274.csv,vdf_symbol_hint,时间,value,vdf_source_function,VDF_Global_Commodity|STEEL|2026-04-14|stock_hk_hot_rank_detail_em,False,value_blank_or_non_numeric,3f16673b6069c577
64,VDF_Global_Commodity,STEEL,2026-04-15,,stock_hk_hot_rank_detail_em,C:\Users\tonyk\Downloads\VeritasIntelligenceAnalytics\dict\VDF\_active\VDF_AKSHARE_SMALL_SCOPE_CANDIDATE_SEED_STAGING_v0274_20260610_145643\staging\VDF_Global_Commodity_AkShare_Candidate_v0274.csv,VDF_Global_Commodity_AkShare_Candidate_v0274.csv,vdf_symbol_hint,时间,value,vdf_source_function,VDF_Global_Commodity|STEEL|2026-04-15|stock_hk_hot_rank_detail_em,False,value_blank_or_non_numeric,c87c176f2f92d9e6
65,VDF_Global_Commodity,STEEL,2026-04-16,,stock_hk_hot_rank_detail_em,C:\Users\tonyk\Downloads\VeritasIntelligenceAnalytics\dict\VDF\_active\VDF_AKSHARE_SMALL_SCOPE_CANDIDATE_SEED_STAGING_v0274_20260610_145643\staging\VDF_Global_Commodity_AkShare_Candidate_v0274.csv,VDF_Global_Commodity_AkShare_Candidate_v0274.csv,vdf_symbol_hint,时间,value,vdf_source_function,VDF_Global_Commodity|STEEL|2026-04-16|stock_hk_hot_rank_detail_em,False,value_blank_or_non_numeric,6e1a076796658908
66,VDF_Global_Commodity,STEEL,2026-04-17,,stock_hk_hot_rank_detail_em,C:\Users\tonyk\Downloads\VeritasIntelligenceAnalytics\dict\VDF\_active\VDF_AKSHARE_SMALL_SCOPE_CANDIDATE_SEED_STAGING_v0274_20260610_145643\staging\VDF_Global_Commodity_AkShare_Candidate_v0274.csv,VDF_Global_Commodity_AkShare_Candidate_v0274.csv,vdf_symbol_hint,时间,value,vdf_source_function,VDF_Global_Commodity|STEEL|2026-04-17|stock_hk_hot_rank_detail_em,False,value_blank_or_non_numeric,817d8c39d2984c6f
67,VDF_Global_Commodity,STEEL,2026-04-18,,stock_hk_hot_rank_detail_em,C:\Users\tonyk\Downloads\VeritasIntelligenceAnalytics\dict\VDF\_active\VDF_AKSHARE_SMALL_SCOPE_CANDIDATE_SEED_STAGING_v0274_20260610_145643\staging\VDF_Global_Commodity_AkShare_Candidate_v0274.csv,VDF_Global_Commodity_AkShare_Candidate_v0274.csv,vdf_symbol_hint,时间,value,vdf_source_function,VDF_Global_Commodity|STEEL|2026-04-18|stock_hk_hot_rank_detail_em,False,value_blank_or_non_numeric,cceb9e29fa779e02
68,VDF_Global_Commodity,STEEL,2026-04-19,,stock_hk_hot_rank_detail_em,C:\Users\tonyk\Downloads\VeritasIntelligenceAnalytics\dict\VDF\_active\VDF_AKSHARE_SMALL_SCOPE_CANDIDATE_SEED_STAGING_v0274_20260610_145643\staging\VDF_Global_Commodity_AkShare_Candidate_v0274.csv,VDF_Global_Commodity_AkShare_Candidate_v0274.csv,vdf_symbol_hint,时间,value,vdf_source_function,VDF_Global_Commodity|STEEL|2026-04-19|stock_hk_hot_rank_detail_em,False,value_blank_or_non_numeric,879f97c98516f873
69,VDF_Global_Commodity,STEEL,2026-04-20,,stock_hk_hot_rank_detail_em,C:\Users\tonyk\Downloads\VeritasIntelligenceAnalytics\dict\VDF\_active\VDF_AKSHARE_SMALL_SCOPE_CANDIDATE_SEED_STAGING_v0274_20260610_145643\staging\VDF_Global_Commodity_AkShare_Candidate_v0274.csv,VDF_Global_Commodity_AkShare_Candidate_v0274.csv,vdf_symbol_hint,时间,value,vdf_source_function,VDF_Global_Commodity|STEEL|2026-04-20|stock_hk_hot_rank_detail_em,False,value_blank_or_non_numeric,e2c8f3eb01c0824e
70,VDF_Global_Commodity,STEEL,2026-04-21,,stock_hk_hot_rank_detail_em,C:\Users\tonyk\Downloads\VeritasIntelligenceAnalytics\dict\VDF\_active\VDF_AKSHARE_SMALL_SCOPE_CANDIDATE_SEED_STAGING_v0274_20260610_145643\staging\VDF_Global_Commodity_AkShare_Candidate_v0274.csv,VDF_Global_Commodity_AkShare_Candidate_v0274.csv,vdf_symbol_hint,时间,value,vdf_source_function,VDF_Global_Commodity|STEEL|2026-04-21|stock_hk_hot_rank_detail_em,False,value_blank_or_non_numeric,306cf804d0c5866c
71,VDF_Global_Commodity,STEEL,2026-04-22,,stock_hk_hot_rank_detail_em,C:\Users\tonyk\Downloads\VeritasIntelligenceAnalytics\dict\VDF\_active\VDF_AKSHARE_SMALL_SCOPE_CANDIDATE_SEED_STAGING_v0274_20260610_145643\staging\VDF_Global_Commodity_AkShare_Candidate_v0274.csv,VDF_Global_Commodity_AkShare_Candidate_v0274.csv,vdf_symbol_hint,时间,value,vdf_source_function,VDF_Global_Commodity|STEEL|2026-04-22|stock_hk_hot_rank_detail_em,False,value_blank_or_non_numeric,908f083a834edeed
72,VDF_Global_Commodity,STEEL,2026-04-23,,stock_hk_hot_rank_detail_em,C:\Users\tonyk\Downloads\VeritasIntelligenceAnalytics\dict\VDF\_active\VDF_AKSHARE_SMALL_SCOPE_CANDIDATE_SEED_STAGING_v0274_20260610_145643\staging\VDF_Global_Commodity_AkShare_Candidate_v0274.csv,VDF_Global_Commodity_AkShare_Candidate_v0274.csv,vdf_symbol_hint,时间,value,vdf_source_function,VDF_Global_Commodity|STEEL|2026-04-23|stock_hk_hot_rank_detail_em,False,value_blank_or_non_numeric,cfa8425cc37af379
73,VDF_Global_Commodity,STEEL,2026-04-24,,stock_hk_hot_rank_detail_em,C:\Users\tonyk\Downloads\VeritasIntelligenceAnalytics\dict\VDF\_active\VDF_AKSHARE_SMALL_SCOPE_CANDIDATE_SEED_STAGING_v0274_20260610_145643\staging\VDF_Global_Commodity_AkShare_Candidate_v0274.csv,VDF_Global_Commodity_AkShare_Candidate_v0274.csv,vdf_symbol_hint,时间,value,vdf_source_function,VDF_Global_Commodity|STEEL|2026-04-24|stock_hk_hot_rank_detail_em,False,value_blank_or_non_numeric,41b3486b8619099b
74,VDF_Global_Commodity,STEEL,2026-04-25,,stock_hk_hot_rank_detail_em,C:\Users\tonyk\Downloads\VeritasIntelligenceAnalytics\dict\VDF\_active\VDF_AKSHARE_SMALL_SCOPE_CANDIDATE_SEED_STAGING_v0274_20260610_145643\staging\VDF_Global_Commodity_AkShare_Candidate_v0274.csv,VDF_Global_Commodity_AkShare_Candidate_v0274.csv,vdf_symbol_hint,时间,value,vdf_source_function,VDF_Global_Commodity|STEEL|2026-04-25|stock_hk_hot_rank_detail_em,False,value_blank_or_non_numeric,9ad3659ebd631a31
75,VDF_Global_Commodity,STEEL,2026-04-26,,stock_hk_hot_rank_detail_em,C:\Users\tonyk\Downloads\VeritasIntelligenceAnalytics\dict\VDF\_active\VDF_AKSHARE_SMALL_SCOPE_CANDIDATE_SEED_STAGING_v0274_20260610_145643\staging\VDF_Global_Commodity_AkShare_Candidate_v0274.csv,VDF_Global_Commodity_AkShare_Candidate_v0274.csv,vdf_symbol_hint,时间,value,vdf_source_function,VDF_Global_Commodity|STEEL|2026-04-26|stock_hk_hot_rank_detail_em,False,value_blank_or_non_numeric,9f5166e48a4269df
76,VDF_Global_Commodity,STEEL,2026-04-27,,stock_hk_hot_rank_detail_em,C:\Users\tonyk\Downloads\VeritasIntelligenceAnalytics\dict\VDF\_active\VDF_AKSHARE_SMALL_SCOPE_CANDIDATE_SEED_STAGING_v0274_20260610_145643\staging\VDF_Global_Commodity_AkShare_Candidate_v0274.csv,VDF_Global_Commodity_AkShare_Candidate_v0274.csv,vdf_symbol_hint,时间,value,vdf_source_function,VDF_Global_Commodity|STEEL|2026-04-27|stock_hk_hot_rank_detail_em,False,value_blank_or_non_numeric,41bd58c55df073cf
77,VDF_Global_Commodity,STEEL,2026-04-28,,stock_hk_hot_rank_detail_em,C:\Users\tonyk\Downloads\VeritasIntelligenceAnalytics\dict\VDF\_active\VDF_AKSHARE_SMALL_SCOPE_CANDIDATE_SEED_STAGING_v0274_20260610_145643\staging\VDF_Global_Commodity_AkShare_Candidate_v0274.csv,VDF_Global_Commodity_AkShare_Candidate_v0274.csv,vdf_symbol_hint,时间,value,vdf_source_function,VDF_Global_Commodity|STEEL|2026-04-28|stock_hk_hot_rank_detail_em,False,value_blank_or_non_numeric,f3d66af84beffb8d
78,VDF_Global_Commodity,STEEL,2026-04-29,,stock_hk_hot_rank_detail_em,C:\Users\tonyk\Downloads\VeritasIntelligenceAnalytics\dict\VDF\_active\VDF_AKSHARE_SMALL_SCOPE_CANDIDATE_SEED_STAGING_v0274_20260610_145643\staging\VDF_Global_Commodity_AkShare_Candidate_v0274.csv,VDF_Global_Commodity_AkShare_Candidate_v0274.csv,vdf_symbol_hint,时间,value,vdf_source_function,VDF_Global_Commodity|STEEL|2026-04-29|stock_hk_hot_rank_detail_em,False,value_blank_or_non_numeric,9ffc9068eb894020
79,VDF_Global_Commodity,STEEL,2026-04-30,,stock_hk_hot_rank_detail_em,C:\Users\tonyk\Downloads\VeritasIntelligenceAnalytics\dict\VDF\_active\VDF_AKSHARE_SMALL_SCOPE_CANDIDATE_SEED_STAGING_v0274_20260610_145643\staging\VDF_Global_Commodity_AkShare_Candidate_v0274.csv,VDF_Global_Commodity_AkShare_Candidate_v0274.csv,vdf_symbol_hint,时间,value,vdf_source_function,VDF_Global_Commodity|STEEL|2026-04-30|stock_hk_hot_rank_detail_em,False,value_blank_or_non_numeric,e217a2f253859eb7
80,VDF_Global_Commodity,STEEL,2026-05-01,,stock_hk_hot_rank_detail_em,C:\Users\tonyk\Downloads\VeritasIntelligenceAnalytics\dict\VDF\_active\VDF_AKSHARE_SMALL_SCOPE_CANDIDATE_SEED_STAGING_v0274_20260610_145643\staging\VDF_Global_Commodity_AkShare_Candidate_v0274.csv,VDF_Global_Commodity_AkShare_Candidate_v0274.csv,vdf_symbol_hint,时间,value,vdf_source_function,VDF_Global_Commodity|STEEL|2026-05-01|stock_hk_hot_rank_detail_em,False,value_blank_or_non_numeric,8c7841311c11344d
81,VDF_Global_Commodity,STEEL,2026-05-02,,stock_hk_hot_rank_detail_em,C:\Users\tonyk\Downloads\VeritasIntelligenceAnalytics\dict\VDF\_active\VDF_AKSHARE_SMALL_SCOPE_CANDIDATE_SEED_STAGING_v0274_20260610_145643\staging\VDF_Global_Commodity_AkShare_Candidate_v0274.csv,VDF_Global_Commodity_AkShare_Candidate_v0274.csv,vdf_symbol_hint,时间,value,vdf_source_function,VDF_Global_Commodity|STEEL|2026-05-02|stock_hk_hot_rank_detail_em,False,value_blank_or_non_numeric,0af0501fa111e756
82,VDF_Global_Commodity,STEEL,2026-05-03,,stock_hk_hot_rank_detail_em,C:\Users\tonyk\Downloads\VeritasIntelligenceAnalytics\dict\VDF\_active\VDF_AKSHARE_SMALL_SCOPE_CANDIDATE_SEED_STAGING_v0274_20260610_145643\staging\VDF_Global_Commodity_AkShare_Candidate_v0274.csv,VDF_Global_Commodity_AkShare_Candidate_v0274.csv,vdf_symbol_hint,时间,value,vdf_source_function,VDF_Global_Commodity|STEEL|2026-05-03|stock_hk_hot_rank_detail_em,False,value_blank_or_non_numeric,240d518155fafea3
83,VDF_Global_Commodity,STEEL,2026-05-04,,stock_hk_hot_rank_detail_em,C:\Users\tonyk\Downloads\VeritasIntelligenceAnalytics\dict\VDF\_active\VDF_AKSHARE_SMALL_SCOPE_CANDIDATE_SEED_STAGING_v0274_20260610_145643\staging\VDF_Global_Commodity_AkShare_Candidate_v0274.csv,VDF_Global_Commodity_AkShare_Candidate_v0274.csv,vdf_symbol_hint,时间,value,vdf_source_function,VDF_Global_Commodity|STEEL|2026-05-04|stock_hk_hot_rank_detail_em,False,value_blank_or_non_numeric,d4a5c5b47af847d1
84,VDF_Global_Commodity,STEEL,2026-05-05,,stock_hk_hot_rank_detail_em,C:\Users\tonyk\Downloads\VeritasIntelligenceAnalytics\dict\VDF\_active\VDF_AKSHARE_SMALL_SCOPE_CANDIDATE_SEED_STAGING_v0274_20260610_145643\staging\VDF_Global_Commodity_AkShare_Candidate_v0274.csv,VDF_Global_Commodity_AkShare_Candidate_v0274.csv,vdf_symbol_hint,时间,value,vdf_source_function,VDF_Global_Commodity|STEEL|2026-05-05|stock_hk_hot_rank_detail_em,False,value_blank_or_non_numeric,428ae196c8248b3c
85,VDF_Global_Commodity,STEEL,2026-05-06,,stock_hk_hot_rank_detail_em,C:\Users\tonyk\Downloads\VeritasIntelligenceAnalytics\dict\VDF\_active\VDF_AKSHARE_SMALL_SCOPE_CANDIDATE_SEED_STAGING_v0274_20260610_145643\staging\VDF_Global_Commodity_AkShare_Candidate_v0274.csv,VDF_Global_Commodity_AkShare_Candidate_v0274.csv,vdf_symbol_hint,时间,value,vdf_source_function,VDF_Global_Commodity|STEEL|2026-05-06|stock_hk_hot_rank_detail_em,False,value_blank_or_non_numeric,d521fd6dc88b74ca
86,VDF_Global_Commodity,STEEL,2026-05-07,,stock_hk_hot_rank_detail_em,C:\Users\tonyk\Downloads\VeritasIntelligenceAnalytics\dict\VDF\_active\VDF_AKSHARE_SMALL_SCOPE_CANDIDATE_SEED_STAGING_v0274_20260610_145643\staging\VDF_Global_Commodity_AkShare_Candidate_v0274.csv,VDF_Global_Commodity_AkShare_Candidate_v0274.csv,vdf_symbol_hint,时间,value,vdf_source_function,VDF_Global_Commodity|STEEL|2026-05-07|stock_hk_hot_rank_detail_em,False,value_blank_or_non_numeric,f789e8dcd37882bd
87,VDF_Global_Commodity,STEEL,2026-05-08,,stock_hk_hot_rank_detail_em,C:\Users\tonyk\Downloads\VeritasIntelligenceAnalytics\dict\VDF\_active\VDF_AKSHARE_SMALL_SCOPE_CANDIDATE_SEED_STAGING_v0274_20260610_145643\staging\VDF_Global_Commodity_AkShare_Candidate_v0274.csv,VDF_Global_Commodity_AkShare_Candidate_v0274.csv,vdf_symbol_hint,时间,value,vdf_source_function,VDF_Global_Commodity|STEEL|2026-05-08|stock_hk_hot_rank_detail_em,False,value_blank_or_non_numeric,0f4932cd4a49eb25
88,VDF_Global_Commodity,STEEL,2026-05-09,,stock_hk_hot_rank_detail_em,C:\Users\tonyk\Downloads\VeritasIntelligenceAnalytics\dict\VDF\_active\VDF_AKSHARE_SMALL_SCOPE_CANDIDATE_SEED_STAGING_v0274_20260610_145643\staging\VDF_Global_Commodity_AkShare_Candidate_v0274.csv,VDF_Global_Commodity_AkShare_Candidate_v0274.csv,vdf_symbol_hint,时间,value,vdf_source_function,VDF_Global_Commodity|STEEL|2026-05-09|stock_hk_hot_rank_detail_em,False,value_blank_or_non_numeric,a2adc0b12104c2c5
89,VDF_Global_Commodity,STEEL,2026-05-10,,stock_hk_hot_rank_detail_em,C:\Users\tonyk\Downloads\VeritasIntelligenceAnalytics\dict\VDF\_active\VDF_AKSHARE_SMALL_SCOPE_CANDIDATE_SEED_STAGING_v0274_20260610_145643\staging\VDF_Global_Commodity_AkShare_Candidate_v0274.csv,VDF_Global_Commodity_AkShare_Candidate_v0274.csv,vdf_symbol_hint,时间,value,vdf_source_function,VDF_Global_Commodity|STEEL|2026-05-10|stock_hk_hot_rank_detail_em,False,value_blank_or_non_numeric,49d39363a2692b13
90,VDF_Global_Commodity,STEEL,2026-05-11,,stock_hk_hot_rank_detail_em,C:\Users\tonyk\Downloads\VeritasIntelligenceAnalytics\dict\VDF\_active\VDF_AKSHARE_SMALL_SCOPE_CANDIDATE_SEED_STAGING_v0274_20260610_145643\staging\VDF_Global_Commodity_AkShare_Candidate_v0274.csv,VDF_Global_Commodity_AkShare_Candidate_v0274.csv,vdf_symbol_hint,时间,value,vdf_source_function,VDF_Global_Commodity|STEEL|2026-05-11|stock_hk_hot_rank_detail_em,False,value_blank_or_non_numeric,9e4d060e65a47988
91,VDF_Global_Commodity,STEEL,2026-05-12,,stock_hk_hot_rank_detail_em,C:\Users\tonyk\Downloads\VeritasIntelligenceAnalytics\dict\VDF\_active\VDF_AKSHARE_SMALL_SCOPE_CANDIDATE_SEED_STAGING_v0274_20260610_145643\staging\VDF_Global_Commodity_AkShare_Candidate_v0274.csv,VDF_Global_Commodity_AkShare_Candidate_v0274.csv,vdf_symbol_hint,时间,value,vdf_source_function,VDF_Global_Commodity|STEEL|2026-05-12|stock_hk_hot_rank_detail_em,False,value_blank_or_non_numeric,0da46ad91e4f7a6c
92,VDF_Global_Commodity,STEEL,2026-05-13,,stock_hk_hot_rank_detail_em,C:\Users\tonyk\Downloads\VeritasIntelligenceAnalytics\dict\VDF\_active\VDF_AKSHARE_SMALL_SCOPE_CANDIDATE_SEED_STAGING_v0274_20260610_145643\staging\VDF_Global_Commodity_AkShare_Candidate_v0274.csv,VDF_Global_Commodity_AkShare_Candidate_v0274.csv,vdf_symbol_hint,时间,value,vdf_source_function,VDF_Global_Commodity|STEEL|2026-05-13|stock_hk_hot_rank_detail_em,False,value_blank_or_non_numeric,a073c1133ac19972
93,VDF_Global_Commodity,STEEL,2026-05-14,,stock_hk_hot_rank_detail_em,C:\Users\tonyk\Downloads\VeritasIntelligenceAnalytics\dict\VDF\_active\VDF_AKSHARE_SMALL_SCOPE_CANDIDATE_SEED_STAGING_v0274_20260610_145643\staging\VDF_Global_Commodity_AkShare_Candidate_v0274.csv,VDF_Global_Commodity_AkShare_Candidate_v0274.csv,vdf_symbol_hint,时间,value,vdf_source_function,VDF_Global_Commodity|STEEL|2026-05-14|stock_hk_hot_rank_detail_em,False,value_blank_or_non_numeric,4efc8970588b4b74
94,VDF_Global_Commodity,STEEL,2026-05-15,,stock_hk_hot_rank_detail_em,C:\Users\tonyk\Downloads\VeritasIntelligenceAnalytics\dict\VDF\_active\VDF_AKSHARE_SMALL_SCOPE_CANDIDATE_SEED_STAGING_v0274_20260610_145643\staging\VDF_Global_Commodity_AkShare_Candidate_v0274.csv,VDF_Global_Commodity_AkShare_Candidate_v0274.csv,vdf_symbol_hint,时间,value,vdf_source_function,VDF_Global_Commodity|STEEL|2026-05-15|stock_hk_hot_rank_detail_em,False,value_blank_or_non_numeric,5400a753dc9e06c1
95,VDF_Global_Commodity,STEEL,2026-05-16,,stock_hk_hot_rank_detail_em,C:\Users\tonyk\Downloads\VeritasIntelligenceAnalytics\dict\VDF\_active\VDF_AKSHARE_SMALL_SCOPE_CANDIDATE_SEED_STAGING_v0274_20260610_145643\staging\VDF_Global_Commodity_AkShare_Candidate_v0274.csv,VDF_Global_Commodity_AkShare_Candidate_v0274.csv,vdf_symbol_hint,时间,value,vdf_source_function,VDF_Global_Commodity|STEEL|2026-05-16|stock_hk_hot_rank_detail_em,False,value_blank_or_non_numeric,0d0e93f51bf9ffd1
96,VDF_Global_Commodity,STEEL,2026-05-17,,stock_hk_hot_rank_detail_em,C:\Users\tonyk\Downloads\VeritasIntelligenceAnalytics\dict\VDF\_active\VDF_AKSHARE_SMALL_SCOPE_CANDIDATE_SEED_STAGING_v0274_20260610_145643\staging\VDF_Global_Commodity_AkShare_Candidate_v0274.csv,VDF_Global_Commodity_AkShare_Candidate_v0274.csv,vdf_symbol_hint,时间,value,vdf_source_function,VDF_Global_Commodity|STEEL|2026-05-17|stock_hk_hot_rank_detail_em,False,value_blank_or_non_numeric,4e978cceb09ca9eb
97,VDF_Global_Commodity,STEEL,2026-05-18,,stock_hk_hot_rank_detail_em,C:\Users\tonyk\Downloads\VeritasIntelligenceAnalytics\dict\VDF\_active\VDF_AKSHARE_SMALL_SCOPE_CANDIDATE_SEED_STAGING_v0274_20260610_145643\staging\VDF_Global_Commodity_AkShare_Candidate_v0274.csv,VDF_Global_Commodity_AkShare_Candidate_v0274.csv,vdf_symbol_hint,时间,value,vdf_source_function,VDF_Global_Commodity|STEEL|2026-05-18|stock_hk_hot_rank_detail_em,False,value_blank_or_non_numeric,a724961b9a5977f8
98,VDF_Global_Commodity,STEEL,2026-05-19,,stock_hk_hot_rank_detail_em,C:\Users\tonyk\Downloads\VeritasIntelligenceAnalytics\dict\VDF\_active\VDF_AKSHARE_SMALL_SCOPE_CANDIDATE_SEED_STAGING_v0274_20260610_145643\staging\VDF_Global_Commodity_AkShare_Candidate_v0274.csv,VDF_Global_Commodity_AkShare_Candidate_v0274.csv,vdf_symbol_hint,时间,value,vdf_source_function,VDF_Global_Commodity|STEEL|2026-05-19|stock_hk_hot_rank_detail_em,False,value_blank_or_non_numeric,586c857bc9888280
99,VDF_Global_Commodity,STEEL,2026-05-20,,stock_hk_hot_rank_detail_em,C:\Users\tonyk\Downloads\VeritasIntelligenceAnalytics\dict\VDF\_active\VDF_AKSHARE_SMALL_SCOPE_CANDIDATE_SEED_STAGING_v0274_20260610_145643\staging\VDF_Global_Commodity_AkShare_Candidate_v0274.csv,VDF_Global_Commodity_AkShare_Candidate_v0274.csv,vdf_symbol_hint,时间,value,vdf_source_function,VDF_Global_Commodity|STEEL|2026-05-20|stock_hk_hot_rank_detail_em,False,value_blank_or_non_numeric,d19ebb1a4d3cd812
100,VDF_Global_Commodity,STEEL,2026-05-21,,stock_hk_hot_rank_detail_em,C:\Users\tonyk\Downloads\VeritasIntelligenceAnalytics\dict\VDF\_active\VDF_AKSHARE_SMALL_SCOPE_CANDIDATE_SEED_STAGING_v0274_20260610_145643\staging\VDF_Global_Commodity_AkShare_Candidate_v0274.csv,VDF_Global_Commodity_AkShare_Candidate_v0274.csv,vdf_symbol_hint,时间,value,vdf_source_function,VDF_Global_Commodity|STEEL|2026-05-21|stock_hk_hot_rank_detail_em,False,value_blank_or_non_numeric,e6a55faf4613c40d
101,VDF_Global_Commodity,STEEL,2026-05-22,,stock_hk_hot_rank_detail_em,C:\Users\tonyk\Downloads\VeritasIntelligenceAnalytics\dict\VDF\_active\VDF_AKSHARE_SMALL_SCOPE_CANDIDATE_SEED_STAGING_v0274_20260610_145643\staging\VDF_Global_Commodity_AkShare_Candidate_v0274.csv,VDF_Global_Commodity_AkShare_Candidate_v0274.csv,vdf_symbol_hint,时间,value,vdf_source_function,VDF_Global_Commodity|STEEL|2026-05-22|stock_hk_hot_rank_detail_em,False,value_blank_or_non_numeric,d24b4d4daf275bf7
102,VDF_Global_Commodity,STEEL,2026-05-23,,stock_hk_hot_rank_detail_em,C:\Users\tonyk\Downloads\VeritasIntelligenceAnalytics\dict\VDF\_active\VDF_AKSHARE_SMALL_SCOPE_CANDIDATE_SEED_STAGING_v0274_20260610_145643\staging\VDF_Global_Commodity_AkShare_Candidate_v0274.csv,VDF_Global_Commodity_AkShare_Candidate_v0274.csv,vdf_symbol_hint,时间,value,vdf_source_function,VDF_Global_Commodity|STEEL|2026-05-23|stock_hk_hot_rank_detail_em,False,value_blank_or_non_numeric,91627fd07e380239
103,VDF_Global_Commodity,STEEL,2026-05-24,,stock_hk_hot_rank_detail_em,C:\Users\tonyk\Downloads\VeritasIntelligenceAnalytics\dict\VDF\_active\VDF_AKSHARE_SMALL_SCOPE_CANDIDATE_SEED_STAGING_v0274_20260610_145643\staging\VDF_Global_Commodity_AkShare_Candidate_v0274.csv,VDF_Global_Commodity_AkShare_Candidate_v0274.csv,vdf_symbol_hint,时间,value,vdf_source_function,VDF_Global_Commodity|STEEL|2026-05-24|stock_hk_hot_rank_detail_em,False,value_blank_or_non_numeric,30e0db0bd51b7ab2
104,VDF_Global_Commodity,STEEL,2026-05-25,,stock_hk_hot_rank_detail_em,C:\Users\tonyk\Downloads\VeritasIntelligenceAnalytics\dict\VDF\_active\VDF_AKSHARE_SMALL_SCOPE_CANDIDATE_SEED_STAGING_v0274_20260610_145643\staging\VDF_Global_Commodity_AkShare_Candidate_v0274.csv,VDF_Global_Commodity_AkShare_Candidate_v0274.csv,vdf_symbol_hint,时间,value,vdf_source_function,VDF_Global_Commodity|STEEL|2026-05-25|stock_hk_hot_rank_detail_em,False,value_blank_or_non_numeric,9fe23c3ca529a2c5
105,VDF_Global_Commodity,STEEL,2026-05-26,,stock_hk_hot_rank_detail_em,C:\Users\tonyk\Downloads\VeritasIntelligenceAnalytics\dict\VDF\_active\VDF_AKSHARE_SMALL_SCOPE_CANDIDATE_SEED_STAGING_v0274_20260610_145643\staging\VDF_Global_Commodity_AkShare_Candidate_v0274.csv,VDF_Global_Commodity_AkShare_Candidate_v0274.csv,vdf_symbol_hint,时间,value,vdf_source_function,VDF_Global_Commodity|STEEL|2026-05-26|stock_hk_hot_rank_detail_em,False,value_blank_or_non_numeric,7eb28d226d6b7dbd
106,VDF_Global_Commodity,STEEL,2026-05-27,,stock_hk_hot_rank_detail_em,C:\Users\tonyk\Downloads\VeritasIntelligenceAnalytics\dict\VDF\_active\VDF_AKSHARE_SMALL_SCOPE_CANDIDATE_SEED_STAGING_v0274_20260610_145643\staging\VDF_Global_Commodity_AkShare_Candidate_v0274.csv,VDF_Global_Commodity_AkShare_Candidate_v0274.csv,vdf_symbol_hint,时间,value,vdf_source_function,VDF_Global_Commodity|STEEL|2026-05-27|stock_hk_hot_rank_detail_em,False,value_blank_or_non_numeric,630315aabfcd9233
107,VDF_Global_Commodity,STEEL,2026-05-28,,stock_hk_hot_rank_detail_em,C:\Users\tonyk\Downloads\VeritasIntelligenceAnalytics\dict\VDF\_active\VDF_AKSHARE_SMALL_SCOPE_CANDIDATE_SEED_STAGING_v0274_20260610_145643\staging\VDF_Global_Commodity_AkShare_Candidate_v0274.csv,VDF_Global_Commodity_AkShare_Candidate_v0274.csv,vdf_symbol_hint,时间,value,vdf_source_function,VDF_Global_Commodity|STEEL|2026-05-28|stock_hk_hot_rank_detail_em,False,value_blank_or_non_numeric,463f2abfa97a1c7b
108,VDF_Global_Commodity,STEEL,2026-05-29,,stock_hk_hot_rank_detail_em,C:\Users\tonyk\Downloads\VeritasIntelligenceAnalytics\dict\VDF\_active\VDF_AKSHARE_SMALL_SCOPE_CANDIDATE_SEED_STAGING_v0274_20260610_145643\staging\VDF_Global_Commodity_AkShare_Candidate_v0274.csv,VDF_Global_Commodity_AkShare_Candidate_v0274.csv,vdf_symbol_hint,时间,value,vdf_source_function,VDF_Global_Commodity|STEEL|2026-05-29|stock_hk_hot_rank_detail_em,False,value_blank_or_non_numeric,1f318aa455cad844
109,VDF_Global_Commodity,STEEL,2026-05-30,,stock_hk_hot_rank_detail_em,C:\Users\tonyk\Downloads\VeritasIntelligenceAnalytics\dict\VDF\_active\VDF_AKSHARE_SMALL_SCOPE_CANDIDATE_SEED_STAGING_v0274_20260610_145643\staging\VDF_Global_Commodity_AkShare_Candidate_v0274.csv,VDF_Global_Commodity_AkShare_Candidate_v0274.csv,vdf_symbol_hint,时间,value,vdf_source_function,VDF_Global_Commodity|STEEL|2026-05-30|stock_hk_hot_rank_detail_em,False,value_blank_or_non_numeric,8b407afa43dafd89
110,VDF_Global_Commodity,STEEL,2026-05-31,,stock_hk_hot_rank_detail_em,C:\Users\tonyk\Downloads\VeritasIntelligenceAnalytics\dict\VDF\_active\VDF_AKSHARE_SMALL_SCOPE_CANDIDATE_SEED_STAGING_v0274_20260610_145643\staging\VDF_Global_Commodity_AkShare_Candidate_v0274.csv,VDF_Global_Commodity_AkShare_Candidate_v0274.csv,vdf_symbol_hint,时间,value,vdf_source_function,VDF_Global_Commodity|STEEL|2026-05-31|stock_hk_hot_rank_detail_em,False,value_blank_or_non_numeric,112e0302acba8333
111,VDF_Global_Commodity,STEEL,2026-06-01,,stock_hk_hot_rank_detail_em,C:\Users\tonyk\Downloads\VeritasIntelligenceAnalytics\dict\VDF\_active\VDF_AKSHARE_SMALL_SCOPE_CANDIDATE_SEED_STAGING_v0274_20260610_145643\staging\VDF_Global_Commodity_AkShare_Candidate_v0274.csv,VDF_Global_Commodity_AkShare_Candidate_v0274.csv,vdf_symbol_hint,时间,value,vdf_source_function,VDF_Global_Commodity|STEEL|2026-06-01|stock_hk_hot_rank_detail_em,False,value_blank_or_non_numeric,58f8853a6e91f9dc
112,VDF_Global_Commodity,STEEL,2026-06-02,,stock_hk_hot_rank_detail_em,C:\Users\tonyk\Downloads\VeritasIntelligenceAnalytics\dict\VDF\_active\VDF_AKSHARE_SMALL_SCOPE_CANDIDATE_SEED_STAGING_v0274_20260610_145643\staging\VDF_Global_Commodity_AkShare_Candidate_v0274.csv,VDF_Global_Commodity_AkShare_Candidate_v0274.csv,vdf_symbol_hint,时间,value,vdf_source_function,VDF_Global_Commodity|STEEL|2026-06-02|stock_hk_hot_rank_detail_em,False,value_blank_or_non_numeric,8bbd420e79bd3111
113,VDF_Global_Commodity,STEEL,2026-06-03,,stock_hk_hot_rank_detail_em,C:\Users\tonyk\Downloads\VeritasIntelligenceAnalytics\dict\VDF\_active\VDF_AKSHARE_SMALL_SCOPE_CANDIDATE_SEED_STAGING_v0274_20260610_145643\staging\VDF_Global_Commodity_AkShare_Candidate_v0274.csv,VDF_Global_Commodity_AkShare_Candidate_v0274.csv,vdf_symbol_hint,时间,value,vdf_source_function,VDF_Global_Commodity|STEEL|2026-06-03|stock_hk_hot_rank_detail_em,False,value_blank_or_non_numeric,0de417be59733019
114,VDF_Global_Commodity,STEEL,2026-06-04,,stock_hk_hot_rank_detail_em,C:\Users\tonyk\Downloads\VeritasIntelligenceAnalytics\dict\VDF\_active\VDF_AKSHARE_SMALL_SCOPE_CANDIDATE_SEED_STAGING_v0274_20260610_145643\staging\VDF_Global_Commodity_AkShare_Candidate_v0274.csv,VDF_Global_Commodity_AkShare_Candidate_v0274.csv,vdf_symbol_hint,时间,value,vdf_source_function,VDF_Global_Commodity|STEEL|2026-06-04|stock_hk_hot_rank_detail_em,False,value_blank_or_non_numeric,a359b9a0fe979b22
115,VDF_Global_Commodity,STEEL,2026-06-05,,stock_hk_hot_rank_detail_em,C:\Users\tonyk\Downloads\VeritasIntelligenceAnalytics\dict\VDF\_active\VDF_AKSHARE_SMALL_SCOPE_CANDIDATE_SEED_STAGING_v0274_20260610_145643\staging\VDF_Global_Commodity_AkShare_Candidate_v0274.csv,VDF_Global_Commodity_AkShare_Candidate_v0274.csv,vdf_symbol_hint,时间,value,vdf_source_function,VDF_Global_Commodity|STEEL|2026-06-05|stock_hk_hot_rank_detail_em,False,value_blank_or_non_numeric,4b89e074c4276ad7
116,VDF_Global_Commodity,STEEL,2026-06-06,,stock_hk_hot_rank_detail_em,C:\Users\tonyk\Downloads\VeritasIntelligenceAnalytics\dict\VDF\_active\VDF_AKSHARE_SMALL_SCOPE_CANDIDATE_SEED_STAGING_v0274_20260610_145643\staging\VDF_Global_Commodity_AkShare_Candidate_v0274.csv,VDF_Global_Commodity_AkShare_Candidate_v0274.csv,vdf_symbol_hint,时间,value,vdf_source_function,VDF_Global_Commodity|STEEL|2026-06-06|stock_hk_hot_rank_detail_em,False,value_blank_or_non_numeric,fcc124ebffb1e569
117,VDF_Global_Commodity,STEEL,2026-06-07,,stock_hk_hot_rank_detail_em,C:\Users\tonyk\Downloads\VeritasIntelligenceAnalytics\dict\VDF\_active\VDF_AKSHARE_SMALL_SCOPE_CANDIDATE_SEED_STAGING_v0274_20260610_145643\staging\VDF_Global_Commodity_AkShare_Candidate_v0274.csv,VDF_Global_Commodity_AkShare_Candidate_v0274.csv,vdf_symbol_hint,时间,value,vdf_source_function,VDF_Global_Commodity|STEEL|2026-06-07|stock_hk_hot_rank_detail_em,False,value_blank_or_non_numeric,91afb2113ed59a26
118,VDF_Global_Commodity,STEEL,2026-06-08,,stock_hk_hot_rank_detail_em,C:\Users\tonyk\Downloads\VeritasIntelligenceAnalytics\dict\VDF\_active\VDF_AKSHARE_SMALL_SCOPE_CANDIDATE_SEED_STAGING_v0274_20260610_145643\staging\VDF_Global_Commodity_AkShare_Candidate_v0274.csv,VDF_Global_Commodity_AkShare_Candidate_v0274.csv,vdf_symbol_hint,时间,value,vdf_source_function,VDF_Global_Commodity|STEEL|2026-06-08|stock_hk_hot_rank_detail_em,False,value_blank_or_non_numeric,40001916bce714db
119,VDF_Global_Commodity,STEEL,2026-06-09,,stock_hk_hot_rank_detail_em,C:\Users\tonyk\Downloads\VeritasIntelligenceAnalytics\dict\VDF\_active\VDF_AKSHARE_SMALL_SCOPE_CANDIDATE_SEED_STAGING_v0274_20260610_145643\staging\VDF_Global_Commodity_AkShare_Candidate_v0274.csv,VDF_Global_Commodity_AkShare_Candidate_v0274.csv,vdf_symbol_hint,时间,value,vdf_source_function,VDF_Global_Commodity|STEEL|2026-06-09|stock_hk_hot_rank_detail_em,False,value_blank_or_non_numeric,1310d74081fe8012
120,VDF_Global_Commodity,STEEL,2026-06-10,,stock_hk_hot_rank_detail_em,C:\Users\tonyk\Downloads\VeritasIntelligenceAnalytics\dict\VDF\_active\VDF_AKSHARE_SMALL_SCOPE_CANDIDATE_SEED_STAGING_v0274_20260610_145643\staging\VDF_Global_Commodity_AkShare_Candidate_v0274.csv,VDF_Global_Commodity_AkShare_Candidate_v0274.csv,vdf_symbol_hint,时间,value,vdf_source_function,VDF_Global_Commodity|STEEL|2026-06-10|stock_hk_hot_rank_detail_em,False,value_blank_or_non_numeric,5596fcde98fcf37f
121,VDF_Global_Commodity,COMMODITY_FUTURES,,,futures_foreign_commodity_subscribe_exchange_symbol,C:\Users\tonyk\Downloads\VeritasIntelligenceAnalytics\dict\VDF\_active\VDF_AKSHARE_SMALL_SCOPE_CANDIDATE_SEED_STAGING_v0274_20260610_145643\staging\VDF_Global_Commodity_AkShare_Candidate_v0274.csv,VDF_Global_Commodity_AkShare_Candidate_v0274.csv,vdf_symbol_hint,时间,value,vdf_source_function,VDF_Global_Commodity|COMMODITY_FUTURES||futures_foreign_commodity_subscribe_exchange_symbol,False,date_blank_or_unparseable;value_blank_or_non_numeric,04768c965fbe9c91
122,VDF_Global_Commodity,COMMODITY_FUTURES,,,futures_foreign_commodity_subscribe_exchange_symbol,C:\Users\tonyk\Downloads\VeritasIntelligenceAnalytics\dict\VDF\_active\VDF_AKSHARE_SMALL_SCOPE_CANDIDATE_SEED_STAGING_v0274_20260610_145643\staging\VDF_Global_Commodity_AkShare_Candidate_v0274.csv,VDF_Global_Commodity_AkShare_Candidate_v0274.csv,vdf_symbol_hint,时间,value,vdf_source_function,VDF_Global_Commodity|COMMODITY_FUTURES||futures_foreign_commodity_subscribe_exchange_symbol,False,date_blank_or_unparseable;value_blank_or_non_numeric,aa1229bb30428ba3
123,VDF_Global_Commodity,COMMODITY_FUTURES,,3.0,futures_foreign_commodity_subscribe_exchange_symbol,C:\Users\tonyk\Downloads\VeritasIntelligenceAnalytics\dict\VDF\_active\VDF_AKSHARE_SMALL_SCOPE_CANDIDATE_SEED_STAGING_v0274_20260610_145643\staging\VDF_Global_Commodity_AkShare_Candidate_v0274.csv,VDF_Global_Commodity_AkShare_Candidate_v0274.csv,vdf_symbol_hint,时间,value,vdf_source_function,VDF_Global_Commodity|COMMODITY_FUTURES||futures_foreign_commodity_subscribe_exchange_symbol,False,date_blank_or_unparseable,b88dd0c065e7da4c
124,VDF_Global_Commodity,COMMODITY_FUTURES,,,futures_foreign_commodity_subscribe_exchange_symbol,C:\Users\tonyk\Downloads\VeritasIntelligenceAnalytics\dict\VDF\_active\VDF_AKSHARE_SMALL_SCOPE_CANDIDATE_SEED_STAGING_v0274_20260610_145643\staging\VDF_Global_Commodity_AkShare_Candidate_v0274.csv,VDF_Global_Commodity_AkShare_Candidate_v0274.csv,vdf_symbol_hint,时间,value,vdf_source_function,VDF_Global_Commodity|COMMODITY_FUTURES||futures_foreign_commodity_subscribe_exchange_symbol,False,date_blank_or_unparseable;value_blank_or_non_numeric,1b44b7bbe622e81a
125,VDF_Global_Commodity,COMMODITY_FUTURES,,,futures_foreign_commodity_subscribe_exchange_symbol,C:\Users\tonyk\Downloads\VeritasIntelligenceAnalytics\dict\VDF\_active\VDF_AKSHARE_SMALL_SCOPE_CANDIDATE_SEED_STAGING_v0274_20260610_145643\staging\VDF_Global_Commodity_AkShare_Candidate_v0274.csv,VDF_Global_Commodity_AkShare_Candidate_v0274.csv,vdf_symbol_hint,时间,value,vdf_source_function,VDF_Global_Commodity|COMMODITY_FUTURES||futures_foreign_commodity_subscribe_exchange_symbol,False,date_blank_or_unparseable;value_blank_or_non_numeric,fe201eccb15acdae
126,VDF_Global_Commodity,COMMODITY_FUTURES,,,futures_foreign_commodity_subscribe_exchange_symbol,C:\Users\tonyk\Downloads\VeritasIntelligenceAnalytics\dict\VDF\_active\VDF_AKSHARE_SMALL_SCOPE_CANDIDATE_SEED_STAGING_v0274_20260610_145643\staging\VDF_Global_Commodity_AkShare_Candidate_v0274.csv,VDF_Global_Commodity_AkShare_Candidate_v0274.csv,vdf_symbol_hint,时间,value,vdf_source_function,VDF_Global_Commodity|COMMODITY_FUTURES||futures_foreign_commodity_subscribe_exchange_symbol,False,date_blank_or_unparseable;value_blank_or_non_numeric,eb4bce89ab571e10
127,VDF_Global_Commodity,COMMODITY_FUTURES,,,futures_foreign_commodity_subscribe_exchange_symbol,C:\Users\tonyk\Downloads\VeritasIntelligenceAnalytics\dict\VDF\_active\VDF_AKSHARE_SMALL_SCOPE_CANDIDATE_SEED_STAGING_v0274_20260610_145643\staging\VDF_Global_Commodity_AkShare_Candidate_v0274.csv,VDF_Global_Commodity_AkShare_Candidate_v0274.csv,vdf_symbol_hint,时间,value,vdf_source_function,VDF_Global_Commodity|COMMODITY_FUTURES||futures_foreign_commodity_subscribe_exchange_symbol,False,date_blank_or_unparseable;value_blank_or_non_numeric,9a3067ce1de2211c
128,VDF_Global_Commodity,COMMODITY_FUTURES,,,futures_foreign_commodity_subscribe_exchange_symbol,C:\Users\tonyk\Downloads\VeritasIntelligenceAnalytics\dict\VDF\_active\VDF_AKSHARE_SMALL_SCOPE_CANDIDATE_SEED_STAGING_v0274_20260610_145643\staging\VDF_Global_Commodity_AkShare_Candidate_v0274.csv,VDF_Global_Commodity_AkShare_Candidate_v0274.csv,vdf_symbol_hint,时间,value,vdf_source_function,VDF_Global_Commodity|COMMODITY_FUTURES||futures_foreign_commodity_subscribe_exchange_symbol,False,date_blank_or_unparseable;value_blank_or_non_numeric,f1ef72c576cec67d
129,VDF_Global_Commodity,COMMODITY_FUTURES,,,futures_foreign_commodity_subscribe_exchange_symbol,C:\Users\tonyk\Downloads\VeritasIntelligenceAnalytics\dict\VDF\_active\VDF_AKSHARE_SMALL_SCOPE_CANDIDATE_SEED_STAGING_v0274_20260610_145643\staging\VDF_Global_Commodity_AkShare_Candidate_v0274.csv,VDF_Global_Commodity_AkShare_Candidate_v0274.csv,vdf_symbol_hint,时间,value,vdf_source_function,VDF_Global_Commodity|COMMODITY_FUTURES||futures_foreign_commodity_subscribe_exchange_symbol,False,date_blank_or_unparseable;value_blank_or_non_numeric,118618aeb4bf5b5c
130,VDF_Global_Commodity,COMMODITY_FUTURES,,,futures_foreign_commodity_subscribe_exchange_symbol,C:\Users\tonyk\Downloads\VeritasIntelligenceAnalytics\dict\VDF\_active\VDF_AKSHARE_SMALL_SCOPE_CANDIDATE_SEED_STAGING_v0274_20260610_145643\staging\VDF_Global_Commodity_AkShare_Candidate_v0274.csv,VDF_Global_Commodity_AkShare_Candidate_v0274.csv,vdf_symbol_hint,时间,value,vdf_source_function,VDF_Global_Commodity|COMMODITY_FUTURES||futures_foreign_commodity_subscribe_exchange_symbol,False,date_blank_or_unparseable;value_blank_or_non_numeric,90b299b8fd60726d
131,VDF_Global_Commodity,COMMODITY_FUTURES,,,futures_foreign_commodity_subscribe_exchange_symbol,C:\Users\tonyk\Downloads\VeritasIntelligenceAnalytics\dict\VDF\_active\VDF_AKSHARE_SMALL_SCOPE_CANDIDATE_SEED_STAGING_v0274_20260610_145643\staging\VDF_Global_Commodity_AkShare_Candidate_v0274.csv,VDF_Global_Commodity_AkShare_Candidate_v0274.csv,vdf_symbol_hint,时间,value,vdf_source_function,VDF_Global_Commodity|COMMODITY_FUTURES||futures_foreign_commodity_subscribe_exchange_symbol,False,date_blank_or_unparseable;value_blank_or_non_numeric,6e2c138d9d97e4e5
132,VDF_Global_Commodity,COMMODITY_FUTURES,,,futures_foreign_commodity_subscribe_exchange_symbol,C:\Users\tonyk\Downloads\VeritasIntelligenceAnalytics\dict\VDF\_active\VDF_AKSHARE_SMALL_SCOPE_CANDIDATE_SEED_STAGING_v0274_20260610_145643\staging\VDF_Global_Commodity_AkShare_Candidate_v0274.csv,VDF_Global_Commodity_AkShare_Candidate_v0274.csv,vdf_symbol_hint,时间,value,vdf_source_function,VDF_Global_Commodity|COMMODITY_FUTURES||futures_foreign_commodity_subscribe_exchange_symbol,False,date_blank_or_unparseable;value_blank_or_non_numeric,05b196fbe0251fe9
133,VDF_Global_Commodity,COMMODITY_FUTURES,,,futures_foreign_commodity_subscribe_exchange_symbol,C:\Users\tonyk\Downloads\VeritasIntelligenceAnalytics\dict\VDF\_active\VDF_AKSHARE_SMALL_SCOPE_CANDIDATE_SEED_STAGING_v0274_20260610_145643\staging\VDF_Global_Commodity_AkShare_Candidate_v0274.csv,VDF_Global_Commodity_AkShare_Candidate_v0274.csv,vdf_symbol_hint,时间,value,vdf_source_function,VDF_Global_Commodity|COMMODITY_FUTURES||futures_foreign_commodity_subscribe_exchange_symbol,False,date_blank_or_unparseable;value_blank_or_non_numeric,f7ae5f119e10c966
134,VDF_Global_Commodity,COMMODITY_FUTURES,,,futures_foreign_commodity_subscribe_exchange_symbol,C:\Users\tonyk\Downloads\VeritasIntelligenceAnalytics\dict\VDF\_active\VDF_AKSHARE_SMALL_SCOPE_CANDIDATE_SEED_STAGING_v0274_20260610_145643\staging\VDF_Global_Commodity_AkShare_Candidate_v0274.csv,VDF_Global_Commodity_AkShare_Candidate_v0274.csv,vdf_symbol_hint,时间,value,vdf_source_function,VDF_Global_Commodity|COMMODITY_FUTURES||futures_foreign_commodity_subscribe_exchange_symbol,False,date_blank_or_unparseable;value_blank_or_non_numeric,cb19ce51c427981b
135,VDF_Global_Commodity,COMMODITY_FUTURES,,,futures_foreign_commodity_subscribe_exchange_symbol,C:\Users\tonyk\Downloads\VeritasIntelligenceAnalytics\dict\VDF\_active\VDF_AKSHARE_SMALL_SCOPE_CANDIDATE_SEED_STAGING_v0274_20260610_145643\staging\VDF_Global_Commodity_AkShare_Candidate_v0274.csv,VDF_Global_Commodity_AkShare_Candidate_v0274.csv,vdf_symbol_hint,时间,value,vdf_source_function,VDF_Global_Commodity|COMMODITY_FUTURES||futures_foreign_commodity_subscribe_exchange_symbol,False,date_blank_or_unparseable;value_blank_or_non_numeric,4cec752e7187077e
136,VDF_Global_Commodity,COMMODITY_FUTURES,,,futures_foreign_commodity_subscribe_exchange_symbol,C:\Users\tonyk\Downloads\VeritasIntelligenceAnalytics\dict\VDF\_active\VDF_AKSHARE_SMALL_SCOPE_CANDIDATE_SEED_STAGING_v0274_20260610_145643\staging\VDF_Global_Commodity_AkShare_Candidate_v0274.csv,VDF_Global_Commodity_AkShare_Candidate_v0274.csv,vdf_symbol_hint,时间,value,vdf_source_function,VDF_Global_Commodity|COMMODITY_FUTURES||futures_foreign_commodity_subscribe_exchange_symbol,False,date_blank_or_unparseable;value_blank_or_non_numeric,70710f936c05f73c
137,VDF_Global_Commodity,COMMODITY_FUTURES,,,futures_foreign_commodity_subscribe_exchange_symbol,C:\Users\tonyk\Downloads\VeritasIntelligenceAnalytics\dict\VDF\_active\VDF_AKSHARE_SMALL_SCOPE_CANDIDATE_SEED_STAGING_v0274_20260610_145643\staging\VDF_Global_Commodity_AkShare_Candidate_v0274.csv,VDF_Global_Commodity_AkShare_Candidate_v0274.csv,vdf_symbol_hint,时间,value,vdf_source_function,VDF_Global_Commodity|COMMODITY_FUTURES||futures_foreign_commodity_subscribe_exchange_symbol,False,date_blank_or_unparseable;value_blank_or_non_numeric,95814312cc41ef83
138,VDF_Global_Commodity,COMMODITY_FUTURES,,,futures_foreign_commodity_subscribe_exchange_symbol,C:\Users\tonyk\Downloads\VeritasIntelligenceAnalytics\dict\VDF\_active\VDF_AKSHARE_SMALL_SCOPE_CANDIDATE_SEED_STAGING_v0274_20260610_145643\staging\VDF_Global_Commodity_AkShare_Candidate_v0274.csv,VDF_Global_Commodity_AkShare_Candidate_v0274.csv,vdf_symbol_hint,时间,value,vdf_source_function,VDF_Global_Commodity|COMMODITY_FUTURES||futures_foreign_commodity_subscribe_exchange_symbol,False,date_blank_or_unparseable;value_blank_or_non_numeric,2f1989c6b68df60a
139,VDF_Global_Commodity,COMMODITY_FUTURES,,,futures_foreign_commodity_subscribe_exchange_symbol,C:\Users\tonyk\Downloads\VeritasIntelligenceAnalytics\dict\VDF\_active\VDF_AKSHARE_SMALL_SCOPE_CANDIDATE_SEED_STAGING_v0274_20260610_145643\staging\VDF_Global_Commodity_AkShare_Candidate_v0274.csv,VDF_Global_Commodity_AkShare_Candidate_v0274.csv,vdf_symbol_hint,时间,value,vdf_source_function,VDF_Global_Commodity|COMMODITY_FUTURES||futures_foreign_commodity_subscribe_exchange_symbol,False,date_blank_or_unparseable;value_blank_or_non_numeric,22398fc6e9f10642
140,VDF_Global_Commodity,COMMODITY_FUTURES,,,futures_foreign_commodity_subscribe_exchange_symbol,C:\Users\tonyk\Downloads\VeritasIntelligenceAnalytics\dict\VDF\_active\VDF_AKSHARE_SMALL_SCOPE_CANDIDATE_SEED_STAGING_v0274_20260610_145643\staging\VDF_Global_Commodity_AkShare_Candidate_v0274.csv,VDF_Global_Commodity_AkShare_Candidate_v0274.csv,vdf_symbol_hint,时间,value,vdf_source_function,VDF_Global_Commodity|COMMODITY_FUTURES||futures_foreign_commodity_subscribe_exchange_symbol,False,date_blank_or_unparseable;value_blank_or_non_numeric,18ebd614138a476b
141,VDF_Global_Commodity,COMMODITY_FUTURES,,,futures_foreign_commodity_subscribe_exchange_symbol,C:\Users\tonyk\Downloads\VeritasIntelligenceAnalytics\dict\VDF\_active\VDF_AKSHARE_SMALL_SCOPE_CANDIDATE_SEED_STAGING_v0274_20260610_145643\staging\VDF_Global_Commodity_AkShare_Candidate_v0274.csv,VDF_Global_Commodity_AkShare_Candidate_v0274.csv,vdf_symbol_hint,时间,value,vdf_source_function,VDF_Global_Commodity|COMMODITY_FUTURES||futures_foreign_commodity_subscribe_exchange_symbol,False,date_blank_or_unparseable;value_blank_or_non_numeric,59a29d7faef80e7d
142,VDF_Global_Commodity,COMMODITY_FUTURES,,,futures_foreign_commodity_subscribe_exchange_symbol,C:\Users\tonyk\Downloads\VeritasIntelligenceAnalytics\dict\VDF\_active\VDF_AKSHARE_SMALL_SCOPE_CANDIDATE_SEED_STAGING_v0274_20260610_145643\staging\VDF_Global_Commodity_AkShare_Candidate_v0274.csv,VDF_Global_Commodity_AkShare_Candidate_v0274.csv,vdf_symbol_hint,时间,value,vdf_source_function,VDF_Global_Commodity|COMMODITY_FUTURES||futures_foreign_commodity_subscribe_exchange_symbol,False,date_blank_or_unparseable;value_blank_or_non_numeric,e5142a7310626d40
143,VDF_Global_Commodity,COMMODITY_FUTURES,,,futures_foreign_commodity_subscribe_exchange_symbol,C:\Users\tonyk\Downloads\VeritasIntelligenceAnalytics\dict\VDF\_active\VDF_AKSHARE_SMALL_SCOPE_CANDIDATE_SEED_STAGING_v0274_20260610_145643\staging\VDF_Global_Commodity_AkShare_Candidate_v0274.csv,VDF_Global_Commodity_AkShare_Candidate_v0274.csv,vdf_symbol_hint,时间,value,vdf_source_function,VDF_Global_Commodity|COMMODITY_FUTURES||futures_foreign_commodity_subscribe_exchange_symbol,False,date_blank_or_unparseable;value_blank_or_non_numeric,916ebfcd5cf6a885
144,VDF_Global_Commodity,COMMODITY_FUTURES,,,futures_foreign_commodity_subscribe_exchange_symbol,C:\Users\tonyk\Downloads\VeritasIntelligenceAnalytics\dict\VDF\_active\VDF_AKSHARE_SMALL_SCOPE_CANDIDATE_SEED_STAGING_v0274_20260610_145643\staging\VDF_Global_Commodity_AkShare_Candidate_v0274.csv,VDF_Global_Commodity_AkShare_Candidate_v0274.csv,vdf_symbol_hint,时间,value,vdf_source_function,VDF_Global_Commodity|COMMODITY_FUTURES||futures_foreign_commodity_subscribe_exchange_symbol,False,date_blank_or_unparseable;value_blank_or_non_numeric,ad29ac83891131ce
145,VDF_Global_Commodity,COMMODITY_FUTURES,,,futures_foreign_commodity_subscribe_exchange_symbol,C:\Users\tonyk\Downloads\VeritasIntelligenceAnalytics\dict\VDF\_active\VDF_AKSHARE_SMALL_SCOPE_CANDIDATE_SEED_STAGING_v0274_20260610_145643\staging\VDF_Global_Commodity_AkShare_Candidate_v0274.csv,VDF_Global_Commodity_AkShare_Candidate_v0274.csv,vdf_symbol_hint,时间,value,vdf_source_function,VDF_Global_Commodity|COMMODITY_FUTURES||futures_foreign_commodity_subscribe_exchange_symbol,False,date_blank_or_unparseable;value_blank_or_non_numeric,ab00def5cf47bcf7
146,VDF_Global_Commodity,COMMODITY_FUTURES,,,futures_foreign_commodity_subscribe_exchange_symbol,C:\Users\tonyk\Downloads\VeritasIntelligenceAnalytics\dict\VDF\_active\VDF_AKSHARE_SMALL_SCOPE_CANDIDATE_SEED_STAGING_v0274_20260610_145643\staging\VDF_Global_Commodity_AkShare_Candidate_v0274.csv,VDF_Global_Commodity_AkShare_Candidate_v0274.csv,vdf_symbol_hint,时间,value,vdf_source_function,VDF_Global_Commodity|COMMODITY_FUTURES||futures_foreign_commodity_subscribe_exchange_symbol,False,date_blank_or_unparseable;value_blank_or_non_numeric,b73dda1758d8a9de
147,VDF_Global_Commodity,COMMODITY_FUTURES,,,futures_foreign_commodity_subscribe_exchange_symbol,C:\Users\tonyk\Downloads\VeritasIntelligenceAnalytics\dict\VDF\_active\VDF_AKSHARE_SMALL_SCOPE_CANDIDATE_SEED_STAGING_v0274_20260610_145643\staging\VDF_Global_Commodity_AkShare_Candidate_v0274.csv,VDF_Global_Commodity_AkShare_Candidate_v0274.csv,vdf_symbol_hint,时间,value,vdf_source_function,VDF_Global_Commodity|COMMODITY_FUTURES||futures_foreign_commodity_subscribe_exchange_symbol,False,date_blank_or_unparseable;value_blank_or_non_numeric,21089edb61881ea3
148,VDF_Global_Commodity,COMMODITY_FUTURES,,,futures_foreign_commodity_subscribe_exchange_symbol,C:\Users\tonyk\Downloads\VeritasIntelligenceAnalytics\dict\VDF\_active\VDF_AKSHARE_SMALL_SCOPE_CANDIDATE_SEED_STAGING_v0274_20260610_145643\staging\VDF_Global_Commodity_AkShare_Candidate_v0274.csv,VDF_Global_Commodity_AkShare_Candidate_v0274.csv,vdf_symbol_hint,时间,value,vdf_source_function,VDF_Global_Commodity|COMMODITY_FUTURES||futures_foreign_commodity_subscribe_exchange_symbol,False,date_blank_or_unparseable;value_blank_or_non_numeric,5f07c19ae1c38d55
149,VDF_Global_Commodity,COMMODITY_FUTURES,,,futures_foreign_commodity_subscribe_exchange_symbol,C:\Users\tonyk\Downloads\VeritasIntelligenceAnalytics\dict\VDF\_active\VDF_AKSHARE_SMALL_SCOPE_CANDIDATE_SEED_STAGING_v0274_20260610_145643\staging\VDF_Global_Commodity_AkShare_Candidate_v0274.csv,VDF_Global_Commodity_AkShare_Candidate_v0274.csv,vdf_symbol_hint,时间,value,vdf_source_function,VDF_Global_Commodity|COMMODITY_FUTURES||futures_foreign_commodity_subscribe_exchange_symbol,False,date_blank_or_unparseable;value_blank_or_non_numeric,abc62cf1da9e3adf
150,VDF_Global_Commodity,COMMODITY_FUTURES,,,futures_foreign_commodity_subscribe_exchange_symbol,C:\Users\tonyk\Downloads\VeritasIntelligenceAnalytics\dict\VDF\_active\VDF_AKSHARE_SMALL_SCOPE_CANDIDATE_SEED_STAGING_v0274_20260610_145643\staging\VDF_Global_Commodity_AkShare_Candidate_v0274.csv,VDF_Global_Commodity_AkShare_Candidate_v0274.csv,vdf_symbol_hint,时间,value,vdf_source_function,VDF_Global_Commodity|COMMODITY_FUTURES||futures_foreign_commodity_subscribe_exchange_symbol,False,date_blank_or_unparseable;value_blank_or_non_numeric,e50027faeb4585c9
1,VDF_Global_Commodity,STEEL,2026-02-11,,stock_hk_hot_rank_detail_em,C:\Users\tonyk\Downloads\VeritasIntelligenceAnalytics\dict\VDF\_active\VDF_AKSHARE_SMALL_SCOPE_CANDIDATE_SEED_STAGING_v0274_20260610_145643\staging\VDF_Global_Commodity_AkShare_Candidate_v0274.json,VDF_Global_Commodity_AkShare_Candidate_v0274.json,vdf_symbol_hint,时间,value,vdf_source_function,VDF_Global_Commodity|STEEL|2026-02-11|stock_hk_hot_rank_detail_em,False,value_blank_or_non_numeric,2b03fa7dad40ee22
2,VDF_Global_Commodity,STEEL,2026-02-12,,stock_hk_hot_rank_detail_em,C:\Users\tonyk\Downloads\VeritasIntelligenceAnalytics\dict\VDF\_active\VDF_AKSHARE_SMALL_SCOPE_CANDIDATE_SEED_STAGING_v0274_20260610_145643\staging\VDF_Global_Commodity_AkShare_Candidate_v0274.json,VDF_Global_Commodity_AkShare_Candidate_v0274.json,vdf_symbol_hint,时间,value,vdf_source_function,VDF_Global_Commodity|STEEL|2026-02-12|stock_hk_hot_rank_detail_em,False,value_blank_or_non_numeric,191eab8ab0d21366
3,VDF_Global_Commodity,STEEL,2026-02-13,,stock_hk_hot_rank_detail_em,C:\Users\tonyk\Downloads\VeritasIntelligenceAnalytics\dict\VDF\_active\VDF_AKSHARE_SMALL_SCOPE_CANDIDATE_SEED_STAGING_v0274_20260610_145643\staging\VDF_Global_Commodity_AkShare_Candidate_v0274.json,VDF_Global_Commodity_AkShare_Candidate_v0274.json,vdf_symbol_hint,时间,value,vdf_source_function,VDF_Global_Commodity|STEEL|2026-02-13|stock_hk_hot_rank_detail_em,False,value_blank_or_non_numeric,e620cef31d75b92d
4,VDF_Global_Commodity,STEEL,2026-02-14,,stock_hk_hot_rank_detail_em,C:\Users\tonyk\Downloads\VeritasIntelligenceAnalytics\dict\VDF\_active\VDF_AKSHARE_SMALL_SCOPE_CANDIDATE_SEED_STAGING_v0274_20260610_145643\staging\VDF_Global_Commodity_AkShare_Candidate_v0274.json,VDF_Global_Commodity_AkShare_Candidate_v0274.json,vdf_symbol_hint,时间,value,vdf_source_function,VDF_Global_Commodity|STEEL|2026-02-14|stock_hk_hot_rank_detail_em,False,value_blank_or_non_numeric,8034bb4002971fba
5,VDF_Global_Commodity,STEEL,2026-02-15,,stock_hk_hot_rank_detail_em,C:\Users\tonyk\Downloads\VeritasIntelligenceAnalytics\dict\VDF\_active\VDF_AKSHARE_SMALL_SCOPE_CANDIDATE_SEED_STAGING_v0274_20260610_145643\staging\VDF_Global_Commodity_AkShare_Candidate_v0274.json,VDF_Global_Commodity_AkShare_Candidate_v0274.json,vdf_symbol_hint,时间,value,vdf_source_function,VDF_Global_Commodity|STEEL|2026-02-15|stock_hk_hot_rank_detail_em,False,value_blank_or_non_numeric,8f6218982026a6cb
6,VDF_Global_Commodity,STEEL,2026-02-16,,stock_hk_hot_rank_detail_em,C:\Users\tonyk\Downloads\VeritasIntelligenceAnalytics\dict\VDF\_active\VDF_AKSHARE_SMALL_SCOPE_CANDIDATE_SEED_STAGING_v0274_20260610_145643\staging\VDF_Global_Commodity_AkShare_Candidate_v0274.json,VDF_Global_Commodity_AkShare_Candidate_v0274.json,vdf_symbol_hint,时间,value,vdf_source_function,VDF_Global_Commodity|STEEL|2026-02-16|stock_hk_hot_rank_detail_em,False,value_blank_or_non_numeric,a1e31d507f004ca9
7,VDF_Global_Commodity,STEEL,2026-02-17,,stock_hk_hot_rank_detail_em,C:\Users\tonyk\Downloads\VeritasIntelligenceAnalytics\dict\VDF\_active\VDF_AKSHARE_SMALL_SCOPE_CANDIDATE_SEED_STAGING_v0274_20260610_145643\staging\VDF_Global_Commodity_AkShare_Candidate_v0274.json,VDF_Global_Commodity_AkShare_Candidate_v0274.json,vdf_symbol_hint,时间,value,vdf_source_function,VDF_Global_Commodity|STEEL|2026-02-17|stock_hk_hot_rank_detail_em,False,value_blank_or_non_numeric,139d00532218c0b9
8,VDF_Global_Commodity,STEEL,2026-02-18,,stock_hk_hot_rank_detail_em,C:\Users\tonyk\Downloads\VeritasIntelligenceAnalytics\dict\VDF\_active\VDF_AKSHARE_SMALL_SCOPE_CANDIDATE_SEED_STAGING_v0274_20260610_145643\staging\VDF_Global_Commodity_AkShare_Candidate_v0274.json,VDF_Global_Commodity_AkShare_Candidate_v0274.json,vdf_symbol_hint,时间,value,vdf_source_function,VDF_Global_Commodity|STEEL|2026-02-18|stock_hk_hot_rank_detail_em,False,value_blank_or_non_numeric,85044e89ff650144
9,VDF_Global_Commodity,STEEL,2026-02-19,,stock_hk_hot_rank_detail_em,C:\Users\tonyk\Downloads\VeritasIntelligenceAnalytics\dict\VDF\_active\VDF_AKSHARE_SMALL_SCOPE_CANDIDATE_SEED_STAGING_v0274_20260610_145643\staging\VDF_Global_Commodity_AkShare_Candidate_v0274.json,VDF_Global_Commodity_AkShare_Candidate_v0274.json,vdf_symbol_hint,时间,value,vdf_source_function,VDF_Global_Commodity|STEEL|2026-02-19|stock_hk_hot_rank_detail_em,False,value_blank_or_non_numeric,92a9492b8b90fe97
10,VDF_Global_Commodity,STEEL,2026-02-20,,stock_hk_hot_rank_detail_em,C:\Users\tonyk\Downloads\VeritasIntelligenceAnalytics\dict\VDF\_active\VDF_AKSHARE_SMALL_SCOPE_CANDIDATE_SEED_STAGING_v0274_20260610_145643\staging\VDF_Global_Commodity_AkShare_Candidate_v0274.json,VDF_Global_Commodity_AkShare_Candidate_v0274.json,vdf_symbol_hint,时间,value,vdf_source_function,VDF_Global_Commodity|STEEL|2026-02-20|stock_hk_hot_rank_detail_em,False,value_blank_or_non_numeric,160331f44c0969f4
11,VDF_Global_Commodity,STEEL,2026-02-21,,stock_hk_hot_rank_detail_em,C:\Users\tonyk\Downloads\VeritasIntelligenceAnalytics\dict\VDF\_active\VDF_AKSHARE_SMALL_SCOPE_CANDIDATE_SEED_STAGING_v0274_20260610_145643\staging\VDF_Global_Commodity_AkShare_Candidate_v0274.json,VDF_Global_Commodity_AkShare_Candidate_v0274.json,vdf_symbol_hint,时间,value,vdf_source_function,VDF_Global_Commodity|STEEL|2026-02-21|stock_hk_hot_rank_detail_em,False,value_blank_or_non_numeric,998de386e991cad0
12,VDF_Global_Commodity,STEEL,2026-02-22,,stock_hk_hot_rank_detail_em,C:\Users\tonyk\Downloads\VeritasIntelligenceAnalytics\dict\VDF\_active\VDF_AKSHARE_SMALL_SCOPE_CANDIDATE_SEED_STAGING_v0274_20260610_145643\staging\VDF_Global_Commodity_AkShare_Candidate_v0274.json,VDF_Global_Commodity_AkShare_Candidate_v0274.json,vdf_symbol_hint,时间,value,vdf_source_function,VDF_Global_Commodity|STEEL|2026-02-22|stock_hk_hot_rank_detail_em,False,value_blank_or_non_numeric,479d34630ece264f
13,VDF_Global_Commodity,STEEL,2026-02-23,,stock_hk_hot_rank_detail_em,C:\Users\tonyk\Downloads\VeritasIntelligenceAnalytics\dict\VDF\_active\VDF_AKSHARE_SMALL_SCOPE_CANDIDATE_SEED_STAGING_v0274_20260610_145643\staging\VDF_Global_Commodity_AkShare_Candidate_v0274.json,VDF_Global_Commodity_AkShare_Candidate_v0274.json,vdf_symbol_hint,时间,value,vdf_source_function,VDF_Global_Commodity|STEEL|2026-02-23|stock_hk_hot_rank_detail_em,False,value_blank_or_non_numeric,6d6cd5ead651b980
14,VDF_Global_Commodity,STEEL,2026-02-24,,stock_hk_hot_rank_detail_em,C:\Users\tonyk\Downloads\VeritasIntelligenceAnalytics\dict\VDF\_active\VDF_AKSHARE_SMALL_SCOPE_CANDIDATE_SEED_STAGING_v0274_20260610_145643\staging\VDF_Global_Commodity_AkShare_Candidate_v0274.json,VDF_Global_Commodity_AkShare_Candidate_v0274.json,vdf_symbol_hint,时间,value,vdf_source_function,VDF_Global_Commodity|STEEL|2026-02-24|stock_hk_hot_rank_detail_em,False,value_blank_or_non_numeric,f38dea3f4af671c2
15,VDF_Global_Commodity,STEEL,2026-02-25,,stock_hk_hot_rank_detail_em,C:\Users\tonyk\Downloads\VeritasIntelligenceAnalytics\dict\VDF\_active\VDF_AKSHARE_SMALL_SCOPE_CANDIDATE_SEED_STAGING_v0274_20260610_145643\staging\VDF_Global_Commodity_AkShare_Candidate_v0274.json,VDF_Global_Commodity_AkShare_Candidate_v0274.json,vdf_symbol_hint,时间,value,vdf_source_function,VDF_Global_Commodity|STEEL|2026-02-25|stock_hk_hot_rank_detail_em,False,value_blank_or_non_numeric,beb78e67e63ba332
16,VDF_Global_Commodity,STEEL,2026-02-26,,stock_hk_hot_rank_detail_em,C:\Users\tonyk\Downloads\VeritasIntelligenceAnalytics\dict\VDF\_active\VDF_AKSHARE_SMALL_SCOPE_CANDIDATE_SEED_STAGING_v0274_20260610_145643\staging\VDF_Global_Commodity_AkShare_Candidate_v0274.json,VDF_Global_Commodity_AkShare_Candidate_v0274.json,vdf_symbol_hint,时间,value,vdf_source_function,VDF_Global_Commodity|STEEL|2026-02-26|stock_hk_hot_rank_detail_em,False,value_blank_or_non_numeric,d4828cd903424876
17,VDF_Global_Commodity,STEEL,2026-02-27,,stock_hk_hot_rank_detail_em,C:\Users\tonyk\Downloads\VeritasIntelligenceAnalytics\dict\VDF\_active\VDF_AKSHARE_SMALL_SCOPE_CANDIDATE_SEED_STAGING_v0274_20260610_145643\staging\VDF_Global_Commodity_AkShare_Candidate_v0274.json,VDF_Global_Commodity_AkShare_Candidate_v0274.json,vdf_symbol_hint,时间,value,vdf_source_function,VDF_Global_Commodity|STEEL|2026-02-27|stock_hk_hot_rank_detail_em,False,value_blank_or_non_numeric,371abb8d51521b4d
18,VDF_Global_Commodity,STEEL,2026-02-28,,stock_hk_hot_rank_detail_em,C:\Users\tonyk\Downloads\VeritasIntelligenceAnalytics\dict\VDF\_active\VDF_AKSHARE_SMALL_SCOPE_CANDIDATE_SEED_STAGING_v0274_20260610_145643\staging\VDF_Global_Commodity_AkShare_Candidate_v0274.json,VDF_Global_Commodity_AkShare_Candidate_v0274.json,vdf_symbol_hint,时间,value,vdf_source_function,VDF_Global_Commodity|STEEL|2026-02-28|stock_hk_hot_rank_detail_em,False,value_blank_or_non_numeric,116c8d19b4bd3215
19,VDF_Global_Commodity,STEEL,2026-03-01,,stock_hk_hot_rank_detail_em,C:\Users\tonyk\Downloads\VeritasIntelligenceAnalytics\dict\VDF\_active\VDF_AKSHARE_SMALL_SCOPE_CANDIDATE_SEED_STAGING_v0274_20260610_145643\staging\VDF_Global_Commodity_AkShare_Candidate_v0274.json,VDF_Global_Commodity_AkShare_Candidate_v0274.json,vdf_symbol_hint,时间,value,vdf_source_function,VDF_Global_Commodity|STEEL|2026-03-01|stock_hk_hot_rank_detail_em,False,value_blank_or_non_numeric,92fd96823883c61f
20,VDF_Global_Commodity,STEEL,2026-03-02,,stock_hk_hot_rank_detail_em,C:\Users\tonyk\Downloads\VeritasIntelligenceAnalytics\dict\VDF\_active\VDF_AKSHARE_SMALL_SCOPE_CANDIDATE_SEED_STAGING_v0274_20260610_145643\staging\VDF_Global_Commodity_AkShare_Candidate_v0274.json,VDF_Global_Commodity_AkShare_Candidate_v0274.json,vdf_symbol_hint,时间,value,vdf_source_function,VDF_Global_Commodity|STEEL|2026-03-02|stock_hk_hot_rank_detail_em,False,value_blank_or_non_numeric,0eac578502f54001
21,VDF_Global_Commodity,STEEL,2026-03-03,,stock_hk_hot_rank_detail_em,C:\Users\tonyk\Downloads\VeritasIntelligenceAnalytics\dict\VDF\_active\VDF_AKSHARE_SMALL_SCOPE_CANDIDATE_SEED_STAGING_v0274_20260610_145643\staging\VDF_Global_Commodity_AkShare_Candidate_v0274.json,VDF_Global_Commodity_AkShare_Candidate_v0274.json,vdf_symbol_hint,时间,value,vdf_source_function,VDF_Global_Commodity|STEEL|2026-03-03|stock_hk_hot_rank_detail_em,False,value_blank_or_non_numeric,cfe9732f621b4297
22,VDF_Global_Commodity,STEEL,2026-03-04,,stock_hk_hot_rank_detail_em,C:\Users\tonyk\Downloads\VeritasIntelligenceAnalytics\dict\VDF\_active\VDF_AKSHARE_SMALL_SCOPE_CANDIDATE_SEED_STAGING_v0274_20260610_145643\staging\VDF_Global_Commodity_AkShare_Candidate_v0274.json,VDF_Global_Commodity_AkShare_Candidate_v0274.json,vdf_symbol_hint,时间,value,vdf_source_function,VDF_Global_Commodity|STEEL|2026-03-04|stock_hk_hot_rank_detail_em,False,value_blank_or_non_numeric,b031af2c98786880
23,VDF_Global_Commodity,STEEL,2026-03-05,,stock_hk_hot_rank_detail_em,C:\Users\tonyk\Downloads\VeritasIntelligenceAnalytics\dict\VDF\_active\VDF_AKSHARE_SMALL_SCOPE_CANDIDATE_SEED_STAGING_v0274_20260610_145643\staging\VDF_Global_Commodity_AkShare_Candidate_v0274.json,VDF_Global_Commodity_AkShare_Candidate_v0274.json,vdf_symbol_hint,时间,value,vdf_source_function,VDF_Global_Commodity|STEEL|2026-03-05|stock_hk_hot_rank_detail_em,False,value_blank_or_non_numeric,2523bc34823779e5
24,VDF_Global_Commodity,STEEL,2026-03-06,,stock_hk_hot_rank_detail_em,C:\Users\tonyk\Downloads\VeritasIntelligenceAnalytics\dict\VDF\_active\VDF_AKSHARE_SMALL_SCOPE_CANDIDATE_SEED_STAGING_v0274_20260610_145643\staging\VDF_Global_Commodity_AkShare_Candidate_v0274.json,VDF_Global_Commodity_AkShare_Candidate_v0274.json,vdf_symbol_hint,时间,value,vdf_source_function,VDF_Global_Commodity|STEEL|2026-03-06|stock_hk_hot_rank_detail_em,False,value_blank_or_non_numeric,d3d89846cb86fcc1
25,VDF_Global_Commodity,STEEL,2026-03-07,,stock_hk_hot_rank_detail_em,C:\Users\tonyk\Downloads\VeritasIntelligenceAnalytics\dict\VDF\_active\VDF_AKSHARE_SMALL_SCOPE_CANDIDATE_SEED_STAGING_v0274_20260610_145643\staging\VDF_Global_Commodity_AkShare_Candidate_v0274.json,VDF_Global_Commodity_AkShare_Candidate_v0274.json,vdf_symbol_hint,时间,value,vdf_source_function,VDF_Global_Commodity|STEEL|2026-03-07|stock_hk_hot_rank_detail_em,False,value_blank_or_non_numeric,648048f4e5c0a874
26,VDF_Global_Commodity,STEEL,2026-03-08,,stock_hk_hot_rank_detail_em,C:\Users\tonyk\Downloads\VeritasIntelligenceAnalytics\dict\VDF\_active\VDF_AKSHARE_SMALL_SCOPE_CANDIDATE_SEED_STAGING_v0274_20260610_145643\staging\VDF_Global_Commodity_AkShare_Candidate_v0274.json,VDF_Global_Commodity_AkShare_Candidate_v0274.json,vdf_symbol_hint,时间,value,vdf_source_function,VDF_Global_Commodity|STEEL|2026-03-08|stock_hk_hot_rank_detail_em,False,value_blank_or_non_numeric,882eb9cc179bb5b2
27,VDF_Global_Commodity,STEEL,2026-03-09,,stock_hk_hot_rank_detail_em,C:\Users\tonyk\Downloads\VeritasIntelligenceAnalytics\dict\VDF\_active\VDF_AKSHARE_SMALL_SCOPE_CANDIDATE_SEED_STAGING_v0274_20260610_145643\staging\VDF_Global_Commodity_AkShare_Candidate_v0274.json,VDF_Global_Commodity_AkShare_Candidate_v0274.json,vdf_symbol_hint,时间,value,vdf_source_function,VDF_Global_Commodity|STEEL|2026-03-09|stock_hk_hot_rank_detail_em,False,value_blank_or_non_numeric,48e27f36d7b04db2
28,VDF_Global_Commodity,STEEL,2026-03-10,,stock_hk_hot_rank_detail_em,C:\Users\tonyk\Downloads\VeritasIntelligenceAnalytics\dict\VDF\_active\VDF_AKSHARE_SMALL_SCOPE_CANDIDATE_SEED_STAGING_v0274_20260610_145643\staging\VDF_Global_Commodity_AkShare_Candidate_v0274.json,VDF_Global_Commodity_AkShare_Candidate_v0274.json,vdf_symbol_hint,时间,value,vdf_source_function,VDF_Global_Commodity|STEEL|2026-03-10|stock_hk_hot_rank_detail_em,False,value_blank_or_non_numeric,c2f8882195df8805
29,VDF_Global_Commodity,STEEL,2026-03-11,,stock_hk_hot_rank_detail_em,C:\Users\tonyk\Downloads\VeritasIntelligenceAnalytics\dict\VDF\_active\VDF_AKSHARE_SMALL_SCOPE_CANDIDATE_SEED_STAGING_v0274_20260610_145643\staging\VDF_Global_Commodity_AkShare_Candidate_v0274.json,VDF_Global_Commodity_AkShare_Candidate_v0274.json,vdf_symbol_hint,时间,value,vdf_source_function,VDF_Global_Commodity|STEEL|2026-03-11|stock_hk_hot_rank_detail_em,False,value_blank_or_non_numeric,b51c6cac71f3e4fe
30,VDF_Global_Commodity,STEEL,2026-03-12,,stock_hk_hot_rank_detail_em,C:\Users\tonyk\Downloads\VeritasIntelligenceAnalytics\dict\VDF\_active\VDF_AKSHARE_SMALL_SCOPE_CANDIDATE_SEED_STAGING_v0274_20260610_145643\staging\VDF_Global_Commodity_AkShare_Candidate_v0274.json,VDF_Global_Commodity_AkShare_Candidate_v0274.json,vdf_symbol_hint,时间,value,vdf_source_function,VDF_Global_Commodity|STEEL|2026-03-12|stock_hk_hot_rank_detail_em,False,value_blank_or_non_numeric,46f4f20ce01a8e74
31,VDF_Global_Commodity,STEEL,2026-03-13,,stock_hk_hot_rank_detail_em,C:\Users\tonyk\Downloads\VeritasIntelligenceAnalytics\dict\VDF\_active\VDF_AKSHARE_SMALL_SCOPE_CANDIDATE_SEED_STAGING_v0274_20260610_145643\staging\VDF_Global_Commodity_AkShare_Candidate_v0274.json,VDF_Global_Commodity_AkShare_Candidate_v0274.json,vdf_symbol_hint,时间,value,vdf_source_function,VDF_Global_Commodity|STEEL|2026-03-13|stock_hk_hot_rank_detail_em,False,value_blank_or_non_numeric,03a809b631e7c2b5
32,VDF_Global_Commodity,STEEL,2026-03-14,,stock_hk_hot_rank_detail_em,C:\Users\tonyk\Downloads\VeritasIntelligenceAnalytics\dict\VDF\_active\VDF_AKSHARE_SMALL_SCOPE_CANDIDATE_SEED_STAGING_v0274_20260610_145643\staging\VDF_Global_Commodity_AkShare_Candidate_v0274.json,VDF_Global_Commodity_AkShare_Candidate_v0274.json,vdf_symbol_hint,时间,value,vdf_source_function,VDF_Global_Commodity|STEEL|2026-03-14|stock_hk_hot_rank_detail_em,False,value_blank_or_non_numeric,dbf5da445a5c46f9
33,VDF_Global_Commodity,STEEL,2026-03-15,,stock_hk_hot_rank_detail_em,C:\Users\tonyk\Downloads\VeritasIntelligenceAnalytics\dict\VDF\_active\VDF_AKSHARE_SMALL_SCOPE_CANDIDATE_SEED_STAGING_v0274_20260610_145643\staging\VDF_Global_Commodity_AkShare_Candidate_v0274.json,VDF_Global_Commodity_AkShare_Candidate_v0274.json,vdf_symbol_hint,时间,value,vdf_source_function,VDF_Global_Commodity|STEEL|2026-03-15|stock_hk_hot_rank_detail_em,False,value_blank_or_non_numeric,310058d299756f60
34,VDF_Global_Commodity,STEEL,2026-03-16,,stock_hk_hot_rank_detail_em,C:\Users\tonyk\Downloads\VeritasIntelligenceAnalytics\dict\VDF\_active\VDF_AKSHARE_SMALL_SCOPE_CANDIDATE_SEED_STAGING_v0274_20260610_145643\staging\VDF_Global_Commodity_AkShare_Candidate_v0274.json,VDF_Global_Commodity_AkShare_Candidate_v0274.json,vdf_symbol_hint,时间,value,vdf_source_function,VDF_Global_Commodity|STEEL|2026-03-16|stock_hk_hot_rank_detail_em,False,value_blank_or_non_numeric,7014943227904d38
35,VDF_Global_Commodity,STEEL,2026-03-17,,stock_hk_hot_rank_detail_em,C:\Users\tonyk\Downloads\VeritasIntelligenceAnalytics\dict\VDF\_active\VDF_AKSHARE_SMALL_SCOPE_CANDIDATE_SEED_STAGING_v0274_20260610_145643\staging\VDF_Global_Commodity_AkShare_Candidate_v0274.json,VDF_Global_Commodity_AkShare_Candidate_v0274.json,vdf_symbol_hint,时间,value,vdf_source_function,VDF_Global_Commodity|STEEL|2026-03-17|stock_hk_hot_rank_detail_em,False,value_blank_or_non_numeric,f5023bf9d7d3a0a3
36,VDF_Global_Commodity,STEEL,2026-03-18,,stock_hk_hot_rank_detail_em,C:\Users\tonyk\Downloads\VeritasIntelligenceAnalytics\dict\VDF\_active\VDF_AKSHARE_SMALL_SCOPE_CANDIDATE_SEED_STAGING_v0274_20260610_145643\staging\VDF_Global_Commodity_AkShare_Candidate_v0274.json,VDF_Global_Commodity_AkShare_Candidate_v0274.json,vdf_symbol_hint,时间,value,vdf_source_function,VDF_Global_Commodity|STEEL|2026-03-18|stock_hk_hot_rank_detail_em,False,value_blank_or_non_numeric,5a083c4756346a90
37,VDF_Global_Commodity,STEEL,2026-03-19,,stock_hk_hot_rank_detail_em,C:\Users\tonyk\Downloads\VeritasIntelligenceAnalytics\dict\VDF\_active\VDF_AKSHARE_SMALL_SCOPE_CANDIDATE_SEED_STAGING_v0274_20260610_145643\staging\VDF_Global_Commodity_AkShare_Candidate_v0274.json,VDF_Global_Commodity_AkShare_Candidate_v0274.json,vdf_symbol_hint,时间,value,vdf_source_function,VDF_Global_Commodity|STEEL|2026-03-19|stock_hk_hot_rank_detail_em,False,value_blank_or_non_numeric,7479c86f48a4e7b0
38,VDF_Global_Commodity,STEEL,2026-03-20,,stock_hk_hot_rank_detail_em,C:\Users\tonyk\Downloads\VeritasIntelligenceAnalytics\dict\VDF\_active\VDF_AKSHARE_SMALL_SCOPE_CANDIDATE_SEED_STAGING_v0274_20260610_145643\staging\VDF_Global_Commodity_AkShare_Candidate_v0274.json,VDF_Global_Commodity_AkShare_Candidate_v0274.json,vdf_symbol_hint,时间,value,vdf_source_function,VDF_Global_Commodity|STEEL|2026-03-20|stock_hk_hot_rank_detail_em,False,value_blank_or_non_numeric,6778c1905186f951
39,VDF_Global_Commodity,STEEL,2026-03-21,,stock_hk_hot_rank_detail_em,C:\Users\tonyk\Downloads\VeritasIntelligenceAnalytics\dict\VDF\_active\VDF_AKSHARE_SMALL_SCOPE_CANDIDATE_SEED_STAGING_v0274_20260610_145643\staging\VDF_Global_Commodity_AkShare_Candidate_v0274.json,VDF_Global_Commodity_AkShare_Candidate_v0274.json,vdf_symbol_hint,时间,value,vdf_source_function,VDF_Global_Commodity|STEEL|2026-03-21|stock_hk_hot_rank_detail_em,False,value_blank_or_non_numeric,54073b17289d597c
40,VDF_Global_Commodity,STEEL,2026-03-22,,stock_hk_hot_rank_detail_em,C:\Users\tonyk\Downloads\VeritasIntelligenceAnalytics\dict\VDF\_active\VDF_AKSHARE_SMALL_SCOPE_CANDIDATE_SEED_STAGING_v0274_20260610_145643\staging\VDF_Global_Commodity_AkShare_Candidate_v0274.json,VDF_Global_Commodity_AkShare_Candidate_v0274.json,vdf_symbol_hint,时间,value,vdf_source_function,VDF_Global_Commodity|STEEL|2026-03-22|stock_hk_hot_rank_detail_em,False,value_blank_or_non_numeric,84cb76d842c32073
41,VDF_Global_Commodity,STEEL,2026-03-23,,stock_hk_hot_rank_detail_em,C:\Users\tonyk\Downloads\VeritasIntelligenceAnalytics\dict\VDF\_active\VDF_AKSHARE_SMALL_SCOPE_CANDIDATE_SEED_STAGING_v0274_20260610_145643\staging\VDF_Global_Commodity_AkShare_Candidate_v0274.json,VDF_Global_Commodity_AkShare_Candidate_v0274.json,vdf_symbol_hint,时间,value,vdf_source_function,VDF_Global_Commodity|STEEL|2026-03-23|stock_hk_hot_rank_detail_em,False,value_blank_or_non_numeric,9a3c347e5c575a46
42,VDF_Global_Commodity,STEEL,2026-03-24,,stock_hk_hot_rank_detail_em,C:\Users\tonyk\Downloads\VeritasIntelligenceAnalytics\dict\VDF\_active\VDF_AKSHARE_SMALL_SCOPE_CANDIDATE_SEED_STAGING_v0274_20260610_145643\staging\VDF_Global_Commodity_AkShare_Candidate_v0274.json,VDF_Global_Commodity_AkShare_Candidate_v0274.json,vdf_symbol_hint,时间,value,vdf_source_function,VDF_Global_Commodity|STEEL|2026-03-24|stock_hk_hot_rank_detail_em,False,value_blank_or_non_numeric,015edbe7e828d401
43,VDF_Global_Commodity,STEEL,2026-03-25,,stock_hk_hot_rank_detail_em,C:\Users\tonyk\Downloads\VeritasIntelligenceAnalytics\dict\VDF\_active\VDF_AKSHARE_SMALL_SCOPE_CANDIDATE_SEED_STAGING_v0274_20260610_145643\staging\VDF_Global_Commodity_AkShare_Candidate_v0274.json,VDF_Global_Commodity_AkShare_Candidate_v0274.json,vdf_symbol_hint,时间,value,vdf_source_function,VDF_Global_Commodity|STEEL|2026-03-25|stock_hk_hot_rank_detail_em,False,value_blank_or_non_numeric,35e90f3efebef074
44,VDF_Global_Commodity,STEEL,2026-03-26,,stock_hk_hot_rank_detail_em,C:\Users\tonyk\Downloads\VeritasIntelligenceAnalytics\dict\VDF\_active\VDF_AKSHARE_SMALL_SCOPE_CANDIDATE_SEED_STAGING_v0274_20260610_145643\staging\VDF_Global_Commodity_AkShare_Candidate_v0274.json,VDF_Global_Commodity_AkShare_Candidate_v0274.json,vdf_symbol_hint,时间,value,vdf_source_function,VDF_Global_Commodity|STEEL|2026-03-26|stock_hk_hot_rank_detail_em,False,value_blank_or_non_numeric,97c814ce22aa5d05
45,VDF_Global_Commodity,STEEL,2026-03-27,,stock_hk_hot_rank_detail_em,C:\Users\tonyk\Downloads\VeritasIntelligenceAnalytics\dict\VDF\_active\VDF_AKSHARE_SMALL_SCOPE_CANDIDATE_SEED_STAGING_v0274_20260610_145643\staging\VDF_Global_Commodity_AkShare_Candidate_v0274.json,VDF_Global_Commodity_AkShare_Candidate_v0274.json,vdf_symbol_hint,时间,value,vdf_source_function,VDF_Global_Commodity|STEEL|2026-03-27|stock_hk_hot_rank_detail_em,False,value_blank_or_non_numeric,ca1fb7974afdae61
46,VDF_Global_Commodity,STEEL,2026-03-28,,stock_hk_hot_rank_detail_em,C:\Users\tonyk\Downloads\VeritasIntelligenceAnalytics\dict\VDF\_active\VDF_AKSHARE_SMALL_SCOPE_CANDIDATE_SEED_STAGING_v0274_20260610_145643\staging\VDF_Global_Commodity_AkShare_Candidate_v0274.json,VDF_Global_Commodity_AkShare_Candidate_v0274.json,vdf_symbol_hint,时间,value,vdf_source_function,VDF_Global_Commodity|STEEL|2026-03-28|stock_hk_hot_rank_detail_em,False,value_blank_or_non_numeric,ef80210ea3e4d2d7
47,VDF_Global_Commodity,STEEL,2026-03-29,,stock_hk_hot_rank_detail_em,C:\Users\tonyk\Downloads\VeritasIntelligenceAnalytics\dict\VDF\_active\VDF_AKSHARE_SMALL_SCOPE_CANDIDATE_SEED_STAGING_v0274_20260610_145643\staging\VDF_Global_Commodity_AkShare_Candidate_v0274.json,VDF_Global_Commodity_AkShare_Candidate_v0274.json,vdf_symbol_hint,时间,value,vdf_source_function,VDF_Global_Commodity|STEEL|2026-03-29|stock_hk_hot_rank_detail_em,False,value_blank_or_non_numeric,9092ac58fc514d66
48,VDF_Global_Commodity,STEEL,2026-03-30,,stock_hk_hot_rank_detail_em,C:\Users\tonyk\Downloads\VeritasIntelligenceAnalytics\dict\VDF\_active\VDF_AKSHARE_SMALL_SCOPE_CANDIDATE_SEED_STAGING_v0274_20260610_145643\staging\VDF_Global_Commodity_AkShare_Candidate_v0274.json,VDF_Global_Commodity_AkShare_Candidate_v0274.json,vdf_symbol_hint,时间,value,vdf_source_function,VDF_Global_Commodity|STEEL|2026-03-30|stock_hk_hot_rank_detail_em,False,value_blank_or_non_numeric,a9b1eb9e5d19cc5f
49,VDF_Global_Commodity,STEEL,2026-03-31,,stock_hk_hot_rank_detail_em,C:\Users\tonyk\Downloads\VeritasIntelligenceAnalytics\dict\VDF\_active\VDF_AKSHARE_SMALL_SCOPE_CANDIDATE_SEED_STAGING_v0274_20260610_145643\staging\VDF_Global_Commodity_AkShare_Candidate_v0274.json,VDF_Global_Commodity_AkShare_Candidate_v0274.json,vdf_symbol_hint,时间,value,vdf_source_function,VDF_Global_Commodity|STEEL|2026-03-31|stock_hk_hot_rank_detail_em,False,value_blank_or_non_numeric,80fbc2123899fade
50,VDF_Global_Commodity,STEEL,2026-04-01,,stock_hk_hot_rank_detail_em,C:\Users\tonyk\Downloads\VeritasIntelligenceAnalytics\dict\VDF\_active\VDF_AKSHARE_SMALL_SCOPE_CANDIDATE_SEED_STAGING_v0274_20260610_145643\staging\VDF_Global_Commodity_AkShare_Candidate_v0274.json,VDF_Global_Commodity_AkShare_Candidate_v0274.json,vdf_symbol_hint,时间,value,vdf_source_function,VDF_Global_Commodity|STEEL|2026-04-01|stock_hk_hot_rank_detail_em,False,value_blank_or_non_numeric,f40d4370b31b5311
51,VDF_Global_Commodity,STEEL,2026-04-02,,stock_hk_hot_rank_detail_em,C:\Users\tonyk\Downloads\VeritasIntelligenceAnalytics\dict\VDF\_active\VDF_AKSHARE_SMALL_SCOPE_CANDIDATE_SEED_STAGING_v0274_20260610_145643\staging\VDF_Global_Commodity_AkShare_Candidate_v0274.json,VDF_Global_Commodity_AkShare_Candidate_v0274.json,vdf_symbol_hint,时间,value,vdf_source_function,VDF_Global_Commodity|STEEL|2026-04-02|stock_hk_hot_rank_detail_em,False,value_blank_or_non_numeric,3694bbe9e7dcf0c4
52,VDF_Global_Commodity,STEEL,2026-04-03,,stock_hk_hot_rank_detail_em,C:\Users\tonyk\Downloads\VeritasIntelligenceAnalytics\dict\VDF\_active\VDF_AKSHARE_SMALL_SCOPE_CANDIDATE_SEED_STAGING_v0274_20260610_145643\staging\VDF_Global_Commodity_AkShare_Candidate_v0274.json,VDF_Global_Commodity_AkShare_Candidate_v0274.json,vdf_symbol_hint,时间,value,vdf_source_function,VDF_Global_Commodity|STEEL|2026-04-03|stock_hk_hot_rank_detail_em,False,value_blank_or_non_numeric,9e7c56f618a2f64d
53,VDF_Global_Commodity,STEEL,2026-04-04,,stock_hk_hot_rank_detail_em,C:\Users\tonyk\Downloads\VeritasIntelligenceAnalytics\dict\VDF\_active\VDF_AKSHARE_SMALL_SCOPE_CANDIDATE_SEED_STAGING_v0274_20260610_145643\staging\VDF_Global_Commodity_AkShare_Candidate_v0274.json,VDF_Global_Commodity_AkShare_Candidate_v0274.json,vdf_symbol_hint,时间,value,vdf_source_function,VDF_Global_Commodity|STEEL|2026-04-04|stock_hk_hot_rank_detail_em,False,value_blank_or_non_numeric,51fae034cf1b83b4
54,VDF_Global_Commodity,STEEL,2026-04-05,,stock_hk_hot_rank_detail_em,C:\Users\tonyk\Downloads\VeritasIntelligenceAnalytics\dict\VDF\_active\VDF_AKSHARE_SMALL_SCOPE_CANDIDATE_SEED_STAGING_v0274_20260610_145643\staging\VDF_Global_Commodity_AkShare_Candidate_v0274.json,VDF_Global_Commodity_AkShare_Candidate_v0274.json,vdf_symbol_hint,时间,value,vdf_source_function,VDF_Global_Commodity|STEEL|2026-04-05|stock_hk_hot_rank_detail_em,False,value_blank_or_non_numeric,99d9b81b8a5efb0d
55,VDF_Global_Commodity,STEEL,2026-04-06,,stock_hk_hot_rank_detail_em,C:\Users\tonyk\Downloads\VeritasIntelligenceAnalytics\dict\VDF\_active\VDF_AKSHARE_SMALL_SCOPE_CANDIDATE_SEED_STAGING_v0274_20260610_145643\staging\VDF_Global_Commodity_AkShare_Candidate_v0274.json,VDF_Global_Commodity_AkShare_Candidate_v0274.json,vdf_symbol_hint,时间,value,vdf_source_function,VDF_Global_Commodity|STEEL|2026-04-06|stock_hk_hot_rank_detail_em,False,value_blank_or_non_numeric,6d480fa9fb3a9f09
56,VDF_Global_Commodity,STEEL,2026-04-07,,stock_hk_hot_rank_detail_em,C:\Users\tonyk\Downloads\VeritasIntelligenceAnalytics\dict\VDF\_active\VDF_AKSHARE_SMALL_SCOPE_CANDIDATE_SEED_STAGING_v0274_20260610_145643\staging\VDF_Global_Commodity_AkShare_Candidate_v0274.json,VDF_Global_Commodity_AkShare_Candidate_v0274.json,vdf_symbol_hint,时间,value,vdf_source_function,VDF_Global_Commodity|STEEL|2026-04-07|stock_hk_hot_rank_detail_em,False,value_blank_or_non_numeric,e6e24db1316deab1
57,VDF_Global_Commodity,STEEL,2026-04-08,,stock_hk_hot_rank_detail_em,C:\Users\tonyk\Downloads\VeritasIntelligenceAnalytics\dict\VDF\_active\VDF_AKSHARE_SMALL_SCOPE_CANDIDATE_SEED_STAGING_v0274_20260610_145643\staging\VDF_Global_Commodity_AkShare_Candidate_v0274.json,VDF_Global_Commodity_AkShare_Candidate_v0274.json,vdf_symbol_hint,时间,value,vdf_source_function,VDF_Global_Commodity|STEEL|2026-04-08|stock_hk_hot_rank_detail_em,False,value_blank_or_non_numeric,599e171a4edfe6c6
58,VDF_Global_Commodity,STEEL,2026-04-09,,stock_hk_hot_rank_detail_em,C:\Users\tonyk\Downloads\VeritasIntelligenceAnalytics\dict\VDF\_active\VDF_AKSHARE_SMALL_SCOPE_CANDIDATE_SEED_STAGING_v0274_20260610_145643\staging\VDF_Global_Commodity_AkShare_Candidate_v0274.json,VDF_Global_Commodity_AkShare_Candidate_v0274.json,vdf_symbol_hint,时间,value,vdf_source_function,VDF_Global_Commodity|STEEL|2026-04-09|stock_hk_hot_rank_detail_em,False,value_blank_or_non_numeric,6b5891a6f8f0f815
59,VDF_Global_Commodity,STEEL,2026-04-10,,stock_hk_hot_rank_detail_em,C:\Users\tonyk\Downloads\VeritasIntelligenceAnalytics\dict\VDF\_active\VDF_AKSHARE_SMALL_SCOPE_CANDIDATE_SEED_STAGING_v0274_20260610_145643\staging\VDF_Global_Commodity_AkShare_Candidate_v0274.json,VDF_Global_Commodity_AkShare_Candidate_v0274.json,vdf_symbol_hint,时间,value,vdf_source_function,VDF_Global_Commodity|STEEL|2026-04-10|stock_hk_hot_rank_detail_em,False,value_blank_or_non_numeric,1e9313a8a8b7c5b4
60,VDF_Global_Commodity,STEEL,2026-04-11,,stock_hk_hot_rank_detail_em,C:\Users\tonyk\Downloads\VeritasIntelligenceAnalytics\dict\VDF\_active\VDF_AKSHARE_SMALL_SCOPE_CANDIDATE_SEED_STAGING_v0274_20260610_145643\staging\VDF_Global_Commodity_AkShare_Candidate_v0274.json,VDF_Global_Commodity_AkShare_Candidate_v0274.json,vdf_symbol_hint,时间,value,vdf_source_function,VDF_Global_Commodity|STEEL|2026-04-11|stock_hk_hot_rank_detail_em,False,value_blank_or_non_numeric,0664ea845521277e
61,VDF_Global_Commodity,STEEL,2026-04-12,,stock_hk_hot_rank_detail_em,C:\Users\tonyk\Downloads\VeritasIntelligenceAnalytics\dict\VDF\_active\VDF_AKSHARE_SMALL_SCOPE_CANDIDATE_SEED_STAGING_v0274_20260610_145643\staging\VDF_Global_Commodity_AkShare_Candidate_v0274.json,VDF_Global_Commodity_AkShare_Candidate_v0274.json,vdf_symbol_hint,时间,value,vdf_source_function,VDF_Global_Commodity|STEEL|2026-04-12|stock_hk_hot_rank_detail_em,False,value_blank_or_non_numeric,25678f9be8782d31
62,VDF_Global_Commodity,STEEL,2026-04-13,,stock_hk_hot_rank_detail_em,C:\Users\tonyk\Downloads\VeritasIntelligenceAnalytics\dict\VDF\_active\VDF_AKSHARE_SMALL_SCOPE_CANDIDATE_SEED_STAGING_v0274_20260610_145643\staging\VDF_Global_Commodity_AkShare_Candidate_v0274.json,VDF_Global_Commodity_AkShare_Candidate_v0274.json,vdf_symbol_hint,时间,value,vdf_source_function,VDF_Global_Commodity|STEEL|2026-04-13|stock_hk_hot_rank_detail_em,False,value_blank_or_non_numeric,49d7f012a54eabf4
63,VDF_Global_Commodity,STEEL,2026-04-14,,stock_hk_hot_rank_detail_em,C:\Users\tonyk\Downloads\VeritasIntelligenceAnalytics\dict\VDF\_active\VDF_AKSHARE_SMALL_SCOPE_CANDIDATE_SEED_STAGING_v0274_20260610_145643\staging\VDF_Global_Commodity_AkShare_Candidate_v0274.json,VDF_Global_Commodity_AkShare_Candidate_v0274.json,vdf_symbol_hint,时间,value,vdf_source_function,VDF_Global_Commodity|STEEL|2026-04-14|stock_hk_hot_rank_detail_em,False,value_blank_or_non_numeric,3f16673b6069c577
64,VDF_Global_Commodity,STEEL,2026-04-15,,stock_hk_hot_rank_detail_em,C:\Users\tonyk\Downloads\VeritasIntelligenceAnalytics\dict\VDF\_active\VDF_AKSHARE_SMALL_SCOPE_CANDIDATE_SEED_STAGING_v0274_20260610_145643\staging\VDF_Global_Commodity_AkShare_Candidate_v0274.json,VDF_Global_Commodity_AkShare_Candidate_v0274.json,vdf_symbol_hint,时间,value,vdf_source_function,VDF_Global_Commodity|STEEL|2026-04-15|stock_hk_hot_rank_detail_em,False,value_blank_or_non_numeric,c87c176f2f92d9e6
65,VDF_Global_Commodity,STEEL,2026-04-16,,stock_hk_hot_rank_detail_em,C:\Users\tonyk\Downloads\VeritasIntelligenceAnalytics\dict\VDF\_active\VDF_AKSHARE_SMALL_SCOPE_CANDIDATE_SEED_STAGING_v0274_20260610_145643\staging\VDF_Global_Commodity_AkShare_Candidate_v0274.json,VDF_Global_Commodity_AkShare_Candidate_v0274.json,vdf_symbol_hint,时间,value,vdf_source_function,VDF_Global_Commodity|STEEL|2026-04-16|stock_hk_hot_rank_detail_em,False,value_blank_or_non_numeric,6e1a076796658908
66,VDF_Global_Commodity,STEEL,2026-04-17,,stock_hk_hot_rank_detail_em,C:\Users\tonyk\Downloads\VeritasIntelligenceAnalytics\dict\VDF\_active\VDF_AKSHARE_SMALL_SCOPE_CANDIDATE_SEED_STAGING_v0274_20260610_145643\staging\VDF_Global_Commodity_AkShare_Candidate_v0274.json,VDF_Global_Commodity_AkShare_Candidate_v0274.json,vdf_symbol_hint,时间,value,vdf_source_function,VDF_Global_Commodity|STEEL|2026-04-17|stock_hk_hot_rank_detail_em,False,value_blank_or_non_numeric,817d8c39d2984c6f
67,VDF_Global_Commodity,STEEL,2026-04-18,,stock_hk_hot_rank_detail_em,C:\Users\tonyk\Downloads\VeritasIntelligenceAnalytics\dict\VDF\_active\VDF_AKSHARE_SMALL_SCOPE_CANDIDATE_SEED_STAGING_v0274_20260610_145643\staging\VDF_Global_Commodity_AkShare_Candidate_v0274.json,VDF_Global_Commodity_AkShare_Candidate_v0274.json,vdf_symbol_hint,时间,value,vdf_source_function,VDF_Global_Commodity|STEEL|2026-04-18|stock_hk_hot_rank_detail_em,False,value_blank_or_non_numeric,cceb9e29fa779e02
68,VDF_Global_Commodity,STEEL,2026-04-19,,stock_hk_hot_rank_detail_em,C:\Users\tonyk\Downloads\VeritasIntelligenceAnalytics\dict\VDF\_active\VDF_AKSHARE_SMALL_SCOPE_CANDIDATE_SEED_STAGING_v0274_20260610_145643\staging\VDF_Global_Commodity_AkShare_Candidate_v0274.json,VDF_Global_Commodity_AkShare_Candidate_v0274.json,vdf_symbol_hint,时间,value,vdf_source_function,VDF_Global_Commodity|STEEL|2026-04-19|stock_hk_hot_rank_detail_em,False,value_blank_or_non_numeric,879f97c98516f873
69,VDF_Global_Commodity,STEEL,2026-04-20,,stock_hk_hot_rank_detail_em,C:\Users\tonyk\Downloads\VeritasIntelligenceAnalytics\dict\VDF\_active\VDF_AKSHARE_SMALL_SCOPE_CANDIDATE_SEED_STAGING_v0274_20260610_145643\staging\VDF_Global_Commodity_AkShare_Candidate_v0274.json,VDF_Global_Commodity_AkShare_Candidate_v0274.json,vdf_symbol_hint,时间,value,vdf_source_function,VDF_Global_Commodity|STEEL|2026-04-20|stock_hk_hot_rank_detail_em,False,value_blank_or_non_numeric,e2c8f3eb01c0824e
70,VDF_Global_Commodity,STEEL,2026-04-21,,stock_hk_hot_rank_detail_em,C:\Users\tonyk\Downloads\VeritasIntelligenceAnalytics\dict\VDF\_active\VDF_AKSHARE_SMALL_SCOPE_CANDIDATE_SEED_STAGING_v0274_20260610_145643\staging\VDF_Global_Commodity_AkShare_Candidate_v0274.json,VDF_Global_Commodity_AkShare_Candidate_v0274.json,vdf_symbol_hint,时间,value,vdf_source_function,VDF_Global_Commodity|STEEL|2026-04-21|stock_hk_hot_rank_detail_em,False,value_blank_or_non_numeric,306cf804d0c5866c
71,VDF_Global_Commodity,STEEL,2026-04-22,,stock_hk_hot_rank_detail_em,C:\Users\tonyk\Downloads\VeritasIntelligenceAnalytics\dict\VDF\_active\VDF_AKSHARE_SMALL_SCOPE_CANDIDATE_SEED_STAGING_v0274_20260610_145643\staging\VDF_Global_Commodity_AkShare_Candidate_v0274.json,VDF_Global_Commodity_AkShare_Candidate_v0274.json,vdf_symbol_hint,时间,value,vdf_source_function,VDF_Global_Commodity|STEEL|2026-04-22|stock_hk_hot_rank_detail_em,False,value_blank_or_non_numeric,908f083a834edeed
72,VDF_Global_Commodity,STEEL,2026-04-23,,stock_hk_hot_rank_detail_em,C:\Users\tonyk\Downloads\VeritasIntelligenceAnalytics\dict\VDF\_active\VDF_AKSHARE_SMALL_SCOPE_CANDIDATE_SEED_STAGING_v0274_20260610_145643\staging\VDF_Global_Commodity_AkShare_Candidate_v0274.json,VDF_Global_Commodity_AkShare_Candidate_v0274.json,vdf_symbol_hint,时间,value,vdf_source_function,VDF_Global_Commodity|STEEL|2026-04-23|stock_hk_hot_rank_detail_em,False,value_blank_or_non_numeric,cfa8425cc37af379
73,VDF_Global_Commodity,STEEL,2026-04-24,,stock_hk_hot_rank_detail_em,C:\Users\tonyk\Downloads\VeritasIntelligenceAnalytics\dict\VDF\_active\VDF_AKSHARE_SMALL_SCOPE_CANDIDATE_SEED_STAGING_v0274_20260610_145643\staging\VDF_Global_Commodity_AkShare_Candidate_v0274.json,VDF_Global_Commodity_AkShare_Candidate_v0274.json,vdf_symbol_hint,时间,value,vdf_source_function,VDF_Global_Commodity|STEEL|2026-04-24|stock_hk_hot_rank_detail_em,False,value_blank_or_non_numeric,41b3486b8619099b
74,VDF_Global_Commodity,STEEL,2026-04-25,,stock_hk_hot_rank_detail_em,C:\Users\tonyk\Downloads\VeritasIntelligenceAnalytics\dict\VDF\_active\VDF_AKSHARE_SMALL_SCOPE_CANDIDATE_SEED_STAGING_v0274_20260610_145643\staging\VDF_Global_Commodity_AkShare_Candidate_v0274.json,VDF_Global_Commodity_AkShare_Candidate_v0274.json,vdf_symbol_hint,时间,value,vdf_source_function,VDF_Global_Commodity|STEEL|2026-04-25|stock_hk_hot_rank_detail_em,False,value_blank_or_non_numeric,9ad3659ebd631a31
75,VDF_Global_Commodity,STEEL,2026-04-26,,stock_hk_hot_rank_detail_em,C:\Users\tonyk\Downloads\VeritasIntelligenceAnalytics\dict\VDF\_active\VDF_AKSHARE_SMALL_SCOPE_CANDIDATE_SEED_STAGING_v0274_20260610_145643\staging\VDF_Global_Commodity_AkShare_Candidate_v0274.json,VDF_Global_Commodity_AkShare_Candidate_v0274.json,vdf_symbol_hint,时间,value,vdf_source_function,VDF_Global_Commodity|STEEL|2026-04-26|stock_hk_hot_rank_detail_em,False,value_blank_or_non_numeric,9f5166e48a4269df
76,VDF_Global_Commodity,STEEL,2026-04-27,,stock_hk_hot_rank_detail_em,C:\Users\tonyk\Downloads\VeritasIntelligenceAnalytics\dict\VDF\_active\VDF_AKSHARE_SMALL_SCOPE_CANDIDATE_SEED_STAGING_v0274_20260610_145643\staging\VDF_Global_Commodity_AkShare_Candidate_v0274.json,VDF_Global_Commodity_AkShare_Candidate_v0274.json,vdf_symbol_hint,时间,value,vdf_source_function,VDF_Global_Commodity|STEEL|2026-04-27|stock_hk_hot_rank_detail_em,False,value_blank_or_non_numeric,41bd58c55df073cf
77,VDF_Global_Commodity,STEEL,2026-04-28,,stock_hk_hot_rank_detail_em,C:\Users\tonyk\Downloads\VeritasIntelligenceAnalytics\dict\VDF\_active\VDF_AKSHARE_SMALL_SCOPE_CANDIDATE_SEED_STAGING_v0274_20260610_145643\staging\VDF_Global_Commodity_AkShare_Candidate_v0274.json,VDF_Global_Commodity_AkShare_Candidate_v0274.json,vdf_symbol_hint,时间,value,vdf_source_function,VDF_Global_Commodity|STEEL|2026-04-28|stock_hk_hot_rank_detail_em,False,value_blank_or_non_numeric,f3d66af84beffb8d
78,VDF_Global_Commodity,STEEL,2026-04-29,,stock_hk_hot_rank_detail_em,C:\Users\tonyk\Downloads\VeritasIntelligenceAnalytics\dict\VDF\_active\VDF_AKSHARE_SMALL_SCOPE_CANDIDATE_SEED_STAGING_v0274_20260610_145643\staging\VDF_Global_Commodity_AkShare_Candidate_v0274.json,VDF_Global_Commodity_AkShare_Candidate_v0274.json,vdf_symbol_hint,时间,value,vdf_source_function,VDF_Global_Commodity|STEEL|2026-04-29|stock_hk_hot_rank_detail_em,False,value_blank_or_non_numeric,9ffc9068eb894020
79,VDF_Global_Commodity,STEEL,2026-04-30,,stock_hk_hot_rank_detail_em,C:\Users\tonyk\Downloads\VeritasIntelligenceAnalytics\dict\VDF\_active\VDF_AKSHARE_SMALL_SCOPE_CANDIDATE_SEED_STAGING_v0274_20260610_145643\staging\VDF_Global_Commodity_AkShare_Candidate_v0274.json,VDF_Global_Commodity_AkShare_Candidate_v0274.json,vdf_symbol_hint,时间,value,vdf_source_function,VDF_Global_Commodity|STEEL|2026-04-30|stock_hk_hot_rank_detail_em,False,value_blank_or_non_numeric,e217a2f253859eb7
80,VDF_Global_Commodity,STEEL,2026-05-01,,stock_hk_hot_rank_detail_em,C:\Users\tonyk\Downloads\VeritasIntelligenceAnalytics\dict\VDF\_active\VDF_AKSHARE_SMALL_SCOPE_CANDIDATE_SEED_STAGING_v0274_20260610_145643\staging\VDF_Global_Commodity_AkShare_Candidate_v0274.json,VDF_Global_Commodity_AkShare_Candidate_v0274.json,vdf_symbol_hint,时间,value,vdf_source_function,VDF_Global_Commodity|STEEL|2026-05-01|stock_hk_hot_rank_detail_em,False,value_blank_or_non_numeric,8c7841311c11344d
81,VDF_Global_Commodity,STEEL,2026-05-02,,stock_hk_hot_rank_detail_em,C:\Users\tonyk\Downloads\VeritasIntelligenceAnalytics\dict\VDF\_active\VDF_AKSHARE_SMALL_SCOPE_CANDIDATE_SEED_STAGING_v0274_20260610_145643\staging\VDF_Global_Commodity_AkShare_Candidate_v0274.json,VDF_Global_Commodity_AkShare_Candidate_v0274.json,vdf_symbol_hint,时间,value,vdf_source_function,VDF_Global_Commodity|STEEL|2026-05-02|stock_hk_hot_rank_detail_em,False,value_blank_or_non_numeric,0af0501fa111e756
82,VDF_Global_Commodity,STEEL,2026-05-03,,stock_hk_hot_rank_detail_em,C:\Users\tonyk\Downloads\VeritasIntelligenceAnalytics\dict\VDF\_active\VDF_AKSHARE_SMALL_SCOPE_CANDIDATE_SEED_STAGING_v0274_20260610_145643\staging\VDF_Global_Commodity_AkShare_Candidate_v0274.json,VDF_Global_Commodity_AkShare_Candidate_v0274.json,vdf_symbol_hint,时间,value,vdf_source_function,VDF_Global_Commodity|STEEL|2026-05-03|stock_hk_hot_rank_detail_em,False,value_blank_or_non_numeric,240d518155fafea3
83,VDF_Global_Commodity,STEEL,2026-05-04,,stock_hk_hot_rank_detail_em,C:\Users\tonyk\Downloads\VeritasIntelligenceAnalytics\dict\VDF\_active\VDF_AKSHARE_SMALL_SCOPE_CANDIDATE_SEED_STAGING_v0274_20260610_145643\staging\VDF_Global_Commodity_AkShare_Candidate_v0274.json,VDF_Global_Commodity_AkShare_Candidate_v0274.json,vdf_symbol_hint,时间,value,vdf_source_function,VDF_Global_Commodity|STEEL|2026-05-04|stock_hk_hot_rank_detail_em,False,value_blank_or_non_numeric,d4a5c5b47af847d1
84,VDF_Global_Commodity,STEEL,2026-05-05,,stock_hk_hot_rank_detail_em,C:\Users\tonyk\Downloads\VeritasIntelligenceAnalytics\dict\VDF\_active\VDF_AKSHARE_SMALL_SCOPE_CANDIDATE_SEED_STAGING_v0274_20260610_145643\staging\VDF_Global_Commodity_AkShare_Candidate_v0274.json,VDF_Global_Commodity_AkShare_Candidate_v0274.json,vdf_symbol_hint,时间,value,vdf_source_function,VDF_Global_Commodity|STEEL|2026-05-05|stock_hk_hot_rank_detail_em,False,value_blank_or_non_numeric,428ae196c8248b3c
85,VDF_Global_Commodity,STEEL,2026-05-06,,stock_hk_hot_rank_detail_em,C:\Users\tonyk\Downloads\VeritasIntelligenceAnalytics\dict\VDF\_active\VDF_AKSHARE_SMALL_SCOPE_CANDIDATE_SEED_STAGING_v0274_20260610_145643\staging\VDF_Global_Commodity_AkShare_Candidate_v0274.json,VDF_Global_Commodity_AkShare_Candidate_v0274.json,vdf_symbol_hint,时间,value,vdf_source_function,VDF_Global_Commodity|STEEL|2026-05-06|stock_hk_hot_rank_detail_em,False,value_blank_or_non_numeric,d521fd6dc88b74ca
86,VDF_Global_Commodity,STEEL,2026-05-07,,stock_hk_hot_rank_detail_em,C:\Users\tonyk\Downloads\VeritasIntelligenceAnalytics\dict\VDF\_active\VDF_AKSHARE_SMALL_SCOPE_CANDIDATE_SEED_STAGING_v0274_20260610_145643\staging\VDF_Global_Commodity_AkShare_Candidate_v0274.json,VDF_Global_Commodity_AkShare_Candidate_v0274.json,vdf_symbol_hint,时间,value,vdf_source_function,VDF_Global_Commodity|STEEL|2026-05-07|stock_hk_hot_rank_detail_em,False,value_blank_or_non_numeric,f789e8dcd37882bd
87,VDF_Global_Commodity,STEEL,2026-05-08,,stock_hk_hot_rank_detail_em,C:\Users\tonyk\Downloads\VeritasIntelligenceAnalytics\dict\VDF\_active\VDF_AKSHARE_SMALL_SCOPE_CANDIDATE_SEED_STAGING_v0274_20260610_145643\staging\VDF_Global_Commodity_AkShare_Candidate_v0274.json,VDF_Global_Commodity_AkShare_Candidate_v0274.json,vdf_symbol_hint,时间,value,vdf_source_function,VDF_Global_Commodity|STEEL|2026-05-08|stock_hk_hot_rank_detail_em,False,value_blank_or_non_numeric,0f4932cd4a49eb25
88,VDF_Global_Commodity,STEEL,2026-05-09,,stock_hk_hot_rank_detail_em,C:\Users\tonyk\Downloads\VeritasIntelligenceAnalytics\dict\VDF\_active\VDF_AKSHARE_SMALL_SCOPE_CANDIDATE_SEED_STAGING_v0274_20260610_145643\staging\VDF_Global_Commodity_AkShare_Candidate_v0274.json,VDF_Global_Commodity_AkShare_Candidate_v0274.json,vdf_symbol_hint,时间,value,vdf_source_function,VDF_Global_Commodity|STEEL|2026-05-09|stock_hk_hot_rank_detail_em,False,value_blank_or_non_numeric,a2adc0b12104c2c5
89,VDF_Global_Commodity,STEEL,2026-05-10,,stock_hk_hot_rank_detail_em,C:\Users\tonyk\Downloads\VeritasIntelligenceAnalytics\dict\VDF\_active\VDF_AKSHARE_SMALL_SCOPE_CANDIDATE_SEED_STAGING_v0274_20260610_145643\staging\VDF_Global_Commodity_AkShare_Candidate_v0274.json,VDF_Global_Commodity_AkShare_Candidate_v0274.json,vdf_symbol_hint,时间,value,vdf_source_function,VDF_Global_Commodity|STEEL|2026-05-10|stock_hk_hot_rank_detail_em,False,value_blank_or_non_numeric,49d39363a2692b13
90,VDF_Global_Commodity,STEEL,2026-05-11,,stock_hk_hot_rank_detail_em,C:\Users\tonyk\Downloads\VeritasIntelligenceAnalytics\dict\VDF\_active\VDF_AKSHARE_SMALL_SCOPE_CANDIDATE_SEED_STAGING_v0274_20260610_145643\staging\VDF_Global_Commodity_AkShare_Candidate_v0274.json,VDF_Global_Commodity_AkShare_Candidate_v0274.json,vdf_symbol_hint,时间,value,vdf_source_function,VDF_Global_Commodity|STEEL|2026-05-11|stock_hk_hot_rank_detail_em,False,value_blank_or_non_numeric,9e4d060e65a47988
91,VDF_Global_Commodity,STEEL,2026-05-12,,stock_hk_hot_rank_detail_em,C:\Users\tonyk\Downloads\VeritasIntelligenceAnalytics\dict\VDF\_active\VDF_AKSHARE_SMALL_SCOPE_CANDIDATE_SEED_STAGING_v0274_20260610_145643\staging\VDF_Global_Commodity_AkShare_Candidate_v0274.json,VDF_Global_Commodity_AkShare_Candidate_v0274.json,vdf_symbol_hint,时间,value,vdf_source_function,VDF_Global_Commodity|STEEL|2026-05-12|stock_hk_hot_rank_detail_em,False,value_blank_or_non_numeric,0da46ad91e4f7a6c
92,VDF_Global_Commodity,STEEL,2026-05-13,,stock_hk_hot_rank_detail_em,C:\Users\tonyk\Downloads\VeritasIntelligenceAnalytics\dict\VDF\_active\VDF_AKSHARE_SMALL_SCOPE_CANDIDATE_SEED_STAGING_v0274_20260610_145643\staging\VDF_Global_Commodity_AkShare_Candidate_v0274.json,VDF_Global_Commodity_AkShare_Candidate_v0274.json,vdf_symbol_hint,时间,value,vdf_source_function,VDF_Global_Commodity|STEEL|2026-05-13|stock_hk_hot_rank_detail_em,False,value_blank_or_non_numeric,a073c1133ac19972
93,VDF_Global_Commodity,STEEL,2026-05-14,,stock_hk_hot_rank_detail_em,C:\Users\tonyk\Downloads\VeritasIntelligenceAnalytics\dict\VDF\_active\VDF_AKSHARE_SMALL_SCOPE_CANDIDATE_SEED_STAGING_v0274_20260610_145643\staging\VDF_Global_Commodity_AkShare_Candidate_v0274.json,VDF_Global_Commodity_AkShare_Candidate_v0274.json,vdf_symbol_hint,时间,value,vdf_source_function,VDF_Global_Commodity|STEEL|2026-05-14|stock_hk_hot_rank_detail_em,False,value_blank_or_non_numeric,4efc8970588b4b74
94,VDF_Global_Commodity,STEEL,2026-05-15,,stock_hk_hot_rank_detail_em,C:\Users\tonyk\Downloads\VeritasIntelligenceAnalytics\dict\VDF\_active\VDF_AKSHARE_SMALL_SCOPE_CANDIDATE_SEED_STAGING_v0274_20260610_145643\staging\VDF_Global_Commodity_AkShare_Candidate_v0274.json,VDF_Global_Commodity_AkShare_Candidate_v0274.json,vdf_symbol_hint,时间,value,vdf_source_function,VDF_Global_Commodity|STEEL|2026-05-15|stock_hk_hot_rank_detail_em,False,value_blank_or_non_numeric,5400a753dc9e06c1
95,VDF_Global_Commodity,STEEL,2026-05-16,,stock_hk_hot_rank_detail_em,C:\Users\tonyk\Downloads\VeritasIntelligenceAnalytics\dict\VDF\_active\VDF_AKSHARE_SMALL_SCOPE_CANDIDATE_SEED_STAGING_v0274_20260610_145643\staging\VDF_Global_Commodity_AkShare_Candidate_v0274.json,VDF_Global_Commodity_AkShare_Candidate_v0274.json,vdf_symbol_hint,时间,value,vdf_source_function,VDF_Global_Commodity|STEEL|2026-05-16|stock_hk_hot_rank_detail_em,False,value_blank_or_non_numeric,0d0e93f51bf9ffd1
96,VDF_Global_Commodity,STEEL,2026-05-17,,stock_hk_hot_rank_detail_em,C:\Users\tonyk\Downloads\VeritasIntelligenceAnalytics\dict\VDF\_active\VDF_AKSHARE_SMALL_SCOPE_CANDIDATE_SEED_STAGING_v0274_20260610_145643\staging\VDF_Global_Commodity_AkShare_Candidate_v0274.json,VDF_Global_Commodity_AkShare_Candidate_v0274.json,vdf_symbol_hint,时间,value,vdf_source_function,VDF_Global_Commodity|STEEL|2026-05-17|stock_hk_hot_rank_detail_em,False,value_blank_or_non_numeric,4e978cceb09ca9eb
97,VDF_Global_Commodity,STEEL,2026-05-18,,stock_hk_hot_rank_detail_em,C:\Users\tonyk\Downloads\VeritasIntelligenceAnalytics\dict\VDF\_active\VDF_AKSHARE_SMALL_SCOPE_CANDIDATE_SEED_STAGING_v0274_20260610_145643\staging\VDF_Global_Commodity_AkShare_Candidate_v0274.json,VDF_Global_Commodity_AkShare_Candidate_v0274.json,vdf_symbol_hint,时间,value,vdf_source_function,VDF_Global_Commodity|STEEL|2026-05-18|stock_hk_hot_rank_detail_em,False,value_blank_or_non_numeric,a724961b9a5977f8
98,VDF_Global_Commodity,STEEL,2026-05-19,,stock_hk_hot_rank_detail_em,C:\Users\tonyk\Downloads\VeritasIntelligenceAnalytics\dict\VDF\_active\VDF_AKSHARE_SMALL_SCOPE_CANDIDATE_SEED_STAGING_v0274_20260610_145643\staging\VDF_Global_Commodity_AkShare_Candidate_v0274.json,VDF_Global_Commodity_AkShare_Candidate_v0274.json,vdf_symbol_hint,时间,value,vdf_source_function,VDF_Global_Commodity|STEEL|2026-05-19|stock_hk_hot_rank_detail_em,False,value_blank_or_non_numeric,586c857bc9888280
99,VDF_Global_Commodity,STEEL,2026-05-20,,stock_hk_hot_rank_detail_em,C:\Users\tonyk\Downloads\VeritasIntelligenceAnalytics\dict\VDF\_active\VDF_AKSHARE_SMALL_SCOPE_CANDIDATE_SEED_STAGING_v0274_20260610_145643\staging\VDF_Global_Commodity_AkShare_Candidate_v0274.json,VDF_Global_Commodity_AkShare_Candidate_v0274.json,vdf_symbol_hint,时间,value,vdf_source_function,VDF_Global_Commodity|STEEL|2026-05-20|stock_hk_hot_rank_detail_em,False,value_blank_or_non_numeric,d19ebb1a4d3cd812
100,VDF_Global_Commodity,STEEL,2026-05-21,,stock_hk_hot_rank_detail_em,C:\Users\tonyk\Downloads\VeritasIntelligenceAnalytics\dict\VDF\_active\VDF_AKSHARE_SMALL_SCOPE_CANDIDATE_SEED_STAGING_v0274_20260610_145643\staging\VDF_Global_Commodity_AkShare_Candidate_v0274.json,VDF_Global_Commodity_AkShare_Candidate_v0274.json,vdf_symbol_hint,时间,value,vdf_source_function,VDF_Global_Commodity|STEEL|2026-05-21|stock_hk_hot_rank_detail_em,False,value_blank_or_non_numeric,e6a55faf4613c40d
101,VDF_Global_Commodity,STEEL,2026-05-22,,stock_hk_hot_rank_detail_em,C:\Users\tonyk\Downloads\VeritasIntelligenceAnalytics\dict\VDF\_active\VDF_AKSHARE_SMALL_SCOPE_CANDIDATE_SEED_STAGING_v0274_20260610_145643\staging\VDF_Global_Commodity_AkShare_Candidate_v0274.json,VDF_Global_Commodity_AkShare_Candidate_v0274.json,vdf_symbol_hint,时间,value,vdf_source_function,VDF_Global_Commodity|STEEL|2026-05-22|stock_hk_hot_rank_detail_em,False,value_blank_or_non_numeric,d24b4d4daf275bf7
102,VDF_Global_Commodity,STEEL,2026-05-23,,stock_hk_hot_rank_detail_em,C:\Users\tonyk\Downloads\VeritasIntelligenceAnalytics\dict\VDF\_active\VDF_AKSHARE_SMALL_SCOPE_CANDIDATE_SEED_STAGING_v0274_20260610_145643\staging\VDF_Global_Commodity_AkShare_Candidate_v0274.json,VDF_Global_Commodity_AkShare_Candidate_v0274.json,vdf_symbol_hint,时间,value,vdf_source_function,VDF_Global_Commodity|STEEL|2026-05-23|stock_hk_hot_rank_detail_em,False,value_blank_or_non_numeric,91627fd07e380239
103,VDF_Global_Commodity,STEEL,2026-05-24,,stock_hk_hot_rank_detail_em,C:\Users\tonyk\Downloads\VeritasIntelligenceAnalytics\dict\VDF\_active\VDF_AKSHARE_SMALL_SCOPE_CANDIDATE_SEED_STAGING_v0274_20260610_145643\staging\VDF_Global_Commodity_AkShare_Candidate_v0274.json,VDF_Global_Commodity_AkShare_Candidate_v0274.json,vdf_symbol_hint,时间,value,vdf_source_function,VDF_Global_Commodity|STEEL|2026-05-24|stock_hk_hot_rank_detail_em,False,value_blank_or_non_numeric,30e0db0bd51b7ab2
104,VDF_Global_Commodity,STEEL,2026-05-25,,stock_hk_hot_rank_detail_em,C:\Users\tonyk\Downloads\VeritasIntelligenceAnalytics\dict\VDF\_active\VDF_AKSHARE_SMALL_SCOPE_CANDIDATE_SEED_STAGING_v0274_20260610_145643\staging\VDF_Global_Commodity_AkShare_Candidate_v0274.json,VDF_Global_Commodity_AkShare_Candidate_v0274.json,vdf_symbol_hint,时间,value,vdf_source_function,VDF_Global_Commodity|STEEL|2026-05-25|stock_hk_hot_rank_detail_em,False,value_blank_or_non_numeric,9fe23c3ca529a2c5
105,VDF_Global_Commodity,STEEL,2026-05-26,,stock_hk_hot_rank_detail_em,C:\Users\tonyk\Downloads\VeritasIntelligenceAnalytics\dict\VDF\_active\VDF_AKSHARE_SMALL_SCOPE_CANDIDATE_SEED_STAGING_v0274_20260610_145643\staging\VDF_Global_Commodity_AkShare_Candidate_v0274.json,VDF_Global_Commodity_AkShare_Candidate_v0274.json,vdf_symbol_hint,时间,value,vdf_source_function,VDF_Global_Commodity|STEEL|2026-05-26|stock_hk_hot_rank_detail_em,False,value_blank_or_non_numeric,7eb28d226d6b7dbd
106,VDF_Global_Commodity,STEEL,2026-05-27,,stock_hk_hot_rank_detail_em,C:\Users\tonyk\Downloads\VeritasIntelligenceAnalytics\dict\VDF\_active\VDF_AKSHARE_SMALL_SCOPE_CANDIDATE_SEED_STAGING_v0274_20260610_145643\staging\VDF_Global_Commodity_AkShare_Candidate_v0274.json,VDF_Global_Commodity_AkShare_Candidate_v0274.json,vdf_symbol_hint,时间,value,vdf_source_function,VDF_Global_Commodity|STEEL|2026-05-27|stock_hk_hot_rank_detail_em,False,value_blank_or_non_numeric,630315aabfcd9233
107,VDF_Global_Commodity,STEEL,2026-05-28,,stock_hk_hot_rank_detail_em,C:\Users\tonyk\Downloads\VeritasIntelligenceAnalytics\dict\VDF\_active\VDF_AKSHARE_SMALL_SCOPE_CANDIDATE_SEED_STAGING_v0274_20260610_145643\staging\VDF_Global_Commodity_AkShare_Candidate_v0274.json,VDF_Global_Commodity_AkShare_Candidate_v0274.json,vdf_symbol_hint,时间,value,vdf_source_function,VDF_Global_Commodity|STEEL|2026-05-28|stock_hk_hot_rank_detail_em,False,value_blank_or_non_numeric,463f2abfa97a1c7b
108,VDF_Global_Commodity,STEEL,2026-05-29,,stock_hk_hot_rank_detail_em,C:\Users\tonyk\Downloads\VeritasIntelligenceAnalytics\dict\VDF\_active\VDF_AKSHARE_SMALL_SCOPE_CANDIDATE_SEED_STAGING_v0274_20260610_145643\staging\VDF_Global_Commodity_AkShare_Candidate_v0274.json,VDF_Global_Commodity_AkShare_Candidate_v0274.json,vdf_symbol_hint,时间,value,vdf_source_function,VDF_Global_Commodity|STEEL|2026-05-29|stock_hk_hot_rank_detail_em,False,value_blank_or_non_numeric,1f318aa455cad844
109,VDF_Global_Commodity,STEEL,2026-05-30,,stock_hk_hot_rank_detail_em,C:\Users\tonyk\Downloads\VeritasIntelligenceAnalytics\dict\VDF\_active\VDF_AKSHARE_SMALL_SCOPE_CANDIDATE_SEED_STAGING_v0274_20260610_145643\staging\VDF_Global_Commodity_AkShare_Candidate_v0274.json,VDF_Global_Commodity_AkShare_Candidate_v0274.json,vdf_symbol_hint,时间,value,vdf_source_function,VDF_Global_Commodity|STEEL|2026-05-30|stock_hk_hot_rank_detail_em,False,value_blank_or_non_numeric,8b407afa43dafd89
110,VDF_Global_Commodity,STEEL,2026-05-31,,stock_hk_hot_rank_detail_em,C:\Users\tonyk\Downloads\VeritasIntelligenceAnalytics\dict\VDF\_active\VDF_AKSHARE_SMALL_SCOPE_CANDIDATE_SEED_STAGING_v0274_20260610_145643\staging\VDF_Global_Commodity_AkShare_Candidate_v0274.json,VDF_Global_Commodity_AkShare_Candidate_v0274.json,vdf_symbol_hint,时间,value,vdf_source_function,VDF_Global_Commodity|STEEL|2026-05-31|stock_hk_hot_rank_detail_em,False,value_blank_or_non_numeric,112e0302acba8333
111,VDF_Global_Commodity,STEEL,2026-06-01,,stock_hk_hot_rank_detail_em,C:\Users\tonyk\Downloads\VeritasIntelligenceAnalytics\dict\VDF\_active\VDF_AKSHARE_SMALL_SCOPE_CANDIDATE_SEED_STAGING_v0274_20260610_145643\staging\VDF_Global_Commodity_AkShare_Candidate_v0274.json,VDF_Global_Commodity_AkShare_Candidate_v0274.json,vdf_symbol_hint,时间,value,vdf_source_function,VDF_Global_Commodity|STEEL|2026-06-01|stock_hk_hot_rank_detail_em,False,value_blank_or_non_numeric,58f8853a6e91f9dc
112,VDF_Global_Commodity,STEEL,2026-06-02,,stock_hk_hot_rank_detail_em,C:\Users\tonyk\Downloads\VeritasIntelligenceAnalytics\dict\VDF\_active\VDF_AKSHARE_SMALL_SCOPE_CANDIDATE_SEED_STAGING_v0274_20260610_145643\staging\VDF_Global_Commodity_AkShare_Candidate_v0274.json,VDF_Global_Commodity_AkShare_Candidate_v0274.json,vdf_symbol_hint,时间,value,vdf_source_function,VDF_Global_Commodity|STEEL|2026-06-02|stock_hk_hot_rank_detail_em,False,value_blank_or_non_numeric,8bbd420e79bd3111
113,VDF_Global_Commodity,STEEL,2026-06-03,,stock_hk_hot_rank_detail_em,C:\Users\tonyk\Downloads\VeritasIntelligenceAnalytics\dict\VDF\_active\VDF_AKSHARE_SMALL_SCOPE_CANDIDATE_SEED_STAGING_v0274_20260610_145643\staging\VDF_Global_Commodity_AkShare_Candidate_v0274.json,VDF_Global_Commodity_AkShare_Candidate_v0274.json,vdf_symbol_hint,时间,value,vdf_source_function,VDF_Global_Commodity|STEEL|2026-06-03|stock_hk_hot_rank_detail_em,False,value_blank_or_non_numeric,0de417be59733019
114,VDF_Global_Commodity,STEEL,2026-06-04,,stock_hk_hot_rank_detail_em,C:\Users\tonyk\Downloads\VeritasIntelligenceAnalytics\dict\VDF\_active\VDF_AKSHARE_SMALL_SCOPE_CANDIDATE_SEED_STAGING_v0274_20260610_145643\staging\VDF_Global_Commodity_AkShare_Candidate_v0274.json,VDF_Global_Commodity_AkShare_Candidate_v0274.json,vdf_symbol_hint,时间,value,vdf_source_function,VDF_Global_Commodity|STEEL|2026-06-04|stock_hk_hot_rank_detail_em,False,value_blank_or_non_numeric,a359b9a0fe979b22
115,VDF_Global_Commodity,STEEL,2026-06-05,,stock_hk_hot_rank_detail_em,C:\Users\tonyk\Downloads\VeritasIntelligenceAnalytics\dict\VDF\_active\VDF_AKSHARE_SMALL_SCOPE_CANDIDATE_SEED_STAGING_v0274_20260610_145643\staging\VDF_Global_Commodity_AkShare_Candidate_v0274.json,VDF_Global_Commodity_AkShare_Candidate_v0274.json,vdf_symbol_hint,时间,value,vdf_source_function,VDF_Global_Commodity|STEEL|2026-06-05|stock_hk_hot_rank_detail_em,False,value_blank_or_non_numeric,4b89e074c4276ad7
116,VDF_Global_Commodity,STEEL,2026-06-06,,stock_hk_hot_rank_detail_em,C:\Users\tonyk\Downloads\VeritasIntelligenceAnalytics\dict\VDF\_active\VDF_AKSHARE_SMALL_SCOPE_CANDIDATE_SEED_STAGING_v0274_20260610_145643\staging\VDF_Global_Commodity_AkShare_Candidate_v0274.json,VDF_Global_Commodity_AkShare_Candidate_v0274.json,vdf_symbol_hint,时间,value,vdf_source_function,VDF_Global_Commodity|STEEL|2026-06-06|stock_hk_hot_rank_detail_em,False,value_blank_or_non_numeric,fcc124ebffb1e569
117,VDF_Global_Commodity,STEEL,2026-06-07,,stock_hk_hot_rank_detail_em,C:\Users\tonyk\Downloads\VeritasIntelligenceAnalytics\dict\VDF\_active\VDF_AKSHARE_SMALL_SCOPE_CANDIDATE_SEED_STAGING_v0274_20260610_145643\staging\VDF_Global_Commodity_AkShare_Candidate_v0274.json,VDF_Global_Commodity_AkShare_Candidate_v0274.json,vdf_symbol_hint,时间,value,vdf_source_function,VDF_Global_Commodity|STEEL|2026-06-07|stock_hk_hot_rank_detail_em,False,value_blank_or_non_numeric,91afb2113ed59a26
118,VDF_Global_Commodity,STEEL,2026-06-08,,stock_hk_hot_rank_detail_em,C:\Users\tonyk\Downloads\VeritasIntelligenceAnalytics\dict\VDF\_active\VDF_AKSHARE_SMALL_SCOPE_CANDIDATE_SEED_STAGING_v0274_20260610_145643\staging\VDF_Global_Commodity_AkShare_Candidate_v0274.json,VDF_Global_Commodity_AkShare_Candidate_v0274.json,vdf_symbol_hint,时间,value,vdf_source_function,VDF_Global_Commodity|STEEL|2026-06-08|stock_hk_hot_rank_detail_em,False,value_blank_or_non_numeric,40001916bce714db
119,VDF_Global_Commodity,STEEL,2026-06-09,,stock_hk_hot_rank_detail_em,C:\Users\tonyk\Downloads\VeritasIntelligenceAnalytics\dict\VDF\_active\VDF_AKSHARE_SMALL_SCOPE_CANDIDATE_SEED_STAGING_v0274_20260610_145643\staging\VDF_Global_Commodity_AkShare_Candidate_v0274.json,VDF_Global_Commodity_AkShare_Candidate_v0274.json,vdf_symbol_hint,时间,value,vdf_source_function,VDF_Global_Commodity|STEEL|2026-06-09|stock_hk_hot_rank_detail_em,False,value_blank_or_non_numeric,1310d74081fe8012
120,VDF_Global_Commodity,STEEL,2026-06-10,,stock_hk_hot_rank_detail_em,C:\Users\tonyk\Downloads\VeritasIntelligenceAnalytics\dict\VDF\_active\VDF_AKSHARE_SMALL_SCOPE_CANDIDATE_SEED_STAGING_v0274_20260610_145643\staging\VDF_Global_Commodity_AkShare_Candidate_v0274.json,VDF_Global_Commodity_AkShare_Candidate_v0274.json,vdf_symbol_hint,时间,value,vdf_source_function,VDF_Global_Commodity|STEEL|2026-06-10|stock_hk_hot_rank_detail_em,False,value_blank_or_non_numeric,5596fcde98fcf37f
121,VDF_Global_Commodity,COMMODITY_FUTURES,,,futures_foreign_commodity_subscribe_exchange_symbol,C:\Users\tonyk\Downloads\VeritasIntelligenceAnalytics\dict\VDF\_active\VDF_AKSHARE_SMALL_SCOPE_CANDIDATE_SEED_STAGING_v0274_20260610_145643\staging\VDF_Global_Commodity_AkShare_Candidate_v0274.json,VDF_Global_Commodity_AkShare_Candidate_v0274.json,vdf_symbol_hint,时间,value,vdf_source_function,VDF_Global_Commodity|COMMODITY_FUTURES||futures_foreign_commodity_subscribe_exchange_symbol,False,date_blank_or_unparseable;value_blank_or_non_numeric,04768c965fbe9c91
122,VDF_Global_Commodity,COMMODITY_FUTURES,,,futures_foreign_commodity_subscribe_exchange_symbol,C:\Users\tonyk\Downloads\VeritasIntelligenceAnalytics\dict\VDF\_active\VDF_AKSHARE_SMALL_SCOPE_CANDIDATE_SEED_STAGING_v0274_20260610_145643\staging\VDF_Global_Commodity_AkShare_Candidate_v0274.json,VDF_Global_Commodity_AkShare_Candidate_v0274.json,vdf_symbol_hint,时间,value,vdf_source_function,VDF_Global_Commodity|COMMODITY_FUTURES||futures_foreign_commodity_subscribe_exchange_symbol,False,date_blank_or_unparseable;value_blank_or_non_numeric,aa1229bb30428ba3
123,VDF_Global_Commodity,COMMODITY_FUTURES,,3.0,futures_foreign_commodity_subscribe_exchange_symbol,C:\Users\tonyk\Downloads\VeritasIntelligenceAnalytics\dict\VDF\_active\VDF_AKSHARE_SMALL_SCOPE_CANDIDATE_SEED_STAGING_v0274_20260610_145643\staging\VDF_Global_Commodity_AkShare_Candidate_v0274.json,VDF_Global_Commodity_AkShare_Candidate_v0274.json,vdf_symbol_hint,时间,value,vdf_source_function,VDF_Global_Commodity|COMMODITY_FUTURES||futures_foreign_commodity_subscribe_exchange_symbol,False,date_blank_or_unparseable,b88dd0c065e7da4c
124,VDF_Global_Commodity,COMMODITY_FUTURES,,,futures_foreign_commodity_subscribe_exchange_symbol,C:\Users\tonyk\Downloads\VeritasIntelligenceAnalytics\dict\VDF\_active\VDF_AKSHARE_SMALL_SCOPE_CANDIDATE_SEED_STAGING_v0274_20260610_145643\staging\VDF_Global_Commodity_AkShare_Candidate_v0274.json,VDF_Global_Commodity_AkShare_Candidate_v0274.json,vdf_symbol_hint,时间,value,vdf_source_function,VDF_Global_Commodity|COMMODITY_FUTURES||futures_foreign_commodity_subscribe_exchange_symbol,False,date_blank_or_unparseable;value_blank_or_non_numeric,1b44b7bbe622e81a
125,VDF_Global_Commodity,COMMODITY_FUTURES,,,futures_foreign_commodity_subscribe_exchange_symbol,C:\Users\tonyk\Downloads\VeritasIntelligenceAnalytics\dict\VDF\_active\VDF_AKSHARE_SMALL_SCOPE_CANDIDATE_SEED_STAGING_v0274_20260610_145643\staging\VDF_Global_Commodity_AkShare_Candidate_v0274.json,VDF_Global_Commodity_AkShare_Candidate_v0274.json,vdf_symbol_hint,时间,value,vdf_source_function,VDF_Global_Commodity|COMMODITY_FUTURES||futures_foreign_commodity_subscribe_exchange_symbol,False,date_blank_or_unparseable;value_blank_or_non_numeric,fe201eccb15acdae
126,VDF_Global_Commodity,COMMODITY_FUTURES,,,futures_foreign_commodity_subscribe_exchange_symbol,C:\Users\tonyk\Downloads\VeritasIntelligenceAnalytics\dict\VDF\_active\VDF_AKSHARE_SMALL_SCOPE_CANDIDATE_SEED_STAGING_v0274_20260610_145643\staging\VDF_Global_Commodity_AkShare_Candidate_v0274.json,VDF_Global_Commodity_AkShare_Candidate_v0274.json,vdf_symbol_hint,时间,value,vdf_source_function,VDF_Global_Commodity|COMMODITY_FUTURES||futures_foreign_commodity_subscribe_exchange_symbol,False,date_blank_or_unparseable;value_blank_or_non_numeric,eb4bce89ab571e10
127,VDF_Global_Commodity,COMMODITY_FUTURES,,,futures_foreign_commodity_subscribe_exchange_symbol,C:\Users\tonyk\Downloads\VeritasIntelligenceAnalytics\dict\VDF\_active\VDF_AKSHARE_SMALL_SCOPE_CANDIDATE_SEED_STAGING_v0274_20260610_145643\staging\VDF_Global_Commodity_AkShare_Candidate_v0274.json,VDF_Global_Commodity_AkShare_Candidate_v0274.json,vdf_symbol_hint,时间,value,vdf_source_function,VDF_Global_Commodity|COMMODITY_FUTURES||futures_foreign_commodity_subscribe_exchange_symbol,False,date_blank_or_unparseable;value_blank_or_non_numeric,9a3067ce1de2211c
128,VDF_Global_Commodity,COMMODITY_FUTURES,,,futures_foreign_commodity_subscribe_exchange_symbol,C:\Users\tonyk\Downloads\VeritasIntelligenceAnalytics\dict\VDF\_active\VDF_AKSHARE_SMALL_SCOPE_CANDIDATE_SEED_STAGING_v0274_20260610_145643\staging\VDF_Global_Commodity_AkShare_Candidate_v0274.json,VDF_Global_Commodity_AkShare_Candidate_v0274.json,vdf_symbol_hint,时间,value,vdf_source_function,VDF_Global_Commodity|COMMODITY_FUTURES||futures_foreign_commodity_subscribe_exchange_symbol,False,date_blank_or_unparseable;value_blank_or_non_numeric,f1ef72c576cec67d
129,VDF_Global_Commodity,COMMODITY_FUTURES,,,futures_foreign_commodity_subscribe_exchange_symbol,C:\Users\tonyk\Downloads\VeritasIntelligenceAnalytics\dict\VDF\_active\VDF_AKSHARE_SMALL_SCOPE_CANDIDATE_SEED_STAGING_v0274_20260610_145643\staging\VDF_Global_Commodity_AkShare_Candidate_v0274.json,VDF_Global_Commodity_AkShare_Candidate_v0274.json,vdf_symbol_hint,时间,value,vdf_source_function,VDF_Global_Commodity|COMMODITY_FUTURES||futures_foreign_commodity_subscribe_exchange_symbol,False,date_blank_or_unparseable;value_blank_or_non_numeric,118618aeb4bf5b5c
130,VDF_Global_Commodity,COMMODITY_FUTURES,,,futures_foreign_commodity_subscribe_exchange_symbol,C:\Users\tonyk\Downloads\VeritasIntelligenceAnalytics\dict\VDF\_active\VDF_AKSHARE_SMALL_SCOPE_CANDIDATE_SEED_STAGING_v0274_20260610_145643\staging\VDF_Global_Commodity_AkShare_Candidate_v0274.json,VDF_Global_Commodity_AkShare_Candidate_v0274.json,vdf_symbol_hint,时间,value,vdf_source_function,VDF_Global_Commodity|COMMODITY_FUTURES||futures_foreign_commodity_subscribe_exchange_symbol,False,date_blank_or_unparseable;value_blank_or_non_numeric,90b299b8fd60726d
131,VDF_Global_Commodity,COMMODITY_FUTURES,,,futures_foreign_commodity_subscribe_exchange_symbol,C:\Users\tonyk\Downloads\VeritasIntelligenceAnalytics\dict\VDF\_active\VDF_AKSHARE_SMALL_SCOPE_CANDIDATE_SEED_STAGING_v0274_20260610_145643\staging\VDF_Global_Commodity_AkShare_Candidate_v0274.json,VDF_Global_Commodity_AkShare_Candidate_v0274.json,vdf_symbol_hint,时间,value,vdf_source_function,VDF_Global_Commodity|COMMODITY_FUTURES||futures_foreign_commodity_subscribe_exchange_symbol,False,date_blank_or_unparseable;value_blank_or_non_numeric,6e2c138d9d97e4e5
132,VDF_Global_Commodity,COMMODITY_FUTURES,,,futures_foreign_commodity_subscribe_exchange_symbol,C:\Users\tonyk\Downloads\VeritasIntelligenceAnalytics\dict\VDF\_active\VDF_AKSHARE_SMALL_SCOPE_CANDIDATE_SEED_STAGING_v0274_20260610_145643\staging\VDF_Global_Commodity_AkShare_Candidate_v0274.json,VDF_Global_Commodity_AkShare_Candidate_v0274.json,vdf_symbol_hint,时间,value,vdf_source_function,VDF_Global_Commodity|COMMODITY_FUTURES||futures_foreign_commodity_subscribe_exchange_symbol,False,date_blank_or_unparseable;value_blank_or_non_numeric,05b196fbe0251fe9
133,VDF_Global_Commodity,COMMODITY_FUTURES,,,futures_foreign_commodity_subscribe_exchange_symbol,C:\Users\tonyk\Downloads\VeritasIntelligenceAnalytics\dict\VDF\_active\VDF_AKSHARE_SMALL_SCOPE_CANDIDATE_SEED_STAGING_v0274_20260610_145643\staging\VDF_Global_Commodity_AkShare_Candidate_v0274.json,VDF_Global_Commodity_AkShare_Candidate_v0274.json,vdf_symbol_hint,时间,value,vdf_source_function,VDF_Global_Commodity|COMMODITY_FUTURES||futures_foreign_commodity_subscribe_exchange_symbol,False,date_blank_or_unparseable;value_blank_or_non_numeric,f7ae5f119e10c966
134,VDF_Global_Commodity,COMMODITY_FUTURES,,,futures_foreign_commodity_subscribe_exchange_symbol,C:\Users\tonyk\Downloads\VeritasIntelligenceAnalytics\dict\VDF\_active\VDF_AKSHARE_SMALL_SCOPE_CANDIDATE_SEED_STAGING_v0274_20260610_145643\staging\VDF_Global_Commodity_AkShare_Candidate_v0274.json,VDF_Global_Commodity_AkShare_Candidate_v0274.json,vdf_symbol_hint,时间,value,vdf_source_function,VDF_Global_Commodity|COMMODITY_FUTURES||futures_foreign_commodity_subscribe_exchange_symbol,False,date_blank_or_unparseable;value_blank_or_non_numeric,cb19ce51c427981b
135,VDF_Global_Commodity,COMMODITY_FUTURES,,,futures_foreign_commodity_subscribe_exchange_symbol,C:\Users\tonyk\Downloads\VeritasIntelligenceAnalytics\dict\VDF\_active\VDF_AKSHARE_SMALL_SCOPE_CANDIDATE_SEED_STAGING_v0274_20260610_145643\staging\VDF_Global_Commodity_AkShare_Candidate_v0274.json,VDF_Global_Commodity_AkShare_Candidate_v0274.json,vdf_symbol_hint,时间,value,vdf_source_function,VDF_Global_Commodity|COMMODITY_FUTURES||futures_foreign_commodity_subscribe_exchange_symbol,False,date_blank_or_unparseable;value_blank_or_non_numeric,4cec752e7187077e
136,VDF_Global_Commodity,COMMODITY_FUTURES,,,futures_foreign_commodity_subscribe_exchange_symbol,C:\Users\tonyk\Downloads\VeritasIntelligenceAnalytics\dict\VDF\_active\VDF_AKSHARE_SMALL_SCOPE_CANDIDATE_SEED_STAGING_v0274_20260610_145643\staging\VDF_Global_Commodity_AkShare_Candidate_v0274.json,VDF_Global_Commodity_AkShare_Candidate_v0274.json,vdf_symbol_hint,时间,value,vdf_source_function,VDF_Global_Commodity|COMMODITY_FUTURES||futures_foreign_commodity_subscribe_exchange_symbol,False,date_blank_or_unparseable;value_blank_or_non_numeric,70710f936c05f73c
137,VDF_Global_Commodity,COMMODITY_FUTURES,,,futures_foreign_commodity_subscribe_exchange_symbol,C:\Users\tonyk\Downloads\VeritasIntelligenceAnalytics\dict\VDF\_active\VDF_AKSHARE_SMALL_SCOPE_CANDIDATE_SEED_STAGING_v0274_20260610_145643\staging\VDF_Global_Commodity_AkShare_Candidate_v0274.json,VDF_Global_Commodity_AkShare_Candidate_v0274.json,vdf_symbol_hint,时间,value,vdf_source_function,VDF_Global_Commodity|COMMODITY_FUTURES||futures_foreign_commodity_subscribe_exchange_symbol,False,date_blank_or_unparseable;value_blank_or_non_numeric,95814312cc41ef83
138,VDF_Global_Commodity,COMMODITY_FUTURES,,,futures_foreign_commodity_subscribe_exchange_symbol,C:\Users\tonyk\Downloads\VeritasIntelligenceAnalytics\dict\VDF\_active\VDF_AKSHARE_SMALL_SCOPE_CANDIDATE_SEED_STAGING_v0274_20260610_145643\staging\VDF_Global_Commodity_AkShare_Candidate_v0274.json,VDF_Global_Commodity_AkShare_Candidate_v0274.json,vdf_symbol_hint,时间,value,vdf_source_function,VDF_Global_Commodity|COMMODITY_FUTURES||futures_foreign_commodity_subscribe_exchange_symbol,False,date_blank_or_unparseable;value_blank_or_non_numeric,2f1989c6b68df60a
139,VDF_Global_Commodity,COMMODITY_FUTURES,,,futures_foreign_commodity_subscribe_exchange_symbol,C:\Users\tonyk\Downloads\VeritasIntelligenceAnalytics\dict\VDF\_active\VDF_AKSHARE_SMALL_SCOPE_CANDIDATE_SEED_STAGING_v0274_20260610_145643\staging\VDF_Global_Commodity_AkShare_Candidate_v0274.json,VDF_Global_Commodity_AkShare_Candidate_v0274.json,vdf_symbol_hint,时间,value,vdf_source_function,VDF_Global_Commodity|COMMODITY_FUTURES||futures_foreign_commodity_subscribe_exchange_symbol,False,date_blank_or_unparseable;value_blank_or_non_numeric,22398fc6e9f10642
140,VDF_Global_Commodity,COMMODITY_FUTURES,,,futures_foreign_commodity_subscribe_exchange_symbol,C:\Users\tonyk\Downloads\VeritasIntelligenceAnalytics\dict\VDF\_active\VDF_AKSHARE_SMALL_SCOPE_CANDIDATE_SEED_STAGING_v0274_20260610_145643\staging\VDF_Global_Commodity_AkShare_Candidate_v0274.json,VDF_Global_Commodity_AkShare_Candidate_v0274.json,vdf_symbol_hint,时间,value,vdf_source_function,VDF_Global_Commodity|COMMODITY_FUTURES||futures_foreign_commodity_subscribe_exchange_symbol,False,date_blank_or_unparseable;value_blank_or_non_numeric,18ebd614138a476b
141,VDF_Global_Commodity,COMMODITY_FUTURES,,,futures_foreign_commodity_subscribe_exchange_symbol,C:\Users\tonyk\Downloads\VeritasIntelligenceAnalytics\dict\VDF\_active\VDF_AKSHARE_SMALL_SCOPE_CANDIDATE_SEED_STAGING_v0274_20260610_145643\staging\VDF_Global_Commodity_AkShare_Candidate_v0274.json,VDF_Global_Commodity_AkShare_Candidate_v0274.json,vdf_symbol_hint,时间,value,vdf_source_function,VDF_Global_Commodity|COMMODITY_FUTURES||futures_foreign_commodity_subscribe_exchange_symbol,False,date_blank_or_unparseable;value_blank_or_non_numeric,59a29d7faef80e7d
142,VDF_Global_Commodity,COMMODITY_FUTURES,,,futures_foreign_commodity_subscribe_exchange_symbol,C:\Users\tonyk\Downloads\VeritasIntelligenceAnalytics\dict\VDF\_active\VDF_AKSHARE_SMALL_SCOPE_CANDIDATE_SEED_STAGING_v0274_20260610_145643\staging\VDF_Global_Commodity_AkShare_Candidate_v0274.json,VDF_Global_Commodity_AkShare_Candidate_v0274.json,vdf_symbol_hint,时间,value,vdf_source_function,VDF_Global_Commodity|COMMODITY_FUTURES||futures_foreign_commodity_subscribe_exchange_symbol,False,date_blank_or_unparseable;value_blank_or_non_numeric,e5142a7310626d40
143,VDF_Global_Commodity,COMMODITY_FUTURES,,,futures_foreign_commodity_subscribe_exchange_symbol,C:\Users\tonyk\Downloads\VeritasIntelligenceAnalytics\dict\VDF\_active\VDF_AKSHARE_SMALL_SCOPE_CANDIDATE_SEED_STAGING_v0274_20260610_145643\staging\VDF_Global_Commodity_AkShare_Candidate_v0274.json,VDF_Global_Commodity_AkShare_Candidate_v0274.json,vdf_symbol_hint,时间,value,vdf_source_function,VDF_Global_Commodity|COMMODITY_FUTURES||futures_foreign_commodity_subscribe_exchange_symbol,False,date_blank_or_unparseable;value_blank_or_non_numeric,916ebfcd5cf6a885
144,VDF_Global_Commodity,COMMODITY_FUTURES,,,futures_foreign_commodity_subscribe_exchange_symbol,C:\Users\tonyk\Downloads\VeritasIntelligenceAnalytics\dict\VDF\_active\VDF_AKSHARE_SMALL_SCOPE_CANDIDATE_SEED_STAGING_v0274_20260610_145643\staging\VDF_Global_Commodity_AkShare_Candidate_v0274.json,VDF_Global_Commodity_AkShare_Candidate_v0274.json,vdf_symbol_hint,时间,value,vdf_source_function,VDF_Global_Commodity|COMMODITY_FUTURES||futures_foreign_commodity_subscribe_exchange_symbol,False,date_blank_or_unparseable;value_blank_or_non_numeric,ad29ac83891131ce
145,VDF_Global_Commodity,COMMODITY_FUTURES,,,futures_foreign_commodity_subscribe_exchange_symbol,C:\Users\tonyk\Downloads\VeritasIntelligenceAnalytics\dict\VDF\_active\VDF_AKSHARE_SMALL_SCOPE_CANDIDATE_SEED_STAGING_v0274_20260610_145643\staging\VDF_Global_Commodity_AkShare_Candidate_v0274.json,VDF_Global_Commodity_AkShare_Candidate_v0274.json,vdf_symbol_hint,时间,value,vdf_source_function,VDF_Global_Commodity|COMMODITY_FUTURES||futures_foreign_commodity_subscribe_exchange_symbol,False,date_blank_or_unparseable;value_blank_or_non_numeric,ab00def5cf47bcf7
146,VDF_Global_Commodity,COMMODITY_FUTURES,,,futures_foreign_commodity_subscribe_exchange_symbol,C:\Users\tonyk\Downloads\VeritasIntelligenceAnalytics\dict\VDF\_active\VDF_AKSHARE_SMALL_SCOPE_CANDIDATE_SEED_STAGING_v0274_20260610_145643\staging\VDF_Global_Commodity_AkShare_Candidate_v0274.json,VDF_Global_Commodity_AkShare_Candidate_v0274.json,vdf_symbol_hint,时间,value,vdf_source_function,VDF_Global_Commodity|COMMODITY_FUTURES||futures_foreign_commodity_subscribe_exchange_symbol,False,date_blank_or_unparseable;value_blank_or_non_numeric,b73dda1758d8a9de
147,VDF_Global_Commodity,COMMODITY_FUTURES,,,futures_foreign_commodity_subscribe_exchange_symbol,C:\Users\tonyk\Downloads\VeritasIntelligenceAnalytics\dict\VDF\_active\VDF_AKSHARE_SMALL_SCOPE_CANDIDATE_SEED_STAGING_v0274_20260610_145643\staging\VDF_Global_Commodity_AkShare_Candidate_v0274.json,VDF_Global_Commodity_AkShare_Candidate_v0274.json,vdf_symbol_hint,时间,value,vdf_source_function,VDF_Global_Commodity|COMMODITY_FUTURES||futures_foreign_commodity_subscribe_exchange_symbol,False,date_blank_or_unparseable;value_blank_or_non_numeric,21089edb61881ea3
148,VDF_Global_Commodity,COMMODITY_FUTURES,,,futures_foreign_commodity_subscribe_exchange_symbol,C:\Users\tonyk\Downloads\VeritasIntelligenceAnalytics\dict\VDF\_active\VDF_AKSHARE_SMALL_SCOPE_CANDIDATE_SEED_STAGING_v0274_20260610_145643\staging\VDF_Global_Commodity_AkShare_Candidate_v0274.json,VDF_Global_Commodity_AkShare_Candidate_v0274.json,vdf_symbol_hint,时间,value,vdf_source_function,VDF_Global_Commodity|COMMODITY_FUTURES||futures_foreign_commodity_subscribe_exchange_symbol,False,date_blank_or_unparseable;value_blank_or_non_numeric,5f07c19ae1c38d55
149,VDF_Global_Commodity,COMMODITY_FUTURES,,,futures_foreign_commodity_subscribe_exchange_symbol,C:\Users\tonyk\Downloads\VeritasIntelligenceAnalytics\dict\VDF\_active\VDF_AKSHARE_SMALL_SCOPE_CANDIDATE_SEED_STAGING_v0274_20260610_145643\staging\VDF_Global_Commodity_AkShare_Candidate_v0274.json,VDF_Global_Commodity_AkShare_Candidate_v0274.json,vdf_symbol_hint,时间,value,vdf_source_function,VDF_Global_Commodity|COMMODITY_FUTURES||futures_foreign_commodity_subscribe_exchange_symbol,False,date_blank_or_unparseable;value_blank_or_non_numeric,abc62cf1da9e3adf
150,VDF_Global_Commodity,COMMODITY_FUTURES,,,futures_foreign_commodity_subscribe_exchange_symbol,C:\Users\tonyk\Downloads\VeritasIntelligenceAnalytics\dict\VDF\_active\VDF_AKSHARE_SMALL_SCOPE_CANDIDATE_SEED_STAGING_v0274_20260610_145643\staging\VDF_Global_Commodity_AkShare_Candidate_v0274.json,VDF_Global_Commodity_AkShare_Candidate_v0274.json,vdf_symbol_hint,时间,value,vdf_source_function,VDF_Global_Commodity|COMMODITY_FUTURES||futures_foreign_commodity_subscribe_exchange_symbol,False,date_blank_or_unparseable;value_blank_or_non_numeric,e50027faeb4585c9
1,VDF_Global_Commodity,,,,AkShare,C:\Users\tonyk\Downloads\VeritasIntelligenceAnalytics\dict\VDF\_freeze\VDF_AKSHARE_CANDIDATE_STAGING_FINAL_SEAL_v0275_20260610_150853\plan\VDF_AkShare_CandidateStagingFinalSealPlan_v0275.json,VDF_AkShare_CandidateStagingFinalSealPlan_v0275.json,0,0,0,0,VDF_Global_Commodity|||AkShare,False,symbol_blank;date_blank_or_unparseable;value_blank_or_non_numeric,306144838ace548f
2,VDF_Global_Commodity,,,,AkShare,C:\Users\tonyk\Downloads\VeritasIntelligenceAnalytics\dict\VDF\_freeze\VDF_AKSHARE_CANDIDATE_STAGING_FINAL_SEAL_v0275_20260610_150853\plan\VDF_AkShare_CandidateStagingFinalSealPlan_v0275.json,VDF_AkShare_CandidateStagingFinalSealPlan_v0275.json,0,0,0,0,VDF_Global_Commodity|||AkShare,False,symbol_blank;date_blank_or_unparseable;value_blank_or_non_numeric,b34ff883ee738118
3,VDF_Global_Commodity,,,,AkShare,C:\Users\tonyk\Downloads\VeritasIntelligenceAnalytics\dict\VDF\_freeze\VDF_AKSHARE_CANDIDATE_STAGING_FINAL_SEAL_v0275_20260610_150853\plan\VDF_AkShare_CandidateStagingFinalSealPlan_v0275.json,VDF_AkShare_CandidateStagingFinalSealPlan_v0275.json,0,0,0,0,VDF_Global_Commodity|||AkShare,False,symbol_blank;date_blank_or_unparseable;value_blank_or_non_numeric,aa4eb1243d2b9dad
1,VDF_Global_Commodity,VDF_Global_Commodity_AkShare_Candidate,,150.0,150,C:\Users\tonyk\Downloads\VeritasIntelligenceAnalytics\dict\VDF\_freeze\VDF_AKSHARE_CANDIDATE_STAGING_FINAL_SEAL_v0275_20260610_150853\registry\VDF_AkShare_CandidateIntegrityAudit_v0275.json,VDF_AkShare_CandidateIntegrityAudit_v0275.json,target_table,target_table,expected_rows,expected_rows,VDF_Global_Commodity|VDF_Global_Commodity_AkShare_Candidate||150,False,date_blank_or_unparseable,589a0a4c0e342124
1,VDF_Global_Commodity,,,,AkShare,C:\Users\tonyk\Downloads\VeritasIntelligenceAnalytics\dict\VDF\_freeze\VDF_AKSHARE_CANDIDATE_STAGING_FINAL_SEAL_v0275_20260610_150853\seal\VDF_AKSHARE_CANDIDATE_STAGING_FINAL_SEAL_v0275.json,VDF_AKSHARE_CANDIDATE_STAGING_FINAL_SEAL_v0275.json,0,0,0,0,VDF_Global_Commodity|||AkShare,False,symbol_blank;date_blank_or_unparseable;value_blank_or_non_numeric,dccc73995b40bcf0
2,VDF_Global_Commodity,,,,AkShare,C:\Users\tonyk\Downloads\VeritasIntelligenceAnalytics\dict\VDF\_freeze\VDF_AKSHARE_CANDIDATE_STAGING_FINAL_SEAL_v0275_20260610_150853\seal\VDF_AKSHARE_CANDIDATE_STAGING_FINAL_SEAL_v0275.json,VDF_AKSHARE_CANDIDATE_STAGING_FINAL_SEAL_v0275.json,0,0,0,0,VDF_Global_Commodity|||AkShare,False,symbol_blank;date_blank_or_unparseable;value_blank_or_non_numeric,751d89375767c378
3,VDF_Global_Commodity,,,,AkShare,C:\Users\tonyk\Downloads\VeritasIntelligenceAnalytics\dict\VDF\_freeze\VDF_AKSHARE_CANDIDATE_STAGING_FINAL_SEAL_v0275_20260610_150853\seal\VDF_AKSHARE_CANDIDATE_STAGING_FINAL_SEAL_v0275.json,VDF_AKSHARE_CANDIDATE_STAGING_FINAL_SEAL_v0275.json,0,0,0,0,VDF_Global_Commodity|||AkShare,False,symbol_blank;date_blank_or_unparseable;value_blank_or_non_numeric,c486fb44b0c9d825
4,VDF_Global_Commodity,,,,AkShare,C:\Users\tonyk\Downloads\VeritasIntelligenceAnalytics\dict\VDF\_freeze\VDF_AKSHARE_CANDIDATE_STAGING_FINAL_SEAL_v0275_20260610_150853\seal\VDF_AKSHARE_CANDIDATE_STAGING_FINAL_SEAL_v0275.json,VDF_AKSHARE_CANDIDATE_STAGING_FINAL_SEAL_v0275.json,0,0,0,0,VDF_Global_Commodity|||AkShare,False,symbol_blank;date_blank_or_unparseable;value_blank_or_non_numeric,a5c4aa95dbe73cb6
5,VDF_Global_Commodity,,,,AkShare,C:\Users\tonyk\Downloads\VeritasIntelligenceAnalytics\dict\VDF\_freeze\VDF_AKSHARE_CANDIDATE_STAGING_FINAL_SEAL_v0275_20260610_150853\seal\VDF_AKSHARE_CANDIDATE_STAGING_FINAL_SEAL_v0275.json,VDF_AKSHARE_CANDIDATE_STAGING_FINAL_SEAL_v0275.json,0,0,0,0,VDF_Global_Commodity|||AkShare,False,symbol_blank;date_blank_or_unparseable;value_blank_or_non_numeric,28651ba81d9af4ce
6,VDF_Global_Commodity,,,,AkShare,C:\Users\tonyk\Downloads\VeritasIntelligenceAnalytics\dict\VDF\_freeze\VDF_AKSHARE_CANDIDATE_STAGING_FINAL_SEAL_v0275_20260610_150853\seal\VDF_AKSHARE_CANDIDATE_STAGING_FINAL_SEAL_v0275.json,VDF_AKSHARE_CANDIDATE_STAGING_FINAL_SEAL_v0275.json,0,0,0,0,VDF_Global_Commodity|||AkShare,False,symbol_blank;date_blank_or_unparseable;value_blank_or_non_numeric,83fc4c90031476ca
7,VDF_Global_Commodity,,,,AkShare,C:\Users\tonyk\Downloads\VeritasIntelligenceAnalytics\dict\VDF\_freeze\VDF_AKSHARE_CANDIDATE_STAGING_FINAL_SEAL_v0275_20260610_150853\seal\VDF_AKSHARE_CANDIDATE_STAGING_FINAL_SEAL_v0275.json,VDF_AKSHARE_CANDIDATE_STAGING_FINAL_SEAL_v0275.json,0,0,0,0,VDF_Global_Commodity|||AkShare,False,symbol_blank;date_blank_or_unparseable;value_blank_or_non_numeric,e690c1c504ca1fc1
8,VDF_Global_Commodity,,,,AkShare,C:\Users\tonyk\Downloads\VeritasIntelligenceAnalytics\dict\VDF\_freeze\VDF_AKSHARE_CANDIDATE_STAGING_FINAL_SEAL_v0275_20260610_150853\seal\VDF_AKSHARE_CANDIDATE_STAGING_FINAL_SEAL_v0275.json,VDF_AKSHARE_CANDIDATE_STAGING_FINAL_SEAL_v0275.json,0,0,0,0,VDF_Global_Commodity|||AkShare,False,symbol_blank;date_blank_or_unparseable;value_blank_or_non_numeric,10a1b81ff1c99b07
