Group,Date,BasketRet,ActiveCount,PeriodID,ChainedIndex
A 上游材料,2025-01-02,0.0,21,2025_H1,32.36105306097312
A 上游材料,2025-01-03,-0.026243950285192955,21,2025_H1,31.51177119326445
A 上游材料,2025-01-06,0.00358576508908696,21,2025_H1,31.624765002304553
A 上游材料,2025-01-07,0.030111802026259807,21,2025_H1,32.577043665180945
A 上游材料,2025-01-08,0.009500953568334506,21,2025_H1,32.886556644437434
A 上游材料,2025-01-09,-0.009287073635857988,21,2025_H1,32.581136771250726
A 上游材料,2025-01-10,0.003568742956685539,21,2025_H1,32.69741047362393
A 上游材料,2025-01-13,0.00951193120012531,21,2025_H1,33.0084259924713
A 上游材料,2025-01-14,-0.005400434924332343,21,2025_H1,32.830166135944324
A 上游材料,2025-01-15,-0.010712715885973232,21,2025_H1,32.47846589364065
A 上游材料,2025-01-16,0.009062896490098041,21,2025_H1,32.772814868191894
A 上游材料,2025-01-17,0.010844536801399346,21,2025_H1,33.12822086511545
A 上游材料,2025-01-20,-0.010216476291904537,21,2025_H1,32.78976718205402
A 上游材料,2025-01-21,-0.003818405119748006,21,2025_H1,32.66456256717072
A 上游材料,2025-01-22,-0.021221722467449064,21,2025_H1,31.971364285849596
A 上游材料,2025-01-23,-0.006067106147269509,21,2025_H1,31.777390625054327
A 上游材料,2025-01-24,-0.005826992186223722,21,2025_H1,31.592224018183558
A 上游材料,2025-01-27,0.011517484258693528,21,2025_H1,31.956086961010104
A 上游材料,2025-01-28,0.011885554358580625,21,2025_H1,32.335902769672714
A 上游材料,2025-01-29,0.014712464587301098,21,2025_H1,32.811643594069935
A 上游材料,2025-01-30,-0.01627918793715635,21,2025_H1,32.277496681475085
A 上游材料,2025-01-31,-0.007140261812509845,21,2025_H1,32.04702690451693
A 上游材料,2025-02-03,0.03613565064015743,21,2025_H1,33.205067072794286
A 上游材料,2025-02-04,0.011748777234596526,21,2025_H1,33.595186008892384
A 上游材料,2025-02-05,-0.02686909958494878,21,2025_H1,32.69251361044458
A 上游材料,2025-02-06,0.014968583807361137,21,2025_H1,33.18187424029581
A 上游材料,2025-02-07,0.014509163154239235,21,2025_H1,33.663315467411714
A 上游材料,2025-02-10,0.019925826425759408,21,2025_H1,34.33408484833094
A 上游材料,2025-02-11,0.011875250038361502,21,2025_H1,34.741810690743186
A 上游材料,2025-02-12,0.015256616668945193,21,2025_H1,35.27185317883691
A 上游材料,2025-02-13,0.01332918448203746,21,2025_H1,35.74199821688097
A 上游材料,2025-02-14,-0.015088582286677114,21,2025_H1,35.2027021356953
A 上游材料,2025-02-17,0.014146528223042677,21,2025_H1,35.700698154985275
A 上游材料,2025-02-18,-0.000435933079841932,21,2025_H1,35.68513503968607
A 上游材料,2025-02-19,-0.009910882769855347,21,2025_H1,35.33146384968129
A 上游材料,2025-02-20,0.012937980398856424,21,2025_H1,35.78858163643137
A 上游材料,2025-02-21,0.01700231177376451,21,2025_H1,36.397070259354805
A 上游材料,2025-02-24,-0.007199586736335884,21,2025_H1,36.135026395074064
A 上游材料,2025-02-25,-0.008261579292948257,21,2025_H1,35.83649400925838
A 上游材料,2025-02-26,0.010008748394141195,21,2025_H1,36.19517246112519
A 上游材料,2025-02-27,0.00699740042708571,21,2025_H1,36.4484445763631
A 上游材料,2025-02-28,-0.021861925840330185,21,2025_H1,35.65161138403926
A 上游材料,2025-03-03,-0.0026926145450365717,21,2025_H1,35.555615336672616
A 上游材料,2025-03-04,-0.01380451793484825,21,2025_H1,35.06478720707295
A 上游材料,2025-03-05,0.019588912265415967,21,2025_H1,35.751668247277784
A 上游材料,2025-03-06,0.04150050370387514,21,2025_H1,37.23538048779365
A 上游材料,2025-03-07,0.04138894776299858,21,2025_H1,38.77651370573831
A 上游材料,2025-03-10,0.001960528324283388,21,2025_H1,38.85253615917537
A 上游材料,2025-03-11,0.016254182077661983,21,2025_H1,39.484052356085556
A 上游材料,2025-03-12,0.0017256217603184786,21,2025_H1,39.55218689601678
A 上游材料,2025-03-13,0.008259903461839952,21,2025_H1,39.87888414148253
A 上游材料,2025-03-14,-0.006358273859858822,21,2025_H1,39.6253232748854
A 上游材料,2025-03-17,-0.012369784370219277,21,2025_H1,39.13516657037484
A 上游材料,2025-03-18,-0.045308263959552876,21,2025_H1,37.362020113303224
A 上游材料,2025-03-19,-0.018484720806191082,21,2025_H1,36.67139360275352
A 上游材料,2025-03-20,-0.013430434003746187,21,2025_H1,36.17888087114633
A 上游材料,2025-03-21,0.018368906734671023,21,2025_H1,36.843447359633196
A 上游材料,2025-03-24,0.00615746576012521,21,2025_H1,37.07030962523511
A 上游材料,2025-03-25,-0.0054830529823554595,21,2025_H1,36.86705115348763
A 上游材料,2025-03-26,0.007861114651127281,21,2025_H1,37.156867269454175
A 上游材料,2025-03-27,0.004163848608528974,21,2025_H1,37.31158283953139
A 上游材料,2025-03-28,0.013437322464464507,21,2025_H1,37.81295060980575
A 上游材料,2025-03-31,0.0006012547740962527,21,2025_H1,37.835685826882575
A 上游材料,2025-04-01,0.03547584101130017,21,2025_H1,39.17793860183056
A 上游材料,2025-04-02,0.025303309941819122,21,2025_H1,40.16927012515424
A 上游材料,2025-04-03,0.0063904550349485004,21,2025_H1,40.42597003967573
A 上游材料,2025-04-04,-0.016882267547810317,21,2025_H1,39.743487997586165
A 上游材料,2025-04-07,0.010439268152596298,21,2025_H1,40.15838092611246
A 上游材料,2025-04-08,0.02235429725108812,21,2025_H1,41.05609331045721
A 上游材料,2025-04-09,-0.008187787065778083,21,2025_H1,40.71993476067847
A 上游材料,2025-04-10,0.014609934358000884,21,2025_H1,41.314850334594055
A 上游材料,2025-04-11,0.00477394311553106,21,2025_H1,41.512085079918094
A 上游材料,2025-04-14,0.013948408947779973,21,2025_H1,42.09111261888782
A 上游材料,2025-04-15,-0.007197885877261756,21,2025_H1,41.78814559381009
A 上游材料,2025-04-16,0.001994720727373262,21,2025_H1,41.871501273984556
A 上游材料,2025-04-17,0.017318946911730068,21,2025_H1,42.59667158166313
A 上游材料,2025-04-18,0.023535897718148107,21,2025_H1,43.5992224871427
A 上游材料,2025-04-21,0.00824887619586463,21,2025_H1,43.958867075675094
A 上游材料,2025-04-22,-0.014440201233255191,21,2025_H1,43.324092189116435
A 上游材料,2025-04-23,-0.02541572034083148,21,2025_H1,42.222979178017454
A 上游材料,2025-04-24,0.005553747595421383,21,2025_H1,42.457474947098895
A 上游材料,2025-04-25,0.004567667996727564,21,2025_H1,42.65140659663662
A 上游材料,2025-04-28,0.006453154488426466,21,2025_H1,42.92664271255341
A 上游材料,2025-04-29,0.010299627674925994,21,2025_H1,43.368771149827296
A 上游材料,2025-04-30,-0.0035455137621828448,21,2025_H1,43.21500657486663
A 上游材料,2025-05-01,-0.010459821471690178,21,2025_H1,42.7629853211956
A 上游材料,2025-05-02,0.019910932116674655,21,2025_H1,43.61443621903228
A 上游材料,2025-05-05,0.036690827117467885,21,2025_H1,45.21468595817063
A 上游材料,2025-05-06,0.028758840630991437,21,2025_H1,46.51500790582198
A 上游材料,2025-05-07,-0.006216444818036925,21,2025_H1,46.22584992596489
A 上游材料,2025-05-08,0.009241668990048166,21,2025_H1,46.6530539297643
A 上游材料,2025-05-09,0.0045805065565289495,21,2025_H1,46.866748549171675
A 上游材料,2025-05-12,0.0019654308837381337,21,2025_H1,46.95886190419061
A 上游材料,2025-05-13,0.017990908560332294,21,2025_H1,47.80369449480618
A 上游材料,2025-05-14,0.01084529751944438,21,2025_H1,48.32213978413097
A 上游材料,2025-05-15,-0.015923995423747665,21,2025_H1,47.55265825134278
A 上游材料,2025-05-16,0.01467599484178637,21,2025_H1,48.25054081855271
A 上游材料,2025-05-19,0.01498376792386765,21,2025_H1,48.973515724379006
A 上游材料,2025-05-20,0.04040511509114862,21,2025_H1,50.95229626364071
A 上游材料,2025-05-21,0.004687383021026203,21,2025_H1,51.1911291920292
A 上游材料,2025-05-22,-0.0029371317382632127,21,2025_H1,51.040774101761755
A 上游材料,2025-05-23,-0.005263947975398487,21,2025_H1,50.772098122266016
A 上游材料,2025-05-26,-0.012121426591662243,21,2025_H1,50.15666786197229
A 上游材料,2025-05-27,-0.0051023640410397175,21,2025_H1,49.900750283455
A 上游材料,2025-05-28,0.02551272806976705,21,2025_H1,51.17385455591414
A 上游材料,2025-05-29,-0.014607750019448142,21,2025_H1,50.426319681029746
A 上游材料,2025-05-30,-0.011549153191983158,21,2025_H1,49.84393839012563
A 上游材料,2025-06-02,-0.026024072502845507,21,2025_H1,48.54679612363363
A 上游材料,2025-06-03,0.006941209428746439,21,2025_H1,48.88376960262243
A 上游材料,2025-06-04,-0.0013499108901797309,21,2025_H1,48.81778086968281
A 上游材料,2025-06-05,-0.0011018167561257252,21,2025_H1,48.76399262072373
A 上游材料,2025-06-06,0.03402277361103375,21,2025_H1,50.42307890202872
A 上游材料,2025-06-09,0.0189225086530668,21,2025_H1,51.37721004886664
A 上游材料,2025-06-10,0.030631850158488533,21,2025_H1,52.95098904864471
A 上游材料,2025-06-11,0.009118299232227874,21,2025_H1,53.433812011432664
A 上游材料,2025-06-12,-0.01724493556365667,21,2025_H1,52.51234936637496
A 上游材料,2025-06-13,-0.0070112224147342245,21,2025_H1,52.14417360544708
A 上游材料,2025-06-16,-0.013356879205580752,21,2025_H1,51.4476901773243
A 上游材料,2025-06-17,-0.0022956609699629265,21,2025_H1,51.329583722989476
A 上游材料,2025-06-18,-0.002561860981194761,21,2025_H1,51.19808446526858
A 上游材料,2025-06-19,0.011989755799855874,21,2025_H1,51.811936995427544
A 上游材料,2025-06-20,-0.01586971297364803,21,2025_H1,50.989696426701364
A 上游材料,2025-06-23,0.01755776975932239,21,2025_H1,51.88496177665913
A 上游材料,2025-06-24,-0.0011957341297442175,21,2025_H1,51.82292115704231
A 上游材料,2025-06-25,0.00013010708729068983,21,2025_H1,51.82966368636895
A 上游材料,2025-06-26,-0.017644502919315817,21,2025_H1,50.915155034147645
A 上游材料,2025-06-27,-0.009399990533617328,21,2025_H1,50.43655305880901
A 上游材料,2025-06-30,-0.011318461136458687,21,2025_H1,49.86568889315594
A 上游材料,2025-07-01,0.008067578039008658,23,2025_H2,50.267984229770406
A 上游材料,2025-07-02,0.019622515245114516,23,2025_H2,51.25436851666026
A 上游材料,2025-07-03,0.004197339523701027,23,2025_H2,51.46950050339757
A 上游材料,2025-07-04,0.00404675005785394,23,2025_H2,51.67778470753741
A 上游材料,2025-07-07,0.015903838672590705,23,2025_H2,52.49965985848296
A 上游材料,2025-07-08,-0.022503333884032205,23,2025_H2,51.318242483889385
A 上游材料,2025-07-09,0.016500695827431154,23,2025_H2,52.1650291935144
A 上游材料,2025-07-10,-0.030147085266477098,23,2025_H2,50.59240561048926
A 上游材料,2025-07-11,0.013682620410200772,23,2025_H2,51.28464229209649
A 上游材料,2025-07-14,0.016748626305063807,23,2025_H2,52.143589601035686
A 上游材料,2025-07-15,-0.009170675793997508,23,2025_H2,51.66539764606933
A 上游材料,2025-07-16,0.012348336862302484,23,2025_H2,52.303379380327804
A 上游材料,2025-07-17,0.013656261032219487,23,2025_H2,53.01764798201277
A 上游材料,2025-07-18,0.03859550006034194,23,2025_H2,55.063890617901734
A 上游材料,2025-07-21,0.0021702198219178052,23,2025_H2,55.18339136479262
A 上游材料,2025-07-22,0.03654481615708955,23,2025_H2,57.200058257143695
A 上游材料,2025-07-23,-0.005148577891851871,23,2025_H2,56.90555930178832
A 上游材料,2025-07-24,-0.00042662428139213476,23,2025_H2,56.881282008443975
A 上游材料,2025-07-25,-0.02428081742481162,23,2025_H2,55.500157985107734
A 上游材料,2025-07-28,0.00956897505661391,23,2025_H2,56.031237612505365
A 上游材料,2025-07-29,0.012422226788825945,23,2025_H2,56.727270353386494
A 上游材料,2025-07-30,0.011764830652049828,23,2025_H2,57.39465708244713
A 上游材料,2025-07-31,0.006121873259952278,23,2025_H2,57.74601989890429
A 上游材料,2025-08-01,0.022989736068296625,23,2025_H2,59.07358565537471
A 上游材料,2025-08-04,-0.02956142603994106,23,2025_H2,57.32728622210923
A 上游材料,2025-08-05,-0.0015168052910524725,23,2025_H2,57.240331891045855
A 上游材料,2025-08-06,0.01819287155713269,23,2025_H2,58.28169789702729
A 上游材料,2025-08-07,0.010804761287627177,23,2025_H2,58.91141773024228
A 上游材料,2025-08-08,-0.007054820388959113,23,2025_H2,58.49580825929648
A 上游材料,2025-08-11,-0.016144515770877697,23,2025_H2,57.55142176032402
A 上游材料,2025-08-12,-0.00297952199524557,23,2025_H2,57.37994603333148
A 上游材料,2025-08-13,0.008475728677875282,23,2025_H2,57.86628288746114
A 上游材料,2025-08-14,0.01926094571735131,23,2025_H2,58.98084222102142
A 上游材料,2025-08-15,0.00888227577102314,23,2025_H2,59.50472632683575
A 上游材料,2025-08-18,0.015617195046304013,23,2025_H2,60.434023244058885
A 上游材料,2025-08-19,-0.008360429157875594,23,2025_H2,59.92876887400152
A 上游材料,2025-08-20,0.012805365696094204,23,2025_H2,60.696178675149824
A 上游材料,2025-08-21,0.0043890180472001975,23,2025_H2,60.96257529875113
A 上游材料,2025-08-22,-0.0007116352136207051,23,2025_H2,60.91919218345554
A 上游材料,2025-08-25,-0.013793423547769449,23,2025_H2,60.07890796348117
A 上游材料,2025-08-26,0.044591829542857606,23,2025_H2,62.75793638650975
A 上游材料,2025-08-27,0.017970936330299697,23,2025_H2,63.88575526553272
A 上游材料,2025-08-28,0.0036270680929356286,23,2025_H2,64.11747325004943
A 上游材料,2025-08-29,-0.004694635825120551,23,2025_H2,63.81646506311354
A 上游材料,2025-09-01,0.01394852829788473,23,2025_H2,64.70661083191733
A 上游材料,2025-09-02,0.004307057300163782,23,2025_H2,64.98530591246981
A 上游材料,2025-09-03,0.021568619575477496,23,2025_H2,66.38694925369188
A 上游材料,2025-09-04,0.03705455215034103,23,2025_H2,68.84688792691485
A 上游材料,2025-09-05,-0.005176693602211139,23,2025_H2,68.49048868265143
A 上游材料,2025-09-08,-0.0011335833338677864,23,2025_H2,68.4128490061523
A 上游材料,2025-09-09,-0.010597857871946918,23,2025_H2,67.68781935577015
A 上游材料,2025-09-10,-0.013059832000887952,23,2025_H2,66.80382780647733
A 上游材料,2025-09-11,0.04086844567605334,23,2025_H2,69.53399641413876
A 上游材料,2025-09-12,0.03731449065002533,23,2025_H2,72.12862207319303
A 上游材料,2025-09-15,0.01698497192915225,23,2025_H2,73.35372469439464
A 上游材料,2025-09-16,0.02187420792614504,23,2025_H2,74.95827932051704
A 上游材料,2025-09-17,0.017344205101694966,23,2025_H2,76.25837109112223
A 上游材料,2025-09-18,0.007575331807106071,23,2025_H2,76.8360535552069
A 上游材料,2025-09-19,0.02480087652846391,23,2025_H2,78.74165503236404
A 上游材料,2025-09-22,0.007145476779453794,23,2025_H2,79.30430169997355
A 上游材料,2025-09-23,0.039513299352835846,23,2025_H2,82.43787631301221
A 上游材料,2025-09-24,0.02722784673924991,23,2025_H2,84.68248217477213
A 上游材料,2025-09-25,0.004718429200699777,23,2025_H2,85.08205047145334
A 上游材料,2025-09-26,-0.0036943309534068825,23,2025_H2,84.76772921881732
A 上游材料,2025-09-29,0.008667937039645123,23,2025_H2,85.50249055867974
A 上游材料,2025-09-30,0.016763006887631077,23,2025_H2,86.93576939682447
A 上游材料,2025-10-01,0.00029257820702167795,23,2025_H2,86.96120490836066
A 上游材料,2025-10-02,0.00692198295546247,23,2025_H2,87.56314888652281
A 上游材料,2025-10-03,0.012952156792526284,23,2025_H2,88.69728052014838
A 上游材料,2025-10-06,0.0272812208760373,23,2025_H2,91.11705062112239
A 上游材料,2025-10-07,-0.006945335689360577,23,2025_H2,90.48421211753423
A 上游材料,2025-10-08,-0.011584644824104809,23,2025_H2,89.43598465796363
A 上游材料,2025-10-09,0.009913133775877244,23,2025_H2,90.32257553825534
A 上游材料,2025-10-10,-0.007533723904813278,23,2025_H2,89.64211019177849
A 上游材料,2025-10-13,-0.01619333566290395,23,2025_H2,88.19050541191199
A 上游材料,2025-10-14,0.004542942807997137,23,2025_H2,88.59114983420665
A 上游材料,2025-10-15,-0.005602956005103063,23,2025_H2,88.09477751924409
A 上游材料,2025-10-16,-0.00444123785558272,23,2025_H2,87.70352765844649
A 上游材料,2025-10-17,0.005985970391900943,23,2025_H2,88.22851837827523
A 上游材料,2025-10-20,0.04983224010387193,23,2025_H2,92.62514309011034
A 上游材料,2025-10-21,0.017154017968549335,23,2025_H2,94.21403645901756
A 上游材料,2025-10-22,-0.01595748269605955,23,2025_H2,92.71061760249685
A 上游材料,2025-10-23,-0.01837981172524181,23,2025_H2,91.00661390603206
A 上游材料,2025-10-24,-0.019361810140005053,23,2025_H2,89.24456112609872
A 上游材料,2025-10-27,-0.014785470455888319,23,2025_H2,87.92503830422008
A 上游材料,2025-10-28,0.041766659316342006,23,2025_H2,91.59737342444875
A 上游材料,2025-10-29,0.03504827957191509,23,2025_H2,94.80770377628194
A 上游材料,2025-10-30,0.00034561758584800595,23,2025_H2,94.8404709859809
A 上游材料,2025-10-31,0.015099755557596746,23,2025_H2,96.27253891483656
A 上游材料,2025-11-03,-0.004861179865390282,23,2025_H2,95.80454078707376
A 上游材料,2025-11-04,-0.0021758127804229785,23,2025_H2,95.5960880428067
A 上游材料,2025-11-05,0.0013477283721847221,23,2025_H2,95.72492560293186
A 上游材料,2025-11-06,0.007032604952919651,23,2025_H2,96.39812118884491
A 上游材料,2025-11-07,-0.0036988420159449423,23,2025_H2,96.04155976793345
A 上游材料,2025-11-10,-0.0013158114571003303,23,2025_H2,95.91518718323302
A 上游材料,2025-11-11,-0.012328313780955596,23,2025_H2,94.73271465927903
A 上游材料,2025-11-12,-0.0025786511468902226,23,2025_H2,94.48843203597485
A 上游材料,2025-11-13,-0.021757162189431738,23,2025_H2,92.43263189514306
A 上游材料,2025-11-14,0.006036447824422768,23,2025_H2,92.99059665485215
A 上游材料,2025-11-17,0.013473581610978813,23,2025_H2,94.24351304793493
A 上游材料,2025-11-18,0.011046055484175619,23,2025_H2,95.28453212208603
A 上游材料,2025-11-19,-0.022647991609587543,23,2025_H2,93.12652883806155
A 上游材料,2025-11-20,-0.0070890605660576655,23,2025_H2,92.46634923482182
A 上游材料,2025-11-21,-0.00656563024843256,23,2025_H2,91.85924937532354
A 上游材料,2025-11-24,6.386682852203885e-05,23,2025_H2,91.86511613425155
A 上游材料,2025-11-25,-0.0011056481454956302,23,2025_H2,91.76354563896197
A 上游材料,2025-11-26,-0.014387832338578875,23,2025_H2,90.44326712951506
A 上游材料,2025-11-27,-0.0238098733167039,23,2025_H2,88.28982439681249
A 上游材料,2025-11-28,0.00014877313638871786,23,2025_H2,88.30295955089923
A 上游材料,2025-12-01,0.05860107847379668,23,2025_H2,93.47760821300997
A 上游材料,2025-12-02,0.0032314584581528117,23,2025_H2,93.7796772207178
A 上游材料,2025-12-03,0.007021750954652549,23,2025_H2,94.43817475876936
A 上游材料,2025-12-04,0.025220458044499863,23,2025_H2,96.81994878307206
A 上游材料,2025-12-05,0.023151802192353188,23,2025_H2,99.0615050855715
A 上游材料,2025-12-08,-0.0026286975285744916,23,2025_H2,98.80110235197618
A 上游材料,2025-12-09,0.016622443492526583,23,2025_H2,100.44341809282128
A 上游材料,2025-12-10,0.00261541680017071,23,2025_H2,100.70611949596778
A 上游材料,2025-12-11,-0.010754233511686312,23,2025_H2,99.62310237085238
A 上游材料,2025-12-12,0.013811216476097489,23,2025_H2,100.99901860371662
A 上游材料,2025-12-15,0.014403994480241178,23,2025_H2,102.45380791019434
A 上游材料,2025-12-16,0.023369834802988633,23,2025_H2,104.84813647599273
A 上游材料,2025-12-17,0.0018644660093181564,23,2025_H2,105.04362226259255
A 上游材料,2025-12-18,-0.014587582531823535,23,2025_H2,103.51128975339529
A 上游材料,2025-12-19,0.035970093730818116,23,2025_H2,107.23460054802278
A 上游材料,2025-12-22,0.005464280789392089,23,2025_H2,107.82056051575549
A 上游材料,2025-12-23,-0.002200946322276922,23,2025_H2,107.58325324962249
A 上游材料,2025-12-24,-0.011953255411556321,23,2025_H2,106.2972831455236
A 上游材料,2025-12-25,-0.003810462335233092,23,2025_H2,105.89224135175996
A 上游材料,2025-12-26,-0.0005245706643420163,23,2025_H2,105.83669338836542
A 上游材料,2025-12-29,-0.00216735198833424,23,2025_H2,105.60730802051143
A 上游材料,2025-12-30,-0.006117156586503428,23,2025_H2,104.96129158067085
A 上游材料,2025-12-31,-0.016687507479408788,23,2025_H2,103.20974924237001
A 上游材料,2026-01-01,-0.016392005934039184,21,2026_H1,101.51793442033838
A 上游材料,2026-01-02,-0.014952376927344723,21,2026_H1,100.0
A 上游材料,2026-01-05,-0.02483518526873832,21,2026_H1,97.51648147312616
A 上游材料,2026-01-06,0.016977746499785284,21,2026_H1,99.17209157512792
A 上游材料,2026-01-07,0.00885260257499373,21,2026_H1,100.0500226883734
A 上游材料,2026-01-08,0.002187058241703362,21,2026_H1,100.26883791507662
A 上游材料,2026-01-09,-0.008104102491674727,21,2026_H1,99.45624897589173
A 上游材料,2026-01-12,0.00717943453025429,21,2026_H1,100.1702886040388
A 上游材料,2026-01-13,-0.03092113757772768,21,2026_H1,97.07290932891263
A 上游材料,2026-01-14,0.009737445738000297,21,2026_H1,98.01815151613275
A 上游材料,2026-01-15,0.0216822950501228,21,2026_H1,100.14340999757317
A 上游材料,2026-01-16,0.015790548890404973,21,2026_H1,101.72472940919172
A 上游材料,2026-01-19,0.023069578736386542,21,2026_H1,104.07147606373468
A 上游材料,2026-01-20,0.0024118539989345014,21,2026_H1,104.32248126945402
A 上游材料,2026-01-21,-0.014057018424914856,21,2026_H1,102.85601822811648
A 上游材料,2026-01-22,0.019101727910937755,21,2026_H1,104.82074590231242
A 上游材料,2026-01-23,-0.008642848410823481,21,2026_H1,103.91479608516927
A 上游材料,2026-01-26,-0.01228461756507951,21,2026_H1,102.63824255590976
A 上游材料,2026-01-27,-0.0021522866710717643,21,2026_H1,102.41733563451443
A 上游材料,2026-01-28,0.030244347929255955,21,2026_H1,105.51488116743207
A 上游材料,2026-01-29,-0.012185615396498976,21,2026_H1,104.22911740691846
A 上游材料,2026-01-30,0.004680190242834293,21,2026_H1,104.71692950522555
A 上游材料,2026-02-02,-0.014262625234212465,21,2026_H1,103.22339118401507
A 上游材料,2026-02-03,0.011956713470084054,21,2026_H1,104.45760369581274
A 上游材料,2026-02-04,0.016472942140701413,21,2026_H1,106.17832775765018
A 上游材料,2026-02-05,0.014028911383160397,21,2026_H1,107.6678941085744
A 上游材料,2026-02-06,-0.012045362080286053,21,2026_H1,106.37099533961474
A 上游材料,2026-02-09,0.03673500319185299,21,2026_H1,110.27853419293605
A 上游材料,2026-02-10,0.002712712931502639,21,2026_H1,110.57768819870837
A 上游材料,2026-02-11,0.01771961044700774,21,2026_H1,112.53708175772019
A 上游材料,2026-02-12,-0.00570474119375686,21,2026_H1,111.89508683159173
A 上游材料,2026-02-13,0.019267099754421778,21,2026_H1,114.05098063160568
A 上游材料,2026-02-16,0.0275635963812337,21,2026_H1,117.19463582861918
A 上游材料,2026-02-17,-0.0052432877457710934,21,2026_H1,116.58015063070887
A 上游材料,2026-02-18,0.019828594196785315,21,2026_H1,118.8917711289653
A 上游材料,2026-02-19,-0.0066522743789975925,21,2026_H1,118.10087044601043
A 上游材料,2026-02-20,-0.012977342852471811,21,2026_H1,116.56823495905721
A 上游材料,2026-02-23,0.03527977142794653,21,2026_H1,120.68073564417192
A 上游材料,2026-02-24,-0.0029583165879602247,21,2026_H1,120.32372382206852
A 上游材料,2026-02-25,-0.0009829802532246214,21,2026_H1,120.20544797755697
A 上游材料,2026-02-26,-0.0028818144353689127,21,2026_H1,119.85903818236525
A 上游材料,2026-02-27,0.02725351989224835,21,2026_H1,123.12561886373412
A 上游材料,2026-03-02,0.011658409139242055,21,2026_H1,124.5610677039699
A 上游材料,2026-03-03,0.006417532104917287,21,2026_H1,125.3604423549829
A 上游材料,2026-03-04,-0.010708859481853421,21,2026_H1,124.0179749932204
A 上游材料,2026-03-05,-0.025015373001608096,21,2026_H1,120.91561908986088
A 上游材料,2026-03-06,0.00829464632205565,21,2026_H1,121.9185713850237
A 上游材料,2026-03-09,0.011738638531044563,21,2026_H1,123.34972942473382
A 上游材料,2026-03-10,0.03173553845056186,21,2026_H1,127.26429950575886
A 上游材料,2026-03-11,0.02159482561154817,21,2026_H1,130.01254986016153
A 上游材料,2026-03-12,0.015249149302443707,21,2026_H1,131.99513064417056
A 上游材料,2026-03-13,0.003375955386931091,21,2026_H1,132.4407403165174
A 上游材料,2026-03-16,-0.0022270578287276526,21,2026_H1,132.145787128953
A 上游材料,2026-03-17,0.004886679480463113,21,2026_H1,132.79154123534573
A 上游材料,2026-03-18,-0.015688045000877584,21,2026_H1,130.70830156070974
A 上游材料,2026-03-19,-0.017747560336727284,21,2026_H1,128.3885480922499
A 上游材料,2026-03-20,-0.0016076216290166951,21,2026_H1,128.18214788541874
A 上游材料,2026-03-23,-0.027421732063769497,21,2026_H1,124.66717137074632
A 上游材料,2026-03-24,-0.02683981226481952,21,2026_H1,121.3211278955694
A 上游材料,2026-03-25,-0.0016297248150967014,21,2026_H1,121.12340784284245
A 上游材料,2026-03-26,0.02301518029266202,21,2026_H1,123.91108491200711
A 上游材料,2026-03-27,-0.0064851449975775076,21,2026_H1,123.1075035595456
A 上游材料,2026-03-30,0.009245972506114726,21,2026_H1,124.24575215275358
A 上游材料,2026-03-31,0.024025835180802146,21,2026_H1,127.23086011589045
A 上游材料,2026-04-01,0.006521826314596131,21,2026_H1,128.06063768742294
A 上游材料,2026-04-02,0.007904332252226712,21,2026_H1,129.0728715161364
A 上游材料,2026-04-03,-0.002736374312473255,21,2026_H1,128.71967982608246
A 上游材料,2026-04-06,0.030874863301475704,21,2026_H1,132.69388234492246
A 上游材料,2026-04-07,0.006085129169667271,21,2026_H1,133.50134175901596
A 上游材料,2026-04-08,-0.002215257782819983,21,2026_H1,133.20560187266742
A 上游材料,2026-04-09,-0.0178689559573046,21,2026_H1,130.82535683953847
A 上游材料,2026-04-10,0.005986594497814931,21,2026_H1,131.60855520096874
A 上游材料,2026-04-13,0.031662452687190486,21,2026_H1,135.77560485324892
A 上游材料,2026-04-14,0.0008036140800708244,21,2026_H1,135.88471604103913
A 上游材料,2026-04-15,-0.0028160196712272738,21,2026_H1,135.50206200764842
A 上游材料,2026-04-16,-0.013070690455663064,21,2026_H1,133.73095649904238
A 上游材料,2026-04-17,0.0014117312665343522,21,2026_H1,133.9197486716356
A 上游材料,2026-04-20,0.017554628269979996,21,2026_H1,136.27066007757531
A 上游材料,2026-04-21,0.009745719448285088,21,2026_H1,137.59871569972398
A 上游材料,2026-04-22,0.008052412166460896,21,2026_H1,138.70671727211382
A 上游材料,2026-04-23,0.012256413970043522,21,2026_H1,140.40676421942666
A 上游材料,2026-04-24,0.013184734485920925,21,2026_H1,142.2579901256871
A 上游材料,2026-04-27,0.005966154774408862,21,2026_H1,143.10672331267327
A 上游材料,2026-04-28,-0.0031071352546306764,21,2026_H1,142.66207136749375
A 上游材料,2026-04-29,-0.0034425651127302477,21,2026_H1,142.17094789769422
A 上游材料,2026-04-30,0.01172153935688592,21,2026_H1,143.8374102588828
A 上游材料,2026-05-01,0.009848784324359063,21,2026_H1,145.25403389029688
A 上游材料,2026-05-04,0.02157343689963178,21,2026_H1,148.3876626248462
A 上游材料,2026-05-05,-0.028989032933005116,21,2026_H1,144.08604778616285
A 上游材料,2026-05-06,0.0057855981820379215,21,2026_H1,144.9196717622915
A 上游材料,2026-05-07,-0.007886100688399754,21,2026_H1,143.77682063904422
A 上游材料,2026-05-08,-0.012990804720388216,21,2026_H1,141.90904403880413
A 上游材料,2026-05-11,-0.008349739032618838,21,2026_H1,140.7241405547117
A 上游材料,2026-05-12,0.00024805101393030125,21,2026_H1,140.75904732046078
A 上游材料,2026-05-13,-0.015336545679663194,21,2026_H1,138.60028976140464
A 上游材料,2026-05-14,-0.012138045524062098,21,2026_H1,136.9179531346325
A 上游材料,2026-05-15,0.00428733822327751,21,2026_H1,137.50496670855952
A 上游材料,2026-05-18,0.010775871522348775,21,2026_H1,138.9867025634958
A 上游材料,2026-05-19,0.014776218384146993,21,2026_H1,141.0404004330665
A 上游材料,2026-05-20,-0.010762444271526395,21,2026_H1,139.52246098337187
A 上游材料,2026-05-21,-0.00812698438836798,21,2026_H1,138.3885641211333
A 上游材料,2026-05-22,-0.013771462383708608,21,2026_H1,136.48275121600366
A 上游材料,2026-05-25,-0.0074200299776870406,21,2026_H1,135.4700451105437
A 上游材料,2026-05-26,0.008995133457710677,21,2026_H1,136.68861624583516
A 上游材料,2026-05-27,0.02396439006453002,21,2026_H1,139.96427556293122
A 上游材料,2026-05-28,0.009924838756542835,21,2026_H1,141.35339842956967
A 上游材料,2026-05-29,0.0028490408136524806,21,2026_H1,141.75612003084402
A 上游材料,2026-06-01,-0.03457750718062096,21,2026_H1,136.85454677258056
A 上游材料,2026-06-02,-0.02668660900991028,21,2026_H1,133.2023629916322
A 上游材料,2026-06-03,0.014950001738175013,21,2026_H1,135.19373854988612
A 上游材料,2026-06-04,-0.007801033895089036,21,2026_H1,134.13908761305467
A 上游材料,2026-06-05,-0.010975269956691285,21,2026_H1,132.6668749147571
A 上游材料,2026-06-08,0.013899503922566569,21,2026_H1,134.51087866302944
A 上游材料,2026-06-09,-0.01694282891999939,21,2026_H1,132.2318838579629
A 上游材料,2026-06-10,0.003229333732067439,21,2026_H1,132.65890474096028
A 上游材料,2026-06-11,-0.01404414100709541,21,2026_H1,130.7958243769314
A 上游材料,2026-06-12,-0.009583842950352969,21,2026_H1,129.54229773754093
A 上游材料,2026-06-15,0.005858990693405536,21,2026_H1,130.30128485438757
A 上游材料,2026-06-16,0.0068779856598102235,21,2026_H1,131.1974952230709
A 上游材料,2026-06-17,0.002660194029727474,21,2026_H1,131.54650601657855
A 上游材料,2026-06-18,-0.014209236788230979,21,2026_H1,129.67733056392453
A 上游材料,2026-06-19,-0.013405219550788272,21,2026_H1,127.93897747695496
A 上游材料,2026-06-22,0.004080456787674284,21,2026_H1,128.4610269460089
A 上游材料,2026-06-23,-0.004554453902457478,21,2026_H1,127.87595712052094
A 上游材料,2026-06-24,0.009233962281951377,21,2026_H1,129.05675888534026
A 上游材料,2026-06-25,-0.010495602994638576,21,2026_H1,127.70223038030493
A 上游材料,2026-06-26,-0.005414739667049189,21,2026_H1,127.01075604789403
A 上游材料,2026-06-29,0.0038225657313347926,21,2026_H1,127.49626301147367
A 上游材料,2026-06-30,0.01769873600328184,21,2026_H1,129.75278571191873
A 上游材料,2026-07-01,0.01965567588277449,22,2026_H2,132.3031644127593
A 上游材料,2026-07-02,-0.013749654424182172,22,2026_H2,130.4840416228581
A 上游材料,2026-07-03,0.021242847137564386,22,2026_H2,133.25589417294404
A 上游材料,2026-07-06,-0.0094700208549751,22,2026_H2,131.9939580760779
A 上游材料,2026-07-07,-0.004981802731500298,22,2026_H2,131.33639021519298
A 上游材料,2026-07-08,0.009410505572140742,22,2026_H2,132.5723320471379
A 上游材料,2026-07-09,0.015035122331341907,22,2026_H2,134.56557327721788
A 上游材料,2026-07-10,-0.001984815843229937,22,2026_H2,134.29848539542394
A 上游材料,2026-07-13,0.03763915302808739,22,2026_H2,139.35336663866264
A 上游材料,2026-07-14,0.02971823059267465,22,2026_H2,143.49470212229596
A 上游材料,2026-07-15,0.01664880677057818,22,2026_H2,145.88371769053174
A 上游材料,2026-07-16,0.017500101516286927,22,2026_H2,148.43669755968938
A 上游材料,2026-07-17,0.022062413786722527,22,2026_H2,151.71156940238583
A 上游材料,2026-07-20,0.008537984721466269,22,2026_H2,153.00688046401308
A 上游材料,2026-07-21,-0.008377788395732453,22,2026_H2,151.72502119639444
A 上游材料,2026-07-22,-0.015389833736391025,22,2026_H2,149.3899983465315
A 上游材料,2026-07-23,0.019827062618184264,22,2026_H2,152.35196319827864
A 上游材料,2026-07-24,-0.00011587732137947069,22,2026_H2,152.33430906087634
A 上游材料,2026-07-27,-0.026092915474723227,22,2026_H2,148.3594628106505
A 上游材料,2026-07-28,-0.003300350970298432,22,2026_H2,147.86982451361044
A 上游材料,2026-07-29,-4.879119177934161e-05,22,2026_H2,147.8626097686442
A 上游材料,2026-07-30,-0.005520866211687867,22,2026_H2,147.0462800824005
A 上游材料,2026-07-31,0.014833383100961647,22,2026_H2,149.22747388843405
A 上游材料,2026-08-03,0.0005798460123107027,22,2026_H2,149.31400284409546
A 上游材料,2026-08-04,0.015353703763329094,22,2026_H2,151.6065258114806
A 上游材料,2026-08-05,-0.003927291493189996,22,2026_H2,151.01112279234906
A 上游材料,2026-08-06,0.020899064636601024,22,2026_H2,154.167114008432
A 上游材料,2026-08-07,-0.007532810333117753,22,2026_H2,153.00580237900238
A 上游材料,2026-08-10,-0.014639846744368934,22,2026_H2,150.76582088117456
A 上游材料,2026-08-11,-0.024347266114308836,22,2026_H2,147.0950853192384
A 上游材料,2026-08-12,0.005000996291178074,22,2026_H2,147.83070729537042
A 上游材料,2026-08-13,-0.005711082123887679,22,2026_H2,146.98643398557417
A 上游材料,2026-08-14,0.019240262197214468,22,2026_H2,149.8144915148902
B 載板與 PCB,2025-01-02,0.0,20,2025_H1,25.89623693506043
B 載板與 PCB,2025-01-03,-0.02390832180319295,20,2025_H1,25.277101368925273
B 載板與 PCB,2025-01-06,0.0035121318708330697,20,2025_H1,25.365877882245353
B 載板與 PCB,2025-01-07,0.035754463047067704,20,2025_H1,26.27282122564253
B 載板與 PCB,2025-01-08,0.01313691306690168,20,2025_H1,26.617964994106046
B 載板與 PCB,2025-01-09,-0.008586864068829556,20,2025_H1,26.389400146912795
B 載板與 PCB,2025-01-10,0.007545610571828642,20,2025_H1,26.58852428364555
B 載板與 PCB,2025-01-13,0.023525647399787127,20,2025_H1,27.21403653082328
B 載板與 PCB,2025-01-14,0.0015084915521999412,20,2025_H1,27.25508867503128
B 載板與 PCB,2025-01-15,-0.01464331471622065,20,2025_H1,26.8559838339443
B 載板與 PCB,2025-01-16,0.011278725872328041,20,2025_H1,27.158885113639037
B 載板與 PCB,2025-01-17,0.009618414949847012,20,2025_H1,27.420110540237236
B 載板與 PCB,2025-01-20,-0.004861875776286223,20,2025_H1,27.286797369018565
B 載板與 PCB,2025-01-21,0.002971768739955085,20,2025_H1,27.367887420453304
B 載板與 PCB,2025-01-22,-0.016303277110436,20,2025_H1,26.921701167910435
B 載板與 PCB,2025-01-23,0.00022178929747937448,20,2025_H1,26.92767211309942
B 載板與 PCB,2025-01-24,-0.004199433964131397,20,2025_H1,26.814591132252676
B 載板與 PCB,2025-01-27,0.01761270797743251,20,2025_H1,27.286868695399296
B 載板與 PCB,2025-01-28,0.013847574416963987,20,2025_H1,27.66472564026476
B 載板與 PCB,2025-01-29,0.011559304990118197,20,2025_H1,27.98451064140852
B 載板與 PCB,2025-01-30,-0.008929490817265484,20,2025_H1,27.734623210610398
B 載板與 PCB,2025-01-31,-0.0018711980730165437,20,2025_H1,27.682726237102862
B 載板與 PCB,2025-02-03,0.04051255584885028,20,2025_H1,28.804224229831927
B 載板與 PCB,2025-02-04,0.011072907198710782,20,2025_H1,29.123170731659716
B 載板與 PCB,2025-02-05,-0.024211991953022836,20,2025_H1,28.418040756258264
B 載板與 PCB,2025-02-06,0.018773441481683917,20,2025_H1,28.951545181419988
B 載板與 PCB,2025-02-07,0.013901197746051376,20,2025_H1,29.35400633604066
B 載板與 PCB,2025-02-10,0.011732643901228086,20,2025_H1,29.69840643945582
B 載板與 PCB,2025-02-11,0.005623881334044533,20,2025_H1,29.865426753081543
B 載板與 PCB,2025-02-12,0.012918791248137218,20,2025_H1,30.251251966841135
B 載板與 PCB,2025-02-13,0.012040398702507706,20,2025_H1,30.61548910177192
B 載板與 PCB,2025-02-14,-0.02152658739530432,20,2025_H1,29.956442099972644
B 載板與 PCB,2025-02-17,0.010094780502045474,20,2025_H1,30.2588458075941
B 載板與 PCB,2025-02-18,-0.005376921788321603,20,2025_H1,30.096146360281782
B 載板與 PCB,2025-02-19,-0.00946345639193305,20,2025_H1,29.811332791636023
B 載板與 PCB,2025-02-20,0.014399059425992034,20,2025_H1,30.240587944070818
B 載板與 PCB,2025-02-21,0.016240846534345092,20,2025_H1,30.73172069197884
B 載板與 PCB,2025-02-24,-0.01017812893178481,20,2025_H1,30.41892927648028
B 載板與 PCB,2025-02-25,-0.0035251593053070803,20,2025_H1,30.311697704883816
B 載板與 PCB,2025-02-26,0.012069520269305653,20,2025_H1,30.677545354729983
B 載板與 PCB,2025-02-27,0.00880937712331744,20,2025_H1,30.947795420977478
B 載板與 PCB,2025-02-28,-0.020001363805382276,20,2025_H1,30.32879730578796
B 載板與 PCB,2025-03-03,-0.002892117683581936,20,2025_H1,30.241082854778117
B 載板與 PCB,2025-03-04,-0.008450517080475633,20,2025_H1,29.985530067581738
B 載板與 PCB,2025-03-05,0.021774997454793422,20,2025_H1,30.63846490848396
B 載板與 PCB,2025-03-06,0.02846085372872459,20,2025_H1,31.51046177671698
B 載板與 PCB,2025-03-07,0.029664032152256298,20,2025_H1,32.445189127993956
B 載板與 PCB,2025-03-10,-0.0002766777121441511,20,2025_H1,32.436212267295936
B 載板與 PCB,2025-03-11,0.0040196720155323395,20,2025_H1,32.56659520203665
B 載板與 PCB,2025-03-12,0.0024341878651326213,20,2025_H1,32.64586841288614
B 載板與 PCB,2025-03-13,0.0033967246621061176,20,2025_H1,32.756757439240054
B 載板與 PCB,2025-03-14,-0.005454266313822009,20,2025_H1,32.57809336058917
B 載板與 PCB,2025-03-17,-0.013938772130710077,20,2025_H1,32.12399474078292
B 載板與 PCB,2025-03-18,-0.03205083331690188,20,2025_H1,31.094393939873054
B 載板與 PCB,2025-03-19,-0.008778643291392519,20,2025_H1,30.82142734711287
B 載板與 PCB,2025-03-20,-0.009526213820192482,20,2025_H1,30.527815839960745
B 載板與 PCB,2025-03-21,0.0179154954207833,20,2025_H1,31.07473678484808
B 載板與 PCB,2025-03-24,0.009767068227371218,20,2025_H1,31.378245859173294
B 載板與 PCB,2025-03-25,-0.004432058267058195,20,2025_H1,31.239175645207357
B 載板與 PCB,2025-03-26,0.011477746521856763,20,2025_H1,31.59773098481481
B 載板與 PCB,2025-03-27,0.006656235156343749,20,2025_H1,31.80805291265662
B 載板與 PCB,2025-03-28,0.01451309063285153,20,2025_H1,32.269686067432545
B 載板與 PCB,2025-03-31,-0.0073525052480108545,20,2025_H1,32.03242303127008
B 載板與 PCB,2025-04-01,0.037605321512721446,20,2025_H1,33.237012598192486
B 載板與 PCB,2025-04-02,0.038908052705563356,20,2025_H1,34.53020003613844
B 載板與 PCB,2025-04-03,0.011896573193263999,20,2025_H1,34.940991088246406
B 載板與 PCB,2025-04-04,-0.012505885275700184,20,2025_H1,34.50402306227753
B 載板與 PCB,2025-04-07,0.01483367453272814,20,2025_H1,35.015844510453114
B 載板與 PCB,2025-04-08,0.024059424778692252,20,2025_H1,35.85830558751474
B 載板與 PCB,2025-04-09,-0.001025317606272778,20,2025_H1,35.82153943546476
B 載板與 PCB,2025-04-10,0.01491952196517334,20,2025_H1,36.3559796798985
B 載板與 PCB,2025-04-11,0.012310791989186243,20,2025_H1,36.80355058330081
B 載板與 PCB,2025-04-14,0.012295158420802933,20,2025_H1,37.25605606817052
B 載板與 PCB,2025-04-15,-0.012461554976015579,20,2025_H1,36.7917876772875
B 載板與 PCB,2025-04-16,-0.004381055634350981,20,2025_H1,36.630600808586074
B 載板與 PCB,2025-04-17,0.0224321191609076,20,2025_H1,37.45230281085992
B 載板與 PCB,2025-04-18,0.019475544088218843,20,2025_H1,38.18170678545815
B 載板與 PCB,2025-04-21,0.007121146579707362,20,2025_H1,38.4536043161408
B 載板與 PCB,2025-04-22,-0.01690820148171725,20,2025_H1,37.803423026665264
B 載板與 PCB,2025-04-23,-0.02754054089302807,20,2025_H1,36.76229630890295
B 載板與 PCB,2025-04-24,0.002925539344730385,20,2025_H1,36.86984585315727
B 載板與 PCB,2025-04-25,-0.001009315780664701,20,2025_H1,36.83263253590702
B 載板與 PCB,2025-04-28,0.0005174266217277033,20,2025_H1,36.8516907205294
B 載板與 PCB,2025-04-29,0.014067162247808497,20,2025_H1,37.37008943300115
B 載板與 PCB,2025-04-30,-0.009232068817250593,20,2025_H1,37.02508619564887
B 載板與 PCB,2025-05-01,-0.004930939641804534,20,2025_H1,36.84251773038551
B 載板與 PCB,2025-05-02,0.016369120788557283,20,2025_H1,37.44559735326875
B 載板與 PCB,2025-05-05,0.02602838731818608,20,2025_H1,38.42024586454048
B 載板與 PCB,2025-05-06,0.02616970267023723,20,2025_H1,39.42569227533291
B 載板與 PCB,2025-05-07,-0.003148358796191901,20,2025_H1,39.30156605026192
B 載板與 PCB,2025-05-08,0.007749105566482297,20,2025_H1,39.606118034513464
B 載板與 PCB,2025-05-09,-0.0019383001540370405,20,2025_H1,39.52934948982636
B 載板與 PCB,2025-05-12,0.001999897759151805,20,2025_H1,39.608404147291786
B 載板與 PCB,2025-05-13,0.014948607755072087,20,2025_H1,40.200494644694025
B 載板與 PCB,2025-05-14,0.003688957974879269,20,2025_H1,40.34879258000766
B 載板與 PCB,2025-05-15,-0.02148519366340723,20,2025_H1,39.48189095734155
B 載板與 PCB,2025-05-16,0.020793646730143202,20,2025_H1,40.302863450146546
B 載板與 PCB,2025-05-19,0.004091445588753589,20,2025_H1,40.467760423023776
B 載板與 PCB,2025-05-20,0.03903437683050782,20,2025_H1,42.04739423286281
B 載板與 PCB,2025-05-21,0.008186588874459506,20,2025_H1,42.39161896268957
B 載板與 PCB,2025-05-22,0.0006233040425679644,20,2025_H1,42.41804183016002
B 載板與 PCB,2025-05-23,-0.010160352901305342,20,2025_H1,41.98705955578326
B 載板與 PCB,2025-05-26,-0.016575510232853505,20,2025_H1,41.29110262046894
B 載板與 PCB,2025-05-27,-0.007998009913543751,20,2025_H1,40.960855972369274
B 載板與 PCB,2025-05-28,0.014689285096350334,20,2025_H1,41.56254166353795
B 載板與 PCB,2025-05-29,-0.016822407541800265,20,2025_H1,40.86335964920086
B 載板與 PCB,2025-05-30,-0.010082967713575182,20,2025_H1,40.451335713189756
B 載板與 PCB,2025-06-02,-0.014616603568142247,20,2025_H1,39.86007457526823
B 載板與 PCB,2025-06-03,0.01216238681929922,20,2025_H1,40.34486822089876
B 載板與 PCB,2025-06-04,-0.0003679676761811823,20,2025_H1,40.330022613493675
B 載板與 PCB,2025-06-05,-0.004260723359201399,20,2025_H1,40.15818754406724
B 載板與 PCB,2025-06-06,0.035276411844290416,20,2025_H1,41.57482430679201
B 載板與 PCB,2025-06-09,0.02225576657890671,20,2025_H1,42.50010389212302
B 載板與 PCB,2025-06-10,0.03758489448076584,20,2025_H1,44.09746581233005
B 載板與 PCB,2025-06-11,0.017458188301692833,20,2025_H1,44.86732767410917
B 載板與 PCB,2025-06-12,-0.004066417487876223,20,2025_H1,44.68487838822091
B 載板與 PCB,2025-06-13,0.006478138850279909,20,2025_H1,44.974353234927676
B 載板與 PCB,2025-06-16,-0.006564474982564333,20,2025_H1,44.67912021825998
B 載板與 PCB,2025-06-17,0.017014301963592274,20,2025_H1,45.439304261121094
B 載板與 PCB,2025-06-18,0.0068444199243890705,20,2025_H1,45.75030994055629
B 載板與 PCB,2025-06-19,0.02217708229775731,20,2025_H1,46.76491832925592
B 載板與 PCB,2025-06-20,-0.012252992747631144,20,2025_H1,46.19190812412399
B 載板與 PCB,2025-06-23,0.02731739921805971,20,2025_H1,47.45375091899462
B 載板與 PCB,2025-06-24,0.001594128109948587,20,2025_H1,47.52939827725709
B 載板與 PCB,2025-06-25,0.0010614519491250474,20,2025_H1,47.57984844969922
B 載板與 PCB,2025-06-26,-0.011891071092489658,20,2025_H1,47.014073089213966
B 載板與 PCB,2025-06-27,-0.002975580300423114,20,2025_H1,46.874178939487045
B 載板與 PCB,2025-06-30,-0.005723504867659239,20,2025_H1,46.60589434815936
B 載板與 PCB,2025-07-01,0.007347588308299966,19,2025_H2,46.94833527256977
B 載板與 PCB,2025-07-02,0.020312820813807093,19,2025_H2,47.90198839446801
B 載板與 PCB,2025-07-03,0.007843034305040297,19,2025_H2,48.27768533272547
B 載板與 PCB,2025-07-04,0.005601709084075169,19,2025_H2,48.548122881211924
B 載板與 PCB,2025-07-07,-0.0046730779714116415,19,2025_H2,48.32125371762235
B 載板與 PCB,2025-07-08,-0.029184483109197103,19,2025_H2,46.91102290468517
B 載板與 PCB,2025-07-09,0.016087412453122518,19,2025_H2,47.66569987875072
B 載板與 PCB,2025-07-10,-0.01419485181002458,19,2025_H2,46.98909233255075
B 載板與 PCB,2025-07-11,0.0171724527357086,19,2025_H2,47.796010299725324
B 載板與 PCB,2025-07-14,0.03666664998489332,19,2025_H2,49.548529880059704
B 載板與 PCB,2025-07-15,0.007421362371779502,19,2025_H2,49.91624747528858
B 載板與 PCB,2025-07-16,0.015606158931402547,19,2025_H2,50.69524836664715
B 載板與 PCB,2025-07-17,0.011209448318961476,19,2025_H2,51.263514133230004
B 載板與 PCB,2025-07-18,0.049106079234634725,19,2025_H2,53.78086432010221
B 載板與 PCB,2025-07-21,0.01852181774678619,19,2025_H2,54.77698368730378
B 載板與 PCB,2025-07-22,0.04221344669607041,19,2025_H2,57.0893089683593
B 載板與 PCB,2025-07-23,-0.0023341696353066203,19,2025_H2,56.956052836864714
B 載板與 PCB,2025-07-24,0.001528914537729682,19,2025_H2,57.0431337740587
B 載板與 PCB,2025-07-25,-0.010063890543739202,19,2025_H2,56.469057919484705
B 載板與 PCB,2025-07-28,0.021853858371772557,19,2025_H2,57.703124713644534
B 載板與 PCB,2025-07-29,0.013804327909112363,19,2025_H2,58.4996775685721
B 載板與 PCB,2025-07-30,0.00984882858070426,19,2025_H2,59.07583086497144
B 載板與 PCB,2025-07-31,0.00970867818799325,19,2025_H2,59.64937909552776
B 載板與 PCB,2025-08-01,0.02902465216392573,19,2025_H2,61.3806815755696
B 載板與 PCB,2025-08-04,-0.034068729476682276,19,2025_H2,59.28951973987714
B 載板與 PCB,2025-08-05,-0.0020273406379218315,19,2025_H2,59.16931968710561
B 載板與 PCB,2025-08-06,0.030822590316784863,19,2025_H2,60.99307138714415
B 載板與 PCB,2025-08-07,0.009270668193982808,19,2025_H2,61.55851791410627
B 載板與 PCB,2025-08-08,0.0065569110453521096,19,2025_H2,61.96215164015277
B 載板與 PCB,2025-08-11,-0.007589295282921766,19,2025_H2,61.491902574990476
B 載板與 PCB,2025-08-12,-0.009017515304982465,19,2025_H2,60.937398402388006
B 載板與 PCB,2025-08-13,0.007870696039568355,19,2025_H2,61.41701814265527
B 載板與 PCB,2025-08-14,0.02712314321777255,19,2025_H2,63.08284072174705
B 載板與 PCB,2025-08-15,0.01059976126745218,19,2025_H2,63.751503773470276
B 載板與 PCB,2025-08-18,0.018136052671878764,19,2025_H2,64.90770440381742
B 載板與 PCB,2025-08-19,-0.005734645756040394,19,2025_H2,64.53548171222374
B 載板與 PCB,2025-08-20,0.012844557459337304,19,2025_H2,65.3644114152424
B 載板與 PCB,2025-08-21,0.013520877297539488,19,2025_H2,66.24819560161379
B 載板與 PCB,2025-08-22,0.0027144244462170173,19,2025_H2,66.42802132327256
B 載板與 PCB,2025-08-25,-0.01623192007228795,19,2025_H2,65.34976699059297
B 載板與 PCB,2025-08-26,0.04501491386934826,19,2025_H2,68.29148112305649
B 載板與 PCB,2025-08-27,0.020782412073766326,19,2025_H2,69.71074282488367
B 載板與 PCB,2025-08-28,0.005599704403086147,19,2025_H2,70.1011023784226
B 載板與 PCB,2025-08-29,-0.003535020448080608,19,2025_H2,69.85329354808188
B 載板與 PCB,2025-09-01,0.017371160551850312,19,2025_H2,71.06672632538113
B 載板與 PCB,2025-09-02,0.013838139128816351,19,2025_H2,72.05015757170126
B 載板與 PCB,2025-09-03,0.026832565977305545,19,2025_H2,73.98344817841921
B 載板與 PCB,2025-09-04,0.042632989206613105,19,2025_H2,77.13758372607776
B 載板與 PCB,2025-09-05,-0.001545198568321064,19,2025_H2,77.01839084214049
B 載板與 PCB,2025-09-08,0.013051024146602686,19,2025_H2,78.02355972075374
B 載板與 PCB,2025-09-09,-0.002844693125434157,19,2025_H2,77.80160663679422
B 載板與 PCB,2025-09-10,-0.009144582278575033,19,2025_H2,77.09014344349873
B 載板與 PCB,2025-09-11,0.03890933570640813,19,2025_H2,80.08966971439698
B 載板與 PCB,2025-09-12,0.0419596774222766,19,2025_H2,83.45020642046975
B 載板與 PCB,2025-09-15,0.01977517075024807,19,2025_H2,85.10044850157799
B 載板與 PCB,2025-09-16,0.01914012134901341,19,2025_H2,86.72928141275366
B 載板與 PCB,2025-09-17,0.029333915433731227,19,2025_H2,89.27339081934366
B 載板與 PCB,2025-09-18,0.014546641483389605,19,2025_H2,90.57201882959919
B 載板與 PCB,2025-09-19,0.018490228351396652,19,2025_H2,92.24671614000546
B 載板與 PCB,2025-09-22,-0.00849742109895573,19,2025_H2,91.462856947968
B 載板與 PCB,2025-09-23,0.01793249080214925,19,2025_H2,93.10301378892572
B 載板與 PCB,2025-09-24,0.014982727210624441,19,2025_H2,94.4979508470122
B 載板與 PCB,2025-09-25,-0.0016880531343118753,19,2025_H2,94.33843328489884
B 載板與 PCB,2025-09-26,-0.012342152932545444,19,2025_H2,93.17409391387989
B 載板與 PCB,2025-09-29,-0.0007995776996412428,19,2025_H2,93.09959398620208
B 載板與 PCB,2025-09-30,0.009521982908313867,19,2025_H2,93.98608672890967
B 載板與 PCB,2025-10-01,-0.00025214587397722296,19,2025_H2,93.96238852492971
B 載板與 PCB,2025-10-02,-0.010390673199552183,19,2025_H2,92.9860560527178
B 載板與 PCB,2025-10-03,0.002171668097818241,19,2025_H2,93.18799090418945
B 載板與 PCB,2025-10-06,0.023570925670553595,19,2025_H2,95.38451811118031
B 載板與 PCB,2025-10-07,-0.019143595451706512,19,2025_H2,93.5585154841039
B 載板與 PCB,2025-10-08,-0.022464057284381975,19,2025_H2,91.45681163282725
B 載板與 PCB,2025-10-09,-0.0015159196022554145,19,2025_H2,91.31817045931328
B 載板與 PCB,2025-10-10,-0.01773451332484355,19,2025_H2,89.69868714850224
B 載板與 PCB,2025-10-13,-0.024551012319758914,19,2025_H2,87.49649357525317
B 載板與 PCB,2025-10-14,-0.005486550748807137,19,2025_H2,87.01643962290987
B 載板與 PCB,2025-10-15,-0.014074178576071973,19,2025_H2,85.79175471260307
B 載板與 PCB,2025-10-16,-0.010305980564776098,19,2025_H2,84.90758655591694
B 載板與 PCB,2025-10-17,-0.0048602400817988525,19,2025_H2,84.49491530048905
B 載板與 PCB,2025-10-20,0.02853167895177594,19,2025_H2,86.90569709690011
B 載板與 PCB,2025-10-21,0.01565304116722046,19,2025_H2,88.26603555122388
B 載板與 PCB,2025-10-22,-0.01952253615211154,19,2025_H2,86.54285868117154
B 載板與 PCB,2025-10-23,-0.009992306085207351,19,2025_H2,85.67809594774043
B 載板與 PCB,2025-10-24,-0.017597140243815024,19,2025_H2,84.170406477525
B 載板與 PCB,2025-10-27,-0.016763166371586983,19,2025_H2,82.75944395017814
B 載板與 PCB,2025-10-28,0.04329169444502996,19,2025_H2,86.34224051010983
B 載板與 PCB,2025-10-29,0.028080798015397795,19,2025_H2,88.76679952607114
B 載板與 PCB,2025-10-30,-0.0012697012776558738,19,2025_H2,88.65409220729944
B 載板與 PCB,2025-10-31,0.015248957357238037,19,2025_H2,90.00597467891322
B 載板與 PCB,2025-11-03,0.0006751529836382844,19,2025_H2,90.06674248126293
B 載板與 PCB,2025-11-04,0.008911136389642233,19,2025_H2,90.86933950768424
B 載板與 PCB,2025-11-05,0.013674832597820891,19,2025_H2,92.11196251372638
B 載板與 PCB,2025-11-06,0.004435285045469972,19,2025_H2,92.5205053235724
B 載板與 PCB,2025-11-07,-0.01443642878589237,19,2025_H2,91.18483963723386
B 載板與 PCB,2025-11-10,0.008384498701269831,19,2025_H2,91.94937880674775
B 載板與 PCB,2025-11-11,-0.011769988691025086,19,2025_H2,90.86713565804556
B 載板與 PCB,2025-11-12,-0.007156259981319022,19,2025_H2,90.2168668115188
B 載板與 PCB,2025-11-13,-0.022063565448091942,19,2025_H2,88.22636106610105
B 載板與 PCB,2025-11-14,0.008564488067384189,19,2025_H2,88.9819746826804
B 載板與 PCB,2025-11-17,0.022110650728205894,19,2025_H2,90.94942404599522
B 載板與 PCB,2025-11-18,0.014330300095563886,19,2025_H2,92.25275658609301
B 載板與 PCB,2025-11-19,-0.01240094553854889,19,2025_H2,91.10873517588787
B 載板與 PCB,2025-11-20,0.0019712955946586,19,2025_H2,91.28833742417504
B 載板與 PCB,2025-11-21,-0.00011917742685784767,19,2025_H2,91.27745791501869
B 載板與 PCB,2025-11-24,7.036167646037221e-05,19,2025_H2,91.28388034998063
B 載板與 PCB,2025-11-25,-0.006053039422044948,19,2025_H2,90.73133542362496
B 載板與 PCB,2025-11-26,-0.02181926807851783,19,2025_H2,88.75164409289495
B 載板與 PCB,2025-11-27,-0.030701022458456496,19,2025_H2,86.02687787437405
B 載板與 PCB,2025-11-28,-0.005327947346909824,19,2025_H2,85.56853119864036
B 載板與 PCB,2025-12-01,0.059046750675141556,19,2025_H2,90.62107492596454
B 載板與 PCB,2025-12-02,-0.006223237757226586,19,2025_H2,90.05711843088481
B 載板與 PCB,2025-12-03,0.010075239523434953,19,2025_H2,90.96446546986633
B 載板與 PCB,2025-12-04,0.016987490016924626,19,2025_H2,92.50972341893056
B 載板與 PCB,2025-12-05,0.01448537273740433,19,2025_H2,93.84976124448796
B 載板與 PCB,2025-12-08,-0.0007271390484278727,19,2025_H2,93.78151941840146
B 載板與 PCB,2025-12-09,0.020208664108407794,19,2025_H2,95.67671864390407
B 載板與 PCB,2025-12-10,0.0027233646093241318,19,2025_H2,95.93728123339513
B 載板與 PCB,2025-12-11,-0.014865540885482139,19,2025_H2,94.51112165677809
B 載板與 PCB,2025-12-12,0.02091585914420338,19,2025_H2,96.48790296491194
B 載板與 PCB,2025-12-15,0.015428169356922596,19,2025_H2,97.97653467274891
B 載板與 PCB,2025-12-16,0.024612768634097157,19,2025_H2,100.38800845221988
B 載板與 PCB,2025-12-17,0.006021938744112151,19,2025_H2,100.99253888976256
B 載板與 PCB,2025-12-18,-0.015176396709245856,19,2025_H2,99.45983605489756
B 載板與 PCB,2025-12-19,0.0358337302663426,19,2025_H2,103.02385299242343
B 載板與 PCB,2025-12-22,0.014636292863006974,19,2025_H2,104.53174027669591
B 載板與 PCB,2025-12-23,0.004389729631888601,19,2025_H2,104.9906063544614
B 載板與 PCB,2025-12-24,-0.011001906643174221,19,2025_H2,103.83550950493935
B 載板與 PCB,2025-12-25,-0.006940369192735392,19,2025_H2,103.11485273365929
B 載板與 PCB,2025-12-26,0.005245636784296148,19,2025_H2,103.65575579816625
B 載板與 PCB,2025-12-29,0.004781644089758537,19,2025_H2,104.15140073024801
B 載板與 PCB,2025-12-30,0.006931021037652786,19,2025_H2,104.87327627981037
B 載板與 PCB,2025-12-31,-0.013213291485538346,19,2025_H2,103.48755511128184
B 載板與 PCB,2026-01-01,-0.01858047132750019,20,2026_H1,101.56470756078359
B 載板與 PCB,2026-01-02,-0.015406016502800799,20,2026_H1,100.00000000000001
B 載板與 PCB,2026-01-05,-0.024210760595401757,20,2026_H1,97.57892394045984
B 載板與 PCB,2026-01-06,0.014438354741473824,20,2026_H1,98.9878030596035
B 載板與 PCB,2026-01-07,0.008577925366103793,20,2026_H1,99.83691304640337
B 載板與 PCB,2026-01-08,0.006805464012745195,20,2026_H1,100.51634956528424
B 載板與 PCB,2026-01-09,-0.009092857159867915,20,2026_H1,99.60236875645576
B 載板與 PCB,2026-01-12,0.003967457066679073,20,2026_H1,99.99753687823652
B 載板與 PCB,2026-01-13,-0.027363008662536846,20,2026_H1,97.261303410405
B 載板與 PCB,2026-01-14,0.009367335296587688,20,2026_H1,98.17238265083341
B 載板與 PCB,2026-01-15,0.016159125139053963,20,2026_H1,99.75876246728733
B 載板與 PCB,2026-01-16,0.008971865423103128,20,2026_H1,100.65378465891914
B 載板與 PCB,2026-01-19,0.011795515500176258,20,2026_H1,101.84104793601482
B 載板與 PCB,2026-01-20,0.0040004996065054295,20,2026_H1,102.24846300820896
B 載板與 PCB,2026-01-21,-0.009081680628562745,20,2026_H1,101.319875122407
B 載板與 PCB,2026-01-22,0.016844205097350858,20,2026_H1,103.02652787940681
B 載板與 PCB,2026-01-23,-0.007414922693829156,20,2026_H1,102.26259413976737
B 載板與 PCB,2026-01-26,-0.0036089229742275594,20,2026_H1,101.89353631437226
B 載板與 PCB,2026-01-27,0.0023996151033887246,20,2026_H1,102.13804158304991
B 載板與 PCB,2026-01-28,0.035697288840760115,20,2026_H1,105.7840927550696
B 載板與 PCB,2026-01-29,-0.013711555637138478,20,2026_H1,104.33362828173425
B 載板與 PCB,2026-01-30,-0.0017089825505551476,20,2026_H1,104.15532393156465
B 載板與 PCB,2026-02-02,-0.014004717654681942,20,2026_H1,102.69665802767116
B 載板與 PCB,2026-02-03,0.011655831623396114,20,2026_H1,103.89367298192718
B 載板與 PCB,2026-02-04,0.021154723738679687,20,2026_H1,106.09151493205658
B 載板與 PCB,2026-02-05,0.015814132735311754,20,2026_H1,107.76926023128246
B 載板與 PCB,2026-02-06,-0.007717272511169189,20,2026_H1,106.93757548175054
B 載板與 PCB,2026-02-09,0.034801307500010786,20,2026_H1,110.65914292939657
B 載板與 PCB,2026-02-10,0.0011717172668027124,20,2026_H1,110.78880415789651
B 載板與 PCB,2026-02-11,0.015550873070759247,20,2026_H1,112.51166678901716
B 載板與 PCB,2026-02-12,0.0026589760367982853,20,2026_H1,112.81083261486938
B 載板與 PCB,2026-02-13,0.02299618415234335,20,2026_H1,115.4050512960601
B 載板與 PCB,2026-02-16,0.02636155661318432,20,2026_H1,118.44730808924861
B 載板與 PCB,2026-02-17,0.004654992359119146,20,2026_H1,118.99867940336229
B 載板與 PCB,2026-02-18,0.029053770155333145,20,2026_H1,122.45603968353574
B 載板與 PCB,2026-02-19,-0.0006287928147980413,20,2026_H1,122.37904020565412
B 載板與 PCB,2026-02-20,-0.013107372336715276,20,2026_H1,120.77497255946875
B 載板與 PCB,2026-02-23,0.02843240810921251,20,2026_H1,124.2088958686585
B 載板與 PCB,2026-02-24,-0.007175044949075105,20,2026_H1,123.31769145772589
B 載板與 PCB,2026-02-25,0.002907526698399217,20,2026_H1,123.67624093802418
B 載板與 PCB,2026-02-26,0.0045854009341959575,20,2026_H1,124.24334608875924
B 載板與 PCB,2026-02-27,0.03815516780764504,20,2026_H1,128.98387180775916
B 載板與 PCB,2026-03-02,0.02086504476842591,20,2026_H1,131.67512606743298
B 載板與 PCB,2026-03-03,0.0071373739195015225,20,2026_H1,132.61494067807376
B 載板與 PCB,2026-03-04,-0.018866064949493437,20,2026_H1,130.113018593968
B 載板與 PCB,2026-03-05,-0.01704367338248409,20,2026_H1,127.89541480224332
B 載板與 PCB,2026-03-06,0.014219955254010647,20,2026_H1,129.71408187792434
B 載板與 PCB,2026-03-09,0.010196956787977381,20,2026_H1,131.0367707656257
B 載板與 PCB,2026-03-10,0.02792246319763656,20,2026_H1,134.695640174866
B 載板與 PCB,2026-03-11,0.020099714411188453,20,2026_H1,137.40298407481305
B 載板與 PCB,2026-03-12,0.016192609573401663,20,2026_H1,139.6278969501568
B 載板與 PCB,2026-03-13,0.0046838550388838196,20,2026_H1,140.28189377885556
B 載板與 PCB,2026-03-16,-0.010038981416928015,20,2026_H1,138.87360645407819
B 載板與 PCB,2026-03-17,-0.0062145627407618805,20,2026_H1,138.01056771373342
B 載板與 PCB,2026-03-18,-0.018583258718252258,20,2026_H1,135.44588162805624
B 載板與 PCB,2026-03-19,-0.009248870271636268,20,2026_H1,134.19316024005096
B 載板與 PCB,2026-03-20,-0.0018710889217590338,20,2026_H1,133.94207290454995
B 載板與 PCB,2026-03-23,-0.03327227791683194,20,2026_H1,129.4855150301132
B 載板與 PCB,2026-03-24,-0.028759008710672072,20,2026_H1,125.76163997545632
B 載板與 PCB,2026-03-25,0.0020067202945810267,20,2026_H1,126.01400841067486
B 載板與 PCB,2026-03-26,0.025543878139019396,20,2026_H1,129.23289488532652
B 載板與 PCB,2026-03-27,-0.0058267677553268124,20,2026_H1,128.47988482048112
B 載板與 PCB,2026-03-30,0.009795587102916956,20,2026_H1,129.7384207232129
B 載板與 PCB,2026-03-31,0.017866100449841077,20,2026_H1,132.05634038005755
B 載板與 PCB,2026-04-01,0.010082137302697301,20,2026_H1,133.38775053546104
B 載板與 PCB,2026-04-02,-0.001786673040832671,20,2026_H1,133.14943023760202
B 載板與 PCB,2026-04-03,-0.012003157617998096,20,2026_H1,131.55121663971343
B 載板與 PCB,2026-04-06,0.021549285538243503,20,2026_H1,134.38605136998595
B 載板與 PCB,2026-04-07,0.009353233414272957,20,2026_H1,135.6429954760719
B 載板與 PCB,2026-04-08,-0.0058867062853990544,20,2026_H1,134.84450500203258
B 載板與 PCB,2026-04-09,-0.01581635054966478,20,2026_H1,132.7117570412244
B 載板與 PCB,2026-04-10,0.00655193165651077,20,2026_H1,133.58127540337395
B 載板與 PCB,2026-04-13,0.02753493770790785,20,2026_H1,137.25942750054875
B 載板與 PCB,2026-04-14,-0.00040554812536956763,20,2026_H1,137.20376219703658
B 載板與 PCB,2026-04-15,-8.304613654590577e-05,20,2026_H1,137.1923679546666
B 載板與 PCB,2026-04-16,-0.011927591601249716,20,2026_H1,135.5559934188949
B 載板與 PCB,2026-04-17,-0.0008353293502074838,20,2026_H1,135.4427595189956
B 載板與 PCB,2026-04-20,0.014597160319202714,20,2026_H1,137.4198391937696
B 載板與 PCB,2026-04-21,0.005879728492568925,20,2026_H1,138.22783053772145
B 載板與 PCB,2026-04-22,0.0011211483596446547,20,2026_H1,138.38280444318605
B 載板與 PCB,2026-04-23,0.007958149225277898,20,2026_H1,139.48407545115734
B 載板與 PCB,2026-04-24,0.010195928725720244,20,2026_H1,140.90624514283036
B 載板與 PCB,2026-04-27,0.01346934401112285,20,2026_H1,142.80415983197474
B 載板與 PCB,2026-04-28,-0.0022897946020178058,20,2026_H1,142.4771676376458
B 載板與 PCB,2026-04-29,0.005056124900210618,20,2026_H1,143.19754999264998
B 載板與 PCB,2026-04-30,0.014370911277037785,20,2026_H1,145.25542927868355
B 載板與 PCB,2026-05-01,0.01597326165770838,20,2026_H1,147.5756322577547
B 載板與 PCB,2026-05-04,0.022396099194034774,20,2026_H1,150.8807507564218
B 載板與 PCB,2026-05-05,-0.023622182108174194,20,2026_H1,147.31661818543557
B 載板與 PCB,2026-05-06,0.013802000079957182,20,2026_H1,149.34988216140997
B 載板與 PCB,2026-05-07,-0.007208466044534624,20,2026_H1,148.2732986070942
B 載板與 PCB,2026-05-08,-0.007984639084743332,20,2026_H1,147.08938983181216
B 載板與 PCB,2026-05-11,-0.002049093930369149,20,2026_H1,146.7879898558861
B 載板與 PCB,2026-05-12,0.0037385824646982394,20,2026_H1,147.33676886078965
B 載板與 PCB,2026-05-13,-0.021871054834925015,20,2026_H1,144.11435830983464
B 載板與 PCB,2026-05-14,-0.015052086002564627,20,2026_H1,141.94513659435063
B 載板與 PCB,2026-05-15,-0.00560458408688264,20,2026_H1,141.14959314058353
B 載板與 PCB,2026-05-18,0.011543834763799214,20,2026_H1,142.7790007207759
B 載板與 PCB,2026-05-19,0.013151080216712036,20,2026_H1,144.65669881251682
B 載板與 PCB,2026-05-20,-0.017835601803056704,20,2026_H1,142.07665953435207
B 載板與 PCB,2026-05-21,-0.024359714062518325,20,2026_H1,138.6157127331375
B 載板與 PCB,2026-05-22,-0.0177057385092817,20,2026_H1,136.16141917020687
B 載板與 PCB,2026-05-25,-0.008356014805873554,20,2026_H1,135.02365233563185
B 載板與 PCB,2026-05-26,0.0011685037910633802,20,2026_H1,135.18142798526927
B 載板與 PCB,2026-05-27,0.029145961163136086,20,2026_H1,139.1214206353052
B 載板與 PCB,2026-05-28,0.01135529241809443,20,2026_H1,140.7011850482398
B 載板與 PCB,2026-05-29,0.0014810654515661791,20,2026_H1,140.90957271240922
B 載板與 PCB,2026-06-01,-0.03308422395039878,20,2026_H1,136.24768885203687
B 載板與 PCB,2026-06-02,-0.027044987436266557,20,2026_H1,132.56287181881316
B 載板與 PCB,2026-06-03,0.015515802129185548,20,2026_H1,134.61969110763044
B 載板與 PCB,2026-06-04,-0.00770294883795564,20,2026_H1,133.58272251444697
B 載板與 PCB,2026-06-05,-0.015050664911288024,20,2026_H1,131.57221371994447
B 載板與 PCB,2026-06-08,0.012417963416269313,20,2026_H1,133.2060726565163
B 載板與 PCB,2026-06-09,-0.018730002276283953,20,2026_H1,130.7111226124449
B 載板與 PCB,2026-06-10,0.006150560737978573,20,2026_H1,131.51506931120215
B 載板與 PCB,2026-06-11,-0.011514396722159436,20,2026_H1,130.00075262821065
B 載板與 PCB,2026-06-12,-0.010815230103250957,20,2026_H1,128.59476457494077
B 載板與 PCB,2026-06-15,-0.0012388139234706874,20,2026_H1,128.43545959009987
B 載板與 PCB,2026-06-16,-0.001147790332032693,20,2026_H1,128.28804261129218
B 載板與 PCB,2026-06-17,-0.0002410395916542073,20,2026_H1,128.25712011388703
B 載板與 PCB,2026-06-18,-0.015284901783657436,20,2026_H1,126.2967226298915
B 載板與 PCB,2026-06-19,-0.016592270060037835,20,2026_H1,124.20117330031864
B 載板與 PCB,2026-06-22,-0.003123920805594936,20,2026_H1,123.81317867096648
B 載板與 PCB,2026-06-23,-0.006485663655660131,20,2026_H1,123.01016803796841
B 載板與 PCB,2026-06-24,0.0034916684105697937,20,2026_H1,123.43967875588545
B 載板與 PCB,2026-06-25,-0.017533154418524502,20,2026_H1,121.27539180688545
B 載板與 PCB,2026-06-26,-0.01022199597556307,20,2026_H1,120.03571523990064
B 載板與 PCB,2026-06-29,0.00018326842666668733,20,2026_H1,120.05771399657645
B 載板與 PCB,2026-06-30,0.01587436430144861,20,2026_H1,121.96355388575722
B 載板與 PCB,2026-07-01,0.022480756659458704,17,2026_H2,124.70538686198572
B 載板與 PCB,2026-07-02,-0.009346884394222514,17,2026_H2,123.53978002764994
B 載板與 PCB,2026-07-03,0.028649287216098315,17,2026_H2,127.07910666827568
B 載板與 PCB,2026-07-06,-0.009435029773230073,17,2026_H2,125.88011151330502
B 載板與 PCB,2026-07-07,0.0006213717775304204,17,2026_H2,125.95832986195178
B 載板與 PCB,2026-07-08,0.005643265748262132,17,2026_H2,126.66914619057002
B 載板與 PCB,2026-07-09,0.014988910260753642,17,2026_H2,128.56777865562677
B 載板與 PCB,2026-07-10,0.0044196155504411215,17,2026_H2,129.13599880945884
B 載板與 PCB,2026-07-13,0.035977045291979766,17,2026_H2,133.7819304874518
B 載板與 PCB,2026-07-14,0.037654028064851304,17,2026_H2,138.81935905259633
B 載板與 PCB,2026-07-15,0.020619800940270855,17,2026_H2,141.68178660291684
B 載板與 PCB,2026-07-16,0.00787836177758147,17,2026_H2,142.79800697506872
B 載板與 PCB,2026-07-17,0.016229293849461826,17,2026_H2,145.11551779138463
B 載板與 PCB,2026-07-20,0.014781882529137567,17,2026_H2,147.26059832853184
B 載板與 PCB,2026-07-21,-0.005355345805767449,17,2026_H2,146.47196690091832
B 載板與 PCB,2026-07-22,-0.018649717167767907,17,2026_H2,143.74030614520956
B 載板與 PCB,2026-07-23,0.018066627791629715,17,2026_H2,146.33720875498997
B 載板與 PCB,2026-07-24,-0.0017260590412369234,17,2026_H2,146.08462209274904
B 載板與 PCB,2026-07-27,-0.02910360341910654,17,2026_H2,141.8330331857316
B 載板與 PCB,2026-07-28,0.007095297911921674,17,2026_H2,142.83938080993585
B 載板與 PCB,2026-07-29,0.002814392599680561,17,2026_H2,143.24138690623028
B 載板與 PCB,2026-07-30,-0.0005466805391187897,17,2026_H2,143.16307962761226
B 載板與 PCB,2026-07-31,0.018718774742331662,17,2026_H2,145.84291706658001
B 載板與 PCB,2026-08-03,-0.0023759316898879492,17,2026_H2,145.49640425817586
B 載板與 PCB,2026-08-04,0.011836239744730356,17,2026_H2,147.2185345809718
B 載板與 PCB,2026-08-05,-0.021056538466496914,17,2026_H2,144.11862184458627
B 載板與 PCB,2026-08-06,0.015164204522716808,17,2026_H2,146.30406610176962
B 載板與 PCB,2026-08-07,-0.009221985971025104,17,2026_H2,144.95485205667518
B 載板與 PCB,2026-08-10,-0.02309190744686094,17,2026_H2,141.607568029009
B 載板與 PCB,2026-08-11,-0.025117794572695196,17,2026_H2,138.0506982253174
B 載板與 PCB,2026-08-12,-0.001298370068320122,17,2026_H2,137.87145733083096
B 載板與 PCB,2026-08-13,-0.008279188702067454,17,2026_H2,136.72999351896
B 載板與 PCB,2026-08-14,0.02860499721994132,17,2026_H2,140.64115460345243
C 半導體製造與封裝,2025-01-02,0.0,34,2025_H1,65.73847482424358
C 半導體製造與封裝,2025-01-03,-0.021614835673321675,34,2025_H1,64.31754849350276
C 半導體製造與封裝,2025-01-06,0.007416114774766571,34,2025_H1,64.7945348151622
C 半導體製造與封裝,2025-01-07,0.0419791865504916,34,2025_H1,67.5145566796202
C 半導體製造與封裝,2025-01-08,0.013502886419561556,34,2025_H1,68.42619807013217
C 半導體製造與封裝,2025-01-09,-0.014335027027805506,34,2025_H1,67.44530667138686
C 半導體製造與封裝,2025-01-10,0.007841717069572101,34,2025_H1,67.97419368397439
C 半導體製造與封裝,2025-01-13,0.00949958137370166,34,2025_H1,68.61992006818706
C 半導體製造與封裝,2025-01-14,-0.0054226699844762425,34,2025_H1,68.24781688729614
C 半導體製造與封裝,2025-01-15,-0.011538224554516049,34,2025_H1,67.46035825069502
C 半導體製造與封裝,2025-01-16,0.009996840428820935,34,2025_H1,68.13474868739831
C 半導體製造與封裝,2025-01-17,0.011337404382882338,34,2025_H1,68.90721988579341
C 半導體製造與封裝,2025-01-20,-0.003490050193896458,34,2025_H1,68.66673022967014
C 半導體製造與封裝,2025-01-21,0.00448970397000358,34,2025_H1,68.97502352098945
C 半導體製造與封裝,2025-01-22,-0.012518992966642935,34,2025_H1,68.11152568665615
C 半導體製造與封裝,2025-01-23,-0.005965528174998049,34,2025_H1,67.7052044611303
C 半導體製造與封裝,2025-01-24,-0.013337363870433029,34,2025_H1,66.80219551331014
C 半導體製造與封裝,2025-01-27,0.01223679244123747,34,2025_H1,67.61964011442548
C 半導體製造與封裝,2025-01-28,0.015154303592395807,34,2025_H1,68.64436866952802
C 半導體製造與封裝,2025-01-29,0.013309830858060992,34,2025_H1,69.55801360587782
C 半導體製造與封裝,2025-01-30,-0.011952302789878359,34,2025_H1,68.72663516579789
C 半導體製造與封裝,2025-01-31,-0.01018550474472256,34,2025_H1,68.02661969722783
C 半導體製造與封裝,2025-02-03,0.03787613258866,34,2025_H1,70.60320496443838
C 半導體製造與封裝,2025-02-04,0.015521746298214952,34,2025_H1,71.69908999973725
C 半導體製造與封裝,2025-02-05,-0.022420195537652596,34,2025_H1,70.0915823820714
C 半導體製造與封裝,2025-02-06,0.016257458735545155,34,2025_H1,71.23109339035696
C 半導體製造與封裝,2025-02-07,0.014651547131192417,34,2025_H1,72.27473911237215
C 半導體製造與封裝,2025-02-10,0.015167495704351363,34,2025_H1,73.37096590739216
C 半導體製造與封裝,2025-02-11,0.008707751792859769,34,2025_H1,74.0098620673161
C 半導體製造與封裝,2025-02-12,0.009867394147554321,34,2025_H1,74.74014654714044
C 半導體製造與封裝,2025-02-13,0.0037323886897384926,34,2025_H1,75.0191058247824
C 半導體製造與封裝,2025-02-14,-0.020438978656325765,34,2025_H1,73.48579192201304
C 半導體製造與封裝,2025-02-17,0.00821082107240623,34,2025_H1,74.08917061084875
C 半導體製造與封裝,2025-02-18,-0.006442072811320457,34,2025_H1,73.61188277924333
C 半導體製造與封裝,2025-02-19,-0.018175776749811648,34,2025_H1,72.2739296317145
C 半導體製造與封裝,2025-02-20,0.005457618039857544,34,2025_H1,72.66837313388393
C 半導體製造與封裝,2025-02-21,0.023733773061906424,34,2025_H1,74.39306781062147
C 半導體製造與封裝,2025-02-24,-0.0036015927979471682,34,2025_H1,74.12513427337755
C 半導體製造與封裝,2025-02-25,-0.00782539359962571,34,2025_H1,73.54507592206328
C 半導體製造與封裝,2025-02-26,0.008786328754070276,34,2025_H1,74.19126713735758
C 半導體製造與封裝,2025-02-27,0.005065142107359037,34,2025_H1,74.56705644853334
C 半導體製造與封裝,2025-02-28,-0.021075672677555713,34,2025_H1,72.99550557429522
C 半導體製造與封裝,2025-03-03,0.002079460275995736,34,2025_H1,73.1472968284632
C 半導體製造與封裝,2025-03-04,-0.016101709131574934,34,2025_H1,71.96950033117031
C 半導體製造與封裝,2025-03-05,0.018696336354774457,34,2025_H1,73.31506631664692
C 半導體製造與封裝,2025-03-06,0.02711055043549083,34,2025_H1,75.30267811970575
C 半導體製造與封裝,2025-03-07,0.032551827272762866,34,2025_H1,77.75391789103486
C 半導體製造與封裝,2025-03-10,0.0022442650973341343,34,2025_H1,77.9284182951387
C 半導體製造與封裝,2025-03-11,0.012520001750990481,34,2025_H1,78.90408222864576
C 半導體製造與封裝,2025-03-12,-0.0014368761078613307,34,2025_H1,78.79070683807869
C 半導體製造與封裝,2025-03-13,-0.0005396659033367937,34,2025_H1,78.74818618009837
C 半導體製造與封裝,2025-03-14,-0.006609776344061252,34,2025_H1,78.22767828194743
C 半導體製造與封裝,2025-03-17,-0.011155152718416009,34,2025_H1,77.35503658390519
C 半導體製造與封裝,2025-03-18,-0.03921034001998214,34,2025_H1,74.3219192971921
C 半導體製造與封裝,2025-03-19,-0.014002318031952041,34,2025_H1,73.28124014644774
C 半導體製造與封裝,2025-03-20,-0.005797852065261493,34,2025_H1,72.85636635691974
C 半導體製造與封裝,2025-03-21,0.01974022785654842,34,2025_H1,74.2945676296055
C 半導體製造與封裝,2025-03-24,-0.001911093980282652,34,2025_H1,74.15258372864086
C 半導體製造與封裝,2025-03-25,-0.010539601984646992,34,2025_H1,73.37104501000778
C 半導體製造與封裝,2025-03-26,0.009768952572315321,34,2025_H1,74.08780326889175
C 半導體製造與封裝,2025-03-27,0.003918181322606137,34,2025_H1,74.37809271589283
C 半導體製造與封裝,2025-03-28,0.012254837080757974,34,2025_H1,75.28958412450362
C 半導體製造與封裝,2025-03-31,-0.0008885543067804891,34,2025_H1,75.22268524027407
C 半導體製造與封裝,2025-04-01,0.041786693811321836,34,2025_H1,78.36599255607486
C 半導體製造與封裝,2025-04-02,0.03127791768605659,34,2025_H1,80.81711762062989
C 半導體製造與封裝,2025-04-03,0.008036554804532045,34,2025_H1,81.4666088155324
C 半導體製造與封裝,2025-04-04,-0.011912673653753479,34,2025_H1,80.49612369103497
C 半導體製造與封裝,2025-04-07,0.011068789084108717,34,2025_H1,81.38711830625938
C 半導體製造與封裝,2025-04-08,0.024140777997709258,34,2025_H1,83.35186666116407
C 半導體製造與封裝,2025-04-09,-0.000604829386539147,34,2025_H1,83.30145300278451
C 半導體製造與封裝,2025-04-10,0.01791309128252329,34,2025_H1,84.79363953439022
C 半導體製造與封裝,2025-04-11,-0.001370101434362165,34,2025_H1,84.67746364723935
C 半導體製造與封裝,2025-04-14,0.007047709127474443,34,2025_H1,85.2742457806774
C 半導體製造與封裝,2025-04-15,-0.012246237884548572,34,2025_H1,84.22995708142176
C 半導體製造與封裝,2025-04-16,-0.001958097877462775,34,2025_H1,84.06502658124184
C 半導體製造與封裝,2025-04-17,0.021171448584909634,34,2025_H1,85.84480496929568
C 半導體製造與封裝,2025-04-18,0.01850070283364654,34,2025_H1,87.43299419584498
C 半導體製造與封裝,2025-04-21,0.00411282602054358,34,2025_H1,87.79259088942767
C 半導體製造與封裝,2025-04-22,-0.017519986131173507,34,2025_H1,86.25446591462513
C 半導體製造與封裝,2025-04-23,-0.024362668330183527,34,2025_H1,84.15307696954999
C 半導體製造與封裝,2025-04-24,0.0008059577400031649,34,2025_H1,84.22090079327869
C 半導體製造與封裝,2025-04-25,-0.00024573614006491776,34,2025_H1,84.20020467420494
C 半導體製造與封裝,2025-04-28,0.006001310271130095,34,2025_H1,84.70551622734752
C 半導體製造與封裝,2025-04-29,0.011167651638831823,34,2025_H1,85.65147792446194
C 半導體製造與封裝,2025-04-30,-0.010131527374256644,34,2025_H1,84.78369763122473
C 半導體製造與封裝,2025-05-01,-0.019551675151421404,34,2025_H1,83.12603431700268
C 半導體製造與封裝,2025-05-02,0.0023746181561786887,34,2025_H1,83.32342690734299
C 半導體製造與封裝,2025-05-05,0.019012549431139125,34,2025_H1,84.90761768019077
C 半導體製造與封裝,2025-05-06,0.020241308483388593,34,2025_H1,86.62625896224512
C 半導體製造與封裝,2025-05-07,-0.00649768085969049,34,2025_H1,86.06338917743955
C 半導體製造與封裝,2025-05-08,-0.0027170119158403897,34,2025_H1,85.82955392352684
C 半導體製造與封裝,2025-05-09,-0.0006180219244696691,34,2025_H1,85.77650937743464
C 半導體製造與封裝,2025-05-12,-0.0015949628775871912,34,2025_H1,85.63969902920861
C 半導體製造與封裝,2025-05-13,0.016722304637744035,34,2025_H1,87.07179216545975
C 半導體製造與封裝,2025-05-14,0.011311627301257838,34,2025_H1,88.05671582688804
C 半導體製造與封裝,2025-05-15,-0.021970179553729492,34,2025_H1,86.12209396925958
C 半導體製造與封裝,2025-05-16,0.02664017002341698,34,2025_H1,88.41640119537333
C 半導體製造與封裝,2025-05-19,0.019401818470187952,34,2025_H1,90.13184016115326
C 半導體製造與封裝,2025-05-20,0.045225646366428285,34,2025_H1,94.20811089063702
C 半導體製造與封裝,2025-05-21,0.005829164441583772,34,2025_H1,94.75726546074951
C 半導體製造與封裝,2025-05-22,0.0031745609711925564,34,2025_H1,95.05807817741812
C 半導體製造與封裝,2025-05-23,-0.004565029289518215,34,2025_H1,94.62413526633291
C 半導體製造與封裝,2025-05-26,-0.01617662992853073,34,2025_H1,93.0934356478222
C 半導體製造與封裝,2025-05-27,-0.005038197157610046,34,2025_H1,92.6244125649492
C 半導體製造與封裝,2025-05-28,0.019798575417065655,34,2025_H1,94.45824398257776
C 半導體製造與封裝,2025-05-29,-0.01937312350746651,34,2025_H1,92.62829275560487
C 半導體製造與封裝,2025-05-30,-0.014901596888780929,34,2025_H1,91.24798327646486
C 半導體製造與封裝,2025-06-02,-0.0219482763132883,34,2025_H1,89.2452473264827
C 半導體製造與封裝,2025-06-03,0.004213435568029975,34,2025_H1,89.62127642584572
C 半導體製造與封裝,2025-06-04,-0.007398129664048268,34,2025_H1,88.9582466021898
C 半導體製造與封裝,2025-06-05,0.003955365246303804,34,2025_H1,89.31010895917223
C 半導體製造與封裝,2025-06-06,0.04006628463026822,34,2025_H1,92.88843320509068
C 半導體製造與封裝,2025-06-09,0.021499669030446138,34,2025_H1,94.88550377575683
C 半導體製造與封裝,2025-06-10,0.029260707211470643,34,2025_H1,97.66192072035214
C 半導體製造與封裝,2025-06-11,0.008978159048036682,34,2025_H1,98.53874497751622
C 半導體製造與封裝,2025-06-12,-0.0037169384355471816,34,2025_H1,98.17248252891869
C 半導體製造與封裝,2025-06-13,-0.0015183825211188273,34,2025_H1,98.02341914739193
C 半導體製造與封裝,2025-06-16,-0.017132970279100563,34,2025_H1,96.34398682048386
C 半導體製造與封裝,2025-06-17,0.002974826256107665,34,2025_H1,96.63059344209553
C 半導體製造與封裝,2025-06-18,-0.0030736149607326823,34,2025_H1,96.33358820442741
C 半導體製造與封裝,2025-06-19,0.010691080279850013,34,2025_H1,97.36349832956697
C 半導體製造與封裝,2025-06-20,-0.023798755039791463,34,2025_H1,95.04636828300445
C 半導體製造與封裝,2025-06-23,0.02337549813157614,34,2025_H1,97.26812448721694
C 半導體製造與封裝,2025-06-24,-0.008239485993638952,34,2025_H1,96.46668513787698
C 半導體製造與封裝,2025-06-25,-0.011259685982270267,34,2025_H1,95.38050055547394
C 半導體製造與封裝,2025-06-26,-0.022044341900601824,34,2025_H1,93.27790019057853
C 半導體製造與封裝,2025-06-27,-0.01079540225262466,34,2025_H1,92.27092773674106
C 半導體製造與封裝,2025-06-30,-0.0032964346443097384,34,2025_H1,91.96676265388707
C 半導體製造與封裝,2025-07-01,0.009491922366310596,33,2025_H2,92.83970402527869
C 半導體製造與封裝,2025-07-02,0.020704503478254768,33,2025_H2,94.7619040001902
C 半導體製造與封裝,2025-07-03,0.0008174505952411732,33,2025_H2,94.83936717502134
C 半導體製造與封裝,2025-07-04,-0.0057105993779037025,33,2025_H2,94.29777754383088
C 半導體製造與封裝,2025-07-07,0.0018419214684676718,33,2025_H2,94.47146664471764
C 半導體製造與封裝,2025-07-08,-0.03647729781224204,33,2025_H2,91.02540282115899
C 半導體製造與封裝,2025-07-09,0.01670230808521614,33,2025_H2,92.5457371426589
C 半導體製造與封裝,2025-07-10,-0.02805595127265294,33,2025_H2,89.9492784508927
C 半導體製造與封裝,2025-07-11,0.005557415998140362,33,2025_H2,90.4491640099769
C 半導體製造與封裝,2025-07-14,0.022493273919099263,33,2025_H2,92.48366183180683
C 半導體製造與封裝,2025-07-15,-0.005158156757149688,33,2025_H2,92.00661660660315
C 半導體製造與封裝,2025-07-16,0.009248270926519666,33,2025_H2,92.85751872401342
C 半導體製造與封裝,2025-07-17,0.008090383516167216,33,2025_H2,93.60877166285037
C 半導體製造與封裝,2025-07-18,0.046931700842335194,33,2025_H2,98.00199053074971
C 半導體製造與封裝,2025-07-21,0.004735776511343132,33,2025_H2,98.46610605557011
C 半導體製造與封裝,2025-07-22,0.035278959143568406,33,2025_H2,101.93988778813086
C 半導體製造與封裝,2025-07-23,-0.01696152337700038,33,2025_H2,100.21083199836366
C 半導體製造與封裝,2025-07-24,-0.010033744151840338,33,2025_H2,99.20534214884904
C 半導體製造與封裝,2025-07-25,-0.02610325551612507,33,2025_H2,96.615759754173
C 半導體製造與封裝,2025-07-28,0.013428927962932385,33,2025_H2,97.9132058319958
C 半導體製造與封裝,2025-07-29,0.010600843395335452,33,2025_H2,98.95116839335604
C 半導體製造與封裝,2025-07-30,0.0094524549498269,33,2025_H2,99.88649985482698
C 半導體製造與封裝,2025-07-31,0.0006525534883955089,33,2025_H2,99.95168113875084
C 半導體製造與封裝,2025-08-01,0.01958747840957965,33,2025_H2,101.90948253505734
C 半導體製造與封裝,2025-08-04,-0.04795024404713568,33,2025_H2,97.02289797678402
C 半導體製造與封裝,2025-08-05,-0.0206641938234339,33,2025_H2,95.01799800768052
C 半導體製造與封裝,2025-08-06,0.016830035967015978,33,2025_H2,96.61715433166364
C 半導體製造與封裝,2025-08-07,0.0022937063377877114,33,2025_H2,96.83876571089318
C 半導體製造與封裝,2025-08-08,-0.016563967848134874,33,2025_H2,95.23473150920488
C 半導體製造與封裝,2025-08-11,-0.022452866658035843,33,2025_H2,93.09643878141486
C 半導體製造與封裝,2025-08-12,-0.013896404325255685,33,2025_H2,91.8027330268669
C 半導體製造與封裝,2025-08-13,0.0011331246123261788,33,2025_H2,91.90675696313846
C 半導體製造與封裝,2025-08-14,0.019939339437646836,33,2025_H2,93.7393169868398
C 半導體製造與封裝,2025-08-15,0.00142852178466414,33,2025_H2,93.87322564323503
C 半導體製造與封裝,2025-08-18,0.0006893641206386355,33,2025_H2,93.9379384768821
C 半導體製造與封裝,2025-08-19,-0.007492080478437227,33,2025_H2,93.23414788183482
C 半導體製造與封裝,2025-08-20,0.004415302896765302,33,2025_H2,93.64580488505491
C 半導體製造與封裝,2025-08-21,0.0004955755919017784,33,2025_H2,93.69221346023994
C 半導體製造與封裝,2025-08-22,-0.010653077109217948,33,2025_H2,92.6941030857147
C 半導體製造與封裝,2025-08-25,-0.02244388982974744,33,2025_H2,90.61368684819168
C 半導體製造與封裝,2025-08-26,0.050923557908687515,33,2025_H2,95.22805817772525
C 半導體製造與封裝,2025-08-27,0.009322451917504944,33,2025_H2,96.11581717128445
C 半導體製造與封裝,2025-08-28,-0.008430343439080756,33,2025_H2,95.30552782260263
C 半導體製造與封裝,2025-08-29,-0.01703210214791528,33,2025_H2,93.68227433746706
C 半導體製造與封裝,2025-09-01,0.007625972693457141,33,2025_H2,94.39669280342555
C 半導體製造與封裝,2025-09-02,0.006286847358858227,33,2025_H2,94.99015040226172
C 半導體製造與封裝,2025-09-03,0.014356630593267522,33,2025_H2,96.35388890158589
C 半導體製造與封裝,2025-09-04,0.03552976106992339,33,2025_H2,99.7773195524172
C 半導體製造與封裝,2025-09-05,-0.023256180785557957,33,2025_H2,97.4568801706078
C 半導體製造與封裝,2025-09-08,-0.005734921199055046,33,2025_H2,96.89797264252363
C 半導體製造與封裝,2025-09-09,-0.022743408337302727,33,2025_H2,94.69418248365791
C 半導體製造與封裝,2025-09-10,-0.033175319961445945,33,2025_H2,91.55267268127503
C 半導體製造與封裝,2025-09-11,0.01994926304020112,33,2025_H2,93.37908103062722
C 半導體製造與封裝,2025-09-12,0.02595682063240237,33,2025_H2,95.80290508775776
C 半導體製造與封裝,2025-09-15,0.00895748647122221,33,2025_H2,96.66105831398514
C 半導體製造與封裝,2025-09-16,0.005415061442418309,33,2025_H2,97.18448388384455
C 半導體製造與封裝,2025-09-17,0.012029642247317531,33,2025_H2,98.3535784569574
C 半導體製造與封裝,2025-09-18,-0.0021450287978309964,33,2025_H2,98.1426071987975
C 半導體製造與封裝,2025-09-19,0.016794349727273134,33,2025_H2,99.79084846724051
C 半導體製造與封裝,2025-09-22,-0.010811971259458946,33,2025_H2,98.71191268165566
C 半導體製造與封裝,2025-09-23,0.024787831156324984,33,2025_H2,101.15876690632645
C 半導體製造與封裝,2025-09-24,0.017813592532212368,33,2025_H2,102.96076796105679
C 半導體製造與封裝,2025-09-25,-0.0011029953496927765,33,2025_H2,102.84720271279492
C 半導體製造與封裝,2025-09-26,-0.01478956341810228,33,2025_H2,101.32613748589964
C 半導體製造與封裝,2025-09-29,-0.010984516082094059,33,2025_H2,100.21311889914928
C 半導體製造與封裝,2025-09-30,0.009393796575880494,33,2025_H2,101.15450055232245
C 半導體製造與封裝,2025-10-01,-0.011772019504766165,33,2025_H2,99.96370779882562
C 半導體製造與封裝,2025-10-02,-0.014166646296664117,33,2025_H2,98.54755730793657
C 半導體製造與封裝,2025-10-03,0.001986364592999274,33,2025_H2,98.74330868649962
C 半導體製造與封裝,2025-10-06,0.017682147039908412,33,2025_H2,100.48930238990137
C 半導體製造與封裝,2025-10-07,-0.014761835391612164,33,2025_H2,99.0058958494037
C 半導體製造與封裝,2025-10-08,-0.012410464904793472,33,2025_H2,97.77718665359704
C 半導體製造與封裝,2025-10-09,0.00015098971284501376,33,2025_H2,97.79195000293267
C 半導體製造與封裝,2025-10-10,-0.01943279807590114,33,2025_H2,95.89157878507706
C 半導體製造與封裝,2025-10-13,-0.019789912172904458,33,2025_H2,93.99389286279921
C 半導體製造與封裝,2025-10-14,-0.0018631738237604666,33,2025_H2,93.81876590202391
C 半導體製造與封裝,2025-10-15,-0.015604912890149512,33,2025_H2,92.3547322326615
C 半導體製造與封裝,2025-10-16,-0.022349520945303333,33,2025_H2,90.29064821022975
C 半導體製造與封裝,2025-10-17,-0.009521189199334285,33,2025_H2,89.43097386568964
C 半導體製造與封裝,2025-10-20,0.03133569902403917,33,2025_H2,92.2333559461716
C 半導體製造與封裝,2025-10-21,0.012744423277792048,33,2025_H2,93.40881687468087
C 半導體製造與封裝,2025-10-22,-0.01811166008038696,33,2025_H2,91.71702813493553
C 半導體製造與封裝,2025-10-23,-0.018129928755477403,33,2025_H2,90.05420494918503
C 半導體製造與封裝,2025-10-24,-0.021076607727785215,33,2025_H2,88.1561677972335
C 半導體製造與封裝,2025-10-27,-0.019484723892037707,33,2025_H2,86.43846920832425
C 半導體製造與封裝,2025-10-28,0.04876321660371091,33,2025_H2,90.65348700522297
C 半導體製造與封裝,2025-10-29,0.03536481191514811,33,2025_H2,93.85943052261501
C 半導體製造與封裝,2025-10-30,-0.0024449461942233595,33,2025_H2,93.62994926516679
C 半導體製造與封裝,2025-10-31,0.013657551978474609,33,2025_H2,94.90870516399772
C 半導體製造與封裝,2025-11-03,-0.005544522976732422,33,2025_H2,94.382481667524
C 半導體製造與封裝,2025-11-04,0.002021154571273738,33,2025_H2,94.5732432517945
C 半導體製造與封裝,2025-11-05,0.006806469781157164,33,2025_H2,95.21695317409386
C 半導體製造與封裝,2025-11-06,0.0017580860408050354,33,2025_H2,95.38435277031722
C 半導體製造與封裝,2025-11-07,-0.00393933746735635,33,2025_H2,95.00860161564958
C 半導體製造與封裝,2025-11-10,0.003826290129016295,33,2025_H2,95.37213209018317
C 半導體製造與封裝,2025-11-11,-0.014381592982549669,33,2025_H2,94.0005289045842
C 半導體製造與封裝,2025-11-12,-0.008199299442528342,33,2025_H2,93.22979042033947
C 半導體製造與封裝,2025-11-13,-0.01613037388261463,33,2025_H2,91.72595904386158
C 半導體製造與封裝,2025-11-14,0.014413384794605664,33,2025_H2,93.04804058721501
C 半導體製造與封裝,2025-11-17,0.01637643933144656,33,2025_H2,94.57183617880153
C 半導體製造與封裝,2025-11-18,0.006467370860573911,33,2025_H2,95.18346731633525
C 半導體製造與封裝,2025-11-19,-0.021508094693513346,33,2025_H2,93.13625228803859
C 半導體製造與封裝,2025-11-20,1.0545742866375471e-05,33,2025_H2,93.13723447900675
C 半導體製造與封裝,2025-11-21,-0.0023954145619090417,33,2025_H2,92.91413219127979
C 半導體製造與封裝,2025-11-24,0.0009191017591916122,33,2025_H2,92.99952973363057
C 半導體製造與封裝,2025-11-25,-0.0037734968065535283,33,2025_H2,92.64859630516973
C 半導體製造與封裝,2025-11-26,-0.018443939263897275,33,2025_H2,90.93979122203186
C 半導體製造與封裝,2025-11-27,-0.02408810019705286,33,2025_H2,88.74922441917647
C 半導體製造與封裝,2025-11-28,-0.0038207481418986713,33,2025_H2,88.41013598488195
C 半導體製造與封裝,2025-12-01,0.06372700411134112,33,2025_H2,94.04424908427475
C 半導體製造與封裝,2025-12-02,-0.007544954811163389,33,2025_H2,93.33468947468411
C 半導體製造與封裝,2025-12-03,0.007692836872640235,33,2025_H2,94.05269801537139
C 半導體製造與封裝,2025-12-04,0.023061094857146018,33,2025_H2,96.22165620587437
C 半導體製造與封裝,2025-12-05,0.017104086684679182,33,2025_H2,97.86743975456305
C 半導體製造與封裝,2025-12-08,0.003123043676871325,33,2025_H2,98.17308404346011
C 半導體製造與封裝,2025-12-09,0.019955238649202234,33,2025_H2,100.13215136447553
C 半導體製造與封裝,2025-12-10,0.008097455916097996,33,2025_H2,100.94296704593343
C 半導體製造與封裝,2025-12-11,-0.013376167224041516,33,2025_H2,99.59273703863612
C 半導體製造與封裝,2025-12-12,0.014707306719946573,33,2025_H2,101.05747796934232
C 半導體製造與封裝,2025-12-15,0.0038857665244516333,33,2025_H2,101.45016373428108
C 半導體製造與封裝,2025-12-16,0.018578519881718616,33,2025_H2,103.33495761822203
C 半導體製造與封裝,2025-12-17,-0.006388678874034763,33,2025_H2,102.67478375753723
C 半導體製造與封裝,2025-12-18,-0.022835113915537227,33,2025_H2,100.3301933741807
C 半導體製造與封裝,2025-12-19,0.031887519512080374,33,2025_H2,103.5294743730507
C 半導體製造與封裝,2025-12-22,0.016174771347519365,33,2025_H2,105.20403994876365
C 半導體製造與封裝,2025-12-23,0.0011040184830670955,33,2025_H2,105.32018715336042
C 半導體製造與封裝,2025-12-24,-0.0018742924466961278,33,2025_H2,105.12278632209424
C 半導體製造與封裝,2025-12-25,-0.005709567999828041,33,2025_H2,104.52258062525686
C 半導體製造與封裝,2025-12-26,0.002261242306405238,33,2025_H2,104.75893150654134
C 半導體製造與封裝,2025-12-29,0.002301186996939151,33,2025_H2,105.00000139753745
C 半導體製造與封裝,2025-12-30,-0.003798634479063118,33,2025_H2,104.60114477192707
C 半導體製造與封裝,2025-12-31,-0.009209403056341681,33,2025_H2,103.63783066956765
C 半導體製造與封裝,2026-01-01,-0.017712821518765614,31,2026_H1,101.80211227232554
C 半導體製造與封裝,2026-01-02,-0.017702110811854334,31,2026_H1,99.99999999999999
C 半導體製造與封裝,2026-01-05,-0.027525294779016163,31,2026_H1,97.24747052209838
C 半導體製造與封裝,2026-01-06,0.010814314824237573,31,2026_H1,98.29913528418511
C 半導體製造與封裝,2026-01-07,0.005603162216750852,31,2026_H1,98.84992128494876
C 半導體製造與封裝,2026-01-08,0.000850227377794801,31,2026_H1,98.93396619431807
C 半導體製造與封裝,2026-01-09,-0.01348988426254178,31,2026_H1,97.59935844072251
C 半導體製造與封裝,2026-01-12,0.011721816617682547,31,2026_H1,98.74340022236812
C 半導體製造與封裝,2026-01-13,-0.03063827473611807,31,2026_H1,95.71807279797673
C 半導體製造與封裝,2026-01-14,0.015426352938916279,31,2026_H1,97.1946535715912
C 半導體製造與封裝,2026-01-15,0.0242500908746135,31,2026_H1,99.55163275322887
C 半導體製造與封裝,2026-01-16,0.007968794765224422,31,2026_H1,100.34493928318234
C 半導體製造與封裝,2026-01-19,0.014088351137689054,31,2026_H1,101.7586340226939
C 半導體製造與封裝,2026-01-20,-0.00035619612718358764,31,2026_H1,101.72238799134753
C 半導體製造與封裝,2026-01-21,-0.007107791697221227,31,2026_H1,100.99936644656111
C 半導體製造與封裝,2026-01-22,0.023325701356281,31,2026_H1,103.3552475054672
C 半導體製造與封裝,2026-01-23,-0.012499934485901,31,2026_H1,102.06331368287478
C 半導體製造與封裝,2026-01-26,-0.015032564445483416,31,2026_H1,100.52904034241737
C 半導體製造與封裝,2026-01-27,0.0009181134068260694,31,2026_H1,100.6213374021311
C 半導體製造與封裝,2026-01-28,0.045097422102813596,31,2026_H1,105.15910032750466
C 半導體製造與封裝,2026-01-29,-0.015538252416733239,31,2026_H1,103.52511168269932
C 半導體製造與封裝,2026-01-30,0.003333418112095323,31,2026_H1,103.87020416503913
C 半導體製造與封裝,2026-02-02,-0.008418948109794846,31,2026_H1,102.99572630601986
C 半導體製造與封裝,2026-02-03,0.009548359449405292,31,2026_H1,103.97916652254229
C 半導體製造與封裝,2026-02-04,0.012233926560167373,31,2026_H1,105.25124000956649
C 半導體製造與封裝,2026-02-05,0.015766090067060524,31,2026_H1,106.91064053922712
C 半導體製造與封裝,2026-02-06,-0.004075427641757204,31,2026_H1,106.47493395957558
C 半導體製造與封裝,2026-02-09,0.04269789346254333,31,2026_H1,111.02118934621285
C 半導體製造與封裝,2026-02-10,0.0035806293728013376,31,2026_H1,111.41871507778924
C 半導體製造與封裝,2026-02-11,0.02448993282690264,31,2026_H1,114.14735192570413
C 半導體製造與封裝,2026-02-12,-0.004297987025003457,31,2026_H1,113.65674808818895
C 半導體製造與封裝,2026-02-13,0.017611492316172737,31,2026_H1,115.65841303382525
C 半導體製造與封裝,2026-02-16,0.033793918896730085,31,2026_H1,119.56696406361486
C 半導體製造與封裝,2026-02-17,0.00248296679761244,31,2026_H1,119.86384486547615
C 半導體製造與封裝,2026-02-18,0.02877724520466661,31,2026_H1,123.31319612034407
C 半導體製造與封裝,2026-02-19,-0.004874346150130673,31,2026_H1,122.71212491757456
C 半導體製造與封裝,2026-02-20,-0.015057076411056398,31,2026_H1,120.86443907612755
C 半導體製造與封裝,2026-02-23,0.029145358628395637,31,2026_H1,124.38707649842115
C 半導體製造與封裝,2026-02-24,-0.011116233780698901,31,2026_H1,123.00436067676702
C 半導體製造與封裝,2026-02-25,0.002882326981177119,31,2026_H1,123.35889946434808
C 半導體製造與封裝,2026-02-26,-0.005981764218906159,31,2026_H1,122.62099561344861
C 半導體製造與封裝,2026-02-27,0.035485462270179464,31,2026_H1,126.97225832682147
C 半導體製造與封裝,2026-03-02,0.020010896027950885,31,2026_H1,129.51308698663362
C 半導體製造與封裝,2026-03-03,0.0031558562256356996,31,2026_H1,129.92181166850168
C 半導體製造與封裝,2026-03-04,-0.013000612570498535,31,2026_H1,128.2327485305422
C 半導體製造與封裝,2026-03-05,-0.022853409219231943,31,2026_H1,125.30219305306687
C 半導體製造與封裝,2026-03-06,0.013007930889547511,31,2026_H1,126.93211532060991
C 半導體製造與封裝,2026-03-09,0.009593679335658939,31,2026_H1,128.14986133239273
C 半導體製造與封裝,2026-03-10,0.030055718175036078,31,2026_H1,132.00149744876907
C 半導體製造與封裝,2026-03-11,0.014208252931415599,31,2026_H1,133.87700811184678
C 半導體製造與封裝,2026-03-12,0.017358542953549275,31,2026_H1,136.20091790764894
C 半導體製造與封裝,2026-03-13,0.010026242779479605,31,2026_H1,137.56650137737898
C 半導體製造與封裝,2026-03-16,-0.0022210265921642097,31,2026_H1,137.26096251962883
C 半導體製造與封裝,2026-03-17,0.005659180289344927,31,2026_H1,138.03774705321644
C 半導體製造與封裝,2026-03-18,-0.014448634280871394,31,2026_H1,136.04329012908906
C 半導體製造與封裝,2026-03-19,-0.01045648078544249,31,2026_H1,134.62075607986588
C 半導體製造與封裝,2026-03-20,0.00909790418296702,31,2026_H1,135.8455228197191
C 半導體製造與封裝,2026-03-23,-0.029928085190173814,31,2026_H1,131.77992644006684
C 半導體製造與封裝,2026-03-24,-0.02504922822558097,31,2026_H1,128.47894098711933
C 半導體製造與封裝,2026-03-25,4.698762137493817e-05,31,2026_H1,128.48497790695308
C 半導體製造與封裝,2026-03-26,0.027477927149149255,31,2026_H1,132.01547876964037
C 半導體製造與封裝,2026-03-27,-0.014977545187258032,31,2026_H1,130.0382109709506
C 半導體製造與封裝,2026-03-30,0.0066034471069344874,31,2026_H1,130.89691141897765
C 半導體製造與封裝,2026-03-31,0.015834793031332617,31,2026_H1,132.96963691973784
C 半導體製造與封裝,2026-04-01,0.007750145722825348,31,2026_H1,134.00017098257695
C 半導體製造與封裝,2026-04-02,0.0010695791545331597,31,2026_H1,134.14349477216382
C 半導體製造與封裝,2026-04-03,-0.0020226592533730404,31,2026_H1,133.8721681911831
C 半導體製造與封裝,2026-04-06,0.032993024390189474,31,2026_H1,138.28901590148234
C 半導體製造與封裝,2026-04-07,0.015132303133179214,31,2026_H1,140.3816472100926
C 半導體製造與封裝,2026-04-08,0.002149032221409713,31,2026_H1,140.68333189324167
C 半導體製造與封裝,2026-04-09,-0.014925544420809043,31,2026_H1,138.58355657380167
C 半導體製造與封裝,2026-04-10,0.008860577822726628,31,2026_H1,139.81148696177405
C 半導體製造與封裝,2026-04-13,0.0268550863065975,31,2026_H1,143.56613651078624
C 半導體製造與封裝,2026-04-14,0.0015006740847315085,31,2026_H1,143.781582491293
C 半導體製造與封裝,2026-04-15,-0.0019960450500402854,31,2026_H1,143.4945879752743
C 半導體製造與封裝,2026-04-16,-0.004799602576179194,31,2026_H1,142.8058709811604
C 半導體製造與封裝,2026-04-17,0.001389432966401465,31,2026_H1,143.00429016609732
C 半導體製造與封裝,2026-04-20,0.016184574149601446,31,2026_H1,145.31875370400164
C 半導體製造與封裝,2026-04-21,0.017030805821852894,31,2026_H1,147.79364918060816
C 半導體製造與封裝,2026-04-22,0.007866704312905053,31,2026_H1,148.9562981180372
C 半導體製造與封裝,2026-04-23,0.015562346696659016,31,2026_H1,151.27440767200102
C 半導體製造與封裝,2026-04-24,0.012204650886539258,31,2026_H1,153.1206590057058
C 半導體製造與封裝,2026-04-27,0.017841912980590027,31,2026_H1,155.8526244792162
C 半導體製造與封裝,2026-04-28,0.003629397078095028,31,2026_H1,156.41827553911446
C 半導體製造與封裝,2026-04-29,-0.006504506155365992,31,2026_H1,155.40085190305857
C 半導體製造與封裝,2026-04-30,0.007635935907054641,31,2026_H1,156.587482848092
C 半導體製造與封裝,2026-05-01,0.01707765994395571,31,2026_H1,159.2616306316517
C 半導體製造與封裝,2026-05-04,0.02104609708154878,31,2026_H1,162.61346637129122
C 半導體製造與封裝,2026-05-05,-0.026299152136882872,31,2026_H1,158.33687007968675
C 半導體製造與封裝,2026-05-06,0.0012805466416066034,31,2026_H1,158.5396278269098
C 半導體製造與封裝,2026-05-07,-0.01598420063611645,31,2026_H1,156.00549860694923
C 半導體製造與封裝,2026-05-08,-0.0037330592860768757,31,2026_H1,155.42312083169548
C 半導體製造與封裝,2026-05-11,-0.0008766293586601012,31,2026_H1,155.28687236095985
C 半導體製造與封裝,2026-05-12,0.005390040019837034,31,2026_H1,156.12387481754075
C 半導體製造與封裝,2026-05-13,-0.018382615151855894,31,2026_H1,153.25390971075336
C 半導體製造與封裝,2026-05-14,-0.008349520223346951,31,2026_H1,151.97431309231646
C 半導體製造與封裝,2026-05-15,-0.0020530603659783407,31,2026_H1,151.66230065345982
C 半導體製造與封裝,2026-05-18,0.0092936027114417,31,2026_H1,153.0717898220363
C 半導體製造與封裝,2026-05-19,0.01672051471106404,31,2026_H1,155.63122893560455
C 半導體製造與封裝,2026-05-20,-0.01782871546044058,31,2026_H1,152.85652403815297
C 半導體製造與封裝,2026-05-21,-0.016560266512383806,31,2026_H1,150.32517926192455
C 半導體製造與封裝,2026-05-22,-0.02078686187540696,31,2026_H1,147.20039052421114
C 半導體製造與封裝,2026-05-25,-0.013358910407374924,31,2026_H1,145.2339536952676
C 半導體製造與封裝,2026-05-26,-0.0017835363931260958,31,2026_H1,144.9749236533345
C 半導體製造與封裝,2026-05-27,0.027513274747683125,31,2026_H1,148.96365855933308
C 半導體製造與封裝,2026-05-28,0.008479419820365573,31,2026_H1,150.22678395823525
C 半導體製造與封裝,2026-05-29,0.0025976590466504617,31,2026_H1,150.61702192263357
C 半導體製造與封裝,2026-06-01,-0.03884770278317387,31,2026_H1,144.7658966208963
C 半導體製造與封裝,2026-06-02,-0.0383584479972821,31,2026_H1,139.21290150358374
C 半導體製造與封裝,2026-06-03,0.013996518332093248,31,2026_H1,141.16139743154253
C 半導體製造與封裝,2026-06-04,-0.008832412593139327,31,2026_H1,139.91460172720303
C 半導體製造與封裝,2026-06-05,-0.01555357778507789,31,2026_H1,137.73842908597078
C 半導體製造與封裝,2026-06-08,0.0160214815840699,31,2026_H1,139.94520279099035
C 半導體製造與封裝,2026-06-09,-0.016789794032920666,31,2026_H1,137.5955516602343
C 半導體製造與封裝,2026-06-10,0.010380775118648843,31,2026_H1,139.0239001393456
C 半導體製造與封裝,2026-06-11,-0.01343274764052728,31,2026_H1,137.1564271727719
C 半導體製造與封裝,2026-06-12,-0.006097320548705006,31,2026_H1,136.3201404709844
C 半導體製造與封裝,2026-06-15,0.006371558807730401,31,2026_H1,137.18871226267336
C 半導體製造與封裝,2026-06-16,0.0068807273162203066,31,2026_H1,138.13267038261623
C 半導體製造與封裝,2026-06-17,0.0030616175935256826,31,2026_H1,138.55557979650033
C 半導體製造與封裝,2026-06-18,-0.024474267479635003,31,2026_H1,135.16453347576487
C 半導體製造與封裝,2026-06-19,-0.022529787993440985,31,2026_H1,132.11930519232357
C 半導體製造與封裝,2026-06-22,0.004223594230349795,31,2026_H1,132.67732352745168
C 半導體製造與封裝,2026-06-23,-0.004264834795614158,31,2026_H1,132.11147666148287
C 半導體製造與封裝,2026-06-24,0.0069177916035770845,31,2026_H1,133.02539632546785
C 半導體製造與封裝,2026-06-25,-0.015799752545940883,31,2026_H1,130.92362798119976
C 半導體製造與封裝,2026-06-26,-0.01083431443358475,31,2026_H1,129.50516022886578
C 半導體製造與封裝,2026-06-29,-0.0005157149661844693,31,2026_H1,129.4383724795376
C 半導體製造與封裝,2026-06-30,0.01590861890001273,31,2026_H1,131.49755821835248
C 半導體製造與封裝,2026-07-01,0.014704157345826715,32,2026_H2,133.43111900498715
C 半導體製造與封裝,2026-07-02,-0.013970794278191217,32,2026_H2,131.56698029105962
C 半導體製造與封裝,2026-07-03,0.03353132543937285,32,2026_H2,135.97859552427465
C 半導體製造與封裝,2026-07-06,-0.011426172041868344,32,2026_H2,134.42488069780268
C 半導體製造與封裝,2026-07-07,-0.006225523161049824,32,2026_H2,133.58801548959715
C 半導體製造與封裝,2026-07-08,0.0029360840412193034,32,2026_H2,133.98024112997433
C 半導體製造與封裝,2026-07-09,0.0074374414965448984,32,2026_H2,134.9767113350715
C 半導體製造與封裝,2026-07-10,-0.005282237051830005,32,2026_H2,134.26373234932322
C 半導體製造與封裝,2026-07-13,0.031168818021859685,32,2026_H2,138.44857418985495
C 半導體製造與封裝,2026-07-14,0.029141318327152457,32,2026_H2,142.48314816226193
C 半導體製造與封裝,2026-07-15,0.020808418148497872,32,2026_H2,145.44799708833662
C 半導體製造與封裝,2026-07-16,0.008084393119016616,32,2026_H2,146.62385587517235
C 半導體製造與封裝,2026-07-17,0.017909142731304024,32,2026_H2,149.24976343785497
C 半導體製造與封裝,2026-07-20,0.013206872000576887,32,2026_H2,151.2208859596951
C 半導體製造與封裝,2026-07-21,-0.00859273218446467,32,2026_H2,149.92148538594594
C 半導體製造與封裝,2026-07-22,-0.010459153906752056,32,2026_H2,148.35343349636548
C 半導體製造與封裝,2026-07-23,0.025700611299977496,32,2026_H2,152.16620742567264
C 半導體製造與封裝,2026-07-24,0.0038690091611295286,32,2026_H2,152.75493987621692
C 半導體製造與封裝,2026-07-27,-0.03531412888932293,32,2026_H2,147.3605322409474
C 半導體製造與封裝,2026-07-28,-0.008304666060942443,32,2026_H2,146.1367522301236
C 半導體製造與封裝,2026-07-29,-0.0042811466334257715,32,2026_H2,145.51111936529384
C 半導體製造與封裝,2026-07-30,-0.0054070535470713155,32,2026_H2,144.72433295119143
C 半導體製造與封裝,2026-07-31,0.015612533899675294,32,2026_H2,146.98384650549977
C 半導體製造與封裝,2026-08-03,-0.004685357010518202,32,2026_H2,146.2951747098423
C 半導體製造與封裝,2026-08-04,0.010052230414151804,32,2026_H2,147.7657675145042
C 半導體製造與封裝,2026-08-05,-0.011998472140982073,32,2026_H2,145.9928040695906
C 半導體製造與封裝,2026-08-06,0.022267947653933383,32,2026_H2,149.2437641884632
C 半導體製造與封裝,2026-08-07,-0.0035621327705718624,32,2026_H2,148.712138085244
C 半導體製造與封裝,2026-08-10,-0.015948223665731363,32,2026_H2,146.34044364525138
C 半導體製造與封裝,2026-08-11,-0.01859218644464508,32,2026_H2,143.61965483260678
C 半導體製造與封裝,2026-08-12,0.003767624022856468,32,2026_H2,144.1607596943085
C 半導體製造與封裝,2026-08-13,-0.012384912248937405,32,2026_H2,142.3753413357543
C 半導體製造與封裝,2026-08-14,0.018449718333521735,32,2026_H2,145.00212628103796
D 記憶體,2025-01-02,0.0,7,2025_H1,74.04046879559317
D 記憶體,2025-01-03,-0.018486629227550257,7,2025_H1,72.67171010113503
D 記憶體,2025-01-06,0.001235110905935855,7,2025_H1,72.76146772283396
D 記憶體,2025-01-07,0.030258190278977082,7,2025_H1,74.96309805816911
D 記憶體,2025-01-08,0.024009351783372955,7,2025_H1,76.76291345021919
D 記憶體,2025-01-09,0.0016308948777243994,7,2025_H1,76.88810569256435
D 記憶體,2025-01-10,0.02478645927014355,7,2025_H1,78.79388959267158
D 記憶體,2025-01-13,0.00976998070381232,7,2025_H1,79.5637043735703
D 記憶體,2025-01-14,-0.008458591843056,7,2025_H1,78.8907074727527
D 記憶體,2025-01-15,-0.009425290579990045,7,2025_H1,78.14713963076102
D 記憶體,2025-01-16,0.0029553050099061628,7,2025_H1,78.37808826402164
D 記憶體,2025-01-17,0.006322230869758214,7,2025_H1,78.87361263315705
D 記憶體,2025-01-20,-0.0062836645022644,7,2025_H1,78.37799731328874
D 記憶體,2025-01-21,-0.01025096853271293,7,2025_H1,77.57454692917315
D 記憶體,2025-01-22,-0.013651822398459513,7,2025_H1,76.51551299185512
D 記憶體,2025-01-23,0.005903995280786388,7,2025_H1,76.96726021946598
D 記憶體,2025-01-24,-0.012861268327967464,7,2025_H1,75.97736363331492
D 記憶體,2025-01-27,0.018585831754545264,7,2025_H1,77.38946613095762
D 記憶體,2025-01-28,0.015955934429174177,7,2025_H1,78.62428737805197
D 記憶體,2025-01-29,0.010941118026675517,7,2025_H1,79.48452498601849
D 記憶體,2025-01-30,-0.005131513132456394,7,2025_H1,79.07664910222569
D 記憶體,2025-01-31,0.003565576965718801,7,2025_H1,79.3586029807908
D 記憶體,2025-02-03,0.05553245243882841,7,2025_H1,83.76558082643342
D 記憶體,2025-02-04,0.015448096173450216,7,2025_H1,85.05959957506509
D 記憶體,2025-02-05,-0.012518256424849416,7,2025_H1,83.99480169618943
D 記憶體,2025-02-06,0.01856515371477665,7,2025_H1,85.55417810092135
D 記憶體,2025-02-07,0.0041718096666803015,7,2025_H1,85.91109384814766
D 記憶體,2025-02-10,0.016733537215040607,7,2025_H1,87.34869033424049
D 記憶體,2025-02-11,0.012946113669667237,7,2025_H1,88.47951640820412
D 記憶體,2025-02-12,0.018465737552721153,7,2025_H1,90.11335593698969
D 記憶體,2025-02-13,0.013050499547798662,7,2025_H1,91.28938024789599
D 記憶體,2025-02-14,-0.02335725433567297,7,2025_H1,89.15711097529993
D 記憶體,2025-02-17,0.014059325644121141,7,2025_H1,90.41059983199071
D 記憶體,2025-02-18,0.0071683438583853894,7,2025_H1,91.0586941000293
D 記憶體,2025-02-19,-0.0043333164829381324,7,2025_H1,90.6641079599708
D 記憶體,2025-02-20,0.006801410497592611,7,2025_H1,91.28075177560464
D 記憶體,2025-02-21,0.007402843461892461,7,2025_H1,91.9564888920833
D 記憶體,2025-02-24,-0.007046651562512168,7,2025_H1,91.30850355594877
D 記憶體,2025-02-25,-0.01040352526569563,7,2025_H1,90.35857323223159
D 記憶體,2025-02-26,0.012198960685095501,7,2025_H1,91.4608539146529
D 記憶體,2025-02-27,0.009999499472906674,7,2025_H1,92.37541667516406
D 記憶體,2025-02-28,-0.020542828523143222,7,2025_H1,90.47776433065226
D 記憶體,2025-03-03,-0.002979793387026194,7,2025_H1,90.20815928682687
D 記憶體,2025-03-04,-0.008748082990750514,7,2025_H1,89.41901082294287
D 記憶體,2025-03-05,0.009034098759944955,7,2025_H1,90.22683099773391
D 記憶體,2025-03-06,0.04182088183277553,7,2025_H1,94.00019663503593
D 記憶體,2025-03-07,0.036749635855724,7,2025_H1,97.45466963173996
D 記憶體,2025-03-10,0.0007604313377350975,7,2025_H1,97.52877721653657
D 記憶體,2025-03-11,0.011049694892069136,7,2025_H1,98.60644044797587
D 記憶體,2025-03-12,-0.013069859185505022,7,2025_H1,97.31766815653694
D 記憶體,2025-03-13,-0.009511045061408803,7,2025_H1,96.39207542942889
D 記憶體,2025-03-14,-0.0048439840225384286,7,2025_H1,95.92515375614941
D 記憶體,2025-03-17,-0.020852431039667583,7,2025_H1,93.92488110247979
D 記憶體,2025-03-18,-0.04051093257966712,7,2025_H1,90.11989657658398
D 記憶體,2025-03-19,-0.023560382799348318,7,2025_H1,87.99663731540197
D 記憶體,2025-03-20,-0.007534268831190546,7,2025_H1,87.33364699362697
D 記憶體,2025-03-21,0.002489232549381767,7,2025_H1,87.55104075037971
D 記憶體,2025-03-24,0.00199761673215413,7,2025_H1,87.72593417430016
D 記憶體,2025-03-25,-0.0127560333411372,7,2025_H1,86.6068992330904
D 記憶體,2025-03-26,0.015691434554613706,7,2025_H1,87.96588572438445
D 記憶體,2025-03-27,-0.0035556596772019578,7,2025_H1,87.65310897154491
D 記憶體,2025-03-28,0.00830128381552878,7,2025_H1,88.38074230643117
D 記憶體,2025-03-31,-0.005084285996766356,7,2025_H1,87.93138933593877
D 記憶體,2025-04-01,0.037285962617288525,7,2025_H1,91.20999583160483
D 記憶體,2025-04-02,0.035400202874947446,7,2025_H1,94.43884818826675
D 記憶體,2025-04-03,0.012378706657447752,7,2025_H1,95.60787898705652
D 記憶體,2025-04-04,-0.01367965756497987,7,2025_H1,94.29999594199955
D 記憶體,2025-04-07,0.012464559244067065,7,2025_H1,95.47540382813389
D 記憶體,2025-04-08,0.031123027676938943,7,2025_H1,98.44688746394382
D 記憶體,2025-04-09,0.004624896355594284,7,2025_H1,98.90219411499542
D 記憶體,2025-04-10,0.017072072722287994,7,2025_H1,100.59065956532048
D 記憶體,2025-04-11,0.0019570568324229227,7,2025_H1,100.78752120290072
D 記憶體,2025-04-14,0.009600920117773156,7,2025_H1,101.75517414283814
D 記憶體,2025-04-15,-0.009432163349823256,7,2025_H1,100.7954027186332
D 記憶體,2025-04-16,0.002532508876126423,7,2025_H1,101.05066797069087
D 記憶體,2025-04-17,0.02284076268256846,7,2025_H1,103.35874229672444
D 記憶體,2025-04-18,0.025430487509517846,7,2025_H1,105.98720550170077
D 記憶體,2025-04-21,0.009482044393953889,7,2025_H1,106.99218088945901
D 記憶體,2025-04-22,-0.010886925802588276,7,2025_H1,105.82736495465836
D 記憶體,2025-04-23,-0.018121687813381953,7,2025_H1,103.90959448483721
D 記憶體,2025-04-24,-0.003914019212996461,7,2025_H1,103.5028903356089
D 記憶體,2025-04-25,-0.008977887993534567,7,2025_H1,102.5736529791687
D 記憶體,2025-04-28,-0.0028536848043490028,7,2025_H1,102.28094010433546
D 記憶體,2025-04-29,0.017092305993811525,7,2025_H1,104.02915722993346
D 記憶體,2025-04-30,-0.016787750785617575,7,2025_H1,102.28274166391952
D 記憶體,2025-05-01,-0.01773373352261439,7,2025_H1,100.46888677928916
D 記憶體,2025-05-02,0.007568022899909845,7,2025_H1,101.22923761516326
D 記憶體,2025-05-05,0.02853830180620193,7,2025_H1,104.11814814983653
D 記憶體,2025-05-06,0.022747903252066527,7,2025_H1,106.48661771073334
D 記憶體,2025-05-07,0.0030310870936047247,7,2025_H1,106.80938792331797
D 記憶體,2025-05-08,-0.0006225257447766108,7,2025_H1,106.74289632955187
D 記憶體,2025-05-09,-0.0021639506972392824,7,2025_H1,106.51190996461419
D 記憶體,2025-05-12,-0.0022727784162941715,7,2025_H1,106.26983199456834
D 記憶體,2025-05-13,0.026152815017043175,7,2025_H1,109.04908725261453
D 記憶體,2025-05-14,0.003986017588477267,7,2025_H1,109.48375883241083
D 記憶體,2025-05-15,-0.022148892522154656,7,2025_H1,107.05881482511028
D 記憶體,2025-05-16,0.021415293332323723,7,2025_H1,109.35151074840094
D 記憶體,2025-05-19,0.014228281573345257,7,2025_H1,110.90739483379987
D 記憶體,2025-05-20,0.02545034913441769,7,2025_H1,113.7300267539088
D 記憶體,2025-05-21,-0.00360226480172614,7,2025_H1,113.32034108163383
D 記憶體,2025-05-22,0.0025213199675654815,7,2025_H1,113.60605792033427
D 記憶體,2025-05-23,-0.015868501930219332,7,2025_H1,111.80329997094084
D 記憶體,2025-05-26,-0.012675461552774546,7,2025_H1,110.38614154068586
D 記憶體,2025-05-27,-0.0035743680627350694,7,2025_H1,109.99158084179429
D 記憶體,2025-05-28,0.022503575072984564,7,2025_H1,112.46678463866387
D 記憶體,2025-05-29,-0.01609552910911059,7,2025_H1,110.65657223270416
D 記憶體,2025-05-30,-0.016340660944876458,7,2025_H1,108.84837070452733
D 記憶體,2025-06-02,-0.029778484276273273,7,2025_H1,105.60703120900459
D 記憶體,2025-06-03,-0.00033868043850939097,7,2025_H1,105.57126417336507
D 記憶體,2025-06-04,-0.0004824095172282993,7,2025_H1,105.520335590782
D 記憶體,2025-06-05,-0.007393679546175244,7,2025_H1,104.7401520438189
D 記憶體,2025-06-06,0.022116612936743326,7,2025_H1,107.05664944550767
D 記憶體,2025-06-09,0.010026297483927112,7,2025_H1,108.13003126048085
D 記憶體,2025-06-10,0.024791184428173137,7,2025_H1,110.81070280768354
D 記憶體,2025-06-11,0.004349932693938862,7,2025_H1,111.29272190666504
D 記憶體,2025-06-12,-0.014843936568152947,7,2025_H1,109.64069980218542
D 記憶體,2025-06-13,-0.0031013160577465313,7,2025_H1,109.30066933930634
D 記憶體,2025-06-16,-0.012450065965568715,7,2025_H1,107.93986879595116
D 記憶體,2025-06-17,0.009275516036736249,7,2025_H1,108.94106677997118
D 記憶體,2025-06-18,-0.006757712159402545,7,2025_H1,108.2048744083339
D 記憶體,2025-06-19,0.01994718159785825,7,2025_H1,110.36325668793037
D 記憶體,2025-06-20,-0.018991991935295015,7,2025_H1,108.26723860696032
D 記憶體,2025-06-23,0.029214150876259157,7,2025_H1,111.43017405057999
D 記憶體,2025-06-24,-0.006299938377437544,7,2025_H1,110.7281708206742
D 記憶體,2025-06-25,-0.007864488231854604,7,2025_H1,109.85735042432023
D 記憶體,2025-06-26,-0.021017315793394997,7,2025_H1,107.54844379822663
D 記憶體,2025-06-27,-0.0033502130507899663,7,2025_H1,107.18813359822164
D 記憶體,2025-06-30,-0.002625672290023641,7,2025_H1,106.90669268601344
D 記憶體,2025-07-01,-0.011599965934047978,7,2025_H2,105.66657869273396
D 記憶體,2025-07-02,0.017767413364737004,7,2025_H2,107.54400047520525
D 記憶體,2025-07-03,0.009115574310850416,7,2025_H2,108.52432580322312
D 記憶體,2025-07-04,-0.003547932214855609,7,2025_H2,108.13928885161037
D 記憶體,2025-07-07,-0.0030980522710145073,7,2025_H2,107.80426768219775
D 記憶體,2025-07-08,-0.020428139908090986,7,2025_H2,105.60202701929651
D 記憶體,2025-07-09,0.012984467743868732,7,2025_H2,106.97321313281572
D 記憶體,2025-07-10,-0.02388444607617621,7,2025_H2,104.41821719214968
D 記憶體,2025-07-11,0.013353868822586998,7,2025_H2,105.81260436722205
D 記憶體,2025-07-14,0.0172378743283578,7,2025_H2,107.63658874366048
D 記憶體,2025-07-15,-0.012320453518575573,7,2025_H2,106.31045715514617
D 記憶體,2025-07-16,0.01659733469467714,7,2025_H2,108.07492739409426
D 記憶體,2025-07-17,0.010074972913528912,7,2025_H2,109.16377936022137
D 記憶體,2025-07-18,0.0503796977012132,7,2025_H2,114.66341756431125
D 記憶體,2025-07-21,0.009559925961311682,7,2025_H2,115.75959134669704
D 記憶體,2025-07-22,0.03567923694877063,7,2025_H2,119.88980523544869
D 記憶體,2025-07-23,-0.011203123759857861,7,2025_H2,118.5466649098507
D 記憶體,2025-07-24,-0.001382559895822716,7,2025_H2,118.38276704516281
D 記憶體,2025-07-25,-0.025907238356636608,7,2025_H2,115.31579648200561
D 記憶體,2025-07-28,0.01544790763338723,7,2025_H2,117.09718425473012
D 記憶體,2025-07-29,0.008691458758393212,7,2025_H2,118.11492960240406
D 記憶體,2025-07-30,0.0013997720348194443,7,2025_H2,118.28026357775617
D 記憶體,2025-07-31,-0.009147813841210717,7,2025_H2,117.19825774545754
D 記憶體,2025-08-01,0.009742921440944324,7,2025_H2,118.34011116368707
D 記憶體,2025-08-04,-0.042636893570922124,7,2025_H2,113.29445643882987
D 記憶體,2025-08-05,-0.016467081200084128,7,2025_H2,111.42882742513225
D 記憶體,2025-08-06,0.021263145851106287,7,2025_H2,113.7981548346906
D 記憶體,2025-08-07,0.013849891656711933,7,2025_H2,115.37424694988479
D 記憶體,2025-08-08,-0.006942885634692624,7,2025_H2,114.57321674812296
D 記憶體,2025-08-11,-0.016429743623916682,7,2025_H2,112.69080817078387
D 記憶體,2025-08-12,-0.008930349576103388,7,2025_H2,111.68443985980515
D 記憶體,2025-08-13,-0.008555590720151785,7,2025_H2,110.72891350255526
D 記憶體,2025-08-14,0.027468404684972726,7,2025_H2,113.77046010897078
D 記憶體,2025-08-15,-0.003776413419978213,7,2025_H2,113.34081581661817
D 記憶體,2025-08-18,-0.011861150725393198,7,2025_H2,111.99646331687822
D 記憶體,2025-08-19,-0.01659480597645369,7,2025_H2,110.13790373808563
D 記憶體,2025-08-20,0.004176220868325751,7,2025_H2,110.59786395007028
D 記憶體,2025-08-21,0.008896752484833842,7,2025_H2,111.58182577098536
D 記憶體,2025-08-22,-0.01760220293887747,7,2025_H2,109.61773982947402
D 記憶體,2025-08-25,-0.01628070005553876,7,2025_H2,107.83308628654426
D 記憶體,2025-08-26,0.04302741751783965,7,2025_H2,112.47286551243262
D 記憶體,2025-08-27,0.00802548165464933,7,2025_H2,113.37551443124848
D 記憶體,2025-08-28,-0.007659140288292015,7,2025_H2,112.50715546096227
D 記憶體,2025-08-29,-0.011287512676576227,7,2025_H2,111.23722951749112
D 記憶體,2025-09-01,0.010190265486580226,7,2025_H2,112.37076641826602
D 記憶體,2025-09-02,0.005667816139132144,7,2025_H2,113.0076632617381
D 記憶體,2025-09-03,0.006309039474862141,7,2025_H2,113.72063307021835
D 記憶體,2025-09-04,0.020711609843041573,7,2025_H2,116.0759704534724
D 記憶體,2025-09-05,-0.019013152664470023,7,2025_H2,113.869000306564
D 記憶體,2025-09-08,-0.01069780174120675,7,2025_H2,112.65085231681498
D 記憶體,2025-09-09,-0.007265537106150524,7,2025_H2,111.83238336926767
D 記憶體,2025-09-10,-0.030886615433843634,7,2025_H2,108.37825955109095
D 記憶體,2025-09-11,0.013947703854817209,7,2025_H2,109.88988741961008
D 記憶體,2025-09-12,0.02025649323853952,7,2025_H2,112.11587118110928
D 記憶體,2025-09-15,0.0016462200215752985,7,2025_H2,112.30043857298398
D 記憶體,2025-09-16,0.004595133820724963,7,2025_H2,112.81647411635295
D 記憶體,2025-09-17,0.010781470355928718,7,2025_H2,114.03280158769881
D 記憶體,2025-09-18,0.001194342781432153,7,2025_H2,114.16899584112154
D 記憶體,2025-09-19,0.013002384680038432,7,2025_H2,115.65346504358153
D 記憶體,2025-09-22,-0.008965569778930869,7,2025_H2,114.61656583255817
D 記憶體,2025-09-23,0.022020089438928067,7,2025_H2,117.14043286337387
D 記憶體,2025-09-24,0.002549316800317583,7,2025_H2,117.43906093686896
D 記憶體,2025-09-25,-0.0033040313987443143,7,2025_H2,117.05103859209449
D 記憶體,2025-09-26,-0.016150938524590548,7,2025_H2,115.1605544635541
D 記憶體,2025-09-29,-0.0002482255873563238,7,2025_H2,115.1319686672821
D 記憶體,2025-09-30,0.009185042193884618,7,2025_H2,116.18946065735607
D 記憶體,2025-10-01,-0.016325538061394224,7,2025_H2,114.29260519506154
D 記憶體,2025-10-02,-0.0033342527197208096,7,2025_H2,113.91152476534593
D 記憶體,2025-10-03,-0.006497784224103484,7,2025_H2,113.1713522567821
D 記憶體,2025-10-06,0.0159987551162391,7,2025_H2,114.98195300771197
D 記憶體,2025-10-07,-0.01490760546874401,7,2025_H2,113.26784741624735
D 記憶體,2025-10-08,-0.01750436285150582,7,2025_H2,111.28516591566435
D 記憶體,2025-10-09,0.002873172178889147,7,2025_H2,111.60490735829629
D 記憶體,2025-10-10,-0.01759663068666962,7,2025_H2,109.64103702069238
D 記憶體,2025-10-13,-0.021524765395541167,7,2025_H2,107.28103942109813
D 記憶體,2025-10-14,-0.013185246316053398,7,2025_H2,105.86651249128872
D 記憶體,2025-10-15,-0.01066122335373648,7,2025_H2,104.73784595593796
D 記憶體,2025-10-16,-0.01967426610163912,7,2025_H2,102.67720570368836
D 記憶體,2025-10-17,0.005838169478824557,7,2025_H2,103.2766526321986
D 記憶體,2025-10-20,0.025805900917888414,7,2025_H2,105.9417996971563
D 記憶體,2025-10-21,0.013812822822015325,7,2025_H2,107.40515500581857
D 記憶體,2025-10-22,-0.019521848178783843,7,2025_H2,105.3084078761762
D 記憶體,2025-10-23,-0.0109456629730352,7,2025_H2,104.15573753533667
D 記憶體,2025-10-24,-0.023057838734373205,7,2025_H2,101.75413133598718
D 記憶體,2025-10-27,-0.01240135920234722,7,2025_H2,100.49224180296679
D 記憶體,2025-10-28,0.04180973845507809,7,2025_H2,104.69379614951332
D 記憶體,2025-10-29,0.01900165804011663,7,2025_H2,106.68315186286803
D 記憶體,2025-10-30,-0.009855040442957349,7,2025_H2,105.63178508667731
D 記憶體,2025-10-31,0.004671165334465988,7,2025_H2,106.12520861939194
D 記憶體,2025-11-03,-0.010412523697258695,7,2025_H2,105.02017736976603
D 記憶體,2025-11-04,-0.008136782649690737,7,2025_H2,104.16565101267626
D 記憶體,2025-11-05,0.005739032687105389,7,2025_H2,104.76346108871164
D 記憶體,2025-11-06,0.006651070221343203,7,2025_H2,105.46025022504361
D 記憶體,2025-11-07,-0.004010689855570381,7,2025_H2,105.03728186930012
D 記憶體,2025-11-10,-2.2980966562903202e-05,7,2025_H2,105.03486801103762
D 記憶體,2025-11-11,-0.02299318675656661,7,2025_H2,102.61978167490851
D 記憶體,2025-11-12,-0.007919654950777224,7,2025_H2,101.80706841291914
D 記憶體,2025-11-13,-0.0225219255024749,7,2025_H2,99.514177202498
D 記憶體,2025-11-14,0.0036485215180689073,7,2025_H2,99.87725681937424
D 記憶體,2025-11-17,0.011970482939966024,7,2025_H2,101.07283581822117
D 記憶體,2025-11-18,0.00501824801379775,7,2025_H2,101.58004437581485
D 記憶體,2025-11-19,-0.02209420004931383,7,2025_H2,99.33571455435741
D 記憶體,2025-11-20,0.0008248306140958455,7,2025_H2,99.41764969279492
D 記憶體,2025-11-21,0.005280667508917116,7,2025_H2,99.9426412453406
D 記憶體,2025-11-24,-0.00359876674073082,7,2025_H2,99.58297099204609
D 記憶體,2025-11-25,-0.006902027580054669,7,2025_H2,98.89564657975518
D 記憶體,2025-11-26,-0.020993221928952425,7,2025_H2,96.81950832329915
D 記憶體,2025-11-27,-0.0233542779034162,7,2025_H2,94.5583586194447
D 記憶體,2025-11-28,-0.006592548463492994,7,2025_H2,93.93497805761766
D 記憶體,2025-12-01,0.06578978919330014,7,2025_H2,100.1149404619056
D 記憶體,2025-12-02,-0.020075933493454216,7,2025_H2,98.10503957549125
D 記憶體,2025-12-03,0.00041865154674672377,7,2025_H2,98.14611140205318
D 記憶體,2025-12-04,0.01621291113589368,7,2025_H2,99.73734558454818
D 記憶體,2025-12-05,0.014269775136140967,7,2025_H2,101.16057507871525
D 記憶體,2025-12-08,-0.002604598565643096,7,2025_H2,100.89709238996562
D 記憶體,2025-12-09,0.014744621537978338,7,2025_H2,102.38478183153809
D 記憶體,2025-12-10,0.009413795612091186,7,2025_H2,103.34861124148874
D 記憶體,2025-12-11,-0.014389994071711567,7,2025_H2,101.86142533840409
D 記憶體,2025-12-12,0.005386017726379632,7,2025_H2,102.410052780911
D 記憶體,2025-12-15,0.006127112195094434,7,2025_H2,103.03753066420519
D 記憶體,2025-12-16,0.028151562255915807,7,2025_H2,105.93819812339443
D 記憶體,2025-12-17,-0.0053281522155604055,7,2025_H2,105.37374327835079
D 記憶體,2025-12-18,-0.019322429036992644,7,2025_H2,103.33766660149256
D 記憶體,2025-12-19,0.030501606860755644,7,2025_H2,106.48963148207912
D 記憶體,2025-12-22,0.0027826419911963266,7,2025_H2,106.78595400226816
D 記憶體,2025-12-23,-0.0032553068780628736,7,2025_H2,106.43833295172408
D 記憶體,2025-12-24,-0.013424010066537628,7,2025_H2,105.00950369871464
D 記憶體,2025-12-25,-0.0040295089445959355,7,2025_H2,104.58636696429309
D 記憶體,2025-12-26,0.004758503607030406,7,2025_H2,105.0840415687389
D 記憶體,2025-12-29,0.0002806789189730922,7,2025_H2,105.11353644392771
D 記憶體,2025-12-30,0.0065581788156773915,7,2025_H2,105.80288981187522
D 記憶體,2025-12-31,-0.015091817796520052,7,2025_H2,104.20613187648914
D 記憶體,2026-01-01,-0.02678218546480412,7,2026_H1,101.41526392600313
D 記憶體,2026-01-02,-0.013955137236893518,7,2026_H1,100.0
D 記憶體,2026-01-05,-0.023842808252628744,7,2026_H1,97.61571917473712
D 記憶體,2026-01-06,0.013614780004524181,7,2026_H1,98.94473571628458
D 記憶體,2026-01-07,0.004962276318115246,7,2026_H1,99.43572683513166
D 記憶體,2026-01-08,0.0027540752342489904,7,2026_H1,99.70958030780787
D 記憶體,2026-01-09,-0.0017422688303790662,7,2026_H1,99.53585941394738
D 記憶體,2026-01-12,0.0030664640382328874,7,2026_H1,99.84108254735486
D 記憶體,2026-01-13,-0.029342462640474635,7,2026_H1,96.91149931272457
D 記憶體,2026-01-14,0.01099114136094493,7,2026_H1,97.97666730117184
D 記憶體,2026-01-15,0.03171722834927265,7,2026_H1,101.08421563086382
D 記憶體,2026-01-16,0.020133000347731685,7,2026_H1,103.11934417931018
D 記憶體,2026-01-19,0.014453829627155844,7,2026_H1,104.60981361134199
D 記憶體,2026-01-20,0.005697731934662885,7,2026_H1,105.20585228703445
D 記憶體,2026-01-21,-0.020390000198095948,7,2026_H1,103.06070493806097
D 記憶體,2026-01-22,0.012178996240528909,7,2026_H1,104.31588087604788
D 記憶體,2026-01-23,-0.004848357714140196,7,2026_H1,103.81012017029516
D 記憶體,2026-01-26,-0.00020034549141173183,7,2026_H1,103.78932228075612
D 記憶體,2026-01-27,0.005525759196486036,7,2026_H1,104.36283708284608
D 記憶體,2026-01-28,0.04078334213837095,7,2026_H1,108.61910237412687
D 記憶體,2026-01-29,-0.011012186076061865,7,2026_H1,107.42296860736816
D 記憶體,2026-01-30,-0.004713866193708655,7,2026_H1,106.91659110722206
D 記憶體,2026-02-02,-0.021192953259870497,7,2026_H1,104.65071278918204
D 記憶體,2026-02-03,0.017548349431623204,7,2026_H1,106.48716006547505
D 記憶體,2026-02-04,0.02031216243369613,7,2026_H1,108.65014455782799
D 記憶體,2026-02-05,0.010386618486983822,7,2026_H1,109.77865215790578
D 記憶體,2026-02-06,-0.017533727794486774,7,2026_H1,107.85382315332342
D 記憶體,2026-02-09,0.027999953372246242,7,2026_H1,110.87372517263493
D 記憶體,2026-02-10,-0.0004910459154148596,7,2026_H1,110.8192810827621
D 記憶體,2026-02-11,0.022326568567904385,7,2026_H1,113.29349536050226
D 記憶體,2026-02-12,-0.003722708052920124,7,2026_H1,112.87173675298025
D 記憶體,2026-02-13,0.01759314652247395,7,2026_H1,114.85750575592155
D 記憶體,2026-02-16,0.02766650506376114,7,2026_H1,118.03521152052873
D 記憶體,2026-02-17,0.009451592983380254,7,2026_H1,119.15083229752797
D 記憶體,2026-02-18,0.0184838133315387,7,2026_H1,121.35319404001294
D 記憶體,2026-02-19,-0.00420299276097125,7,2026_H1,120.84314744394204
D 記憶體,2026-02-20,-0.01810296148120783,7,2026_H1,118.65552860049644
D 記憶體,2026-02-23,0.028313949172485923,7,2026_H1,122.01513520632533
D 記憶體,2026-02-24,-0.002258877138077351,7,2026_H1,121.73951800690836
D 記憶體,2026-02-25,-0.0017312793742634254,7,2026_H1,121.52875289035022
D 記憶體,2026-02-26,-0.0021289637931190403,7,2026_H1,121.27002257562376
D 記憶體,2026-02-27,0.02798178726235448,7,2026_H1,124.66337454863579
D 記憶體,2026-03-02,0.003299151949415995,7,2026_H1,125.07465796379871
D 記憶體,2026-03-03,0.0038627586235426624,7,2026_H1,125.55779117743504
D 記憶體,2026-03-04,-0.010799047253352363,7,2026_H1,124.20188665748334
D 記憶體,2026-03-05,-0.025643120339606536,7,2026_H1,121.01696273151933
D 記憶體,2026-03-06,0.017710091045461947,7,2026_H1,123.16018415953981
D 記憶體,2026-03-09,0.007156333118309457,7,2026_H1,124.04155946429783
D 記憶體,2026-03-10,0.03649598424591335,7,2026_H1,128.56857826434538
D 記憶體,2026-03-11,0.018283944526428137,7,2026_H1,130.91931901717243
D 記憶體,2026-03-12,0.0196781296406465,7,2026_H1,133.4955663492575
D 記憶體,2026-03-13,0.0007671861546682934,7,2026_H1,133.59798229947026
D 記憶體,2026-03-16,-0.0009100927634475085,7,2026_H1,133.47639574256831
D 記憶體,2026-03-17,0.008452264759277822,7,2026_H1,134.60457357849864
D 記憶體,2026-03-18,-0.02409332622464911,7,2026_H1,131.3615016759421
D 記憶體,2026-03-19,-0.00522568784054803,7,2026_H1,130.675047473918
D 記憶體,2026-03-20,0.008978006053906756,7,2026_H1,131.84824884123339
D 記憶體,2026-03-23,-0.028802110250427577,7,2026_H1,128.05074104178237
D 記憶體,2026-03-24,-0.026744714054963634,7,2026_H1,124.62606058809371
D 記憶體,2026-03-25,0.004739546058854056,7,2026_H1,125.21673154238451
D 記憶體,2026-03-26,0.01973790116929673,7,2026_H1,127.68824701431042
D 記憶體,2026-03-27,-0.005694421050434853,7,2026_H1,126.96113637261902
D 記憶體,2026-03-30,0.005456787115892238,7,2026_H1,127.65393626579615
D 記憶體,2026-03-31,0.02345302775585863,7,2026_H1,130.6478075761825
D 記憶體,2026-04-01,0.008014183574395928,7,2026_H1,131.69484308969035
D 記憶體,2026-04-02,0.00026310020521055845,7,2026_H1,131.7294920299324
D 記憶體,2026-04-03,-0.008136304420763213,7,2026_H1,130.65770078158437
D 記憶體,2026-04-06,0.027754745448871774,7,2026_H1,134.2840720077121
D 記憶體,2026-04-07,0.01329341332859717,7,2026_H1,136.0691656803577
D 記憶體,2026-04-08,0.0072774286507365765,7,2026_H1,137.0593993251618
D 記憶體,2026-04-09,-0.01848518148350953,7,2026_H1,134.52583145461537
D 記憶體,2026-04-10,0.006999394129757107,7,2026_H1,135.46743076959947
D 記憶體,2026-04-13,0.027537896643031797,7,2026_H1,139.19791887662976
D 記憶體,2026-04-14,-0.002982189345785817,7,2026_H1,138.7828043260003
D 記憶體,2026-04-15,-0.0003719470785375173,7,2026_H1,138.73118446738002
D 記憶體,2026-04-16,-0.0036938718633574897,7,2026_H1,138.21872924850572
D 記憶體,2026-04-17,0.006486141030450543,7,2026_H1,139.11523541946121
D 記憶體,2026-04-20,0.02539668388460717,7,2026_H1,142.64830107694198
D 記憶體,2026-04-21,0.010731406508289538,7,2026_H1,144.1791179835155
D 記憶體,2026-04-22,0.007747196346291917,7,2026_H1,145.29610191956897
D 記憶體,2026-04-23,0.01171679981024579,7,2026_H1,146.99850725896965
D 記憶體,2026-04-24,0.0021224232664535073,7,2026_H1,147.31050031091002
D 記憶體,2026-04-27,0.0014836940870816364,7,2026_H1,147.52906402918637
D 記憶體,2026-04-28,-0.0029276463609873233,7,2026_H1,147.09715110174147
D 記憶體,2026-04-29,-0.007072800196548226,7,2026_H1,146.05676234251737
D 記憶體,2026-04-30,0.013073069762616718,7,2026_H1,147.96617258592306
D 記憶體,2026-05-01,0.01393774279010188,7,2026_H1,150.02848704106148
D 記憶體,2026-05-04,0.023130036597238383,7,2026_H1,153.49865143694956
D 記憶體,2026-05-05,-0.020644080543171635,7,2026_H1,150.3298129134169
D 記憶體,2026-05-06,-0.0017708185659137978,7,2026_H1,150.06360608969948
D 記憶體,2026-05-07,-0.009141193253843828,7,2026_H1,148.69184566606484
D 記憶體,2026-05-08,-0.0195011345232669,7,2026_H1,145.79218598121807
D 記憶體,2026-05-11,-0.008670803167537338,7,2026_H1,144.52805063320994
D 記憶體,2026-05-12,0.004025882306028022,7,2026_H1,145.10990355497887
D 記憶體,2026-05-13,-0.01764612540306822,7,2026_H1,142.54927599962062
D 記憶體,2026-05-14,-0.008826108801674466,7,2026_H1,141.29112058004804
D 記憶體,2026-05-15,-0.0033168477289088707,7,2026_H1,140.82247944763714
D 記憶體,2026-05-18,0.007025960374298885,7,2026_H1,141.81189260804672
D 記憶體,2026-05-19,0.02201113820354582,7,2026_H1,144.93333377514884
D 記憶體,2026-05-20,-0.01959438560831964,7,2026_H1,142.09345414565925
D 記憶體,2026-05-21,-0.02167680420935006,7,2026_H1,139.01332216071356
D 記憶體,2026-05-22,-0.020841677325959776,7,2026_H1,136.1160513562303
D 記憶體,2026-05-25,-0.02191573464662878,7,2026_H1,133.13296809356027
D 記憶體,2026-05-26,0.004362771570592628,7,2026_H1,133.71379682186745
D 記憶體,2026-05-27,0.021941516919789156,7,2026_H1,136.6476803572437
D 記憶體,2026-05-28,0.01578049841254224,7,2026_H1,138.80404886019878
D 記憶體,2026-05-29,0.004465850950302724,7,2026_H1,139.423927053707
D 記憶體,2026-06-01,-0.03329128956744778,7,2026_H1,134.7823247255313
D 記憶體,2026-06-02,-0.0320435673484291,7,2026_H1,130.4634182258109
D 記憶體,2026-06-03,0.011225430629954134,7,2026_H1,131.92792627685145
D 記憶體,2026-06-04,-0.014173570140322831,7,2026_H1,130.05803656029917
D 記憶體,2026-06-05,-0.016589142530602688,7,2026_H1,127.90048525455002
D 記憶體,2026-06-08,0.017751187648419847,7,2026_H1,130.17087076862748
D 記憶體,2026-06-09,-0.01890467013110261,7,2026_H1,127.71003339606818
D 記憶體,2026-06-10,0.013407326367201313,7,2026_H1,129.42228349417542
D 記憶體,2026-06-11,-0.011108559761395369,7,2026_H1,127.98458832352414
D 記憶體,2026-06-12,-0.005908051180212346,7,2026_H1,127.22844882543035
D 記憶體,2026-06-15,0.007588028903804863,7,2026_H1,128.19386197250398
D 記憶體,2026-06-16,0.012434440949833323,7,2026_H1,129.78788097933216
D 記憶體,2026-06-17,-0.0012815591943195238,7,2026_H1,129.62155012715186
D 記憶體,2026-06-18,-0.027024446358784947,7,2026_H1,126.11859949879808
D 記憶體,2026-06-19,-0.01886505307052939,7,2026_H1,123.73936542607241
D 記憶體,2026-06-22,0.004609310811764519,7,2026_H1,124.30971862097168
D 記憶體,2026-06-23,0.0004967678179872446,7,2026_H1,124.37147168864563
D 記憶體,2026-06-24,0.005249687504682686,7,2026_H1,125.02438304950851
D 記憶體,2026-06-25,-0.011894406405694204,7,2026_H1,123.53729222689645
D 記憶體,2026-06-26,-0.0007280466494828457,7,2026_H1,123.44735131520449
D 記憶體,2026-06-29,0.0053461445563936635,7,2026_H1,124.10731870043946
D 記憶體,2026-06-30,0.002823698141372253,7,2026_H1,124.4577603055846
D 記憶體,2026-07-01,0.009984278867661338,7,2026_H2,125.7003812917201
D 記憶體,2026-07-02,-0.010249805775073277,7,2026_H2,124.41197679762733
D 記憶體,2026-07-03,0.025525558448790182,7,2026_H2,127.58766198310468
D 記憶體,2026-07-06,-0.016166763563771266,7,2026_H2,125.52498241816946
D 記憶體,2026-07-07,-0.018057579444932793,7,2026_H2,123.25830507582957
D 記憶體,2026-07-08,0.0049849614127941335,7,2026_H2,123.872742970439
D 記憶體,2026-07-09,0.010916619986195478,7,2026_H2,125.22501463209494
D 記憶體,2026-07-10,-0.0042235775456756,7,2026_H2,124.69611707213794
D 記憶體,2026-07-13,0.036177650438249644,7,2026_H2,129.2073296065808
D 記憶體,2026-07-14,0.03217541962801672,7,2026_H2,133.36462965568796
D 記憶體,2026-07-15,0.017038120964930323,7,2026_H2,135.63691234820473
D 記憶體,2026-07-16,0.001925629526785788,7,2026_H2,135.8980987915445
D 記憶體,2026-07-17,0.02216343115493137,7,2026_H2,138.91006694819697
D 記憶體,2026-07-20,0.011066414263977786,7,2026_H2,140.4473032944826
D 記憶體,2026-07-21,-0.0071914551415284775,7,2026_H2,139.43728281309168
D 記憶體,2026-07-22,-0.016032801556275678,7,2026_H2,137.2017125282031
D 記憶體,2026-07-23,0.017807136877981865,7,2026_H2,139.64488220308633
D 記憶體,2026-07-24,0.00907207786451233,7,2026_H2,140.9117514478134
D 記憶體,2026-07-27,-0.024522352943383736,7,2026_H2,137.45626374493975
D 記憶體,2026-07-28,0.0006727294272201118,7,2026_H2,137.5487346185167
D 記憶體,2026-07-29,0.004834404708671539,7,2026_H2,138.21370086882825
D 記憶體,2026-07-30,0.0010822078642431308,7,2026_H2,138.36327682285466
D 記憶體,2026-07-31,0.0077877069350848205,7,2026_H2,139.44080947332907
D 記憶體,2026-08-03,-0.007667462611413834,7,2026_H2,138.37165228018705
D 記憶體,2026-08-04,0.02396514207607394,7,2026_H2,141.68774858638284
D 記憶體,2026-08-05,-0.016194473287592496,7,2026_H2,139.39319012672155
D 記憶體,2026-08-06,0.016747563131312725,7,2026_H2,141.72768637844388
D 記憶體,2026-08-07,-0.0062914674676336525,7,2026_H2,140.83601125033093
D 記憶體,2026-08-10,-0.014888641131656123,7,2026_H2,138.73915442041084
D 記憶體,2026-08-11,-0.019393834998581532,7,2026_H2,136.04847015173868
D 記憶體,2026-08-12,0.006051648511953226,7,2026_H2,136.871787673686
D 記憶體,2026-08-13,-0.015586583368301122,7,2026_H2,134.73842414434165
D 記憶體,2026-08-14,0.02286284261013957,7,2026_H2,137.81892752909198
E IC 設計與 IP,2025-01-02,0.0,17,2025_H1,29.986368426190296
E IC 設計與 IP,2025-01-03,-0.023595138732239118,17,2025_H1,29.278835903098305
E IC 設計與 IP,2025-01-06,0.0015307793117747956,17,2025_H1,29.32365533937161
E IC 設計與 IP,2025-01-07,0.031271034165102504,17,2025_H1,30.24063636733479
E IC 設計與 IP,2025-01-08,0.013884159674059662,17,2025_H1,30.66050219130405
E IC 設計與 IP,2025-01-09,-0.0016863145633839401,17,2025_H1,30.60879893993819
E IC 設計與 IP,2025-01-10,0.011287417656714453,17,2025_H1,30.95429323754367
E IC 設計與 IP,2025-01-13,0.007354394297222862,17,2025_H1,31.18194331520443
E IC 設計與 IP,2025-01-14,-0.00893665765560437,17,2025_H1,30.903280962759982
E IC 設計與 IP,2025-01-15,-0.011289007262768477,17,2025_H1,30.554413599528015
E IC 設計與 IP,2025-01-16,0.006224650796062463,17,2025_H1,30.744604154463534
E IC 設計與 IP,2025-01-17,0.010181832884111789,17,2025_H1,31.05764057605246
E IC 設計與 IP,2025-01-20,0.00046418349855669876,17,2025_H1,31.072057020311966
E IC 設計與 IP,2025-01-21,0.012973447329691483,17,2025_H1,31.475168715490152
E IC 設計與 IP,2025-01-22,-0.011058024589491223,17,2025_H1,31.12711552587588
E IC 設計與 IP,2025-01-23,0.003448114530565255,17,2025_H1,31.234445385215224
E IC 設計與 IP,2025-01-24,-0.007241157607865141,17,2025_H1,31.008271843386627
E IC 設計與 IP,2025-01-27,0.007390151478603386,17,2025_H1,31.23742766939897
E IC 設計與 IP,2025-01-28,0.01838629445670645,17,2025_H1,31.811768212598604
E IC 設計與 IP,2025-01-29,0.015226012136122636,17,2025_H1,32.29613458147515
E IC 設計與 IP,2025-01-30,-0.01178994709340621,17,2025_H1,31.915364863438036
E IC 設計與 IP,2025-01-31,-0.010301805402032713,17,2025_H1,31.586578985280024
E IC 設計與 IP,2025-02-03,0.03376864967422517,17,2025_H1,32.653215105441184
E IC 設計與 IP,2025-02-04,0.0109500973904253,17,2025_H1,33.01077099095627
E IC 設計與 IP,2025-02-05,-0.03294754818862355,17,2025_H1,31.923147022988122
E IC 設計與 IP,2025-02-06,0.006731342710250124,17,2025_H1,32.138032665989556
E IC 設計與 IP,2025-02-07,0.016866734932954666,17,2025_H1,32.68009634423345
E IC 設計與 IP,2025-02-10,0.0105559427524152,17,2025_H1,33.02506557038659
E IC 設計與 IP,2025-02-11,0.00511505882603127,17,2025_H1,33.193990723512655
E IC 設計與 IP,2025-02-12,0.018015624477171897,17,2025_H1,33.79200119528619
E IC 設計與 IP,2025-02-13,0.011925693697182485,17,2025_H1,34.19499425095599
E IC 設計與 IP,2025-02-14,-0.007881739359423842,17,2025_H1,33.92547821887297
E IC 設計與 IP,2025-02-17,0.014375322787726052,17,2025_H1,34.41316791899724
E IC 設計與 IP,2025-02-18,-0.005475332401679711,17,2025_H1,34.22474438564591
E IC 設計與 IP,2025-02-19,-0.013697391554783011,17,2025_H1,33.755954660933355
E IC 設計與 IP,2025-02-20,0.00783091013774249,17,2025_H1,34.02029450849683
E IC 設計與 IP,2025-02-21,0.015256226884582412,17,2025_H1,34.539315840198775
E IC 設計與 IP,2025-02-24,-0.010868073832969248,17,2025_H1,34.16394000550725
E IC 設計與 IP,2025-02-25,-0.001474256490179372,17,2025_H1,34.11357359522403
E IC 設計與 IP,2025-02-26,0.0029859838460526067,17,2025_H1,34.2154361749105
E IC 設計與 IP,2025-02-27,-0.0029984265031925274,17,2025_H1,34.11284370426536
E IC 設計與 IP,2025-02-28,-0.02431034720075785,17,2025_H1,33.283548629809474
E IC 設計與 IP,2025-03-03,-0.007030856367435154,17,2025_H1,33.04953677999474
E IC 設計與 IP,2025-03-04,-0.014995094632809408,17,2025_H1,32.5539558484082
E IC 設計與 IP,2025-03-05,0.01769487217532348,17,2025_H1,33.12999393594691
E IC 設計與 IP,2025-03-06,0.03217671812249511,17,2025_H1,34.19600841222385
E IC 設計與 IP,2025-03-07,0.031510281210863925,17,2025_H1,35.273534253582085
E IC 設計與 IP,2025-03-10,0.002137549352498788,17,2025_H1,35.34893317388618
E IC 設計與 IP,2025-03-11,0.016188916839638114,17,2025_H1,35.92119411340814
E IC 設計與 IP,2025-03-12,0.00876889174369565,17,2025_H1,36.23618317589289
E IC 設計與 IP,2025-03-13,0.011979696411070745,17,2025_H1,36.67028164943604
E IC 設計與 IP,2025-03-14,-0.003857139265162717,17,2025_H1,36.528839266221425
E IC 設計與 IP,2025-03-17,-0.009692231851741862,17,2025_H1,36.17479328677819
E IC 設計與 IP,2025-03-18,-0.037604691422337966,17,2025_H1,34.814451347962034
E IC 設計與 IP,2025-03-19,-0.011609578373141239,17,2025_H1,34.41027024651996
E IC 設計與 IP,2025-03-20,-0.006837836076465311,17,2025_H1,34.17497845922738
E IC 設計與 IP,2025-03-21,0.024751660069506,17,2025_H1,35.02086590893286
E IC 設計與 IP,2025-03-24,0.0065701039976648395,17,2025_H1,35.25095664004282
E IC 設計與 IP,2025-03-25,-0.0011350796887299377,17,2025_H1,35.21094399515241
E IC 設計與 IP,2025-03-26,0.011088620595880127,17,2025_H1,35.60138479393744
E IC 設計與 IP,2025-03-27,0.008253064993649702,17,2025_H1,35.89520533650573
E IC 設計與 IP,2025-03-28,0.017239752805282452,17,2025_H1,36.514029803401954
E IC 設計與 IP,2025-03-31,0.01157141087898923,17,2025_H1,36.93654864510478
E IC 設計與 IP,2025-04-01,0.039954488856617024,17,2025_H1,38.4123295663475
E IC 設計與 IP,2025-04-02,0.03244970278961069,17,2025_H1,39.65879824423206
E IC 設計與 IP,2025-04-03,0.010247898336688396,17,2025_H1,40.0652175767942
E IC 設計與 IP,2025-04-04,-0.008070573804308133,17,2025_H1,39.74186828135501
E IC 設計與 IP,2025-04-07,0.013980074457701061,17,2025_H1,40.297462559016495
E IC 設計與 IP,2025-04-08,0.026048861388879966,17,2025_H1,41.3471655755399
E IC 設計與 IP,2025-04-09,-0.0048387288761485795,17,2025_H1,41.147097851522645
E IC 設計與 IP,2025-04-10,0.018371485848395198,17,2025_H1,41.90303117740443
E IC 設計與 IP,2025-04-11,0.008693545267092961,17,2025_H1,42.26731707577359
E IC 設計與 IP,2025-04-14,0.010189041719666132,17,2025_H1,42.69798053283701
E IC 設計與 IP,2025-04-15,-0.011532654097588593,17,2025_H1,42.20555949268622
E IC 設計與 IP,2025-04-16,-0.006858355074027366,17,2025_H1,41.916098779587394
E IC 設計與 IP,2025-04-17,0.01982359062319662,17,2025_H1,42.74702636231541
E IC 設計與 IP,2025-04-18,0.01631741756531682,17,2025_H1,43.44454744114492
E IC 設計與 IP,2025-04-21,0.001997135455095401,17,2025_H1,43.5313120871702
E IC 設計與 IP,2025-04-22,-0.018856401129092624,17,2025_H1,42.710468204778806
E IC 設計與 IP,2025-04-23,-0.022065043652479705,17,2025_H1,41.76805985942251
E IC 設計與 IP,2025-04-24,0.0016163870849807565,17,2025_H1,41.835573211943995
E IC 設計與 IP,2025-04-25,-0.003963065987106483,17,2025_H1,41.669776074696635
E IC 設計與 IP,2025-04-28,0.004446019803016599,17,2025_H1,41.855040724312
E IC 設計與 IP,2025-04-29,0.009669997302420255,17,2025_H1,42.25977885520879
E IC 設計與 IP,2025-04-30,-0.014115650247610646,17,2025_H1,41.66325459734729
E IC 設計與 IP,2025-05-01,-0.017526566456997742,17,2025_H1,40.93304079683207
E IC 設計與 IP,2025-05-02,0.009744989650943238,17,2025_H1,41.33193285577883
E IC 設計與 IP,2025-05-05,0.023799450160126898,17,2025_H1,42.31561013180164
E IC 設計與 IP,2025-05-06,0.023682704278774915,17,2025_H1,43.317758212929036
E IC 設計與 IP,2025-05-07,-0.00803219102952863,17,2025_H1,42.96982170399185
E IC 設計與 IP,2025-05-08,0.0082873574961481,17,2025_H1,43.32592797799858
E IC 設計與 IP,2025-05-09,-0.0013491281403539969,17,2025_H1,43.26747574935651
E IC 設計與 IP,2025-05-12,-0.007702977097726382,17,2025_H1,42.93418737458279
E IC 設計與 IP,2025-05-13,0.0021116596283557256,17,2025_H1,43.02484976473795
E IC 設計與 IP,2025-05-14,0.00037629017109108373,17,2025_H1,43.041039592817086
E IC 設計與 IP,2025-05-15,-0.01470438218378407,17,2025_H1,42.40814769705692
E IC 設計與 IP,2025-05-16,0.02490996462701007,17,2025_H1,43.464533156087626
E IC 設計與 IP,2025-05-19,0.015254595742209678,17,2025_H1,44.127567038507614
E IC 設計與 IP,2025-05-20,0.030424674693901164,17,2025_H1,45.47013391068752
E IC 設計與 IP,2025-05-21,0.0037396594972012014,17,2025_H1,45.64017672880564
E IC 設計與 IP,2025-05-22,0.006037148430453917,17,2025_H1,45.9157132501096
E IC 設計與 IP,2025-05-23,-0.006538250170994062,17,2025_H1,45.61550483010075
E IC 設計與 IP,2025-05-26,-0.021698663845452344,17,2025_H1,44.62570932465178
E IC 設計與 IP,2025-05-27,-0.002623080953910167,17,2025_H1,44.50865247646756
E IC 設計與 IP,2025-05-28,0.025455669489871238,17,2025_H1,45.641650023348056
E IC 設計與 IP,2025-05-29,-0.015996859122890256,17,2025_H1,44.9115269777883
E IC 設計與 IP,2025-05-30,-0.014216713307835862,17,2025_H1,44.27303267452795
E IC 設計與 IP,2025-06-02,-0.026632645079842532,17,2025_H1,43.093924708698964
E IC 設計與 IP,2025-06-03,0.004117818696868844,17,2025_H1,43.2713776775859
E IC 設計與 IP,2025-06-04,-0.00515449997455778,17,2025_H1,43.048335362447716
E IC 設計與 IP,2025-06-05,-0.008049250256997008,17,2025_H1,42.70182853796823
E IC 設計與 IP,2025-06-06,0.028946956406545418,17,2025_H1,43.93791650713658
E IC 設計與 IP,2025-06-09,0.01848342091304779,17,2025_H1,44.75003951198033
E IC 設計與 IP,2025-06-10,0.03325598707455636,17,2025_H1,46.23824624757664
E IC 設計與 IP,2025-06-11,0.01733446502228299,17,2025_H1,47.03976150984697
E IC 設計與 IP,2025-06-12,-0.003865822586643709,17,2025_H1,46.857914137331875
E IC 設計與 IP,2025-06-13,0.005853127926454945,17,2025_H1,47.132179503144506
E IC 設計與 IP,2025-06-16,-0.007731222862403194,17,2025_H1,46.767790119414904
E IC 設計與 IP,2025-06-17,0.008231707577566545,17,2025_H1,47.152768891726936
E IC 設計與 IP,2025-06-18,0.0108986167802922,17,2025_H1,47.666668850007554
E IC 設計與 IP,2025-06-19,0.016975208142340516,17,2025_H1,48.47582047518844
E IC 設計與 IP,2025-06-20,-0.01926805315463882,17,2025_H1,47.541785789557785
E IC 設計與 IP,2025-06-23,0.013794786411703848,17,2025_H1,48.1976145701557
E IC 設計與 IP,2025-06-24,-0.006895582274222961,17,2025_H1,47.865263953465906
E IC 設計與 IP,2025-06-25,0.0015201646667469277,17,2025_H1,47.93802703649248
E IC 設計與 IP,2025-06-26,-0.01358633986953397,17,2025_H1,47.28672470849978
E IC 設計與 IP,2025-06-27,-0.012484976224149853,17,2025_H1,46.69635107479625
E IC 設計與 IP,2025-06-30,-0.014660399981206974,17,2025_H1,46.01176389037687
E IC 設計與 IP,2025-07-01,0.003909321151398323,16,2025_H2,46.19163865216667
E IC 設計與 IP,2025-07-02,0.019621322496686116,16,2025_H2,47.097979690811215
E IC 設計與 IP,2025-07-03,-0.0007648174630902098,16,2025_H2,47.06195833346742
E IC 設計與 IP,2025-07-04,0.001618714384113141,16,2025_H2,47.138138202366335
E IC 設計與 IP,2025-07-07,0.007284066589094554,16,2025_H2,47.48149553991831
E IC 設計與 IP,2025-07-08,-0.02002774545096643,16,2025_H2,46.53054823361362
E IC 設計與 IP,2025-07-09,0.029458795417630912,16,2025_H2,47.90128213469785
E IC 設計與 IP,2025-07-10,-0.016111606463419605,16,2025_H2,47.129515527850366
E IC 設計與 IP,2025-07-11,0.01675435455173233,16,2025_H2,47.91914014085535
E IC 設計與 IP,2025-07-14,0.018333029588133563,16,2025_H2,48.797643154895574
E IC 設計與 IP,2025-07-15,-0.00687793198674761,16,2025_H2,48.462016284162615
E IC 設計與 IP,2025-07-16,0.003894920617664043,16,2025_H2,48.650771990561374
E IC 設計與 IP,2025-07-17,0.005698873701778374,16,2025_H2,48.9280265956296
E IC 設計與 IP,2025-07-18,0.03957771232964876,16,2025_H2,50.86448595708884
E IC 設計與 IP,2025-07-21,0.006194111202062711,16,2025_H2,51.179546239342805
E IC 設計與 IP,2025-07-22,0.026862716129968333,16,2025_H2,52.55436786163086
E IC 設計與 IP,2025-07-23,-0.00841250718881832,16,2025_H2,52.11225386419108
E IC 設計與 IP,2025-07-24,0.0003219493299725009,16,2025_H2,52.12903136940602
E IC 設計與 IP,2025-07-25,-0.01624844230598538,16,2025_H2,51.28201581073332
E IC 設計與 IP,2025-07-28,0.012520718993967181,16,2025_H2,51.92410352014369
E IC 設計與 IP,2025-07-29,0.004621708983088467,16,2025_H2,52.16408161582155
E IC 設計與 IP,2025-07-30,0.013420310444591424,16,2025_H2,52.864139785162884
E IC 設計與 IP,2025-07-31,0.008795349991785903,16,2025_H2,53.32909839658808
E IC 設計與 IP,2025-08-01,0.029353204233792337,16,2025_H2,54.89447831342714
E IC 設計與 IP,2025-08-04,-0.029631389706366883,16,2025_H2,53.267878633794275
E IC 設計與 IP,2025-08-05,0.0017186426739387276,16,2025_H2,53.3594270831645
E IC 設計與 IP,2025-08-06,0.025763740906223662,16,2025_H2,54.73416553743969
E IC 設計與 IP,2025-08-07,0.006552599647643772,16,2025_H2,55.09281661125439
E IC 設計與 IP,2025-08-08,0.001859483512326107,16,2025_H2,55.19526079539062
E IC 設計與 IP,2025-08-11,-0.019692316637532088,16,2025_H2,54.10833824291663
E IC 設計與 IP,2025-08-12,-0.005710252830732228,16,2025_H2,53.79936595129879
E IC 設計與 IP,2025-08-13,0.009271597251091489,16,2025_H2,54.298172004763316
E IC 設計與 IP,2025-08-14,0.016974153256310062,16,2025_H2,55.21983749790966
E IC 設計與 IP,2025-08-15,0.004505502915058719,16,2025_H2,55.468630636725564
E IC 設計與 IP,2025-08-18,0.011768640721998135,16,2025_H2,56.121421022030404
E IC 設計與 IP,2025-08-19,-0.0071333761404472175,16,2025_H2,55.72108581634386
E IC 設計與 IP,2025-08-20,0.0028810465149645115,16,2025_H2,55.881620856445075
E IC 設計與 IP,2025-08-21,0.002894494971227351,16,2025_H2,56.04336992699809
E IC 設計與 IP,2025-08-22,0.001195901228380668,16,2025_H2,56.110392261936376
E IC 設計與 IP,2025-08-25,-0.01250971664999218,16,2025_H2,55.40846715361964
E IC 設計與 IP,2025-08-26,0.0573077026338715,16,2025_H2,58.58379911265791
E IC 設計與 IP,2025-08-27,0.018136694316872717,16,2025_H2,59.64631556908527
E IC 設計與 IP,2025-08-28,-0.001263359464019354,16,2025_H2,59.570960831817175
E IC 設計與 IP,2025-08-29,5.5328674655087814e-05,16,2025_H2,59.574256814127935
E IC 設計與 IP,2025-09-01,0.023703091072097206,16,2025_H2,60.98635084894572
E IC 設計與 IP,2025-09-02,0.016683472804599798,16,2025_H2,62.00381497478588
E IC 設計與 IP,2025-09-03,0.032479436971840185,16,2025_H2,64.01766397527308
E IC 設計與 IP,2025-09-04,0.03980460530604893,16,2025_H2,66.5658618224241
E IC 設計與 IP,2025-09-05,-0.0042787902693157374,16,2025_H2,66.28104046058968
E IC 設計與 IP,2025-09-08,0.003644143334995405,16,2025_H2,66.5225780724207
E IC 設計與 IP,2025-09-09,-0.008151351093514255,16,2025_H2,65.98032918290669
E IC 設計與 IP,2025-09-10,-0.014721879425963199,16,2025_H2,65.00897473219057
E IC 設計與 IP,2025-09-11,0.03062690344285034,16,2025_H2,66.99999832423207
E IC 設計與 IP,2025-09-12,0.035978868910611035,16,2025_H2,69.41058248095078
E IC 設計與 IP,2025-09-15,0.015929535704023026,16,2025_H2,70.51626083281813
E IC 設計與 IP,2025-09-16,0.012109616794810409,16,2025_H2,71.37018572930646
E IC 設計與 IP,2025-09-17,0.029500850671578868,16,2025_H2,73.47566692090957
E IC 設計與 IP,2025-09-18,0.009196050354273615,16,2025_H2,74.1513528537281
E IC 設計與 IP,2025-09-19,0.02963061820578343,16,2025_H2,76.34850327957925
E IC 設計與 IP,2025-09-22,-0.0010724111959037812,16,2025_H2,76.26662628987174
E IC 設計與 IP,2025-09-23,0.0325897173388327,16,2025_H2,78.75213408304505
E IC 設計與 IP,2025-09-24,0.020217463101070813,16,2025_H2,80.34430244799958
E IC 設計與 IP,2025-09-25,0.019282362944342546,16,2025_H2,81.89353044831194
E IC 設計與 IP,2025-09-26,-0.00201866634518315,16,2025_H2,81.72821473450772
E IC 設計與 IP,2025-09-29,0.011687906197525728,16,2025_H2,82.68344644201586
E IC 設計與 IP,2025-09-30,0.018263916858205994,16,2025_H2,84.19357003338277
E IC 設計與 IP,2025-10-01,0.0023127635167908395,16,2025_H2,84.38828985050435
E IC 設計與 IP,2025-10-02,0.006594764809505759,16,2025_H2,84.94481077474482
E IC 設計與 IP,2025-10-03,0.01462581146893993,16,2025_H2,86.18719756240101
E IC 設計與 IP,2025-10-06,0.029562969594032873,16,2025_H2,88.73514706333319
E IC 設計與 IP,2025-10-07,-0.004035897958362389,16,2025_H2,88.3770210644653
E IC 設計與 IP,2025-10-08,-0.004024104818989533,16,2025_H2,88.02138266811184
E IC 設計與 IP,2025-10-09,0.011648898621891056,16,2025_H2,89.04673483137135
E IC 設計與 IP,2025-10-10,-0.003797222943609336,16,2025_H2,88.70860452681617
E IC 設計與 IP,2025-10-13,-0.010067745816604603,16,2025_H2,87.81550884469449
E IC 設計與 IP,2025-10-14,0.007692934974164185,16,2025_H2,88.49106784395985
E IC 設計與 IP,2025-10-15,0.004178184190560267,16,2025_H2,88.8607998246313
E IC 設計與 IP,2025-10-16,0.0018214591196116189,16,2025_H2,89.02265613884785
E IC 設計與 IP,2025-10-17,0.01218271468610353,16,2025_H2,90.10719375918654
E IC 設計與 IP,2025-10-20,0.04215885096604075,16,2025_H2,93.90600951184823
E IC 設計與 IP,2025-10-21,0.01978918258230306,16,2025_H2,95.76433267965369
E IC 設計與 IP,2025-10-22,-0.005057169700767893,16,2025_H2,95.2800361980119
E IC 設計與 IP,2025-10-23,-0.010410085635120879,16,2025_H2,94.28816286187316
E IC 設計與 IP,2025-10-24,-0.012216070621191507,16,2025_H2,93.13633200561011
E IC 設計與 IP,2025-10-27,-0.015111970586551367,16,2025_H2,91.72885849580206
E IC 設計與 IP,2025-10-28,0.03331117372437235,16,2025_H2,94.78445443669409
E IC 設計與 IP,2025-10-29,0.02033853061255956,16,2025_H2,96.71223096484955
E IC 設計與 IP,2025-10-30,-0.010192503071716584,16,2025_H2,95.72649125366776
E IC 設計與 IP,2025-10-31,0.01242260589714739,16,2025_H2,96.91566372842883
E IC 設計與 IP,2025-11-03,-0.0088821771474688,16,2025_H2,96.0548416348284
E IC 設計與 IP,2025-11-04,-0.006891175412020711,16,2025_H2,95.39291087194893
E IC 設計與 IP,2025-11-05,-0.0030041350098237427,16,2025_H2,95.1063376887095
E IC 設計與 IP,2025-11-06,-0.0016403083235705025,16,2025_H2,94.9503339713744
E IC 設計與 IP,2025-11-07,-0.0079073649866374,16,2025_H2,94.19952702505962
E IC 設計與 IP,2025-11-10,0.0016902560033105,16,2025_H2,94.35874834112273
E IC 設計與 IP,2025-11-11,-0.010128383824993398,16,2025_H2,93.40304672067789
E IC 設計與 IP,2025-11-12,-0.010467086721662959,16,2025_H2,92.42538893058503
E IC 設計與 IP,2025-11-13,-0.019863755755339715,16,2025_H2,90.5894735792756
E IC 設計與 IP,2025-11-14,0.019786096915895,16,2025_H2,92.38188568307505
E IC 設計與 IP,2025-11-17,0.013676694790714797,16,2025_H2,93.64536453775318
E IC 設計與 IP,2025-11-18,0.006893512449332888,16,2025_H2,94.29091002401648
E IC 設計與 IP,2025-11-19,-0.023150609317662964,16,2025_H2,92.10801800384357
E IC 設計與 IP,2025-11-20,-0.001116001595198627,16,2025_H2,92.00522530882071
E IC 設計與 IP,2025-11-21,-6.41402409698108e-06,16,2025_H2,92.00463518508852
E IC 設計與 IP,2025-11-24,-0.0035172259696930643,16,2025_H2,91.6810340928834
E IC 設計與 IP,2025-11-25,-0.0023105981683897996,16,2025_H2,91.46919606343229
E IC 設計與 IP,2025-11-26,-0.020851020540557232,16,2025_H2,89.56196997748542
E IC 設計與 IP,2025-11-27,-0.022551083682484215,16,2025_H2,87.54225049775499
E IC 設計與 IP,2025-11-28,-0.0005048200636434222,16,2025_H2,87.49805741328723
E IC 設計與 IP,2025-12-01,0.06797477111754635,16,2025_H2,93.44571783918535
E IC 設計與 IP,2025-12-02,-0.0060396524668721255,16,2025_H2,92.8813381789193
E IC 設計與 IP,2025-12-03,0.0034174329085770103,16,2025_H2,93.19875392060459
E IC 設計與 IP,2025-12-04,0.017538095803670377,16,2025_H2,94.83328259564686
E IC 設計與 IP,2025-12-05,0.023973400349917993,16,2025_H2,97.10675884580921
E IC 設計與 IP,2025-12-08,0.0068382178435926555,16,2025_H2,97.77079601688206
E IC 設計與 IP,2025-12-09,0.01973489426828748,16,2025_H2,99.70029233880153
E IC 設計與 IP,2025-12-10,0.014803198271878175,16,2025_H2,101.17617553405702
E IC 設計與 IP,2025-12-11,-0.009786832918653258,16,2025_H2,100.18598120875689
E IC 設計與 IP,2025-12-12,0.016126166383640474,16,2025_H2,101.80159701103759
E IC 設計與 IP,2025-12-15,0.004295059872484232,16,2025_H2,102.2388409653145
E IC 設計與 IP,2025-12-16,0.024202136921345957,16,2025_H2,104.71323939303674
E IC 設計與 IP,2025-12-17,-0.00641722498810565,16,2025_H2,104.04127097661825
E IC 設計與 IP,2025-12-18,-0.026162617870578646,16,2025_H2,101.31927896128768
E IC 設計與 IP,2025-12-19,0.029604390976306412,16,2025_H2,104.31877450909509
E IC 設計與 IP,2025-12-22,0.005014494730258564,16,2025_H2,104.84188045413798
E IC 設計與 IP,2025-12-23,0.000928073337551906,16,2025_H2,104.93918140804628
E IC 設計與 IP,2025-12-24,-0.019017036052539713,16,2025_H2,102.94354921188547
E IC 設計與 IP,2025-12-25,-0.008020819975962342,16,2025_H2,102.1178575359703
E IC 設計與 IP,2025-12-26,0.003460059861248074,16,2025_H2,102.47119143594715
E IC 設計與 IP,2025-12-29,0.0022722419169838217,16,2025_H2,102.70403077241119
E IC 設計與 IP,2025-12-30,0.008667435502718512,16,2025_H2,103.59421133500028
E IC 設計與 IP,2025-12-31,-0.007853196475480126,16,2025_H2,102.78066563966411
E IC 設計與 IP,2026-01-01,-0.015469356381430857,18,2026_H1,101.19071489376346
E IC 設計與 IP,2026-01-02,-0.01176703707463235,18,2026_H1,100.00000000000001
E IC 設計與 IP,2026-01-05,-0.02963825283136136,18,2026_H1,97.03617471686387
E IC 設計與 IP,2026-01-06,0.012675943983285172,18,2026_H1,98.2661998319271
E IC 設計與 IP,2026-01-07,0.002505779399526857,18,2026_H1,98.51243325113573
E IC 設計與 IP,2026-01-08,0.0005209850868541644,18,2026_H1,98.56375675972929
E IC 設計與 IP,2026-01-09,-0.00752108787478895,18,2026_H1,97.82245008387002
E IC 設計與 IP,2026-01-12,0.006287369905909386,18,2026_H1,98.43749601264967
E IC 設計與 IP,2026-01-13,-0.028732466461224297,18,2026_H1,95.60914395993933
E IC 設計與 IP,2026-01-14,0.006101928882906293,18,2026_H1,96.19254415693844
E IC 設計與 IP,2026-01-15,0.01483918076941433,18,2026_H1,97.61996270835313
E IC 設計與 IP,2026-01-16,0.01345099636280775,18,2026_H1,98.9330484716806
E IC 設計與 IP,2026-01-19,0.01742983007127721,18,2026_H1,100.65743469497542
E IC 設計與 IP,2026-01-20,0.0005251424790164412,18,2026_H1,100.71029418976258
E IC 設計與 IP,2026-01-21,-0.01902259610044992,18,2026_H1,98.79452294023324
E IC 設計與 IP,2026-01-22,0.013374771720817939,18,2026_H1,100.11587713182597
E IC 設計與 IP,2026-01-23,0.0007845005194573655,18,2026_H1,100.19441808944181
E IC 設計與 IP,2026-01-26,-0.016179450055943203,18,2026_H1,98.5733275060794
E IC 設計與 IP,2026-01-27,-0.0026601713771551272,18,2026_H1,98.31110556169678
E IC 設計與 IP,2026-01-28,0.030061201117465856,18,2026_H1,101.26645547806736
E IC 設計與 IP,2026-01-29,-0.01880443493119293,18,2026_H1,99.36219700531751
E IC 設計與 IP,2026-01-30,-0.0022857159016331603,18,2026_H1,99.13508325160124
E IC 設計與 IP,2026-02-02,-0.004746302858291557,18,2026_H1,98.66455812260719
E IC 設計與 IP,2026-02-03,0.018680195088664267,18,2026_H1,100.50763131667436
E IC 設計與 IP,2026-02-04,0.011378431584019646,18,2026_H1,101.65125052328303
E IC 設計與 IP,2026-02-05,0.012807457441132012,18,2026_H1,102.95314458819783
E IC 設計與 IP,2026-02-06,-0.00964485855116365,18,2026_H1,101.96017607124715
E IC 設計與 IP,2026-02-09,0.03306802632883999,18,2026_H1,105.33179785806433
E IC 設計與 IP,2026-02-10,-0.002575740135745831,18,2026_H1,105.06049051875105
E IC 設計與 IP,2026-02-11,0.019029595511024205,18,2026_H1,107.05974915751267
E IC 設計與 IP,2026-02-12,-0.00038859655398635804,18,2026_H1,107.01814610791943
E IC 設計與 IP,2026-02-13,0.01470432214931867,18,2026_H1,108.59177540411312
E IC 設計與 IP,2026-02-16,0.021813812905625733,18,2026_H1,110.96057607586818
E IC 設計與 IP,2026-02-17,0.0014808527487729707,18,2026_H1,111.12489234995559
E IC 設計與 IP,2026-02-18,0.02494876901294967,18,2026_H1,113.89732162078353
E IC 設計與 IP,2026-02-19,-0.002229561647687861,18,2026_H1,113.64338052072345
E IC 設計與 IP,2026-02-20,-0.01382435709955188,18,2026_H1,112.07233384640472
E IC 設計與 IP,2026-02-23,0.028680605430183345,18,2026_H1,115.28663623309323
E IC 設計與 IP,2026-02-24,-0.005753252727127791,18,2026_H1,114.62336307878381
E IC 設計與 IP,2026-02-25,-0.005563189701122141,18,2026_H1,113.98569156579593
E IC 設計與 IP,2026-02-26,-0.008136864391814528,18,2026_H1,113.05820545091785
E IC 設計與 IP,2026-02-27,0.02206527548605217,18,2026_H1,115.55286590015105
E IC 設計與 IP,2026-03-02,0.009182843600224673,18,2026_H1,116.61396979526987
E IC 設計與 IP,2026-03-03,-0.0010445491921067137,18,2026_H1,116.49216076733185
E IC 設計與 IP,2026-03-04,-0.016519694065539704,18,2026_H1,114.56774591042188
E IC 設計與 IP,2026-03-05,-0.02337606023920307,18,2026_H1,111.88960338055014
E IC 設計與 IP,2026-03-06,0.008159145540008758,18,2026_H1,112.80252693894592
E IC 設計與 IP,2026-03-09,0.008472415188220615,18,2026_H1,113.75823678145309
E IC 設計與 IP,2026-03-10,0.030511342267628982,18,2026_H1,117.229153279654
E IC 設計與 IP,2026-03-11,0.01804669545416386,18,2026_H1,119.34475210724142
E IC 設計與 IP,2026-03-12,0.016090722411475567,18,2026_H1,121.2650953846654
E IC 設計與 IP,2026-03-13,0.006409650569360121,18,2026_H1,122.04236227234121
E IC 設計與 IP,2026-03-16,-0.0008336488086521318,18,2026_H1,121.94062180242781
E IC 設計與 IP,2026-03-17,-0.0004678163285798968,18,2026_H1,121.88357598843145
E IC 設計與 IP,2026-03-18,-0.01922241210846069,18,2026_H1,119.54067966152893
E IC 設計與 IP,2026-03-19,-0.005682444109817847,18,2026_H1,118.86139643050267
E IC 設計與 IP,2026-03-20,0.000196225974913629,18,2026_H1,118.88472012389683
E IC 設計與 IP,2026-03-23,-0.02640502191957537,18,2026_H1,115.74556648312274
E IC 設計與 IP,2026-03-24,-0.03267731853851563,18,2026_H1,111.9633117377328
E IC 設計與 IP,2026-03-25,-0.0025355981095215455,18,2026_H1,111.67941777615484
E IC 設計與 IP,2026-03-26,0.019217760900800292,18,2026_H1,113.82564612451756
E IC 設計與 IP,2026-03-27,-0.010253930630169886,18,2026_H1,112.65848584522249
E IC 設計與 IP,2026-03-30,0.006469841083876282,18,2026_H1,113.38736834539121
E IC 設計與 IP,2026-03-31,0.01890414541860366,18,2026_H1,115.53085964522526
E IC 設計與 IP,2026-04-01,0.008894416940740696,18,2026_H1,116.5584392804321
E IC 設計與 IP,2026-04-02,-0.0012902046713324307,18,2026_H1,116.40805503758926
E IC 設計與 IP,2026-04-03,-0.014877993798643761,18,2026_H1,114.67613671662781
E IC 設計與 IP,2026-04-06,0.021924185503147314,18,2026_H1,117.19031761078746
E IC 設計與 IP,2026-04-07,0.012870322885285201,18,2026_H1,118.69859483746741
E IC 設計與 IP,2026-04-08,0.0016122770521231858,18,2026_H1,118.88996985804313
E IC 設計與 IP,2026-04-09,-0.019205688431451626,18,2026_H1,116.60660613932487
E IC 設計與 IP,2026-04-10,0.001407840106122203,18,2026_H1,116.77076959608661
E IC 設計與 IP,2026-04-13,0.024246818213391034,18,2026_H1,119.60208921912069
E IC 設計與 IP,2026-04-14,-0.0009813542956196646,18,2026_H1,119.48471719510043
E IC 設計與 IP,2026-04-15,0.002620708959048814,18,2026_H1,119.79785186392304
E IC 設計與 IP,2026-04-16,-0.007747119050703978,18,2026_H1,118.86976364351462
E IC 設計與 IP,2026-04-17,0.002056351640257295,18,2026_H1,119.11420167695995
E IC 設計與 IP,2026-04-20,0.019847022697312606,18,2026_H1,121.47826394121485
E IC 設計與 IP,2026-04-21,0.009625672418086149,18,2026_H1,122.64757391583078
E IC 設計與 IP,2026-04-22,0.010718907827894333,18,2026_H1,123.96222195594945
E IC 設計與 IP,2026-04-23,0.01213515890061729,18,2026_H1,125.46652321705848
E IC 設計與 IP,2026-04-24,0.015616026978186709,18,2026_H1,127.42581182847536
E IC 設計與 IP,2026-04-27,0.016608245314192183,18,2026_H1,129.54213097068276
E IC 設計與 IP,2026-04-28,-0.00015093671814616033,18,2026_H1,129.5225783065724
E IC 設計與 IP,2026-04-29,-0.0027064514763812924,18,2026_H1,129.17203173328986
E IC 設計與 IP,2026-04-30,0.002983701408677039,18,2026_H1,129.55744250633418
E IC 設計與 IP,2026-05-01,0.012704984569941801,18,2026_H1,131.20346781429828
E IC 設計與 IP,2026-05-04,0.022711837462188134,18,2026_H1,134.18333964977205
E IC 設計與 IP,2026-05-05,-0.02353476075884341,18,2026_H1,131.02536685329204
E IC 設計與 IP,2026-05-06,-0.0016398300112431372,18,2026_H1,130.81050752449184
E IC 設計與 IP,2026-05-07,-0.013248322301275262,18,2026_H1,129.077487760414
E IC 設計與 IP,2026-05-08,-0.0028078321311855595,18,2026_H1,128.71505984286762
E IC 設計與 IP,2026-05-11,-0.0002934084794976672,18,2026_H1,128.67729375287067
E IC 設計與 IP,2026-05-12,0.008919690598183695,18,2026_H1,129.82505540015785
E IC 設計與 IP,2026-05-13,-0.02072813012691609,18,2026_H1,127.1340247580893
E IC 設計與 IP,2026-05-14,-0.009674153297950246,18,2026_H1,125.90411071319413
E IC 設計與 IP,2026-05-15,-0.010871657348326754,18,2026_H1,124.53532436277447
E IC 設計與 IP,2026-05-18,0.013200253769848213,18,2026_H1,126.17922224767347
E IC 設計與 IP,2026-05-19,0.014996244308796262,18,2026_H1,128.07143669119347
E IC 設計與 IP,2026-05-20,-0.021205863396629384,18,2026_H1,125.35557129970996
E IC 設計與 IP,2026-05-21,-0.008996484725721503,18,2026_H1,124.22781181722803
E IC 設計與 IP,2026-05-22,-0.010041460343143968,18,2026_H1,122.98038317134979
E IC 設計與 IP,2026-05-25,-0.007466473806168239,18,2026_H1,122.06215336172836
E IC 設計與 IP,2026-05-26,0.003979207595210985,18,2026_H1,122.54786400947313
E IC 設計與 IP,2026-05-27,0.024898311320709618,18,2026_H1,125.59909887926898
E IC 設計與 IP,2026-05-28,0.008301760873852412,18,2026_H1,126.64179256413601
E IC 設計與 IP,2026-05-29,0.006207787034442638,18,2026_H1,127.42795784203423
E IC 設計與 IP,2026-06-01,-0.032799665325128326,18,2026_H1,123.24836347175093
E IC 設計與 IP,2026-06-02,-0.028536644390137512,18,2026_H1,119.73126875169116
E IC 設計與 IP,2026-06-03,0.008748847519644064,18,2026_H1,120.77877936533322
E IC 設計與 IP,2026-06-04,-0.013390227543411291,18,2026_H1,119.16152402721596
E IC 設計與 IP,2026-06-05,-0.014773853805928522,18,2026_H1,117.40104909194623
E IC 設計與 IP,2026-06-08,0.011892109982322867,18,2026_H1,118.79719527978773
E IC 設計與 IP,2026-06-09,-0.01864620640620246,18,2026_H1,116.58207825612287
E IC 設計與 IP,2026-06-10,-0.0005640553752319661,18,2026_H1,116.51631950822679
E IC 設計與 IP,2026-06-11,-0.006492056852695811,18,2026_H1,115.75988893771252
E IC 設計與 IP,2026-06-12,-0.00429939354210032,18,2026_H1,115.26219161877947
E IC 設計與 IP,2026-06-15,0.0050696373968698106,18,2026_H1,115.8465291358552
E IC 設計與 IP,2026-06-16,0.006145155129088692,18,2026_H1,116.55842402856153
E IC 設計與 IP,2026-06-17,0.007794606652851973,18,2026_H1,117.46695109594049
E IC 設計與 IP,2026-06-18,-0.012666862003214017,18,2026_H1,115.97901343646994
E IC 設計與 IP,2026-06-19,-0.013033601017331338,18,2026_H1,114.46738924895529
E IC 設計與 IP,2026-06-22,0.005606698111194093,18,2026_H1,115.10917334405073
E IC 設計與 IP,2026-06-23,-0.002889745597622697,18,2026_H1,114.77653711713377
E IC 設計與 IP,2026-06-24,0.00887273957551533,18,2026_H1,115.79491944035355
E IC 設計與 IP,2026-06-25,-0.003154456945409289,18,2026_H1,115.42964935248183
E IC 設計與 IP,2026-06-26,-0.006545869618749733,18,2026_H1,114.6740619176825
E IC 設計與 IP,2026-06-29,0.0018402430235395304,18,2026_H1,114.88509006010744
E IC 設計與 IP,2026-06-30,0.013441985630676157,18,2026_H1,116.42937378987435
E IC 設計與 IP,2026-07-01,0.013248374431702712,15,2026_H2,117.97187372869126
E IC 設計與 IP,2026-07-02,-0.007393047013903183,15,2026_H2,117.0997021198968
E IC 設計與 IP,2026-07-03,0.021391444636566094,15,2026_H2,119.60463391475298
E IC 設計與 IP,2026-07-06,-0.012225873592090614,15,2026_H2,118.14236277948292
E IC 設計與 IP,2026-07-07,-0.00347154790084214,15,2026_H2,117.73222590797529
E IC 設計與 IP,2026-07-08,-0.0010898126481398587,15,2026_H2,117.60391983908711
E IC 設計與 IP,2026-07-09,0.006653972180746148,15,2026_H2,118.3864530500431
E IC 設計與 IP,2026-07-10,0.002136375218493686,15,2026_H2,118.63937093454459
E IC 設計與 IP,2026-07-13,0.03439858893140469,15,2026_H2,122.72039788640242
E IC 設計與 IP,2026-07-14,0.029791034674631317,15,2026_H2,126.37636551512078
E IC 設計與 IP,2026-07-15,0.01285840586257839,15,2026_H2,128.0013641143518
E IC 設計與 IP,2026-07-16,0.009637510930397804,15,2026_H2,129.2349786601097
E IC 設計與 IP,2026-07-17,0.01586638355998219,15,2026_H2,131.2854704008971
E IC 設計與 IP,2026-07-20,0.005611191730698333,15,2026_H2,132.02213834677147
E IC 設計與 IP,2026-07-21,-0.006475796530563802,15,2026_H2,131.16718984130782
E IC 設計與 IP,2026-07-22,-0.015687731454918537,15,2026_H2,129.10947419138105
E IC 設計與 IP,2026-07-23,0.01536354257463813,15,2026_H2,131.09305309490946
E IC 設計與 IP,2026-07-24,0.0022523950134111766,15,2026_H2,131.38832643399329
E IC 設計與 IP,2026-07-27,-0.018950816598948657,15,2026_H2,128.89841035649988
E IC 設計與 IP,2026-07-28,0.0010218372803598088,15,2026_H2,129.03012355758128
E IC 設計與 IP,2026-07-29,0.00023923903285804623,15,2026_H2,129.06099259955076
E IC 設計與 IP,2026-07-30,-0.004312982510034272,15,2026_H2,128.50435479574122
E IC 設計與 IP,2026-07-31,0.010187228270231205,15,2026_H2,129.8134579917642
E IC 設計與 IP,2026-08-03,0.0020065730592216747,15,2026_H2,130.07393817929488
E IC 設計與 IP,2026-08-04,0.009016658100850545,15,2026_H2,131.24677040768876
E IC 設計與 IP,2026-08-05,-0.01672906610173087,15,2026_H2,129.05113450989984
E IC 設計與 IP,2026-08-06,0.006581446361924995,15,2026_H2,129.90047762962232
E IC 設計與 IP,2026-08-07,-0.008361479505330078,15,2026_H2,128.81431744818966
E IC 設計與 IP,2026-08-10,-0.02804331869905929,15,2026_H2,125.20193649098827
E IC 設計與 IP,2026-08-11,-0.016962674451073526,15,2026_H2,123.07817680164767
E IC 設計與 IP,2026-08-12,0.007284183469509144,15,2026_H2,123.97470082256355
E IC 設計與 IP,2026-08-13,-0.015000183057297955,15,2026_H2,122.11505761575134
E IC 設計與 IP,2026-08-14,0.018610118408849425,15,2026_H2,124.38763329748393
F AI 伺服器系統,2025-01-02,0.0,19,2025_H1,65.57070646453388
F AI 伺服器系統,2025-01-03,-0.023294064642059045,19,2025_H1,64.04329818952355
F AI 伺服器系統,2025-01-06,0.004360768587093338,19,2025_H1,64.32257619248229
F AI 伺服器系統,2025-01-07,0.0373350190802907,19,2025_H1,66.72406080192206
F AI 伺服器系統,2025-01-08,0.005826927487325729,19,2025_H1,67.11285706587478
F AI 伺服器系統,2025-01-09,-0.003716580651471544,19,2025_H1,66.86342671983877
F AI 伺服器系統,2025-01-10,0.008996610553795026,19,2025_H1,67.46497093032937
F AI 伺服器系統,2025-01-13,0.007372791527171917,19,2025_H1,67.96237609638543
F AI 伺服器系統,2025-01-14,1.3038167621154308e-06,19,2025_H1,67.96246470687056
F AI 伺服器系統,2025-01-15,-0.01184137996021044,19,2025_H1,67.15769533924411
F AI 伺服器系統,2025-01-16,0.011787255826579567,19,2025_H1,67.94930027493126
F AI 伺服器系統,2025-01-17,0.00586425372798377,19,2025_H1,68.34777221238242
F AI 伺服器系統,2025-01-20,-0.006624025545899941,19,2025_H1,67.89503482324227
F AI 伺服器系統,2025-01-21,0.003866855708618584,19,2025_H1,68.15757512623537
F AI 伺服器系統,2025-01-22,-0.01805919670472382,19,2025_H1,66.9267040701137
F AI 伺服器系統,2025-01-23,-0.00405138427176437,19,2025_H1,66.65555827388302
F AI 伺服器系統,2025-01-24,-0.007285948655029249,19,2025_H1,66.16990929872719
F AI 伺服器系統,2025-01-27,0.01363501079551548,19,2025_H1,67.07213672635359
F AI 伺服器系統,2025-01-28,0.012767906310624527,19,2025_H1,67.92850748412907
F AI 伺服器系統,2025-01-29,0.012718749104645452,19,2025_H1,68.79247312787275
F AI 伺服器系統,2025-01-30,-0.010857782795011844,19,2025_H1,68.04553939671861
F AI 伺服器系統,2025-01-31,-0.0148917025012098,19,2025_H1,67.03222546748833
F AI 伺服器系統,2025-02-03,0.03771726993497452,19,2025_H1,69.56049800978766
F AI 伺服器系統,2025-02-04,0.014050939087781385,19,2025_H1,70.53788833023894
F AI 伺服器系統,2025-02-05,-0.023702841513383848,19,2025_H1,68.86593994245851
F AI 伺服器系統,2025-02-06,0.025832942352634076,19,2025_H1,70.644949799052
F AI 伺服器系統,2025-02-07,0.021338798061788188,19,2025_H1,72.15242811689915
F AI 伺服器系統,2025-02-10,0.018494672424050125,19,2025_H1,73.48686363952103
F AI 伺服器系統,2025-02-11,0.007321135056409156,19,2025_H1,74.02487089309788
F AI 伺服器系統,2025-02-12,0.01126478398766446,19,2025_H1,74.85874507342338
F AI 伺服器系統,2025-02-13,0.005148692191979949,19,2025_H1,75.24416970968431
F AI 伺服器系統,2025-02-14,-0.019858037133632052,19,2025_H1,73.7499681935001
F AI 伺服器系統,2025-02-17,0.01865089057511453,19,2025_H1,75.12547078019524
F AI 伺服器系統,2025-02-18,0.0021497508277304274,19,2025_H1,75.28697182318861
F AI 伺服器系統,2025-02-19,-0.012085157304348594,19,2025_H1,74.37711692573733
F AI 伺服器系統,2025-02-20,0.014666611421977283,19,2025_H1,75.46797719837409
F AI 伺服器系統,2025-02-21,0.0204759738107198,19,2025_H1,77.013257523036
F AI 伺服器系統,2025-02-24,-0.010060452477616789,19,2025_H1,76.23846930557903
F AI 伺服器系統,2025-02-25,-0.005218628531370198,19,2025_H1,75.84060905447294
F AI 伺服器系統,2025-02-26,0.014875982518385157,19,2025_H1,76.96881262895094
F AI 伺服器系統,2025-02-27,0.003645154771071574,19,2025_H1,77.24937586352908
F AI 伺服器系統,2025-02-28,-0.026411824903873077,19,2025_H1,75.20907887428808
F AI 伺服器系統,2025-03-03,-0.004575763508396367,19,2025_H1,74.86493991567501
F AI 伺服器系統,2025-03-04,-0.010467104817356503,19,2025_H1,74.08132074243254
F AI 伺服器系統,2025-03-05,0.016777234939914433,19,2025_H1,75.32420046518749
F AI 伺服器系統,2025-03-06,0.03374577950248929,19,2025_H1,77.866074325287
F AI 伺服器系統,2025-03-07,0.03312619241737835,19,2025_H1,80.44548088617235
F AI 伺服器系統,2025-03-10,0.001980281175058711,19,2025_H1,80.60478555758978
F AI 伺服器系統,2025-03-11,0.012945664105893673,19,2025_H1,81.64826803674592
F AI 伺服器系統,2025-03-12,0.0019741234503277863,19,2025_H1,81.80945179735592
F AI 伺服器系統,2025-03-13,0.00792058697450334,19,2025_H1,82.45743067565331
F AI 伺服器系統,2025-03-14,-0.008855427214963059,19,2025_H1,81.7272348999722
F AI 伺服器系統,2025-03-17,-0.012409588499870023,19,2025_H1,80.71303354563133
F AI 伺服器系統,2025-03-18,-0.04619453600125666,19,2025_H1,76.98453241173705
F AI 伺服器系統,2025-03-19,-0.01265333735068242,19,2025_H1,76.0104211523468
F AI 伺服器系統,2025-03-20,-0.006514324499992945,19,2025_H1,75.51526460357927
F AI 伺服器系統,2025-03-21,0.021087154628598472,19,2025_H1,77.10766666509448
F AI 伺服器系統,2025-03-24,0.00304924842638167,19,2025_H1,77.34278709633499
F AI 伺服器系統,2025-03-25,-0.0032731555881123564,19,2025_H1,77.08963212055043
F AI 伺服器系統,2025-03-26,0.016963244291200108,19,2025_H1,78.39732238253008
F AI 伺服器系統,2025-03-27,0.006436230695124547,19,2025_H1,78.90190563526409
F AI 伺服器系統,2025-03-28,0.008892892336664017,19,2025_H1,79.60357178723612
F AI 伺服器系統,2025-03-31,-0.00720766694362748,19,2025_H1,79.02981575427059
F AI 伺服器系統,2025-04-01,0.04172962547982712,19,2025_H1,82.32770036743604
F AI 伺服器系統,2025-04-02,0.031064220004381412,19,2025_H1,84.88514616410485
F AI 伺服器系統,2025-04-03,0.007454092657583921,19,2025_H1,85.51788790886467
F AI 伺服器系統,2025-04-04,-0.0219018577569658,19,2025_H1,83.64488729220854
F AI 伺服器系統,2025-04-07,0.008177779717228452,19,2025_H1,84.32891675495662
F AI 伺服器系統,2025-04-08,0.02712898110368878,19,2025_H1,86.61667434409638
F AI 伺服器系統,2025-04-09,-0.003693043548902396,19,2025_H1,86.29679519368256
F AI 伺服器系統,2025-04-10,0.017361945516141092,19,2025_H1,87.79507545005285
F AI 伺服器系統,2025-04-11,0.0054139094286422594,19,2025_H1,88.27039003682025
F AI 伺服器系統,2025-04-14,0.011761809327653902,19,2025_H1,89.30860953371098
F AI 伺服器系統,2025-04-15,-0.009451470175075312,19,2025_H1,88.46451187432565
F AI 伺服器系統,2025-04-16,-0.0013862982024426206,19,2025_H1,88.34187368053432
F AI 伺服器系統,2025-04-17,0.017775254944518443,19,2025_H1,89.91217300748225
F AI 伺服器系統,2025-04-18,0.020294477066918084,19,2025_H1,91.73689354061938
F AI 伺服器系統,2025-04-21,0.012966789930010637,19,2025_H1,92.92642656799234
F AI 伺服器系統,2025-04-22,-0.014628867660820109,19,2025_H1,91.56701817153628
F AI 伺服器系統,2025-04-23,-0.024707358315183246,19,2025_H1,89.30463904371922
F AI 伺服器系統,2025-04-24,-0.002242185457156544,19,2025_H1,89.10440148079877
F AI 伺服器系統,2025-04-25,-0.00388524492942302,19,2025_H1,88.75820905675623
F AI 伺服器系統,2025-04-28,0.004360554751577685,19,2025_H1,89.1452440870002
F AI 伺服器系統,2025-04-29,0.00022680450142035168,19,2025_H1,89.16546262963934
F AI 伺服器系統,2025-04-30,-0.013251805250185952,19,2025_H1,87.98385928382861
F AI 伺服器系統,2025-05-01,-0.009297136535292197,19,2025_H1,87.16586133116493
F AI 伺服器系統,2025-05-02,0.01938098375367141,19,2025_H1,88.85522147349901
F AI 伺服器系統,2025-05-05,0.02905917061382581,19,2025_H1,91.4372805142267
F AI 伺服器系統,2025-05-06,0.029502347793482826,19,2025_H1,94.13489496524768
F AI 伺服器系統,2025-05-07,-0.010114859390619424,19,2025_H1,93.18273373892347
F AI 伺服器系統,2025-05-08,0.00408199177960304,19,2025_H1,93.56310489204668
F AI 伺服器系統,2025-05-09,6.276458702059512e-05,19,2025_H1,93.5689773416856
F AI 伺服器系統,2025-05-12,-0.006387206694530549,19,2025_H1,92.97133294320842
F AI 伺服器系統,2025-05-13,0.011697209268296465,19,2025_H1,94.05883808059758
F AI 伺服器系統,2025-05-14,0.006737360402516322,19,2025_H1,94.69254637178851
F AI 伺服器系統,2025-05-15,-0.009086113739480029,19,2025_H1,93.83215912517346
F AI 伺服器系統,2025-05-16,0.02359342079913999,19,2025_H1,96.04598073990553
F AI 伺服器系統,2025-05-19,0.008998931436898486,19,2025_H1,96.91029193537362
F AI 伺服器系統,2025-05-20,0.025942680985453416,19,2025_H1,99.4244047232602
F AI 伺服器系統,2025-05-21,-0.0015668783097204755,19,2025_H1,99.26861878004244
F AI 伺服器系統,2025-05-22,-0.0011040441588022996,19,2025_H1,99.15902184132597
F AI 伺服器系統,2025-05-23,-0.0067481883718127815,19,2025_H1,98.48987808317601
F AI 伺服器系統,2025-05-26,-0.014371666195622291,19,2025_H1,97.07441443171706
F AI 伺服器系統,2025-05-27,-0.0034961865218783397,19,2025_H1,96.73502417236166
F AI 伺服器系統,2025-05-28,0.020856102859564185,19,2025_H1,98.75253978662286
F AI 伺服器系統,2025-05-29,-0.01164507684510904,19,2025_H1,97.60255887215796
F AI 伺服器系統,2025-05-30,-0.015964256427763945,19,2025_H1,96.0444065943169
F AI 伺服器系統,2025-06-02,-0.02352381515690522,19,2025_H1,93.78507572673753
F AI 伺服器系統,2025-06-03,-0.007715608772737101,19,2025_H1,93.06146677370849
F AI 伺服器系統,2025-06-04,-0.012998483955922024,19,2025_H1,91.85180879093586
F AI 伺服器系統,2025-06-05,-0.005936281802996791,19,2025_H1,91.3065505698379
F AI 伺服器系統,2025-06-06,0.03354952019976818,19,2025_H1,94.36984153255185
F AI 伺服器系統,2025-06-09,0.022622031669899244,19,2025_H1,96.5046790763846
F AI 伺服器系統,2025-06-10,0.035194323008735644,19,2025_H1,99.90109592365324
F AI 伺服器系統,2025-06-11,0.01876780779626872,19,2025_H1,101.77602049058498
F AI 伺服器系統,2025-06-12,-0.0026459892441446017,19,2025_H1,101.50672223505507
F AI 伺服器系統,2025-06-13,0.0010979209373849293,19,2025_H1,101.61816859068225
F AI 伺服器系統,2025-06-16,-0.011128632088372871,19,2025_H1,100.48729737894229
F AI 伺服器系統,2025-06-17,0.006728179502943797,19,2025_H1,101.1633939534735
F AI 伺服器系統,2025-06-18,0.004782191534552498,19,2025_H1,101.64717667964439
F AI 伺服器系統,2025-06-19,0.009432935322900753,19,2025_H1,102.60600792301895
F AI 伺服器系統,2025-06-20,-0.023069243046069766,19,2025_H1,100.23896498825587
F AI 伺服器系統,2025-06-23,0.018096463674630497,19,2025_H1,102.05293577694843
F AI 伺服器系統,2025-06-24,-0.007467460991252775,19,2025_H1,101.29085945999125
F AI 伺服器系統,2025-06-25,-0.0013500017372141406,19,2025_H1,101.15411662375632
F AI 伺服器系統,2025-06-26,-0.017472775203184757,19,2025_H1,99.3866734831127
F AI 伺服器系統,2025-06-27,-0.011994216084107032,19,2025_H1,98.19460824547565
F AI 伺服器系統,2025-06-30,-0.010223047010531143,19,2025_H1,97.19076014920148
F AI 伺服器系統,2025-07-01,0.0003399550563683264,16,2025_H2,97.22380063954648
F AI 伺服器系統,2025-07-02,0.021315879165422585,16,2025_H2,99.2962114259822
F AI 伺服器系統,2025-07-03,-0.0010047448147509686,16,2025_H2,99.19644407242752
F AI 伺服器系統,2025-07-04,-0.004779644906892599,16,2025_H2,98.72232029373488
F AI 伺服器系統,2025-07-07,0.0011991533154843833,16,2025_H2,98.84070349142745
F AI 伺服器系統,2025-07-08,-0.030406849321728605,16,2025_H2,95.83526911350995
F AI 伺服器系統,2025-07-09,0.015240580256896662,16,2025_H2,97.29585422387568
F AI 伺服器系統,2025-07-10,-0.02024959484194864,16,2025_H2,95.32565259604092
F AI 伺服器系統,2025-07-11,0.01252104633644841,16,2025_H2,96.51922950924813
F AI 伺服器系統,2025-07-14,0.016001106873328966,16,2025_H2,98.06364401595698
F AI 伺服器系統,2025-07-15,-0.007483249926680965,16,2025_H2,97.3298092590645
F AI 伺服器系統,2025-07-16,0.015710067939399545,16,2025_H2,98.8588671750532
F AI 伺服器系統,2025-07-17,0.011523911424212293,16,2025_H2,99.99810800387648
F AI 伺服器系統,2025-07-18,0.04460247054147063,16,2025_H2,104.45827067032218
F AI 伺服器系統,2025-07-21,0.001666527458638622,16,2025_H2,104.6323532466762
F AI 伺服器系統,2025-07-22,0.030730796842294017,16,2025_H2,107.84778883743095
F AI 伺服器系統,2025-07-23,-0.014889284448534684,16,2025_H2,106.24201243228494
F AI 伺服器系統,2025-07-24,-0.007209535012267771,16,2025_H2,105.47605692388059
F AI 伺服器系統,2025-07-25,-0.026534090890714738,16,2025_H2,102.67734564266813
F AI 伺服器系統,2025-07-28,0.0067912533281183,16,2025_H2,103.37465350798625
F AI 伺服器系統,2025-07-29,0.004676010922181734,16,2025_H2,103.85803451686637
F AI 伺服器系統,2025-07-30,0.005140687629988298,16,2025_H2,104.3919362301821
F AI 伺服器系統,2025-07-31,-0.003528066609673621,16,2025_H2,104.0236345256492
F AI 伺服器系統,2025-08-01,0.01258035394678238,16,2025_H2,105.3322886668126
F AI 伺服器系統,2025-08-04,-0.038251126231121396,16,2025_H2,101.30320999680544
F AI 伺服器系統,2025-08-05,-0.005501535106187911,16,2025_H2,100.7458868306385
F AI 伺服器系統,2025-08-06,0.017585105344529266,16,2025_H2,102.5175138635833
F AI 伺服器系統,2025-08-07,0.010417795583509198,16,2025_H2,103.58552036674367
F AI 伺服器系統,2025-08-08,-0.010624681289655562,16,2025_H2,102.4849572266239
F AI 伺服器系統,2025-08-11,-0.02650381650025977,16,2025_H2,99.7687147262525
F AI 伺服器系統,2025-08-12,-0.014021926524155945,16,2025_H2,98.36976513895151
F AI 伺服器系統,2025-08-13,-0.00037233443046851846,16,2025_H2,98.33313868847318
F AI 伺服器系統,2025-08-14,0.009643763420618984,16,2025_H2,99.28144021439174
F AI 伺服器系統,2025-08-15,0.005273264241662429,16,2025_H2,99.80497748293502
F AI 伺服器系統,2025-08-18,0.003286354227574008,16,2025_H2,100.132971992619
F AI 伺服器系統,2025-08-19,-0.018149590566775682,16,2025_H2,98.31559954871855
F AI 伺服器系統,2025-08-20,-0.0010279317832876255,16,2025_H2,98.21453781914946
F AI 伺服器系統,2025-08-21,0.004576348943866697,16,2025_H2,98.66400181557047
F AI 伺服器系統,2025-08-22,-0.003804761852176818,16,2025_H2,98.28860878527948
F AI 伺服器系統,2025-08-25,-0.01648376331713093,16,2025_H2,96.66844262129285
F AI 伺服器系統,2025-08-26,0.047164951535481184,16,2025_H2,101.2278050325366
F AI 伺服器系統,2025-08-27,0.004692819660177733,16,2025_H2,101.7028488661499
F AI 伺服器系統,2025-08-28,-0.011062968896141188,16,2025_H2,100.57771341249475
F AI 伺服器系統,2025-08-29,-0.005759175612518149,16,2025_H2,99.99846869824667
F AI 伺服器系統,2025-09-01,0.018334287939851066,16,2025_H2,101.8318694169045
F AI 伺服器系統,2025-09-02,0.004827543860901436,16,2025_H2,102.32346723295218
F AI 伺服器系統,2025-09-03,0.0208556517386244,16,2025_H2,104.45748983025119
F AI 伺服器系統,2025-09-04,0.03378483614363382,16,2025_H2,107.98656900814153
F AI 伺服器系統,2025-09-05,-0.02102758595706402,16,2025_H2,105.71587214611442
F AI 伺服器系統,2025-09-08,-2.8880765045946957e-05,16,2025_H2,105.71281899084933
F AI 伺服器系統,2025-09-09,-0.01623505744363091,16,2025_H2,103.99656530200474
F AI 伺服器系統,2025-09-10,-0.024218177632995892,16,2025_H2,101.47795801029932
F AI 伺服器系統,2025-09-11,0.02212205295492042,16,2025_H2,103.72285877116036
F AI 伺服器系統,2025-09-12,0.02419776645279816,16,2025_H2,106.23272028352146
F AI 伺服器系統,2025-09-15,0.00860702130286149,16,2025_H2,107.14706757006266
F AI 伺服器系統,2025-09-16,0.009917391076255853,16,2025_H2,108.20968694182898
F AI 伺服器系統,2025-09-17,0.018792292794747506,16,2025_H2,110.24319506206778
F AI 伺服器系統,2025-09-18,-0.0004524301291955859,16,2025_H2,110.19331771908291
F AI 伺服器系統,2025-09-19,0.024085452501572586,16,2025_H2,112.84737363899659
F AI 伺服器系統,2025-09-22,-0.0074104367714831025,16,2025_H2,112.01112531181688
F AI 伺服器系統,2025-09-23,0.019903971769484725,16,2025_H2,114.24059158789147
F AI 伺服器系統,2025-09-24,0.0162703818997526,16,2025_H2,116.09932964148013
F AI 伺服器系統,2025-09-25,-0.0051058839056023495,16,2025_H2,115.50653994281247
F AI 伺服器系統,2025-09-26,-0.011074015465836202,16,2025_H2,114.22741873308054
F AI 伺服器系統,2025-09-29,4.492256779491783e-05,16,2025_H2,114.23255012204261
F AI 伺服器系統,2025-09-30,0.005747990697560091,16,2025_H2,114.88915775750269
F AI 伺服器系統,2025-10-01,-0.01677032869297762,16,2025_H2,112.96242881865
F AI 伺服器系統,2025-10-02,-0.009663087878844276,16,2025_H2,111.8708629419677
F AI 伺服器系統,2025-10-03,0.001200983864634725,16,2025_H2,112.00521804328376
F AI 伺服器系統,2025-10-06,0.013500792655658492,16,2025_H2,113.51737726843795
F AI 伺服器系統,2025-10-07,-0.01566410783777817,16,2025_H2,111.7392288294434
F AI 伺服器系統,2025-10-08,-0.01778523190796901,16,2025_H2,109.75192073149414
F AI 伺服器系統,2025-10-09,-0.004866701442076866,16,2025_H2,109.21779090059948
F AI 伺服器系統,2025-10-10,-0.019601735066946162,16,2025_H2,107.07693269876879
F AI 伺服器系統,2025-10-13,-0.030280157791174926,16,2025_H2,103.83462628085506
F AI 伺服器系統,2025-10-14,-0.011143520051698262,16,2025_H2,102.67754304083375
F AI 伺服器系統,2025-10-15,-0.01868085244640472,16,2025_H2,100.75943900972855
F AI 伺服器系統,2025-10-16,-0.01845205361477493,16,2025_H2,98.9002204389264
F AI 伺服器系統,2025-10-17,-0.007944181490218999,16,2025_H2,98.1145391383369
F AI 伺服器系統,2025-10-20,0.02380709642690474,16,2025_H2,100.45036143248463
F AI 伺服器系統,2025-10-21,0.006611334236574042,16,2025_H2,101.11447234609945
F AI 伺服器系統,2025-10-22,-0.027783875089929733,16,2025_H2,98.30512047665125
F AI 伺服器系統,2025-10-23,-0.020073337546967066,16,2025_H2,96.33180861072817
F AI 伺服器系統,2025-10-24,-0.0136313261028366,16,2025_H2,95.01867831347931
F AI 伺服器系統,2025-10-27,-0.020664137891184094,16,2025_H2,93.0551992425715
F AI 伺服器系統,2025-10-28,0.03904867791543697,16,2025_H2,96.6888817461515
F AI 伺服器系統,2025-10-29,0.0332291163606078,16,2025_H2,99.90176784847141
F AI 伺服器系統,2025-10-30,-0.005102550405567051,16,2025_H2,99.3920140424193
F AI 伺服器系統,2025-10-31,0.014470688844281052,16,2025_H2,100.8302849512336
F AI 伺服器系統,2025-11-03,-0.0014073531629649287,16,2025_H2,100.68838113078482
F AI 伺服器系統,2025-11-04,-0.0054476034786488225,16,2025_H2,100.13987075547723
F AI 伺服器系統,2025-11-05,-0.003401200521975654,16,2025_H2,99.79927497479315
F AI 伺服器系統,2025-11-06,0.0012869436460216793,16,2025_H2,99.92771101759953
F AI 伺服器系統,2025-11-07,-0.00023323540299305184,16,2025_H2,99.90440433765018
F AI 伺服器系統,2025-11-10,0.004741196313423966,16,2025_H2,100.37807073119066
F AI 伺服器系統,2025-11-11,-0.011978187455549148,16,2025_H2,99.1757233835461
F AI 伺服器系統,2025-11-12,-0.011122585516870108,16,2025_H2,98.07263291901515
F AI 伺服器系統,2025-11-13,-0.015936894202107595,16,2025_H2,96.50965974406265
F AI 伺服器系統,2025-11-14,0.011439063001181457,16,2025_H2,97.61363982209757
F AI 伺服器系統,2025-11-17,0.007126050366953715,16,2025_H2,98.30923953597151
F AI 伺服器系統,2025-11-18,0.0034202921374437752,16,2025_H2,98.64548585499448
F AI 伺服器系統,2025-11-19,-0.020065475403919533,16,2025_H2,96.66611728486338
F AI 伺服器系統,2025-11-20,-0.004875169122716454,16,2025_H2,96.19485361466333
F AI 伺服器系統,2025-11-21,-0.010084589827401942,16,2025_H2,95.22476797245248
F AI 伺服器系統,2025-11-24,-0.004861692461055124,16,2025_H2,94.76181443589508
F AI 伺服器系統,2025-11-25,-0.00680916355474069,16,2025_H2,94.11656574265707
F AI 伺服器系統,2025-11-26,-0.02729342466029522,16,2025_H2,91.54780234627415
F AI 伺服器系統,2025-11-27,-0.025398571665975558,16,2025_H2,89.22261892751972
F AI 伺服器系統,2025-11-28,-0.005570920934152044,16,2025_H2,88.72556677193654
F AI 伺服器系統,2025-12-01,0.060163748339097683,16,2025_H2,94.06362944244715
F AI 伺服器系統,2025-12-02,-0.0016149756597265918,16,2025_H2,93.91171897043205
F AI 伺服器系統,2025-12-03,0.009240377646213946,16,2025_H2,94.77949871912398
F AI 伺服器系統,2025-12-04,0.026788652090572004,16,2025_H2,97.3185137356294
F AI 伺服器系統,2025-12-05,0.02815656760924836,16,2025_H2,100.05866904725819
F AI 伺服器系統,2025-12-08,0.0020363261456219197,16,2025_H2,100.26242113113528
F AI 伺服器系統,2025-12-09,0.015314345971025661,16,2025_H2,101.79787453623017
F AI 伺服器系統,2025-12-10,0.003820263564741697,16,2025_H2,102.18676924728908
F AI 伺服器系統,2025-12-11,-0.016214260961836178,16,2025_H2,100.52988630386658
F AI 伺服器系統,2025-12-12,0.009059052935918575,16,2025_H2,101.44059186553517
F AI 伺服器系統,2025-12-15,-0.0016879937032398605,16,2025_H2,101.26936078521322
F AI 伺服器系統,2025-12-16,0.02645371369404704,16,2025_H2,103.94831146140439
F AI 伺服器系統,2025-12-17,0.0015209207038113077,16,2025_H2,104.10640860043229
F AI 伺服器系統,2025-12-18,-0.013053811862409661,16,2025_H2,102.7474231288911
F AI 伺服器系統,2025-12-19,0.039812125324594154,16,2025_H2,106.83801641527762
F AI 伺服器系統,2025-12-22,0.006940782153040925,16,2025_H2,107.57955581287908
F AI 伺服器系統,2025-12-23,-0.00429805180731934,16,2025_H2,107.11717330858691
F AI 伺服器系統,2025-12-24,-0.01564233604409236,16,2025_H2,105.44161048760071
F AI 伺服器系統,2025-12-25,-0.009233534319548457,16,2025_H2,104.468011758455
F AI 伺服器系統,2025-12-26,0.002181279544601181,16,2025_H2,104.69588569556888
F AI 伺服器系統,2025-12-29,0.004568891380718071,16,2025_H2,105.17422982532
F AI 伺服器系統,2025-12-30,-0.004105352582445007,16,2025_H2,104.74245252929995
F AI 伺服器系統,2025-12-31,-0.011803935875541953,16,2025_H2,103.50607933619709
F AI 伺服器系統,2026-01-01,-0.014989365986005468,19,2026_H1,101.95458883125033
F AI 伺服器系統,2026-01-02,-0.019171170750199952,19,2026_H1,100.0
F AI 伺服器系統,2026-01-05,-0.027957217937658527,19,2026_H1,97.20427820623416
F AI 伺服器系統,2026-01-06,0.008083592877237792,19,2026_H1,97.9900380171791
F AI 伺服器系統,2026-01-07,0.003729747573804663,19,2026_H1,98.35551612373071
F AI 伺服器系統,2026-01-08,0.003277837598430357,19,2026_H1,98.6779095324941
F AI 伺服器系統,2026-01-09,-0.007846863391640063,19,2026_H1,97.90359745661999
F AI 伺服器系統,2026-01-12,0.002200404898705133,19,2026_H1,98.11902501206443
F AI 伺服器系統,2026-01-13,-0.035364762573782654,19,2026_H1,94.64906898854171
F AI 伺服器系統,2026-01-14,0.01028053303470273,19,2026_H1,95.62211186898227
F AI 伺服器系統,2026-01-15,0.02157107992984959,19,2026_H1,97.6847840871691
F AI 伺服器系統,2026-01-16,0.007457344236642878,19,2026_H1,98.41325314878925
F AI 伺服器系統,2026-01-19,0.013523948764929409,19,2026_H1,99.74418894216352
F AI 伺服器系統,2026-01-20,0.0023743351232109605,19,2026_H1,99.98101507330509
F AI 伺服器系統,2026-01-21,-0.0062256665213543325,19,2026_H1,99.3585666149922
F AI 伺服器系統,2026-01-22,0.022354545319338406,19,2026_H1,101.57968219525154
F AI 伺服器系統,2026-01-23,-0.004513804983544666,19,2026_H1,101.12117131953171
F AI 伺服器系統,2026-01-26,-0.006313623089536909,19,2026_H1,100.4827303574477
F AI 伺服器系統,2026-01-27,-0.0041590867807552445,19,2026_H1,100.06481396192386
F AI 伺服器系統,2026-01-28,0.0405888584874872,19,2026_H1,104.12633053540111
F AI 伺服器系統,2026-01-29,-0.01741207358876529,19,2026_H1,102.31327520559061
F AI 伺服器系統,2026-01-30,0.0015881030874626172,19,2026_H1,102.47575923383303
F AI 伺服器系統,2026-02-02,-0.010966698302301375,19,2026_H1,101.35193849901631
F AI 伺服器系統,2026-02-03,0.018522932530497395,19,2026_H1,103.22927361766872
F AI 伺服器系統,2026-02-04,0.02075354298295809,19,2026_H1,105.37164678479256
F AI 伺服器系統,2026-02-05,0.011812963383240761,19,2026_H1,106.61639818989309
F AI 伺服器系統,2026-02-06,-0.011373517657187955,19,2026_H1,105.40379470253457
F AI 伺服器系統,2026-02-09,0.03310315812121067,19,2026_H1,108.89299318514819
F AI 伺服器系統,2026-02-10,0.0029483892261436793,19,2026_H1,109.21405211305782
F AI 伺服器系統,2026-02-11,0.01969421236974589,19,2026_H1,111.36493684913287
F AI 伺服器系統,2026-02-12,-0.006310288630386293,19,2026_H1,110.6621919543101
F AI 伺服器系統,2026-02-13,0.012331283716183193,19,2026_H1,112.02679883995343
F AI 伺服器系統,2026-02-16,0.028298586449754717,19,2026_H1,115.19699889161514
F AI 伺服器系統,2026-02-17,-0.0005753554044735897,19,2026_H1,115.13071967572371
F AI 伺服器系統,2026-02-18,0.02535391710896826,19,2026_H1,118.04973439907788
F AI 伺服器系統,2026-02-19,-0.0007502791152231876,19,2026_H1,117.96116414880059
F AI 伺服器系統,2026-02-20,-0.01759156964342962,19,2026_H1,115.88604211445693
F AI 伺服器系統,2026-02-23,0.0305118492702948,19,2026_H1,119.42193956398427
F AI 伺服器系統,2026-02-24,-0.0073304406555607955,19,2026_H1,118.54652412303851
F AI 伺服器系統,2026-02-25,0.003035098174479183,19,2026_H1,118.9063244619952
F AI 伺服器系統,2026-02-26,-0.009772673128331194,19,2026_H1,117.74429182013682
F AI 伺服器系統,2026-02-27,0.023756599476913595,19,2026_H1,120.54149580160065
F AI 伺服器系統,2026-03-02,0.011726862595703139,19,2026_H1,121.95506935994655
F AI 伺服器系統,2026-03-03,-0.006054341117592656,19,2026_H1,121.21671176902179
F AI 伺服器系統,2026-03-04,-0.012784930374540742,19,2026_H1,119.66696454882407
F AI 伺服器系統,2026-03-05,-0.026558971503773808,19,2026_H1,116.48873304742874
F AI 伺服器系統,2026-03-06,0.011286227380993724,19,2026_H1,117.8034513759259
F AI 伺服器系統,2026-03-09,0.008739288019265198,19,2026_H1,118.83296966716361
F AI 伺服器系統,2026-03-10,0.028854283240170576,19,2026_H1,122.26180983221056
F AI 伺服器系統,2026-03-11,0.026353093362395497,19,2026_H1,125.48378672137424
F AI 伺服器系統,2026-03-12,0.019757615613872823,19,2026_H1,127.96304714518836
F AI 伺服器系統,2026-03-13,0.015898179777103772,19,2026_H1,129.99742667352857
F AI 伺服器系統,2026-03-16,-0.0012801350316040611,19,2026_H1,129.83101241362542
F AI 伺服器系統,2026-03-17,0.0026820294021289324,19,2026_H1,130.17922300622692
F AI 伺服器系統,2026-03-18,-0.021982767660093654,19,2026_H1,127.31752339270953
F AI 伺服器系統,2026-03-19,-0.010190478395432698,19,2026_H1,126.02009692121611
F AI 伺服器系統,2026-03-20,0.0027334619072961978,19,2026_H1,126.36456805570404
F AI 伺服器系統,2026-03-23,-0.02444325296681153,19,2026_H1,123.27580695267659
F AI 伺服器系統,2026-03-24,-0.031895643349444065,19,2026_H1,119.34384578049911
F AI 伺服器系統,2026-03-25,-0.0039549953960706045,19,2026_H1,118.87184141988787
F AI 伺服器系統,2026-03-26,0.022821680697256506,19,2026_H1,121.58469662866746
F AI 伺服器系統,2026-03-27,-0.008070886448318592,19,2026_H1,120.60340034832423
F AI 伺服器系統,2026-03-30,0.012462681361297105,19,2026_H1,122.10644209795433
F AI 伺服器系統,2026-03-31,0.015139078881496383,19,2026_H1,123.95502115681415
F AI 伺服器系統,2026-04-01,0.0034403925695337006,19,2026_H1,124.38147509055845
F AI 伺服器系統,2026-04-02,0.002717869895270557,19,2026_H1,124.7195277572364
F AI 伺服器系統,2026-04-03,-0.008238838550045209,19,2026_H1,123.69198370400666
F AI 伺服器系統,2026-04-06,0.02638043693906665,19,2026_H1,126.95503227997825
F AI 伺服器系統,2026-04-07,0.00957115440563617,19,2026_H1,128.17013849650246
F AI 伺服器系統,2026-04-08,-0.0016137263642545781,19,2026_H1,127.96330696490048
F AI 伺服器系統,2026-04-09,-0.02159250858532404,19,2026_H1,125.2002581606544
F AI 伺服器系統,2026-04-10,0.0020088030198393203,19,2026_H1,125.45176081733219
F AI 伺服器系統,2026-04-13,0.011721405493043029,19,2026_H1,126.92223177568839
F AI 伺服器系統,2026-04-14,-0.004625293498153733,19,2026_H1,126.33517920228513
F AI 伺服器系統,2026-04-15,0.0029833204280034524,19,2026_H1,126.71207752317478
F AI 伺服器系統,2026-04-16,-0.015987330254151638,19,2026_H1,124.68628969262211
F AI 伺服器系統,2026-04-17,-0.0014194779302493191,19,2026_H1,124.50930025619876
F AI 伺服器系統,2026-04-20,0.019670558310253695,19,2026_H1,126.9584677070572
F AI 伺服器系統,2026-04-21,0.013888557379901635,19,2026_H1,128.72173767067105
F AI 伺服器系統,2026-04-22,0.008809175060143951,19,2026_H1,129.85566999185792
F AI 伺服器系統,2026-04-23,0.015095527291766749,19,2026_H1,131.81590980221065
F AI 伺服器系統,2026-04-24,0.009270624932491199,19,2026_H1,133.03792566212206
F AI 伺服器系統,2026-04-27,0.0039981929041835165,19,2026_H1,133.56983695249167
F AI 伺服器系統,2026-04-28,-0.010488328274317463,19,2026_H1,132.16891265498688
F AI 伺服器系統,2026-04-29,-0.0003846861512531075,19,2026_H1,132.11806910466234
F AI 伺服器系統,2026-04-30,0.012545214615364408,19,2026_H1,133.77551863614786
F AI 伺服器系統,2026-05-01,0.016353204826156077,19,2026_H1,135.96317709313004
F AI 伺服器系統,2026-05-04,0.025443433039277995,19,2026_H1,139.42254708530658
F AI 伺服器系統,2026-05-05,-0.03378719156889724,19,2026_H1,134.71185077791176
F AI 伺服器系統,2026-05-06,-0.0026387214619638575,19,2026_H1,134.35638372608318
F AI 伺服器系統,2026-05-07,-0.010095491735709545,19,2026_H1,132.9999899645367
F AI 伺服器系統,2026-05-08,-0.0075951495231798396,19,2026_H1,131.9898351541746
F AI 伺服器系統,2026-05-11,0.003403963305011572,19,2026_H1,132.43912370967394
F AI 伺服器系統,2026-05-12,0.010308276515427506,19,2026_H1,133.80434281833416
F AI 伺服器系統,2026-05-13,-0.012629257344622242,19,2026_H1,132.11449333905338
F AI 伺服器系統,2026-05-14,-0.0021538177540506185,19,2026_H1,131.82994279773231
F AI 伺服器系統,2026-05-15,0.000514475494155306,19,2026_H1,131.89776607269766
F AI 伺服器系統,2026-05-18,0.015386148798503769,19,2026_H1,133.92716472768242
F AI 伺服器系統,2026-05-19,0.02058828217996558,19,2026_H1,136.6844949866587
F AI 伺服器系統,2026-05-20,-0.01809017522037428,19,2026_H1,134.21184852244167
F AI 伺服器系統,2026-05-21,-0.01861694438462956,19,2026_H1,131.71323400274105
F AI 伺服器系統,2026-05-22,-0.02060558681207781,19,2026_H1,128.99920552519802
F AI 伺服器系統,2026-05-25,-0.007066864344992236,19,2026_H1,128.08758563913966
F AI 伺服器系統,2026-05-26,0.0005072316330672462,19,2026_H1,128.15255571437905
F AI 伺服器系統,2026-05-27,0.035979789256264674,19,2026_H1,132.76345766163413
F AI 伺服器系統,2026-05-28,0.012667468828862575,19,2026_H1,134.4452346231749
F AI 伺服器系統,2026-05-29,0.002723176204179944,19,2026_H1,134.81135268686614
F AI 伺服器系統,2026-06-01,-0.03647679585377169,19,2026_H1,129.8938664961365
F AI 伺服器系統,2026-06-02,-0.03535227578857683,19,2026_H1,125.30182270452052
F AI 伺服器系統,2026-06-03,0.011558507740772581,19,2026_H1,126.75012479218363
F AI 伺服器系統,2026-06-04,-0.0049088102306045,19,2026_H1,126.12793248287336
F AI 伺服器系統,2026-06-05,-0.014335881535782344,19,2026_H1,124.31977738444573
F AI 伺服器系統,2026-06-08,0.013227689882587487,19,2026_H1,125.96424084595948
F AI 伺服器系統,2026-06-09,-0.019071177662229072,19,2026_H1,123.56195442969837
F AI 伺服器系統,2026-06-10,0.0038002844615038075,19,2026_H1,124.03152500515057
F AI 伺服器系統,2026-06-11,-0.01391552604065047,19,2026_H1,122.3055610890798
F AI 伺服器系統,2026-06-12,-0.008501081693012367,19,2026_H1,121.26583152275182
F AI 伺服器系統,2026-06-15,0.004252682580276528,19,2026_H1,121.78153661205137
F AI 伺服器系統,2026-06-16,0.017568344120700793,19,2026_H1,123.92103655479963
F AI 伺服器系統,2026-06-17,0.0015832823586587523,19,2026_H1,124.11723854584353
F AI 伺服器系統,2026-06-18,-0.01877560917478982,19,2026_H1,121.78686178305263
F AI 伺服器系統,2026-06-19,-0.01638759719865093,19,2026_H1,119.7910677480642
F AI 伺服器系統,2026-06-22,0.006292969511417361,19,2026_H1,120.5449092851429
F AI 伺服器系統,2026-06-23,-0.007879185779667019,19,2026_H1,119.59511355009214
F AI 伺服器系統,2026-06-24,0.007358493287610135,19,2026_H1,120.47515339038145
F AI 伺服器系統,2026-06-25,-0.010458461337398452,19,2026_H1,119.215168656531
F AI 伺服器系統,2026-06-26,-0.0059303694264692414,19,2026_H1,118.50817866515894
F AI 伺服器系統,2026-06-29,0.01084728859574578,19,2026_H1,119.79367108009612
F AI 伺服器系統,2026-06-30,0.010464722798422976,19,2026_H1,121.04727864095479
F AI 伺服器系統,2026-07-01,0.014607987335457831,17,2026_H2,122.8155357543335
F AI 伺服器系統,2026-07-02,-0.012583751841489504,17,2026_H2,121.27005553012137
F AI 伺服器系統,2026-07-03,0.029935104041181552,17,2026_H2,124.90028725949541
F AI 伺服器系統,2026-07-06,-0.0016822453691650876,17,2026_H2,124.69017432964574
F AI 伺服器系統,2026-07-07,0.0021890147830913916,17,2026_H2,124.96312296455957
F AI 伺服器系統,2026-07-08,0.009555364903628577,17,2026_H2,126.15719120398296
F AI 伺服器系統,2026-07-09,0.009210156077005528,17,2026_H2,127.31911862520826
F AI 伺服器系統,2026-07-10,0.008455726525632784,17,2026_H2,128.39569427378763
F AI 伺服器系統,2026-07-13,0.03233428213033998,17,2026_H2,132.54727687675717
F AI 伺服器系統,2026-07-14,0.023427754729399283,17,2026_H2,135.6525619694756
F AI 伺服器系統,2026-07-15,0.013385383414694427,17,2026_H2,137.46832352262263
F AI 伺服器系統,2026-07-16,0.009186873747389544,17,2026_H2,138.73122765509027
F AI 伺服器系統,2026-07-17,0.01823100016467344,17,2026_H2,141.26043668931558
F AI 伺服器系統,2026-07-20,0.005259401331971481,17,2026_H2,142.00338201819423
F AI 伺服器系統,2026-07-21,-0.010881194116446748,17,2026_H2,140.4582156532623
F AI 伺服器系統,2026-07-22,-0.02182727906853861,17,2026_H2,137.39239498272957
F AI 伺服器系統,2026-07-23,0.023353318051929743,17,2026_H2,140.60096328067758
F AI 伺服器系統,2026-07-24,0.0005712325151314935,17,2026_H2,140.68127912256233
F AI 伺服器系統,2026-07-27,-0.026530743969401693,17,2026_H2,136.9489001248737
F AI 伺服器系統,2026-07-28,-0.0009629548555808117,17,2026_H2,136.817024516532
F AI 伺服器系統,2026-07-29,-0.0018709486237244867,17,2026_H2,136.5610468928107
F AI 伺服器系統,2026-07-30,-0.00833185604184452,17,2026_H2,135.42323990917623
F AI 伺服器系統,2026-07-31,0.016228098369294775,17,2026_H2,137.62090156791095
F AI 伺服器系統,2026-08-03,-0.001958450285106373,17,2026_H2,137.35137787399867
F AI 伺服器系統,2026-08-04,0.007643951399016184,17,2026_H2,138.4012851310554
F AI 伺服器系統,2026-08-05,-0.017473402290182148,17,2026_H2,135.98294379848227
F AI 伺服器系統,2026-08-06,0.010960553991814885,17,2026_H2,137.4733921959515
F AI 伺服器系統,2026-08-07,-0.012848790020352262,17,2026_H2,135.70702544624018
F AI 伺服器系統,2026-08-10,-0.01693758043242501,17,2026_H2,133.40847678749932
F AI 伺服器系統,2026-08-11,-0.018910936554839733,17,2026_H2,130.8855975470931
F AI 伺服器系統,2026-08-12,0.005940131653874222,17,2026_H2,131.66307522811886
F AI 伺服器系統,2026-08-13,-0.01036710612190408,17,2026_H2,130.2981101548927
F AI 伺服器系統,2026-08-14,0.018448748772009485,17,2026_H2,132.70194725460794
G AI 散熱,2025-01-02,0.0,15,2025_H1,56.55478121045117
G AI 散熱,2025-01-03,-0.02189166598618151,15,2025_H1,55.316702830270394
G AI 散熱,2025-01-06,0.009219232227995125,15,2025_H1,55.82668035974965
G AI 散熱,2025-01-07,0.04017294204845663,15,2025_H1,58.06940235459959
G AI 散熱,2025-01-08,0.01582711712533529,15,2025_H1,58.98847358706405
G AI 散熱,2025-01-09,-0.006233560124623363,15,2025_H1,58.62076539029933
G AI 散熱,2025-01-10,0.0126570566608794,15,2025_H1,59.362731739348476
G AI 散熱,2025-01-13,0.007389222269012792,15,2025_H1,59.80137615866631
G AI 散熱,2025-01-14,-0.00021303780513656236,15,2025_H1,59.788636204745316
G AI 散熱,2025-01-15,-0.018159387920011236,15,2025_H1,58.70291116669492
G AI 散熱,2025-01-16,0.0075816599509367765,15,2025_H1,59.147976677290856
G AI 散熱,2025-01-17,0.015350089701774743,15,2025_H1,60.05590342496575
G AI 散熱,2025-01-20,-0.00413157466883853,15,2025_H1,59.80777797566095
G AI 散熱,2025-01-21,0.003414053178825767,15,2025_H1,60.01196491017727
G AI 散熱,2025-01-22,-0.01445578273641929,15,2025_H1,59.14444498385013
G AI 散熱,2025-01-23,0.005398219167171687,15,2025_H1,59.46371966039368
G AI 散熱,2025-01-24,0.0004135184444299202,15,2025_H1,59.48830900524764
G AI 散熱,2025-01-27,0.014633141901133991,15,2025_H1,60.358809872379936
G AI 散熱,2025-01-28,0.017348646326426655,15,2025_H1,61.40595351753989
G AI 散熱,2025-01-29,0.014024777716799998,15,2025_H1,62.26715836611155
G AI 散熱,2025-01-30,-0.015476102061508174,15,2025_H1,61.30350546815751
G AI 散熱,2025-01-31,-0.011758737013081265,15,2025_H1,60.58265366937745
G AI 散熱,2025-02-03,0.04021224153896619,15,2025_H1,63.01881797180199
G AI 散熱,2025-02-04,0.012239283346977933,15,2025_H1,63.790123141150495
G AI 散熱,2025-02-05,-0.02900052590304025,15,2025_H1,61.94017602263744
G AI 散熱,2025-02-06,0.019580692664389828,15,2025_H1,63.1530075729149
G AI 散熱,2025-02-07,0.01937036712806859,15,2025_H1,64.37630451484395
G AI 散熱,2025-02-10,0.021584989070371194,15,2025_H1,65.76586634418776
G AI 散熱,2025-02-11,0.012178224552915987,15,2025_H1,66.56677783244434
G AI 散熱,2025-02-12,0.01638535020004928,15,2025_H1,67.65749779891783
G AI 散熱,2025-02-13,0.013176272959328625,15,2025_H1,68.54897145766154
G AI 散熱,2025-02-14,-0.019909225406699177,15,2025_H1,67.18421453351358
G AI 散熱,2025-02-17,0.012321945464548475,15,2025_H1,68.01205476107405
G AI 散熱,2025-02-18,-0.00783706601788535,15,2025_H1,67.47903979789949
G AI 散熱,2025-02-19,-0.014827342198887986,15,2025_H1,66.47850498356365
G AI 散熱,2025-02-20,0.006486921643867964,15,2025_H1,66.9097458363935
G AI 散熱,2025-02-21,0.01712868321806679,15,2025_H1,68.05582167702644
G AI 散熱,2025-02-24,-0.015483373541352631,15,2025_H1,67.00208796833735
G AI 散熱,2025-02-25,-0.0023270062972933704,15,2025_H1,66.84617368770323
G AI 散熱,2025-02-26,0.0071761590051331705,15,2025_H1,67.32587245897093
G AI 散熱,2025-02-27,0.00690633790715838,15,2025_H1,67.79084768406683
G AI 散熱,2025-02-28,-0.02722088427679408,15,2025_H1,65.94552086423309
G AI 散熱,2025-03-03,-0.0008166566717670962,15,2025_H1,65.89166601464615
G AI 散熱,2025-03-04,-0.020351311289832336,15,2025_H1,64.5506842081764
G AI 散熱,2025-03-05,0.019082449910300406,15,2025_H1,65.78246940625456
G AI 散熱,2025-03-06,0.030914727137054933,15,2025_H1,67.81611649835058
G AI 散熱,2025-03-07,0.034471223807240235,15,2025_H1,70.15382102790309
G AI 散熱,2025-03-10,-0.003980986345712775,15,2025_H1,69.87453962429144
G AI 散熱,2025-03-11,0.014824279796952894,15,2025_H1,70.91037935036522
G AI 散熱,2025-03-12,0.0024317192178696535,15,2025_H1,71.08281348257793
G AI 散熱,2025-03-13,0.009718433640431309,15,2025_H1,71.77362708838352
G AI 散熱,2025-03-14,-0.010607449999385947,15,2025_H1,71.01229192776891
G AI 散熱,2025-03-17,-0.019015735556904566,15,2025_H1,69.66194096318075
G AI 散熱,2025-03-18,-0.04830773295884751,15,2025_H1,66.29673052173642
G AI 散熱,2025-03-19,-0.006472402183768251,15,2025_H1,65.86763141833084
G AI 散熱,2025-03-20,-0.004894831942190195,15,2025_H1,65.54522043210798
G AI 散熱,2025-03-21,0.024171873545248433,15,2025_H1,67.12957121188833
G AI 散熱,2025-03-24,0.014465112302862099,15,2025_H1,68.10060799831128
G AI 散熱,2025-03-25,-0.007799812654957711,15,2025_H1,67.56943601423573
G AI 散熱,2025-03-26,0.020581127888947677,15,2025_H1,68.96009121822877
G AI 散熱,2025-03-27,0.011990184743361209,15,2025_H1,69.78693545185438
G AI 散熱,2025-03-28,0.019808317625666153,15,2025_H1,71.16929723540659
G AI 散熱,2025-03-31,0.00047102498638757504,15,2025_H1,71.2028197526681
G AI 散熱,2025-04-01,0.03237963839395917,15,2025_H1,73.50834130888975
G AI 散熱,2025-04-02,0.036919681662233986,15,2025_H1,76.22224586953278
G AI 散熱,2025-04-03,0.012827960502382349,15,2025_H1,77.20002182895004
G AI 散熱,2025-04-04,-0.019050835266822642,15,2025_H1,75.7292969304916
G AI 散熱,2025-04-07,0.010552208810716137,15,2025_H1,76.52840828479087
G AI 散熱,2025-04-08,0.031863449777768,15,2025_H1,78.96686737874583
G AI 散熱,2025-04-09,0.0011316723983407764,15,2025_H1,79.0562320029418
G AI 散熱,2025-04-10,0.02280945021423064,15,2025_H1,80.85946119093757
G AI 散熱,2025-04-11,0.0016314937389725428,15,2025_H1,80.99138289560727
G AI 散熱,2025-04-14,0.006448460875763685,15,2025_H1,81.51365265948358
G AI 散熱,2025-04-15,-0.016934859899875185,15,2025_H1,80.13323037176815
G AI 散熱,2025-04-16,-0.010763903809138697,15,2025_H1,79.27068398813088
G AI 散熱,2025-04-17,0.017992400570678205,15,2025_H1,80.69695388795698
G AI 散熱,2025-04-18,0.022793554024177296,15,2025_H1,82.53632426598867
G AI 散熱,2025-04-21,0.00436807651267132,15,2025_H1,82.89684924545715
G AI 散熱,2025-04-22,-0.016849567545722373,15,2025_H1,81.50007318476827
G AI 散熱,2025-04-23,-0.022233303311707243,15,2025_H1,79.68805733772497
G AI 散熱,2025-04-24,0.00037826199581275275,15,2025_H1,79.71820030133598
G AI 散熱,2025-04-25,-0.012623897580423012,15,2025_H1,78.71184590543626
G AI 散熱,2025-04-28,0.007887070738332629,15,2025_H1,79.33265180203719
G AI 散熱,2025-04-29,0.016816555521773635,15,2025_H1,80.66675374575567
G AI 散熱,2025-04-30,-0.00428873567709438,15,2025_H1,80.32079536101088
G AI 散熱,2025-05-01,-0.010798016516709016,15,2025_H1,79.45349008606748
G AI 散熱,2025-05-02,0.015128067302903676,15,2025_H1,80.6554678315401
G AI 散熱,2025-05-05,0.03790073904791063,15,2025_H1,83.71236967061046
G AI 散熱,2025-05-06,0.04067577128466859,15,2025_H1,87.11743487302982
G AI 散熱,2025-05-07,-0.0005715907015253225,15,2025_H1,87.06763935731567
G AI 散熱,2025-05-08,0.006659169439379109,15,2025_H1,87.64743752048278
G AI 散熱,2025-05-09,0.007647860105601806,15,2025_H1,88.31775286125391
G AI 散熱,2025-05-12,-0.002346530914973122,15,2025_H1,88.11051252382403
G AI 散熱,2025-05-13,0.013364827353770712,15,2025_H1,89.28809431175718
G AI 散熱,2025-05-14,0.01601672777848759,15,2025_H1,90.71819741220853
G AI 散熱,2025-05-15,-0.01834511373623854,15,2025_H1,89.05396176273503
G AI 散熱,2025-05-16,0.019516589568342735,15,2025_H1,90.79199138389322
G AI 散熱,2025-05-19,0.007496431352731005,15,2025_H1,91.4726073146803
G AI 散熱,2025-05-20,0.042971314104280914,15,2025_H1,95.40330545553698
G AI 散熱,2025-05-21,0.006029990665243399,15,2025_H1,95.97858649686722
G AI 散熱,2025-05-22,0.007373526917130613,15,2025_H1,96.68628718787005
G AI 散熱,2025-05-23,-0.00975859842010112,15,2025_H1,95.74276453847305
G AI 散熱,2025-05-26,-0.01546912515348535,15,2025_H1,94.26170773128673
G AI 散熱,2025-05-27,-0.004878677643036775,15,2025_H1,93.80183524518365
G AI 散熱,2025-05-28,0.02784442407819361,15,2025_H1,96.41369332506339
G AI 散熱,2025-05-29,-0.01622331866221616,15,2025_H1,94.8495432548497
G AI 散熱,2025-05-30,-0.015402954196340055,15,2025_H1,93.38858008455148
G AI 散熱,2025-06-02,-0.02899757915539163,15,2025_H1,90.68053734134007
G AI 散熱,2025-06-03,0.004097018951804274,15,2025_H1,91.05205722138734
G AI 散熱,2025-06-04,-0.008176596485704696,15,2025_H1,90.30756129029477
G AI 散熱,2025-06-05,-0.008178339270985187,15,2025_H1,89.56899541532745
G AI 散熱,2025-06-06,0.03397054141848854,15,2025_H1,92.61170268389623
G AI 散熱,2025-06-09,0.01852442080837314,15,2025_H1,94.32728083619268
G AI 散熱,2025-06-10,0.036390319684424265,15,2025_H1,97.7598807407842
G AI 散熱,2025-06-11,0.016605983813676742,15,2025_H1,99.38327973799261
G AI 散熱,2025-06-12,-0.012186541076276515,15,2025_H1,98.1721413171705
G AI 散熱,2025-06-13,-0.005254248372994568,15,2025_H1,97.65632050338135
G AI 散熱,2025-06-16,-0.015587052727968972,15,2025_H1,96.13414628647571
G AI 散熱,2025-06-17,0.0008985039876849659,15,2025_H1,96.22052320026681
G AI 散熱,2025-06-18,-0.0037258953333499253,15,2025_H1,95.86201560190246
G AI 散熱,2025-06-19,0.014694344801444395,15,2025_H1,97.27064511251825
G AI 散熱,2025-06-20,-0.016457104484438507,15,2025_H1,95.6698519426328
G AI 散熱,2025-06-23,0.022230955500783276,15,2025_H1,97.796684163936
G AI 散熱,2025-06-24,-0.005713100121437556,15,2025_H1,97.23796191576284
G AI 散熱,2025-06-25,-0.0024667709647055364,15,2025_H1,96.9980981346419
G AI 散熱,2025-06-26,-0.019357964370304088,15,2025_H1,95.12041240696423
G AI 散熱,2025-06-27,-0.011374866648494075,15,2025_H1,94.03843040028524
G AI 散熱,2025-06-30,-0.008577854709437175,15,2025_H1,93.23178240720809
G AI 散熱,2025-07-01,0.010320809388722452,14,2025_H2,94.1940098624037
G AI 散熱,2025-07-02,0.0273801271885265,14,2025_H2,96.77305383283365
G AI 散熱,2025-07-03,-0.0009280953930250136,14,2025_H2,96.68323920740244
G AI 散熱,2025-07-04,-0.008979584269813589,14,2025_H2,95.81506391346103
G AI 散熱,2025-07-07,-0.007245921769854148,14,2025_H2,95.12079545597052
G AI 散熱,2025-07-08,-0.03701617891830307,14,2025_H2,91.599787072521
G AI 散熱,2025-07-09,0.022411324945872856,14,2025_H2,93.65265966557604
G AI 散熱,2025-07-10,-0.03458878317431569,14,2025_H2,90.41332812670545
G AI 散熱,2025-07-11,0.009190557716308174,14,2025_H2,91.24427703717745
G AI 散熱,2025-07-14,0.025675444503188323,14,2025_H2,93.58701440847905
G AI 散熱,2025-07-15,-0.011718268539120653,14,2025_H2,92.49033664186594
G AI 散熱,2025-07-16,-0.0017937668525378329,14,2025_H2,92.32443054181769
G AI 散熱,2025-07-17,0.0037678994285584937,14,2025_H2,92.67229971089822
G AI 散熱,2025-07-18,0.04735143182500651,14,2025_H2,97.06046579272538
G AI 散熱,2025-07-21,0.0048792759830528125,14,2025_H2,97.53405059237173
G AI 散熱,2025-07-22,0.040196128387676826,14,2025_H2,101.45454181215287
G AI 散熱,2025-07-23,-0.02118954981555664,14,2025_H2,99.30476574440979
G AI 散熱,2025-07-24,-0.00317766194848037,14,2025_H2,98.98920876900101
G AI 散熱,2025-07-25,-0.029383281741196345,14,2025_H2,96.08058095840336
G AI 散熱,2025-07-28,0.010479426358352457,14,2025_H2,97.08745033102467
G AI 散熱,2025-07-29,0.007794669000376701,14,2025_H2,97.84421487044554
G AI 散熱,2025-07-30,0.003949461334350604,14,2025_H2,98.23064681386626
G AI 散熱,2025-07-31,8.932266642544984e-05,14,2025_H2,98.23942103716436
G AI 散熱,2025-08-01,0.018219578071244857,14,2025_H2,100.02930183842486
G AI 散熱,2025-08-04,-0.047423131271808416,14,2025_H2,95.2855991263139
G AI 散熱,2025-08-05,-0.01722226111477747,14,2025_H2,93.6445656576825
G AI 散熱,2025-08-06,0.02041538519509376,14,2025_H2,95.55635553701134
G AI 散熱,2025-08-07,-0.0015117644121381314,14,2025_H2,95.41189683935686
G AI 散熱,2025-08-08,-0.018893640684491883,14,2025_H2,93.60921874344825
G AI 散熱,2025-08-11,-0.036836357819413995,14,2025_H2,90.1609960666188
G AI 散熱,2025-08-12,-0.016399661430534243,14,2025_H2,88.68238625688652
G AI 散熱,2025-08-13,-0.005972280586131661,14,2025_H2,88.15275016311269
G AI 散熱,2025-08-14,0.020988016271674834,14,2025_H2,90.00290151792898
G AI 散熱,2025-08-15,0.01020541320416021,14,2025_H2,90.9214183174928
G AI 散熱,2025-08-18,0.00909121860258093,14,2025_H2,91.74800480707383
G AI 散熱,2025-08-19,-0.018499470509684098,14,2025_H2,90.050715297823
G AI 散熱,2025-08-20,-0.0003656514728226725,14,2025_H2,90.01778812114563
G AI 散熱,2025-08-21,0.003269836756912633,14,2025_H2,90.31213159352012
G AI 散熱,2025-08-22,-0.005236112913673043,14,2025_H2,89.83924707502194
G AI 散熱,2025-08-25,-0.027458460216012788,14,2025_H2,87.37239968337589
G AI 散熱,2025-08-26,0.04542389768693283,14,2025_H2,91.34119462725538
G AI 散熱,2025-08-27,0.011623193846267067,14,2025_H2,92.40287103855756
G AI 散熱,2025-08-28,-0.0010042839816920477,14,2025_H2,92.31007231531116
G AI 散熱,2025-08-29,-0.015570165385694218,14,2025_H2,90.87278922259638
G AI 散熱,2025-09-01,0.011950064475016717,14,2025_H2,91.95872491283102
G AI 散熱,2025-09-02,0.004069593845640979,14,2025_H2,92.33295957378927
G AI 散熱,2025-09-03,0.011069433707682359,14,2025_H2,93.35503314882544
G AI 散熱,2025-09-04,0.02950659426740855,14,2025_H2,96.10962223476832
G AI 散熱,2025-09-05,-0.01523503940265503,14,2025_H2,94.64538835304735
G AI 散熱,2025-09-08,0.005865751579594598,14,2025_H2,95.2005546892806
G AI 散熱,2025-09-09,-0.020901183164667634,14,2025_H2,93.21075045834198
G AI 散熱,2025-09-10,-0.024236542101318398,14,2025_H2,90.9516441805629
G AI 散熱,2025-09-11,0.022776882821219337,14,2025_H2,93.0232391224608
G AI 散熱,2025-09-12,0.03295301399640378,14,2025_H2,96.08863522325407
G AI 散熱,2025-09-15,0.012496822665004358,14,2025_H2,97.28943785776137
G AI 散熱,2025-09-16,0.012157526192068033,14,2025_H2,98.47223674672868
G AI 散熱,2025-09-17,0.014507451339363145,14,2025_H2,99.90081792961008
G AI 散熱,2025-09-18,-0.0072276579160230475,14,2025_H2,99.17876899208397
G AI 散熱,2025-09-19,0.013551857076238325,14,2025_H2,100.52282549446194
G AI 散熱,2025-09-22,-0.005154617199526994,14,2025_H2,100.00466880922313
G AI 散熱,2025-09-23,0.032512343912079265,14,2025_H2,103.2560549943622
G AI 散熱,2025-09-24,0.01550290668009596,14,2025_H2,104.85682397909464
G AI 散熱,2025-09-25,-0.0018776155735249925,14,2025_H2,104.65994317340115
G AI 散熱,2025-09-26,-0.012389065038637834,14,2025_H2,103.36330433048573
G AI 散熱,2025-09-29,-0.00633245838994895,14,2025_H2,102.7087605067653
G AI 散熱,2025-09-30,0.00917150979430815,14,2025_H2,103.65075490971435
G AI 散熱,2025-10-01,-0.012127197477215705,14,2025_H2,102.39376173626175
G AI 散熱,2025-10-02,-0.0051415258691155374,14,2025_H2,101.8673015614587
G AI 散熱,2025-10-03,0.003703537113735144,14,2025_H2,102.24457089346761
G AI 散熱,2025-10-06,0.030056771435796936,14,2025_H2,105.31771259136369
G AI 散熱,2025-10-07,-0.022209062027137426,14,2025_H2,102.97870497986585
G AI 散熱,2025-10-08,-0.02884081673521918,14,2025_H2,100.00871502191134
G AI 散熱,2025-10-09,0.0015822974150725738,14,2025_H2,100.16695855317523
G AI 散熱,2025-10-10,-0.018593315364267112,14,2025_H2,98.30452270371657
G AI 散熱,2025-10-13,-0.030049359584484917,14,2025_H2,95.35053475221143
G AI 散熱,2025-10-14,-0.014840875626117246,14,2025_H2,93.93544932507008
G AI 散熱,2025-10-15,-0.015006187260587858,14,2025_H2,92.52583638209063
G AI 散熱,2025-10-16,-0.028963594825036073,14,2025_H2,89.84595554627218
G AI 散熱,2025-10-17,-0.009683049064898233,14,2025_H2,88.97597275043495
G AI 散熱,2025-10-20,0.039735016001199254,14,2025_H2,92.51143445139574
G AI 散熱,2025-10-21,0.009510468371104629,14,2025_H2,93.39126152271126
G AI 散熱,2025-10-22,-0.020784890245731193,14,2025_H2,91.45013440205135
G AI 散熱,2025-10-23,-0.021886705690147203,14,2025_H2,89.44859222506925
G AI 散熱,2025-10-24,-0.019915143458439647,14,2025_H2,87.66721067875152
G AI 散熱,2025-10-27,-0.024324901246755723,14,2025_H2,85.53471443641237
G AI 散熱,2025-10-28,0.04023830500801925,14,2025_H2,88.97648636467856
G AI 散熱,2025-10-29,0.032423073301339506,14,2025_H2,91.86137750417618
G AI 散熱,2025-10-30,0.0009295407364433822,14,2025_H2,91.94676639667212
G AI 散熱,2025-10-31,0.013764705360673344,14,2025_H2,93.21238654498897
G AI 散熱,2025-11-03,-0.0016104321438373914,14,2025_H2,93.06227432149313
G AI 散熱,2025-11-04,-0.00023091275984072295,14,2025_H2,93.0407850548925
G AI 散熱,2025-11-05,0.004054965182878574,14,2025_H2,93.41806219887776
G AI 散熱,2025-11-06,0.009057768108491801,14,2025_H2,94.26422134341986
G AI 散熱,2025-11-07,-0.0009720648162411529,14,2025_H2,94.17259041042156
G AI 散熱,2025-11-10,0.016321068427201574,14,2025_H2,95.70958770247687
G AI 散熱,2025-11-11,-0.004500960326599904,14,2025_H2,95.27880264535278
G AI 散熱,2025-11-12,0.0017144728455916075,14,2025_H2,95.44215556524873
G AI 散熱,2025-11-13,-0.023892993015623573,14,2025_H2,93.1617568089322
G AI 散熱,2025-11-14,0.012596862777277062,14,2025_H2,94.33530267554437
G AI 散熱,2025-11-17,0.011222333087927703,14,2025_H2,95.39396486411981
G AI 散熱,2025-11-18,0.011074371132956376,14,2025_H2,96.45039303486926
G AI 散熱,2025-11-19,-0.021569413790429714,14,2025_H2,94.3700145972506
G AI 散熱,2025-11-20,0.0014775732504103084,14,2025_H2,94.50945320646031
G AI 散熱,2025-11-21,-0.008555348135763561,14,2025_H2,93.70089193215838
G AI 散熱,2025-11-24,-0.005702506927773492,14,2025_H2,93.1665619467767
G AI 散熱,2025-11-25,0.0036167679043623813,14,2025_H2,93.5035237777856
G AI 散熱,2025-11-26,-0.02220308696500963,14,2025_H2,91.42745690781257
G AI 散熱,2025-11-27,-0.03405982507582116,14,2025_H2,88.31345371840528
G AI 散熱,2025-11-28,-0.013741049721600972,14,2025_H2,87.09993415977436
G AI 散熱,2025-12-01,0.06730390281293244,14,2025_H2,92.96209966347666
G AI 散熱,2025-12-02,-0.011301014631083437,14,2025_H2,91.91153361504347
G AI 散熱,2025-12-03,0.012107265655076128,14,2025_H2,93.02433096928625
G AI 散熱,2025-12-04,0.023712855166385435,14,2025_H2,95.23020345651085
G AI 散熱,2025-12-05,0.025919711138536656,14,2025_H2,97.69854282176769
G AI 散熱,2025-12-08,0.00041522026727627967,14,2025_H2,97.73910923683064
G AI 散熱,2025-12-09,0.015555019121836803,14,2025_H2,99.25944294996084
G AI 散熱,2025-12-10,0.0029704269800695173,14,2025_H2,99.55428587732607
G AI 散熱,2025-12-11,-0.016268768985477893,14,2025_H2,97.93466019887362
G AI 散熱,2025-12-12,0.022695570517219668,14,2025_H2,100.1573431854971
G AI 散熱,2025-12-15,0.009762523620035417,14,2025_H2,101.1351316140655
G AI 散熱,2025-12-16,0.033422653151944065,14,2025_H2,104.51533603947863
G AI 散熱,2025-12-17,0.003929101601457777,14,2025_H2,104.92598741368825
G AI 散熱,2025-12-18,-0.020503725086216677,14,2025_H2,102.77461381335816
G AI 散熱,2025-12-19,0.03961292803357081,14,2025_H2,106.84581719402476
G AI 散熱,2025-12-22,0.01381090083783633,14,2025_H2,108.32145418022903
G AI 散熱,2025-12-23,0.0018951441563562965,14,2025_H2,108.52673895112673
G AI 散熱,2025-12-24,-0.010760636414936913,14,2025_H2,107.35892217197487
G AI 散熱,2025-12-25,-0.0057759940563385055,14,2025_H2,106.73881767561463
G AI 散熱,2025-12-26,0.001708222645260953,14,2025_H2,106.9211513410965
G AI 散熱,2025-12-29,0.0006015816302408527,14,2025_H2,106.98547314162751
G AI 散熱,2025-12-30,-0.0038073136625708117,14,2025_H2,106.57814588803879
G AI 散熱,2025-12-31,-0.010509676494349435,14,2025_H2,105.45804405338791
G AI 散熱,2026-01-01,-0.027244114172105854,12,2026_H1,102.58493306083045
G AI 散熱,2026-01-02,-0.025197979700368356,12,2026_H1,100.0
G AI 散熱,2026-01-05,-0.032628796474969246,12,2026_H1,96.7371203525031
G AI 散熱,2026-01-06,0.005995570534628997,12,2026_H1,97.31711458089343
G AI 散熱,2026-01-07,0.006699278451839035,12,2026_H1,97.96906902960033
G AI 散熱,2026-01-08,0.002396177066631546,12,2026_H1,98.20382026604833
G AI 散熱,2026-01-09,-0.005798501239421469,12,2026_H1,97.63438529251972
G AI 散熱,2026-01-12,0.0037198626973518633,12,2026_H1,97.99757180034824
G AI 散熱,2026-01-13,-0.03807931557832612,12,2026_H1,94.2658913378531
G AI 散熱,2026-01-14,0.00854285078231153,12,2026_H1,95.07119078141396
G AI 散熱,2026-01-15,0.014732183515589315,12,2026_H1,96.47179701105138
G AI 散熱,2026-01-16,0.009039093223430564,12,2026_H1,97.34381457766614
G AI 散熱,2026-01-19,0.014519066108028186,12,2026_H1,98.75715585672691
G AI 散熱,2026-01-20,-0.003499896463265404,12,2026_H1,98.4115160362218
G AI 散熱,2026-01-21,-0.023033713705976618,12,2026_H1,96.14473335047234
G AI 散熱,2026-01-22,0.030802145571602508,12,2026_H1,99.1061974230765
G AI 散熱,2026-01-23,-0.011499032855448612,12,2026_H1,97.96657200272996
G AI 散熱,2026-01-26,-0.015873535768446845,12,2026_H1,96.41149611793249
G AI 散熱,2026-01-27,-0.0012439468310530676,12,2026_H1,96.2915653428595
G AI 散熱,2026-01-28,0.04158345401553725,12,2026_H1,100.29570122237841
G AI 散熱,2026-01-29,-0.019222418715253792,12,2026_H1,98.36777525814186
G AI 散熱,2026-01-30,0.0030328890253141947,12,2026_H1,98.66611380416686
G AI 散熱,2026-02-02,-0.012948314027903092,12,2026_H1,97.38855397871768
G AI 散熱,2026-02-03,0.013407570510122384,12,2026_H1,98.6942978830662
G AI 散熱,2026-02-04,0.02558784543425325,12,2026_H1,101.21967232254025
G AI 散熱,2026-02-05,0.021468805687455978,12,2026_H1,103.39273779938081
G AI 散熱,2026-02-06,-0.020251217615529997,12,2026_H1,101.29890896634012
G AI 散熱,2026-02-09,0.04299112488557487,12,2026_H1,105.65386301248454
G AI 散熱,2026-02-10,0.00432866154860081,12,2026_H1,106.11120282676782
G AI 散熱,2026-02-11,0.023726832958212346,12,2026_H1,108.62888561123353
G AI 散熱,2026-02-12,0.0047082550098609625,12,2026_H1,109.14033810612823
G AI 散熱,2026-02-13,0.025752138629712207,12,2026_H1,111.9509352231309
G AI 散熱,2026-02-16,0.04016154103365,12,2026_H1,116.44705730185018
G AI 散熱,2026-02-17,0.0008062332238235974,12,2026_H1,116.54094078826343
G AI 散熱,2026-02-18,0.033088059879293794,12,2026_H1,120.39705441545472
G AI 散熱,2026-02-19,0.0011966512195298487,12,2026_H1,120.54112769744877
G AI 散熱,2026-02-20,-0.01975411613291183,12,2026_H1,118.15994426212121
G AI 散熱,2026-02-23,0.03322775656644796,12,2026_H1,122.08613412596806
G AI 散熱,2026-02-24,-0.010431883041153972,12,2026_H1,120.81254585381933
G AI 散熱,2026-02-25,0.0090395141005715,12,2026_H1,121.90463256559086
G AI 散熱,2026-02-26,-0.007206085915139724,12,2026_H1,121.02617730986967
G AI 散熱,2026-02-27,0.034101417310534454,12,2026_H1,125.15334148781227
G AI 散熱,2026-03-02,0.019040003122134056,12,2026_H1,127.53626150048572
G AI 散熱,2026-03-03,0.009130587969213438,12,2026_H1,128.70074255538051
G AI 散熱,2026-03-04,-0.009556725458085908,12,2026_H1,127.47078489252695
G AI 散熱,2026-03-05,-0.028693291367363635,12,2026_H1,123.81322852077915
G AI 散熱,2026-03-06,0.017432110903001202,12,2026_H1,125.97155445161198
G AI 散熱,2026-03-09,0.011242918217176556,12,2026_H1,127.38784233600204
G AI 散熱,2026-03-10,0.03196381730483376,12,2026_H1,131.459644055287
G AI 散熱,2026-03-11,0.025528300795038004,12,2026_H1,134.815585391139
G AI 散熱,2026-03-12,0.02218210237142294,12,2026_H1,137.80607850754853
G AI 散熱,2026-03-13,0.015073514141270138,12,2026_H1,139.88330038068506
G AI 散熱,2026-03-16,-0.0006893177579607813,12,2026_H1,139.78687633769047
G AI 散熱,2026-03-17,0.013759302351233842,12,2026_H1,141.71024623395533
G AI 散熱,2026-03-18,-0.01718460027555719,12,2026_H1,139.275012297474
G AI 散熱,2026-03-19,-0.01609289509542385,12,2026_H1,137.03367413515687
G AI 散熱,2026-03-20,0.00690573005803493,12,2026_H1,137.97999169759498
G AI 散熱,2026-03-23,-0.031835285800735164,12,2026_H1,133.58735922711898
G AI 散熱,2026-03-24,-0.03542529113303989,12,2026_H1,128.8549881348043
G AI 散熱,2026-03-25,-0.010638867350104643,12,2026_H1,127.48411700863882
G AI 散熱,2026-03-26,0.02519236697745644,12,2026_H1,130.69574366811747
G AI 散熱,2026-03-27,-0.01607551182729703,12,2026_H1,128.59474269500325
G AI 散熱,2026-03-30,0.004510112935320358,12,2026_H1,129.17471950744618
G AI 散熱,2026-03-31,0.019123113506759062,12,2026_H1,131.64494233079085
G AI 散熱,2026-04-01,0.013132355515392019,12,2026_H1,133.37375051528207
G AI 散熱,2026-04-02,0.006545629047838139,12,2026_H1,134.246765610874
G AI 散熱,2026-04-03,-0.005207173824220264,12,2026_H1,133.54771936699882
G AI 散熱,2026-04-06,0.032601706351984505,12,2026_H1,137.90160289777896
G AI 散熱,2026-04-07,0.01939733085827983,12,2026_H1,140.57652591507428
G AI 散熱,2026-04-08,-0.0006775280057122284,12,2026_H1,140.4812813818211
G AI 散熱,2026-04-09,-0.02597285801873425,12,2026_H1,136.8325810062012
G AI 散熱,2026-04-10,0.0039818062555770865,12,2026_H1,137.37742183321845
G AI 散熱,2026-04-13,0.032613417690669534,12,2026_H1,141.8577690727325
G AI 散熱,2026-04-14,0.0003810268894031511,12,2026_H1,141.91182069721995
G AI 散熱,2026-04-15,-0.0005928642529405704,12,2026_H1,141.82768625165886
G AI 散熱,2026-04-16,-0.009433164560730447,12,2026_H1,140.48980234797935
G AI 散熱,2026-04-17,0.002245796396941842,12,2026_H1,140.8053138398995
G AI 散熱,2026-04-20,0.008658536946588137,12,2026_H1,142.0244818520582
G AI 散熱,2026-04-21,0.009239461570999394,12,2026_H1,143.3367115942714
G AI 散熱,2026-04-22,0.00022176653442689128,12,2026_H1,143.36849888005779
G AI 散熱,2026-04-23,0.012414165840839932,12,2026_H1,145.1482992015071
G AI 散熱,2026-04-24,0.018842916588307477,12,2026_H1,147.88331649629578
G AI 散熱,2026-04-27,0.007900673279460676,12,2026_H1,149.05169426341612
G AI 散熱,2026-04-28,-0.0049780999895753155,12,2026_H1,148.3097000257572
G AI 散熱,2026-04-29,-0.0005742732902707023,12,2026_H1,148.22452972634434
G AI 散熱,2026-04-30,0.019163644630942757,12,2026_H1,151.0650519396086
G AI 散熱,2026-05-01,0.02006383023389674,12,2026_H1,154.0959954959997
G AI 散熱,2026-05-04,0.02160717611869134,12,2026_H1,157.42557480986684
G AI 散熱,2026-05-05,-0.02262021743789379,12,2026_H1,153.86457407738226
G AI 散熱,2026-05-06,0.0035945592058938694,12,2026_H1,154.41764939859303
G AI 散熱,2026-05-07,-0.008856198999928969,12,2026_H1,153.05009596641784
G AI 散熱,2026-05-08,-0.014606443526588516,12,2026_H1,150.81457838294543
G AI 散熱,2026-05-11,-0.009035699626425024,12,2026_H1,149.4518631533912
G AI 散熱,2026-05-12,0.013134311514090623,12,2026_H1,151.41481048040907
G AI 散熱,2026-05-13,-0.019834928796287784,12,2026_H1,148.41150849582675
G AI 散熱,2026-05-14,-0.005787295344095253,12,2026_H1,147.55260726369872
G AI 散熱,2026-05-15,0.0007965140266331058,12,2026_H1,147.6701349850505
G AI 散熱,2026-05-18,0.012382427906074458,12,2026_H1,149.49864978538318
G AI 散熱,2026-05-19,0.011920715892586458,12,2026_H1,151.2807807158
G AI 散熱,2026-05-20,-0.01623527209071447,12,2026_H1,148.8246960787833
G AI 散熱,2026-05-21,-0.022733228909358475,12,2026_H1,145.44143019545862
G AI 散熱,2026-05-22,-0.0198157182559632,12,2026_H1,142.55940379196107
G AI 散熱,2026-05-25,-0.011203335459495863,12,2026_H1,140.96226296837403
G AI 散熱,2026-05-26,-0.0027119864302639126,12,2026_H1,140.57997522402448
G AI 散熱,2026-05-27,0.03215657099010651,12,2026_H1,145.10054517710327
G AI 散熱,2026-05-28,0.01676494735530527,12,2026_H1,147.53314817822348
G AI 散熱,2026-05-29,0.003520365870287848,12,2026_H1,148.05251883780622
G AI 散熱,2026-06-01,-0.04604643219197225,12,2026_H1,141.2352285682905
G AI 散熱,2026-06-02,-0.03786696131012905,12,2026_H1,135.88707963246782
G AI 散熱,2026-06-03,0.011681450598855555,12,2026_H1,137.47443784021726
G AI 散熱,2026-06-04,-0.002714993520991246,12,2026_H1,137.10119563217916
G AI 散熱,2026-06-05,-0.012231877714272676,12,2026_H1,135.42419057272576
G AI 散熱,2026-06-08,0.02469567322912276,12,2026_H1,138.76858213042826
G AI 散熱,2026-06-09,-0.018544530401253298,12,2026_H1,136.19518394037172
G AI 散熱,2026-06-10,0.00946172801526909,12,2026_H1,137.48382572780508
G AI 散熱,2026-06-11,-0.005045431893791653,12,2026_H1,136.7901604485975
G AI 散熱,2026-06-12,-0.0070692539436895945,12,2026_H1,135.8231560673883
G AI 散熱,2026-06-15,0.0007098127279133714,12,2026_H1,135.9195650723103
G AI 散熱,2026-06-16,0.013649229973240716,12,2026_H1,137.77476247384513
G AI 散熱,2026-06-17,0.007465990383838442,12,2026_H1,138.80338752561047
G AI 散熱,2026-06-18,-0.025548743319826372,12,2026_H1,135.25713540579628
G AI 散熱,2026-06-19,-0.030426975961037026,12,2026_H1,131.14166979824537
G AI 散熱,2026-06-22,0.001418082678410892,12,2026_H1,131.32763952860418
G AI 散熱,2026-06-23,0.002393577186148714,12,2026_H1,131.64198237049058
G AI 散熱,2026-06-24,0.02365303021216818,12,2026_H1,134.75571415668952
G AI 散熱,2026-06-25,-0.00801180542704165,12,2026_H1,133.67607759468407
G AI 散熱,2026-06-26,-0.0005044614287057654,12,2026_H1,133.6086431695969
G AI 散熱,2026-06-29,0.0001734803830764337,12,2026_H1,133.63182164819625
G AI 散熱,2026-06-30,0.0058352239822033695,12,2026_H1,134.41159325866332
G AI 散熱,2026-07-01,0.022286059322262144,14,2026_H2,137.40709799962568
G AI 散熱,2026-07-02,-0.013458391047231733,14,2026_H2,135.55781954208143
G AI 散熱,2026-07-03,0.03678094184771329,14,2026_H2,140.54376381966154
G AI 散熱,2026-07-06,-0.005817964121213281,14,2026_H2,139.72608524429847
G AI 散熱,2026-07-07,-0.0025826452206509725,14,2026_H2,139.36522233804197
G AI 散熱,2026-07-08,0.011648896970914016,14,2026_H2,140.98867345438637
G AI 散熱,2026-07-09,0.01332405557957113,14,2026_H2,142.86721437558262
G AI 散熱,2026-07-10,0.002582627174292691,14,2026_H2,143.23618712574446
G AI 散熱,2026-07-13,0.0337336344725902,14,2026_H2,148.06806430549187
G AI 散熱,2026-07-14,0.029189229302980714,14,2026_H2,152.3900569869534
G AI 散熱,2026-07-15,0.02395104419108039,14,2026_H2,156.0399579761292
G AI 散熱,2026-07-16,0.012930456664657392,14,2026_H2,158.05762589069445
G AI 散熱,2026-07-17,0.02083876533028114,14,2026_H2,161.351351665292
G AI 散熱,2026-07-20,0.011811391706838469,14,2026_H2,163.2571356822386
G AI 散熱,2026-07-21,-0.007691264638880695,14,2026_H2,162.00148184752086
G AI 散熱,2026-07-22,-0.016857487322727637,14,2026_H2,159.2705439210132
G AI 散熱,2026-07-23,0.02240749562804577,14,2026_H2,162.83939793759976
G AI 散熱,2026-07-24,0.004113979377128842,14,2026_H2,163.5093158624991
G AI 散熱,2026-07-27,-0.03488935675177612,14,2026_H2,157.80458100913353
G AI 散熱,2026-07-28,-0.01132661925593232,14,2026_H2,156.01718860320116
G AI 散熱,2026-07-29,-6.0459630166199345e-05,14,2026_H2,156.00775586167865
G AI 散熱,2026-07-30,-0.0061829817904731485,14,2026_H2,155.0431627480133
G AI 散熱,2026-07-31,0.01481152215513823,14,2026_H2,157.33958798805818
G AI 散熱,2026-08-03,-0.001851141467610679,14,2026_H2,157.0483301522367
G AI 散熱,2026-08-04,0.004715178102400784,14,2026_H2,157.78884099958915
G AI 散熱,2026-08-05,-0.016602917338220727,14,2026_H2,155.16908591557933
G AI 散熱,2026-08-06,0.009630607468225744,14,2026_H2,156.66345847323566
G AI 散熱,2026-08-07,-0.009376567565136927,14,2026_H2,155.19449296987332
G AI 散熱,2026-08-10,-0.016353823792683124,14,2026_H2,152.65646957824922
G AI 散熱,2026-08-11,-0.01864917861576901,14,2026_H2,149.80955181023177
G AI 散熱,2026-08-12,0.002129390359903464,14,2026_H2,150.12855482567792
G AI 散熱,2026-08-13,-0.0070353856588906225,14,2026_H2,149.07234254406737
G AI 散熱,2026-08-14,0.018017162394439845,14,2026_H2,151.7582031482034
H AI 電力與機房,2025-01-02,0.0,19,2025_H1,35.99697445294884
H AI 電力與機房,2025-01-03,-0.02666869474159659,19,2025_H1,35.0369821296421
H AI 電力與機房,2025-01-06,-0.003126289084669269,19,2025_H1,34.92744639485044
H AI 電力與機房,2025-01-07,0.0344737936418357,19,2025_H1,36.1315279743028
H AI 電力與機房,2025-01-08,0.01619795529945827,19,2025_H1,36.71678484933168
H AI 電力與機房,2025-01-09,-0.010372438237034208,19,2025_H1,36.33594226621951
H AI 電力與機房,2025-01-10,0.008144759085353347,19,2025_H1,36.63188976211718
H AI 電力與機房,2025-01-13,0.01680655351601063,19,2025_H1,37.24754557779681
H AI 電力與機房,2025-01-14,-0.006312724510252176,19,2025_H1,37.01241208388111
H AI 電力與機房,2025-01-15,-0.012087165966900276,19,2025_H1,36.565036916187935
H AI 電力與機房,2025-01-16,0.013041077290243312,19,2025_H1,37.04188438873255
H AI 電力與機房,2025-01-17,0.006971764193260424,19,2025_H1,37.300131671964806
H AI 電力與機房,2025-01-20,-3.780636106886538e-05,19,2025_H1,37.29872148971889
H AI 電力與機房,2025-01-21,0.003284157966743715,19,2025_H1,37.421216383048716
H AI 電力與機房,2025-01-22,-0.012766485177827908,19,2025_H1,36.943478978758236
H AI 電力與機房,2025-01-23,-0.0018906308167690692,19,2025_H1,36.87363249892233
H AI 電力與機房,2025-01-24,-0.005502581471308063,19,2025_H1,36.670732331953936
H AI 電力與機房,2025-01-27,0.011789970123265532,19,2025_H1,37.103079170545946
H AI 電力與機房,2025-01-28,0.016626603451222712,19,2025_H1,37.719977354733935
H AI 電力與機房,2025-01-29,0.014504183293586121,19,2025_H1,38.26707482011691
H AI 電力與機房,2025-01-30,-0.0036792247286897284,19,2025_H1,38.12628165214412
H AI 電力與機房,2025-01-31,-0.008705282640707936,19,2025_H1,37.79438159432297
H AI 電力與機房,2025-02-03,0.03599900305064731,19,2025_H1,39.154941652634335
H AI 電力與機房,2025-02-04,0.015524976327079564,19,2025_H1,39.76282119487966
H AI 電力與機房,2025-02-05,-0.024800958637383564,19,2025_H1,38.776665111119776
H AI 電力與機房,2025-02-06,0.016529724412119563,19,2025_H1,39.41763269902764
H AI 電力與機房,2025-02-07,0.012312251610300758,19,2025_H1,39.90295251070048
H AI 電力與機房,2025-02-10,0.010526045460787524,19,2025_H1,40.32297280284777
H AI 電力與機房,2025-02-11,0.005510979366191011,19,2025_H1,40.545191873947736
H AI 電力與機房,2025-02-12,0.013407974473252548,19,2025_H1,41.08882077160676
H AI 電力與機房,2025-02-13,0.0046031911838637024,19,2025_H1,41.27796046913798
H AI 電力與機房,2025-02-14,-0.02399767816136933,19,2025_H1,40.287385258641876
H AI 電力與機房,2025-02-17,0.012998529929005524,19,2025_H1,40.81106204168771
H AI 電力與機房,2025-02-18,-0.0010305852937977115,19,2025_H1,40.769002761323286
H AI 電力與機房,2025-02-19,-0.014150738150877182,19,2025_H1,40.19209127857541
H AI 電力與機房,2025-02-20,0.01263786471570481,19,2025_H1,40.70003349079531
H AI 電力與機房,2025-02-21,0.0231136414948165,19,2025_H1,41.64075947372858
H AI 電力與機房,2025-02-24,-0.006467068249885286,19,2025_H1,41.37146584023492
H AI 電力與機房,2025-02-25,-0.0010265984751518871,19,2025_H1,41.32899395648854
H AI 電力與機房,2025-02-26,0.0023840941412150334,19,2025_H1,41.42752616884251
H AI 電力與機房,2025-02-27,0.005974284078267872,19,2025_H1,41.67502597883506
H AI 電力與機房,2025-02-28,-0.02448092076465819,19,2025_H1,40.65478296998212
H AI 電力與機房,2025-03-03,-0.004978583133890609,19,2025_H1,40.452379753175784
H AI 電力與機房,2025-03-04,-0.01644832077142686,19,2025_H1,39.78700603502798
H AI 電力與機房,2025-03-05,0.01889168323210385,19,2025_H1,40.53864954979552
H AI 電力與機房,2025-03-06,0.03642777692042473,19,2025_H1,42.015382432250746
H AI 電力與機房,2025-03-07,0.03728667843084263,19,2025_H1,43.58199648615095
H AI 電力與機房,2025-03-10,0.0003082505417748417,19,2025_H1,43.59543066017943
H AI 電力與機房,2025-03-11,0.011980048016617484,19,2025_H1,44.1177060127935
H AI 電力與機房,2025-03-12,-0.0007773014273913086,19,2025_H1,44.08341325693653
H AI 電力與機房,2025-03-13,0.0013001733212428365,19,2025_H1,44.14072933476252
H AI 電力與機房,2025-03-14,-0.008917424709276119,19,2025_H1,43.74710770430723
H AI 電力與機房,2025-03-17,-0.016656874383683778,19,2025_H1,43.01841762662711
H AI 電力與機房,2025-03-18,-0.039783843888468375,19,2025_H1,41.30697961544043
H AI 電力與機房,2025-03-19,-0.022668993859902526,19,2025_H1,40.3705919481669
H AI 電力與機房,2025-03-20,-0.01430811270706408,19,2025_H1,39.79296496852163
H AI 電力與機房,2025-03-21,0.011718435165555756,19,2025_H1,40.259276248550485
H AI 電力與機房,2025-03-24,0.0050087055920199,19,2025_H1,40.46092311062728
H AI 電力與機房,2025-03-25,-0.00869473026949121,19,2025_H1,40.109126297725744
H AI 電力與機房,2025-03-26,0.011445044259110094,19,2025_H1,40.56817702339745
H AI 電力與機房,2025-03-27,0.01608224678932439,19,2025_H1,41.220604458080736
H AI 電力與機房,2025-03-28,0.009034607313570038,19,2025_H1,41.59301643258749
H AI 電力與機房,2025-03-31,-0.006386375246590912,19,2025_H1,41.32738782201136
H AI 電力與機房,2025-04-01,0.03759665181807712,19,2025_H1,42.88115923250616
H AI 電力與機房,2025-04-02,0.033360989569702244,19,2025_H1,44.311717138398535
H AI 電力與機房,2025-04-03,0.01250987415667261,19,2025_H1,44.866051143465974
H AI 電力與機房,2025-04-04,-0.016718923264975136,19,2025_H1,44.11593907719592
H AI 電力與機房,2025-04-07,0.007636997293266282,19,2025_H1,44.45285238451837
H AI 電力與機房,2025-04-08,0.020718403614228758,19,2025_H1,45.373844522024555
H AI 電力與機房,2025-04-09,-0.005432597008201403,19,2025_H1,45.12734671002361
H AI 電力與機房,2025-04-10,0.021904424318560507,19,2025_H1,46.115835260730755
H AI 電力與機房,2025-04-11,0.005405002546666015,19,2025_H1,46.36509146775664
H AI 電力與機房,2025-04-14,0.01389540574517631,19,2025_H1,47.00935322611333
H AI 電力與機房,2025-04-15,-0.013444609864853593,19,2025_H1,46.37733081198914
H AI 電力與機房,2025-04-16,-0.004849868361341573,19,2025_H1,46.152406862600614
H AI 電力與機房,2025-04-17,0.021805742593323425,19,2025_H1,47.158794366708804
H AI 電力與機房,2025-04-18,0.02369051972494476,19,2025_H1,48.27601071485794
H AI 電力與機房,2025-04-21,0.006094558130987178,19,2025_H1,48.57023166849181
H AI 電力與機房,2025-04-22,-0.012502270303422892,19,2025_H1,47.962993503472454
H AI 電力與機房,2025-04-23,-0.02309727508379521,19,2025_H1,46.85517904868047
H AI 電力與機房,2025-04-24,-0.00038917695736796396,19,2025_H1,46.83694409266136
H AI 電力與機房,2025-04-25,-0.008228799287695513,19,2025_H1,46.45153228047384
H AI 電力與機房,2025-04-28,0.0015303269789011572,19,2025_H1,46.522618313533954
H AI 電力與機房,2025-04-29,0.0027667700689394336,19,2025_H1,46.65133570141253
H AI 電力與機房,2025-04-30,-0.02075243937385097,19,2025_H1,45.68320668555979
H AI 電力與機房,2025-05-01,-0.019287325666577315,19,2025_H1,44.802099800721834
H AI 電力與機房,2025-05-02,0.009629085371403397,19,2025_H1,45.23350304452112
H AI 電力與機房,2025-05-05,0.029182665704331305,19,2025_H1,46.553537242505236
H AI 電力與機房,2025-05-06,0.0268857875024694,19,2025_H1,47.80516575229553
H AI 電力與機房,2025-05-07,-0.003029029528369943,19,2025_H1,47.66036249362321
H AI 電力與機房,2025-05-08,0.004435817763740217,19,2025_H1,47.87177517619872
H AI 電力與機房,2025-05-09,0.0035762624138307906,19,2025_H1,48.04297720644471
H AI 電力與機房,2025-05-12,0.001760705140886397,19,2025_H1,48.12756672339559
H AI 電力與機房,2025-05-13,0.01203091242023016,19,2025_H1,48.70658526364354
H AI 電力與機房,2025-05-14,0.0022155202537957994,19,2025_H1,48.81449568978839
H AI 電力與機房,2025-05-15,-0.019755106082733287,19,2025_H1,47.850160149061495
H AI 電力與機房,2025-05-16,0.02634864166830032,19,2025_H1,49.11094687259989
H AI 電力與機房,2025-05-19,0.01352970608007441,19,2025_H1,49.77540354910032
H AI 電力與機房,2025-05-20,0.03996809985018853,19,2025_H1,51.76483184823418
H AI 電力與機房,2025-05-21,-0.002200361383418227,19,2025_H1,51.65093051121619
H AI 電力與機房,2025-05-22,-0.004352724470348435,19,2025_H1,51.42610824206376
H AI 電力與機房,2025-05-23,-0.00795766962304616,19,2025_H1,51.016876262674415
H AI 電力與機房,2025-05-26,-0.012436900155636648,19,2025_H1,50.382384466343055
H AI 電力與機房,2025-05-27,-0.0019679998512173577,19,2025_H1,50.28323194120932
H AI 電力與機房,2025-05-28,0.015042912220361514,19,2025_H1,51.039638185457015
H AI 電力與機房,2025-05-29,-0.02062941942205265,19,2025_H1,49.9867200821794
H AI 電力與機房,2025-05-30,-0.016630611209663266,19,2025_H1,49.15541037484641
H AI 電力與機房,2025-06-02,-0.024054387646831665,19,2025_H1,47.973007078750754
H AI 電力與機房,2025-06-03,-0.001721446930361963,19,2025_H1,47.89042409297481
H AI 電力與機房,2025-06-04,-0.01221855348321265,19,2025_H1,47.30527238486106
H AI 電力與機房,2025-06-05,-0.004880869118307385,19,2025_H1,47.074381541744664
H AI 電力與機房,2025-06-06,0.027783480331943704,19,2025_H1,48.382271695448146
H AI 電力與機房,2025-06-09,0.01865690732532614,19,2025_H1,49.284935254658876
H AI 電力與機房,2025-06-10,0.03150724614186893,19,2025_H1,50.83776784081348
H AI 電力與機房,2025-06-11,0.0193786320751967,19,2025_H1,51.822934239324866
H AI 電力與機房,2025-06-12,-0.012287763774853161,19,2025_H1,51.18614626527229
H AI 電力與機房,2025-06-13,-0.003963141844712593,19,2025_H1,50.983288307138814
H AI 電力與機房,2025-06-16,-0.017507600418461954,19,2025_H1,50.09069326743818
H AI 電力與機房,2025-06-17,-0.00867566224723856,19,2025_H1,49.65612333091987
H AI 電力與機房,2025-06-18,-0.0009599099456981144,19,2025_H1,49.60845792426971
H AI 電力與機房,2025-06-19,0.012941981318889276,19,2025_H1,50.25048965998451
H AI 電力與機房,2025-06-20,-0.021926003415990228,19,2025_H1,49.14869725204451
H AI 電力與機房,2025-06-23,0.016227396412342106,19,2025_H1,49.94625264550361
H AI 電力與機房,2025-06-24,-0.006262693597253529,19,2025_H1,49.63345456885381
H AI 電力與機房,2025-06-25,-0.011929674441022567,19,2025_H1,49.041343614464104
H AI 電力與機房,2025-06-26,-0.025283785979921182,19,2025_H1,47.801392778348216
H AI 電力與機房,2025-06-27,-0.010183603894838938,19,2025_H1,47.3146023286719
H AI 電力與機房,2025-06-30,-0.012479639613127187,19,2025_H1,46.724133143171656
H AI 電力與機房,2025-07-01,0.004757342246819188,17,2025_H2,46.94641583571967
H AI 電力與機房,2025-07-02,0.024691139822044413,17,2025_H2,48.10557635326327
H AI 電力與機房,2025-07-03,0.0008757947313131572,17,2025_H2,48.14770696358024
H AI 電力與機房,2025-07-04,0.00041173107372089184,17,2025_H2,48.167530870665544
H AI 電力與機房,2025-07-07,0.0008818507203238867,17,2025_H2,48.21000744246006
H AI 電力與機房,2025-07-08,-0.037646774214133275,17,2025_H2,46.39505617741209
H AI 電力與機房,2025-07-09,0.019088690651773228,17,2025_H2,47.280677052554346
H AI 電力與機房,2025-07-10,-0.025802838594377032,17,2025_H2,46.06070137393443
H AI 電力與機房,2025-07-11,0.008608940916581924,17,2025_H2,46.45723523063895
H AI 電力與機房,2025-07-14,0.021674283104139786,17,2025_H2,47.464162499263445
H AI 電力與機房,2025-07-15,-0.019765404965911323,17,2025_H2,46.526014106097676
H AI 電力與機房,2025-07-16,0.0036114023662566575,17,2025_H2,46.69403826353293
H AI 電力與機房,2025-07-17,0.01341795823002545,17,2025_H2,47.32057691854423
H AI 電力與機房,2025-07-18,0.05163862504095312,17,2025_H2,49.76414644676252
H AI 電力與機房,2025-07-21,0.010549183708901027,17,2025_H2,50.289117569746075
H AI 電力與機房,2025-07-22,0.034584822223771704,17,2025_H2,52.02835776068609
H AI 電力與機房,2025-07-23,-0.013564721237542843,17,2025_H2,51.32260759121523
H AI 電力與機房,2025-07-24,-0.007128694905993799,17,2025_H2,50.95674437991742
H AI 電力與機房,2025-07-25,-0.029608896783878617,17,2025_H2,49.447971395129954
H AI 電力與機房,2025-07-28,-0.0009720087265218131,17,2025_H2,49.399907535425086
H AI 電力與機房,2025-07-29,-0.003188628772435006,17,2025_H2,49.24238956890201
H AI 電力與機房,2025-07-30,0.0023757008697136033,17,2025_H2,49.35937475662763
H AI 電力與機房,2025-07-31,-0.0007928849884743182,17,2025_H2,49.32023844934262
H AI 電力與機房,2025-08-01,0.014141492730298084,17,2025_H2,50.017700242830564
H AI 電力與機房,2025-08-04,-0.04604321859111501,17,2025_H2,47.71472433712505
H AI 電力與機房,2025-08-05,-0.018521128988673946,17,2025_H2,46.83099377301814
H AI 電力與機房,2025-08-06,0.01695686480123891,17,2025_H2,47.625100602934864
H AI 電力與機房,2025-08-07,0.0026506067556505445,17,2025_H2,47.75133601633155
H AI 電力與機房,2025-08-08,-0.008635012667080002,17,2025_H2,47.339002624960536
H AI 電力與機房,2025-08-11,-0.021061452385566108,17,2025_H2,46.34197447519474
H AI 電力與機房,2025-08-12,-0.019265115874801182,17,2025_H2,45.44919096706303
H AI 電力與機房,2025-08-13,-0.008667988428154975,17,2025_H2,45.05523790569153
H AI 電力與機房,2025-08-14,0.008434453949338217,17,2025_H2,45.43525423498357
H AI 電力與機房,2025-08-15,0.0030653090759774934,17,2025_H2,45.574527332159406
H AI 電力與機房,2025-08-18,0.000594683920448769,17,2025_H2,45.60162977074589
H AI 電力與機房,2025-08-19,-0.01476903485388681,17,2025_H2,44.9281377112677
H AI 電力與機房,2025-08-20,-0.0033876354360436027,17,2025_H2,44.77593755988157
H AI 電力與機房,2025-08-21,-0.00016496824328292845,17,2025_H2,44.76855095212097
H AI 電力與機房,2025-08-22,-0.010377793254768952,17,2025_H2,44.30395218602427
H AI 電力與機房,2025-08-25,-0.015670504903536196,17,2025_H2,43.60968688604714
H AI 電力與機房,2025-08-26,0.05147769729612821,17,2025_H2,45.854613146746004
H AI 電力與機房,2025-08-27,0.015548068023750219,17,2025_H2,46.56756379115437
H AI 電力與機房,2025-08-28,-0.0032678196534065163,17,2025_H2,46.41538939098637
H AI 電力與機房,2025-08-29,-0.017052468010171316,17,2025_H2,45.62389244821693
H AI 電力與機房,2025-09-01,0.008770561187637603,17,2025_H2,46.02403958855221
H AI 電力與機房,2025-09-02,0.005118718414546086,17,2025_H2,46.25962368750594
H AI 電力與機房,2025-09-03,0.015652969365696254,17,2025_H2,46.9837241599551
H AI 電力與機房,2025-09-04,0.03229749083059677,17,2025_H2,48.50118056019854
H AI 電力與機房,2025-09-05,-0.011834678000717835,17,2025_H2,47.92718470561391
H AI 電力與機房,2025-09-08,0.0027146985036996434,17,2025_H2,48.05729256222079
H AI 電力與機房,2025-09-09,-0.02668253685619119,17,2025_H2,46.77500208222056
H AI 電力與機房,2025-09-10,-0.030792219954655094,17,2025_H2,45.33469592972538
H AI 電力與機房,2025-09-11,0.02418954895244354,17,2025_H2,46.43132177616161
H AI 電力與機房,2025-09-12,0.033845371765326204,17,2025_H2,48.00280712323129
H AI 電力與機房,2025-09-15,0.011818984323662957,17,2025_H2,48.57015154811258
H AI 電力與機房,2025-09-16,0.009667808274281726,17,2025_H2,49.039718461132544
H AI 電力與機房,2025-09-17,0.013213201337424204,17,2025_H2,49.68769013469009
H AI 電力與機房,2025-09-18,-0.0019367737977762085,17,2025_H2,49.591456318365196
H AI 電力與機房,2025-09-19,0.024459102090239767,17,2025_H2,50.80441881125976
H AI 電力與機房,2025-09-22,-0.0016647734996356688,17,2025_H2,50.71984096115838
H AI 電力與機房,2025-09-23,0.02098204321476225,17,2025_H2,51.78404685605128
H AI 電力與機房,2025-09-24,0.023441448924134068,17,2025_H2,52.99793994551238
H AI 電力與機房,2025-09-25,0.006670500452786701,17,2025_H2,53.351462727915674
H AI 電力與機房,2025-09-26,-0.009657994414354202,17,2025_H2,52.83619459889184
H AI 電力與機房,2025-09-29,0.004939330012642389,17,2025_H2,53.09717000062796
H AI 電力與機房,2025-09-30,0.016470175823586758,17,2025_H2,53.97168972627318
H AI 電力與機房,2025-10-01,-0.012292835735614228,17,2025_H2,53.30822461009456
H AI 電力與機房,2025-10-02,-0.007606812926933348,17,2025_H2,52.902718918018635
H AI 電力與機房,2025-10-03,0.0025375228380092605,17,2025_H2,53.03696077546589
H AI 電力與機房,2025-10-06,0.02919998159438431,17,2025_H2,54.58563905393159
H AI 電力與機房,2025-10-07,-0.008546726536362025,17,2025_H2,54.11911052412508
H AI 電力與機房,2025-10-08,-0.012907597794182933,17,2025_H2,53.420562812500734
H AI 電力與機房,2025-10-09,0.006199319710173544,17,2025_H2,53.75173396047283
H AI 電力與機房,2025-10-10,-0.01922169445610832,17,2025_H2,52.7185345537986
H AI 電力與機房,2025-10-13,-0.017679905595995696,17,2025_H2,51.786475839728205
H AI 電力與機房,2025-10-14,-0.00043478093530263873,17,2025_H2,51.76396006732657
H AI 電力與機房,2025-10-15,-0.014096580691825653,17,2025_H2,51.03426522730908
H AI 電力與機房,2025-10-16,-0.01206277017373612,17,2025_H2,50.418650614886545
H AI 電力與機房,2025-10-17,0.003628339093569341,17,2025_H2,50.60158657595755
H AI 電力與機房,2025-10-20,0.03893027872253834,17,2025_H2,52.57152044516223
H AI 電力與機房,2025-10-21,0.022434437490815386,17,2025_H2,53.75093293438634
H AI 電力與機房,2025-10-22,-0.006867304949918951,17,2025_H2,53.381808886583286
H AI 電力與機房,2025-10-23,-0.008936033235899744,17,2025_H2,52.90478726818032
H AI 電力與機房,2025-10-24,-0.011362279681488193,17,2025_H2,52.30366827874962
H AI 電力與機房,2025-10-27,-0.010759486720557793,17,2025_H2,51.740907654467954
H AI 電力與機房,2025-10-28,0.05123348853132953,17,2025_H2,54.39177485338372
H AI 電力與機房,2025-10-29,0.040083918715985725,17,2025_H2,56.57201033542495
H AI 電力與機房,2025-10-30,0.005523915015714555,17,2025_H2,56.884509312785966
H AI 電力與機房,2025-10-31,0.021794632545308563,17,2025_H2,58.12428629077832
H AI 電力與機房,2025-11-03,0.0008140479561324161,17,2025_H2,58.17160224723499
H AI 電力與機房,2025-11-04,0.007763658921130691,17,2025_H2,58.62322672597821
H AI 電力與機房,2025-11-05,0.00025490535247162376,17,2025_H2,58.638170100249816
H AI 電力與機房,2025-11-06,0.009478915403177626,17,2025_H2,59.19399635402723
H AI 電力與機房,2025-11-07,0.0018756386847214239,17,2025_H2,59.3050229034921
H AI 電力與機房,2025-11-10,0.015041165788987646,17,2025_H2,60.197039585103234
H AI 電力與機房,2025-11-11,-0.006933884649581704,17,2025_H2,59.77964025637383
H AI 電力與機房,2025-11-12,-0.0032225341862788565,17,2025_H2,59.58699832200422
H AI 電力與機房,2025-11-13,-0.011077957060460674,17,2025_H2,58.926896113231315
H AI 電力與機房,2025-11-14,0.029570242107666886,17,2025_H2,60.66937869795291
H AI 電力與機房,2025-11-17,0.023975082406601712,17,2025_H2,62.12393205179365
H AI 電力與機房,2025-11-18,0.020006108874760314,17,2025_H2,63.366790200150035
H AI 電力與機房,2025-11-19,-0.0149609768828735,17,2025_H2,62.4187611168237
H AI 電力與機房,2025-11-20,0.0050546228759411485,17,2025_H2,62.73426441465271
H AI 電力與機房,2025-11-21,0.0029402236420097458,17,2025_H2,62.91871718204876
H AI 電力與機房,2025-11-24,0.0021976733834369443,17,2025_H2,63.056991972119754
H AI 電力與機房,2025-11-25,0.01111623024347599,17,2025_H2,63.75794801334286
H AI 電力與機房,2025-11-26,-0.007377653324334267,17,2025_H2,63.287563976229485
H AI 電力與機房,2025-11-27,-0.011162618827246808,17,2025_H2,62.58110902305784
H AI 電力與機房,2025-11-28,0.011288861759849734,17,2025_H2,63.28757851159722
H AI 電力與機房,2025-12-01,0.07404991709381772,17,2025_H2,67.97401845344947
H AI 電力與機房,2025-12-02,0.006348718586757909,17,2025_H2,68.40556636782152
H AI 電力與機房,2025-12-03,0.012363795226207844,17,2025_H2,69.25131878272603
H AI 電力與機房,2025-12-04,0.04203123098889099,17,2025_H2,72.16203695876811
H AI 電力與機房,2025-12-05,0.03592846955668932,17,2025_H2,74.75470850678991
H AI 電力與機房,2025-12-08,0.014815267457191954,17,2025_H2,75.86221950700242
H AI 電力與機房,2025-12-09,0.030785891551453344,17,2025_H2,78.19770556959756
H AI 電力與機房,2025-12-10,0.017826204719528848,17,2025_H2,79.59167387767863
H AI 電力與機房,2025-12-11,-0.0020150677716799298,17,2025_H2,79.43129126075365
H AI 電力與機房,2025-12-12,0.03561884066615131,17,2025_H2,82.26054176807709
H AI 電力與機房,2025-12-15,0.02196038414133269,17,2025_H2,84.06701486497822
H AI 電力與機房,2025-12-16,0.04033166334079659,17,2025_H2,87.45757740657825
H AI 電力與機房,2025-12-17,0.01498548633676674,17,2025_H2,88.76817173785126
H AI 電力與機房,2025-12-18,-0.004587840014477317,17,2025_H2,88.36091756754035
H AI 電力與機房,2025-12-19,0.05564982067023814,17,2025_H2,93.27818678443164
H AI 電力與機房,2025-12-22,0.009592323406140033,17,2025_H2,94.17294131880625
H AI 電力與機房,2025-12-23,0.005664603726065755,17,2025_H2,94.70639371309534
H AI 電力與機房,2025-12-24,0.0015901838311583195,17,2025_H2,94.85699428908522
H AI 電力與機房,2025-12-25,0.01146679740902851,17,2025_H2,95.94470022542754
H AI 電力與機房,2025-12-26,0.01360802668004632,17,2025_H2,97.25031826590418
H AI 電力與機房,2025-12-29,0.013315310931390247,17,2025_H2,98.54523649179134
H AI 電力與機房,2025-12-30,0.012179044194586852,17,2025_H2,99.7454232821909
H AI 電力與機房,2025-12-31,-0.0022514764802836875,17,2025_H2,99.52084880765511
H AI 電力與機房,2026-01-01,0.0011463193132175264,20,2026_H1,99.63493147871114
H AI 電力與機房,2026-01-02,0.0036640615482019757,20,2026_H1,100.0
H AI 電力與機房,2026-01-05,-0.002830812539430497,20,2026_H1,99.71691874605696
H AI 電力與機房,2026-01-06,0.027765617755641,20,2026_H1,102.48562059573027
H AI 電力與機房,2026-01-07,0.009066339675889804,20,2026_H1,103.41479004394554
H AI 電力與機房,2026-01-08,0.006443136060038159,20,2026_H1,104.08110560681895
H AI 電力與機房,2026-01-09,-0.014622891625415189,20,2026_H1,102.55913887927703
H AI 電力與機房,2026-01-12,0.005114619464924532,20,2026_H1,103.08368984729488
H AI 電力與機房,2026-01-13,-0.03272874369198936,20,2026_H1,99.70989018345823
H AI 電力與機房,2026-01-14,0.008895880381941036,20,2026_H1,100.59689743942674
H AI 電力與機房,2026-01-15,0.017403027582372322,20,2026_H1,102.34758802026617
H AI 電力與機房,2026-01-16,0.008791218158939957,20,2026_H1,103.24734799459362
H AI 電力與機房,2026-01-19,0.010733808315404237,20,2026_H1,104.35558523704144
H AI 電力與機房,2026-01-20,0.0038660300128920706,20,2026_H1,104.75902706158074
H AI 電力與機房,2026-01-21,-0.01684965559063818,20,2026_H1,102.99387353558276
H AI 電力與機房,2026-01-22,0.025099622016383716,20,2026_H1,105.57898083132912
H AI 電力與機房,2026-01-23,-0.008675908865627252,20,2026_H1,104.6629872155107
H AI 電力與機房,2026-01-26,-0.013845223057545684,20,2026_H1,103.21390481164292
H AI 電力與機房,2026-01-27,-0.004188866983549377,20,2026_H1,102.7815554935342
H AI 電力與機房,2026-01-28,0.03225084629203748,20,2026_H1,106.09634764141269
H AI 電力與機房,2026-01-29,-0.014984364939388952,20,2026_H1,104.50656124961749
H AI 電力與機房,2026-01-30,0.005378050245113343,20,2026_H1,105.06860278696193
H AI 電力與機房,2026-02-02,-0.014622944874042745,20,2026_H1,103.5321904004155
H AI 電力與機房,2026-02-03,0.01657560842901109,20,2026_H1,105.24829944829062
H AI 電力與機房,2026-02-04,0.021455809223273593,20,2026_H1,107.50648688232712
H AI 電力與機房,2026-02-05,0.010813712166881703,20,2026_H1,108.66903108754524
H AI 電力與機房,2026-02-06,-0.014792107808069697,20,2026_H1,107.06158706429979
H AI 電力與機房,2026-02-09,0.042311593205907445,20,2026_H1,111.59153338414329
H AI 電力與機房,2026-02-10,0.0006548027855507105,20,2026_H1,111.6646038310471
H AI 電力與機房,2026-02-11,0.025722747266908957,20,2026_H1,114.53692421405265
H AI 電力與機房,2026-02-12,-0.0029841939056242913,20,2026_H1,114.19512382284411
H AI 電力與機房,2026-02-13,0.018082054168918445,20,2026_H1,116.26000623763511
H AI 電力與機房,2026-02-16,0.03763997941379104,20,2026_H1,120.6360304790669
H AI 電力與機房,2026-02-17,0.003402065104883155,20,2026_H1,121.04644210875136
H AI 電力與機房,2026-02-18,0.03454334032858257,20,2026_H1,125.22779055407804
H AI 電力與機房,2026-02-19,-0.0007160402941143551,20,2026_H1,125.13812241009842
H AI 電力與機房,2026-02-20,-0.01346374763945436,20,2026_H1,123.45329430989369
H AI 電力與機房,2026-02-23,0.02727904527401796,20,2026_H1,126.82098231459995
H AI 電力與機房,2026-02-24,-0.005840915367354626,20,2026_H1,126.08023169009557
H AI 電力與機房,2026-02-25,0.005585073588442566,20,2026_H1,126.78439906213266
H AI 電力與機房,2026-02-26,-0.0078105556787873565,20,2026_H1,125.79414245405628
H AI 電力與機房,2026-02-27,0.030935890263836446,20,2026_H1,129.6856962408484
H AI 電力與機房,2026-03-02,0.012380155461667099,20,2026_H1,131.29122532146462
H AI 電力與機房,2026-03-03,0.004264510099797406,20,2026_H1,131.85111807786276
H AI 電力與機房,2026-03-04,-0.01731110153604727,20,2026_H1,129.56862998517553
H AI 電力與機房,2026-03-05,-0.027527823308503965,20,2026_H1,126.00188763261869
H AI 電力與機房,2026-03-06,0.008986303468893501,20,2026_H1,127.13417883253882
H AI 電力與機房,2026-03-09,0.008133141856750126,20,2026_H1,128.16817914382528
H AI 電力與機房,2026-03-10,0.027768881914904724,20,2026_H1,131.72726617571854
H AI 電力與機房,2026-03-11,0.020238621969733837,20,2026_H1,134.3932445189554
H AI 電力與機房,2026-03-12,0.020141933106446908,20,2026_H1,137.10018426001457
H AI 電力與機房,2026-03-13,0.009763319455634608,20,2026_H1,138.43873715637147
H AI 電力與機房,2026-03-16,-0.00043376505710368497,20,2026_H1,138.37868726964348
H AI 電力與機房,2026-03-17,0.007453060557290875,20,2026_H1,139.41003200570253
H AI 電力與機房,2026-03-18,-0.014218808747257622,20,2026_H1,137.42778742316438
H AI 電力與機房,2026-03-19,-0.015405696361560996,20,2026_H1,135.31061665848196
H AI 電力與機房,2026-03-20,0.002926034228488448,20,2026_H1,135.7065401543026
H AI 電力與機房,2026-03-23,-0.023033745475143627,20,2026_H1,132.58071024907602
H AI 電力與機房,2026-03-24,-0.0318974870406735,20,2026_H1,128.35171876206283
H AI 電力與機房,2026-03-25,0.0008635484181891194,20,2026_H1,128.46255668577166
H AI 電力與機房,2026-03-26,0.03135464704203681,20,2026_H1,132.4904548087717
H AI 電力與機房,2026-03-27,-0.007409381572479487,20,2026_H1,131.50878247438214
H AI 電力與機房,2026-03-30,0.007990854878423392,20,2026_H1,132.55965007037304
H AI 電力與機房,2026-03-31,0.025118550859339967,20,2026_H1,135.88935638256203
H AI 電力與機房,2026-04-01,0.009738814114124621,20,2026_H1,137.2127575644598
H AI 電力與機房,2026-04-02,0.01391027974631206,20,2026_H1,139.12142540694433
H AI 電力與機房,2026-04-03,-0.007498556977071002,20,2026_H1,138.07821547179904
H AI 電力與機房,2026-04-06,0.03702194338808351,20,2026_H1,143.19013934812352
H AI 電力與機房,2026-04-07,0.01536849356857404,20,2026_H1,145.3907560837784
H AI 電力與機房,2026-04-08,-0.0038543678681434183,20,2026_H1,144.83036662520402
H AI 電力與機房,2026-04-09,-0.019607047261425783,20,2026_H1,141.990670781894
H AI 電力與機房,2026-04-10,0.004753895938157093,20,2026_H1,142.66567965498024
H AI 電力與機房,2026-04-13,0.02970300945185185,20,2026_H1,146.90327968622697
H AI 電力與機房,2026-04-14,0.005780972753228295,20,2026_H1,147.75252354345292
H AI 電力與機房,2026-04-15,0.003823327544591301,20,2026_H1,148.31742983649949
H AI 電力與機房,2026-04-16,-0.0055332456206742524,20,2026_H1,147.496753067387
H AI 電力與機房,2026-04-17,0.007754166495495622,20,2026_H1,148.64046744821655
H AI 電力與機房,2026-04-20,0.023577849981960244,20,2026_H1,152.14509009095906
H AI 電力與機房,2026-04-21,0.012555888410847442,20,2026_H1,154.0554068643995
H AI 電力與機房,2026-04-22,0.006384282199201364,20,2026_H1,155.0389400561346
H AI 電力與機房,2026-04-23,0.014825912885174241,20,2026_H1,157.3375338752166
H AI 電力與機房,2026-04-24,0.016752243758765693,20,2026_H1,159.97329059509727
H AI 電力與機房,2026-04-27,0.01579460322450445,20,2026_H1,162.50000524656517
H AI 電力與機房,2026-04-28,0.0025766843150109835,20,2026_H1,162.91871646127322
H AI 電力與機房,2026-04-29,-0.00048434269986307094,20,2026_H1,162.8398079702841
H AI 電力與機房,2026-04-30,0.007475508720136215,20,2026_H1,164.05711837475127
H AI 電力與機房,2026-05-01,0.015151937035714325,20,2026_H1,166.54290150262622
H AI 電力與機房,2026-05-04,0.023268620023798,20,2026_H1,170.41812499535163
H AI 電力與機房,2026-05-05,-0.02406673951501924,20,2026_H1,166.31671637245051
H AI 電力與機房,2026-05-06,0.004581001940846552,20,2026_H1,167.07861357294794
H AI 電力與機房,2026-05-07,-0.0077511924007949646,20,2026_H1,165.78355509308597
H AI 電力與機房,2026-05-08,-0.0014922681369628303,20,2026_H1,165.53616157618814
H AI 電力與機房,2026-05-11,0.004305410384085443,20,2026_H1,166.2488626851799
H AI 電力與機房,2026-05-12,0.01005537394495573,20,2026_H1,167.920557167403
H AI 電力與機房,2026-05-13,-0.013487748395141417,20,2026_H1,165.65568694195713
H AI 電力與機房,2026-05-14,-0.005609477001321793,20,2026_H1,164.72644517591806
H AI 電力與機房,2026-05-15,-0.008781818346811004,20,2026_H1,163.27984745746724
H AI 電力與機房,2026-05-18,0.008343034683728977,20,2026_H1,164.64209688795884
H AI 電力與機房,2026-05-19,0.014124168736501162,20,2026_H1,166.9675296455358
H AI 電力與機房,2026-05-20,-0.020011024407799796,20,2026_H1,163.62633833448893
H AI 電力與機房,2026-05-21,-0.01516595668761852,20,2026_H1,161.14478837435445
H AI 電力與機房,2026-05-22,-0.021635689995885943,20,2026_H1,157.6583096886343
H AI 電力與機房,2026-05-25,-0.005798965604530605,20,2026_H1,156.74405457348146
H AI 電力與機房,2026-05-26,0.0005836736274438284,20,2026_H1,156.83554194439458
H AI 電力與機房,2026-05-27,0.025773420712784517,20,2026_H1,160.87773034964502
H AI 電力與機房,2026-05-28,0.005199269602562927,20,2026_H1,161.71417704278122
H AI 電力與機房,2026-05-29,0.0016430296709742157,20,2026_H1,161.9798782338797
H AI 電力與機房,2026-06-01,-0.03881720730567395,20,2026_H1,155.69227172112736
H AI 電力與機房,2026-06-02,-0.03897686463530079,20,2026_H1,149.62387512149053
H AI 電力與機房,2026-06-03,0.019640384004966545,20,2026_H1,152.56254548518777
H AI 電力與機房,2026-06-04,-0.0036203844142800984,20,2026_H1,152.01021042331027
H AI 電力與機房,2026-06-05,-0.013298269810938847,20,2026_H1,149.98873763108352
H AI 電力與機房,2026-06-08,0.0174433658940369,20,2026_H1,152.6050460615672
H AI 電力與機房,2026-06-09,-0.016705202220308635,20,2026_H1,150.05574790726922
H AI 電力與機房,2026-06-10,0.009317570018523418,20,2026_H1,151.4539028450771
H AI 電力與機房,2026-06-11,-0.003483561914652147,20,2026_H1,150.9263037973006
H AI 電力與機房,2026-06-12,-0.002846587939195263,20,2026_H1,150.49667880120387
H AI 電力與機房,2026-06-15,-0.001851973421895024,20,2026_H1,150.21796295198055
H AI 電力與機房,2026-06-16,0.011800280074556616,20,2026_H1,151.99057698704328
H AI 電力與機房,2026-06-17,0.0026706470498860774,20,2026_H1,152.39649017308426
H AI 電力與機房,2026-06-18,-0.020546009849116885,20,2026_H1,149.2653503850172
H AI 電力與機房,2026-06-19,-0.024857463487521998,20,2026_H1,145.55499238786945
H AI 電力與機房,2026-06-22,-0.0025024426193585663,20,2026_H1,145.19074937145763
H AI 電力與機房,2026-06-23,-0.0026384679646745002,20,2026_H1,144.80766823047395
H AI 電力與機房,2026-06-24,0.008382736780864639,20,2026_H1,146.02155279710075
H AI 電力與機房,2026-06-25,-0.01230978680502975,20,2026_H1,144.22405861322906
H AI 電力與機房,2026-06-26,-0.011935404979483645,20,2026_H1,142.5026860658954
H AI 電力與機房,2026-06-29,0.0009699880385238117,20,2026_H1,142.64091196683685
H AI 電力與機房,2026-06-30,0.010443050193923374,20,2026_H1,144.13051817021352
H AI 電力與機房,2026-07-01,0.021776685060839518,18,2026_H2,147.26920307206188
H AI 電力與機房,2026-07-02,-0.004592628565362534,18,2026_H2,146.59285032323496
H AI 電力與機房,2026-07-03,0.0326110187987057,18,2026_H2,151.37339252088182
H AI 電力與機房,2026-07-06,-0.011169008761357853,18,2026_H2,149.68270177357962
H AI 電力與機房,2026-07-07,-0.0014081259594367805,18,2026_H2,149.4719296755336
H AI 電力與機房,2026-07-08,0.002436982178145813,18,2026_H2,149.83619010428595
H AI 電力與機房,2026-07-09,0.010613563684916562,18,2026_H2,151.42648605026304
H AI 電力與機房,2026-07-10,0.005765645366442846,18,2026_H2,152.29955746791546
H AI 電力與機房,2026-07-13,0.03612199021895309,18,2026_H2,157.8009205931224
H AI 電力與機房,2026-07-14,0.03570909793473841,18,2026_H2,163.43584912077407
H AI 電力與機房,2026-07-15,0.01848817419394208,18,2026_H2,166.45747956885376
H AI 電力與機房,2026-07-16,0.010217182535095619,18,2026_H2,168.15820602194069
H AI 電力與機房,2026-07-17,0.01863479379456603,18,2026_H2,171.29179951602373
H AI 電力與機房,2026-07-20,0.014860229100823248,18,2026_H2,173.83723489992414
H AI 電力與機房,2026-07-21,-0.011390091789202535,18,2026_H2,171.85721283803284
H AI 電力與機房,2026-07-22,-0.01860304295413478,18,2026_H2,168.66014572562904
H AI 電力與機房,2026-07-23,0.02768111590074693,18,2026_H2,173.32884676729702
H AI 電力與機房,2026-07-24,0.004640997706941444,18,2026_H2,174.13326554769088
H AI 電力與機房,2026-07-27,-0.026527414017379403,18,2026_H2,169.513960318309
H AI 電力與機房,2026-07-28,0.005900443654965408,18,2026_H2,170.51416788989724
H AI 電力與機房,2026-07-29,0.004833522570268915,18,2026_H2,171.3383519689437
H AI 電力與機房,2026-07-30,0.0014650452677693556,18,2026_H2,171.5893704106832
H AI 電力與機房,2026-07-31,0.012940397633517498,18,2026_H2,173.80980509348234
H AI 電力與機房,2026-08-03,-0.0018284720997017575,18,2026_H2,173.4919987142143
H AI 電力與機房,2026-08-04,0.013107964793114433,18,2026_H2,175.7661257252473
H AI 電力與機房,2026-08-05,-0.01658284507115721,18,2026_H2,172.85142329358797
H AI 電力與機房,2026-08-06,0.01892802102520495,18,2026_H2,176.12315866792562
H AI 電力與機房,2026-08-07,-0.011385210925409684,18,2026_H2,174.11795935764187
H AI 電力與機房,2026-08-10,-0.025820445881164358,18,2026_H2,169.62215601110913
H AI 電力與機房,2026-08-11,-0.023708371080330717,18,2026_H2,165.600690992952
H AI 電力與機房,2026-08-12,0.005744277257511365,18,2026_H2,166.55194727605098
H AI 電力與機房,2026-08-13,-0.013934495783024026,18,2026_H2,164.23112986907842
H AI 電力與機房,2026-08-14,0.024762545037794438,18,2026_H2,168.2979106190693
I 光通訊與矽光子,2025-01-02,0.0,10,2025_H1,29.259981856692242
I 光通訊與矽光子,2025-01-03,-0.018527087501184432,10,2025_H1,28.71787961255023
I 光通訊與矽光子,2025-01-06,0.0010274174771218608,10,2025_H1,28.747384863970048
I 光通訊與矽光子,2025-01-07,0.037026445483552654,10,2025_H1,29.81179834243055
I 光通訊與矽光子,2025-01-08,0.008036179738183541,10,2025_H1,30.051371312228802
I 光通訊與矽光子,2025-01-09,-0.012168184895743922,10,2025_H1,29.68570066973095
I 光通訊與矽光子,2025-01-10,0.013687656036097047,10,2025_H1,30.092028329688763
I 光通訊與矽光子,2025-01-13,0.007893608854127028,10,2025_H1,30.329563030950638
I 光通訊與矽光子,2025-01-14,-0.005362193184559148,10,2025_H1,30.166930054775417
I 光通訊與矽光子,2025-01-15,-0.014909506691500731,10,2025_H1,29.71715600926171
I 光通訊與矽光子,2025-01-16,0.010529315579108241,10,2025_H1,30.030057322996818
I 光通訊與矽光子,2025-01-17,0.006468060417367713,10,2025_H1,30.224293548098977
I 光通訊與矽光子,2025-01-20,-0.009697307418370934,10,2025_H1,29.931199282059975
I 光通訊與矽光子,2025-01-21,-0.001132200992386926,10,2025_H1,29.897311148529493
I 光通訊與矽光子,2025-01-22,-0.010498361900644331,10,2025_H1,29.583438356236062
I 光通訊與矽光子,2025-01-23,-0.004661675603157393,10,2025_H1,29.445529963393284
I 光通訊與矽光子,2025-01-24,0.0027135980363281664,10,2025_H1,29.52543329568059
I 光通訊與矽光子,2025-01-27,0.023347002926074605,10,2025_H1,30.21476367322846
I 光通訊與矽光子,2025-01-28,0.01788235413443044,10,2025_H1,30.75507477732125
I 光通訊與矽光子,2025-01-29,0.013899579849606079,10,2025_H1,31.182557394969233
I 光通訊與矽光子,2025-01-30,-0.01728484800723351,10,2025_H1,30.643571629920356
I 光通訊與矽光子,2025-01-31,-0.011746209623100317,10,2025_H1,30.28362581395482
I 光通訊與矽光子,2025-02-03,0.03398714044137516,10,2025_H1,31.312879657567755
I 光通訊與矽光子,2025-02-04,0.014144650102485641,10,2025_H1,31.755789384025288
I 光通訊與矽光子,2025-02-05,-0.028280812389462083,10,2025_H1,30.8577098621764
I 光通訊與矽光子,2025-02-06,0.015366950831996677,10,2025_H1,31.331898772416487
I 光通訊與矽光子,2025-02-07,0.007743545132783585,10,2025_H1,31.574518744656498
I 光通訊與矽光子,2025-02-10,0.005352177295011713,10,2025_H1,31.743511166982575
I 光通訊與矽光子,2025-02-11,0.004155420450195443,10,2025_H1,31.875418802446863
I 光通訊與矽光子,2025-02-12,0.004718438046993574,10,2025_H1,32.025820991288185
I 光通訊與矽光子,2025-02-13,0.010399174466769117,10,2025_H1,32.358863091218105
I 光通訊與矽光子,2025-02-14,-0.019046615353959656,10,2025_H1,31.742536272628236
I 光通訊與矽光子,2025-02-17,0.00996465769630012,10,2025_H1,32.05883978099736
I 光通訊與矽光子,2025-02-18,0.0026636324083902487,10,2025_H1,32.14423274561342
I 光通訊與矽光子,2025-02-19,-0.011066982258204473,10,2025_H1,31.788493092114127
I 光通訊與矽光子,2025-02-20,0.013828784440412252,10,2025_H1,32.22808931077051
I 光通訊與矽光子,2025-02-21,0.018262880424100406,10,2025_H1,32.816667052150336
I 光通訊與矽光子,2025-02-24,-0.004482214542503956,10,2025_H1,32.66957570985268
I 光通訊與矽光子,2025-02-25,-0.004898978684512822,10,2025_H1,32.509528154818035
I 光通訊與矽光子,2025-02-26,0.008101705629980211,10,2025_H1,32.77291078209792
I 光通訊與矽光子,2025-02-27,0.0014338769984116794,10,2025_H1,32.819903105039366
I 光通訊與矽光子,2025-02-28,-0.014567561882252862,10,2025_H1,32.341797135587164
I 光通訊與矽光子,2025-03-03,0.006582542373648598,10,2025_H1,32.55468838567211
I 光通訊與矽光子,2025-03-04,-0.009609112705363862,10,2025_H1,32.24186671588618
I 光通訊與矽光子,2025-03-05,0.02180540491609644,10,2025_H1,32.944913674876894
I 光通訊與矽光子,2025-03-06,0.027633175662507996,10,2025_H1,33.85528626164092
I 光通訊與矽光子,2025-03-07,0.025250824081891634,10,2025_H1,34.7101601392757
I 光通訊與矽光子,2025-03-10,0.0032123076576158318,10,2025_H1,34.82165985248817
I 光通訊與矽光子,2025-03-11,0.008749777870462366,10,2025_H1,35.12634164127824
I 光通訊與矽光子,2025-03-12,-0.002076552104025883,10,2025_H1,35.053399962636306
I 光通訊與矽光子,2025-03-13,0.0020481010873935456,10,2025_H1,35.125192869216626
I 光通訊與矽光子,2025-03-14,-0.003800147669551526,10,2025_H1,34.991711949392126
I 光通訊與矽光子,2025-03-17,-0.007416135152129058,10,2025_H1,34.732208684371074
I 光通訊與矽光子,2025-03-18,-0.03580902451770778,10,2025_H1,33.48848217203828
I 光通訊與矽光子,2025-03-19,-0.009041857250449781,10,2025_H1,33.18568409670448
I 光通訊與矽光子,2025-03-20,-0.0068084635232282305,10,2025_H1,32.959740577038694
I 光通訊與矽光子,2025-03-21,0.0176824224691263,10,2025_H1,33.5425486343947
I 光通訊與矽光子,2025-03-24,0.006944852001123355,10,2025_H1,33.77549667040105
I 光通訊與矽光子,2025-03-25,-0.004284126641259778,10,2025_H1,33.6307981652936
I 光通訊與矽光子,2025-03-26,0.013004735471041515,10,2025_H1,34.06815779911323
I 光通訊與矽光子,2025-03-27,0.008372977870272113,10,2025_H1,34.353409730446145
I 光通訊與矽光子,2025-03-28,0.010629137027055858,10,2025_H1,34.71855682981766
I 光通訊與矽光子,2025-03-31,-0.0017598462044025002,10,2025_H1,34.65745750935837
I 光通訊與矽光子,2025-04-01,0.03002481756365894,10,2025_H1,35.69804134829712
I 光通訊與矽光子,2025-04-02,0.027620147611273262,10,2025_H1,36.68402651977042
I 光通訊與矽光子,2025-04-03,0.010003709877831148,10,2025_H1,37.051002878224864
I 光通訊與矽光子,2025-04-04,-0.00933042490923271,10,2025_H1,36.705301278057824
I 光通訊與矽光子,2025-04-07,0.007096253050996995,10,2025_H1,36.96577138424001
I 光通訊與矽光子,2025-04-08,0.022518210919787184,10,2025_H1,37.79817442108296
I 光通訊與矽光子,2025-04-09,0.0002902557636354715,10,2025_H1,37.80914555906358
I 光通訊與矽光子,2025-04-10,0.01253837383691678,10,2025_H1,38.283210760537514
I 光通訊與矽光子,2025-04-11,0.011838398292982884,10,2025_H1,38.736422657454966
I 光通訊與矽光子,2025-04-14,0.010602669983793535,10,2025_H1,39.1471321632447
I 光通訊與矽光子,2025-04-15,-0.012206728768341384,10,2025_H1,38.66927373886956
I 光通訊與矽光子,2025-04-16,-0.010587295272030773,10,2025_H1,38.25987071984117
I 光通訊與矽光子,2025-04-17,0.024263739621242064,10,2025_H1,39.18819826092977
I 光通訊與矽光子,2025-04-18,0.02445152710651721,10,2025_H1,40.14640955296245
I 光通訊與矽光子,2025-04-21,0.002334440561975954,10,2025_H1,40.24012895984059
I 光通訊與矽光子,2025-04-22,-0.015752971555500636,10,2025_H1,39.60622735294655
I 光通訊與矽光子,2025-04-23,-0.020698598203169754,10,2025_H1,38.786433966624514
I 光通訊與矽光子,2025-04-24,-0.004822170030520793,10,2025_H1,38.59939918715988
I 光通訊與矽光子,2025-04-25,-0.0123575684914886,10,2025_H1,38.12240446797425
I 光通訊與矽光子,2025-04-28,0.00626406224497077,10,2025_H1,38.36120558248959
I 光通訊與矽光子,2025-04-29,0.004383961784131583,10,2025_H1,38.529379641756435
I 光通訊與矽光子,2025-04-30,-0.007416470671340315,10,2025_H1,38.24362762765841
I 光通訊與矽光子,2025-05-01,-0.003167054532781334,10,2025_H1,38.12250797343023
I 光通訊與矽光子,2025-05-02,0.011982070274771293,10,2025_H1,38.579294543018406
I 光通訊與矽光子,2025-05-05,0.0252359828597458,10,2025_H1,39.5528809588471
I 光通訊與矽光子,2025-05-06,0.027936143043989135,10,2025_H1,40.65783589911532
I 光通訊與矽光子,2025-05-07,-0.001599678919124907,10,2025_H1,40.592796416130255
I 光通訊與矽光子,2025-05-08,0.009877779548350167,10,2025_H1,40.99376311037987
I 光通訊與矽光子,2025-05-09,0.009331237193544912,10,2025_H1,41.3762856374188
I 光通訊與矽光子,2025-05-12,0.002679385431840081,10,2025_H1,41.48714865437936
I 光通訊與矽光子,2025-05-13,0.010435385375184321,10,2025_H1,41.92008303870538
I 光通訊與矽光子,2025-05-14,0.003832684359517547,10,2025_H1,42.0807494853175
I 光通訊與矽光子,2025-05-15,-0.01661842979558307,10,2025_H1,41.38143350425023
I 光通訊與矽光子,2025-05-16,0.02568408410591369,10,2025_H1,42.44427772279667
I 光通訊與矽光子,2025-05-19,0.00279460704077034,10,2025_H1,42.56289280016121
I 光通訊與矽光子,2025-05-20,0.02538134201258373,10,2025_H1,43.643196139367035
I 光通訊與矽光子,2025-05-21,-0.0005139872821185635,10,2025_H1,43.620764091600385
I 光通訊與矽光子,2025-05-22,-2.6881470020169353e-05,10,2025_H1,43.619591501338206
I 光通訊與矽光子,2025-05-23,-0.0019150895951621262,10,2025_H1,43.53605607550877
I 光通訊與矽光子,2025-05-26,-0.005752932577616616,10,2025_H1,43.28559608021103
I 光通訊與矽光子,2025-05-27,-0.00789861426785197,10,2025_H1,42.9436998534194
I 光通訊與矽光子,2025-05-28,0.014201469189376929,10,2025_H1,43.55356348376559
I 光通訊與矽光子,2025-05-29,-0.010611231757360581,10,2025_H1,43.091406527780435
I 光通訊與矽光子,2025-05-30,-0.0073445765714576575,10,2025_H1,42.77491839296534
I 光通訊與矽光子,2025-06-02,-0.018379607290581586,10,2025_H1,41.98873219101596
I 光通訊與矽光子,2025-06-03,-0.005487088626614153,10,2025_H1,41.75833629616469
I 光通訊與矽光子,2025-06-04,-0.016414846440559648,10,2025_H1,41.07287961824991
I 光通訊與矽光子,2025-06-05,-0.0031236561731218778,10,2025_H1,40.944582064282464
I 光通訊與矽光子,2025-06-06,0.028916193622186746,10,2025_H1,42.12854352703276
I 光通訊與矽光子,2025-06-09,0.015956252843663213,10,2025_H1,42.80075721948537
I 光通訊與矽光子,2025-06-10,0.02943127648019955,10,2025_H1,44.06043813877394
I 光通訊與矽光子,2025-06-11,0.01340304345822885,10,2025_H1,44.65098210593653
I 光通訊與矽光子,2025-06-12,0.0005907605307198821,10,2025_H1,44.6773601438226
I 光通訊與矽光子,2025-06-13,-0.001812392129048056,10,2025_H1,44.596387247951284
I 光通訊與矽光子,2025-06-16,-0.005028273618573257,10,2025_H1,44.37214441046873
I 光通訊與矽光子,2025-06-17,-0.005736789471559814,10,2025_H1,44.11759075958422
I 光通訊與矽光子,2025-06-18,-0.005121842939817955,10,2025_H1,43.891627388830464
I 光通訊與矽光子,2025-06-19,0.0055454099531165955,10,2025_H1,44.13502445621097
I 光通訊與矽光子,2025-06-20,-0.01885967139599335,10,2025_H1,43.3026523979127
I 光通訊與矽光子,2025-06-23,0.015617954728660462,10,2025_H1,43.97895126269423
I 光通訊與矽光子,2025-06-24,-0.006734597177442316,10,2025_H1,43.68277074165361
I 光通訊與矽光子,2025-06-25,-0.003140104100226599,10,2025_H1,43.54560229413849
I 光通訊與矽光子,2025-06-26,-0.014955016217387939,10,2025_H1,42.89437710563373
I 光通訊與矽光子,2025-06-27,-0.009395359941076544,10,2025_H1,42.49136899327802
I 光通訊與矽光子,2025-06-30,-0.009499905560012616,10,2025_H1,42.08770500072624
I 光通訊與矽光子,2025-07-01,0.008855815480369992,13,2025_H2,42.460425950204915
I 光通訊與矽光子,2025-07-02,0.015836624957994785,13,2025_H2,43.13285579153502
I 光通訊與矽光子,2025-07-03,0.0012362111487803395,13,2025_H2,43.18617710874325
I 光通訊與矽光子,2025-07-04,-0.0074037994862919225,13,2025_H2,42.866435312850626
I 光通訊與矽光子,2025-07-07,0.002566130858365947,13,2025_H2,42.97643619529508
I 光通訊與矽光子,2025-07-08,-0.02649216784816806,13,2025_H2,41.83789723409324
I 光通訊與矽光子,2025-07-09,0.017114413459325923,13,2025_H2,42.55392830562629
I 光通訊與矽光子,2025-07-10,-0.027874952174353946,13,2025_H2,41.36773958927608
I 光通訊與矽光子,2025-07-11,0.005076029936029623,13,2025_H2,41.577723473817116
I 光通訊與矽光子,2025-07-14,0.018959315889692373,13,2025_H2,42.36600866713149
I 光通訊與矽光子,2025-07-15,-0.014331456383376077,13,2025_H2,41.75884206178076
I 光通訊與矽光子,2025-07-16,0.014308050090871677,13,2025_H2,42.35632966573751
I 光通訊與矽光子,2025-07-17,0.004355840593319497,13,2025_H2,42.540827085879556
I 光通訊與矽光子,2025-07-18,0.03244844033519534,13,2025_H2,43.92121057538559
I 光通訊與矽光子,2025-07-21,-0.002172515790726958,13,2025_H2,43.82579105186271
I 光通訊與矽光子,2025-07-22,0.029973791326446845,13,2025_H2,45.13941616756771
I 光通訊與矽光子,2025-07-23,-0.019603706856082287,13,2025_H2,44.25451628536401
I 光通訊與矽光子,2025-07-24,-0.011206490582662964,13,2025_H2,43.75857846537178
I 光通訊與矽光子,2025-07-25,-0.024644820253454894,13,2025_H2,42.68015616454599
I 光通訊與矽光子,2025-07-28,0.0024564545427871905,13,2025_H2,42.784998028043255
I 光通訊與矽光子,2025-07-29,0.01039196566268152,13,2025_H2,43.229618258428566
I 光通訊與矽光子,2025-07-30,0.007945158029952435,13,2025_H2,43.5730844070663
I 光通訊與矽光子,2025-07-31,-0.004180876645848571,13,2025_H2,43.3909107160812
I 光通訊與矽光子,2025-08-01,0.01093797800122577,13,2025_H2,43.86551954294685
I 光通訊與矽光子,2025-08-04,-0.03920233639353488,13,2025_H2,42.145888689747075
I 光通訊與矽光子,2025-08-05,-0.012756746521167064,13,2025_H2,41.608244270822645
I 光通訊與矽光子,2025-08-06,0.019648332136218402,13,2025_H2,42.42577687386068
I 光通訊與矽光子,2025-08-07,0.009075862644096001,13,2025_H2,42.81082739733691
I 光通訊與矽光子,2025-08-08,-0.005295344181567708,13,2025_H2,42.58412933157031
I 光通訊與矽光子,2025-08-11,-0.02226010547764707,13,2025_H2,41.63620212097579
I 光通訊與矽光子,2025-08-12,-0.011818599067197712,13,2025_H2,41.14412054142717
I 光通訊與矽光子,2025-08-13,-0.0010885017254579552,13,2025_H2,41.09933509522538
I 光通訊與矽光子,2025-08-14,0.023047479956998868,13,2025_H2,42.04657119707856
I 光通訊與矽光子,2025-08-15,0.006443244588070277,13,2025_H2,42.31748753939105
I 光通訊與矽光子,2025-08-18,0.008520978586540237,13,2025_H2,42.67807394455039
I 光通訊與矽光子,2025-08-19,-0.013814034348746217,13,2025_H2,42.08851756514205
I 光通訊與矽光子,2025-08-20,0.006054800910438677,13,2025_H2,42.34335515961448
I 光通訊與矽光子,2025-08-21,-0.0018638946816074205,13,2025_H2,42.26443160513106
I 光通訊與矽光子,2025-08-22,-0.002277580527205521,13,2025_H2,42.1681709587138
I 光通訊與矽光子,2025-08-25,-0.01951092692364833,13,2025_H2,41.34543085663444
I 光通訊與矽光子,2025-08-26,0.03445917207514344,13,2025_H2,42.770160173044154
I 光通訊與矽光子,2025-08-27,0.0050473275955245115,13,2025_H2,42.98603518275056
I 光通訊與矽光子,2025-08-28,-0.01295009035931432,13,2025_H2,42.42936214294527
I 光通訊與矽光子,2025-08-29,-0.016653479759181026,13,2025_H2,41.72276561930277
I 光通訊與矽光子,2025-09-01,0.012621385517584021,13,2025_H2,42.24936472904379
I 光通訊與矽光子,2025-09-02,0.003880890288474513,13,2025_H2,42.41332987831496
I 光通訊與矽光子,2025-09-03,0.015429066225678176,13,2025_H2,43.06772795385901
I 光通訊與矽光子,2025-09-04,0.02450028458883122,13,2025_H2,44.12289954532292
I 光通訊與矽光子,2025-09-05,-0.019489437201262595,13,2025_H2,43.262969065496726
I 光通訊與矽光子,2025-09-08,0.0017358051317397367,13,2025_H2,43.33806514921491
I 光通訊與矽光子,2025-09-09,-0.012703486447721566,13,2025_H2,42.78752062592138
I 光通訊與矽光子,2025-09-10,-0.02664419803300204,13,2025_H2,41.647481453023175
I 光通訊與矽光子,2025-09-11,0.01734966325034438,13,2025_H2,42.3700512314581
I 光通訊與矽光子,2025-09-12,0.026400881485103597,13,2025_H2,43.488657932537585
I 光通訊與矽光子,2025-09-15,0.009550808817267645,13,2025_H2,43.9040097901708
I 光通訊與矽光子,2025-09-16,0.002043031394958374,13,2025_H2,43.993707060536686
I 光通訊與矽光子,2025-09-17,0.005302787307058298,13,2025_H2,44.226996331927744
I 光通訊與矽光子,2025-09-18,-0.003281427462490936,13,2025_H2,44.08186865158066
I 光通訊與矽光子,2025-09-19,0.023456946341902162,13,2025_H2,45.11589467919157
I 光通訊與矽光子,2025-09-22,0.00042761311103878545,13,2025_H2,45.13518682727264
I 光通訊與矽光子,2025-09-23,0.0269901532730911,13,2025_H2,46.35339243775034
I 光通訊與矽光子,2025-09-24,0.01955897554913566,13,2025_H2,47.26001730705978
I 光通訊與矽光子,2025-09-25,0.0012616865490402852,13,2025_H2,47.31964463520351
I 光通訊與矽光子,2025-09-26,0.0030101996372533107,13,2025_H2,47.46208621231935
I 光通訊與矽光子,2025-09-29,0.0007461170433018568,13,2025_H2,47.49749848375302
I 光通訊與矽光子,2025-09-30,0.009826894398132871,13,2025_H2,47.964251385528335
I 光通訊與矽光子,2025-10-01,-0.012535654424960112,13,2025_H2,47.36298810540744
I 光通訊與矽光子,2025-10-02,-0.006244411750127057,13,2025_H2,47.06723410596091
I 光通訊與矽光子,2025-10-03,0.002341697276191659,13,2025_H2,47.177451319864716
I 光通訊與矽光子,2025-10-06,0.022563645952559233,13,2025_H2,48.241946628390245
I 光通訊與矽光子,2025-10-07,-0.012877865104304602,13,2025_H2,47.62069334734077
I 光通訊與矽光子,2025-10-08,-0.013582661360946165,13,2025_H2,46.97387759583038
I 光通訊與矽光子,2025-10-09,0.005917138322240258,13,2025_H2,47.25182852709689
I 光通訊與矽光子,2025-10-10,-0.012083925640157984,13,2025_H2,46.68084094481395
I 光通訊與矽光子,2025-10-13,-0.011521180373548726,13,2025_H2,46.14302255629981
I 光通訊與矽光子,2025-10-14,0.007092082155431709,13,2025_H2,46.470272663169034
I 光通訊與矽光子,2025-10-15,-0.0003388461862726634,13,2025_H2,46.45452638850207
I 光通訊與矽光子,2025-10-16,-0.01651322844870809,13,2025_H2,45.687412181772196
I 光通訊與矽光子,2025-10-17,0.0015041777877142655,13,2025_H2,45.756134172354166
I 光通訊與矽光子,2025-10-20,0.03272561446557272,13,2025_H2,47.25353177871365
I 光通訊與矽光子,2025-10-21,0.020574626616729392,13,2025_H2,48.22575555138244
I 光通訊與矽光子,2025-10-22,-0.006067286830454294,13,2025_H2,47.933156059836826
I 光通訊與矽光子,2025-10-23,-0.005330294067436587,13,2025_H2,47.67765824245756
I 光通訊與矽光子,2025-10-24,-0.01367635879612695,13,2025_H2,47.02560148177459
I 光通訊與矽光子,2025-10-27,-0.0166626261852273,13,2025_H2,46.24203146314831
I 光通訊與矽光子,2025-10-28,0.05171410631308099,13,2025_H2,48.6333967943664
I 光通訊與矽光子,2025-10-29,0.03705653666626514,13,2025_H2,50.435582045881866
I 光通訊與矽光子,2025-10-30,0.004286685718790071,13,2025_H2,50.65178353515681
I 光通訊與矽光子,2025-10-31,0.023998331015758528,13,2025_H2,51.86734180297205
I 光通訊與矽光子,2025-11-03,0.007746802520474916,13,2025_H2,52.26914785718166
I 光通訊與矽光子,2025-11-04,0.0028151586540722147,13,2025_H2,52.41629380111277
I 光通訊與矽光子,2025-11-05,0.008511562995796532,13,2025_H2,52.86243838780713
I 光通訊與矽光子,2025-11-06,0.01498842910972054,13,2025_H2,53.654763298149746
I 光通訊與矽光子,2025-11-07,0.0047452389256139975,13,2025_H2,53.909367969496735
I 光通訊與矽光子,2025-11-10,0.00989582161531942,13,2025_H2,54.442845458317485
I 光通訊與矽光子,2025-11-11,-0.002761379352869927,13,2025_H2,54.29250810895739
I 光通訊與矽光子,2025-11-12,0.007292665376243951,13,2025_H2,54.68844520303304
I 光通訊與矽光子,2025-11-13,-0.004028563413220325,13,2025_H2,54.46812933356219
I 光通訊與矽光子,2025-11-14,0.02862424358897242,13,2025_H2,56.02723833544173
I 光通訊與矽光子,2025-11-17,0.021776317194410318,13,2025_H2,57.24730524896113
I 光通訊與矽光子,2025-11-18,0.01790776116384126,13,2025_H2,58.27247631863303
I 光通訊與矽光子,2025-11-19,-0.009216019120774167,13,2025_H2,57.735436062665656
I 光通訊與矽光子,2025-11-20,0.01362795803965842,13,2025_H2,58.522252162729046
I 光通訊與矽光子,2025-11-21,0.009344806264653692,13,2025_H2,59.06913127136096
I 光通訊與矽光子,2025-11-24,0.00824310943202602,13,2025_H2,59.55604458448551
I 光通訊與矽光子,2025-11-25,0.013190255699061872,13,2025_H2,60.341604040979604
I 光通訊與矽光子,2025-11-26,-0.003911238176074926,13,2025_H2,60.10559365564892
I 光通訊與矽光子,2025-11-27,-0.01000834515292641,13,2025_H2,59.50403612872165
I 光通訊與矽光子,2025-11-28,0.007075253746017753,13,2025_H2,59.92504228324456
I 光通訊與矽光子,2025-12-01,0.06852498518618538,13,2025_H2,64.03140491798543
I 光通訊與矽光子,2025-12-02,0.005334540337212078,13,2025_H2,64.37298303036877
I 光通訊與矽光子,2025-12-03,0.0170757390389749,13,2025_H2,65.47219928975571
I 光通訊與矽光子,2025-12-04,0.043014816131890427,13,2025_H2,68.28847390395502
I 光通訊與矽光子,2025-12-05,0.03662486363918148,13,2025_H2,70.78952994881519
I 光通訊與矽光子,2025-12-08,0.020023525093036638,13,2025_H2,72.20698587806956
I 光通訊與矽光子,2025-12-09,0.034334534320930844,13,2025_H2,74.6861791129111
I 光通訊與矽光子,2025-12-10,0.016200500887168852,13,2025_H2,75.89613262388909
I 光通訊與矽光子,2025-12-11,0.0013693494445647604,13,2025_H2,76.00006095094221
I 光通訊與矽光子,2025-12-12,0.02921810686388275,13,2025_H2,78.22063885346846
I 光通訊與矽光子,2025-12-15,0.02529434674266455,13,2025_H2,80.19917881506082
I 光通訊與矽光子,2025-12-16,0.03747451301896402,13,2025_H2,83.20460398567603
I 光通訊與矽光子,2025-12-17,0.014910667294547608,13,2025_H2,84.44524015308104
I 光通訊與矽光子,2025-12-18,0.0031668960420480254,13,2025_H2,84.71266944989162
I 光通訊與矽光子,2025-12-19,0.04894905951213349,13,2025_H2,88.85927494822606
I 光通訊與矽光子,2025-12-22,0.03299330855024561,13,2025_H2,91.791036424144
I 光通訊與矽光子,2025-12-23,0.018431160506522094,13,2025_H2,93.48285174953743
I 光通訊與矽光子,2025-12-24,0.017567802682797312,13,2025_H2,95.12514004329847
I 光通訊與矽光子,2025-12-25,0.020858715315997308,13,2025_H2,97.10932825885602
I 光通訊與矽光子,2025-12-26,0.011898433198175804,13,2025_H2,98.26477711406375
I 光通訊與矽光子,2025-12-29,0.017557878799440874,13,2025_H2,99.99009816088655
I 光通訊與矽光子,2025-12-30,0.014736730887277009,13,2025_H2,101.46362532887593
I 光通訊與矽光子,2025-12-31,-0.008811324232621803,13,2025_H2,100.56959642828596
I 光通訊與矽光子,2026-01-01,-0.004822171811912775,13,2026_H1,100.08463255525402
I 光通訊與矽光子,2026-01-02,-0.0008456098912817587,13,2026_H1,100.0
I 光通訊與矽光子,2026-01-05,-0.003751594073338819,13,2026_H1,99.62484059266612
I 光通訊與矽光子,2026-01-06,0.027133354896928218,13,2026_H1,102.32799674901682
I 光通訊與矽光子,2026-01-07,0.02786947592352163,13,2026_H1,105.17982439071575
I 光通訊與矽光子,2026-01-08,0.017199716110967576,13,2026_H1,106.98888751083747
I 光通訊與矽光子,2026-01-09,0.000770122425617156,13,2026_H1,107.07128205240139
I 光通訊與矽光子,2026-01-12,0.0038253446068999258,13,2026_H1,107.4808666037544
I 光通訊與矽光子,2026-01-13,-0.019335852049247024,13,2026_H1,105.40263246897933
I 光通訊與矽光子,2026-01-14,0.004286470029314393,13,2026_H1,105.85443769406845
I 光通訊與矽光子,2026-01-15,0.010949128385567433,13,2026_H1,107.01345152256285
I 光通訊與矽光子,2026-01-16,0.007018404514700448,13,2026_H1,107.76451521386248
I 光通訊與矽光子,2026-01-19,0.008659203062062257,13,2026_H1,108.697670033984
I 光通訊與矽光子,2026-01-20,-0.008554649477936466,13,2026_H1,107.76779956777487
I 光通訊與矽光子,2026-01-21,-0.016407384619430698,13,2026_H1,105.99961183067667
I 光通訊與矽光子,2026-01-22,0.022317511056470396,13,2026_H1,108.36525933968937
I 光通訊與矽光子,2026-01-23,-0.008662316413882732,13,2026_H1,107.4265651750165
I 光通訊與矽光子,2026-01-26,-0.013978278472261402,13,2026_H1,105.92492673168161
I 光通訊與矽光子,2026-01-27,-0.0037088279643964907,13,2026_H1,105.53206940129247
I 光通訊與矽光子,2026-01-28,0.02392873714241161,13,2026_H1,108.05731855009074
I 光通訊與矽光子,2026-01-29,-0.006667313202615502,13,2026_H1,107.3368665634825
I 光通訊與矽光子,2026-01-30,0.002250239122838489,13,2026_H1,107.57840017994654
I 光通訊與矽光子,2026-02-02,-0.014682318192884156,13,2026_H1,105.99889987782315
I 光通訊與矽光子,2026-02-03,0.01494229789098701,13,2026_H1,107.58276701591448
I 光通訊與矽光子,2026-02-04,0.014031148518571216,13,2026_H1,109.09227679795363
I 光通訊與矽光子,2026-02-05,0.0141917677620643,13,2026_H1,110.640489054905
I 光通訊與矽光子,2026-02-06,-0.010209968763301566,13,2026_H1,109.51085311769802
I 光通訊與矽光子,2026-02-09,0.031223031130894467,13,2026_H1,112.93011389376272
I 光通訊與矽光子,2026-02-10,-0.0033826821809530916,13,2026_H1,112.5481072098013
I 光通訊與矽光子,2026-02-11,0.014316469006927495,13,2026_H1,114.15939869845877
I 光通訊與矽光子,2026-02-12,-0.005547626129914393,13,2026_H1,113.52608503526388
I 光通訊與矽光子,2026-02-13,0.011222621033431288,13,2026_H1,114.80014526502374
I 光通訊與矽光子,2026-02-16,0.024238466600930257,13,2026_H1,117.58272475181195
I 光通訊與矽光子,2026-02-17,-0.001520919559177499,13,2026_H1,117.40389088591553
I 光通訊與矽光子,2026-02-18,0.023418298536408127,13,2026_H1,120.15329025201778
I 光通訊與矽光子,2026-02-19,0.003859484231158666,13,2026_H1,120.61701998106726
I 光通訊與矽光子,2026-02-20,-0.010834554510737598,13,2026_H1,119.31018830315966
I 光通訊與矽光子,2026-02-23,0.02523706302342891,13,2026_H1,122.32122704470368
I 光通訊與矽光子,2026-02-24,-0.010167537317979787,13,2026_H1,121.07752140394557
I 光通訊與矽光子,2026-02-25,0.0003125675808774981,13,2026_H1,121.11536631190947
I 光通訊與矽光子,2026-02-26,-0.006175197976076992,13,2026_H1,120.36745494698832
I 光通訊與矽光子,2026-02-27,0.024887935817316,13,2026_H1,123.36315244020263
I 光通訊與矽光子,2026-03-02,0.011196942127190253,13,2026_H1,124.74444251870334
I 光通訊與矽光子,2026-03-03,0.001695024056488552,13,2026_H1,124.95588734968578
I 光通訊與矽光子,2026-03-04,-0.007341464581576184,13,2026_H1,124.03852812844865
I 光通訊與矽光子,2026-03-05,-0.01227871053545746,13,2026_H1,122.51549494631523
I 光通訊與矽光子,2026-03-06,0.012379851149598184,13,2026_H1,124.03221853726997
I 光通訊與矽光子,2026-03-09,0.009707188465536934,13,2026_H1,125.23622265840989
I 光通訊與矽光子,2026-03-10,0.023297674852317256,13,2026_H1,128.15393545363793
I 光通訊與矽光子,2026-03-11,0.013300797759780512,13,2026_H1,129.8584850312267
I 光通訊與矽光子,2026-03-12,0.02062234536208066,13,2026_H1,132.53647155773726
I 光通訊與矽光子,2026-03-13,0.005512321630548965,13,2026_H1,133.26705521674162
I 光通訊與矽光子,2026-03-16,-0.002590476295173956,13,2026_H1,132.921830069275
I 光通訊與矽光子,2026-03-17,0.01249442765332763,13,2026_H1,134.58261225862344
I 光通訊與矽光子,2026-03-18,-0.014186874049353775,13,2026_H1,132.67330568927736
I 光通訊與矽光子,2026-03-19,-0.014033385482430374,13,2026_H1,130.81145004731138
I 光通訊與矽光子,2026-03-20,0.0035775523513135576,13,2026_H1,131.27943485800688
I 光通訊與矽光子,2026-03-23,-0.020779885133355044,13,2026_H1,128.55146328128575
I 光通訊與矽光子,2026-03-24,-0.02317545719237422,13,2026_H1,125.57222434699325
I 光通訊與矽光子,2026-03-25,-0.0008315210041421459,13,2026_H1,125.46780840491185
I 光通訊與矽光子,2026-03-26,0.015957624920036165,13,2026_H1,127.46997663097639
I 光通訊與矽光子,2026-03-27,-0.01742003606205202,13,2026_H1,125.24944504123586
I 光通訊與矽光子,2026-03-30,0.0030571270238345153,13,2026_H1,125.63234850439167
I 光通訊與矽光子,2026-03-31,0.01982011926336684,13,2026_H1,128.12239663508558
I 光通訊與矽光子,2026-04-01,0.0018561326717039263,13,2026_H1,128.36020880145696
I 光通訊與矽光子,2026-04-02,0.007013779310681305,13,2026_H1,129.26049897826334
I 光通訊與矽光子,2026-04-03,-0.0065274825451289735,13,2026_H1,128.41675332740806
I 光通訊與矽光子,2026-04-06,0.017798651181129173,13,2026_H1,130.70239832569573
I 光通訊與矽光子,2026-04-07,0.01410856703630801,13,2026_H1,132.54642187428004
I 光通訊與矽光子,2026-04-08,0.000947800293375593,13,2026_H1,132.67204941181836
I 光通訊與矽光子,2026-04-09,-0.019892935165327034,13,2026_H1,130.032812934618
I 光通訊與矽光子,2026-04-10,-0.002439570191599054,13,2026_H1,129.71558876025293
I 光通訊與矽光子,2026-04-13,0.01974447515658962,13,2026_H1,132.27675497995213
I 光通訊與矽光子,2026-04-14,-0.0007208946880152894,13,2026_H1,132.1813973699392
I 光通訊與矽光子,2026-04-15,0.006264129972758437,13,2026_H1,133.00939882304533
I 光通訊與矽光子,2026-04-16,0.003040373302884338,13,2026_H1,133.41379704825962
I 光通訊與矽光子,2026-04-17,0.008604566906183816,13,2026_H1,134.56176499116938
I 光通訊與矽光子,2026-04-20,0.015219371363493073,13,2026_H1,136.60971046389707
I 光通訊與矽光子,2026-04-21,0.012688179419514492,13,2026_H1,138.34303898071093
I 光通訊與矽光子,2026-04-22,0.0026473518897380042,13,2026_H1,138.7092816863886
I 光通訊與矽光子,2026-04-23,0.012340398380798274,13,2026_H1,140.42100948151304
I 光通訊與矽光子,2026-04-24,0.015273614502806373,13,2026_H1,142.56574584842858
I 光通訊與矽光子,2026-04-27,0.009762072824700194,13,2026_H1,143.9574830417086
I 光通訊與矽光子,2026-04-28,-0.0038706787086354557,13,2026_H1,143.40026987715035
I 光通訊與矽光子,2026-04-29,-0.012137698097602841,13,2026_H1,141.65972069426672
I 光通訊與矽光子,2026-04-30,-0.0036131584467546008,13,2026_H1,141.14788167787535
I 光通訊與矽光子,2026-05-01,0.00163411868898304,13,2026_H1,141.3785340692355
I 光通訊與矽光子,2026-05-04,0.022885749029391233,13,2026_H1,144.6140877180873
I 光通訊與矽光子,2026-05-05,-0.012017140056175418,13,2026_H1,142.876239971883
I 光通訊與矽光子,2026-05-06,0.0033662815763799802,13,2026_H1,143.3572016262028
I 光通訊與矽光子,2026-05-07,-0.00917026605258828,13,2026_H1,142.04257794673597
I 光通訊與矽光子,2026-05-08,-0.0014258323790585612,13,2026_H1,141.84004903989455
I 光通訊與矽光子,2026-05-11,-0.006349942326672934,13,2026_H1,140.93937290887877
I 光通訊與矽光子,2026-05-12,0.007506536701072021,13,2026_H1,141.99733948424532
I 光通訊與矽光子,2026-05-13,-0.008882759322579675,13,2026_H1,140.73601129316015
I 光通訊與矽光子,2026-05-14,-0.004366943291903254,13,2026_H1,140.12142511271423
I 光通訊與矽光子,2026-05-15,0.0007199017423528193,13,2026_H1,140.22229877079386
I 光通訊與矽光子,2026-05-18,0.012293898290446928,13,2026_H1,141.94617744993465
I 光通訊與矽光子,2026-05-19,0.007690122856726054,13,2026_H1,143.0377609935673
I 光通訊與矽光子,2026-05-20,-0.010960732009145765,13,2026_H1,141.46996242812858
I 光通訊與矽光子,2026-05-21,-0.012437966782772699,13,2026_H1,139.71036373468743
I 光通訊與矽光子,2026-05-22,-0.019408015695057724,13,2026_H1,136.99886280256237
I 光通訊與矽光子,2026-05-25,-0.014319947895936703,13,2026_H1,135.03704622542713
I 光通訊與矽光子,2026-05-26,-0.0009395003677126243,13,2026_H1,134.9101788708435
I 光通訊與矽光子,2026-05-27,0.02995250717555927,13,2026_H1,138.95107697152844
I 光通訊與矽光子,2026-05-28,0.005708110980143644,13,2026_H1,139.74422513969242
I 光通訊與矽光子,2026-05-29,0.0040027057694206085,13,2026_H1,140.30358015590224
I 光通訊與矽光子,2026-06-01,-0.037827563529134925,13,2026_H1,134.99623756418978
I 光通訊與矽光子,2026-06-02,-0.029519680310418798,13,2026_H1,131.01119178818556
I 光通訊與矽光子,2026-06-03,0.01403165147803167,13,2026_H1,132.8494951710789
I 光通訊與矽光子,2026-06-04,-0.009158200819206841,13,2026_H1,131.6328328155719
I 光通訊與矽光子,2026-06-05,-0.01021683223019487,13,2026_H1,130.28796224670992
I 光通訊與矽光子,2026-06-08,0.011722814444107634,13,2026_H1,131.815303852429
I 光通訊與矽光子,2026-06-09,-0.015251662078834818,13,2026_H1,129.80490138125282
I 光通訊與矽光子,2026-06-10,0.013561069944397772,13,2026_H1,131.56519472800966
I 光通訊與矽光子,2026-06-11,0.0006397343454222235,13,2026_H1,131.64936150173935
I 光通訊與矽光子,2026-06-12,-0.0014897815019245583,13,2026_H1,131.45323271823386
I 光通訊與矽光子,2026-06-15,-0.0028348132095531863,13,2026_H1,131.08058735768574
I 光通訊與矽光子,2026-06-16,0.006297055024263979,13,2026_H1,131.90600902888994
I 光通訊與矽光子,2026-06-17,-0.0017008231358596935,13,2026_H1,131.68166023697466
I 光通訊與矽光子,2026-06-18,-0.020379032969813502,13,2026_H1,128.99811534148557
I 光通訊與矽光子,2026-06-19,-0.01021626190258194,13,2026_H1,127.6802368102175
I 光通訊與矽光子,2026-06-22,-0.000344414634695441,13,2026_H1,127.63626186809867
I 光通訊與矽光子,2026-06-23,-0.0040946316635104485,13,2026_H1,127.11363838884145
I 光通訊與矽光子,2026-06-24,0.005272327842396749,13,2026_H1,127.7838231636673
I 光通訊與矽光子,2026-06-25,-0.008223884165527717,13,2026_H1,126.732943803741
I 光通訊與矽光子,2026-06-26,-0.0069666113128376925,13,2026_H1,125.85004464372864
I 光通訊與矽光子,2026-06-29,0.004572927293855052,13,2026_H1,126.4255477478128
I 光通訊與矽光子,2026-06-30,0.010334902397982654,13,2026_H1,127.73214344439795
I 光通訊與矽光子,2026-07-01,0.011485079830326728,15,2026_H2,129.1991573087556
I 光通訊與矽光子,2026-07-02,-0.010756168009691426,15,2026_H2,127.80946946603206
I 光通訊與矽光子,2026-07-03,0.023664581987304346,15,2026_H2,130.83402713496486
I 光通訊與矽光子,2026-07-06,-0.0020061987124364777,15,2026_H2,130.5715480781838
I 光通訊與矽光子,2026-07-07,0.009076525195378327,15,2026_H2,131.756684024115
I 光通訊與矽光子,2026-07-08,0.013196008554607954,15,2026_H2,133.495346353624
I 光通訊與矽光子,2026-07-09,0.015474677741180989,15,2026_H2,135.56114381839367
I 光通訊與矽光子,2026-07-10,0.00842444201683266,15,2026_H2,136.70317081422724
I 光通訊與矽光子,2026-07-13,0.03707429241118014,15,2026_H2,141.77134414252941
I 光通訊與矽光子,2026-07-14,0.014221204483606791,15,2026_H2,143.7875034174961
I 光通訊與矽光子,2026-07-15,0.007378224412019062,15,2026_H2,144.84839988535435
I 光通訊與矽光子,2026-07-16,0.0038467482229483214,15,2026_H2,145.40559521021024
I 光通訊與矽光子,2026-07-17,0.015069072705630302,15,2026_H2,147.59672269623837
I 光通訊與矽光子,2026-07-20,0.009455207178287147,15,2026_H2,148.9922802881675
I 光通訊與矽光子,2026-07-21,-0.008135438436017281,15,2026_H2,147.7801627644413
I 光通訊與矽光子,2026-07-22,-0.020029091810565943,15,2026_H2,144.82026031665194
I 光通訊與矽光子,2026-07-23,0.019657178264294174,15,2026_H2,147.66701798997784
I 光通訊與矽光子,2026-07-24,0.002149975449368618,15,2026_H2,147.98449845333775
I 光通訊與矽光子,2026-07-27,-0.030557307068412906,15,2026_H2,143.46249069273406
I 光通訊與矽光子,2026-07-28,0.00400900720836909,15,2026_H2,144.03763285205181
I 光通訊與矽光子,2026-07-29,0.0024703649080867057,15,2026_H2,144.3934583656934
I 光通訊與矽光子,2026-07-30,-0.011427024063141424,15,2026_H2,142.74347084238838
I 光通訊與矽光子,2026-07-31,0.009925718923861552,15,2026_H2,144.16030241218635
I 光通訊與矽光子,2026-08-03,0.00021101987452507042,15,2026_H2,144.1907231011129
I 光通訊與矽光子,2026-08-04,0.003891145473265028,15,2026_H2,144.7517901805946
I 光通訊與矽光子,2026-08-05,-0.011862709802110783,15,2026_H2,143.03464170034619
I 光通訊與矽光子,2026-08-06,0.01355176216036244,15,2026_H2,144.97301314536196
I 光通訊與矽光子,2026-08-07,-0.003168448563945943,15,2026_H2,144.5136736100506
I 光通訊與矽光子,2026-08-10,-0.012907596715926999,15,2026_H2,142.648349391155
I 光通訊與矽光子,2026-08-11,-0.019574191331694857,15,2026_H2,139.85612330702205
I 光通訊與矽光子,2026-08-12,-0.0011948861615008282,15,2026_H2,139.68901116068133
I 光通訊與矽光子,2026-08-13,-0.005339502622451769,15,2026_H2,138.94314131926117
I 光通訊與矽光子,2026-08-14,0.02054772642949103,15,2026_H2,141.7981069763435
J 被動元件,2025-01-02,0.0,27,2025_H1,72.55092930220276
J 被動元件,2025-01-03,-0.025616981730893884,27,2025_H1,70.69239347170887
J 被動元件,2025-01-06,0.0036620127964642406,27,2025_H1,70.95126992121493
J 被動元件,2025-01-07,0.038077875441986216,27,2025_H1,73.6529435397257
J 被動元件,2025-01-08,0.01334417871393805,27,2025_H1,74.6357815811274
J 被動元件,2025-01-09,-0.011509944602594505,27,2025_H1,73.77672786975728
J 被動元件,2025-01-10,0.008896663898123627,27,2025_H1,74.43309462111785
J 被動元件,2025-01-13,0.011074691008853846,27,2025_H1,75.25741814487952
J 被動元件,2025-01-14,-0.007266446599821396,27,2025_H1,74.71056413468933
J 被動元件,2025-01-15,-0.01516435964256506,27,2025_H1,73.57762627105197
J 被動元件,2025-01-16,0.005270675136691924,27,2025_H1,73.96543003645561
J 被動元件,2025-01-17,0.011074444355269386,27,2025_H1,74.78455607560791
J 被動元件,2025-01-20,-0.0038573228946119763,27,2025_H1,74.49608789529408
J 被動元件,2025-01-21,0.006705783387049767,27,2025_H1,74.99564252390255
J 被動元件,2025-01-22,-0.009435560449370948,27,2025_H1,74.28801660542885
J 被動元件,2025-01-23,-0.0072868468409619195,27,2025_H1,73.74669120630624
J 被動元件,2025-01-24,-0.006598903220087173,27,2025_H1,73.26004392823418
J 被動元件,2025-01-27,0.011843729777248683,27,2025_H1,74.12771609198957
J 被動元件,2025-01-28,0.014411214297357297,27,2025_H1,75.1959864939649
J 被動元件,2025-01-29,0.013565607368735182,27,2025_H1,76.21606572244673
J 被動元件,2025-01-30,-0.01760175191986116,27,2025_H1,74.8745294412924
J 被動元件,2025-01-31,-0.013166254029778335,27,2025_H1,73.88871236630823
J 被動元件,2025-02-03,0.03957355306299366,27,2025_H1,76.8127512458926
J 被動元件,2025-02-04,0.01802084199638298,27,2025_H1,78.1969816994023
J 被動元件,2025-02-05,-0.029363652790089522,27,2025_H1,75.90083267954806
J 被動元件,2025-02-06,0.017514727217318234,27,2025_H1,77.23021505949765
J 被動元件,2025-02-07,0.007873312733353396,27,2025_H1,77.83827269512521
J 被動元件,2025-02-10,0.008736641198344282,27,2025_H1,78.5183177551614
J 被動元件,2025-02-11,0.007039265896534592,27,2025_H1,79.07102907158858
J 被動元件,2025-02-12,0.015351972958736686,27,2025_H1,80.28492537171508
J 被動元件,2025-02-13,0.008354175075383392,27,2025_H1,80.9556396941845
J 被動元件,2025-02-14,-0.028222386377555198,27,2025_H1,78.67087835129306
J 被動元件,2025-02-17,0.011284513076806167,27,2025_H1,79.55864090681206
J 被動元件,2025-02-18,-0.004392765381228913,27,2025_H1,79.209158463259
J 被動元件,2025-02-19,-0.017211653067179845,27,2025_H1,77.84583790804612
J 被動元件,2025-02-20,0.015118378950507091,27,2025_H1,79.02274078525973
J 被動元件,2025-02-21,0.02360247873506939,27,2025_H1,80.88787334423071
J 被動元件,2025-02-24,-0.01176933812158647,27,2025_H1,79.93587661290641
J 被動元件,2025-02-25,-0.009503580367405725,27,2025_H1,79.17619958527662
J 被動元件,2025-02-26,0.004025757183536475,27,2025_H1,79.49494373952217
J 被動元件,2025-02-27,0.0016934172906705796,27,2025_H1,79.62956185177156
J 被動元件,2025-02-28,-0.0240705348144233,27,2025_H1,77.71283571096122
J 被動元件,2025-03-03,-0.009088115242427607,27,2025_H1,77.00657250420416
J 被動元件,2025-03-04,-0.028597617861676722,27,2025_H1,74.80436797089142
J 被動元件,2025-03-05,0.011714977860981905,27,2025_H1,75.68069948557518
J 被動元件,2025-03-06,0.032250083027725834,27,2025_H1,78.12140832758134
J 被動元件,2025-03-07,0.0403697011835439,27,2025_H1,81.27514623780341
J 被動元件,2025-03-10,0.002314296809101126,27,2025_H1,81.46324104940079
J 被動元件,2025-03-11,0.013355138045344083,27,2025_H1,82.55119387923669
J 被動元件,2025-03-12,-0.0017394683129467177,27,2025_H1,82.40759869328784
J 被動元件,2025-03-13,0.0037389468114468207,27,2025_H1,82.71571632166109
J 被動元件,2025-03-14,-0.005147056974027464,27,2025_H1,82.289973817106
J 被動元件,2025-03-17,-0.014741280443994881,27,2025_H1,81.07691423533905
J 被動元件,2025-03-18,-0.04413410660232859,27,2025_H1,77.49865705948875
J 被動元件,2025-03-19,-0.02155669232795011,27,2025_H1,75.82804235342803
J 被動元件,2025-03-20,-0.01656220824024186,27,2025_H1,74.57216252552068
J 被動元件,2025-03-21,0.011896260145899056,27,2025_H1,75.45929237056653
J 被動元件,2025-03-24,0.006424069649489511,27,2025_H1,75.94404812045623
J 被動元件,2025-03-25,-0.006214325019643438,27,2025_H1,75.47210712212828
J 被動元件,2025-03-26,0.013157392503733977,27,2025_H1,76.46512325861798
J 被動元件,2025-03-27,0.01395882045402253,27,2025_H1,77.53248618517974
J 被動元件,2025-03-28,0.013142194847503305,27,2025_H1,78.55143322563671
J 被動元件,2025-03-31,-0.0018229245112278652,27,2025_H1,78.40823989261763
J 被動元件,2025-04-01,0.036763450292768035,27,2025_H1,81.29079732245332
J 被動元件,2025-04-02,0.032506674048744716,27,2025_H1,83.93329077417688
J 被動元件,2025-04-03,0.004155011094103206,27,2025_H1,84.28203452850816
J 被動元件,2025-04-04,-0.01328943703311206,27,2025_H1,83.16197373761898
J 被動元件,2025-04-07,0.01078543537276266,27,2025_H1,84.05891183083745
J 被動元件,2025-04-08,0.027258480543736665,27,2025_H1,86.350230043506
J 被動元件,2025-04-09,-0.0038404619925828235,27,2025_H1,86.01860526697313
J 被動元件,2025-04-10,0.017191831795242377,27,2025_H1,87.4974226599843
J 被動元件,2025-04-11,0.0012563671298318705,27,2025_H1,87.6073515457593
J 被動元件,2025-04-14,0.007796451690284769,27,2025_H1,88.29037802979961
J 被動元件,2025-04-15,-0.013226787985471422,27,2025_H1,87.12257991844234
J 被動元件,2025-04-16,-0.003967668150766352,27,2025_H1,86.77690643288734
J 被動元件,2025-04-17,0.019721531769722384,27,2025_H1,88.48827994998175
J 被動元件,2025-04-18,0.017706101454637448,27,2025_H1,90.05506241232247
J 被動元件,2025-04-21,0.005375607349709906,27,2025_H1,90.53916306770473
J 被動元件,2025-04-22,-0.020317381406211015,27,2025_H1,88.69964435945904
J 被動元件,2025-04-23,-0.026726947456123203,27,2025_H1,86.32897362528698
J 被動元件,2025-04-24,0.0006137295580635853,27,2025_H1,86.38195626811809
J 被動元件,2025-04-25,0.005463785634591125,27,2025_H1,86.8539287598637
J 被動元件,2025-04-28,0.01168020603913587,27,2025_H1,87.86840054308735
J 被動元件,2025-04-29,0.01627812213573116,27,2025_H1,89.29873309899905
J 被動元件,2025-04-30,0.002153737188261096,27,2025_H1,89.49105910133898
J 被動元件,2025-05-01,-0.009319288327743074,27,2025_H1,88.6570661188185
J 被動元件,2025-05-02,0.015457984057225318,27,2025_H1,90.02752563344357
J 被動元件,2025-05-05,0.03496146756792759,27,2025_H1,93.17502005109799
J 被動元件,2025-05-06,0.026579391978364668,27,2025_H1,95.65155543162808
J 被動元件,2025-05-07,-0.0038016256947680485,27,2025_H1,95.28792402075467
J 被動元件,2025-05-08,0.0017684235280323764,27,2025_H1,95.45643342753034
J 被動元件,2025-05-09,0.007218402498296025,27,2025_H1,96.14547638506207
J 被動元件,2025-05-12,0.0004309839308090454,27,2025_H1,96.186913540404
J 被動元件,2025-05-13,0.014877198971206816,27,2025_H1,97.61790539157086
J 被動元件,2025-05-14,0.005782386157096883,27,2025_H1,98.18236981639187
J 被動元件,2025-05-15,-0.015842410740058505,27,2025_H1,96.62692438632827
J 被動元件,2025-05-16,0.025030940987468837,27,2025_H1,99.04558722844305
J 被動元件,2025-05-19,0.017522340249380455,27,2025_H1,100.78109770805953
J 被動元件,2025-05-20,0.04678479135755247,27,2025_H1,105.49612033711622
J 被動元件,2025-05-21,0.008364552791802305,27,2025_H1,106.37854820500635
J 被動元件,2025-05-22,-0.0007657167796666296,27,2025_H1,106.29709236564919
J 被動元件,2025-05-23,-0.010624858032364334,27,2025_H1,105.16770085001106
J 被動元件,2025-05-26,-0.022605819213922504,27,2025_H1,102.79029881745183
J 被動元件,2025-05-27,-0.007994588707036236,27,2025_H1,101.96853265533295
J 被動元件,2025-05-28,0.027133534394658362,27,2025_H1,104.73529934330926
J 被動元件,2025-05-29,-0.011239100072641358,27,2025_H1,103.55816883285178
J 被動元件,2025-05-30,-0.01082891184953472,27,2025_H1,102.43674655126158
J 被動元件,2025-06-02,-0.025349121592706667,27,2025_H1,99.84006500737239
J 被動元件,2025-06-03,-0.0018277417379188852,27,2025_H1,99.65758315344188
J 被動元件,2025-06-04,-0.01131833202349047,27,2025_H1,98.52962553865261
J 被動元件,2025-06-05,-0.008319394938338498,27,2025_H1,97.70991867066995
J 被動元件,2025-06-06,0.030820194706415296,27,2025_H1,100.721357388848
J 被動元件,2025-06-09,0.015833367933653437,27,2025_H1,102.31611569916265
J 被動元件,2025-06-10,0.02833259693647029,27,2025_H1,105.21499696537228
J 被動元件,2025-06-11,0.010539404356622883,27,2025_H1,106.32390036277121
J 被動元件,2025-06-12,-0.004017301688582986,27,2025_H1,105.89676517830713
J 被動元件,2025-06-13,0.002923144591805705,27,2025_H1,106.2063167347278
J 被動元件,2025-06-16,-0.010063580390475635,27,2025_H1,105.13750092829156
J 被動元件,2025-06-17,0.003114522134107833,27,2025_H1,105.46495400205751
J 被動元件,2025-06-18,-0.0017260456348859351,27,2025_H1,105.2829166785688
J 被動元件,2025-06-19,0.012508730841791178,27,2025_H1,106.59987234553977
J 被動元件,2025-06-20,-0.024559911065630824,27,2025_H1,103.9817889611257
J 被動元件,2025-06-23,0.01942247878304787,27,2025_H1,106.00137305104654
J 被動元件,2025-06-24,-0.009155747354892134,27,2025_H1,105.0308512601195
J 被動元件,2025-06-25,-0.004560593615121226,27,2025_H1,104.55184823047186
J 被動元件,2025-06-26,-0.019380919002318506,27,2025_H1,102.5255373283744
J 被動元件,2025-06-27,-0.011545673093169714,27,2025_H1,101.34181099067942
J 被動元件,2025-06-30,-0.012332447427620217,27,2025_H1,100.09201843441704
J 被動元件,2025-07-01,0.0021541079883945656,25,2025_H2,100.30762745090117
J 被動元件,2025-07-02,0.0216473994433407,25,2025_H2,102.47902672954461
J 被動元件,2025-07-03,0.007827379762498638,25,2025_H2,103.28116898944802
J 被動元件,2025-07-04,-0.005076927217680329,25,2025_H2,102.75681801153164
J 被動元件,2025-07-07,-0.0003104567235245146,25,2025_H2,102.72491646649199
J 被動元件,2025-07-08,-0.03369872223843314,25,2025_H2,99.26321803952142
J 被動元件,2025-07-09,0.014719572223085864,25,2025_H2,100.72433014655007
J 被動元件,2025-07-10,-0.03076763886189689,25,2025_H2,97.62528033199455
J 被動元件,2025-07-11,0.008397043001922884,25,2025_H2,98.44504400901708
J 被動元件,2025-07-14,0.027614136886713228,25,2025_H2,101.1635189301006
J 被動元件,2025-07-15,-0.017374033033236022,25,2025_H2,99.40590061045063
J 被動元件,2025-07-16,0.014680706984895467,25,2025_H2,100.86524950988232
J 被動元件,2025-07-17,0.007762109536669628,25,2025_H2,101.64817662502152
J 被動元件,2025-07-18,0.04272249322849786,25,2025_H2,105.99084016257316
J 被動元件,2025-07-21,0.006565506914463507,25,2025_H2,106.68672375653034
J 被動元件,2025-07-22,0.034042499062719736,25,2025_H2,110.31860645001666
J 被動元件,2025-07-23,-0.019455673668702825,25,2025_H2,108.17228364333909
J 被動元件,2025-07-24,-0.010097186745576968,25,2025_H2,107.08004789469676
J 被動元件,2025-07-25,-0.036074890211122285,25,2025_H2,103.21714692309385
J 被動元件,2025-07-28,0.007639556017146435,25,2025_H2,104.00568009894288
J 被動元件,2025-07-29,0.005209058900364007,25,2025_H2,104.54745181255066
J 被動元件,2025-07-30,0.0008793383990279788,25,2025_H2,104.63938440144997
J 被動元件,2025-07-31,-0.003391515722964701,25,2025_H2,104.28449828401111
J 被動元件,2025-08-01,0.010794968745263818,25,2025_H2,105.41024618360251
J 被動元件,2025-08-04,-0.0521690106141071,25,2025_H2,99.91109793161452
J 被動元件,2025-08-05,-0.015276425644658897,25,2025_H2,98.38481347298597
J 被動元件,2025-08-06,0.016688973351514938,25,2025_H2,100.0267550032304
J 被動元件,2025-08-07,0.007958281405543673,25,2025_H2,100.82279606762948
J 被動元件,2025-08-08,-0.011791474483345202,25,2025_H2,99.63394664045853
J 被動元件,2025-08-11,-0.029344349222395146,25,2025_H2,96.71025331583542
J 被動元件,2025-08-12,-0.01857769247245583,25,2025_H2,94.91359997080053
J 被動元件,2025-08-13,-0.002692256668190864,25,2025_H2,94.65806819837714
J 被動元件,2025-08-14,0.022990141962694263,25,2025_H2,96.83427062417222
J 被動元件,2025-08-15,-0.0012648622460417354,25,2025_H2,96.71178861113673
J 被動元件,2025-08-18,0.0032453785111516247,25,2025_H2,97.02565497167035
J 被動元件,2025-08-19,-0.015136364090296587,25,2025_H2,95.55703933191965
J 被動元件,2025-08-20,0.004340300072041587,25,2025_H2,95.97178555661607
J 被動元件,2025-08-21,-0.0011608380575830655,25,2025_H2,95.86037785548776
J 被動元件,2025-08-22,-0.010814746905766828,25,2025_H2,94.82367213068947
J 被動元件,2025-08-25,-0.03399950501609597,25,2025_H2,91.59971421443747
J 被動元件,2025-08-26,0.03704344959188819,25,2025_H2,94.99288361057134
J 被動元件,2025-08-27,0.007053563997568871,25,2025_H2,95.66292199443211
J 被動元件,2025-08-28,-0.005133060985780073,25,2025_H2,95.17187838175678
J 被動元件,2025-08-29,-0.014046193603098613,25,2025_H2,93.83507575243605
J 被動元件,2025-09-01,0.011305587013161438,25,2025_H2,94.89593636624183
J 被動元件,2025-09-02,0.003907471770265412,25,2025_H2,95.26673955870582
J 被動元件,2025-09-03,0.020574339681890014,25,2025_H2,97.2267898187728
J 被動元件,2025-09-04,0.0350986948452863,25,2025_H2,100.63932324540869
J 被動元件,2025-09-05,-0.015651261696068314,25,2025_H2,99.0641908603796
J 被動元件,2025-09-08,-0.0061712617258969866,25,2025_H2,98.45283981091599
J 被動元件,2025-09-09,-0.01940663679825154,25,2025_H2,96.54220130694911
J 被動元件,2025-09-10,-0.030313830282317704,25,2025_H2,93.61563740144891
J 被動元件,2025-09-11,0.01307852003556537,25,2025_H2,94.83999139084597
J 被動元件,2025-09-12,0.026156728515344143,25,2025_H2,97.32069529805389
J 被動元件,2025-09-15,0.0128750843679724,25,2025_H2,98.57370746076606
J 被動元件,2025-09-16,0.006312943540008131,25,2025_H2,99.19599771049519
J 被動元件,2025-09-17,0.016731434776815792,25,2025_H2,100.8556890763095
J 被動元件,2025-09-18,-0.00017448641428166717,25,2025_H2,100.83809112876267
J 被動元件,2025-09-19,0.022441203243079626,25,2025_H2,103.10101922642741
J 被動元件,2025-09-22,-0.008807976548819336,25,2025_H2,102.19290786692167
J 被動元件,2025-09-23,0.02887116529429925,25,2025_H2,105.14333620185266
J 被動元件,2025-09-24,0.01360629913293776,25,2025_H2,106.57394788605014
J 被動元件,2025-09-25,-0.00914800417530725,25,2025_H2,105.59900896580956
J 被動元件,2025-09-26,-0.019770496828798053,25,2025_H2,103.51126409392681
J 被動元件,2025-09-29,0.000702284850397617,25,2025_H2,103.5839584865455
J 被動元件,2025-09-30,0.011493812481697306,25,2025_H2,104.77453308150176
J 被動元件,2025-10-01,-0.009820237896750956,25,2025_H2,103.74562224112042
J 被動元件,2025-10-02,-0.00411548179706301,25,2025_H2,103.31865902126208
J 被動元件,2025-10-03,-0.002952892815788546,25,2025_H2,103.01357009530129
J 被動元件,2025-10-06,0.017388826753458462,25,2025_H2,104.80485521894374
J 被動元件,2025-10-07,-0.01972477176788326,25,2025_H2,102.73760336958405
J 被動元件,2025-10-08,-0.023808450905438743,25,2025_H2,100.29158018361687
J 被動元件,2025-10-09,0.0024347842109810713,25,2025_H2,100.53576853954229
J 被動元件,2025-10-10,-0.028764884705050245,25,2025_H2,97.64386874876872
J 被動元件,2025-10-13,-0.02964164538123244,25,2025_H2,94.74954381766611
J 被動元件,2025-10-14,-0.008112093821114427,25,2025_H2,93.98092662870941
J 被動元件,2025-10-15,-0.007720367900910746,25,2025_H2,93.25535929946727
J 被動元件,2025-10-16,-0.02045842286216957,25,2025_H2,91.34750172475522
J 被動元件,2025-10-17,-0.003878398563819334,25,2025_H2,90.99321970525743
J 被動元件,2025-10-20,0.036771227598371425,25,2025_H2,94.33915209694806
J 被動元件,2025-10-21,0.015640612437910196,25,2025_H2,95.8146742126175
J 被動元件,2025-10-22,-0.01731410318995956,25,2025_H2,94.15572905618788
J 被動元件,2025-10-23,-0.015670912201772233,25,2025_H2,92.68022289285452
J 被動元件,2025-10-24,-0.023704605493773487,25,2025_H2,90.48327477210441
J 被動元件,2025-10-27,-0.02136020086660034,25,2025_H2,88.55053384790448
J 被動元件,2025-10-28,0.045698096051665124,25,2025_H2,92.59712464911223
J 被動元件,2025-10-29,0.027995040446644342,25,2025_H2,95.1893848989071
J 被動元件,2025-10-30,-0.0023663280904880238,25,2025_H2,94.96413558350453
J 被動元件,2025-10-31,0.015064019955499917,25,2025_H2,96.39467721699124
J 被動元件,2025-11-03,-0.005591334049872482,25,2025_H2,95.8557023760414
J 被動元件,2025-11-04,-0.0025927008404088236,25,2025_H2,95.60717721593305
J 被動元件,2025-11-05,-0.0024007989010309586,25,2025_H2,95.37764360994238
J 被動元件,2025-11-06,0.005872181845038763,25,2025_H2,95.93771847717125
J 被動元件,2025-11-07,-0.010923763520987312,25,2025_H2,94.88971752778357
J 被動元件,2025-11-10,-0.0020144825164039874,25,2025_H2,94.69856385083733
J 被動元件,2025-11-11,-0.01678362372500149,25,2025_H2,93.10917878786685
J 被動元件,2025-11-12,-0.010267887375847952,25,2025_H2,92.15314422641535
J 被動元件,2025-11-13,-0.02234594103874108,25,2025_H2,90.09389549899728
J 被動元件,2025-11-14,0.01828857577949842,25,2025_H2,91.74158453410091
J 被動元件,2025-11-17,0.017298152237813415,25,2025_H2,93.32854442991002
J 被動元件,2025-11-18,0.010454481338091773,25,2025_H2,94.30424595596378
J 被動元件,2025-11-19,-0.02595793122213332,25,2025_H2,91.85630282548372
J 被動元件,2025-11-20,-0.003207735397508285,25,2025_H2,91.56165211142617
J 被動元件,2025-11-21,-0.0015150510759521134,25,2025_H2,91.42293153187882
J 被動元件,2025-11-24,0.0017160379271635472,25,2025_H2,91.57981674979999
J 被動元件,2025-11-25,-0.0037347101147643144,25,2025_H2,91.23779268187624
J 被動元件,2025-11-26,-0.01641746493302948,25,2025_H2,89.73989941995453
J 被動元件,2025-11-27,-0.02959485961580926,25,2025_H2,87.08405969468414
J 被動元件,2025-11-28,-0.0005697999087984384,25,2025_H2,87.03443920541231
J 被動元件,2025-12-01,0.07145624153564281,25,2025_H2,93.25359311519347
J 被動元件,2025-12-02,-0.007300836833090493,25,2025_H2,92.57276384776003
J 被動元件,2025-12-03,0.0022436406735630555,25,2025_H2,92.78046386599301
J 被動元件,2025-12-04,0.02380384223310214,25,2025_H2,94.98899539017314
J 被動元件,2025-12-05,0.022973847066425197,25,2025_H2,97.17125804326035
J 被動元件,2025-12-08,0.0036737043813679098,25,2025_H2,97.52823651967691
J 被動元件,2025-12-09,0.012138504555712939,25,2025_H2,98.71208346298167
J 被動元件,2025-12-10,0.0005575280935394414,25,2025_H2,98.76711822268409
J 被動元件,2025-12-11,-0.013620740396129158,25,2025_H2,97.42183694569911
J 被動元件,2025-12-12,0.01908951490042484,25,2025_H2,99.28157255370078
J 被動元件,2025-12-15,0.005261535380751349,25,2025_H2,99.80394606034874
J 被動元件,2025-12-16,0.024420871705365436,25,2025_H2,102.2412454227777
J 被動元件,2025-12-17,-0.0030609889093454372,25,2025_H2,101.92828610446092
J 被動元件,2025-12-18,-0.013002412523290017,25,2025_H2,100.60297248073879
J 被動元件,2025-12-19,0.035595768797698095,25,2025_H2,104.18401262952433
J 被動元件,2025-12-22,0.013871806959005476,25,2025_H2,105.62923314093571
J 被動元件,2025-12-23,0.004415241856762635,25,2025_H2,106.0956117523973
J 被動元件,2025-12-24,-0.009251078479576158,25,2025_H2,105.11411292173725
J 被動元件,2025-12-25,-0.0036364954041846315,25,2025_H2,104.7318659331824
J 被動元件,2025-12-26,0.0029515540540327773,25,2025_H2,105.04098769666389
J 被動元件,2025-12-29,0.004781409005112439,25,2025_H2,105.54323162114264
J 被動元件,2025-12-30,0.003306261152545973,25,2025_H2,105.8921851077658
J 被動元件,2025-12-31,-0.009340415713725844,25,2025_H2,104.90310807802447
J 被動元件,2026-01-01,-0.023843718527327373,24,2026_H1,102.40182789637024
J 被動元件,2026-01-02,-0.023454931867045007,24,2026_H1,100.0
J 被動元件,2026-01-05,-0.02905620475394075,24,2026_H1,97.09437952460594
J 被動元件,2026-01-06,0.016127034294372546,24,2026_H1,98.66022391299006
J 被動元件,2026-01-07,0.007834846899043376,24,2026_H1,99.43321166237368
J 被動元件,2026-01-08,0.009123097338616043,24,2026_H1,100.34035053106074
J 被動元件,2026-01-09,-0.00969369624457115,24,2026_H1,99.36768165193884
J 被動元件,2026-01-12,0.009131321624859138,24,2026_H1,100.27503991221931
J 被動元件,2026-01-13,-0.029112481406989233,24,2026_H1,97.35578467718973
J 被動元件,2026-01-14,0.013593177277534542,24,2026_H1,98.67915911730026
J 被動元件,2026-01-15,0.022912572843817296,24,2026_H1,100.94015253874204
J 被動元件,2026-01-16,0.01254792109118725,24,2026_H1,102.20674160773056
J 被動元件,2026-01-19,0.013734516412366603,24,2026_H1,103.61050177779646
J 被動元件,2026-01-20,0.0007737167524124924,24,2026_H1,103.69066695874778
J 被動元件,2026-01-21,-0.013841985410581846,24,2026_H1,102.25538225949131
J 被動元件,2026-01-22,0.022348860908212552,24,2026_H1,104.5406735747248
J 被動元件,2026-01-23,-0.007057774805972306,24,2026_H1,103.80284904256973
J 被動元件,2026-01-26,-0.01882470471253285,24,2026_H1,101.84879106102373
J 被動元件,2026-01-27,-0.004087430644052334,24,2026_H1,101.4324911913812
J 被動元件,2026-01-28,0.03703387296432259,24,2026_H1,105.18892918461759
J 被動元件,2026-01-29,-0.011607806331462706,24,2026_H1,103.9679164664286
J 被動元件,2026-01-30,-0.0022286616019422008,24,2026_H1,103.73620716316593
J 被動元件,2026-02-02,-0.014784607137943682,24,2026_H1,102.20250809427819
J 被動元件,2026-02-03,0.009612748306421212,24,2026_H1,103.18495508087344
J 被動元件,2026-02-04,0.02769365768143739,24,2026_H1,106.04252390475764
J 被動元件,2026-02-05,0.021272297281366565,24,2026_H1,108.29829199772608
J 被動元件,2026-02-06,-0.010087530235412477,24,2026_H1,107.20582970275548
J 被動元件,2026-02-09,0.04358259368118276,24,2026_H1,111.87813781894474
J 被動元件,2026-02-10,0.004013451670111077,24,2026_H1,112.3271553180231
J 被動元件,2026-02-11,0.026300106719686526,24,2026_H1,115.28137149040592
J 被動元件,2026-02-12,0.003909355489861096,24,2026_H1,115.73204735292066
J 被動元件,2026-02-13,0.01906643054596039,24,2026_H1,117.93864439571693
J 被動元件,2026-02-16,0.03194433797858265,24,2026_H1,121.70611631302957
J 被動元件,2026-02-17,0.001419509875594579,24,2026_H1,121.87887934705618
J 被動元件,2026-02-18,0.032995349694767334,24,2026_H1,125.90031559151863
J 被動元件,2026-02-19,-0.005225316501325265,24,2026_H1,125.24244659493623
J 被動元件,2026-02-20,-0.019924635633638003,24,2026_H1,122.74703648066675
J 被動元件,2026-02-23,0.030960510045654265,24,2026_H1,126.54734733670071
J 被動元件,2026-02-24,-0.0028086237548581375,24,2026_H1,126.19192345085656
J 被動元件,2026-02-25,0.004514866751973804,24,2026_H1,126.76166317041246
J 被動元件,2026-02-26,-0.008517909061325477,24,2026_H1,125.68191885106452
J 被動元件,2026-02-27,0.02952157579307118,24,2026_H1,129.39224714424483
J 被動元件,2026-03-02,0.013735165173144182,24,2026_H1,131.16947103089532
J 被動元件,2026-03-03,0.001186437650626176,24,2026_H1,131.3250954299391
J 被動元件,2026-03-04,-0.01830730251663816,24,2026_H1,128.92088717987681
J 被動元件,2026-03-05,-0.027396674461192146,24,2026_H1,125.38888360256168
J 被動元件,2026-03-06,0.00986862398638299,24,2026_H1,126.62629934690769
J 被動元件,2026-03-09,0.0045298842971444025,24,2026_H1,127.19990183192475
J 被動元件,2026-03-10,0.03253900439398363,24,2026_H1,131.33885999654805
J 被動元件,2026-03-11,0.022514611608022813,24,2026_H1,134.29590341841083
J 被動元件,2026-03-12,0.021679426210644368,24,2026_H1,137.2073615469621
J 被動元件,2026-03-13,0.013079288442843152,24,2026_H1,139.0019362051163
J 被動元件,2026-03-16,-0.0015461109809485462,24,2026_H1,138.78702378517644
J 被動元件,2026-03-17,0.008977471575719707,24,2026_H1,140.03298034628656
J 被動元件,2026-03-18,-0.017867081135883214,24,2026_H1,137.53099972473996
J 被動元件,2026-03-19,-0.00832608112729138,24,2026_H1,136.38590546351426
J 被動元件,2026-03-20,0.0031467702373364783,24,2026_H1,136.81508057161903
J 被動元件,2026-03-23,-0.03227787857352999,24,2026_H1,132.3989800139006
J 被動元件,2026-03-24,-0.03233281783075767,24,2026_H1,128.11814791213303
J 被動元件,2026-03-25,0.0007598859504783371,24,2026_H1,128.21550309273275
J 被動元件,2026-03-26,0.023211883140501287,24,2026_H1,131.19162636732185
J 被動元件,2026-03-27,-0.011177393889240276,24,2026_H1,129.72524588444426
J 被動元件,2026-03-30,0.005770122389829776,24,2026_H1,130.47377643024825
J 被動元件,2026-03-31,0.012816933362653698,24,2026_H1,132.14605012832854
J 被動元件,2026-04-01,0.009689613611996098,24,2026_H1,133.42649429442352
J 被動元件,2026-04-02,0.004196198303543379,24,2026_H1,133.9863783234295
J 被動元件,2026-04-03,-0.006848480129480434,24,2026_H1,133.06877527386047
J 被動元件,2026-04-06,0.025621643064142233,24,2026_H1,136.47821593690986
J 被動元件,2026-04-07,0.008214241241316944,24,2026_H1,137.5992809268002
J 被動元件,2026-04-08,-0.007462122105423109,24,2026_H1,136.572498290906
J 被動元件,2026-04-09,-0.01942985976279872,24,2026_H1,133.91891380165862
J 被動元件,2026-04-10,0.0019685940590514236,24,2026_H1,134.1825457797632
J 被動元件,2026-04-13,0.029812252193756425,24,2026_H1,138.18282967454977
J 被動元件,2026-04-14,0.003129539007573358,24,2026_H1,138.61527823019316
J 被動元件,2026-04-15,0.0017275123669341537,24,2026_H1,138.85473783758184
J 被動元件,2026-04-16,-0.013756261637569288,24,2026_H1,136.94461573427196
J 被動元件,2026-04-17,0.006507614296518287,24,2026_H1,137.83579847345553
J 被動元件,2026-04-20,0.019797526501388166,24,2026_H1,140.56460634657375
J 被動元件,2026-04-21,0.015411207535436356,24,2026_H1,142.73087666711774
J 被動元件,2026-04-22,0.00786056324266308,24,2026_H1,143.85282174984036
J 被動元件,2026-04-23,0.018615485388534688,24,2026_H1,146.53071185122403
J 被動元件,2026-04-24,0.01294280643011646,24,2026_H1,148.4272304907816
J 被動元件,2026-04-27,0.009214542502596821,24,2026_H1,149.79491951468162
J 被動元件,2026-04-28,-0.012895581120972057,24,2026_H1,147.86322697857054
J 被動元件,2026-04-29,-0.00576689978474656,24,2026_H1,147.0105145667359
J 被動元件,2026-04-30,0.003376555167207127,24,2026_H1,147.50690367933
J 被動元件,2026-05-01,0.01614093608157767,24,2026_H1,149.8878031832095
J 被動元件,2026-05-04,0.018459968337892693,24,2026_H1,152.65472728420784
J 被動元件,2026-05-05,-0.027448838951912424,24,2026_H1,148.46453225973553
J 被動元件,2026-05-06,0.005834794203631273,24,2026_H1,149.33079225200945
J 被動元件,2026-05-07,-0.011192231931270577,24,2026_H1,147.65944739064457
J 被動元件,2026-05-08,-0.008509202897180112,24,2026_H1,146.40298319311208
J 被動元件,2026-05-11,0.003155003697424791,24,2026_H1,146.86488514640035
J 被動元件,2026-05-12,0.0037896893439862667,24,2026_H1,147.42145743664545
J 被動元件,2026-05-13,-0.01872151697869773,24,2026_H1,144.66150411822093
J 被動元件,2026-05-14,-0.006713498437073017,24,2026_H1,143.69031933641858
J 被動元件,2026-05-15,-0.0012943473859384003,24,2026_H1,143.50433414720086
J 被動元件,2026-05-18,0.013982193463976299,24,2026_H1,145.51083951016614
J 被動元件,2026-05-19,0.0217802583002934,24,2026_H1,148.6801031801901
J 被動元件,2026-05-20,-0.019606587724813572,24,2026_H1,145.76499369425338
J 被動元件,2026-05-21,-0.01586467927325839,24,2026_H1,143.4524788200255
J 被動元件,2026-05-22,-0.013565295582151748,24,2026_H1,141.5065035428395
J 被動元件,2026-05-25,-0.014342115881473438,24,2026_H1,139.477000871046
J 被動元件,2026-05-26,0.004411668874937423,24,2026_H1,140.0923272145584
J 被動元件,2026-05-27,0.02469843704777346,24,2026_H1,143.55238873914323
J 被動元件,2026-05-28,0.015609521855572942,24,2026_H1,145.79317288858658
J 被動元件,2026-05-29,0.005166730774515184,24,2026_H1,146.5464469616643
J 被動元件,2026-06-01,-0.038220275039047506,24,2026_H1,140.9454014527943
J 被動元件,2026-06-02,-0.03567149060008661,24,2026_H1,135.9176688897455
J 被動元件,2026-06-03,0.02064699190988986,24,2026_H1,138.72395989972318
J 被動元件,2026-06-04,-0.00958565771173676,24,2026_H1,137.39419950370774
J 被動元件,2026-06-05,-0.010767564933782713,24,2026_H1,135.91479853902644
J 被動元件,2026-06-08,0.0168483231349583,24,2026_H1,138.20473498363472
J 被動元件,2026-06-09,-0.020147879416744317,24,2026_H1,135.42020264836134
J 被動元件,2026-06-10,0.008560633548903879,24,2026_H1,136.57948537835227
J 被動元件,2026-06-11,-0.00254567928954073,24,2026_H1,136.23179781104847
J 被動元件,2026-06-12,-0.003740781923776542,24,2026_H1,135.72218436435332
J 被動元件,2026-06-15,0.0035197666485889596,24,2026_H1,136.1998947823526
J 被動元件,2026-06-16,0.006445602305959807,24,2026_H1,137.07778513823322
J 被動元件,2026-06-17,0.0035151252781755907,24,2026_H1,137.55963072584893
J 被動元件,2026-06-18,-0.020800246858815857,24,2026_H1,134.69835644894374
J 被動元件,2026-06-19,-0.01942403017475589,24,2026_H1,132.08197150878942
J 被動元件,2026-06-22,0.008322868507833602,24,2026_H1,133.18127238991252
J 被動元件,2026-06-23,-0.004660029732265223,24,2026_H1,132.5606437007946
J 被動元件,2026-06-24,0.00706409611325391,24,2026_H1,133.49706482873182
J 被動元件,2026-06-25,-0.008375686567045551,24,2026_H1,132.37893525610582
J 被動元件,2026-06-26,-0.008375053151189044,24,2026_H1,131.2702546372381
J 被動元件,2026-06-29,0.0034645052987941423,24,2026_H1,131.7250411300029
J 被動元件,2026-06-30,0.012461738756336209,24,2026_H1,133.36656418023261
J 被動元件,2026-07-01,0.022409370593857236,23,2026_H2,136.3552249417769
J 被動元件,2026-07-02,-0.011099007877284154,23,2026_H2,134.84181722603927
J 被動元件,2026-07-03,0.035285040709203054,23,2026_H2,139.599716236163
J 被動元件,2026-07-06,-0.004907828686833423,23,2026_H2,138.91458474414534
J 被動元件,2026-07-07,0.0023294865821765066,23,2026_H2,139.23818440537548
J 被動元件,2026-07-08,0.004829966680864162,23,2026_H2,139.91070019675746
J 被動元件,2026-07-09,0.005572932693393719,23,2026_H2,140.69041311203958
J 被動元件,2026-07-10,-0.0013263403660074096,23,2026_H2,140.50380973801884
J 被動元件,2026-07-13,0.038093612219983405,23,2026_H2,145.85610738160923
J 被動元件,2026-07-14,0.031007363769229385,23,2026_H2,150.37872076115463
J 被動元件,2026-07-15,0.016245931947735454,23,2026_H2,152.82176322502787
J 被動元件,2026-07-16,0.011939414688909602,23,2026_H2,154.6463656296618
J 被動元件,2026-07-17,0.024230825682102546,23,2026_H2,158.39357475760482
J 被動元件,2026-07-20,0.014445189455480893,23,2026_H2,160.6815999535093
J 被動元件,2026-07-21,-0.01524306823949928,23,2026_H2,158.23231936058605
J 被動元件,2026-07-22,-0.02105149322258049,23,2026_H2,154.90129276197348
J 被動元件,2026-07-23,0.025608131795883372,23,2026_H2,158.8680254823748
J 被動元件,2026-07-24,-0.000574797755115255,23,2026_H2,158.77670849796792
J 被動元件,2026-07-27,-0.029665702617044955,23,2026_H2,154.066485881154
J 被動元件,2026-07-28,-0.0033310262994862014,23,2026_H2,153.55328636481443
J 被動元件,2026-07-29,0.008285719058580871,23,2026_H2,154.82558575615508
J 被動元件,2026-07-30,-0.0018247542668326903,23,2026_H2,154.54306710793165
J 被動元件,2026-07-31,0.021259613494113008,23,2026_H2,157.82859298284103
J 被動元件,2026-08-03,-0.000900382173977046,23,2026_H2,157.6864869311754
J 被動元件,2026-08-04,0.0028241783515123896,23,2026_H2,158.13182169389248
J 被動元件,2026-08-05,-0.025944179392452735,23,2026_H2,154.02922134421075
J 被動元件,2026-08-06,0.007546321024452066,23,2026_H2,155.19157529562057
J 被動元件,2026-08-07,-0.009401950268864142,23,2026_H2,153.73247182254445
J 被動元件,2026-08-10,-0.01799987163918589,23,2026_H2,150.9653070629639
J 被動元件,2026-08-11,-0.01929591691204739,23,2026_H2,148.05229304127522
J 被動元件,2026-08-12,0.0029349235635592113,23,2026_H2,148.486815204761
J 被動元件,2026-08-13,-0.011843303313511012,23,2026_H2,146.72824081423377
J 被動元件,2026-08-14,0.020612418994377598,23,2026_H2,149.75266479220468
K AI PC 與消費電子,2025-01-02,0.0,3,2025_H1,59.15516495506067
K AI PC 與消費電子,2025-01-03,-0.028433415712156483,3,2025_H1,57.47318155837224
K AI PC 與消費電子,2025-01-06,-0.0005504585788992007,3,2025_H1,57.4415449525268
K AI PC 與消費電子,2025-01-07,0.028139774221305792,3,2025_H1,59.0579370584139
K AI PC 與消費電子,2025-01-08,0.020324121170814655,3,2025_H1,60.25823772728745
K AI PC 與消費電子,2025-01-09,-0.006405237661866863,3,2025_H1,59.87226939355891
K AI PC 與消費電子,2025-01-10,0.015569675408491456,3,2025_H1,60.804461193986384
K AI PC 與消費電子,2025-01-13,0.008973246863041226,3,2025_H1,61.35007463465424
K AI PC 與消費電子,2025-01-14,-0.014435536915258531,3,2025_H1,60.46445336751183
K AI PC 與消費電子,2025-01-15,-0.02275002814940922,3,2025_H1,59.08888535136229
K AI PC 與消費電子,2025-01-16,0.01042411999998488,3,2025_H1,59.70483498293024
K AI PC 與消費電子,2025-01-17,-0.009676625916154117,3,2025_H1,59.1270936294147
K AI PC 與消費電子,2025-01-20,-0.020050561385550805,3,2025_H1,57.94156220904891
K AI PC 與消費電子,2025-01-21,0.011512636726375765,3,2025_H1,58.6086223661204
K AI PC 與消費電子,2025-01-22,-0.022936468843465896,3,2025_H1,57.26434752526142
K AI PC 與消費電子,2025-01-23,-0.00995445483350674,3,2025_H1,56.69431216425097
K AI PC 與消費電子,2025-01-24,0.005178919102482109,3,2025_H1,56.987927420520485
K AI PC 與消費電子,2025-01-27,0.020641575037557355,3,2025_H1,58.16424800060602
K AI PC 與消費電子,2025-01-28,0.013085210719592203,3,2025_H1,58.925339442040574
K AI PC 與消費電子,2025-01-29,0.016478619195698416,3,2025_H1,59.89634767168324
K AI PC 與消費電子,2025-01-30,-0.009682141193215699,3,2025_H1,59.316422776568054
K AI PC 與消費電子,2025-01-31,-0.022479504319820612,3,2025_H1,57.98301899452589
K AI PC 與消費電子,2025-02-03,0.03503757959323423,3,2025_H1,60.01460363760261
K AI PC 與消費電子,2025-02-04,0.007760870376740253,3,2025_H1,60.4803691971455
K AI PC 與消費電子,2025-02-05,-0.0282255865717546,3,2025_H1,58.77327530047979
K AI PC 與消費電子,2025-02-06,0.02490526416984352,3,2025_H1,60.23703924796517
K AI PC 與消費電子,2025-02-07,0.020890201363343727,3,2025_H1,61.495403127386794
K AI PC 與消費電子,2025-02-10,0.01505137918964109,3,2025_H1,62.420993758276936
K AI PC 與消費電子,2025-02-11,0.010652312256350027,3,2025_H1,63.08592167514178
K AI PC 與消費電子,2025-02-12,0.022069987944450344,3,2025_H1,64.47822720597671
K AI PC 與消費電子,2025-02-13,0.019041255189732615,3,2025_H1,65.70597358438727
K AI PC 與消費電子,2025-02-14,-0.027608818212050662,3,2025_H1,63.891909304250106
K AI PC 與消費電子,2025-02-17,0.003144037658382878,3,2025_H1,64.09278787316866
K AI PC 與消費電子,2025-02-18,0.0014231614941821336,3,2025_H1,64.18400226092454
K AI PC 與消費電子,2025-02-19,-0.01721230896229939,3,2025_H1,63.079247383572586
K AI PC 與消費電子,2025-02-20,0.004416951430871215,3,2025_H1,63.35786535556174
K AI PC 與消費電子,2025-02-21,0.020024164179600023,3,2025_H1,64.6265536535105
K AI PC 與消費電子,2025-02-24,-0.009691293154763324,3,2025_H1,64.00023877647229
K AI PC 與消費電子,2025-02-25,-0.0011116643515552515,3,2025_H1,63.929091992533465
K AI PC 與消費電子,2025-02-26,0.0284233753879283,3,2025_H1,65.74617257244665
K AI PC 與消費電子,2025-02-27,0.0008273906444875453,3,2025_H1,65.80057034054396
K AI PC 與消費電子,2025-02-28,-0.023545501731983408,3,2025_H1,64.25126289762518
K AI PC 與消費電子,2025-03-03,-0.0024665240295361664,3,2025_H1,64.09278561376014
K AI PC 與消費電子,2025-03-04,-0.018483732431717068,3,2025_H1,62.90811171367199
K AI PC 與消費電子,2025-03-05,0.026057739130742618,3,2025_H1,64.54735487791447
K AI PC 與消費電子,2025-03-06,0.029425766770114607,3,2025_H1,66.4467102881798
K AI PC 與消費電子,2025-03-07,0.046338070161084675,3,2025_H1,69.52572261148674
K AI PC 與消費電子,2025-03-10,0.0007317148643324976,3,2025_H1,69.57659561617501
K AI PC 與消費電子,2025-03-11,0.014349887690875276,3,2025_H1,70.57501194918056
K AI PC 與消費電子,2025-03-12,-0.009742565963643816,3,2025_H1,69.88743023988073
K AI PC 與消費電子,2025-03-13,-0.014256674486311542,3,2025_H1,68.89106789626594
K AI PC 與消費電子,2025-03-14,-0.0004935761975846556,3,2025_H1,68.85706490492616
K AI PC 與消費電子,2025-03-17,-0.0010592417523607898,3,2025_H1,68.78412862683383
K AI PC 與消費電子,2025-03-18,-0.04987639022129055,3,2025_H1,65.35342458641044
K AI PC 與消費電子,2025-03-19,-0.01371808416122471,3,2025_H1,64.45690080770981
K AI PC 與消費電子,2025-03-20,-0.011510284777065833,3,2025_H1,63.714983523565984
K AI PC 與消費電子,2025-03-21,0.029147254135199824,3,2025_H1,65.57210034054744
K AI PC 與消費電子,2025-03-24,0.00012192179298257748,3,2025_H1,65.58009500859059
K AI PC 與消費電子,2025-03-25,-0.003942986585726159,3,2025_H1,65.32151357368107
K AI PC 與消費電子,2025-03-26,0.018495371686862456,3,2025_H1,66.52965924637475
K AI PC 與消費電子,2025-03-27,0.016841722767882927,3,2025_H1,67.65013332324392
K AI PC 與消費電子,2025-03-28,0.01012555222004451,3,2025_H1,68.3351282809014
K AI PC 與消費電子,2025-03-31,0.0036960935024773073,3,2025_H1,68.58770130453138
K AI PC 與消費電子,2025-04-01,0.04952129492129162,3,2025_H1,71.98425308880653
K AI PC 與消費電子,2025-04-02,0.03728881901452419,3,2025_H1,74.66846087413074
K AI PC 與消費電子,2025-04-03,0.025226610500776618,3,2025_H1,76.55209305329491
K AI PC 與消費電子,2025-04-04,-0.02081441205263467,3,2025_H1,74.95870624499199
K AI PC 與消費電子,2025-04-07,0.012623496002656512,3,2025_H1,75.90494717363995
K AI PC 與消費電子,2025-04-08,0.018472918979810293,3,2025_H1,77.3071331129454
K AI PC 與消費電子,2025-04-09,-0.012117335297978881,3,2025_H1,76.37037666009033
K AI PC 與消費電子,2025-04-10,0.014175452177121137,3,2025_H1,77.45296128218418
K AI PC 與消費電子,2025-04-11,-0.0026855535057027794,3,2025_H1,77.24495721048575
K AI PC 與消費電子,2025-04-14,0.018341361305584593,3,2025_H1,78.66173487971768
K AI PC 與消費電子,2025-04-15,-0.010797921212164743,3,2025_H1,77.8123516640743
K AI PC 與消費電子,2025-04-16,0.002749047223534632,3,2025_H1,78.02626149337313
K AI PC 與消費電子,2025-04-17,0.02054648558818856,3,2025_H1,79.62942695064694
K AI PC 與消費電子,2025-04-18,0.029170793734564264,3,2025_H1,81.9522805394258
K AI PC 與消費電子,2025-04-21,0.007985763639742911,3,2025_H1,82.60673208155157
K AI PC 與消費電子,2025-04-22,-0.017494707024257733,3,2025_H1,81.16155150555346
K AI PC 與消費電子,2025-04-23,-0.02710290490913797,3,2025_H1,78.96183769282032
K AI PC 與消費電子,2025-04-24,0.001226657971452994,3,2025_H1,79.05869686046681
K AI PC 與消費電子,2025-04-25,0.001478530149168598,3,2025_H1,79.175587527329
K AI PC 與消費電子,2025-04-28,-0.006567369728302351,3,2025_H1,78.65561217058146
K AI PC 與消費電子,2025-04-29,0.011725297202030917,3,2025_H1,79.57787259988922
K AI PC 與消費電子,2025-04-30,-0.009363634989914446,3,2025_H1,78.83273444758993
K AI PC 與消費電子,2025-05-01,-0.0061548168368695585,3,2025_H1,78.34753340631545
K AI PC 與消費電子,2025-05-02,0.028802796180576077,3,2025_H1,80.60416144226842
K AI PC 與消費電子,2025-05-05,0.039441635957236695,3,2025_H1,83.78332143451271
K AI PC 與消費電子,2025-05-06,0.029380884462960093,3,2025_H1,86.24494952150317
K AI PC 與消費電子,2025-05-07,-0.008636539678104778,3,2025_H1,85.50009159292458
K AI PC 與消費電子,2025-05-08,-0.004367227451457554,3,2025_H1,85.12669324581782
K AI PC 與消費電子,2025-05-09,0.012900431060853146,3,2025_H1,86.22486428347388
K AI PC 與消費電子,2025-05-12,0.008761820416541135,3,2025_H1,86.9803510597663
K AI PC 與消費電子,2025-05-13,0.018734421164940937,3,2025_H1,88.60987758959439
K AI PC 與消費電子,2025-05-14,0.002390893377796281,3,2025_H1,88.8217343591307
K AI PC 與消費電子,2025-05-15,-0.022337155836544317,3,2025_H1,86.83770943707864
K AI PC 與消費電子,2025-05-16,0.019417294478823347,3,2025_H1,88.5238628130849
K AI PC 與消費電子,2025-05-19,0.014114595007254342,3,2025_H1,89.77334128516934
K AI PC 與消費電子,2025-05-20,0.04988731269651919,3,2025_H1,94.25189203367393
K AI PC 與消費電子,2025-05-21,0.0022747765372715814,3,2025_H1,94.46629402626556
K AI PC 與消費電子,2025-05-22,-0.0007009354023969853,3,2025_H1,94.4000792564493
K AI PC 與消費電子,2025-05-23,-0.013422474434268356,3,2025_H1,93.1329966060367
K AI PC 與消費電子,2025-05-26,-0.025367182083426372,3,2025_H1,90.77047492315624
K AI PC 與消費電子,2025-05-27,-0.009945742134861248,3,2025_H1,89.86769518611163
K AI PC 與消費電子,2025-05-28,0.02615542123820881,3,2025_H1,92.21822260941136
K AI PC 與消費電子,2025-05-29,-0.016678677987391515,3,2025_H1,90.68014456993939
K AI PC 與消費電子,2025-05-30,-0.013204337408360505,3,2025_H1,89.482773344799
K AI PC 與消費電子,2025-06-02,-0.02482146771828192,3,2025_H1,87.26167957487873
K AI PC 與消費電子,2025-06-03,0.0023380258384153568,3,2025_H1,87.46569963642831
K AI PC 與消費電子,2025-06-04,-0.001879730910887798,3,2025_H1,87.3012876571793
K AI PC 與消費電子,2025-06-05,-0.0036874482982427676,3,2025_H1,86.97936867257343
K AI PC 與消費電子,2025-06-06,0.03702577647025657,3,2025_H1,90.19984733456818
K AI PC 與消費電子,2025-06-09,0.024048296668341854,3,2025_H1,92.36900002270902
K AI PC 與消費電子,2025-06-10,0.03496734237889633,3,2025_H1,95.59889847169937
K AI PC 與消費電子,2025-06-11,0.011752720070036894,3,2025_H1,96.72244556444114
K AI PC 與消費電子,2025-06-12,-0.008635403097612009,3,2025_H1,95.88720825840535
K AI PC 與消費電子,2025-06-13,-0.0008826855356262701,3,2025_H1,95.80257000662408
K AI PC 與消費電子,2025-06-16,-0.005268171217939022,3,2025_H1,95.29786566471059
K AI PC 與消費電子,2025-06-17,0.004047114654225617,3,2025_H1,95.68354705335867
K AI PC 與消費電子,2025-06-18,0.004337599299693325,3,2025_H1,96.09858394004948
K AI PC 與消費電子,2025-06-19,0.008175608576659856,3,2025_H1,96.8842483471146
K AI PC 與消費電子,2025-06-20,-0.023599795895347726,3,2025_H1,94.5977998606485
K AI PC 與消費電子,2025-06-23,0.01497705349315287,3,2025_H1,96.014596169496
K AI PC 與消費電子,2025-06-24,-0.007589784293844687,3,2025_H1,95.28586609550892
K AI PC 與消費電子,2025-06-25,-0.0025313024607150703,3,2025_H1,95.04466874818998
K AI PC 與消費電子,2025-06-26,-0.020192497430406235,3,2025_H1,93.12547951871835
K AI PC 與消費電子,2025-06-27,0.002146384452171107,3,2025_H1,93.3253626000583
K AI PC 與消費電子,2025-06-30,-0.0026322181365029487,3,2025_H1,93.07970988802671
K AI PC 與消費電子,2025-07-01,0.013887350485722958,6,2025_H2,94.37234044235116
K AI PC 與消費電子,2025-07-02,0.028172814722466005,6,2025_H2,97.031074904559
K AI PC 與消費電子,2025-07-03,-0.0014072828046159205,6,2025_H2,96.89452474133242
K AI PC 與消費電子,2025-07-04,-0.0075335257732752755,6,2025_H2,96.16456734190434
K AI PC 與消費電子,2025-07-07,0.004649478296825337,6,2025_H2,96.61168241068412
K AI PC 與消費電子,2025-07-08,-0.02949905454888909,6,2025_H2,93.76172912119142
K AI PC 與消費電子,2025-07-09,0.006363983181510242,6,2025_H2,94.35842718838799
K AI PC 與消費電子,2025-07-10,-0.03381514026182473,6,2025_H2,91.1676837381275
K AI PC 與消費電子,2025-07-11,0.0076059232411893885,6,2025_H2,91.86109814271671
K AI PC 與消費電子,2025-07-14,0.023471477915323537,6,2025_H2,94.01721387905087
K AI PC 與消費電子,2025-07-15,-0.000293867820101406,6,2025_H2,93.98958524535621
K AI PC 與消費電子,2025-07-16,0.01819278089196498,6,2025_H2,95.69951717585165
K AI PC 與消費電子,2025-07-17,0.006416941485443687,6,2025_H2,96.31361537775429
K AI PC 與消費電子,2025-07-18,0.04094450837084023,6,2025_H2,100.25712900881463
K AI PC 與消費電子,2025-07-21,0.008120105240468104,6,2025_H2,101.07122744747339
K AI PC 與消費電子,2025-07-22,0.03677826343141663,6,2025_H2,104.78845167587319
K AI PC 與消費電子,2025-07-23,-0.01546012215770678,6,2025_H2,103.16840941224724
K AI PC 與消費電子,2025-07-24,0.0018238931414566602,6,2025_H2,103.35657756658924
K AI PC 與消費電子,2025-07-25,-0.03278375506354148,6,2025_H2,99.96816084344024
K AI PC 與消費電子,2025-07-28,0.01390632471450387,6,2025_H2,101.35835054924088
K AI PC 與消費電子,2025-07-29,-0.00010127966031502934,6,2025_H2,101.34808500992716
K AI PC 與消費電子,2025-07-30,-0.005488503831444151,6,2025_H2,100.79183565704064
K AI PC 與消費電子,2025-07-31,-0.0032739748846833364,6,2025_H2,100.46184571851838
K AI PC 與消費電子,2025-08-01,0.01396883746511662,6,2025_H2,101.86518091280597
K AI PC 與消費電子,2025-08-04,-0.04358757708000934,6,2025_H2,97.42512448799992
K AI PC 與消費電子,2025-08-05,-0.012942424658380497,6,2025_H2,96.16420715448065
K AI PC 與消費電子,2025-08-06,0.01626447614283679,6,2025_H2,97.72826760753952
K AI PC 與消費電子,2025-08-07,0.005180748100160028,6,2025_H2,98.2345731442792
K AI PC 與消費電子,2025-08-08,-0.005359824904082057,6,2025_H2,97.70805303269861
K AI PC 與消費電子,2025-08-11,-0.027291264596470625,6,2025_H2,95.04147670417726
K AI PC 與消費電子,2025-08-12,-0.007761461471739558,6,2025_H2,94.30381594452057
K AI PC 與消費電子,2025-08-13,-0.00046628358052696754,6,2025_H2,94.2598436235646
K AI PC 與消費電子,2025-08-14,0.015664308695556673,6,2025_H2,95.73635891167899
K AI PC 與消費電子,2025-08-15,0.0007268828685755546,6,2025_H2,95.8059480308717
K AI PC 與消費電子,2025-08-18,-0.004226690145564801,6,2025_H2,95.40100597444314
K AI PC 與消費電子,2025-08-19,-0.01810308879564216,6,2025_H2,93.67395309209421
K AI PC 與消費電子,2025-08-20,0.012408286107727318,6,2025_H2,94.83628630290274
K AI PC 與消費電子,2025-08-21,-0.005264614224465588,6,2025_H2,94.337009841037
K AI PC 與消費電子,2025-08-22,-0.006350579280305861,6,2025_H2,93.73791518097448
K AI PC 與消費電子,2025-08-25,-0.024562558054045606,6,2025_H2,91.4354721974766
K AI PC 與消費電子,2025-08-26,0.03660750294456949,6,2025_H2,94.78269651518383
K AI PC 與消費電子,2025-08-27,0.00303666244930784,6,2025_H2,95.07051957053564
K AI PC 與消費電子,2025-08-28,-0.006887685594244549,6,2025_H2,94.4157037224523
K AI PC 與消費電子,2025-08-29,-0.0023833157676185473,6,2025_H2,94.19068128705979
K AI PC 與消費電子,2025-09-01,0.016469141351424365,6,2025_H2,95.74192093116334
K AI PC 與消費電子,2025-09-02,-0.002890996770304569,6,2025_H2,95.46513134696858
K AI PC 與消費電子,2025-09-03,0.015263554722973157,6,2025_H2,96.92226860341886
K AI PC 與消費電子,2025-09-04,0.040508562004687325,6,2025_H2,100.8484503307754
K AI PC 與消費電子,2025-09-05,-0.010966509918175604,6,2025_H2,99.74249479999031
K AI PC 與消費電子,2025-09-08,-0.0013866252284945124,6,2025_H2,99.60418934034766
K AI PC 與消費電子,2025-09-09,-0.00919203000242626,6,2025_H2,98.68862464356383
K AI PC 與消費電子,2025-09-10,-0.025005466220615037,6,2025_H2,96.22086957368023
K AI PC 與消費電子,2025-09-11,0.020419064498696914,6,2025_H2,98.18560971562594
K AI PC 與消費電子,2025-09-12,0.0266071551098656,6,2025_H2,100.79804946288633
K AI PC 與消費電子,2025-09-15,-0.00604803508380641,6,2025_H2,100.18841932335555
K AI PC 與消費電子,2025-09-16,0.020996006379446,6,2025_H2,102.29197601461534
K AI PC 與消費電子,2025-09-17,0.014037350491449755,6,2025_H2,103.72788433439547
K AI PC 與消費電子,2025-09-18,-0.010767695345385707,6,2025_H2,102.61097407706129
K AI PC 與消費電子,2025-09-19,0.010747804080593391,6,2025_H2,103.71381672296037
K AI PC 與消費電子,2025-09-22,-0.011275146973083535,6,2025_H2,102.54442819626955
K AI PC 與消費電子,2025-09-23,0.01957707103664758,6,2025_H2,104.55194775148034
K AI PC 與消費電子,2025-09-24,0.021895251678591052,6,2025_H2,106.8411389609859
K AI PC 與消費電子,2025-09-25,-0.003338313558876762,6,2025_H2,106.48446973814659
K AI PC 與消費電子,2025-09-26,-0.012893726202650186,6,2025_H2,105.11148814050856
K AI PC 與消費電子,2025-09-29,0.0028432301999783785,6,2025_H2,105.41034429795431
K AI PC 與消費電子,2025-09-30,0.014386378606414833,6,2025_H2,106.92681742005725
K AI PC 與消費電子,2025-10-01,-0.01768081790320691,6,2025_H2,105.03626383228374
K AI PC 與消費電子,2025-10-02,-0.007822997425557237,6,2025_H2,104.21456541073364
K AI PC 與消費電子,2025-10-03,-0.008033735180177162,6,2025_H2,103.37733319030656
K AI PC 與消費電子,2025-10-06,0.008692248943281487,6,2025_H2,104.27591470548924
K AI PC 與消費電子,2025-10-07,-0.018997263459519454,6,2025_H2,102.2949576813467
K AI PC 與消費電子,2025-10-08,-0.01847008337484914,6,2025_H2,100.40556128414555
K AI PC 與消費電子,2025-10-09,0.007041272655273963,6,2025_H2,101.11254421725305
K AI PC 與消費電子,2025-10-10,-0.020540237439940157,6,2025_H2,99.03566855087422
K AI PC 與消費電子,2025-10-13,-0.021519200061837593,6,2025_H2,96.90450018607012
K AI PC 與消費電子,2025-10-14,-0.0029016917140815917,6,2025_H2,96.62331320082296
K AI PC 與消費電子,2025-10-15,-0.018668907695215245,6,2025_H2,94.81946148547094
K AI PC 與消費電子,2025-10-16,-0.022263913284256406,6,2025_H2,92.70840921729852
K AI PC 與消費電子,2025-10-17,-0.011253115638170712,6,2025_H2,91.66515076774543
K AI PC 與消費電子,2025-10-20,0.03132452595109738,6,2025_H2,94.53651816178092
K AI PC 與消費電子,2025-10-21,0.016334591663900284,6,2025_H2,96.08073358328052
K AI PC 與消費電子,2025-10-22,-0.011653275106652573,6,2025_H2,94.96107836238556
K AI PC 與消費電子,2025-10-23,-0.019400047805867883,6,2025_H2,93.1188289024585
K AI PC 與消費電子,2025-10-24,-0.020267716384012254,6,2025_H2,91.23152288825212
K AI PC 與消費電子,2025-10-27,-0.024385565495465424,6,2025_H2,89.00679061160959
K AI PC 與消費電子,2025-10-28,0.040544612217261106,6,2025_H2,92.61553642166025
K AI PC 與消費電子,2025-10-29,0.0293714872387929,6,2025_H2,95.33579246778301
K AI PC 與消費電子,2025-10-30,0.0019044957685285413,6,2025_H2,95.51735908112721
K AI PC 與消費電子,2025-10-31,0.007450425846586384,6,2025_H2,96.22900408202293
K AI PC 與消費電子,2025-11-03,0.002432337331299962,6,2025_H2,96.46306548100544
K AI PC 與消費電子,2025-11-04,-0.0073797047273318345,6,2025_H2,95.75119654066235
K AI PC 與消費電子,2025-11-05,0.0014601911396508274,6,2025_H2,95.891011589462
K AI PC 與消費電子,2025-11-06,-0.0033766314541994755,6,2025_H2,95.567222983554
K AI PC 與消費電子,2025-11-07,0.0038284783605985113,6,2025_H2,95.93310002872903
K AI PC 與消費電子,2025-11-10,0.005509808162849666,6,2025_H2,96.46167300635479
K AI PC 與消費電子,2025-11-11,-0.014749028299721093,6,2025_H2,95.03895706134561
K AI PC 與消費電子,2025-11-12,-0.010882058965397928,6,2025_H2,94.00473752659411
K AI PC 與消費電子,2025-11-13,-0.026556805485191983,6,2025_H2,91.50827199741383
K AI PC 與消費電子,2025-11-14,0.010602308355706955,6,2025_H2,92.47847091422831
K AI PC 與消費電子,2025-11-17,0.005881441329942543,6,2025_H2,93.02237761519316
K AI PC 與消費電子,2025-11-18,0.008306368856237704,6,2025_H2,93.79505579554919
K AI PC 與消費電子,2025-11-19,-0.02568961684212922,6,2025_H2,91.3854967504754
K AI PC 與消費電子,2025-11-20,-0.00451494413010388,6,2025_H2,90.97289633834521
K AI PC 與消費電子,2025-11-21,-0.0009575395454681406,6,2025_H2,90.88578619253548
K AI PC 與消費電子,2025-11-24,0.0012566998843929194,6,2025_H2,91.00000234953657
K AI PC 與消費電子,2025-11-25,-0.0026415952334124977,6,2025_H2,90.75961717708951
K AI PC 與消費電子,2025-11-26,-0.017804429585840456,6,2025_H2,89.14369396382219
K AI PC 與消費電子,2025-11-27,-0.02501012564613021,6,2025_H2,86.91419897722682
K AI PC 與消費電子,2025-11-28,0.001551641051600053,6,2025_H2,87.04905861632682
K AI PC 與消費電子,2025-12-01,0.06288005623420843,6,2025_H2,92.52270831725635
K AI PC 與消費電子,2025-12-02,-0.014140657821056984,6,2025_H2,91.21437635826457
K AI PC 與消費電子,2025-12-03,0.004292524827558272,6,2025_H2,91.60591633341265
K AI PC 與消費電子,2025-12-04,0.023342095751217828,6,2025_H2,93.74419040384524
K AI PC 與消費電子,2025-12-05,0.023105065955369403,6,2025_H2,95.91015610605878
K AI PC 與消費電子,2025-12-08,0.002873912034419199,6,2025_H2,96.18579345791501
K AI PC 與消費電子,2025-12-09,0.010675989890302157,6,2025_H2,97.21267201646239
K AI PC 與消費電子,2025-12-10,0.005949259254834976,6,2025_H2,97.79101540514357
K AI PC 與消費電子,2025-12-11,-0.01326457190089722,6,2025_H2,96.49385945004029
K AI PC 與消費電子,2025-12-12,0.022536367375769608,6,2025_H2,98.66848051611228
K AI PC 與消費電子,2025-12-15,0.011809660321293332,6,2025_H2,99.83372175542573
K AI PC 與消費電子,2025-12-16,0.01923461902959899,6,2025_H2,101.75398535969832
K AI PC 與消費電子,2025-12-17,-0.0003418027484048999,6,2025_H2,101.71920556784123
K AI PC 與消費電子,2025-12-18,-0.008313068286650613,6,2025_H2,100.87360686589192
K AI PC 與消費電子,2025-12-19,0.04435227035581472,6,2025_H2,105.34758034937413
K AI PC 與消費電子,2025-12-22,0.00985296782089958,6,2025_H2,106.38556666856614
K AI PC 與消費電子,2025-12-23,0.0074105078911417864,6,2025_H2,107.17393774986714
K AI PC 與消費電子,2025-12-24,-0.010971679452707255,6,2025_H2,105.99805965919118
K AI PC 與消費電子,2025-12-25,-0.00032518544540822416,6,2025_H2,105.9635906329485
K AI PC 與消費電子,2025-12-26,-0.0026914084708619295,6,2025_H2,105.67839932751603
K AI PC 與消費電子,2025-12-29,0.0035889160343611994,6,2025_H2,106.05767022934819
K AI PC 與消費電子,2025-12-30,-0.0024137538084317046,6,2025_H2,105.8016731239187
K AI PC 與消費電子,2025-12-31,-0.020956054730411282,6,2025_H2,103.58448747136478
K AI PC 與消費電子,2026-01-01,-0.02172741469537843,4,2026_H1,101.33386435606621
K AI PC 與消費電子,2026-01-02,-0.01316306611360727,4,2026_H1,100.0
K AI PC 與消費電子,2026-01-05,-0.019512495991370556,4,2026_H1,98.04875040086296
K AI PC 與消費電子,2026-01-06,0.0124585360103052,4,2026_H1,99.27029428849751
K AI PC 與消費電子,2026-01-07,0.012371988078426233,4,2026_H1,100.49846518597668
K AI PC 與消費電子,2026-01-08,-0.005089879833919873,4,2026_H1,99.98694007468667
K AI PC 與消費電子,2026-01-09,-0.005045323403953764,4,2026_H1,99.48247362583814
K AI PC 與消費電子,2026-01-12,0.011834840237918911,4,2026_H1,100.6598328076729
K AI PC 與消費電子,2026-01-13,-0.029392858284263863,4,2026_H1,97.70115260703928
K AI PC 與消費電子,2026-01-14,0.017862360536160152,4,2026_H1,99.44632581970463
K AI PC 與消費電子,2026-01-15,0.026813309730417415,4,2026_H1,102.11281095546036
K AI PC 與消費電子,2026-01-16,0.009333167710528525,4,2026_H1,103.06584694550116
K AI PC 與消費電子,2026-01-19,0.0009990234389906445,4,2026_H1,103.16881214235916
K AI PC 與消費電子,2026-01-20,-0.005363821567434033,4,2026_H1,102.61543304270344
K AI PC 與消費電子,2026-01-21,-0.015447246849904254,4,2026_H1,101.03030711788298
K AI PC 與消費電子,2026-01-22,0.007873938553040263,4,2026_H1,101.82581354812396
K AI PC 與消費電子,2026-01-23,-0.0050620971822721746,4,2026_H1,101.31036138427943
K AI PC 與消費電子,2026-01-26,-0.008291447575757314,4,2026_H1,100.47035183398066
K AI PC 與消費電子,2026-01-27,0.001869925290068625,4,2026_H1,100.65822388577712
K AI PC 與消費電子,2026-01-28,0.032524504724090846,4,2026_H1,103.93208276406867
K AI PC 與消費電子,2026-01-29,-0.016992681904087814,4,2026_H1,102.16599794202953
K AI PC 與消費電子,2026-01-30,0.0032060596781143865,4,2026_H1,102.49354822850579
K AI PC 與消費電子,2026-02-02,-0.015769038151426988,4,2026_H1,100.87732355621537
K AI PC 與消費電子,2026-02-03,-0.0014540543228198067,4,2026_H1,100.73064244782397
K AI PC 與消費電子,2026-02-04,0.013441053696892745,4,2026_H1,102.08456842188768
K AI PC 與消費電子,2026-02-05,0.015610935362173436,4,2026_H1,103.67820402099713
K AI PC 與消費電子,2026-02-06,-0.00954356960799568,4,2026_H1,102.68874386409077
K AI PC 與消費電子,2026-02-09,0.04427724672189039,4,2026_H1,107.23551871172211
K AI PC 與消費電子,2026-02-10,-0.002793437473266397,4,2026_H1,106.93596299528762
K AI PC 與消費電子,2026-02-11,0.018312351571208713,4,2026_H1,108.8942119452631
K AI PC 與消費電子,2026-02-12,-0.011862849781165261,4,2026_H1,107.60241626691806
K AI PC 與消費電子,2026-02-13,0.019058016259958427,4,2026_H1,109.65310486574383
K AI PC 與消費電子,2026-02-16,0.037070604458887296,4,2026_H1,113.71801174391071
K AI PC 與消費電子,2026-02-17,-0.0008280700929113134,4,2026_H1,113.62384525936024
K AI PC 與消費電子,2026-02-18,0.042029977553291575,4,2026_H1,118.39945292512981
K AI PC 與消費電子,2026-02-19,0.00536110873797114,4,2026_H1,119.03420526677775
K AI PC 與消費電子,2026-02-20,-0.023141042043831134,4,2026_H1,116.27962971804521
K AI PC 與消費電子,2026-02-23,0.030278422485088708,4,2026_H1,119.80039347305787
K AI PC 與消費電子,2026-02-24,-0.017088887405936427,4,2026_H1,117.7531380378099
K AI PC 與消費電子,2026-02-25,-0.007299245553199959,4,2026_H1,116.89362896861208
K AI PC 與消費電子,2026-02-26,-0.001388790564674511,4,2026_H1,116.7312881996299
K AI PC 與消費電子,2026-02-27,0.030914062636398537,4,2026_H1,120.33992655466075
K AI PC 與消費電子,2026-03-02,0.012788054141225042,4,2026_H1,121.8788400507928
K AI PC 與消費電子,2026-03-03,0.01109964926670026,4,2026_H1,123.23165242838884
K AI PC 與消費電子,2026-03-04,-0.010776526221062586,4,2026_H1,121.90364329472942
K AI PC 與消費電子,2026-03-05,-0.02745604698025401,4,2026_H1,118.55665113736521
K AI PC 與消費電子,2026-03-06,0.0036545419053903823,4,2026_H1,118.98992138710945
K AI PC 與消費電子,2026-03-09,0.0016576526411454272,4,2026_H1,119.18716534456647
K AI PC 與消費電子,2026-03-10,0.02819542486263134,4,2026_H1,122.5476981096292
K AI PC 與消費電子,2026-03-11,0.023166202792356812,4,2026_H1,125.38666293577339
K AI PC 與消費電子,2026-03-12,0.035545009108457634,4,2026_H1,129.84353301190455
K AI PC 與消費電子,2026-03-13,0.004331668274661962,4,2026_H1,130.40597212452224
K AI PC 與消費電子,2026-03-16,-0.0029241305640818607,4,2026_H1,130.0246480356941
K AI PC 與消費電子,2026-03-17,0.0052813136823428395,4,2026_H1,130.71134898840683
K AI PC 與消費電子,2026-03-18,-0.016260788411365974,4,2026_H1,128.5858793995421
K AI PC 與消費電子,2026-03-19,-0.0014107456270542884,4,2026_H1,128.40447743247827
K AI PC 與消費電子,2026-03-20,0.008789532078857708,4,2026_H1,129.53309270594002
K AI PC 與消費電子,2026-03-23,-0.025625931022179093,4,2026_H1,126.21368660716809
K AI PC 與消費電子,2026-03-24,-0.024846498178901725,4,2026_H1,123.07771847273062
K AI PC 與消費電子,2026-03-25,0.008717982285902509,4,2026_H1,124.15070784216516
K AI PC 與消費電子,2026-03-26,0.02675098996198372,4,2026_H1,127.47186218142411
K AI PC 與消費電子,2026-03-27,-0.012178143380640617,4,2026_H1,125.91949156678147
K AI PC 與消費電子,2026-03-30,0.0003107474545693801,4,2026_H1,125.95862072826652
K AI PC 與消費電子,2026-03-31,0.024532592717847055,4,2026_H1,129.04871226989485
K AI PC 與消費電子,2026-04-01,-0.0008706256559091645,4,2026_H1,128.93635915013064
K AI PC 與消費電子,2026-04-02,-0.0019227751852398775,4,2026_H1,128.6884435182816
K AI PC 與消費電子,2026-04-03,-0.0032500488402416932,4,2026_H1,128.2701997916725
K AI PC 與消費電子,2026-04-06,0.02112957004884934,4,2026_H1,130.98049396335057
K AI PC 與消費電子,2026-04-07,0.006830864780184105,4,2026_H1,131.8752040064559
K AI PC 與消費電子,2026-04-08,0.0029945829770108064,4,2026_H1,132.27011524746348
K AI PC 與消費電子,2026-04-09,-0.004498238387187055,4,2026_H1,131.67513273757967
K AI PC 與消費電子,2026-04-10,-0.0012684369944387986,4,2026_H1,131.5081111279677
K AI PC 與消費電子,2026-04-13,0.018770538999908826,4,2026_H1,133.97658925669955
K AI PC 與消費電子,2026-04-14,0.004469595298727749,4,2026_H1,134.57541039018088
K AI PC 與消費電子,2026-04-15,0.008225892352054134,4,2026_H1,135.682413229284
K AI PC 與消費電子,2026-04-16,-0.0027933108519544556,4,2026_H1,135.3034100719913
K AI PC 與消費電子,2026-04-17,0.010726209376045626,4,2026_H1,136.75470277771646
K AI PC 與消費電子,2026-04-20,0.024078837884197974,4,2026_H1,140.04759709580276
K AI PC 與消費電子,2026-04-21,0.007955987705646178,4,2026_H1,141.16181405650224
K AI PC 與消費電子,2026-04-22,0.014461603046334181,4,2026_H1,143.2032401766878
K AI PC 與消費電子,2026-04-23,0.020110800157817247,4,2026_H1,146.08317192183307
K AI PC 與消費電子,2026-04-24,0.005077376404251196,4,2026_H1,146.82489117200717
K AI PC 與消費電子,2026-04-27,0.00957153490098976,4,2026_H1,148.23023074219404
K AI PC 與消費電子,2026-04-28,0.008574536161364244,4,2026_H1,149.50123621590038
K AI PC 與消費電子,2026-04-29,0.0012461129537597337,4,2026_H1,149.68753164295208
K AI PC 與消費電子,2026-04-30,0.016589353330803372,4,2026_H1,152.17075099459285
K AI PC 與消費電子,2026-05-01,0.018777276444248234,4,2026_H1,155.02810325274717
K AI PC 與消費電子,2026-05-04,0.031846839145955624,4,2026_H1,159.96525832014
K AI PC 與消費電子,2026-05-05,-0.029834805644454745,4,2026_H1,155.19272592829367
K AI PC 與消費電子,2026-05-06,0.018330433066710457,4,2026_H1,158.03747580336258
K AI PC 與消費電子,2026-05-07,-0.004992968110020566,4,2026_H1,157.24839972648823
K AI PC 與消費電子,2026-05-08,0.004350057047963643,4,2026_H1,157.93243923599945
K AI PC 與消費電子,2026-05-11,-0.006597130378178345,4,2026_H1,156.89053834341584
K AI PC 與消費電子,2026-05-12,0.007058477560458759,4,2026_H1,157.99794668776113
K AI PC 與消費電子,2026-05-13,-0.014246327480734584,4,2026_H1,155.74705619796362
K AI PC 與消費電子,2026-05-14,-0.012119734086352071,4,2026_H1,153.85944329211216
K AI PC 與消費電子,2026-05-15,0.004752515320540993,4,2026_H1,154.59066265356782
K AI PC 與消費電子,2026-05-18,0.018784765505358462,4,2026_H1,157.4946120008331
K AI PC 與消費電子,2026-05-19,0.016538182812214315,4,2026_H1,160.0992866860416
K AI PC 與消費電子,2026-05-20,-0.018829634353960487,4,2026_H1,157.08467565741358
K AI PC 與消費電子,2026-05-21,-0.020874810466285164,4,2026_H1,153.80556282590717
K AI PC 與消費電子,2026-05-22,-0.008881499339391856,4,2026_H1,152.4395388212741
K AI PC 與消費電子,2026-05-25,0.013669786773450708,4,2026_H1,154.52335481280411
K AI PC 與消費電子,2026-05-26,0.0015956207228340076,4,2026_H1,154.76991547990525
K AI PC 與消費電子,2026-05-27,0.026145881441627022,4,2026_H1,158.8165113407735
K AI PC 與消費電子,2026-05-28,0.004311259628510982,4,2026_H1,159.50121055445797
K AI PC 與消費電子,2026-05-29,0.012897363976439896,4,2026_H1,161.55835572166157
K AI PC 與消費電子,2026-06-01,-0.0456190613368176,4,2026_H1,154.18821518251968
K AI PC 與消費電子,2026-06-02,-0.03593821550327437,4,2026_H1,148.64696587722506
K AI PC 與消費電子,2026-06-03,0.013974095605319932,4,2026_H1,150.72417278983414
K AI PC 與消費電子,2026-06-04,0.005102669777476578,4,2026_H1,151.49326847106397
K AI PC 與消費電子,2026-06-05,-0.005936486657368404,4,2026_H1,150.59393070410434
K AI PC 與消費電子,2026-06-08,0.016753289677182287,4,2026_H1,153.1168744488157
K AI PC 與消費電子,2026-06-09,-0.02381425556815302,4,2026_H1,149.47051006889484
K AI PC 與消費電子,2026-06-10,-0.002926239547724833,4,2026_H1,149.03312355111262
K AI PC 與消費電子,2026-06-11,-0.010526373159347091,4,2026_H1,147.46434527951055
K AI PC 與消費電子,2026-06-12,-0.005937454560463097,4,2026_H1,146.588782430125
K AI PC 與消費電子,2026-06-15,0.012333121979829243,4,2026_H1,148.39667976471037
K AI PC 與消費電子,2026-06-16,-0.005265932894188538,4,2026_H1,147.61523280734903
K AI PC 與消費電子,2026-06-17,0.0012390844532153323,4,2026_H1,147.79814054737838
K AI PC 與消費電子,2026-06-18,-0.018154847867378667,4,2026_H1,145.1148877906593
K AI PC 與消費電子,2026-06-19,-0.015056164086319239,4,2026_H1,142.93001422871532
K AI PC 與消費電子,2026-06-22,0.012581480545769321,4,2026_H1,144.72828542214043
K AI PC 與消費電子,2026-06-23,-0.010575658903151434,4,2026_H1,143.19768844187792
K AI PC 與消費電子,2026-06-24,0.006520704786550584,4,2026_H1,144.13143829432386
K AI PC 與消費電子,2026-06-25,0.0009187696129099575,4,2026_H1,144.2638618800937
K AI PC 與消費電子,2026-06-26,-0.012267537755483462,4,2026_H1,142.4940995077278
K AI PC 與消費電子,2026-06-29,-0.005375647181217002,4,2026_H1,141.72810150336906
K AI PC 與消費電子,2026-06-30,0.017298619824728405,4,2026_H1,144.17980204975635
K AI PC 與消費電子,2026-07-01,0.01995408722922045,5,2026_H2,147.05677839654894
K AI PC 與消費電子,2026-07-02,-0.01221992528803566,5,2026_H2,145.25975555144387
K AI PC 與消費電子,2026-07-03,0.030684398424311674,5,2026_H2,149.71696376580252
K AI PC 與消費電子,2026-07-06,-0.0019771620738441202,5,2026_H2,149.42094906323365
K AI PC 與消費電子,2026-07-07,0.00018790343778692965,5,2026_H2,149.44902577324
K AI PC 與消費電子,2026-07-08,0.005078992581230552,5,2026_H2,150.20807626641442
K AI PC 與消費電子,2026-07-09,0.008521854036735454,5,2026_H2,151.48812756749567
K AI PC 與消費電子,2026-07-10,0.00576225810668381,5,2026_H2,152.3610412586378
K AI PC 與消費電子,2026-07-13,0.028670044721032392,5,2026_H2,156.72923912526602
K AI PC 與消費電子,2026-07-14,0.033591126481340425,5,2026_H2,161.9939508200471
K AI PC 與消費電子,2026-07-15,0.00991521972405289,5,2026_H2,163.60015643639528
K AI PC 與消費電子,2026-07-16,0.002982002153357922,5,2026_H2,164.0880124551783
K AI PC 與消費電子,2026-07-17,0.012305437672268344,5,2026_H2,166.10718726521188
K AI PC 與消費電子,2026-07-20,0.006607933429884463,5,2026_H2,167.20481250088577
K AI PC 與消費電子,2026-07-21,-0.012071366325617556,5,2026_H2,165.1864219577814
K AI PC 與消費電子,2026-07-22,-0.010561272321046885,5,2026_H2,163.4418431717459
K AI PC 與消費電子,2026-07-23,0.03269003405824053,5,2026_H2,168.78476259157188
K AI PC 與消費電子,2026-07-24,0.0012327237078811168,5,2026_H2,168.9928275699476
K AI PC 與消費電子,2026-07-27,-0.033262652845208775,5,2026_H2,163.37167781315821
K AI PC 與消費電子,2026-07-28,-0.0039821313878431845,5,2026_H2,162.7211103270538
K AI PC 與消費電子,2026-07-29,-0.003190296419645006,5,2026_H2,162.20198175137676
K AI PC 與消費電子,2026-07-30,0.008119595031877844,5,2026_H2,163.51899615656595
K AI PC 與消費電子,2026-07-31,0.013061783128844106,5,2026_H2,165.65484582180932
K AI PC 與消費電子,2026-08-03,0.003268935288177399,5,2026_H2,166.19636079297385
K AI PC 與消費電子,2026-08-04,0.0030895156785905806,5,2026_H2,166.70982705536844
K AI PC 與消費電子,2026-08-05,-0.013866389767499297,5,2026_H2,164.3981636153463
K AI PC 與消費電子,2026-08-06,0.01570632023003881,5,2026_H2,166.98025381831923
K AI PC 與消費電子,2026-08-07,-0.008439968649260587,5,2026_H2,165.57094571104705
K AI PC 與消費電子,2026-08-10,-0.03210645223667192,5,2026_H2,160.2550500507947
K AI PC 與消費電子,2026-08-11,-0.011545348312648723,5,2026_H2,158.40484967909728
K AI PC 與消費電子,2026-08-12,-0.00314403637630427,5,2026_H2,157.9068190695232
K AI PC 與消費電子,2026-08-13,-0.011339396120409111,5,2026_H2,156.1162510979801
K AI PC 與消費電子,2026-08-14,0.029806115305468936,5,2026_H2,160.76947007926407
L 其他科技族群,2025-01-02,0.0,33,2025_H1,59.92297941125761
L 其他科技族群,2025-01-03,-0.02516416201043301,33,2025_H1,58.415067849204874
L 其他科技族群,2025-01-06,0.0023590723012374797,33,2025_H1,58.55287321774284
L 其他科技族群,2025-01-07,0.034438993904283385,33,2025_H1,60.56937526156696
L 其他科技族群,2025-01-08,0.016609096045358426,33,2025_H1,61.575377832693675
L 其他科技族群,2025-01-09,-0.001152299695747409,33,2025_H1,61.50442454355153
L 其他科技族群,2025-01-10,0.009999915029114854,33,2025_H1,62.11946356290164
L 其他科技族群,2025-01-13,0.007125689382782713,33,2025_H1,62.562107564875966
L 其他科技族群,2025-01-14,-0.006119056832426638,33,2025_H1,62.179286473130105
L 其他科技族群,2025-01-15,-0.010040862433446358,33,2025_H1,61.55495281144355
L 其他科技族群,2025-01-16,0.012980378237659886,33,2025_H1,62.35395938133739
L 其他科技族群,2025-01-17,0.010446731850360184,33,2025_H1,63.00535447480247
L 其他科技族群,2025-01-20,-0.00883978708949746,33,2025_H1,62.4484005557469
L 其他科技族群,2025-01-21,0.00852567931144795,33,2025_H1,62.980815592398045
L 其他科技族群,2025-01-22,-0.0060539939193945385,33,2025_H1,62.599530117763166
L 其他科技族群,2025-01-23,-0.004349315070566766,33,2025_H1,62.32726503801158
L 其他科技族群,2025-01-24,-0.0013478496503907002,33,2025_H1,62.24325725562028
L 其他科技族群,2025-01-27,0.011681643531583207,33,2025_H1,62.97036079912506
L 其他科技族群,2025-01-28,0.015462404728660778,33,2025_H1,63.944034003710925
L 其他科技族群,2025-01-29,0.0182216762564637,33,2025_H1,65.10920148985886
L 其他科技族群,2025-01-30,-0.008924746210047345,33,2025_H1,64.52811839062304
L 其他科技族群,2025-01-31,-0.013140294734294334,33,2025_H1,63.680199896320815
L 其他科技族群,2025-02-03,0.035998036595554096,33,2025_H1,65.97256206260077
L 其他科技族群,2025-02-04,0.010853546853498153,33,2025_H1,66.68859835599253
L 其他科技族群,2025-02-05,-0.02561656259921728,33,2025_H1,64.98026570155218
L 其他科技族群,2025-02-06,0.016681665426142668,33,2025_H1,66.06424475328733
L 其他科技族群,2025-02-07,0.01317438499431395,33,2025_H1,66.93460054802573
L 其他科技族群,2025-02-10,0.009098642671850935,33,2025_H1,67.54361456079529
L 其他科技族群,2025-02-11,0.013574795953324677,33,2025_H1,68.4605053464081
L 其他科技族群,2025-02-12,0.01451151577402445,33,2025_H1,69.45397104964019
L 其他科技族群,2025-02-13,0.007148237288546803,33,2025_H1,69.95044451533488
L 其他科技族群,2025-02-14,-0.021362141481630223,33,2025_H1,68.45615322289538
L 其他科技族群,2025-02-17,0.015140364978525132,33,2025_H1,69.49260436771586
L 其他科技族群,2025-02-18,0.001807093137567255,33,2025_H1,69.61818397618043
L 其他科技族群,2025-02-19,-0.00984517089106368,33,2025_H1,68.93278105780942
L 其他科技族群,2025-02-20,0.01654456031761461,33,2025_H1,70.07324361188127
L 其他科技族群,2025-02-21,0.01743394377861571,33,2025_H1,71.29489660139605
L 其他科技族群,2025-02-24,-0.01004073843594066,33,2025_H1,70.57904319280401
L 其他科技族群,2025-02-25,-0.0015087168942671157,33,2025_H1,70.47255939795781
L 其他科技族群,2025-02-26,0.011217789145018397,33,2025_H1,71.26310570979388
L 其他科技族群,2025-02-27,0.004638968439308783,33,2025_H1,71.59369300806874
L 其他科技族群,2025-02-28,-0.024484458064545717,33,2025_H1,69.84076023392673
L 其他科技族群,2025-03-03,-0.0056076666750218464,33,2025_H1,69.44911653020475
L 其他科技族群,2025-03-04,-0.015331717909351273,33,2025_H1,68.38434226650998
L 其他科技族群,2025-03-05,0.022717176628154458,33,2025_H1,69.93784144837845
L 其他科技族群,2025-03-06,0.032960309521285515,33,2025_H1,72.24301434976759
L 其他科技族群,2025-03-07,0.03271436758269048,33,2025_H1,74.60639887648748
L 其他科技族群,2025-03-10,-0.004276908928175881,33,2025_H1,74.28731410303358
L 其他科技族群,2025-03-11,0.0056355346581661026,33,2025_H1,74.70596283632328
L 其他科技族群,2025-03-12,-0.005971078705081289,33,2025_H1,74.25988765248873
L 其他科技族群,2025-03-13,0.0037818133389559802,33,2025_H1,74.54072468616228
L 其他科技族群,2025-03-14,-0.0025313431934457804,33,2025_H1,74.35203653009344
L 其他科技族群,2025-03-17,-0.01107195125169635,33,2025_H1,73.52881440616791
L 其他科技族群,2025-03-18,-0.03705516908487125,33,2025_H1,70.80419175573725
L 其他科技族群,2025-03-19,-0.016628642779683536,33,2025_H1,69.62681414372688
L 其他科技族群,2025-03-20,-0.010742087645625842,33,2025_H1,68.87887680370926
L 其他科技族群,2025-03-21,0.022764602816594738,33,2025_H1,70.44687707659885
L 其他科技族群,2025-03-24,0.006130411518285655,33,2025_H1,70.87874542325649
L 其他科技族群,2025-03-25,-0.003854939558852752,33,2025_H1,70.60551214364253
L 其他科技族群,2025-03-26,0.01110626754955524,33,2025_H1,71.3896758519832
L 其他科技族群,2025-03-27,0.015199578764646032,33,2025_H1,72.47476885307796
L 其他科技族群,2025-03-28,0.01891356135230177,33,2025_H1,73.84552484027452
L 其他科技族群,2025-03-31,0.006451820494438874,33,2025_H1,74.32196291086159
L 其他科技族群,2025-04-01,0.042039288563302406,33,2025_H1,77.44640535626236
L 其他科技族群,2025-04-02,0.03463628466250298,33,2025_H1,80.12886109826947
L 其他科技族群,2025-04-03,0.01120720481137433,33,2025_H1,81.02688165589991
L 其他科技族群,2025-04-04,-0.01977657149615904,33,2025_H1,79.4244477377212
L 其他科技族群,2025-04-07,0.01428534973851848,33,2025_H1,80.55905375144322
L 其他科技族群,2025-04-08,0.024749248539481936,33,2025_H1,82.55282979484318
L 其他科技族群,2025-04-09,-0.0030589255895608456,33,2025_H1,82.30030683129307
L 其他科技族群,2025-04-10,0.017848928104430093,33,2025_H1,83.76927909089737
L 其他科技族群,2025-04-11,0.005616480245969846,33,2025_H1,84.23976759213052
L 其他科技族群,2025-04-14,0.009721314983299164,33,2025_H1,85.05868890701353
L 其他科技族群,2025-04-15,-0.009738384512215783,33,2025_H1,84.2303546883321
L 其他科技族群,2025-04-16,-0.008224254645064617,33,2025_H1,83.53762280253113
L 其他科技族群,2025-04-17,0.023212147155985415,33,2025_H1,85.47671039608468
L 其他科技族群,2025-04-18,0.020253029987435892,33,2025_H1,87.20787277496399
L 其他科技族群,2025-04-21,0.0005855837607913409,33,2025_H1,87.25894028907416
L 其他科技族群,2025-04-22,-0.023479160463474317,33,2025_H1,85.21017362815425
L 其他科技族群,2025-04-23,-0.023530415180102137,33,2025_H1,83.2051428651152
L 其他科技族群,2025-04-24,0.0006974191550002454,33,2025_H1,83.26317172554386
L 其他科技族群,2025-04-25,-0.00847150532711378,33,2025_H1,82.55780732271853
L 其他科技族群,2025-04-28,0.0002686742575356557,33,2025_H1,82.57998848030475
L 其他科技族群,2025-04-29,0.006534850604971407,33,2025_H1,83.1196363679838
L 其他科技族群,2025-04-30,-0.012135220889902123,33,2025_H1,82.11096122036997
L 其他科技族群,2025-05-01,-0.01662156106009468,33,2025_H1,80.74614886474254
L 其他科技族群,2025-05-02,0.012196892484088145,33,2025_H1,81.73100096094996
L 其他科技族群,2025-05-05,0.029292436574803425,33,2025_H1,84.1251011227938
L 其他科技族群,2025-05-06,0.03025317701653837,33,2025_H1,86.67015269859586
L 其他科技族群,2025-05-07,-0.0006003038808009639,33,2025_H1,86.61812426958129
L 其他科技族群,2025-05-08,0.003953514330649322,33,2025_H1,86.96057026517502
L 其他科技族群,2025-05-09,0.0010557334978191686,33,2025_H1,87.05237745219344
L 其他科技族群,2025-05-12,-0.006834303568130269,33,2025_H1,86.45743507835769
L 其他科技族群,2025-05-13,0.012387302674544203,33,2025_H1,87.52840949513806
L 其他科技族群,2025-05-14,0.008048321323368085,33,2025_H1,88.23286625967829
L 其他科技族群,2025-05-15,-0.017464423359011383,33,2025_H1,86.69193012914025
L 其他科技族群,2025-05-16,0.027625008939778362,33,2025_H1,89.08679547396439
L 其他科技族群,2025-05-19,0.01008707654095224,33,2025_H1,89.9854207986984
L 其他科技族群,2025-05-20,0.03457476427219872,33,2025_H1,93.096645510748
L 其他科技族群,2025-05-21,0.0036219161515320306,33,2025_H1,93.43383375477686
L 其他科技族群,2025-05-22,0.0018442868650632909,33,2025_H1,93.60615254712327
L 其他科技族群,2025-05-23,0.002730688836617231,33,2025_H1,93.8617618229224
L 其他科技族群,2025-05-26,-0.014897921072817188,33,2025_H1,92.46341670352892
L 其他科技族群,2025-05-27,-0.0019597327260293404,33,2025_H1,92.28221311985455
L 其他科技族群,2025-05-28,0.02083714059281875,33,2025_H1,94.2051105688494
L 其他科技族群,2025-05-29,-0.01799836079105002,33,2025_H1,92.5095730004705
L 其他科技族群,2025-05-30,-0.013959152426222508,33,2025_H1,91.21821777007217
L 其他科技族群,2025-06-02,-0.024268061196026848,33,2025_H1,89.00452847903556
L 其他科技族群,2025-06-03,-0.003146285680515901,33,2025_H1,88.72449480558089
L 其他科技族群,2025-06-04,-0.012573963987629814,33,2025_H1,87.60887620307487
L 其他科技族群,2025-06-05,-0.013841174613461476,33,2025_H1,86.39626644985898
L 其他科技族群,2025-06-06,0.024878334388772395,33,2025_H1,88.54566165654005
L 其他科技族群,2025-06-09,0.01712791621997293,33,2025_H1,90.06226433103532
L 其他科技族群,2025-06-10,0.02970539125728483,33,2025_H1,92.73759913050576
L 其他科技族群,2025-06-11,0.01252162232140046,33,2025_H1,93.89882432181138
L 其他科技族群,2025-06-12,-0.01006835542447223,33,2025_H1,92.95341758459931
L 其他科技族群,2025-06-13,-0.0026184485210050653,33,2025_H1,92.71002384580255
L 其他科技族群,2025-06-16,-0.013370409754685215,33,2025_H1,91.47045283861755
L 其他科技族群,2025-06-17,0.0025452436798997662,33,2025_H1,91.7032674306026
L 其他科技族群,2025-06-18,-0.0020921291189663184,33,2025_H1,91.51141235450669
L 其他科技族群,2025-06-19,0.014518743268459127,33,2025_H1,92.84004305661585
L 其他科技族群,2025-06-20,-0.01465527999068536,33,2025_H1,91.47944623127387
L 其他科技族群,2025-06-23,0.018915885228681543,33,2025_H1,93.20986093696798
L 其他科技族群,2025-06-24,-0.00803837798306506,33,2025_H1,92.4606048430077
L 其他科技族群,2025-06-25,-0.006303948242425876,33,2025_H1,91.877737975614
L 其他科技族群,2025-06-26,-0.017697750229654384,33,2025_H1,90.25170871725594
L 其他科技族群,2025-06-27,-0.009557674458812627,33,2025_H1,89.38911226598485
L 其他科技族群,2025-06-30,-0.008318573096516542,33,2025_H1,88.64552240156752
L 其他科技族群,2025-07-01,0.008423187274153204,33,2025_H2,89.39220023777106
L 其他科技族群,2025-07-02,0.024000158153590995,33,2025_H2,91.53762718117503
L 其他科技族群,2025-07-03,0.0005982459799802851,33,2025_H2,91.5923891986531
L 其他科技族群,2025-07-04,-0.0018320981792128127,33,2025_H2,91.4245829491725
L 其他科技族群,2025-07-07,0.0009838559455250249,33,2025_H2,91.5145315686742
L 其他科技族群,2025-07-08,-0.03180150701656914,33,2025_H2,88.60423155087497
L 其他科技族群,2025-07-09,0.02076363404693541,33,2025_H2,90.44397738980727
L 其他科技族群,2025-07-10,-0.01650316341896641,33,2025_H2,88.95136565068199
L 其他科技族群,2025-07-11,0.007306476605342647,33,2025_H2,89.60128672282195
L 其他科技族群,2025-07-14,0.015155597172991234,33,2025_H2,90.95924773057475
L 其他科技族群,2025-07-15,-0.012193571963524991,33,2025_H2,89.85012959762389
L 其他科技族群,2025-07-16,0.01209729789517842,33,2025_H2,90.93707338128672
L 其他科技族群,2025-07-17,0.012826521389093353,33,2025_H2,92.10347969807336
L 其他科技族群,2025-07-18,0.04141459411920683,33,2025_H2,95.91790792673568
L 其他科技族群,2025-07-21,0.004586499154755753,33,2025_H2,96.35783533036758
L 其他科技族群,2025-07-22,0.03213724169709579,33,2025_H2,99.45451037378857
L 其他科技族群,2025-07-23,-0.015012083420253189,33,2025_H2,97.96149096753682
L 其他科技族群,2025-07-24,-0.007198592198517711,33,2025_H2,97.25630614290273
L 其他科技族群,2025-07-25,-0.02824479935217884,33,2025_H2,94.50932129016236
L 其他科技族群,2025-07-28,0.009319060775287139,33,2025_H2,95.39005939909653
L 其他科技族群,2025-07-29,0.004151748909420551,33,2025_H2,95.78609497417628
L 其他科技族群,2025-07-30,0.003884822218991084,33,2025_H2,96.15820692420235
L 其他科技族群,2025-07-31,-0.004210212984246134,33,2025_H2,95.75336039286823
L 其他科技族群,2025-08-01,0.008210333833947413,33,2025_H2,96.53952744741598
L 其他科技族群,2025-08-04,-0.03989679163108251,33,2025_H2,92.68791003668325
L 其他科技族群,2025-08-05,-0.017334412930811137,33,2025_H2,91.08121953041349
L 其他科技族群,2025-08-06,0.01214900142883638,33,2025_H2,92.18776539662865
L 其他科技族群,2025-08-07,0.005146143211305648,33,2025_H2,92.66217683968995
L 其他科技族群,2025-08-08,-0.009468708826230843,33,2025_H2,91.7847856679902
L 其他科技族群,2025-08-11,-0.022771172140378805,33,2025_H2,89.69473851367663
L 其他科技族群,2025-08-12,-0.015194819401613501,33,2025_H2,88.33184316068638
L 其他科技族群,2025-08-13,-0.0004288942404695342,33,2025_H2,88.2939581419047
L 其他科技族群,2025-08-14,0.018564826352765906,33,2025_H2,89.93312014280754
L 其他科技族群,2025-08-15,0.006262373514765862,33,2025_H2,90.4963149324901
L 其他科技族群,2025-08-18,0.0022012412275592102,33,2025_H2,90.69551915186166
L 其他科技族群,2025-08-19,-0.013284880033411913,33,2025_H2,89.49064006036117
L 其他科技族群,2025-08-20,0.003435888483035806,33,2025_H2,89.79811991988409
L 其他科技族群,2025-08-21,0.00454734771818215,33,2025_H2,90.20646319559881
L 其他科技族群,2025-08-22,-0.005136971952058762,33,2025_H2,89.7430751242686
L 其他科技族群,2025-08-25,-0.0185748591431648,33,2025_H2,88.07611014476086
L 其他科技族群,2025-08-26,0.038992893374318896,33,2025_H2,91.51045251646029
L 其他科技族群,2025-08-27,0.010773124379641723,33,2025_H2,92.49630600345739
L 其他科技族群,2025-08-28,-0.0008889177011231168,33,2025_H2,92.41408439976243
L 其他科技族群,2025-08-29,-0.008863578053947054,33,2025_H2,91.59496494940106
L 其他科技族群,2025-09-01,0.011615776502273,33,2025_H2,92.65891159098685
L 其他科技族群,2025-09-02,-0.00026002213516504826,33,2025_H2,92.6348182229529
L 其他科技族群,2025-09-03,0.012427466976627137,33,2025_H2,93.78603436730451
L 其他科技族群,2025-09-04,0.028576029607564273,33,2025_H2,96.46606686216063
L 其他科技族群,2025-09-05,-0.013926167957135464,33,2025_H2,95.12266421287393
L 其他科技族群,2025-09-08,0.0009266626358832685,33,2025_H2,95.21081083162566
L 其他科技族群,2025-09-09,-0.014363858541453436,33,2025_H2,93.84321621322313
L 其他科技族群,2025-09-10,-0.02788675357832783,33,2025_H2,91.22623356768725
L 其他科技族群,2025-09-11,0.02174898689365702,33,2025_H2,93.21031172590857
L 其他科技族群,2025-09-12,0.027150111115236245,33,2025_H2,95.74098204635281
L 其他科技族群,2025-09-15,0.010697956500550531,33,2025_H2,96.7652149076047
L 其他科技族群,2025-09-16,0.004034877445460129,33,2025_H2,97.15565069074049
L 其他科技族群,2025-09-17,0.01424673807614403,33,2025_H2,98.53980179874881
L 其他科技族群,2025-09-18,0.004696888237156917,33,2025_H2,99.00263223470914
L 其他科技族群,2025-09-19,0.0208106573651226,33,2025_H2,101.06294209239091
L 其他科技族群,2025-09-22,-0.005645696826227929,33,2025_H2,100.49237136097064
L 其他科技族群,2025-09-23,0.024383343481642717,33,2025_H2,102.94271136914998
L 其他科技族群,2025-09-24,0.01787048059362996,33,2025_H2,104.78234709492804
L 其他科技族群,2025-09-25,-0.006377457993461646,33,2025_H2,104.11410207787382
L 其他科技族群,2025-09-26,-0.019451987681068355,33,2025_H2,102.08887584682952
L 其他科技族群,2025-09-29,-0.0022661646574682107,33,2025_H2,101.85752564446477
L 其他科技族群,2025-09-30,0.006764690090651202,33,2025_H2,102.54656023885012
L 其他科技族群,2025-10-01,-0.017602401233586043,33,2025_H2,100.74149454040179
L 其他科技族群,2025-10-02,-0.009948972647554821,33,2025_H2,99.73922016674555
L 其他科技族群,2025-10-03,-0.004378309067941193,33,2025_H2,99.3025310346601
L 其他科技族群,2025-10-06,0.015171033470252192,33,2025_H2,100.80905305666768
L 其他科技族群,2025-10-07,-0.015683188484755393,33,2025_H2,99.22804567661025
L 其他科技族群,2025-10-08,-0.01599172740245533,33,2025_H2,97.64121781947152
L 其他科技族群,2025-10-09,-5.611599730699594e-05,33,2025_H2,97.63573858515531
L 其他科技族群,2025-10-10,-0.0197119698289029,33,2025_H2,95.71114585194208
L 其他科技族群,2025-10-13,-0.023087162779445614,33,2025_H2,93.50144704785102
L 其他科技族群,2025-10-14,-0.00335845626127093,33,2025_H2,93.18742652757527
L 其他科技族群,2025-10-15,-0.014128649290308236,33,2025_H2,91.8708140599008
L 其他科技族群,2025-10-16,-0.021742123382563636,33,2025_H2,89.87334748535386
L 其他科技族群,2025-10-17,-0.003080306110577,33,2025_H2,89.59651006391671
L 其他科技族群,2025-10-20,0.035627781110649424,33,2025_H2,92.78863491275203
L 其他科技族群,2025-10-21,0.010272526636571643,33,2025_H2,93.7418086364644
L 其他科技族群,2025-10-22,-0.015123252662897166,33,2025_H2,92.32412757937819
L 其他科技族群,2025-10-23,-0.017160710396102657,33,2025_H2,90.73977996341564
L 其他科技族群,2025-10-24,-0.020819141070726337,33,2025_H2,88.85065568363063
L 其他科技族群,2025-10-27,-0.017603580668336307,33,2025_H2,87.28656599886926
L 其他科技族群,2025-10-28,0.03934798792543893,33,2025_H2,90.72111674384581
L 其他科技族群,2025-10-29,0.030574393547702354,33,2025_H2,93.4948598702592
L 其他科技族群,2025-10-30,-0.002107990642589857,33,2025_H2,93.29777358052246
L 其他科技族群,2025-10-31,0.017962420130870647,33,2025_H2,94.97362738685064
L 其他科技族群,2025-11-03,-0.010142400894250767,33,2025_H2,94.010366783512
L 其他科技族群,2025-11-04,-0.0005766067097833626,33,2025_H2,93.95615977523543
L 其他科技族群,2025-11-05,0.00020043013466983554,33,2025_H2,93.97499142099227
L 其他科技族群,2025-11-06,0.005393293443423747,33,2025_H2,94.4818261260689
L 其他科技族群,2025-11-07,-0.003181148686547699,33,2025_H2,94.18126538898532
L 其他科技族群,2025-11-10,0.0035926696586096505,33,2025_H2,94.5196275635578
L 其他科技族群,2025-11-11,-0.011690707519627773,33,2025_H2,93.41462624284812
L 其他科技族群,2025-11-12,-0.008996043453866976,33,2025_H2,92.57426420594072
L 其他科技族群,2025-11-13,-0.01811971906089201,33,2025_H2,90.89684454626027
L 其他科技族群,2025-11-14,0.01537217614774334,33,2025_H2,92.29412685189942
L 其他科技族群,2025-11-17,0.008915104644058409,33,2025_H2,93.1169386508161
L 其他科技族群,2025-11-18,0.008014088278364102,33,2025_H2,93.86318601737476
L 其他科技族群,2025-11-19,-0.022840998469989975,33,2025_H2,91.71925712916351
L 其他科技族群,2025-11-20,-0.003015997315102932,33,2025_H2,91.44263209591871
L 其他科技族群,2025-11-21,-0.002789337933588167,33,2025_H2,91.18756769346643
L 其他科技族群,2025-11-24,0.00025044855872681027,33,2025_H2,91.21040548836908
L 其他科技族群,2025-11-25,0.00011660781332969526,33,2025_H2,91.22104133430597
L 其他科技族群,2025-11-26,-0.016634568070244892,33,2025_H2,89.70361871279185
L 其他科技族群,2025-11-27,-0.023934638262640508,33,2025_H2,87.55659504805134
L 其他科技族群,2025-11-28,0.003946805068475283,33,2025_H2,87.90216386116542
L 其他科技族群,2025-12-01,0.06296347919502446,33,2025_H2,93.43678992663554
L 其他科技族群,2025-12-02,-0.005120129707873261,33,2025_H2,92.95838144272386
L 其他科技族群,2025-12-03,0.01043738536485125,33,2025_H2,93.9286238927344
L 其他科技族群,2025-12-04,0.021973533725208702,33,2025_H2,95.99256767760383
L 其他科技族群,2025-12-05,0.025519863531170275,33,2025_H2,98.4422849047429
L 其他科技族群,2025-12-08,-0.0004902015888931129,33,2025_H2,98.39402834026833
L 其他科技族群,2025-12-09,0.02225537158151736,33,2025_H2,100.58382400238337
L 其他科技族群,2025-12-10,0.004815171178300814,33,2025_H2,101.06815233272293
L 其他科技族群,2025-12-11,-0.015310035505857057,33,2025_H2,99.52079533199756
L 其他科技族群,2025-12-12,0.019942387367197167,33,2025_H2,101.50547758359978
L 其他科技族群,2025-12-15,0.008063991098307305,33,2025_H2,102.32401685126338
L 其他科技族群,2025-12-16,0.01841866318432981,33,2025_H2,104.20868845331448
L 其他科技族群,2025-12-17,-0.004466626391663445,33,2025_H2,103.74322717522828
L 其他科技族群,2025-12-18,-0.019267194633799927,33,2025_H2,101.74438622530464
L 其他科技族群,2025-12-19,0.03878558375296574,33,2025_H2,105.69060163864029
L 其他科技族群,2025-12-22,0.014667469255792312,33,2025_H2,107.24081528880123
L 其他科技族群,2025-12-23,0.0029733516379027054,33,2025_H2,107.55967994259022
L 其他科技族群,2025-12-24,-0.007167142073927655,33,2025_H2,106.78878443501549
L 其他科技族群,2025-12-25,-0.0016922179976967676,33,2025_H2,106.60807453204238
L 其他科技族群,2025-12-26,0.0003616890691278374,33,2025_H2,106.6466335072814
L 其他科技族群,2025-12-29,-0.0008107191231073958,33,2025_H2,106.56017304208201
L 其他科技族群,2025-12-30,-0.0038758678882700867,33,2025_H2,106.14715988921972
L 其他科技族群,2025-12-31,-0.015689324237833827,33,2025_H2,104.48178268079255
L 其他科技族群,2026-01-01,-0.021739691925065984,32,2026_H1,102.21038091353043
L 其他科技族群,2026-01-02,-0.021625796653672626,32,2026_H1,99.99999999999999
L 其他科技族群,2026-01-05,-0.025939387226655404,32,2026_H1,97.40606127733444
L 其他科技族群,2026-01-06,0.009406511489397529,32,2026_H1,98.32231251187665
L 其他科技族群,2026-01-07,0.0023760077852097963,32,2026_H1,98.55592709186472
L 其他科技族群,2026-01-08,0.002933710327322959,32,2026_H1,98.84506163299301
L 其他科技族群,2026-01-09,-0.016082362404710348,32,2026_H1,97.2553995298953
L 其他科技族群,2026-01-12,0.010052028345734688,32,2026_H1,98.23301356274554
L 其他科技族群,2026-01-13,-0.026780932381770924,32,2026_H1,95.60224186886406
L 其他科技族群,2026-01-14,0.01591396895844178,32,2026_H1,97.12365297832261
L 其他科技族群,2026-01-15,0.027095777665470687,32,2026_H1,99.75529388548156
L 其他科技族群,2026-01-16,0.012167603137041776,32,2026_H1,100.96907671229907
L 其他科技族群,2026-01-19,0.01598511293718563,32,2026_H1,102.58307880670851
L 其他科技族群,2026-01-20,0.006843386782780543,32,2026_H1,103.28509449235128
L 其他科技族群,2026-01-21,-0.011657101513202435,32,2026_H1,102.08108966105324
L 其他科技族群,2026-01-22,0.021801995606860216,32,2026_H1,104.30666112938705
L 其他科技族群,2026-01-23,-0.009044448810725041,32,2026_H1,103.36326487218464
L 其他科技族群,2026-01-26,-0.009835394026231266,32,2026_H1,102.346646434329
L 其他科技族群,2026-01-27,0.0005980849770280969,32,2026_H1,102.40785842601059
L 其他科技族群,2026-01-28,0.03490885641459349,32,2026_H1,105.98279965153021
L 其他科技族群,2026-01-29,-0.017975819286430925,32,2026_H1,104.0776719975243
L 其他科技族群,2026-01-30,-0.001981626195545656,32,2026_H1,103.87142895632262
L 其他科技族群,2026-02-02,-0.009119197848467556,32,2026_H1,102.92420484486685
L 其他科技族群,2026-02-03,0.008230726963077804,32,2026_H1,103.77134587283683
L 其他科技族群,2026-02-04,0.02171871085785797,32,2026_H1,106.02512572917975
L 其他科技族群,2026-02-05,0.01427817870810907,32,2026_H1,107.53897142189071
L 其他科技族群,2026-02-06,-0.010435500658485516,32,2026_H1,106.41674841480472
L 其他科技族群,2026-02-09,0.0369065866192234,32,2026_H1,110.34422735791178
L 其他科技族群,2026-02-10,0.0032479548521640277,32,2026_H1,110.7026204265672
L 其他科技族群,2026-02-11,0.013095558493982654,32,2026_H1,112.15233306780048
L 其他科技族群,2026-02-12,-0.007102077576663636,32,2026_H1,111.35581849794916
L 其他科技族群,2026-02-13,0.014268412927230118,32,2026_H1,112.9446892981276
L 其他科技族群,2026-02-16,0.037204286522569296,32,2026_H1,117.14671587997769
L 其他科技族群,2026-02-17,-0.0016291822395520777,32,2026_H1,116.95586253104418
L 其他科技族群,2026-02-18,0.028634526685002146,32,2026_H1,120.30483829765681
L 其他科技族群,2026-02-19,-0.0012207244953755956,32,2026_H1,120.15797923463465
L 其他科技族群,2026-02-20,-0.01781136885984795,32,2026_H1,118.01780114503264
L 其他科技族群,2026-02-23,0.02478970085064927,32,2026_H1,120.9434271304694
L 其他科技族群,2026-02-24,-0.00927940847394371,32,2026_H1,119.82114366788713
L 其他科技族群,2026-02-25,-0.0003000056818401975,32,2026_H1,119.78519664398218
L 其他科技族群,2026-02-26,-0.00738803899978956,32,2026_H1,118.90021893957898
L 其他科技族群,2026-02-27,0.03473421288625512,32,2026_H1,123.03012445644865
L 其他科技族群,2026-03-02,0.012723520698349628,32,2026_H1,124.59550079149079
L 其他科技族群,2026-03-03,-0.00822536828198908,32,2026_H1,123.57065691120192
L 其他科技族群,2026-03-04,-0.015974154004271216,32,2026_H1,121.59672020729343
L 其他科技族群,2026-03-05,-0.027643274377558476,32,2026_H1,118.235388707192
L 其他科技族群,2026-03-06,0.010832617744475652,32,2026_H1,119.51618747692652
L 其他科技族群,2026-03-09,0.005851525174791371,32,2026_H1,120.21553945674283
L 其他科技族群,2026-03-10,0.026604102951363853,32,2026_H1,123.41376604480378
L 其他科技族群,2026-03-11,0.019656272073738656,32,2026_H1,125.83962060782517
L 其他科技族群,2026-03-12,0.022884172697367977,32,2026_H1,128.7193562179859
L 其他科技族群,2026-03-13,0.011110708316178608,32,2026_H1,130.1495194395702
L 其他科技族群,2026-03-16,-0.001532726076676193,32,2026_H1,129.9500358772583
L 其他科技族群,2026-03-17,0.006223010796447318,32,2026_H1,130.75871635352118
L 其他科技族群,2026-03-18,-0.010999293016106908,32,2026_H1,129.3204629179388
L 其他科技族群,2026-03-19,-0.007053215531077917,32,2026_H1,128.40833782039982
L 其他科技族群,2026-03-20,0.008265124665471614,32,2026_H1,129.46964874057144
L 其他科技族群,2026-03-23,-0.0207978518156091,32,2026_H1,126.77695817144607
L 其他科技族群,2026-03-24,-0.027944665869083764,32,2026_H1,123.23421843544622
L 其他科技族群,2026-03-25,-0.004731867851218347,32,2026_H1,122.6510903990615
L 其他科技族群,2026-03-26,0.025281767038566695,32,2026_H1,125.75192669355675
L 其他科技族群,2026-03-27,-0.008597424504506665,32,2026_H1,124.67078399751267
L 其他科技族群,2026-03-30,0.0036498395689167937,32,2026_H1,125.12581235803468
L 其他科技族群,2026-03-31,0.020938094604875047,32,2026_H1,127.74570845469901
L 其他科技族群,2026-04-01,0.013482729237116558,32,2026_H1,129.46806925299734
L 其他科技族群,2026-04-02,0.011654301583209922,32,2026_H1,130.97692917746772
L 其他科技族群,2026-04-03,0.0005640996807109572,32,2026_H1,131.05081322139725
L 其他科技族群,2026-04-06,0.027098197699246925,32,2026_H1,134.60205406671773
L 其他科技族群,2026-04-07,0.010441138299255723,32,2026_H1,136.0074527285922
L 其他科技族群,2026-04-08,0.005177554370529496,32,2026_H1,136.71163870989173
L 其他科技族群,2026-04-09,-0.020610173064572884,32,2026_H1,133.8939881761395
L 其他科技族群,2026-04-10,0.00794365136119972,32,2026_H1,134.95759533757135
L 其他科技族群,2026-04-13,0.021753098167379987,32,2026_H1,137.89334115738305
L 其他科技族群,2026-04-14,-0.003912914817961714,32,2026_H1,137.35377625947007
L 其他科技族群,2026-04-15,0.0013539912182069895,32,2026_H1,137.53975206631296
L 其他科技族群,2026-04-16,-0.011036785313644068,32,2026_H1,136.02175535066522
L 其他科技族群,2026-04-17,-0.000781498951984128,32,2026_H1,135.91545449141165
L 其他科技族群,2026-04-20,0.022455641342001686,32,2026_H1,138.96752319030594
L 其他科技族群,2026-04-21,0.015268080265607232,32,2026_H1,141.0892904886882
L 其他科技族群,2026-04-22,0.01009174278266192,32,2026_H1,142.5131273176883
L 其他科技族群,2026-04-23,0.014969149202956467,32,2026_H1,144.6464275838867
L 其他科技族群,2026-04-24,0.009541149752450415,32,2026_H1,146.02652081062155
L 其他科技族群,2026-04-27,0.009707630961633032,32,2026_H1,147.44409238526225
L 其他科技族群,2026-04-28,0.005553323832638808,32,2026_H1,148.26289717748713
L 其他科技族群,2026-04-29,0.004146311493237016,32,2026_H1,148.87764133207475
L 其他科技族群,2026-04-30,0.009528961466143742,32,2026_H1,150.29629063949847
L 其他科技族群,2026-05-01,0.013495209316974099,32,2026_H1,152.32457054124328
L 其他科技族群,2026-05-04,0.030126180341678008,32,2026_H1,156.91352802383742
L 其他科技族群,2026-05-05,-0.024012372010901863,32,2026_H1,153.14566201538594
L 其他科技族群,2026-05-06,0.004611153435194359,32,2026_H1,153.85184016087328
L 其他科技族群,2026-05-07,-0.013172225009967791,32,2026_H1,151.82526910407665
L 其他科技族群,2026-05-08,-0.007478137326083766,32,2026_H1,150.68989889214674
L 其他科技族群,2026-05-11,-0.0066415689556959204,32,2026_H1,149.6890815377277
L 其他科技族群,2026-05-12,0.0011123056043695029,32,2026_H1,149.85558154203508
L 其他科技族群,2026-05-13,-0.022979897801672512,32,2026_H1,146.41191559318892
L 其他科技族群,2026-05-14,-0.011632153110968897,32,2026_H1,144.7088297737387
L 其他科技族群,2026-05-15,-0.00378799071077809,32,2026_H1,144.16067407078822
L 其他科技族群,2026-05-18,0.01167427604459058,32,2026_H1,145.84364557466483
L 其他科技族群,2026-05-19,0.006943947063797116,32,2026_H1,146.8563761291265
L 其他科技族群,2026-05-20,-0.022269689250769567,32,2026_H1,143.5859302682367
L 其他科技族群,2026-05-21,-0.02036695520342578,32,2026_H1,140.6615220586213
L 其他科技族群,2026-05-22,-0.019108628316136272,32,2026_H1,137.97367331522113
L 其他科技族群,2026-05-25,-0.007167092885388794,32,2026_H1,136.98480318283265
L 其他科技族群,2026-05-26,0.0005032062183442776,32,2026_H1,137.0537347876129
L 其他科技族群,2026-05-27,0.032879570877078386,32,2026_H1,141.56000277453055
L 其他科技族群,2026-05-28,0.013668154951637325,32,2026_H1,143.49486682740704
L 其他科技族群,2026-05-29,0.004024179990344253,32,2026_H1,144.07231599921099
L 其他科技族群,2026-06-01,-0.04284367293767902,32,2026_H1,137.89972881316686
L 其他科技族群,2026-06-02,-0.03512987045544828,32,2026_H1,133.05532920411883
L 其他科技族群,2026-06-03,0.013614024133175978,32,2026_H1,134.86674766695137
L 其他科技族群,2026-06-04,-0.0037694356609812834,32,2026_H1,134.35837613881498
L 其他科技族群,2026-06-05,-0.01145039762851198,32,2026_H1,132.8199193073044
L 其他科技族群,2026-06-08,0.02050887191214534,32,2026_H1,135.54390601975936
L 其他科技族群,2026-06-09,-0.014932883983832487,32,2026_H1,133.5198445964508
L 其他科技族群,2026-06-10,0.002706376102402074,32,2026_H1,133.88119951306308
L 其他科技族群,2026-06-11,-0.005652348805827851,32,2026_H1,133.1244562748726
L 其他科技族群,2026-06-12,-0.006368716651211072,32,2026_H1,132.2766243335114
L 其他科技族群,2026-06-15,0.0035695020789481943,32,2026_H1,132.7487860190661
L 其他科技族群,2026-06-16,0.0094648286776894,32,2026_H1,134.00523053590783
L 其他科技族群,2026-06-17,0.00592480628498159,32,2026_H1,134.79918556800737
L 其他科技族群,2026-06-18,-0.02095357487784115,32,2026_H1,131.97466073973612
L 其他科技族群,2026-06-19,-0.01895924615113109,32,2026_H1,129.47252066105946
L 其他科技族群,2026-06-22,-0.0008369679050676694,32,2026_H1,129.36415631667793
L 其他科技族群,2026-06-23,-0.007885547322252533,32,2026_H1,128.3440491402395
L 其他科技族群,2026-06-24,0.002070496193681159,32,2026_H1,128.60978500546597
L 其他科技族群,2026-06-25,-0.010839498326904604,32,2026_H1,127.21571945607565
L 其他科技族群,2026-06-26,-0.003365799122904377,32,2026_H1,126.78753689911076
L 其他科技族群,2026-06-29,0.0043099501961802915,32,2026_H1,127.33398486864229
L 其他科技族群,2026-06-30,0.008600909002111985,32,2026_H1,128.4291728853738
L 其他科技族群,2026-07-01,0.008605738773580075,34,2026_H2,129.53440079813228
L 其他科技族群,2026-07-02,-0.01598773558242656,34,2026_H2,127.46343904934368
L 其他科技族群,2026-07-03,0.026659126961198692,34,2026_H2,130.86150305387113
L 其他科技族群,2026-07-06,-0.005814734551007845,34,2026_H2,130.10057815066696
L 其他科技族群,2026-07-07,-0.009016556016486339,34,2026_H2,128.92751899999425
L 其他科技族群,2026-07-08,0.0029840343717784826,34,2026_H2,129.31224314815833
L 其他科技族群,2026-07-09,0.006939850879429924,34,2026_H2,130.20965083249112
L 其他科技族群,2026-07-10,0.0023114796911304987,34,2026_H2,130.51062779597962
L 其他科技族群,2026-07-13,0.034550004172161815,34,2026_H2,135.01977053084218
L 其他科技族群,2026-07-14,0.034364059767080526,34,2026_H2,139.65959799510154
L 其他科技族群,2026-07-15,0.014584530533744101,34,2026_H2,141.69646766639153
L 其他科技族群,2026-07-16,0.009084245895985927,34,2026_H2,142.98367322126563
L 其他科技族群,2026-07-17,0.019889749825270087,34,2026_H2,145.8275827107348
L 其他科技族群,2026-07-20,0.01286936127522997,34,2026_H2,147.7042905565327
L 其他科技族群,2026-07-21,-0.005105298235390712,34,2026_H2,146.9502161025948
L 其他科技族群,2026-07-22,-0.016940213168876322,34,2026_H2,144.46084811660438
L 其他科技族群,2026-07-23,0.02006787318369791,34,2026_H2,147.35987009661787
L 其他科技族群,2026-07-24,0.004115636239445523,34,2026_H2,147.96634971822746
L 其他科技族群,2026-07-27,-0.028380706128369283,34,2026_H2,143.76696022998692
L 其他科技族群,2026-07-28,-0.0016513361378524766,34,2026_H2,143.52955265312994
L 其他科技族群,2026-07-29,0.005259722332376538,34,2026_H2,144.28447824657565
L 其他科技族群,2026-07-30,-0.004633770849117418,34,2026_H2,143.61589703729655
L 其他科技族群,2026-07-31,0.010115188840338778,34,2026_H2,145.06859895630345
L 其他科技族群,2026-08-03,-0.0044841994458525505,34,2026_H2,144.418082425253
L 其他科技族群,2026-08-04,0.0037401427332255533,34,2026_H2,144.95822666678217
L 其他科技族群,2026-08-05,-0.012543312301997163,34,2026_H2,143.13997035895704
L 其他科技族群,2026-08-06,0.015787381463828947,34,2026_H2,145.3997756737351
L 其他科技族群,2026-08-07,-0.003050592589442519,34,2026_H2,144.9562201955582
L 其他科技族群,2026-08-10,-0.01514824602804218,34,2026_H2,142.7603877087408
L 其他科技族群,2026-08-11,-0.019238006999622123,34,2026_H2,140.0139623707313
L 其他科技族群,2026-08-12,0.0018146276696755716,34,2026_H2,140.26803558099013
L 其他科技族群,2026-08-13,-0.014194955209355965,34,2026_H2,138.27693709861364
L 其他科技族群,2026-08-14,0.019282112554213197,34,2026_H2,140.943208563401
M 傳產輪動,2025-01-02,0.0,28,2025_H1,64.76305916107142
M 傳產輪動,2025-01-03,-0.03225143162348667,28,2025_H1,62.67435778681031
M 傳產輪動,2025-01-06,0.007866290452767396,28,2025_H1,63.167372489102014
M 傳產輪動,2025-01-07,0.03815232013783355,28,2025_H1,65.57735430657202
M 傳產輪動,2025-01-08,0.007709832923219025,28,2025_H1,66.08294475182242
M 傳產輪動,2025-01-09,-0.010588924390941477,28,2025_H1,65.38319744631461
M 傳產輪動,2025-01-10,0.003793846719849418,28,2025_H1,65.63125127547958
M 傳產輪動,2025-01-13,0.013600642496654191,28,2025_H1,66.52387846068545
M 傳產輪動,2025-01-14,-0.003790559861369123,28,2025_H1,66.2717157171698
M 傳產輪動,2025-01-15,-0.014455062097747575,28,2025_H1,65.31375395115383
M 傳產輪動,2025-01-16,0.008916905481400336,28,2025_H1,65.8961505217717
M 傳產輪動,2025-01-17,0.01483106591387138,28,2025_H1,66.87346067363048
M 傳產輪動,2025-01-20,-0.002569823004455285,28,2025_H1,66.70160771600385
M 傳產輪動,2025-01-21,0.005906129858839903,28,2025_H1,67.09555607296797
M 傳產輪動,2025-01-22,-0.012591220936705927,28,2025_H1,66.25074110258207
M 傳產輪動,2025-01-23,0.0005159577647762409,28,2025_H1,66.28492368687613
M 傳產輪動,2025-01-24,-0.000360679537886364,28,2025_H1,66.26101607123192
M 傳產輪動,2025-01-27,0.015747528352102455,28,2025_H1,67.30446330045275
M 傳產輪動,2025-01-28,0.01871415955524725,28,2025_H1,68.56400976543772
M 傳產輪動,2025-01-29,0.0185345511425096,28,2025_H1,69.83481291097074
M 傳產輪動,2025-01-30,-0.010647493308725962,28,2025_H1,69.09124720778506
M 傳產輪動,2025-01-31,-0.010231811483105549,28,2025_H1,68.38431859122235
M 傳產輪動,2025-02-03,0.03564528331906686,28,2025_H1,70.82189700198781
M 傳產輪動,2025-02-04,0.018702476902198666,28,2025_H1,72.14644189483737
M 傳產輪動,2025-02-05,-0.023765933010971418,28,2025_H1,70.43181438978472
M 傳產輪動,2025-02-06,0.017023381994933848,28,2025_H1,71.63080207073833
M 傳產輪動,2025-02-07,0.007203379609122531,28,2025_H1,72.14678592975976
M 傳產輪動,2025-02-10,0.013321110341371574,28,2025_H1,73.1078612259054
M 傳產輪動,2025-02-11,0.01583070698791222,28,2025_H1,74.26521035548565
M 傳產輪動,2025-02-12,0.01598999022959138,28,2025_H1,75.45271034346841
M 傳產輪動,2025-02-13,0.008894809732517323,28,2025_H1,76.12384784577631
M 傳產輪動,2025-02-14,-0.02080964574781832,28,2025_H1,74.53973753914487
M 傳產輪動,2025-02-17,0.010450272306522354,28,2025_H1,75.31869809408563
M 傳產輪動,2025-02-18,-0.002343622659750859,28,2025_H1,75.1421794865294
M 傳產輪動,2025-02-19,-0.008673372313453682,28,2025_H1,74.49044338739837
M 傳產輪動,2025-02-20,0.007843425627856296,28,2025_H1,75.07470364009349
M 傳產輪動,2025-02-21,0.014318946339316064,28,2025_H1,76.14969429295604
M 傳產輪動,2025-02-24,-0.01781314304273243,28,2025_H1,74.79322889585528
M 傳產輪動,2025-02-25,-0.005452719596321419,28,2025_H1,74.38540239098269
M 傳產輪動,2025-02-26,0.006808323785691597,28,2025_H1,74.89184229538947
M 傳產輪動,2025-02-27,0.0010064242018513671,28,2025_H1,74.96721525799677
M 傳產輪動,2025-02-28,-0.024621848092529063,28,2025_H1,73.12138387199445
M 傳產輪動,2025-03-03,0.00045237061139523214,28,2025_H1,73.15446183712268
M 傳產輪動,2025-03-04,-0.01098651302099327,28,2025_H1,72.35074938960538
M 傳產輪動,2025-03-05,0.024016918292228122,28,2025_H1,74.08839142607701
M 傳產輪動,2025-03-06,0.03169222415302915,28,2025_H1,76.4364173342896
M 傳產輪動,2025-03-07,0.0319625618557869,28,2025_H1,78.87952105137157
M 傳產輪動,2025-03-10,9.215662613875665e-05,28,2025_H1,78.8867903219031
M 傳產輪動,2025-03-11,0.014882610678464256,28,2025_H1,80.06083170993762
M 傳產輪動,2025-03-12,0.0009362796570185328,28,2025_H1,80.13579103799162
M 傳產輪動,2025-03-13,0.0020757873478612163,28,2025_H1,80.30213589913913
M 傳產輪動,2025-03-14,-0.00256406859503771,28,2025_H1,80.0962357143657
M 傳產輪動,2025-03-17,-0.010798656012660899,28,2025_H1,79.23130401697726
M 傳產輪動,2025-03-18,-0.03683693405088606,28,2025_H1,76.31266569613817
M 傳產輪動,2025-03-19,-0.012977886410485572,28,2025_H1,75.32228858905232
M 傳產輪動,2025-03-20,-0.010623134518865115,28,2025_H1,74.52212978510205
M 傳產輪動,2025-03-21,0.01461042126748259,28,2025_H1,75.61092949501241
M 傳產輪動,2025-03-24,0.00864092527351264,28,2025_H1,76.26427788663965
M 傳產輪動,2025-03-25,-0.0013879990332351052,28,2025_H1,76.15842314266263
M 傳產輪動,2025-03-26,0.017742461590853843,28,2025_H1,77.50966104009132
M 傳產輪動,2025-03-27,0.01190914641417176,28,2025_H1,78.43273494193059
M 傳產輪動,2025-03-28,0.019518865033208318,28,2025_H1,79.96365290944755
M 傳產輪動,2025-03-31,-0.0009718728304389662,28,2025_H1,79.8859384077622
M 傳產輪動,2025-04-01,0.04217453158536017,28,2025_H1,83.2550904403665
M 傳產輪動,2025-04-02,0.031916484904286134,28,2025_H1,85.91230027761145
M 傳產輪動,2025-04-03,0.009292362907151946,28,2025_H1,86.7106285499792
M 傳產輪動,2025-04-04,-0.01273131335110181,28,2025_H1,85.60668836703844
M 傳產輪動,2025-04-07,0.003925937135786106,28,2025_H1,85.94277484397026
M 傳產輪動,2025-04-08,0.023381899714126686,28,2025_H1,87.95228018652573
M 傳產輪動,2025-04-09,-0.004300982792468578,28,2025_H1,87.57399894288511
M 傳產輪動,2025-04-10,0.020928176432611866,28,2025_H1,89.40676304367116
M 傳產輪動,2025-04-11,0.005917138947918634,28,2025_H1,89.93579528348423
M 傳產輪動,2025-04-14,0.011910818299437593,28,2025_H1,91.00700419972122
M 傳產輪動,2025-04-15,-0.01272982190683084,28,2025_H1,89.84850124398456
M 傳產輪動,2025-04-16,-0.005117214570073239,28,2025_H1,89.3887271843196
M 傳產輪動,2025-04-17,0.012715051736748674,28,2025_H1,90.52530947515037
M 傳產輪動,2025-04-18,0.01734949907220089,28,2025_H1,92.09587824790017
M 傳產輪動,2025-04-21,0.005942314617531831,28,2025_H1,92.6431409314271
M 傳產輪動,2025-04-22,-0.017267941942155234,28,2025_H1,91.04338455248433
M 傳產輪動,2025-04-23,-0.021486381249897473,28,2025_H1,89.08719168170865
M 傳產輪動,2025-04-24,0.0066909136786009425,28,2025_H1,89.68326639111991
M 傳產輪動,2025-04-25,-0.006376199717460993,28,2025_H1,89.11142797329589
M 傳產輪動,2025-04-28,-0.0018145723837486162,28,2025_H1,88.94972883701912
M 傳產輪動,2025-04-29,0.0072375799670534955,28,2025_H1,89.59350961252478
M 傳產輪動,2025-04-30,-0.010699899915377665,28,2025_H1,88.63486802660333
M 傳產輪動,2025-05-01,-0.01238009458504474,28,2025_H1,87.53755997690104
M 傳產輪動,2025-05-02,0.007974571452385113,28,2025_H1,88.23563450370429
M 傳產輪動,2025-05-05,0.02464194051061489,28,2025_H1,90.40993176006091
M 傳產輪動,2025-05-06,0.023250175155316702,28,2025_H1,92.51197850926258
M 傳產輪動,2025-05-07,-0.007659079451461455,28,2025_H1,91.80342191564823
M 傳產輪動,2025-05-08,0.0012758380812556993,28,2025_H1,91.9205482173178
M 傳產輪動,2025-05-09,-0.001736662219316185,28,2025_H1,91.76091327404997
M 傳產輪動,2025-05-12,-0.0003883485963618644,28,2025_H1,91.7252780521791
M 傳產輪動,2025-05-13,0.016651888539189766,28,2025_H1,93.25267715853018
M 傳產輪動,2025-05-14,0.008725270410447869,28,2025_H1,94.06633198323655
M 傳產輪動,2025-05-15,-0.015482099272468079,28,2025_H1,92.60998769327514
M 傳產輪動,2025-05-16,0.023685277733109834,28,2025_H1,94.80348097265023
M 傳產輪動,2025-05-19,0.011419668308424946,28,2025_H1,95.88610527984198
M 傳產輪動,2025-05-20,0.028870700440940058,28,2025_H1,98.65440430182474
M 傳產輪動,2025-05-21,-0.0016712876913062137,28,2025_H1,98.48952441022195
M 傳產輪動,2025-05-22,-0.003670907713586331,28,2025_H1,98.12797845535702
M 傳產輪動,2025-05-23,-0.008955662300755054,28,2025_H1,97.24917741805507
M 傳產輪動,2025-05-26,-0.022325606219983696,28,2025_H1,95.07803057780225
M 傳產輪動,2025-05-27,-0.009152870999855648,28,2025_H1,94.2077936290033
M 傳產輪動,2025-05-28,0.020208000130887627,28,2025_H1,96.11154473498884
M 傳產輪動,2025-05-29,-0.017888967950529612,28,2025_H1,94.39220839154872
M 傳產輪動,2025-05-30,-0.010505907498065742,28,2025_H1,93.40053258164896
M 傳產輪動,2025-06-02,-0.019202030552106564,28,2025_H1,91.60705270143312
M 傳產輪動,2025-06-03,0.006777003964580256,28,2025_H1,92.22787406077423
M 傳產輪動,2025-06-04,-0.001898644142198415,28,2025_H1,92.05276614794133
M 傳產輪動,2025-06-05,-0.0006692250625527519,28,2025_H1,91.99116212975783
M 傳產輪動,2025-06-06,0.031062395721230873,28,2025_H1,94.84862801068827
M 傳產輪動,2025-06-09,0.021371369995298567,28,2025_H1,96.87567313345113
M 傳產輪動,2025-06-10,0.03056685376150847,28,2025_H1,99.83685766716903
M 傳產輪動,2025-06-11,0.010463210314209445,28,2025_H1,100.88147170605042
M 傳產輪動,2025-06-12,-0.010694248515065721,28,2025_H1,99.80262017706035
M 傳產輪動,2025-06-13,-0.0009446346262352622,28,2025_H1,99.70834316625206
M 傳產輪動,2025-06-16,-0.009372256849885626,28,2025_H1,98.7738509640214
M 傳產輪動,2025-06-17,0.00838401233564359,28,2025_H1,99.60197214894279
M 傳產輪動,2025-06-18,-0.0005669399721847454,28,2025_H1,99.54550380962313
M 傳產輪動,2025-06-19,0.014605890685925575,28,2025_H1,100.99945455654188
M 傳產輪動,2025-06-20,-0.018318743069625467,28,2025_H1,99.14927149834827
M 傳產輪動,2025-06-23,0.015352352315923704,28,2025_H1,100.67144604625811
M 傳產輪動,2025-06-24,-0.0076977715415097805,28,2025_H1,99.89650025384057
M 傳產輪動,2025-06-25,-0.008542673350632236,28,2025_H1,99.04311708330067
M 傳產輪動,2025-06-26,-0.01470665072108076,28,2025_H1,97.58652455402945
M 傳產輪動,2025-06-27,-0.006197969770839062,28,2025_H1,96.98168622480233
M 傳產輪動,2025-06-30,-0.006390284676902922,28,2025_H1,96.36194564137979
M 傳產輪動,2025-07-01,0.00247235841362049,32,2025_H2,96.6001869084391
M 傳產輪動,2025-07-02,0.020404534810814598,32,2025_H2,98.57126878494354
M 傳產輪動,2025-07-03,-0.004985461976933347,32,2025_H2,98.07984547239813
M 傳產輪動,2025-07-04,-0.006434987177947664,32,2025_H2,97.44870292436815
M 傳產輪動,2025-07-07,-0.0004777932460600391,32,2025_H2,97.40214259227359
M 傳產輪動,2025-07-08,-0.029403503307121766,32,2025_H2,94.53817837044092
M 傳產輪動,2025-07-09,0.007776294226761893,32,2025_H2,95.27333506111157
M 傳產輪動,2025-07-10,-0.03028223773133098,32,2025_H2,92.38824527933424
M 傳產輪動,2025-07-11,0.008277092964833201,32,2025_H2,93.15295137436911
M 傳產輪動,2025-07-14,0.016696299749668873,32,2025_H2,94.7082609730819
M 傳產輪動,2025-07-15,-0.012352617163739815,32,2025_H2,93.53836608303789
M 傳產輪動,2025-07-16,0.0066093246415260196,32,2025_H2,94.15659151091859
M 傳產輪動,2025-07-17,0.0075184652196024744,32,2025_H2,94.86450456938974
M 傳產輪動,2025-07-18,0.03943121581949194,32,2025_H2,98.60512732267455
M 傳產輪動,2025-07-21,0.008605396805738207,32,2025_H2,99.4536635703665
M 傳產輪動,2025-07-22,0.040307855936704315,32,2025_H2,103.4624275139383
M 傳產輪動,2025-07-23,-0.01241981943206366,32,2025_H2,102.1774428462122
M 傳產輪動,2025-07-24,-0.006495071238117289,32,2025_H2,101.5137930759974
M 傳產輪動,2025-07-25,-0.03526138720869007,32,2025_H2,97.9342759113218
M 傳產輪動,2025-07-28,0.0016217872499016887,32,2025_H2,98.09310447132313
M 傳產輪動,2025-07-29,0.007305053937436761,32,2025_H2,98.8096798903768
M 傳產輪動,2025-07-30,0.002411067122496488,32,2025_H2,99.04791666094488
M 傳產輪動,2025-07-31,0.0009490729346756358,32,2025_H2,99.1419203578838
M 傳產輪動,2025-08-01,0.01663136241689274,32,2025_H2,100.7907855660625
M 傳產輪動,2025-08-04,-0.0449096906364302,32,2025_H2,96.26430256728784
M 傳產輪動,2025-08-05,-0.012064899379729179,32,2025_H2,95.1028834429537
M 傳產輪動,2025-08-06,0.016860308855410275,32,2025_H2,96.70634743084196
M 傳產輪動,2025-08-07,-0.0006337481930118072,32,2025_H2,96.64505995790492
M 傳產輪動,2025-08-08,-0.010549676690632837,32,2025_H2,95.6254858216022
M 傳產輪動,2025-08-11,-0.023465854077370212,32,2025_H2,93.38155212523485
M 傳產輪動,2025-08-12,-0.018077541418070504,32,2025_H2,91.6934432490072
M 傳產輪動,2025-08-13,-0.006758289037688994,32,2025_H2,91.07375245666948
M 傳產輪動,2025-08-14,0.015519242054557566,32,2025_H2,92.48714806586139
M 傳產輪動,2025-08-15,0.00339372699117629,32,2025_H2,92.80102419658944
M 傳產輪動,2025-08-18,0.007467035527074202,32,2025_H2,93.49397274121425
M 傳產輪動,2025-08-19,-0.016824139644247314,32,2025_H2,91.92101708792062
M 傳產輪動,2025-08-20,0.003318915921749694,32,2025_H2,92.22609521507714
M 傳產輪動,2025-08-21,0.0014986138291187244,32,2025_H2,92.36430651677206
M 傳產輪動,2025-08-22,-0.003751516270465673,32,2025_H2,92.01780031806412
M 傳產輪動,2025-08-25,-0.014373838280718738,32,2025_H2,90.6951513373448
M 傳產輪動,2025-08-26,0.04038175777890903,32,2025_H2,94.35758097037096
M 傳產輪動,2025-08-27,0.014512282102198688,32,2025_H2,95.72692480389404
M 傳產輪動,2025-08-28,0.004168191660025224,32,2025_H2,96.12593297350148
M 傳產輪動,2025-08-29,-0.009631596302652127,32,2025_H2,95.20008679288492
M 傳產輪動,2025-09-01,0.012773155105179165,32,2025_H2,96.41609226751694
M 傳產輪動,2025-09-02,0.0048059124898390355,32,2025_H2,96.87945956956688
M 傳產輪動,2025-09-03,0.014371684886419468,32,2025_H2,98.27178063446732
M 傳產輪動,2025-09-04,0.025710178987521128,32,2025_H2,100.79836570400188
M 傳產輪動,2025-09-05,-0.018858725820523125,32,2025_H2,98.89743696203328
M 傳產輪動,2025-09-08,-0.0026670775276255304,32,2025_H2,98.63366983037207
M 傳產輪動,2025-09-09,-0.02145526594642715,32,2025_H2,96.51745821288937
M 傳產輪動,2025-09-10,-0.03224491248174016,32,2025_H2,93.40526121985475
M 傳產輪動,2025-09-11,0.011640702766751528,32,2025_H2,94.49256410256586
M 傳產輪動,2025-09-12,0.021594695164733384,32,2025_H2,96.5331022196948
M 傳產輪動,2025-09-15,0.005841957657179172,32,2025_H2,97.09704451537841
M 傳產輪動,2025-09-16,0.0036630711622531935,32,2025_H2,97.4527178990827
M 傳產輪動,2025-09-17,0.013761707226838475,32,2025_H2,98.79383367126957
M 傳產輪動,2025-09-18,-0.0005232232722406669,32,2025_H2,98.74214243833889
M 傳產輪動,2025-09-19,0.01619581990306125,32,2025_H2,100.34135239411263
M 傳產輪動,2025-09-22,-0.013751725777000125,32,2025_H2,98.96148563189546
M 傳產輪動,2025-09-23,0.020533243850603903,32,2025_H2,100.99348594819321
M 傳產輪動,2025-09-24,0.016444599324307516,32,2025_H2,102.65428335897631
M 傳產輪動,2025-09-25,-0.0031196687788581177,32,2025_H2,102.33403599616526
M 傳產輪動,2025-09-26,-0.016458927071672978,32,2025_H2,100.64972756075441
M 傳產輪動,2025-09-29,-0.00366610848530142,32,2025_H2,100.28073474050065
M 傳產輪動,2025-09-30,0.007835717352310157,32,2025_H2,101.0665062338092
M 傳產輪動,2025-10-01,-0.017050770934428396,32,2025_H2,99.34324438687356
M 傳產輪動,2025-10-02,-0.0072900107181179275,32,2025_H2,98.61903107052062
M 傳產輪動,2025-10-03,-0.003604446788972175,32,2025_H2,98.26356402064694
M 傳產輪動,2025-10-06,0.013270305599305051,32,2025_H2,99.5675515444778
M 傳產輪動,2025-10-07,-0.016122374280786816,32,2025_H2,97.9622862122562
M 傳產輪動,2025-10-08,-0.01687619064967382,32,2025_H2,96.30905599366024
M 傳產輪動,2025-10-09,-0.0020410024185095565,32,2025_H2,96.11248897745281
M 傳產輪動,2025-10-10,-0.015242139441365673,32,2025_H2,94.64752901840176
M 傳產輪動,2025-10-13,-0.021825831658038218,32,2025_H2,92.58176798319683
M 傳產輪動,2025-10-14,-0.008284488261536936,32,2025_H2,91.81477541310771
M 傳產輪動,2025-10-15,-0.0163759524744027,32,2025_H2,90.31122101449468
M 傳產輪動,2025-10-16,-0.026152573492299824,32,2025_H2,87.94935016973378
M 傳產輪動,2025-10-17,-0.008478835057141183,32,2025_H2,87.20364213626186
M 傳產輪動,2025-10-20,0.029900668657452927,32,2025_H2,89.81108934550134
M 傳產輪動,2025-10-21,0.016461411033550217,32,2025_H2,91.28950660258853
M 傳產輪動,2025-10-22,-0.01308201468011013,32,2025_H2,90.09525593707346
M 傳產輪動,2025-10-23,-0.018992529133813787,32,2025_H2,88.38411916387017
M 傳產輪動,2025-10-24,-0.017343959638794655,32,2025_H2,86.85118856838159
M 傳產輪動,2025-10-27,-0.019359344494333696,32,2025_H2,85.16980648914395
M 傳產輪動,2025-10-28,0.03912519095554644,32,2025_H2,88.50209143167864
M 傳產輪動,2025-10-29,0.031439995671427835,32,2025_H2,91.28459680320292
M 傳產輪動,2025-10-30,-5.671705325347961e-05,32,2025_H2,91.27941940986481
M 傳產輪動,2025-10-31,0.01610116301701212,32,2025_H2,92.74912422188126
M 傳產輪動,2025-11-03,-0.0015263092273489767,32,2025_H2,92.60756037775286
M 傳產輪動,2025-11-04,-0.002851710593577552,32,2025_H2,92.34347041677825
M 傳產輪動,2025-11-05,0.0033624660768471703,32,2025_H2,92.65397220347302
M 傳產輪動,2025-11-06,0.006482904284494876,32,2025_H2,93.25463903684638
M 傳產輪動,2025-11-07,-0.002403453555988537,32,2025_H2,93.03050584304084
M 傳產輪動,2025-11-10,0.0060606011731067,32,2025_H2,93.59432663588788
M 傳產輪動,2025-11-11,-0.01662463333393011,32,2025_H2,92.03835527343016
M 傳產輪動,2025-11-12,-0.0032064553104130733,32,2025_H2,91.74323840040198
M 傳產輪動,2025-11-13,-0.018482380632253197,32,2025_H2,90.0476049478502
M 傳產輪動,2025-11-14,0.015725939417930435,32,2025_H2,91.46368812798981
M 傳產輪動,2025-11-17,0.022217069881944607,32,2025_H2,93.49574327878976
M 傳產輪動,2025-11-18,0.013386675748690693,32,2025_H2,94.74734047794571
M 傳產輪動,2025-11-19,-0.021076557762467717,32,2025_H2,92.75039268352211
M 傳產輪動,2025-11-20,-0.002872064970826441,32,2025_H2,92.48400752966536
M 傳產輪動,2025-11-21,-0.008446065619592205,32,2025_H2,91.70288153330695
M 傳產輪動,2025-11-24,0.000958063486666946,32,2025_H2,91.79073871572615
M 傳產輪動,2025-11-25,-0.00922722362195189,32,2025_H2,90.943765043172
M 傳產輪動,2025-11-26,-0.018766218511733247,32,2025_H2,89.23709447609211
M 傳產輪動,2025-11-27,-0.020875120881070366,32,2025_H2,87.37425934182818
M 傳產輪動,2025-11-28,-0.0034347823026025775,32,2025_H2,87.07414778213787
M 傳產輪動,2025-12-01,0.06548976601983048,32,2025_H2,92.77661334676624
M 傳產輪動,2025-12-02,-0.005366485955509953,32,2025_H2,92.27872895424103
M 傳產輪動,2025-12-03,0.003112777797937753,32,2025_H2,92.56597213295173
M 傳產輪動,2025-12-04,0.01970173289159167,32,2025_H2,94.38968219076565
M 傳產輪動,2025-12-05,0.017072321218460376,32,2025_H2,96.00113316483483
M 傳產輪動,2025-12-08,-0.0006426236902684347,32,2025_H2,95.93944056237046
M 傳產輪動,2025-12-09,0.018449666215179922,32,2025_H2,97.7094912176173
M 傳產輪動,2025-12-10,0.004648104751188076,32,2025_H2,98.16365516798207
M 傳產輪動,2025-12-11,-0.011747346542470678,32,2025_H2,97.0104926928482
M 傳產輪動,2025-12-12,0.020334110039888845,32,2025_H2,98.9831147262884
M 傳產輪動,2025-12-15,0.0092187495414616,32,2025_H2,99.89561526978382
M 傳產輪動,2025-12-16,0.026021006524339488,32,2025_H2,102.49499972647179
M 傳產輪動,2025-12-17,0.0013451143753579458,32,2025_H2,102.63286722400618
M 傳產輪動,2025-12-18,-0.020377920209482633,32,2025_H2,100.54142284484496
M 傳產輪動,2025-12-19,0.036035239391393026,32,2025_H2,104.16445708581021
M 傳產輪動,2025-12-22,0.0039008825236085632,32,2025_H2,104.57079039603744
M 傳產輪動,2025-12-23,-0.004047805030834138,32,2025_H2,104.14750822459405
M 傳產輪動,2025-12-24,-0.012935707070998101,32,2025_H2,102.80028656602633
M 傳產輪動,2025-12-25,-0.0013462007782821625,32,2025_H2,102.66189674024352
M 傳產輪動,2025-12-26,0.004051907899303658,32,2025_H2,103.07787329060281
M 傳產輪動,2025-12-29,0.006013982570260864,32,2025_H2,103.69778182395206
M 傳產輪動,2025-12-30,-0.0038075135062851607,32,2025_H2,103.30295111908553
M 傳產輪動,2025-12-31,-0.010106049734830251,32,2025_H2,102.25896635732131
M 傳產輪動,2026-01-01,-0.012048556360966085,29,2026_H1,101.02689343775099
M 傳產輪動,2026-01-02,-0.010164555226908149,29,2026_H1,100.0
M 傳產輪動,2026-01-05,-0.026763871705589064,29,2026_H1,97.32361282944109
M 傳產輪動,2026-01-06,0.010958208160505923,29,2026_H1,98.39010523775862
M 傳產輪動,2026-01-07,0.007317060355189739,29,2026_H1,99.11003157613675
M 傳產輪動,2026-01-08,0.008920397776411855,29,2026_H1,99.99413248142864
M 傳產輪動,2026-01-09,-0.0013123597972649022,29,2026_H1,99.86290420199765
M 傳產輪動,2026-01-12,0.01110329343591983,29,2026_H1,100.97171133071558
M 傳產輪動,2026-01-13,-0.03088954484728601,29,2026_H1,97.85274112525823
M 傳產輪動,2026-01-14,0.013144431415900042,29,2026_H1,99.138959769837
M 傳產輪動,2026-01-15,0.015785607340133654,29,2026_H1,100.70392846087296
M 傳產輪動,2026-01-16,0.008239583877834524,29,2026_H1,101.53368692625378
M 傳產輪動,2026-01-19,0.014508435019882256,29,2026_H1,103.0067818253524
M 傳產輪動,2026-01-20,0.004221255158903006,29,2026_H1,103.44159973453468
M 傳產輪動,2026-01-21,-0.011466957583405626,29,2026_H1,102.25543929801913
M 傳產輪動,2026-01-22,0.024220292315438124,29,2026_H1,104.73209592866071
M 傳產輪動,2026-01-23,-0.004588513025500954,29,2026_H1,104.25153134230403
M 傳產輪動,2026-01-26,-0.007875680218592534,29,2026_H1,103.43047961915349
M 傳產輪動,2026-01-27,0.004223020890971487,29,2026_H1,103.86726869534836
M 傳產輪動,2026-01-28,0.03388369864410859,29,2026_H1,107.38667592680821
M 傳產輪動,2026-01-29,-0.010853889070414777,29,2026_H1,106.22111285865805
M 傳產輪動,2026-01-30,0.0004250833511107319,29,2026_H1,106.26626568527074
M 傳產輪動,2026-02-02,-0.009969527892836711,29,2026_H1,105.20684118545384
M 傳產輪動,2026-02-03,0.009055600914353012,29,2026_H1,106.15955235268902
M 傳產輪動,2026-02-04,0.01145160625112276,29,2026_H1,107.37524974602748
M 傳產輪動,2026-02-05,0.008445234194588385,29,2026_H1,108.2820588768351
M 傳產輪動,2026-02-06,-0.014898188074811644,29,2026_H1,106.66885239856016
M 傳產輪動,2026-02-09,0.036275817456429146,29,2026_H1,110.5383522164571
M 傳產輪動,2026-02-10,-0.0010508846411756627,29,2026_H1,110.42218915985197
M 傳產輪動,2026-02-11,0.022985500491140138,29,2026_H1,112.96029844301852
M 傳產輪動,2026-02-12,0.0004934674163519321,29,2026_H1,113.01604066964153
M 傳產輪動,2026-02-13,0.018640960188569283,29,2026_H1,115.12276818443405
M 傳產輪動,2026-02-16,0.033486267318145156,29,2026_H1,118.97779997426285
M 傳產輪動,2026-02-17,0.007169461045495266,29,2026_H1,119.83080667645706
M 傳產輪動,2026-02-18,0.027563617896115233,29,2026_H1,123.13377724387017
M 傳產輪動,2026-02-19,-0.002946687256542921,29,2026_H1,122.77094051161566
M 傳產輪動,2026-02-20,-0.020112438836417446,29,2026_H1,120.30171747968633
M 傳產輪動,2026-02-23,0.027951323735447186,29,2026_H1,123.66430973089135
M 傳產輪動,2026-02-24,-0.010408513630439178,29,2026_H1,122.37714807745851
M 傳產輪動,2026-02-25,-0.0005715819027882459,29,2026_H1,122.3071995143026
M 傳產輪動,2026-02-26,-0.0018090825353858399,29,2026_H1,122.08593569570934
M 傳產輪動,2026-02-27,0.030604372201154494,29,2026_H1,125.82229911226702
M 傳產輪動,2026-03-02,0.01602708728645374,29,2026_H1,127.8388640827216
M 傳產輪動,2026-03-03,0.003015150564824291,29,2026_H1,128.22431750596712
M 傳產輪動,2026-03-04,-0.015427135498569753,29,2026_H1,126.24618358559094
M 傳產輪動,2026-03-05,-0.028748669157563238,29,2026_H1,122.61677382128381
M 傳產輪動,2026-03-06,0.011901877211128063,29,2026_H1,124.0761436073294
M 傳產輪動,2026-03-09,0.012991663102019733,29,2026_H1,125.68809906407363
M 傳產輪動,2026-03-10,0.031587730194357275,29,2026_H1,129.65830082595122
M 傳產輪動,2026-03-11,0.01918852420318671,29,2026_H1,132.14625226949406
M 傳產輪動,2026-03-12,0.01725737121606372,29,2026_H1,134.4267491997203
M 傳產輪動,2026-03-13,0.008472962432714322,29,2026_H1,135.56574199564145
M 傳產輪動,2026-03-16,-0.003427116757265853,29,2026_H1,135.101142369537
M 傳產輪動,2026-03-17,0.009987865073656472,29,2026_H1,136.45051435082078
M 傳產輪動,2026-03-18,-0.008877286499432075,29,2026_H1,135.23920404193365
M 傳產輪動,2026-03-19,-0.0039850194075636705,29,2026_H1,134.7002731891631
M 傳產輪動,2026-03-20,0.0038244669269648663,29,2026_H1,135.2154299290282
M 傳產輪動,2026-03-23,-0.024117950879543378,29,2026_H1,131.95431083184357
M 傳產輪動,2026-03-24,-0.035305492440470744,29,2026_H1,127.29559890828237
M 傳產輪動,2026-03-25,-0.004088347693617394,29,2026_H1,126.77517024007805
M 傳產輪動,2026-03-26,0.0206059674800255,29,2026_H1,129.3874952753198
M 傳產輪動,2026-03-27,-0.010222769410214163,29,2026_H1,128.064796746555
M 傳產輪動,2026-03-30,0.0032399355397688136,29,2026_H1,128.47971843292743
M 傳產輪動,2026-03-31,0.01769244661966201,29,2026_H1,130.75283899301118
M 傳產輪動,2026-04-01,0.011319891128941547,29,2026_H1,132.2329468952121
M 傳產輪動,2026-04-02,0.003937211123322358,29,2026_H1,132.75357592459764
M 傳產輪動,2026-04-03,-0.005991491236697806,29,2026_H1,131.95818403780513
M 傳產輪動,2026-04-06,0.027262734411522972,29,2026_H1,135.55572496265466
M 傳產輪動,2026-04-07,0.012549096238527574,29,2026_H1,137.2568268008944
M 傳產輪動,2026-04-08,-0.0023287287418596626,29,2026_H1,136.93719288330672
M 傳產輪動,2026-04-09,-0.020765238185614248,29,2026_H1,134.09365945661543
M 傳產輪動,2026-04-10,0.007090810945856744,29,2026_H1,135.04449224486038
M 傳產輪動,2026-04-13,0.031208629692480973,29,2026_H1,139.25904579533932
M 傳產輪動,2026-04-14,-0.0006842711590722563,29,2026_H1,139.16375484666167
M 傳產輪動,2026-04-15,0.0014813165201781435,29,2026_H1,139.36990041572602
M 傳產輪動,2026-04-16,-0.010672073041908777,29,2026_H1,137.88253465864585
M 傳產輪動,2026-04-17,-0.0010937974897302601,29,2026_H1,137.73171908835857
M 傳產輪動,2026-04-20,0.020520444634903566,29,2026_H1,140.55803520438133
M 傳產輪動,2026-04-21,0.018260651554874132,29,2026_H1,143.12471650848627
M 傳產輪動,2026-04-22,0.013996769549730866,29,2026_H1,145.12800018232613
M 傳產輪動,2026-04-23,0.015683629505274053,29,2026_H1,147.40413396802705
M 傳產輪動,2026-04-24,0.011573782909863061,29,2026_H1,149.11015741458937
M 傳產輪動,2026-04-27,0.008853184161594307,29,2026_H1,150.43025709854504
M 傳產輪動,2026-04-28,-0.0036600284350835842,29,2026_H1,149.8796780800674
M 傳產輪動,2026-04-29,-0.0009950924790035102,29,2026_H1,149.73053393965446
M 傳產輪動,2026-04-30,0.010201947331832778,29,2026_H1,151.25807696087406
M 傳產輪動,2026-05-01,0.008692864320163281,29,2026_H1,152.57294290122377
M 傳產輪動,2026-05-04,0.017567610209222193,29,2026_H1,155.25328489058637
M 傳產輪動,2026-05-05,-0.02852593770875294,29,2026_H1,150.82453935671825
M 傳產輪動,2026-05-06,0.0013115639003185436,29,2026_H1,151.0223553778207
M 傳產輪動,2026-05-07,-0.014780199289799656,29,2026_H1,148.79021486812152
M 傳產輪動,2026-05-08,-0.0144551617633819,29,2026_H1,146.6394282433945
M 傳產輪動,2026-05-11,-0.006436202301081015,29,2026_H1,145.69562721790513
M 傳產輪動,2026-05-12,0.002852772981113603,29,2026_H1,146.11126376669878
M 傳產輪動,2026-05-13,-0.016936025139670116,29,2026_H1,143.636719730357
M 傳產輪動,2026-05-14,-0.008148605237714615,29,2026_H1,142.46628080363405
M 傳產輪動,2026-05-15,-0.002410054696388286,29,2026_H1,142.12292927450628
M 傳產輪動,2026-05-18,0.00983419267807229,29,2026_H1,143.52059354496382
M 傳產輪動,2026-05-19,0.010947968001688397,29,2026_H1,145.09185241067738
M 傳產輪動,2026-05-20,-0.012529423209353229,29,2026_H1,143.273935187595
M 傳產輪動,2026-05-21,-0.014684351627139968,29,2026_H1,141.17005034429627
M 傳產輪動,2026-05-22,-0.0170874070041859,29,2026_H1,138.75782023726188
M 傳產輪動,2026-05-25,-0.012540065151498624,29,2026_H1,137.01778813120666
M 傳產輪動,2026-05-26,0.002578492731470328,29,2026_H1,137.37108750198513
M 傳產輪動,2026-05-27,0.036060250476461664,29,2026_H1,142.32472332553067
M 傳產輪動,2026-05-28,0.01391853940324131,29,2026_H1,144.30567559519247
M 傳產輪動,2026-05-29,0.002380024031356956,29,2026_H1,144.64912657097022
M 傳產輪動,2026-06-01,-0.03650937204517014,29,2026_H1,139.36807779298175
M 傳產輪動,2026-06-02,-0.03263931122086481,29,2026_H1,134.81919972764294
M 傳產輪動,2026-06-03,0.01423828233070792,29,2026_H1,136.73879355696522
M 傳產輪動,2026-06-04,-0.008740530538596492,29,2026_H1,135.54362395606972
M 傳產輪動,2026-06-05,-0.011525549637421324,29,2026_H1,133.9814091901281
M 傳產輪動,2026-06-08,0.017872221325382597,29,2026_H1,136.37595458866068
M 傳產輪動,2026-06-09,-0.013205438000666706,29,2026_H1,134.5750503755584
M 傳產輪動,2026-06-10,0.00768530194605224,29,2026_H1,135.60930027209974
M 傳產輪動,2026-06-11,-0.004940289605213494,29,2026_H1,134.9393510555952
M 傳產輪動,2026-06-12,-0.0014680219315435195,29,2026_H1,134.74125712881735
M 傳產輪動,2026-06-15,0.0011592451876361735,29,2026_H1,134.89745528271996
M 傳產輪動,2026-06-16,0.0029168715256280373,29,2026_H1,135.2909338289138
M 傳產輪動,2026-06-17,0.001259197010865014,29,2026_H1,135.46129176838832
M 傳產輪動,2026-06-18,-0.028277423594787063,29,2026_H1,131.63079544035656
M 傳產輪動,2026-06-19,-0.02287692317712427,29,2026_H1,128.61948784532376
M 傳產輪動,2026-06-22,-0.002061729021143912,29,2026_H1,128.3543093145484
M 傳產輪動,2026-06-23,-0.0045303015857851925,29,2026_H1,127.77282558351834
M 傳產輪動,2026-06-24,0.011208326714983043,29,2026_H1,129.20494515795494
M 傳產輪動,2026-06-25,-0.006080128545307712,29,2026_H1,128.41936248270517
M 傳產輪動,2026-06-26,-0.0016544828491155648,29,2026_H1,128.20689484998317
M 傳產輪動,2026-06-29,0.00686387435856174,29,2026_H1,129.0868908681348
M 傳產輪動,2026-06-30,0.010824959533504604,29,2026_H1,130.4842512380883
M 傳產輪動,2026-07-01,0.01542215481779909,30,2026_H2,132.49659956196666
M 傳產輪動,2026-07-02,-0.0073421097420018275,30,2026_H2,131.52379498754067
M 傳產輪動,2026-07-03,0.02948742625753469,30,2026_H2,135.4020931933469
M 傳產輪動,2026-07-06,-0.009630672316357562,30,2026_H2,134.09808000285284
M 傳產輪動,2026-07-07,-0.009687397087229967,30,2026_H2,132.79901865323006
M 傳產輪動,2026-07-08,-0.0031508280056407726,30,2026_H2,132.38059178613585
M 傳產輪動,2026-07-09,0.004529818889211643,30,2026_H2,132.98025189137368
M 傳產輪動,2026-07-10,-0.0019148361332308713,30,2026_H2,132.72561650004593
M 傳產輪動,2026-07-13,0.026973524079830315,30,2026_H2,136.30569411272023
M 傳產輪動,2026-07-14,0.026788672580484316,30,2026_H2,139.95714272316155
M 傳產輪動,2026-07-15,0.02257499328640118,30,2026_H2,143.11667428052084
M 傳產輪動,2026-07-16,0.0075298472754358435,30,2026_H2,144.19432098042145
M 傳產輪動,2026-07-17,0.01164437190430136,30,2026_H2,145.8733732804057
M 傳產輪動,2026-07-20,0.010633320794189893,30,2026_H2,147.42449165382686
M 傳產輪動,2026-07-21,-0.009125950844877285,30,2026_H2,146.07910298966303
M 傳產輪動,2026-07-22,-0.020159834857957058,30,2026_H2,143.13417239719294
M 傳產輪動,2026-07-23,0.018127117018014564,30,2026_H2,145.7287822895135
M 傳產輪動,2026-07-24,-0.0014898259307156159,30,2026_H2,145.51167177080697
M 傳產輪動,2026-07-27,-0.02865640439194457,30,2026_H2,141.34183046079482
M 傳產輪動,2026-07-28,-0.005691813283742129,30,2026_H2,140.53733915262964
M 傳產輪動,2026-07-29,-0.001901995356663841,30,2026_H2,140.27003778612342
M 傳產輪動,2026-07-30,-0.007386034141863987,30,2026_H2,139.23399849795456
M 傳產輪動,2026-07-31,0.011463187361990044,30,2026_H2,140.83006390989567
M 傳產輪動,2026-08-03,-0.00068265411140451,30,2026_H2,140.73392568775824
M 傳產輪動,2026-08-04,0.00839331931546108,30,2026_H2,141.91515046457394
M 傳產輪動,2026-08-05,-0.017062557984716016,30,2026_H2,139.49371498086245
M 傳產輪動,2026-08-06,0.009675703399140048,30,2026_H2,140.84341479306147
M 傳產輪動,2026-08-07,-0.008359705151795047,30,2026_H2,139.6660053728195
M 傳產輪動,2026-08-10,-0.01561690010137118,30,2026_H2,137.48485531935464
M 傳產輪動,2026-08-11,-0.018180271726924675,30,2026_H2,134.98534329131184
M 傳產輪動,2026-08-12,0.006981356677946237,30,2026_H2,135.9277241191235
M 傳產輪動,2026-08-13,-0.014676680595221994,30,2026_H2,133.9327563281917
M 傳產輪動,2026-08-14,0.016841865107216858,30,2026_H2,136.18843374370886
