"name","path","sizeBytes","modified","sha256","hasTitle","hasViewport","hasTable","hasMatrix","hasOverflow","uiRisk"
"VDF_AkShare_KeyRepairRootCauseSmartRemap_Report_v027811.html","C:\Users\tonyk\Downloads\VeritasIntelligenceAnalytics\dict\VDF\_active\VDF_AKSHARE_KEY_REPAIR_ROOTCAUSE_SMART_REMAP_v027811_20260610_221501\report\VDF_AkShare_KeyRepairRootCauseSmartRemap_Report_v027811.html","19680","2026-06-10 22:15:01","95122A9FA30AF80810DB33A59B2B3F0854B130AA686D73ABDF2A4C62CEDFBB84","True","False","True","True","True","MEDIUM_REVIEW"
"VDF_AkShare_CanonicalKeyRepairGate_Report_v02781.html","C:\Users\tonyk\Downloads\VeritasIntelligenceAnalytics\dict\VDF\_active\VDF_AKSHARE_CANONICAL_KEY_REPAIR_GATE_v02781_20260610_221005\report\VDF_AkShare_CanonicalKeyRepairGate_Report_v02781.html","18945","2026-06-10 22:10:06","7FA1576203A59D672F15A61645D690A3D2CE14140FEFC04D2428B94687C13F8F","True","False","True","True","True","MEDIUM_REVIEW"
"VDF_AkShare_CandidateToCanonicalDryRun_Report_v0278.html","C:\Users\tonyk\Downloads\VeritasIntelligenceAnalytics\dict\VDF\_active\VDF_AKSHARE_CANDIDATE_TO_CANONICAL_DRYRUN_v0278_20260610_220705\report\VDF_AkShare_CandidateToCanonicalDryRun_Report_v0278.html","17353","2026-06-10 22:07:05","059C7DB345DC660612675C979A4A6EDF25F530F0AACF2047104BD7D2404812D2","True","False","True","True","True","MEDIUM_REVIEW"
"VDF_AkShare_CanonicalMappingGate_Report_v0277.html","C:\Users\tonyk\Downloads\VeritasIntelligenceAnalytics\dict\VDF\_active\VDF_AKSHARE_CANONICAL_MAPPING_GATE_v0277_20260610_220358\report\VDF_AkShare_CanonicalMappingGate_Report_v0277.html","16947","2026-06-10 22:03:59","2C6FF18FDA9B106CE30FA8F35853E9DC8D9FD46E4C3AF9AB1E35F8A04613C422","True","False","True","True","True","MEDIUM_REVIEW"
"VDF_AkShare_CandidateToCanonicalMergeGateReview_Report_v0276.html","C:\Users\tonyk\Downloads\VeritasIntelligenceAnalytics\dict\VDF\_active\VDF_AKSHARE_CANDIDATE_TO_CANONICAL_MERGE_GATE_REVIEW_v0276_20260610_215641\report\VDF_AkShare_CandidateToCanonicalMergeGateReview_Report_v0276.html","18247","2026-06-10 21:56:43","0D6048048D779D4ABDBB3F638A7C0594675D7334620E155D428FF5B914BA61E4","True","False","True","True","True","MEDIUM_REVIEW"
"NEXUSCORE_HYDRA_THREE_ROUND_MASTER_REPORT.html","C:\Users\tonyk\Downloads\VeritasIntelligenceAnalytics\supportive modules\_nexuscore_hydra_three_rounds\RUN_20260610_202238\_reports\NEXUSCORE_HYDRA_THREE_ROUND_MASTER_REPORT.html","31061","2026-06-10 20:23:05","F34300FE971BEE6A603CD1D20D8FD6FED590FEDD95A44EB35001757A97E6BC7C","True","False","True","True","False","MEDIUM_REVIEW"
"NEXUSCORE_HYDRA_PROGRESS.html","C:\Users\tonyk\Downloads\VeritasIntelligenceAnalytics\supportive modules\_nexuscore_hydra_three_rounds\RUN_20260610_202238\_reports\NEXUSCORE_HYDRA_PROGRESS.html","1446","2026-06-10 20:23:05","A03DCB6607564DAD39ABA4468F587E799FE4466BAEEBC449013231CC2A962BC0","True","False","True","False","False","MEDIUM_REVIEW"
"ROUND_2_VALIDATE.html","C:\Users\tonyk\Downloads\VeritasIntelligenceAnalytics\supportive modules\_nexuscore_hydra_three_rounds\RUN_20260610_202238\_validate\ROUND_2_VALIDATE.html","5062","2026-06-10 20:23:05","2DD9631C5B7CECE42AFE778F062FBBA89C08ECD904435F97C49E3D8817958032","True","False","True","True","False","MEDIUM_REVIEW"
"CELERITAS_SAFE_ADAPTER_REPORT.html","C:\Users\tonyk\Downloads\VeritasIntelligenceAnalytics\supportive modules\_nexuscore_celeritas_safe_adapter\RUN_20260610_202305\CELERITAS_SAFE_ADAPTER_REPORT.html","3406","2026-06-10 20:23:05","54ACF9E67C9687716D1DC146A12A14C7F553B2F4AAACD93E89B2FD153E292F0D","True","False","True","False","False","MEDIUM_REVIEW"
"CELERITAS_SAFE_ADAPTER_REPORT.html","C:\Users\tonyk\Downloads\VeritasIntelligenceAnalytics\supportive modules\_nexuscore_celeritas_safe_adapter\RUN_20260610_202304\CELERITAS_SAFE_ADAPTER_REPORT.html","3410","2026-06-10 20:23:04","CF22B091A2AADCAC97783621802FFE66B691280B3907A50037D305E339B5DC71","True","False","True","False","False","MEDIUM_REVIEW"
"CELERITAS_SAFE_ADAPTER_REPORT.html","C:\Users\tonyk\Downloads\VeritasIntelligenceAnalytics\supportive modules\_nexuscore_celeritas_safe_adapter\RUN_20260610_202303\CELERITAS_SAFE_ADAPTER_REPORT.html","3402","2026-06-10 20:23:04","5747930B326D2EA49CC658D1485FB0638B046D748E4B5AB51EF9B184891070D6","True","False","True","False","False","MEDIUM_REVIEW"
"CELERITAS_SAFE_ADAPTER_REPORT.html","C:\Users\tonyk\Downloads\VeritasIntelligenceAnalytics\supportive modules\_nexuscore_celeritas_safe_adapter\RUN_20260610_202302\CELERITAS_SAFE_ADAPTER_REPORT.html","3403","2026-06-10 20:23:03","017E8A4818CA3E7FD1779A11F85F3A4DD98A364774B2E16775627EF63E7DAA0F","True","False","True","False","False","MEDIUM_REVIEW"
"BRIDGE_STATUS_NORMALIZED.html","C:\Users\tonyk\Downloads\VeritasIntelligenceAnalytics\supportive modules\_nexuscore_bridge_status_normalizer\RUN_20260610_202302\BRIDGE_STATUS_NORMALIZED.html","4334","2026-06-10 20:23:02","02BFA8E8EA7ED6AE71672743740ED910C1D7A23544F3081AD096044395EEB320","True","False","True","False","False","MEDIUM_REVIEW"
"ROUND_2_SAFE_FIXES.html","C:\Users\tonyk\Downloads\VeritasIntelligenceAnalytics\supportive modules\_nexuscore_hydra_three_rounds\RUN_20260610_202238\_safe_fixes\ROUND_2_SAFE_FIXES.html","2127","2026-06-10 20:23:01","CB59B9083724013059F050633A584E48B2618ECCE9790B5A930B49C9CF004E86","True","False","True","True","False","MEDIUM_REVIEW"
"ROUND_2_PANORAMA_FINDINGS.html","C:\Users\tonyk\Downloads\VeritasIntelligenceAnalytics\supportive modules\_nexuscore_hydra_three_rounds\RUN_20260610_202238\_analysis\ROUND_2_PANORAMA_FINDINGS.html","9707","2026-06-10 20:23:01","952BE40CB36BB27E217A662A54C4B3402C548A6C68FA9489A32DAFB554B84551","True","False","True","True","False","MEDIUM_REVIEW"
"ROUND_1_VALIDATE.html","C:\Users\tonyk\Downloads\VeritasIntelligenceAnalytics\supportive modules\_nexuscore_hydra_three_rounds\RUN_20260610_202238\_validate\ROUND_1_VALIDATE.html","5062","2026-06-10 20:23:01","97FB052F8B4E0199FB2C220FB83F1AE9DEED1362127FE45E7FCDB4A5D1E5F45B","True","False","True","True","False","MEDIUM_REVIEW"
"CELERITAS_SAFE_ADAPTER_REPORT.html","C:\Users\tonyk\Downloads\VeritasIntelligenceAnalytics\supportive modules\_nexuscore_celeritas_safe_adapter\RUN_20260610_202301\CELERITAS_SAFE_ADAPTER_REPORT.html","3406","2026-06-10 20:23:01","54ACF9E67C9687716D1DC146A12A14C7F553B2F4AAACD93E89B2FD153E292F0D","True","False","True","False","False","MEDIUM_REVIEW"
"CELERITAS_SAFE_ADAPTER_REPORT.html","C:\Users\tonyk\Downloads\VeritasIntelligenceAnalytics\supportive modules\_nexuscore_celeritas_safe_adapter\RUN_20260610_202300\CELERITAS_SAFE_ADAPTER_REPORT.html","3410","2026-06-10 20:23:00","CF22B091A2AADCAC97783621802FFE66B691280B3907A50037D305E339B5DC71","True","False","True","False","False","MEDIUM_REVIEW"
"CELERITAS_SAFE_ADAPTER_REPORT.html","C:\Users\tonyk\Downloads\VeritasIntelligenceAnalytics\supportive modules\_nexuscore_celeritas_safe_adapter\RUN_20260610_202259\CELERITAS_SAFE_ADAPTER_REPORT.html","3402","2026-06-10 20:22:59","5747930B326D2EA49CC658D1485FB0638B046D748E4B5AB51EF9B184891070D6","True","False","True","False","False","MEDIUM_REVIEW"
"CELERITAS_SAFE_ADAPTER_REPORT.html","C:\Users\tonyk\Downloads\VeritasIntelligenceAnalytics\supportive modules\_nexuscore_celeritas_safe_adapter\RUN_20260610_202258\CELERITAS_SAFE_ADAPTER_REPORT.html","3403","2026-06-10 20:22:58","017E8A4818CA3E7FD1779A11F85F3A4DD98A364774B2E16775627EF63E7DAA0F","True","False","True","False","False","MEDIUM_REVIEW"
"BRIDGE_STATUS_NORMALIZED.html","C:\Users\tonyk\Downloads\VeritasIntelligenceAnalytics\supportive modules\_nexuscore_bridge_status_normalizer\RUN_20260610_202257\BRIDGE_STATUS_NORMALIZED.html","4334","2026-06-10 20:22:57","02BFA8E8EA7ED6AE71672743740ED910C1D7A23544F3081AD096044395EEB320","True","False","True","False","False","MEDIUM_REVIEW"
"ROUND_1_SAFE_FIXES.html","C:\Users\tonyk\Downloads\VeritasIntelligenceAnalytics\supportive modules\_nexuscore_hydra_three_rounds\RUN_20260610_202238\_safe_fixes\ROUND_1_SAFE_FIXES.html","2127","2026-06-10 20:22:57","D31A2BC4654B983FE5AE8F6F9995239B12866B48F7BA916032285C896F71EF5B","True","False","True","True","False","MEDIUM_REVIEW"
"ROUND_1_PANORAMA_FINDINGS.html","C:\Users\tonyk\Downloads\VeritasIntelligenceAnalytics\supportive modules\_nexuscore_hydra_three_rounds\RUN_20260610_202238\_analysis\ROUND_1_PANORAMA_FINDINGS.html","9707","2026-06-10 20:22:57","E4D263A5859E351581FB7B29FCA3A1D4402D875592B1DE54F066201C29CA93D2","True","False","True","True","False","MEDIUM_REVIEW"
"NEXUSCORE_TOP10_LOCAL_FREE_LIBS_MATRIX.html","C:\Users\tonyk\Downloads\VeritasIntelligenceAnalytics\supportive modules\_nexuscore_hydra_three_rounds\RUN_20260610_202238\_reports\NEXUSCORE_TOP10_LOCAL_FREE_LIBS_MATRIX.html","3943","2026-06-10 20:22:56","FA091375FBC68DB5A02D54C8B4EAA97AB1855C3B765AFE3DCAD81EACAD0AA06A","True","False","True","True","False","MEDIUM_REVIEW"
"NEXUSCORE_EXTERNAL_BRIDGE_PATCH_REPORT.html","C:\Users\tonyk\Downloads\VeritasIntelligenceAnalytics\supportive modules\_nexuscore_external_bridge_patch\RUN_20260610_201618\_reports\NEXUSCORE_EXTERNAL_BRIDGE_PATCH_REPORT.html","8857","2026-06-10 20:18:20","3AAE30D7F62CB3530480CD3EC25E0674F329184A8E8036FFDE2A80D274FCC143","True","False","True","False","False","MEDIUM_REVIEW"
"NEXUSCORE_EXTERNAL_BRIDGE_CONTRACT.html","C:\Users\tonyk\Downloads\VeritasIntelligenceAnalytics\supportive modules\_nexuscore_external_bridge_patch\RUN_20260610_201618\_reports\NEXUSCORE_EXTERNAL_BRIDGE_CONTRACT.html","7106","2026-06-10 20:18:20","F0A1FEC7B6CA4631DC125BD6E2D0474B362EAD2EC9C36A720D4545B2F5FB2586","True","False","True","False","False","MEDIUM_REVIEW"
"NEXUSCORE_EXTERNAL_BRIDGE_REPORT.html","C:\Users\tonyk\Downloads\VeritasIntelligenceAnalytics\supportive modules\_nexuscore_external_bridge\RUN_20260610_201752\_reports\NEXUSCORE_EXTERNAL_BRIDGE_REPORT.html","10288","2026-06-10 20:18:20","D7CFC05B01E6641F272B2FA935984AE5908FEA13D94A2827D7EC42BE8A49FB28","True","False","True","False","False","MEDIUM_REVIEW"
"NEXUSCORE_EXTERNAL_BRIDGE_REPORT.html","C:\Users\tonyk\Downloads\VeritasIntelligenceAnalytics\supportive modules\_nexuscore_external_bridge\RUN_20260610_201726\_reports\NEXUSCORE_EXTERNAL_BRIDGE_REPORT.html","4271","2026-06-10 20:17:51","38D17104B1BE20EF8C708C0E63612166041B391CADD0B565CDFEE12DEA7849DF","True","False","True","False","False","MEDIUM_REVIEW"
"NEXUSCORE_EXTERNAL_BRIDGE_REPORT.html","C:\Users\tonyk\Downloads\VeritasIntelligenceAnalytics\supportive modules\_nexuscore_external_bridge\RUN_20260610_201659\_reports\NEXUSCORE_EXTERNAL_BRIDGE_REPORT.html","4271","2026-06-10 20:17:25","0F3B20FED7A8A0428EF73F241DBA8D98DFF90AEF133D6A7509EAEDDD7FD7E7C8","True","False","True","False","False","MEDIUM_REVIEW"
"NEXUSCORE_EXTERNAL_BRIDGE_REPORT.html","C:\Users\tonyk\Downloads\VeritasIntelligenceAnalytics\supportive modules\_nexuscore_external_bridge\RUN_20260610_201657\_reports\NEXUSCORE_EXTERNAL_BRIDGE_REPORT.html","3697","2026-06-10 20:16:58","734EBC2C832A6882A345F1D026ABCA07499282DF0F6DBCCFAC5B84B0EFEA7179","True","False","True","False","False","MEDIUM_REVIEW"
"NEXUSCORE_EXTERNAL_BRIDGE_REPORT.html","C:\Users\tonyk\Downloads\VeritasIntelligenceAnalytics\supportive modules\_nexuscore_external_bridge\RUN_20260610_201654\_reports\NEXUSCORE_EXTERNAL_BRIDGE_REPORT.html","5520","2026-06-10 20:16:56","59059C23BD0C0837C22BC313CB237D55F8F8C24A716F8B5D44DA57FED41C822A","True","False","True","False","False","MEDIUM_REVIEW"
"NEXUSCORE_EXTERNAL_BRIDGE_REPORT.html","C:\Users\tonyk\Downloads\VeritasIntelligenceAnalytics\supportive modules\_nexuscore_external_bridge\RUN_20260610_201624\_reports\NEXUSCORE_EXTERNAL_BRIDGE_REPORT.html","10288","2026-06-10 20:16:53","A8BCBAE642815258998175EAA0E12322D1B639151D93F562A9DACA7734CC49FE","True","False","True","False","False","MEDIUM_REVIEW"
"NEXUSCORE_EXTERNAL_BRIDGE_REPORT.html","C:\Users\tonyk\Downloads\VeritasIntelligenceAnalytics\supportive modules\_nexuscore_external_bridge\RUN_20260610_201545\_reports\NEXUSCORE_EXTERNAL_BRIDGE_REPORT.html","4269","2026-06-10 20:16:11","D83139EC36A50953D477CB3432CE2DA86CF8B09DFE0F9023C5733E464164660B","True","False","True","False","False","MEDIUM_REVIEW"
"NEXUSCORE_EXTERNAL_BRIDGE_REPORT.html","C:\Users\tonyk\Downloads\VeritasIntelligenceAnalytics\supportive modules\_nexuscore_external_bridge\RUN_20260610_201540\_reports\NEXUSCORE_EXTERNAL_BRIDGE_REPORT.html","3697","2026-06-10 20:15:43","87C94317DA5EB8AB014685C671AE65C84689912B1B28D1CBBC524E03C5B6AA16","True","False","True","False","False","MEDIUM_REVIEW"
"NEXUSCORE_EXTERNAL_BRIDGE_REPORT.html","C:\Users\tonyk\Downloads\VeritasIntelligenceAnalytics\supportive modules\_nexuscore_external_bridge\RUN_20260610_201534\_reports\NEXUSCORE_EXTERNAL_BRIDGE_REPORT.html","5520","2026-06-10 20:15:37","EA654DFC25B7BAD941F20E8715D2CADB4B0CBB007AE73168912C342177921DCD","True","False","True","False","False","MEDIUM_REVIEW"
"NEXUSCORE_MASTER_ORCHESTRATOR_REPORT.html","C:\Users\tonyk\Downloads\VeritasIntelligenceAnalytics\supportive modules\_nexuscore_master_orchestrator\RUN_20260610_201023\_reports\NEXUSCORE_MASTER_ORCHESTRATOR_REPORT.html","3497","2026-06-10 20:10:45","BEDB21D205A72800DDC6AB0C927AFFB53B5EF3482F81DD49EB550654B26F5338","True","False","True","False","False","MEDIUM_REVIEW"
"NEXUSCORE_MASTER_PROGRESS.html","C:\Users\tonyk\Downloads\VeritasIntelligenceAnalytics\supportive modules\_nexuscore_master_orchestrator\RUN_20260610_201023\_reports\NEXUSCORE_MASTER_PROGRESS.html","6266","2026-06-10 20:10:45","B9EFF1213150FCC68B8D131653B365798965D38AFADFB4C2FBC6A2D1600BF50E","True","True","False","False","True","LOW"
"NEXUSCORE_DEEP_INTEGRATION_CONTRACT.html","C:\Users\tonyk\Downloads\VeritasIntelligenceAnalytics\supportive modules\_nexuscore_master_orchestrator\RUN_20260610_201023\_deep_integration_probe\NEXUSCORE_DEEP_INTEGRATION_CONTRACT.html","2793","2026-06-10 20:10:45","1C991003C17AE391782428996AD7E99CFB1BA4F0CF3A6DDEE1EF92E43F094D72","True","False","True","False","False","MEDIUM_REVIEW"
"NEXUSCORE_ACTION_RUNNER_TEST.html","C:\Users\tonyk\Downloads\VeritasIntelligenceAnalytics\supportive modules\_nexuscore_master_orchestrator\RUN_20260610_201023\_action_runner_tests\NEXUSCORE_ACTION_RUNNER_TEST.html","9533","2026-06-10 20:10:44","0DA2E32B133336DFA5BEF9F34EE66ED336E36AD036D9FD85603BF3663141C36A","True","False","True","True","False","MEDIUM_REVIEW"
"NEXUSCORE_VALIDATE_REPORT.html","C:\Users\tonyk\Downloads\VeritasIntelligenceAnalytics\supportive modules\_nexuscore_action_runner\RUN_20260610_201043\_supportive_reports\NEXUSCORE_VALIDATE_REPORT.html","2267","2026-06-10 20:10:44","7A30D92F2F3BF7F3D0BE1B04109036796202D6EF5E545403C76BF5024DF43448","True","False","True","False","False","MEDIUM_REVIEW"
"NEXUSCORE_DOWNLOADONLY_REPORT.html","C:\Users\tonyk\Downloads\VeritasIntelligenceAnalytics\supportive modules\_nexuscore_action_runner\RUN_20260610_201043\_supportive_install_plans\NEXUSCORE_DOWNLOADONLY_REPORT.html","1791","2026-06-10 20:10:43","6BF372BC6FF3B7A2A2227A71D811611B93E73188370C693CB6014BEC06D1B277","True","False","True","False","False","MEDIUM_REVIEW"
"NEXUSCORE_CELERITAS_ACCELERATION_PLAN.html","C:\Users\tonyk\Downloads\VeritasIntelligenceAnalytics\supportive modules\_nexuscore_action_runner\RUN_20260610_201042\_supportive_install_plans\NEXUSCORE_CELERITAS_ACCELERATION_PLAN.html","2013","2026-06-10 20:10:42","E9CE81036B367DB17F7C6D2C108486BF781236307167A6A52B955D3D72B05981","True","False","True","False","False","MEDIUM_REVIEW"
"NEXUSCORE_ENVMANAGER_PLAN.html","C:\Users\tonyk\Downloads\VeritasIntelligenceAnalytics\supportive modules\_nexuscore_action_runner\RUN_20260610_201041\_supportive_env\NEXUSCORE_ENVMANAGER_PLAN.html","1657","2026-06-10 20:10:41","6F080331E548D63B5D5E1E097EDBDA6DD2855D61E643D8D9E75D2B990188E233","True","False","True","False","False","MEDIUM_REVIEW"
"NEXUSCORE_HARDGATE_REPORT.html","C:\Users\tonyk\Downloads\VeritasIntelligenceAnalytics\supportive modules\_nexuscore_action_runner\RUN_20260610_201040\_supportive_hardgate\NEXUSCORE_HARDGATE_REPORT.html","1910","2026-06-10 20:10:41","AECA7ECC3BF5631F8BD7A05A19E6AE112153034E7C03A2600E9E1CB45032E804","True","False","True","False","False","MEDIUM_REVIEW"
"NEXUSCORE_ACTION_REGISTRY.html","C:\Users\tonyk\Downloads\VeritasIntelligenceAnalytics\supportive modules\_nexuscore_action_runner\RUN_20260610_201040\_supportive_registry\NEXUSCORE_ACTION_REGISTRY.html","69511","2026-06-10 20:10:40","06D697B0646262B49AF8E89430C66FAEC2E92E8B31C250D3B708C24A57F5853B","True","False","True","True","False","MEDIUM_REVIEW"
"NEXUSCORE_SCANONLY_INVENTORY.html","C:\Users\tonyk\Downloads\VeritasIntelligenceAnalytics\supportive modules\_nexuscore_action_runner\RUN_20260610_201039\_supportive_registry\NEXUSCORE_SCANONLY_INVENTORY.html","56828","2026-06-10 20:10:39","7CF25D3AB2D77DBB5FE7188FAE8C5CE63C9EE80818845F88CDA3AA96A4440026","True","False","True","True","False","MEDIUM_REVIEW"
"NEXUSCORE_ACTION_RUNNER_MATRIX.html","C:\Users\tonyk\Downloads\VeritasIntelligenceAnalytics\supportive modules\_nexuscore_action_runner\RUN_20260610_201038\_supportive_reports\NEXUSCORE_ACTION_RUNNER_MATRIX.html","1881","2026-06-10 20:10:38","1A02A5591678B8F39AE088EFCF4E2E2CF94EE9A94DC6AF0D8262EA3D9FFA3000","True","False","True","True","False","MEDIUM_REVIEW"
"NEXUSCORE_CELERITAS_ACCELERATION_PLAN.html","C:\Users\tonyk\Downloads\VeritasIntelligenceAnalytics\supportive modules\_nexuscore_master_orchestrator\RUN_20260610_201023\_supportive_acceleration\NEXUSCORE_CELERITAS_ACCELERATION_PLAN.html","24313","2026-06-10 20:10:38","D15A0778B63EA14C97EC860B81BD743A6DF8430EC6F0D61E9C39B3FCEB10B2A5","True","False","True","False","False","MEDIUM_REVIEW"
"NEXUSCORE_ENVMANAGER_PLAN.html","C:\Users\tonyk\Downloads\VeritasIntelligenceAnalytics\supportive modules\_nexuscore_master_orchestrator\RUN_20260610_201023\_supportive_env\NEXUSCORE_ENVMANAGER_PLAN.html","2111","2026-06-10 20:10:37","819246D6501B03CB9D0B44060F61BB1D280ED0B5DE3ADDE32F9B18AF1E9AB7BC","True","False","True","False","False","MEDIUM_REVIEW"
"NEXUSCORE_FULL_SUPPORTIVE_REGISTRY.html","C:\Users\tonyk\Downloads\VeritasIntelligenceAnalytics\supportive modules\_nexuscore_master_orchestrator\RUN_20260610_201023\_supportive_registry\NEXUSCORE_FULL_SUPPORTIVE_REGISTRY.html","142922","2026-06-10 20:10:37","19EA45A51D2BE1D6226A8E1D89A07F7F360CF93DFA4423BC5FC7B98DBB6136FD","True","False","True","True","False","MEDIUM_REVIEW"
"NEXUSCORE_VALIDATE_REPORT.html","C:\Users\tonyk\Downloads\VeritasIntelligenceAnalytics\supportive modules\_nexuscore_action_runner\RUN_20260610_193917\_supportive_reports\NEXUSCORE_VALIDATE_REPORT.html","2598","2026-06-10 19:39:18","08903CB08E3C829CB8F26B0A66C30AC6B019C7D67ABC3F1F5CB365BE2042F213","True","False","True","False","False","MEDIUM_REVIEW"
"NEXUSCORE_DOWNLOADONLY_REPORT.html","C:\Users\tonyk\Downloads\VeritasIntelligenceAnalytics\supportive modules\_nexuscore_action_runner\RUN_20260610_193916\_supportive_install_plans\NEXUSCORE_DOWNLOADONLY_REPORT.html","2054","2026-06-10 19:39:16","8F7C494576FCE89CC155A22140FFA41246A767A68734D7873C16958C9AE6BFFE","True","False","True","False","False","MEDIUM_REVIEW"
"NEXUSCORE_CELERITAS_ACCELERATION_PLAN.html","C:\Users\tonyk\Downloads\VeritasIntelligenceAnalytics\supportive modules\_nexuscore_action_runner\RUN_20260610_193915\_supportive_install_plans\NEXUSCORE_CELERITAS_ACCELERATION_PLAN.html","23671","2026-06-10 19:39:15","64627F89692F918BCD1B7CD782B88029B59047C222D7B54790BBFD4FCE7CDB00","True","False","True","False","False","MEDIUM_REVIEW"
"NEXUSCORE_ENVMANAGER_PLAN.html","C:\Users\tonyk\Downloads\VeritasIntelligenceAnalytics\supportive modules\_nexuscore_action_runner\RUN_20260610_193914\_supportive_env\NEXUSCORE_ENVMANAGER_PLAN.html","1956","2026-06-10 19:39:14","C18094DABD4E3B975D33C17F86333A9B1D5B6A12D65C3816FE8DD2D19E32765E","True","False","True","False","False","MEDIUM_REVIEW"
"NEXUSCORE_HARDGATE_REPORT.html","C:\Users\tonyk\Downloads\VeritasIntelligenceAnalytics\supportive modules\_nexuscore_action_runner\RUN_20260610_193912\_supportive_hardgate\NEXUSCORE_HARDGATE_REPORT.html","2240","2026-06-10 19:39:13","7014B1D061CE23C60000B9A66F549DFD79F77DC027DA51BD0B96980082A13E21","True","False","True","False","False","MEDIUM_REVIEW"
"NEXUSCORE_FULL_SUPPORTIVE_REGISTRY.html","C:\Users\tonyk\Downloads\VeritasIntelligenceAnalytics\supportive modules\_nexuscore_action_runner\RUN_20260610_193912\_supportive_registry\NEXUSCORE_FULL_SUPPORTIVE_REGISTRY.html","142525","2026-06-10 19:39:12","AF4899ED9511E656B602D3B9254DD86717EA6A80EAEF09084656E7A9C31D9F05","True","False","True","True","False","MEDIUM_REVIEW"
"NEXUSCORE_SCANONLY_INVENTORY.html","C:\Users\tonyk\Downloads\VeritasIntelligenceAnalytics\supportive modules\_nexuscore_action_runner\RUN_20260610_193910\_supportive_registry\NEXUSCORE_SCANONLY_INVENTORY.html","74337","2026-06-10 19:39:11","84F91D2E8C4CE9A6AC588992B032728725B8CB485E4D005F2A6364A9B7A756E6","True","False","True","True","False","MEDIUM_REVIEW"
"NEXUSCORE_ACTION_RUNNER_MATRIX.html","C:\Users\tonyk\Downloads\VeritasIntelligenceAnalytics\supportive modules\_nexuscore_action_runner\RUN_20260610_193910\_supportive_reports\NEXUSCORE_ACTION_RUNNER_MATRIX.html","2331","2026-06-10 19:39:10","945C86E35FA42CD6B1CFE11B157056918CB95D10BFBA2E6F25082B914D0D9FA9","True","False","True","True","False","MEDIUM_REVIEW"
"NEXUSCORE_ACTION_RUNNER_PATCH_REPORT.html","C:\Users\tonyk\Downloads\VeritasIntelligenceAnalytics\supportive modules\_nexuscore_action_runner_patch\RUN_20260610_193726\_reports\NEXUSCORE_ACTION_RUNNER_PATCH_REPORT.html","3208","2026-06-10 19:37:29","1E9CDF48929B419B4AD5AEA4A023714E8EE54531429E230D655BD97651E2325D","True","False","True","True","False","MEDIUM_REVIEW"
"NEXUSCORE_FINAL_CAPABILITY_MATRIX.html","C:\Users\tonyk\Downloads\VeritasIntelligenceAnalytics\supportive modules\_nexuscore_full_registry\RUN_20260610_163856\_supportive_reports\NEXUSCORE_FINAL_CAPABILITY_MATRIX.html","146342","2026-06-10 16:39:04","DB1414528EADA5A5E1F361E880A275CC557A207B99AAB4552FB458558CFA2905","True","False","True","True","False","MEDIUM_REVIEW"
"NEXUSCORE_FULL_SUPPORTIVE_REGISTRY.html","C:\Users\tonyk\Downloads\VeritasIntelligenceAnalytics\supportive modules\_nexuscore_full_registry\RUN_20260610_163856\_supportive_registry\NEXUSCORE_FULL_SUPPORTIVE_REGISTRY.html","146342","2026-06-10 16:39:04","DB1414528EADA5A5E1F361E880A275CC557A207B99AAB4552FB458558CFA2905","True","False","True","True","False","MEDIUM_REVIEW"
"NEXUSCORE_PROGRESS.html","C:\Users\tonyk\Downloads\VeritasIntelligenceAnalytics\supportive modules\_nexuscore_ai_onboarding\RUN_20260610_161210\NEXUSCORE_PROGRESS.html","7188","2026-06-10 16:12:21","EA7D8B7613C15433B337524C9AF83D0CACA5FFDF62B79D926BA1F83080A3E19A","True","True","False","True","True","LOW"
"NEXUSCORE_TOOL_MATRIX.html","C:\Users\tonyk\Downloads\VeritasIntelligenceAnalytics\supportive modules\_nexuscore_ai_onboarding\RUN_20260610_161210\NEXUSCORE_TOOL_MATRIX.html","5110","2026-06-10 16:12:21","6F3D1E956B055C25A3F4ADE87BCAF76E585E7C8A007C453AF3F3CF1859FFD040","True","False","True","True","False","MEDIUM_REVIEW"
"NEXUSCORE_PROGRESS.html","C:\Users\tonyk\Downloads\VeritasIntelligenceAnalytics\supportive modules\_nexuscore_ai_onboarding\RUN_20260610_161032\NEXUSCORE_PROGRESS.html","7188","2026-06-10 16:10:38","EF5BA016354249AB244389440B91649F4F538A6FE878B325DBDE27E1D3BFCB5A","True","True","False","True","True","LOW"
"NEXUSCORE_TOOL_MATRIX.html","C:\Users\tonyk\Downloads\VeritasIntelligenceAnalytics\supportive modules\_nexuscore_ai_onboarding\RUN_20260610_161032\NEXUSCORE_TOOL_MATRIX.html","5110","2026-06-10 16:10:38","B6369F5FC2DB7790D626784123E7EB122C66592C158D74E70171013BA84E8D8E","True","False","True","True","False","MEDIUM_REVIEW"
"supportive_modules_onboarding_report.html","C:\Users\tonyk\Downloads\VeritasIntelligenceAnalytics\supportive modules\_supportive_nexuscore_onboarding\RUN_20260610_154007\supportive_modules_onboarding_report.html","62533","2026-06-10 15:40:10","70764AF2CF2C6A9B3B76DD3347487C40052C74F162ABFA59BF23E745C2834FA9","True","False","True","False","False","MEDIUM_REVIEW"
"supportive_modules_onboarding_report.html","C:\Users\tonyk\Downloads\VeritasIntelligenceAnalytics\supportive modules\_supportive_nexuscore_onboarding\RUN_20260610_153602\supportive_modules_onboarding_report.html","60581","2026-06-10 15:36:06","4F327761140F8A9C4F0C46C0E87284881D3104AE61758D10F7DE15810E299F26","True","False","True","False","False","MEDIUM_REVIEW"
"VDF_AkShare_CandidateStagingFinalSeal_Report_v0275.html","C:\Users\tonyk\Downloads\VeritasIntelligenceAnalytics\dict\VDF\_freeze\VDF_AKSHARE_CANDIDATE_STAGING_FINAL_SEAL_v0275_20260610_150853\report\VDF_AkShare_CandidateStagingFinalSeal_Report_v0275.html","16499","2026-06-10 15:08:54","489D1E63327B5162FCF75C62B2A1BE27560FD2A1FCC3A2AE71A07E005E3D4618","True","False","True","True","True","MEDIUM_REVIEW"
"VDF_AkShare_SmallScopeCandidateSeedStaging_Report_v0274.html","C:\Users\tonyk\Downloads\VeritasIntelligenceAnalytics\dict\VDF\_active\VDF_AKSHARE_SMALL_SCOPE_CANDIDATE_SEED_STAGING_v0274_20260610_145643\report\VDF_AkShare_SmallScopeCandidateSeedStaging_Report_v0274.html","17762","2026-06-10 14:59:49","5297F5E60E471AE42AC33D6A637AF199E028ACE5CC92E9C978C2638B30E8EFC7","True","False","True","True","True","MEDIUM_REVIEW"
"VDF_AkShare_SmallScopeCandidateSeedStaging_Report_v0274.html","C:\Users\tonyk\Downloads\VeritasIntelligenceAnalytics\dict\VDF\_active\VDF_AKSHARE_SMALL_SCOPE_CANDIDATE_SEED_STAGING_v0274_20260610_145249\report\VDF_AkShare_SmallScopeCandidateSeedStaging_Report_v0274.html","17762","2026-06-10 14:55:56","03EC3413085703B7A692DE5F038AC519779902B5866FF1FAFBA4B8C8C6D2383A","True","False","True","True","True","MEDIUM_REVIEW"
"VDF_AkShare_SmallScopeSeedPlanGate_Hotfix_Report_v02731.html","C:\Users\tonyk\Downloads\VeritasIntelligenceAnalytics\dict\VDF\_active\VDF_AKSHARE_SMALL_SCOPE_SEED_PLAN_GATE_HOTFIX_v02731_20260610_144716\report\VDF_AkShare_SmallScopeSeedPlanGate_Hotfix_Report_v02731.html","16082","2026-06-10 14:47:16","B3D6860B0DF9A004D16F0ED5F878053A77ECB327179BE4E2861760ABDBEDE10F","True","False","True","True","True","MEDIUM_REVIEW"
"VDF_AkShare_SampleCallGate_Report_v0272.html","C:\Users\tonyk\Downloads\VeritasIntelligenceAnalytics\dict\VDF\_active\VDF_AKSHARE_SAMPLE_CALL_GATE_v0272_20260610_143930\report\VDF_AkShare_SampleCallGate_Report_v0272.html","19762","2026-06-10 14:40:40","630AEF76DF68BE887EA14CC7E0F1CD9B3CD99EAB65B946821D5384564F263E65","True","False","True","True","True","MEDIUM_REVIEW"
"VDF_AkShare_SignatureDocProbe_Report_v0271.html","C:\Users\tonyk\Downloads\VeritasIntelligenceAnalytics\dict\VDF\_active\VDF_AKSHARE_SIGNATURE_DOC_PROBE_v0271_20260610_141608\report\VDF_AkShare_SignatureDocProbe_Report_v0271.html","14267","2026-06-10 14:16:09","E32A9E845341476DA9623A7184BB5B23F0A53F74F15C42A41C7DB880C40050F4","True","False","True","True","True","MEDIUM_REVIEW"
"VDF_AkShare_SelectorGate_Report_v027.html","C:\Users\tonyk\Downloads\VeritasIntelligenceAnalytics\dict\VDF\_active\VDF_AKSHARE_SELECTOR_GATE_v027_20260610_141147\report\VDF_AkShare_SelectorGate_Report_v027.html","13523","2026-06-10 14:11:49","2CBCA67B4E709D2A7B732EFD6B7039BC51C65AE67F4F615D7A4DA9D4D0C8CDB1","True","False","True","True","True","MEDIUM_REVIEW"
"VDF_FredCanonical_PostMergeFinalAuditSeal_Report_v0263.html","C:\Users\tonyk\Downloads\VeritasIntelligenceAnalytics\dict\VDF\_freeze\VDF_FRED_CANONICAL_POST_MERGE_FINAL_AUDIT_SEAL_v0263_20260610_140303\report\VDF_FredCanonical_PostMergeFinalAuditSeal_Report_v0263.html","19977","2026-06-10 14:03:04","276C16FA1BB929E5CAF4419C660E079E68D5B39A0C7352162EAF67F39A6A3690","True","False","True","True","True","MEDIUM_REVIEW"
"VDF_FredCandidateToCanonical_MergeExecute_Report_v0262.html","C:\Users\tonyk\Downloads\VeritasIntelligenceAnalytics\dict\VDF\_freeze\VDF_FRED_CANDIDATE_TO_CANONICAL_MERGE_EXECUTE_v0262_20260610_135958\report\VDF_FredCandidateToCanonical_MergeExecute_Report_v0262.html","22199","2026-06-10 13:59:59","EF0885B41B1BB204FDF3F12C5B0D1544AE1DD60749790AB0A1358F383B246A0A","True","False","True","True","True","MEDIUM_REVIEW"
"VDF_FredCanonical_KeyRepairDryRun_Report_v02612.html","C:\Users\tonyk\Downloads\VeritasIntelligenceAnalytics\dict\VDF\_active\VDF_FRED_CANONICAL_KEY_REPAIR_DRYRUN_v02612_20260610_135521\report\VDF_FredCanonical_KeyRepairDryRun_Report_v02612.html","20103","2026-06-10 13:55:22","56A9EEBEFA3F4F5DF8B282F0ADDC8F3E237F4480CE801447ADF4BB4F7B89E4A3","True","False","True","True","True","MEDIUM_REVIEW"
"VDF_FredCanonical_KeyHygieneGate_Report_v02611.html","C:\Users\tonyk\Downloads\VeritasIntelligenceAnalytics\dict\VDF\_active\VDF_FRED_CANONICAL_KEY_HYGIENE_GATE_v02611_20260610_133957\report\VDF_FredCanonical_KeyHygieneGate_Report_v02611.html","17074","2026-06-10 13:39:58","5EB1E85FAE92A41D0F34B1C6118C4368872C87A5AB0D18ACDD31ADF63923E547","True","False","True","True","True","MEDIUM_REVIEW"
"VDF_FredCandidateToCanonical_MergeDryRun_Report_v0261.html","C:\Users\tonyk\Downloads\VeritasIntelligenceAnalytics\dict\VDF\_active\VDF_FRED_CANDIDATE_TO_CANONICAL_MERGE_DRYRUN_v0261_20260610_133556\report\VDF_FredCandidateToCanonical_MergeDryRun_Report_v0261.html","22404","2026-06-10 13:35:58","5BB02E4EF42315566DF195D8C2AB27ED673D8CC7101A9A385F531D367C80F2FD","True","False","True","True","True","MEDIUM_REVIEW"
"VDF_FredCandidateToCanonical_MergeGate_Report_v026.html","C:\Users\tonyk\Downloads\VeritasIntelligenceAnalytics\dict\VDF\_active\VDF_FRED_CANDIDATE_TO_CANONICAL_MERGE_GATE_v026_20260610_132856\report\VDF_FredCandidateToCanonical_MergeGate_Report_v026.html","20090","2026-06-10 13:28:59","7C974C77EE6EE2B8FBAD93A720B7A66DAB3E2CF287352E7B537E6EDD35EDBB0C","True","False","True","True","True","MEDIUM_REVIEW"
"VDF_FredSmallScope_FinalSeal_Report_v0252.html","C:\Users\tonyk\Downloads\VeritasIntelligenceAnalytics\dict\VDF\_freeze\VDF_FRED_SMALL_SCOPE_FINAL_SEAL_v0252_20260610_130808\report\VDF_FredSmallScope_FinalSeal_Report_v0252.html","21220","2026-06-10 13:08:10","394C20E759684ECBB221F15930DACA6ED1F5E511FEB08E4FDB55E3982959259B","True","False","True","True","True","MEDIUM_REVIEW"
"VDF_FredSmallScopeSeed_Report_v0251.html","C:\Users\tonyk\Downloads\VeritasIntelligenceAnalytics\dict\VDF\_active\VDF_FRED_SMALL_SCOPE_SEED_v0251_20260610_130027\report\VDF_FredSmallScopeSeed_Report_v0251.html","20628","2026-06-10 13:00:45","EE079204AD484B301E900221E64FCAE32B187D67B01F50879CE1286CD0E1FD4D","True","False","True","True","True","MEDIUM_REVIEW"
"VDF_FredAkshare_SmallScopeSeedGate_Report_v025.html","C:\Users\tonyk\Downloads\VeritasIntelligenceAnalytics\dict\VDF\_active\VDF_FRED_AKSHARE_SMALL_SCOPE_SEED_GATE_v025_20260610_125256\report\VDF_FredAkshare_SmallScopeSeedGate_Report_v025.html","22044","2026-06-10 12:52:57","D5556BF28194CA61307404D31EF20955D2F104FCB8B348AB4DF2A70745EFD5F1","True","False","True","True","True","MEDIUM_REVIEW"
"VDF_FredAkshare_SmallScopeSeedGate_Report_v025.html","C:\Users\tonyk\Downloads\VeritasIntelligenceAnalytics\dict\VDF\_active\VDF_FRED_AKSHARE_SMALL_SCOPE_SEED_GATE_v025_20260610_125014\report\VDF_FredAkshare_SmallScopeSeedGate_Report_v025.html","22044","2026-06-10 12:50:15","056AE31EA254DCD93CBE96D122A2A4581E0B1A69D1BE38D5834BBF6BEC57C468","True","False","True","True","True","MEDIUM_REVIEW"
"VDF_FredAkshare_CapabilitySeal_Report_v0241.html","C:\Users\tonyk\Downloads\VeritasIntelligenceAnalytics\dict\VDF\_freeze\VDF_FRED_AKSHARE_CAPABILITY_SEAL_v0241_20260610_124114\report\VDF_FredAkshare_CapabilitySeal_Report_v0241.html","18809","2026-06-10 12:41:14","877413BFE03DBE319B7E62933C88A7259DA2211A10180078E35BF8A5286081FD","True","False","True","True","True","MEDIUM_REVIEW"
"VDF_ThreeDeferredFlow_SyncGate_Report_v024.html","C:\Users\tonyk\Downloads\VeritasIntelligenceAnalytics\dict\VDF\_active\VDF_THREE_DEFERRED_FLOW_SYNC_GATE_v024_20260610_123806\report\VDF_ThreeDeferredFlow_SyncGate_Report_v024.html","19803","2026-06-10 12:38:07","3483F49CEA177C158882EDB26B84E0AB376697317BF0AB7511E0A1007E955339","True","False","True","True","True","MEDIUM_REVIEW"
"VDF_FullSystem_ModuleIntegrationAudit_Report_v023.html","C:\Users\tonyk\Downloads\VeritasIntelligenceAnalytics\dict\VDF\_active\VDF_FULL_SYSTEM_MODULE_INTEGRATION_AUDIT_v023_20260610_123356\report\VDF_FullSystem_ModuleIntegrationAudit_Report_v023.html","46927","2026-06-10 12:33:58","5C4F18E9E94927462AC423381BD88D7BF9E2487298B557C1E3AAC6024B0EA965","True","False","True","True","True","MEDIUM_REVIEW"
"VDF_MOPSMonthlyRevenue_FinalSeal_Report_v0221.html","C:\Users\tonyk\Downloads\VeritasIntelligenceAnalytics\dict\VDF\_freeze\VDF_MOPS_MONTHLY_REVENUE_FINAL_SEAL_v0221_20260609_234646\report\VDF_MOPSMonthlyRevenue_FinalSeal_Report_v0221.html","20178","2026-06-09 23:46:47","D352CBA6E256C7372C39EED7ECDAC1065D57E87A6A500C3158774FC0B1CD5DB2","True","False","True","True","True","MEDIUM_REVIEW"
"VDF_MOPSMonthlyRevenue_ReclassifyHotfix_Report_v02201.html","C:\Users\tonyk\Downloads\VeritasIntelligenceAnalytics\dict\VDF\_freeze\VDF_MOPS_MONTHLY_REVENUE_RECLASSIFY_HOTFIX_v02201_20260609_234213\report\VDF_MOPSMonthlyRevenue_ReclassifyHotfix_Report_v02201.html","17553","2026-06-09 23:42:13","BD439E8E66765FCA38571FEC90406E308283069132361424E76668EAEA19601C","True","False","True","True","True","MEDIUM_REVIEW"
"VDF_MOPSMonthlyRevenueSeed_Report_v022.html","C:\Users\tonyk\Downloads\VeritasIntelligenceAnalytics\dict\VDF\_active\VDF_MOPS_MONTHLY_REVENUE_SEED_v022_20260609_233356\report\VDF_MOPSMonthlyRevenueSeed_Report_v022.html","19196","2026-06-09 23:33:58","87215C354A84F742FC3DED810565DFDA8C5C67463564C9A7ED98848F45342792","True","False","True","True","True","MEDIUM_REVIEW"
"VDF_TPEXSmallScope_FinalSeal_Report_v0211.html","C:\Users\tonyk\Downloads\VeritasIntelligenceAnalytics\dict\VDF\_freeze\VDF_TPEX_SMALL_SCOPE_FINAL_SEAL_v0211_20260609_232726\report\VDF_TPEXSmallScope_FinalSeal_Report_v0211.html","17181","2026-06-09 23:27:27","269A226DAF23B3D2F0914B9433D56FF9689F9020D650138DFC55DACFD3C56553","True","False","True","True","True","MEDIUM_REVIEW"
"VDF_TPEXSmallScopeSeed_Report_v021.html","C:\Users\tonyk\Downloads\VeritasIntelligenceAnalytics\dict\VDF\_active\VDF_TPEX_SMALL_SCOPE_SEED_v021_20260609_232145\report\VDF_TPEXSmallScopeSeed_Report_v021.html","15591","2026-06-09 23:21:48","8A2B58FBE0E5B14E5BCC2C72543E217E2C419CD07F81177CE32C844F531C4B23","True","False","True","True","True","MEDIUM_REVIEW"
"VDF_TWSEOfficialSeed_FinalSeal_Report_v0181.html","C:\Users\tonyk\Downloads\VeritasIntelligenceAnalytics\dict\VDF\_freeze\VDF_TWSE_OFFICIAL_SEED_FINAL_SEAL_v0181_20260609_231824\report\VDF_TWSEOfficialSeed_FinalSeal_Report_v0181.html","18642","2026-06-09 23:18:25","1CD5077D33F8C692D04F384EAADD54A1DF39A8FE812214FA753B460B4ACF3899","True","False","True","True","True","MEDIUM_REVIEW"
"VDF_AllFlow_MasterFreezeActivate_Report_v0206.html","C:\Users\tonyk\Downloads\VeritasIntelligenceAnalytics\dict\VDF\_freeze\VDF_ALLFLOW_MASTER_FREEZE_ACTIVATE_v0206_20260609_231257\report\VDF_AllFlow_MasterFreezeActivate_Report_v0206.html","21900","2026-06-09 23:12:57","EDD71C8D9D1DF27E8C1F612071FF97DB25CE35F352BA84D0C74EE3D4BEF135E2","True","False","True","True","True","MEDIUM_REVIEW"
"VDF_AllFlow_MasterOrchestrationGate_Report_v0205.html","C:\Users\tonyk\Downloads\VeritasIntelligenceAnalytics\dict\VDF\_active\VDF_ALLFLOW_MASTER_ORCHESTRATION_GATE_v0205_20260609_230940\report\VDF_AllFlow_MasterOrchestrationGate_Report_v0205.html","27011","2026-06-09 23:09:40","B24C25FD67EA10983739C14F537696E9C254584E21E3C93F3548EA46D48E767A","True","False","True","True","True","MEDIUM_REVIEW"
"VDF_RemainingMegaFlow_Gate_Report_v0204.html","C:\Users\tonyk\Downloads\VeritasIntelligenceAnalytics\dict\VDF\_active\VDF_REMAINING_MEGAFLOW_GATE_v0204_20260609_230606\report\VDF_RemainingMegaFlow_Gate_Report_v0204.html","19159","2026-06-09 23:06:06","70BF972CB8999E5BF6F273FFBB765CE87A7181AEFE1C56DC1E88815BCF65D0CA","True","False","True","True","True","MEDIUM_REVIEW"
"VDF_PendingTriFlow_ExecutionGate_Report_v0203.html","C:\Users\tonyk\Downloads\VeritasIntelligenceAnalytics\dict\VDF\_active\VDF_PENDING_TRIFLOW_EXECUTION_GATE_v0203_20260609_230242\report\VDF_PendingTriFlow_ExecutionGate_Report_v0203.html","15267","2026-06-09 23:02:42","EFF4F9A3DD92151D72BB67EF1B956C48AEA6370690AA74E021B38ABA05DDA1AE","True","False","True","True","True","MEDIUM_REVIEW"
"VDF_PendingTriFlow_SyncSeal_Report_v0202.html","C:\Users\tonyk\Downloads\VeritasIntelligenceAnalytics\dict\VDF\_freeze\VDF_PENDING_TRIFLOW_SYNC_SEAL_v0202_20260609_225643\report\VDF_PendingTriFlow_SyncSeal_Report_v0202.html","17135","2026-06-09 22:56:43","B693049C42539D7DAD79F845D833861DAF35A5D458330C06643653BCD416FD6A","True","False","True","True","True","MEDIUM_REVIEW"
"VDF_PendingTriFlow_SyncSeal_Report_v0201.html","C:\Users\tonyk\Downloads\VeritasIntelligenceAnalytics\dict\VDF\_freeze\VDF_PENDING_TRIFLOW_SYNC_SEAL_v0201_20260609_225354\report\VDF_PendingTriFlow_SyncSeal_Report_v0201.html","16712","2026-06-09 22:53:54","E9291E16C9DE1C3D9A34E27C6F66F30BC14716C06B15F007B84419FE59BF2884","True","False","True","True","True","MEDIUM_REVIEW"
"VDF_PendingTriFlow_Panorama_Report_v020.html","C:\Users\tonyk\Downloads\VeritasIntelligenceAnalytics\dict\VDF\_active\VDF_PENDING_TRIFLOW_PANORAMA_v020_20260609_225020\report\VDF_PendingTriFlow_Panorama_Report_v020.html","15738","2026-06-09 22:50:20","052FEDFB47182A6B4A2EDEF76CD6D556AE722A22DEA9B88C9AC95B2B45744A67","True","False","True","True","True","MEDIUM_REVIEW"
"VDF_TriFlowSynchronization_Report_v0191.html","C:\Users\tonyk\Downloads\VeritasIntelligenceAnalytics\dict\VDF\_active\VDF_TRIFLOW_SYNC_v0191_20260609_224717\report\VDF_TriFlowSynchronization_Report_v0191.html","21591","2026-06-09 22:47:17","33D594DCF24E99C4D82463A9325FACEAB73515D239E22315D89A85BF0B25E59C","True","False","True","True","True","MEDIUM_REVIEW"
"VDF_TWSEOfficialSeed_Report_v018.html","C:\Users\tonyk\Downloads\VeritasIntelligenceAnalytics\dict\VDF\_active\VDF_TWSE_OFFICIAL_SEED_v018_20260609_223749\report\VDF_TWSEOfficialSeed_Report_v018.html","19090","2026-06-09 22:37:55","AE40C302F8472940C266915314C973796351E83CE44564DBBF6BF39A9F9FC067","True","False","True","True","True","MEDIUM_REVIEW"
"VDF_TWSEOfficialSeed_Report_v018.html","C:\Users\tonyk\Downloads\VeritasIntelligenceAnalytics\dict\VDF\_active\VDF_TWSE_OFFICIAL_SEED_v018_20260609_223420\report\VDF_TWSEOfficialSeed_Report_v018.html","19090","2026-06-09 22:34:23","3254CDA3CA439F1A59FFA4AFB37ACF8B4676DBCFE662BEC99AF33B08EE1E7BCA","True","False","True","True","True","MEDIUM_REVIEW"
"VDF_TWSEOfficialSeed_Report_v018.html","C:\Users\tonyk\Downloads\VeritasIntelligenceAnalytics\dict\VDF\_active\VDF_TWSE_OFFICIAL_SEED_v018_20260609_223313\report\VDF_TWSEOfficialSeed_Report_v018.html","19090","2026-06-09 22:33:16","DF440C57CFFDB032CC86FE6F3BB412447519356024D7D69E59EDB2DD1FB2BE51","True","False","True","True","True","MEDIUM_REVIEW"
"VDF_YFinanceSeed_FinalSeal_Report_v0171.html","C:\Users\tonyk\Downloads\VeritasIntelligenceAnalytics\dict\VDF\_freeze\VDF_YFINANCE_SEED_FINAL_SEAL_v0171_20260609_222206\report\VDF_YFinanceSeed_FinalSeal_Report_v0171.html","17882","2026-06-09 22:22:07","431A25704BB9ADBE4AF669D7601DA04E14D673D9F3EA44A90F2D9814B3FFAD42","True","False","True","True","True","MEDIUM_REVIEW"
"VDF_YFinanceSeedFetch_Report_v017.html","C:\Users\tonyk\Downloads\VeritasIntelligenceAnalytics\dict\VDF\_active\VDF_YFINANCE_SEED_FETCH_v017_20260609_221249\report\VDF_YFinanceSeedFetch_Report_v017.html","24458","2026-06-09 22:12:52","6A79BF9F8262367EA7E15DB1433F3F7443718C3500806040B01781F47F9FF6BA","True","False","True","True","True","MEDIUM_REVIEW"
"VDF_ProductionFetchController_ProbeReclassify_Report_v0161.html","C:\Users\tonyk\Downloads\VeritasIntelligenceAnalytics\dict\VDF\_active\VDF_PRODUCTION_FETCH_CONTROLLER_v0161_PROBE_RECLASSIFY_20260609_220558\report\VDF_ProductionFetchController_ProbeReclassify_Report_v0161.html","15237","2026-06-09 22:05:58","AE8EF3B47D1A390E89DDBC664FB2DCE3787A7FA81611B833A6B03AEB46C09AC1","True","False","True","True","True","MEDIUM_REVIEW"
"VDF_ProductionFetchController_Report_v016.html","C:\Users\tonyk\Downloads\VeritasIntelligenceAnalytics\dict\VDF\_active\VDF_PRODUCTION_FETCH_CONTROLLER_v016_20260609_220337\report\VDF_ProductionFetchController_Report_v016.html","29748","2026-06-09 22:03:41","DD8ECD72EB01FE6723656282F38A6015AC6D282E1E6CEA36792A0885D038519B","True","False","True","True","True","MEDIUM_REVIEW"
"VDF_FinalSeal_SmokeTest_Report_v015.html","C:\Users\tonyk\Downloads\VeritasIntelligenceAnalytics\dict\VDF\_freeze\VDF_FINAL_SEAL_SMOKETEST_v015_20260609_215751\report\VDF_FinalSeal_SmokeTest_Report_v015.html","32095","2026-06-09 21:57:53","B3FF8DDDDA8268D69D4F032A4FA2FB547C1ED25CE8CE87826749B9581C0DA735","True","False","True","True","True","MEDIUM_REVIEW"
"VDF_ActiveReader_UserTest_Report_v014.html","C:\Users\tonyk\Downloads\VeritasIntelligenceAnalytics\dict\VDF\_active\VDF_ACTIVE_READER_USERTEST_v014_20260609_215513\report\VDF_ActiveReader_UserTest_Report_v014.html","25914","2026-06-09 21:55:17","2F799BCE17DDCD7D69D4BD09E9E5A1ACE5DE3678467C5B070319160D440D614E","True","False","True","True","True","MEDIUM_REVIEW"
"VDF_ThreeRound_TDO_Report_v013.html","C:\Users\tonyk\Downloads\VeritasIntelligenceAnalytics\dict\VDF\_ssot\_tdo\VDF_THREE_ROUND_TDO_v013_20260609_205921\report\VDF_ThreeRound_TDO_Report_v013.html","27483","2026-06-09 20:59:21","5FABB404148775AF5385814DF9D2881606899B2958B1BF021FBA2DDF830A71F9","True","False","True","True","True","MEDIUM_REVIEW"
"VDF_DataScope_HeaderRegistry_Matrix.html","C:\Users\tonyk\Downloads\VeritasIntelligenceAnalytics\dict\VDF\_ssot\VDF_DataScope_HeaderRegistry_Matrix.html","19603","2026-06-09 20:56:25","19DB1037F8043FE0CCB8B8DC9B080FFE3014CE89BC126AE336B7C2D8532D8D46","True","False","True","True","True","MEDIUM_REVIEW"
"VDF_OutputDatabase_DataScope_Matrix.html","C:\Users\tonyk\Downloads\VeritasIntelligenceAnalytics\dict\VDF\_ssot\VDF_OutputDatabase_DataScope_Matrix.html","13959","2026-06-09 20:47:22","01144627E768EA3E2F50C1211DA899E216DA42A70CCF6C0DC12D170EBACB6BCB","True","False","True","True","True","MEDIUM_REVIEW"
"VDF_Extraction_FieldMatrix.html","C:\Users\tonyk\Downloads\VeritasIntelligenceAnalytics\dict\VDF\_ssot\VDF_Extraction_FieldMatrix.html","11707","2026-06-09 20:39:26","387B617F274F32F2727FBDABD86700EFBD553E5F4C3887849C1943CA319413B3","True","False","True","True","True","MEDIUM_REVIEW"
"VIA_ActivateOnce_Report.html","C:\Users\tonyk\Downloads\VeritasIntelligenceAnalytics\_active\VIA_ACTIVATE_ONCE_20260609_200917\report\VIA_ActivateOnce_Report.html","6629","2026-06-09 20:09:17","C65A0CB48950393E7935496A40231059EC0F42BAE4418F4F7CAA94C10874127B","True","False","True","True","True","MEDIUM_REVIEW"
"VIA_PS_Accelerated_Panorama_Audit_v012_Report.html","C:\Users\tonyk\Downloads\VeritasIntelligenceAnalytics\_audit\VIA_PS_ACCELERATED_PANORAMA_AUDIT_v012_20260609_200341\report\VIA_PS_Accelerated_Panorama_Audit_v012_Report.html","45175","2026-06-09 20:03:42","26BD62940D3D187601326E77280D2CBA8D66000AF347B6D03B41A741146F1CF1","True","False","True","True","True","MEDIUM_REVIEW"
"VIA_PS_Accelerated_Panorama_Audit_v012_Report.html","C:\Users\tonyk\Downloads\VeritasIntelligenceAnalytics\_audit\VIA_PS_ACCELERATED_PANORAMA_AUDIT_v012_20260609_180224\report\VIA_PS_Accelerated_Panorama_Audit_v012_Report.html","45175","2026-06-09 18:02:25","D014E5003E2CD44B0374ADE9F96D2AEF6373A162A98AD5C5269A1F7F51D4BD68","True","False","True","True","True","MEDIUM_REVIEW"
"VIA_PS_Accelerated_Panorama_Audit_v011_Report.html","C:\Users\tonyk\Downloads\VeritasIntelligenceAnalytics\_audit\VIA_PS_ACCELERATED_PANORAMA_AUDIT_v011_20260609_175827\report\VIA_PS_Accelerated_Panorama_Audit_v011_Report.html","44107","2026-06-09 17:58:28","BE5A0DD3127F10C66E5B05B58879D6EA4CF50D638AF578F76D09405A3B061FB0","True","False","True","True","True","MEDIUM_REVIEW"
"VIA_VAP_HMI_Policy_Hotfix_Retest_Final_Seal.html","C:\Users\tonyk\Downloads\VeritasIntelligenceAnalytics\functional modules\VAP\TEMPLATE_WORKBENCH\REPORT\RUN_20260609_173528_HMI_POLICY_HOTFIX_RETEST\VIA_VAP_HMI_Policy_Hotfix_Retest_Final_Seal.html","4831","2026-06-09 17:35:34","77CDF6EF4E7717269970FF33B6D1362DB40DC8EA0194933BAA663F7CB6687D96","True","False","True","True","False","MEDIUM_REVIEW"
"VIA_VAP_Template_Workbench_Fullscreen_HMI_AutoLayoutEditor.html","C:\Users\tonyk\Downloads\VeritasIntelligenceAnalytics\functional modules\VAP\TEMPLATE_WORKBENCH\VIA_VAP_Template_Workbench_Fullscreen_HMI_AutoLayoutEditor.html","5549925","2026-06-09 17:35:32","2A33D20146ACC2D7DC2B2E191226B9AC0EA40BD91FC093DA2348DF3AC5272869","True","True","False","True","True","LOW"
"VIA_VAP_HMI_Optimize_Test_Debug_Activate_Report.html","C:\Users\tonyk\Downloads\VeritasIntelligenceAnalytics\functional modules\VAP\TEMPLATE_WORKBENCH\REPORT\RUN_20260609_172643_HMI_OPTIMIZE_TEST_DEBUG_ACTIVATE\VIA_VAP_HMI_Optimize_Test_Debug_Activate_Report.html","6777","2026-06-09 17:26:52","2B237DE1D4B21716D0D575969A7240766AF0FB72C86584990DE775F3D013ECBA","True","False","True","True","False","MEDIUM_REVIEW"
"VIA_VAP_HMI_User_Test_Checklist.html","C:\Users\tonyk\Downloads\VeritasIntelligenceAnalytics\functional modules\VAP\TEMPLATE_WORKBENCH\REPORT\RUN_20260609_172643_HMI_OPTIMIZE_TEST_DEBUG_ACTIVATE\VIA_VAP_HMI_User_Test_Checklist.html","2730","2026-06-09 17:26:52","90D7D8554019CF11710E455DD9085DFA5F5C86A315070F2CCB2DF8C96A06C4AA","True","False","True","False","False","MEDIUM_REVIEW"
"Fullscreen_HMI_AutoLayoutEditor.before_policy_hotfix.html","C:\Users\tonyk\Downloads\VeritasIntelligenceAnalytics\functional modules\VAP\BACKUP\HMI_POLICY_HOTFIX_BACKUP_RUN_20260609_173528_HMI_POLICY_HOTFIX_RETEST\Fullscreen_HMI_AutoLayoutEditor.before_policy_hotfix.html","5548880","2026-06-09 17:26:50","76C278EACF548C8228DAA1A08BF979273F600986928282684AE2E7D02E378541","True","True","False","True","True","LOW"
"VIA_VAP_Fullscreen_HMI_AutoLayoutEditor_Report.html","C:\Users\tonyk\Downloads\VeritasIntelligenceAnalytics\functional modules\VAP\TEMPLATE_WORKBENCH\REPORT\RUN_20260609_172351_FULLSCREEN_HMI_AUTO_LAYOUT_EDITOR\VIA_VAP_Fullscreen_HMI_AutoLayoutEditor_Report.html","2174","2026-06-09 17:23:56","F248EDF6CCC524C37C658AB0AC563AF3BA1B51FDC9A2C8E08805A40EA1EA8C20","True","False","False","False","False","MEDIUM_REVIEW"
"VIA_VAP_Template_Workbench_Fullscreen_HMI_AutoLayoutEditor.bak.html","C:\Users\tonyk\Downloads\VeritasIntelligenceAnalytics\functional modules\VAP\BACKUP\HMI_EDITOR_BACKUP_RUN_20260609_172643_HMI_OPTIMIZE_TEST_DEBUG_ACTIVATE\VIA_VAP_Template_Workbench_Fullscreen_HMI_AutoLayoutEditor.bak.html","5545449","2026-06-09 17:23:56","E76FF546914F1602B847416449B5E37B74FF8A40BFC5083987DE83E02E0A638D","True","True","False","True","True","LOW"
"VIA_VAP_HumanInteractiveEditor_Report.html","C:\Users\tonyk\Downloads\VeritasIntelligenceAnalytics\functional modules\VAP\TEMPLATE_WORKBENCH\REPORT\RUN_20260609_163916_HUMAN_INTERACTIVE_TEMPLATE_EDITOR\VIA_VAP_HumanInteractiveEditor_Report.html","2119","2026-06-09 16:39:21","01F86A914FD35231335D892DE68D351F99F8F739640F8EC5651D1B3192907191","True","False","False","False","False","MEDIUM_REVIEW"
"VIA_VAP_Template_Workbench_HumanInteractiveEditor.html","C:\Users\tonyk\Downloads\VeritasIntelligenceAnalytics\functional modules\VAP\TEMPLATE_WORKBENCH\VIA_VAP_Template_Workbench_HumanInteractiveEditor.html","5545240","2026-06-09 16:39:21","27DAC83744F3F10CEA3182C1395C1C2ECCE2312AB27DF0454664E14220F3BE1B","True","True","False","True","True","LOW"
"VIA_VAP_Template_Workbench_VisualLayoutEditor_Report.html","C:\Users\tonyk\Downloads\VeritasIntelligenceAnalytics\functional modules\VAP\TEMPLATE_WORKBENCH\REPORT\RUN_20260609_151245_TEMPLATE_VISUAL_LAYOUT_EDITOR\VIA_VAP_Template_Workbench_VisualLayoutEditor_Report.html","2082","2026-06-09 15:12:50","244F09A1E2E9000C293F4B362ADA963343E3AFB77510F9918D381DAFEA79A678","True","False","False","False","False","MEDIUM_REVIEW"
"VIA_VAP_Template_Workbench_VisualLayoutEditor.html","C:\Users\tonyk\Downloads\VeritasIntelligenceAnalytics\functional modules\VAP\TEMPLATE_WORKBENCH\VIA_VAP_Template_Workbench_VisualLayoutEditor.html","5539147","2026-06-09 15:12:50","6336D42DA9AABCA8F0041A03805C75476BEE38CE2CCC9BF6B505D8714EBF1E4B","True","True","False","True","True","LOW"
"VIA_VAP_Template_Workbench_VisualEditor_PLUS_Report.html","C:\Users\tonyk\Downloads\VeritasIntelligenceAnalytics\functional modules\VAP\TEMPLATE_WORKBENCH\REPORT\RUN_20260609_150558_TEMPLATE_WORKBENCH_VISUAL_EDITOR_PLUS\VIA_VAP_Template_Workbench_VisualEditor_PLUS_Report.html","6508","2026-06-09 15:06:02","DD912C1C97C7D4C9DA03A56A34F88B8B48E1A6625D4E630BB1D485A78C356C8A","True","False","True","True","False","MEDIUM_REVIEW"
"VIA_VAP_Template_Workbench_VisualEditor_PLUS.html","C:\Users\tonyk\Downloads\VeritasIntelligenceAnalytics\functional modules\VAP\TEMPLATE_WORKBENCH\VIA_VAP_Template_Workbench_VisualEditor_PLUS.html","5530349","2026-06-09 15:06:02","0D4B849A933D10B01F9A8580EA5A688500F4C2918EBE36FEB3C870EB9F8CFE7C","True","True","False","True","True","LOW"
"VIA_VAP_Template_Workbench_Build_Report.html","C:\Users\tonyk\Downloads\VeritasIntelligenceAnalytics\functional modules\VAP\TEMPLATE_WORKBENCH\REPORT\RUN_20260609_144447_HTML_TEMPLATE_WORKBENCH\VIA_VAP_Template_Workbench_Build_Report.html","7819","2026-06-09 14:44:52","3FC0943440262166963F4FA1C3F37C5305247231E95A87E3C3CBF97EB4088406","True","False","True","True","False","MEDIUM_REVIEW"
"VIA_VAP_Template_Workbench_VisualEditor.html","C:\Users\tonyk\Downloads\VeritasIntelligenceAnalytics\functional modules\VAP\TEMPLATE_WORKBENCH\VIA_VAP_Template_Workbench_VisualEditor.html","5527477","2026-06-09 14:44:52","7008FC00088B5C0322A689E2DECA800813985FA86FF9CF4F0676190286BF02D3","True","True","True","True","True","LOW"
"VAP_Final_Seal_VETF_Link_Refinement.html","C:\Users\tonyk\Downloads\VeritasIntelligenceAnalytics\functional modules\VAP\REPORT\RUN_20260609_134020_VAP_FINAL_SEAL\VAP_Final_Seal_VETF_Link_Refinement.html","4360","2026-06-09 13:40:24","89787778B47138A0319FFECA6E5DDE5CDC58DB45A782E0ED051DE0E118A6E067","True","False","True","True","False","MEDIUM_REVIEW"
"VAP_Master_Hotfix_3R_Closeout_Matrix.html","C:\Users\tonyk\Downloads\VeritasIntelligenceAnalytics\functional modules\VAP\REPORT\RUN_20260609_133734_VAP_MASTER_HOTFIX\VAP_Master_Hotfix_3R_Closeout_Matrix.html","9113","2026-06-09 13:37:49","3068304577AEEC8B795C5D0F7E282466D069D4CEFB90C51330259F5E50210F5B","True","False","True","True","False","MEDIUM_REVIEW"
"VAP_Master_Cockpit_Hotfix_ReportCopy_Verify.html","C:\Users\tonyk\Downloads\VeritasIntelligenceAnalytics\functional modules\VAP\REPORT\RUN_20260609_133734_VAP_MASTER_HOTFIX\VAP_Master_Cockpit_Hotfix_ReportCopy_Verify.html","43372","2026-06-09 13:02:36","E8F44A880103A9588CD604103C026EC9EA9D9157B722001B4C9B5215399BF0D7","True","True","True","True","True","LOW"
"VAP_Master_Cockpit.html","C:\Users\tonyk\Downloads\VeritasIntelligenceAnalytics\functional modules\VAP\COCKPIT\VAP_Master_Cockpit.html","43372","2026-06-09 13:02:36","E8F44A880103A9588CD604103C026EC9EA9D9157B722001B4C9B5215399BF0D7","True","True","True","True","True","LOW"
"VAP_Project_Shared_Gallery.html","C:\Users\tonyk\Downloads\VeritasIntelligenceAnalytics\functional modules\VAP\COCKPIT\PROJECTS\VAP_Project_Shared_Gallery.html","750083","2026-06-09 13:02:36","78EE7461555D3B72778DE5DC8779C56838B729788F21FE7379EE970DF6B625E5","True","True","False","False","True","LOW"
"VAP_Project_Risk-Control_Gallery.html","C:\Users\tonyk\Downloads\VeritasIntelligenceAnalytics\functional modules\VAP\COCKPIT\PROJECTS\VAP_Project_Risk-Control_Gallery.html","12129","2026-06-09 13:02:36","E1C5C0674D3570D4CAE811BAB147773F3B15DC4234FC43E89134592BB00C0CC7","True","True","False","False","True","LOW"
"VAP_Project_VIA-Core_Gallery.html","C:\Users\tonyk\Downloads\VeritasIntelligenceAnalytics\functional modules\VAP\COCKPIT\PROJECTS\VAP_Project_VIA-Core_Gallery.html","59027","2026-06-09 13:02:36","EFD63FEEF8ECD36F855E0B0CEAD1711F7FBF92A5D12EFF11BA1965A2C00DECDD","True","True","False","True","True","LOW"
"VAP_Project_VETF_Gallery.html","C:\Users\tonyk\Downloads\VeritasIntelligenceAnalytics\functional modules\VAP\COCKPIT\PROJECTS\VAP_Project_VETF_Gallery.html","149129","2026-06-09 13:02:36","CF8EE905AAC2FA5306C0A515138D623F1F1F6634CF59D6862418B5711186178E","True","True","False","True","True","LOW"
"VAP_Project_VDF_Gallery.html","C:\Users\tonyk\Downloads\VeritasIntelligenceAnalytics\functional modules\VAP\COCKPIT\PROJECTS\VAP_Project_VDF_Gallery.html","25842","2026-06-09 13:02:36","5D960BBDB63CF6ED6F28A4B5AF2EE32F4E1E8385E6F3274629C7B874D881947F","True","True","False","True","True","LOW"
"VAP_Project_VRN_Gallery.html","C:\Users\tonyk\Downloads\VeritasIntelligenceAnalytics\functional modules\VAP\COCKPIT\PROJECTS\VAP_Project_VRN_Gallery.html","10891","2026-06-09 13:02:36","10B81F2667C338582F6CAAF9C59B6D78E3D1DD4193007F222D8A311D57EB99CE","True","True","False","False","True","LOW"
"VAP_Project_VAP_Gallery.html","C:\Users\tonyk\Downloads\VeritasIntelligenceAnalytics\functional modules\VAP\COCKPIT\PROJECTS\VAP_Project_VAP_Gallery.html","104965","2026-06-09 13:02:36","519803D9995DCA4AC0005BF7E1086A49901B192EC15A1BE4FE9B80D91E5ED683","True","True","False","True","True","LOW"
"VAP_Gallery_Cockpit.html","C:\Users\tonyk\Downloads\VeritasIntelligenceAnalytics\functional modules\VAP\COCKPIT\VAP_Gallery_Cockpit.html","1060222","2026-06-09 12:54:39","C3843F76D40DF34C8431D50E7B2DC467D1CABA8137F51631FBDF409CA5A67BF4","True","True","True","True","True","LOW"
"VAP_Gallery_Cockpit_VisualFix_ProjectTag.html","C:\Users\tonyk\Downloads\VeritasIntelligenceAnalytics\functional modules\VAP\REPORT\RUN_20260609_125429_VAP_GALLERY_VISUAL_FIX\VAP_Gallery_Cockpit_VisualFix_ProjectTag.html","1060222","2026-06-09 12:54:39","C3843F76D40DF34C8431D50E7B2DC467D1CABA8137F51631FBDF409CA5A67BF4","True","True","True","True","True","LOW"
"VAP_Gallery_Cockpit.html","C:\Users\tonyk\Downloads\VeritasIntelligenceAnalytics\functional modules\VAP\REPORT\RUN_20260609_125046_VAP_GALLERY_COCKPIT\VAP_Gallery_Cockpit.html","457882","2026-06-09 12:50:54","F7E50CEE73F7F9693C56F2BFCBA8717D5493E7D1F6A16FD1690DA358BEB99C64","True","True","True","True","True","LOW"
"VAP_Freeze_Active_Entry_Report.html","C:\Users\tonyk\Downloads\VeritasIntelligenceAnalytics\functional modules\VAP\REPORT\RUN_20260609_124405_VAP_FREEZE_ACTIVE\VAP_Freeze_Active_Entry_Report.html","3064","2026-06-09 12:48:41","38543C0AA9F2E68DB0265F9D481F9AB29F4792D2D996D77212BE6395FA44EB40","True","False","True","True","False","MEDIUM_REVIEW"
"VAP_IconBase_PostDelete_Validation_Matrix.html","C:\Users\tonyk\Downloads\VeritasIntelligenceAnalytics\functional modules\VAP\REPORT\RUN_20260609_121129_ICON_BASE_POST_DELETE_VALIDATE\VAP_IconBase_PostDelete_Validation_Matrix.html","3143898","2026-06-09 12:11:52","619A664F490F3EB5E6FAAFBCE60FBD51438A2A0044DA8B80F4E0EEBC4558064D","True","True","True","True","True","LOW"
"VAP_IconBase_Intake_Verify_Delete_Report.html","C:\Users\tonyk\Downloads\VeritasIntelligenceAnalytics\functional modules\VAP\REPORT\RUN_20260609_093917_ICON_BASE_INTAKE_VERIFY_DELETE\VAP_IconBase_Intake_Verify_Delete_Report.html","30585","2026-06-09 09:39:31","18969FBC14798DFB2288306DD168CCCC170E92A6552E26DE068F1243A4995900","True","True","True","True","True","LOW"
"VAP_IconBase_Intake_Verify_Delete_Report.html","C:\Users\tonyk\Downloads\VeritasIntelligenceAnalytics\functional modules\VAP\REPORT\RUN_20260609_092228_ICON_BASE_INTAKE_VERIFY_DELETE\VAP_IconBase_Intake_Verify_Delete_Report.html","4128088","2026-06-09 09:24:00","9455F240AF2967EB30356059AA758D0B286FFFAFEDFE506AEDBC65232B6830AE","True","True","True","True","True","LOW"
"VAP_Delete_Original_IconBase_Report.html","C:\Users\tonyk\Downloads\VeritasIntelligenceAnalytics\functional modules\VAP\REPORT\RUN_20260609_083555_DELETE_ORIGINAL_ICON_BASE\VAP_Delete_Original_IconBase_Report.html","4673312","2026-06-09 08:36:15","957CF92CB4D4810807D9F46D0CA3FAB7B40DD2BA65C7701A242BF22B12748F35","True","True","False","True","True","LOW"
"VAP_PostIntegration_Harden_Activate_3R_Report.html","C:\Users\tonyk\Downloads\VeritasIntelligenceAnalytics\functional modules\VAP\REPORT\RUN_20260609_054813_VAP_POST_INTEGRATION\VAP_PostIntegration_Harden_Activate_3R_Report.html","8590426","2026-06-09 05:49:15","2377A80084F7C9E0AB62B7BE015700270E57CDCE5C54DAB347FD9CA3FDA07FF6","True","True","True","True","True","LOW"
"VAP_Integrate_VHB_Panorama_3R_Report.html","C:\Users\tonyk\Downloads\VeritasIntelligenceAnalytics\functional modules\VAP\REPORT\RUN_20260609_054251_VHB_TO_VAP\VAP_Integrate_VHB_Panorama_3R_Report.html","50984","2026-06-09 05:43:51","DEA91BB6FF14A076417D45EDFA079E85476633D22EAF28E010BA7BF3AA6B3E90","True","True","True","True","True","LOW"
"VAP_Compact_Image_Grouping_Report.html","C:\Users\tonyk\Downloads\VeritasIntelligenceAnalytics\functional modules\VAP\REPORT\RUN_20260609_053209_SCOPE_HOTFIX\VAP_Compact_Image_Grouping_Report.html","10514542","2026-06-09 05:34:04","27ECF213AF9750BDEFE9C637C5274D3BA00554D3F1FE5BC9F89F477C755A8128","True","True","True","True","True","LOW"
"VAP_VisualSpec_Panorama_3R_Grid_Report.html","C:\Users\tonyk\Downloads\VeritasIntelligenceAnalytics\functional modules\VAP\REPORT\RUN_20260609_052418\VAP_VisualSpec_Panorama_3R_Grid_Report.html","3264092","2026-06-09 05:25:43","D4A1A63DE72478BEA49F3E41E9B530FAC78B643CE70364218D7BD43FE1C36197","True","True","True","True","True","LOW"
"TABLE_BLOCK_0003_VAP_CMP_000016.html","C:\Users\tonyk\Downloads\VeritasIntelligenceAnalytics\functional modules\VAP\COMPONENTS\DecisionStudio_DecisionStudio_Registry\TABLE_BLOCK_0003_VAP_CMP_000016.html","82","2026-06-09 05:25:22","0BB6051AAF6B332C4DEB9AB8E166E8B5077456CAB6071E8A7D0CC14B57CCD291","False","False","True","False","False","MEDIUM_REVIEW"
"TABLE_BLOCK_0002_VAP_CMP_000015.html","C:\Users\tonyk\Downloads\VeritasIntelligenceAnalytics\functional modules\VAP\COMPONENTS\DecisionStudio_DecisionStudio_Registry\TABLE_BLOCK_0002_VAP_CMP_000015.html","162","2026-06-09 05:25:22","92D0F1A9139DA2E6D05C2C8717FD1029B444369B0CAF68BF716022CE542656F2","False","False","True","False","False","MEDIUM_REVIEW"
"TABLE_BLOCK_0001_VAP_CMP_000014.html","C:\Users\tonyk\Downloads\VeritasIntelligenceAnalytics\functional modules\VAP\COMPONENTS\DecisionStudio_DecisionStudio_Registry\TABLE_BLOCK_0001_VAP_CMP_000014.html","180","2026-06-09 05:25:22","E94882245EEE5B7AE733901EAF6638A412E1B26731A9224037089FE76D6A595A","False","False","True","True","False","MEDIUM_REVIEW"
"TABLE_BLOCK_0003_VAP_CMP_000008.html","C:\Users\tonyk\Downloads\VeritasIntelligenceAnalytics\functional modules\VAP\COMPONENTS\DecisionStudio_Current_DecisionStudio_Registry\TABLE_BLOCK_0003_VAP_CMP_000008.html","82","2026-06-09 05:25:22","0BB6051AAF6B332C4DEB9AB8E166E8B5077456CAB6071E8A7D0CC14B57CCD291","False","False","True","False","False","MEDIUM_REVIEW"
"TABLE_BLOCK_0002_VAP_CMP_000007.html","C:\Users\tonyk\Downloads\VeritasIntelligenceAnalytics\functional modules\VAP\COMPONENTS\DecisionStudio_Current_DecisionStudio_Registry\TABLE_BLOCK_0002_VAP_CMP_000007.html","162","2026-06-09 05:25:22","92D0F1A9139DA2E6D05C2C8717FD1029B444369B0CAF68BF716022CE542656F2","False","False","True","False","False","MEDIUM_REVIEW"
"TABLE_BLOCK_0001_VAP_CMP_000006.html","C:\Users\tonyk\Downloads\VeritasIntelligenceAnalytics\functional modules\VAP\COMPONENTS\DecisionStudio_Current_DecisionStudio_Registry\TABLE_BLOCK_0001_VAP_CMP_000006.html","180","2026-06-09 05:25:22","E94882245EEE5B7AE733901EAF6638A412E1B26731A9224037089FE76D6A595A","False","False","True","True","False","MEDIUM_REVIEW"
"VHB_Panorama_3R_Hotfix_Report.html","C:\Users\tonyk\Downloads\VeritasIntelligenceAnalytics\functional modules\VAP\ASSETS\SCOPE_COPY\VeritasIntelligenceAnalytics\functional modules\VHB\REPORT\RUN_20260609_051405_HOTFIX_SCANFILES\VHB_Panorama_3R_Hotfix_Report.html","365810","2026-06-09 05:14:36","38A4D2EF05EAD12FCFD751292CB2C25149C7E44C7BC0E6D58F37939A72336543","True","True","True","True","True","LOW"
"VHB_Panorama_3R_Hotfix_Report.html","C:\Users\tonyk\Downloads\VeritasIntelligenceAnalytics\functional modules\VAP\BACKUP\VHB_DELETE_ARCHIVE_RUN_20260609_054251_VHB_TO_VAP\VHB\REPORT\RUN_20260609_051405_HOTFIX_SCANFILES\VHB_Panorama_3R_Hotfix_Report.html","365810","2026-06-09 05:14:36","38A4D2EF05EAD12FCFD751292CB2C25149C7E44C7BC0E6D58F37939A72336543","True","True","True","True","True","LOW"
"VHB_Editable_HTML_UI_Builder_Prototype.html","C:\Users\tonyk\Downloads\VeritasIntelligenceAnalytics\functional modules\VAP\ASSETS\SCOPE_COPY\VeritasIntelligenceAnalytics\functional modules\VHB\UI\VHB_Editable_HTML_UI_Builder_Prototype.html","10494","2026-06-09 05:14:29","3F8A78B807575B83EFCFA56EAE2223BA4354DA22FF4464DB2C26D3D34E5520B1","True","True","False","False","True","LOW"
"VHB_Editable_HTML_UI_Builder_Prototype.html","C:\Users\tonyk\Downloads\VeritasIntelligenceAnalytics\functional modules\VAP\BACKUP\VHB_DELETE_ARCHIVE_RUN_20260609_054251_VHB_TO_VAP\VHB\UI\VHB_Editable_HTML_UI_Builder_Prototype.html","10494","2026-06-09 05:14:29","3F8A78B807575B83EFCFA56EAE2223BA4354DA22FF4464DB2C26D3D34E5520B1","True","True","False","False","True","LOW"
"VIA_VDF_VRN_DatabaseProductionAudit_Report.html","C:\Users\tonyk\Downloads\VeritasIntelligenceAnalytics\_audit\VIA_VDF_VRN_DATABASE_PRODUCTION_AUDIT_20260609_043334\report\VIA_VDF_VRN_DatabaseProductionAudit_Report.html","222442","2026-06-09 04:34:27","9CB55DE5FB9577ACF04CEDF6F31005C624F02D22DDD421E80E82574B59C67751","True","False","True","True","True","MEDIUM_REVIEW"
"VIA_VDF_VRN_DatabaseProductionAudit_Report.html","C:\Users\tonyk\Downloads\VeritasIntelligenceAnalytics\functional modules\VAP\ASSETS\SCOPE_COPY\VeritasIntelligenceAnalytics\_audit\VIA_VDF_VRN_DATABASE_PRODUCTION_AUDIT_20260609_043334\report\VIA_VDF_VRN_DatabaseProductionAudit_Report.html","222442","2026-06-09 04:34:27","9CB55DE5FB9577ACF04CEDF6F31005C624F02D22DDD421E80E82574B59C67751","True","False","True","True","True","MEDIUM_REVIEW"
"VIA_VDF_VRN_DatabaseProductionAudit_Report.html","C:\Users\tonyk\Downloads\VeritasIntelligenceAnalytics\functional modules\VAP\ASSETS\SCOPE_COPY\VeritasIntelligenceAnalytics\_audit\VIA_VDF_VRN_DATABASE_PRODUCTION_AUDIT_20260609_041403\report\VIA_VDF_VRN_DatabaseProductionAudit_Report.html","218854","2026-06-09 04:14:54","4D3EBE1F14091EA32CB0A755F3BDE07932604F1E67962C14263064D38C1A83CA","True","False","True","True","True","MEDIUM_REVIEW"
"VIA_VDF_VRN_DatabaseProductionAudit_Report.html","C:\Users\tonyk\Downloads\VeritasIntelligenceAnalytics\_audit\VIA_VDF_VRN_DATABASE_PRODUCTION_AUDIT_20260609_041403\report\VIA_VDF_VRN_DatabaseProductionAudit_Report.html","218854","2026-06-09 04:14:54","4D3EBE1F14091EA32CB0A755F3BDE07932604F1E67962C14263064D38C1A83CA","True","False","True","True","True","MEDIUM_REVIEW"
"VIA_ActivationFreezePromote_Report.html","C:\Users\tonyk\Downloads\VeritasIntelligenceAnalytics\functional modules\VAP\ASSETS\SCOPE_COPY\VeritasIntelligenceAnalytics\_active\VIA_ACTIVATION_FREEZE_PROMOTE_20260609_040327\report\VIA_ActivationFreezePromote_Report.html","13436","2026-06-09 04:03:29","7C9BACDC270B32C0B102FA958B26B50F0849316200ABA3497346C87AF668F3C1","True","False","True","True","True","MEDIUM_REVIEW"
"VIA_ActivationFreezePromote_Report.html","C:\Users\tonyk\Downloads\VeritasIntelligenceAnalytics\_active\VIA_ACTIVATION_FREEZE_PROMOTE_20260609_040327\report\VIA_ActivationFreezePromote_Report.html","13436","2026-06-09 04:03:29","7C9BACDC270B32C0B102FA958B26B50F0849316200ABA3497346C87AF668F3C1","True","False","True","True","True","MEDIUM_REVIEW"
"VIA_ActivationGateway_v05_ParamFirst_Report.html","C:\Users\tonyk\Downloads\VeritasIntelligenceAnalytics\functional modules\VAP\ASSETS\SCOPE_COPY\VeritasIntelligenceAnalytics\_activation\VIA_ACTIVATION_GATEWAY_V05_PARAM_FIRST_FINAL_20260609_040014\report\VIA_ActivationGateway_v05_ParamFirst_Report.html","28434","2026-06-09 04:00:20","20B6865B76C720F7B8A905BE9DD096495A4B7410624FE2BEA1A2F7DFED90F7FF","True","False","True","True","True","MEDIUM_REVIEW"
"VIA_ActivationGateway_v05_ParamFirst_Report.html","C:\Users\tonyk\Downloads\VeritasIntelligenceAnalytics\_activation\VIA_ACTIVATION_GATEWAY_V05_PARAM_FIRST_FINAL_20260609_040014\report\VIA_ActivationGateway_v05_ParamFirst_Report.html","28434","2026-06-09 04:00:20","20B6865B76C720F7B8A905BE9DD096495A4B7410624FE2BEA1A2F7DFED90F7FF","True","False","True","True","True","MEDIUM_REVIEW"
"DecisionStudio_Current_DecisionStudio_Registry.html","C:\Users\tonyk\Downloads\VeritasIntelligenceAnalytics\functional modules\VAP\TEMPLATES\CURRENT\DecisionStudio_Current_DecisionStudio_Registry.html","971501","2026-06-09 03:59:38","8EA93AE1F41C863D5ED9FA31D73108D6A5707C81BA8A3148CE7BD8013DFE6012","True","True","True","True","True","LOW"
"09_DecisionStudio_Registry_(6).html","C:\Users\tonyk\Downloads\VeritasIntelligenceAnalytics\functional modules\VAP\TEMPLATE_WORKBENCH\SOURCES\09_DecisionStudio_Registry_(6).html","971501","2026-06-09 03:59:38","8EA93AE1F41C863D5ED9FA31D73108D6A5707C81BA8A3148CE7BD8013DFE6012","True","True","True","True","True","LOW"
"DecisionStudio_Registry.html","C:\Users\tonyk\Downloads\VeritasIntelligenceAnalytics\DecisionStudio_Registry.html","971501","2026-06-09 03:59:38","8EA93AE1F41C863D5ED9FA31D73108D6A5707C81BA8A3148CE7BD8013DFE6012","True","True","True","True","True","LOW"
"DecisionStudio_DecisionStudio_Registry.html","C:\Users\tonyk\Downloads\VeritasIntelligenceAnalytics\functional modules\VAP\TEMPLATES\ORIGINAL\DecisionStudio_DecisionStudio_Registry.html","971501","2026-06-09 03:59:38","8EA93AE1F41C863D5ED9FA31D73108D6A5707C81BA8A3148CE7BD8013DFE6012","True","True","True","True","True","LOW"
"DecisionStudio_Registry.html","C:\Users\tonyk\Downloads\VeritasIntelligenceAnalytics\functional modules\VAP\ASSETS\SCOPE_COPY\VeritasIntelligenceAnalytics\DecisionStudio_Registry.html","971501","2026-06-09 03:59:38","8EA93AE1F41C863D5ED9FA31D73108D6A5707C81BA8A3148CE7BD8013DFE6012","True","True","True","True","True","LOW"
"VIA_ActivationGateway_v04_InlineReady_Report.html","C:\Users\tonyk\Downloads\VeritasIntelligenceAnalytics\_activation\VIA_ACTIVATION_GATEWAY_V04_INLINE_READY_20260609_035734\report\VIA_ActivationGateway_v04_InlineReady_Report.html","27517","2026-06-09 03:57:38","8F47EF7F66C10623DAB03FA5E12E06F3823953033F3BFD09CCF94403C44E4DDE","True","False","True","True","True","MEDIUM_REVIEW"
"VIA_ActivationGateway_v04_InlineReady_Report.html","C:\Users\tonyk\Downloads\VeritasIntelligenceAnalytics\functional modules\VAP\ASSETS\SCOPE_COPY\VeritasIntelligenceAnalytics\_activation\VIA_ACTIVATION_GATEWAY_V04_INLINE_READY_20260609_035734\report\VIA_ActivationGateway_v04_InlineReady_Report.html","27517","2026-06-09 03:57:38","8F47EF7F66C10623DAB03FA5E12E06F3823953033F3BFD09CCF94403C44E4DDE","True","False","True","True","True","MEDIUM_REVIEW"
"VIA_ActivationGateway_v03_StableHotfix_Report.html","C:\Users\tonyk\Downloads\VeritasIntelligenceAnalytics\functional modules\VAP\ASSETS\SCOPE_COPY\VeritasIntelligenceAnalytics\_activation\VIA_ACTIVATION_GATEWAY_V03_STABLE_HOTFIX_20260609_035508\report\VIA_ActivationGateway_v03_StableHotfix_Report.html","13000","2026-06-09 03:55:12","0B481F530A9B88B41C2EC15D12696ECDC0DAC681A5E3E60CB23318AD592E5924","True","False","True","True","True","MEDIUM_REVIEW"
"VIA_ActivationGateway_v03_StableHotfix_Report.html","C:\Users\tonyk\Downloads\VeritasIntelligenceAnalytics\_activation\VIA_ACTIVATION_GATEWAY_V03_STABLE_HOTFIX_20260609_035508\report\VIA_ActivationGateway_v03_StableHotfix_Report.html","13000","2026-06-09 03:55:12","0B481F530A9B88B41C2EC15D12696ECDC0DAC681A5E3E60CB23318AD592E5924","True","False","True","True","True","MEDIUM_REVIEW"
"VIA_ActivationGateway_v02_Hotfix_Report.html","C:\Users\tonyk\Downloads\VeritasIntelligenceAnalytics\_activation\VIA_ACTIVATION_GATEWAY_V02_GATEWAY_HOTFIX_20260609_035258\report\VIA_ActivationGateway_v02_Hotfix_Report.html","7559","2026-06-09 03:53:01","0ECE65047C20EAE058EF1016E171840A4C79915B7845CA92FCA3EAD794FF3E90","True","False","True","True","True","MEDIUM_REVIEW"
"VIA_ActivationGateway_v02_Hotfix_Report.html","C:\Users\tonyk\Downloads\VeritasIntelligenceAnalytics\functional modules\VAP\ASSETS\SCOPE_COPY\VeritasIntelligenceAnalytics\_activation\VIA_ACTIVATION_GATEWAY_V02_GATEWAY_HOTFIX_20260609_035258\report\VIA_ActivationGateway_v02_Hotfix_Report.html","7559","2026-06-09 03:53:01","0ECE65047C20EAE058EF1016E171840A4C79915B7845CA92FCA3EAD794FF3E90","True","False","True","True","True","MEDIUM_REVIEW"
"VIA_ActivationGateway_FromUnifiedInput_Report.html","C:\Users\tonyk\Downloads\VeritasIntelligenceAnalytics\_activation\VIA_ACTIVATION_GATEWAY_FROM_UNIFIED_INPUT_20260609_034818\report\VIA_ActivationGateway_FromUnifiedInput_Report.html","28394","2026-06-09 03:48:23","DC9D2E47FE87673C37A198298B2871E46483E00D7BAA83BFC7A0E6442D0E4404","True","False","True","True","True","MEDIUM_REVIEW"
"VIA_ActivationGateway_FromUnifiedInput_Report.html","C:\Users\tonyk\Downloads\VeritasIntelligenceAnalytics\functional modules\VAP\ASSETS\SCOPE_COPY\VeritasIntelligenceAnalytics\_activation\VIA_ACTIVATION_GATEWAY_FROM_UNIFIED_INPUT_20260609_034818\report\VIA_ActivationGateway_FromUnifiedInput_Report.html","28394","2026-06-09 03:48:23","DC9D2E47FE87673C37A198298B2871E46483E00D7BAA83BFC7A0E6442D0E4404","True","False","True","True","True","MEDIUM_REVIEW"
"VIA_ActivationGateway_FromUnifiedInput_Report.html","C:\Users\tonyk\Downloads\VeritasIntelligenceAnalytics\_activation\VIA_ACTIVATION_GATEWAY_FROM_UNIFIED_INPUT_20260609_034748\report\VIA_ActivationGateway_FromUnifiedInput_Report.html","28394","2026-06-09 03:47:54","2C385653C5106B50B34E4301DF172D8E3E2F26E8F0E5873518ECE282ACB6A1FA","True","False","True","True","True","MEDIUM_REVIEW"
"VIA_ActivationGateway_FromUnifiedInput_Report.html","C:\Users\tonyk\Downloads\VeritasIntelligenceAnalytics\functional modules\VAP\ASSETS\SCOPE_COPY\VeritasIntelligenceAnalytics\_activation\VIA_ACTIVATION_GATEWAY_FROM_UNIFIED_INPUT_20260609_034748\report\VIA_ActivationGateway_FromUnifiedInput_Report.html","28394","2026-06-09 03:47:54","2C385653C5106B50B34E4301DF172D8E3E2F26E8F0E5873518ECE282ACB6A1FA","True","False","True","True","True","MEDIUM_REVIEW"
"VIA_UnifiedInput_SSOT_FreezeGateway_Report.html","C:\Users\tonyk\Downloads\VeritasIntelligenceAnalytics\_freeze\VIA_UNIFIED_INPUT_SSOT_FREEZE_GATEWAY_20260609_034130\report\VIA_UnifiedInput_SSOT_FreezeGateway_Report.html","20902","2026-06-09 03:41:33","2BD36AFB9B3200197E113AAEDC2C47D350D3A9BD37C24A4FC070EC4E066DDA73","True","False","True","True","True","MEDIUM_REVIEW"
"VIA_UnifiedInput_SSOT_FreezeGateway_Report.html","C:\Users\tonyk\Downloads\VeritasIntelligenceAnalytics\functional modules\VAP\ASSETS\SCOPE_COPY\VeritasIntelligenceAnalytics\_freeze\VIA_UNIFIED_INPUT_SSOT_FREEZE_GATEWAY_20260609_034130\report\VIA_UnifiedInput_SSOT_FreezeGateway_Report.html","20902","2026-06-09 03:41:33","2BD36AFB9B3200197E113AAEDC2C47D350D3A9BD37C24A4FC070EC4E066DDA73","True","False","True","True","True","MEDIUM_REVIEW"
"VIA_Nexus_VDF_VRN_SSOT_Integration_v04_Report.html","C:\Users\tonyk\Downloads\VeritasIntelligenceAnalytics\functional modules\VAP\ASSETS\SCOPE_COPY\VeritasIntelligenceAnalytics\dict\VRN\_integration_reports\VIA_NEXUS_VDF_VRN_SSOT_INTEGRATION_V04_20260609_032152\report\VIA_Nexus_VDF_VRN_SSOT_Integration_v04_Report.html","40728","2026-06-09 03:22:00","9E82E98F0EB76B7A9E324D1F9E162A0F042BB84D00599E13B50D0CBBBE57F21D","True","False","True","True","True","MEDIUM_REVIEW"
"VRN_Verified_Incremental_DB_Report.html","C:\Users\tonyk\Downloads\VeritasIntelligenceAnalytics\functional modules\VRN\temp\VRN_VERIFIED_INCREMENTAL_DB_20260609_025227\report\VRN_Verified_Incremental_DB_Report.html","168556","2026-06-09 02:55:22","9678D43344FCDC3F9989345B1D8C23C19E27029C27C6BBD0F8B52588EB0B612E","True","False","True","True","True","MEDIUM_REVIEW"
"VRN_Verified_Incremental_DB_Report.html","C:\Users\tonyk\Downloads\VeritasIntelligenceAnalytics\functional modules\VAP\ASSETS\SCOPE_COPY\VeritasIntelligenceAnalytics\functional modules\VRN\temp\VRN_VERIFIED_INCREMENTAL_DB_20260609_025227\report\VRN_Verified_Incremental_DB_Report.html","168556","2026-06-09 02:55:22","9678D43344FCDC3F9989345B1D8C23C19E27029C27C6BBD0F8B52588EB0B612E","True","False","True","True","True","MEDIUM_REVIEW"
"VIA_IconBase_Manager_v3_StrictTemplate_LowMemory.html","C:\Users\tonyk\Downloads\VeritasIntelligenceAnalytics\functional modules\VAP\ASSETS\ICONS\_icon_manifest\VIA_IconBase_Manager_v3_StrictTemplate_LowMemory.html","1290473","2026-06-08 22:52:50","356FCF94B582B7ED6648AF53749CE62D5D9EA6F08D175C06925C0A5A4646A7F0","True","True","True","True","True","LOW"
"VIA_IconBase_Manager_v3_StrictTemplate_LowMemory.html","C:\Users\tonyk\Downloads\VeritasIntelligenceAnalytics\functional modules\VAP\ASSETS\ICON_BASE_MANAGED\_icon_manifest\VIA_IconBase_Manager_v3_StrictTemplate_LowMemory.html","1290473","2026-06-08 22:52:50","356FCF94B582B7ED6648AF53749CE62D5D9EA6F08D175C06925C0A5A4646A7F0","True","True","True","True","True","LOW"
"VIA_IconBase_Manager_v3_StrictTemplate_LowMemory.html","C:\Users\tonyk\Downloads\VeritasIntelligenceAnalytics\functional modules\VAP\BACKUP\ICON_BASE_ORIGINAL_BACKUP_RUN_20260609_092228_ICON_BASE_INTAKE_VERIFY_DELETE\icon base\_icon_manifest\VIA_IconBase_Manager_v3_StrictTemplate_LowMemory.html","1290473","2026-06-08 22:52:50","356FCF94B582B7ED6648AF53749CE62D5D9EA6F08D175C06925C0A5A4646A7F0","True","True","True","True","True","LOW"
"VIA_IconBase_Manager_v3_StrictTemplate_LowMemory.html","C:\Users\tonyk\Downloads\VeritasIntelligenceAnalytics\functional modules\VAP\ASSETS\SCOPE_COPY\VeritasIntelligenceAnalytics\icon base\_icon_manifest\VIA_IconBase_Manager_v3_StrictTemplate_LowMemory.html","1290473","2026-06-08 22:52:50","356FCF94B582B7ED6648AF53749CE62D5D9EA6F08D175C06925C0A5A4646A7F0","True","True","True","True","True","LOW"
"VIA_IconBase_Manager_v2_TemplateVisualLock.html","C:\Users\tonyk\Downloads\VeritasIntelligenceAnalytics\functional modules\VAP\BACKUP\ICON_BASE_ORIGINAL_BACKUP_RUN_20260609_092228_ICON_BASE_INTAKE_VERIFY_DELETE\icon base\_icon_manifest\VIA_IconBase_Manager_v2_TemplateVisualLock.html","1214712","2026-06-08 22:44:01","C803C74AE2F2BD678E6A06FF3D66705E3A6BB9F8872E1F4A2E61C1A7129B1012","True","True","True","True","True","LOW"
"VIA_IconBase_Manager_v2_TemplateVisualLock.html","C:\Users\tonyk\Downloads\VeritasIntelligenceAnalytics\functional modules\VAP\ASSETS\ICONS\_icon_manifest\VIA_IconBase_Manager_v2_TemplateVisualLock.html","1214712","2026-06-08 22:44:01","C803C74AE2F2BD678E6A06FF3D66705E3A6BB9F8872E1F4A2E61C1A7129B1012","True","True","True","True","True","LOW"
"VIA_IconBase_Manager_v2_TemplateVisualLock.html","C:\Users\tonyk\Downloads\VeritasIntelligenceAnalytics\functional modules\VAP\ASSETS\ICON_BASE_MANAGED\_icon_manifest\VIA_IconBase_Manager_v2_TemplateVisualLock.html","1214712","2026-06-08 22:44:01","C803C74AE2F2BD678E6A06FF3D66705E3A6BB9F8872E1F4A2E61C1A7129B1012","True","True","True","True","True","LOW"
"VIA_IconBase_Manager_v2_TemplateVisualLock.html","C:\Users\tonyk\Downloads\VeritasIntelligenceAnalytics\functional modules\VAP\ASSETS\SCOPE_COPY\VeritasIntelligenceAnalytics\icon base\_icon_manifest\VIA_IconBase_Manager_v2_TemplateVisualLock.html","1214712","2026-06-08 22:44:01","C803C74AE2F2BD678E6A06FF3D66705E3A6BB9F8872E1F4A2E61C1A7129B1012","True","True","True","True","True","LOW"
"VIA_IconBase_Manager_Gallery.html","C:\Users\tonyk\Downloads\VeritasIntelligenceAnalytics\functional modules\VAP\ASSETS\ICON_BASE_MANAGED\_icon_manifest\VIA_IconBase_Manager_Gallery.html","3139032","2026-06-08 22:33:22","6ACAE6A5770B4672D028E719A1F9303AC0E6D14FA42E995B6B1B759C0460F9F7","True","True","False","True","True","LOW"
"VIA_IconBase_Manager_Gallery.html","C:\Users\tonyk\Downloads\VeritasIntelligenceAnalytics\functional modules\VAP\ASSETS\ICONS\_icon_manifest\VIA_IconBase_Manager_Gallery.html","3139032","2026-06-08 22:33:22","6ACAE6A5770B4672D028E719A1F9303AC0E6D14FA42E995B6B1B759C0460F9F7","True","True","False","True","True","LOW"
"VIA_IconBase_Manager_Gallery.html","C:\Users\tonyk\Downloads\VeritasIntelligenceAnalytics\functional modules\VAP\BACKUP\ICON_BASE_ORIGINAL_BACKUP_RUN_20260609_092228_ICON_BASE_INTAKE_VERIFY_DELETE\icon base\_icon_manifest\VIA_IconBase_Manager_Gallery.html","3139032","2026-06-08 22:33:22","6ACAE6A5770B4672D028E719A1F9303AC0E6D14FA42E995B6B1B759C0460F9F7","True","True","False","True","True","LOW"
"VIA_IconBase_Manager_Gallery.html","C:\Users\tonyk\Downloads\VeritasIntelligenceAnalytics\functional modules\VAP\ASSETS\SCOPE_COPY\VeritasIntelligenceAnalytics\icon base\_icon_manifest\VIA_IconBase_Manager_Gallery.html","3139032","2026-06-08 22:33:22","6ACAE6A5770B4672D028E719A1F9303AC0E6D14FA42E995B6B1B759C0460F9F7","True","True","False","True","True","LOW"
"VIA_IconBase_Manager_Gallery_backup_20260608_223322.html","C:\Users\tonyk\Downloads\VeritasIntelligenceAnalytics\functional modules\VAP\BACKUP\ICON_BASE_ORIGINAL_BACKUP_RUN_20260609_092228_ICON_BASE_INTAKE_VERIFY_DELETE\icon base\_icon_manifest\_ui_patch_backup\VIA_IconBase_Manager_Gallery_backup_20260608_223322.html","3139032","2026-06-08 22:33:02","6ACAE6A5770B4672D028E719A1F9303AC0E6D14FA42E995B6B1B759C0460F9F7","True","True","False","True","True","LOW"
"VIA_IconBase_Manager_Gallery_backup_20260608_223322.html","C:\Users\tonyk\Downloads\VeritasIntelligenceAnalytics\functional modules\VAP\ASSETS\ICONS\_icon_manifest\_ui_patch_backup\VIA_IconBase_Manager_Gallery_backup_20260608_223322.html","3139032","2026-06-08 22:33:02","6ACAE6A5770B4672D028E719A1F9303AC0E6D14FA42E995B6B1B759C0460F9F7","True","True","False","True","True","LOW"
"VIA_IconBase_Manager_Gallery_backup_20260608_223322.html","C:\Users\tonyk\Downloads\VeritasIntelligenceAnalytics\functional modules\VAP\ASSETS\SCOPE_COPY\VeritasIntelligenceAnalytics\icon base\_icon_manifest\_ui_patch_backup\VIA_IconBase_Manager_Gallery_backup_20260608_223322.html","3139032","2026-06-08 22:33:02","6ACAE6A5770B4672D028E719A1F9303AC0E6D14FA42E995B6B1B759C0460F9F7","True","True","False","True","True","LOW"
"VIA_IconBase_Manager_Gallery_backup_20260608_223302.html","C:\Users\tonyk\Downloads\VeritasIntelligenceAnalytics\functional modules\VAP\ASSETS\SCOPE_COPY\VeritasIntelligenceAnalytics\icon base\_icon_manifest\_ui_patch_backup\VIA_IconBase_Manager_Gallery_backup_20260608_223302.html","3139032","2026-06-08 22:22:53","FDE979020789E013EE8B354568E99F3C8296BF6D263FC1A2988205C04F66D614","True","True","False","True","True","LOW"
"VIA_IconBase_Manager_Gallery_backup_20260608_223302.html","C:\Users\tonyk\Downloads\VeritasIntelligenceAnalytics\functional modules\VAP\ASSETS\ICON_BASE_MANAGED\_icon_manifest\_ui_patch_backup\VIA_IconBase_Manager_Gallery_backup_20260608_223302.html","3139032","2026-06-08 22:22:53","FDE979020789E013EE8B354568E99F3C8296BF6D263FC1A2988205C04F66D614","True","True","False","True","True","LOW"
"VIA_IconBase_Manager_Gallery_backup_20260608_223302.html","C:\Users\tonyk\Downloads\VeritasIntelligenceAnalytics\functional modules\VAP\BACKUP\ICON_BASE_ORIGINAL_BACKUP_RUN_20260609_092228_ICON_BASE_INTAKE_VERIFY_DELETE\icon base\_icon_manifest\_ui_patch_backup\VIA_IconBase_Manager_Gallery_backup_20260608_223302.html","3139032","2026-06-08 22:22:53","FDE979020789E013EE8B354568E99F3C8296BF6D263FC1A2988205C04F66D614","True","True","False","True","True","LOW"
"VIA_IconBase_Manager_Gallery_backup_20260608_223302.html","C:\Users\tonyk\Downloads\VeritasIntelligenceAnalytics\functional modules\VAP\ASSETS\ICONS\_icon_manifest\_ui_patch_backup\VIA_IconBase_Manager_Gallery_backup_20260608_223302.html","3139032","2026-06-08 22:22:53","FDE979020789E013EE8B354568E99F3C8296BF6D263FC1A2988205C04F66D614","True","True","False","True","True","LOW"
"VIA_IconBase_Manager_Gallery_backup_20260608_222252.html","C:\Users\tonyk\Downloads\VeritasIntelligenceAnalytics\functional modules\VAP\BACKUP\ICON_BASE_ORIGINAL_BACKUP_RUN_20260609_092228_ICON_BASE_INTAKE_VERIFY_DELETE\icon base\_icon_manifest\_ui_patch_backup\VIA_IconBase_Manager_Gallery_backup_20260608_222252.html","3127662","2026-06-08 22:15:52","AAAA3D69A0E456BF5DF1D6B7D6B45C3C31E4EE5ACA8BEDBDC9E6BE5A57B694D3","True","True","False","True","True","LOW"
"VIA_IconBase_Manager_Gallery_backup_20260608_222252.html","C:\Users\tonyk\Downloads\VeritasIntelligenceAnalytics\functional modules\VAP\ASSETS\ICON_BASE_MANAGED\_icon_manifest\_ui_patch_backup\VIA_IconBase_Manager_Gallery_backup_20260608_222252.html","3127662","2026-06-08 22:15:52","AAAA3D69A0E456BF5DF1D6B7D6B45C3C31E4EE5ACA8BEDBDC9E6BE5A57B694D3","True","True","False","True","True","LOW"
"VIA_IconBase_Manager_Gallery_backup_20260608_222252.html","C:\Users\tonyk\Downloads\VeritasIntelligenceAnalytics\functional modules\VAP\ASSETS\SCOPE_COPY\VeritasIntelligenceAnalytics\icon base\_icon_manifest\_ui_patch_backup\VIA_IconBase_Manager_Gallery_backup_20260608_222252.html","3127662","2026-06-08 22:15:52","AAAA3D69A0E456BF5DF1D6B7D6B45C3C31E4EE5ACA8BEDBDC9E6BE5A57B694D3","True","True","False","True","True","LOW"
"VIA_IconBase_Manager_Gallery_backup_20260608_222252.html","C:\Users\tonyk\Downloads\VeritasIntelligenceAnalytics\functional modules\VAP\ASSETS\ICONS\_icon_manifest\_ui_patch_backup\VIA_IconBase_Manager_Gallery_backup_20260608_222252.html","3127662","2026-06-08 22:15:52","AAAA3D69A0E456BF5DF1D6B7D6B45C3C31E4EE5ACA8BEDBDC9E6BE5A57B694D3","True","True","False","True","True","LOW"
"VIA_IconBase_StylePack_Gallery_DISK_SAFE.html","C:\Users\tonyk\Downloads\VeritasIntelligenceAnalytics\functional modules\VAP\ASSETS\ICONS\_icon_manifest\VIA_IconBase_StylePack_Gallery_DISK_SAFE.html","229056","2026-06-08 22:00:13","AABD3FC25C43049736887AD3EFAD531C5DBC9D68E87D939AC373020365CE6272","True","True","False","True","True","LOW"
"VIA_IconBase_StylePack_Gallery_DISK_SAFE.html","C:\Users\tonyk\Downloads\VeritasIntelligenceAnalytics\functional modules\VAP\ASSETS\SCOPE_COPY\VeritasIntelligenceAnalytics\icon base\_icon_manifest\VIA_IconBase_StylePack_Gallery_DISK_SAFE.html","229056","2026-06-08 22:00:13","AABD3FC25C43049736887AD3EFAD531C5DBC9D68E87D939AC373020365CE6272","True","True","False","True","True","LOW"
"VIA_IconBase_StylePack_Gallery_DISK_SAFE.html","C:\Users\tonyk\Downloads\VeritasIntelligenceAnalytics\functional modules\VAP\ASSETS\ICON_BASE_MANAGED\_icon_manifest\VIA_IconBase_StylePack_Gallery_DISK_SAFE.html","229056","2026-06-08 22:00:13","AABD3FC25C43049736887AD3EFAD531C5DBC9D68E87D939AC373020365CE6272","True","True","False","True","True","LOW"
"VIA_IconBase_StylePack_Gallery_DISK_SAFE.html","C:\Users\tonyk\Downloads\VeritasIntelligenceAnalytics\functional modules\VAP\BACKUP\ICON_BASE_ORIGINAL_BACKUP_RUN_20260609_092228_ICON_BASE_INTAKE_VERIFY_DELETE\icon base\_icon_manifest\VIA_IconBase_StylePack_Gallery_DISK_SAFE.html","229056","2026-06-08 22:00:13","AABD3FC25C43049736887AD3EFAD531C5DBC9D68E87D939AC373020365CE6272","True","True","False","True","True","LOW"
"VIA_IconBase_UnifiedWindow.html","C:\Users\tonyk\Downloads\VeritasIntelligenceAnalytics\functional modules\VAP\ASSETS\ICONS\_icon_manifest\VIA_IconBase_UnifiedWindow.html","240488","2026-06-08 21:23:35","200E92C5D53E399D00D9D6958516E341302C65C017311D297AD0BB1726F07419","True","True","True","True","True","LOW"
"VIA_IconBase_UnifiedWindow.html","C:\Users\tonyk\Downloads\VeritasIntelligenceAnalytics\functional modules\VAP\ASSETS\SCOPE_COPY\VeritasIntelligenceAnalytics\icon base\_icon_manifest\VIA_IconBase_UnifiedWindow.html","240488","2026-06-08 21:23:35","200E92C5D53E399D00D9D6958516E341302C65C017311D297AD0BB1726F07419","True","True","True","True","True","LOW"
"VIA_IconBase_UnifiedWindow.html","C:\Users\tonyk\Downloads\VeritasIntelligenceAnalytics\functional modules\VAP\ASSETS\ICON_BASE_MANAGED\_icon_manifest\VIA_IconBase_UnifiedWindow.html","240488","2026-06-08 21:23:35","200E92C5D53E399D00D9D6958516E341302C65C017311D297AD0BB1726F07419","True","True","True","True","True","LOW"
"VIA_IconBase_UnifiedWindow.html","C:\Users\tonyk\Downloads\VeritasIntelligenceAnalytics\functional modules\VAP\BACKUP\ICON_BASE_ORIGINAL_BACKUP_RUN_20260609_092228_ICON_BASE_INTAKE_VERIFY_DELETE\icon base\_icon_manifest\VIA_IconBase_UnifiedWindow.html","240488","2026-06-08 21:23:35","200E92C5D53E399D00D9D6958516E341302C65C017311D297AD0BB1726F07419","True","True","True","True","True","LOW"
"10_VIA_HomeLauncher_Optimized_Consolidated_v1_1_0_(3).html","C:\Users\tonyk\Downloads\VeritasIntelligenceAnalytics\functional modules\VAP\TEMPLATE_WORKBENCH\SOURCES\10_VIA_HomeLauncher_Optimized_Consolidated_v1_1_0_(3).html","38906","2026-06-08 21:16:26","6E53D72624D248544AC4885191B32A253F4E95E5DE99A463B5454940D7EA3CFB","True","True","False","True","True","LOW"
"VeritasNexusCore_FREEZE_Report_v03.html","C:\Users\tonyk\Downloads\VeritasIntelligenceAnalytics\functional modules\VAP\ASSETS\SCOPE_COPY\VeritasIntelligenceAnalytics\supportive modules\_freeze_reports\FREEZE_REPORT_RECOVERY_20260608_201541\VeritasNexusCore_FREEZE_Report_v03.html","37060","2026-06-08 20:15:46","3DC14374296BA3C4484A0C635629F904D991D8E513C53F02EB6EFBD971DAE7BE","True","False","True","True","True","MEDIUM_REVIEW"
"VeritasNexusCore_FREEZE_Report_v03.html","C:\Users\tonyk\Downloads\VeritasIntelligenceAnalytics\supportive modules\_freeze_reports\FREEZE_REPORT_RECOVERY_20260608_201541\VeritasNexusCore_FREEZE_Report_v03.html","37060","2026-06-08 20:15:46","3DC14374296BA3C4484A0C635629F904D991D8E513C53F02EB6EFBD971DAE7BE","True","False","True","True","True","MEDIUM_REVIEW"
"VDF_MDL501_DataModuleController.html","C:\Users\tonyk\Downloads\VeritasIntelligenceAnalytics\functional modules\VAP\BACKUP\VHB_DELETE_ARCHIVE_RUN_20260609_054251_VHB_TO_VAP\VHB\html_templates\VDF_MDL501_DataModuleController.html","46875","2026-06-08 17:53:09","7FD4D0599171848E3BB7616EC3E4CB42BE6A03AD5AD07D41CEF647ED08DB53EB","True","True","True","False","True","LOW"
"VDF_MDL501_DataModuleController.html","C:\Users\tonyk\Downloads\VeritasIntelligenceAnalytics\functional modules\VAP\ASSETS\SCOPE_COPY\VeritasIntelligenceAnalytics\functional modules\VDF\VDF_MDL501_DataModuleController.html","46875","2026-06-08 17:53:09","7FD4D0599171848E3BB7616EC3E4CB42BE6A03AD5AD07D41CEF647ED08DB53EB","True","True","True","False","True","LOW"
"VDF_MDL501_DataModuleController.html","C:\Users\tonyk\Downloads\VeritasIntelligenceAnalytics\functional modules\VDF\VDF_MDL501_DataModuleController.html","46875","2026-06-08 17:53:09","7FD4D0599171848E3BB7616EC3E4CB42BE6A03AD5AD07D41CEF647ED08DB53EB","True","True","True","False","True","LOW"
"11_VDF_MDL501_DataModuleController.html","C:\Users\tonyk\Downloads\VeritasIntelligenceAnalytics\functional modules\VAP\TEMPLATE_WORKBENCH\SOURCES\11_VDF_MDL501_DataModuleController.html","46875","2026-06-08 17:53:09","7FD4D0599171848E3BB7616EC3E4CB42BE6A03AD5AD07D41CEF647ED08DB53EB","True","True","True","False","True","LOW"
"VDF_MDL501_DataModuleController.html","C:\Users\tonyk\Downloads\VeritasIntelligenceAnalytics\functional modules\VAP\ASSETS\SCOPE_COPY\VeritasIntelligenceAnalytics\functional modules\VHB\html_templates\VDF_MDL501_DataModuleController.html","46875","2026-06-08 17:53:09","7FD4D0599171848E3BB7616EC3E4CB42BE6A03AD5AD07D41CEF647ED08DB53EB","True","True","True","False","True","LOW"
"12_VIA_HomeLauncher_Optimized_Consolidated_v1_1_0.html","C:\Users\tonyk\Downloads\VeritasIntelligenceAnalytics\functional modules\VAP\TEMPLATE_WORKBENCH\SOURCES\12_VIA_HomeLauncher_Optimized_Consolidated_v1_1_0.html","38906","2026-06-07 17:09:11","6E53D72624D248544AC4885191B32A253F4E95E5DE99A463B5454940D7EA3CFB","True","True","False","True","True","LOW"
"VIA_Main (2).html","C:\Users\tonyk\Downloads\VeritasIntelligenceAnalytics\functional modules\VAP\BACKUP\VHB_DELETE_ARCHIVE_RUN_20260609_054251_VHB_TO_VAP\VHB\html_templates\VIA_Main (2).html","48773","2026-06-07 01:47:02","CE07F8546F1CEDD542FF0DDE7B5936F8BEC6A882EDF4D5C122083FF0710E7CAD","True","True","False","True","True","LOW"
"13_VIA_Main_(2).html","C:\Users\tonyk\Downloads\VeritasIntelligenceAnalytics\functional modules\VAP\TEMPLATE_WORKBENCH\SOURCES\13_VIA_Main_(2).html","48773","2026-06-07 01:47:02","CE07F8546F1CEDD542FF0DDE7B5936F8BEC6A882EDF4D5C122083FF0710E7CAD","True","True","False","True","True","LOW"
"VIA_Main (2).html","C:\Users\tonyk\Downloads\VeritasIntelligenceAnalytics\functional modules\VAP\ASSETS\SCOPE_COPY\VeritasIntelligenceAnalytics\functional modules\VHB\html_templates\VIA_Main (2).html","48773","2026-06-07 01:47:02","CE07F8546F1CEDD542FF0DDE7B5936F8BEC6A882EDF4D5C122083FF0710E7CAD","True","True","False","True","True","LOW"
"14_VIA_AutoPlot_Console_(3).html","C:\Users\tonyk\Downloads\VeritasIntelligenceAnalytics\functional modules\VAP\TEMPLATE_WORKBENCH\SOURCES\14_VIA_AutoPlot_Console_(3).html","97430","2026-06-06 11:04:50","FD23B484494A935C287E352F968E75EC3BA2E8B1EF39FF108AA3473CF8BC32A3","True","True","True","True","True","LOW"
"VIA_AutoPlot_Console.html","C:\Users\tonyk\Downloads\VeritasIntelligenceAnalytics\functional modules\VAP\BACKUP\VHB_DELETE_ARCHIVE_RUN_20260609_054251_VHB_TO_VAP\VHB\html_templates\VIA_AutoPlot_Console.html","56046","2026-06-06 07:19:43","24B40EBB70504E6F0EECCCF9CF102DC430E635FBAC278C0C920E1133A1E8C9FC","True","True","True","True","True","LOW"
"VIA_AutoPlot_Console.html","C:\Users\tonyk\Downloads\VeritasIntelligenceAnalytics\functional modules\VAP\ASSETS\SCOPE_COPY\VeritasIntelligenceAnalytics\functional modules\VHB\html_templates\VIA_AutoPlot_Console.html","56046","2026-06-06 07:19:43","24B40EBB70504E6F0EECCCF9CF102DC430E635FBAC278C0C920E1133A1E8C9FC","True","True","True","True","True","LOW"
"15_VIA_AutoPlot_Console.html","C:\Users\tonyk\Downloads\VeritasIntelligenceAnalytics\functional modules\VAP\TEMPLATE_WORKBENCH\SOURCES\15_VIA_AutoPlot_Console.html","56046","2026-06-06 07:19:43","24B40EBB70504E6F0EECCCF9CF102DC430E635FBAC278C0C920E1133A1E8C9FC","True","True","True","True","True","LOW"
"16_VIA_TW_Resonance_Stock_Stack_(17).html","C:\Users\tonyk\Downloads\VeritasIntelligenceAnalytics\functional modules\VAP\TEMPLATE_WORKBENCH\SOURCES\16_VIA_TW_Resonance_Stock_Stack_(17).html","176303","2026-06-05 08:46:45","76516BAAE06AFFEA8F6A5E0F38B17D786B4BDF612BC202DD82179157190517DD","True","True","False","False","True","LOW"
"VIA_TW_Resonance_Stock_Stack (17).html","C:\Users\tonyk\Downloads\VeritasIntelligenceAnalytics\functional modules\VAP\BACKUP\VHB_DELETE_ARCHIVE_RUN_20260609_054251_VHB_TO_VAP\VHB\html_templates\VIA_TW_Resonance_Stock_Stack (17).html","176303","2026-06-05 08:46:45","76516BAAE06AFFEA8F6A5E0F38B17D786B4BDF612BC202DD82179157190517DD","True","True","False","False","True","LOW"
"VIA_TW_Resonance_Stock_Stack (17).html","C:\Users\tonyk\Downloads\VeritasIntelligenceAnalytics\functional modules\VAP\ASSETS\SCOPE_COPY\VeritasIntelligenceAnalytics\functional modules\VHB\html_templates\VIA_TW_Resonance_Stock_Stack (17).html","176303","2026-06-05 08:46:45","76516BAAE06AFFEA8F6A5E0F38B17D786B4BDF612BC202DD82179157190517DD","True","True","False","False","True","LOW"
"01_VIA_ActiveETF_Console_(8).html","C:\Users\tonyk\Downloads\VeritasIntelligenceAnalytics\functional modules\VAP\TEMPLATE_WORKBENCH\SOURCES\01_VIA_ActiveETF_Console_(8).html","1074723","2026-06-05 08:46:38","165CDE35611F6DDA444389D7A0C809642C6E881D68C47BE7C301F648542024D0","True","True","True","True","True","LOW"
"VIA_ActiveETF_Console (6).html","C:\Users\tonyk\Downloads\VeritasIntelligenceAnalytics\functional modules\VAP\BACKUP\VHB_DELETE_ARCHIVE_RUN_20260609_054251_VHB_TO_VAP\VHB\html_templates\VIA_ActiveETF_Console (6).html","1072259","2026-06-05 03:14:04","14C9213610DB7A623A794CD6B6B3F64EDE073DC3B6CC84AB9D15403633B3FEF5","True","True","True","True","True","LOW"
"VIA_ActiveETF_Console (6).html","C:\Users\tonyk\Downloads\VeritasIntelligenceAnalytics\functional modules\VAP\ASSETS\SCOPE_COPY\VeritasIntelligenceAnalytics\functional modules\VHB\html_templates\VIA_ActiveETF_Console (6).html","1072259","2026-06-05 03:14:04","14C9213610DB7A623A794CD6B6B3F64EDE073DC3B6CC84AB9D15403633B3FEF5","True","True","True","True","True","LOW"
"VIA_Yield_Curve_Spread.html","C:\Users\tonyk\Downloads\VeritasIntelligenceAnalytics\functional modules\VAP\BACKUP\VHB_DELETE_ARCHIVE_RUN_20260609_054251_VHB_TO_VAP\VHB\html_templates\VIA_Yield_Curve_Spread.html","28648","2026-06-03 19:21:38","49CFD57B5FA212D2E8A30B23CCA3D853AE8F1AE9DF2B0F9276F2DA1A3CF738C9","True","True","True","True","True","LOW"
"VIA_Yield_Curve_Spread.html","C:\Users\tonyk\Downloads\VeritasIntelligenceAnalytics\functional modules\VAP\ASSETS\SCOPE_COPY\VeritasIntelligenceAnalytics\functional modules\VHB\html_templates\VIA_Yield_Curve_Spread.html","28648","2026-06-03 19:21:38","49CFD57B5FA212D2E8A30B23CCA3D853AE8F1AE9DF2B0F9276F2DA1A3CF738C9","True","True","True","True","True","LOW"
"VIA_US_Macro_Template (1).html","C:\Users\tonyk\Downloads\VeritasIntelligenceAnalytics\functional modules\VAP\BACKUP\VHB_DELETE_ARCHIVE_RUN_20260609_054251_VHB_TO_VAP\VHB\html_templates\VIA_US_Macro_Template (1).html","38525","2026-06-03 18:48:29","D14861B83400CF101DCB81BE978D8E78967457959DB579BD69D45DFEB9B5043B","True","True","False","True","True","LOW"
"VIA_US_Macro_Template (1).html","C:\Users\tonyk\Downloads\VeritasIntelligenceAnalytics\functional modules\VAP\ASSETS\SCOPE_COPY\VeritasIntelligenceAnalytics\functional modules\VHB\html_templates\VIA_US_Macro_Template (1).html","38525","2026-06-03 18:48:29","D14861B83400CF101DCB81BE978D8E78967457959DB579BD69D45DFEB9B5043B","True","True","False","True","True","LOW"
"VIA_US_Macro_Template.html","C:\Users\tonyk\Downloads\VeritasIntelligenceAnalytics\functional modules\VAP\BACKUP\VHB_DELETE_ARCHIVE_RUN_20260609_054251_VHB_TO_VAP\VHB\html_templates\VIA_US_Macro_Template.html","24362","2026-06-02 19:11:54","4AAC936EC98D5890E80A7DB436087BF9D9497F70F7C7960984FAAF9556071F7D","True","True","False","False","True","LOW"
"02_VIA_US_Macro_Template.html","C:\Users\tonyk\Downloads\VeritasIntelligenceAnalytics\functional modules\VAP\TEMPLATE_WORKBENCH\SOURCES\02_VIA_US_Macro_Template.html","24362","2026-06-02 19:11:54","4AAC936EC98D5890E80A7DB436087BF9D9497F70F7C7960984FAAF9556071F7D","True","True","False","False","True","LOW"
"VIA_US_Macro_Template.html","C:\Users\tonyk\Downloads\VeritasIntelligenceAnalytics\functional modules\VAP\ASSETS\SCOPE_COPY\VeritasIntelligenceAnalytics\functional modules\VHB\html_templates\VIA_US_Macro_Template.html","24362","2026-06-02 19:11:54","4AAC936EC98D5890E80A7DB436087BF9D9497F70F7C7960984FAAF9556071F7D","True","True","False","False","True","LOW"
"VIA_Macro_GDP_Identity_Console (2).html","C:\Users\tonyk\Downloads\VeritasIntelligenceAnalytics\functional modules\VAP\BACKUP\VHB_DELETE_ARCHIVE_RUN_20260609_054251_VHB_TO_VAP\VHB\html_templates\VIA_Macro_GDP_Identity_Console (2).html","34308","2026-06-02 18:38:41","69394DE931C353B82D433D01B11211BDF0D7F5B45DC4404F925E8421203C4E41","True","True","True","False","True","LOW"
"VIA_Macro_GDP_Identity_Console (2).html","C:\Users\tonyk\Downloads\VeritasIntelligenceAnalytics\functional modules\VAP\ASSETS\SCOPE_COPY\VeritasIntelligenceAnalytics\functional modules\VHB\html_templates\VIA_Macro_GDP_Identity_Console (2).html","34308","2026-06-02 18:38:41","69394DE931C353B82D433D01B11211BDF0D7F5B45DC4404F925E8421203C4E41","True","True","True","False","True","LOW"
"03_VIA_Macro_GDP_Identity_Console_(2).html","C:\Users\tonyk\Downloads\VeritasIntelligenceAnalytics\functional modules\VAP\TEMPLATE_WORKBENCH\SOURCES\03_VIA_Macro_GDP_Identity_Console_(2).html","34308","2026-06-02 18:38:41","69394DE931C353B82D433D01B11211BDF0D7F5B45DC4404F925E8421203C4E41","True","True","True","False","True","LOW"
"04_VIA_ActiveETF_Console_snapshot.html","C:\Users\tonyk\Downloads\VeritasIntelligenceAnalytics\functional modules\VAP\TEMPLATE_WORKBENCH\SOURCES\04_VIA_ActiveETF_Console_snapshot.html","1309549","2026-06-02 17:31:50","E239CF4F64487EB69C89407F9CF0BF7EF8F86F8CCF331E253CD0320C4A4868A0","True","True","True","True","True","LOW"
"05_VIA_US_Macro_Matrix_Dashboard.html","C:\Users\tonyk\Downloads\VeritasIntelligenceAnalytics\functional modules\VAP\TEMPLATE_WORKBENCH\SOURCES\05_VIA_US_Macro_Matrix_Dashboard.html","21023","2026-06-01 16:34:25","FA3AEB51D1F13372ABFA4E4898AE8F23D0249EE02C1BE78E69BFB60396C86E13","True","True","False","True","True","LOW"
"06_VIA_MACRO_DataMap_US_v3.html","C:\Users\tonyk\Downloads\VeritasIntelligenceAnalytics\functional modules\VAP\TEMPLATE_WORKBENCH\SOURCES\06_VIA_MACRO_DataMap_US_v3.html","87625","2026-06-01 09:18:11","63DBD986C8C14B377148EF107E517EA172AC5AD45FB6C73A8D9066A42B2F2FCC","True","True","True","False","True","LOW"
"07_VIA_MACRO_DataMap_v1.html","C:\Users\tonyk\Downloads\VeritasIntelligenceAnalytics\functional modules\VAP\TEMPLATE_WORKBENCH\SOURCES\07_VIA_MACRO_DataMap_v1.html","33862","2026-06-01 08:37:55","5F11E92A69A06598A8E937F7667B9D463DBD6BFF0658FA8FBC2579CFCC7D3823","True","True","True","False","True","LOW"
"08_VDF_v4.3_cockpit_(1).html","C:\Users\tonyk\Downloads\VeritasIntelligenceAnalytics\functional modules\VAP\TEMPLATE_WORKBENCH\SOURCES\08_VDF_v4.3_cockpit_(1).html","67955","2026-05-31 10:07:57","D7E8104648F07636A7F0F5792199E77838DC77FC6C86CCFB92C18C2E40822786","True","True","True","True","True","LOW"
"VIS_Supportive_Module_Index.html","C:\Users\tonyk\Downloads\VeritasIntelligenceAnalytics\functional modules\VAP\ASSETS\SCOPE_COPY\VeritasIntelligenceAnalytics\supportive modules\20_Registry_SSOT\VIS_Supportive_Module_Index.html","1934207","2026-05-23 09:00:08","8A38C287D890FC14051215C986E4A66FAB557AD62F5434E9ECFB0E5DC899B4C2","True","False","True","True","True","MEDIUM_REVIEW"
"VIS_Supportive_Module_Index.html","C:\Users\tonyk\Downloads\VeritasIntelligenceAnalytics\supportive modules\20_Registry_SSOT\VIS_Supportive_Module_Index.html","1934207","2026-05-23 09:00:08","8A38C287D890FC14051215C986E4A66FAB557AD62F5434E9ECFB0E5DC899B4C2","True","False","True","True","True","MEDIUM_REVIEW"
"VAP_V8_Master_Orchestrator_Report.html","C:\Users\tonyk\Downloads\VeritasIntelligenceAnalytics\functional modules\VAP\ASSETS\SCOPE_COPY\VAP\_output\VAP_V8_MASTER_20260507_233550\VAP_V8_Master_Orchestrator_Report.html","7539","2026-05-07 23:35:52","B1741350F497775DE514CF722D5FF269A9BE22A707015824D8E4E7D42D5999FF","True","False","True","True","True","MEDIUM_REVIEW"
"VAP_V8_Master_Orchestrator_Report.html","C:\Users\tonyk\Downloads\VeritasIntelligenceAnalytics\functional modules\VAP\INPUT\SOURCE_VAP_MODULE\_output\VAP_V8_MASTER_20260507_233550\VAP_V8_Master_Orchestrator_Report.html","7539","2026-05-07 23:35:52","B1741350F497775DE514CF722D5FF269A9BE22A707015824D8E4E7D42D5999FF","True","False","True","True","True","MEDIUM_REVIEW"
"AI_DASH_TECHNICAL_EVENT_TIMELINE_DATA_BOUND.html","C:\Users\tonyk\Downloads\VeritasIntelligenceAnalytics\functional modules\VAP\INPUT\SOURCE_VAP_MODULE\_output\VAP_V8_MASTER_20260507_233550\data_bound_dashboards\AI_DASH_TECHNICAL_EVENT_TIMELINE_DATA_BOUND.html","2292","2026-05-07 23:35:52","F9DD3BB8D88EDD685683855A42E53F42360A17F49F1F4C86F10138DEEB7BC48A","True","False","False","True","True","MEDIUM_REVIEW"
"AI_DASH_TECHNICAL_EVENT_TIMELINE_DATA_BOUND.html","C:\Users\tonyk\Downloads\VeritasIntelligenceAnalytics\functional modules\VAP\ASSETS\SCOPE_COPY\VAP\_output\VAP_V8_MASTER_20260507_233550\data_bound_dashboards\AI_DASH_TECHNICAL_EVENT_TIMELINE_DATA_BOUND.html","2292","2026-05-07 23:35:52","F9DD3BB8D88EDD685683855A42E53F42360A17F49F1F4C86F10138DEEB7BC48A","True","False","False","True","True","MEDIUM_REVIEW"
"AI_DASH_PRICE_FLOW_DUAL_AXIS_WORKBENCH_DATA_BOUND.html","C:\Users\tonyk\Downloads\VeritasIntelligenceAnalytics\functional modules\VAP\INPUT\SOURCE_VAP_MODULE\_output\VAP_V8_MASTER_20260507_233550\data_bound_dashboards\AI_DASH_PRICE_FLOW_DUAL_AXIS_WORKBENCH_DATA_BOUND.html","2292","2026-05-07 23:35:52","C7D1BB2D916D5C14547C86933A32E4C8C86451E8FDAA6D7B9538058B4B4CBE46","True","False","False","False","True","MEDIUM_REVIEW"
"AI_DASH_GLOBAL_ETF_FLOW_OVERVIEW_DATA_BOUND.html","C:\Users\tonyk\Downloads\VeritasIntelligenceAnalytics\functional modules\VAP\INPUT\SOURCE_VAP_MODULE\_output\VAP_V8_MASTER_20260507_233550\data_bound_dashboards\AI_DASH_GLOBAL_ETF_FLOW_OVERVIEW_DATA_BOUND.html","2285","2026-05-07 23:35:52","F56FD2EA8421D4F9926E2BDA80C570479FB525B10F0E332208CADB5AECA2CE13","True","False","False","False","True","MEDIUM_REVIEW"
"AI_DASH_GLOBAL_ETF_FLOW_OVERVIEW_DATA_BOUND.html","C:\Users\tonyk\Downloads\VeritasIntelligenceAnalytics\functional modules\VAP\ASSETS\SCOPE_COPY\VAP\_output\VAP_V8_MASTER_20260507_233550\data_bound_dashboards\AI_DASH_GLOBAL_ETF_FLOW_OVERVIEW_DATA_BOUND.html","2285","2026-05-07 23:35:52","F56FD2EA8421D4F9926E2BDA80C570479FB525B10F0E332208CADB5AECA2CE13","True","False","False","False","True","MEDIUM_REVIEW"
"AI_DASH_PRICE_FLOW_DUAL_AXIS_WORKBENCH_DATA_BOUND.html","C:\Users\tonyk\Downloads\VeritasIntelligenceAnalytics\functional modules\VAP\ASSETS\SCOPE_COPY\VAP\_output\VAP_V8_MASTER_20260507_233550\data_bound_dashboards\AI_DASH_PRICE_FLOW_DUAL_AXIS_WORKBENCH_DATA_BOUND.html","2292","2026-05-07 23:35:52","C7D1BB2D916D5C14547C86933A32E4C8C86451E8FDAA6D7B9538058B4B4CBE46","True","False","False","False","True","MEDIUM_REVIEW"
"VAP_Panorama_Maturity_Optimization_Report.html","C:\Users\tonyk\Downloads\VeritasIntelligenceAnalytics\functional modules\VAP\INPUT\SOURCE_VAP_MODULE\_output\VAP_PANORAMA_MATURITY_OPT_20260507_230210\VAP_Panorama_Maturity_Optimization_Report.html","15541","2026-05-07 23:02:13","DD26D495F301F326A1E80A864328BB56FEC6BDCA3ED8A33BA0D5B43CA8C01B06","True","False","True","True","True","MEDIUM_REVIEW"
"VAP_Panorama_Maturity_Optimization_Report.html","C:\Users\tonyk\Downloads\VeritasIntelligenceAnalytics\functional modules\VAP\ASSETS\SCOPE_COPY\VAP\_output\VAP_PANORAMA_MATURITY_OPT_20260507_230210\VAP_Panorama_Maturity_Optimization_Report.html","15541","2026-05-07 23:02:13","DD26D495F301F326A1E80A864328BB56FEC6BDCA3ED8A33BA0D5B43CA8C01B06","True","False","True","True","True","MEDIUM_REVIEW"
"VAP_Panorama_Maturity_Optimization_Report.html","C:\Users\tonyk\Downloads\VeritasIntelligenceAnalytics\functional modules\VAP\ASSETS\SCOPE_COPY\VAP\_output\VAP_PANORAMA_MATURITY_OPT_20260507_110152\VAP_Panorama_Maturity_Optimization_Report.html","14988","2026-05-07 11:02:01","8FBC87EC0D69560C653E1CA7544E5151520609982112EAA3B44626D3B694DAA8","True","False","True","True","True","MEDIUM_REVIEW"
"VAP_Panorama_Maturity_Optimization_Report.html","C:\Users\tonyk\Downloads\VeritasIntelligenceAnalytics\functional modules\VAP\INPUT\SOURCE_VAP_MODULE\_output\VAP_PANORAMA_MATURITY_OPT_20260507_110152\VAP_Panorama_Maturity_Optimization_Report.html","14988","2026-05-07 11:02:01","8FBC87EC0D69560C653E1CA7544E5151520609982112EAA3B44626D3B694DAA8","True","False","True","True","True","MEDIUM_REVIEW"
"VAP_Warehouse_V7_Quant_Intelligence_Report.html","C:\Users\tonyk\Downloads\VeritasIntelligenceAnalytics\functional modules\VAP\INPUT\SOURCE_VAP_MODULE\_output\VAP_WAREHOUSE_V7_QUANT_20260507_104041\VAP_Warehouse_V7_Quant_Intelligence_Report.html","6059","2026-05-07 10:40:45","0AEF6E1FC3D0B5408C8906C5818874ADDA9321825592EE2846E79AB2164E14D4","True","False","True","True","True","MEDIUM_REVIEW"
"VAP_Warehouse_V7_Quant_Intelligence_Report.html","C:\Users\tonyk\Downloads\VeritasIntelligenceAnalytics\functional modules\VAP\ASSETS\SCOPE_COPY\VAP\_output\VAP_WAREHOUSE_V7_QUANT_20260507_104041\VAP_Warehouse_V7_Quant_Intelligence_Report.html","6059","2026-05-07 10:40:45","0AEF6E1FC3D0B5408C8906C5818874ADDA9321825592EE2846E79AB2164E14D4","True","False","True","True","True","MEDIUM_REVIEW"
"VAP_Warehouse_V6_Workstation_Report.html","C:\Users\tonyk\Downloads\VeritasIntelligenceAnalytics\functional modules\VAP\INPUT\SOURCE_VAP_MODULE\_output\VAP_WAREHOUSE_V6_ALL_20260507_100922\VAP_Warehouse_V6_Workstation_Report.html","25990","2026-05-07 10:09:27","F47638100FD39AE23096962E0D3D4438EBC605F125CDC225196333C1A02678EE","True","False","True","True","True","MEDIUM_REVIEW"
"VAP_Warehouse_V6_Workstation_Report.html","C:\Users\tonyk\Downloads\VeritasIntelligenceAnalytics\functional modules\VAP\ASSETS\SCOPE_COPY\VAP\_output\VAP_WAREHOUSE_V6_ALL_20260507_100922\VAP_Warehouse_V6_Workstation_Report.html","25990","2026-05-07 10:09:27","F47638100FD39AE23096962E0D3D4438EBC605F125CDC225196333C1A02678EE","True","False","True","True","True","MEDIUM_REVIEW"
"AI_DASH_GLOBAL_ETF_FLOW_OVERVIEW.html","C:\Users\tonyk\Downloads\VeritasIntelligenceAnalytics\functional modules\VAP\ASSETS\SCOPE_COPY\VAP\_output\VAP_WAREHOUSE_V6_ALL_20260507_100922\dashboards\AI_DASH_GLOBAL_ETF_FLOW_OVERVIEW.html","2132","2026-05-07 10:09:27","9837B7F6CA4AAC75D1344A8731819BF96B12B387ED971AB7D0BAF0060140C719","True","False","False","False","True","MEDIUM_REVIEW"
"AI_DASH_PRICE_FLOW_DUAL_AXIS_WORKBENCH.html","C:\Users\tonyk\Downloads\VeritasIntelligenceAnalytics\functional modules\VAP\ASSETS\SCOPE_COPY\VAP\_output\VAP_WAREHOUSE_V6_ALL_20260507_100922\dashboards\AI_DASH_PRICE_FLOW_DUAL_AXIS_WORKBENCH.html","2139","2026-05-07 10:09:27","22D0BFF3053176372A384398B098AE9AB486D3C7E14C3DF4E9D0D0289D024FC7","True","False","False","False","True","MEDIUM_REVIEW"
"AI_DASH_TECHNICAL_EVENT_TIMELINE.html","C:\Users\tonyk\Downloads\VeritasIntelligenceAnalytics\functional modules\VAP\ASSETS\SCOPE_COPY\VAP\_output\VAP_WAREHOUSE_V6_ALL_20260507_100922\dashboards\AI_DASH_TECHNICAL_EVENT_TIMELINE.html","2139","2026-05-07 10:09:27","1485CAEAA1243ACC4B4F641543FD44FF6A59261F2519FD60042F51F011B96943","True","False","False","True","True","MEDIUM_REVIEW"
"AI_DASH_TECHNICAL_EVENT_TIMELINE.html","C:\Users\tonyk\Downloads\VeritasIntelligenceAnalytics\functional modules\VAP\INPUT\SOURCE_VAP_MODULE\_output\VAP_WAREHOUSE_V6_ALL_20260507_100922\dashboards\AI_DASH_TECHNICAL_EVENT_TIMELINE.html","2139","2026-05-07 10:09:27","1485CAEAA1243ACC4B4F641543FD44FF6A59261F2519FD60042F51F011B96943","True","False","False","True","True","MEDIUM_REVIEW"
"AI_DASH_PRICE_FLOW_DUAL_AXIS_WORKBENCH.html","C:\Users\tonyk\Downloads\VeritasIntelligenceAnalytics\functional modules\VAP\INPUT\SOURCE_VAP_MODULE\_output\VAP_WAREHOUSE_V6_ALL_20260507_100922\dashboards\AI_DASH_PRICE_FLOW_DUAL_AXIS_WORKBENCH.html","2139","2026-05-07 10:09:27","22D0BFF3053176372A384398B098AE9AB486D3C7E14C3DF4E9D0D0289D024FC7","True","False","False","False","True","MEDIUM_REVIEW"
"AI_DASH_GLOBAL_ETF_FLOW_OVERVIEW.html","C:\Users\tonyk\Downloads\VeritasIntelligenceAnalytics\functional modules\VAP\INPUT\SOURCE_VAP_MODULE\_output\VAP_WAREHOUSE_V6_ALL_20260507_100922\dashboards\AI_DASH_GLOBAL_ETF_FLOW_OVERVIEW.html","2132","2026-05-07 10:09:27","9837B7F6CA4AAC75D1344A8731819BF96B12B387ED971AB7D0BAF0060140C719","True","False","False","False","True","MEDIUM_REVIEW"
"VAP_Warehouse_V5_Next3_Report.html","C:\Users\tonyk\Downloads\VeritasIntelligenceAnalytics\functional modules\VAP\ASSETS\SCOPE_COPY\VAP\_output\VAP_WAREHOUSE_V5_NEXT3_20260506_231125\VAP_Warehouse_V5_Next3_Report.html","20358","2026-05-06 23:11:27","500009FED79DCDCEC9FACCE40DCF2A8A161656C20DE55C82230EDED11BE0B7C6","True","False","True","True","True","MEDIUM_REVIEW"
"VAP_Warehouse_V5_Next3_Report.html","C:\Users\tonyk\Downloads\VeritasIntelligenceAnalytics\functional modules\VAP\INPUT\SOURCE_VAP_MODULE\_output\VAP_WAREHOUSE_V5_NEXT3_20260506_231125\VAP_Warehouse_V5_Next3_Report.html","20358","2026-05-06 23:11:27","500009FED79DCDCEC9FACCE40DCF2A8A161656C20DE55C82230EDED11BE0B7C6","True","False","True","True","True","MEDIUM_REVIEW"
"VAP_Project_Completion_Handover_v2.html","C:\Users\tonyk\Downloads\VeritasIntelligenceAnalytics\functional modules\VAP\ASSETS\SCOPE_COPY\VAP\_output\VAP_PROJECT_COMPLETION_V2_20260506_225531\VAP_Project_Completion_Handover_v2.html","6453","2026-05-06 22:55:33","DFCACFB84F004A49D99BCA54EDCC57869F51671732D0468C5DC9DB91048CCCD0","True","False","True","False","True","MEDIUM_REVIEW"
"VAP_Project_Completion_Handover_v2.html","C:\Users\tonyk\Downloads\VeritasIntelligenceAnalytics\functional modules\VAP\INPUT\SOURCE_VAP_MODULE\_output\VAP_PROJECT_COMPLETION_V2_20260506_225531\VAP_Project_Completion_Handover_v2.html","6453","2026-05-06 22:55:33","DFCACFB84F004A49D99BCA54EDCC57869F51671732D0468C5DC9DB91048CCCD0","True","False","True","False","True","MEDIUM_REVIEW"
"VAP_Project_Completion_Handover.html","C:\Users\tonyk\Downloads\VeritasIntelligenceAnalytics\functional modules\VAP\ASSETS\SCOPE_COPY\VAP\_output\VAP_PROJECT_COMPLETION_20260506_224841\VAP_Project_Completion_Handover.html","6399","2026-05-06 22:48:43","783E80C81FCE900F9C5A5D4D6FB72526961C5564181F3C10BFBCB1A10223D2EE","True","False","True","False","True","MEDIUM_REVIEW"
"VAP_Project_Completion_Handover.html","C:\Users\tonyk\Downloads\VeritasIntelligenceAnalytics\functional modules\VAP\INPUT\SOURCE_VAP_MODULE\_output\VAP_PROJECT_COMPLETION_20260506_224841\VAP_Project_Completion_Handover.html","6399","2026-05-06 22:48:43","783E80C81FCE900F9C5A5D4D6FB72526961C5564181F3C10BFBCB1A10223D2EE","True","False","True","False","True","MEDIUM_REVIEW"
"VAP_Warehouse_V4_Intelligence_Report.html","C:\Users\tonyk\Downloads\VeritasIntelligenceAnalytics\functional modules\VAP\INPUT\SOURCE_VAP_MODULE\_output\VAP_WAREHOUSE_V4_20260506_222535\VAP_Warehouse_V4_Intelligence_Report.html","101645","2026-05-06 22:25:41","540FC9E3E6DD93EFBF7FA891F0820CBC8C51E569BD486020B96066CF4DDA82AB","True","False","True","True","True","MEDIUM_REVIEW"
"VAP_Warehouse_V4_Intelligence_Report.html","C:\Users\tonyk\Downloads\VeritasIntelligenceAnalytics\functional modules\VAP\ASSETS\SCOPE_COPY\VAP\_output\VAP_WAREHOUSE_V4_20260506_222535\VAP_Warehouse_V4_Intelligence_Report.html","101645","2026-05-06 22:25:41","540FC9E3E6DD93EFBF7FA891F0820CBC8C51E569BD486020B96066CF4DDA82AB","True","False","True","True","True","MEDIUM_REVIEW"
"VAP_DuckDB_Parquet_Warehouse_Report.html","C:\Users\tonyk\Downloads\VeritasIntelligenceAnalytics\functional modules\VAP\INPUT\SOURCE_VAP_MODULE\_output\VAP_DUCKDB_PARQUET_20260506_221932\VAP_DuckDB_Parquet_Warehouse_Report.html","35204","2026-05-06 22:19:36","E922543405F4C1144B3E89E3961C8E5F38CE8D440AABB94E9CA457B6341B2CE0","True","False","True","True","True","MEDIUM_REVIEW"
"VAP_DuckDB_Parquet_Warehouse_Report.html","C:\Users\tonyk\Downloads\VeritasIntelligenceAnalytics\functional modules\VAP\ASSETS\SCOPE_COPY\VAP\_output\VAP_DUCKDB_PARQUET_20260506_221932\VAP_DuckDB_Parquet_Warehouse_Report.html","35204","2026-05-06 22:19:36","E922543405F4C1144B3E89E3961C8E5F38CE8D440AABB94E9CA457B6341B2CE0","True","False","True","True","True","MEDIUM_REVIEW"
"VAP_Intelligence_Optimize_Report_v3.html","C:\Users\tonyk\Downloads\VeritasIntelligenceAnalytics\functional modules\VAP\ASSETS\SCOPE_COPY\VAP\_output\VAP_BASE_HOME_IO_20260506_210324\VAP_Intelligence_Optimize_Report_v3.html","37447","2026-05-06 22:03:44","8879F34E4AC0848F52563F06353EAF0BE3CD14394FBAD2A9BBEEA905DA3DDEBA","True","False","True","True","True","MEDIUM_REVIEW"
"VAP_Intelligence_Optimize_Report_v3.html","C:\Users\tonyk\Downloads\VeritasIntelligenceAnalytics\functional modules\VAP\INPUT\SOURCE_VAP_MODULE\_output\VAP_BASE_HOME_IO_20260506_210324\VAP_Intelligence_Optimize_Report_v3.html","37447","2026-05-06 22:03:44","8879F34E4AC0848F52563F06353EAF0BE3CD14394FBAD2A9BBEEA905DA3DDEBA","True","False","True","True","True","MEDIUM_REVIEW"
"VAP_Base_Home_WindowsIO_TemplateLibrary.html","C:\Users\tonyk\Downloads\VeritasIntelligenceAnalytics\functional modules\VAP\ASSETS\SCOPE_COPY\VAP\_output\VAP_BASE_HOME_IO_20260506_210324\VAP_Base_Home_WindowsIO_TemplateLibrary.html","4782936","2026-05-06 22:03:43","3D1A9FA533E13FE5ADF4649AA8DFAC7822A29D944F0EB5CE03D97D39FD31FF0E","True","True","True","True","True","LOW"
"VAP_Base_Home_WindowsIO_TemplateLibrary.html","C:\Users\tonyk\Downloads\VeritasIntelligenceAnalytics\functional modules\VAP\INPUT\SOURCE_VAP_MODULE\_output\VAP_BASE_HOME_IO_20260506_210324\VAP_Base_Home_WindowsIO_TemplateLibrary.html","4782936","2026-05-06 22:03:43","3D1A9FA533E13FE5ADF4649AA8DFAC7822A29D944F0EB5CE03D97D39FD31FF0E","True","True","True","True","True","LOW"
