report_id,file_id,tw_ticker,company_name,broker,report_date,period,fiscal_year,fiscal_quarter,statement,account_canonical,account_alias,value,value_raw,unit,currency,source_table_id,source_page,source_text,source_text_hash,value_index,historical_check_confidence,historical_check,add_sub_check_confidence,add_sub_check,division_check_confidence,division_check,final_trust_confidence,final_trust_band,validation_status,source_stage,source_path,ingested_at,record_hash
33280450a5af073c2547,dc367a89b6fb,4771,,兆豐,2026-05-19,2026Q1,2026,Q1,IS,eps,EPS,30.0,+30%,%,TWD,,1," 
評等分級：買進（預期未來六個月股價漲輻超過+30%）; 逢低買進（預期未來六個月股價漲輻介於+15%與+30%之間）; 區間操
作（預期未來六個月股價漲跌輻介於-15%與+15%之間）; 逢高賣出（預期未來六個月股價跌輻介於-15%與-30%之間）；賣出（預
期未來六個月股價跌輻超過-30%）。 
本刊所刊載之內容僅做為參考，惟已力求正確與完整，但因時間及市場客觀因素改變所造成產業、市場或個股之相關條件改變，投資人需自行考量
投資之需求與風險，本公司恕不負擔任何法律責任。任何轉載或引用本報告內容必須經本公司同意。 
 
- 1 - 
個股報告 
 望隼(4771) 
2026 年營收及獲利持續成長 
投資評等 
目標價 
逢低買進 
$238 
前次投資建議2026.03.25： 
「逢低買進」，目標價：$233 
 
 
報告日期：2026.05.19 
研 究 員：鄭師安 
 
摘 要 及 調 整 原 因 
➢ 受惠中國市場訂單回籠及日本市場新產品陸續出貨，2026 年營收及獲利可望續創歷史新高，
投資評等維持「逢低買進」，6 個月目標價238 元(15X 26(F)PER)，潛在上漲空間28%。 
 
基本資料 
結論與建議 
2026/05/18 
收盤價： 
186.5 ➢ 公司26Q1 營收10.31 億元，YoY+27.2%，毛利率40.99%，
稅後淨利2.15 億元，YoY+11.4%，EPS 3.66 元，獲利略
低於預期。25H2 中國及日本需求開始增加，中國市場需求
特別強勁，許多中國客戶在雙11 之後仍來洽詢訂單。 
➢ 公司認為今年營收季季高，雖然價格競爭持續，但有收斂
的跡象，相關壓力輕很多，全年毛利率目標41%。2026
年1~4 月日本營收衰退的原因是去年同期日本客戶有新品
大量出貨，加上有些訂單遞延到26Q2 出，中國彩片需求
非常暢旺，剛性需求明顯上來。矽水膠26Q1 才取證，公
司看好逐季的營收貢獻。 
➢ 日本市場對矽水膠產品的需求持續成長，今年持續推矽水
膠日彩，預計26H2 營收比重2~5%，矽水膠客單價比較
高，所以先打日本市場，中國市場目前還是以水膠為主，
公司不希望矽水膠產品以低價搶市。 
➢ 目前兩岸月產能共5,905 萬片，產能滿載中。新產能部分，
今年積極建置新產線，26Q3 會擴到6,920 萬片/月，",fc1129ab094b6b5528a862e0,1,,PENDING,,PENDING,,PENDING,0.50,ORANGE,STAGE_TABLELIKE_EXPANSION_REVIEW,VRN_1D1_REPORTTEXT_TABLELIKE_EXPANSION,C:\Users\tonyk\OneDrive\VeritasIntelligenceAnalytics\module\VRN\output\_route_lock_runs\RUN_20260525_195119_VRN_GO_M01_60PDF_FULL_V120\full_input_60pdf\20260519兆豐個股報告-望隼(4771).pdf,2026-06-15T16:25:25.760891,4d2c3f35199a638c4d517597214827f80e50f2a5
33280450a5af073c2547,dc367a89b6fb,4771,,兆豐,2026-05-19,2026Q1,2026,Q1,IS,eps,EPS,15.0,+15%,%,TWD,,1," 
評等分級：買進（預期未來六個月股價漲輻超過+30%）; 逢低買進（預期未來六個月股價漲輻介於+15%與+30%之間）; 區間操
作（預期未來六個月股價漲跌輻介於-15%與+15%之間）; 逢高賣出（預期未來六個月股價跌輻介於-15%與-30%之間）；賣出（預
期未來六個月股價跌輻超過-30%）。 
本刊所刊載之內容僅做為參考，惟已力求正確與完整，但因時間及市場客觀因素改變所造成產業、市場或個股之相關條件改變，投資人需自行考量
投資之需求與風險，本公司恕不負擔任何法律責任。任何轉載或引用本報告內容必須經本公司同意。 
 
- 1 - 
個股報告 
 望隼(4771) 
2026 年營收及獲利持續成長 
投資評等 
目標價 
逢低買進 
$238 
前次投資建議2026.03.25： 
「逢低買進」，目標價：$233 
 
 
報告日期：2026.05.19 
研 究 員：鄭師安 
 
摘 要 及 調 整 原 因 
➢ 受惠中國市場訂單回籠及日本市場新產品陸續出貨，2026 年營收及獲利可望續創歷史新高，
投資評等維持「逢低買進」，6 個月目標價238 元(15X 26(F)PER)，潛在上漲空間28%。 
 
基本資料 
結論與建議 
2026/05/18 
收盤價： 
186.5 ➢ 公司26Q1 營收10.31 億元，YoY+27.2%，毛利率40.99%，
稅後淨利2.15 億元，YoY+11.4%，EPS 3.66 元，獲利略
低於預期。25H2 中國及日本需求開始增加，中國市場需求
特別強勁，許多中國客戶在雙11 之後仍來洽詢訂單。 
➢ 公司認為今年營收季季高，雖然價格競爭持續，但有收斂
的跡象，相關壓力輕很多，全年毛利率目標41%。2026
年1~4 月日本營收衰退的原因是去年同期日本客戶有新品
大量出貨，加上有些訂單遞延到26Q2 出，中國彩片需求
非常暢旺，剛性需求明顯上來。矽水膠26Q1 才取證，公
司看好逐季的營收貢獻。 
➢ 日本市場對矽水膠產品的需求持續成長，今年持續推矽水
膠日彩，預計26H2 營收比重2~5%，矽水膠客單價比較
高，所以先打日本市場，中國市場目前還是以水膠為主，
公司不希望矽水膠產品以低價搶市。 
➢ 目前兩岸月產能共5,905 萬片，產能滿載中。新產能部分，
今年積極建置新產線，26Q3 會擴到6,920 萬片/月，",fc1129ab094b6b5528a862e0,2,,PENDING,,PENDING,,PENDING,0.50,ORANGE,STAGE_TABLELIKE_EXPANSION_REVIEW,VRN_1D1_REPORTTEXT_TABLELIKE_EXPANSION,C:\Users\tonyk\OneDrive\VeritasIntelligenceAnalytics\module\VRN\output\_route_lock_runs\RUN_20260525_195119_VRN_GO_M01_60PDF_FULL_V120\full_input_60pdf\20260519兆豐個股報告-望隼(4771).pdf,2026-06-15T16:25:25.760908,40769d4fc5e5afe59ba8ce81c5feba71a1001639
33280450a5af073c2547,dc367a89b6fb,4771,,兆豐,2026-05-19,2026Q1,2026,Q1,IS,eps,EPS,30.0,+30%,%,TWD,,1," 
評等分級：買進（預期未來六個月股價漲輻超過+30%）; 逢低買進（預期未來六個月股價漲輻介於+15%與+30%之間）; 區間操
作（預期未來六個月股價漲跌輻介於-15%與+15%之間）; 逢高賣出（預期未來六個月股價跌輻介於-15%與-30%之間）；賣出（預
期未來六個月股價跌輻超過-30%）。 
本刊所刊載之內容僅做為參考，惟已力求正確與完整，但因時間及市場客觀因素改變所造成產業、市場或個股之相關條件改變，投資人需自行考量
投資之需求與風險，本公司恕不負擔任何法律責任。任何轉載或引用本報告內容必須經本公司同意。 
 
- 1 - 
個股報告 
 望隼(4771) 
2026 年營收及獲利持續成長 
投資評等 
目標價 
逢低買進 
$238 
前次投資建議2026.03.25： 
「逢低買進」，目標價：$233 
 
 
報告日期：2026.05.19 
研 究 員：鄭師安 
 
摘 要 及 調 整 原 因 
➢ 受惠中國市場訂單回籠及日本市場新產品陸續出貨，2026 年營收及獲利可望續創歷史新高，
投資評等維持「逢低買進」，6 個月目標價238 元(15X 26(F)PER)，潛在上漲空間28%。 
 
基本資料 
結論與建議 
2026/05/18 
收盤價： 
186.5 ➢ 公司26Q1 營收10.31 億元，YoY+27.2%，毛利率40.99%，
稅後淨利2.15 億元，YoY+11.4%，EPS 3.66 元，獲利略
低於預期。25H2 中國及日本需求開始增加，中國市場需求
特別強勁，許多中國客戶在雙11 之後仍來洽詢訂單。 
➢ 公司認為今年營收季季高，雖然價格競爭持續，但有收斂
的跡象，相關壓力輕很多，全年毛利率目標41%。2026
年1~4 月日本營收衰退的原因是去年同期日本客戶有新品
大量出貨，加上有些訂單遞延到26Q2 出，中國彩片需求
非常暢旺，剛性需求明顯上來。矽水膠26Q1 才取證，公
司看好逐季的營收貢獻。 
➢ 日本市場對矽水膠產品的需求持續成長，今年持續推矽水
膠日彩，預計26H2 營收比重2~5%，矽水膠客單價比較
高，所以先打日本市場，中國市場目前還是以水膠為主，
公司不希望矽水膠產品以低價搶市。 
➢ 目前兩岸月產能共5,905 萬片，產能滿載中。新產能部分，
今年積極建置新產線，26Q3 會擴到6,920 萬片/月，",fc1129ab094b6b5528a862e0,3,,PENDING,,PENDING,,PENDING,0.50,ORANGE,STAGE_TABLELIKE_EXPANSION_REVIEW,VRN_1D1_REPORTTEXT_TABLELIKE_EXPANSION,C:\Users\tonyk\OneDrive\VeritasIntelligenceAnalytics\module\VRN\output\_route_lock_runs\RUN_20260525_195119_VRN_GO_M01_60PDF_FULL_V120\full_input_60pdf\20260519兆豐個股報告-望隼(4771).pdf,2026-06-15T16:25:25.760919,899e5649acd0ea7d706e6c003318cd3793f05e9d
33280450a5af073c2547,dc367a89b6fb,4771,,兆豐,2026-05-19,2026Q1,2026,Q1,IS,eps,EPS,-15.0,-15%,%,TWD,,1," 
評等分級：買進（預期未來六個月股價漲輻超過+30%）; 逢低買進（預期未來六個月股價漲輻介於+15%與+30%之間）; 區間操
作（預期未來六個月股價漲跌輻介於-15%與+15%之間）; 逢高賣出（預期未來六個月股價跌輻介於-15%與-30%之間）；賣出（預
期未來六個月股價跌輻超過-30%）。 
本刊所刊載之內容僅做為參考，惟已力求正確與完整，但因時間及市場客觀因素改變所造成產業、市場或個股之相關條件改變，投資人需自行考量
投資之需求與風險，本公司恕不負擔任何法律責任。任何轉載或引用本報告內容必須經本公司同意。 
 
- 1 - 
個股報告 
 望隼(4771) 
2026 年營收及獲利持續成長 
投資評等 
目標價 
逢低買進 
$238 
前次投資建議2026.03.25： 
「逢低買進」，目標價：$233 
 
 
報告日期：2026.05.19 
研 究 員：鄭師安 
 
摘 要 及 調 整 原 因 
➢ 受惠中國市場訂單回籠及日本市場新產品陸續出貨，2026 年營收及獲利可望續創歷史新高，
投資評等維持「逢低買進」，6 個月目標價238 元(15X 26(F)PER)，潛在上漲空間28%。 
 
基本資料 
結論與建議 
2026/05/18 
收盤價： 
186.5 ➢ 公司26Q1 營收10.31 億元，YoY+27.2%，毛利率40.99%，
稅後淨利2.15 億元，YoY+11.4%，EPS 3.66 元，獲利略
低於預期。25H2 中國及日本需求開始增加，中國市場需求
特別強勁，許多中國客戶在雙11 之後仍來洽詢訂單。 
➢ 公司認為今年營收季季高，雖然價格競爭持續，但有收斂
的跡象，相關壓力輕很多，全年毛利率目標41%。2026
年1~4 月日本營收衰退的原因是去年同期日本客戶有新品
大量出貨，加上有些訂單遞延到26Q2 出，中國彩片需求
非常暢旺，剛性需求明顯上來。矽水膠26Q1 才取證，公
司看好逐季的營收貢獻。 
➢ 日本市場對矽水膠產品的需求持續成長，今年持續推矽水
膠日彩，預計26H2 營收比重2~5%，矽水膠客單價比較
高，所以先打日本市場，中國市場目前還是以水膠為主，
公司不希望矽水膠產品以低價搶市。 
➢ 目前兩岸月產能共5,905 萬片，產能滿載中。新產能部分，
今年積極建置新產線，26Q3 會擴到6,920 萬片/月，",fc1129ab094b6b5528a862e0,4,,PENDING,,PENDING,,PENDING,0.50,ORANGE,STAGE_TABLELIKE_EXPANSION_REVIEW,VRN_1D1_REPORTTEXT_TABLELIKE_EXPANSION,C:\Users\tonyk\OneDrive\VeritasIntelligenceAnalytics\module\VRN\output\_route_lock_runs\RUN_20260525_195119_VRN_GO_M01_60PDF_FULL_V120\full_input_60pdf\20260519兆豐個股報告-望隼(4771).pdf,2026-06-15T16:25:25.760929,185f8c79def0bf71712d3c2c134de44388cb3033
33280450a5af073c2547,dc367a89b6fb,4771,,兆豐,2026-05-19,2026Q1,2026,Q1,IS,eps,EPS,15.0,+15%,%,TWD,,1," 
評等分級：買進（預期未來六個月股價漲輻超過+30%）; 逢低買進（預期未來六個月股價漲輻介於+15%與+30%之間）; 區間操
作（預期未來六個月股價漲跌輻介於-15%與+15%之間）; 逢高賣出（預期未來六個月股價跌輻介於-15%與-30%之間）；賣出（預
期未來六個月股價跌輻超過-30%）。 
本刊所刊載之內容僅做為參考，惟已力求正確與完整，但因時間及市場客觀因素改變所造成產業、市場或個股之相關條件改變，投資人需自行考量
投資之需求與風險，本公司恕不負擔任何法律責任。任何轉載或引用本報告內容必須經本公司同意。 
 
- 1 - 
個股報告 
 望隼(4771) 
2026 年營收及獲利持續成長 
投資評等 
目標價 
逢低買進 
$238 
前次投資建議2026.03.25： 
「逢低買進」，目標價：$233 
 
 
報告日期：2026.05.19 
研 究 員：鄭師安 
 
摘 要 及 調 整 原 因 
➢ 受惠中國市場訂單回籠及日本市場新產品陸續出貨，2026 年營收及獲利可望續創歷史新高，
投資評等維持「逢低買進」，6 個月目標價238 元(15X 26(F)PER)，潛在上漲空間28%。 
 
基本資料 
結論與建議 
2026/05/18 
收盤價： 
186.5 ➢ 公司26Q1 營收10.31 億元，YoY+27.2%，毛利率40.99%，
稅後淨利2.15 億元，YoY+11.4%，EPS 3.66 元，獲利略
低於預期。25H2 中國及日本需求開始增加，中國市場需求
特別強勁，許多中國客戶在雙11 之後仍來洽詢訂單。 
➢ 公司認為今年營收季季高，雖然價格競爭持續，但有收斂
的跡象，相關壓力輕很多，全年毛利率目標41%。2026
年1~4 月日本營收衰退的原因是去年同期日本客戶有新品
大量出貨，加上有些訂單遞延到26Q2 出，中國彩片需求
非常暢旺，剛性需求明顯上來。矽水膠26Q1 才取證，公
司看好逐季的營收貢獻。 
➢ 日本市場對矽水膠產品的需求持續成長，今年持續推矽水
膠日彩，預計26H2 營收比重2~5%，矽水膠客單價比較
高，所以先打日本市場，中國市場目前還是以水膠為主，
公司不希望矽水膠產品以低價搶市。 
➢ 目前兩岸月產能共5,905 萬片，產能滿載中。新產能部分，
今年積極建置新產線，26Q3 會擴到6,920 萬片/月，",fc1129ab094b6b5528a862e0,5,,PENDING,,PENDING,,PENDING,0.50,ORANGE,STAGE_TABLELIKE_EXPANSION_REVIEW,VRN_1D1_REPORTTEXT_TABLELIKE_EXPANSION,C:\Users\tonyk\OneDrive\VeritasIntelligenceAnalytics\module\VRN\output\_route_lock_runs\RUN_20260525_195119_VRN_GO_M01_60PDF_FULL_V120\full_input_60pdf\20260519兆豐個股報告-望隼(4771).pdf,2026-06-15T16:25:25.760938,64566217929a12819799fd4b80f2251b114d94f9
33280450a5af073c2547,dc367a89b6fb,4771,,兆豐,2026-05-19,2026Q1,2026,Q1,IS,eps,EPS,-15.0,-15%,%,TWD,,1," 
評等分級：買進（預期未來六個月股價漲輻超過+30%）; 逢低買進（預期未來六個月股價漲輻介於+15%與+30%之間）; 區間操
作（預期未來六個月股價漲跌輻介於-15%與+15%之間）; 逢高賣出（預期未來六個月股價跌輻介於-15%與-30%之間）；賣出（預
期未來六個月股價跌輻超過-30%）。 
本刊所刊載之內容僅做為參考，惟已力求正確與完整，但因時間及市場客觀因素改變所造成產業、市場或個股之相關條件改變，投資人需自行考量
投資之需求與風險，本公司恕不負擔任何法律責任。任何轉載或引用本報告內容必須經本公司同意。 
 
- 1 - 
個股報告 
 望隼(4771) 
2026 年營收及獲利持續成長 
投資評等 
目標價 
逢低買進 
$238 
前次投資建議2026.03.25： 
「逢低買進」，目標價：$233 
 
 
報告日期：2026.05.19 
研 究 員：鄭師安 
 
摘 要 及 調 整 原 因 
➢ 受惠中國市場訂單回籠及日本市場新產品陸續出貨，2026 年營收及獲利可望續創歷史新高，
投資評等維持「逢低買進」，6 個月目標價238 元(15X 26(F)PER)，潛在上漲空間28%。 
 
基本資料 
結論與建議 
2026/05/18 
收盤價： 
186.5 ➢ 公司26Q1 營收10.31 億元，YoY+27.2%，毛利率40.99%，
稅後淨利2.15 億元，YoY+11.4%，EPS 3.66 元，獲利略
低於預期。25H2 中國及日本需求開始增加，中國市場需求
特別強勁，許多中國客戶在雙11 之後仍來洽詢訂單。 
➢ 公司認為今年營收季季高，雖然價格競爭持續，但有收斂
的跡象，相關壓力輕很多，全年毛利率目標41%。2026
年1~4 月日本營收衰退的原因是去年同期日本客戶有新品
大量出貨，加上有些訂單遞延到26Q2 出，中國彩片需求
非常暢旺，剛性需求明顯上來。矽水膠26Q1 才取證，公
司看好逐季的營收貢獻。 
➢ 日本市場對矽水膠產品的需求持續成長，今年持續推矽水
膠日彩，預計26H2 營收比重2~5%，矽水膠客單價比較
高，所以先打日本市場，中國市場目前還是以水膠為主，
公司不希望矽水膠產品以低價搶市。 
➢ 目前兩岸月產能共5,905 萬片，產能滿載中。新產能部分，
今年積極建置新產線，26Q3 會擴到6,920 萬片/月，",fc1129ab094b6b5528a862e0,6,,PENDING,,PENDING,,PENDING,0.50,ORANGE,STAGE_TABLELIKE_EXPANSION_REVIEW,VRN_1D1_REPORTTEXT_TABLELIKE_EXPANSION,C:\Users\tonyk\OneDrive\VeritasIntelligenceAnalytics\module\VRN\output\_route_lock_runs\RUN_20260525_195119_VRN_GO_M01_60PDF_FULL_V120\full_input_60pdf\20260519兆豐個股報告-望隼(4771).pdf,2026-06-15T16:25:25.760948,f304b2f8b3380ef697c258e6fd75df13231be3da
33280450a5af073c2547,dc367a89b6fb,4771,,兆豐,2026-05-19,2026Q1,2026,Q1,IS,eps,EPS,-30.0,-30%,%,TWD,,1," 
評等分級：買進（預期未來六個月股價漲輻超過+30%）; 逢低買進（預期未來六個月股價漲輻介於+15%與+30%之間）; 區間操
作（預期未來六個月股價漲跌輻介於-15%與+15%之間）; 逢高賣出（預期未來六個月股價跌輻介於-15%與-30%之間）；賣出（預
期未來六個月股價跌輻超過-30%）。 
本刊所刊載之內容僅做為參考，惟已力求正確與完整，但因時間及市場客觀因素改變所造成產業、市場或個股之相關條件改變，投資人需自行考量
投資之需求與風險，本公司恕不負擔任何法律責任。任何轉載或引用本報告內容必須經本公司同意。 
 
- 1 - 
個股報告 
 望隼(4771) 
2026 年營收及獲利持續成長 
投資評等 
目標價 
逢低買進 
$238 
前次投資建議2026.03.25： 
「逢低買進」，目標價：$233 
 
 
報告日期：2026.05.19 
研 究 員：鄭師安 
 
摘 要 及 調 整 原 因 
➢ 受惠中國市場訂單回籠及日本市場新產品陸續出貨，2026 年營收及獲利可望續創歷史新高，
投資評等維持「逢低買進」，6 個月目標價238 元(15X 26(F)PER)，潛在上漲空間28%。 
 
基本資料 
結論與建議 
2026/05/18 
收盤價： 
186.5 ➢ 公司26Q1 營收10.31 億元，YoY+27.2%，毛利率40.99%，
稅後淨利2.15 億元，YoY+11.4%，EPS 3.66 元，獲利略
低於預期。25H2 中國及日本需求開始增加，中國市場需求
特別強勁，許多中國客戶在雙11 之後仍來洽詢訂單。 
➢ 公司認為今年營收季季高，雖然價格競爭持續，但有收斂
的跡象，相關壓力輕很多，全年毛利率目標41%。2026
年1~4 月日本營收衰退的原因是去年同期日本客戶有新品
大量出貨，加上有些訂單遞延到26Q2 出，中國彩片需求
非常暢旺，剛性需求明顯上來。矽水膠26Q1 才取證，公
司看好逐季的營收貢獻。 
➢ 日本市場對矽水膠產品的需求持續成長，今年持續推矽水
膠日彩，預計26H2 營收比重2~5%，矽水膠客單價比較
高，所以先打日本市場，中國市場目前還是以水膠為主，
公司不希望矽水膠產品以低價搶市。 
➢ 目前兩岸月產能共5,905 萬片，產能滿載中。新產能部分，
今年積極建置新產線，26Q3 會擴到6,920 萬片/月，",fc1129ab094b6b5528a862e0,7,,PENDING,,PENDING,,PENDING,0.50,ORANGE,STAGE_TABLELIKE_EXPANSION_REVIEW,VRN_1D1_REPORTTEXT_TABLELIKE_EXPANSION,C:\Users\tonyk\OneDrive\VeritasIntelligenceAnalytics\module\VRN\output\_route_lock_runs\RUN_20260525_195119_VRN_GO_M01_60PDF_FULL_V120\full_input_60pdf\20260519兆豐個股報告-望隼(4771).pdf,2026-06-15T16:25:25.760958,cecb47a8c76efa749b601b9f3413903db463942a
33280450a5af073c2547,dc367a89b6fb,4771,,兆豐,2026-05-19,2026Q1,2026,Q1,IS,eps,EPS,-30.0,-30%,%,TWD,,1," 
評等分級：買進（預期未來六個月股價漲輻超過+30%）; 逢低買進（預期未來六個月股價漲輻介於+15%與+30%之間）; 區間操
作（預期未來六個月股價漲跌輻介於-15%與+15%之間）; 逢高賣出（預期未來六個月股價跌輻介於-15%與-30%之間）；賣出（預
期未來六個月股價跌輻超過-30%）。 
本刊所刊載之內容僅做為參考，惟已力求正確與完整，但因時間及市場客觀因素改變所造成產業、市場或個股之相關條件改變，投資人需自行考量
投資之需求與風險，本公司恕不負擔任何法律責任。任何轉載或引用本報告內容必須經本公司同意。 
 
- 1 - 
個股報告 
 望隼(4771) 
2026 年營收及獲利持續成長 
投資評等 
目標價 
逢低買進 
$238 
前次投資建議2026.03.25： 
「逢低買進」，目標價：$233 
 
 
報告日期：2026.05.19 
研 究 員：鄭師安 
 
摘 要 及 調 整 原 因 
➢ 受惠中國市場訂單回籠及日本市場新產品陸續出貨，2026 年營收及獲利可望續創歷史新高，
投資評等維持「逢低買進」，6 個月目標價238 元(15X 26(F)PER)，潛在上漲空間28%。 
 
基本資料 
結論與建議 
2026/05/18 
收盤價： 
186.5 ➢ 公司26Q1 營收10.31 億元，YoY+27.2%，毛利率40.99%，
稅後淨利2.15 億元，YoY+11.4%，EPS 3.66 元，獲利略
低於預期。25H2 中國及日本需求開始增加，中國市場需求
特別強勁，許多中國客戶在雙11 之後仍來洽詢訂單。 
➢ 公司認為今年營收季季高，雖然價格競爭持續，但有收斂
的跡象，相關壓力輕很多，全年毛利率目標41%。2026
年1~4 月日本營收衰退的原因是去年同期日本客戶有新品
大量出貨，加上有些訂單遞延到26Q2 出，中國彩片需求
非常暢旺，剛性需求明顯上來。矽水膠26Q1 才取證，公
司看好逐季的營收貢獻。 
➢ 日本市場對矽水膠產品的需求持續成長，今年持續推矽水
膠日彩，預計26H2 營收比重2~5%，矽水膠客單價比較
高，所以先打日本市場，中國市場目前還是以水膠為主，
公司不希望矽水膠產品以低價搶市。 
➢ 目前兩岸月產能共5,905 萬片，產能滿載中。新產能部分，
今年積極建置新產線，26Q3 會擴到6,920 萬片/月，",fc1129ab094b6b5528a862e0,8,,PENDING,,PENDING,,PENDING,0.50,ORANGE,STAGE_TABLELIKE_EXPANSION_REVIEW,VRN_1D1_REPORTTEXT_TABLELIKE_EXPANSION,C:\Users\tonyk\OneDrive\VeritasIntelligenceAnalytics\module\VRN\output\_route_lock_runs\RUN_20260525_195119_VRN_GO_M01_60PDF_FULL_V120\full_input_60pdf\20260519兆豐個股報告-望隼(4771).pdf,2026-06-15T16:25:25.760967,02322751639cff04350f412be7644b579335466e
33280450a5af073c2547,dc367a89b6fb,4771,,兆豐,2026-05-19,2026Q1,2026,Q1,IS,eps,EPS,1.0,1,%,TWD,,1," 
評等分級：買進（預期未來六個月股價漲輻超過+30%）; 逢低買進（預期未來六個月股價漲輻介於+15%與+30%之間）; 區間操
作（預期未來六個月股價漲跌輻介於-15%與+15%之間）; 逢高賣出（預期未來六個月股價跌輻介於-15%與-30%之間）；賣出（預
期未來六個月股價跌輻超過-30%）。 
本刊所刊載之內容僅做為參考，惟已力求正確與完整，但因時間及市場客觀因素改變所造成產業、市場或個股之相關條件改變，投資人需自行考量
投資之需求與風險，本公司恕不負擔任何法律責任。任何轉載或引用本報告內容必須經本公司同意。 
 
- 1 - 
個股報告 
 望隼(4771) 
2026 年營收及獲利持續成長 
投資評等 
目標價 
逢低買進 
$238 
前次投資建議2026.03.25： 
「逢低買進」，目標價：$233 
 
 
報告日期：2026.05.19 
研 究 員：鄭師安 
 
摘 要 及 調 整 原 因 
➢ 受惠中國市場訂單回籠及日本市場新產品陸續出貨，2026 年營收及獲利可望續創歷史新高，
投資評等維持「逢低買進」，6 個月目標價238 元(15X 26(F)PER)，潛在上漲空間28%。 
 
基本資料 
結論與建議 
2026/05/18 
收盤價： 
186.5 ➢ 公司26Q1 營收10.31 億元，YoY+27.2%，毛利率40.99%，
稅後淨利2.15 億元，YoY+11.4%，EPS 3.66 元，獲利略
低於預期。25H2 中國及日本需求開始增加，中國市場需求
特別強勁，許多中國客戶在雙11 之後仍來洽詢訂單。 
➢ 公司認為今年營收季季高，雖然價格競爭持續，但有收斂
的跡象，相關壓力輕很多，全年毛利率目標41%。2026
年1~4 月日本營收衰退的原因是去年同期日本客戶有新品
大量出貨，加上有些訂單遞延到26Q2 出，中國彩片需求
非常暢旺，剛性需求明顯上來。矽水膠26Q1 才取證，公
司看好逐季的營收貢獻。 
➢ 日本市場對矽水膠產品的需求持續成長，今年持續推矽水
膠日彩，預計26H2 營收比重2~5%，矽水膠客單價比較
高，所以先打日本市場，中國市場目前還是以水膠為主，
公司不希望矽水膠產品以低價搶市。 
➢ 目前兩岸月產能共5,905 萬片，產能滿載中。新產能部分，
今年積極建置新產線，26Q3 會擴到6,920 萬片/月，",fc1129ab094b6b5528a862e0,9,,PENDING,,PENDING,,PENDING,0.50,ORANGE,STAGE_TABLELIKE_EXPANSION_REVIEW,VRN_1D1_REPORTTEXT_TABLELIKE_EXPANSION,C:\Users\tonyk\OneDrive\VeritasIntelligenceAnalytics\module\VRN\output\_route_lock_runs\RUN_20260525_195119_VRN_GO_M01_60PDF_FULL_V120\full_input_60pdf\20260519兆豐個股報告-望隼(4771).pdf,2026-06-15T16:25:25.760990,fc6a92911622d6d91304e0602a7d2917e12605c4
33280450a5af073c2547,dc367a89b6fb,4771,,兆豐,2026-05-19,2026Q1,2026,Q1,IS,eps,EPS,4771.0,4771,%,TWD,,1," 
評等分級：買進（預期未來六個月股價漲輻超過+30%）; 逢低買進（預期未來六個月股價漲輻介於+15%與+30%之間）; 區間操
作（預期未來六個月股價漲跌輻介於-15%與+15%之間）; 逢高賣出（預期未來六個月股價跌輻介於-15%與-30%之間）；賣出（預
期未來六個月股價跌輻超過-30%）。 
本刊所刊載之內容僅做為參考，惟已力求正確與完整，但因時間及市場客觀因素改變所造成產業、市場或個股之相關條件改變，投資人需自行考量
投資之需求與風險，本公司恕不負擔任何法律責任。任何轉載或引用本報告內容必須經本公司同意。 
 
- 1 - 
個股報告 
 望隼(4771) 
2026 年營收及獲利持續成長 
投資評等 
目標價 
逢低買進 
$238 
前次投資建議2026.03.25： 
「逢低買進」，目標價：$233 
 
 
報告日期：2026.05.19 
研 究 員：鄭師安 
 
摘 要 及 調 整 原 因 
➢ 受惠中國市場訂單回籠及日本市場新產品陸續出貨，2026 年營收及獲利可望續創歷史新高，
投資評等維持「逢低買進」，6 個月目標價238 元(15X 26(F)PER)，潛在上漲空間28%。 
 
基本資料 
結論與建議 
2026/05/18 
收盤價： 
186.5 ➢ 公司26Q1 營收10.31 億元，YoY+27.2%，毛利率40.99%，
稅後淨利2.15 億元，YoY+11.4%，EPS 3.66 元，獲利略
低於預期。25H2 中國及日本需求開始增加，中國市場需求
特別強勁，許多中國客戶在雙11 之後仍來洽詢訂單。 
➢ 公司認為今年營收季季高，雖然價格競爭持續，但有收斂
的跡象，相關壓力輕很多，全年毛利率目標41%。2026
年1~4 月日本營收衰退的原因是去年同期日本客戶有新品
大量出貨，加上有些訂單遞延到26Q2 出，中國彩片需求
非常暢旺，剛性需求明顯上來。矽水膠26Q1 才取證，公
司看好逐季的營收貢獻。 
➢ 日本市場對矽水膠產品的需求持續成長，今年持續推矽水
膠日彩，預計26H2 營收比重2~5%，矽水膠客單價比較
高，所以先打日本市場，中國市場目前還是以水膠為主，
公司不希望矽水膠產品以低價搶市。 
➢ 目前兩岸月產能共5,905 萬片，產能滿載中。新產能部分，
今年積極建置新產線，26Q3 會擴到6,920 萬片/月，",fc1129ab094b6b5528a862e0,10,,PENDING,,PENDING,,PENDING,0.50,ORANGE,STAGE_TABLELIKE_EXPANSION_REVIEW,VRN_1D1_REPORTTEXT_TABLELIKE_EXPANSION,C:\Users\tonyk\OneDrive\VeritasIntelligenceAnalytics\module\VRN\output\_route_lock_runs\RUN_20260525_195119_VRN_GO_M01_60PDF_FULL_V120\full_input_60pdf\20260519兆豐個股報告-望隼(4771).pdf,2026-06-15T16:25:25.761000,b49ce4f4772a3bff38efd2483751d9b6f8ffafaa
33280450a5af073c2547,dc367a89b6fb,4771,,兆豐,2026-05-19,2026Q1,2026,Q1,IS,eps,EPS,238.0,238,%,TWD,,1," 
評等分級：買進（預期未來六個月股價漲輻超過+30%）; 逢低買進（預期未來六個月股價漲輻介於+15%與+30%之間）; 區間操
作（預期未來六個月股價漲跌輻介於-15%與+15%之間）; 逢高賣出（預期未來六個月股價跌輻介於-15%與-30%之間）；賣出（預
期未來六個月股價跌輻超過-30%）。 
本刊所刊載之內容僅做為參考，惟已力求正確與完整，但因時間及市場客觀因素改變所造成產業、市場或個股之相關條件改變，投資人需自行考量
投資之需求與風險，本公司恕不負擔任何法律責任。任何轉載或引用本報告內容必須經本公司同意。 
 
- 1 - 
個股報告 
 望隼(4771) 
2026 年營收及獲利持續成長 
投資評等 
目標價 
逢低買進 
$238 
前次投資建議2026.03.25： 
「逢低買進」，目標價：$233 
 
 
報告日期：2026.05.19 
研 究 員：鄭師安 
 
摘 要 及 調 整 原 因 
➢ 受惠中國市場訂單回籠及日本市場新產品陸續出貨，2026 年營收及獲利可望續創歷史新高，
投資評等維持「逢低買進」，6 個月目標價238 元(15X 26(F)PER)，潛在上漲空間28%。 
 
基本資料 
結論與建議 
2026/05/18 
收盤價： 
186.5 ➢ 公司26Q1 營收10.31 億元，YoY+27.2%，毛利率40.99%，
稅後淨利2.15 億元，YoY+11.4%，EPS 3.66 元，獲利略
低於預期。25H2 中國及日本需求開始增加，中國市場需求
特別強勁，許多中國客戶在雙11 之後仍來洽詢訂單。 
➢ 公司認為今年營收季季高，雖然價格競爭持續，但有收斂
的跡象，相關壓力輕很多，全年毛利率目標41%。2026
年1~4 月日本營收衰退的原因是去年同期日本客戶有新品
大量出貨，加上有些訂單遞延到26Q2 出，中國彩片需求
非常暢旺，剛性需求明顯上來。矽水膠26Q1 才取證，公
司看好逐季的營收貢獻。 
➢ 日本市場對矽水膠產品的需求持續成長，今年持續推矽水
膠日彩，預計26H2 營收比重2~5%，矽水膠客單價比較
高，所以先打日本市場，中國市場目前還是以水膠為主，
公司不希望矽水膠產品以低價搶市。 
➢ 目前兩岸月產能共5,905 萬片，產能滿載中。新產能部分，
今年積極建置新產線，26Q3 會擴到6,920 萬片/月，",fc1129ab094b6b5528a862e0,11,,PENDING,,PENDING,,PENDING,0.50,ORANGE,STAGE_TABLELIKE_EXPANSION_REVIEW,VRN_1D1_REPORTTEXT_TABLELIKE_EXPANSION,C:\Users\tonyk\OneDrive\VeritasIntelligenceAnalytics\module\VRN\output\_route_lock_runs\RUN_20260525_195119_VRN_GO_M01_60PDF_FULL_V120\full_input_60pdf\20260519兆豐個股報告-望隼(4771).pdf,2026-06-15T16:25:25.761010,926b238d7f5c10082cf1cfa9ba56da7777a1bb4b
33280450a5af073c2547,dc367a89b6fb,4771,,兆豐,2026-05-19,2026Q1,2026,Q1,IS,eps,EPS,2026.03,2026.03,%,TWD,,1," 
評等分級：買進（預期未來六個月股價漲輻超過+30%）; 逢低買進（預期未來六個月股價漲輻介於+15%與+30%之間）; 區間操
作（預期未來六個月股價漲跌輻介於-15%與+15%之間）; 逢高賣出（預期未來六個月股價跌輻介於-15%與-30%之間）；賣出（預
期未來六個月股價跌輻超過-30%）。 
本刊所刊載之內容僅做為參考，惟已力求正確與完整，但因時間及市場客觀因素改變所造成產業、市場或個股之相關條件改變，投資人需自行考量
投資之需求與風險，本公司恕不負擔任何法律責任。任何轉載或引用本報告內容必須經本公司同意。 
 
- 1 - 
個股報告 
 望隼(4771) 
2026 年營收及獲利持續成長 
投資評等 
目標價 
逢低買進 
$238 
前次投資建議2026.03.25： 
「逢低買進」，目標價：$233 
 
 
報告日期：2026.05.19 
研 究 員：鄭師安 
 
摘 要 及 調 整 原 因 
➢ 受惠中國市場訂單回籠及日本市場新產品陸續出貨，2026 年營收及獲利可望續創歷史新高，
投資評等維持「逢低買進」，6 個月目標價238 元(15X 26(F)PER)，潛在上漲空間28%。 
 
基本資料 
結論與建議 
2026/05/18 
收盤價： 
186.5 ➢ 公司26Q1 營收10.31 億元，YoY+27.2%，毛利率40.99%，
稅後淨利2.15 億元，YoY+11.4%，EPS 3.66 元，獲利略
低於預期。25H2 中國及日本需求開始增加，中國市場需求
特別強勁，許多中國客戶在雙11 之後仍來洽詢訂單。 
➢ 公司認為今年營收季季高，雖然價格競爭持續，但有收斂
的跡象，相關壓力輕很多，全年毛利率目標41%。2026
年1~4 月日本營收衰退的原因是去年同期日本客戶有新品
大量出貨，加上有些訂單遞延到26Q2 出，中國彩片需求
非常暢旺，剛性需求明顯上來。矽水膠26Q1 才取證，公
司看好逐季的營收貢獻。 
➢ 日本市場對矽水膠產品的需求持續成長，今年持續推矽水
膠日彩，預計26H2 營收比重2~5%，矽水膠客單價比較
高，所以先打日本市場，中國市場目前還是以水膠為主，
公司不希望矽水膠產品以低價搶市。 
➢ 目前兩岸月產能共5,905 萬片，產能滿載中。新產能部分，
今年積極建置新產線，26Q3 會擴到6,920 萬片/月，",fc1129ab094b6b5528a862e0,12,,PENDING,,PENDING,,PENDING,0.50,ORANGE,STAGE_TABLELIKE_EXPANSION_REVIEW,VRN_1D1_REPORTTEXT_TABLELIKE_EXPANSION,C:\Users\tonyk\OneDrive\VeritasIntelligenceAnalytics\module\VRN\output\_route_lock_runs\RUN_20260525_195119_VRN_GO_M01_60PDF_FULL_V120\full_input_60pdf\20260519兆豐個股報告-望隼(4771).pdf,2026-06-15T16:25:25.761020,f35b654c2832c30a16a89b765624f47980dc051d
33280450a5af073c2547,dc367a89b6fb,4771,,兆豐,2026-05-19,2026Q1,2026,Q1,IS,eps,EPS,25.0,25,%,TWD,,1," 
評等分級：買進（預期未來六個月股價漲輻超過+30%）; 逢低買進（預期未來六個月股價漲輻介於+15%與+30%之間）; 區間操
作（預期未來六個月股價漲跌輻介於-15%與+15%之間）; 逢高賣出（預期未來六個月股價跌輻介於-15%與-30%之間）；賣出（預
期未來六個月股價跌輻超過-30%）。 
本刊所刊載之內容僅做為參考，惟已力求正確與完整，但因時間及市場客觀因素改變所造成產業、市場或個股之相關條件改變，投資人需自行考量
投資之需求與風險，本公司恕不負擔任何法律責任。任何轉載或引用本報告內容必須經本公司同意。 
 
- 1 - 
個股報告 
 望隼(4771) 
2026 年營收及獲利持續成長 
投資評等 
目標價 
逢低買進 
$238 
前次投資建議2026.03.25： 
「逢低買進」，目標價：$233 
 
 
報告日期：2026.05.19 
研 究 員：鄭師安 
 
摘 要 及 調 整 原 因 
➢ 受惠中國市場訂單回籠及日本市場新產品陸續出貨，2026 年營收及獲利可望續創歷史新高，
投資評等維持「逢低買進」，6 個月目標價238 元(15X 26(F)PER)，潛在上漲空間28%。 
 
基本資料 
結論與建議 
2026/05/18 
收盤價： 
186.5 ➢ 公司26Q1 營收10.31 億元，YoY+27.2%，毛利率40.99%，
稅後淨利2.15 億元，YoY+11.4%，EPS 3.66 元，獲利略
低於預期。25H2 中國及日本需求開始增加，中國市場需求
特別強勁，許多中國客戶在雙11 之後仍來洽詢訂單。 
➢ 公司認為今年營收季季高，雖然價格競爭持續，但有收斂
的跡象，相關壓力輕很多，全年毛利率目標41%。2026
年1~4 月日本營收衰退的原因是去年同期日本客戶有新品
大量出貨，加上有些訂單遞延到26Q2 出，中國彩片需求
非常暢旺，剛性需求明顯上來。矽水膠26Q1 才取證，公
司看好逐季的營收貢獻。 
➢ 日本市場對矽水膠產品的需求持續成長，今年持續推矽水
膠日彩，預計26H2 營收比重2~5%，矽水膠客單價比較
高，所以先打日本市場，中國市場目前還是以水膠為主，
公司不希望矽水膠產品以低價搶市。 
➢ 目前兩岸月產能共5,905 萬片，產能滿載中。新產能部分，
今年積極建置新產線，26Q3 會擴到6,920 萬片/月，",fc1129ab094b6b5528a862e0,13,,PENDING,,PENDING,,PENDING,0.50,ORANGE,STAGE_TABLELIKE_EXPANSION_REVIEW,VRN_1D1_REPORTTEXT_TABLELIKE_EXPANSION,C:\Users\tonyk\OneDrive\VeritasIntelligenceAnalytics\module\VRN\output\_route_lock_runs\RUN_20260525_195119_VRN_GO_M01_60PDF_FULL_V120\full_input_60pdf\20260519兆豐個股報告-望隼(4771).pdf,2026-06-15T16:25:25.761029,f4fa63105bba2a488714e66fb43efc84bceb4cd7
33280450a5af073c2547,dc367a89b6fb,4771,,兆豐,2026-05-19,2026Q1,2026,Q1,IS,eps,EPS,233.0,233,%,TWD,,1," 
評等分級：買進（預期未來六個月股價漲輻超過+30%）; 逢低買進（預期未來六個月股價漲輻介於+15%與+30%之間）; 區間操
作（預期未來六個月股價漲跌輻介於-15%與+15%之間）; 逢高賣出（預期未來六個月股價跌輻介於-15%與-30%之間）；賣出（預
期未來六個月股價跌輻超過-30%）。 
本刊所刊載之內容僅做為參考，惟已力求正確與完整，但因時間及市場客觀因素改變所造成產業、市場或個股之相關條件改變，投資人需自行考量
投資之需求與風險，本公司恕不負擔任何法律責任。任何轉載或引用本報告內容必須經本公司同意。 
 
- 1 - 
個股報告 
 望隼(4771) 
2026 年營收及獲利持續成長 
投資評等 
目標價 
逢低買進 
$238 
前次投資建議2026.03.25： 
「逢低買進」，目標價：$233 
 
 
報告日期：2026.05.19 
研 究 員：鄭師安 
 
摘 要 及 調 整 原 因 
➢ 受惠中國市場訂單回籠及日本市場新產品陸續出貨，2026 年營收及獲利可望續創歷史新高，
投資評等維持「逢低買進」，6 個月目標價238 元(15X 26(F)PER)，潛在上漲空間28%。 
 
基本資料 
結論與建議 
2026/05/18 
收盤價： 
186.5 ➢ 公司26Q1 營收10.31 億元，YoY+27.2%，毛利率40.99%，
稅後淨利2.15 億元，YoY+11.4%，EPS 3.66 元，獲利略
低於預期。25H2 中國及日本需求開始增加，中國市場需求
特別強勁，許多中國客戶在雙11 之後仍來洽詢訂單。 
➢ 公司認為今年營收季季高，雖然價格競爭持續，但有收斂
的跡象，相關壓力輕很多，全年毛利率目標41%。2026
年1~4 月日本營收衰退的原因是去年同期日本客戶有新品
大量出貨，加上有些訂單遞延到26Q2 出，中國彩片需求
非常暢旺，剛性需求明顯上來。矽水膠26Q1 才取證，公
司看好逐季的營收貢獻。 
➢ 日本市場對矽水膠產品的需求持續成長，今年持續推矽水
膠日彩，預計26H2 營收比重2~5%，矽水膠客單價比較
高，所以先打日本市場，中國市場目前還是以水膠為主，
公司不希望矽水膠產品以低價搶市。 
➢ 目前兩岸月產能共5,905 萬片，產能滿載中。新產能部分，
今年積極建置新產線，26Q3 會擴到6,920 萬片/月，",fc1129ab094b6b5528a862e0,14,,PENDING,,PENDING,,PENDING,0.50,ORANGE,STAGE_TABLELIKE_EXPANSION_REVIEW,VRN_1D1_REPORTTEXT_TABLELIKE_EXPANSION,C:\Users\tonyk\OneDrive\VeritasIntelligenceAnalytics\module\VRN\output\_route_lock_runs\RUN_20260525_195119_VRN_GO_M01_60PDF_FULL_V120\full_input_60pdf\20260519兆豐個股報告-望隼(4771).pdf,2026-06-15T16:25:25.761039,1e713bc68635af1b26b65695ccc6a445a2023ef3
33280450a5af073c2547,dc367a89b6fb,4771,,兆豐,2026-05-19,2026Q1,2026,Q1,IS,eps,EPS,2026.05,2026.05,%,TWD,,1," 
評等分級：買進（預期未來六個月股價漲輻超過+30%）; 逢低買進（預期未來六個月股價漲輻介於+15%與+30%之間）; 區間操
作（預期未來六個月股價漲跌輻介於-15%與+15%之間）; 逢高賣出（預期未來六個月股價跌輻介於-15%與-30%之間）；賣出（預
期未來六個月股價跌輻超過-30%）。 
本刊所刊載之內容僅做為參考，惟已力求正確與完整，但因時間及市場客觀因素改變所造成產業、市場或個股之相關條件改變，投資人需自行考量
投資之需求與風險，本公司恕不負擔任何法律責任。任何轉載或引用本報告內容必須經本公司同意。 
 
- 1 - 
個股報告 
 望隼(4771) 
2026 年營收及獲利持續成長 
投資評等 
目標價 
逢低買進 
$238 
前次投資建議2026.03.25： 
「逢低買進」，目標價：$233 
 
 
報告日期：2026.05.19 
研 究 員：鄭師安 
 
摘 要 及 調 整 原 因 
➢ 受惠中國市場訂單回籠及日本市場新產品陸續出貨，2026 年營收及獲利可望續創歷史新高，
投資評等維持「逢低買進」，6 個月目標價238 元(15X 26(F)PER)，潛在上漲空間28%。 
 
基本資料 
結論與建議 
2026/05/18 
收盤價： 
186.5 ➢ 公司26Q1 營收10.31 億元，YoY+27.2%，毛利率40.99%，
稅後淨利2.15 億元，YoY+11.4%，EPS 3.66 元，獲利略
低於預期。25H2 中國及日本需求開始增加，中國市場需求
特別強勁，許多中國客戶在雙11 之後仍來洽詢訂單。 
➢ 公司認為今年營收季季高，雖然價格競爭持續，但有收斂
的跡象，相關壓力輕很多，全年毛利率目標41%。2026
年1~4 月日本營收衰退的原因是去年同期日本客戶有新品
大量出貨，加上有些訂單遞延到26Q2 出，中國彩片需求
非常暢旺，剛性需求明顯上來。矽水膠26Q1 才取證，公
司看好逐季的營收貢獻。 
➢ 日本市場對矽水膠產品的需求持續成長，今年持續推矽水
膠日彩，預計26H2 營收比重2~5%，矽水膠客單價比較
高，所以先打日本市場，中國市場目前還是以水膠為主，
公司不希望矽水膠產品以低價搶市。 
➢ 目前兩岸月產能共5,905 萬片，產能滿載中。新產能部分，
今年積極建置新產線，26Q3 會擴到6,920 萬片/月，",fc1129ab094b6b5528a862e0,15,,PENDING,,PENDING,,PENDING,0.50,ORANGE,STAGE_TABLELIKE_EXPANSION_REVIEW,VRN_1D1_REPORTTEXT_TABLELIKE_EXPANSION,C:\Users\tonyk\OneDrive\VeritasIntelligenceAnalytics\module\VRN\output\_route_lock_runs\RUN_20260525_195119_VRN_GO_M01_60PDF_FULL_V120\full_input_60pdf\20260519兆豐個股報告-望隼(4771).pdf,2026-06-15T16:25:25.761048,8f0f900218bdaad467f684ec1fd2f7fac742e6cc
33280450a5af073c2547,dc367a89b6fb,4771,,兆豐,2026-05-19,2026Q1,2026,Q1,IS,eps,EPS,19.0,19,%,TWD,,1," 
評等分級：買進（預期未來六個月股價漲輻超過+30%）; 逢低買進（預期未來六個月股價漲輻介於+15%與+30%之間）; 區間操
作（預期未來六個月股價漲跌輻介於-15%與+15%之間）; 逢高賣出（預期未來六個月股價跌輻介於-15%與-30%之間）；賣出（預
期未來六個月股價跌輻超過-30%）。 
本刊所刊載之內容僅做為參考，惟已力求正確與完整，但因時間及市場客觀因素改變所造成產業、市場或個股之相關條件改變，投資人需自行考量
投資之需求與風險，本公司恕不負擔任何法律責任。任何轉載或引用本報告內容必須經本公司同意。 
 
- 1 - 
個股報告 
 望隼(4771) 
2026 年營收及獲利持續成長 
投資評等 
目標價 
逢低買進 
$238 
前次投資建議2026.03.25： 
「逢低買進」，目標價：$233 
 
 
報告日期：2026.05.19 
研 究 員：鄭師安 
 
摘 要 及 調 整 原 因 
➢ 受惠中國市場訂單回籠及日本市場新產品陸續出貨，2026 年營收及獲利可望續創歷史新高，
投資評等維持「逢低買進」，6 個月目標價238 元(15X 26(F)PER)，潛在上漲空間28%。 
 
基本資料 
結論與建議 
2026/05/18 
收盤價： 
186.5 ➢ 公司26Q1 營收10.31 億元，YoY+27.2%，毛利率40.99%，
稅後淨利2.15 億元，YoY+11.4%，EPS 3.66 元，獲利略
低於預期。25H2 中國及日本需求開始增加，中國市場需求
特別強勁，許多中國客戶在雙11 之後仍來洽詢訂單。 
➢ 公司認為今年營收季季高，雖然價格競爭持續，但有收斂
的跡象，相關壓力輕很多，全年毛利率目標41%。2026
年1~4 月日本營收衰退的原因是去年同期日本客戶有新品
大量出貨，加上有些訂單遞延到26Q2 出，中國彩片需求
非常暢旺，剛性需求明顯上來。矽水膠26Q1 才取證，公
司看好逐季的營收貢獻。 
➢ 日本市場對矽水膠產品的需求持續成長，今年持續推矽水
膠日彩，預計26H2 營收比重2~5%，矽水膠客單價比較
高，所以先打日本市場，中國市場目前還是以水膠為主，
公司不希望矽水膠產品以低價搶市。 
➢ 目前兩岸月產能共5,905 萬片，產能滿載中。新產能部分，
今年積極建置新產線，26Q3 會擴到6,920 萬片/月，",fc1129ab094b6b5528a862e0,16,,PENDING,,PENDING,,PENDING,0.50,ORANGE,STAGE_TABLELIKE_EXPANSION_REVIEW,VRN_1D1_REPORTTEXT_TABLELIKE_EXPANSION,C:\Users\tonyk\OneDrive\VeritasIntelligenceAnalytics\module\VRN\output\_route_lock_runs\RUN_20260525_195119_VRN_GO_M01_60PDF_FULL_V120\full_input_60pdf\20260519兆豐個股報告-望隼(4771).pdf,2026-06-15T16:25:25.761058,9f22407b774a2fbcba1faebde0c4ba635078875a
33280450a5af073c2547,dc367a89b6fb,4771,,兆豐,2026-05-19,2026Q1,2026,Q1,IS,eps,EPS,6.0,6,%,TWD,,1," 
評等分級：買進（預期未來六個月股價漲輻超過+30%）; 逢低買進（預期未來六個月股價漲輻介於+15%與+30%之間）; 區間操
作（預期未來六個月股價漲跌輻介於-15%與+15%之間）; 逢高賣出（預期未來六個月股價跌輻介於-15%與-30%之間）；賣出（預
期未來六個月股價跌輻超過-30%）。 
本刊所刊載之內容僅做為參考，惟已力求正確與完整，但因時間及市場客觀因素改變所造成產業、市場或個股之相關條件改變，投資人需自行考量
投資之需求與風險，本公司恕不負擔任何法律責任。任何轉載或引用本報告內容必須經本公司同意。 
 
- 1 - 
個股報告 
 望隼(4771) 
2026 年營收及獲利持續成長 
投資評等 
目標價 
逢低買進 
$238 
前次投資建議2026.03.25： 
「逢低買進」，目標價：$233 
 
 
報告日期：2026.05.19 
研 究 員：鄭師安 
 
摘 要 及 調 整 原 因 
➢ 受惠中國市場訂單回籠及日本市場新產品陸續出貨，2026 年營收及獲利可望續創歷史新高，
投資評等維持「逢低買進」，6 個月目標價238 元(15X 26(F)PER)，潛在上漲空間28%。 
 
基本資料 
結論與建議 
2026/05/18 
收盤價： 
186.5 ➢ 公司26Q1 營收10.31 億元，YoY+27.2%，毛利率40.99%，
稅後淨利2.15 億元，YoY+11.4%，EPS 3.66 元，獲利略
低於預期。25H2 中國及日本需求開始增加，中國市場需求
特別強勁，許多中國客戶在雙11 之後仍來洽詢訂單。 
➢ 公司認為今年營收季季高，雖然價格競爭持續，但有收斂
的跡象，相關壓力輕很多，全年毛利率目標41%。2026
年1~4 月日本營收衰退的原因是去年同期日本客戶有新品
大量出貨，加上有些訂單遞延到26Q2 出，中國彩片需求
非常暢旺，剛性需求明顯上來。矽水膠26Q1 才取證，公
司看好逐季的營收貢獻。 
➢ 日本市場對矽水膠產品的需求持續成長，今年持續推矽水
膠日彩，預計26H2 營收比重2~5%，矽水膠客單價比較
高，所以先打日本市場，中國市場目前還是以水膠為主，
公司不希望矽水膠產品以低價搶市。 
➢ 目前兩岸月產能共5,905 萬片，產能滿載中。新產能部分，
今年積極建置新產線，26Q3 會擴到6,920 萬片/月，",fc1129ab094b6b5528a862e0,17,,PENDING,,PENDING,,PENDING,0.50,ORANGE,STAGE_TABLELIKE_EXPANSION_REVIEW,VRN_1D1_REPORTTEXT_TABLELIKE_EXPANSION,C:\Users\tonyk\OneDrive\VeritasIntelligenceAnalytics\module\VRN\output\_route_lock_runs\RUN_20260525_195119_VRN_GO_M01_60PDF_FULL_V120\full_input_60pdf\20260519兆豐個股報告-望隼(4771).pdf,2026-06-15T16:25:25.761067,470d125c5f894fc6b14965a44ec963d41f0c4919
33280450a5af073c2547,dc367a89b6fb,4771,,兆豐,2026-05-19,2026Q1,2026,Q1,IS,eps,EPS,238.0,238,%,TWD,,1," 
評等分級：買進（預期未來六個月股價漲輻超過+30%）; 逢低買進（預期未來六個月股價漲輻介於+15%與+30%之間）; 區間操
作（預期未來六個月股價漲跌輻介於-15%與+15%之間）; 逢高賣出（預期未來六個月股價跌輻介於-15%與-30%之間）；賣出（預
期未來六個月股價跌輻超過-30%）。 
本刊所刊載之內容僅做為參考，惟已力求正確與完整，但因時間及市場客觀因素改變所造成產業、市場或個股之相關條件改變，投資人需自行考量
投資之需求與風險，本公司恕不負擔任何法律責任。任何轉載或引用本報告內容必須經本公司同意。 
 
- 1 - 
個股報告 
 望隼(4771) 
2026 年營收及獲利持續成長 
投資評等 
目標價 
逢低買進 
$238 
前次投資建議2026.03.25： 
「逢低買進」，目標價：$233 
 
 
報告日期：2026.05.19 
研 究 員：鄭師安 
 
摘 要 及 調 整 原 因 
➢ 受惠中國市場訂單回籠及日本市場新產品陸續出貨，2026 年營收及獲利可望續創歷史新高，
投資評等維持「逢低買進」，6 個月目標價238 元(15X 26(F)PER)，潛在上漲空間28%。 
 
基本資料 
結論與建議 
2026/05/18 
收盤價： 
186.5 ➢ 公司26Q1 營收10.31 億元，YoY+27.2%，毛利率40.99%，
稅後淨利2.15 億元，YoY+11.4%，EPS 3.66 元，獲利略
低於預期。25H2 中國及日本需求開始增加，中國市場需求
特別強勁，許多中國客戶在雙11 之後仍來洽詢訂單。 
➢ 公司認為今年營收季季高，雖然價格競爭持續，但有收斂
的跡象，相關壓力輕很多，全年毛利率目標41%。2026
年1~4 月日本營收衰退的原因是去年同期日本客戶有新品
大量出貨，加上有些訂單遞延到26Q2 出，中國彩片需求
非常暢旺，剛性需求明顯上來。矽水膠26Q1 才取證，公
司看好逐季的營收貢獻。 
➢ 日本市場對矽水膠產品的需求持續成長，今年持續推矽水
膠日彩，預計26H2 營收比重2~5%，矽水膠客單價比較
高，所以先打日本市場，中國市場目前還是以水膠為主，
公司不希望矽水膠產品以低價搶市。 
➢ 目前兩岸月產能共5,905 萬片，產能滿載中。新產能部分，
今年積極建置新產線，26Q3 會擴到6,920 萬片/月，",fc1129ab094b6b5528a862e0,18,,PENDING,,PENDING,,PENDING,0.50,ORANGE,STAGE_TABLELIKE_EXPANSION_REVIEW,VRN_1D1_REPORTTEXT_TABLELIKE_EXPANSION,C:\Users\tonyk\OneDrive\VeritasIntelligenceAnalytics\module\VRN\output\_route_lock_runs\RUN_20260525_195119_VRN_GO_M01_60PDF_FULL_V120\full_input_60pdf\20260519兆豐個股報告-望隼(4771).pdf,2026-06-15T16:25:25.761077,d6d539800272a9aa6139df6f9df19da475481286
33280450a5af073c2547,dc367a89b6fb,4771,,兆豐,2026-05-19,2026Q1,2026,Q1,IS,eps,EPS,26.0,26,%,TWD,,1," 
評等分級：買進（預期未來六個月股價漲輻超過+30%）; 逢低買進（預期未來六個月股價漲輻介於+15%與+30%之間）; 區間操
作（預期未來六個月股價漲跌輻介於-15%與+15%之間）; 逢高賣出（預期未來六個月股價跌輻介於-15%與-30%之間）；賣出（預
期未來六個月股價跌輻超過-30%）。 
本刊所刊載之內容僅做為參考，惟已力求正確與完整，但因時間及市場客觀因素改變所造成產業、市場或個股之相關條件改變，投資人需自行考量
投資之需求與風險，本公司恕不負擔任何法律責任。任何轉載或引用本報告內容必須經本公司同意。 
 
- 1 - 
個股報告 
 望隼(4771) 
2026 年營收及獲利持續成長 
投資評等 
目標價 
逢低買進 
$238 
前次投資建議2026.03.25： 
「逢低買進」，目標價：$233 
 
 
報告日期：2026.05.19 
研 究 員：鄭師安 
 
摘 要 及 調 整 原 因 
➢ 受惠中國市場訂單回籠及日本市場新產品陸續出貨，2026 年營收及獲利可望續創歷史新高，
投資評等維持「逢低買進」，6 個月目標價238 元(15X 26(F)PER)，潛在上漲空間28%。 
 
基本資料 
結論與建議 
2026/05/18 
收盤價： 
186.5 ➢ 公司26Q1 營收10.31 億元，YoY+27.2%，毛利率40.99%，
稅後淨利2.15 億元，YoY+11.4%，EPS 3.66 元，獲利略
低於預期。25H2 中國及日本需求開始增加，中國市場需求
特別強勁，許多中國客戶在雙11 之後仍來洽詢訂單。 
➢ 公司認為今年營收季季高，雖然價格競爭持續，但有收斂
的跡象，相關壓力輕很多，全年毛利率目標41%。2026
年1~4 月日本營收衰退的原因是去年同期日本客戶有新品
大量出貨，加上有些訂單遞延到26Q2 出，中國彩片需求
非常暢旺，剛性需求明顯上來。矽水膠26Q1 才取證，公
司看好逐季的營收貢獻。 
➢ 日本市場對矽水膠產品的需求持續成長，今年持續推矽水
膠日彩，預計26H2 營收比重2~5%，矽水膠客單價比較
高，所以先打日本市場，中國市場目前還是以水膠為主，
公司不希望矽水膠產品以低價搶市。 
➢ 目前兩岸月產能共5,905 萬片，產能滿載中。新產能部分，
今年積極建置新產線，26Q3 會擴到6,920 萬片/月，",fc1129ab094b6b5528a862e0,19,,PENDING,,PENDING,,PENDING,0.50,ORANGE,STAGE_TABLELIKE_EXPANSION_REVIEW,VRN_1D1_REPORTTEXT_TABLELIKE_EXPANSION,C:\Users\tonyk\OneDrive\VeritasIntelligenceAnalytics\module\VRN\output\_route_lock_runs\RUN_20260525_195119_VRN_GO_M01_60PDF_FULL_V120\full_input_60pdf\20260519兆豐個股報告-望隼(4771).pdf,2026-06-15T16:25:25.761086,e0b50de9b42f2ee269382eaf5887b57615a6e0b8
33280450a5af073c2547,dc367a89b6fb,4771,,兆豐,2026-05-19,2026Q1,2026,Q1,IS,eps,EPS,28.0,28%,%,TWD,,1," 
評等分級：買進（預期未來六個月股價漲輻超過+30%）; 逢低買進（預期未來六個月股價漲輻介於+15%與+30%之間）; 區間操
作（預期未來六個月股價漲跌輻介於-15%與+15%之間）; 逢高賣出（預期未來六個月股價跌輻介於-15%與-30%之間）；賣出（預
期未來六個月股價跌輻超過-30%）。 
本刊所刊載之內容僅做為參考，惟已力求正確與完整，但因時間及市場客觀因素改變所造成產業、市場或個股之相關條件改變，投資人需自行考量
投資之需求與風險，本公司恕不負擔任何法律責任。任何轉載或引用本報告內容必須經本公司同意。 
 
- 1 - 
個股報告 
 望隼(4771) 
2026 年營收及獲利持續成長 
投資評等 
目標價 
逢低買進 
$238 
前次投資建議2026.03.25： 
「逢低買進」，目標價：$233 
 
 
報告日期：2026.05.19 
研 究 員：鄭師安 
 
摘 要 及 調 整 原 因 
➢ 受惠中國市場訂單回籠及日本市場新產品陸續出貨，2026 年營收及獲利可望續創歷史新高，
投資評等維持「逢低買進」，6 個月目標價238 元(15X 26(F)PER)，潛在上漲空間28%。 
 
基本資料 
結論與建議 
2026/05/18 
收盤價： 
186.5 ➢ 公司26Q1 營收10.31 億元，YoY+27.2%，毛利率40.99%，
稅後淨利2.15 億元，YoY+11.4%，EPS 3.66 元，獲利略
低於預期。25H2 中國及日本需求開始增加，中國市場需求
特別強勁，許多中國客戶在雙11 之後仍來洽詢訂單。 
➢ 公司認為今年營收季季高，雖然價格競爭持續，但有收斂
的跡象，相關壓力輕很多，全年毛利率目標41%。2026
年1~4 月日本營收衰退的原因是去年同期日本客戶有新品
大量出貨，加上有些訂單遞延到26Q2 出，中國彩片需求
非常暢旺，剛性需求明顯上來。矽水膠26Q1 才取證，公
司看好逐季的營收貢獻。 
➢ 日本市場對矽水膠產品的需求持續成長，今年持續推矽水
膠日彩，預計26H2 營收比重2~5%，矽水膠客單價比較
高，所以先打日本市場，中國市場目前還是以水膠為主，
公司不希望矽水膠產品以低價搶市。 
➢ 目前兩岸月產能共5,905 萬片，產能滿載中。新產能部分，
今年積極建置新產線，26Q3 會擴到6,920 萬片/月，",fc1129ab094b6b5528a862e0,20,,PENDING,,PENDING,,PENDING,0.50,ORANGE,STAGE_TABLELIKE_EXPANSION_REVIEW,VRN_1D1_REPORTTEXT_TABLELIKE_EXPANSION,C:\Users\tonyk\OneDrive\VeritasIntelligenceAnalytics\module\VRN\output\_route_lock_runs\RUN_20260525_195119_VRN_GO_M01_60PDF_FULL_V120\full_input_60pdf\20260519兆豐個股報告-望隼(4771).pdf,2026-06-15T16:25:25.761096,900a4b824ac9a3b2a6d214939abc36074c3ecb60
33280450a5af073c2547,dc367a89b6fb,4771,,兆豐,2026-05-19,2026Q1,2026,Q1,IS,eps,EPS,5.0,05,%,TWD,,1," 
評等分級：買進（預期未來六個月股價漲輻超過+30%）; 逢低買進（預期未來六個月股價漲輻介於+15%與+30%之間）; 區間操
作（預期未來六個月股價漲跌輻介於-15%與+15%之間）; 逢高賣出（預期未來六個月股價跌輻介於-15%與-30%之間）；賣出（預
期未來六個月股價跌輻超過-30%）。 
本刊所刊載之內容僅做為參考，惟已力求正確與完整，但因時間及市場客觀因素改變所造成產業、市場或個股之相關條件改變，投資人需自行考量
投資之需求與風險，本公司恕不負擔任何法律責任。任何轉載或引用本報告內容必須經本公司同意。 
 
- 1 - 
個股報告 
 望隼(4771) 
2026 年營收及獲利持續成長 
投資評等 
目標價 
逢低買進 
$238 
前次投資建議2026.03.25： 
「逢低買進」，目標價：$233 
 
 
報告日期：2026.05.19 
研 究 員：鄭師安 
 
摘 要 及 調 整 原 因 
➢ 受惠中國市場訂單回籠及日本市場新產品陸續出貨，2026 年營收及獲利可望續創歷史新高，
投資評等維持「逢低買進」，6 個月目標價238 元(15X 26(F)PER)，潛在上漲空間28%。 
 
基本資料 
結論與建議 
2026/05/18 
收盤價： 
186.5 ➢ 公司26Q1 營收10.31 億元，YoY+27.2%，毛利率40.99%，
稅後淨利2.15 億元，YoY+11.4%，EPS 3.66 元，獲利略
低於預期。25H2 中國及日本需求開始增加，中國市場需求
特別強勁，許多中國客戶在雙11 之後仍來洽詢訂單。 
➢ 公司認為今年營收季季高，雖然價格競爭持續，但有收斂
的跡象，相關壓力輕很多，全年毛利率目標41%。2026
年1~4 月日本營收衰退的原因是去年同期日本客戶有新品
大量出貨，加上有些訂單遞延到26Q2 出，中國彩片需求
非常暢旺，剛性需求明顯上來。矽水膠26Q1 才取證，公
司看好逐季的營收貢獻。 
➢ 日本市場對矽水膠產品的需求持續成長，今年持續推矽水
膠日彩，預計26H2 營收比重2~5%，矽水膠客單價比較
高，所以先打日本市場，中國市場目前還是以水膠為主，
公司不希望矽水膠產品以低價搶市。 
➢ 目前兩岸月產能共5,905 萬片，產能滿載中。新產能部分，
今年積極建置新產線，26Q3 會擴到6,920 萬片/月，",fc1129ab094b6b5528a862e0,21,,PENDING,,PENDING,,PENDING,0.50,ORANGE,STAGE_TABLELIKE_EXPANSION_REVIEW,VRN_1D1_REPORTTEXT_TABLELIKE_EXPANSION,C:\Users\tonyk\OneDrive\VeritasIntelligenceAnalytics\module\VRN\output\_route_lock_runs\RUN_20260525_195119_VRN_GO_M01_60PDF_FULL_V120\full_input_60pdf\20260519兆豐個股報告-望隼(4771).pdf,2026-06-15T16:25:25.761105,006d9e77f7ff585d6e93ecf1b619fddecdd99956
33280450a5af073c2547,dc367a89b6fb,4771,,兆豐,2026-05-19,2026Q1,2026,Q1,IS,eps,EPS,18.0,18,%,TWD,,1," 
評等分級：買進（預期未來六個月股價漲輻超過+30%）; 逢低買進（預期未來六個月股價漲輻介於+15%與+30%之間）; 區間操
作（預期未來六個月股價漲跌輻介於-15%與+15%之間）; 逢高賣出（預期未來六個月股價跌輻介於-15%與-30%之間）；賣出（預
期未來六個月股價跌輻超過-30%）。 
本刊所刊載之內容僅做為參考，惟已力求正確與完整，但因時間及市場客觀因素改變所造成產業、市場或個股之相關條件改變，投資人需自行考量
投資之需求與風險，本公司恕不負擔任何法律責任。任何轉載或引用本報告內容必須經本公司同意。 
 
- 1 - 
個股報告 
 望隼(4771) 
2026 年營收及獲利持續成長 
投資評等 
目標價 
逢低買進 
$238 
前次投資建議2026.03.25： 
「逢低買進」，目標價：$233 
 
 
報告日期：2026.05.19 
研 究 員：鄭師安 
 
摘 要 及 調 整 原 因 
➢ 受惠中國市場訂單回籠及日本市場新產品陸續出貨，2026 年營收及獲利可望續創歷史新高，
投資評等維持「逢低買進」，6 個月目標價238 元(15X 26(F)PER)，潛在上漲空間28%。 
 
基本資料 
結論與建議 
2026/05/18 
收盤價： 
186.5 ➢ 公司26Q1 營收10.31 億元，YoY+27.2%，毛利率40.99%，
稅後淨利2.15 億元，YoY+11.4%，EPS 3.66 元，獲利略
低於預期。25H2 中國及日本需求開始增加，中國市場需求
特別強勁，許多中國客戶在雙11 之後仍來洽詢訂單。 
➢ 公司認為今年營收季季高，雖然價格競爭持續，但有收斂
的跡象，相關壓力輕很多，全年毛利率目標41%。2026
年1~4 月日本營收衰退的原因是去年同期日本客戶有新品
大量出貨，加上有些訂單遞延到26Q2 出，中國彩片需求
非常暢旺，剛性需求明顯上來。矽水膠26Q1 才取證，公
司看好逐季的營收貢獻。 
➢ 日本市場對矽水膠產品的需求持續成長，今年持續推矽水
膠日彩，預計26H2 營收比重2~5%，矽水膠客單價比較
高，所以先打日本市場，中國市場目前還是以水膠為主，
公司不希望矽水膠產品以低價搶市。 
➢ 目前兩岸月產能共5,905 萬片，產能滿載中。新產能部分，
今年積極建置新產線，26Q3 會擴到6,920 萬片/月，",fc1129ab094b6b5528a862e0,22,,PENDING,,PENDING,,PENDING,0.50,ORANGE,STAGE_TABLELIKE_EXPANSION_REVIEW,VRN_1D1_REPORTTEXT_TABLELIKE_EXPANSION,C:\Users\tonyk\OneDrive\VeritasIntelligenceAnalytics\module\VRN\output\_route_lock_runs\RUN_20260525_195119_VRN_GO_M01_60PDF_FULL_V120\full_input_60pdf\20260519兆豐個股報告-望隼(4771).pdf,2026-06-15T16:25:25.761115,ca1a4c1569ce82d7993720e9ba4aa4a0fcc7d139
33280450a5af073c2547,dc367a89b6fb,4771,,兆豐,2026-05-19,2026Q1,2026,Q1,IS,eps,EPS,186.5,186.5,%,TWD,,1," 
評等分級：買進（預期未來六個月股價漲輻超過+30%）; 逢低買進（預期未來六個月股價漲輻介於+15%與+30%之間）; 區間操
作（預期未來六個月股價漲跌輻介於-15%與+15%之間）; 逢高賣出（預期未來六個月股價跌輻介於-15%與-30%之間）；賣出（預
期未來六個月股價跌輻超過-30%）。 
本刊所刊載之內容僅做為參考，惟已力求正確與完整，但因時間及市場客觀因素改變所造成產業、市場或個股之相關條件改變，投資人需自行考量
投資之需求與風險，本公司恕不負擔任何法律責任。任何轉載或引用本報告內容必須經本公司同意。 
 
- 1 - 
個股報告 
 望隼(4771) 
2026 年營收及獲利持續成長 
投資評等 
目標價 
逢低買進 
$238 
前次投資建議2026.03.25： 
「逢低買進」，目標價：$233 
 
 
報告日期：2026.05.19 
研 究 員：鄭師安 
 
摘 要 及 調 整 原 因 
➢ 受惠中國市場訂單回籠及日本市場新產品陸續出貨，2026 年營收及獲利可望續創歷史新高，
投資評等維持「逢低買進」，6 個月目標價238 元(15X 26(F)PER)，潛在上漲空間28%。 
 
基本資料 
結論與建議 
2026/05/18 
收盤價： 
186.5 ➢ 公司26Q1 營收10.31 億元，YoY+27.2%，毛利率40.99%，
稅後淨利2.15 億元，YoY+11.4%，EPS 3.66 元，獲利略
低於預期。25H2 中國及日本需求開始增加，中國市場需求
特別強勁，許多中國客戶在雙11 之後仍來洽詢訂單。 
➢ 公司認為今年營收季季高，雖然價格競爭持續，但有收斂
的跡象，相關壓力輕很多，全年毛利率目標41%。2026
年1~4 月日本營收衰退的原因是去年同期日本客戶有新品
大量出貨，加上有些訂單遞延到26Q2 出，中國彩片需求
非常暢旺，剛性需求明顯上來。矽水膠26Q1 才取證，公
司看好逐季的營收貢獻。 
➢ 日本市場對矽水膠產品的需求持續成長，今年持續推矽水
膠日彩，預計26H2 營收比重2~5%，矽水膠客單價比較
高，所以先打日本市場，中國市場目前還是以水膠為主，
公司不希望矽水膠產品以低價搶市。 
➢ 目前兩岸月產能共5,905 萬片，產能滿載中。新產能部分，
今年積極建置新產線，26Q3 會擴到6,920 萬片/月，",fc1129ab094b6b5528a862e0,23,,PENDING,,PENDING,,PENDING,0.50,ORANGE,STAGE_TABLELIKE_EXPANSION_REVIEW,VRN_1D1_REPORTTEXT_TABLELIKE_EXPANSION,C:\Users\tonyk\OneDrive\VeritasIntelligenceAnalytics\module\VRN\output\_route_lock_runs\RUN_20260525_195119_VRN_GO_M01_60PDF_FULL_V120\full_input_60pdf\20260519兆豐個股報告-望隼(4771).pdf,2026-06-15T16:25:25.761125,096ccbb60babfd795c466f3c53d94c0faf8313fd
33280450a5af073c2547,dc367a89b6fb,4771,,兆豐,2026-05-19,2026Q1,2026,Q1,IS,eps,EPS,10.31,10.31,%,TWD,,1," 
評等分級：買進（預期未來六個月股價漲輻超過+30%）; 逢低買進（預期未來六個月股價漲輻介於+15%與+30%之間）; 區間操
作（預期未來六個月股價漲跌輻介於-15%與+15%之間）; 逢高賣出（預期未來六個月股價跌輻介於-15%與-30%之間）；賣出（預
期未來六個月股價跌輻超過-30%）。 
本刊所刊載之內容僅做為參考，惟已力求正確與完整，但因時間及市場客觀因素改變所造成產業、市場或個股之相關條件改變，投資人需自行考量
投資之需求與風險，本公司恕不負擔任何法律責任。任何轉載或引用本報告內容必須經本公司同意。 
 
- 1 - 
個股報告 
 望隼(4771) 
2026 年營收及獲利持續成長 
投資評等 
目標價 
逢低買進 
$238 
前次投資建議2026.03.25： 
「逢低買進」，目標價：$233 
 
 
報告日期：2026.05.19 
研 究 員：鄭師安 
 
摘 要 及 調 整 原 因 
➢ 受惠中國市場訂單回籠及日本市場新產品陸續出貨，2026 年營收及獲利可望續創歷史新高，
投資評等維持「逢低買進」，6 個月目標價238 元(15X 26(F)PER)，潛在上漲空間28%。 
 
基本資料 
結論與建議 
2026/05/18 
收盤價： 
186.5 ➢ 公司26Q1 營收10.31 億元，YoY+27.2%，毛利率40.99%，
稅後淨利2.15 億元，YoY+11.4%，EPS 3.66 元，獲利略
低於預期。25H2 中國及日本需求開始增加，中國市場需求
特別強勁，許多中國客戶在雙11 之後仍來洽詢訂單。 
➢ 公司認為今年營收季季高，雖然價格競爭持續，但有收斂
的跡象，相關壓力輕很多，全年毛利率目標41%。2026
年1~4 月日本營收衰退的原因是去年同期日本客戶有新品
大量出貨，加上有些訂單遞延到26Q2 出，中國彩片需求
非常暢旺，剛性需求明顯上來。矽水膠26Q1 才取證，公
司看好逐季的營收貢獻。 
➢ 日本市場對矽水膠產品的需求持續成長，今年持續推矽水
膠日彩，預計26H2 營收比重2~5%，矽水膠客單價比較
高，所以先打日本市場，中國市場目前還是以水膠為主，
公司不希望矽水膠產品以低價搶市。 
➢ 目前兩岸月產能共5,905 萬片，產能滿載中。新產能部分，
今年積極建置新產線，26Q3 會擴到6,920 萬片/月，",fc1129ab094b6b5528a862e0,24,,PENDING,,PENDING,,PENDING,0.50,ORANGE,STAGE_TABLELIKE_EXPANSION_REVIEW,VRN_1D1_REPORTTEXT_TABLELIKE_EXPANSION,C:\Users\tonyk\OneDrive\VeritasIntelligenceAnalytics\module\VRN\output\_route_lock_runs\RUN_20260525_195119_VRN_GO_M01_60PDF_FULL_V120\full_input_60pdf\20260519兆豐個股報告-望隼(4771).pdf,2026-06-15T16:25:25.761134,96199b8f274d22aee3a987dabf380029a8ba28d4
33280450a5af073c2547,dc367a89b6fb,4771,,兆豐,2026-05-19,2026Q1,2026,Q1,IS,eps,EPS,27.2,27.2%,%,TWD,,1," 
評等分級：買進（預期未來六個月股價漲輻超過+30%）; 逢低買進（預期未來六個月股價漲輻介於+15%與+30%之間）; 區間操
作（預期未來六個月股價漲跌輻介於-15%與+15%之間）; 逢高賣出（預期未來六個月股價跌輻介於-15%與-30%之間）；賣出（預
期未來六個月股價跌輻超過-30%）。 
本刊所刊載之內容僅做為參考，惟已力求正確與完整，但因時間及市場客觀因素改變所造成產業、市場或個股之相關條件改變，投資人需自行考量
投資之需求與風險，本公司恕不負擔任何法律責任。任何轉載或引用本報告內容必須經本公司同意。 
 
- 1 - 
個股報告 
 望隼(4771) 
2026 年營收及獲利持續成長 
投資評等 
目標價 
逢低買進 
$238 
前次投資建議2026.03.25： 
「逢低買進」，目標價：$233 
 
 
報告日期：2026.05.19 
研 究 員：鄭師安 
 
摘 要 及 調 整 原 因 
➢ 受惠中國市場訂單回籠及日本市場新產品陸續出貨，2026 年營收及獲利可望續創歷史新高，
投資評等維持「逢低買進」，6 個月目標價238 元(15X 26(F)PER)，潛在上漲空間28%。 
 
基本資料 
結論與建議 
2026/05/18 
收盤價： 
186.5 ➢ 公司26Q1 營收10.31 億元，YoY+27.2%，毛利率40.99%，
稅後淨利2.15 億元，YoY+11.4%，EPS 3.66 元，獲利略
低於預期。25H2 中國及日本需求開始增加，中國市場需求
特別強勁，許多中國客戶在雙11 之後仍來洽詢訂單。 
➢ 公司認為今年營收季季高，雖然價格競爭持續，但有收斂
的跡象，相關壓力輕很多，全年毛利率目標41%。2026
年1~4 月日本營收衰退的原因是去年同期日本客戶有新品
大量出貨，加上有些訂單遞延到26Q2 出，中國彩片需求
非常暢旺，剛性需求明顯上來。矽水膠26Q1 才取證，公
司看好逐季的營收貢獻。 
➢ 日本市場對矽水膠產品的需求持續成長，今年持續推矽水
膠日彩，預計26H2 營收比重2~5%，矽水膠客單價比較
高，所以先打日本市場，中國市場目前還是以水膠為主，
公司不希望矽水膠產品以低價搶市。 
➢ 目前兩岸月產能共5,905 萬片，產能滿載中。新產能部分，
今年積極建置新產線，26Q3 會擴到6,920 萬片/月，",fc1129ab094b6b5528a862e0,25,,PENDING,,PENDING,,PENDING,0.50,ORANGE,STAGE_TABLELIKE_EXPANSION_REVIEW,VRN_1D1_REPORTTEXT_TABLELIKE_EXPANSION,C:\Users\tonyk\OneDrive\VeritasIntelligenceAnalytics\module\VRN\output\_route_lock_runs\RUN_20260525_195119_VRN_GO_M01_60PDF_FULL_V120\full_input_60pdf\20260519兆豐個股報告-望隼(4771).pdf,2026-06-15T16:25:25.761144,ba659268796844c2dcf802278e5ec7a85833ef57
33280450a5af073c2547,dc367a89b6fb,4771,,兆豐,2026-05-19,2026Q1,2026,Q1,IS,eps,EPS,40.99,40.99%,%,TWD,,1," 
評等分級：買進（預期未來六個月股價漲輻超過+30%）; 逢低買進（預期未來六個月股價漲輻介於+15%與+30%之間）; 區間操
作（預期未來六個月股價漲跌輻介於-15%與+15%之間）; 逢高賣出（預期未來六個月股價跌輻介於-15%與-30%之間）；賣出（預
期未來六個月股價跌輻超過-30%）。 
本刊所刊載之內容僅做為參考，惟已力求正確與完整，但因時間及市場客觀因素改變所造成產業、市場或個股之相關條件改變，投資人需自行考量
投資之需求與風險，本公司恕不負擔任何法律責任。任何轉載或引用本報告內容必須經本公司同意。 
 
- 1 - 
個股報告 
 望隼(4771) 
2026 年營收及獲利持續成長 
投資評等 
目標價 
逢低買進 
$238 
前次投資建議2026.03.25： 
「逢低買進」，目標價：$233 
 
 
報告日期：2026.05.19 
研 究 員：鄭師安 
 
摘 要 及 調 整 原 因 
➢ 受惠中國市場訂單回籠及日本市場新產品陸續出貨，2026 年營收及獲利可望續創歷史新高，
投資評等維持「逢低買進」，6 個月目標價238 元(15X 26(F)PER)，潛在上漲空間28%。 
 
基本資料 
結論與建議 
2026/05/18 
收盤價： 
186.5 ➢ 公司26Q1 營收10.31 億元，YoY+27.2%，毛利率40.99%，
稅後淨利2.15 億元，YoY+11.4%，EPS 3.66 元，獲利略
低於預期。25H2 中國及日本需求開始增加，中國市場需求
特別強勁，許多中國客戶在雙11 之後仍來洽詢訂單。 
➢ 公司認為今年營收季季高，雖然價格競爭持續，但有收斂
的跡象，相關壓力輕很多，全年毛利率目標41%。2026
年1~4 月日本營收衰退的原因是去年同期日本客戶有新品
大量出貨，加上有些訂單遞延到26Q2 出，中國彩片需求
非常暢旺，剛性需求明顯上來。矽水膠26Q1 才取證，公
司看好逐季的營收貢獻。 
➢ 日本市場對矽水膠產品的需求持續成長，今年持續推矽水
膠日彩，預計26H2 營收比重2~5%，矽水膠客單價比較
高，所以先打日本市場，中國市場目前還是以水膠為主，
公司不希望矽水膠產品以低價搶市。 
➢ 目前兩岸月產能共5,905 萬片，產能滿載中。新產能部分，
今年積極建置新產線，26Q3 會擴到6,920 萬片/月，",fc1129ab094b6b5528a862e0,26,,PENDING,,PENDING,,PENDING,0.50,ORANGE,STAGE_TABLELIKE_EXPANSION_REVIEW,VRN_1D1_REPORTTEXT_TABLELIKE_EXPANSION,C:\Users\tonyk\OneDrive\VeritasIntelligenceAnalytics\module\VRN\output\_route_lock_runs\RUN_20260525_195119_VRN_GO_M01_60PDF_FULL_V120\full_input_60pdf\20260519兆豐個股報告-望隼(4771).pdf,2026-06-15T16:25:25.761154,0d0e8b319ddbd20c0477a18473f5eb1800fa6dbf
33280450a5af073c2547,dc367a89b6fb,4771,,兆豐,2026-05-19,2026Q1,2026,Q1,IS,eps,EPS,2.15,2.15,%,TWD,,1," 
評等分級：買進（預期未來六個月股價漲輻超過+30%）; 逢低買進（預期未來六個月股價漲輻介於+15%與+30%之間）; 區間操
作（預期未來六個月股價漲跌輻介於-15%與+15%之間）; 逢高賣出（預期未來六個月股價跌輻介於-15%與-30%之間）；賣出（預
期未來六個月股價跌輻超過-30%）。 
本刊所刊載之內容僅做為參考，惟已力求正確與完整，但因時間及市場客觀因素改變所造成產業、市場或個股之相關條件改變，投資人需自行考量
投資之需求與風險，本公司恕不負擔任何法律責任。任何轉載或引用本報告內容必須經本公司同意。 
 
- 1 - 
個股報告 
 望隼(4771) 
2026 年營收及獲利持續成長 
投資評等 
目標價 
逢低買進 
$238 
前次投資建議2026.03.25： 
「逢低買進」，目標價：$233 
 
 
報告日期：2026.05.19 
研 究 員：鄭師安 
 
摘 要 及 調 整 原 因 
➢ 受惠中國市場訂單回籠及日本市場新產品陸續出貨，2026 年營收及獲利可望續創歷史新高，
投資評等維持「逢低買進」，6 個月目標價238 元(15X 26(F)PER)，潛在上漲空間28%。 
 
基本資料 
結論與建議 
2026/05/18 
收盤價： 
186.5 ➢ 公司26Q1 營收10.31 億元，YoY+27.2%，毛利率40.99%，
稅後淨利2.15 億元，YoY+11.4%，EPS 3.66 元，獲利略
低於預期。25H2 中國及日本需求開始增加，中國市場需求
特別強勁，許多中國客戶在雙11 之後仍來洽詢訂單。 
➢ 公司認為今年營收季季高，雖然價格競爭持續，但有收斂
的跡象，相關壓力輕很多，全年毛利率目標41%。2026
年1~4 月日本營收衰退的原因是去年同期日本客戶有新品
大量出貨，加上有些訂單遞延到26Q2 出，中國彩片需求
非常暢旺，剛性需求明顯上來。矽水膠26Q1 才取證，公
司看好逐季的營收貢獻。 
➢ 日本市場對矽水膠產品的需求持續成長，今年持續推矽水
膠日彩，預計26H2 營收比重2~5%，矽水膠客單價比較
高，所以先打日本市場，中國市場目前還是以水膠為主，
公司不希望矽水膠產品以低價搶市。 
➢ 目前兩岸月產能共5,905 萬片，產能滿載中。新產能部分，
今年積極建置新產線，26Q3 會擴到6,920 萬片/月，",fc1129ab094b6b5528a862e0,27,,PENDING,,PENDING,,PENDING,0.50,ORANGE,STAGE_TABLELIKE_EXPANSION_REVIEW,VRN_1D1_REPORTTEXT_TABLELIKE_EXPANSION,C:\Users\tonyk\OneDrive\VeritasIntelligenceAnalytics\module\VRN\output\_route_lock_runs\RUN_20260525_195119_VRN_GO_M01_60PDF_FULL_V120\full_input_60pdf\20260519兆豐個股報告-望隼(4771).pdf,2026-06-15T16:25:25.761163,2b025a2faee9f53c999e050d9690e93a32ddd165
33280450a5af073c2547,dc367a89b6fb,4771,,兆豐,2026-05-19,2026Q1,2026,Q1,IS,eps,EPS,11.4,11.4%,%,TWD,,1," 
評等分級：買進（預期未來六個月股價漲輻超過+30%）; 逢低買進（預期未來六個月股價漲輻介於+15%與+30%之間）; 區間操
作（預期未來六個月股價漲跌輻介於-15%與+15%之間）; 逢高賣出（預期未來六個月股價跌輻介於-15%與-30%之間）；賣出（預
期未來六個月股價跌輻超過-30%）。 
本刊所刊載之內容僅做為參考，惟已力求正確與完整，但因時間及市場客觀因素改變所造成產業、市場或個股之相關條件改變，投資人需自行考量
投資之需求與風險，本公司恕不負擔任何法律責任。任何轉載或引用本報告內容必須經本公司同意。 
 
- 1 - 
個股報告 
 望隼(4771) 
2026 年營收及獲利持續成長 
投資評等 
目標價 
逢低買進 
$238 
前次投資建議2026.03.25： 
「逢低買進」，目標價：$233 
 
 
報告日期：2026.05.19 
研 究 員：鄭師安 
 
摘 要 及 調 整 原 因 
➢ 受惠中國市場訂單回籠及日本市場新產品陸續出貨，2026 年營收及獲利可望續創歷史新高，
投資評等維持「逢低買進」，6 個月目標價238 元(15X 26(F)PER)，潛在上漲空間28%。 
 
基本資料 
結論與建議 
2026/05/18 
收盤價： 
186.5 ➢ 公司26Q1 營收10.31 億元，YoY+27.2%，毛利率40.99%，
稅後淨利2.15 億元，YoY+11.4%，EPS 3.66 元，獲利略
低於預期。25H2 中國及日本需求開始增加，中國市場需求
特別強勁，許多中國客戶在雙11 之後仍來洽詢訂單。 
➢ 公司認為今年營收季季高，雖然價格競爭持續，但有收斂
的跡象，相關壓力輕很多，全年毛利率目標41%。2026
年1~4 月日本營收衰退的原因是去年同期日本客戶有新品
大量出貨，加上有些訂單遞延到26Q2 出，中國彩片需求
非常暢旺，剛性需求明顯上來。矽水膠26Q1 才取證，公
司看好逐季的營收貢獻。 
➢ 日本市場對矽水膠產品的需求持續成長，今年持續推矽水
膠日彩，預計26H2 營收比重2~5%，矽水膠客單價比較
高，所以先打日本市場，中國市場目前還是以水膠為主，
公司不希望矽水膠產品以低價搶市。 
➢ 目前兩岸月產能共5,905 萬片，產能滿載中。新產能部分，
今年積極建置新產線，26Q3 會擴到6,920 萬片/月，",fc1129ab094b6b5528a862e0,28,,PENDING,,PENDING,,PENDING,0.50,ORANGE,STAGE_TABLELIKE_EXPANSION_REVIEW,VRN_1D1_REPORTTEXT_TABLELIKE_EXPANSION,C:\Users\tonyk\OneDrive\VeritasIntelligenceAnalytics\module\VRN\output\_route_lock_runs\RUN_20260525_195119_VRN_GO_M01_60PDF_FULL_V120\full_input_60pdf\20260519兆豐個股報告-望隼(4771).pdf,2026-06-15T16:25:25.761173,d1c9aae3ef876b1916963e99e1a4240754b530a8
33280450a5af073c2547,dc367a89b6fb,4771,,兆豐,2026-05-19,2026Q1,2026,Q1,IS,eps,EPS,3.66,3.66,%,TWD,,1," 
評等分級：買進（預期未來六個月股價漲輻超過+30%）; 逢低買進（預期未來六個月股價漲輻介於+15%與+30%之間）; 區間操
作（預期未來六個月股價漲跌輻介於-15%與+15%之間）; 逢高賣出（預期未來六個月股價跌輻介於-15%與-30%之間）；賣出（預
期未來六個月股價跌輻超過-30%）。 
本刊所刊載之內容僅做為參考，惟已力求正確與完整，但因時間及市場客觀因素改變所造成產業、市場或個股之相關條件改變，投資人需自行考量
投資之需求與風險，本公司恕不負擔任何法律責任。任何轉載或引用本報告內容必須經本公司同意。 
 
- 1 - 
個股報告 
 望隼(4771) 
2026 年營收及獲利持續成長 
投資評等 
目標價 
逢低買進 
$238 
前次投資建議2026.03.25： 
「逢低買進」，目標價：$233 
 
 
報告日期：2026.05.19 
研 究 員：鄭師安 
 
摘 要 及 調 整 原 因 
➢ 受惠中國市場訂單回籠及日本市場新產品陸續出貨，2026 年營收及獲利可望續創歷史新高，
投資評等維持「逢低買進」，6 個月目標價238 元(15X 26(F)PER)，潛在上漲空間28%。 
 
基本資料 
結論與建議 
2026/05/18 
收盤價： 
186.5 ➢ 公司26Q1 營收10.31 億元，YoY+27.2%，毛利率40.99%，
稅後淨利2.15 億元，YoY+11.4%，EPS 3.66 元，獲利略
低於預期。25H2 中國及日本需求開始增加，中國市場需求
特別強勁，許多中國客戶在雙11 之後仍來洽詢訂單。 
➢ 公司認為今年營收季季高，雖然價格競爭持續，但有收斂
的跡象，相關壓力輕很多，全年毛利率目標41%。2026
年1~4 月日本營收衰退的原因是去年同期日本客戶有新品
大量出貨，加上有些訂單遞延到26Q2 出，中國彩片需求
非常暢旺，剛性需求明顯上來。矽水膠26Q1 才取證，公
司看好逐季的營收貢獻。 
➢ 日本市場對矽水膠產品的需求持續成長，今年持續推矽水
膠日彩，預計26H2 營收比重2~5%，矽水膠客單價比較
高，所以先打日本市場，中國市場目前還是以水膠為主，
公司不希望矽水膠產品以低價搶市。 
➢ 目前兩岸月產能共5,905 萬片，產能滿載中。新產能部分，
今年積極建置新產線，26Q3 會擴到6,920 萬片/月，",fc1129ab094b6b5528a862e0,29,,PENDING,,PENDING,,PENDING,0.50,ORANGE,STAGE_TABLELIKE_EXPANSION_REVIEW,VRN_1D1_REPORTTEXT_TABLELIKE_EXPANSION,C:\Users\tonyk\OneDrive\VeritasIntelligenceAnalytics\module\VRN\output\_route_lock_runs\RUN_20260525_195119_VRN_GO_M01_60PDF_FULL_V120\full_input_60pdf\20260519兆豐個股報告-望隼(4771).pdf,2026-06-15T16:25:25.761182,a7e9a4c4712557e07ff6271531100860754b756f
33280450a5af073c2547,dc367a89b6fb,4771,,兆豐,2026-05-19,2026Q1,2026,Q1,IS,eps,EPS,11.0,11,%,TWD,,1," 
評等分級：買進（預期未來六個月股價漲輻超過+30%）; 逢低買進（預期未來六個月股價漲輻介於+15%與+30%之間）; 區間操
作（預期未來六個月股價漲跌輻介於-15%與+15%之間）; 逢高賣出（預期未來六個月股價跌輻介於-15%與-30%之間）；賣出（預
期未來六個月股價跌輻超過-30%）。 
本刊所刊載之內容僅做為參考，惟已力求正確與完整，但因時間及市場客觀因素改變所造成產業、市場或個股之相關條件改變，投資人需自行考量
投資之需求與風險，本公司恕不負擔任何法律責任。任何轉載或引用本報告內容必須經本公司同意。 
 
- 1 - 
個股報告 
 望隼(4771) 
2026 年營收及獲利持續成長 
投資評等 
目標價 
逢低買進 
$238 
前次投資建議2026.03.25： 
「逢低買進」，目標價：$233 
 
 
報告日期：2026.05.19 
研 究 員：鄭師安 
 
摘 要 及 調 整 原 因 
➢ 受惠中國市場訂單回籠及日本市場新產品陸續出貨，2026 年營收及獲利可望續創歷史新高，
投資評等維持「逢低買進」，6 個月目標價238 元(15X 26(F)PER)，潛在上漲空間28%。 
 
基本資料 
結論與建議 
2026/05/18 
收盤價： 
186.5 ➢ 公司26Q1 營收10.31 億元，YoY+27.2%，毛利率40.99%，
稅後淨利2.15 億元，YoY+11.4%，EPS 3.66 元，獲利略
低於預期。25H2 中國及日本需求開始增加，中國市場需求
特別強勁，許多中國客戶在雙11 之後仍來洽詢訂單。 
➢ 公司認為今年營收季季高，雖然價格競爭持續，但有收斂
的跡象，相關壓力輕很多，全年毛利率目標41%。2026
年1~4 月日本營收衰退的原因是去年同期日本客戶有新品
大量出貨，加上有些訂單遞延到26Q2 出，中國彩片需求
非常暢旺，剛性需求明顯上來。矽水膠26Q1 才取證，公
司看好逐季的營收貢獻。 
➢ 日本市場對矽水膠產品的需求持續成長，今年持續推矽水
膠日彩，預計26H2 營收比重2~5%，矽水膠客單價比較
高，所以先打日本市場，中國市場目前還是以水膠為主，
公司不希望矽水膠產品以低價搶市。 
➢ 目前兩岸月產能共5,905 萬片，產能滿載中。新產能部分，
今年積極建置新產線，26Q3 會擴到6,920 萬片/月，",fc1129ab094b6b5528a862e0,30,,PENDING,,PENDING,,PENDING,0.50,ORANGE,STAGE_TABLELIKE_EXPANSION_REVIEW,VRN_1D1_REPORTTEXT_TABLELIKE_EXPANSION,C:\Users\tonyk\OneDrive\VeritasIntelligenceAnalytics\module\VRN\output\_route_lock_runs\RUN_20260525_195119_VRN_GO_M01_60PDF_FULL_V120\full_input_60pdf\20260519兆豐個股報告-望隼(4771).pdf,2026-06-15T16:25:25.761191,967a4f6bf83b636054a62d94cbad662f9f0d7714
33280450a5af073c2547,dc367a89b6fb,4771,,兆豐,2026-05-19,2026Q1,2026,Q1,IS,eps,EPS,41.0,41%,%,TWD,,1," 
評等分級：買進（預期未來六個月股價漲輻超過+30%）; 逢低買進（預期未來六個月股價漲輻介於+15%與+30%之間）; 區間操
作（預期未來六個月股價漲跌輻介於-15%與+15%之間）; 逢高賣出（預期未來六個月股價跌輻介於-15%與-30%之間）；賣出（預
期未來六個月股價跌輻超過-30%）。 
本刊所刊載之內容僅做為參考，惟已力求正確與完整，但因時間及市場客觀因素改變所造成產業、市場或個股之相關條件改變，投資人需自行考量
投資之需求與風險，本公司恕不負擔任何法律責任。任何轉載或引用本報告內容必須經本公司同意。 
 
- 1 - 
個股報告 
 望隼(4771) 
2026 年營收及獲利持續成長 
投資評等 
目標價 
逢低買進 
$238 
前次投資建議2026.03.25： 
「逢低買進」，目標價：$233 
 
 
報告日期：2026.05.19 
研 究 員：鄭師安 
 
摘 要 及 調 整 原 因 
➢ 受惠中國市場訂單回籠及日本市場新產品陸續出貨，2026 年營收及獲利可望續創歷史新高，
投資評等維持「逢低買進」，6 個月目標價238 元(15X 26(F)PER)，潛在上漲空間28%。 
 
基本資料 
結論與建議 
2026/05/18 
收盤價： 
186.5 ➢ 公司26Q1 營收10.31 億元，YoY+27.2%，毛利率40.99%，
稅後淨利2.15 億元，YoY+11.4%，EPS 3.66 元，獲利略
低於預期。25H2 中國及日本需求開始增加，中國市場需求
特別強勁，許多中國客戶在雙11 之後仍來洽詢訂單。 
➢ 公司認為今年營收季季高，雖然價格競爭持續，但有收斂
的跡象，相關壓力輕很多，全年毛利率目標41%。2026
年1~4 月日本營收衰退的原因是去年同期日本客戶有新品
大量出貨，加上有些訂單遞延到26Q2 出，中國彩片需求
非常暢旺，剛性需求明顯上來。矽水膠26Q1 才取證，公
司看好逐季的營收貢獻。 
➢ 日本市場對矽水膠產品的需求持續成長，今年持續推矽水
膠日彩，預計26H2 營收比重2~5%，矽水膠客單價比較
高，所以先打日本市場，中國市場目前還是以水膠為主，
公司不希望矽水膠產品以低價搶市。 
➢ 目前兩岸月產能共5,905 萬片，產能滿載中。新產能部分，
今年積極建置新產線，26Q3 會擴到6,920 萬片/月，",fc1129ab094b6b5528a862e0,31,,PENDING,,PENDING,,PENDING,0.50,ORANGE,STAGE_TABLELIKE_EXPANSION_REVIEW,VRN_1D1_REPORTTEXT_TABLELIKE_EXPANSION,C:\Users\tonyk\OneDrive\VeritasIntelligenceAnalytics\module\VRN\output\_route_lock_runs\RUN_20260525_195119_VRN_GO_M01_60PDF_FULL_V120\full_input_60pdf\20260519兆豐個股報告-望隼(4771).pdf,2026-06-15T16:25:25.761200,3199df32d86e6494c78c6d1c9c447b3dd84d89d1
33280450a5af073c2547,dc367a89b6fb,4771,,兆豐,2026-05-19,2026Q1,2026,Q1,IS,eps,EPS,1.0,1,%,TWD,,1," 
評等分級：買進（預期未來六個月股價漲輻超過+30%）; 逢低買進（預期未來六個月股價漲輻介於+15%與+30%之間）; 區間操
作（預期未來六個月股價漲跌輻介於-15%與+15%之間）; 逢高賣出（預期未來六個月股價跌輻介於-15%與-30%之間）；賣出（預
期未來六個月股價跌輻超過-30%）。 
本刊所刊載之內容僅做為參考，惟已力求正確與完整，但因時間及市場客觀因素改變所造成產業、市場或個股之相關條件改變，投資人需自行考量
投資之需求與風險，本公司恕不負擔任何法律責任。任何轉載或引用本報告內容必須經本公司同意。 
 
- 1 - 
個股報告 
 望隼(4771) 
2026 年營收及獲利持續成長 
投資評等 
目標價 
逢低買進 
$238 
前次投資建議2026.03.25： 
「逢低買進」，目標價：$233 
 
 
報告日期：2026.05.19 
研 究 員：鄭師安 
 
摘 要 及 調 整 原 因 
➢ 受惠中國市場訂單回籠及日本市場新產品陸續出貨，2026 年營收及獲利可望續創歷史新高，
投資評等維持「逢低買進」，6 個月目標價238 元(15X 26(F)PER)，潛在上漲空間28%。 
 
基本資料 
結論與建議 
2026/05/18 
收盤價： 
186.5 ➢ 公司26Q1 營收10.31 億元，YoY+27.2%，毛利率40.99%，
稅後淨利2.15 億元，YoY+11.4%，EPS 3.66 元，獲利略
低於預期。25H2 中國及日本需求開始增加，中國市場需求
特別強勁，許多中國客戶在雙11 之後仍來洽詢訂單。 
➢ 公司認為今年營收季季高，雖然價格競爭持續，但有收斂
的跡象，相關壓力輕很多，全年毛利率目標41%。2026
年1~4 月日本營收衰退的原因是去年同期日本客戶有新品
大量出貨，加上有些訂單遞延到26Q2 出，中國彩片需求
非常暢旺，剛性需求明顯上來。矽水膠26Q1 才取證，公
司看好逐季的營收貢獻。 
➢ 日本市場對矽水膠產品的需求持續成長，今年持續推矽水
膠日彩，預計26H2 營收比重2~5%，矽水膠客單價比較
高，所以先打日本市場，中國市場目前還是以水膠為主，
公司不希望矽水膠產品以低價搶市。 
➢ 目前兩岸月產能共5,905 萬片，產能滿載中。新產能部分，
今年積極建置新產線，26Q3 會擴到6,920 萬片/月，",fc1129ab094b6b5528a862e0,32,,PENDING,,PENDING,,PENDING,0.50,ORANGE,STAGE_TABLELIKE_EXPANSION_REVIEW,VRN_1D1_REPORTTEXT_TABLELIKE_EXPANSION,C:\Users\tonyk\OneDrive\VeritasIntelligenceAnalytics\module\VRN\output\_route_lock_runs\RUN_20260525_195119_VRN_GO_M01_60PDF_FULL_V120\full_input_60pdf\20260519兆豐個股報告-望隼(4771).pdf,2026-06-15T16:25:25.761210,7cd61115271c17d86730466632254dd712534603
33280450a5af073c2547,dc367a89b6fb,4771,,兆豐,2026-05-19,2026Q1,2026,Q1,IS,eps,EPS,4.0,4,%,TWD,,1," 
評等分級：買進（預期未來六個月股價漲輻超過+30%）; 逢低買進（預期未來六個月股價漲輻介於+15%與+30%之間）; 區間操
作（預期未來六個月股價漲跌輻介於-15%與+15%之間）; 逢高賣出（預期未來六個月股價跌輻介於-15%與-30%之間）；賣出（預
期未來六個月股價跌輻超過-30%）。 
本刊所刊載之內容僅做為參考，惟已力求正確與完整，但因時間及市場客觀因素改變所造成產業、市場或個股之相關條件改變，投資人需自行考量
投資之需求與風險，本公司恕不負擔任何法律責任。任何轉載或引用本報告內容必須經本公司同意。 
 
- 1 - 
個股報告 
 望隼(4771) 
2026 年營收及獲利持續成長 
投資評等 
目標價 
逢低買進 
$238 
前次投資建議2026.03.25： 
「逢低買進」，目標價：$233 
 
 
報告日期：2026.05.19 
研 究 員：鄭師安 
 
摘 要 及 調 整 原 因 
➢ 受惠中國市場訂單回籠及日本市場新產品陸續出貨，2026 年營收及獲利可望續創歷史新高，
投資評等維持「逢低買進」，6 個月目標價238 元(15X 26(F)PER)，潛在上漲空間28%。 
 
基本資料 
結論與建議 
2026/05/18 
收盤價： 
186.5 ➢ 公司26Q1 營收10.31 億元，YoY+27.2%，毛利率40.99%，
稅後淨利2.15 億元，YoY+11.4%，EPS 3.66 元，獲利略
低於預期。25H2 中國及日本需求開始增加，中國市場需求
特別強勁，許多中國客戶在雙11 之後仍來洽詢訂單。 
➢ 公司認為今年營收季季高，雖然價格競爭持續，但有收斂
的跡象，相關壓力輕很多，全年毛利率目標41%。2026
年1~4 月日本營收衰退的原因是去年同期日本客戶有新品
大量出貨，加上有些訂單遞延到26Q2 出，中國彩片需求
非常暢旺，剛性需求明顯上來。矽水膠26Q1 才取證，公
司看好逐季的營收貢獻。 
➢ 日本市場對矽水膠產品的需求持續成長，今年持續推矽水
膠日彩，預計26H2 營收比重2~5%，矽水膠客單價比較
高，所以先打日本市場，中國市場目前還是以水膠為主，
公司不希望矽水膠產品以低價搶市。 
➢ 目前兩岸月產能共5,905 萬片，產能滿載中。新產能部分，
今年積極建置新產線，26Q3 會擴到6,920 萬片/月，",fc1129ab094b6b5528a862e0,33,,PENDING,,PENDING,,PENDING,0.50,ORANGE,STAGE_TABLELIKE_EXPANSION_REVIEW,VRN_1D1_REPORTTEXT_TABLELIKE_EXPANSION,C:\Users\tonyk\OneDrive\VeritasIntelligenceAnalytics\module\VRN\output\_route_lock_runs\RUN_20260525_195119_VRN_GO_M01_60PDF_FULL_V120\full_input_60pdf\20260519兆豐個股報告-望隼(4771).pdf,2026-06-15T16:25:25.761219,fad2628e32883ce07667dac84864582c373664fa
33280450a5af073c2547,dc367a89b6fb,4771,,兆豐,2026-05-19,2026Q1,2026,Q1,IS,eps,EPS,2.0,2,%,TWD,,1," 
評等分級：買進（預期未來六個月股價漲輻超過+30%）; 逢低買進（預期未來六個月股價漲輻介於+15%與+30%之間）; 區間操
作（預期未來六個月股價漲跌輻介於-15%與+15%之間）; 逢高賣出（預期未來六個月股價跌輻介於-15%與-30%之間）；賣出（預
期未來六個月股價跌輻超過-30%）。 
本刊所刊載之內容僅做為參考，惟已力求正確與完整，但因時間及市場客觀因素改變所造成產業、市場或個股之相關條件改變，投資人需自行考量
投資之需求與風險，本公司恕不負擔任何法律責任。任何轉載或引用本報告內容必須經本公司同意。 
 
- 1 - 
個股報告 
 望隼(4771) 
2026 年營收及獲利持續成長 
投資評等 
目標價 
逢低買進 
$238 
前次投資建議2026.03.25： 
「逢低買進」，目標價：$233 
 
 
報告日期：2026.05.19 
研 究 員：鄭師安 
 
摘 要 及 調 整 原 因 
➢ 受惠中國市場訂單回籠及日本市場新產品陸續出貨，2026 年營收及獲利可望續創歷史新高，
投資評等維持「逢低買進」，6 個月目標價238 元(15X 26(F)PER)，潛在上漲空間28%。 
 
基本資料 
結論與建議 
2026/05/18 
收盤價： 
186.5 ➢ 公司26Q1 營收10.31 億元，YoY+27.2%，毛利率40.99%，
稅後淨利2.15 億元，YoY+11.4%，EPS 3.66 元，獲利略
低於預期。25H2 中國及日本需求開始增加，中國市場需求
特別強勁，許多中國客戶在雙11 之後仍來洽詢訂單。 
➢ 公司認為今年營收季季高，雖然價格競爭持續，但有收斂
的跡象，相關壓力輕很多，全年毛利率目標41%。2026
年1~4 月日本營收衰退的原因是去年同期日本客戶有新品
大量出貨，加上有些訂單遞延到26Q2 出，中國彩片需求
非常暢旺，剛性需求明顯上來。矽水膠26Q1 才取證，公
司看好逐季的營收貢獻。 
➢ 日本市場對矽水膠產品的需求持續成長，今年持續推矽水
膠日彩，預計26H2 營收比重2~5%，矽水膠客單價比較
高，所以先打日本市場，中國市場目前還是以水膠為主，
公司不希望矽水膠產品以低價搶市。 
➢ 目前兩岸月產能共5,905 萬片，產能滿載中。新產能部分，
今年積極建置新產線，26Q3 會擴到6,920 萬片/月，",fc1129ab094b6b5528a862e0,34,,PENDING,,PENDING,,PENDING,0.50,ORANGE,STAGE_TABLELIKE_EXPANSION_REVIEW,VRN_1D1_REPORTTEXT_TABLELIKE_EXPANSION,C:\Users\tonyk\OneDrive\VeritasIntelligenceAnalytics\module\VRN\output\_route_lock_runs\RUN_20260525_195119_VRN_GO_M01_60PDF_FULL_V120\full_input_60pdf\20260519兆豐個股報告-望隼(4771).pdf,2026-06-15T16:25:25.761229,0c8a41298e60c54ed0b4990ba7344305354076fa
33280450a5af073c2547,dc367a89b6fb,4771,,兆豐,2026-05-19,2026Q1,2026,Q1,IS,eps,EPS,5.0,5%,%,TWD,,1," 
評等分級：買進（預期未來六個月股價漲輻超過+30%）; 逢低買進（預期未來六個月股價漲輻介於+15%與+30%之間）; 區間操
作（預期未來六個月股價漲跌輻介於-15%與+15%之間）; 逢高賣出（預期未來六個月股價跌輻介於-15%與-30%之間）；賣出（預
期未來六個月股價跌輻超過-30%）。 
本刊所刊載之內容僅做為參考，惟已力求正確與完整，但因時間及市場客觀因素改變所造成產業、市場或個股之相關條件改變，投資人需自行考量
投資之需求與風險，本公司恕不負擔任何法律責任。任何轉載或引用本報告內容必須經本公司同意。 
 
- 1 - 
個股報告 
 望隼(4771) 
2026 年營收及獲利持續成長 
投資評等 
目標價 
逢低買進 
$238 
前次投資建議2026.03.25： 
「逢低買進」，目標價：$233 
 
 
報告日期：2026.05.19 
研 究 員：鄭師安 
 
摘 要 及 調 整 原 因 
➢ 受惠中國市場訂單回籠及日本市場新產品陸續出貨，2026 年營收及獲利可望續創歷史新高，
投資評等維持「逢低買進」，6 個月目標價238 元(15X 26(F)PER)，潛在上漲空間28%。 
 
基本資料 
結論與建議 
2026/05/18 
收盤價： 
186.5 ➢ 公司26Q1 營收10.31 億元，YoY+27.2%，毛利率40.99%，
稅後淨利2.15 億元，YoY+11.4%，EPS 3.66 元，獲利略
低於預期。25H2 中國及日本需求開始增加，中國市場需求
特別強勁，許多中國客戶在雙11 之後仍來洽詢訂單。 
➢ 公司認為今年營收季季高，雖然價格競爭持續，但有收斂
的跡象，相關壓力輕很多，全年毛利率目標41%。2026
年1~4 月日本營收衰退的原因是去年同期日本客戶有新品
大量出貨，加上有些訂單遞延到26Q2 出，中國彩片需求
非常暢旺，剛性需求明顯上來。矽水膠26Q1 才取證，公
司看好逐季的營收貢獻。 
➢ 日本市場對矽水膠產品的需求持續成長，今年持續推矽水
膠日彩，預計26H2 營收比重2~5%，矽水膠客單價比較
高，所以先打日本市場，中國市場目前還是以水膠為主，
公司不希望矽水膠產品以低價搶市。 
➢ 目前兩岸月產能共5,905 萬片，產能滿載中。新產能部分，
今年積極建置新產線，26Q3 會擴到6,920 萬片/月，",fc1129ab094b6b5528a862e0,35,,PENDING,,PENDING,,PENDING,0.50,ORANGE,STAGE_TABLELIKE_EXPANSION_REVIEW,VRN_1D1_REPORTTEXT_TABLELIKE_EXPANSION,C:\Users\tonyk\OneDrive\VeritasIntelligenceAnalytics\module\VRN\output\_route_lock_runs\RUN_20260525_195119_VRN_GO_M01_60PDF_FULL_V120\full_input_60pdf\20260519兆豐個股報告-望隼(4771).pdf,2026-06-15T16:25:25.761238,f8462edd2e5d6a2a0e9f7ec8efeffe0521fc3dde
33280450a5af073c2547,dc367a89b6fb,4771,,兆豐,2026-05-19,2026Q1,2026,Q1,IS,eps,EPS,5905.0,"5,905",%,TWD,,1," 
評等分級：買進（預期未來六個月股價漲輻超過+30%）; 逢低買進（預期未來六個月股價漲輻介於+15%與+30%之間）; 區間操
作（預期未來六個月股價漲跌輻介於-15%與+15%之間）; 逢高賣出（預期未來六個月股價跌輻介於-15%與-30%之間）；賣出（預
期未來六個月股價跌輻超過-30%）。 
本刊所刊載之內容僅做為參考，惟已力求正確與完整，但因時間及市場客觀因素改變所造成產業、市場或個股之相關條件改變，投資人需自行考量
投資之需求與風險，本公司恕不負擔任何法律責任。任何轉載或引用本報告內容必須經本公司同意。 
 
- 1 - 
個股報告 
 望隼(4771) 
2026 年營收及獲利持續成長 
投資評等 
目標價 
逢低買進 
$238 
前次投資建議2026.03.25： 
「逢低買進」，目標價：$233 
 
 
報告日期：2026.05.19 
研 究 員：鄭師安 
 
摘 要 及 調 整 原 因 
➢ 受惠中國市場訂單回籠及日本市場新產品陸續出貨，2026 年營收及獲利可望續創歷史新高，
投資評等維持「逢低買進」，6 個月目標價238 元(15X 26(F)PER)，潛在上漲空間28%。 
 
基本資料 
結論與建議 
2026/05/18 
收盤價： 
186.5 ➢ 公司26Q1 營收10.31 億元，YoY+27.2%，毛利率40.99%，
稅後淨利2.15 億元，YoY+11.4%，EPS 3.66 元，獲利略
低於預期。25H2 中國及日本需求開始增加，中國市場需求
特別強勁，許多中國客戶在雙11 之後仍來洽詢訂單。 
➢ 公司認為今年營收季季高，雖然價格競爭持續，但有收斂
的跡象，相關壓力輕很多，全年毛利率目標41%。2026
年1~4 月日本營收衰退的原因是去年同期日本客戶有新品
大量出貨，加上有些訂單遞延到26Q2 出，中國彩片需求
非常暢旺，剛性需求明顯上來。矽水膠26Q1 才取證，公
司看好逐季的營收貢獻。 
➢ 日本市場對矽水膠產品的需求持續成長，今年持續推矽水
膠日彩，預計26H2 營收比重2~5%，矽水膠客單價比較
高，所以先打日本市場，中國市場目前還是以水膠為主，
公司不希望矽水膠產品以低價搶市。 
➢ 目前兩岸月產能共5,905 萬片，產能滿載中。新產能部分，
今年積極建置新產線，26Q3 會擴到6,920 萬片/月，",fc1129ab094b6b5528a862e0,36,,PENDING,,PENDING,,PENDING,0.50,ORANGE,STAGE_TABLELIKE_EXPANSION_REVIEW,VRN_1D1_REPORTTEXT_TABLELIKE_EXPANSION,C:\Users\tonyk\OneDrive\VeritasIntelligenceAnalytics\module\VRN\output\_route_lock_runs\RUN_20260525_195119_VRN_GO_M01_60PDF_FULL_V120\full_input_60pdf\20260519兆豐個股報告-望隼(4771).pdf,2026-06-15T16:25:25.761247,63e982a3902b0f5a7883e6683b0297549e023a9d
33280450a5af073c2547,dc367a89b6fb,4771,,兆豐,2026-05-19,2026Q1,2026,Q1,IS,eps,EPS,6920.0,"6,920",%,TWD,,1," 
評等分級：買進（預期未來六個月股價漲輻超過+30%）; 逢低買進（預期未來六個月股價漲輻介於+15%與+30%之間）; 區間操
作（預期未來六個月股價漲跌輻介於-15%與+15%之間）; 逢高賣出（預期未來六個月股價跌輻介於-15%與-30%之間）；賣出（預
期未來六個月股價跌輻超過-30%）。 
本刊所刊載之內容僅做為參考，惟已力求正確與完整，但因時間及市場客觀因素改變所造成產業、市場或個股之相關條件改變，投資人需自行考量
投資之需求與風險，本公司恕不負擔任何法律責任。任何轉載或引用本報告內容必須經本公司同意。 
 
- 1 - 
個股報告 
 望隼(4771) 
2026 年營收及獲利持續成長 
投資評等 
目標價 
逢低買進 
$238 
前次投資建議2026.03.25： 
「逢低買進」，目標價：$233 
 
 
報告日期：2026.05.19 
研 究 員：鄭師安 
 
摘 要 及 調 整 原 因 
➢ 受惠中國市場訂單回籠及日本市場新產品陸續出貨，2026 年營收及獲利可望續創歷史新高，
投資評等維持「逢低買進」，6 個月目標價238 元(15X 26(F)PER)，潛在上漲空間28%。 
 
基本資料 
結論與建議 
2026/05/18 
收盤價： 
186.5 ➢ 公司26Q1 營收10.31 億元，YoY+27.2%，毛利率40.99%，
稅後淨利2.15 億元，YoY+11.4%，EPS 3.66 元，獲利略
低於預期。25H2 中國及日本需求開始增加，中國市場需求
特別強勁，許多中國客戶在雙11 之後仍來洽詢訂單。 
➢ 公司認為今年營收季季高，雖然價格競爭持續，但有收斂
的跡象，相關壓力輕很多，全年毛利率目標41%。2026
年1~4 月日本營收衰退的原因是去年同期日本客戶有新品
大量出貨，加上有些訂單遞延到26Q2 出，中國彩片需求
非常暢旺，剛性需求明顯上來。矽水膠26Q1 才取證，公
司看好逐季的營收貢獻。 
➢ 日本市場對矽水膠產品的需求持續成長，今年持續推矽水
膠日彩，預計26H2 營收比重2~5%，矽水膠客單價比較
高，所以先打日本市場，中國市場目前還是以水膠為主，
公司不希望矽水膠產品以低價搶市。 
➢ 目前兩岸月產能共5,905 萬片，產能滿載中。新產能部分，
今年積極建置新產線，26Q3 會擴到6,920 萬片/月，",fc1129ab094b6b5528a862e0,37,,PENDING,,PENDING,,PENDING,0.50,ORANGE,STAGE_TABLELIKE_EXPANSION_REVIEW,VRN_1D1_REPORTTEXT_TABLELIKE_EXPANSION,C:\Users\tonyk\OneDrive\VeritasIntelligenceAnalytics\module\VRN\output\_route_lock_runs\RUN_20260525_195119_VRN_GO_M01_60PDF_FULL_V120\full_input_60pdf\20260519兆豐個股報告-望隼(4771).pdf,2026-06-15T16:25:25.761257,058cd4d398cb55fc3c8d2911ff94438e7fc4ad2f
33280450a5af073c2547,dc367a89b6fb,4771,,兆豐,2026-05-19,2026Q1,2026,Q1,IS,eps,EPS,8095.0,"8,095",%,TWD,,1," 
評等分級：買進（預期未來六個月股價漲輻超過+30%）; 逢低買進（預期未來六個月股價漲輻介於+15%與+30%之間）; 區間操
作（預期未來六個月股價漲跌輻介於-15%與+15%之間）; 逢高賣出（預期未來六個月股價跌輻介於-15%與-30%之間）；賣出（預
期未來六個月股價跌輻超過-30%）。 
本刊所刊載之內容僅做為參考，惟已力求正確與完整，但因時間及市場客觀因素改變所造成產業、市場或個股之相關條件改變，投資人需自行考量
投資之需求與風險，本公司恕不負擔任何法律責任。任何轉載或引用本報告內容必須經本公司同意。 
 
- 1 - 
個股報告 
 望隼(4771) 
2026 年營收及獲利持續成長 
投資評等 
目標價 
逢低買進 
$238 
前次投資建議2026.03.25： 
「逢低買進」，目標價：$233 
 
 
報告日期：2026.05.19 
研 究 員：鄭師安 
 
摘 要 及 調 整 原 因 
➢ 受惠中國市場訂單回籠及日本市場新產品陸續出貨，2026 年營收及獲利可望續創歷史新高，
投資評等維持「逢低買進」，6 個月目標價238 元(15X 26(F)PER)，潛在上漲空間28%。 
 
基本資料 
結論與建議 
2026/05/18 
收盤價： 
186.5 ➢ 公司26Q1 營收10.31 億元，YoY+27.2%，毛利率40.99%，
稅後淨利2.15 億元，YoY+11.4%，EPS 3.66 元，獲利略
低於預期。25H2 中國及日本需求開始增加，中國市場需求
特別強勁，許多中國客戶在雙11 之後仍來洽詢訂單。 
➢ 公司認為今年營收季季高，雖然價格競爭持續，但有收斂
的跡象，相關壓力輕很多，全年毛利率目標41%。2026
年1~4 月日本營收衰退的原因是去年同期日本客戶有新品
大量出貨，加上有些訂單遞延到26Q2 出，中國彩片需求
非常暢旺，剛性需求明顯上來。矽水膠26Q1 才取證，公
司看好逐季的營收貢獻。 
➢ 日本市場對矽水膠產品的需求持續成長，今年持續推矽水
膠日彩，預計26H2 營收比重2~5%，矽水膠客單價比較
高，所以先打日本市場，中國市場目前還是以水膠為主，
公司不希望矽水膠產品以低價搶市。 
➢ 目前兩岸月產能共5,905 萬片，產能滿載中。新產能部分，
今年積極建置新產線，26Q3 會擴到6,920 萬片/月，",fc1129ab094b6b5528a862e0,38,,PENDING,,PENDING,,PENDING,0.50,ORANGE,STAGE_TABLELIKE_EXPANSION_REVIEW,VRN_1D1_REPORTTEXT_TABLELIKE_EXPANSION,C:\Users\tonyk\OneDrive\VeritasIntelligenceAnalytics\module\VRN\output\_route_lock_runs\RUN_20260525_195119_VRN_GO_M01_60PDF_FULL_V120\full_input_60pdf\20260519兆豐個股報告-望隼(4771).pdf,2026-06-15T16:25:25.761266,eda07f9622e0dfffaafe1879e1df4501bfb6f2b3
33280450a5af073c2547,dc367a89b6fb,4771,,兆豐,2026-05-19,2026Q1,2026,Q1,IS,eps,EPS,44.5,44.5,%,TWD,,1," 
評等分級：買進（預期未來六個月股價漲輻超過+30%）; 逢低買進（預期未來六個月股價漲輻介於+15%與+30%之間）; 區間操
作（預期未來六個月股價漲跌輻介於-15%與+15%之間）; 逢高賣出（預期未來六個月股價跌輻介於-15%與-30%之間）；賣出（預
期未來六個月股價跌輻超過-30%）。 
本刊所刊載之內容僅做為參考，惟已力求正確與完整，但因時間及市場客觀因素改變所造成產業、市場或個股之相關條件改變，投資人需自行考量
投資之需求與風險，本公司恕不負擔任何法律責任。任何轉載或引用本報告內容必須經本公司同意。 
 
- 1 - 
個股報告 
 望隼(4771) 
2026 年營收及獲利持續成長 
投資評等 
目標價 
逢低買進 
$238 
前次投資建議2026.03.25： 
「逢低買進」，目標價：$233 
 
 
報告日期：2026.05.19 
研 究 員：鄭師安 
 
摘 要 及 調 整 原 因 
➢ 受惠中國市場訂單回籠及日本市場新產品陸續出貨，2026 年營收及獲利可望續創歷史新高，
投資評等維持「逢低買進」，6 個月目標價238 元(15X 26(F)PER)，潛在上漲空間28%。 
 
基本資料 
結論與建議 
2026/05/18 
收盤價： 
186.5 ➢ 公司26Q1 營收10.31 億元，YoY+27.2%，毛利率40.99%，
稅後淨利2.15 億元，YoY+11.4%，EPS 3.66 元，獲利略
低於預期。25H2 中國及日本需求開始增加，中國市場需求
特別強勁，許多中國客戶在雙11 之後仍來洽詢訂單。 
➢ 公司認為今年營收季季高，雖然價格競爭持續，但有收斂
的跡象，相關壓力輕很多，全年毛利率目標41%。2026
年1~4 月日本營收衰退的原因是去年同期日本客戶有新品
大量出貨，加上有些訂單遞延到26Q2 出，中國彩片需求
非常暢旺，剛性需求明顯上來。矽水膠26Q1 才取證，公
司看好逐季的營收貢獻。 
➢ 日本市場對矽水膠產品的需求持續成長，今年持續推矽水
膠日彩，預計26H2 營收比重2~5%，矽水膠客單價比較
高，所以先打日本市場，中國市場目前還是以水膠為主，
公司不希望矽水膠產品以低價搶市。 
➢ 目前兩岸月產能共5,905 萬片，產能滿載中。新產能部分，
今年積極建置新產線，26Q3 會擴到6,920 萬片/月，",fc1129ab094b6b5528a862e0,39,,PENDING,,PENDING,,PENDING,0.50,ORANGE,STAGE_TABLELIKE_EXPANSION_REVIEW,VRN_1D1_REPORTTEXT_TABLELIKE_EXPANSION,C:\Users\tonyk\OneDrive\VeritasIntelligenceAnalytics\module\VRN\output\_route_lock_runs\RUN_20260525_195119_VRN_GO_M01_60PDF_FULL_V120\full_input_60pdf\20260519兆豐個股報告-望隼(4771).pdf,2026-06-15T16:25:25.761276,a3a94ce44cb45302284658b18d947b6ea5c8017e
33280450a5af073c2547,dc367a89b6fb,4771,,兆豐,2026-05-19,2026Q1,2026,Q1,IS,eps,EPS,27.7,27.7%,%,TWD,,1," 
評等分級：買進（預期未來六個月股價漲輻超過+30%）; 逢低買進（預期未來六個月股價漲輻介於+15%與+30%之間）; 區間操
作（預期未來六個月股價漲跌輻介於-15%與+15%之間）; 逢高賣出（預期未來六個月股價跌輻介於-15%與-30%之間）；賣出（預
期未來六個月股價跌輻超過-30%）。 
本刊所刊載之內容僅做為參考，惟已力求正確與完整，但因時間及市場客觀因素改變所造成產業、市場或個股之相關條件改變，投資人需自行考量
投資之需求與風險，本公司恕不負擔任何法律責任。任何轉載或引用本報告內容必須經本公司同意。 
 
- 1 - 
個股報告 
 望隼(4771) 
2026 年營收及獲利持續成長 
投資評等 
目標價 
逢低買進 
$238 
前次投資建議2026.03.25： 
「逢低買進」，目標價：$233 
 
 
報告日期：2026.05.19 
研 究 員：鄭師安 
 
摘 要 及 調 整 原 因 
➢ 受惠中國市場訂單回籠及日本市場新產品陸續出貨，2026 年營收及獲利可望續創歷史新高，
投資評等維持「逢低買進」，6 個月目標價238 元(15X 26(F)PER)，潛在上漲空間28%。 
 
基本資料 
結論與建議 
2026/05/18 
收盤價： 
186.5 ➢ 公司26Q1 營收10.31 億元，YoY+27.2%，毛利率40.99%，
稅後淨利2.15 億元，YoY+11.4%，EPS 3.66 元，獲利略
低於預期。25H2 中國及日本需求開始增加，中國市場需求
特別強勁，許多中國客戶在雙11 之後仍來洽詢訂單。 
➢ 公司認為今年營收季季高，雖然價格競爭持續，但有收斂
的跡象，相關壓力輕很多，全年毛利率目標41%。2026
年1~4 月日本營收衰退的原因是去年同期日本客戶有新品
大量出貨，加上有些訂單遞延到26Q2 出，中國彩片需求
非常暢旺，剛性需求明顯上來。矽水膠26Q1 才取證，公
司看好逐季的營收貢獻。 
➢ 日本市場對矽水膠產品的需求持續成長，今年持續推矽水
膠日彩，預計26H2 營收比重2~5%，矽水膠客單價比較
高，所以先打日本市場，中國市場目前還是以水膠為主，
公司不希望矽水膠產品以低價搶市。 
➢ 目前兩岸月產能共5,905 萬片，產能滿載中。新產能部分，
今年積極建置新產線，26Q3 會擴到6,920 萬片/月，",fc1129ab094b6b5528a862e0,40,,PENDING,,PENDING,,PENDING,0.50,ORANGE,STAGE_TABLELIKE_EXPANSION_REVIEW,VRN_1D1_REPORTTEXT_TABLELIKE_EXPANSION,C:\Users\tonyk\OneDrive\VeritasIntelligenceAnalytics\module\VRN\output\_route_lock_runs\RUN_20260525_195119_VRN_GO_M01_60PDF_FULL_V120\full_input_60pdf\20260519兆豐個股報告-望隼(4771).pdf,2026-06-15T16:25:25.761286,e8e328d167992716f6278da04ee7df621ef1e760
33280450a5af073c2547,dc367a89b6fb,4771,,兆豐,2026-05-19,2026Q1,2026,Q1,IS,eps,EPS,40.7,40.7%,%,TWD,,1," 
評等分級：買進（預期未來六個月股價漲輻超過+30%）; 逢低買進（預期未來六個月股價漲輻介於+15%與+30%之間）; 區間操
作（預期未來六個月股價漲跌輻介於-15%與+15%之間）; 逢高賣出（預期未來六個月股價跌輻介於-15%與-30%之間）；賣出（預
期未來六個月股價跌輻超過-30%）。 
本刊所刊載之內容僅做為參考，惟已力求正確與完整，但因時間及市場客觀因素改變所造成產業、市場或個股之相關條件改變，投資人需自行考量
投資之需求與風險，本公司恕不負擔任何法律責任。任何轉載或引用本報告內容必須經本公司同意。 
 
- 1 - 
個股報告 
 望隼(4771) 
2026 年營收及獲利持續成長 
投資評等 
目標價 
逢低買進 
$238 
前次投資建議2026.03.25： 
「逢低買進」，目標價：$233 
 
 
報告日期：2026.05.19 
研 究 員：鄭師安 
 
摘 要 及 調 整 原 因 
➢ 受惠中國市場訂單回籠及日本市場新產品陸續出貨，2026 年營收及獲利可望續創歷史新高，
投資評等維持「逢低買進」，6 個月目標價238 元(15X 26(F)PER)，潛在上漲空間28%。 
 
基本資料 
結論與建議 
2026/05/18 
收盤價： 
186.5 ➢ 公司26Q1 營收10.31 億元，YoY+27.2%，毛利率40.99%，
稅後淨利2.15 億元，YoY+11.4%，EPS 3.66 元，獲利略
低於預期。25H2 中國及日本需求開始增加，中國市場需求
特別強勁，許多中國客戶在雙11 之後仍來洽詢訂單。 
➢ 公司認為今年營收季季高，雖然價格競爭持續，但有收斂
的跡象，相關壓力輕很多，全年毛利率目標41%。2026
年1~4 月日本營收衰退的原因是去年同期日本客戶有新品
大量出貨，加上有些訂單遞延到26Q2 出，中國彩片需求
非常暢旺，剛性需求明顯上來。矽水膠26Q1 才取證，公
司看好逐季的營收貢獻。 
➢ 日本市場對矽水膠產品的需求持續成長，今年持續推矽水
膠日彩，預計26H2 營收比重2~5%，矽水膠客單價比較
高，所以先打日本市場，中國市場目前還是以水膠為主，
公司不希望矽水膠產品以低價搶市。 
➢ 目前兩岸月產能共5,905 萬片，產能滿載中。新產能部分，
今年積極建置新產線，26Q3 會擴到6,920 萬片/月，",fc1129ab094b6b5528a862e0,41,,PENDING,,PENDING,,PENDING,0.50,ORANGE,STAGE_TABLELIKE_EXPANSION_REVIEW,VRN_1D1_REPORTTEXT_TABLELIKE_EXPANSION,C:\Users\tonyk\OneDrive\VeritasIntelligenceAnalytics\module\VRN\output\_route_lock_runs\RUN_20260525_195119_VRN_GO_M01_60PDF_FULL_V120\full_input_60pdf\20260519兆豐個股報告-望隼(4771).pdf,2026-06-15T16:25:25.761295,91ce9b690ed03ecdd45b85a8d735dee7b72f6035
33280450a5af073c2547,dc367a89b6fb,4771,,兆豐,2026-05-19,2026Q1,2026,Q1,IS,eps,EPS,9.3,9.3,%,TWD,,1," 
評等分級：買進（預期未來六個月股價漲輻超過+30%）; 逢低買進（預期未來六個月股價漲輻介於+15%與+30%之間）; 區間操
作（預期未來六個月股價漲跌輻介於-15%與+15%之間）; 逢高賣出（預期未來六個月股價跌輻介於-15%與-30%之間）；賣出（預
期未來六個月股價跌輻超過-30%）。 
本刊所刊載之內容僅做為參考，惟已力求正確與完整，但因時間及市場客觀因素改變所造成產業、市場或個股之相關條件改變，投資人需自行考量
投資之需求與風險，本公司恕不負擔任何法律責任。任何轉載或引用本報告內容必須經本公司同意。 
 
- 1 - 
個股報告 
 望隼(4771) 
2026 年營收及獲利持續成長 
投資評等 
目標價 
逢低買進 
$238 
前次投資建議2026.03.25： 
「逢低買進」，目標價：$233 
 
 
報告日期：2026.05.19 
研 究 員：鄭師安 
 
摘 要 及 調 整 原 因 
➢ 受惠中國市場訂單回籠及日本市場新產品陸續出貨，2026 年營收及獲利可望續創歷史新高，
投資評等維持「逢低買進」，6 個月目標價238 元(15X 26(F)PER)，潛在上漲空間28%。 
 
基本資料 
結論與建議 
2026/05/18 
收盤價： 
186.5 ➢ 公司26Q1 營收10.31 億元，YoY+27.2%，毛利率40.99%，
稅後淨利2.15 億元，YoY+11.4%，EPS 3.66 元，獲利略
低於預期。25H2 中國及日本需求開始增加，中國市場需求
特別強勁，許多中國客戶在雙11 之後仍來洽詢訂單。 
➢ 公司認為今年營收季季高，雖然價格競爭持續，但有收斂
的跡象，相關壓力輕很多，全年毛利率目標41%。2026
年1~4 月日本營收衰退的原因是去年同期日本客戶有新品
大量出貨，加上有些訂單遞延到26Q2 出，中國彩片需求
非常暢旺，剛性需求明顯上來。矽水膠26Q1 才取證，公
司看好逐季的營收貢獻。 
➢ 日本市場對矽水膠產品的需求持續成長，今年持續推矽水
膠日彩，預計26H2 營收比重2~5%，矽水膠客單價比較
高，所以先打日本市場，中國市場目前還是以水膠為主，
公司不希望矽水膠產品以低價搶市。 
➢ 目前兩岸月產能共5,905 萬片，產能滿載中。新產能部分，
今年積極建置新產線，26Q3 會擴到6,920 萬片/月，",fc1129ab094b6b5528a862e0,42,,PENDING,,PENDING,,PENDING,0.50,ORANGE,STAGE_TABLELIKE_EXPANSION_REVIEW,VRN_1D1_REPORTTEXT_TABLELIKE_EXPANSION,C:\Users\tonyk\OneDrive\VeritasIntelligenceAnalytics\module\VRN\output\_route_lock_runs\RUN_20260525_195119_VRN_GO_M01_60PDF_FULL_V120\full_input_60pdf\20260519兆豐個股報告-望隼(4771).pdf,2026-06-15T16:25:25.761305,6e806a65b7b3c342e3109cc2f7a46b8e303b3b7b
33280450a5af073c2547,dc367a89b6fb,4771,,兆豐,2026-05-19,2026Q1,2026,Q1,IS,eps,EPS,26.1,26.1%,%,TWD,,1," 
評等分級：買進（預期未來六個月股價漲輻超過+30%）; 逢低買進（預期未來六個月股價漲輻介於+15%與+30%之間）; 區間操
作（預期未來六個月股價漲跌輻介於-15%與+15%之間）; 逢高賣出（預期未來六個月股價跌輻介於-15%與-30%之間）；賣出（預
期未來六個月股價跌輻超過-30%）。 
本刊所刊載之內容僅做為參考，惟已力求正確與完整，但因時間及市場客觀因素改變所造成產業、市場或個股之相關條件改變，投資人需自行考量
投資之需求與風險，本公司恕不負擔任何法律責任。任何轉載或引用本報告內容必須經本公司同意。 
 
- 1 - 
個股報告 
 望隼(4771) 
2026 年營收及獲利持續成長 
投資評等 
目標價 
逢低買進 
$238 
前次投資建議2026.03.25： 
「逢低買進」，目標價：$233 
 
 
報告日期：2026.05.19 
研 究 員：鄭師安 
 
摘 要 及 調 整 原 因 
➢ 受惠中國市場訂單回籠及日本市場新產品陸續出貨，2026 年營收及獲利可望續創歷史新高，
投資評等維持「逢低買進」，6 個月目標價238 元(15X 26(F)PER)，潛在上漲空間28%。 
 
基本資料 
結論與建議 
2026/05/18 
收盤價： 
186.5 ➢ 公司26Q1 營收10.31 億元，YoY+27.2%，毛利率40.99%，
稅後淨利2.15 億元，YoY+11.4%，EPS 3.66 元，獲利略
低於預期。25H2 中國及日本需求開始增加，中國市場需求
特別強勁，許多中國客戶在雙11 之後仍來洽詢訂單。 
➢ 公司認為今年營收季季高，雖然價格競爭持續，但有收斂
的跡象，相關壓力輕很多，全年毛利率目標41%。2026
年1~4 月日本營收衰退的原因是去年同期日本客戶有新品
大量出貨，加上有些訂單遞延到26Q2 出，中國彩片需求
非常暢旺，剛性需求明顯上來。矽水膠26Q1 才取證，公
司看好逐季的營收貢獻。 
➢ 日本市場對矽水膠產品的需求持續成長，今年持續推矽水
膠日彩，預計26H2 營收比重2~5%，矽水膠客單價比較
高，所以先打日本市場，中國市場目前還是以水膠為主，
公司不希望矽水膠產品以低價搶市。 
➢ 目前兩岸月產能共5,905 萬片，產能滿載中。新產能部分，
今年積極建置新產線，26Q3 會擴到6,920 萬片/月，",fc1129ab094b6b5528a862e0,43,,PENDING,,PENDING,,PENDING,0.50,ORANGE,STAGE_TABLELIKE_EXPANSION_REVIEW,VRN_1D1_REPORTTEXT_TABLELIKE_EXPANSION,C:\Users\tonyk\OneDrive\VeritasIntelligenceAnalytics\module\VRN\output\_route_lock_runs\RUN_20260525_195119_VRN_GO_M01_60PDF_FULL_V120\full_input_60pdf\20260519兆豐個股報告-望隼(4771).pdf,2026-06-15T16:25:25.761314,1433a710552b489280c8afe8686940cee65795c4
33280450a5af073c2547,dc367a89b6fb,4771,,兆豐,2026-05-19,2026Q1,2026,Q1,IS,eps,EPS,15.91,15.91,%,TWD,,1," 
評等分級：買進（預期未來六個月股價漲輻超過+30%）; 逢低買進（預期未來六個月股價漲輻介於+15%與+30%之間）; 區間操
作（預期未來六個月股價漲跌輻介於-15%與+15%之間）; 逢高賣出（預期未來六個月股價跌輻介於-15%與-30%之間）；賣出（預
期未來六個月股價跌輻超過-30%）。 
本刊所刊載之內容僅做為參考，惟已力求正確與完整，但因時間及市場客觀因素改變所造成產業、市場或個股之相關條件改變，投資人需自行考量
投資之需求與風險，本公司恕不負擔任何法律責任。任何轉載或引用本報告內容必須經本公司同意。 
 
- 1 - 
個股報告 
 望隼(4771) 
2026 年營收及獲利持續成長 
投資評等 
目標價 
逢低買進 
$238 
前次投資建議2026.03.25： 
「逢低買進」，目標價：$233 
 
 
報告日期：2026.05.19 
研 究 員：鄭師安 
 
摘 要 及 調 整 原 因 
➢ 受惠中國市場訂單回籠及日本市場新產品陸續出貨，2026 年營收及獲利可望續創歷史新高，
投資評等維持「逢低買進」，6 個月目標價238 元(15X 26(F)PER)，潛在上漲空間28%。 
 
基本資料 
結論與建議 
2026/05/18 
收盤價： 
186.5 ➢ 公司26Q1 營收10.31 億元，YoY+27.2%，毛利率40.99%，
稅後淨利2.15 億元，YoY+11.4%，EPS 3.66 元，獲利略
低於預期。25H2 中國及日本需求開始增加，中國市場需求
特別強勁，許多中國客戶在雙11 之後仍來洽詢訂單。 
➢ 公司認為今年營收季季高，雖然價格競爭持續，但有收斂
的跡象，相關壓力輕很多，全年毛利率目標41%。2026
年1~4 月日本營收衰退的原因是去年同期日本客戶有新品
大量出貨，加上有些訂單遞延到26Q2 出，中國彩片需求
非常暢旺，剛性需求明顯上來。矽水膠26Q1 才取證，公
司看好逐季的營收貢獻。 
➢ 日本市場對矽水膠產品的需求持續成長，今年持續推矽水
膠日彩，預計26H2 營收比重2~5%，矽水膠客單價比較
高，所以先打日本市場，中國市場目前還是以水膠為主，
公司不希望矽水膠產品以低價搶市。 
➢ 目前兩岸月產能共5,905 萬片，產能滿載中。新產能部分，
今年積極建置新產線，26Q3 會擴到6,920 萬片/月，",fc1129ab094b6b5528a862e0,44,,PENDING,,PENDING,,PENDING,0.50,ORANGE,STAGE_TABLELIKE_EXPANSION_REVIEW,VRN_1D1_REPORTTEXT_TABLELIKE_EXPANSION,C:\Users\tonyk\OneDrive\VeritasIntelligenceAnalytics\module\VRN\output\_route_lock_runs\RUN_20260525_195119_VRN_GO_M01_60PDF_FULL_V120\full_input_60pdf\20260519兆豐個股報告-望隼(4771).pdf,2026-06-15T16:25:25.761324,88064515dc29f898ec246e84f5cb0581c703b883
33280450a5af073c2547,dc367a89b6fb,4771,,兆豐,2026-05-19,2026Q1,2026,Q1,IS,eps,EPS,6.0,6,%,TWD,,1," 
評等分級：買進（預期未來六個月股價漲輻超過+30%）; 逢低買進（預期未來六個月股價漲輻介於+15%與+30%之間）; 區間操
作（預期未來六個月股價漲跌輻介於-15%與+15%之間）; 逢高賣出（預期未來六個月股價跌輻介於-15%與-30%之間）；賣出（預
期未來六個月股價跌輻超過-30%）。 
本刊所刊載之內容僅做為參考，惟已力求正確與完整，但因時間及市場客觀因素改變所造成產業、市場或個股之相關條件改變，投資人需自行考量
投資之需求與風險，本公司恕不負擔任何法律責任。任何轉載或引用本報告內容必須經本公司同意。 
 
- 1 - 
個股報告 
 望隼(4771) 
2026 年營收及獲利持續成長 
投資評等 
目標價 
逢低買進 
$238 
前次投資建議2026.03.25： 
「逢低買進」，目標價：$233 
 
 
報告日期：2026.05.19 
研 究 員：鄭師安 
 
摘 要 及 調 整 原 因 
➢ 受惠中國市場訂單回籠及日本市場新產品陸續出貨，2026 年營收及獲利可望續創歷史新高，
投資評等維持「逢低買進」，6 個月目標價238 元(15X 26(F)PER)，潛在上漲空間28%。 
 
基本資料 
結論與建議 
2026/05/18 
收盤價： 
186.5 ➢ 公司26Q1 營收10.31 億元，YoY+27.2%，毛利率40.99%，
稅後淨利2.15 億元，YoY+11.4%，EPS 3.66 元，獲利略
低於預期。25H2 中國及日本需求開始增加，中國市場需求
特別強勁，許多中國客戶在雙11 之後仍來洽詢訂單。 
➢ 公司認為今年營收季季高，雖然價格競爭持續，但有收斂
的跡象，相關壓力輕很多，全年毛利率目標41%。2026
年1~4 月日本營收衰退的原因是去年同期日本客戶有新品
大量出貨，加上有些訂單遞延到26Q2 出，中國彩片需求
非常暢旺，剛性需求明顯上來。矽水膠26Q1 才取證，公
司看好逐季的營收貢獻。 
➢ 日本市場對矽水膠產品的需求持續成長，今年持續推矽水
膠日彩，預計26H2 營收比重2~5%，矽水膠客單價比較
高，所以先打日本市場，中國市場目前還是以水膠為主，
公司不希望矽水膠產品以低價搶市。 
➢ 目前兩岸月產能共5,905 萬片，產能滿載中。新產能部分，
今年積極建置新產線，26Q3 會擴到6,920 萬片/月，",fc1129ab094b6b5528a862e0,45,,PENDING,,PENDING,,PENDING,0.50,ORANGE,STAGE_TABLELIKE_EXPANSION_REVIEW,VRN_1D1_REPORTTEXT_TABLELIKE_EXPANSION,C:\Users\tonyk\OneDrive\VeritasIntelligenceAnalytics\module\VRN\output\_route_lock_runs\RUN_20260525_195119_VRN_GO_M01_60PDF_FULL_V120\full_input_60pdf\20260519兆豐個股報告-望隼(4771).pdf,2026-06-15T16:25:25.761333,e4432a5f9e0b8264505e04a3d678922d71f635bb
33280450a5af073c2547,dc367a89b6fb,4771,,兆豐,2026-05-19,2026Q1,2026,Q1,IS,eps,EPS,238.0,238,%,TWD,,1," 
評等分級：買進（預期未來六個月股價漲輻超過+30%）; 逢低買進（預期未來六個月股價漲輻介於+15%與+30%之間）; 區間操
作（預期未來六個月股價漲跌輻介於-15%與+15%之間）; 逢高賣出（預期未來六個月股價跌輻介於-15%與-30%之間）；賣出（預
期未來六個月股價跌輻超過-30%）。 
本刊所刊載之內容僅做為參考，惟已力求正確與完整，但因時間及市場客觀因素改變所造成產業、市場或個股之相關條件改變，投資人需自行考量
投資之需求與風險，本公司恕不負擔任何法律責任。任何轉載或引用本報告內容必須經本公司同意。 
 
- 1 - 
個股報告 
 望隼(4771) 
2026 年營收及獲利持續成長 
投資評等 
目標價 
逢低買進 
$238 
前次投資建議2026.03.25： 
「逢低買進」，目標價：$233 
 
 
報告日期：2026.05.19 
研 究 員：鄭師安 
 
摘 要 及 調 整 原 因 
➢ 受惠中國市場訂單回籠及日本市場新產品陸續出貨，2026 年營收及獲利可望續創歷史新高，
投資評等維持「逢低買進」，6 個月目標價238 元(15X 26(F)PER)，潛在上漲空間28%。 
 
基本資料 
結論與建議 
2026/05/18 
收盤價： 
186.5 ➢ 公司26Q1 營收10.31 億元，YoY+27.2%，毛利率40.99%，
稅後淨利2.15 億元，YoY+11.4%，EPS 3.66 元，獲利略
低於預期。25H2 中國及日本需求開始增加，中國市場需求
特別強勁，許多中國客戶在雙11 之後仍來洽詢訂單。 
➢ 公司認為今年營收季季高，雖然價格競爭持續，但有收斂
的跡象，相關壓力輕很多，全年毛利率目標41%。2026
年1~4 月日本營收衰退的原因是去年同期日本客戶有新品
大量出貨，加上有些訂單遞延到26Q2 出，中國彩片需求
非常暢旺，剛性需求明顯上來。矽水膠26Q1 才取證，公
司看好逐季的營收貢獻。 
➢ 日本市場對矽水膠產品的需求持續成長，今年持續推矽水
膠日彩，預計26H2 營收比重2~5%，矽水膠客單價比較
高，所以先打日本市場，中國市場目前還是以水膠為主，
公司不希望矽水膠產品以低價搶市。 
➢ 目前兩岸月產能共5,905 萬片，產能滿載中。新產能部分，
今年積極建置新產線，26Q3 會擴到6,920 萬片/月，",fc1129ab094b6b5528a862e0,46,,PENDING,,PENDING,,PENDING,0.50,ORANGE,STAGE_TABLELIKE_EXPANSION_REVIEW,VRN_1D1_REPORTTEXT_TABLELIKE_EXPANSION,C:\Users\tonyk\OneDrive\VeritasIntelligenceAnalytics\module\VRN\output\_route_lock_runs\RUN_20260525_195119_VRN_GO_M01_60PDF_FULL_V120\full_input_60pdf\20260519兆豐個股報告-望隼(4771).pdf,2026-06-15T16:25:25.761343,b349adbd1883586c068247f483de56d62336a22b
33280450a5af073c2547,dc367a89b6fb,4771,,兆豐,2026-05-19,2026Q1,2026,Q1,IS,eps,EPS,26.0,26,%,TWD,,1," 
評等分級：買進（預期未來六個月股價漲輻超過+30%）; 逢低買進（預期未來六個月股價漲輻介於+15%與+30%之間）; 區間操
作（預期未來六個月股價漲跌輻介於-15%與+15%之間）; 逢高賣出（預期未來六個月股價跌輻介於-15%與-30%之間）；賣出（預
期未來六個月股價跌輻超過-30%）。 
本刊所刊載之內容僅做為參考，惟已力求正確與完整，但因時間及市場客觀因素改變所造成產業、市場或個股之相關條件改變，投資人需自行考量
投資之需求與風險，本公司恕不負擔任何法律責任。任何轉載或引用本報告內容必須經本公司同意。 
 
- 1 - 
個股報告 
 望隼(4771) 
2026 年營收及獲利持續成長 
投資評等 
目標價 
逢低買進 
$238 
前次投資建議2026.03.25： 
「逢低買進」，目標價：$233 
 
 
報告日期：2026.05.19 
研 究 員：鄭師安 
 
摘 要 及 調 整 原 因 
➢ 受惠中國市場訂單回籠及日本市場新產品陸續出貨，2026 年營收及獲利可望續創歷史新高，
投資評等維持「逢低買進」，6 個月目標價238 元(15X 26(F)PER)，潛在上漲空間28%。 
 
基本資料 
結論與建議 
2026/05/18 
收盤價： 
186.5 ➢ 公司26Q1 營收10.31 億元，YoY+27.2%，毛利率40.99%，
稅後淨利2.15 億元，YoY+11.4%，EPS 3.66 元，獲利略
低於預期。25H2 中國及日本需求開始增加，中國市場需求
特別強勁，許多中國客戶在雙11 之後仍來洽詢訂單。 
➢ 公司認為今年營收季季高，雖然價格競爭持續，但有收斂
的跡象，相關壓力輕很多，全年毛利率目標41%。2026
年1~4 月日本營收衰退的原因是去年同期日本客戶有新品
大量出貨，加上有些訂單遞延到26Q2 出，中國彩片需求
非常暢旺，剛性需求明顯上來。矽水膠26Q1 才取證，公
司看好逐季的營收貢獻。 
➢ 日本市場對矽水膠產品的需求持續成長，今年持續推矽水
膠日彩，預計26H2 營收比重2~5%，矽水膠客單價比較
高，所以先打日本市場，中國市場目前還是以水膠為主，
公司不希望矽水膠產品以低價搶市。 
➢ 目前兩岸月產能共5,905 萬片，產能滿載中。新產能部分，
今年積極建置新產線，26Q3 會擴到6,920 萬片/月，",fc1129ab094b6b5528a862e0,47,,PENDING,,PENDING,,PENDING,0.50,ORANGE,STAGE_TABLELIKE_EXPANSION_REVIEW,VRN_1D1_REPORTTEXT_TABLELIKE_EXPANSION,C:\Users\tonyk\OneDrive\VeritasIntelligenceAnalytics\module\VRN\output\_route_lock_runs\RUN_20260525_195119_VRN_GO_M01_60PDF_FULL_V120\full_input_60pdf\20260519兆豐個股報告-望隼(4771).pdf,2026-06-15T16:25:25.761352,c1e34ab2c7d8f60e6924999a2e2e876f7492b28e
33280450a5af073c2547,dc367a89b6fb,4771,,兆豐,2026-05-19,2026Q1,2026,Q1,IS,eps,EPS,28.0,28%,%,TWD,,1," 
評等分級：買進（預期未來六個月股價漲輻超過+30%）; 逢低買進（預期未來六個月股價漲輻介於+15%與+30%之間）; 區間操
作（預期未來六個月股價漲跌輻介於-15%與+15%之間）; 逢高賣出（預期未來六個月股價跌輻介於-15%與-30%之間）；賣出（預
期未來六個月股價跌輻超過-30%）。 
本刊所刊載之內容僅做為參考，惟已力求正確與完整，但因時間及市場客觀因素改變所造成產業、市場或個股之相關條件改變，投資人需自行考量
投資之需求與風險，本公司恕不負擔任何法律責任。任何轉載或引用本報告內容必須經本公司同意。 
 
- 1 - 
個股報告 
 望隼(4771) 
2026 年營收及獲利持續成長 
投資評等 
目標價 
逢低買進 
$238 
前次投資建議2026.03.25： 
「逢低買進」，目標價：$233 
 
 
報告日期：2026.05.19 
研 究 員：鄭師安 
 
摘 要 及 調 整 原 因 
➢ 受惠中國市場訂單回籠及日本市場新產品陸續出貨，2026 年營收及獲利可望續創歷史新高，
投資評等維持「逢低買進」，6 個月目標價238 元(15X 26(F)PER)，潛在上漲空間28%。 
 
基本資料 
結論與建議 
2026/05/18 
收盤價： 
186.5 ➢ 公司26Q1 營收10.31 億元，YoY+27.2%，毛利率40.99%，
稅後淨利2.15 億元，YoY+11.4%，EPS 3.66 元，獲利略
低於預期。25H2 中國及日本需求開始增加，中國市場需求
特別強勁，許多中國客戶在雙11 之後仍來洽詢訂單。 
➢ 公司認為今年營收季季高，雖然價格競爭持續，但有收斂
的跡象，相關壓力輕很多，全年毛利率目標41%。2026
年1~4 月日本營收衰退的原因是去年同期日本客戶有新品
大量出貨，加上有些訂單遞延到26Q2 出，中國彩片需求
非常暢旺，剛性需求明顯上來。矽水膠26Q1 才取證，公
司看好逐季的營收貢獻。 
➢ 日本市場對矽水膠產品的需求持續成長，今年持續推矽水
膠日彩，預計26H2 營收比重2~5%，矽水膠客單價比較
高，所以先打日本市場，中國市場目前還是以水膠為主，
公司不希望矽水膠產品以低價搶市。 
➢ 目前兩岸月產能共5,905 萬片，產能滿載中。新產能部分，
今年積極建置新產線，26Q3 會擴到6,920 萬片/月，",fc1129ab094b6b5528a862e0,48,,PENDING,,PENDING,,PENDING,0.50,ORANGE,STAGE_TABLELIKE_EXPANSION_REVIEW,VRN_1D1_REPORTTEXT_TABLELIKE_EXPANSION,C:\Users\tonyk\OneDrive\VeritasIntelligenceAnalytics\module\VRN\output\_route_lock_runs\RUN_20260525_195119_VRN_GO_M01_60PDF_FULL_V120\full_input_60pdf\20260519兆豐個股報告-望隼(4771).pdf,2026-06-15T16:25:25.761362,f7642875684993f1ad39bf8cbd4530ebc0ca4907
33280450a5af073c2547,dc367a89b6fb,4771,,兆豐,2026-05-19,2026Q1,2026,Q1,IS,eps,EPS,59.0,59,%,TWD,,1," 
評等分級：買進（預期未來六個月股價漲輻超過+30%）; 逢低買進（預期未來六個月股價漲輻介於+15%與+30%之間）; 區間操
作（預期未來六個月股價漲跌輻介於-15%與+15%之間）; 逢高賣出（預期未來六個月股價跌輻介於-15%與-30%之間）；賣出（預
期未來六個月股價跌輻超過-30%）。 
本刊所刊載之內容僅做為參考，惟已力求正確與完整，但因時間及市場客觀因素改變所造成產業、市場或個股之相關條件改變，投資人需自行考量
投資之需求與風險，本公司恕不負擔任何法律責任。任何轉載或引用本報告內容必須經本公司同意。 
 
- 1 - 
個股報告 
 望隼(4771) 
2026 年營收及獲利持續成長 
投資評等 
目標價 
逢低買進 
$238 
前次投資建議2026.03.25： 
「逢低買進」，目標價：$233 
 
 
報告日期：2026.05.19 
研 究 員：鄭師安 
 
摘 要 及 調 整 原 因 
➢ 受惠中國市場訂單回籠及日本市場新產品陸續出貨，2026 年營收及獲利可望續創歷史新高，
投資評等維持「逢低買進」，6 個月目標價238 元(15X 26(F)PER)，潛在上漲空間28%。 
 
基本資料 
結論與建議 
2026/05/18 
收盤價： 
186.5 ➢ 公司26Q1 營收10.31 億元，YoY+27.2%，毛利率40.99%，
稅後淨利2.15 億元，YoY+11.4%，EPS 3.66 元，獲利略
低於預期。25H2 中國及日本需求開始增加，中國市場需求
特別強勁，許多中國客戶在雙11 之後仍來洽詢訂單。 
➢ 公司認為今年營收季季高，雖然價格競爭持續，但有收斂
的跡象，相關壓力輕很多，全年毛利率目標41%。2026
年1~4 月日本營收衰退的原因是去年同期日本客戶有新品
大量出貨，加上有些訂單遞延到26Q2 出，中國彩片需求
非常暢旺，剛性需求明顯上來。矽水膠26Q1 才取證，公
司看好逐季的營收貢獻。 
➢ 日本市場對矽水膠產品的需求持續成長，今年持續推矽水
膠日彩，預計26H2 營收比重2~5%，矽水膠客單價比較
高，所以先打日本市場，中國市場目前還是以水膠為主，
公司不希望矽水膠產品以低價搶市。 
➢ 目前兩岸月產能共5,905 萬片，產能滿載中。新產能部分，
今年積極建置新產線，26Q3 會擴到6,920 萬片/月，",fc1129ab094b6b5528a862e0,49,,PENDING,,PENDING,,PENDING,0.50,ORANGE,STAGE_TABLELIKE_EXPANSION_REVIEW,VRN_1D1_REPORTTEXT_TABLELIKE_EXPANSION,C:\Users\tonyk\OneDrive\VeritasIntelligenceAnalytics\module\VRN\output\_route_lock_runs\RUN_20260525_195119_VRN_GO_M01_60PDF_FULL_V120\full_input_60pdf\20260519兆豐個股報告-望隼(4771).pdf,2026-06-15T16:25:25.761371,1e645e9a432593adb5d01bf979823032fbbc2afc
33280450a5af073c2547,dc367a89b6fb,4771,,兆豐,2026-05-19,2026Q1,2026,Q1,IS,eps,EPS,10949.0,"10,949",%,TWD,,1," 
評等分級：買進（預期未來六個月股價漲輻超過+30%）; 逢低買進（預期未來六個月股價漲輻介於+15%與+30%之間）; 區間操
作（預期未來六個月股價漲跌輻介於-15%與+15%之間）; 逢高賣出（預期未來六個月股價跌輻介於-15%與-30%之間）；賣出（預
期未來六個月股價跌輻超過-30%）。 
本刊所刊載之內容僅做為參考，惟已力求正確與完整，但因時間及市場客觀因素改變所造成產業、市場或個股之相關條件改變，投資人需自行考量
投資之需求與風險，本公司恕不負擔任何法律責任。任何轉載或引用本報告內容必須經本公司同意。 
 
- 1 - 
個股報告 
 望隼(4771) 
2026 年營收及獲利持續成長 
投資評等 
目標價 
逢低買進 
$238 
前次投資建議2026.03.25： 
「逢低買進」，目標價：$233 
 
 
報告日期：2026.05.19 
研 究 員：鄭師安 
 
摘 要 及 調 整 原 因 
➢ 受惠中國市場訂單回籠及日本市場新產品陸續出貨，2026 年營收及獲利可望續創歷史新高，
投資評等維持「逢低買進」，6 個月目標價238 元(15X 26(F)PER)，潛在上漲空間28%。 
 
基本資料 
結論與建議 
2026/05/18 
收盤價： 
186.5 ➢ 公司26Q1 營收10.31 億元，YoY+27.2%，毛利率40.99%，
稅後淨利2.15 億元，YoY+11.4%，EPS 3.66 元，獲利略
低於預期。25H2 中國及日本需求開始增加，中國市場需求
特別強勁，許多中國客戶在雙11 之後仍來洽詢訂單。 
➢ 公司認為今年營收季季高，雖然價格競爭持續，但有收斂
的跡象，相關壓力輕很多，全年毛利率目標41%。2026
年1~4 月日本營收衰退的原因是去年同期日本客戶有新品
大量出貨，加上有些訂單遞延到26Q2 出，中國彩片需求
非常暢旺，剛性需求明顯上來。矽水膠26Q1 才取證，公
司看好逐季的營收貢獻。 
➢ 日本市場對矽水膠產品的需求持續成長，今年持續推矽水
膠日彩，預計26H2 營收比重2~5%，矽水膠客單價比較
高，所以先打日本市場，中國市場目前還是以水膠為主，
公司不希望矽水膠產品以低價搶市。 
➢ 目前兩岸月產能共5,905 萬片，產能滿載中。新產能部分，
今年積極建置新產線，26Q3 會擴到6,920 萬片/月，",fc1129ab094b6b5528a862e0,50,,PENDING,,PENDING,,PENDING,0.50,ORANGE,STAGE_TABLELIKE_EXPANSION_REVIEW,VRN_1D1_REPORTTEXT_TABLELIKE_EXPANSION,C:\Users\tonyk\OneDrive\VeritasIntelligenceAnalytics\module\VRN\output\_route_lock_runs\RUN_20260525_195119_VRN_GO_M01_60PDF_FULL_V120\full_input_60pdf\20260519兆豐個股報告-望隼(4771).pdf,2026-06-15T16:25:25.761381,290f61edadf54816ecae5d5f7330e5f31618b188
33280450a5af073c2547,dc367a89b6fb,4771,,兆豐,2026-05-19,2026Q1,2026,Q1,IS,eps,EPS,21.34,21.34%,%,TWD,,1," 
評等分級：買進（預期未來六個月股價漲輻超過+30%）; 逢低買進（預期未來六個月股價漲輻介於+15%與+30%之間）; 區間操
作（預期未來六個月股價漲跌輻介於-15%與+15%之間）; 逢高賣出（預期未來六個月股價跌輻介於-15%與-30%之間）；賣出（預
期未來六個月股價跌輻超過-30%）。 
本刊所刊載之內容僅做為參考，惟已力求正確與完整，但因時間及市場客觀因素改變所造成產業、市場或個股之相關條件改變，投資人需自行考量
投資之需求與風險，本公司恕不負擔任何法律責任。任何轉載或引用本報告內容必須經本公司同意。 
 
- 1 - 
個股報告 
 望隼(4771) 
2026 年營收及獲利持續成長 
投資評等 
目標價 
逢低買進 
$238 
前次投資建議2026.03.25： 
「逢低買進」，目標價：$233 
 
 
報告日期：2026.05.19 
研 究 員：鄭師安 
 
摘 要 及 調 整 原 因 
➢ 受惠中國市場訂單回籠及日本市場新產品陸續出貨，2026 年營收及獲利可望續創歷史新高，
投資評等維持「逢低買進」，6 個月目標價238 元(15X 26(F)PER)，潛在上漲空間28%。 
 
基本資料 
結論與建議 
2026/05/18 
收盤價： 
186.5 ➢ 公司26Q1 營收10.31 億元，YoY+27.2%，毛利率40.99%，
稅後淨利2.15 億元，YoY+11.4%，EPS 3.66 元，獲利略
低於預期。25H2 中國及日本需求開始增加，中國市場需求
特別強勁，許多中國客戶在雙11 之後仍來洽詢訂單。 
➢ 公司認為今年營收季季高，雖然價格競爭持續，但有收斂
的跡象，相關壓力輕很多，全年毛利率目標41%。2026
年1~4 月日本營收衰退的原因是去年同期日本客戶有新品
大量出貨，加上有些訂單遞延到26Q2 出，中國彩片需求
非常暢旺，剛性需求明顯上來。矽水膠26Q1 才取證，公
司看好逐季的營收貢獻。 
➢ 日本市場對矽水膠產品的需求持續成長，今年持續推矽水
膠日彩，預計26H2 營收比重2~5%，矽水膠客單價比較
高，所以先打日本市場，中國市場目前還是以水膠為主，
公司不希望矽水膠產品以低價搶市。 
➢ 目前兩岸月產能共5,905 萬片，產能滿載中。新產能部分，
今年積極建置新產線，26Q3 會擴到6,920 萬片/月，",fc1129ab094b6b5528a862e0,51,,PENDING,,PENDING,,PENDING,0.50,ORANGE,STAGE_TABLELIKE_EXPANSION_REVIEW,VRN_1D1_REPORTTEXT_TABLELIKE_EXPANSION,C:\Users\tonyk\OneDrive\VeritasIntelligenceAnalytics\module\VRN\output\_route_lock_runs\RUN_20260525_195119_VRN_GO_M01_60PDF_FULL_V120\full_input_60pdf\20260519兆豐個股報告-望隼(4771).pdf,2026-06-15T16:25:25.761390,8b893a735bafd9cfe46205adf8a7fd6732b0b217
33280450a5af073c2547,dc367a89b6fb,4771,,兆豐,2026-05-19,2026Q1,2026,Q1,IS,eps,EPS,-1.06,-1.06%,%,TWD,,1," 
評等分級：買進（預期未來六個月股價漲輻超過+30%）; 逢低買進（預期未來六個月股價漲輻介於+15%與+30%之間）; 區間操
作（預期未來六個月股價漲跌輻介於-15%與+15%之間）; 逢高賣出（預期未來六個月股價跌輻介於-15%與-30%之間）；賣出（預
期未來六個月股價跌輻超過-30%）。 
本刊所刊載之內容僅做為參考，惟已力求正確與完整，但因時間及市場客觀因素改變所造成產業、市場或個股之相關條件改變，投資人需自行考量
投資之需求與風險，本公司恕不負擔任何法律責任。任何轉載或引用本報告內容必須經本公司同意。 
 
- 1 - 
個股報告 
 望隼(4771) 
2026 年營收及獲利持續成長 
投資評等 
目標價 
逢低買進 
$238 
前次投資建議2026.03.25： 
「逢低買進」，目標價：$233 
 
 
報告日期：2026.05.19 
研 究 員：鄭師安 
 
摘 要 及 調 整 原 因 
➢ 受惠中國市場訂單回籠及日本市場新產品陸續出貨，2026 年營收及獲利可望續創歷史新高，
投資評等維持「逢低買進」，6 個月目標價238 元(15X 26(F)PER)，潛在上漲空間28%。 
 
基本資料 
結論與建議 
2026/05/18 
收盤價： 
186.5 ➢ 公司26Q1 營收10.31 億元，YoY+27.2%，毛利率40.99%，
稅後淨利2.15 億元，YoY+11.4%，EPS 3.66 元，獲利略
低於預期。25H2 中國及日本需求開始增加，中國市場需求
特別強勁，許多中國客戶在雙11 之後仍來洽詢訂單。 
➢ 公司認為今年營收季季高，雖然價格競爭持續，但有收斂
的跡象，相關壓力輕很多，全年毛利率目標41%。2026
年1~4 月日本營收衰退的原因是去年同期日本客戶有新品
大量出貨，加上有些訂單遞延到26Q2 出，中國彩片需求
非常暢旺，剛性需求明顯上來。矽水膠26Q1 才取證，公
司看好逐季的營收貢獻。 
➢ 日本市場對矽水膠產品的需求持續成長，今年持續推矽水
膠日彩，預計26H2 營收比重2~5%，矽水膠客單價比較
高，所以先打日本市場，中國市場目前還是以水膠為主，
公司不希望矽水膠產品以低價搶市。 
➢ 目前兩岸月產能共5,905 萬片，產能滿載中。新產能部分，
今年積極建置新產線，26Q3 會擴到6,920 萬片/月，",fc1129ab094b6b5528a862e0,52,,PENDING,,PENDING,,PENDING,0.50,ORANGE,STAGE_TABLELIKE_EXPANSION_REVIEW,VRN_1D1_REPORTTEXT_TABLELIKE_EXPANSION,C:\Users\tonyk\OneDrive\VeritasIntelligenceAnalytics\module\VRN\output\_route_lock_runs\RUN_20260525_195119_VRN_GO_M01_60PDF_FULL_V120\full_input_60pdf\20260519兆豐個股報告-望隼(4771).pdf,2026-06-15T16:25:25.761400,efa0ee653b96fac2a984a15fe6bd3d06601f1f84
33280450a5af073c2547,dc367a89b6fb,4771,,兆豐,2026-05-19,2026Q1,2026,Q1,IS,eps,EPS,1.11,1.11%,%,TWD,,1," 
評等分級：買進（預期未來六個月股價漲輻超過+30%）; 逢低買進（預期未來六個月股價漲輻介於+15%與+30%之間）; 區間操
作（預期未來六個月股價漲跌輻介於-15%與+15%之間）; 逢高賣出（預期未來六個月股價跌輻介於-15%與-30%之間）；賣出（預
期未來六個月股價跌輻超過-30%）。 
本刊所刊載之內容僅做為參考，惟已力求正確與完整，但因時間及市場客觀因素改變所造成產業、市場或個股之相關條件改變，投資人需自行考量
投資之需求與風險，本公司恕不負擔任何法律責任。任何轉載或引用本報告內容必須經本公司同意。 
 
- 1 - 
個股報告 
 望隼(4771) 
2026 年營收及獲利持續成長 
投資評等 
目標價 
逢低買進 
$238 
前次投資建議2026.03.25： 
「逢低買進」，目標價：$233 
 
 
報告日期：2026.05.19 
研 究 員：鄭師安 
 
摘 要 及 調 整 原 因 
➢ 受惠中國市場訂單回籠及日本市場新產品陸續出貨，2026 年營收及獲利可望續創歷史新高，
投資評等維持「逢低買進」，6 個月目標價238 元(15X 26(F)PER)，潛在上漲空間28%。 
 
基本資料 
結論與建議 
2026/05/18 
收盤價： 
186.5 ➢ 公司26Q1 營收10.31 億元，YoY+27.2%，毛利率40.99%，
稅後淨利2.15 億元，YoY+11.4%，EPS 3.66 元，獲利略
低於預期。25H2 中國及日本需求開始增加，中國市場需求
特別強勁，許多中國客戶在雙11 之後仍來洽詢訂單。 
➢ 公司認為今年營收季季高，雖然價格競爭持續，但有收斂
的跡象，相關壓力輕很多，全年毛利率目標41%。2026
年1~4 月日本營收衰退的原因是去年同期日本客戶有新品
大量出貨，加上有些訂單遞延到26Q2 出，中國彩片需求
非常暢旺，剛性需求明顯上來。矽水膠26Q1 才取證，公
司看好逐季的營收貢獻。 
➢ 日本市場對矽水膠產品的需求持續成長，今年持續推矽水
膠日彩，預計26H2 營收比重2~5%，矽水膠客單價比較
高，所以先打日本市場，中國市場目前還是以水膠為主，
公司不希望矽水膠產品以低價搶市。 
➢ 目前兩岸月產能共5,905 萬片，產能滿載中。新產能部分，
今年積極建置新產線，26Q3 會擴到6,920 萬片/月，",fc1129ab094b6b5528a862e0,53,,PENDING,,PENDING,,PENDING,0.50,ORANGE,STAGE_TABLELIKE_EXPANSION_REVIEW,VRN_1D1_REPORTTEXT_TABLELIKE_EXPANSION,C:\Users\tonyk\OneDrive\VeritasIntelligenceAnalytics\module\VRN\output\_route_lock_runs\RUN_20260525_195119_VRN_GO_M01_60PDF_FULL_V120\full_input_60pdf\20260519兆豐個股報告-望隼(4771).pdf,2026-06-15T16:25:25.761410,bd2581ba0bfe2b81da7e1b0f9d3c6b4675c4cc65
33280450a5af073c2547,dc367a89b6fb,4771,,兆豐,2026-05-19,2026Q1,2026,Q1,IS,eps,EPS,-4.85,-4.85%,%,TWD,,1," 
評等分級：買進（預期未來六個月股價漲輻超過+30%）; 逢低買進（預期未來六個月股價漲輻介於+15%與+30%之間）; 區間操
作（預期未來六個月股價漲跌輻介於-15%與+15%之間）; 逢高賣出（預期未來六個月股價跌輻介於-15%與-30%之間）；賣出（預
期未來六個月股價跌輻超過-30%）。 
本刊所刊載之內容僅做為參考，惟已力求正確與完整，但因時間及市場客觀因素改變所造成產業、市場或個股之相關條件改變，投資人需自行考量
投資之需求與風險，本公司恕不負擔任何法律責任。任何轉載或引用本報告內容必須經本公司同意。 
 
- 1 - 
個股報告 
 望隼(4771) 
2026 年營收及獲利持續成長 
投資評等 
目標價 
逢低買進 
$238 
前次投資建議2026.03.25： 
「逢低買進」，目標價：$233 
 
 
報告日期：2026.05.19 
研 究 員：鄭師安 
 
摘 要 及 調 整 原 因 
➢ 受惠中國市場訂單回籠及日本市場新產品陸續出貨，2026 年營收及獲利可望續創歷史新高，
投資評等維持「逢低買進」，6 個月目標價238 元(15X 26(F)PER)，潛在上漲空間28%。 
 
基本資料 
結論與建議 
2026/05/18 
收盤價： 
186.5 ➢ 公司26Q1 營收10.31 億元，YoY+27.2%，毛利率40.99%，
稅後淨利2.15 億元，YoY+11.4%，EPS 3.66 元，獲利略
低於預期。25H2 中國及日本需求開始增加，中國市場需求
特別強勁，許多中國客戶在雙11 之後仍來洽詢訂單。 
➢ 公司認為今年營收季季高，雖然價格競爭持續，但有收斂
的跡象，相關壓力輕很多，全年毛利率目標41%。2026
年1~4 月日本營收衰退的原因是去年同期日本客戶有新品
大量出貨，加上有些訂單遞延到26Q2 出，中國彩片需求
非常暢旺，剛性需求明顯上來。矽水膠26Q1 才取證，公
司看好逐季的營收貢獻。 
➢ 日本市場對矽水膠產品的需求持續成長，今年持續推矽水
膠日彩，預計26H2 營收比重2~5%，矽水膠客單價比較
高，所以先打日本市場，中國市場目前還是以水膠為主，
公司不希望矽水膠產品以低價搶市。 
➢ 目前兩岸月產能共5,905 萬片，產能滿載中。新產能部分，
今年積極建置新產線，26Q3 會擴到6,920 萬片/月，",fc1129ab094b6b5528a862e0,54,,PENDING,,PENDING,,PENDING,0.50,ORANGE,STAGE_TABLELIKE_EXPANSION_REVIEW,VRN_1D1_REPORTTEXT_TABLELIKE_EXPANSION,C:\Users\tonyk\OneDrive\VeritasIntelligenceAnalytics\module\VRN\output\_route_lock_runs\RUN_20260525_195119_VRN_GO_M01_60PDF_FULL_V120\full_input_60pdf\20260519兆豐個股報告-望隼(4771).pdf,2026-06-15T16:25:25.761419,2ee54f4d5f13f1c58f05bbe009ff77e917054c86
33280450a5af073c2547,dc367a89b6fb,4771,,兆豐,2026-05-19,2026Q1,2026,Q1,IS,eps,EPS,-14.36,-14.36%,%,TWD,,1," 
評等分級：買進（預期未來六個月股價漲輻超過+30%）; 逢低買進（預期未來六個月股價漲輻介於+15%與+30%之間）; 區間操
作（預期未來六個月股價漲跌輻介於-15%與+15%之間）; 逢高賣出（預期未來六個月股價跌輻介於-15%與-30%之間）；賣出（預
期未來六個月股價跌輻超過-30%）。 
本刊所刊載之內容僅做為參考，惟已力求正確與完整，但因時間及市場客觀因素改變所造成產業、市場或個股之相關條件改變，投資人需自行考量
投資之需求與風險，本公司恕不負擔任何法律責任。任何轉載或引用本報告內容必須經本公司同意。 
 
- 1 - 
個股報告 
 望隼(4771) 
2026 年營收及獲利持續成長 
投資評等 
目標價 
逢低買進 
$238 
前次投資建議2026.03.25： 
「逢低買進」，目標價：$233 
 
 
報告日期：2026.05.19 
研 究 員：鄭師安 
 
摘 要 及 調 整 原 因 
➢ 受惠中國市場訂單回籠及日本市場新產品陸續出貨，2026 年營收及獲利可望續創歷史新高，
投資評等維持「逢低買進」，6 個月目標價238 元(15X 26(F)PER)，潛在上漲空間28%。 
 
基本資料 
結論與建議 
2026/05/18 
收盤價： 
186.5 ➢ 公司26Q1 營收10.31 億元，YoY+27.2%，毛利率40.99%，
稅後淨利2.15 億元，YoY+11.4%，EPS 3.66 元，獲利略
低於預期。25H2 中國及日本需求開始增加，中國市場需求
特別強勁，許多中國客戶在雙11 之後仍來洽詢訂單。 
➢ 公司認為今年營收季季高，雖然價格競爭持續，但有收斂
的跡象，相關壓力輕很多，全年毛利率目標41%。2026
年1~4 月日本營收衰退的原因是去年同期日本客戶有新品
大量出貨，加上有些訂單遞延到26Q2 出，中國彩片需求
非常暢旺，剛性需求明顯上來。矽水膠26Q1 才取證，公
司看好逐季的營收貢獻。 
➢ 日本市場對矽水膠產品的需求持續成長，今年持續推矽水
膠日彩，預計26H2 營收比重2~5%，矽水膠客單價比較
高，所以先打日本市場，中國市場目前還是以水膠為主，
公司不希望矽水膠產品以低價搶市。 
➢ 目前兩岸月產能共5,905 萬片，產能滿載中。新產能部分，
今年積極建置新產線，26Q3 會擴到6,920 萬片/月，",fc1129ab094b6b5528a862e0,55,,PENDING,,PENDING,,PENDING,0.50,ORANGE,STAGE_TABLELIKE_EXPANSION_REVIEW,VRN_1D1_REPORTTEXT_TABLELIKE_EXPANSION,C:\Users\tonyk\OneDrive\VeritasIntelligenceAnalytics\module\VRN\output\_route_lock_runs\RUN_20260525_195119_VRN_GO_M01_60PDF_FULL_V120\full_input_60pdf\20260519兆豐個股報告-望隼(4771).pdf,2026-06-15T16:25:25.761428,34c1c1ade8e09a6689ac5b4a80266e1320bcac3a
33280450a5af073c2547,dc367a89b6fb,4771,,兆豐,2026-05-19,2026Q1,2026,Q1,IS,eps,EPS,4.78,4.78%,%,TWD,,1," 
評等分級：買進（預期未來六個月股價漲輻超過+30%）; 逢低買進（預期未來六個月股價漲輻介於+15%與+30%之間）; 區間操
作（預期未來六個月股價漲跌輻介於-15%與+15%之間）; 逢高賣出（預期未來六個月股價跌輻介於-15%與-30%之間）；賣出（預
期未來六個月股價跌輻超過-30%）。 
本刊所刊載之內容僅做為參考，惟已力求正確與完整，但因時間及市場客觀因素改變所造成產業、市場或個股之相關條件改變，投資人需自行考量
投資之需求與風險，本公司恕不負擔任何法律責任。任何轉載或引用本報告內容必須經本公司同意。 
 
- 1 - 
個股報告 
 望隼(4771) 
2026 年營收及獲利持續成長 
投資評等 
目標價 
逢低買進 
$238 
前次投資建議2026.03.25： 
「逢低買進」，目標價：$233 
 
 
報告日期：2026.05.19 
研 究 員：鄭師安 
 
摘 要 及 調 整 原 因 
➢ 受惠中國市場訂單回籠及日本市場新產品陸續出貨，2026 年營收及獲利可望續創歷史新高，
投資評等維持「逢低買進」，6 個月目標價238 元(15X 26(F)PER)，潛在上漲空間28%。 
 
基本資料 
結論與建議 
2026/05/18 
收盤價： 
186.5 ➢ 公司26Q1 營收10.31 億元，YoY+27.2%，毛利率40.99%，
稅後淨利2.15 億元，YoY+11.4%，EPS 3.66 元，獲利略
低於預期。25H2 中國及日本需求開始增加，中國市場需求
特別強勁，許多中國客戶在雙11 之後仍來洽詢訂單。 
➢ 公司認為今年營收季季高，雖然價格競爭持續，但有收斂
的跡象，相關壓力輕很多，全年毛利率目標41%。2026
年1~4 月日本營收衰退的原因是去年同期日本客戶有新品
大量出貨，加上有些訂單遞延到26Q2 出，中國彩片需求
非常暢旺，剛性需求明顯上來。矽水膠26Q1 才取證，公
司看好逐季的營收貢獻。 
➢ 日本市場對矽水膠產品的需求持續成長，今年持續推矽水
膠日彩，預計26H2 營收比重2~5%，矽水膠客單價比較
高，所以先打日本市場，中國市場目前還是以水膠為主，
公司不希望矽水膠產品以低價搶市。 
➢ 目前兩岸月產能共5,905 萬片，產能滿載中。新產能部分，
今年積極建置新產線，26Q3 會擴到6,920 萬片/月，",fc1129ab094b6b5528a862e0,56,,PENDING,,PENDING,,PENDING,0.50,ORANGE,STAGE_TABLELIKE_EXPANSION_REVIEW,VRN_1D1_REPORTTEXT_TABLELIKE_EXPANSION,C:\Users\tonyk\OneDrive\VeritasIntelligenceAnalytics\module\VRN\output\_route_lock_runs\RUN_20260525_195119_VRN_GO_M01_60PDF_FULL_V120\full_input_60pdf\20260519兆豐個股報告-望隼(4771).pdf,2026-06-15T16:25:25.761438,dd78e76a207baddcd650eae962cb84c7b456b2fd
33280450a5af073c2547,dc367a89b6fb,4771,,兆豐,2026-05-19,2026Q1,2026,Q1,IS,eps,EPS,-13.89,-13.89%,%,TWD,,1," 
評等分級：買進（預期未來六個月股價漲輻超過+30%）; 逢低買進（預期未來六個月股價漲輻介於+15%與+30%之間）; 區間操
作（預期未來六個月股價漲跌輻介於-15%與+15%之間）; 逢高賣出（預期未來六個月股價跌輻介於-15%與-30%之間）；賣出（預
期未來六個月股價跌輻超過-30%）。 
本刊所刊載之內容僅做為參考，惟已力求正確與完整，但因時間及市場客觀因素改變所造成產業、市場或個股之相關條件改變，投資人需自行考量
投資之需求與風險，本公司恕不負擔任何法律責任。任何轉載或引用本報告內容必須經本公司同意。 
 
- 1 - 
個股報告 
 望隼(4771) 
2026 年營收及獲利持續成長 
投資評等 
目標價 
逢低買進 
$238 
前次投資建議2026.03.25： 
「逢低買進」，目標價：$233 
 
 
報告日期：2026.05.19 
研 究 員：鄭師安 
 
摘 要 及 調 整 原 因 
➢ 受惠中國市場訂單回籠及日本市場新產品陸續出貨，2026 年營收及獲利可望續創歷史新高，
投資評等維持「逢低買進」，6 個月目標價238 元(15X 26(F)PER)，潛在上漲空間28%。 
 
基本資料 
結論與建議 
2026/05/18 
收盤價： 
186.5 ➢ 公司26Q1 營收10.31 億元，YoY+27.2%，毛利率40.99%，
稅後淨利2.15 億元，YoY+11.4%，EPS 3.66 元，獲利略
低於預期。25H2 中國及日本需求開始增加，中國市場需求
特別強勁，許多中國客戶在雙11 之後仍來洽詢訂單。 
➢ 公司認為今年營收季季高，雖然價格競爭持續，但有收斂
的跡象，相關壓力輕很多，全年毛利率目標41%。2026
年1~4 月日本營收衰退的原因是去年同期日本客戶有新品
大量出貨，加上有些訂單遞延到26Q2 出，中國彩片需求
非常暢旺，剛性需求明顯上來。矽水膠26Q1 才取證，公
司看好逐季的營收貢獻。 
➢ 日本市場對矽水膠產品的需求持續成長，今年持續推矽水
膠日彩，預計26H2 營收比重2~5%，矽水膠客單價比較
高，所以先打日本市場，中國市場目前還是以水膠為主，
公司不希望矽水膠產品以低價搶市。 
➢ 目前兩岸月產能共5,905 萬片，產能滿載中。新產能部分，
今年積極建置新產線，26Q3 會擴到6,920 萬片/月，",fc1129ab094b6b5528a862e0,57,,PENDING,,PENDING,,PENDING,0.50,ORANGE,STAGE_TABLELIKE_EXPANSION_REVIEW,VRN_1D1_REPORTTEXT_TABLELIKE_EXPANSION,C:\Users\tonyk\OneDrive\VeritasIntelligenceAnalytics\module\VRN\output\_route_lock_runs\RUN_20260525_195119_VRN_GO_M01_60PDF_FULL_V120\full_input_60pdf\20260519兆豐個股報告-望隼(4771).pdf,2026-06-15T16:25:25.761448,b7919830e8398b08ed384ffaf611d70fbea352d2
33280450a5af073c2547,dc367a89b6fb,4771,,兆豐,2026-05-19,2026Q1,2026,Q1,IS,eps,EPS,5.34,5.34%,%,TWD,,1," 
評等分級：買進（預期未來六個月股價漲輻超過+30%）; 逢低買進（預期未來六個月股價漲輻介於+15%與+30%之間）; 區間操
作（預期未來六個月股價漲跌輻介於-15%與+15%之間）; 逢高賣出（預期未來六個月股價跌輻介於-15%與-30%之間）；賣出（預
期未來六個月股價跌輻超過-30%）。 
本刊所刊載之內容僅做為參考，惟已力求正確與完整，但因時間及市場客觀因素改變所造成產業、市場或個股之相關條件改變，投資人需自行考量
投資之需求與風險，本公司恕不負擔任何法律責任。任何轉載或引用本報告內容必須經本公司同意。 
 
- 1 - 
個股報告 
 望隼(4771) 
2026 年營收及獲利持續成長 
投資評等 
目標價 
逢低買進 
$238 
前次投資建議2026.03.25： 
「逢低買進」，目標價：$233 
 
 
報告日期：2026.05.19 
研 究 員：鄭師安 
 
摘 要 及 調 整 原 因 
➢ 受惠中國市場訂單回籠及日本市場新產品陸續出貨，2026 年營收及獲利可望續創歷史新高，
投資評等維持「逢低買進」，6 個月目標價238 元(15X 26(F)PER)，潛在上漲空間28%。 
 
基本資料 
結論與建議 
2026/05/18 
收盤價： 
186.5 ➢ 公司26Q1 營收10.31 億元，YoY+27.2%，毛利率40.99%，
稅後淨利2.15 億元，YoY+11.4%，EPS 3.66 元，獲利略
低於預期。25H2 中國及日本需求開始增加，中國市場需求
特別強勁，許多中國客戶在雙11 之後仍來洽詢訂單。 
➢ 公司認為今年營收季季高，雖然價格競爭持續，但有收斂
的跡象，相關壓力輕很多，全年毛利率目標41%。2026
年1~4 月日本營收衰退的原因是去年同期日本客戶有新品
大量出貨，加上有些訂單遞延到26Q2 出，中國彩片需求
非常暢旺，剛性需求明顯上來。矽水膠26Q1 才取證，公
司看好逐季的營收貢獻。 
➢ 日本市場對矽水膠產品的需求持續成長，今年持續推矽水
膠日彩，預計26H2 營收比重2~5%，矽水膠客單價比較
高，所以先打日本市場，中國市場目前還是以水膠為主，
公司不希望矽水膠產品以低價搶市。 
➢ 目前兩岸月產能共5,905 萬片，產能滿載中。新產能部分，
今年積極建置新產線，26Q3 會擴到6,920 萬片/月，",fc1129ab094b6b5528a862e0,58,,PENDING,,PENDING,,PENDING,0.50,ORANGE,STAGE_TABLELIKE_EXPANSION_REVIEW,VRN_1D1_REPORTTEXT_TABLELIKE_EXPANSION,C:\Users\tonyk\OneDrive\VeritasIntelligenceAnalytics\module\VRN\output\_route_lock_runs\RUN_20260525_195119_VRN_GO_M01_60PDF_FULL_V120\full_input_60pdf\20260519兆豐個股報告-望隼(4771).pdf,2026-06-15T16:25:25.761457,a19a451539c942f64235d802d2f5ac1896ddf113
33280450a5af073c2547,dc367a89b6fb,4771,,兆豐,2026-05-19,2026Q1,2026,Q1,IS,eps,EPS,0.0,0.00%,%,TWD,,1," 
評等分級：買進（預期未來六個月股價漲輻超過+30%）; 逢低買進（預期未來六個月股價漲輻介於+15%與+30%之間）; 區間操
作（預期未來六個月股價漲跌輻介於-15%與+15%之間）; 逢高賣出（預期未來六個月股價跌輻介於-15%與-30%之間）；賣出（預
期未來六個月股價跌輻超過-30%）。 
本刊所刊載之內容僅做為參考，惟已力求正確與完整，但因時間及市場客觀因素改變所造成產業、市場或個股之相關條件改變，投資人需自行考量
投資之需求與風險，本公司恕不負擔任何法律責任。任何轉載或引用本報告內容必須經本公司同意。 
 
- 1 - 
個股報告 
 望隼(4771) 
2026 年營收及獲利持續成長 
投資評等 
目標價 
逢低買進 
$238 
前次投資建議2026.03.25： 
「逢低買進」，目標價：$233 
 
 
報告日期：2026.05.19 
研 究 員：鄭師安 
 
摘 要 及 調 整 原 因 
➢ 受惠中國市場訂單回籠及日本市場新產品陸續出貨，2026 年營收及獲利可望續創歷史新高，
投資評等維持「逢低買進」，6 個月目標價238 元(15X 26(F)PER)，潛在上漲空間28%。 
 
基本資料 
結論與建議 
2026/05/18 
收盤價： 
186.5 ➢ 公司26Q1 營收10.31 億元，YoY+27.2%，毛利率40.99%，
稅後淨利2.15 億元，YoY+11.4%，EPS 3.66 元，獲利略
低於預期。25H2 中國及日本需求開始增加，中國市場需求
特別強勁，許多中國客戶在雙11 之後仍來洽詢訂單。 
➢ 公司認為今年營收季季高，雖然價格競爭持續，但有收斂
的跡象，相關壓力輕很多，全年毛利率目標41%。2026
年1~4 月日本營收衰退的原因是去年同期日本客戶有新品
大量出貨，加上有些訂單遞延到26Q2 出，中國彩片需求
非常暢旺，剛性需求明顯上來。矽水膠26Q1 才取證，公
司看好逐季的營收貢獻。 
➢ 日本市場對矽水膠產品的需求持續成長，今年持續推矽水
膠日彩，預計26H2 營收比重2~5%，矽水膠客單價比較
高，所以先打日本市場，中國市場目前還是以水膠為主，
公司不希望矽水膠產品以低價搶市。 
➢ 目前兩岸月產能共5,905 萬片，產能滿載中。新產能部分，
今年積極建置新產線，26Q3 會擴到6,920 萬片/月，",fc1129ab094b6b5528a862e0,59,,PENDING,,PENDING,,PENDING,0.50,ORANGE,STAGE_TABLELIKE_EXPANSION_REVIEW,VRN_1D1_REPORTTEXT_TABLELIKE_EXPANSION,C:\Users\tonyk\OneDrive\VeritasIntelligenceAnalytics\module\VRN\output\_route_lock_runs\RUN_20260525_195119_VRN_GO_M01_60PDF_FULL_V120\full_input_60pdf\20260519兆豐個股報告-望隼(4771).pdf,2026-06-15T16:25:25.761466,721e66ef11c394aac8e4eba3a1ca71e8c8109b67
33280450a5af073c2547,dc367a89b6fb,4771,,兆豐,2026-05-19,2026Q1,2026,Q1,IS,eps,EPS,0.05,0.05%,%,TWD,,1," 
評等分級：買進（預期未來六個月股價漲輻超過+30%）; 逢低買進（預期未來六個月股價漲輻介於+15%與+30%之間）; 區間操
作（預期未來六個月股價漲跌輻介於-15%與+15%之間）; 逢高賣出（預期未來六個月股價跌輻介於-15%與-30%之間）；賣出（預
期未來六個月股價跌輻超過-30%）。 
本刊所刊載之內容僅做為參考，惟已力求正確與完整，但因時間及市場客觀因素改變所造成產業、市場或個股之相關條件改變，投資人需自行考量
投資之需求與風險，本公司恕不負擔任何法律責任。任何轉載或引用本報告內容必須經本公司同意。 
 
- 1 - 
個股報告 
 望隼(4771) 
2026 年營收及獲利持續成長 
投資評等 
目標價 
逢低買進 
$238 
前次投資建議2026.03.25： 
「逢低買進」，目標價：$233 
 
 
報告日期：2026.05.19 
研 究 員：鄭師安 
 
摘 要 及 調 整 原 因 
➢ 受惠中國市場訂單回籠及日本市場新產品陸續出貨，2026 年營收及獲利可望續創歷史新高，
投資評等維持「逢低買進」，6 個月目標價238 元(15X 26(F)PER)，潛在上漲空間28%。 
 
基本資料 
結論與建議 
2026/05/18 
收盤價： 
186.5 ➢ 公司26Q1 營收10.31 億元，YoY+27.2%，毛利率40.99%，
稅後淨利2.15 億元，YoY+11.4%，EPS 3.66 元，獲利略
低於預期。25H2 中國及日本需求開始增加，中國市場需求
特別強勁，許多中國客戶在雙11 之後仍來洽詢訂單。 
➢ 公司認為今年營收季季高，雖然價格競爭持續，但有收斂
的跡象，相關壓力輕很多，全年毛利率目標41%。2026
年1~4 月日本營收衰退的原因是去年同期日本客戶有新品
大量出貨，加上有些訂單遞延到26Q2 出，中國彩片需求
非常暢旺，剛性需求明顯上來。矽水膠26Q1 才取證，公
司看好逐季的營收貢獻。 
➢ 日本市場對矽水膠產品的需求持續成長，今年持續推矽水
膠日彩，預計26H2 營收比重2~5%，矽水膠客單價比較
高，所以先打日本市場，中國市場目前還是以水膠為主，
公司不希望矽水膠產品以低價搶市。 
➢ 目前兩岸月產能共5,905 萬片，產能滿載中。新產能部分，
今年積極建置新產線，26Q3 會擴到6,920 萬片/月，",fc1129ab094b6b5528a862e0,60,,PENDING,,PENDING,,PENDING,0.50,ORANGE,STAGE_TABLELIKE_EXPANSION_REVIEW,VRN_1D1_REPORTTEXT_TABLELIKE_EXPANSION,C:\Users\tonyk\OneDrive\VeritasIntelligenceAnalytics\module\VRN\output\_route_lock_runs\RUN_20260525_195119_VRN_GO_M01_60PDF_FULL_V120\full_input_60pdf\20260519兆豐個股報告-望隼(4771).pdf,2026-06-15T16:25:25.761476,5a40b9676bad9c4ba15f505bd05a3d1b714fc616
33280450a5af073c2547,dc367a89b6fb,4771,,兆豐,2026-05-19,2026Q1,2026,Q1,IS,eps,EPS,547.0,547,%,TWD,,1," 
評等分級：買進（預期未來六個月股價漲輻超過+30%）; 逢低買進（預期未來六個月股價漲輻介於+15%與+30%之間）; 區間操
作（預期未來六個月股價漲跌輻介於-15%與+15%之間）; 逢高賣出（預期未來六個月股價跌輻介於-15%與-30%之間）；賣出（預
期未來六個月股價跌輻超過-30%）。 
本刊所刊載之內容僅做為參考，惟已力求正確與完整，但因時間及市場客觀因素改變所造成產業、市場或個股之相關條件改變，投資人需自行考量
投資之需求與風險，本公司恕不負擔任何法律責任。任何轉載或引用本報告內容必須經本公司同意。 
 
- 1 - 
個股報告 
 望隼(4771) 
2026 年營收及獲利持續成長 
投資評等 
目標價 
逢低買進 
$238 
前次投資建議2026.03.25： 
「逢低買進」，目標價：$233 
 
 
報告日期：2026.05.19 
研 究 員：鄭師安 
 
摘 要 及 調 整 原 因 
➢ 受惠中國市場訂單回籠及日本市場新產品陸續出貨，2026 年營收及獲利可望續創歷史新高，
投資評等維持「逢低買進」，6 個月目標價238 元(15X 26(F)PER)，潛在上漲空間28%。 
 
基本資料 
結論與建議 
2026/05/18 
收盤價： 
186.5 ➢ 公司26Q1 營收10.31 億元，YoY+27.2%，毛利率40.99%，
稅後淨利2.15 億元，YoY+11.4%，EPS 3.66 元，獲利略
低於預期。25H2 中國及日本需求開始增加，中國市場需求
特別強勁，許多中國客戶在雙11 之後仍來洽詢訂單。 
➢ 公司認為今年營收季季高，雖然價格競爭持續，但有收斂
的跡象，相關壓力輕很多，全年毛利率目標41%。2026
年1~4 月日本營收衰退的原因是去年同期日本客戶有新品
大量出貨，加上有些訂單遞延到26Q2 出，中國彩片需求
非常暢旺，剛性需求明顯上來。矽水膠26Q1 才取證，公
司看好逐季的營收貢獻。 
➢ 日本市場對矽水膠產品的需求持續成長，今年持續推矽水
膠日彩，預計26H2 營收比重2~5%，矽水膠客單價比較
高，所以先打日本市場，中國市場目前還是以水膠為主，
公司不希望矽水膠產品以低價搶市。 
➢ 目前兩岸月產能共5,905 萬片，產能滿載中。新產能部分，
今年積極建置新產線，26Q3 會擴到6,920 萬片/月，",fc1129ab094b6b5528a862e0,61,,PENDING,,PENDING,,PENDING,0.50,ORANGE,STAGE_TABLELIKE_EXPANSION_REVIEW,VRN_1D1_REPORTTEXT_TABLELIKE_EXPANSION,C:\Users\tonyk\OneDrive\VeritasIntelligenceAnalytics\module\VRN\output\_route_lock_runs\RUN_20260525_195119_VRN_GO_M01_60PDF_FULL_V120\full_input_60pdf\20260519兆豐個股報告-望隼(4771).pdf,2026-06-15T16:25:25.761486,91d2d1766645f37fc202d480b82f910f20900af8
33280450a5af073c2547,dc367a89b6fb,4771,,兆豐,2026-05-19,2026Q1,2026,Q1,IS,eps,EPS,-60.0,-60,%,TWD,,1," 
評等分級：買進（預期未來六個月股價漲輻超過+30%）; 逢低買進（預期未來六個月股價漲輻介於+15%與+30%之間）; 區間操
作（預期未來六個月股價漲跌輻介於-15%與+15%之間）; 逢高賣出（預期未來六個月股價跌輻介於-15%與-30%之間）；賣出（預
期未來六個月股價跌輻超過-30%）。 
本刊所刊載之內容僅做為參考，惟已力求正確與完整，但因時間及市場客觀因素改變所造成產業、市場或個股之相關條件改變，投資人需自行考量
投資之需求與風險，本公司恕不負擔任何法律責任。任何轉載或引用本報告內容必須經本公司同意。 
 
- 1 - 
個股報告 
 望隼(4771) 
2026 年營收及獲利持續成長 
投資評等 
目標價 
逢低買進 
$238 
前次投資建議2026.03.25： 
「逢低買進」，目標價：$233 
 
 
報告日期：2026.05.19 
研 究 員：鄭師安 
 
摘 要 及 調 整 原 因 
➢ 受惠中國市場訂單回籠及日本市場新產品陸續出貨，2026 年營收及獲利可望續創歷史新高，
投資評等維持「逢低買進」，6 個月目標價238 元(15X 26(F)PER)，潛在上漲空間28%。 
 
基本資料 
結論與建議 
2026/05/18 
收盤價： 
186.5 ➢ 公司26Q1 營收10.31 億元，YoY+27.2%，毛利率40.99%，
稅後淨利2.15 億元，YoY+11.4%，EPS 3.66 元，獲利略
低於預期。25H2 中國及日本需求開始增加，中國市場需求
特別強勁，許多中國客戶在雙11 之後仍來洽詢訂單。 
➢ 公司認為今年營收季季高，雖然價格競爭持續，但有收斂
的跡象，相關壓力輕很多，全年毛利率目標41%。2026
年1~4 月日本營收衰退的原因是去年同期日本客戶有新品
大量出貨，加上有些訂單遞延到26Q2 出，中國彩片需求
非常暢旺，剛性需求明顯上來。矽水膠26Q1 才取證，公
司看好逐季的營收貢獻。 
➢ 日本市場對矽水膠產品的需求持續成長，今年持續推矽水
膠日彩，預計26H2 營收比重2~5%，矽水膠客單價比較
高，所以先打日本市場，中國市場目前還是以水膠為主，
公司不希望矽水膠產品以低價搶市。 
➢ 目前兩岸月產能共5,905 萬片，產能滿載中。新產能部分，
今年積極建置新產線，26Q3 會擴到6,920 萬片/月，",fc1129ab094b6b5528a862e0,62,,PENDING,,PENDING,,PENDING,0.50,ORANGE,STAGE_TABLELIKE_EXPANSION_REVIEW,VRN_1D1_REPORTTEXT_TABLELIKE_EXPANSION,C:\Users\tonyk\OneDrive\VeritasIntelligenceAnalytics\module\VRN\output\_route_lock_runs\RUN_20260525_195119_VRN_GO_M01_60PDF_FULL_V120\full_input_60pdf\20260519兆豐個股報告-望隼(4771).pdf,2026-06-15T16:25:25.761496,cb9724b584e2904d278278c3e405396d42611136
33280450a5af073c2547,dc367a89b6fb,4771,,兆豐,2026-05-19,2026Q1,2026,Q1,IS,eps,EPS,-50.0,-50,%,TWD,,1," 
評等分級：買進（預期未來六個月股價漲輻超過+30%）; 逢低買進（預期未來六個月股價漲輻介於+15%與+30%之間）; 區間操
作（預期未來六個月股價漲跌輻介於-15%與+15%之間）; 逢高賣出（預期未來六個月股價跌輻介於-15%與-30%之間）；賣出（預
期未來六個月股價跌輻超過-30%）。 
本刊所刊載之內容僅做為參考，惟已力求正確與完整，但因時間及市場客觀因素改變所造成產業、市場或個股之相關條件改變，投資人需自行考量
投資之需求與風險，本公司恕不負擔任何法律責任。任何轉載或引用本報告內容必須經本公司同意。 
 
- 1 - 
個股報告 
 望隼(4771) 
2026 年營收及獲利持續成長 
投資評等 
目標價 
逢低買進 
$238 
前次投資建議2026.03.25： 
「逢低買進」，目標價：$233 
 
 
報告日期：2026.05.19 
研 究 員：鄭師安 
 
摘 要 及 調 整 原 因 
➢ 受惠中國市場訂單回籠及日本市場新產品陸續出貨，2026 年營收及獲利可望續創歷史新高，
投資評等維持「逢低買進」，6 個月目標價238 元(15X 26(F)PER)，潛在上漲空間28%。 
 
基本資料 
結論與建議 
2026/05/18 
收盤價： 
186.5 ➢ 公司26Q1 營收10.31 億元，YoY+27.2%，毛利率40.99%，
稅後淨利2.15 億元，YoY+11.4%，EPS 3.66 元，獲利略
低於預期。25H2 中國及日本需求開始增加，中國市場需求
特別強勁，許多中國客戶在雙11 之後仍來洽詢訂單。 
➢ 公司認為今年營收季季高，雖然價格競爭持續，但有收斂
的跡象，相關壓力輕很多，全年毛利率目標41%。2026
年1~4 月日本營收衰退的原因是去年同期日本客戶有新品
大量出貨，加上有些訂單遞延到26Q2 出，中國彩片需求
非常暢旺，剛性需求明顯上來。矽水膠26Q1 才取證，公
司看好逐季的營收貢獻。 
➢ 日本市場對矽水膠產品的需求持續成長，今年持續推矽水
膠日彩，預計26H2 營收比重2~5%，矽水膠客單價比較
高，所以先打日本市場，中國市場目前還是以水膠為主，
公司不希望矽水膠產品以低價搶市。 
➢ 目前兩岸月產能共5,905 萬片，產能滿載中。新產能部分，
今年積極建置新產線，26Q3 會擴到6,920 萬片/月，",fc1129ab094b6b5528a862e0,63,,PENDING,,PENDING,,PENDING,0.50,ORANGE,STAGE_TABLELIKE_EXPANSION_REVIEW,VRN_1D1_REPORTTEXT_TABLELIKE_EXPANSION,C:\Users\tonyk\OneDrive\VeritasIntelligenceAnalytics\module\VRN\output\_route_lock_runs\RUN_20260525_195119_VRN_GO_M01_60PDF_FULL_V120\full_input_60pdf\20260519兆豐個股報告-望隼(4771).pdf,2026-06-15T16:25:25.761505,d303332c64fa0851f5587b03bae35c3ecd7772f0
33280450a5af073c2547,dc367a89b6fb,4771,,兆豐,2026-05-19,2026Q1,2026,Q1,IS,eps,EPS,-40.0,-40,%,TWD,,1," 
評等分級：買進（預期未來六個月股價漲輻超過+30%）; 逢低買進（預期未來六個月股價漲輻介於+15%與+30%之間）; 區間操
作（預期未來六個月股價漲跌輻介於-15%與+15%之間）; 逢高賣出（預期未來六個月股價跌輻介於-15%與-30%之間）；賣出（預
期未來六個月股價跌輻超過-30%）。 
本刊所刊載之內容僅做為參考，惟已力求正確與完整，但因時間及市場客觀因素改變所造成產業、市場或個股之相關條件改變，投資人需自行考量
投資之需求與風險，本公司恕不負擔任何法律責任。任何轉載或引用本報告內容必須經本公司同意。 
 
- 1 - 
個股報告 
 望隼(4771) 
2026 年營收及獲利持續成長 
投資評等 
目標價 
逢低買進 
$238 
前次投資建議2026.03.25： 
「逢低買進」，目標價：$233 
 
 
報告日期：2026.05.19 
研 究 員：鄭師安 
 
摘 要 及 調 整 原 因 
➢ 受惠中國市場訂單回籠及日本市場新產品陸續出貨，2026 年營收及獲利可望續創歷史新高，
投資評等維持「逢低買進」，6 個月目標價238 元(15X 26(F)PER)，潛在上漲空間28%。 
 
基本資料 
結論與建議 
2026/05/18 
收盤價： 
186.5 ➢ 公司26Q1 營收10.31 億元，YoY+27.2%，毛利率40.99%，
稅後淨利2.15 億元，YoY+11.4%，EPS 3.66 元，獲利略
低於預期。25H2 中國及日本需求開始增加，中國市場需求
特別強勁，許多中國客戶在雙11 之後仍來洽詢訂單。 
➢ 公司認為今年營收季季高，雖然價格競爭持續，但有收斂
的跡象，相關壓力輕很多，全年毛利率目標41%。2026
年1~4 月日本營收衰退的原因是去年同期日本客戶有新品
大量出貨，加上有些訂單遞延到26Q2 出，中國彩片需求
非常暢旺，剛性需求明顯上來。矽水膠26Q1 才取證，公
司看好逐季的營收貢獻。 
➢ 日本市場對矽水膠產品的需求持續成長，今年持續推矽水
膠日彩，預計26H2 營收比重2~5%，矽水膠客單價比較
高，所以先打日本市場，中國市場目前還是以水膠為主，
公司不希望矽水膠產品以低價搶市。 
➢ 目前兩岸月產能共5,905 萬片，產能滿載中。新產能部分，
今年積極建置新產線，26Q3 會擴到6,920 萬片/月，",fc1129ab094b6b5528a862e0,64,,PENDING,,PENDING,,PENDING,0.50,ORANGE,STAGE_TABLELIKE_EXPANSION_REVIEW,VRN_1D1_REPORTTEXT_TABLELIKE_EXPANSION,C:\Users\tonyk\OneDrive\VeritasIntelligenceAnalytics\module\VRN\output\_route_lock_runs\RUN_20260525_195119_VRN_GO_M01_60PDF_FULL_V120\full_input_60pdf\20260519兆豐個股報告-望隼(4771).pdf,2026-06-15T16:25:25.761514,2c75e10511df8e64ecf614f18c94ab102859b866
33280450a5af073c2547,dc367a89b6fb,4771,,兆豐,2026-05-19,2026Q1,2026,Q1,IS,eps,EPS,-30.0,-30,%,TWD,,1," 
評等分級：買進（預期未來六個月股價漲輻超過+30%）; 逢低買進（預期未來六個月股價漲輻介於+15%與+30%之間）; 區間操
作（預期未來六個月股價漲跌輻介於-15%與+15%之間）; 逢高賣出（預期未來六個月股價跌輻介於-15%與-30%之間）；賣出（預
期未來六個月股價跌輻超過-30%）。 
本刊所刊載之內容僅做為參考，惟已力求正確與完整，但因時間及市場客觀因素改變所造成產業、市場或個股之相關條件改變，投資人需自行考量
投資之需求與風險，本公司恕不負擔任何法律責任。任何轉載或引用本報告內容必須經本公司同意。 
 
- 1 - 
個股報告 
 望隼(4771) 
2026 年營收及獲利持續成長 
投資評等 
目標價 
逢低買進 
$238 
前次投資建議2026.03.25： 
「逢低買進」，目標價：$233 
 
 
報告日期：2026.05.19 
研 究 員：鄭師安 
 
摘 要 及 調 整 原 因 
➢ 受惠中國市場訂單回籠及日本市場新產品陸續出貨，2026 年營收及獲利可望續創歷史新高，
投資評等維持「逢低買進」，6 個月目標價238 元(15X 26(F)PER)，潛在上漲空間28%。 
 
基本資料 
結論與建議 
2026/05/18 
收盤價： 
186.5 ➢ 公司26Q1 營收10.31 億元，YoY+27.2%，毛利率40.99%，
稅後淨利2.15 億元，YoY+11.4%，EPS 3.66 元，獲利略
低於預期。25H2 中國及日本需求開始增加，中國市場需求
特別強勁，許多中國客戶在雙11 之後仍來洽詢訂單。 
➢ 公司認為今年營收季季高，雖然價格競爭持續，但有收斂
的跡象，相關壓力輕很多，全年毛利率目標41%。2026
年1~4 月日本營收衰退的原因是去年同期日本客戶有新品
大量出貨，加上有些訂單遞延到26Q2 出，中國彩片需求
非常暢旺，剛性需求明顯上來。矽水膠26Q1 才取證，公
司看好逐季的營收貢獻。 
➢ 日本市場對矽水膠產品的需求持續成長，今年持續推矽水
膠日彩，預計26H2 營收比重2~5%，矽水膠客單價比較
高，所以先打日本市場，中國市場目前還是以水膠為主，
公司不希望矽水膠產品以低價搶市。 
➢ 目前兩岸月產能共5,905 萬片，產能滿載中。新產能部分，
今年積極建置新產線，26Q3 會擴到6,920 萬片/月，",fc1129ab094b6b5528a862e0,65,,PENDING,,PENDING,,PENDING,0.50,ORANGE,STAGE_TABLELIKE_EXPANSION_REVIEW,VRN_1D1_REPORTTEXT_TABLELIKE_EXPANSION,C:\Users\tonyk\OneDrive\VeritasIntelligenceAnalytics\module\VRN\output\_route_lock_runs\RUN_20260525_195119_VRN_GO_M01_60PDF_FULL_V120\full_input_60pdf\20260519兆豐個股報告-望隼(4771).pdf,2026-06-15T16:25:25.761524,7d684d9e7cadce6acd834693d0f9abed68de5186
33280450a5af073c2547,dc367a89b6fb,4771,,兆豐,2026-05-19,2026Q1,2026,Q1,IS,eps,EPS,-20.0,-20,%,TWD,,1," 
評等分級：買進（預期未來六個月股價漲輻超過+30%）; 逢低買進（預期未來六個月股價漲輻介於+15%與+30%之間）; 區間操
作（預期未來六個月股價漲跌輻介於-15%與+15%之間）; 逢高賣出（預期未來六個月股價跌輻介於-15%與-30%之間）；賣出（預
期未來六個月股價跌輻超過-30%）。 
本刊所刊載之內容僅做為參考，惟已力求正確與完整，但因時間及市場客觀因素改變所造成產業、市場或個股之相關條件改變，投資人需自行考量
投資之需求與風險，本公司恕不負擔任何法律責任。任何轉載或引用本報告內容必須經本公司同意。 
 
- 1 - 
個股報告 
 望隼(4771) 
2026 年營收及獲利持續成長 
投資評等 
目標價 
逢低買進 
$238 
前次投資建議2026.03.25： 
「逢低買進」，目標價：$233 
 
 
報告日期：2026.05.19 
研 究 員：鄭師安 
 
摘 要 及 調 整 原 因 
➢ 受惠中國市場訂單回籠及日本市場新產品陸續出貨，2026 年營收及獲利可望續創歷史新高，
投資評等維持「逢低買進」，6 個月目標價238 元(15X 26(F)PER)，潛在上漲空間28%。 
 
基本資料 
結論與建議 
2026/05/18 
收盤價： 
186.5 ➢ 公司26Q1 營收10.31 億元，YoY+27.2%，毛利率40.99%，
稅後淨利2.15 億元，YoY+11.4%，EPS 3.66 元，獲利略
低於預期。25H2 中國及日本需求開始增加，中國市場需求
特別強勁，許多中國客戶在雙11 之後仍來洽詢訂單。 
➢ 公司認為今年營收季季高，雖然價格競爭持續，但有收斂
的跡象，相關壓力輕很多，全年毛利率目標41%。2026
年1~4 月日本營收衰退的原因是去年同期日本客戶有新品
大量出貨，加上有些訂單遞延到26Q2 出，中國彩片需求
非常暢旺，剛性需求明顯上來。矽水膠26Q1 才取證，公
司看好逐季的營收貢獻。 
➢ 日本市場對矽水膠產品的需求持續成長，今年持續推矽水
膠日彩，預計26H2 營收比重2~5%，矽水膠客單價比較
高，所以先打日本市場，中國市場目前還是以水膠為主，
公司不希望矽水膠產品以低價搶市。 
➢ 目前兩岸月產能共5,905 萬片，產能滿載中。新產能部分，
今年積極建置新產線，26Q3 會擴到6,920 萬片/月，",fc1129ab094b6b5528a862e0,66,,PENDING,,PENDING,,PENDING,0.50,ORANGE,STAGE_TABLELIKE_EXPANSION_REVIEW,VRN_1D1_REPORTTEXT_TABLELIKE_EXPANSION,C:\Users\tonyk\OneDrive\VeritasIntelligenceAnalytics\module\VRN\output\_route_lock_runs\RUN_20260525_195119_VRN_GO_M01_60PDF_FULL_V120\full_input_60pdf\20260519兆豐個股報告-望隼(4771).pdf,2026-06-15T16:25:25.761533,1bc388435d9b8ba8bf490394f03b75a3c19eecce
33280450a5af073c2547,dc367a89b6fb,4771,,兆豐,2026-05-19,2026Q1,2026,Q1,IS,eps,EPS,-10.0,-10,%,TWD,,1," 
評等分級：買進（預期未來六個月股價漲輻超過+30%）; 逢低買進（預期未來六個月股價漲輻介於+15%與+30%之間）; 區間操
作（預期未來六個月股價漲跌輻介於-15%與+15%之間）; 逢高賣出（預期未來六個月股價跌輻介於-15%與-30%之間）；賣出（預
期未來六個月股價跌輻超過-30%）。 
本刊所刊載之內容僅做為參考，惟已力求正確與完整，但因時間及市場客觀因素改變所造成產業、市場或個股之相關條件改變，投資人需自行考量
投資之需求與風險，本公司恕不負擔任何法律責任。任何轉載或引用本報告內容必須經本公司同意。 
 
- 1 - 
個股報告 
 望隼(4771) 
2026 年營收及獲利持續成長 
投資評等 
目標價 
逢低買進 
$238 
前次投資建議2026.03.25： 
「逢低買進」，目標價：$233 
 
 
報告日期：2026.05.19 
研 究 員：鄭師安 
 
摘 要 及 調 整 原 因 
➢ 受惠中國市場訂單回籠及日本市場新產品陸續出貨，2026 年營收及獲利可望續創歷史新高，
投資評等維持「逢低買進」，6 個月目標價238 元(15X 26(F)PER)，潛在上漲空間28%。 
 
基本資料 
結論與建議 
2026/05/18 
收盤價： 
186.5 ➢ 公司26Q1 營收10.31 億元，YoY+27.2%，毛利率40.99%，
稅後淨利2.15 億元，YoY+11.4%，EPS 3.66 元，獲利略
低於預期。25H2 中國及日本需求開始增加，中國市場需求
特別強勁，許多中國客戶在雙11 之後仍來洽詢訂單。 
➢ 公司認為今年營收季季高，雖然價格競爭持續，但有收斂
的跡象，相關壓力輕很多，全年毛利率目標41%。2026
年1~4 月日本營收衰退的原因是去年同期日本客戶有新品
大量出貨，加上有些訂單遞延到26Q2 出，中國彩片需求
非常暢旺，剛性需求明顯上來。矽水膠26Q1 才取證，公
司看好逐季的營收貢獻。 
➢ 日本市場對矽水膠產品的需求持續成長，今年持續推矽水
膠日彩，預計26H2 營收比重2~5%，矽水膠客單價比較
高，所以先打日本市場，中國市場目前還是以水膠為主，
公司不希望矽水膠產品以低價搶市。 
➢ 目前兩岸月產能共5,905 萬片，產能滿載中。新產能部分，
今年積極建置新產線，26Q3 會擴到6,920 萬片/月，",fc1129ab094b6b5528a862e0,67,,PENDING,,PENDING,,PENDING,0.50,ORANGE,STAGE_TABLELIKE_EXPANSION_REVIEW,VRN_1D1_REPORTTEXT_TABLELIKE_EXPANSION,C:\Users\tonyk\OneDrive\VeritasIntelligenceAnalytics\module\VRN\output\_route_lock_runs\RUN_20260525_195119_VRN_GO_M01_60PDF_FULL_V120\full_input_60pdf\20260519兆豐個股報告-望隼(4771).pdf,2026-06-15T16:25:25.761542,83220eccf3449382db2788913319717d9da6b2f7
33280450a5af073c2547,dc367a89b6fb,4771,,兆豐,2026-05-19,2026Q1,2026,Q1,IS,eps,EPS,0.0,0,%,TWD,,1," 
評等分級：買進（預期未來六個月股價漲輻超過+30%）; 逢低買進（預期未來六個月股價漲輻介於+15%與+30%之間）; 區間操
作（預期未來六個月股價漲跌輻介於-15%與+15%之間）; 逢高賣出（預期未來六個月股價跌輻介於-15%與-30%之間）；賣出（預
期未來六個月股價跌輻超過-30%）。 
本刊所刊載之內容僅做為參考，惟已力求正確與完整，但因時間及市場客觀因素改變所造成產業、市場或個股之相關條件改變，投資人需自行考量
投資之需求與風險，本公司恕不負擔任何法律責任。任何轉載或引用本報告內容必須經本公司同意。 
 
- 1 - 
個股報告 
 望隼(4771) 
2026 年營收及獲利持續成長 
投資評等 
目標價 
逢低買進 
$238 
前次投資建議2026.03.25： 
「逢低買進」，目標價：$233 
 
 
報告日期：2026.05.19 
研 究 員：鄭師安 
 
摘 要 及 調 整 原 因 
➢ 受惠中國市場訂單回籠及日本市場新產品陸續出貨，2026 年營收及獲利可望續創歷史新高，
投資評等維持「逢低買進」，6 個月目標價238 元(15X 26(F)PER)，潛在上漲空間28%。 
 
基本資料 
結論與建議 
2026/05/18 
收盤價： 
186.5 ➢ 公司26Q1 營收10.31 億元，YoY+27.2%，毛利率40.99%，
稅後淨利2.15 億元，YoY+11.4%，EPS 3.66 元，獲利略
低於預期。25H2 中國及日本需求開始增加，中國市場需求
特別強勁，許多中國客戶在雙11 之後仍來洽詢訂單。 
➢ 公司認為今年營收季季高，雖然價格競爭持續，但有收斂
的跡象，相關壓力輕很多，全年毛利率目標41%。2026
年1~4 月日本營收衰退的原因是去年同期日本客戶有新品
大量出貨，加上有些訂單遞延到26Q2 出，中國彩片需求
非常暢旺，剛性需求明顯上來。矽水膠26Q1 才取證，公
司看好逐季的營收貢獻。 
➢ 日本市場對矽水膠產品的需求持續成長，今年持續推矽水
膠日彩，預計26H2 營收比重2~5%，矽水膠客單價比較
高，所以先打日本市場，中國市場目前還是以水膠為主，
公司不希望矽水膠產品以低價搶市。 
➢ 目前兩岸月產能共5,905 萬片，產能滿載中。新產能部分，
今年積極建置新產線，26Q3 會擴到6,920 萬片/月，",fc1129ab094b6b5528a862e0,68,,PENDING,,PENDING,,PENDING,0.50,ORANGE,STAGE_TABLELIKE_EXPANSION_REVIEW,VRN_1D1_REPORTTEXT_TABLELIKE_EXPANSION,C:\Users\tonyk\OneDrive\VeritasIntelligenceAnalytics\module\VRN\output\_route_lock_runs\RUN_20260525_195119_VRN_GO_M01_60PDF_FULL_V120\full_input_60pdf\20260519兆豐個股報告-望隼(4771).pdf,2026-06-15T16:25:25.761552,9778b98fc35cfd2a0247d2587b2a204eaff54cd1
33280450a5af073c2547,dc367a89b6fb,4771,,兆豐,2026-05-19,2026Q1,2026,Q1,IS,eps,EPS,10.0,10,%,TWD,,1," 
評等分級：買進（預期未來六個月股價漲輻超過+30%）; 逢低買進（預期未來六個月股價漲輻介於+15%與+30%之間）; 區間操
作（預期未來六個月股價漲跌輻介於-15%與+15%之間）; 逢高賣出（預期未來六個月股價跌輻介於-15%與-30%之間）；賣出（預
期未來六個月股價跌輻超過-30%）。 
本刊所刊載之內容僅做為參考，惟已力求正確與完整，但因時間及市場客觀因素改變所造成產業、市場或個股之相關條件改變，投資人需自行考量
投資之需求與風險，本公司恕不負擔任何法律責任。任何轉載或引用本報告內容必須經本公司同意。 
 
- 1 - 
個股報告 
 望隼(4771) 
2026 年營收及獲利持續成長 
投資評等 
目標價 
逢低買進 
$238 
前次投資建議2026.03.25： 
「逢低買進」，目標價：$233 
 
 
報告日期：2026.05.19 
研 究 員：鄭師安 
 
摘 要 及 調 整 原 因 
➢ 受惠中國市場訂單回籠及日本市場新產品陸續出貨，2026 年營收及獲利可望續創歷史新高，
投資評等維持「逢低買進」，6 個月目標價238 元(15X 26(F)PER)，潛在上漲空間28%。 
 
基本資料 
結論與建議 
2026/05/18 
收盤價： 
186.5 ➢ 公司26Q1 營收10.31 億元，YoY+27.2%，毛利率40.99%，
稅後淨利2.15 億元，YoY+11.4%，EPS 3.66 元，獲利略
低於預期。25H2 中國及日本需求開始增加，中國市場需求
特別強勁，許多中國客戶在雙11 之後仍來洽詢訂單。 
➢ 公司認為今年營收季季高，雖然價格競爭持續，但有收斂
的跡象，相關壓力輕很多，全年毛利率目標41%。2026
年1~4 月日本營收衰退的原因是去年同期日本客戶有新品
大量出貨，加上有些訂單遞延到26Q2 出，中國彩片需求
非常暢旺，剛性需求明顯上來。矽水膠26Q1 才取證，公
司看好逐季的營收貢獻。 
➢ 日本市場對矽水膠產品的需求持續成長，今年持續推矽水
膠日彩，預計26H2 營收比重2~5%，矽水膠客單價比較
高，所以先打日本市場，中國市場目前還是以水膠為主，
公司不希望矽水膠產品以低價搶市。 
➢ 目前兩岸月產能共5,905 萬片，產能滿載中。新產能部分，
今年積極建置新產線，26Q3 會擴到6,920 萬片/月，",fc1129ab094b6b5528a862e0,69,,PENDING,,PENDING,,PENDING,0.50,ORANGE,STAGE_TABLELIKE_EXPANSION_REVIEW,VRN_1D1_REPORTTEXT_TABLELIKE_EXPANSION,C:\Users\tonyk\OneDrive\VeritasIntelligenceAnalytics\module\VRN\output\_route_lock_runs\RUN_20260525_195119_VRN_GO_M01_60PDF_FULL_V120\full_input_60pdf\20260519兆豐個股報告-望隼(4771).pdf,2026-06-15T16:25:25.761661,76c25131141ff8efe72255a2656c906c9a124aab
33280450a5af073c2547,dc367a89b6fb,4771,,兆豐,2026-05-19,2026Q1,2026,Q1,IS,eps,EPS,25.0,25,%,TWD,,1," 
評等分級：買進（預期未來六個月股價漲輻超過+30%）; 逢低買進（預期未來六個月股價漲輻介於+15%與+30%之間）; 區間操
作（預期未來六個月股價漲跌輻介於-15%與+15%之間）; 逢高賣出（預期未來六個月股價跌輻介於-15%與-30%之間）；賣出（預
期未來六個月股價跌輻超過-30%）。 
本刊所刊載之內容僅做為參考，惟已力求正確與完整，但因時間及市場客觀因素改變所造成產業、市場或個股之相關條件改變，投資人需自行考量
投資之需求與風險，本公司恕不負擔任何法律責任。任何轉載或引用本報告內容必須經本公司同意。 
 
- 1 - 
個股報告 
 望隼(4771) 
2026 年營收及獲利持續成長 
投資評等 
目標價 
逢低買進 
$238 
前次投資建議2026.03.25： 
「逢低買進」，目標價：$233 
 
 
報告日期：2026.05.19 
研 究 員：鄭師安 
 
摘 要 及 調 整 原 因 
➢ 受惠中國市場訂單回籠及日本市場新產品陸續出貨，2026 年營收及獲利可望續創歷史新高，
投資評等維持「逢低買進」，6 個月目標價238 元(15X 26(F)PER)，潛在上漲空間28%。 
 
基本資料 
結論與建議 
2026/05/18 
收盤價： 
186.5 ➢ 公司26Q1 營收10.31 億元，YoY+27.2%，毛利率40.99%，
稅後淨利2.15 億元，YoY+11.4%，EPS 3.66 元，獲利略
低於預期。25H2 中國及日本需求開始增加，中國市場需求
特別強勁，許多中國客戶在雙11 之後仍來洽詢訂單。 
➢ 公司認為今年營收季季高，雖然價格競爭持續，但有收斂
的跡象，相關壓力輕很多，全年毛利率目標41%。2026
年1~4 月日本營收衰退的原因是去年同期日本客戶有新品
大量出貨，加上有些訂單遞延到26Q2 出，中國彩片需求
非常暢旺，剛性需求明顯上來。矽水膠26Q1 才取證，公
司看好逐季的營收貢獻。 
➢ 日本市場對矽水膠產品的需求持續成長，今年持續推矽水
膠日彩，預計26H2 營收比重2~5%，矽水膠客單價比較
高，所以先打日本市場，中國市場目前還是以水膠為主，
公司不希望矽水膠產品以低價搶市。 
➢ 目前兩岸月產能共5,905 萬片，產能滿載中。新產能部分，
今年積極建置新產線，26Q3 會擴到6,920 萬片/月，",fc1129ab094b6b5528a862e0,70,,PENDING,,PENDING,,PENDING,0.50,ORANGE,STAGE_TABLELIKE_EXPANSION_REVIEW,VRN_1D1_REPORTTEXT_TABLELIKE_EXPANSION,C:\Users\tonyk\OneDrive\VeritasIntelligenceAnalytics\module\VRN\output\_route_lock_runs\RUN_20260525_195119_VRN_GO_M01_60PDF_FULL_V120\full_input_60pdf\20260519兆豐個股報告-望隼(4771).pdf,2026-06-15T16:25:25.761672,8c8db6f71c00626f356e56d520135818404c7bef
33280450a5af073c2547,dc367a89b6fb,4771,,兆豐,2026-05-19,2026Q1,2026,Q1,IS,eps,EPS,4.0,04,%,TWD,,1," 
評等分級：買進（預期未來六個月股價漲輻超過+30%）; 逢低買進（預期未來六個月股價漲輻介於+15%與+30%之間）; 區間操
作（預期未來六個月股價漲跌輻介於-15%與+15%之間）; 逢高賣出（預期未來六個月股價跌輻介於-15%與-30%之間）；賣出（預
期未來六個月股價跌輻超過-30%）。 
本刊所刊載之內容僅做為參考，惟已力求正確與完整，但因時間及市場客觀因素改變所造成產業、市場或個股之相關條件改變，投資人需自行考量
投資之需求與風險，本公司恕不負擔任何法律責任。任何轉載或引用本報告內容必須經本公司同意。 
 
- 1 - 
個股報告 
 望隼(4771) 
2026 年營收及獲利持續成長 
投資評等 
目標價 
逢低買進 
$238 
前次投資建議2026.03.25： 
「逢低買進」，目標價：$233 
 
 
報告日期：2026.05.19 
研 究 員：鄭師安 
 
摘 要 及 調 整 原 因 
➢ 受惠中國市場訂單回籠及日本市場新產品陸續出貨，2026 年營收及獲利可望續創歷史新高，
投資評等維持「逢低買進」，6 個月目標價238 元(15X 26(F)PER)，潛在上漲空間28%。 
 
基本資料 
結論與建議 
2026/05/18 
收盤價： 
186.5 ➢ 公司26Q1 營收10.31 億元，YoY+27.2%，毛利率40.99%，
稅後淨利2.15 億元，YoY+11.4%，EPS 3.66 元，獲利略
低於預期。25H2 中國及日本需求開始增加，中國市場需求
特別強勁，許多中國客戶在雙11 之後仍來洽詢訂單。 
➢ 公司認為今年營收季季高，雖然價格競爭持續，但有收斂
的跡象，相關壓力輕很多，全年毛利率目標41%。2026
年1~4 月日本營收衰退的原因是去年同期日本客戶有新品
大量出貨，加上有些訂單遞延到26Q2 出，中國彩片需求
非常暢旺，剛性需求明顯上來。矽水膠26Q1 才取證，公
司看好逐季的營收貢獻。 
➢ 日本市場對矽水膠產品的需求持續成長，今年持續推矽水
膠日彩，預計26H2 營收比重2~5%，矽水膠客單價比較
高，所以先打日本市場，中國市場目前還是以水膠為主，
公司不希望矽水膠產品以低價搶市。 
➢ 目前兩岸月產能共5,905 萬片，產能滿載中。新產能部分，
今年積極建置新產線，26Q3 會擴到6,920 萬片/月，",fc1129ab094b6b5528a862e0,71,,PENDING,,PENDING,,PENDING,0.50,ORANGE,STAGE_TABLELIKE_EXPANSION_REVIEW,VRN_1D1_REPORTTEXT_TABLELIKE_EXPANSION,C:\Users\tonyk\OneDrive\VeritasIntelligenceAnalytics\module\VRN\output\_route_lock_runs\RUN_20260525_195119_VRN_GO_M01_60PDF_FULL_V120\full_input_60pdf\20260519兆豐個股報告-望隼(4771).pdf,2026-06-15T16:25:25.761682,5c4662d49d664a811d8c558cb14fcc545f99ffd3
33280450a5af073c2547,dc367a89b6fb,4771,,兆豐,2026-05-19,2026Q1,2026,Q1,IS,eps,EPS,25.0,25,%,TWD,,1," 
評等分級：買進（預期未來六個月股價漲輻超過+30%）; 逢低買進（預期未來六個月股價漲輻介於+15%與+30%之間）; 區間操
作（預期未來六個月股價漲跌輻介於-15%與+15%之間）; 逢高賣出（預期未來六個月股價跌輻介於-15%與-30%之間）；賣出（預
期未來六個月股價跌輻超過-30%）。 
本刊所刊載之內容僅做為參考，惟已力求正確與完整，但因時間及市場客觀因素改變所造成產業、市場或個股之相關條件改變，投資人需自行考量
投資之需求與風險，本公司恕不負擔任何法律責任。任何轉載或引用本報告內容必須經本公司同意。 
 
- 1 - 
個股報告 
 望隼(4771) 
2026 年營收及獲利持續成長 
投資評等 
目標價 
逢低買進 
$238 
前次投資建議2026.03.25： 
「逢低買進」，目標價：$233 
 
 
報告日期：2026.05.19 
研 究 員：鄭師安 
 
摘 要 及 調 整 原 因 
➢ 受惠中國市場訂單回籠及日本市場新產品陸續出貨，2026 年營收及獲利可望續創歷史新高，
投資評等維持「逢低買進」，6 個月目標價238 元(15X 26(F)PER)，潛在上漲空間28%。 
 
基本資料 
結論與建議 
2026/05/18 
收盤價： 
186.5 ➢ 公司26Q1 營收10.31 億元，YoY+27.2%，毛利率40.99%，
稅後淨利2.15 億元，YoY+11.4%，EPS 3.66 元，獲利略
低於預期。25H2 中國及日本需求開始增加，中國市場需求
特別強勁，許多中國客戶在雙11 之後仍來洽詢訂單。 
➢ 公司認為今年營收季季高，雖然價格競爭持續，但有收斂
的跡象，相關壓力輕很多，全年毛利率目標41%。2026
年1~4 月日本營收衰退的原因是去年同期日本客戶有新品
大量出貨，加上有些訂單遞延到26Q2 出，中國彩片需求
非常暢旺，剛性需求明顯上來。矽水膠26Q1 才取證，公
司看好逐季的營收貢獻。 
➢ 日本市場對矽水膠產品的需求持續成長，今年持續推矽水
膠日彩，預計26H2 營收比重2~5%，矽水膠客單價比較
高，所以先打日本市場，中國市場目前還是以水膠為主，
公司不希望矽水膠產品以低價搶市。 
➢ 目前兩岸月產能共5,905 萬片，產能滿載中。新產能部分，
今年積極建置新產線，26Q3 會擴到6,920 萬片/月，",fc1129ab094b6b5528a862e0,72,,PENDING,,PENDING,,PENDING,0.50,ORANGE,STAGE_TABLELIKE_EXPANSION_REVIEW,VRN_1D1_REPORTTEXT_TABLELIKE_EXPANSION,C:\Users\tonyk\OneDrive\VeritasIntelligenceAnalytics\module\VRN\output\_route_lock_runs\RUN_20260525_195119_VRN_GO_M01_60PDF_FULL_V120\full_input_60pdf\20260519兆豐個股報告-望隼(4771).pdf,2026-06-15T16:25:25.761692,bef434375228a9298dbcdd46643b88cbc0d54799
33280450a5af073c2547,dc367a89b6fb,4771,,兆豐,2026-05-19,2026Q1,2026,Q1,IS,eps,EPS,7.0,07,%,TWD,,1," 
評等分級：買進（預期未來六個月股價漲輻超過+30%）; 逢低買進（預期未來六個月股價漲輻介於+15%與+30%之間）; 區間操
作（預期未來六個月股價漲跌輻介於-15%與+15%之間）; 逢高賣出（預期未來六個月股價跌輻介於-15%與-30%之間）；賣出（預
期未來六個月股價跌輻超過-30%）。 
本刊所刊載之內容僅做為參考，惟已力求正確與完整，但因時間及市場客觀因素改變所造成產業、市場或個股之相關條件改變，投資人需自行考量
投資之需求與風險，本公司恕不負擔任何法律責任。任何轉載或引用本報告內容必須經本公司同意。 
 
- 1 - 
個股報告 
 望隼(4771) 
2026 年營收及獲利持續成長 
投資評等 
目標價 
逢低買進 
$238 
前次投資建議2026.03.25： 
「逢低買進」，目標價：$233 
 
 
報告日期：2026.05.19 
研 究 員：鄭師安 
 
摘 要 及 調 整 原 因 
➢ 受惠中國市場訂單回籠及日本市場新產品陸續出貨，2026 年營收及獲利可望續創歷史新高，
投資評等維持「逢低買進」，6 個月目標價238 元(15X 26(F)PER)，潛在上漲空間28%。 
 
基本資料 
結論與建議 
2026/05/18 
收盤價： 
186.5 ➢ 公司26Q1 營收10.31 億元，YoY+27.2%，毛利率40.99%，
稅後淨利2.15 億元，YoY+11.4%，EPS 3.66 元，獲利略
低於預期。25H2 中國及日本需求開始增加，中國市場需求
特別強勁，許多中國客戶在雙11 之後仍來洽詢訂單。 
➢ 公司認為今年營收季季高，雖然價格競爭持續，但有收斂
的跡象，相關壓力輕很多，全年毛利率目標41%。2026
年1~4 月日本營收衰退的原因是去年同期日本客戶有新品
大量出貨，加上有些訂單遞延到26Q2 出，中國彩片需求
非常暢旺，剛性需求明顯上來。矽水膠26Q1 才取證，公
司看好逐季的營收貢獻。 
➢ 日本市場對矽水膠產品的需求持續成長，今年持續推矽水
膠日彩，預計26H2 營收比重2~5%，矽水膠客單價比較
高，所以先打日本市場，中國市場目前還是以水膠為主，
公司不希望矽水膠產品以低價搶市。 
➢ 目前兩岸月產能共5,905 萬片，產能滿載中。新產能部分，
今年積極建置新產線，26Q3 會擴到6,920 萬片/月，",fc1129ab094b6b5528a862e0,73,,PENDING,,PENDING,,PENDING,0.50,ORANGE,STAGE_TABLELIKE_EXPANSION_REVIEW,VRN_1D1_REPORTTEXT_TABLELIKE_EXPANSION,C:\Users\tonyk\OneDrive\VeritasIntelligenceAnalytics\module\VRN\output\_route_lock_runs\RUN_20260525_195119_VRN_GO_M01_60PDF_FULL_V120\full_input_60pdf\20260519兆豐個股報告-望隼(4771).pdf,2026-06-15T16:25:25.761701,df29767fb5b07e306785605b19aefe6c3ab23203
33280450a5af073c2547,dc367a89b6fb,4771,,兆豐,2026-05-19,2026Q1,2026,Q1,IS,eps,EPS,25.0,25,%,TWD,,1," 
評等分級：買進（預期未來六個月股價漲輻超過+30%）; 逢低買進（預期未來六個月股價漲輻介於+15%與+30%之間）; 區間操
作（預期未來六個月股價漲跌輻介於-15%與+15%之間）; 逢高賣出（預期未來六個月股價跌輻介於-15%與-30%之間）；賣出（預
期未來六個月股價跌輻超過-30%）。 
本刊所刊載之內容僅做為參考，惟已力求正確與完整，但因時間及市場客觀因素改變所造成產業、市場或個股之相關條件改變，投資人需自行考量
投資之需求與風險，本公司恕不負擔任何法律責任。任何轉載或引用本報告內容必須經本公司同意。 
 
- 1 - 
個股報告 
 望隼(4771) 
2026 年營收及獲利持續成長 
投資評等 
目標價 
逢低買進 
$238 
前次投資建議2026.03.25： 
「逢低買進」，目標價：$233 
 
 
報告日期：2026.05.19 
研 究 員：鄭師安 
 
摘 要 及 調 整 原 因 
➢ 受惠中國市場訂單回籠及日本市場新產品陸續出貨，2026 年營收及獲利可望續創歷史新高，
投資評等維持「逢低買進」，6 個月目標價238 元(15X 26(F)PER)，潛在上漲空間28%。 
 
基本資料 
結論與建議 
2026/05/18 
收盤價： 
186.5 ➢ 公司26Q1 營收10.31 億元，YoY+27.2%，毛利率40.99%，
稅後淨利2.15 億元，YoY+11.4%，EPS 3.66 元，獲利略
低於預期。25H2 中國及日本需求開始增加，中國市場需求
特別強勁，許多中國客戶在雙11 之後仍來洽詢訂單。 
➢ 公司認為今年營收季季高，雖然價格競爭持續，但有收斂
的跡象，相關壓力輕很多，全年毛利率目標41%。2026
年1~4 月日本營收衰退的原因是去年同期日本客戶有新品
大量出貨，加上有些訂單遞延到26Q2 出，中國彩片需求
非常暢旺，剛性需求明顯上來。矽水膠26Q1 才取證，公
司看好逐季的營收貢獻。 
➢ 日本市場對矽水膠產品的需求持續成長，今年持續推矽水
膠日彩，預計26H2 營收比重2~5%，矽水膠客單價比較
高，所以先打日本市場，中國市場目前還是以水膠為主，
公司不希望矽水膠產品以低價搶市。 
➢ 目前兩岸月產能共5,905 萬片，產能滿載中。新產能部分，
今年積極建置新產線，26Q3 會擴到6,920 萬片/月，",fc1129ab094b6b5528a862e0,74,,PENDING,,PENDING,,PENDING,0.50,ORANGE,STAGE_TABLELIKE_EXPANSION_REVIEW,VRN_1D1_REPORTTEXT_TABLELIKE_EXPANSION,C:\Users\tonyk\OneDrive\VeritasIntelligenceAnalytics\module\VRN\output\_route_lock_runs\RUN_20260525_195119_VRN_GO_M01_60PDF_FULL_V120\full_input_60pdf\20260519兆豐個股報告-望隼(4771).pdf,2026-06-15T16:25:25.761711,d11514956e68229fd1c1639cff17e9ee1fa3bf18
33280450a5af073c2547,dc367a89b6fb,4771,,兆豐,2026-05-19,2026Q1,2026,Q1,IS,eps,EPS,10.0,10,%,TWD,,1," 
評等分級：買進（預期未來六個月股價漲輻超過+30%）; 逢低買進（預期未來六個月股價漲輻介於+15%與+30%之間）; 區間操
作（預期未來六個月股價漲跌輻介於-15%與+15%之間）; 逢高賣出（預期未來六個月股價跌輻介於-15%與-30%之間）；賣出（預
期未來六個月股價跌輻超過-30%）。 
本刊所刊載之內容僅做為參考，惟已力求正確與完整，但因時間及市場客觀因素改變所造成產業、市場或個股之相關條件改變，投資人需自行考量
投資之需求與風險，本公司恕不負擔任何法律責任。任何轉載或引用本報告內容必須經本公司同意。 
 
- 1 - 
個股報告 
 望隼(4771) 
2026 年營收及獲利持續成長 
投資評等 
目標價 
逢低買進 
$238 
前次投資建議2026.03.25： 
「逢低買進」，目標價：$233 
 
 
報告日期：2026.05.19 
研 究 員：鄭師安 
 
摘 要 及 調 整 原 因 
➢ 受惠中國市場訂單回籠及日本市場新產品陸續出貨，2026 年營收及獲利可望續創歷史新高，
投資評等維持「逢低買進」，6 個月目標價238 元(15X 26(F)PER)，潛在上漲空間28%。 
 
基本資料 
結論與建議 
2026/05/18 
收盤價： 
186.5 ➢ 公司26Q1 營收10.31 億元，YoY+27.2%，毛利率40.99%，
稅後淨利2.15 億元，YoY+11.4%，EPS 3.66 元，獲利略
低於預期。25H2 中國及日本需求開始增加，中國市場需求
特別強勁，許多中國客戶在雙11 之後仍來洽詢訂單。 
➢ 公司認為今年營收季季高，雖然價格競爭持續，但有收斂
的跡象，相關壓力輕很多，全年毛利率目標41%。2026
年1~4 月日本營收衰退的原因是去年同期日本客戶有新品
大量出貨，加上有些訂單遞延到26Q2 出，中國彩片需求
非常暢旺，剛性需求明顯上來。矽水膠26Q1 才取證，公
司看好逐季的營收貢獻。 
➢ 日本市場對矽水膠產品的需求持續成長，今年持續推矽水
膠日彩，預計26H2 營收比重2~5%，矽水膠客單價比較
高，所以先打日本市場，中國市場目前還是以水膠為主，
公司不希望矽水膠產品以低價搶市。 
➢ 目前兩岸月產能共5,905 萬片，產能滿載中。新產能部分，
今年積極建置新產線，26Q3 會擴到6,920 萬片/月，",fc1129ab094b6b5528a862e0,75,,PENDING,,PENDING,,PENDING,0.50,ORANGE,STAGE_TABLELIKE_EXPANSION_REVIEW,VRN_1D1_REPORTTEXT_TABLELIKE_EXPANSION,C:\Users\tonyk\OneDrive\VeritasIntelligenceAnalytics\module\VRN\output\_route_lock_runs\RUN_20260525_195119_VRN_GO_M01_60PDF_FULL_V120\full_input_60pdf\20260519兆豐個股報告-望隼(4771).pdf,2026-06-15T16:25:25.761720,f7bbad1d69aaec130d7d0a8b32858a0f7abf287f
33280450a5af073c2547,dc367a89b6fb,4771,,兆豐,2026-05-19,2026Q1,2026,Q1,IS,eps,EPS,26.0,26,%,TWD,,1," 
評等分級：買進（預期未來六個月股價漲輻超過+30%）; 逢低買進（預期未來六個月股價漲輻介於+15%與+30%之間）; 區間操
作（預期未來六個月股價漲跌輻介於-15%與+15%之間）; 逢高賣出（預期未來六個月股價跌輻介於-15%與-30%之間）；賣出（預
期未來六個月股價跌輻超過-30%）。 
本刊所刊載之內容僅做為參考，惟已力求正確與完整，但因時間及市場客觀因素改變所造成產業、市場或個股之相關條件改變，投資人需自行考量
投資之需求與風險，本公司恕不負擔任何法律責任。任何轉載或引用本報告內容必須經本公司同意。 
 
- 1 - 
個股報告 
 望隼(4771) 
2026 年營收及獲利持續成長 
投資評等 
目標價 
逢低買進 
$238 
前次投資建議2026.03.25： 
「逢低買進」，目標價：$233 
 
 
報告日期：2026.05.19 
研 究 員：鄭師安 
 
摘 要 及 調 整 原 因 
➢ 受惠中國市場訂單回籠及日本市場新產品陸續出貨，2026 年營收及獲利可望續創歷史新高，
投資評等維持「逢低買進」，6 個月目標價238 元(15X 26(F)PER)，潛在上漲空間28%。 
 
基本資料 
結論與建議 
2026/05/18 
收盤價： 
186.5 ➢ 公司26Q1 營收10.31 億元，YoY+27.2%，毛利率40.99%，
稅後淨利2.15 億元，YoY+11.4%，EPS 3.66 元，獲利略
低於預期。25H2 中國及日本需求開始增加，中國市場需求
特別強勁，許多中國客戶在雙11 之後仍來洽詢訂單。 
➢ 公司認為今年營收季季高，雖然價格競爭持續，但有收斂
的跡象，相關壓力輕很多，全年毛利率目標41%。2026
年1~4 月日本營收衰退的原因是去年同期日本客戶有新品
大量出貨，加上有些訂單遞延到26Q2 出，中國彩片需求
非常暢旺，剛性需求明顯上來。矽水膠26Q1 才取證，公
司看好逐季的營收貢獻。 
➢ 日本市場對矽水膠產品的需求持續成長，今年持續推矽水
膠日彩，預計26H2 營收比重2~5%，矽水膠客單價比較
高，所以先打日本市場，中國市場目前還是以水膠為主，
公司不希望矽水膠產品以低價搶市。 
➢ 目前兩岸月產能共5,905 萬片，產能滿載中。新產能部分，
今年積極建置新產線，26Q3 會擴到6,920 萬片/月，",fc1129ab094b6b5528a862e0,76,,PENDING,,PENDING,,PENDING,0.50,ORANGE,STAGE_TABLELIKE_EXPANSION_REVIEW,VRN_1D1_REPORTTEXT_TABLELIKE_EXPANSION,C:\Users\tonyk\OneDrive\VeritasIntelligenceAnalytics\module\VRN\output\_route_lock_runs\RUN_20260525_195119_VRN_GO_M01_60PDF_FULL_V120\full_input_60pdf\20260519兆豐個股報告-望隼(4771).pdf,2026-06-15T16:25:25.761730,ed8e2ebe6273ff96bb0a751b046391c84c99a138
33280450a5af073c2547,dc367a89b6fb,4771,,兆豐,2026-05-19,2026Q1,2026,Q1,IS,eps,EPS,1.0,01,%,TWD,,1," 
評等分級：買進（預期未來六個月股價漲輻超過+30%）; 逢低買進（預期未來六個月股價漲輻介於+15%與+30%之間）; 區間操
作（預期未來六個月股價漲跌輻介於-15%與+15%之間）; 逢高賣出（預期未來六個月股價跌輻介於-15%與-30%之間）；賣出（預
期未來六個月股價跌輻超過-30%）。 
本刊所刊載之內容僅做為參考，惟已力求正確與完整，但因時間及市場客觀因素改變所造成產業、市場或個股之相關條件改變，投資人需自行考量
投資之需求與風險，本公司恕不負擔任何法律責任。任何轉載或引用本報告內容必須經本公司同意。 
 
- 1 - 
個股報告 
 望隼(4771) 
2026 年營收及獲利持續成長 
投資評等 
目標價 
逢低買進 
$238 
前次投資建議2026.03.25： 
「逢低買進」，目標價：$233 
 
 
報告日期：2026.05.19 
研 究 員：鄭師安 
 
摘 要 及 調 整 原 因 
➢ 受惠中國市場訂單回籠及日本市場新產品陸續出貨，2026 年營收及獲利可望續創歷史新高，
投資評等維持「逢低買進」，6 個月目標價238 元(15X 26(F)PER)，潛在上漲空間28%。 
 
基本資料 
結論與建議 
2026/05/18 
收盤價： 
186.5 ➢ 公司26Q1 營收10.31 億元，YoY+27.2%，毛利率40.99%，
稅後淨利2.15 億元，YoY+11.4%，EPS 3.66 元，獲利略
低於預期。25H2 中國及日本需求開始增加，中國市場需求
特別強勁，許多中國客戶在雙11 之後仍來洽詢訂單。 
➢ 公司認為今年營收季季高，雖然價格競爭持續，但有收斂
的跡象，相關壓力輕很多，全年毛利率目標41%。2026
年1~4 月日本營收衰退的原因是去年同期日本客戶有新品
大量出貨，加上有些訂單遞延到26Q2 出，中國彩片需求
非常暢旺，剛性需求明顯上來。矽水膠26Q1 才取證，公
司看好逐季的營收貢獻。 
➢ 日本市場對矽水膠產品的需求持續成長，今年持續推矽水
膠日彩，預計26H2 營收比重2~5%，矽水膠客單價比較
高，所以先打日本市場，中國市場目前還是以水膠為主，
公司不希望矽水膠產品以低價搶市。 
➢ 目前兩岸月產能共5,905 萬片，產能滿載中。新產能部分，
今年積極建置新產線，26Q3 會擴到6,920 萬片/月，",fc1129ab094b6b5528a862e0,77,,PENDING,,PENDING,,PENDING,0.50,ORANGE,STAGE_TABLELIKE_EXPANSION_REVIEW,VRN_1D1_REPORTTEXT_TABLELIKE_EXPANSION,C:\Users\tonyk\OneDrive\VeritasIntelligenceAnalytics\module\VRN\output\_route_lock_runs\RUN_20260525_195119_VRN_GO_M01_60PDF_FULL_V120\full_input_60pdf\20260519兆豐個股報告-望隼(4771).pdf,2026-06-15T16:25:25.761739,817c2aea0184ff6766005a68affd5f8294929afd
33280450a5af073c2547,dc367a89b6fb,4771,,兆豐,2026-05-19,2026Q1,2026,Q1,IS,eps,EPS,26.0,26,%,TWD,,1," 
評等分級：買進（預期未來六個月股價漲輻超過+30%）; 逢低買進（預期未來六個月股價漲輻介於+15%與+30%之間）; 區間操
作（預期未來六個月股價漲跌輻介於-15%與+15%之間）; 逢高賣出（預期未來六個月股價跌輻介於-15%與-30%之間）；賣出（預
期未來六個月股價跌輻超過-30%）。 
本刊所刊載之內容僅做為參考，惟已力求正確與完整，但因時間及市場客觀因素改變所造成產業、市場或個股之相關條件改變，投資人需自行考量
投資之需求與風險，本公司恕不負擔任何法律責任。任何轉載或引用本報告內容必須經本公司同意。 
 
- 1 - 
個股報告 
 望隼(4771) 
2026 年營收及獲利持續成長 
投資評等 
目標價 
逢低買進 
$238 
前次投資建議2026.03.25： 
「逢低買進」，目標價：$233 
 
 
報告日期：2026.05.19 
研 究 員：鄭師安 
 
摘 要 及 調 整 原 因 
➢ 受惠中國市場訂單回籠及日本市場新產品陸續出貨，2026 年營收及獲利可望續創歷史新高，
投資評等維持「逢低買進」，6 個月目標價238 元(15X 26(F)PER)，潛在上漲空間28%。 
 
基本資料 
結論與建議 
2026/05/18 
收盤價： 
186.5 ➢ 公司26Q1 營收10.31 億元，YoY+27.2%，毛利率40.99%，
稅後淨利2.15 億元，YoY+11.4%，EPS 3.66 元，獲利略
低於預期。25H2 中國及日本需求開始增加，中國市場需求
特別強勁，許多中國客戶在雙11 之後仍來洽詢訂單。 
➢ 公司認為今年營收季季高，雖然價格競爭持續，但有收斂
的跡象，相關壓力輕很多，全年毛利率目標41%。2026
年1~4 月日本營收衰退的原因是去年同期日本客戶有新品
大量出貨，加上有些訂單遞延到26Q2 出，中國彩片需求
非常暢旺，剛性需求明顯上來。矽水膠26Q1 才取證，公
司看好逐季的營收貢獻。 
➢ 日本市場對矽水膠產品的需求持續成長，今年持續推矽水
膠日彩，預計26H2 營收比重2~5%，矽水膠客單價比較
高，所以先打日本市場，中國市場目前還是以水膠為主，
公司不希望矽水膠產品以低價搶市。 
➢ 目前兩岸月產能共5,905 萬片，產能滿載中。新產能部分，
今年積極建置新產線，26Q3 會擴到6,920 萬片/月，",fc1129ab094b6b5528a862e0,78,,PENDING,,PENDING,,PENDING,0.50,ORANGE,STAGE_TABLELIKE_EXPANSION_REVIEW,VRN_1D1_REPORTTEXT_TABLELIKE_EXPANSION,C:\Users\tonyk\OneDrive\VeritasIntelligenceAnalytics\module\VRN\output\_route_lock_runs\RUN_20260525_195119_VRN_GO_M01_60PDF_FULL_V120\full_input_60pdf\20260519兆豐個股報告-望隼(4771).pdf,2026-06-15T16:25:25.761749,7948a3ebab85d1719a38ecbb8ba02b17b69772b4
33280450a5af073c2547,dc367a89b6fb,4771,,兆豐,2026-05-19,2026Q1,2026,Q1,IS,eps,EPS,4.0,04,%,TWD,,1," 
評等分級：買進（預期未來六個月股價漲輻超過+30%）; 逢低買進（預期未來六個月股價漲輻介於+15%與+30%之間）; 區間操
作（預期未來六個月股價漲跌輻介於-15%與+15%之間）; 逢高賣出（預期未來六個月股價跌輻介於-15%與-30%之間）；賣出（預
期未來六個月股價跌輻超過-30%）。 
本刊所刊載之內容僅做為參考，惟已力求正確與完整，但因時間及市場客觀因素改變所造成產業、市場或個股之相關條件改變，投資人需自行考量
投資之需求與風險，本公司恕不負擔任何法律責任。任何轉載或引用本報告內容必須經本公司同意。 
 
- 1 - 
個股報告 
 望隼(4771) 
2026 年營收及獲利持續成長 
投資評等 
目標價 
逢低買進 
$238 
前次投資建議2026.03.25： 
「逢低買進」，目標價：$233 
 
 
報告日期：2026.05.19 
研 究 員：鄭師安 
 
摘 要 及 調 整 原 因 
➢ 受惠中國市場訂單回籠及日本市場新產品陸續出貨，2026 年營收及獲利可望續創歷史新高，
投資評等維持「逢低買進」，6 個月目標價238 元(15X 26(F)PER)，潛在上漲空間28%。 
 
基本資料 
結論與建議 
2026/05/18 
收盤價： 
186.5 ➢ 公司26Q1 營收10.31 億元，YoY+27.2%，毛利率40.99%，
稅後淨利2.15 億元，YoY+11.4%，EPS 3.66 元，獲利略
低於預期。25H2 中國及日本需求開始增加，中國市場需求
特別強勁，許多中國客戶在雙11 之後仍來洽詢訂單。 
➢ 公司認為今年營收季季高，雖然價格競爭持續，但有收斂
的跡象，相關壓力輕很多，全年毛利率目標41%。2026
年1~4 月日本營收衰退的原因是去年同期日本客戶有新品
大量出貨，加上有些訂單遞延到26Q2 出，中國彩片需求
非常暢旺，剛性需求明顯上來。矽水膠26Q1 才取證，公
司看好逐季的營收貢獻。 
➢ 日本市場對矽水膠產品的需求持續成長，今年持續推矽水
膠日彩，預計26H2 營收比重2~5%，矽水膠客單價比較
高，所以先打日本市場，中國市場目前還是以水膠為主，
公司不希望矽水膠產品以低價搶市。 
➢ 目前兩岸月產能共5,905 萬片，產能滿載中。新產能部分，
今年積極建置新產線，26Q3 會擴到6,920 萬片/月，",fc1129ab094b6b5528a862e0,79,,PENDING,,PENDING,,PENDING,0.50,ORANGE,STAGE_TABLELIKE_EXPANSION_REVIEW,VRN_1D1_REPORTTEXT_TABLELIKE_EXPANSION,C:\Users\tonyk\OneDrive\VeritasIntelligenceAnalytics\module\VRN\output\_route_lock_runs\RUN_20260525_195119_VRN_GO_M01_60PDF_FULL_V120\full_input_60pdf\20260519兆豐個股報告-望隼(4771).pdf,2026-06-15T16:25:25.761759,bc2e08fcc07b264ad08d294fe2d55676ea2ed0ac
33280450a5af073c2547,dc367a89b6fb,4771,,兆豐,2026-05-19,2024,2024,,IS,operating_income,營業利益,30.0,+30%,%,TWD,,2," 
評等分級：買進（預期未來六個月股價漲輻超過+30%）; 逢低買進（預期未來六個月股價漲輻介於+15%與+30%之間）; 區間操
作（預期未來六個月股價漲跌輻介於-15%與+15%之間）; 逢高賣出（預期未來六個月股價跌輻介於-15%與-30%之間）；賣出（預
期未來六個月股價跌輻超過-30%）。 
本刊所刊載之內容僅做為參考，惟已力求正確與完整，但因時間及市場客觀因素改變所造成產業、市場或個股之相關條件改變，投資人需自行考量
投資之需求與風險，本公司恕不負擔任何法律責任。任何轉載或引用本報告內容必須經本公司同意。 
 
- 2 - 
個股報告 
簡 要 財 務 預 估 資 訊 
會計 
年度 
營收 
營業利益 
稅後純益 
每股盈餘 
每股現金 
股利(元) 
ROE 
(%) 
PER 
(X) 
PBR 
(X) 
(億元) YoY(%) (億元) YoY(%) 
(億元) YoY(%) 
(元) 
YoY(%) 
2024 
30.0
16.7 
8.9
6.7
6.7 
19.1
11.81 
9.7
3.2
25.2
14.6 
2.5 
2025 
34.9
16.2 
10.1
13.3
7.4 
10.6
12.71 
7.6
5.5
19.7
13.7 
2.3 
2026(F) 
44.5
27.7 
12.9
28.2
9.3 
26.1
15.91 
25.1
7.0
19.6
11.6 
2.1 
資料來源：CMoney；兆豐國際預估 
 
營 運 分 析 
公司為台灣唯一設廠於中國之隱形眼鏡製造商 
望隼主要從事軟式拋棄型隱形眼鏡之研發、製造及銷售，所有產品均為自行
研發，並致力於國內外隱形眼鏡委外代工業務，產品銷售遍布日本、中國、
美國及台灣等地，目前已開發多種不同含水量、圖紋及功能之隱形眼鏡，依
使用週期，可區分為日、雙週及月拋，依鏡片功能，則區分為濾藍光、近視
矯正、散光、多焦及改變虹膜顏色之美瞳鏡片，銷售對象以隱形眼鏡品牌廠
商為主。 
 
公司美瞳片於2014 年開始出日本，Sincere 是首家客戶；2015 年透片開始
出中國，2019 年視准取證並開啟在地供應中國市場；2020 年濾藍光鏡片開
始出日本；2021 年運動鏡片開始出美國；2022 年底矽水膠產品正式於台灣
開賣。 
 
望隼廠房分別為竹南總部、二廠及江",45682d2d8abd46f5feccb501,1,,PENDING,,PENDING,,PENDING,0.50,ORANGE,STAGE_TABLELIKE_EXPANSION_REVIEW,VRN_1D1_REPORTTEXT_TABLELIKE_EXPANSION,C:\Users\tonyk\OneDrive\VeritasIntelligenceAnalytics\module\VRN\output\_route_lock_runs\RUN_20260525_195119_VRN_GO_M01_60PDF_FULL_V120\full_input_60pdf\20260519兆豐個股報告-望隼(4771).pdf,2026-06-15T16:25:25.763299,57693ca0fde15346d2160c847b49cef459533756
33280450a5af073c2547,dc367a89b6fb,4771,,兆豐,2026-05-19,2024,2024,,IS,operating_income,營業利益,15.0,+15%,%,TWD,,2," 
評等分級：買進（預期未來六個月股價漲輻超過+30%）; 逢低買進（預期未來六個月股價漲輻介於+15%與+30%之間）; 區間操
作（預期未來六個月股價漲跌輻介於-15%與+15%之間）; 逢高賣出（預期未來六個月股價跌輻介於-15%與-30%之間）；賣出（預
期未來六個月股價跌輻超過-30%）。 
本刊所刊載之內容僅做為參考，惟已力求正確與完整，但因時間及市場客觀因素改變所造成產業、市場或個股之相關條件改變，投資人需自行考量
投資之需求與風險，本公司恕不負擔任何法律責任。任何轉載或引用本報告內容必須經本公司同意。 
 
- 2 - 
個股報告 
簡 要 財 務 預 估 資 訊 
會計 
年度 
營收 
營業利益 
稅後純益 
每股盈餘 
每股現金 
股利(元) 
ROE 
(%) 
PER 
(X) 
PBR 
(X) 
(億元) YoY(%) (億元) YoY(%) 
(億元) YoY(%) 
(元) 
YoY(%) 
2024 
30.0
16.7 
8.9
6.7
6.7 
19.1
11.81 
9.7
3.2
25.2
14.6 
2.5 
2025 
34.9
16.2 
10.1
13.3
7.4 
10.6
12.71 
7.6
5.5
19.7
13.7 
2.3 
2026(F) 
44.5
27.7 
12.9
28.2
9.3 
26.1
15.91 
25.1
7.0
19.6
11.6 
2.1 
資料來源：CMoney；兆豐國際預估 
 
營 運 分 析 
公司為台灣唯一設廠於中國之隱形眼鏡製造商 
望隼主要從事軟式拋棄型隱形眼鏡之研發、製造及銷售，所有產品均為自行
研發，並致力於國內外隱形眼鏡委外代工業務，產品銷售遍布日本、中國、
美國及台灣等地，目前已開發多種不同含水量、圖紋及功能之隱形眼鏡，依
使用週期，可區分為日、雙週及月拋，依鏡片功能，則區分為濾藍光、近視
矯正、散光、多焦及改變虹膜顏色之美瞳鏡片，銷售對象以隱形眼鏡品牌廠
商為主。 
 
公司美瞳片於2014 年開始出日本，Sincere 是首家客戶；2015 年透片開始
出中國，2019 年視准取證並開啟在地供應中國市場；2020 年濾藍光鏡片開
始出日本；2021 年運動鏡片開始出美國；2022 年底矽水膠產品正式於台灣
開賣。 
 
望隼廠房分別為竹南總部、二廠及江",45682d2d8abd46f5feccb501,2,,PENDING,,PENDING,,PENDING,0.50,ORANGE,STAGE_TABLELIKE_EXPANSION_REVIEW,VRN_1D1_REPORTTEXT_TABLELIKE_EXPANSION,C:\Users\tonyk\OneDrive\VeritasIntelligenceAnalytics\module\VRN\output\_route_lock_runs\RUN_20260525_195119_VRN_GO_M01_60PDF_FULL_V120\full_input_60pdf\20260519兆豐個股報告-望隼(4771).pdf,2026-06-15T16:25:25.763318,287d68ea6f14465b410a286983a166d8f6d90c41
33280450a5af073c2547,dc367a89b6fb,4771,,兆豐,2026-05-19,2024,2024,,IS,operating_income,營業利益,30.0,+30%,%,TWD,,2," 
評等分級：買進（預期未來六個月股價漲輻超過+30%）; 逢低買進（預期未來六個月股價漲輻介於+15%與+30%之間）; 區間操
作（預期未來六個月股價漲跌輻介於-15%與+15%之間）; 逢高賣出（預期未來六個月股價跌輻介於-15%與-30%之間）；賣出（預
期未來六個月股價跌輻超過-30%）。 
本刊所刊載之內容僅做為參考，惟已力求正確與完整，但因時間及市場客觀因素改變所造成產業、市場或個股之相關條件改變，投資人需自行考量
投資之需求與風險，本公司恕不負擔任何法律責任。任何轉載或引用本報告內容必須經本公司同意。 
 
- 2 - 
個股報告 
簡 要 財 務 預 估 資 訊 
會計 
年度 
營收 
營業利益 
稅後純益 
每股盈餘 
每股現金 
股利(元) 
ROE 
(%) 
PER 
(X) 
PBR 
(X) 
(億元) YoY(%) (億元) YoY(%) 
(億元) YoY(%) 
(元) 
YoY(%) 
2024 
30.0
16.7 
8.9
6.7
6.7 
19.1
11.81 
9.7
3.2
25.2
14.6 
2.5 
2025 
34.9
16.2 
10.1
13.3
7.4 
10.6
12.71 
7.6
5.5
19.7
13.7 
2.3 
2026(F) 
44.5
27.7 
12.9
28.2
9.3 
26.1
15.91 
25.1
7.0
19.6
11.6 
2.1 
資料來源：CMoney；兆豐國際預估 
 
營 運 分 析 
公司為台灣唯一設廠於中國之隱形眼鏡製造商 
望隼主要從事軟式拋棄型隱形眼鏡之研發、製造及銷售，所有產品均為自行
研發，並致力於國內外隱形眼鏡委外代工業務，產品銷售遍布日本、中國、
美國及台灣等地，目前已開發多種不同含水量、圖紋及功能之隱形眼鏡，依
使用週期，可區分為日、雙週及月拋，依鏡片功能，則區分為濾藍光、近視
矯正、散光、多焦及改變虹膜顏色之美瞳鏡片，銷售對象以隱形眼鏡品牌廠
商為主。 
 
公司美瞳片於2014 年開始出日本，Sincere 是首家客戶；2015 年透片開始
出中國，2019 年視准取證並開啟在地供應中國市場；2020 年濾藍光鏡片開
始出日本；2021 年運動鏡片開始出美國；2022 年底矽水膠產品正式於台灣
開賣。 
 
望隼廠房分別為竹南總部、二廠及江",45682d2d8abd46f5feccb501,3,,PENDING,,PENDING,,PENDING,0.50,ORANGE,STAGE_TABLELIKE_EXPANSION_REVIEW,VRN_1D1_REPORTTEXT_TABLELIKE_EXPANSION,C:\Users\tonyk\OneDrive\VeritasIntelligenceAnalytics\module\VRN\output\_route_lock_runs\RUN_20260525_195119_VRN_GO_M01_60PDF_FULL_V120\full_input_60pdf\20260519兆豐個股報告-望隼(4771).pdf,2026-06-15T16:25:25.763328,01a53ac77490bf14c93002d55459b470d84b39de
33280450a5af073c2547,dc367a89b6fb,4771,,兆豐,2026-05-19,2024,2024,,IS,operating_income,營業利益,-15.0,-15%,%,TWD,,2," 
評等分級：買進（預期未來六個月股價漲輻超過+30%）; 逢低買進（預期未來六個月股價漲輻介於+15%與+30%之間）; 區間操
作（預期未來六個月股價漲跌輻介於-15%與+15%之間）; 逢高賣出（預期未來六個月股價跌輻介於-15%與-30%之間）；賣出（預
期未來六個月股價跌輻超過-30%）。 
本刊所刊載之內容僅做為參考，惟已力求正確與完整，但因時間及市場客觀因素改變所造成產業、市場或個股之相關條件改變，投資人需自行考量
投資之需求與風險，本公司恕不負擔任何法律責任。任何轉載或引用本報告內容必須經本公司同意。 
 
- 2 - 
個股報告 
簡 要 財 務 預 估 資 訊 
會計 
年度 
營收 
營業利益 
稅後純益 
每股盈餘 
每股現金 
股利(元) 
ROE 
(%) 
PER 
(X) 
PBR 
(X) 
(億元) YoY(%) (億元) YoY(%) 
(億元) YoY(%) 
(元) 
YoY(%) 
2024 
30.0
16.7 
8.9
6.7
6.7 
19.1
11.81 
9.7
3.2
25.2
14.6 
2.5 
2025 
34.9
16.2 
10.1
13.3
7.4 
10.6
12.71 
7.6
5.5
19.7
13.7 
2.3 
2026(F) 
44.5
27.7 
12.9
28.2
9.3 
26.1
15.91 
25.1
7.0
19.6
11.6 
2.1 
資料來源：CMoney；兆豐國際預估 
 
營 運 分 析 
公司為台灣唯一設廠於中國之隱形眼鏡製造商 
望隼主要從事軟式拋棄型隱形眼鏡之研發、製造及銷售，所有產品均為自行
研發，並致力於國內外隱形眼鏡委外代工業務，產品銷售遍布日本、中國、
美國及台灣等地，目前已開發多種不同含水量、圖紋及功能之隱形眼鏡，依
使用週期，可區分為日、雙週及月拋，依鏡片功能，則區分為濾藍光、近視
矯正、散光、多焦及改變虹膜顏色之美瞳鏡片，銷售對象以隱形眼鏡品牌廠
商為主。 
 
公司美瞳片於2014 年開始出日本，Sincere 是首家客戶；2015 年透片開始
出中國，2019 年視准取證並開啟在地供應中國市場；2020 年濾藍光鏡片開
始出日本；2021 年運動鏡片開始出美國；2022 年底矽水膠產品正式於台灣
開賣。 
 
望隼廠房分別為竹南總部、二廠及江",45682d2d8abd46f5feccb501,4,,PENDING,,PENDING,,PENDING,0.50,ORANGE,STAGE_TABLELIKE_EXPANSION_REVIEW,VRN_1D1_REPORTTEXT_TABLELIKE_EXPANSION,C:\Users\tonyk\OneDrive\VeritasIntelligenceAnalytics\module\VRN\output\_route_lock_runs\RUN_20260525_195119_VRN_GO_M01_60PDF_FULL_V120\full_input_60pdf\20260519兆豐個股報告-望隼(4771).pdf,2026-06-15T16:25:25.763338,a08abc0e9b3242fbd30a3151b2a883246d89ce69
33280450a5af073c2547,dc367a89b6fb,4771,,兆豐,2026-05-19,2024,2024,,IS,operating_income,營業利益,15.0,+15%,%,TWD,,2," 
評等分級：買進（預期未來六個月股價漲輻超過+30%）; 逢低買進（預期未來六個月股價漲輻介於+15%與+30%之間）; 區間操
作（預期未來六個月股價漲跌輻介於-15%與+15%之間）; 逢高賣出（預期未來六個月股價跌輻介於-15%與-30%之間）；賣出（預
期未來六個月股價跌輻超過-30%）。 
本刊所刊載之內容僅做為參考，惟已力求正確與完整，但因時間及市場客觀因素改變所造成產業、市場或個股之相關條件改變，投資人需自行考量
投資之需求與風險，本公司恕不負擔任何法律責任。任何轉載或引用本報告內容必須經本公司同意。 
 
- 2 - 
個股報告 
簡 要 財 務 預 估 資 訊 
會計 
年度 
營收 
營業利益 
稅後純益 
每股盈餘 
每股現金 
股利(元) 
ROE 
(%) 
PER 
(X) 
PBR 
(X) 
(億元) YoY(%) (億元) YoY(%) 
(億元) YoY(%) 
(元) 
YoY(%) 
2024 
30.0
16.7 
8.9
6.7
6.7 
19.1
11.81 
9.7
3.2
25.2
14.6 
2.5 
2025 
34.9
16.2 
10.1
13.3
7.4 
10.6
12.71 
7.6
5.5
19.7
13.7 
2.3 
2026(F) 
44.5
27.7 
12.9
28.2
9.3 
26.1
15.91 
25.1
7.0
19.6
11.6 
2.1 
資料來源：CMoney；兆豐國際預估 
 
營 運 分 析 
公司為台灣唯一設廠於中國之隱形眼鏡製造商 
望隼主要從事軟式拋棄型隱形眼鏡之研發、製造及銷售，所有產品均為自行
研發，並致力於國內外隱形眼鏡委外代工業務，產品銷售遍布日本、中國、
美國及台灣等地，目前已開發多種不同含水量、圖紋及功能之隱形眼鏡，依
使用週期，可區分為日、雙週及月拋，依鏡片功能，則區分為濾藍光、近視
矯正、散光、多焦及改變虹膜顏色之美瞳鏡片，銷售對象以隱形眼鏡品牌廠
商為主。 
 
公司美瞳片於2014 年開始出日本，Sincere 是首家客戶；2015 年透片開始
出中國，2019 年視准取證並開啟在地供應中國市場；2020 年濾藍光鏡片開
始出日本；2021 年運動鏡片開始出美國；2022 年底矽水膠產品正式於台灣
開賣。 
 
望隼廠房分別為竹南總部、二廠及江",45682d2d8abd46f5feccb501,5,,PENDING,,PENDING,,PENDING,0.50,ORANGE,STAGE_TABLELIKE_EXPANSION_REVIEW,VRN_1D1_REPORTTEXT_TABLELIKE_EXPANSION,C:\Users\tonyk\OneDrive\VeritasIntelligenceAnalytics\module\VRN\output\_route_lock_runs\RUN_20260525_195119_VRN_GO_M01_60PDF_FULL_V120\full_input_60pdf\20260519兆豐個股報告-望隼(4771).pdf,2026-06-15T16:25:25.763348,0d83715441b8b1a6d112c9074aefdfb147c66cdf
33280450a5af073c2547,dc367a89b6fb,4771,,兆豐,2026-05-19,2024,2024,,IS,operating_income,營業利益,-15.0,-15%,%,TWD,,2," 
評等分級：買進（預期未來六個月股價漲輻超過+30%）; 逢低買進（預期未來六個月股價漲輻介於+15%與+30%之間）; 區間操
作（預期未來六個月股價漲跌輻介於-15%與+15%之間）; 逢高賣出（預期未來六個月股價跌輻介於-15%與-30%之間）；賣出（預
期未來六個月股價跌輻超過-30%）。 
本刊所刊載之內容僅做為參考，惟已力求正確與完整，但因時間及市場客觀因素改變所造成產業、市場或個股之相關條件改變，投資人需自行考量
投資之需求與風險，本公司恕不負擔任何法律責任。任何轉載或引用本報告內容必須經本公司同意。 
 
- 2 - 
個股報告 
簡 要 財 務 預 估 資 訊 
會計 
年度 
營收 
營業利益 
稅後純益 
每股盈餘 
每股現金 
股利(元) 
ROE 
(%) 
PER 
(X) 
PBR 
(X) 
(億元) YoY(%) (億元) YoY(%) 
(億元) YoY(%) 
(元) 
YoY(%) 
2024 
30.0
16.7 
8.9
6.7
6.7 
19.1
11.81 
9.7
3.2
25.2
14.6 
2.5 
2025 
34.9
16.2 
10.1
13.3
7.4 
10.6
12.71 
7.6
5.5
19.7
13.7 
2.3 
2026(F) 
44.5
27.7 
12.9
28.2
9.3 
26.1
15.91 
25.1
7.0
19.6
11.6 
2.1 
資料來源：CMoney；兆豐國際預估 
 
營 運 分 析 
公司為台灣唯一設廠於中國之隱形眼鏡製造商 
望隼主要從事軟式拋棄型隱形眼鏡之研發、製造及銷售，所有產品均為自行
研發，並致力於國內外隱形眼鏡委外代工業務，產品銷售遍布日本、中國、
美國及台灣等地，目前已開發多種不同含水量、圖紋及功能之隱形眼鏡，依
使用週期，可區分為日、雙週及月拋，依鏡片功能，則區分為濾藍光、近視
矯正、散光、多焦及改變虹膜顏色之美瞳鏡片，銷售對象以隱形眼鏡品牌廠
商為主。 
 
公司美瞳片於2014 年開始出日本，Sincere 是首家客戶；2015 年透片開始
出中國，2019 年視准取證並開啟在地供應中國市場；2020 年濾藍光鏡片開
始出日本；2021 年運動鏡片開始出美國；2022 年底矽水膠產品正式於台灣
開賣。 
 
望隼廠房分別為竹南總部、二廠及江",45682d2d8abd46f5feccb501,6,,PENDING,,PENDING,,PENDING,0.50,ORANGE,STAGE_TABLELIKE_EXPANSION_REVIEW,VRN_1D1_REPORTTEXT_TABLELIKE_EXPANSION,C:\Users\tonyk\OneDrive\VeritasIntelligenceAnalytics\module\VRN\output\_route_lock_runs\RUN_20260525_195119_VRN_GO_M01_60PDF_FULL_V120\full_input_60pdf\20260519兆豐個股報告-望隼(4771).pdf,2026-06-15T16:25:25.763357,9e27b57898df98c43a6068f510d063d83598d117
33280450a5af073c2547,dc367a89b6fb,4771,,兆豐,2026-05-19,2024,2024,,IS,operating_income,營業利益,-30.0,-30%,%,TWD,,2," 
評等分級：買進（預期未來六個月股價漲輻超過+30%）; 逢低買進（預期未來六個月股價漲輻介於+15%與+30%之間）; 區間操
作（預期未來六個月股價漲跌輻介於-15%與+15%之間）; 逢高賣出（預期未來六個月股價跌輻介於-15%與-30%之間）；賣出（預
期未來六個月股價跌輻超過-30%）。 
本刊所刊載之內容僅做為參考，惟已力求正確與完整，但因時間及市場客觀因素改變所造成產業、市場或個股之相關條件改變，投資人需自行考量
投資之需求與風險，本公司恕不負擔任何法律責任。任何轉載或引用本報告內容必須經本公司同意。 
 
- 2 - 
個股報告 
簡 要 財 務 預 估 資 訊 
會計 
年度 
營收 
營業利益 
稅後純益 
每股盈餘 
每股現金 
股利(元) 
ROE 
(%) 
PER 
(X) 
PBR 
(X) 
(億元) YoY(%) (億元) YoY(%) 
(億元) YoY(%) 
(元) 
YoY(%) 
2024 
30.0
16.7 
8.9
6.7
6.7 
19.1
11.81 
9.7
3.2
25.2
14.6 
2.5 
2025 
34.9
16.2 
10.1
13.3
7.4 
10.6
12.71 
7.6
5.5
19.7
13.7 
2.3 
2026(F) 
44.5
27.7 
12.9
28.2
9.3 
26.1
15.91 
25.1
7.0
19.6
11.6 
2.1 
資料來源：CMoney；兆豐國際預估 
 
營 運 分 析 
公司為台灣唯一設廠於中國之隱形眼鏡製造商 
望隼主要從事軟式拋棄型隱形眼鏡之研發、製造及銷售，所有產品均為自行
研發，並致力於國內外隱形眼鏡委外代工業務，產品銷售遍布日本、中國、
美國及台灣等地，目前已開發多種不同含水量、圖紋及功能之隱形眼鏡，依
使用週期，可區分為日、雙週及月拋，依鏡片功能，則區分為濾藍光、近視
矯正、散光、多焦及改變虹膜顏色之美瞳鏡片，銷售對象以隱形眼鏡品牌廠
商為主。 
 
公司美瞳片於2014 年開始出日本，Sincere 是首家客戶；2015 年透片開始
出中國，2019 年視准取證並開啟在地供應中國市場；2020 年濾藍光鏡片開
始出日本；2021 年運動鏡片開始出美國；2022 年底矽水膠產品正式於台灣
開賣。 
 
望隼廠房分別為竹南總部、二廠及江",45682d2d8abd46f5feccb501,7,,PENDING,,PENDING,,PENDING,0.50,ORANGE,STAGE_TABLELIKE_EXPANSION_REVIEW,VRN_1D1_REPORTTEXT_TABLELIKE_EXPANSION,C:\Users\tonyk\OneDrive\VeritasIntelligenceAnalytics\module\VRN\output\_route_lock_runs\RUN_20260525_195119_VRN_GO_M01_60PDF_FULL_V120\full_input_60pdf\20260519兆豐個股報告-望隼(4771).pdf,2026-06-15T16:25:25.763367,34de36eb6ee81cb63423f15890832d01181702fd
33280450a5af073c2547,dc367a89b6fb,4771,,兆豐,2026-05-19,2024,2024,,IS,operating_income,營業利益,-30.0,-30%,%,TWD,,2," 
評等分級：買進（預期未來六個月股價漲輻超過+30%）; 逢低買進（預期未來六個月股價漲輻介於+15%與+30%之間）; 區間操
作（預期未來六個月股價漲跌輻介於-15%與+15%之間）; 逢高賣出（預期未來六個月股價跌輻介於-15%與-30%之間）；賣出（預
期未來六個月股價跌輻超過-30%）。 
本刊所刊載之內容僅做為參考，惟已力求正確與完整，但因時間及市場客觀因素改變所造成產業、市場或個股之相關條件改變，投資人需自行考量
投資之需求與風險，本公司恕不負擔任何法律責任。任何轉載或引用本報告內容必須經本公司同意。 
 
- 2 - 
個股報告 
簡 要 財 務 預 估 資 訊 
會計 
年度 
營收 
營業利益 
稅後純益 
每股盈餘 
每股現金 
股利(元) 
ROE 
(%) 
PER 
(X) 
PBR 
(X) 
(億元) YoY(%) (億元) YoY(%) 
(億元) YoY(%) 
(元) 
YoY(%) 
2024 
30.0
16.7 
8.9
6.7
6.7 
19.1
11.81 
9.7
3.2
25.2
14.6 
2.5 
2025 
34.9
16.2 
10.1
13.3
7.4 
10.6
12.71 
7.6
5.5
19.7
13.7 
2.3 
2026(F) 
44.5
27.7 
12.9
28.2
9.3 
26.1
15.91 
25.1
7.0
19.6
11.6 
2.1 
資料來源：CMoney；兆豐國際預估 
 
營 運 分 析 
公司為台灣唯一設廠於中國之隱形眼鏡製造商 
望隼主要從事軟式拋棄型隱形眼鏡之研發、製造及銷售，所有產品均為自行
研發，並致力於國內外隱形眼鏡委外代工業務，產品銷售遍布日本、中國、
美國及台灣等地，目前已開發多種不同含水量、圖紋及功能之隱形眼鏡，依
使用週期，可區分為日、雙週及月拋，依鏡片功能，則區分為濾藍光、近視
矯正、散光、多焦及改變虹膜顏色之美瞳鏡片，銷售對象以隱形眼鏡品牌廠
商為主。 
 
公司美瞳片於2014 年開始出日本，Sincere 是首家客戶；2015 年透片開始
出中國，2019 年視准取證並開啟在地供應中國市場；2020 年濾藍光鏡片開
始出日本；2021 年運動鏡片開始出美國；2022 年底矽水膠產品正式於台灣
開賣。 
 
望隼廠房分別為竹南總部、二廠及江",45682d2d8abd46f5feccb501,8,,PENDING,,PENDING,,PENDING,0.50,ORANGE,STAGE_TABLELIKE_EXPANSION_REVIEW,VRN_1D1_REPORTTEXT_TABLELIKE_EXPANSION,C:\Users\tonyk\OneDrive\VeritasIntelligenceAnalytics\module\VRN\output\_route_lock_runs\RUN_20260525_195119_VRN_GO_M01_60PDF_FULL_V120\full_input_60pdf\20260519兆豐個股報告-望隼(4771).pdf,2026-06-15T16:25:25.763377,113873cffd01307939290949ace80a7ca0674d0e
33280450a5af073c2547,dc367a89b6fb,4771,,兆豐,2026-05-19,2024,2024,,IS,operating_income,營業利益,2.0,2,%,TWD,,2," 
評等分級：買進（預期未來六個月股價漲輻超過+30%）; 逢低買進（預期未來六個月股價漲輻介於+15%與+30%之間）; 區間操
作（預期未來六個月股價漲跌輻介於-15%與+15%之間）; 逢高賣出（預期未來六個月股價跌輻介於-15%與-30%之間）；賣出（預
期未來六個月股價跌輻超過-30%）。 
本刊所刊載之內容僅做為參考，惟已力求正確與完整，但因時間及市場客觀因素改變所造成產業、市場或個股之相關條件改變，投資人需自行考量
投資之需求與風險，本公司恕不負擔任何法律責任。任何轉載或引用本報告內容必須經本公司同意。 
 
- 2 - 
個股報告 
簡 要 財 務 預 估 資 訊 
會計 
年度 
營收 
營業利益 
稅後純益 
每股盈餘 
每股現金 
股利(元) 
ROE 
(%) 
PER 
(X) 
PBR 
(X) 
(億元) YoY(%) (億元) YoY(%) 
(億元) YoY(%) 
(元) 
YoY(%) 
2024 
30.0
16.7 
8.9
6.7
6.7 
19.1
11.81 
9.7
3.2
25.2
14.6 
2.5 
2025 
34.9
16.2 
10.1
13.3
7.4 
10.6
12.71 
7.6
5.5
19.7
13.7 
2.3 
2026(F) 
44.5
27.7 
12.9
28.2
9.3 
26.1
15.91 
25.1
7.0
19.6
11.6 
2.1 
資料來源：CMoney；兆豐國際預估 
 
營 運 分 析 
公司為台灣唯一設廠於中國之隱形眼鏡製造商 
望隼主要從事軟式拋棄型隱形眼鏡之研發、製造及銷售，所有產品均為自行
研發，並致力於國內外隱形眼鏡委外代工業務，產品銷售遍布日本、中國、
美國及台灣等地，目前已開發多種不同含水量、圖紋及功能之隱形眼鏡，依
使用週期，可區分為日、雙週及月拋，依鏡片功能，則區分為濾藍光、近視
矯正、散光、多焦及改變虹膜顏色之美瞳鏡片，銷售對象以隱形眼鏡品牌廠
商為主。 
 
公司美瞳片於2014 年開始出日本，Sincere 是首家客戶；2015 年透片開始
出中國，2019 年視准取證並開啟在地供應中國市場；2020 年濾藍光鏡片開
始出日本；2021 年運動鏡片開始出美國；2022 年底矽水膠產品正式於台灣
開賣。 
 
望隼廠房分別為竹南總部、二廠及江",45682d2d8abd46f5feccb501,9,,PENDING,,PENDING,,PENDING,0.50,ORANGE,STAGE_TABLELIKE_EXPANSION_REVIEW,VRN_1D1_REPORTTEXT_TABLELIKE_EXPANSION,C:\Users\tonyk\OneDrive\VeritasIntelligenceAnalytics\module\VRN\output\_route_lock_runs\RUN_20260525_195119_VRN_GO_M01_60PDF_FULL_V120\full_input_60pdf\20260519兆豐個股報告-望隼(4771).pdf,2026-06-15T16:25:25.763386,ee9f3c35218d9cb726f09d54cd605a35d09053de
33280450a5af073c2547,dc367a89b6fb,4771,,兆豐,2026-05-19,2024,2024,,IS,operating_income,營業利益,30.0,30.0,%,TWD,,2," 
評等分級：買進（預期未來六個月股價漲輻超過+30%）; 逢低買進（預期未來六個月股價漲輻介於+15%與+30%之間）; 區間操
作（預期未來六個月股價漲跌輻介於-15%與+15%之間）; 逢高賣出（預期未來六個月股價跌輻介於-15%與-30%之間）；賣出（預
期未來六個月股價跌輻超過-30%）。 
本刊所刊載之內容僅做為參考，惟已力求正確與完整，但因時間及市場客觀因素改變所造成產業、市場或個股之相關條件改變，投資人需自行考量
投資之需求與風險，本公司恕不負擔任何法律責任。任何轉載或引用本報告內容必須經本公司同意。 
 
- 2 - 
個股報告 
簡 要 財 務 預 估 資 訊 
會計 
年度 
營收 
營業利益 
稅後純益 
每股盈餘 
每股現金 
股利(元) 
ROE 
(%) 
PER 
(X) 
PBR 
(X) 
(億元) YoY(%) (億元) YoY(%) 
(億元) YoY(%) 
(元) 
YoY(%) 
2024 
30.0
16.7 
8.9
6.7
6.7 
19.1
11.81 
9.7
3.2
25.2
14.6 
2.5 
2025 
34.9
16.2 
10.1
13.3
7.4 
10.6
12.71 
7.6
5.5
19.7
13.7 
2.3 
2026(F) 
44.5
27.7 
12.9
28.2
9.3 
26.1
15.91 
25.1
7.0
19.6
11.6 
2.1 
資料來源：CMoney；兆豐國際預估 
 
營 運 分 析 
公司為台灣唯一設廠於中國之隱形眼鏡製造商 
望隼主要從事軟式拋棄型隱形眼鏡之研發、製造及銷售，所有產品均為自行
研發，並致力於國內外隱形眼鏡委外代工業務，產品銷售遍布日本、中國、
美國及台灣等地，目前已開發多種不同含水量、圖紋及功能之隱形眼鏡，依
使用週期，可區分為日、雙週及月拋，依鏡片功能，則區分為濾藍光、近視
矯正、散光、多焦及改變虹膜顏色之美瞳鏡片，銷售對象以隱形眼鏡品牌廠
商為主。 
 
公司美瞳片於2014 年開始出日本，Sincere 是首家客戶；2015 年透片開始
出中國，2019 年視准取證並開啟在地供應中國市場；2020 年濾藍光鏡片開
始出日本；2021 年運動鏡片開始出美國；2022 年底矽水膠產品正式於台灣
開賣。 
 
望隼廠房分別為竹南總部、二廠及江",45682d2d8abd46f5feccb501,10,,PENDING,,PENDING,,PENDING,0.50,ORANGE,STAGE_TABLELIKE_EXPANSION_REVIEW,VRN_1D1_REPORTTEXT_TABLELIKE_EXPANSION,C:\Users\tonyk\OneDrive\VeritasIntelligenceAnalytics\module\VRN\output\_route_lock_runs\RUN_20260525_195119_VRN_GO_M01_60PDF_FULL_V120\full_input_60pdf\20260519兆豐個股報告-望隼(4771).pdf,2026-06-15T16:25:25.763396,2cb2e2bdf91538d6eedd502a3de1961c8d3ed7be
33280450a5af073c2547,dc367a89b6fb,4771,,兆豐,2026-05-19,2024,2024,,IS,operating_income,營業利益,16.7,16.7,%,TWD,,2," 
評等分級：買進（預期未來六個月股價漲輻超過+30%）; 逢低買進（預期未來六個月股價漲輻介於+15%與+30%之間）; 區間操
作（預期未來六個月股價漲跌輻介於-15%與+15%之間）; 逢高賣出（預期未來六個月股價跌輻介於-15%與-30%之間）；賣出（預
期未來六個月股價跌輻超過-30%）。 
本刊所刊載之內容僅做為參考，惟已力求正確與完整，但因時間及市場客觀因素改變所造成產業、市場或個股之相關條件改變，投資人需自行考量
投資之需求與風險，本公司恕不負擔任何法律責任。任何轉載或引用本報告內容必須經本公司同意。 
 
- 2 - 
個股報告 
簡 要 財 務 預 估 資 訊 
會計 
年度 
營收 
營業利益 
稅後純益 
每股盈餘 
每股現金 
股利(元) 
ROE 
(%) 
PER 
(X) 
PBR 
(X) 
(億元) YoY(%) (億元) YoY(%) 
(億元) YoY(%) 
(元) 
YoY(%) 
2024 
30.0
16.7 
8.9
6.7
6.7 
19.1
11.81 
9.7
3.2
25.2
14.6 
2.5 
2025 
34.9
16.2 
10.1
13.3
7.4 
10.6
12.71 
7.6
5.5
19.7
13.7 
2.3 
2026(F) 
44.5
27.7 
12.9
28.2
9.3 
26.1
15.91 
25.1
7.0
19.6
11.6 
2.1 
資料來源：CMoney；兆豐國際預估 
 
營 運 分 析 
公司為台灣唯一設廠於中國之隱形眼鏡製造商 
望隼主要從事軟式拋棄型隱形眼鏡之研發、製造及銷售，所有產品均為自行
研發，並致力於國內外隱形眼鏡委外代工業務，產品銷售遍布日本、中國、
美國及台灣等地，目前已開發多種不同含水量、圖紋及功能之隱形眼鏡，依
使用週期，可區分為日、雙週及月拋，依鏡片功能，則區分為濾藍光、近視
矯正、散光、多焦及改變虹膜顏色之美瞳鏡片，銷售對象以隱形眼鏡品牌廠
商為主。 
 
公司美瞳片於2014 年開始出日本，Sincere 是首家客戶；2015 年透片開始
出中國，2019 年視准取證並開啟在地供應中國市場；2020 年濾藍光鏡片開
始出日本；2021 年運動鏡片開始出美國；2022 年底矽水膠產品正式於台灣
開賣。 
 
望隼廠房分別為竹南總部、二廠及江",45682d2d8abd46f5feccb501,11,,PENDING,,PENDING,,PENDING,0.50,ORANGE,STAGE_TABLELIKE_EXPANSION_REVIEW,VRN_1D1_REPORTTEXT_TABLELIKE_EXPANSION,C:\Users\tonyk\OneDrive\VeritasIntelligenceAnalytics\module\VRN\output\_route_lock_runs\RUN_20260525_195119_VRN_GO_M01_60PDF_FULL_V120\full_input_60pdf\20260519兆豐個股報告-望隼(4771).pdf,2026-06-15T16:25:25.763406,45bb92e0195d66892b4f2bb8ca17deb0f3b45b85
33280450a5af073c2547,dc367a89b6fb,4771,,兆豐,2026-05-19,2024,2024,,IS,operating_income,營業利益,8.9,8.9,%,TWD,,2," 
評等分級：買進（預期未來六個月股價漲輻超過+30%）; 逢低買進（預期未來六個月股價漲輻介於+15%與+30%之間）; 區間操
作（預期未來六個月股價漲跌輻介於-15%與+15%之間）; 逢高賣出（預期未來六個月股價跌輻介於-15%與-30%之間）；賣出（預
期未來六個月股價跌輻超過-30%）。 
本刊所刊載之內容僅做為參考，惟已力求正確與完整，但因時間及市場客觀因素改變所造成產業、市場或個股之相關條件改變，投資人需自行考量
投資之需求與風險，本公司恕不負擔任何法律責任。任何轉載或引用本報告內容必須經本公司同意。 
 
- 2 - 
個股報告 
簡 要 財 務 預 估 資 訊 
會計 
年度 
營收 
營業利益 
稅後純益 
每股盈餘 
每股現金 
股利(元) 
ROE 
(%) 
PER 
(X) 
PBR 
(X) 
(億元) YoY(%) (億元) YoY(%) 
(億元) YoY(%) 
(元) 
YoY(%) 
2024 
30.0
16.7 
8.9
6.7
6.7 
19.1
11.81 
9.7
3.2
25.2
14.6 
2.5 
2025 
34.9
16.2 
10.1
13.3
7.4 
10.6
12.71 
7.6
5.5
19.7
13.7 
2.3 
2026(F) 
44.5
27.7 
12.9
28.2
9.3 
26.1
15.91 
25.1
7.0
19.6
11.6 
2.1 
資料來源：CMoney；兆豐國際預估 
 
營 運 分 析 
公司為台灣唯一設廠於中國之隱形眼鏡製造商 
望隼主要從事軟式拋棄型隱形眼鏡之研發、製造及銷售，所有產品均為自行
研發，並致力於國內外隱形眼鏡委外代工業務，產品銷售遍布日本、中國、
美國及台灣等地，目前已開發多種不同含水量、圖紋及功能之隱形眼鏡，依
使用週期，可區分為日、雙週及月拋，依鏡片功能，則區分為濾藍光、近視
矯正、散光、多焦及改變虹膜顏色之美瞳鏡片，銷售對象以隱形眼鏡品牌廠
商為主。 
 
公司美瞳片於2014 年開始出日本，Sincere 是首家客戶；2015 年透片開始
出中國，2019 年視准取證並開啟在地供應中國市場；2020 年濾藍光鏡片開
始出日本；2021 年運動鏡片開始出美國；2022 年底矽水膠產品正式於台灣
開賣。 
 
望隼廠房分別為竹南總部、二廠及江",45682d2d8abd46f5feccb501,12,,PENDING,,PENDING,,PENDING,0.50,ORANGE,STAGE_TABLELIKE_EXPANSION_REVIEW,VRN_1D1_REPORTTEXT_TABLELIKE_EXPANSION,C:\Users\tonyk\OneDrive\VeritasIntelligenceAnalytics\module\VRN\output\_route_lock_runs\RUN_20260525_195119_VRN_GO_M01_60PDF_FULL_V120\full_input_60pdf\20260519兆豐個股報告-望隼(4771).pdf,2026-06-15T16:25:25.763416,a70cdb6e8d387eae10b46bc8e836e33bbffd1039
33280450a5af073c2547,dc367a89b6fb,4771,,兆豐,2026-05-19,2024,2024,,IS,operating_income,營業利益,6.7,6.7,%,TWD,,2," 
評等分級：買進（預期未來六個月股價漲輻超過+30%）; 逢低買進（預期未來六個月股價漲輻介於+15%與+30%之間）; 區間操
作（預期未來六個月股價漲跌輻介於-15%與+15%之間）; 逢高賣出（預期未來六個月股價跌輻介於-15%與-30%之間）；賣出（預
期未來六個月股價跌輻超過-30%）。 
本刊所刊載之內容僅做為參考，惟已力求正確與完整，但因時間及市場客觀因素改變所造成產業、市場或個股之相關條件改變，投資人需自行考量
投資之需求與風險，本公司恕不負擔任何法律責任。任何轉載或引用本報告內容必須經本公司同意。 
 
- 2 - 
個股報告 
簡 要 財 務 預 估 資 訊 
會計 
年度 
營收 
營業利益 
稅後純益 
每股盈餘 
每股現金 
股利(元) 
ROE 
(%) 
PER 
(X) 
PBR 
(X) 
(億元) YoY(%) (億元) YoY(%) 
(億元) YoY(%) 
(元) 
YoY(%) 
2024 
30.0
16.7 
8.9
6.7
6.7 
19.1
11.81 
9.7
3.2
25.2
14.6 
2.5 
2025 
34.9
16.2 
10.1
13.3
7.4 
10.6
12.71 
7.6
5.5
19.7
13.7 
2.3 
2026(F) 
44.5
27.7 
12.9
28.2
9.3 
26.1
15.91 
25.1
7.0
19.6
11.6 
2.1 
資料來源：CMoney；兆豐國際預估 
 
營 運 分 析 
公司為台灣唯一設廠於中國之隱形眼鏡製造商 
望隼主要從事軟式拋棄型隱形眼鏡之研發、製造及銷售，所有產品均為自行
研發，並致力於國內外隱形眼鏡委外代工業務，產品銷售遍布日本、中國、
美國及台灣等地，目前已開發多種不同含水量、圖紋及功能之隱形眼鏡，依
使用週期，可區分為日、雙週及月拋，依鏡片功能，則區分為濾藍光、近視
矯正、散光、多焦及改變虹膜顏色之美瞳鏡片，銷售對象以隱形眼鏡品牌廠
商為主。 
 
公司美瞳片於2014 年開始出日本，Sincere 是首家客戶；2015 年透片開始
出中國，2019 年視准取證並開啟在地供應中國市場；2020 年濾藍光鏡片開
始出日本；2021 年運動鏡片開始出美國；2022 年底矽水膠產品正式於台灣
開賣。 
 
望隼廠房分別為竹南總部、二廠及江",45682d2d8abd46f5feccb501,13,,PENDING,,PENDING,,PENDING,0.50,ORANGE,STAGE_TABLELIKE_EXPANSION_REVIEW,VRN_1D1_REPORTTEXT_TABLELIKE_EXPANSION,C:\Users\tonyk\OneDrive\VeritasIntelligenceAnalytics\module\VRN\output\_route_lock_runs\RUN_20260525_195119_VRN_GO_M01_60PDF_FULL_V120\full_input_60pdf\20260519兆豐個股報告-望隼(4771).pdf,2026-06-15T16:25:25.763425,6c71471b7b75b85096cdc5937fe47b107ee60a3d
33280450a5af073c2547,dc367a89b6fb,4771,,兆豐,2026-05-19,2024,2024,,IS,operating_income,營業利益,6.7,6.7,%,TWD,,2," 
評等分級：買進（預期未來六個月股價漲輻超過+30%）; 逢低買進（預期未來六個月股價漲輻介於+15%與+30%之間）; 區間操
作（預期未來六個月股價漲跌輻介於-15%與+15%之間）; 逢高賣出（預期未來六個月股價跌輻介於-15%與-30%之間）；賣出（預
期未來六個月股價跌輻超過-30%）。 
本刊所刊載之內容僅做為參考，惟已力求正確與完整，但因時間及市場客觀因素改變所造成產業、市場或個股之相關條件改變，投資人需自行考量
投資之需求與風險，本公司恕不負擔任何法律責任。任何轉載或引用本報告內容必須經本公司同意。 
 
- 2 - 
個股報告 
簡 要 財 務 預 估 資 訊 
會計 
年度 
營收 
營業利益 
稅後純益 
每股盈餘 
每股現金 
股利(元) 
ROE 
(%) 
PER 
(X) 
PBR 
(X) 
(億元) YoY(%) (億元) YoY(%) 
(億元) YoY(%) 
(元) 
YoY(%) 
2024 
30.0
16.7 
8.9
6.7
6.7 
19.1
11.81 
9.7
3.2
25.2
14.6 
2.5 
2025 
34.9
16.2 
10.1
13.3
7.4 
10.6
12.71 
7.6
5.5
19.7
13.7 
2.3 
2026(F) 
44.5
27.7 
12.9
28.2
9.3 
26.1
15.91 
25.1
7.0
19.6
11.6 
2.1 
資料來源：CMoney；兆豐國際預估 
 
營 運 分 析 
公司為台灣唯一設廠於中國之隱形眼鏡製造商 
望隼主要從事軟式拋棄型隱形眼鏡之研發、製造及銷售，所有產品均為自行
研發，並致力於國內外隱形眼鏡委外代工業務，產品銷售遍布日本、中國、
美國及台灣等地，目前已開發多種不同含水量、圖紋及功能之隱形眼鏡，依
使用週期，可區分為日、雙週及月拋，依鏡片功能，則區分為濾藍光、近視
矯正、散光、多焦及改變虹膜顏色之美瞳鏡片，銷售對象以隱形眼鏡品牌廠
商為主。 
 
公司美瞳片於2014 年開始出日本，Sincere 是首家客戶；2015 年透片開始
出中國，2019 年視准取證並開啟在地供應中國市場；2020 年濾藍光鏡片開
始出日本；2021 年運動鏡片開始出美國；2022 年底矽水膠產品正式於台灣
開賣。 
 
望隼廠房分別為竹南總部、二廠及江",45682d2d8abd46f5feccb501,14,,PENDING,,PENDING,,PENDING,0.50,ORANGE,STAGE_TABLELIKE_EXPANSION_REVIEW,VRN_1D1_REPORTTEXT_TABLELIKE_EXPANSION,C:\Users\tonyk\OneDrive\VeritasIntelligenceAnalytics\module\VRN\output\_route_lock_runs\RUN_20260525_195119_VRN_GO_M01_60PDF_FULL_V120\full_input_60pdf\20260519兆豐個股報告-望隼(4771).pdf,2026-06-15T16:25:25.763435,7d9959857978ceafd52ef24b2cefaeaaa6bdf516
33280450a5af073c2547,dc367a89b6fb,4771,,兆豐,2026-05-19,2024,2024,,IS,operating_income,營業利益,19.1,19.1,%,TWD,,2," 
評等分級：買進（預期未來六個月股價漲輻超過+30%）; 逢低買進（預期未來六個月股價漲輻介於+15%與+30%之間）; 區間操
作（預期未來六個月股價漲跌輻介於-15%與+15%之間）; 逢高賣出（預期未來六個月股價跌輻介於-15%與-30%之間）；賣出（預
期未來六個月股價跌輻超過-30%）。 
本刊所刊載之內容僅做為參考，惟已力求正確與完整，但因時間及市場客觀因素改變所造成產業、市場或個股之相關條件改變，投資人需自行考量
投資之需求與風險，本公司恕不負擔任何法律責任。任何轉載或引用本報告內容必須經本公司同意。 
 
- 2 - 
個股報告 
簡 要 財 務 預 估 資 訊 
會計 
年度 
營收 
營業利益 
稅後純益 
每股盈餘 
每股現金 
股利(元) 
ROE 
(%) 
PER 
(X) 
PBR 
(X) 
(億元) YoY(%) (億元) YoY(%) 
(億元) YoY(%) 
(元) 
YoY(%) 
2024 
30.0
16.7 
8.9
6.7
6.7 
19.1
11.81 
9.7
3.2
25.2
14.6 
2.5 
2025 
34.9
16.2 
10.1
13.3
7.4 
10.6
12.71 
7.6
5.5
19.7
13.7 
2.3 
2026(F) 
44.5
27.7 
12.9
28.2
9.3 
26.1
15.91 
25.1
7.0
19.6
11.6 
2.1 
資料來源：CMoney；兆豐國際預估 
 
營 運 分 析 
公司為台灣唯一設廠於中國之隱形眼鏡製造商 
望隼主要從事軟式拋棄型隱形眼鏡之研發、製造及銷售，所有產品均為自行
研發，並致力於國內外隱形眼鏡委外代工業務，產品銷售遍布日本、中國、
美國及台灣等地，目前已開發多種不同含水量、圖紋及功能之隱形眼鏡，依
使用週期，可區分為日、雙週及月拋，依鏡片功能，則區分為濾藍光、近視
矯正、散光、多焦及改變虹膜顏色之美瞳鏡片，銷售對象以隱形眼鏡品牌廠
商為主。 
 
公司美瞳片於2014 年開始出日本，Sincere 是首家客戶；2015 年透片開始
出中國，2019 年視准取證並開啟在地供應中國市場；2020 年濾藍光鏡片開
始出日本；2021 年運動鏡片開始出美國；2022 年底矽水膠產品正式於台灣
開賣。 
 
望隼廠房分別為竹南總部、二廠及江",45682d2d8abd46f5feccb501,15,,PENDING,,PENDING,,PENDING,0.50,ORANGE,STAGE_TABLELIKE_EXPANSION_REVIEW,VRN_1D1_REPORTTEXT_TABLELIKE_EXPANSION,C:\Users\tonyk\OneDrive\VeritasIntelligenceAnalytics\module\VRN\output\_route_lock_runs\RUN_20260525_195119_VRN_GO_M01_60PDF_FULL_V120\full_input_60pdf\20260519兆豐個股報告-望隼(4771).pdf,2026-06-15T16:25:25.763447,8042da68a2c54d5b96555b9b96ab90020c6994b9
33280450a5af073c2547,dc367a89b6fb,4771,,兆豐,2026-05-19,2024,2024,,IS,operating_income,營業利益,11.81,11.81,%,TWD,,2," 
評等分級：買進（預期未來六個月股價漲輻超過+30%）; 逢低買進（預期未來六個月股價漲輻介於+15%與+30%之間）; 區間操
作（預期未來六個月股價漲跌輻介於-15%與+15%之間）; 逢高賣出（預期未來六個月股價跌輻介於-15%與-30%之間）；賣出（預
期未來六個月股價跌輻超過-30%）。 
本刊所刊載之內容僅做為參考，惟已力求正確與完整，但因時間及市場客觀因素改變所造成產業、市場或個股之相關條件改變，投資人需自行考量
投資之需求與風險，本公司恕不負擔任何法律責任。任何轉載或引用本報告內容必須經本公司同意。 
 
- 2 - 
個股報告 
簡 要 財 務 預 估 資 訊 
會計 
年度 
營收 
營業利益 
稅後純益 
每股盈餘 
每股現金 
股利(元) 
ROE 
(%) 
PER 
(X) 
PBR 
(X) 
(億元) YoY(%) (億元) YoY(%) 
(億元) YoY(%) 
(元) 
YoY(%) 
2024 
30.0
16.7 
8.9
6.7
6.7 
19.1
11.81 
9.7
3.2
25.2
14.6 
2.5 
2025 
34.9
16.2 
10.1
13.3
7.4 
10.6
12.71 
7.6
5.5
19.7
13.7 
2.3 
2026(F) 
44.5
27.7 
12.9
28.2
9.3 
26.1
15.91 
25.1
7.0
19.6
11.6 
2.1 
資料來源：CMoney；兆豐國際預估 
 
營 運 分 析 
公司為台灣唯一設廠於中國之隱形眼鏡製造商 
望隼主要從事軟式拋棄型隱形眼鏡之研發、製造及銷售，所有產品均為自行
研發，並致力於國內外隱形眼鏡委外代工業務，產品銷售遍布日本、中國、
美國及台灣等地，目前已開發多種不同含水量、圖紋及功能之隱形眼鏡，依
使用週期，可區分為日、雙週及月拋，依鏡片功能，則區分為濾藍光、近視
矯正、散光、多焦及改變虹膜顏色之美瞳鏡片，銷售對象以隱形眼鏡品牌廠
商為主。 
 
公司美瞳片於2014 年開始出日本，Sincere 是首家客戶；2015 年透片開始
出中國，2019 年視准取證並開啟在地供應中國市場；2020 年濾藍光鏡片開
始出日本；2021 年運動鏡片開始出美國；2022 年底矽水膠產品正式於台灣
開賣。 
 
望隼廠房分別為竹南總部、二廠及江",45682d2d8abd46f5feccb501,16,,PENDING,,PENDING,,PENDING,0.50,ORANGE,STAGE_TABLELIKE_EXPANSION_REVIEW,VRN_1D1_REPORTTEXT_TABLELIKE_EXPANSION,C:\Users\tonyk\OneDrive\VeritasIntelligenceAnalytics\module\VRN\output\_route_lock_runs\RUN_20260525_195119_VRN_GO_M01_60PDF_FULL_V120\full_input_60pdf\20260519兆豐個股報告-望隼(4771).pdf,2026-06-15T16:25:25.763457,c17dd8c2820b4e5e78a768af0df38f8e78de4fb1
33280450a5af073c2547,dc367a89b6fb,4771,,兆豐,2026-05-19,2024,2024,,IS,operating_income,營業利益,9.7,9.7,%,TWD,,2," 
評等分級：買進（預期未來六個月股價漲輻超過+30%）; 逢低買進（預期未來六個月股價漲輻介於+15%與+30%之間）; 區間操
作（預期未來六個月股價漲跌輻介於-15%與+15%之間）; 逢高賣出（預期未來六個月股價跌輻介於-15%與-30%之間）；賣出（預
期未來六個月股價跌輻超過-30%）。 
本刊所刊載之內容僅做為參考，惟已力求正確與完整，但因時間及市場客觀因素改變所造成產業、市場或個股之相關條件改變，投資人需自行考量
投資之需求與風險，本公司恕不負擔任何法律責任。任何轉載或引用本報告內容必須經本公司同意。 
 
- 2 - 
個股報告 
簡 要 財 務 預 估 資 訊 
會計 
年度 
營收 
營業利益 
稅後純益 
每股盈餘 
每股現金 
股利(元) 
ROE 
(%) 
PER 
(X) 
PBR 
(X) 
(億元) YoY(%) (億元) YoY(%) 
(億元) YoY(%) 
(元) 
YoY(%) 
2024 
30.0
16.7 
8.9
6.7
6.7 
19.1
11.81 
9.7
3.2
25.2
14.6 
2.5 
2025 
34.9
16.2 
10.1
13.3
7.4 
10.6
12.71 
7.6
5.5
19.7
13.7 
2.3 
2026(F) 
44.5
27.7 
12.9
28.2
9.3 
26.1
15.91 
25.1
7.0
19.6
11.6 
2.1 
資料來源：CMoney；兆豐國際預估 
 
營 運 分 析 
公司為台灣唯一設廠於中國之隱形眼鏡製造商 
望隼主要從事軟式拋棄型隱形眼鏡之研發、製造及銷售，所有產品均為自行
研發，並致力於國內外隱形眼鏡委外代工業務，產品銷售遍布日本、中國、
美國及台灣等地，目前已開發多種不同含水量、圖紋及功能之隱形眼鏡，依
使用週期，可區分為日、雙週及月拋，依鏡片功能，則區分為濾藍光、近視
矯正、散光、多焦及改變虹膜顏色之美瞳鏡片，銷售對象以隱形眼鏡品牌廠
商為主。 
 
公司美瞳片於2014 年開始出日本，Sincere 是首家客戶；2015 年透片開始
出中國，2019 年視准取證並開啟在地供應中國市場；2020 年濾藍光鏡片開
始出日本；2021 年運動鏡片開始出美國；2022 年底矽水膠產品正式於台灣
開賣。 
 
望隼廠房分別為竹南總部、二廠及江",45682d2d8abd46f5feccb501,17,,PENDING,,PENDING,,PENDING,0.50,ORANGE,STAGE_TABLELIKE_EXPANSION_REVIEW,VRN_1D1_REPORTTEXT_TABLELIKE_EXPANSION,C:\Users\tonyk\OneDrive\VeritasIntelligenceAnalytics\module\VRN\output\_route_lock_runs\RUN_20260525_195119_VRN_GO_M01_60PDF_FULL_V120\full_input_60pdf\20260519兆豐個股報告-望隼(4771).pdf,2026-06-15T16:25:25.763467,3a6902df5eb72d4865e7c4a67f903167cc258fa7
33280450a5af073c2547,dc367a89b6fb,4771,,兆豐,2026-05-19,2024,2024,,IS,operating_income,營業利益,3.2,3.2,%,TWD,,2," 
評等分級：買進（預期未來六個月股價漲輻超過+30%）; 逢低買進（預期未來六個月股價漲輻介於+15%與+30%之間）; 區間操
作（預期未來六個月股價漲跌輻介於-15%與+15%之間）; 逢高賣出（預期未來六個月股價跌輻介於-15%與-30%之間）；賣出（預
期未來六個月股價跌輻超過-30%）。 
本刊所刊載之內容僅做為參考，惟已力求正確與完整，但因時間及市場客觀因素改變所造成產業、市場或個股之相關條件改變，投資人需自行考量
投資之需求與風險，本公司恕不負擔任何法律責任。任何轉載或引用本報告內容必須經本公司同意。 
 
- 2 - 
個股報告 
簡 要 財 務 預 估 資 訊 
會計 
年度 
營收 
營業利益 
稅後純益 
每股盈餘 
每股現金 
股利(元) 
ROE 
(%) 
PER 
(X) 
PBR 
(X) 
(億元) YoY(%) (億元) YoY(%) 
(億元) YoY(%) 
(元) 
YoY(%) 
2024 
30.0
16.7 
8.9
6.7
6.7 
19.1
11.81 
9.7
3.2
25.2
14.6 
2.5 
2025 
34.9
16.2 
10.1
13.3
7.4 
10.6
12.71 
7.6
5.5
19.7
13.7 
2.3 
2026(F) 
44.5
27.7 
12.9
28.2
9.3 
26.1
15.91 
25.1
7.0
19.6
11.6 
2.1 
資料來源：CMoney；兆豐國際預估 
 
營 運 分 析 
公司為台灣唯一設廠於中國之隱形眼鏡製造商 
望隼主要從事軟式拋棄型隱形眼鏡之研發、製造及銷售，所有產品均為自行
研發，並致力於國內外隱形眼鏡委外代工業務，產品銷售遍布日本、中國、
美國及台灣等地，目前已開發多種不同含水量、圖紋及功能之隱形眼鏡，依
使用週期，可區分為日、雙週及月拋，依鏡片功能，則區分為濾藍光、近視
矯正、散光、多焦及改變虹膜顏色之美瞳鏡片，銷售對象以隱形眼鏡品牌廠
商為主。 
 
公司美瞳片於2014 年開始出日本，Sincere 是首家客戶；2015 年透片開始
出中國，2019 年視准取證並開啟在地供應中國市場；2020 年濾藍光鏡片開
始出日本；2021 年運動鏡片開始出美國；2022 年底矽水膠產品正式於台灣
開賣。 
 
望隼廠房分別為竹南總部、二廠及江",45682d2d8abd46f5feccb501,18,,PENDING,,PENDING,,PENDING,0.50,ORANGE,STAGE_TABLELIKE_EXPANSION_REVIEW,VRN_1D1_REPORTTEXT_TABLELIKE_EXPANSION,C:\Users\tonyk\OneDrive\VeritasIntelligenceAnalytics\module\VRN\output\_route_lock_runs\RUN_20260525_195119_VRN_GO_M01_60PDF_FULL_V120\full_input_60pdf\20260519兆豐個股報告-望隼(4771).pdf,2026-06-15T16:25:25.763476,0894ff3450e78b53a6af0c0f6be3f7ec33a1c76e
33280450a5af073c2547,dc367a89b6fb,4771,,兆豐,2026-05-19,2024,2024,,IS,operating_income,營業利益,25.2,25.2,%,TWD,,2," 
評等分級：買進（預期未來六個月股價漲輻超過+30%）; 逢低買進（預期未來六個月股價漲輻介於+15%與+30%之間）; 區間操
作（預期未來六個月股價漲跌輻介於-15%與+15%之間）; 逢高賣出（預期未來六個月股價跌輻介於-15%與-30%之間）；賣出（預
期未來六個月股價跌輻超過-30%）。 
本刊所刊載之內容僅做為參考，惟已力求正確與完整，但因時間及市場客觀因素改變所造成產業、市場或個股之相關條件改變，投資人需自行考量
投資之需求與風險，本公司恕不負擔任何法律責任。任何轉載或引用本報告內容必須經本公司同意。 
 
- 2 - 
個股報告 
簡 要 財 務 預 估 資 訊 
會計 
年度 
營收 
營業利益 
稅後純益 
每股盈餘 
每股現金 
股利(元) 
ROE 
(%) 
PER 
(X) 
PBR 
(X) 
(億元) YoY(%) (億元) YoY(%) 
(億元) YoY(%) 
(元) 
YoY(%) 
2024 
30.0
16.7 
8.9
6.7
6.7 
19.1
11.81 
9.7
3.2
25.2
14.6 
2.5 
2025 
34.9
16.2 
10.1
13.3
7.4 
10.6
12.71 
7.6
5.5
19.7
13.7 
2.3 
2026(F) 
44.5
27.7 
12.9
28.2
9.3 
26.1
15.91 
25.1
7.0
19.6
11.6 
2.1 
資料來源：CMoney；兆豐國際預估 
 
營 運 分 析 
公司為台灣唯一設廠於中國之隱形眼鏡製造商 
望隼主要從事軟式拋棄型隱形眼鏡之研發、製造及銷售，所有產品均為自行
研發，並致力於國內外隱形眼鏡委外代工業務，產品銷售遍布日本、中國、
美國及台灣等地，目前已開發多種不同含水量、圖紋及功能之隱形眼鏡，依
使用週期，可區分為日、雙週及月拋，依鏡片功能，則區分為濾藍光、近視
矯正、散光、多焦及改變虹膜顏色之美瞳鏡片，銷售對象以隱形眼鏡品牌廠
商為主。 
 
公司美瞳片於2014 年開始出日本，Sincere 是首家客戶；2015 年透片開始
出中國，2019 年視准取證並開啟在地供應中國市場；2020 年濾藍光鏡片開
始出日本；2021 年運動鏡片開始出美國；2022 年底矽水膠產品正式於台灣
開賣。 
 
望隼廠房分別為竹南總部、二廠及江",45682d2d8abd46f5feccb501,19,,PENDING,,PENDING,,PENDING,0.50,ORANGE,STAGE_TABLELIKE_EXPANSION_REVIEW,VRN_1D1_REPORTTEXT_TABLELIKE_EXPANSION,C:\Users\tonyk\OneDrive\VeritasIntelligenceAnalytics\module\VRN\output\_route_lock_runs\RUN_20260525_195119_VRN_GO_M01_60PDF_FULL_V120\full_input_60pdf\20260519兆豐個股報告-望隼(4771).pdf,2026-06-15T16:25:25.763485,f250f006edd0569d5082b37acbb8328336ef3fe3
33280450a5af073c2547,dc367a89b6fb,4771,,兆豐,2026-05-19,2024,2024,,IS,operating_income,營業利益,14.6,14.6,%,TWD,,2," 
評等分級：買進（預期未來六個月股價漲輻超過+30%）; 逢低買進（預期未來六個月股價漲輻介於+15%與+30%之間）; 區間操
作（預期未來六個月股價漲跌輻介於-15%與+15%之間）; 逢高賣出（預期未來六個月股價跌輻介於-15%與-30%之間）；賣出（預
期未來六個月股價跌輻超過-30%）。 
本刊所刊載之內容僅做為參考，惟已力求正確與完整，但因時間及市場客觀因素改變所造成產業、市場或個股之相關條件改變，投資人需自行考量
投資之需求與風險，本公司恕不負擔任何法律責任。任何轉載或引用本報告內容必須經本公司同意。 
 
- 2 - 
個股報告 
簡 要 財 務 預 估 資 訊 
會計 
年度 
營收 
營業利益 
稅後純益 
每股盈餘 
每股現金 
股利(元) 
ROE 
(%) 
PER 
(X) 
PBR 
(X) 
(億元) YoY(%) (億元) YoY(%) 
(億元) YoY(%) 
(元) 
YoY(%) 
2024 
30.0
16.7 
8.9
6.7
6.7 
19.1
11.81 
9.7
3.2
25.2
14.6 
2.5 
2025 
34.9
16.2 
10.1
13.3
7.4 
10.6
12.71 
7.6
5.5
19.7
13.7 
2.3 
2026(F) 
44.5
27.7 
12.9
28.2
9.3 
26.1
15.91 
25.1
7.0
19.6
11.6 
2.1 
資料來源：CMoney；兆豐國際預估 
 
營 運 分 析 
公司為台灣唯一設廠於中國之隱形眼鏡製造商 
望隼主要從事軟式拋棄型隱形眼鏡之研發、製造及銷售，所有產品均為自行
研發，並致力於國內外隱形眼鏡委外代工業務，產品銷售遍布日本、中國、
美國及台灣等地，目前已開發多種不同含水量、圖紋及功能之隱形眼鏡，依
使用週期，可區分為日、雙週及月拋，依鏡片功能，則區分為濾藍光、近視
矯正、散光、多焦及改變虹膜顏色之美瞳鏡片，銷售對象以隱形眼鏡品牌廠
商為主。 
 
公司美瞳片於2014 年開始出日本，Sincere 是首家客戶；2015 年透片開始
出中國，2019 年視准取證並開啟在地供應中國市場；2020 年濾藍光鏡片開
始出日本；2021 年運動鏡片開始出美國；2022 年底矽水膠產品正式於台灣
開賣。 
 
望隼廠房分別為竹南總部、二廠及江",45682d2d8abd46f5feccb501,20,,PENDING,,PENDING,,PENDING,0.50,ORANGE,STAGE_TABLELIKE_EXPANSION_REVIEW,VRN_1D1_REPORTTEXT_TABLELIKE_EXPANSION,C:\Users\tonyk\OneDrive\VeritasIntelligenceAnalytics\module\VRN\output\_route_lock_runs\RUN_20260525_195119_VRN_GO_M01_60PDF_FULL_V120\full_input_60pdf\20260519兆豐個股報告-望隼(4771).pdf,2026-06-15T16:25:25.763495,f7b01d66412689da41bdc74520ead1606dea7118
33280450a5af073c2547,dc367a89b6fb,4771,,兆豐,2026-05-19,2024,2024,,IS,operating_income,營業利益,2.5,2.5,%,TWD,,2," 
評等分級：買進（預期未來六個月股價漲輻超過+30%）; 逢低買進（預期未來六個月股價漲輻介於+15%與+30%之間）; 區間操
作（預期未來六個月股價漲跌輻介於-15%與+15%之間）; 逢高賣出（預期未來六個月股價跌輻介於-15%與-30%之間）；賣出（預
期未來六個月股價跌輻超過-30%）。 
本刊所刊載之內容僅做為參考，惟已力求正確與完整，但因時間及市場客觀因素改變所造成產業、市場或個股之相關條件改變，投資人需自行考量
投資之需求與風險，本公司恕不負擔任何法律責任。任何轉載或引用本報告內容必須經本公司同意。 
 
- 2 - 
個股報告 
簡 要 財 務 預 估 資 訊 
會計 
年度 
營收 
營業利益 
稅後純益 
每股盈餘 
每股現金 
股利(元) 
ROE 
(%) 
PER 
(X) 
PBR 
(X) 
(億元) YoY(%) (億元) YoY(%) 
(億元) YoY(%) 
(元) 
YoY(%) 
2024 
30.0
16.7 
8.9
6.7
6.7 
19.1
11.81 
9.7
3.2
25.2
14.6 
2.5 
2025 
34.9
16.2 
10.1
13.3
7.4 
10.6
12.71 
7.6
5.5
19.7
13.7 
2.3 
2026(F) 
44.5
27.7 
12.9
28.2
9.3 
26.1
15.91 
25.1
7.0
19.6
11.6 
2.1 
資料來源：CMoney；兆豐國際預估 
 
營 運 分 析 
公司為台灣唯一設廠於中國之隱形眼鏡製造商 
望隼主要從事軟式拋棄型隱形眼鏡之研發、製造及銷售，所有產品均為自行
研發，並致力於國內外隱形眼鏡委外代工業務，產品銷售遍布日本、中國、
美國及台灣等地，目前已開發多種不同含水量、圖紋及功能之隱形眼鏡，依
使用週期，可區分為日、雙週及月拋，依鏡片功能，則區分為濾藍光、近視
矯正、散光、多焦及改變虹膜顏色之美瞳鏡片，銷售對象以隱形眼鏡品牌廠
商為主。 
 
公司美瞳片於2014 年開始出日本，Sincere 是首家客戶；2015 年透片開始
出中國，2019 年視准取證並開啟在地供應中國市場；2020 年濾藍光鏡片開
始出日本；2021 年運動鏡片開始出美國；2022 年底矽水膠產品正式於台灣
開賣。 
 
望隼廠房分別為竹南總部、二廠及江",45682d2d8abd46f5feccb501,21,,PENDING,,PENDING,,PENDING,0.50,ORANGE,STAGE_TABLELIKE_EXPANSION_REVIEW,VRN_1D1_REPORTTEXT_TABLELIKE_EXPANSION,C:\Users\tonyk\OneDrive\VeritasIntelligenceAnalytics\module\VRN\output\_route_lock_runs\RUN_20260525_195119_VRN_GO_M01_60PDF_FULL_V120\full_input_60pdf\20260519兆豐個股報告-望隼(4771).pdf,2026-06-15T16:25:25.763504,31b083b153a4b778bd4dcf293bf07f4dd5e9d71f
33280450a5af073c2547,dc367a89b6fb,4771,,兆豐,2026-05-19,2024,2024,,IS,operating_income,營業利益,34.9,34.9,%,TWD,,2," 
評等分級：買進（預期未來六個月股價漲輻超過+30%）; 逢低買進（預期未來六個月股價漲輻介於+15%與+30%之間）; 區間操
作（預期未來六個月股價漲跌輻介於-15%與+15%之間）; 逢高賣出（預期未來六個月股價跌輻介於-15%與-30%之間）；賣出（預
期未來六個月股價跌輻超過-30%）。 
本刊所刊載之內容僅做為參考，惟已力求正確與完整，但因時間及市場客觀因素改變所造成產業、市場或個股之相關條件改變，投資人需自行考量
投資之需求與風險，本公司恕不負擔任何法律責任。任何轉載或引用本報告內容必須經本公司同意。 
 
- 2 - 
個股報告 
簡 要 財 務 預 估 資 訊 
會計 
年度 
營收 
營業利益 
稅後純益 
每股盈餘 
每股現金 
股利(元) 
ROE 
(%) 
PER 
(X) 
PBR 
(X) 
(億元) YoY(%) (億元) YoY(%) 
(億元) YoY(%) 
(元) 
YoY(%) 
2024 
30.0
16.7 
8.9
6.7
6.7 
19.1
11.81 
9.7
3.2
25.2
14.6 
2.5 
2025 
34.9
16.2 
10.1
13.3
7.4 
10.6
12.71 
7.6
5.5
19.7
13.7 
2.3 
2026(F) 
44.5
27.7 
12.9
28.2
9.3 
26.1
15.91 
25.1
7.0
19.6
11.6 
2.1 
資料來源：CMoney；兆豐國際預估 
 
營 運 分 析 
公司為台灣唯一設廠於中國之隱形眼鏡製造商 
望隼主要從事軟式拋棄型隱形眼鏡之研發、製造及銷售，所有產品均為自行
研發，並致力於國內外隱形眼鏡委外代工業務，產品銷售遍布日本、中國、
美國及台灣等地，目前已開發多種不同含水量、圖紋及功能之隱形眼鏡，依
使用週期，可區分為日、雙週及月拋，依鏡片功能，則區分為濾藍光、近視
矯正、散光、多焦及改變虹膜顏色之美瞳鏡片，銷售對象以隱形眼鏡品牌廠
商為主。 
 
公司美瞳片於2014 年開始出日本，Sincere 是首家客戶；2015 年透片開始
出中國，2019 年視准取證並開啟在地供應中國市場；2020 年濾藍光鏡片開
始出日本；2021 年運動鏡片開始出美國；2022 年底矽水膠產品正式於台灣
開賣。 
 
望隼廠房分別為竹南總部、二廠及江",45682d2d8abd46f5feccb501,22,,PENDING,,PENDING,,PENDING,0.50,ORANGE,STAGE_TABLELIKE_EXPANSION_REVIEW,VRN_1D1_REPORTTEXT_TABLELIKE_EXPANSION,C:\Users\tonyk\OneDrive\VeritasIntelligenceAnalytics\module\VRN\output\_route_lock_runs\RUN_20260525_195119_VRN_GO_M01_60PDF_FULL_V120\full_input_60pdf\20260519兆豐個股報告-望隼(4771).pdf,2026-06-15T16:25:25.763514,4a2ab4bc908f58cd8a2979f35197a63fe106b858
33280450a5af073c2547,dc367a89b6fb,4771,,兆豐,2026-05-19,2024,2024,,IS,operating_income,營業利益,16.2,16.2,%,TWD,,2," 
評等分級：買進（預期未來六個月股價漲輻超過+30%）; 逢低買進（預期未來六個月股價漲輻介於+15%與+30%之間）; 區間操
作（預期未來六個月股價漲跌輻介於-15%與+15%之間）; 逢高賣出（預期未來六個月股價跌輻介於-15%與-30%之間）；賣出（預
期未來六個月股價跌輻超過-30%）。 
本刊所刊載之內容僅做為參考，惟已力求正確與完整，但因時間及市場客觀因素改變所造成產業、市場或個股之相關條件改變，投資人需自行考量
投資之需求與風險，本公司恕不負擔任何法律責任。任何轉載或引用本報告內容必須經本公司同意。 
 
- 2 - 
個股報告 
簡 要 財 務 預 估 資 訊 
會計 
年度 
營收 
營業利益 
稅後純益 
每股盈餘 
每股現金 
股利(元) 
ROE 
(%) 
PER 
(X) 
PBR 
(X) 
(億元) YoY(%) (億元) YoY(%) 
(億元) YoY(%) 
(元) 
YoY(%) 
2024 
30.0
16.7 
8.9
6.7
6.7 
19.1
11.81 
9.7
3.2
25.2
14.6 
2.5 
2025 
34.9
16.2 
10.1
13.3
7.4 
10.6
12.71 
7.6
5.5
19.7
13.7 
2.3 
2026(F) 
44.5
27.7 
12.9
28.2
9.3 
26.1
15.91 
25.1
7.0
19.6
11.6 
2.1 
資料來源：CMoney；兆豐國際預估 
 
營 運 分 析 
公司為台灣唯一設廠於中國之隱形眼鏡製造商 
望隼主要從事軟式拋棄型隱形眼鏡之研發、製造及銷售，所有產品均為自行
研發，並致力於國內外隱形眼鏡委外代工業務，產品銷售遍布日本、中國、
美國及台灣等地，目前已開發多種不同含水量、圖紋及功能之隱形眼鏡，依
使用週期，可區分為日、雙週及月拋，依鏡片功能，則區分為濾藍光、近視
矯正、散光、多焦及改變虹膜顏色之美瞳鏡片，銷售對象以隱形眼鏡品牌廠
商為主。 
 
公司美瞳片於2014 年開始出日本，Sincere 是首家客戶；2015 年透片開始
出中國，2019 年視准取證並開啟在地供應中國市場；2020 年濾藍光鏡片開
始出日本；2021 年運動鏡片開始出美國；2022 年底矽水膠產品正式於台灣
開賣。 
 
望隼廠房分別為竹南總部、二廠及江",45682d2d8abd46f5feccb501,23,,PENDING,,PENDING,,PENDING,0.50,ORANGE,STAGE_TABLELIKE_EXPANSION_REVIEW,VRN_1D1_REPORTTEXT_TABLELIKE_EXPANSION,C:\Users\tonyk\OneDrive\VeritasIntelligenceAnalytics\module\VRN\output\_route_lock_runs\RUN_20260525_195119_VRN_GO_M01_60PDF_FULL_V120\full_input_60pdf\20260519兆豐個股報告-望隼(4771).pdf,2026-06-15T16:25:25.763523,3e3525aa6e052df6933d1d67676d47e09901f6bb
33280450a5af073c2547,dc367a89b6fb,4771,,兆豐,2026-05-19,2024,2024,,IS,operating_income,營業利益,10.1,10.1,%,TWD,,2," 
評等分級：買進（預期未來六個月股價漲輻超過+30%）; 逢低買進（預期未來六個月股價漲輻介於+15%與+30%之間）; 區間操
作（預期未來六個月股價漲跌輻介於-15%與+15%之間）; 逢高賣出（預期未來六個月股價跌輻介於-15%與-30%之間）；賣出（預
期未來六個月股價跌輻超過-30%）。 
本刊所刊載之內容僅做為參考，惟已力求正確與完整，但因時間及市場客觀因素改變所造成產業、市場或個股之相關條件改變，投資人需自行考量
投資之需求與風險，本公司恕不負擔任何法律責任。任何轉載或引用本報告內容必須經本公司同意。 
 
- 2 - 
個股報告 
簡 要 財 務 預 估 資 訊 
會計 
年度 
營收 
營業利益 
稅後純益 
每股盈餘 
每股現金 
股利(元) 
ROE 
(%) 
PER 
(X) 
PBR 
(X) 
(億元) YoY(%) (億元) YoY(%) 
(億元) YoY(%) 
(元) 
YoY(%) 
2024 
30.0
16.7 
8.9
6.7
6.7 
19.1
11.81 
9.7
3.2
25.2
14.6 
2.5 
2025 
34.9
16.2 
10.1
13.3
7.4 
10.6
12.71 
7.6
5.5
19.7
13.7 
2.3 
2026(F) 
44.5
27.7 
12.9
28.2
9.3 
26.1
15.91 
25.1
7.0
19.6
11.6 
2.1 
資料來源：CMoney；兆豐國際預估 
 
營 運 分 析 
公司為台灣唯一設廠於中國之隱形眼鏡製造商 
望隼主要從事軟式拋棄型隱形眼鏡之研發、製造及銷售，所有產品均為自行
研發，並致力於國內外隱形眼鏡委外代工業務，產品銷售遍布日本、中國、
美國及台灣等地，目前已開發多種不同含水量、圖紋及功能之隱形眼鏡，依
使用週期，可區分為日、雙週及月拋，依鏡片功能，則區分為濾藍光、近視
矯正、散光、多焦及改變虹膜顏色之美瞳鏡片，銷售對象以隱形眼鏡品牌廠
商為主。 
 
公司美瞳片於2014 年開始出日本，Sincere 是首家客戶；2015 年透片開始
出中國，2019 年視准取證並開啟在地供應中國市場；2020 年濾藍光鏡片開
始出日本；2021 年運動鏡片開始出美國；2022 年底矽水膠產品正式於台灣
開賣。 
 
望隼廠房分別為竹南總部、二廠及江",45682d2d8abd46f5feccb501,24,,PENDING,,PENDING,,PENDING,0.50,ORANGE,STAGE_TABLELIKE_EXPANSION_REVIEW,VRN_1D1_REPORTTEXT_TABLELIKE_EXPANSION,C:\Users\tonyk\OneDrive\VeritasIntelligenceAnalytics\module\VRN\output\_route_lock_runs\RUN_20260525_195119_VRN_GO_M01_60PDF_FULL_V120\full_input_60pdf\20260519兆豐個股報告-望隼(4771).pdf,2026-06-15T16:25:25.763535,5b06e594704d7375f01f982eae57f5146dfbd838
33280450a5af073c2547,dc367a89b6fb,4771,,兆豐,2026-05-19,2024,2024,,IS,operating_income,營業利益,13.3,13.3,%,TWD,,2," 
評等分級：買進（預期未來六個月股價漲輻超過+30%）; 逢低買進（預期未來六個月股價漲輻介於+15%與+30%之間）; 區間操
作（預期未來六個月股價漲跌輻介於-15%與+15%之間）; 逢高賣出（預期未來六個月股價跌輻介於-15%與-30%之間）；賣出（預
期未來六個月股價跌輻超過-30%）。 
本刊所刊載之內容僅做為參考，惟已力求正確與完整，但因時間及市場客觀因素改變所造成產業、市場或個股之相關條件改變，投資人需自行考量
投資之需求與風險，本公司恕不負擔任何法律責任。任何轉載或引用本報告內容必須經本公司同意。 
 
- 2 - 
個股報告 
簡 要 財 務 預 估 資 訊 
會計 
年度 
營收 
營業利益 
稅後純益 
每股盈餘 
每股現金 
股利(元) 
ROE 
(%) 
PER 
(X) 
PBR 
(X) 
(億元) YoY(%) (億元) YoY(%) 
(億元) YoY(%) 
(元) 
YoY(%) 
2024 
30.0
16.7 
8.9
6.7
6.7 
19.1
11.81 
9.7
3.2
25.2
14.6 
2.5 
2025 
34.9
16.2 
10.1
13.3
7.4 
10.6
12.71 
7.6
5.5
19.7
13.7 
2.3 
2026(F) 
44.5
27.7 
12.9
28.2
9.3 
26.1
15.91 
25.1
7.0
19.6
11.6 
2.1 
資料來源：CMoney；兆豐國際預估 
 
營 運 分 析 
公司為台灣唯一設廠於中國之隱形眼鏡製造商 
望隼主要從事軟式拋棄型隱形眼鏡之研發、製造及銷售，所有產品均為自行
研發，並致力於國內外隱形眼鏡委外代工業務，產品銷售遍布日本、中國、
美國及台灣等地，目前已開發多種不同含水量、圖紋及功能之隱形眼鏡，依
使用週期，可區分為日、雙週及月拋，依鏡片功能，則區分為濾藍光、近視
矯正、散光、多焦及改變虹膜顏色之美瞳鏡片，銷售對象以隱形眼鏡品牌廠
商為主。 
 
公司美瞳片於2014 年開始出日本，Sincere 是首家客戶；2015 年透片開始
出中國，2019 年視准取證並開啟在地供應中國市場；2020 年濾藍光鏡片開
始出日本；2021 年運動鏡片開始出美國；2022 年底矽水膠產品正式於台灣
開賣。 
 
望隼廠房分別為竹南總部、二廠及江",45682d2d8abd46f5feccb501,25,,PENDING,,PENDING,,PENDING,0.50,ORANGE,STAGE_TABLELIKE_EXPANSION_REVIEW,VRN_1D1_REPORTTEXT_TABLELIKE_EXPANSION,C:\Users\tonyk\OneDrive\VeritasIntelligenceAnalytics\module\VRN\output\_route_lock_runs\RUN_20260525_195119_VRN_GO_M01_60PDF_FULL_V120\full_input_60pdf\20260519兆豐個股報告-望隼(4771).pdf,2026-06-15T16:25:25.763545,4e65da0234e64776fda5695b2b06df3b9a69f888
33280450a5af073c2547,dc367a89b6fb,4771,,兆豐,2026-05-19,2024,2024,,IS,operating_income,營業利益,7.4,7.4,%,TWD,,2," 
評等分級：買進（預期未來六個月股價漲輻超過+30%）; 逢低買進（預期未來六個月股價漲輻介於+15%與+30%之間）; 區間操
作（預期未來六個月股價漲跌輻介於-15%與+15%之間）; 逢高賣出（預期未來六個月股價跌輻介於-15%與-30%之間）；賣出（預
期未來六個月股價跌輻超過-30%）。 
本刊所刊載之內容僅做為參考，惟已力求正確與完整，但因時間及市場客觀因素改變所造成產業、市場或個股之相關條件改變，投資人需自行考量
投資之需求與風險，本公司恕不負擔任何法律責任。任何轉載或引用本報告內容必須經本公司同意。 
 
- 2 - 
個股報告 
簡 要 財 務 預 估 資 訊 
會計 
年度 
營收 
營業利益 
稅後純益 
每股盈餘 
每股現金 
股利(元) 
ROE 
(%) 
PER 
(X) 
PBR 
(X) 
(億元) YoY(%) (億元) YoY(%) 
(億元) YoY(%) 
(元) 
YoY(%) 
2024 
30.0
16.7 
8.9
6.7
6.7 
19.1
11.81 
9.7
3.2
25.2
14.6 
2.5 
2025 
34.9
16.2 
10.1
13.3
7.4 
10.6
12.71 
7.6
5.5
19.7
13.7 
2.3 
2026(F) 
44.5
27.7 
12.9
28.2
9.3 
26.1
15.91 
25.1
7.0
19.6
11.6 
2.1 
資料來源：CMoney；兆豐國際預估 
 
營 運 分 析 
公司為台灣唯一設廠於中國之隱形眼鏡製造商 
望隼主要從事軟式拋棄型隱形眼鏡之研發、製造及銷售，所有產品均為自行
研發，並致力於國內外隱形眼鏡委外代工業務，產品銷售遍布日本、中國、
美國及台灣等地，目前已開發多種不同含水量、圖紋及功能之隱形眼鏡，依
使用週期，可區分為日、雙週及月拋，依鏡片功能，則區分為濾藍光、近視
矯正、散光、多焦及改變虹膜顏色之美瞳鏡片，銷售對象以隱形眼鏡品牌廠
商為主。 
 
公司美瞳片於2014 年開始出日本，Sincere 是首家客戶；2015 年透片開始
出中國，2019 年視准取證並開啟在地供應中國市場；2020 年濾藍光鏡片開
始出日本；2021 年運動鏡片開始出美國；2022 年底矽水膠產品正式於台灣
開賣。 
 
望隼廠房分別為竹南總部、二廠及江",45682d2d8abd46f5feccb501,26,,PENDING,,PENDING,,PENDING,0.50,ORANGE,STAGE_TABLELIKE_EXPANSION_REVIEW,VRN_1D1_REPORTTEXT_TABLELIKE_EXPANSION,C:\Users\tonyk\OneDrive\VeritasIntelligenceAnalytics\module\VRN\output\_route_lock_runs\RUN_20260525_195119_VRN_GO_M01_60PDF_FULL_V120\full_input_60pdf\20260519兆豐個股報告-望隼(4771).pdf,2026-06-15T16:25:25.763554,7f81381fdfb763ed5a678c64e91590bad6607496
33280450a5af073c2547,dc367a89b6fb,4771,,兆豐,2026-05-19,2024,2024,,IS,operating_income,營業利益,10.6,10.6,%,TWD,,2," 
評等分級：買進（預期未來六個月股價漲輻超過+30%）; 逢低買進（預期未來六個月股價漲輻介於+15%與+30%之間）; 區間操
作（預期未來六個月股價漲跌輻介於-15%與+15%之間）; 逢高賣出（預期未來六個月股價跌輻介於-15%與-30%之間）；賣出（預
期未來六個月股價跌輻超過-30%）。 
本刊所刊載之內容僅做為參考，惟已力求正確與完整，但因時間及市場客觀因素改變所造成產業、市場或個股之相關條件改變，投資人需自行考量
投資之需求與風險，本公司恕不負擔任何法律責任。任何轉載或引用本報告內容必須經本公司同意。 
 
- 2 - 
個股報告 
簡 要 財 務 預 估 資 訊 
會計 
年度 
營收 
營業利益 
稅後純益 
每股盈餘 
每股現金 
股利(元) 
ROE 
(%) 
PER 
(X) 
PBR 
(X) 
(億元) YoY(%) (億元) YoY(%) 
(億元) YoY(%) 
(元) 
YoY(%) 
2024 
30.0
16.7 
8.9
6.7
6.7 
19.1
11.81 
9.7
3.2
25.2
14.6 
2.5 
2025 
34.9
16.2 
10.1
13.3
7.4 
10.6
12.71 
7.6
5.5
19.7
13.7 
2.3 
2026(F) 
44.5
27.7 
12.9
28.2
9.3 
26.1
15.91 
25.1
7.0
19.6
11.6 
2.1 
資料來源：CMoney；兆豐國際預估 
 
營 運 分 析 
公司為台灣唯一設廠於中國之隱形眼鏡製造商 
望隼主要從事軟式拋棄型隱形眼鏡之研發、製造及銷售，所有產品均為自行
研發，並致力於國內外隱形眼鏡委外代工業務，產品銷售遍布日本、中國、
美國及台灣等地，目前已開發多種不同含水量、圖紋及功能之隱形眼鏡，依
使用週期，可區分為日、雙週及月拋，依鏡片功能，則區分為濾藍光、近視
矯正、散光、多焦及改變虹膜顏色之美瞳鏡片，銷售對象以隱形眼鏡品牌廠
商為主。 
 
公司美瞳片於2014 年開始出日本，Sincere 是首家客戶；2015 年透片開始
出中國，2019 年視准取證並開啟在地供應中國市場；2020 年濾藍光鏡片開
始出日本；2021 年運動鏡片開始出美國；2022 年底矽水膠產品正式於台灣
開賣。 
 
望隼廠房分別為竹南總部、二廠及江",45682d2d8abd46f5feccb501,27,,PENDING,,PENDING,,PENDING,0.50,ORANGE,STAGE_TABLELIKE_EXPANSION_REVIEW,VRN_1D1_REPORTTEXT_TABLELIKE_EXPANSION,C:\Users\tonyk\OneDrive\VeritasIntelligenceAnalytics\module\VRN\output\_route_lock_runs\RUN_20260525_195119_VRN_GO_M01_60PDF_FULL_V120\full_input_60pdf\20260519兆豐個股報告-望隼(4771).pdf,2026-06-15T16:25:25.763563,022ecb62917da4c50c3e6a7a0782973df1418db2
33280450a5af073c2547,dc367a89b6fb,4771,,兆豐,2026-05-19,2024,2024,,IS,operating_income,營業利益,12.71,12.71,%,TWD,,2," 
評等分級：買進（預期未來六個月股價漲輻超過+30%）; 逢低買進（預期未來六個月股價漲輻介於+15%與+30%之間）; 區間操
作（預期未來六個月股價漲跌輻介於-15%與+15%之間）; 逢高賣出（預期未來六個月股價跌輻介於-15%與-30%之間）；賣出（預
期未來六個月股價跌輻超過-30%）。 
本刊所刊載之內容僅做為參考，惟已力求正確與完整，但因時間及市場客觀因素改變所造成產業、市場或個股之相關條件改變，投資人需自行考量
投資之需求與風險，本公司恕不負擔任何法律責任。任何轉載或引用本報告內容必須經本公司同意。 
 
- 2 - 
個股報告 
簡 要 財 務 預 估 資 訊 
會計 
年度 
營收 
營業利益 
稅後純益 
每股盈餘 
每股現金 
股利(元) 
ROE 
(%) 
PER 
(X) 
PBR 
(X) 
(億元) YoY(%) (億元) YoY(%) 
(億元) YoY(%) 
(元) 
YoY(%) 
2024 
30.0
16.7 
8.9
6.7
6.7 
19.1
11.81 
9.7
3.2
25.2
14.6 
2.5 
2025 
34.9
16.2 
10.1
13.3
7.4 
10.6
12.71 
7.6
5.5
19.7
13.7 
2.3 
2026(F) 
44.5
27.7 
12.9
28.2
9.3 
26.1
15.91 
25.1
7.0
19.6
11.6 
2.1 
資料來源：CMoney；兆豐國際預估 
 
營 運 分 析 
公司為台灣唯一設廠於中國之隱形眼鏡製造商 
望隼主要從事軟式拋棄型隱形眼鏡之研發、製造及銷售，所有產品均為自行
研發，並致力於國內外隱形眼鏡委外代工業務，產品銷售遍布日本、中國、
美國及台灣等地，目前已開發多種不同含水量、圖紋及功能之隱形眼鏡，依
使用週期，可區分為日、雙週及月拋，依鏡片功能，則區分為濾藍光、近視
矯正、散光、多焦及改變虹膜顏色之美瞳鏡片，銷售對象以隱形眼鏡品牌廠
商為主。 
 
公司美瞳片於2014 年開始出日本，Sincere 是首家客戶；2015 年透片開始
出中國，2019 年視准取證並開啟在地供應中國市場；2020 年濾藍光鏡片開
始出日本；2021 年運動鏡片開始出美國；2022 年底矽水膠產品正式於台灣
開賣。 
 
望隼廠房分別為竹南總部、二廠及江",45682d2d8abd46f5feccb501,28,,PENDING,,PENDING,,PENDING,0.50,ORANGE,STAGE_TABLELIKE_EXPANSION_REVIEW,VRN_1D1_REPORTTEXT_TABLELIKE_EXPANSION,C:\Users\tonyk\OneDrive\VeritasIntelligenceAnalytics\module\VRN\output\_route_lock_runs\RUN_20260525_195119_VRN_GO_M01_60PDF_FULL_V120\full_input_60pdf\20260519兆豐個股報告-望隼(4771).pdf,2026-06-15T16:25:25.763573,d418291829c947d5a5ecd4d51d2c3110e1af1b1d
33280450a5af073c2547,dc367a89b6fb,4771,,兆豐,2026-05-19,2024,2024,,IS,operating_income,營業利益,7.6,7.6,%,TWD,,2," 
評等分級：買進（預期未來六個月股價漲輻超過+30%）; 逢低買進（預期未來六個月股價漲輻介於+15%與+30%之間）; 區間操
作（預期未來六個月股價漲跌輻介於-15%與+15%之間）; 逢高賣出（預期未來六個月股價跌輻介於-15%與-30%之間）；賣出（預
期未來六個月股價跌輻超過-30%）。 
本刊所刊載之內容僅做為參考，惟已力求正確與完整，但因時間及市場客觀因素改變所造成產業、市場或個股之相關條件改變，投資人需自行考量
投資之需求與風險，本公司恕不負擔任何法律責任。任何轉載或引用本報告內容必須經本公司同意。 
 
- 2 - 
個股報告 
簡 要 財 務 預 估 資 訊 
會計 
年度 
營收 
營業利益 
稅後純益 
每股盈餘 
每股現金 
股利(元) 
ROE 
(%) 
PER 
(X) 
PBR 
(X) 
(億元) YoY(%) (億元) YoY(%) 
(億元) YoY(%) 
(元) 
YoY(%) 
2024 
30.0
16.7 
8.9
6.7
6.7 
19.1
11.81 
9.7
3.2
25.2
14.6 
2.5 
2025 
34.9
16.2 
10.1
13.3
7.4 
10.6
12.71 
7.6
5.5
19.7
13.7 
2.3 
2026(F) 
44.5
27.7 
12.9
28.2
9.3 
26.1
15.91 
25.1
7.0
19.6
11.6 
2.1 
資料來源：CMoney；兆豐國際預估 
 
營 運 分 析 
公司為台灣唯一設廠於中國之隱形眼鏡製造商 
望隼主要從事軟式拋棄型隱形眼鏡之研發、製造及銷售，所有產品均為自行
研發，並致力於國內外隱形眼鏡委外代工業務，產品銷售遍布日本、中國、
美國及台灣等地，目前已開發多種不同含水量、圖紋及功能之隱形眼鏡，依
使用週期，可區分為日、雙週及月拋，依鏡片功能，則區分為濾藍光、近視
矯正、散光、多焦及改變虹膜顏色之美瞳鏡片，銷售對象以隱形眼鏡品牌廠
商為主。 
 
公司美瞳片於2014 年開始出日本，Sincere 是首家客戶；2015 年透片開始
出中國，2019 年視准取證並開啟在地供應中國市場；2020 年濾藍光鏡片開
始出日本；2021 年運動鏡片開始出美國；2022 年底矽水膠產品正式於台灣
開賣。 
 
望隼廠房分別為竹南總部、二廠及江",45682d2d8abd46f5feccb501,29,,PENDING,,PENDING,,PENDING,0.50,ORANGE,STAGE_TABLELIKE_EXPANSION_REVIEW,VRN_1D1_REPORTTEXT_TABLELIKE_EXPANSION,C:\Users\tonyk\OneDrive\VeritasIntelligenceAnalytics\module\VRN\output\_route_lock_runs\RUN_20260525_195119_VRN_GO_M01_60PDF_FULL_V120\full_input_60pdf\20260519兆豐個股報告-望隼(4771).pdf,2026-06-15T16:25:25.763582,1025bee4435cecede235a2ab726565c774f82d09
33280450a5af073c2547,dc367a89b6fb,4771,,兆豐,2026-05-19,2024,2024,,IS,operating_income,營業利益,5.5,5.5,%,TWD,,2," 
評等分級：買進（預期未來六個月股價漲輻超過+30%）; 逢低買進（預期未來六個月股價漲輻介於+15%與+30%之間）; 區間操
作（預期未來六個月股價漲跌輻介於-15%與+15%之間）; 逢高賣出（預期未來六個月股價跌輻介於-15%與-30%之間）；賣出（預
期未來六個月股價跌輻超過-30%）。 
本刊所刊載之內容僅做為參考，惟已力求正確與完整，但因時間及市場客觀因素改變所造成產業、市場或個股之相關條件改變，投資人需自行考量
投資之需求與風險，本公司恕不負擔任何法律責任。任何轉載或引用本報告內容必須經本公司同意。 
 
- 2 - 
個股報告 
簡 要 財 務 預 估 資 訊 
會計 
年度 
營收 
營業利益 
稅後純益 
每股盈餘 
每股現金 
股利(元) 
ROE 
(%) 
PER 
(X) 
PBR 
(X) 
(億元) YoY(%) (億元) YoY(%) 
(億元) YoY(%) 
(元) 
YoY(%) 
2024 
30.0
16.7 
8.9
6.7
6.7 
19.1
11.81 
9.7
3.2
25.2
14.6 
2.5 
2025 
34.9
16.2 
10.1
13.3
7.4 
10.6
12.71 
7.6
5.5
19.7
13.7 
2.3 
2026(F) 
44.5
27.7 
12.9
28.2
9.3 
26.1
15.91 
25.1
7.0
19.6
11.6 
2.1 
資料來源：CMoney；兆豐國際預估 
 
營 運 分 析 
公司為台灣唯一設廠於中國之隱形眼鏡製造商 
望隼主要從事軟式拋棄型隱形眼鏡之研發、製造及銷售，所有產品均為自行
研發，並致力於國內外隱形眼鏡委外代工業務，產品銷售遍布日本、中國、
美國及台灣等地，目前已開發多種不同含水量、圖紋及功能之隱形眼鏡，依
使用週期，可區分為日、雙週及月拋，依鏡片功能，則區分為濾藍光、近視
矯正、散光、多焦及改變虹膜顏色之美瞳鏡片，銷售對象以隱形眼鏡品牌廠
商為主。 
 
公司美瞳片於2014 年開始出日本，Sincere 是首家客戶；2015 年透片開始
出中國，2019 年視准取證並開啟在地供應中國市場；2020 年濾藍光鏡片開
始出日本；2021 年運動鏡片開始出美國；2022 年底矽水膠產品正式於台灣
開賣。 
 
望隼廠房分別為竹南總部、二廠及江",45682d2d8abd46f5feccb501,30,,PENDING,,PENDING,,PENDING,0.50,ORANGE,STAGE_TABLELIKE_EXPANSION_REVIEW,VRN_1D1_REPORTTEXT_TABLELIKE_EXPANSION,C:\Users\tonyk\OneDrive\VeritasIntelligenceAnalytics\module\VRN\output\_route_lock_runs\RUN_20260525_195119_VRN_GO_M01_60PDF_FULL_V120\full_input_60pdf\20260519兆豐個股報告-望隼(4771).pdf,2026-06-15T16:25:25.763591,65462a21d65a9aad090cbf14eba0aae40f7c4642
33280450a5af073c2547,dc367a89b6fb,4771,,兆豐,2026-05-19,2024,2024,,IS,operating_income,營業利益,19.7,19.7,%,TWD,,2," 
評等分級：買進（預期未來六個月股價漲輻超過+30%）; 逢低買進（預期未來六個月股價漲輻介於+15%與+30%之間）; 區間操
作（預期未來六個月股價漲跌輻介於-15%與+15%之間）; 逢高賣出（預期未來六個月股價跌輻介於-15%與-30%之間）；賣出（預
期未來六個月股價跌輻超過-30%）。 
本刊所刊載之內容僅做為參考，惟已力求正確與完整，但因時間及市場客觀因素改變所造成產業、市場或個股之相關條件改變，投資人需自行考量
投資之需求與風險，本公司恕不負擔任何法律責任。任何轉載或引用本報告內容必須經本公司同意。 
 
- 2 - 
個股報告 
簡 要 財 務 預 估 資 訊 
會計 
年度 
營收 
營業利益 
稅後純益 
每股盈餘 
每股現金 
股利(元) 
ROE 
(%) 
PER 
(X) 
PBR 
(X) 
(億元) YoY(%) (億元) YoY(%) 
(億元) YoY(%) 
(元) 
YoY(%) 
2024 
30.0
16.7 
8.9
6.7
6.7 
19.1
11.81 
9.7
3.2
25.2
14.6 
2.5 
2025 
34.9
16.2 
10.1
13.3
7.4 
10.6
12.71 
7.6
5.5
19.7
13.7 
2.3 
2026(F) 
44.5
27.7 
12.9
28.2
9.3 
26.1
15.91 
25.1
7.0
19.6
11.6 
2.1 
資料來源：CMoney；兆豐國際預估 
 
營 運 分 析 
公司為台灣唯一設廠於中國之隱形眼鏡製造商 
望隼主要從事軟式拋棄型隱形眼鏡之研發、製造及銷售，所有產品均為自行
研發，並致力於國內外隱形眼鏡委外代工業務，產品銷售遍布日本、中國、
美國及台灣等地，目前已開發多種不同含水量、圖紋及功能之隱形眼鏡，依
使用週期，可區分為日、雙週及月拋，依鏡片功能，則區分為濾藍光、近視
矯正、散光、多焦及改變虹膜顏色之美瞳鏡片，銷售對象以隱形眼鏡品牌廠
商為主。 
 
公司美瞳片於2014 年開始出日本，Sincere 是首家客戶；2015 年透片開始
出中國，2019 年視准取證並開啟在地供應中國市場；2020 年濾藍光鏡片開
始出日本；2021 年運動鏡片開始出美國；2022 年底矽水膠產品正式於台灣
開賣。 
 
望隼廠房分別為竹南總部、二廠及江",45682d2d8abd46f5feccb501,31,,PENDING,,PENDING,,PENDING,0.50,ORANGE,STAGE_TABLELIKE_EXPANSION_REVIEW,VRN_1D1_REPORTTEXT_TABLELIKE_EXPANSION,C:\Users\tonyk\OneDrive\VeritasIntelligenceAnalytics\module\VRN\output\_route_lock_runs\RUN_20260525_195119_VRN_GO_M01_60PDF_FULL_V120\full_input_60pdf\20260519兆豐個股報告-望隼(4771).pdf,2026-06-15T16:25:25.763600,c1edc18a0da0d945d4db417e90b64f1c2f5ae52a
33280450a5af073c2547,dc367a89b6fb,4771,,兆豐,2026-05-19,2024,2024,,IS,operating_income,營業利益,13.7,13.7,%,TWD,,2," 
評等分級：買進（預期未來六個月股價漲輻超過+30%）; 逢低買進（預期未來六個月股價漲輻介於+15%與+30%之間）; 區間操
作（預期未來六個月股價漲跌輻介於-15%與+15%之間）; 逢高賣出（預期未來六個月股價跌輻介於-15%與-30%之間）；賣出（預
期未來六個月股價跌輻超過-30%）。 
本刊所刊載之內容僅做為參考，惟已力求正確與完整，但因時間及市場客觀因素改變所造成產業、市場或個股之相關條件改變，投資人需自行考量
投資之需求與風險，本公司恕不負擔任何法律責任。任何轉載或引用本報告內容必須經本公司同意。 
 
- 2 - 
個股報告 
簡 要 財 務 預 估 資 訊 
會計 
年度 
營收 
營業利益 
稅後純益 
每股盈餘 
每股現金 
股利(元) 
ROE 
(%) 
PER 
(X) 
PBR 
(X) 
(億元) YoY(%) (億元) YoY(%) 
(億元) YoY(%) 
(元) 
YoY(%) 
2024 
30.0
16.7 
8.9
6.7
6.7 
19.1
11.81 
9.7
3.2
25.2
14.6 
2.5 
2025 
34.9
16.2 
10.1
13.3
7.4 
10.6
12.71 
7.6
5.5
19.7
13.7 
2.3 
2026(F) 
44.5
27.7 
12.9
28.2
9.3 
26.1
15.91 
25.1
7.0
19.6
11.6 
2.1 
資料來源：CMoney；兆豐國際預估 
 
營 運 分 析 
公司為台灣唯一設廠於中國之隱形眼鏡製造商 
望隼主要從事軟式拋棄型隱形眼鏡之研發、製造及銷售，所有產品均為自行
研發，並致力於國內外隱形眼鏡委外代工業務，產品銷售遍布日本、中國、
美國及台灣等地，目前已開發多種不同含水量、圖紋及功能之隱形眼鏡，依
使用週期，可區分為日、雙週及月拋，依鏡片功能，則區分為濾藍光、近視
矯正、散光、多焦及改變虹膜顏色之美瞳鏡片，銷售對象以隱形眼鏡品牌廠
商為主。 
 
公司美瞳片於2014 年開始出日本，Sincere 是首家客戶；2015 年透片開始
出中國，2019 年視准取證並開啟在地供應中國市場；2020 年濾藍光鏡片開
始出日本；2021 年運動鏡片開始出美國；2022 年底矽水膠產品正式於台灣
開賣。 
 
望隼廠房分別為竹南總部、二廠及江",45682d2d8abd46f5feccb501,32,,PENDING,,PENDING,,PENDING,0.50,ORANGE,STAGE_TABLELIKE_EXPANSION_REVIEW,VRN_1D1_REPORTTEXT_TABLELIKE_EXPANSION,C:\Users\tonyk\OneDrive\VeritasIntelligenceAnalytics\module\VRN\output\_route_lock_runs\RUN_20260525_195119_VRN_GO_M01_60PDF_FULL_V120\full_input_60pdf\20260519兆豐個股報告-望隼(4771).pdf,2026-06-15T16:25:25.763609,71691a484c3eb5977605d894ac29a1c1e4eccd9a
33280450a5af073c2547,dc367a89b6fb,4771,,兆豐,2026-05-19,2024,2024,,IS,operating_income,營業利益,2.3,2.3,%,TWD,,2," 
評等分級：買進（預期未來六個月股價漲輻超過+30%）; 逢低買進（預期未來六個月股價漲輻介於+15%與+30%之間）; 區間操
作（預期未來六個月股價漲跌輻介於-15%與+15%之間）; 逢高賣出（預期未來六個月股價跌輻介於-15%與-30%之間）；賣出（預
期未來六個月股價跌輻超過-30%）。 
本刊所刊載之內容僅做為參考，惟已力求正確與完整，但因時間及市場客觀因素改變所造成產業、市場或個股之相關條件改變，投資人需自行考量
投資之需求與風險，本公司恕不負擔任何法律責任。任何轉載或引用本報告內容必須經本公司同意。 
 
- 2 - 
個股報告 
簡 要 財 務 預 估 資 訊 
會計 
年度 
營收 
營業利益 
稅後純益 
每股盈餘 
每股現金 
股利(元) 
ROE 
(%) 
PER 
(X) 
PBR 
(X) 
(億元) YoY(%) (億元) YoY(%) 
(億元) YoY(%) 
(元) 
YoY(%) 
2024 
30.0
16.7 
8.9
6.7
6.7 
19.1
11.81 
9.7
3.2
25.2
14.6 
2.5 
2025 
34.9
16.2 
10.1
13.3
7.4 
10.6
12.71 
7.6
5.5
19.7
13.7 
2.3 
2026(F) 
44.5
27.7 
12.9
28.2
9.3 
26.1
15.91 
25.1
7.0
19.6
11.6 
2.1 
資料來源：CMoney；兆豐國際預估 
 
營 運 分 析 
公司為台灣唯一設廠於中國之隱形眼鏡製造商 
望隼主要從事軟式拋棄型隱形眼鏡之研發、製造及銷售，所有產品均為自行
研發，並致力於國內外隱形眼鏡委外代工業務，產品銷售遍布日本、中國、
美國及台灣等地，目前已開發多種不同含水量、圖紋及功能之隱形眼鏡，依
使用週期，可區分為日、雙週及月拋，依鏡片功能，則區分為濾藍光、近視
矯正、散光、多焦及改變虹膜顏色之美瞳鏡片，銷售對象以隱形眼鏡品牌廠
商為主。 
 
公司美瞳片於2014 年開始出日本，Sincere 是首家客戶；2015 年透片開始
出中國，2019 年視准取證並開啟在地供應中國市場；2020 年濾藍光鏡片開
始出日本；2021 年運動鏡片開始出美國；2022 年底矽水膠產品正式於台灣
開賣。 
 
望隼廠房分別為竹南總部、二廠及江",45682d2d8abd46f5feccb501,33,,PENDING,,PENDING,,PENDING,0.50,ORANGE,STAGE_TABLELIKE_EXPANSION_REVIEW,VRN_1D1_REPORTTEXT_TABLELIKE_EXPANSION,C:\Users\tonyk\OneDrive\VeritasIntelligenceAnalytics\module\VRN\output\_route_lock_runs\RUN_20260525_195119_VRN_GO_M01_60PDF_FULL_V120\full_input_60pdf\20260519兆豐個股報告-望隼(4771).pdf,2026-06-15T16:25:25.763619,7e7a67a99de4c7ae4c98b97a1749269dff519443
33280450a5af073c2547,dc367a89b6fb,4771,,兆豐,2026-05-19,2024,2024,,IS,operating_income,營業利益,44.5,44.5,%,TWD,,2," 
評等分級：買進（預期未來六個月股價漲輻超過+30%）; 逢低買進（預期未來六個月股價漲輻介於+15%與+30%之間）; 區間操
作（預期未來六個月股價漲跌輻介於-15%與+15%之間）; 逢高賣出（預期未來六個月股價跌輻介於-15%與-30%之間）；賣出（預
期未來六個月股價跌輻超過-30%）。 
本刊所刊載之內容僅做為參考，惟已力求正確與完整，但因時間及市場客觀因素改變所造成產業、市場或個股之相關條件改變，投資人需自行考量
投資之需求與風險，本公司恕不負擔任何法律責任。任何轉載或引用本報告內容必須經本公司同意。 
 
- 2 - 
個股報告 
簡 要 財 務 預 估 資 訊 
會計 
年度 
營收 
營業利益 
稅後純益 
每股盈餘 
每股現金 
股利(元) 
ROE 
(%) 
PER 
(X) 
PBR 
(X) 
(億元) YoY(%) (億元) YoY(%) 
(億元) YoY(%) 
(元) 
YoY(%) 
2024 
30.0
16.7 
8.9
6.7
6.7 
19.1
11.81 
9.7
3.2
25.2
14.6 
2.5 
2025 
34.9
16.2 
10.1
13.3
7.4 
10.6
12.71 
7.6
5.5
19.7
13.7 
2.3 
2026(F) 
44.5
27.7 
12.9
28.2
9.3 
26.1
15.91 
25.1
7.0
19.6
11.6 
2.1 
資料來源：CMoney；兆豐國際預估 
 
營 運 分 析 
公司為台灣唯一設廠於中國之隱形眼鏡製造商 
望隼主要從事軟式拋棄型隱形眼鏡之研發、製造及銷售，所有產品均為自行
研發，並致力於國內外隱形眼鏡委外代工業務，產品銷售遍布日本、中國、
美國及台灣等地，目前已開發多種不同含水量、圖紋及功能之隱形眼鏡，依
使用週期，可區分為日、雙週及月拋，依鏡片功能，則區分為濾藍光、近視
矯正、散光、多焦及改變虹膜顏色之美瞳鏡片，銷售對象以隱形眼鏡品牌廠
商為主。 
 
公司美瞳片於2014 年開始出日本，Sincere 是首家客戶；2015 年透片開始
出中國，2019 年視准取證並開啟在地供應中國市場；2020 年濾藍光鏡片開
始出日本；2021 年運動鏡片開始出美國；2022 年底矽水膠產品正式於台灣
開賣。 
 
望隼廠房分別為竹南總部、二廠及江",45682d2d8abd46f5feccb501,34,,PENDING,,PENDING,,PENDING,0.50,ORANGE,STAGE_TABLELIKE_EXPANSION_REVIEW,VRN_1D1_REPORTTEXT_TABLELIKE_EXPANSION,C:\Users\tonyk\OneDrive\VeritasIntelligenceAnalytics\module\VRN\output\_route_lock_runs\RUN_20260525_195119_VRN_GO_M01_60PDF_FULL_V120\full_input_60pdf\20260519兆豐個股報告-望隼(4771).pdf,2026-06-15T16:25:25.763631,89ab9d3673956f43fd974c635e5cdbd483182b68
33280450a5af073c2547,dc367a89b6fb,4771,,兆豐,2026-05-19,2024,2024,,IS,operating_income,營業利益,27.7,27.7,%,TWD,,2," 
評等分級：買進（預期未來六個月股價漲輻超過+30%）; 逢低買進（預期未來六個月股價漲輻介於+15%與+30%之間）; 區間操
作（預期未來六個月股價漲跌輻介於-15%與+15%之間）; 逢高賣出（預期未來六個月股價跌輻介於-15%與-30%之間）；賣出（預
期未來六個月股價跌輻超過-30%）。 
本刊所刊載之內容僅做為參考，惟已力求正確與完整，但因時間及市場客觀因素改變所造成產業、市場或個股之相關條件改變，投資人需自行考量
投資之需求與風險，本公司恕不負擔任何法律責任。任何轉載或引用本報告內容必須經本公司同意。 
 
- 2 - 
個股報告 
簡 要 財 務 預 估 資 訊 
會計 
年度 
營收 
營業利益 
稅後純益 
每股盈餘 
每股現金 
股利(元) 
ROE 
(%) 
PER 
(X) 
PBR 
(X) 
(億元) YoY(%) (億元) YoY(%) 
(億元) YoY(%) 
(元) 
YoY(%) 
2024 
30.0
16.7 
8.9
6.7
6.7 
19.1
11.81 
9.7
3.2
25.2
14.6 
2.5 
2025 
34.9
16.2 
10.1
13.3
7.4 
10.6
12.71 
7.6
5.5
19.7
13.7 
2.3 
2026(F) 
44.5
27.7 
12.9
28.2
9.3 
26.1
15.91 
25.1
7.0
19.6
11.6 
2.1 
資料來源：CMoney；兆豐國際預估 
 
營 運 分 析 
公司為台灣唯一設廠於中國之隱形眼鏡製造商 
望隼主要從事軟式拋棄型隱形眼鏡之研發、製造及銷售，所有產品均為自行
研發，並致力於國內外隱形眼鏡委外代工業務，產品銷售遍布日本、中國、
美國及台灣等地，目前已開發多種不同含水量、圖紋及功能之隱形眼鏡，依
使用週期，可區分為日、雙週及月拋，依鏡片功能，則區分為濾藍光、近視
矯正、散光、多焦及改變虹膜顏色之美瞳鏡片，銷售對象以隱形眼鏡品牌廠
商為主。 
 
公司美瞳片於2014 年開始出日本，Sincere 是首家客戶；2015 年透片開始
出中國，2019 年視准取證並開啟在地供應中國市場；2020 年濾藍光鏡片開
始出日本；2021 年運動鏡片開始出美國；2022 年底矽水膠產品正式於台灣
開賣。 
 
望隼廠房分別為竹南總部、二廠及江",45682d2d8abd46f5feccb501,35,,PENDING,,PENDING,,PENDING,0.50,ORANGE,STAGE_TABLELIKE_EXPANSION_REVIEW,VRN_1D1_REPORTTEXT_TABLELIKE_EXPANSION,C:\Users\tonyk\OneDrive\VeritasIntelligenceAnalytics\module\VRN\output\_route_lock_runs\RUN_20260525_195119_VRN_GO_M01_60PDF_FULL_V120\full_input_60pdf\20260519兆豐個股報告-望隼(4771).pdf,2026-06-15T16:25:25.763641,aa46893efe33e644a0beba3cecd48ada9a917bb2
33280450a5af073c2547,dc367a89b6fb,4771,,兆豐,2026-05-19,2024,2024,,IS,operating_income,營業利益,12.9,12.9,%,TWD,,2," 
評等分級：買進（預期未來六個月股價漲輻超過+30%）; 逢低買進（預期未來六個月股價漲輻介於+15%與+30%之間）; 區間操
作（預期未來六個月股價漲跌輻介於-15%與+15%之間）; 逢高賣出（預期未來六個月股價跌輻介於-15%與-30%之間）；賣出（預
期未來六個月股價跌輻超過-30%）。 
本刊所刊載之內容僅做為參考，惟已力求正確與完整，但因時間及市場客觀因素改變所造成產業、市場或個股之相關條件改變，投資人需自行考量
投資之需求與風險，本公司恕不負擔任何法律責任。任何轉載或引用本報告內容必須經本公司同意。 
 
- 2 - 
個股報告 
簡 要 財 務 預 估 資 訊 
會計 
年度 
營收 
營業利益 
稅後純益 
每股盈餘 
每股現金 
股利(元) 
ROE 
(%) 
PER 
(X) 
PBR 
(X) 
(億元) YoY(%) (億元) YoY(%) 
(億元) YoY(%) 
(元) 
YoY(%) 
2024 
30.0
16.7 
8.9
6.7
6.7 
19.1
11.81 
9.7
3.2
25.2
14.6 
2.5 
2025 
34.9
16.2 
10.1
13.3
7.4 
10.6
12.71 
7.6
5.5
19.7
13.7 
2.3 
2026(F) 
44.5
27.7 
12.9
28.2
9.3 
26.1
15.91 
25.1
7.0
19.6
11.6 
2.1 
資料來源：CMoney；兆豐國際預估 
 
營 運 分 析 
公司為台灣唯一設廠於中國之隱形眼鏡製造商 
望隼主要從事軟式拋棄型隱形眼鏡之研發、製造及銷售，所有產品均為自行
研發，並致力於國內外隱形眼鏡委外代工業務，產品銷售遍布日本、中國、
美國及台灣等地，目前已開發多種不同含水量、圖紋及功能之隱形眼鏡，依
使用週期，可區分為日、雙週及月拋，依鏡片功能，則區分為濾藍光、近視
矯正、散光、多焦及改變虹膜顏色之美瞳鏡片，銷售對象以隱形眼鏡品牌廠
商為主。 
 
公司美瞳片於2014 年開始出日本，Sincere 是首家客戶；2015 年透片開始
出中國，2019 年視准取證並開啟在地供應中國市場；2020 年濾藍光鏡片開
始出日本；2021 年運動鏡片開始出美國；2022 年底矽水膠產品正式於台灣
開賣。 
 
望隼廠房分別為竹南總部、二廠及江",45682d2d8abd46f5feccb501,36,,PENDING,,PENDING,,PENDING,0.50,ORANGE,STAGE_TABLELIKE_EXPANSION_REVIEW,VRN_1D1_REPORTTEXT_TABLELIKE_EXPANSION,C:\Users\tonyk\OneDrive\VeritasIntelligenceAnalytics\module\VRN\output\_route_lock_runs\RUN_20260525_195119_VRN_GO_M01_60PDF_FULL_V120\full_input_60pdf\20260519兆豐個股報告-望隼(4771).pdf,2026-06-15T16:25:25.763650,ccf88bfcba2f4ec91ec7ee1789d4d1c93ea4aa52
33280450a5af073c2547,dc367a89b6fb,4771,,兆豐,2026-05-19,2024,2024,,IS,operating_income,營業利益,28.2,28.2,%,TWD,,2," 
評等分級：買進（預期未來六個月股價漲輻超過+30%）; 逢低買進（預期未來六個月股價漲輻介於+15%與+30%之間）; 區間操
作（預期未來六個月股價漲跌輻介於-15%與+15%之間）; 逢高賣出（預期未來六個月股價跌輻介於-15%與-30%之間）；賣出（預
期未來六個月股價跌輻超過-30%）。 
本刊所刊載之內容僅做為參考，惟已力求正確與完整，但因時間及市場客觀因素改變所造成產業、市場或個股之相關條件改變，投資人需自行考量
投資之需求與風險，本公司恕不負擔任何法律責任。任何轉載或引用本報告內容必須經本公司同意。 
 
- 2 - 
個股報告 
簡 要 財 務 預 估 資 訊 
會計 
年度 
營收 
營業利益 
稅後純益 
每股盈餘 
每股現金 
股利(元) 
ROE 
(%) 
PER 
(X) 
PBR 
(X) 
(億元) YoY(%) (億元) YoY(%) 
(億元) YoY(%) 
(元) 
YoY(%) 
2024 
30.0
16.7 
8.9
6.7
6.7 
19.1
11.81 
9.7
3.2
25.2
14.6 
2.5 
2025 
34.9
16.2 
10.1
13.3
7.4 
10.6
12.71 
7.6
5.5
19.7
13.7 
2.3 
2026(F) 
44.5
27.7 
12.9
28.2
9.3 
26.1
15.91 
25.1
7.0
19.6
11.6 
2.1 
資料來源：CMoney；兆豐國際預估 
 
營 運 分 析 
公司為台灣唯一設廠於中國之隱形眼鏡製造商 
望隼主要從事軟式拋棄型隱形眼鏡之研發、製造及銷售，所有產品均為自行
研發，並致力於國內外隱形眼鏡委外代工業務，產品銷售遍布日本、中國、
美國及台灣等地，目前已開發多種不同含水量、圖紋及功能之隱形眼鏡，依
使用週期，可區分為日、雙週及月拋，依鏡片功能，則區分為濾藍光、近視
矯正、散光、多焦及改變虹膜顏色之美瞳鏡片，銷售對象以隱形眼鏡品牌廠
商為主。 
 
公司美瞳片於2014 年開始出日本，Sincere 是首家客戶；2015 年透片開始
出中國，2019 年視准取證並開啟在地供應中國市場；2020 年濾藍光鏡片開
始出日本；2021 年運動鏡片開始出美國；2022 年底矽水膠產品正式於台灣
開賣。 
 
望隼廠房分別為竹南總部、二廠及江",45682d2d8abd46f5feccb501,37,,PENDING,,PENDING,,PENDING,0.50,ORANGE,STAGE_TABLELIKE_EXPANSION_REVIEW,VRN_1D1_REPORTTEXT_TABLELIKE_EXPANSION,C:\Users\tonyk\OneDrive\VeritasIntelligenceAnalytics\module\VRN\output\_route_lock_runs\RUN_20260525_195119_VRN_GO_M01_60PDF_FULL_V120\full_input_60pdf\20260519兆豐個股報告-望隼(4771).pdf,2026-06-15T16:25:25.763660,a4c7819e6911ffc20175c92bbf18cd2ac363e60a
33280450a5af073c2547,dc367a89b6fb,4771,,兆豐,2026-05-19,2024,2024,,IS,operating_income,營業利益,9.3,9.3,%,TWD,,2," 
評等分級：買進（預期未來六個月股價漲輻超過+30%）; 逢低買進（預期未來六個月股價漲輻介於+15%與+30%之間）; 區間操
作（預期未來六個月股價漲跌輻介於-15%與+15%之間）; 逢高賣出（預期未來六個月股價跌輻介於-15%與-30%之間）；賣出（預
期未來六個月股價跌輻超過-30%）。 
本刊所刊載之內容僅做為參考，惟已力求正確與完整，但因時間及市場客觀因素改變所造成產業、市場或個股之相關條件改變，投資人需自行考量
投資之需求與風險，本公司恕不負擔任何法律責任。任何轉載或引用本報告內容必須經本公司同意。 
 
- 2 - 
個股報告 
簡 要 財 務 預 估 資 訊 
會計 
年度 
營收 
營業利益 
稅後純益 
每股盈餘 
每股現金 
股利(元) 
ROE 
(%) 
PER 
(X) 
PBR 
(X) 
(億元) YoY(%) (億元) YoY(%) 
(億元) YoY(%) 
(元) 
YoY(%) 
2024 
30.0
16.7 
8.9
6.7
6.7 
19.1
11.81 
9.7
3.2
25.2
14.6 
2.5 
2025 
34.9
16.2 
10.1
13.3
7.4 
10.6
12.71 
7.6
5.5
19.7
13.7 
2.3 
2026(F) 
44.5
27.7 
12.9
28.2
9.3 
26.1
15.91 
25.1
7.0
19.6
11.6 
2.1 
資料來源：CMoney；兆豐國際預估 
 
營 運 分 析 
公司為台灣唯一設廠於中國之隱形眼鏡製造商 
望隼主要從事軟式拋棄型隱形眼鏡之研發、製造及銷售，所有產品均為自行
研發，並致力於國內外隱形眼鏡委外代工業務，產品銷售遍布日本、中國、
美國及台灣等地，目前已開發多種不同含水量、圖紋及功能之隱形眼鏡，依
使用週期，可區分為日、雙週及月拋，依鏡片功能，則區分為濾藍光、近視
矯正、散光、多焦及改變虹膜顏色之美瞳鏡片，銷售對象以隱形眼鏡品牌廠
商為主。 
 
公司美瞳片於2014 年開始出日本，Sincere 是首家客戶；2015 年透片開始
出中國，2019 年視准取證並開啟在地供應中國市場；2020 年濾藍光鏡片開
始出日本；2021 年運動鏡片開始出美國；2022 年底矽水膠產品正式於台灣
開賣。 
 
望隼廠房分別為竹南總部、二廠及江",45682d2d8abd46f5feccb501,38,,PENDING,,PENDING,,PENDING,0.50,ORANGE,STAGE_TABLELIKE_EXPANSION_REVIEW,VRN_1D1_REPORTTEXT_TABLELIKE_EXPANSION,C:\Users\tonyk\OneDrive\VeritasIntelligenceAnalytics\module\VRN\output\_route_lock_runs\RUN_20260525_195119_VRN_GO_M01_60PDF_FULL_V120\full_input_60pdf\20260519兆豐個股報告-望隼(4771).pdf,2026-06-15T16:25:25.763669,68acb7f8be87d2ba369940c62fd2da04c76f03e1
33280450a5af073c2547,dc367a89b6fb,4771,,兆豐,2026-05-19,2024,2024,,IS,operating_income,營業利益,26.1,26.1,%,TWD,,2," 
評等分級：買進（預期未來六個月股價漲輻超過+30%）; 逢低買進（預期未來六個月股價漲輻介於+15%與+30%之間）; 區間操
作（預期未來六個月股價漲跌輻介於-15%與+15%之間）; 逢高賣出（預期未來六個月股價跌輻介於-15%與-30%之間）；賣出（預
期未來六個月股價跌輻超過-30%）。 
本刊所刊載之內容僅做為參考，惟已力求正確與完整，但因時間及市場客觀因素改變所造成產業、市場或個股之相關條件改變，投資人需自行考量
投資之需求與風險，本公司恕不負擔任何法律責任。任何轉載或引用本報告內容必須經本公司同意。 
 
- 2 - 
個股報告 
簡 要 財 務 預 估 資 訊 
會計 
年度 
營收 
營業利益 
稅後純益 
每股盈餘 
每股現金 
股利(元) 
ROE 
(%) 
PER 
(X) 
PBR 
(X) 
(億元) YoY(%) (億元) YoY(%) 
(億元) YoY(%) 
(元) 
YoY(%) 
2024 
30.0
16.7 
8.9
6.7
6.7 
19.1
11.81 
9.7
3.2
25.2
14.6 
2.5 
2025 
34.9
16.2 
10.1
13.3
7.4 
10.6
12.71 
7.6
5.5
19.7
13.7 
2.3 
2026(F) 
44.5
27.7 
12.9
28.2
9.3 
26.1
15.91 
25.1
7.0
19.6
11.6 
2.1 
資料來源：CMoney；兆豐國際預估 
 
營 運 分 析 
公司為台灣唯一設廠於中國之隱形眼鏡製造商 
望隼主要從事軟式拋棄型隱形眼鏡之研發、製造及銷售，所有產品均為自行
研發，並致力於國內外隱形眼鏡委外代工業務，產品銷售遍布日本、中國、
美國及台灣等地，目前已開發多種不同含水量、圖紋及功能之隱形眼鏡，依
使用週期，可區分為日、雙週及月拋，依鏡片功能，則區分為濾藍光、近視
矯正、散光、多焦及改變虹膜顏色之美瞳鏡片，銷售對象以隱形眼鏡品牌廠
商為主。 
 
公司美瞳片於2014 年開始出日本，Sincere 是首家客戶；2015 年透片開始
出中國，2019 年視准取證並開啟在地供應中國市場；2020 年濾藍光鏡片開
始出日本；2021 年運動鏡片開始出美國；2022 年底矽水膠產品正式於台灣
開賣。 
 
望隼廠房分別為竹南總部、二廠及江",45682d2d8abd46f5feccb501,39,,PENDING,,PENDING,,PENDING,0.50,ORANGE,STAGE_TABLELIKE_EXPANSION_REVIEW,VRN_1D1_REPORTTEXT_TABLELIKE_EXPANSION,C:\Users\tonyk\OneDrive\VeritasIntelligenceAnalytics\module\VRN\output\_route_lock_runs\RUN_20260525_195119_VRN_GO_M01_60PDF_FULL_V120\full_input_60pdf\20260519兆豐個股報告-望隼(4771).pdf,2026-06-15T16:25:25.763679,422bb5dd165ea192f618be51e6e2d916c90813c1
33280450a5af073c2547,dc367a89b6fb,4771,,兆豐,2026-05-19,2024,2024,,IS,operating_income,營業利益,15.91,15.91,%,TWD,,2," 
評等分級：買進（預期未來六個月股價漲輻超過+30%）; 逢低買進（預期未來六個月股價漲輻介於+15%與+30%之間）; 區間操
作（預期未來六個月股價漲跌輻介於-15%與+15%之間）; 逢高賣出（預期未來六個月股價跌輻介於-15%與-30%之間）；賣出（預
期未來六個月股價跌輻超過-30%）。 
本刊所刊載之內容僅做為參考，惟已力求正確與完整，但因時間及市場客觀因素改變所造成產業、市場或個股之相關條件改變，投資人需自行考量
投資之需求與風險，本公司恕不負擔任何法律責任。任何轉載或引用本報告內容必須經本公司同意。 
 
- 2 - 
個股報告 
簡 要 財 務 預 估 資 訊 
會計 
年度 
營收 
營業利益 
稅後純益 
每股盈餘 
每股現金 
股利(元) 
ROE 
(%) 
PER 
(X) 
PBR 
(X) 
(億元) YoY(%) (億元) YoY(%) 
(億元) YoY(%) 
(元) 
YoY(%) 
2024 
30.0
16.7 
8.9
6.7
6.7 
19.1
11.81 
9.7
3.2
25.2
14.6 
2.5 
2025 
34.9
16.2 
10.1
13.3
7.4 
10.6
12.71 
7.6
5.5
19.7
13.7 
2.3 
2026(F) 
44.5
27.7 
12.9
28.2
9.3 
26.1
15.91 
25.1
7.0
19.6
11.6 
2.1 
資料來源：CMoney；兆豐國際預估 
 
營 運 分 析 
公司為台灣唯一設廠於中國之隱形眼鏡製造商 
望隼主要從事軟式拋棄型隱形眼鏡之研發、製造及銷售，所有產品均為自行
研發，並致力於國內外隱形眼鏡委外代工業務，產品銷售遍布日本、中國、
美國及台灣等地，目前已開發多種不同含水量、圖紋及功能之隱形眼鏡，依
使用週期，可區分為日、雙週及月拋，依鏡片功能，則區分為濾藍光、近視
矯正、散光、多焦及改變虹膜顏色之美瞳鏡片，銷售對象以隱形眼鏡品牌廠
商為主。 
 
公司美瞳片於2014 年開始出日本，Sincere 是首家客戶；2015 年透片開始
出中國，2019 年視准取證並開啟在地供應中國市場；2020 年濾藍光鏡片開
始出日本；2021 年運動鏡片開始出美國；2022 年底矽水膠產品正式於台灣
開賣。 
 
望隼廠房分別為竹南總部、二廠及江",45682d2d8abd46f5feccb501,40,,PENDING,,PENDING,,PENDING,0.50,ORANGE,STAGE_TABLELIKE_EXPANSION_REVIEW,VRN_1D1_REPORTTEXT_TABLELIKE_EXPANSION,C:\Users\tonyk\OneDrive\VeritasIntelligenceAnalytics\module\VRN\output\_route_lock_runs\RUN_20260525_195119_VRN_GO_M01_60PDF_FULL_V120\full_input_60pdf\20260519兆豐個股報告-望隼(4771).pdf,2026-06-15T16:25:25.763689,912ff7a6ec27f81bea0d144124acc90011e3c65c
33280450a5af073c2547,dc367a89b6fb,4771,,兆豐,2026-05-19,2024,2024,,IS,operating_income,營業利益,25.1,25.1,%,TWD,,2," 
評等分級：買進（預期未來六個月股價漲輻超過+30%）; 逢低買進（預期未來六個月股價漲輻介於+15%與+30%之間）; 區間操
作（預期未來六個月股價漲跌輻介於-15%與+15%之間）; 逢高賣出（預期未來六個月股價跌輻介於-15%與-30%之間）；賣出（預
期未來六個月股價跌輻超過-30%）。 
本刊所刊載之內容僅做為參考，惟已力求正確與完整，但因時間及市場客觀因素改變所造成產業、市場或個股之相關條件改變，投資人需自行考量
投資之需求與風險，本公司恕不負擔任何法律責任。任何轉載或引用本報告內容必須經本公司同意。 
 
- 2 - 
個股報告 
簡 要 財 務 預 估 資 訊 
會計 
年度 
營收 
營業利益 
稅後純益 
每股盈餘 
每股現金 
股利(元) 
ROE 
(%) 
PER 
(X) 
PBR 
(X) 
(億元) YoY(%) (億元) YoY(%) 
(億元) YoY(%) 
(元) 
YoY(%) 
2024 
30.0
16.7 
8.9
6.7
6.7 
19.1
11.81 
9.7
3.2
25.2
14.6 
2.5 
2025 
34.9
16.2 
10.1
13.3
7.4 
10.6
12.71 
7.6
5.5
19.7
13.7 
2.3 
2026(F) 
44.5
27.7 
12.9
28.2
9.3 
26.1
15.91 
25.1
7.0
19.6
11.6 
2.1 
資料來源：CMoney；兆豐國際預估 
 
營 運 分 析 
公司為台灣唯一設廠於中國之隱形眼鏡製造商 
望隼主要從事軟式拋棄型隱形眼鏡之研發、製造及銷售，所有產品均為自行
研發，並致力於國內外隱形眼鏡委外代工業務，產品銷售遍布日本、中國、
美國及台灣等地，目前已開發多種不同含水量、圖紋及功能之隱形眼鏡，依
使用週期，可區分為日、雙週及月拋，依鏡片功能，則區分為濾藍光、近視
矯正、散光、多焦及改變虹膜顏色之美瞳鏡片，銷售對象以隱形眼鏡品牌廠
商為主。 
 
公司美瞳片於2014 年開始出日本，Sincere 是首家客戶；2015 年透片開始
出中國，2019 年視准取證並開啟在地供應中國市場；2020 年濾藍光鏡片開
始出日本；2021 年運動鏡片開始出美國；2022 年底矽水膠產品正式於台灣
開賣。 
 
望隼廠房分別為竹南總部、二廠及江",45682d2d8abd46f5feccb501,41,,PENDING,,PENDING,,PENDING,0.50,ORANGE,STAGE_TABLELIKE_EXPANSION_REVIEW,VRN_1D1_REPORTTEXT_TABLELIKE_EXPANSION,C:\Users\tonyk\OneDrive\VeritasIntelligenceAnalytics\module\VRN\output\_route_lock_runs\RUN_20260525_195119_VRN_GO_M01_60PDF_FULL_V120\full_input_60pdf\20260519兆豐個股報告-望隼(4771).pdf,2026-06-15T16:25:25.763698,71de2cd27f9dc3746cdfb33187e08fdc9696f637
33280450a5af073c2547,dc367a89b6fb,4771,,兆豐,2026-05-19,2024,2024,,IS,operating_income,營業利益,7.0,7.0,%,TWD,,2," 
評等分級：買進（預期未來六個月股價漲輻超過+30%）; 逢低買進（預期未來六個月股價漲輻介於+15%與+30%之間）; 區間操
作（預期未來六個月股價漲跌輻介於-15%與+15%之間）; 逢高賣出（預期未來六個月股價跌輻介於-15%與-30%之間）；賣出（預
期未來六個月股價跌輻超過-30%）。 
本刊所刊載之內容僅做為參考，惟已力求正確與完整，但因時間及市場客觀因素改變所造成產業、市場或個股之相關條件改變，投資人需自行考量
投資之需求與風險，本公司恕不負擔任何法律責任。任何轉載或引用本報告內容必須經本公司同意。 
 
- 2 - 
個股報告 
簡 要 財 務 預 估 資 訊 
會計 
年度 
營收 
營業利益 
稅後純益 
每股盈餘 
每股現金 
股利(元) 
ROE 
(%) 
PER 
(X) 
PBR 
(X) 
(億元) YoY(%) (億元) YoY(%) 
(億元) YoY(%) 
(元) 
YoY(%) 
2024 
30.0
16.7 
8.9
6.7
6.7 
19.1
11.81 
9.7
3.2
25.2
14.6 
2.5 
2025 
34.9
16.2 
10.1
13.3
7.4 
10.6
12.71 
7.6
5.5
19.7
13.7 
2.3 
2026(F) 
44.5
27.7 
12.9
28.2
9.3 
26.1
15.91 
25.1
7.0
19.6
11.6 
2.1 
資料來源：CMoney；兆豐國際預估 
 
營 運 分 析 
公司為台灣唯一設廠於中國之隱形眼鏡製造商 
望隼主要從事軟式拋棄型隱形眼鏡之研發、製造及銷售，所有產品均為自行
研發，並致力於國內外隱形眼鏡委外代工業務，產品銷售遍布日本、中國、
美國及台灣等地，目前已開發多種不同含水量、圖紋及功能之隱形眼鏡，依
使用週期，可區分為日、雙週及月拋，依鏡片功能，則區分為濾藍光、近視
矯正、散光、多焦及改變虹膜顏色之美瞳鏡片，銷售對象以隱形眼鏡品牌廠
商為主。 
 
公司美瞳片於2014 年開始出日本，Sincere 是首家客戶；2015 年透片開始
出中國，2019 年視准取證並開啟在地供應中國市場；2020 年濾藍光鏡片開
始出日本；2021 年運動鏡片開始出美國；2022 年底矽水膠產品正式於台灣
開賣。 
 
望隼廠房分別為竹南總部、二廠及江",45682d2d8abd46f5feccb501,42,,PENDING,,PENDING,,PENDING,0.50,ORANGE,STAGE_TABLELIKE_EXPANSION_REVIEW,VRN_1D1_REPORTTEXT_TABLELIKE_EXPANSION,C:\Users\tonyk\OneDrive\VeritasIntelligenceAnalytics\module\VRN\output\_route_lock_runs\RUN_20260525_195119_VRN_GO_M01_60PDF_FULL_V120\full_input_60pdf\20260519兆豐個股報告-望隼(4771).pdf,2026-06-15T16:25:25.763708,2809e87e6e23186ae6ad5bf8e8f8f7f7e204aada
33280450a5af073c2547,dc367a89b6fb,4771,,兆豐,2026-05-19,2024,2024,,IS,operating_income,營業利益,19.6,19.6,%,TWD,,2," 
評等分級：買進（預期未來六個月股價漲輻超過+30%）; 逢低買進（預期未來六個月股價漲輻介於+15%與+30%之間）; 區間操
作（預期未來六個月股價漲跌輻介於-15%與+15%之間）; 逢高賣出（預期未來六個月股價跌輻介於-15%與-30%之間）；賣出（預
期未來六個月股價跌輻超過-30%）。 
本刊所刊載之內容僅做為參考，惟已力求正確與完整，但因時間及市場客觀因素改變所造成產業、市場或個股之相關條件改變，投資人需自行考量
投資之需求與風險，本公司恕不負擔任何法律責任。任何轉載或引用本報告內容必須經本公司同意。 
 
- 2 - 
個股報告 
簡 要 財 務 預 估 資 訊 
會計 
年度 
營收 
營業利益 
稅後純益 
每股盈餘 
每股現金 
股利(元) 
ROE 
(%) 
PER 
(X) 
PBR 
(X) 
(億元) YoY(%) (億元) YoY(%) 
(億元) YoY(%) 
(元) 
YoY(%) 
2024 
30.0
16.7 
8.9
6.7
6.7 
19.1
11.81 
9.7
3.2
25.2
14.6 
2.5 
2025 
34.9
16.2 
10.1
13.3
7.4 
10.6
12.71 
7.6
5.5
19.7
13.7 
2.3 
2026(F) 
44.5
27.7 
12.9
28.2
9.3 
26.1
15.91 
25.1
7.0
19.6
11.6 
2.1 
資料來源：CMoney；兆豐國際預估 
 
營 運 分 析 
公司為台灣唯一設廠於中國之隱形眼鏡製造商 
望隼主要從事軟式拋棄型隱形眼鏡之研發、製造及銷售，所有產品均為自行
研發，並致力於國內外隱形眼鏡委外代工業務，產品銷售遍布日本、中國、
美國及台灣等地，目前已開發多種不同含水量、圖紋及功能之隱形眼鏡，依
使用週期，可區分為日、雙週及月拋，依鏡片功能，則區分為濾藍光、近視
矯正、散光、多焦及改變虹膜顏色之美瞳鏡片，銷售對象以隱形眼鏡品牌廠
商為主。 
 
公司美瞳片於2014 年開始出日本，Sincere 是首家客戶；2015 年透片開始
出中國，2019 年視准取證並開啟在地供應中國市場；2020 年濾藍光鏡片開
始出日本；2021 年運動鏡片開始出美國；2022 年底矽水膠產品正式於台灣
開賣。 
 
望隼廠房分別為竹南總部、二廠及江",45682d2d8abd46f5feccb501,43,,PENDING,,PENDING,,PENDING,0.50,ORANGE,STAGE_TABLELIKE_EXPANSION_REVIEW,VRN_1D1_REPORTTEXT_TABLELIKE_EXPANSION,C:\Users\tonyk\OneDrive\VeritasIntelligenceAnalytics\module\VRN\output\_route_lock_runs\RUN_20260525_195119_VRN_GO_M01_60PDF_FULL_V120\full_input_60pdf\20260519兆豐個股報告-望隼(4771).pdf,2026-06-15T16:25:25.763717,bf648832e6cbcde820610423dbe541ef1c7dbd44
33280450a5af073c2547,dc367a89b6fb,4771,,兆豐,2026-05-19,2024,2024,,IS,operating_income,營業利益,11.6,11.6,%,TWD,,2," 
評等分級：買進（預期未來六個月股價漲輻超過+30%）; 逢低買進（預期未來六個月股價漲輻介於+15%與+30%之間）; 區間操
作（預期未來六個月股價漲跌輻介於-15%與+15%之間）; 逢高賣出（預期未來六個月股價跌輻介於-15%與-30%之間）；賣出（預
期未來六個月股價跌輻超過-30%）。 
本刊所刊載之內容僅做為參考，惟已力求正確與完整，但因時間及市場客觀因素改變所造成產業、市場或個股之相關條件改變，投資人需自行考量
投資之需求與風險，本公司恕不負擔任何法律責任。任何轉載或引用本報告內容必須經本公司同意。 
 
- 2 - 
個股報告 
簡 要 財 務 預 估 資 訊 
會計 
年度 
營收 
營業利益 
稅後純益 
每股盈餘 
每股現金 
股利(元) 
ROE 
(%) 
PER 
(X) 
PBR 
(X) 
(億元) YoY(%) (億元) YoY(%) 
(億元) YoY(%) 
(元) 
YoY(%) 
2024 
30.0
16.7 
8.9
6.7
6.7 
19.1
11.81 
9.7
3.2
25.2
14.6 
2.5 
2025 
34.9
16.2 
10.1
13.3
7.4 
10.6
12.71 
7.6
5.5
19.7
13.7 
2.3 
2026(F) 
44.5
27.7 
12.9
28.2
9.3 
26.1
15.91 
25.1
7.0
19.6
11.6 
2.1 
資料來源：CMoney；兆豐國際預估 
 
營 運 分 析 
公司為台灣唯一設廠於中國之隱形眼鏡製造商 
望隼主要從事軟式拋棄型隱形眼鏡之研發、製造及銷售，所有產品均為自行
研發，並致力於國內外隱形眼鏡委外代工業務，產品銷售遍布日本、中國、
美國及台灣等地，目前已開發多種不同含水量、圖紋及功能之隱形眼鏡，依
使用週期，可區分為日、雙週及月拋，依鏡片功能，則區分為濾藍光、近視
矯正、散光、多焦及改變虹膜顏色之美瞳鏡片，銷售對象以隱形眼鏡品牌廠
商為主。 
 
公司美瞳片於2014 年開始出日本，Sincere 是首家客戶；2015 年透片開始
出中國，2019 年視准取證並開啟在地供應中國市場；2020 年濾藍光鏡片開
始出日本；2021 年運動鏡片開始出美國；2022 年底矽水膠產品正式於台灣
開賣。 
 
望隼廠房分別為竹南總部、二廠及江",45682d2d8abd46f5feccb501,44,,PENDING,,PENDING,,PENDING,0.50,ORANGE,STAGE_TABLELIKE_EXPANSION_REVIEW,VRN_1D1_REPORTTEXT_TABLELIKE_EXPANSION,C:\Users\tonyk\OneDrive\VeritasIntelligenceAnalytics\module\VRN\output\_route_lock_runs\RUN_20260525_195119_VRN_GO_M01_60PDF_FULL_V120\full_input_60pdf\20260519兆豐個股報告-望隼(4771).pdf,2026-06-15T16:25:25.763727,f4a15f775fb0ef28c8e1858fd5f5c1fb06ceb66a
33280450a5af073c2547,dc367a89b6fb,4771,,兆豐,2026-05-19,2024,2024,,IS,operating_income,營業利益,2.1,2.1,%,TWD,,2," 
評等分級：買進（預期未來六個月股價漲輻超過+30%）; 逢低買進（預期未來六個月股價漲輻介於+15%與+30%之間）; 區間操
作（預期未來六個月股價漲跌輻介於-15%與+15%之間）; 逢高賣出（預期未來六個月股價跌輻介於-15%與-30%之間）；賣出（預
期未來六個月股價跌輻超過-30%）。 
本刊所刊載之內容僅做為參考，惟已力求正確與完整，但因時間及市場客觀因素改變所造成產業、市場或個股之相關條件改變，投資人需自行考量
投資之需求與風險，本公司恕不負擔任何法律責任。任何轉載或引用本報告內容必須經本公司同意。 
 
- 2 - 
個股報告 
簡 要 財 務 預 估 資 訊 
會計 
年度 
營收 
營業利益 
稅後純益 
每股盈餘 
每股現金 
股利(元) 
ROE 
(%) 
PER 
(X) 
PBR 
(X) 
(億元) YoY(%) (億元) YoY(%) 
(億元) YoY(%) 
(元) 
YoY(%) 
2024 
30.0
16.7 
8.9
6.7
6.7 
19.1
11.81 
9.7
3.2
25.2
14.6 
2.5 
2025 
34.9
16.2 
10.1
13.3
7.4 
10.6
12.71 
7.6
5.5
19.7
13.7 
2.3 
2026(F) 
44.5
27.7 
12.9
28.2
9.3 
26.1
15.91 
25.1
7.0
19.6
11.6 
2.1 
資料來源：CMoney；兆豐國際預估 
 
營 運 分 析 
公司為台灣唯一設廠於中國之隱形眼鏡製造商 
望隼主要從事軟式拋棄型隱形眼鏡之研發、製造及銷售，所有產品均為自行
研發，並致力於國內外隱形眼鏡委外代工業務，產品銷售遍布日本、中國、
美國及台灣等地，目前已開發多種不同含水量、圖紋及功能之隱形眼鏡，依
使用週期，可區分為日、雙週及月拋，依鏡片功能，則區分為濾藍光、近視
矯正、散光、多焦及改變虹膜顏色之美瞳鏡片，銷售對象以隱形眼鏡品牌廠
商為主。 
 
公司美瞳片於2014 年開始出日本，Sincere 是首家客戶；2015 年透片開始
出中國，2019 年視准取證並開啟在地供應中國市場；2020 年濾藍光鏡片開
始出日本；2021 年運動鏡片開始出美國；2022 年底矽水膠產品正式於台灣
開賣。 
 
望隼廠房分別為竹南總部、二廠及江",45682d2d8abd46f5feccb501,45,,PENDING,,PENDING,,PENDING,0.50,ORANGE,STAGE_TABLELIKE_EXPANSION_REVIEW,VRN_1D1_REPORTTEXT_TABLELIKE_EXPANSION,C:\Users\tonyk\OneDrive\VeritasIntelligenceAnalytics\module\VRN\output\_route_lock_runs\RUN_20260525_195119_VRN_GO_M01_60PDF_FULL_V120\full_input_60pdf\20260519兆豐個股報告-望隼(4771).pdf,2026-06-15T16:25:25.763736,92247d47aba83a73227bd6034400a7caf540f2a0
33280450a5af073c2547,dc367a89b6fb,4771,,兆豐,2026-05-19,2024,2024,,IS,operating_income,營業利益,5905.0,"5,905",%,TWD,,2," 
評等分級：買進（預期未來六個月股價漲輻超過+30%）; 逢低買進（預期未來六個月股價漲輻介於+15%與+30%之間）; 區間操
作（預期未來六個月股價漲跌輻介於-15%與+15%之間）; 逢高賣出（預期未來六個月股價跌輻介於-15%與-30%之間）；賣出（預
期未來六個月股價跌輻超過-30%）。 
本刊所刊載之內容僅做為參考，惟已力求正確與完整，但因時間及市場客觀因素改變所造成產業、市場或個股之相關條件改變，投資人需自行考量
投資之需求與風險，本公司恕不負擔任何法律責任。任何轉載或引用本報告內容必須經本公司同意。 
 
- 2 - 
個股報告 
簡 要 財 務 預 估 資 訊 
會計 
年度 
營收 
營業利益 
稅後純益 
每股盈餘 
每股現金 
股利(元) 
ROE 
(%) 
PER 
(X) 
PBR 
(X) 
(億元) YoY(%) (億元) YoY(%) 
(億元) YoY(%) 
(元) 
YoY(%) 
2024 
30.0
16.7 
8.9
6.7
6.7 
19.1
11.81 
9.7
3.2
25.2
14.6 
2.5 
2025 
34.9
16.2 
10.1
13.3
7.4 
10.6
12.71 
7.6
5.5
19.7
13.7 
2.3 
2026(F) 
44.5
27.7 
12.9
28.2
9.3 
26.1
15.91 
25.1
7.0
19.6
11.6 
2.1 
資料來源：CMoney；兆豐國際預估 
 
營 運 分 析 
公司為台灣唯一設廠於中國之隱形眼鏡製造商 
望隼主要從事軟式拋棄型隱形眼鏡之研發、製造及銷售，所有產品均為自行
研發，並致力於國內外隱形眼鏡委外代工業務，產品銷售遍布日本、中國、
美國及台灣等地，目前已開發多種不同含水量、圖紋及功能之隱形眼鏡，依
使用週期，可區分為日、雙週及月拋，依鏡片功能，則區分為濾藍光、近視
矯正、散光、多焦及改變虹膜顏色之美瞳鏡片，銷售對象以隱形眼鏡品牌廠
商為主。 
 
公司美瞳片於2014 年開始出日本，Sincere 是首家客戶；2015 年透片開始
出中國，2019 年視准取證並開啟在地供應中國市場；2020 年濾藍光鏡片開
始出日本；2021 年運動鏡片開始出美國；2022 年底矽水膠產品正式於台灣
開賣。 
 
望隼廠房分別為竹南總部、二廠及江",45682d2d8abd46f5feccb501,46,,PENDING,,PENDING,,PENDING,0.50,ORANGE,STAGE_TABLELIKE_EXPANSION_REVIEW,VRN_1D1_REPORTTEXT_TABLELIKE_EXPANSION,C:\Users\tonyk\OneDrive\VeritasIntelligenceAnalytics\module\VRN\output\_route_lock_runs\RUN_20260525_195119_VRN_GO_M01_60PDF_FULL_V120\full_input_60pdf\20260519兆豐個股報告-望隼(4771).pdf,2026-06-15T16:25:25.763745,0ebffbf95c07149e30149d3fb0e5fc8f174d8c23
33280450a5af073c2547,dc367a89b6fb,4771,,兆豐,2026-05-19,2024,2024,,IS,operating_income,營業利益,57.0,57,%,TWD,,2," 
評等分級：買進（預期未來六個月股價漲輻超過+30%）; 逢低買進（預期未來六個月股價漲輻介於+15%與+30%之間）; 區間操
作（預期未來六個月股價漲跌輻介於-15%與+15%之間）; 逢高賣出（預期未來六個月股價跌輻介於-15%與-30%之間）；賣出（預
期未來六個月股價跌輻超過-30%）。 
本刊所刊載之內容僅做為參考，惟已力求正確與完整，但因時間及市場客觀因素改變所造成產業、市場或個股之相關條件改變，投資人需自行考量
投資之需求與風險，本公司恕不負擔任何法律責任。任何轉載或引用本報告內容必須經本公司同意。 
 
- 2 - 
個股報告 
簡 要 財 務 預 估 資 訊 
會計 
年度 
營收 
營業利益 
稅後純益 
每股盈餘 
每股現金 
股利(元) 
ROE 
(%) 
PER 
(X) 
PBR 
(X) 
(億元) YoY(%) (億元) YoY(%) 
(億元) YoY(%) 
(元) 
YoY(%) 
2024 
30.0
16.7 
8.9
6.7
6.7 
19.1
11.81 
9.7
3.2
25.2
14.6 
2.5 
2025 
34.9
16.2 
10.1
13.3
7.4 
10.6
12.71 
7.6
5.5
19.7
13.7 
2.3 
2026(F) 
44.5
27.7 
12.9
28.2
9.3 
26.1
15.91 
25.1
7.0
19.6
11.6 
2.1 
資料來源：CMoney；兆豐國際預估 
 
營 運 分 析 
公司為台灣唯一設廠於中國之隱形眼鏡製造商 
望隼主要從事軟式拋棄型隱形眼鏡之研發、製造及銷售，所有產品均為自行
研發，並致力於國內外隱形眼鏡委外代工業務，產品銷售遍布日本、中國、
美國及台灣等地，目前已開發多種不同含水量、圖紋及功能之隱形眼鏡，依
使用週期，可區分為日、雙週及月拋，依鏡片功能，則區分為濾藍光、近視
矯正、散光、多焦及改變虹膜顏色之美瞳鏡片，銷售對象以隱形眼鏡品牌廠
商為主。 
 
公司美瞳片於2014 年開始出日本，Sincere 是首家客戶；2015 年透片開始
出中國，2019 年視准取證並開啟在地供應中國市場；2020 年濾藍光鏡片開
始出日本；2021 年運動鏡片開始出美國；2022 年底矽水膠產品正式於台灣
開賣。 
 
望隼廠房分別為竹南總部、二廠及江",45682d2d8abd46f5feccb501,47,,PENDING,,PENDING,,PENDING,0.50,ORANGE,STAGE_TABLELIKE_EXPANSION_REVIEW,VRN_1D1_REPORTTEXT_TABLELIKE_EXPANSION,C:\Users\tonyk\OneDrive\VeritasIntelligenceAnalytics\module\VRN\output\_route_lock_runs\RUN_20260525_195119_VRN_GO_M01_60PDF_FULL_V120\full_input_60pdf\20260519兆豐個股報告-望隼(4771).pdf,2026-06-15T16:25:25.763755,0c52f2a0460d9c87b0aa47919b036f199b7e28b9
33280450a5af073c2547,dc367a89b6fb,4771,,兆豐,2026-05-19,2024,2024,,IS,operating_income,營業利益,20.0,20,%,TWD,,2," 
評等分級：買進（預期未來六個月股價漲輻超過+30%）; 逢低買進（預期未來六個月股價漲輻介於+15%與+30%之間）; 區間操
作（預期未來六個月股價漲跌輻介於-15%與+15%之間）; 逢高賣出（預期未來六個月股價跌輻介於-15%與-30%之間）；賣出（預
期未來六個月股價跌輻超過-30%）。 
本刊所刊載之內容僅做為參考，惟已力求正確與完整，但因時間及市場客觀因素改變所造成產業、市場或個股之相關條件改變，投資人需自行考量
投資之需求與風險，本公司恕不負擔任何法律責任。任何轉載或引用本報告內容必須經本公司同意。 
 
- 2 - 
個股報告 
簡 要 財 務 預 估 資 訊 
會計 
年度 
營收 
營業利益 
稅後純益 
每股盈餘 
每股現金 
股利(元) 
ROE 
(%) 
PER 
(X) 
PBR 
(X) 
(億元) YoY(%) (億元) YoY(%) 
(億元) YoY(%) 
(元) 
YoY(%) 
2024 
30.0
16.7 
8.9
6.7
6.7 
19.1
11.81 
9.7
3.2
25.2
14.6 
2.5 
2025 
34.9
16.2 
10.1
13.3
7.4 
10.6
12.71 
7.6
5.5
19.7
13.7 
2.3 
2026(F) 
44.5
27.7 
12.9
28.2
9.3 
26.1
15.91 
25.1
7.0
19.6
11.6 
2.1 
資料來源：CMoney；兆豐國際預估 
 
營 運 分 析 
公司為台灣唯一設廠於中國之隱形眼鏡製造商 
望隼主要從事軟式拋棄型隱形眼鏡之研發、製造及銷售，所有產品均為自行
研發，並致力於國內外隱形眼鏡委外代工業務，產品銷售遍布日本、中國、
美國及台灣等地，目前已開發多種不同含水量、圖紋及功能之隱形眼鏡，依
使用週期，可區分為日、雙週及月拋，依鏡片功能，則區分為濾藍光、近視
矯正、散光、多焦及改變虹膜顏色之美瞳鏡片，銷售對象以隱形眼鏡品牌廠
商為主。 
 
公司美瞳片於2014 年開始出日本，Sincere 是首家客戶；2015 年透片開始
出中國，2019 年視准取證並開啟在地供應中國市場；2020 年濾藍光鏡片開
始出日本；2021 年運動鏡片開始出美國；2022 年底矽水膠產品正式於台灣
開賣。 
 
望隼廠房分別為竹南總部、二廠及江",45682d2d8abd46f5feccb501,48,,PENDING,,PENDING,,PENDING,0.50,ORANGE,STAGE_TABLELIKE_EXPANSION_REVIEW,VRN_1D1_REPORTTEXT_TABLELIKE_EXPANSION,C:\Users\tonyk\OneDrive\VeritasIntelligenceAnalytics\module\VRN\output\_route_lock_runs\RUN_20260525_195119_VRN_GO_M01_60PDF_FULL_V120\full_input_60pdf\20260519兆豐個股報告-望隼(4771).pdf,2026-06-15T16:25:25.763764,891ef73b169f96d8002ff321c77ba459dc8c20fd
33280450a5af073c2547,dc367a89b6fb,4771,,兆豐,2026-05-19,2024,2024,,IS,operating_income,營業利益,1.0,1,%,TWD,,2," 
評等分級：買進（預期未來六個月股價漲輻超過+30%）; 逢低買進（預期未來六個月股價漲輻介於+15%與+30%之間）; 區間操
作（預期未來六個月股價漲跌輻介於-15%與+15%之間）; 逢高賣出（預期未來六個月股價跌輻介於-15%與-30%之間）；賣出（預
期未來六個月股價跌輻超過-30%）。 
本刊所刊載之內容僅做為參考，惟已力求正確與完整，但因時間及市場客觀因素改變所造成產業、市場或個股之相關條件改變，投資人需自行考量
投資之需求與風險，本公司恕不負擔任何法律責任。任何轉載或引用本報告內容必須經本公司同意。 
 
- 2 - 
個股報告 
簡 要 財 務 預 估 資 訊 
會計 
年度 
營收 
營業利益 
稅後純益 
每股盈餘 
每股現金 
股利(元) 
ROE 
(%) 
PER 
(X) 
PBR 
(X) 
(億元) YoY(%) (億元) YoY(%) 
(億元) YoY(%) 
(元) 
YoY(%) 
2024 
30.0
16.7 
8.9
6.7
6.7 
19.1
11.81 
9.7
3.2
25.2
14.6 
2.5 
2025 
34.9
16.2 
10.1
13.3
7.4 
10.6
12.71 
7.6
5.5
19.7
13.7 
2.3 
2026(F) 
44.5
27.7 
12.9
28.2
9.3 
26.1
15.91 
25.1
7.0
19.6
11.6 
2.1 
資料來源：CMoney；兆豐國際預估 
 
營 運 分 析 
公司為台灣唯一設廠於中國之隱形眼鏡製造商 
望隼主要從事軟式拋棄型隱形眼鏡之研發、製造及銷售，所有產品均為自行
研發，並致力於國內外隱形眼鏡委外代工業務，產品銷售遍布日本、中國、
美國及台灣等地，目前已開發多種不同含水量、圖紋及功能之隱形眼鏡，依
使用週期，可區分為日、雙週及月拋，依鏡片功能，則區分為濾藍光、近視
矯正、散光、多焦及改變虹膜顏色之美瞳鏡片，銷售對象以隱形眼鏡品牌廠
商為主。 
 
公司美瞳片於2014 年開始出日本，Sincere 是首家客戶；2015 年透片開始
出中國，2019 年視准取證並開啟在地供應中國市場；2020 年濾藍光鏡片開
始出日本；2021 年運動鏡片開始出美國；2022 年底矽水膠產品正式於台灣
開賣。 
 
望隼廠房分別為竹南總部、二廠及江",45682d2d8abd46f5feccb501,49,,PENDING,,PENDING,,PENDING,0.50,ORANGE,STAGE_TABLELIKE_EXPANSION_REVIEW,VRN_1D1_REPORTTEXT_TABLELIKE_EXPANSION,C:\Users\tonyk\OneDrive\VeritasIntelligenceAnalytics\module\VRN\output\_route_lock_runs\RUN_20260525_195119_VRN_GO_M01_60PDF_FULL_V120\full_input_60pdf\20260519兆豐個股報告-望隼(4771).pdf,2026-06-15T16:25:25.763774,12dda6186a71de85c9062916278f9ffc4b8b60ad
33280450a5af073c2547,dc367a89b6fb,4771,,兆豐,2026-05-19,2024,2024,,IS,operating_income,營業利益,4.0,4,%,TWD,,2," 
評等分級：買進（預期未來六個月股價漲輻超過+30%）; 逢低買進（預期未來六個月股價漲輻介於+15%與+30%之間）; 區間操
作（預期未來六個月股價漲跌輻介於-15%與+15%之間）; 逢高賣出（預期未來六個月股價跌輻介於-15%與-30%之間）；賣出（預
期未來六個月股價跌輻超過-30%）。 
本刊所刊載之內容僅做為參考，惟已力求正確與完整，但因時間及市場客觀因素改變所造成產業、市場或個股之相關條件改變，投資人需自行考量
投資之需求與風險，本公司恕不負擔任何法律責任。任何轉載或引用本報告內容必須經本公司同意。 
 
- 2 - 
個股報告 
簡 要 財 務 預 估 資 訊 
會計 
年度 
營收 
營業利益 
稅後純益 
每股盈餘 
每股現金 
股利(元) 
ROE 
(%) 
PER 
(X) 
PBR 
(X) 
(億元) YoY(%) (億元) YoY(%) 
(億元) YoY(%) 
(元) 
YoY(%) 
2024 
30.0
16.7 
8.9
6.7
6.7 
19.1
11.81 
9.7
3.2
25.2
14.6 
2.5 
2025 
34.9
16.2 
10.1
13.3
7.4 
10.6
12.71 
7.6
5.5
19.7
13.7 
2.3 
2026(F) 
44.5
27.7 
12.9
28.2
9.3 
26.1
15.91 
25.1
7.0
19.6
11.6 
2.1 
資料來源：CMoney；兆豐國際預估 
 
營 運 分 析 
公司為台灣唯一設廠於中國之隱形眼鏡製造商 
望隼主要從事軟式拋棄型隱形眼鏡之研發、製造及銷售，所有產品均為自行
研發，並致力於國內外隱形眼鏡委外代工業務，產品銷售遍布日本、中國、
美國及台灣等地，目前已開發多種不同含水量、圖紋及功能之隱形眼鏡，依
使用週期，可區分為日、雙週及月拋，依鏡片功能，則區分為濾藍光、近視
矯正、散光、多焦及改變虹膜顏色之美瞳鏡片，銷售對象以隱形眼鏡品牌廠
商為主。 
 
公司美瞳片於2014 年開始出日本，Sincere 是首家客戶；2015 年透片開始
出中國，2019 年視准取證並開啟在地供應中國市場；2020 年濾藍光鏡片開
始出日本；2021 年運動鏡片開始出美國；2022 年底矽水膠產品正式於台灣
開賣。 
 
望隼廠房分別為竹南總部、二廠及江",45682d2d8abd46f5feccb501,50,,PENDING,,PENDING,,PENDING,0.50,ORANGE,STAGE_TABLELIKE_EXPANSION_REVIEW,VRN_1D1_REPORTTEXT_TABLELIKE_EXPANSION,C:\Users\tonyk\OneDrive\VeritasIntelligenceAnalytics\module\VRN\output\_route_lock_runs\RUN_20260525_195119_VRN_GO_M01_60PDF_FULL_V120\full_input_60pdf\20260519兆豐個股報告-望隼(4771).pdf,2026-06-15T16:25:25.763784,3d5127faaffae2c12315aafd38f42dc2a3514aad
33280450a5af073c2547,dc367a89b6fb,4771,,兆豐,2026-05-19,2024,2024,,IS,operating_income,營業利益,35.0,35%,%,TWD,,2," 
評等分級：買進（預期未來六個月股價漲輻超過+30%）; 逢低買進（預期未來六個月股價漲輻介於+15%與+30%之間）; 區間操
作（預期未來六個月股價漲跌輻介於-15%與+15%之間）; 逢高賣出（預期未來六個月股價跌輻介於-15%與-30%之間）；賣出（預
期未來六個月股價跌輻超過-30%）。 
本刊所刊載之內容僅做為參考，惟已力求正確與完整，但因時間及市場客觀因素改變所造成產業、市場或個股之相關條件改變，投資人需自行考量
投資之需求與風險，本公司恕不負擔任何法律責任。任何轉載或引用本報告內容必須經本公司同意。 
 
- 2 - 
個股報告 
簡 要 財 務 預 估 資 訊 
會計 
年度 
營收 
營業利益 
稅後純益 
每股盈餘 
每股現金 
股利(元) 
ROE 
(%) 
PER 
(X) 
PBR 
(X) 
(億元) YoY(%) (億元) YoY(%) 
(億元) YoY(%) 
(元) 
YoY(%) 
2024 
30.0
16.7 
8.9
6.7
6.7 
19.1
11.81 
9.7
3.2
25.2
14.6 
2.5 
2025 
34.9
16.2 
10.1
13.3
7.4 
10.6
12.71 
7.6
5.5
19.7
13.7 
2.3 
2026(F) 
44.5
27.7 
12.9
28.2
9.3 
26.1
15.91 
25.1
7.0
19.6
11.6 
2.1 
資料來源：CMoney；兆豐國際預估 
 
營 運 分 析 
公司為台灣唯一設廠於中國之隱形眼鏡製造商 
望隼主要從事軟式拋棄型隱形眼鏡之研發、製造及銷售，所有產品均為自行
研發，並致力於國內外隱形眼鏡委外代工業務，產品銷售遍布日本、中國、
美國及台灣等地，目前已開發多種不同含水量、圖紋及功能之隱形眼鏡，依
使用週期，可區分為日、雙週及月拋，依鏡片功能，則區分為濾藍光、近視
矯正、散光、多焦及改變虹膜顏色之美瞳鏡片，銷售對象以隱形眼鏡品牌廠
商為主。 
 
公司美瞳片於2014 年開始出日本，Sincere 是首家客戶；2015 年透片開始
出中國，2019 年視准取證並開啟在地供應中國市場；2020 年濾藍光鏡片開
始出日本；2021 年運動鏡片開始出美國；2022 年底矽水膠產品正式於台灣
開賣。 
 
望隼廠房分別為竹南總部、二廠及江",45682d2d8abd46f5feccb501,51,,PENDING,,PENDING,,PENDING,0.50,ORANGE,STAGE_TABLELIKE_EXPANSION_REVIEW,VRN_1D1_REPORTTEXT_TABLELIKE_EXPANSION,C:\Users\tonyk\OneDrive\VeritasIntelligenceAnalytics\module\VRN\output\_route_lock_runs\RUN_20260525_195119_VRN_GO_M01_60PDF_FULL_V120\full_input_60pdf\20260519兆豐個股報告-望隼(4771).pdf,2026-06-15T16:25:25.763794,a1652e87477d22b314f364ec4109725d1770be9f
33280450a5af073c2547,dc367a89b6fb,4771,,兆豐,2026-05-19,2024,2024,,IS,operating_income,營業利益,9.0,9%,%,TWD,,2," 
評等分級：買進（預期未來六個月股價漲輻超過+30%）; 逢低買進（預期未來六個月股價漲輻介於+15%與+30%之間）; 區間操
作（預期未來六個月股價漲跌輻介於-15%與+15%之間）; 逢高賣出（預期未來六個月股價跌輻介於-15%與-30%之間）；賣出（預
期未來六個月股價跌輻超過-30%）。 
本刊所刊載之內容僅做為參考，惟已力求正確與完整，但因時間及市場客觀因素改變所造成產業、市場或個股之相關條件改變，投資人需自行考量
投資之需求與風險，本公司恕不負擔任何法律責任。任何轉載或引用本報告內容必須經本公司同意。 
 
- 2 - 
個股報告 
簡 要 財 務 預 估 資 訊 
會計 
年度 
營收 
營業利益 
稅後純益 
每股盈餘 
每股現金 
股利(元) 
ROE 
(%) 
PER 
(X) 
PBR 
(X) 
(億元) YoY(%) (億元) YoY(%) 
(億元) YoY(%) 
(元) 
YoY(%) 
2024 
30.0
16.7 
8.9
6.7
6.7 
19.1
11.81 
9.7
3.2
25.2
14.6 
2.5 
2025 
34.9
16.2 
10.1
13.3
7.4 
10.6
12.71 
7.6
5.5
19.7
13.7 
2.3 
2026(F) 
44.5
27.7 
12.9
28.2
9.3 
26.1
15.91 
25.1
7.0
19.6
11.6 
2.1 
資料來源：CMoney；兆豐國際預估 
 
營 運 分 析 
公司為台灣唯一設廠於中國之隱形眼鏡製造商 
望隼主要從事軟式拋棄型隱形眼鏡之研發、製造及銷售，所有產品均為自行
研發，並致力於國內外隱形眼鏡委外代工業務，產品銷售遍布日本、中國、
美國及台灣等地，目前已開發多種不同含水量、圖紋及功能之隱形眼鏡，依
使用週期，可區分為日、雙週及月拋，依鏡片功能，則區分為濾藍光、近視
矯正、散光、多焦及改變虹膜顏色之美瞳鏡片，銷售對象以隱形眼鏡品牌廠
商為主。 
 
公司美瞳片於2014 年開始出日本，Sincere 是首家客戶；2015 年透片開始
出中國，2019 年視准取證並開啟在地供應中國市場；2020 年濾藍光鏡片開
始出日本；2021 年運動鏡片開始出美國；2022 年底矽水膠產品正式於台灣
開賣。 
 
望隼廠房分別為竹南總部、二廠及江",45682d2d8abd46f5feccb501,52,,PENDING,,PENDING,,PENDING,0.50,ORANGE,STAGE_TABLELIKE_EXPANSION_REVIEW,VRN_1D1_REPORTTEXT_TABLELIKE_EXPANSION,C:\Users\tonyk\OneDrive\VeritasIntelligenceAnalytics\module\VRN\output\_route_lock_runs\RUN_20260525_195119_VRN_GO_M01_60PDF_FULL_V120\full_input_60pdf\20260519兆豐個股報告-望隼(4771).pdf,2026-06-15T16:25:25.763803,734c62ef7c1307e960986f6e89fb587e58544ba7
33280450a5af073c2547,dc367a89b6fb,4771,,兆豐,2026-05-19,2024,2024,,IS,operating_income,營業利益,54.0,54%,%,TWD,,2," 
評等分級：買進（預期未來六個月股價漲輻超過+30%）; 逢低買進（預期未來六個月股價漲輻介於+15%與+30%之間）; 區間操
作（預期未來六個月股價漲跌輻介於-15%與+15%之間）; 逢高賣出（預期未來六個月股價跌輻介於-15%與-30%之間）；賣出（預
期未來六個月股價跌輻超過-30%）。 
本刊所刊載之內容僅做為參考，惟已力求正確與完整，但因時間及市場客觀因素改變所造成產業、市場或個股之相關條件改變，投資人需自行考量
投資之需求與風險，本公司恕不負擔任何法律責任。任何轉載或引用本報告內容必須經本公司同意。 
 
- 2 - 
個股報告 
簡 要 財 務 預 估 資 訊 
會計 
年度 
營收 
營業利益 
稅後純益 
每股盈餘 
每股現金 
股利(元) 
ROE 
(%) 
PER 
(X) 
PBR 
(X) 
(億元) YoY(%) (億元) YoY(%) 
(億元) YoY(%) 
(元) 
YoY(%) 
2024 
30.0
16.7 
8.9
6.7
6.7 
19.1
11.81 
9.7
3.2
25.2
14.6 
2.5 
2025 
34.9
16.2 
10.1
13.3
7.4 
10.6
12.71 
7.6
5.5
19.7
13.7 
2.3 
2026(F) 
44.5
27.7 
12.9
28.2
9.3 
26.1
15.91 
25.1
7.0
19.6
11.6 
2.1 
資料來源：CMoney；兆豐國際預估 
 
營 運 分 析 
公司為台灣唯一設廠於中國之隱形眼鏡製造商 
望隼主要從事軟式拋棄型隱形眼鏡之研發、製造及銷售，所有產品均為自行
研發，並致力於國內外隱形眼鏡委外代工業務，產品銷售遍布日本、中國、
美國及台灣等地，目前已開發多種不同含水量、圖紋及功能之隱形眼鏡，依
使用週期，可區分為日、雙週及月拋，依鏡片功能，則區分為濾藍光、近視
矯正、散光、多焦及改變虹膜顏色之美瞳鏡片，銷售對象以隱形眼鏡品牌廠
商為主。 
 
公司美瞳片於2014 年開始出日本，Sincere 是首家客戶；2015 年透片開始
出中國，2019 年視准取證並開啟在地供應中國市場；2020 年濾藍光鏡片開
始出日本；2021 年運動鏡片開始出美國；2022 年底矽水膠產品正式於台灣
開賣。 
 
望隼廠房分別為竹南總部、二廠及江",45682d2d8abd46f5feccb501,53,,PENDING,,PENDING,,PENDING,0.50,ORANGE,STAGE_TABLELIKE_EXPANSION_REVIEW,VRN_1D1_REPORTTEXT_TABLELIKE_EXPANSION,C:\Users\tonyk\OneDrive\VeritasIntelligenceAnalytics\module\VRN\output\_route_lock_runs\RUN_20260525_195119_VRN_GO_M01_60PDF_FULL_V120\full_input_60pdf\20260519兆豐個股報告-望隼(4771).pdf,2026-06-15T16:25:25.763812,e26fc2a6a232c2b4ca64b8a708cd206aefb8f271
33280450a5af073c2547,dc367a89b6fb,4771,,兆豐,2026-05-19,2024,2024,,IS,operating_income,營業利益,67.0,67%,%,TWD,,2," 
評等分級：買進（預期未來六個月股價漲輻超過+30%）; 逢低買進（預期未來六個月股價漲輻介於+15%與+30%之間）; 區間操
作（預期未來六個月股價漲跌輻介於-15%與+15%之間）; 逢高賣出（預期未來六個月股價跌輻介於-15%與-30%之間）；賣出（預
期未來六個月股價跌輻超過-30%）。 
本刊所刊載之內容僅做為參考，惟已力求正確與完整，但因時間及市場客觀因素改變所造成產業、市場或個股之相關條件改變，投資人需自行考量
投資之需求與風險，本公司恕不負擔任何法律責任。任何轉載或引用本報告內容必須經本公司同意。 
 
- 2 - 
個股報告 
簡 要 財 務 預 估 資 訊 
會計 
年度 
營收 
營業利益 
稅後純益 
每股盈餘 
每股現金 
股利(元) 
ROE 
(%) 
PER 
(X) 
PBR 
(X) 
(億元) YoY(%) (億元) YoY(%) 
(億元) YoY(%) 
(元) 
YoY(%) 
2024 
30.0
16.7 
8.9
6.7
6.7 
19.1
11.81 
9.7
3.2
25.2
14.6 
2.5 
2025 
34.9
16.2 
10.1
13.3
7.4 
10.6
12.71 
7.6
5.5
19.7
13.7 
2.3 
2026(F) 
44.5
27.7 
12.9
28.2
9.3 
26.1
15.91 
25.1
7.0
19.6
11.6 
2.1 
資料來源：CMoney；兆豐國際預估 
 
營 運 分 析 
公司為台灣唯一設廠於中國之隱形眼鏡製造商 
望隼主要從事軟式拋棄型隱形眼鏡之研發、製造及銷售，所有產品均為自行
研發，並致力於國內外隱形眼鏡委外代工業務，產品銷售遍布日本、中國、
美國及台灣等地，目前已開發多種不同含水量、圖紋及功能之隱形眼鏡，依
使用週期，可區分為日、雙週及月拋，依鏡片功能，則區分為濾藍光、近視
矯正、散光、多焦及改變虹膜顏色之美瞳鏡片，銷售對象以隱形眼鏡品牌廠
商為主。 
 
公司美瞳片於2014 年開始出日本，Sincere 是首家客戶；2015 年透片開始
出中國，2019 年視准取證並開啟在地供應中國市場；2020 年濾藍光鏡片開
始出日本；2021 年運動鏡片開始出美國；2022 年底矽水膠產品正式於台灣
開賣。 
 
望隼廠房分別為竹南總部、二廠及江",45682d2d8abd46f5feccb501,54,,PENDING,,PENDING,,PENDING,0.50,ORANGE,STAGE_TABLELIKE_EXPANSION_REVIEW,VRN_1D1_REPORTTEXT_TABLELIKE_EXPANSION,C:\Users\tonyk\OneDrive\VeritasIntelligenceAnalytics\module\VRN\output\_route_lock_runs\RUN_20260525_195119_VRN_GO_M01_60PDF_FULL_V120\full_input_60pdf\20260519兆豐個股報告-望隼(4771).pdf,2026-06-15T16:25:25.763822,6801f04692d8a0ee7f3815e5fe4ffea629be29f4
33280450a5af073c2547,dc367a89b6fb,4771,,兆豐,2026-05-19,2024,2024,,IS,operating_income,營業利益,10.0,10%,%,TWD,,2," 
評等分級：買進（預期未來六個月股價漲輻超過+30%）; 逢低買進（預期未來六個月股價漲輻介於+15%與+30%之間）; 區間操
作（預期未來六個月股價漲跌輻介於-15%與+15%之間）; 逢高賣出（預期未來六個月股價跌輻介於-15%與-30%之間）；賣出（預
期未來六個月股價跌輻超過-30%）。 
本刊所刊載之內容僅做為參考，惟已力求正確與完整，但因時間及市場客觀因素改變所造成產業、市場或個股之相關條件改變，投資人需自行考量
投資之需求與風險，本公司恕不負擔任何法律責任。任何轉載或引用本報告內容必須經本公司同意。 
 
- 2 - 
個股報告 
簡 要 財 務 預 估 資 訊 
會計 
年度 
營收 
營業利益 
稅後純益 
每股盈餘 
每股現金 
股利(元) 
ROE 
(%) 
PER 
(X) 
PBR 
(X) 
(億元) YoY(%) (億元) YoY(%) 
(億元) YoY(%) 
(元) 
YoY(%) 
2024 
30.0
16.7 
8.9
6.7
6.7 
19.1
11.81 
9.7
3.2
25.2
14.6 
2.5 
2025 
34.9
16.2 
10.1
13.3
7.4 
10.6
12.71 
7.6
5.5
19.7
13.7 
2.3 
2026(F) 
44.5
27.7 
12.9
28.2
9.3 
26.1
15.91 
25.1
7.0
19.6
11.6 
2.1 
資料來源：CMoney；兆豐國際預估 
 
營 運 分 析 
公司為台灣唯一設廠於中國之隱形眼鏡製造商 
望隼主要從事軟式拋棄型隱形眼鏡之研發、製造及銷售，所有產品均為自行
研發，並致力於國內外隱形眼鏡委外代工業務，產品銷售遍布日本、中國、
美國及台灣等地，目前已開發多種不同含水量、圖紋及功能之隱形眼鏡，依
使用週期，可區分為日、雙週及月拋，依鏡片功能，則區分為濾藍光、近視
矯正、散光、多焦及改變虹膜顏色之美瞳鏡片，銷售對象以隱形眼鏡品牌廠
商為主。 
 
公司美瞳片於2014 年開始出日本，Sincere 是首家客戶；2015 年透片開始
出中國，2019 年視准取證並開啟在地供應中國市場；2020 年濾藍光鏡片開
始出日本；2021 年運動鏡片開始出美國；2022 年底矽水膠產品正式於台灣
開賣。 
 
望隼廠房分別為竹南總部、二廠及江",45682d2d8abd46f5feccb501,55,,PENDING,,PENDING,,PENDING,0.50,ORANGE,STAGE_TABLELIKE_EXPANSION_REVIEW,VRN_1D1_REPORTTEXT_TABLELIKE_EXPANSION,C:\Users\tonyk\OneDrive\VeritasIntelligenceAnalytics\module\VRN\output\_route_lock_runs\RUN_20260525_195119_VRN_GO_M01_60PDF_FULL_V120\full_input_60pdf\20260519兆豐個股報告-望隼(4771).pdf,2026-06-15T16:25:25.763832,8fa977a7026c2e9eb83c9b5631bbfa21376f7eb6
33280450a5af073c2547,dc367a89b6fb,4771,,兆豐,2026-05-19,2024,2024,,IS,operating_income,營業利益,136.0,136%,%,TWD,,2," 
評等分級：買進（預期未來六個月股價漲輻超過+30%）; 逢低買進（預期未來六個月股價漲輻介於+15%與+30%之間）; 區間操
作（預期未來六個月股價漲跌輻介於-15%與+15%之間）; 逢高賣出（預期未來六個月股價跌輻介於-15%與-30%之間）；賣出（預
期未來六個月股價跌輻超過-30%）。 
本刊所刊載之內容僅做為參考，惟已力求正確與完整，但因時間及市場客觀因素改變所造成產業、市場或個股之相關條件改變，投資人需自行考量
投資之需求與風險，本公司恕不負擔任何法律責任。任何轉載或引用本報告內容必須經本公司同意。 
 
- 2 - 
個股報告 
簡 要 財 務 預 估 資 訊 
會計 
年度 
營收 
營業利益 
稅後純益 
每股盈餘 
每股現金 
股利(元) 
ROE 
(%) 
PER 
(X) 
PBR 
(X) 
(億元) YoY(%) (億元) YoY(%) 
(億元) YoY(%) 
(元) 
YoY(%) 
2024 
30.0
16.7 
8.9
6.7
6.7 
19.1
11.81 
9.7
3.2
25.2
14.6 
2.5 
2025 
34.9
16.2 
10.1
13.3
7.4 
10.6
12.71 
7.6
5.5
19.7
13.7 
2.3 
2026(F) 
44.5
27.7 
12.9
28.2
9.3 
26.1
15.91 
25.1
7.0
19.6
11.6 
2.1 
資料來源：CMoney；兆豐國際預估 
 
營 運 分 析 
公司為台灣唯一設廠於中國之隱形眼鏡製造商 
望隼主要從事軟式拋棄型隱形眼鏡之研發、製造及銷售，所有產品均為自行
研發，並致力於國內外隱形眼鏡委外代工業務，產品銷售遍布日本、中國、
美國及台灣等地，目前已開發多種不同含水量、圖紋及功能之隱形眼鏡，依
使用週期，可區分為日、雙週及月拋，依鏡片功能，則區分為濾藍光、近視
矯正、散光、多焦及改變虹膜顏色之美瞳鏡片，銷售對象以隱形眼鏡品牌廠
商為主。 
 
公司美瞳片於2014 年開始出日本，Sincere 是首家客戶；2015 年透片開始
出中國，2019 年視准取證並開啟在地供應中國市場；2020 年濾藍光鏡片開
始出日本；2021 年運動鏡片開始出美國；2022 年底矽水膠產品正式於台灣
開賣。 
 
望隼廠房分別為竹南總部、二廠及江",45682d2d8abd46f5feccb501,56,,PENDING,,PENDING,,PENDING,0.50,ORANGE,STAGE_TABLELIKE_EXPANSION_REVIEW,VRN_1D1_REPORTTEXT_TABLELIKE_EXPANSION,C:\Users\tonyk\OneDrive\VeritasIntelligenceAnalytics\module\VRN\output\_route_lock_runs\RUN_20260525_195119_VRN_GO_M01_60PDF_FULL_V120\full_input_60pdf\20260519兆豐個股報告-望隼(4771).pdf,2026-06-15T16:25:25.763841,1c5c6e5919117a576835fbcc2efc886259e39f9f
33280450a5af073c2547,dc367a89b6fb,4771,,兆豐,2026-05-19,2024,2024,,IS,operating_income,營業利益,1.0,1%,%,TWD,,2," 
評等分級：買進（預期未來六個月股價漲輻超過+30%）; 逢低買進（預期未來六個月股價漲輻介於+15%與+30%之間）; 區間操
作（預期未來六個月股價漲跌輻介於-15%與+15%之間）; 逢高賣出（預期未來六個月股價跌輻介於-15%與-30%之間）；賣出（預
期未來六個月股價跌輻超過-30%）。 
本刊所刊載之內容僅做為參考，惟已力求正確與完整，但因時間及市場客觀因素改變所造成產業、市場或個股之相關條件改變，投資人需自行考量
投資之需求與風險，本公司恕不負擔任何法律責任。任何轉載或引用本報告內容必須經本公司同意。 
 
- 2 - 
個股報告 
簡 要 財 務 預 估 資 訊 
會計 
年度 
營收 
營業利益 
稅後純益 
每股盈餘 
每股現金 
股利(元) 
ROE 
(%) 
PER 
(X) 
PBR 
(X) 
(億元) YoY(%) (億元) YoY(%) 
(億元) YoY(%) 
(元) 
YoY(%) 
2024 
30.0
16.7 
8.9
6.7
6.7 
19.1
11.81 
9.7
3.2
25.2
14.6 
2.5 
2025 
34.9
16.2 
10.1
13.3
7.4 
10.6
12.71 
7.6
5.5
19.7
13.7 
2.3 
2026(F) 
44.5
27.7 
12.9
28.2
9.3 
26.1
15.91 
25.1
7.0
19.6
11.6 
2.1 
資料來源：CMoney；兆豐國際預估 
 
營 運 分 析 
公司為台灣唯一設廠於中國之隱形眼鏡製造商 
望隼主要從事軟式拋棄型隱形眼鏡之研發、製造及銷售，所有產品均為自行
研發，並致力於國內外隱形眼鏡委外代工業務，產品銷售遍布日本、中國、
美國及台灣等地，目前已開發多種不同含水量、圖紋及功能之隱形眼鏡，依
使用週期，可區分為日、雙週及月拋，依鏡片功能，則區分為濾藍光、近視
矯正、散光、多焦及改變虹膜顏色之美瞳鏡片，銷售對象以隱形眼鏡品牌廠
商為主。 
 
公司美瞳片於2014 年開始出日本，Sincere 是首家客戶；2015 年透片開始
出中國，2019 年視准取證並開啟在地供應中國市場；2020 年濾藍光鏡片開
始出日本；2021 年運動鏡片開始出美國；2022 年底矽水膠產品正式於台灣
開賣。 
 
望隼廠房分別為竹南總部、二廠及江",45682d2d8abd46f5feccb501,57,,PENDING,,PENDING,,PENDING,0.50,ORANGE,STAGE_TABLELIKE_EXPANSION_REVIEW,VRN_1D1_REPORTTEXT_TABLELIKE_EXPANSION,C:\Users\tonyk\OneDrive\VeritasIntelligenceAnalytics\module\VRN\output\_route_lock_runs\RUN_20260525_195119_VRN_GO_M01_60PDF_FULL_V120\full_input_60pdf\20260519兆豐個股報告-望隼(4771).pdf,2026-06-15T16:25:25.763853,7de7f449e32089df1b2d056ce9a8417df0efcba7
33280450a5af073c2547,dc367a89b6fb,4771,,兆豐,2026-05-19,2024,2024,,IS,operating_income,營業利益,93.0,93%,%,TWD,,2," 
評等分級：買進（預期未來六個月股價漲輻超過+30%）; 逢低買進（預期未來六個月股價漲輻介於+15%與+30%之間）; 區間操
作（預期未來六個月股價漲跌輻介於-15%與+15%之間）; 逢高賣出（預期未來六個月股價跌輻介於-15%與-30%之間）；賣出（預
期未來六個月股價跌輻超過-30%）。 
本刊所刊載之內容僅做為參考，惟已力求正確與完整，但因時間及市場客觀因素改變所造成產業、市場或個股之相關條件改變，投資人需自行考量
投資之需求與風險，本公司恕不負擔任何法律責任。任何轉載或引用本報告內容必須經本公司同意。 
 
- 2 - 
個股報告 
簡 要 財 務 預 估 資 訊 
會計 
年度 
營收 
營業利益 
稅後純益 
每股盈餘 
每股現金 
股利(元) 
ROE 
(%) 
PER 
(X) 
PBR 
(X) 
(億元) YoY(%) (億元) YoY(%) 
(億元) YoY(%) 
(元) 
YoY(%) 
2024 
30.0
16.7 
8.9
6.7
6.7 
19.1
11.81 
9.7
3.2
25.2
14.6 
2.5 
2025 
34.9
16.2 
10.1
13.3
7.4 
10.6
12.71 
7.6
5.5
19.7
13.7 
2.3 
2026(F) 
44.5
27.7 
12.9
28.2
9.3 
26.1
15.91 
25.1
7.0
19.6
11.6 
2.1 
資料來源：CMoney；兆豐國際預估 
 
營 運 分 析 
公司為台灣唯一設廠於中國之隱形眼鏡製造商 
望隼主要從事軟式拋棄型隱形眼鏡之研發、製造及銷售，所有產品均為自行
研發，並致力於國內外隱形眼鏡委外代工業務，產品銷售遍布日本、中國、
美國及台灣等地，目前已開發多種不同含水量、圖紋及功能之隱形眼鏡，依
使用週期，可區分為日、雙週及月拋，依鏡片功能，則區分為濾藍光、近視
矯正、散光、多焦及改變虹膜顏色之美瞳鏡片，銷售對象以隱形眼鏡品牌廠
商為主。 
 
公司美瞳片於2014 年開始出日本，Sincere 是首家客戶；2015 年透片開始
出中國，2019 年視准取證並開啟在地供應中國市場；2020 年濾藍光鏡片開
始出日本；2021 年運動鏡片開始出美國；2022 年底矽水膠產品正式於台灣
開賣。 
 
望隼廠房分別為竹南總部、二廠及江",45682d2d8abd46f5feccb501,58,,PENDING,,PENDING,,PENDING,0.50,ORANGE,STAGE_TABLELIKE_EXPANSION_REVIEW,VRN_1D1_REPORTTEXT_TABLELIKE_EXPANSION,C:\Users\tonyk\OneDrive\VeritasIntelligenceAnalytics\module\VRN\output\_route_lock_runs\RUN_20260525_195119_VRN_GO_M01_60PDF_FULL_V120\full_input_60pdf\20260519兆豐個股報告-望隼(4771).pdf,2026-06-15T16:25:25.763863,51f7cdab34290b1525f5f6ea4e065b6323462f2e
33280450a5af073c2547,dc367a89b6fb,4771,,兆豐,2026-05-19,2024,2024,,IS,operating_income,營業利益,53.0,53%,%,TWD,,2," 
評等分級：買進（預期未來六個月股價漲輻超過+30%）; 逢低買進（預期未來六個月股價漲輻介於+15%與+30%之間）; 區間操
作（預期未來六個月股價漲跌輻介於-15%與+15%之間）; 逢高賣出（預期未來六個月股價跌輻介於-15%與-30%之間）；賣出（預
期未來六個月股價跌輻超過-30%）。 
本刊所刊載之內容僅做為參考，惟已力求正確與完整，但因時間及市場客觀因素改變所造成產業、市場或個股之相關條件改變，投資人需自行考量
投資之需求與風險，本公司恕不負擔任何法律責任。任何轉載或引用本報告內容必須經本公司同意。 
 
- 2 - 
個股報告 
簡 要 財 務 預 估 資 訊 
會計 
年度 
營收 
營業利益 
稅後純益 
每股盈餘 
每股現金 
股利(元) 
ROE 
(%) 
PER 
(X) 
PBR 
(X) 
(億元) YoY(%) (億元) YoY(%) 
(億元) YoY(%) 
(元) 
YoY(%) 
2024 
30.0
16.7 
8.9
6.7
6.7 
19.1
11.81 
9.7
3.2
25.2
14.6 
2.5 
2025 
34.9
16.2 
10.1
13.3
7.4 
10.6
12.71 
7.6
5.5
19.7
13.7 
2.3 
2026(F) 
44.5
27.7 
12.9
28.2
9.3 
26.1
15.91 
25.1
7.0
19.6
11.6 
2.1 
資料來源：CMoney；兆豐國際預估 
 
營 運 分 析 
公司為台灣唯一設廠於中國之隱形眼鏡製造商 
望隼主要從事軟式拋棄型隱形眼鏡之研發、製造及銷售，所有產品均為自行
研發，並致力於國內外隱形眼鏡委外代工業務，產品銷售遍布日本、中國、
美國及台灣等地，目前已開發多種不同含水量、圖紋及功能之隱形眼鏡，依
使用週期，可區分為日、雙週及月拋，依鏡片功能，則區分為濾藍光、近視
矯正、散光、多焦及改變虹膜顏色之美瞳鏡片，銷售對象以隱形眼鏡品牌廠
商為主。 
 
公司美瞳片於2014 年開始出日本，Sincere 是首家客戶；2015 年透片開始
出中國，2019 年視准取證並開啟在地供應中國市場；2020 年濾藍光鏡片開
始出日本；2021 年運動鏡片開始出美國；2022 年底矽水膠產品正式於台灣
開賣。 
 
望隼廠房分別為竹南總部、二廠及江",45682d2d8abd46f5feccb501,59,,PENDING,,PENDING,,PENDING,0.50,ORANGE,STAGE_TABLELIKE_EXPANSION_REVIEW,VRN_1D1_REPORTTEXT_TABLELIKE_EXPANSION,C:\Users\tonyk\OneDrive\VeritasIntelligenceAnalytics\module\VRN\output\_route_lock_runs\RUN_20260525_195119_VRN_GO_M01_60PDF_FULL_V120\full_input_60pdf\20260519兆豐個股報告-望隼(4771).pdf,2026-06-15T16:25:25.763872,56b77408a59f4db90f83123fbd900ea62affe128
33280450a5af073c2547,dc367a89b6fb,4771,,兆豐,2026-05-19,2024,2024,,IS,operating_income,營業利益,35.0,35%,%,TWD,,2," 
評等分級：買進（預期未來六個月股價漲輻超過+30%）; 逢低買進（預期未來六個月股價漲輻介於+15%與+30%之間）; 區間操
作（預期未來六個月股價漲跌輻介於-15%與+15%之間）; 逢高賣出（預期未來六個月股價跌輻介於-15%與-30%之間）；賣出（預
期未來六個月股價跌輻超過-30%）。 
本刊所刊載之內容僅做為參考，惟已力求正確與完整，但因時間及市場客觀因素改變所造成產業、市場或個股之相關條件改變，投資人需自行考量
投資之需求與風險，本公司恕不負擔任何法律責任。任何轉載或引用本報告內容必須經本公司同意。 
 
- 2 - 
個股報告 
簡 要 財 務 預 估 資 訊 
會計 
年度 
營收 
營業利益 
稅後純益 
每股盈餘 
每股現金 
股利(元) 
ROE 
(%) 
PER 
(X) 
PBR 
(X) 
(億元) YoY(%) (億元) YoY(%) 
(億元) YoY(%) 
(元) 
YoY(%) 
2024 
30.0
16.7 
8.9
6.7
6.7 
19.1
11.81 
9.7
3.2
25.2
14.6 
2.5 
2025 
34.9
16.2 
10.1
13.3
7.4 
10.6
12.71 
7.6
5.5
19.7
13.7 
2.3 
2026(F) 
44.5
27.7 
12.9
28.2
9.3 
26.1
15.91 
25.1
7.0
19.6
11.6 
2.1 
資料來源：CMoney；兆豐國際預估 
 
營 運 分 析 
公司為台灣唯一設廠於中國之隱形眼鏡製造商 
望隼主要從事軟式拋棄型隱形眼鏡之研發、製造及銷售，所有產品均為自行
研發，並致力於國內外隱形眼鏡委外代工業務，產品銷售遍布日本、中國、
美國及台灣等地，目前已開發多種不同含水量、圖紋及功能之隱形眼鏡，依
使用週期，可區分為日、雙週及月拋，依鏡片功能，則區分為濾藍光、近視
矯正、散光、多焦及改變虹膜顏色之美瞳鏡片，銷售對象以隱形眼鏡品牌廠
商為主。 
 
公司美瞳片於2014 年開始出日本，Sincere 是首家客戶；2015 年透片開始
出中國，2019 年視准取證並開啟在地供應中國市場；2020 年濾藍光鏡片開
始出日本；2021 年運動鏡片開始出美國；2022 年底矽水膠產品正式於台灣
開賣。 
 
望隼廠房分別為竹南總部、二廠及江",45682d2d8abd46f5feccb501,60,,PENDING,,PENDING,,PENDING,0.50,ORANGE,STAGE_TABLELIKE_EXPANSION_REVIEW,VRN_1D1_REPORTTEXT_TABLELIKE_EXPANSION,C:\Users\tonyk\OneDrive\VeritasIntelligenceAnalytics\module\VRN\output\_route_lock_runs\RUN_20260525_195119_VRN_GO_M01_60PDF_FULL_V120\full_input_60pdf\20260519兆豐個股報告-望隼(4771).pdf,2026-06-15T16:25:25.763881,2eb27ae1500054e75791aef77821e6e3883be33c
33280450a5af073c2547,dc367a89b6fb,4771,,兆豐,2026-05-19,2024,2024,,IS,operating_income,營業利益,11.0,11%,%,TWD,,2," 
評等分級：買進（預期未來六個月股價漲輻超過+30%）; 逢低買進（預期未來六個月股價漲輻介於+15%與+30%之間）; 區間操
作（預期未來六個月股價漲跌輻介於-15%與+15%之間）; 逢高賣出（預期未來六個月股價跌輻介於-15%與-30%之間）；賣出（預
期未來六個月股價跌輻超過-30%）。 
本刊所刊載之內容僅做為參考，惟已力求正確與完整，但因時間及市場客觀因素改變所造成產業、市場或個股之相關條件改變，投資人需自行考量
投資之需求與風險，本公司恕不負擔任何法律責任。任何轉載或引用本報告內容必須經本公司同意。 
 
- 2 - 
個股報告 
簡 要 財 務 預 估 資 訊 
會計 
年度 
營收 
營業利益 
稅後純益 
每股盈餘 
每股現金 
股利(元) 
ROE 
(%) 
PER 
(X) 
PBR 
(X) 
(億元) YoY(%) (億元) YoY(%) 
(億元) YoY(%) 
(元) 
YoY(%) 
2024 
30.0
16.7 
8.9
6.7
6.7 
19.1
11.81 
9.7
3.2
25.2
14.6 
2.5 
2025 
34.9
16.2 
10.1
13.3
7.4 
10.6
12.71 
7.6
5.5
19.7
13.7 
2.3 
2026(F) 
44.5
27.7 
12.9
28.2
9.3 
26.1
15.91 
25.1
7.0
19.6
11.6 
2.1 
資料來源：CMoney；兆豐國際預估 
 
營 運 分 析 
公司為台灣唯一設廠於中國之隱形眼鏡製造商 
望隼主要從事軟式拋棄型隱形眼鏡之研發、製造及銷售，所有產品均為自行
研發，並致力於國內外隱形眼鏡委外代工業務，產品銷售遍布日本、中國、
美國及台灣等地，目前已開發多種不同含水量、圖紋及功能之隱形眼鏡，依
使用週期，可區分為日、雙週及月拋，依鏡片功能，則區分為濾藍光、近視
矯正、散光、多焦及改變虹膜顏色之美瞳鏡片，銷售對象以隱形眼鏡品牌廠
商為主。 
 
公司美瞳片於2014 年開始出日本，Sincere 是首家客戶；2015 年透片開始
出中國，2019 年視准取證並開啟在地供應中國市場；2020 年濾藍光鏡片開
始出日本；2021 年運動鏡片開始出美國；2022 年底矽水膠產品正式於台灣
開賣。 
 
望隼廠房分別為竹南總部、二廠及江",45682d2d8abd46f5feccb501,61,,PENDING,,PENDING,,PENDING,0.50,ORANGE,STAGE_TABLELIKE_EXPANSION_REVIEW,VRN_1D1_REPORTTEXT_TABLELIKE_EXPANSION,C:\Users\tonyk\OneDrive\VeritasIntelligenceAnalytics\module\VRN\output\_route_lock_runs\RUN_20260525_195119_VRN_GO_M01_60PDF_FULL_V120\full_input_60pdf\20260519兆豐個股報告-望隼(4771).pdf,2026-06-15T16:25:25.763891,8fee91fc626bb13dee97c149603c1eba56bfb3bf
33280450a5af073c2547,dc367a89b6fb,4771,,兆豐,2026-05-19,2024,2024,,IS,operating_income,營業利益,1.0,1%,%,TWD,,2," 
評等分級：買進（預期未來六個月股價漲輻超過+30%）; 逢低買進（預期未來六個月股價漲輻介於+15%與+30%之間）; 區間操
作（預期未來六個月股價漲跌輻介於-15%與+15%之間）; 逢高賣出（預期未來六個月股價跌輻介於-15%與-30%之間）；賣出（預
期未來六個月股價跌輻超過-30%）。 
本刊所刊載之內容僅做為參考，惟已力求正確與完整，但因時間及市場客觀因素改變所造成產業、市場或個股之相關條件改變，投資人需自行考量
投資之需求與風險，本公司恕不負擔任何法律責任。任何轉載或引用本報告內容必須經本公司同意。 
 
- 2 - 
個股報告 
簡 要 財 務 預 估 資 訊 
會計 
年度 
營收 
營業利益 
稅後純益 
每股盈餘 
每股現金 
股利(元) 
ROE 
(%) 
PER 
(X) 
PBR 
(X) 
(億元) YoY(%) (億元) YoY(%) 
(億元) YoY(%) 
(元) 
YoY(%) 
2024 
30.0
16.7 
8.9
6.7
6.7 
19.1
11.81 
9.7
3.2
25.2
14.6 
2.5 
2025 
34.9
16.2 
10.1
13.3
7.4 
10.6
12.71 
7.6
5.5
19.7
13.7 
2.3 
2026(F) 
44.5
27.7 
12.9
28.2
9.3 
26.1
15.91 
25.1
7.0
19.6
11.6 
2.1 
資料來源：CMoney；兆豐國際預估 
 
營 運 分 析 
公司為台灣唯一設廠於中國之隱形眼鏡製造商 
望隼主要從事軟式拋棄型隱形眼鏡之研發、製造及銷售，所有產品均為自行
研發，並致力於國內外隱形眼鏡委外代工業務，產品銷售遍布日本、中國、
美國及台灣等地，目前已開發多種不同含水量、圖紋及功能之隱形眼鏡，依
使用週期，可區分為日、雙週及月拋，依鏡片功能，則區分為濾藍光、近視
矯正、散光、多焦及改變虹膜顏色之美瞳鏡片，銷售對象以隱形眼鏡品牌廠
商為主。 
 
公司美瞳片於2014 年開始出日本，Sincere 是首家客戶；2015 年透片開始
出中國，2019 年視准取證並開啟在地供應中國市場；2020 年濾藍光鏡片開
始出日本；2021 年運動鏡片開始出美國；2022 年底矽水膠產品正式於台灣
開賣。 
 
望隼廠房分別為竹南總部、二廠及江",45682d2d8abd46f5feccb501,62,,PENDING,,PENDING,,PENDING,0.50,ORANGE,STAGE_TABLELIKE_EXPANSION_REVIEW,VRN_1D1_REPORTTEXT_TABLELIKE_EXPANSION,C:\Users\tonyk\OneDrive\VeritasIntelligenceAnalytics\module\VRN\output\_route_lock_runs\RUN_20260525_195119_VRN_GO_M01_60PDF_FULL_V120\full_input_60pdf\20260519兆豐個股報告-望隼(4771).pdf,2026-06-15T16:25:25.763900,2a174c690027877e90c3dc9ba912ece21768c0cc
33280450a5af073c2547,dc367a89b6fb,4771,,兆豐,2026-05-19,2025,2025,,IS,eps,EPS,30.0,+30%,%,TWD,,3," 
評等分級：買進（預期未來六個月股價漲輻超過+30%）; 逢低買進（預期未來六個月股價漲輻介於+15%與+30%之間）; 區間操
作（預期未來六個月股價漲跌輻介於-15%與+15%之間）; 逢高賣出（預期未來六個月股價跌輻介於-15%與-30%之間）；賣出（預
期未來六個月股價跌輻超過-30%）。 
本刊所刊載之內容僅做為參考，惟已力求正確與完整，但因時間及市場客觀因素改變所造成產業、市場或個股之相關條件改變，投資人需自行考量
投資之需求與風險，本公司恕不負擔任何法律責任。任何轉載或引用本報告內容必須經本公司同意。 
 
- 3 - 
個股報告 
                                  圖一、公司營收主要來自中國及日本市場 
望隼各市場25Q3 營收成長概況 
 
資料來源：公司簡報 
 
26Q1 延續25H2 強勁之成長動能 
公司26Q1 營收10.31 億元，YoY+27.2%，毛利率40.99%，稅後淨利2.15
億元，YoY+11.4%，EPS 3.66 元，獲利略低於預期。公司25H2 開始感受
到產業強勁復甦的動能，雙11 過後訂單沒有減少，反而如雪片般飛來，主
要是美瞳片的需求強勁。25H2 中國及日本需求開始增加，中國市場需求特
別強勁，許多中國客戶在雙11 之後仍來洽詢訂單。 
 
2025 年彩片需求復甦強勁(主因為長周期產品使用上比較麻煩，使中國消費
者又轉回日拋)，帶動美瞳片銷售狀況，市場對彩片需求已從矯正近視功能轉
向造型及彩妝。功能型鏡片需求穩健，但因彩片佔比持續提高使功能性鏡片
佔比下滑，惟公司表示彩片客戶均為功能性鏡片之潛在客戶。 
 
公司認為今年營收季季高，雖然價格競爭持續，但有收斂的跡象，相關壓力
輕很多(因中國市場需求大於供給)，全年毛利率目標41%。2026 年1~4 月
日本營收衰退的原因是去年同期日本客戶有新品大量出貨，加上有些訂單遞
延到26Q2 出，中國彩片需求非常暢旺，剛性需求明顯上來。矽水膠26Q1
才取證，公司看好逐季的營收貢獻。 
 
中國隱形眼鏡市場在經歷行業轉型，行業集中度開始分散，傳統的“四大+
海昌＂占比持續下降，本土品牌的占比則是穩定提升。2025 年中國線上銷售
數據成長+10%，抖音維持高成長+41%，京東成長+19%，天貓衰退3%。中
國市場美瞳片產品需求仍然",af6dc42b0ba5afb6b0a9c08c,1,,PENDING,,PENDING,,PENDING,0.50,ORANGE,STAGE_TABLELIKE_EXPANSION_REVIEW,VRN_1D1_REPORTTEXT_TABLELIKE_EXPANSION,C:\Users\tonyk\OneDrive\VeritasIntelligenceAnalytics\module\VRN\output\_route_lock_runs\RUN_20260525_195119_VRN_GO_M01_60PDF_FULL_V120\full_input_60pdf\20260519兆豐個股報告-望隼(4771).pdf,2026-06-15T16:25:25.765012,3bc9f7201240eb505bd0552ede40852be42ef246
33280450a5af073c2547,dc367a89b6fb,4771,,兆豐,2026-05-19,2025,2025,,IS,eps,EPS,15.0,+15%,%,TWD,,3," 
評等分級：買進（預期未來六個月股價漲輻超過+30%）; 逢低買進（預期未來六個月股價漲輻介於+15%與+30%之間）; 區間操
作（預期未來六個月股價漲跌輻介於-15%與+15%之間）; 逢高賣出（預期未來六個月股價跌輻介於-15%與-30%之間）；賣出（預
期未來六個月股價跌輻超過-30%）。 
本刊所刊載之內容僅做為參考，惟已力求正確與完整，但因時間及市場客觀因素改變所造成產業、市場或個股之相關條件改變，投資人需自行考量
投資之需求與風險，本公司恕不負擔任何法律責任。任何轉載或引用本報告內容必須經本公司同意。 
 
- 3 - 
個股報告 
                                  圖一、公司營收主要來自中國及日本市場 
望隼各市場25Q3 營收成長概況 
 
資料來源：公司簡報 
 
26Q1 延續25H2 強勁之成長動能 
公司26Q1 營收10.31 億元，YoY+27.2%，毛利率40.99%，稅後淨利2.15
億元，YoY+11.4%，EPS 3.66 元，獲利略低於預期。公司25H2 開始感受
到產業強勁復甦的動能，雙11 過後訂單沒有減少，反而如雪片般飛來，主
要是美瞳片的需求強勁。25H2 中國及日本需求開始增加，中國市場需求特
別強勁，許多中國客戶在雙11 之後仍來洽詢訂單。 
 
2025 年彩片需求復甦強勁(主因為長周期產品使用上比較麻煩，使中國消費
者又轉回日拋)，帶動美瞳片銷售狀況，市場對彩片需求已從矯正近視功能轉
向造型及彩妝。功能型鏡片需求穩健，但因彩片佔比持續提高使功能性鏡片
佔比下滑，惟公司表示彩片客戶均為功能性鏡片之潛在客戶。 
 
公司認為今年營收季季高，雖然價格競爭持續，但有收斂的跡象，相關壓力
輕很多(因中國市場需求大於供給)，全年毛利率目標41%。2026 年1~4 月
日本營收衰退的原因是去年同期日本客戶有新品大量出貨，加上有些訂單遞
延到26Q2 出，中國彩片需求非常暢旺，剛性需求明顯上來。矽水膠26Q1
才取證，公司看好逐季的營收貢獻。 
 
中國隱形眼鏡市場在經歷行業轉型，行業集中度開始分散，傳統的“四大+
海昌＂占比持續下降，本土品牌的占比則是穩定提升。2025 年中國線上銷售
數據成長+10%，抖音維持高成長+41%，京東成長+19%，天貓衰退3%。中
國市場美瞳片產品需求仍然",af6dc42b0ba5afb6b0a9c08c,2,,PENDING,,PENDING,,PENDING,0.50,ORANGE,STAGE_TABLELIKE_EXPANSION_REVIEW,VRN_1D1_REPORTTEXT_TABLELIKE_EXPANSION,C:\Users\tonyk\OneDrive\VeritasIntelligenceAnalytics\module\VRN\output\_route_lock_runs\RUN_20260525_195119_VRN_GO_M01_60PDF_FULL_V120\full_input_60pdf\20260519兆豐個股報告-望隼(4771).pdf,2026-06-15T16:25:25.765030,dfeec36446b2ef472f398c716635ef88a356f4fa
33280450a5af073c2547,dc367a89b6fb,4771,,兆豐,2026-05-19,2025,2025,,IS,eps,EPS,30.0,+30%,%,TWD,,3," 
評等分級：買進（預期未來六個月股價漲輻超過+30%）; 逢低買進（預期未來六個月股價漲輻介於+15%與+30%之間）; 區間操
作（預期未來六個月股價漲跌輻介於-15%與+15%之間）; 逢高賣出（預期未來六個月股價跌輻介於-15%與-30%之間）；賣出（預
期未來六個月股價跌輻超過-30%）。 
本刊所刊載之內容僅做為參考，惟已力求正確與完整，但因時間及市場客觀因素改變所造成產業、市場或個股之相關條件改變，投資人需自行考量
投資之需求與風險，本公司恕不負擔任何法律責任。任何轉載或引用本報告內容必須經本公司同意。 
 
- 3 - 
個股報告 
                                  圖一、公司營收主要來自中國及日本市場 
望隼各市場25Q3 營收成長概況 
 
資料來源：公司簡報 
 
26Q1 延續25H2 強勁之成長動能 
公司26Q1 營收10.31 億元，YoY+27.2%，毛利率40.99%，稅後淨利2.15
億元，YoY+11.4%，EPS 3.66 元，獲利略低於預期。公司25H2 開始感受
到產業強勁復甦的動能，雙11 過後訂單沒有減少，反而如雪片般飛來，主
要是美瞳片的需求強勁。25H2 中國及日本需求開始增加，中國市場需求特
別強勁，許多中國客戶在雙11 之後仍來洽詢訂單。 
 
2025 年彩片需求復甦強勁(主因為長周期產品使用上比較麻煩，使中國消費
者又轉回日拋)，帶動美瞳片銷售狀況，市場對彩片需求已從矯正近視功能轉
向造型及彩妝。功能型鏡片需求穩健，但因彩片佔比持續提高使功能性鏡片
佔比下滑，惟公司表示彩片客戶均為功能性鏡片之潛在客戶。 
 
公司認為今年營收季季高，雖然價格競爭持續，但有收斂的跡象，相關壓力
輕很多(因中國市場需求大於供給)，全年毛利率目標41%。2026 年1~4 月
日本營收衰退的原因是去年同期日本客戶有新品大量出貨，加上有些訂單遞
延到26Q2 出，中國彩片需求非常暢旺，剛性需求明顯上來。矽水膠26Q1
才取證，公司看好逐季的營收貢獻。 
 
中國隱形眼鏡市場在經歷行業轉型，行業集中度開始分散，傳統的“四大+
海昌＂占比持續下降，本土品牌的占比則是穩定提升。2025 年中國線上銷售
數據成長+10%，抖音維持高成長+41%，京東成長+19%，天貓衰退3%。中
國市場美瞳片產品需求仍然",af6dc42b0ba5afb6b0a9c08c,3,,PENDING,,PENDING,,PENDING,0.50,ORANGE,STAGE_TABLELIKE_EXPANSION_REVIEW,VRN_1D1_REPORTTEXT_TABLELIKE_EXPANSION,C:\Users\tonyk\OneDrive\VeritasIntelligenceAnalytics\module\VRN\output\_route_lock_runs\RUN_20260525_195119_VRN_GO_M01_60PDF_FULL_V120\full_input_60pdf\20260519兆豐個股報告-望隼(4771).pdf,2026-06-15T16:25:25.765042,46b1d0d11f3397190c90471b14a0ff2a313545ea
33280450a5af073c2547,dc367a89b6fb,4771,,兆豐,2026-05-19,2025,2025,,IS,eps,EPS,-15.0,-15%,%,TWD,,3," 
評等分級：買進（預期未來六個月股價漲輻超過+30%）; 逢低買進（預期未來六個月股價漲輻介於+15%與+30%之間）; 區間操
作（預期未來六個月股價漲跌輻介於-15%與+15%之間）; 逢高賣出（預期未來六個月股價跌輻介於-15%與-30%之間）；賣出（預
期未來六個月股價跌輻超過-30%）。 
本刊所刊載之內容僅做為參考，惟已力求正確與完整，但因時間及市場客觀因素改變所造成產業、市場或個股之相關條件改變，投資人需自行考量
投資之需求與風險，本公司恕不負擔任何法律責任。任何轉載或引用本報告內容必須經本公司同意。 
 
- 3 - 
個股報告 
                                  圖一、公司營收主要來自中國及日本市場 
望隼各市場25Q3 營收成長概況 
 
資料來源：公司簡報 
 
26Q1 延續25H2 強勁之成長動能 
公司26Q1 營收10.31 億元，YoY+27.2%，毛利率40.99%，稅後淨利2.15
億元，YoY+11.4%，EPS 3.66 元，獲利略低於預期。公司25H2 開始感受
到產業強勁復甦的動能，雙11 過後訂單沒有減少，反而如雪片般飛來，主
要是美瞳片的需求強勁。25H2 中國及日本需求開始增加，中國市場需求特
別強勁，許多中國客戶在雙11 之後仍來洽詢訂單。 
 
2025 年彩片需求復甦強勁(主因為長周期產品使用上比較麻煩，使中國消費
者又轉回日拋)，帶動美瞳片銷售狀況，市場對彩片需求已從矯正近視功能轉
向造型及彩妝。功能型鏡片需求穩健，但因彩片佔比持續提高使功能性鏡片
佔比下滑，惟公司表示彩片客戶均為功能性鏡片之潛在客戶。 
 
公司認為今年營收季季高，雖然價格競爭持續，但有收斂的跡象，相關壓力
輕很多(因中國市場需求大於供給)，全年毛利率目標41%。2026 年1~4 月
日本營收衰退的原因是去年同期日本客戶有新品大量出貨，加上有些訂單遞
延到26Q2 出，中國彩片需求非常暢旺，剛性需求明顯上來。矽水膠26Q1
才取證，公司看好逐季的營收貢獻。 
 
中國隱形眼鏡市場在經歷行業轉型，行業集中度開始分散，傳統的“四大+
海昌＂占比持續下降，本土品牌的占比則是穩定提升。2025 年中國線上銷售
數據成長+10%，抖音維持高成長+41%，京東成長+19%，天貓衰退3%。中
國市場美瞳片產品需求仍然",af6dc42b0ba5afb6b0a9c08c,4,,PENDING,,PENDING,,PENDING,0.50,ORANGE,STAGE_TABLELIKE_EXPANSION_REVIEW,VRN_1D1_REPORTTEXT_TABLELIKE_EXPANSION,C:\Users\tonyk\OneDrive\VeritasIntelligenceAnalytics\module\VRN\output\_route_lock_runs\RUN_20260525_195119_VRN_GO_M01_60PDF_FULL_V120\full_input_60pdf\20260519兆豐個股報告-望隼(4771).pdf,2026-06-15T16:25:25.765051,f8c057c3e2c1ef8642ff0707355f6c72a5c00ee1
33280450a5af073c2547,dc367a89b6fb,4771,,兆豐,2026-05-19,2025,2025,,IS,eps,EPS,15.0,+15%,%,TWD,,3," 
評等分級：買進（預期未來六個月股價漲輻超過+30%）; 逢低買進（預期未來六個月股價漲輻介於+15%與+30%之間）; 區間操
作（預期未來六個月股價漲跌輻介於-15%與+15%之間）; 逢高賣出（預期未來六個月股價跌輻介於-15%與-30%之間）；賣出（預
期未來六個月股價跌輻超過-30%）。 
本刊所刊載之內容僅做為參考，惟已力求正確與完整，但因時間及市場客觀因素改變所造成產業、市場或個股之相關條件改變，投資人需自行考量
投資之需求與風險，本公司恕不負擔任何法律責任。任何轉載或引用本報告內容必須經本公司同意。 
 
- 3 - 
個股報告 
                                  圖一、公司營收主要來自中國及日本市場 
望隼各市場25Q3 營收成長概況 
 
資料來源：公司簡報 
 
26Q1 延續25H2 強勁之成長動能 
公司26Q1 營收10.31 億元，YoY+27.2%，毛利率40.99%，稅後淨利2.15
億元，YoY+11.4%，EPS 3.66 元，獲利略低於預期。公司25H2 開始感受
到產業強勁復甦的動能，雙11 過後訂單沒有減少，反而如雪片般飛來，主
要是美瞳片的需求強勁。25H2 中國及日本需求開始增加，中國市場需求特
別強勁，許多中國客戶在雙11 之後仍來洽詢訂單。 
 
2025 年彩片需求復甦強勁(主因為長周期產品使用上比較麻煩，使中國消費
者又轉回日拋)，帶動美瞳片銷售狀況，市場對彩片需求已從矯正近視功能轉
向造型及彩妝。功能型鏡片需求穩健，但因彩片佔比持續提高使功能性鏡片
佔比下滑，惟公司表示彩片客戶均為功能性鏡片之潛在客戶。 
 
公司認為今年營收季季高，雖然價格競爭持續，但有收斂的跡象，相關壓力
輕很多(因中國市場需求大於供給)，全年毛利率目標41%。2026 年1~4 月
日本營收衰退的原因是去年同期日本客戶有新品大量出貨，加上有些訂單遞
延到26Q2 出，中國彩片需求非常暢旺，剛性需求明顯上來。矽水膠26Q1
才取證，公司看好逐季的營收貢獻。 
 
中國隱形眼鏡市場在經歷行業轉型，行業集中度開始分散，傳統的“四大+
海昌＂占比持續下降，本土品牌的占比則是穩定提升。2025 年中國線上銷售
數據成長+10%，抖音維持高成長+41%，京東成長+19%，天貓衰退3%。中
國市場美瞳片產品需求仍然",af6dc42b0ba5afb6b0a9c08c,5,,PENDING,,PENDING,,PENDING,0.50,ORANGE,STAGE_TABLELIKE_EXPANSION_REVIEW,VRN_1D1_REPORTTEXT_TABLELIKE_EXPANSION,C:\Users\tonyk\OneDrive\VeritasIntelligenceAnalytics\module\VRN\output\_route_lock_runs\RUN_20260525_195119_VRN_GO_M01_60PDF_FULL_V120\full_input_60pdf\20260519兆豐個股報告-望隼(4771).pdf,2026-06-15T16:25:25.765061,bcf08839591650f23f467896752d629cbce8b28c
33280450a5af073c2547,dc367a89b6fb,4771,,兆豐,2026-05-19,2025,2025,,IS,eps,EPS,-15.0,-15%,%,TWD,,3," 
評等分級：買進（預期未來六個月股價漲輻超過+30%）; 逢低買進（預期未來六個月股價漲輻介於+15%與+30%之間）; 區間操
作（預期未來六個月股價漲跌輻介於-15%與+15%之間）; 逢高賣出（預期未來六個月股價跌輻介於-15%與-30%之間）；賣出（預
期未來六個月股價跌輻超過-30%）。 
本刊所刊載之內容僅做為參考，惟已力求正確與完整，但因時間及市場客觀因素改變所造成產業、市場或個股之相關條件改變，投資人需自行考量
投資之需求與風險，本公司恕不負擔任何法律責任。任何轉載或引用本報告內容必須經本公司同意。 
 
- 3 - 
個股報告 
                                  圖一、公司營收主要來自中國及日本市場 
望隼各市場25Q3 營收成長概況 
 
資料來源：公司簡報 
 
26Q1 延續25H2 強勁之成長動能 
公司26Q1 營收10.31 億元，YoY+27.2%，毛利率40.99%，稅後淨利2.15
億元，YoY+11.4%，EPS 3.66 元，獲利略低於預期。公司25H2 開始感受
到產業強勁復甦的動能，雙11 過後訂單沒有減少，反而如雪片般飛來，主
要是美瞳片的需求強勁。25H2 中國及日本需求開始增加，中國市場需求特
別強勁，許多中國客戶在雙11 之後仍來洽詢訂單。 
 
2025 年彩片需求復甦強勁(主因為長周期產品使用上比較麻煩，使中國消費
者又轉回日拋)，帶動美瞳片銷售狀況，市場對彩片需求已從矯正近視功能轉
向造型及彩妝。功能型鏡片需求穩健，但因彩片佔比持續提高使功能性鏡片
佔比下滑，惟公司表示彩片客戶均為功能性鏡片之潛在客戶。 
 
公司認為今年營收季季高，雖然價格競爭持續，但有收斂的跡象，相關壓力
輕很多(因中國市場需求大於供給)，全年毛利率目標41%。2026 年1~4 月
日本營收衰退的原因是去年同期日本客戶有新品大量出貨，加上有些訂單遞
延到26Q2 出，中國彩片需求非常暢旺，剛性需求明顯上來。矽水膠26Q1
才取證，公司看好逐季的營收貢獻。 
 
中國隱形眼鏡市場在經歷行業轉型，行業集中度開始分散，傳統的“四大+
海昌＂占比持續下降，本土品牌的占比則是穩定提升。2025 年中國線上銷售
數據成長+10%，抖音維持高成長+41%，京東成長+19%，天貓衰退3%。中
國市場美瞳片產品需求仍然",af6dc42b0ba5afb6b0a9c08c,6,,PENDING,,PENDING,,PENDING,0.50,ORANGE,STAGE_TABLELIKE_EXPANSION_REVIEW,VRN_1D1_REPORTTEXT_TABLELIKE_EXPANSION,C:\Users\tonyk\OneDrive\VeritasIntelligenceAnalytics\module\VRN\output\_route_lock_runs\RUN_20260525_195119_VRN_GO_M01_60PDF_FULL_V120\full_input_60pdf\20260519兆豐個股報告-望隼(4771).pdf,2026-06-15T16:25:25.765070,655f26cd0992ec49e011a36c963d76173d6c1b88
33280450a5af073c2547,dc367a89b6fb,4771,,兆豐,2026-05-19,2025,2025,,IS,eps,EPS,-30.0,-30%,%,TWD,,3," 
評等分級：買進（預期未來六個月股價漲輻超過+30%）; 逢低買進（預期未來六個月股價漲輻介於+15%與+30%之間）; 區間操
作（預期未來六個月股價漲跌輻介於-15%與+15%之間）; 逢高賣出（預期未來六個月股價跌輻介於-15%與-30%之間）；賣出（預
期未來六個月股價跌輻超過-30%）。 
本刊所刊載之內容僅做為參考，惟已力求正確與完整，但因時間及市場客觀因素改變所造成產業、市場或個股之相關條件改變，投資人需自行考量
投資之需求與風險，本公司恕不負擔任何法律責任。任何轉載或引用本報告內容必須經本公司同意。 
 
- 3 - 
個股報告 
                                  圖一、公司營收主要來自中國及日本市場 
望隼各市場25Q3 營收成長概況 
 
資料來源：公司簡報 
 
26Q1 延續25H2 強勁之成長動能 
公司26Q1 營收10.31 億元，YoY+27.2%，毛利率40.99%，稅後淨利2.15
億元，YoY+11.4%，EPS 3.66 元，獲利略低於預期。公司25H2 開始感受
到產業強勁復甦的動能，雙11 過後訂單沒有減少，反而如雪片般飛來，主
要是美瞳片的需求強勁。25H2 中國及日本需求開始增加，中國市場需求特
別強勁，許多中國客戶在雙11 之後仍來洽詢訂單。 
 
2025 年彩片需求復甦強勁(主因為長周期產品使用上比較麻煩，使中國消費
者又轉回日拋)，帶動美瞳片銷售狀況，市場對彩片需求已從矯正近視功能轉
向造型及彩妝。功能型鏡片需求穩健，但因彩片佔比持續提高使功能性鏡片
佔比下滑，惟公司表示彩片客戶均為功能性鏡片之潛在客戶。 
 
公司認為今年營收季季高，雖然價格競爭持續，但有收斂的跡象，相關壓力
輕很多(因中國市場需求大於供給)，全年毛利率目標41%。2026 年1~4 月
日本營收衰退的原因是去年同期日本客戶有新品大量出貨，加上有些訂單遞
延到26Q2 出，中國彩片需求非常暢旺，剛性需求明顯上來。矽水膠26Q1
才取證，公司看好逐季的營收貢獻。 
 
中國隱形眼鏡市場在經歷行業轉型，行業集中度開始分散，傳統的“四大+
海昌＂占比持續下降，本土品牌的占比則是穩定提升。2025 年中國線上銷售
數據成長+10%，抖音維持高成長+41%，京東成長+19%，天貓衰退3%。中
國市場美瞳片產品需求仍然",af6dc42b0ba5afb6b0a9c08c,7,,PENDING,,PENDING,,PENDING,0.50,ORANGE,STAGE_TABLELIKE_EXPANSION_REVIEW,VRN_1D1_REPORTTEXT_TABLELIKE_EXPANSION,C:\Users\tonyk\OneDrive\VeritasIntelligenceAnalytics\module\VRN\output\_route_lock_runs\RUN_20260525_195119_VRN_GO_M01_60PDF_FULL_V120\full_input_60pdf\20260519兆豐個股報告-望隼(4771).pdf,2026-06-15T16:25:25.765080,f7d33541e555455e708baf2beb59420958b25563
33280450a5af073c2547,dc367a89b6fb,4771,,兆豐,2026-05-19,2025,2025,,IS,eps,EPS,-30.0,-30%,%,TWD,,3," 
評等分級：買進（預期未來六個月股價漲輻超過+30%）; 逢低買進（預期未來六個月股價漲輻介於+15%與+30%之間）; 區間操
作（預期未來六個月股價漲跌輻介於-15%與+15%之間）; 逢高賣出（預期未來六個月股價跌輻介於-15%與-30%之間）；賣出（預
期未來六個月股價跌輻超過-30%）。 
本刊所刊載之內容僅做為參考，惟已力求正確與完整，但因時間及市場客觀因素改變所造成產業、市場或個股之相關條件改變，投資人需自行考量
投資之需求與風險，本公司恕不負擔任何法律責任。任何轉載或引用本報告內容必須經本公司同意。 
 
- 3 - 
個股報告 
                                  圖一、公司營收主要來自中國及日本市場 
望隼各市場25Q3 營收成長概況 
 
資料來源：公司簡報 
 
26Q1 延續25H2 強勁之成長動能 
公司26Q1 營收10.31 億元，YoY+27.2%，毛利率40.99%，稅後淨利2.15
億元，YoY+11.4%，EPS 3.66 元，獲利略低於預期。公司25H2 開始感受
到產業強勁復甦的動能，雙11 過後訂單沒有減少，反而如雪片般飛來，主
要是美瞳片的需求強勁。25H2 中國及日本需求開始增加，中國市場需求特
別強勁，許多中國客戶在雙11 之後仍來洽詢訂單。 
 
2025 年彩片需求復甦強勁(主因為長周期產品使用上比較麻煩，使中國消費
者又轉回日拋)，帶動美瞳片銷售狀況，市場對彩片需求已從矯正近視功能轉
向造型及彩妝。功能型鏡片需求穩健，但因彩片佔比持續提高使功能性鏡片
佔比下滑，惟公司表示彩片客戶均為功能性鏡片之潛在客戶。 
 
公司認為今年營收季季高，雖然價格競爭持續，但有收斂的跡象，相關壓力
輕很多(因中國市場需求大於供給)，全年毛利率目標41%。2026 年1~4 月
日本營收衰退的原因是去年同期日本客戶有新品大量出貨，加上有些訂單遞
延到26Q2 出，中國彩片需求非常暢旺，剛性需求明顯上來。矽水膠26Q1
才取證，公司看好逐季的營收貢獻。 
 
中國隱形眼鏡市場在經歷行業轉型，行業集中度開始分散，傳統的“四大+
海昌＂占比持續下降，本土品牌的占比則是穩定提升。2025 年中國線上銷售
數據成長+10%，抖音維持高成長+41%，京東成長+19%，天貓衰退3%。中
國市場美瞳片產品需求仍然",af6dc42b0ba5afb6b0a9c08c,8,,PENDING,,PENDING,,PENDING,0.50,ORANGE,STAGE_TABLELIKE_EXPANSION_REVIEW,VRN_1D1_REPORTTEXT_TABLELIKE_EXPANSION,C:\Users\tonyk\OneDrive\VeritasIntelligenceAnalytics\module\VRN\output\_route_lock_runs\RUN_20260525_195119_VRN_GO_M01_60PDF_FULL_V120\full_input_60pdf\20260519兆豐個股報告-望隼(4771).pdf,2026-06-15T16:25:25.765089,bfd7be11f42de603ce67186acebbcd0f6223ecb2
33280450a5af073c2547,dc367a89b6fb,4771,,兆豐,2026-05-19,2025,2025,,IS,eps,EPS,3.0,3,%,TWD,,3," 
評等分級：買進（預期未來六個月股價漲輻超過+30%）; 逢低買進（預期未來六個月股價漲輻介於+15%與+30%之間）; 區間操
作（預期未來六個月股價漲跌輻介於-15%與+15%之間）; 逢高賣出（預期未來六個月股價跌輻介於-15%與-30%之間）；賣出（預
期未來六個月股價跌輻超過-30%）。 
本刊所刊載之內容僅做為參考，惟已力求正確與完整，但因時間及市場客觀因素改變所造成產業、市場或個股之相關條件改變，投資人需自行考量
投資之需求與風險，本公司恕不負擔任何法律責任。任何轉載或引用本報告內容必須經本公司同意。 
 
- 3 - 
個股報告 
                                  圖一、公司營收主要來自中國及日本市場 
望隼各市場25Q3 營收成長概況 
 
資料來源：公司簡報 
 
26Q1 延續25H2 強勁之成長動能 
公司26Q1 營收10.31 億元，YoY+27.2%，毛利率40.99%，稅後淨利2.15
億元，YoY+11.4%，EPS 3.66 元，獲利略低於預期。公司25H2 開始感受
到產業強勁復甦的動能，雙11 過後訂單沒有減少，反而如雪片般飛來，主
要是美瞳片的需求強勁。25H2 中國及日本需求開始增加，中國市場需求特
別強勁，許多中國客戶在雙11 之後仍來洽詢訂單。 
 
2025 年彩片需求復甦強勁(主因為長周期產品使用上比較麻煩，使中國消費
者又轉回日拋)，帶動美瞳片銷售狀況，市場對彩片需求已從矯正近視功能轉
向造型及彩妝。功能型鏡片需求穩健，但因彩片佔比持續提高使功能性鏡片
佔比下滑，惟公司表示彩片客戶均為功能性鏡片之潛在客戶。 
 
公司認為今年營收季季高，雖然價格競爭持續，但有收斂的跡象，相關壓力
輕很多(因中國市場需求大於供給)，全年毛利率目標41%。2026 年1~4 月
日本營收衰退的原因是去年同期日本客戶有新品大量出貨，加上有些訂單遞
延到26Q2 出，中國彩片需求非常暢旺，剛性需求明顯上來。矽水膠26Q1
才取證，公司看好逐季的營收貢獻。 
 
中國隱形眼鏡市場在經歷行業轉型，行業集中度開始分散，傳統的“四大+
海昌＂占比持續下降，本土品牌的占比則是穩定提升。2025 年中國線上銷售
數據成長+10%，抖音維持高成長+41%，京東成長+19%，天貓衰退3%。中
國市場美瞳片產品需求仍然",af6dc42b0ba5afb6b0a9c08c,9,,PENDING,,PENDING,,PENDING,0.50,ORANGE,STAGE_TABLELIKE_EXPANSION_REVIEW,VRN_1D1_REPORTTEXT_TABLELIKE_EXPANSION,C:\Users\tonyk\OneDrive\VeritasIntelligenceAnalytics\module\VRN\output\_route_lock_runs\RUN_20260525_195119_VRN_GO_M01_60PDF_FULL_V120\full_input_60pdf\20260519兆豐個股報告-望隼(4771).pdf,2026-06-15T16:25:25.765099,c22fe84b8036505949364bf8d1556a8767aaa93a
33280450a5af073c2547,dc367a89b6fb,4771,,兆豐,2026-05-19,2025,2025,,IS,eps,EPS,10.31,10.31,%,TWD,,3," 
評等分級：買進（預期未來六個月股價漲輻超過+30%）; 逢低買進（預期未來六個月股價漲輻介於+15%與+30%之間）; 區間操
作（預期未來六個月股價漲跌輻介於-15%與+15%之間）; 逢高賣出（預期未來六個月股價跌輻介於-15%與-30%之間）；賣出（預
期未來六個月股價跌輻超過-30%）。 
本刊所刊載之內容僅做為參考，惟已力求正確與完整，但因時間及市場客觀因素改變所造成產業、市場或個股之相關條件改變，投資人需自行考量
投資之需求與風險，本公司恕不負擔任何法律責任。任何轉載或引用本報告內容必須經本公司同意。 
 
- 3 - 
個股報告 
                                  圖一、公司營收主要來自中國及日本市場 
望隼各市場25Q3 營收成長概況 
 
資料來源：公司簡報 
 
26Q1 延續25H2 強勁之成長動能 
公司26Q1 營收10.31 億元，YoY+27.2%，毛利率40.99%，稅後淨利2.15
億元，YoY+11.4%，EPS 3.66 元，獲利略低於預期。公司25H2 開始感受
到產業強勁復甦的動能，雙11 過後訂單沒有減少，反而如雪片般飛來，主
要是美瞳片的需求強勁。25H2 中國及日本需求開始增加，中國市場需求特
別強勁，許多中國客戶在雙11 之後仍來洽詢訂單。 
 
2025 年彩片需求復甦強勁(主因為長周期產品使用上比較麻煩，使中國消費
者又轉回日拋)，帶動美瞳片銷售狀況，市場對彩片需求已從矯正近視功能轉
向造型及彩妝。功能型鏡片需求穩健，但因彩片佔比持續提高使功能性鏡片
佔比下滑，惟公司表示彩片客戶均為功能性鏡片之潛在客戶。 
 
公司認為今年營收季季高，雖然價格競爭持續，但有收斂的跡象，相關壓力
輕很多(因中國市場需求大於供給)，全年毛利率目標41%。2026 年1~4 月
日本營收衰退的原因是去年同期日本客戶有新品大量出貨，加上有些訂單遞
延到26Q2 出，中國彩片需求非常暢旺，剛性需求明顯上來。矽水膠26Q1
才取證，公司看好逐季的營收貢獻。 
 
中國隱形眼鏡市場在經歷行業轉型，行業集中度開始分散，傳統的“四大+
海昌＂占比持續下降，本土品牌的占比則是穩定提升。2025 年中國線上銷售
數據成長+10%，抖音維持高成長+41%，京東成長+19%，天貓衰退3%。中
國市場美瞳片產品需求仍然",af6dc42b0ba5afb6b0a9c08c,10,,PENDING,,PENDING,,PENDING,0.50,ORANGE,STAGE_TABLELIKE_EXPANSION_REVIEW,VRN_1D1_REPORTTEXT_TABLELIKE_EXPANSION,C:\Users\tonyk\OneDrive\VeritasIntelligenceAnalytics\module\VRN\output\_route_lock_runs\RUN_20260525_195119_VRN_GO_M01_60PDF_FULL_V120\full_input_60pdf\20260519兆豐個股報告-望隼(4771).pdf,2026-06-15T16:25:25.765108,f3901a6693c16bd40815e5b8e5a46b4156617d8b
33280450a5af073c2547,dc367a89b6fb,4771,,兆豐,2026-05-19,2025,2025,,IS,eps,EPS,27.2,27.2%,%,TWD,,3," 
評等分級：買進（預期未來六個月股價漲輻超過+30%）; 逢低買進（預期未來六個月股價漲輻介於+15%與+30%之間）; 區間操
作（預期未來六個月股價漲跌輻介於-15%與+15%之間）; 逢高賣出（預期未來六個月股價跌輻介於-15%與-30%之間）；賣出（預
期未來六個月股價跌輻超過-30%）。 
本刊所刊載之內容僅做為參考，惟已力求正確與完整，但因時間及市場客觀因素改變所造成產業、市場或個股之相關條件改變，投資人需自行考量
投資之需求與風險，本公司恕不負擔任何法律責任。任何轉載或引用本報告內容必須經本公司同意。 
 
- 3 - 
個股報告 
                                  圖一、公司營收主要來自中國及日本市場 
望隼各市場25Q3 營收成長概況 
 
資料來源：公司簡報 
 
26Q1 延續25H2 強勁之成長動能 
公司26Q1 營收10.31 億元，YoY+27.2%，毛利率40.99%，稅後淨利2.15
億元，YoY+11.4%，EPS 3.66 元，獲利略低於預期。公司25H2 開始感受
到產業強勁復甦的動能，雙11 過後訂單沒有減少，反而如雪片般飛來，主
要是美瞳片的需求強勁。25H2 中國及日本需求開始增加，中國市場需求特
別強勁，許多中國客戶在雙11 之後仍來洽詢訂單。 
 
2025 年彩片需求復甦強勁(主因為長周期產品使用上比較麻煩，使中國消費
者又轉回日拋)，帶動美瞳片銷售狀況，市場對彩片需求已從矯正近視功能轉
向造型及彩妝。功能型鏡片需求穩健，但因彩片佔比持續提高使功能性鏡片
佔比下滑，惟公司表示彩片客戶均為功能性鏡片之潛在客戶。 
 
公司認為今年營收季季高，雖然價格競爭持續，但有收斂的跡象，相關壓力
輕很多(因中國市場需求大於供給)，全年毛利率目標41%。2026 年1~4 月
日本營收衰退的原因是去年同期日本客戶有新品大量出貨，加上有些訂單遞
延到26Q2 出，中國彩片需求非常暢旺，剛性需求明顯上來。矽水膠26Q1
才取證，公司看好逐季的營收貢獻。 
 
中國隱形眼鏡市場在經歷行業轉型，行業集中度開始分散，傳統的“四大+
海昌＂占比持續下降，本土品牌的占比則是穩定提升。2025 年中國線上銷售
數據成長+10%，抖音維持高成長+41%，京東成長+19%，天貓衰退3%。中
國市場美瞳片產品需求仍然",af6dc42b0ba5afb6b0a9c08c,11,,PENDING,,PENDING,,PENDING,0.50,ORANGE,STAGE_TABLELIKE_EXPANSION_REVIEW,VRN_1D1_REPORTTEXT_TABLELIKE_EXPANSION,C:\Users\tonyk\OneDrive\VeritasIntelligenceAnalytics\module\VRN\output\_route_lock_runs\RUN_20260525_195119_VRN_GO_M01_60PDF_FULL_V120\full_input_60pdf\20260519兆豐個股報告-望隼(4771).pdf,2026-06-15T16:25:25.765118,fa193c8b8b8368e397dcdc41522d09d872dea341
33280450a5af073c2547,dc367a89b6fb,4771,,兆豐,2026-05-19,2025,2025,,IS,eps,EPS,40.99,40.99%,%,TWD,,3," 
評等分級：買進（預期未來六個月股價漲輻超過+30%）; 逢低買進（預期未來六個月股價漲輻介於+15%與+30%之間）; 區間操
作（預期未來六個月股價漲跌輻介於-15%與+15%之間）; 逢高賣出（預期未來六個月股價跌輻介於-15%與-30%之間）；賣出（預
期未來六個月股價跌輻超過-30%）。 
本刊所刊載之內容僅做為參考，惟已力求正確與完整，但因時間及市場客觀因素改變所造成產業、市場或個股之相關條件改變，投資人需自行考量
投資之需求與風險，本公司恕不負擔任何法律責任。任何轉載或引用本報告內容必須經本公司同意。 
 
- 3 - 
個股報告 
                                  圖一、公司營收主要來自中國及日本市場 
望隼各市場25Q3 營收成長概況 
 
資料來源：公司簡報 
 
26Q1 延續25H2 強勁之成長動能 
公司26Q1 營收10.31 億元，YoY+27.2%，毛利率40.99%，稅後淨利2.15
億元，YoY+11.4%，EPS 3.66 元，獲利略低於預期。公司25H2 開始感受
到產業強勁復甦的動能，雙11 過後訂單沒有減少，反而如雪片般飛來，主
要是美瞳片的需求強勁。25H2 中國及日本需求開始增加，中國市場需求特
別強勁，許多中國客戶在雙11 之後仍來洽詢訂單。 
 
2025 年彩片需求復甦強勁(主因為長周期產品使用上比較麻煩，使中國消費
者又轉回日拋)，帶動美瞳片銷售狀況，市場對彩片需求已從矯正近視功能轉
向造型及彩妝。功能型鏡片需求穩健，但因彩片佔比持續提高使功能性鏡片
佔比下滑，惟公司表示彩片客戶均為功能性鏡片之潛在客戶。 
 
公司認為今年營收季季高，雖然價格競爭持續，但有收斂的跡象，相關壓力
輕很多(因中國市場需求大於供給)，全年毛利率目標41%。2026 年1~4 月
日本營收衰退的原因是去年同期日本客戶有新品大量出貨，加上有些訂單遞
延到26Q2 出，中國彩片需求非常暢旺，剛性需求明顯上來。矽水膠26Q1
才取證，公司看好逐季的營收貢獻。 
 
中國隱形眼鏡市場在經歷行業轉型，行業集中度開始分散，傳統的“四大+
海昌＂占比持續下降，本土品牌的占比則是穩定提升。2025 年中國線上銷售
數據成長+10%，抖音維持高成長+41%，京東成長+19%，天貓衰退3%。中
國市場美瞳片產品需求仍然",af6dc42b0ba5afb6b0a9c08c,12,,PENDING,,PENDING,,PENDING,0.50,ORANGE,STAGE_TABLELIKE_EXPANSION_REVIEW,VRN_1D1_REPORTTEXT_TABLELIKE_EXPANSION,C:\Users\tonyk\OneDrive\VeritasIntelligenceAnalytics\module\VRN\output\_route_lock_runs\RUN_20260525_195119_VRN_GO_M01_60PDF_FULL_V120\full_input_60pdf\20260519兆豐個股報告-望隼(4771).pdf,2026-06-15T16:25:25.765127,57dd2b1a981e826976bf5eb214fd6661cdff2e3b
33280450a5af073c2547,dc367a89b6fb,4771,,兆豐,2026-05-19,2025,2025,,IS,eps,EPS,2.15,2.15,%,TWD,,3," 
評等分級：買進（預期未來六個月股價漲輻超過+30%）; 逢低買進（預期未來六個月股價漲輻介於+15%與+30%之間）; 區間操
作（預期未來六個月股價漲跌輻介於-15%與+15%之間）; 逢高賣出（預期未來六個月股價跌輻介於-15%與-30%之間）；賣出（預
期未來六個月股價跌輻超過-30%）。 
本刊所刊載之內容僅做為參考，惟已力求正確與完整，但因時間及市場客觀因素改變所造成產業、市場或個股之相關條件改變，投資人需自行考量
投資之需求與風險，本公司恕不負擔任何法律責任。任何轉載或引用本報告內容必須經本公司同意。 
 
- 3 - 
個股報告 
                                  圖一、公司營收主要來自中國及日本市場 
望隼各市場25Q3 營收成長概況 
 
資料來源：公司簡報 
 
26Q1 延續25H2 強勁之成長動能 
公司26Q1 營收10.31 億元，YoY+27.2%，毛利率40.99%，稅後淨利2.15
億元，YoY+11.4%，EPS 3.66 元，獲利略低於預期。公司25H2 開始感受
到產業強勁復甦的動能，雙11 過後訂單沒有減少，反而如雪片般飛來，主
要是美瞳片的需求強勁。25H2 中國及日本需求開始增加，中國市場需求特
別強勁，許多中國客戶在雙11 之後仍來洽詢訂單。 
 
2025 年彩片需求復甦強勁(主因為長周期產品使用上比較麻煩，使中國消費
者又轉回日拋)，帶動美瞳片銷售狀況，市場對彩片需求已從矯正近視功能轉
向造型及彩妝。功能型鏡片需求穩健，但因彩片佔比持續提高使功能性鏡片
佔比下滑，惟公司表示彩片客戶均為功能性鏡片之潛在客戶。 
 
公司認為今年營收季季高，雖然價格競爭持續，但有收斂的跡象，相關壓力
輕很多(因中國市場需求大於供給)，全年毛利率目標41%。2026 年1~4 月
日本營收衰退的原因是去年同期日本客戶有新品大量出貨，加上有些訂單遞
延到26Q2 出，中國彩片需求非常暢旺，剛性需求明顯上來。矽水膠26Q1
才取證，公司看好逐季的營收貢獻。 
 
中國隱形眼鏡市場在經歷行業轉型，行業集中度開始分散，傳統的“四大+
海昌＂占比持續下降，本土品牌的占比則是穩定提升。2025 年中國線上銷售
數據成長+10%，抖音維持高成長+41%，京東成長+19%，天貓衰退3%。中
國市場美瞳片產品需求仍然",af6dc42b0ba5afb6b0a9c08c,13,,PENDING,,PENDING,,PENDING,0.50,ORANGE,STAGE_TABLELIKE_EXPANSION_REVIEW,VRN_1D1_REPORTTEXT_TABLELIKE_EXPANSION,C:\Users\tonyk\OneDrive\VeritasIntelligenceAnalytics\module\VRN\output\_route_lock_runs\RUN_20260525_195119_VRN_GO_M01_60PDF_FULL_V120\full_input_60pdf\20260519兆豐個股報告-望隼(4771).pdf,2026-06-15T16:25:25.765137,fed9591879926095c0cb44113c211731f06e1341
33280450a5af073c2547,dc367a89b6fb,4771,,兆豐,2026-05-19,2025,2025,,IS,eps,EPS,11.4,11.4%,%,TWD,,3," 
評等分級：買進（預期未來六個月股價漲輻超過+30%）; 逢低買進（預期未來六個月股價漲輻介於+15%與+30%之間）; 區間操
作（預期未來六個月股價漲跌輻介於-15%與+15%之間）; 逢高賣出（預期未來六個月股價跌輻介於-15%與-30%之間）；賣出（預
期未來六個月股價跌輻超過-30%）。 
本刊所刊載之內容僅做為參考，惟已力求正確與完整，但因時間及市場客觀因素改變所造成產業、市場或個股之相關條件改變，投資人需自行考量
投資之需求與風險，本公司恕不負擔任何法律責任。任何轉載或引用本報告內容必須經本公司同意。 
 
- 3 - 
個股報告 
                                  圖一、公司營收主要來自中國及日本市場 
望隼各市場25Q3 營收成長概況 
 
資料來源：公司簡報 
 
26Q1 延續25H2 強勁之成長動能 
公司26Q1 營收10.31 億元，YoY+27.2%，毛利率40.99%，稅後淨利2.15
億元，YoY+11.4%，EPS 3.66 元，獲利略低於預期。公司25H2 開始感受
到產業強勁復甦的動能，雙11 過後訂單沒有減少，反而如雪片般飛來，主
要是美瞳片的需求強勁。25H2 中國及日本需求開始增加，中國市場需求特
別強勁，許多中國客戶在雙11 之後仍來洽詢訂單。 
 
2025 年彩片需求復甦強勁(主因為長周期產品使用上比較麻煩，使中國消費
者又轉回日拋)，帶動美瞳片銷售狀況，市場對彩片需求已從矯正近視功能轉
向造型及彩妝。功能型鏡片需求穩健，但因彩片佔比持續提高使功能性鏡片
佔比下滑，惟公司表示彩片客戶均為功能性鏡片之潛在客戶。 
 
公司認為今年營收季季高，雖然價格競爭持續，但有收斂的跡象，相關壓力
輕很多(因中國市場需求大於供給)，全年毛利率目標41%。2026 年1~4 月
日本營收衰退的原因是去年同期日本客戶有新品大量出貨，加上有些訂單遞
延到26Q2 出，中國彩片需求非常暢旺，剛性需求明顯上來。矽水膠26Q1
才取證，公司看好逐季的營收貢獻。 
 
中國隱形眼鏡市場在經歷行業轉型，行業集中度開始分散，傳統的“四大+
海昌＂占比持續下降，本土品牌的占比則是穩定提升。2025 年中國線上銷售
數據成長+10%，抖音維持高成長+41%，京東成長+19%，天貓衰退3%。中
國市場美瞳片產品需求仍然",af6dc42b0ba5afb6b0a9c08c,14,,PENDING,,PENDING,,PENDING,0.50,ORANGE,STAGE_TABLELIKE_EXPANSION_REVIEW,VRN_1D1_REPORTTEXT_TABLELIKE_EXPANSION,C:\Users\tonyk\OneDrive\VeritasIntelligenceAnalytics\module\VRN\output\_route_lock_runs\RUN_20260525_195119_VRN_GO_M01_60PDF_FULL_V120\full_input_60pdf\20260519兆豐個股報告-望隼(4771).pdf,2026-06-15T16:25:25.765146,9d1b90ef293a423b1dfeeb9ce4697dbaf4c11d8b
33280450a5af073c2547,dc367a89b6fb,4771,,兆豐,2026-05-19,2025,2025,,IS,eps,EPS,3.66,3.66,%,TWD,,3," 
評等分級：買進（預期未來六個月股價漲輻超過+30%）; 逢低買進（預期未來六個月股價漲輻介於+15%與+30%之間）; 區間操
作（預期未來六個月股價漲跌輻介於-15%與+15%之間）; 逢高賣出（預期未來六個月股價跌輻介於-15%與-30%之間）；賣出（預
期未來六個月股價跌輻超過-30%）。 
本刊所刊載之內容僅做為參考，惟已力求正確與完整，但因時間及市場客觀因素改變所造成產業、市場或個股之相關條件改變，投資人需自行考量
投資之需求與風險，本公司恕不負擔任何法律責任。任何轉載或引用本報告內容必須經本公司同意。 
 
- 3 - 
個股報告 
                                  圖一、公司營收主要來自中國及日本市場 
望隼各市場25Q3 營收成長概況 
 
資料來源：公司簡報 
 
26Q1 延續25H2 強勁之成長動能 
公司26Q1 營收10.31 億元，YoY+27.2%，毛利率40.99%，稅後淨利2.15
億元，YoY+11.4%，EPS 3.66 元，獲利略低於預期。公司25H2 開始感受
到產業強勁復甦的動能，雙11 過後訂單沒有減少，反而如雪片般飛來，主
要是美瞳片的需求強勁。25H2 中國及日本需求開始增加，中國市場需求特
別強勁，許多中國客戶在雙11 之後仍來洽詢訂單。 
 
2025 年彩片需求復甦強勁(主因為長周期產品使用上比較麻煩，使中國消費
者又轉回日拋)，帶動美瞳片銷售狀況，市場對彩片需求已從矯正近視功能轉
向造型及彩妝。功能型鏡片需求穩健，但因彩片佔比持續提高使功能性鏡片
佔比下滑，惟公司表示彩片客戶均為功能性鏡片之潛在客戶。 
 
公司認為今年營收季季高，雖然價格競爭持續，但有收斂的跡象，相關壓力
輕很多(因中國市場需求大於供給)，全年毛利率目標41%。2026 年1~4 月
日本營收衰退的原因是去年同期日本客戶有新品大量出貨，加上有些訂單遞
延到26Q2 出，中國彩片需求非常暢旺，剛性需求明顯上來。矽水膠26Q1
才取證，公司看好逐季的營收貢獻。 
 
中國隱形眼鏡市場在經歷行業轉型，行業集中度開始分散，傳統的“四大+
海昌＂占比持續下降，本土品牌的占比則是穩定提升。2025 年中國線上銷售
數據成長+10%，抖音維持高成長+41%，京東成長+19%，天貓衰退3%。中
國市場美瞳片產品需求仍然",af6dc42b0ba5afb6b0a9c08c,15,,PENDING,,PENDING,,PENDING,0.50,ORANGE,STAGE_TABLELIKE_EXPANSION_REVIEW,VRN_1D1_REPORTTEXT_TABLELIKE_EXPANSION,C:\Users\tonyk\OneDrive\VeritasIntelligenceAnalytics\module\VRN\output\_route_lock_runs\RUN_20260525_195119_VRN_GO_M01_60PDF_FULL_V120\full_input_60pdf\20260519兆豐個股報告-望隼(4771).pdf,2026-06-15T16:25:25.765155,2055805f12785042ea28476bdb147a341acab8ff
33280450a5af073c2547,dc367a89b6fb,4771,,兆豐,2026-05-19,2025,2025,,IS,eps,EPS,11.0,11,%,TWD,,3," 
評等分級：買進（預期未來六個月股價漲輻超過+30%）; 逢低買進（預期未來六個月股價漲輻介於+15%與+30%之間）; 區間操
作（預期未來六個月股價漲跌輻介於-15%與+15%之間）; 逢高賣出（預期未來六個月股價跌輻介於-15%與-30%之間）；賣出（預
期未來六個月股價跌輻超過-30%）。 
本刊所刊載之內容僅做為參考，惟已力求正確與完整，但因時間及市場客觀因素改變所造成產業、市場或個股之相關條件改變，投資人需自行考量
投資之需求與風險，本公司恕不負擔任何法律責任。任何轉載或引用本報告內容必須經本公司同意。 
 
- 3 - 
個股報告 
                                  圖一、公司營收主要來自中國及日本市場 
望隼各市場25Q3 營收成長概況 
 
資料來源：公司簡報 
 
26Q1 延續25H2 強勁之成長動能 
公司26Q1 營收10.31 億元，YoY+27.2%，毛利率40.99%，稅後淨利2.15
億元，YoY+11.4%，EPS 3.66 元，獲利略低於預期。公司25H2 開始感受
到產業強勁復甦的動能，雙11 過後訂單沒有減少，反而如雪片般飛來，主
要是美瞳片的需求強勁。25H2 中國及日本需求開始增加，中國市場需求特
別強勁，許多中國客戶在雙11 之後仍來洽詢訂單。 
 
2025 年彩片需求復甦強勁(主因為長周期產品使用上比較麻煩，使中國消費
者又轉回日拋)，帶動美瞳片銷售狀況，市場對彩片需求已從矯正近視功能轉
向造型及彩妝。功能型鏡片需求穩健，但因彩片佔比持續提高使功能性鏡片
佔比下滑，惟公司表示彩片客戶均為功能性鏡片之潛在客戶。 
 
公司認為今年營收季季高，雖然價格競爭持續，但有收斂的跡象，相關壓力
輕很多(因中國市場需求大於供給)，全年毛利率目標41%。2026 年1~4 月
日本營收衰退的原因是去年同期日本客戶有新品大量出貨，加上有些訂單遞
延到26Q2 出，中國彩片需求非常暢旺，剛性需求明顯上來。矽水膠26Q1
才取證，公司看好逐季的營收貢獻。 
 
中國隱形眼鏡市場在經歷行業轉型，行業集中度開始分散，傳統的“四大+
海昌＂占比持續下降，本土品牌的占比則是穩定提升。2025 年中國線上銷售
數據成長+10%，抖音維持高成長+41%，京東成長+19%，天貓衰退3%。中
國市場美瞳片產品需求仍然",af6dc42b0ba5afb6b0a9c08c,16,,PENDING,,PENDING,,PENDING,0.50,ORANGE,STAGE_TABLELIKE_EXPANSION_REVIEW,VRN_1D1_REPORTTEXT_TABLELIKE_EXPANSION,C:\Users\tonyk\OneDrive\VeritasIntelligenceAnalytics\module\VRN\output\_route_lock_runs\RUN_20260525_195119_VRN_GO_M01_60PDF_FULL_V120\full_input_60pdf\20260519兆豐個股報告-望隼(4771).pdf,2026-06-15T16:25:25.765164,477345fd888bf53c398917b6d021d2a0bbb0ec2b
33280450a5af073c2547,dc367a89b6fb,4771,,兆豐,2026-05-19,2025,2025,,IS,eps,EPS,11.0,11,%,TWD,,3," 
評等分級：買進（預期未來六個月股價漲輻超過+30%）; 逢低買進（預期未來六個月股價漲輻介於+15%與+30%之間）; 區間操
作（預期未來六個月股價漲跌輻介於-15%與+15%之間）; 逢高賣出（預期未來六個月股價跌輻介於-15%與-30%之間）；賣出（預
期未來六個月股價跌輻超過-30%）。 
本刊所刊載之內容僅做為參考，惟已力求正確與完整，但因時間及市場客觀因素改變所造成產業、市場或個股之相關條件改變，投資人需自行考量
投資之需求與風險，本公司恕不負擔任何法律責任。任何轉載或引用本報告內容必須經本公司同意。 
 
- 3 - 
個股報告 
                                  圖一、公司營收主要來自中國及日本市場 
望隼各市場25Q3 營收成長概況 
 
資料來源：公司簡報 
 
26Q1 延續25H2 強勁之成長動能 
公司26Q1 營收10.31 億元，YoY+27.2%，毛利率40.99%，稅後淨利2.15
億元，YoY+11.4%，EPS 3.66 元，獲利略低於預期。公司25H2 開始感受
到產業強勁復甦的動能，雙11 過後訂單沒有減少，反而如雪片般飛來，主
要是美瞳片的需求強勁。25H2 中國及日本需求開始增加，中國市場需求特
別強勁，許多中國客戶在雙11 之後仍來洽詢訂單。 
 
2025 年彩片需求復甦強勁(主因為長周期產品使用上比較麻煩，使中國消費
者又轉回日拋)，帶動美瞳片銷售狀況，市場對彩片需求已從矯正近視功能轉
向造型及彩妝。功能型鏡片需求穩健，但因彩片佔比持續提高使功能性鏡片
佔比下滑，惟公司表示彩片客戶均為功能性鏡片之潛在客戶。 
 
公司認為今年營收季季高，雖然價格競爭持續，但有收斂的跡象，相關壓力
輕很多(因中國市場需求大於供給)，全年毛利率目標41%。2026 年1~4 月
日本營收衰退的原因是去年同期日本客戶有新品大量出貨，加上有些訂單遞
延到26Q2 出，中國彩片需求非常暢旺，剛性需求明顯上來。矽水膠26Q1
才取證，公司看好逐季的營收貢獻。 
 
中國隱形眼鏡市場在經歷行業轉型，行業集中度開始分散，傳統的“四大+
海昌＂占比持續下降，本土品牌的占比則是穩定提升。2025 年中國線上銷售
數據成長+10%，抖音維持高成長+41%，京東成長+19%，天貓衰退3%。中
國市場美瞳片產品需求仍然",af6dc42b0ba5afb6b0a9c08c,17,,PENDING,,PENDING,,PENDING,0.50,ORANGE,STAGE_TABLELIKE_EXPANSION_REVIEW,VRN_1D1_REPORTTEXT_TABLELIKE_EXPANSION,C:\Users\tonyk\OneDrive\VeritasIntelligenceAnalytics\module\VRN\output\_route_lock_runs\RUN_20260525_195119_VRN_GO_M01_60PDF_FULL_V120\full_input_60pdf\20260519兆豐個股報告-望隼(4771).pdf,2026-06-15T16:25:25.765173,c8b790bfe60101015fd805af6b386a567c1f3657
33280450a5af073c2547,dc367a89b6fb,4771,,兆豐,2026-05-19,2025,2025,,IS,eps,EPS,41.0,41%,%,TWD,,3," 
評等分級：買進（預期未來六個月股價漲輻超過+30%）; 逢低買進（預期未來六個月股價漲輻介於+15%與+30%之間）; 區間操
作（預期未來六個月股價漲跌輻介於-15%與+15%之間）; 逢高賣出（預期未來六個月股價跌輻介於-15%與-30%之間）；賣出（預
期未來六個月股價跌輻超過-30%）。 
本刊所刊載之內容僅做為參考，惟已力求正確與完整，但因時間及市場客觀因素改變所造成產業、市場或個股之相關條件改變，投資人需自行考量
投資之需求與風險，本公司恕不負擔任何法律責任。任何轉載或引用本報告內容必須經本公司同意。 
 
- 3 - 
個股報告 
                                  圖一、公司營收主要來自中國及日本市場 
望隼各市場25Q3 營收成長概況 
 
資料來源：公司簡報 
 
26Q1 延續25H2 強勁之成長動能 
公司26Q1 營收10.31 億元，YoY+27.2%，毛利率40.99%，稅後淨利2.15
億元，YoY+11.4%，EPS 3.66 元，獲利略低於預期。公司25H2 開始感受
到產業強勁復甦的動能，雙11 過後訂單沒有減少，反而如雪片般飛來，主
要是美瞳片的需求強勁。25H2 中國及日本需求開始增加，中國市場需求特
別強勁，許多中國客戶在雙11 之後仍來洽詢訂單。 
 
2025 年彩片需求復甦強勁(主因為長周期產品使用上比較麻煩，使中國消費
者又轉回日拋)，帶動美瞳片銷售狀況，市場對彩片需求已從矯正近視功能轉
向造型及彩妝。功能型鏡片需求穩健，但因彩片佔比持續提高使功能性鏡片
佔比下滑，惟公司表示彩片客戶均為功能性鏡片之潛在客戶。 
 
公司認為今年營收季季高，雖然價格競爭持續，但有收斂的跡象，相關壓力
輕很多(因中國市場需求大於供給)，全年毛利率目標41%。2026 年1~4 月
日本營收衰退的原因是去年同期日本客戶有新品大量出貨，加上有些訂單遞
延到26Q2 出，中國彩片需求非常暢旺，剛性需求明顯上來。矽水膠26Q1
才取證，公司看好逐季的營收貢獻。 
 
中國隱形眼鏡市場在經歷行業轉型，行業集中度開始分散，傳統的“四大+
海昌＂占比持續下降，本土品牌的占比則是穩定提升。2025 年中國線上銷售
數據成長+10%，抖音維持高成長+41%，京東成長+19%，天貓衰退3%。中
國市場美瞳片產品需求仍然",af6dc42b0ba5afb6b0a9c08c,18,,PENDING,,PENDING,,PENDING,0.50,ORANGE,STAGE_TABLELIKE_EXPANSION_REVIEW,VRN_1D1_REPORTTEXT_TABLELIKE_EXPANSION,C:\Users\tonyk\OneDrive\VeritasIntelligenceAnalytics\module\VRN\output\_route_lock_runs\RUN_20260525_195119_VRN_GO_M01_60PDF_FULL_V120\full_input_60pdf\20260519兆豐個股報告-望隼(4771).pdf,2026-06-15T16:25:25.765183,0c332c2d3350bb1ae2876fe43be35de552bf9bf4
33280450a5af073c2547,dc367a89b6fb,4771,,兆豐,2026-05-19,2025,2025,,IS,eps,EPS,1.0,1,%,TWD,,3," 
評等分級：買進（預期未來六個月股價漲輻超過+30%）; 逢低買進（預期未來六個月股價漲輻介於+15%與+30%之間）; 區間操
作（預期未來六個月股價漲跌輻介於-15%與+15%之間）; 逢高賣出（預期未來六個月股價跌輻介於-15%與-30%之間）；賣出（預
期未來六個月股價跌輻超過-30%）。 
本刊所刊載之內容僅做為參考，惟已力求正確與完整，但因時間及市場客觀因素改變所造成產業、市場或個股之相關條件改變，投資人需自行考量
投資之需求與風險，本公司恕不負擔任何法律責任。任何轉載或引用本報告內容必須經本公司同意。 
 
- 3 - 
個股報告 
                                  圖一、公司營收主要來自中國及日本市場 
望隼各市場25Q3 營收成長概況 
 
資料來源：公司簡報 
 
26Q1 延續25H2 強勁之成長動能 
公司26Q1 營收10.31 億元，YoY+27.2%，毛利率40.99%，稅後淨利2.15
億元，YoY+11.4%，EPS 3.66 元，獲利略低於預期。公司25H2 開始感受
到產業強勁復甦的動能，雙11 過後訂單沒有減少，反而如雪片般飛來，主
要是美瞳片的需求強勁。25H2 中國及日本需求開始增加，中國市場需求特
別強勁，許多中國客戶在雙11 之後仍來洽詢訂單。 
 
2025 年彩片需求復甦強勁(主因為長周期產品使用上比較麻煩，使中國消費
者又轉回日拋)，帶動美瞳片銷售狀況，市場對彩片需求已從矯正近視功能轉
向造型及彩妝。功能型鏡片需求穩健，但因彩片佔比持續提高使功能性鏡片
佔比下滑，惟公司表示彩片客戶均為功能性鏡片之潛在客戶。 
 
公司認為今年營收季季高，雖然價格競爭持續，但有收斂的跡象，相關壓力
輕很多(因中國市場需求大於供給)，全年毛利率目標41%。2026 年1~4 月
日本營收衰退的原因是去年同期日本客戶有新品大量出貨，加上有些訂單遞
延到26Q2 出，中國彩片需求非常暢旺，剛性需求明顯上來。矽水膠26Q1
才取證，公司看好逐季的營收貢獻。 
 
中國隱形眼鏡市場在經歷行業轉型，行業集中度開始分散，傳統的“四大+
海昌＂占比持續下降，本土品牌的占比則是穩定提升。2025 年中國線上銷售
數據成長+10%，抖音維持高成長+41%，京東成長+19%，天貓衰退3%。中
國市場美瞳片產品需求仍然",af6dc42b0ba5afb6b0a9c08c,19,,PENDING,,PENDING,,PENDING,0.50,ORANGE,STAGE_TABLELIKE_EXPANSION_REVIEW,VRN_1D1_REPORTTEXT_TABLELIKE_EXPANSION,C:\Users\tonyk\OneDrive\VeritasIntelligenceAnalytics\module\VRN\output\_route_lock_runs\RUN_20260525_195119_VRN_GO_M01_60PDF_FULL_V120\full_input_60pdf\20260519兆豐個股報告-望隼(4771).pdf,2026-06-15T16:25:25.765192,bf53525834096a24793ca3d1259d9ba0b088dec3
33280450a5af073c2547,dc367a89b6fb,4771,,兆豐,2026-05-19,2025,2025,,IS,eps,EPS,4.0,4,%,TWD,,3," 
評等分級：買進（預期未來六個月股價漲輻超過+30%）; 逢低買進（預期未來六個月股價漲輻介於+15%與+30%之間）; 區間操
作（預期未來六個月股價漲跌輻介於-15%與+15%之間）; 逢高賣出（預期未來六個月股價跌輻介於-15%與-30%之間）；賣出（預
期未來六個月股價跌輻超過-30%）。 
本刊所刊載之內容僅做為參考，惟已力求正確與完整，但因時間及市場客觀因素改變所造成產業、市場或個股之相關條件改變，投資人需自行考量
投資之需求與風險，本公司恕不負擔任何法律責任。任何轉載或引用本報告內容必須經本公司同意。 
 
- 3 - 
個股報告 
                                  圖一、公司營收主要來自中國及日本市場 
望隼各市場25Q3 營收成長概況 
 
資料來源：公司簡報 
 
26Q1 延續25H2 強勁之成長動能 
公司26Q1 營收10.31 億元，YoY+27.2%，毛利率40.99%，稅後淨利2.15
億元，YoY+11.4%，EPS 3.66 元，獲利略低於預期。公司25H2 開始感受
到產業強勁復甦的動能，雙11 過後訂單沒有減少，反而如雪片般飛來，主
要是美瞳片的需求強勁。25H2 中國及日本需求開始增加，中國市場需求特
別強勁，許多中國客戶在雙11 之後仍來洽詢訂單。 
 
2025 年彩片需求復甦強勁(主因為長周期產品使用上比較麻煩，使中國消費
者又轉回日拋)，帶動美瞳片銷售狀況，市場對彩片需求已從矯正近視功能轉
向造型及彩妝。功能型鏡片需求穩健，但因彩片佔比持續提高使功能性鏡片
佔比下滑，惟公司表示彩片客戶均為功能性鏡片之潛在客戶。 
 
公司認為今年營收季季高，雖然價格競爭持續，但有收斂的跡象，相關壓力
輕很多(因中國市場需求大於供給)，全年毛利率目標41%。2026 年1~4 月
日本營收衰退的原因是去年同期日本客戶有新品大量出貨，加上有些訂單遞
延到26Q2 出，中國彩片需求非常暢旺，剛性需求明顯上來。矽水膠26Q1
才取證，公司看好逐季的營收貢獻。 
 
中國隱形眼鏡市場在經歷行業轉型，行業集中度開始分散，傳統的“四大+
海昌＂占比持續下降，本土品牌的占比則是穩定提升。2025 年中國線上銷售
數據成長+10%，抖音維持高成長+41%，京東成長+19%，天貓衰退3%。中
國市場美瞳片產品需求仍然",af6dc42b0ba5afb6b0a9c08c,20,,PENDING,,PENDING,,PENDING,0.50,ORANGE,STAGE_TABLELIKE_EXPANSION_REVIEW,VRN_1D1_REPORTTEXT_TABLELIKE_EXPANSION,C:\Users\tonyk\OneDrive\VeritasIntelligenceAnalytics\module\VRN\output\_route_lock_runs\RUN_20260525_195119_VRN_GO_M01_60PDF_FULL_V120\full_input_60pdf\20260519兆豐個股報告-望隼(4771).pdf,2026-06-15T16:25:25.765202,407532022c7f487567dcf802616c4c7df942d5c0
33280450a5af073c2547,dc367a89b6fb,4771,,兆豐,2026-05-19,2025,2025,,IS,eps,EPS,10.0,+10%,%,TWD,,3," 
評等分級：買進（預期未來六個月股價漲輻超過+30%）; 逢低買進（預期未來六個月股價漲輻介於+15%與+30%之間）; 區間操
作（預期未來六個月股價漲跌輻介於-15%與+15%之間）; 逢高賣出（預期未來六個月股價跌輻介於-15%與-30%之間）；賣出（預
期未來六個月股價跌輻超過-30%）。 
本刊所刊載之內容僅做為參考，惟已力求正確與完整，但因時間及市場客觀因素改變所造成產業、市場或個股之相關條件改變，投資人需自行考量
投資之需求與風險，本公司恕不負擔任何法律責任。任何轉載或引用本報告內容必須經本公司同意。 
 
- 3 - 
個股報告 
                                  圖一、公司營收主要來自中國及日本市場 
望隼各市場25Q3 營收成長概況 
 
資料來源：公司簡報 
 
26Q1 延續25H2 強勁之成長動能 
公司26Q1 營收10.31 億元，YoY+27.2%，毛利率40.99%，稅後淨利2.15
億元，YoY+11.4%，EPS 3.66 元，獲利略低於預期。公司25H2 開始感受
到產業強勁復甦的動能，雙11 過後訂單沒有減少，反而如雪片般飛來，主
要是美瞳片的需求強勁。25H2 中國及日本需求開始增加，中國市場需求特
別強勁，許多中國客戶在雙11 之後仍來洽詢訂單。 
 
2025 年彩片需求復甦強勁(主因為長周期產品使用上比較麻煩，使中國消費
者又轉回日拋)，帶動美瞳片銷售狀況，市場對彩片需求已從矯正近視功能轉
向造型及彩妝。功能型鏡片需求穩健，但因彩片佔比持續提高使功能性鏡片
佔比下滑，惟公司表示彩片客戶均為功能性鏡片之潛在客戶。 
 
公司認為今年營收季季高，雖然價格競爭持續，但有收斂的跡象，相關壓力
輕很多(因中國市場需求大於供給)，全年毛利率目標41%。2026 年1~4 月
日本營收衰退的原因是去年同期日本客戶有新品大量出貨，加上有些訂單遞
延到26Q2 出，中國彩片需求非常暢旺，剛性需求明顯上來。矽水膠26Q1
才取證，公司看好逐季的營收貢獻。 
 
中國隱形眼鏡市場在經歷行業轉型，行業集中度開始分散，傳統的“四大+
海昌＂占比持續下降，本土品牌的占比則是穩定提升。2025 年中國線上銷售
數據成長+10%，抖音維持高成長+41%，京東成長+19%，天貓衰退3%。中
國市場美瞳片產品需求仍然",af6dc42b0ba5afb6b0a9c08c,21,,PENDING,,PENDING,,PENDING,0.50,ORANGE,STAGE_TABLELIKE_EXPANSION_REVIEW,VRN_1D1_REPORTTEXT_TABLELIKE_EXPANSION,C:\Users\tonyk\OneDrive\VeritasIntelligenceAnalytics\module\VRN\output\_route_lock_runs\RUN_20260525_195119_VRN_GO_M01_60PDF_FULL_V120\full_input_60pdf\20260519兆豐個股報告-望隼(4771).pdf,2026-06-15T16:25:25.765214,7c100a214feb42acf7394024176d45b85cb960f0
33280450a5af073c2547,dc367a89b6fb,4771,,兆豐,2026-05-19,2025,2025,,IS,eps,EPS,41.0,+41%,%,TWD,,3," 
評等分級：買進（預期未來六個月股價漲輻超過+30%）; 逢低買進（預期未來六個月股價漲輻介於+15%與+30%之間）; 區間操
作（預期未來六個月股價漲跌輻介於-15%與+15%之間）; 逢高賣出（預期未來六個月股價跌輻介於-15%與-30%之間）；賣出（預
期未來六個月股價跌輻超過-30%）。 
本刊所刊載之內容僅做為參考，惟已力求正確與完整，但因時間及市場客觀因素改變所造成產業、市場或個股之相關條件改變，投資人需自行考量
投資之需求與風險，本公司恕不負擔任何法律責任。任何轉載或引用本報告內容必須經本公司同意。 
 
- 3 - 
個股報告 
                                  圖一、公司營收主要來自中國及日本市場 
望隼各市場25Q3 營收成長概況 
 
資料來源：公司簡報 
 
26Q1 延續25H2 強勁之成長動能 
公司26Q1 營收10.31 億元，YoY+27.2%，毛利率40.99%，稅後淨利2.15
億元，YoY+11.4%，EPS 3.66 元，獲利略低於預期。公司25H2 開始感受
到產業強勁復甦的動能，雙11 過後訂單沒有減少，反而如雪片般飛來，主
要是美瞳片的需求強勁。25H2 中國及日本需求開始增加，中國市場需求特
別強勁，許多中國客戶在雙11 之後仍來洽詢訂單。 
 
2025 年彩片需求復甦強勁(主因為長周期產品使用上比較麻煩，使中國消費
者又轉回日拋)，帶動美瞳片銷售狀況，市場對彩片需求已從矯正近視功能轉
向造型及彩妝。功能型鏡片需求穩健，但因彩片佔比持續提高使功能性鏡片
佔比下滑，惟公司表示彩片客戶均為功能性鏡片之潛在客戶。 
 
公司認為今年營收季季高，雖然價格競爭持續，但有收斂的跡象，相關壓力
輕很多(因中國市場需求大於供給)，全年毛利率目標41%。2026 年1~4 月
日本營收衰退的原因是去年同期日本客戶有新品大量出貨，加上有些訂單遞
延到26Q2 出，中國彩片需求非常暢旺，剛性需求明顯上來。矽水膠26Q1
才取證，公司看好逐季的營收貢獻。 
 
中國隱形眼鏡市場在經歷行業轉型，行業集中度開始分散，傳統的“四大+
海昌＂占比持續下降，本土品牌的占比則是穩定提升。2025 年中國線上銷售
數據成長+10%，抖音維持高成長+41%，京東成長+19%，天貓衰退3%。中
國市場美瞳片產品需求仍然",af6dc42b0ba5afb6b0a9c08c,22,,PENDING,,PENDING,,PENDING,0.50,ORANGE,STAGE_TABLELIKE_EXPANSION_REVIEW,VRN_1D1_REPORTTEXT_TABLELIKE_EXPANSION,C:\Users\tonyk\OneDrive\VeritasIntelligenceAnalytics\module\VRN\output\_route_lock_runs\RUN_20260525_195119_VRN_GO_M01_60PDF_FULL_V120\full_input_60pdf\20260519兆豐個股報告-望隼(4771).pdf,2026-06-15T16:25:25.765223,0ded32358d280db1ee45fc8a33ea4e6768fa66be
33280450a5af073c2547,dc367a89b6fb,4771,,兆豐,2026-05-19,2025,2025,,IS,eps,EPS,19.0,+19%,%,TWD,,3," 
評等分級：買進（預期未來六個月股價漲輻超過+30%）; 逢低買進（預期未來六個月股價漲輻介於+15%與+30%之間）; 區間操
作（預期未來六個月股價漲跌輻介於-15%與+15%之間）; 逢高賣出（預期未來六個月股價跌輻介於-15%與-30%之間）；賣出（預
期未來六個月股價跌輻超過-30%）。 
本刊所刊載之內容僅做為參考，惟已力求正確與完整，但因時間及市場客觀因素改變所造成產業、市場或個股之相關條件改變，投資人需自行考量
投資之需求與風險，本公司恕不負擔任何法律責任。任何轉載或引用本報告內容必須經本公司同意。 
 
- 3 - 
個股報告 
                                  圖一、公司營收主要來自中國及日本市場 
望隼各市場25Q3 營收成長概況 
 
資料來源：公司簡報 
 
26Q1 延續25H2 強勁之成長動能 
公司26Q1 營收10.31 億元，YoY+27.2%，毛利率40.99%，稅後淨利2.15
億元，YoY+11.4%，EPS 3.66 元，獲利略低於預期。公司25H2 開始感受
到產業強勁復甦的動能，雙11 過後訂單沒有減少，反而如雪片般飛來，主
要是美瞳片的需求強勁。25H2 中國及日本需求開始增加，中國市場需求特
別強勁，許多中國客戶在雙11 之後仍來洽詢訂單。 
 
2025 年彩片需求復甦強勁(主因為長周期產品使用上比較麻煩，使中國消費
者又轉回日拋)，帶動美瞳片銷售狀況，市場對彩片需求已從矯正近視功能轉
向造型及彩妝。功能型鏡片需求穩健，但因彩片佔比持續提高使功能性鏡片
佔比下滑，惟公司表示彩片客戶均為功能性鏡片之潛在客戶。 
 
公司認為今年營收季季高，雖然價格競爭持續，但有收斂的跡象，相關壓力
輕很多(因中國市場需求大於供給)，全年毛利率目標41%。2026 年1~4 月
日本營收衰退的原因是去年同期日本客戶有新品大量出貨，加上有些訂單遞
延到26Q2 出，中國彩片需求非常暢旺，剛性需求明顯上來。矽水膠26Q1
才取證，公司看好逐季的營收貢獻。 
 
中國隱形眼鏡市場在經歷行業轉型，行業集中度開始分散，傳統的“四大+
海昌＂占比持續下降，本土品牌的占比則是穩定提升。2025 年中國線上銷售
數據成長+10%，抖音維持高成長+41%，京東成長+19%，天貓衰退3%。中
國市場美瞳片產品需求仍然",af6dc42b0ba5afb6b0a9c08c,23,,PENDING,,PENDING,,PENDING,0.50,ORANGE,STAGE_TABLELIKE_EXPANSION_REVIEW,VRN_1D1_REPORTTEXT_TABLELIKE_EXPANSION,C:\Users\tonyk\OneDrive\VeritasIntelligenceAnalytics\module\VRN\output\_route_lock_runs\RUN_20260525_195119_VRN_GO_M01_60PDF_FULL_V120\full_input_60pdf\20260519兆豐個股報告-望隼(4771).pdf,2026-06-15T16:25:25.765233,5748b2c363190554455061c842cbc303baf5d673
33280450a5af073c2547,dc367a89b6fb,4771,,兆豐,2026-05-19,2025,2025,,IS,eps,EPS,3.0,3%,%,TWD,,3," 
評等分級：買進（預期未來六個月股價漲輻超過+30%）; 逢低買進（預期未來六個月股價漲輻介於+15%與+30%之間）; 區間操
作（預期未來六個月股價漲跌輻介於-15%與+15%之間）; 逢高賣出（預期未來六個月股價跌輻介於-15%與-30%之間）；賣出（預
期未來六個月股價跌輻超過-30%）。 
本刊所刊載之內容僅做為參考，惟已力求正確與完整，但因時間及市場客觀因素改變所造成產業、市場或個股之相關條件改變，投資人需自行考量
投資之需求與風險，本公司恕不負擔任何法律責任。任何轉載或引用本報告內容必須經本公司同意。 
 
- 3 - 
個股報告 
                                  圖一、公司營收主要來自中國及日本市場 
望隼各市場25Q3 營收成長概況 
 
資料來源：公司簡報 
 
26Q1 延續25H2 強勁之成長動能 
公司26Q1 營收10.31 億元，YoY+27.2%，毛利率40.99%，稅後淨利2.15
億元，YoY+11.4%，EPS 3.66 元，獲利略低於預期。公司25H2 開始感受
到產業強勁復甦的動能，雙11 過後訂單沒有減少，反而如雪片般飛來，主
要是美瞳片的需求強勁。25H2 中國及日本需求開始增加，中國市場需求特
別強勁，許多中國客戶在雙11 之後仍來洽詢訂單。 
 
2025 年彩片需求復甦強勁(主因為長周期產品使用上比較麻煩，使中國消費
者又轉回日拋)，帶動美瞳片銷售狀況，市場對彩片需求已從矯正近視功能轉
向造型及彩妝。功能型鏡片需求穩健，但因彩片佔比持續提高使功能性鏡片
佔比下滑，惟公司表示彩片客戶均為功能性鏡片之潛在客戶。 
 
公司認為今年營收季季高，雖然價格競爭持續，但有收斂的跡象，相關壓力
輕很多(因中國市場需求大於供給)，全年毛利率目標41%。2026 年1~4 月
日本營收衰退的原因是去年同期日本客戶有新品大量出貨，加上有些訂單遞
延到26Q2 出，中國彩片需求非常暢旺，剛性需求明顯上來。矽水膠26Q1
才取證，公司看好逐季的營收貢獻。 
 
中國隱形眼鏡市場在經歷行業轉型，行業集中度開始分散，傳統的“四大+
海昌＂占比持續下降，本土品牌的占比則是穩定提升。2025 年中國線上銷售
數據成長+10%，抖音維持高成長+41%，京東成長+19%，天貓衰退3%。中
國市場美瞳片產品需求仍然",af6dc42b0ba5afb6b0a9c08c,24,,PENDING,,PENDING,,PENDING,0.50,ORANGE,STAGE_TABLELIKE_EXPANSION_REVIEW,VRN_1D1_REPORTTEXT_TABLELIKE_EXPANSION,C:\Users\tonyk\OneDrive\VeritasIntelligenceAnalytics\module\VRN\output\_route_lock_runs\RUN_20260525_195119_VRN_GO_M01_60PDF_FULL_V120\full_input_60pdf\20260519兆豐個股報告-望隼(4771).pdf,2026-06-15T16:25:25.765243,acd08c732f7183d015065d104ee35e0fe01e01d5
33280450a5af073c2547,dc367a89b6fb,4771,,兆豐,2026-05-19,2025,2025,,IS,eps,EPS,11.0,11,%,TWD,,3," 
評等分級：買進（預期未來六個月股價漲輻超過+30%）; 逢低買進（預期未來六個月股價漲輻介於+15%與+30%之間）; 區間操
作（預期未來六個月股價漲跌輻介於-15%與+15%之間）; 逢高賣出（預期未來六個月股價跌輻介於-15%與-30%之間）；賣出（預
期未來六個月股價跌輻超過-30%）。 
本刊所刊載之內容僅做為參考，惟已力求正確與完整，但因時間及市場客觀因素改變所造成產業、市場或個股之相關條件改變，投資人需自行考量
投資之需求與風險，本公司恕不負擔任何法律責任。任何轉載或引用本報告內容必須經本公司同意。 
 
- 3 - 
個股報告 
                                  圖一、公司營收主要來自中國及日本市場 
望隼各市場25Q3 營收成長概況 
 
資料來源：公司簡報 
 
26Q1 延續25H2 強勁之成長動能 
公司26Q1 營收10.31 億元，YoY+27.2%，毛利率40.99%，稅後淨利2.15
億元，YoY+11.4%，EPS 3.66 元，獲利略低於預期。公司25H2 開始感受
到產業強勁復甦的動能，雙11 過後訂單沒有減少，反而如雪片般飛來，主
要是美瞳片的需求強勁。25H2 中國及日本需求開始增加，中國市場需求特
別強勁，許多中國客戶在雙11 之後仍來洽詢訂單。 
 
2025 年彩片需求復甦強勁(主因為長周期產品使用上比較麻煩，使中國消費
者又轉回日拋)，帶動美瞳片銷售狀況，市場對彩片需求已從矯正近視功能轉
向造型及彩妝。功能型鏡片需求穩健，但因彩片佔比持續提高使功能性鏡片
佔比下滑，惟公司表示彩片客戶均為功能性鏡片之潛在客戶。 
 
公司認為今年營收季季高，雖然價格競爭持續，但有收斂的跡象，相關壓力
輕很多(因中國市場需求大於供給)，全年毛利率目標41%。2026 年1~4 月
日本營收衰退的原因是去年同期日本客戶有新品大量出貨，加上有些訂單遞
延到26Q2 出，中國彩片需求非常暢旺，剛性需求明顯上來。矽水膠26Q1
才取證，公司看好逐季的營收貢獻。 
 
中國隱形眼鏡市場在經歷行業轉型，行業集中度開始分散，傳統的“四大+
海昌＂占比持續下降，本土品牌的占比則是穩定提升。2025 年中國線上銷售
數據成長+10%，抖音維持高成長+41%，京東成長+19%，天貓衰退3%。中
國市場美瞳片產品需求仍然",af6dc42b0ba5afb6b0a9c08c,25,,PENDING,,PENDING,,PENDING,0.50,ORANGE,STAGE_TABLELIKE_EXPANSION_REVIEW,VRN_1D1_REPORTTEXT_TABLELIKE_EXPANSION,C:\Users\tonyk\OneDrive\VeritasIntelligenceAnalytics\module\VRN\output\_route_lock_runs\RUN_20260525_195119_VRN_GO_M01_60PDF_FULL_V120\full_input_60pdf\20260519兆豐個股報告-望隼(4771).pdf,2026-06-15T16:25:25.765252,ea4cd32e4c8f9e4c7358d6eb94e96f0fb5204a3a
33280450a5af073c2547,dc367a89b6fb,4771,,兆豐,2026-05-19,2020,2020,,IS,eps,EPS,30.0,+30%,%,TWD,,5," 
評等分級：買進（預期未來六個月股價漲輻超過+30%）; 逢低買進（預期未來六個月股價漲輻介於+15%與+30%之間）; 區間操
作（預期未來六個月股價漲跌輻介於-15%與+15%之間）; 逢高賣出（預期未來六個月股價跌輻介於-15%與-30%之間）；賣出（預
期未來六個月股價跌輻超過-30%）。 
本刊所刊載之內容僅做為參考，惟已力求正確與完整，但因時間及市場客觀因素改變所造成產業、市場或個股之相關條件改變，投資人需自行考量
投資之需求與風險，本公司恕不負擔任何法律責任。任何轉載或引用本報告內容必須經本公司同意。 
 
- 5 - 
個股報告 
圖二、公司近幾年產能持續擴充 
望隼產能擴充概況 
 
資料來源：公司簡報 
 
圖三、望隼今年營收及獲利持續成長 
望隼各年度營收及獲利走勢概況 
9 
14 
18 
26 
30 
35 
45 
15.91
2.94
4.64
6.02
10.77
11.81
12.71
0
4
8
12
16
20
0
10
20
30
40
50
2020
2021
2022
2023
2024
2025
2026(F)
營收(左軸)
EPS(右軸)
(億元)
(元)
 
資料來源：公開資訊觀測站；兆豐國際預估 
 
 
",ddc85a6b50a557176f1788a3,1,,PENDING,,PENDING,,PENDING,0.50,ORANGE,STAGE_TABLELIKE_EXPANSION_REVIEW,VRN_1D1_REPORTTEXT_TABLELIKE_EXPANSION,C:\Users\tonyk\OneDrive\VeritasIntelligenceAnalytics\module\VRN\output\_route_lock_runs\RUN_20260525_195119_VRN_GO_M01_60PDF_FULL_V120\full_input_60pdf\20260519兆豐個股報告-望隼(4771).pdf,2026-06-15T16:25:25.767480,9d405d353f4e2ca9e97f5923bd33104d3ac0bda9
33280450a5af073c2547,dc367a89b6fb,4771,,兆豐,2026-05-19,2020,2020,,IS,eps,EPS,15.0,+15%,%,TWD,,5," 
評等分級：買進（預期未來六個月股價漲輻超過+30%）; 逢低買進（預期未來六個月股價漲輻介於+15%與+30%之間）; 區間操
作（預期未來六個月股價漲跌輻介於-15%與+15%之間）; 逢高賣出（預期未來六個月股價跌輻介於-15%與-30%之間）；賣出（預
期未來六個月股價跌輻超過-30%）。 
本刊所刊載之內容僅做為參考，惟已力求正確與完整，但因時間及市場客觀因素改變所造成產業、市場或個股之相關條件改變，投資人需自行考量
投資之需求與風險，本公司恕不負擔任何法律責任。任何轉載或引用本報告內容必須經本公司同意。 
 
- 5 - 
個股報告 
圖二、公司近幾年產能持續擴充 
望隼產能擴充概況 
 
資料來源：公司簡報 
 
圖三、望隼今年營收及獲利持續成長 
望隼各年度營收及獲利走勢概況 
9 
14 
18 
26 
30 
35 
45 
15.91
2.94
4.64
6.02
10.77
11.81
12.71
0
4
8
12
16
20
0
10
20
30
40
50
2020
2021
2022
2023
2024
2025
2026(F)
營收(左軸)
EPS(右軸)
(億元)
(元)
 
資料來源：公開資訊觀測站；兆豐國際預估 
 
 
",ddc85a6b50a557176f1788a3,2,,PENDING,,PENDING,,PENDING,0.50,ORANGE,STAGE_TABLELIKE_EXPANSION_REVIEW,VRN_1D1_REPORTTEXT_TABLELIKE_EXPANSION,C:\Users\tonyk\OneDrive\VeritasIntelligenceAnalytics\module\VRN\output\_route_lock_runs\RUN_20260525_195119_VRN_GO_M01_60PDF_FULL_V120\full_input_60pdf\20260519兆豐個股報告-望隼(4771).pdf,2026-06-15T16:25:25.767498,81b82e912e9ea68c593426d88d558746a86e541c
33280450a5af073c2547,dc367a89b6fb,4771,,兆豐,2026-05-19,2020,2020,,IS,eps,EPS,30.0,+30%,%,TWD,,5," 
評等分級：買進（預期未來六個月股價漲輻超過+30%）; 逢低買進（預期未來六個月股價漲輻介於+15%與+30%之間）; 區間操
作（預期未來六個月股價漲跌輻介於-15%與+15%之間）; 逢高賣出（預期未來六個月股價跌輻介於-15%與-30%之間）；賣出（預
期未來六個月股價跌輻超過-30%）。 
本刊所刊載之內容僅做為參考，惟已力求正確與完整，但因時間及市場客觀因素改變所造成產業、市場或個股之相關條件改變，投資人需自行考量
投資之需求與風險，本公司恕不負擔任何法律責任。任何轉載或引用本報告內容必須經本公司同意。 
 
- 5 - 
個股報告 
圖二、公司近幾年產能持續擴充 
望隼產能擴充概況 
 
資料來源：公司簡報 
 
圖三、望隼今年營收及獲利持續成長 
望隼各年度營收及獲利走勢概況 
9 
14 
18 
26 
30 
35 
45 
15.91
2.94
4.64
6.02
10.77
11.81
12.71
0
4
8
12
16
20
0
10
20
30
40
50
2020
2021
2022
2023
2024
2025
2026(F)
營收(左軸)
EPS(右軸)
(億元)
(元)
 
資料來源：公開資訊觀測站；兆豐國際預估 
 
 
",ddc85a6b50a557176f1788a3,3,,PENDING,,PENDING,,PENDING,0.50,ORANGE,STAGE_TABLELIKE_EXPANSION_REVIEW,VRN_1D1_REPORTTEXT_TABLELIKE_EXPANSION,C:\Users\tonyk\OneDrive\VeritasIntelligenceAnalytics\module\VRN\output\_route_lock_runs\RUN_20260525_195119_VRN_GO_M01_60PDF_FULL_V120\full_input_60pdf\20260519兆豐個股報告-望隼(4771).pdf,2026-06-15T16:25:25.767508,9e3d2ed7d2bd162bb5fe468f56df8c14b7fd08ed
33280450a5af073c2547,dc367a89b6fb,4771,,兆豐,2026-05-19,2020,2020,,IS,eps,EPS,-15.0,-15%,%,TWD,,5," 
評等分級：買進（預期未來六個月股價漲輻超過+30%）; 逢低買進（預期未來六個月股價漲輻介於+15%與+30%之間）; 區間操
作（預期未來六個月股價漲跌輻介於-15%與+15%之間）; 逢高賣出（預期未來六個月股價跌輻介於-15%與-30%之間）；賣出（預
期未來六個月股價跌輻超過-30%）。 
本刊所刊載之內容僅做為參考，惟已力求正確與完整，但因時間及市場客觀因素改變所造成產業、市場或個股之相關條件改變，投資人需自行考量
投資之需求與風險，本公司恕不負擔任何法律責任。任何轉載或引用本報告內容必須經本公司同意。 
 
- 5 - 
個股報告 
圖二、公司近幾年產能持續擴充 
望隼產能擴充概況 
 
資料來源：公司簡報 
 
圖三、望隼今年營收及獲利持續成長 
望隼各年度營收及獲利走勢概況 
9 
14 
18 
26 
30 
35 
45 
15.91
2.94
4.64
6.02
10.77
11.81
12.71
0
4
8
12
16
20
0
10
20
30
40
50
2020
2021
2022
2023
2024
2025
2026(F)
營收(左軸)
EPS(右軸)
(億元)
(元)
 
資料來源：公開資訊觀測站；兆豐國際預估 
 
 
",ddc85a6b50a557176f1788a3,4,,PENDING,,PENDING,,PENDING,0.50,ORANGE,STAGE_TABLELIKE_EXPANSION_REVIEW,VRN_1D1_REPORTTEXT_TABLELIKE_EXPANSION,C:\Users\tonyk\OneDrive\VeritasIntelligenceAnalytics\module\VRN\output\_route_lock_runs\RUN_20260525_195119_VRN_GO_M01_60PDF_FULL_V120\full_input_60pdf\20260519兆豐個股報告-望隼(4771).pdf,2026-06-15T16:25:25.767517,bc8719d376a4a63d2cee0fc88daf9f01efa7077c
33280450a5af073c2547,dc367a89b6fb,4771,,兆豐,2026-05-19,2020,2020,,IS,eps,EPS,15.0,+15%,%,TWD,,5," 
評等分級：買進（預期未來六個月股價漲輻超過+30%）; 逢低買進（預期未來六個月股價漲輻介於+15%與+30%之間）; 區間操
作（預期未來六個月股價漲跌輻介於-15%與+15%之間）; 逢高賣出（預期未來六個月股價跌輻介於-15%與-30%之間）；賣出（預
期未來六個月股價跌輻超過-30%）。 
本刊所刊載之內容僅做為參考，惟已力求正確與完整，但因時間及市場客觀因素改變所造成產業、市場或個股之相關條件改變，投資人需自行考量
投資之需求與風險，本公司恕不負擔任何法律責任。任何轉載或引用本報告內容必須經本公司同意。 
 
- 5 - 
個股報告 
圖二、公司近幾年產能持續擴充 
望隼產能擴充概況 
 
資料來源：公司簡報 
 
圖三、望隼今年營收及獲利持續成長 
望隼各年度營收及獲利走勢概況 
9 
14 
18 
26 
30 
35 
45 
15.91
2.94
4.64
6.02
10.77
11.81
12.71
0
4
8
12
16
20
0
10
20
30
40
50
2020
2021
2022
2023
2024
2025
2026(F)
營收(左軸)
EPS(右軸)
(億元)
(元)
 
資料來源：公開資訊觀測站；兆豐國際預估 
 
 
",ddc85a6b50a557176f1788a3,5,,PENDING,,PENDING,,PENDING,0.50,ORANGE,STAGE_TABLELIKE_EXPANSION_REVIEW,VRN_1D1_REPORTTEXT_TABLELIKE_EXPANSION,C:\Users\tonyk\OneDrive\VeritasIntelligenceAnalytics\module\VRN\output\_route_lock_runs\RUN_20260525_195119_VRN_GO_M01_60PDF_FULL_V120\full_input_60pdf\20260519兆豐個股報告-望隼(4771).pdf,2026-06-15T16:25:25.767527,2d0de432972a88d196144d34a8b55f0de82ee3a2
33280450a5af073c2547,dc367a89b6fb,4771,,兆豐,2026-05-19,2020,2020,,IS,eps,EPS,-15.0,-15%,%,TWD,,5," 
評等分級：買進（預期未來六個月股價漲輻超過+30%）; 逢低買進（預期未來六個月股價漲輻介於+15%與+30%之間）; 區間操
作（預期未來六個月股價漲跌輻介於-15%與+15%之間）; 逢高賣出（預期未來六個月股價跌輻介於-15%與-30%之間）；賣出（預
期未來六個月股價跌輻超過-30%）。 
本刊所刊載之內容僅做為參考，惟已力求正確與完整，但因時間及市場客觀因素改變所造成產業、市場或個股之相關條件改變，投資人需自行考量
投資之需求與風險，本公司恕不負擔任何法律責任。任何轉載或引用本報告內容必須經本公司同意。 
 
- 5 - 
個股報告 
圖二、公司近幾年產能持續擴充 
望隼產能擴充概況 
 
資料來源：公司簡報 
 
圖三、望隼今年營收及獲利持續成長 
望隼各年度營收及獲利走勢概況 
9 
14 
18 
26 
30 
35 
45 
15.91
2.94
4.64
6.02
10.77
11.81
12.71
0
4
8
12
16
20
0
10
20
30
40
50
2020
2021
2022
2023
2024
2025
2026(F)
營收(左軸)
EPS(右軸)
(億元)
(元)
 
資料來源：公開資訊觀測站；兆豐國際預估 
 
 
",ddc85a6b50a557176f1788a3,6,,PENDING,,PENDING,,PENDING,0.50,ORANGE,STAGE_TABLELIKE_EXPANSION_REVIEW,VRN_1D1_REPORTTEXT_TABLELIKE_EXPANSION,C:\Users\tonyk\OneDrive\VeritasIntelligenceAnalytics\module\VRN\output\_route_lock_runs\RUN_20260525_195119_VRN_GO_M01_60PDF_FULL_V120\full_input_60pdf\20260519兆豐個股報告-望隼(4771).pdf,2026-06-15T16:25:25.767536,0fb26a55df7669468ec9d2ae9b00569d130ff52d
33280450a5af073c2547,dc367a89b6fb,4771,,兆豐,2026-05-19,2020,2020,,IS,eps,EPS,-30.0,-30%,%,TWD,,5," 
評等分級：買進（預期未來六個月股價漲輻超過+30%）; 逢低買進（預期未來六個月股價漲輻介於+15%與+30%之間）; 區間操
作（預期未來六個月股價漲跌輻介於-15%與+15%之間）; 逢高賣出（預期未來六個月股價跌輻介於-15%與-30%之間）；賣出（預
期未來六個月股價跌輻超過-30%）。 
本刊所刊載之內容僅做為參考，惟已力求正確與完整，但因時間及市場客觀因素改變所造成產業、市場或個股之相關條件改變，投資人需自行考量
投資之需求與風險，本公司恕不負擔任何法律責任。任何轉載或引用本報告內容必須經本公司同意。 
 
- 5 - 
個股報告 
圖二、公司近幾年產能持續擴充 
望隼產能擴充概況 
 
資料來源：公司簡報 
 
圖三、望隼今年營收及獲利持續成長 
望隼各年度營收及獲利走勢概況 
9 
14 
18 
26 
30 
35 
45 
15.91
2.94
4.64
6.02
10.77
11.81
12.71
0
4
8
12
16
20
0
10
20
30
40
50
2020
2021
2022
2023
2024
2025
2026(F)
營收(左軸)
EPS(右軸)
(億元)
(元)
 
資料來源：公開資訊觀測站；兆豐國際預估 
 
 
",ddc85a6b50a557176f1788a3,7,,PENDING,,PENDING,,PENDING,0.50,ORANGE,STAGE_TABLELIKE_EXPANSION_REVIEW,VRN_1D1_REPORTTEXT_TABLELIKE_EXPANSION,C:\Users\tonyk\OneDrive\VeritasIntelligenceAnalytics\module\VRN\output\_route_lock_runs\RUN_20260525_195119_VRN_GO_M01_60PDF_FULL_V120\full_input_60pdf\20260519兆豐個股報告-望隼(4771).pdf,2026-06-15T16:25:25.767545,84ba48388a30526aba7e726213554029288ed4d1
33280450a5af073c2547,dc367a89b6fb,4771,,兆豐,2026-05-19,2020,2020,,IS,eps,EPS,-30.0,-30%,%,TWD,,5," 
評等分級：買進（預期未來六個月股價漲輻超過+30%）; 逢低買進（預期未來六個月股價漲輻介於+15%與+30%之間）; 區間操
作（預期未來六個月股價漲跌輻介於-15%與+15%之間）; 逢高賣出（預期未來六個月股價跌輻介於-15%與-30%之間）；賣出（預
期未來六個月股價跌輻超過-30%）。 
本刊所刊載之內容僅做為參考，惟已力求正確與完整，但因時間及市場客觀因素改變所造成產業、市場或個股之相關條件改變，投資人需自行考量
投資之需求與風險，本公司恕不負擔任何法律責任。任何轉載或引用本報告內容必須經本公司同意。 
 
- 5 - 
個股報告 
圖二、公司近幾年產能持續擴充 
望隼產能擴充概況 
 
資料來源：公司簡報 
 
圖三、望隼今年營收及獲利持續成長 
望隼各年度營收及獲利走勢概況 
9 
14 
18 
26 
30 
35 
45 
15.91
2.94
4.64
6.02
10.77
11.81
12.71
0
4
8
12
16
20
0
10
20
30
40
50
2020
2021
2022
2023
2024
2025
2026(F)
營收(左軸)
EPS(右軸)
(億元)
(元)
 
資料來源：公開資訊觀測站；兆豐國際預估 
 
 
",ddc85a6b50a557176f1788a3,8,,PENDING,,PENDING,,PENDING,0.50,ORANGE,STAGE_TABLELIKE_EXPANSION_REVIEW,VRN_1D1_REPORTTEXT_TABLELIKE_EXPANSION,C:\Users\tonyk\OneDrive\VeritasIntelligenceAnalytics\module\VRN\output\_route_lock_runs\RUN_20260525_195119_VRN_GO_M01_60PDF_FULL_V120\full_input_60pdf\20260519兆豐個股報告-望隼(4771).pdf,2026-06-15T16:25:25.767554,b14455ba8615567bfa7347317fa1a08dc6c615f2
33280450a5af073c2547,dc367a89b6fb,4771,,兆豐,2026-05-19,2020,2020,,IS,eps,EPS,5.0,5,%,TWD,,5," 
評等分級：買進（預期未來六個月股價漲輻超過+30%）; 逢低買進（預期未來六個月股價漲輻介於+15%與+30%之間）; 區間操
作（預期未來六個月股價漲跌輻介於-15%與+15%之間）; 逢高賣出（預期未來六個月股價跌輻介於-15%與-30%之間）；賣出（預
期未來六個月股價跌輻超過-30%）。 
本刊所刊載之內容僅做為參考，惟已力求正確與完整，但因時間及市場客觀因素改變所造成產業、市場或個股之相關條件改變，投資人需自行考量
投資之需求與風險，本公司恕不負擔任何法律責任。任何轉載或引用本報告內容必須經本公司同意。 
 
- 5 - 
個股報告 
圖二、公司近幾年產能持續擴充 
望隼產能擴充概況 
 
資料來源：公司簡報 
 
圖三、望隼今年營收及獲利持續成長 
望隼各年度營收及獲利走勢概況 
9 
14 
18 
26 
30 
35 
45 
15.91
2.94
4.64
6.02
10.77
11.81
12.71
0
4
8
12
16
20
0
10
20
30
40
50
2020
2021
2022
2023
2024
2025
2026(F)
營收(左軸)
EPS(右軸)
(億元)
(元)
 
資料來源：公開資訊觀測站；兆豐國際預估 
 
 
",ddc85a6b50a557176f1788a3,9,,PENDING,,PENDING,,PENDING,0.50,ORANGE,STAGE_TABLELIKE_EXPANSION_REVIEW,VRN_1D1_REPORTTEXT_TABLELIKE_EXPANSION,C:\Users\tonyk\OneDrive\VeritasIntelligenceAnalytics\module\VRN\output\_route_lock_runs\RUN_20260525_195119_VRN_GO_M01_60PDF_FULL_V120\full_input_60pdf\20260519兆豐個股報告-望隼(4771).pdf,2026-06-15T16:25:25.767563,2ab462b1de42e7671c30c6e626e3cd06ab00524c
33280450a5af073c2547,dc367a89b6fb,4771,,兆豐,2026-05-19,2020,2020,,IS,eps,EPS,9.0,9,%,TWD,,5," 
評等分級：買進（預期未來六個月股價漲輻超過+30%）; 逢低買進（預期未來六個月股價漲輻介於+15%與+30%之間）; 區間操
作（預期未來六個月股價漲跌輻介於-15%與+15%之間）; 逢高賣出（預期未來六個月股價跌輻介於-15%與-30%之間）；賣出（預
期未來六個月股價跌輻超過-30%）。 
本刊所刊載之內容僅做為參考，惟已力求正確與完整，但因時間及市場客觀因素改變所造成產業、市場或個股之相關條件改變，投資人需自行考量
投資之需求與風險，本公司恕不負擔任何法律責任。任何轉載或引用本報告內容必須經本公司同意。 
 
- 5 - 
個股報告 
圖二、公司近幾年產能持續擴充 
望隼產能擴充概況 
 
資料來源：公司簡報 
 
圖三、望隼今年營收及獲利持續成長 
望隼各年度營收及獲利走勢概況 
9 
14 
18 
26 
30 
35 
45 
15.91
2.94
4.64
6.02
10.77
11.81
12.71
0
4
8
12
16
20
0
10
20
30
40
50
2020
2021
2022
2023
2024
2025
2026(F)
營收(左軸)
EPS(右軸)
(億元)
(元)
 
資料來源：公開資訊觀測站；兆豐國際預估 
 
 
",ddc85a6b50a557176f1788a3,10,,PENDING,,PENDING,,PENDING,0.50,ORANGE,STAGE_TABLELIKE_EXPANSION_REVIEW,VRN_1D1_REPORTTEXT_TABLELIKE_EXPANSION,C:\Users\tonyk\OneDrive\VeritasIntelligenceAnalytics\module\VRN\output\_route_lock_runs\RUN_20260525_195119_VRN_GO_M01_60PDF_FULL_V120\full_input_60pdf\20260519兆豐個股報告-望隼(4771).pdf,2026-06-15T16:25:25.767572,2d047418fb0cda7b9dc28743a3fd97931e131296
33280450a5af073c2547,dc367a89b6fb,4771,,兆豐,2026-05-19,2020,2020,,IS,eps,EPS,14.0,14,%,TWD,,5," 
評等分級：買進（預期未來六個月股價漲輻超過+30%）; 逢低買進（預期未來六個月股價漲輻介於+15%與+30%之間）; 區間操
作（預期未來六個月股價漲跌輻介於-15%與+15%之間）; 逢高賣出（預期未來六個月股價跌輻介於-15%與-30%之間）；賣出（預
期未來六個月股價跌輻超過-30%）。 
本刊所刊載之內容僅做為參考，惟已力求正確與完整，但因時間及市場客觀因素改變所造成產業、市場或個股之相關條件改變，投資人需自行考量
投資之需求與風險，本公司恕不負擔任何法律責任。任何轉載或引用本報告內容必須經本公司同意。 
 
- 5 - 
個股報告 
圖二、公司近幾年產能持續擴充 
望隼產能擴充概況 
 
資料來源：公司簡報 
 
圖三、望隼今年營收及獲利持續成長 
望隼各年度營收及獲利走勢概況 
9 
14 
18 
26 
30 
35 
45 
15.91
2.94
4.64
6.02
10.77
11.81
12.71
0
4
8
12
16
20
0
10
20
30
40
50
2020
2021
2022
2023
2024
2025
2026(F)
營收(左軸)
EPS(右軸)
(億元)
(元)
 
資料來源：公開資訊觀測站；兆豐國際預估 
 
 
",ddc85a6b50a557176f1788a3,11,,PENDING,,PENDING,,PENDING,0.50,ORANGE,STAGE_TABLELIKE_EXPANSION_REVIEW,VRN_1D1_REPORTTEXT_TABLELIKE_EXPANSION,C:\Users\tonyk\OneDrive\VeritasIntelligenceAnalytics\module\VRN\output\_route_lock_runs\RUN_20260525_195119_VRN_GO_M01_60PDF_FULL_V120\full_input_60pdf\20260519兆豐個股報告-望隼(4771).pdf,2026-06-15T16:25:25.767634,52560e15e317ad912659782d29f9ae49735bde25
33280450a5af073c2547,dc367a89b6fb,4771,,兆豐,2026-05-19,2020,2020,,IS,eps,EPS,18.0,18,%,TWD,,5," 
評等分級：買進（預期未來六個月股價漲輻超過+30%）; 逢低買進（預期未來六個月股價漲輻介於+15%與+30%之間）; 區間操
作（預期未來六個月股價漲跌輻介於-15%與+15%之間）; 逢高賣出（預期未來六個月股價跌輻介於-15%與-30%之間）；賣出（預
期未來六個月股價跌輻超過-30%）。 
本刊所刊載之內容僅做為參考，惟已力求正確與完整，但因時間及市場客觀因素改變所造成產業、市場或個股之相關條件改變，投資人需自行考量
投資之需求與風險，本公司恕不負擔任何法律責任。任何轉載或引用本報告內容必須經本公司同意。 
 
- 5 - 
個股報告 
圖二、公司近幾年產能持續擴充 
望隼產能擴充概況 
 
資料來源：公司簡報 
 
圖三、望隼今年營收及獲利持續成長 
望隼各年度營收及獲利走勢概況 
9 
14 
18 
26 
30 
35 
45 
15.91
2.94
4.64
6.02
10.77
11.81
12.71
0
4
8
12
16
20
0
10
20
30
40
50
2020
2021
2022
2023
2024
2025
2026(F)
營收(左軸)
EPS(右軸)
(億元)
(元)
 
資料來源：公開資訊觀測站；兆豐國際預估 
 
 
",ddc85a6b50a557176f1788a3,12,,PENDING,,PENDING,,PENDING,0.50,ORANGE,STAGE_TABLELIKE_EXPANSION_REVIEW,VRN_1D1_REPORTTEXT_TABLELIKE_EXPANSION,C:\Users\tonyk\OneDrive\VeritasIntelligenceAnalytics\module\VRN\output\_route_lock_runs\RUN_20260525_195119_VRN_GO_M01_60PDF_FULL_V120\full_input_60pdf\20260519兆豐個股報告-望隼(4771).pdf,2026-06-15T16:25:25.767646,937f3d55fc151815ae2e41d9e29bdd8a5ebf780a
33280450a5af073c2547,dc367a89b6fb,4771,,兆豐,2026-05-19,2020,2020,,IS,eps,EPS,26.0,26,%,TWD,,5," 
評等分級：買進（預期未來六個月股價漲輻超過+30%）; 逢低買進（預期未來六個月股價漲輻介於+15%與+30%之間）; 區間操
作（預期未來六個月股價漲跌輻介於-15%與+15%之間）; 逢高賣出（預期未來六個月股價跌輻介於-15%與-30%之間）；賣出（預
期未來六個月股價跌輻超過-30%）。 
本刊所刊載之內容僅做為參考，惟已力求正確與完整，但因時間及市場客觀因素改變所造成產業、市場或個股之相關條件改變，投資人需自行考量
投資之需求與風險，本公司恕不負擔任何法律責任。任何轉載或引用本報告內容必須經本公司同意。 
 
- 5 - 
個股報告 
圖二、公司近幾年產能持續擴充 
望隼產能擴充概況 
 
資料來源：公司簡報 
 
圖三、望隼今年營收及獲利持續成長 
望隼各年度營收及獲利走勢概況 
9 
14 
18 
26 
30 
35 
45 
15.91
2.94
4.64
6.02
10.77
11.81
12.71
0
4
8
12
16
20
0
10
20
30
40
50
2020
2021
2022
2023
2024
2025
2026(F)
營收(左軸)
EPS(右軸)
(億元)
(元)
 
資料來源：公開資訊觀測站；兆豐國際預估 
 
 
",ddc85a6b50a557176f1788a3,13,,PENDING,,PENDING,,PENDING,0.50,ORANGE,STAGE_TABLELIKE_EXPANSION_REVIEW,VRN_1D1_REPORTTEXT_TABLELIKE_EXPANSION,C:\Users\tonyk\OneDrive\VeritasIntelligenceAnalytics\module\VRN\output\_route_lock_runs\RUN_20260525_195119_VRN_GO_M01_60PDF_FULL_V120\full_input_60pdf\20260519兆豐個股報告-望隼(4771).pdf,2026-06-15T16:25:25.767655,4a1f125eb2d73947166fb12473c96adea950a6fd
33280450a5af073c2547,dc367a89b6fb,4771,,兆豐,2026-05-19,2020,2020,,IS,eps,EPS,30.0,30,%,TWD,,5," 
評等分級：買進（預期未來六個月股價漲輻超過+30%）; 逢低買進（預期未來六個月股價漲輻介於+15%與+30%之間）; 區間操
作（預期未來六個月股價漲跌輻介於-15%與+15%之間）; 逢高賣出（預期未來六個月股價跌輻介於-15%與-30%之間）；賣出（預
期未來六個月股價跌輻超過-30%）。 
本刊所刊載之內容僅做為參考，惟已力求正確與完整，但因時間及市場客觀因素改變所造成產業、市場或個股之相關條件改變，投資人需自行考量
投資之需求與風險，本公司恕不負擔任何法律責任。任何轉載或引用本報告內容必須經本公司同意。 
 
- 5 - 
個股報告 
圖二、公司近幾年產能持續擴充 
望隼產能擴充概況 
 
資料來源：公司簡報 
 
圖三、望隼今年營收及獲利持續成長 
望隼各年度營收及獲利走勢概況 
9 
14 
18 
26 
30 
35 
45 
15.91
2.94
4.64
6.02
10.77
11.81
12.71
0
4
8
12
16
20
0
10
20
30
40
50
2020
2021
2022
2023
2024
2025
2026(F)
營收(左軸)
EPS(右軸)
(億元)
(元)
 
資料來源：公開資訊觀測站；兆豐國際預估 
 
 
",ddc85a6b50a557176f1788a3,14,,PENDING,,PENDING,,PENDING,0.50,ORANGE,STAGE_TABLELIKE_EXPANSION_REVIEW,VRN_1D1_REPORTTEXT_TABLELIKE_EXPANSION,C:\Users\tonyk\OneDrive\VeritasIntelligenceAnalytics\module\VRN\output\_route_lock_runs\RUN_20260525_195119_VRN_GO_M01_60PDF_FULL_V120\full_input_60pdf\20260519兆豐個股報告-望隼(4771).pdf,2026-06-15T16:25:25.767664,48a2cef8815ff53eb926029950930040841cb1c9
33280450a5af073c2547,dc367a89b6fb,4771,,兆豐,2026-05-19,2020,2020,,IS,eps,EPS,35.0,35,%,TWD,,5," 
評等分級：買進（預期未來六個月股價漲輻超過+30%）; 逢低買進（預期未來六個月股價漲輻介於+15%與+30%之間）; 區間操
作（預期未來六個月股價漲跌輻介於-15%與+15%之間）; 逢高賣出（預期未來六個月股價跌輻介於-15%與-30%之間）；賣出（預
期未來六個月股價跌輻超過-30%）。 
本刊所刊載之內容僅做為參考，惟已力求正確與完整，但因時間及市場客觀因素改變所造成產業、市場或個股之相關條件改變，投資人需自行考量
投資之需求與風險，本公司恕不負擔任何法律責任。任何轉載或引用本報告內容必須經本公司同意。 
 
- 5 - 
個股報告 
圖二、公司近幾年產能持續擴充 
望隼產能擴充概況 
 
資料來源：公司簡報 
 
圖三、望隼今年營收及獲利持續成長 
望隼各年度營收及獲利走勢概況 
9 
14 
18 
26 
30 
35 
45 
15.91
2.94
4.64
6.02
10.77
11.81
12.71
0
4
8
12
16
20
0
10
20
30
40
50
2020
2021
2022
2023
2024
2025
2026(F)
營收(左軸)
EPS(右軸)
(億元)
(元)
 
資料來源：公開資訊觀測站；兆豐國際預估 
 
 
",ddc85a6b50a557176f1788a3,15,,PENDING,,PENDING,,PENDING,0.50,ORANGE,STAGE_TABLELIKE_EXPANSION_REVIEW,VRN_1D1_REPORTTEXT_TABLELIKE_EXPANSION,C:\Users\tonyk\OneDrive\VeritasIntelligenceAnalytics\module\VRN\output\_route_lock_runs\RUN_20260525_195119_VRN_GO_M01_60PDF_FULL_V120\full_input_60pdf\20260519兆豐個股報告-望隼(4771).pdf,2026-06-15T16:25:25.767674,b3166b1d471bf58a8d4ef360c2d9daace866b1d3
33280450a5af073c2547,dc367a89b6fb,4771,,兆豐,2026-05-19,2020,2020,,IS,eps,EPS,45.0,45,%,TWD,,5," 
評等分級：買進（預期未來六個月股價漲輻超過+30%）; 逢低買進（預期未來六個月股價漲輻介於+15%與+30%之間）; 區間操
作（預期未來六個月股價漲跌輻介於-15%與+15%之間）; 逢高賣出（預期未來六個月股價跌輻介於-15%與-30%之間）；賣出（預
期未來六個月股價跌輻超過-30%）。 
本刊所刊載之內容僅做為參考，惟已力求正確與完整，但因時間及市場客觀因素改變所造成產業、市場或個股之相關條件改變，投資人需自行考量
投資之需求與風險，本公司恕不負擔任何法律責任。任何轉載或引用本報告內容必須經本公司同意。 
 
- 5 - 
個股報告 
圖二、公司近幾年產能持續擴充 
望隼產能擴充概況 
 
資料來源：公司簡報 
 
圖三、望隼今年營收及獲利持續成長 
望隼各年度營收及獲利走勢概況 
9 
14 
18 
26 
30 
35 
45 
15.91
2.94
4.64
6.02
10.77
11.81
12.71
0
4
8
12
16
20
0
10
20
30
40
50
2020
2021
2022
2023
2024
2025
2026(F)
營收(左軸)
EPS(右軸)
(億元)
(元)
 
資料來源：公開資訊觀測站；兆豐國際預估 
 
 
",ddc85a6b50a557176f1788a3,16,,PENDING,,PENDING,,PENDING,0.50,ORANGE,STAGE_TABLELIKE_EXPANSION_REVIEW,VRN_1D1_REPORTTEXT_TABLELIKE_EXPANSION,C:\Users\tonyk\OneDrive\VeritasIntelligenceAnalytics\module\VRN\output\_route_lock_runs\RUN_20260525_195119_VRN_GO_M01_60PDF_FULL_V120\full_input_60pdf\20260519兆豐個股報告-望隼(4771).pdf,2026-06-15T16:25:25.767688,beb3d9c3221d678e0379adab0652b7b6d8711535
33280450a5af073c2547,dc367a89b6fb,4771,,兆豐,2026-05-19,2020,2020,,IS,eps,EPS,15.91,15.91,%,TWD,,5," 
評等分級：買進（預期未來六個月股價漲輻超過+30%）; 逢低買進（預期未來六個月股價漲輻介於+15%與+30%之間）; 區間操
作（預期未來六個月股價漲跌輻介於-15%與+15%之間）; 逢高賣出（預期未來六個月股價跌輻介於-15%與-30%之間）；賣出（預
期未來六個月股價跌輻超過-30%）。 
本刊所刊載之內容僅做為參考，惟已力求正確與完整，但因時間及市場客觀因素改變所造成產業、市場或個股之相關條件改變，投資人需自行考量
投資之需求與風險，本公司恕不負擔任何法律責任。任何轉載或引用本報告內容必須經本公司同意。 
 
- 5 - 
個股報告 
圖二、公司近幾年產能持續擴充 
望隼產能擴充概況 
 
資料來源：公司簡報 
 
圖三、望隼今年營收及獲利持續成長 
望隼各年度營收及獲利走勢概況 
9 
14 
18 
26 
30 
35 
45 
15.91
2.94
4.64
6.02
10.77
11.81
12.71
0
4
8
12
16
20
0
10
20
30
40
50
2020
2021
2022
2023
2024
2025
2026(F)
營收(左軸)
EPS(右軸)
(億元)
(元)
 
資料來源：公開資訊觀測站；兆豐國際預估 
 
 
",ddc85a6b50a557176f1788a3,17,,PENDING,,PENDING,,PENDING,0.50,ORANGE,STAGE_TABLELIKE_EXPANSION_REVIEW,VRN_1D1_REPORTTEXT_TABLELIKE_EXPANSION,C:\Users\tonyk\OneDrive\VeritasIntelligenceAnalytics\module\VRN\output\_route_lock_runs\RUN_20260525_195119_VRN_GO_M01_60PDF_FULL_V120\full_input_60pdf\20260519兆豐個股報告-望隼(4771).pdf,2026-06-15T16:25:25.767697,4a8fc691fbe95e7ba1012322fde18b0b79b426bb
33280450a5af073c2547,dc367a89b6fb,4771,,兆豐,2026-05-19,2020,2020,,IS,eps,EPS,2.94,2.94,%,TWD,,5," 
評等分級：買進（預期未來六個月股價漲輻超過+30%）; 逢低買進（預期未來六個月股價漲輻介於+15%與+30%之間）; 區間操
作（預期未來六個月股價漲跌輻介於-15%與+15%之間）; 逢高賣出（預期未來六個月股價跌輻介於-15%與-30%之間）；賣出（預
期未來六個月股價跌輻超過-30%）。 
本刊所刊載之內容僅做為參考，惟已力求正確與完整，但因時間及市場客觀因素改變所造成產業、市場或個股之相關條件改變，投資人需自行考量
投資之需求與風險，本公司恕不負擔任何法律責任。任何轉載或引用本報告內容必須經本公司同意。 
 
- 5 - 
個股報告 
圖二、公司近幾年產能持續擴充 
望隼產能擴充概況 
 
資料來源：公司簡報 
 
圖三、望隼今年營收及獲利持續成長 
望隼各年度營收及獲利走勢概況 
9 
14 
18 
26 
30 
35 
45 
15.91
2.94
4.64
6.02
10.77
11.81
12.71
0
4
8
12
16
20
0
10
20
30
40
50
2020
2021
2022
2023
2024
2025
2026(F)
營收(左軸)
EPS(右軸)
(億元)
(元)
 
資料來源：公開資訊觀測站；兆豐國際預估 
 
 
",ddc85a6b50a557176f1788a3,18,,PENDING,,PENDING,,PENDING,0.50,ORANGE,STAGE_TABLELIKE_EXPANSION_REVIEW,VRN_1D1_REPORTTEXT_TABLELIKE_EXPANSION,C:\Users\tonyk\OneDrive\VeritasIntelligenceAnalytics\module\VRN\output\_route_lock_runs\RUN_20260525_195119_VRN_GO_M01_60PDF_FULL_V120\full_input_60pdf\20260519兆豐個股報告-望隼(4771).pdf,2026-06-15T16:25:25.767706,caec1ac35da5f0151d4d678f893c522b3d18b751
33280450a5af073c2547,dc367a89b6fb,4771,,兆豐,2026-05-19,2020,2020,,IS,eps,EPS,4.64,4.64,%,TWD,,5," 
評等分級：買進（預期未來六個月股價漲輻超過+30%）; 逢低買進（預期未來六個月股價漲輻介於+15%與+30%之間）; 區間操
作（預期未來六個月股價漲跌輻介於-15%與+15%之間）; 逢高賣出（預期未來六個月股價跌輻介於-15%與-30%之間）；賣出（預
期未來六個月股價跌輻超過-30%）。 
本刊所刊載之內容僅做為參考，惟已力求正確與完整，但因時間及市場客觀因素改變所造成產業、市場或個股之相關條件改變，投資人需自行考量
投資之需求與風險，本公司恕不負擔任何法律責任。任何轉載或引用本報告內容必須經本公司同意。 
 
- 5 - 
個股報告 
圖二、公司近幾年產能持續擴充 
望隼產能擴充概況 
 
資料來源：公司簡報 
 
圖三、望隼今年營收及獲利持續成長 
望隼各年度營收及獲利走勢概況 
9 
14 
18 
26 
30 
35 
45 
15.91
2.94
4.64
6.02
10.77
11.81
12.71
0
4
8
12
16
20
0
10
20
30
40
50
2020
2021
2022
2023
2024
2025
2026(F)
營收(左軸)
EPS(右軸)
(億元)
(元)
 
資料來源：公開資訊觀測站；兆豐國際預估 
 
 
",ddc85a6b50a557176f1788a3,19,,PENDING,,PENDING,,PENDING,0.50,ORANGE,STAGE_TABLELIKE_EXPANSION_REVIEW,VRN_1D1_REPORTTEXT_TABLELIKE_EXPANSION,C:\Users\tonyk\OneDrive\VeritasIntelligenceAnalytics\module\VRN\output\_route_lock_runs\RUN_20260525_195119_VRN_GO_M01_60PDF_FULL_V120\full_input_60pdf\20260519兆豐個股報告-望隼(4771).pdf,2026-06-15T16:25:25.767715,7b7c31eb05cd55f9c5621ecd3d751a314ddc8022
33280450a5af073c2547,dc367a89b6fb,4771,,兆豐,2026-05-19,2020,2020,,IS,eps,EPS,6.02,6.02,%,TWD,,5," 
評等分級：買進（預期未來六個月股價漲輻超過+30%）; 逢低買進（預期未來六個月股價漲輻介於+15%與+30%之間）; 區間操
作（預期未來六個月股價漲跌輻介於-15%與+15%之間）; 逢高賣出（預期未來六個月股價跌輻介於-15%與-30%之間）；賣出（預
期未來六個月股價跌輻超過-30%）。 
本刊所刊載之內容僅做為參考，惟已力求正確與完整，但因時間及市場客觀因素改變所造成產業、市場或個股之相關條件改變，投資人需自行考量
投資之需求與風險，本公司恕不負擔任何法律責任。任何轉載或引用本報告內容必須經本公司同意。 
 
- 5 - 
個股報告 
圖二、公司近幾年產能持續擴充 
望隼產能擴充概況 
 
資料來源：公司簡報 
 
圖三、望隼今年營收及獲利持續成長 
望隼各年度營收及獲利走勢概況 
9 
14 
18 
26 
30 
35 
45 
15.91
2.94
4.64
6.02
10.77
11.81
12.71
0
4
8
12
16
20
0
10
20
30
40
50
2020
2021
2022
2023
2024
2025
2026(F)
營收(左軸)
EPS(右軸)
(億元)
(元)
 
資料來源：公開資訊觀測站；兆豐國際預估 
 
 
",ddc85a6b50a557176f1788a3,20,,PENDING,,PENDING,,PENDING,0.50,ORANGE,STAGE_TABLELIKE_EXPANSION_REVIEW,VRN_1D1_REPORTTEXT_TABLELIKE_EXPANSION,C:\Users\tonyk\OneDrive\VeritasIntelligenceAnalytics\module\VRN\output\_route_lock_runs\RUN_20260525_195119_VRN_GO_M01_60PDF_FULL_V120\full_input_60pdf\20260519兆豐個股報告-望隼(4771).pdf,2026-06-15T16:25:25.767725,e7a280614079484d649f7e912489aec63aaf8644
33280450a5af073c2547,dc367a89b6fb,4771,,兆豐,2026-05-19,2020,2020,,IS,eps,EPS,10.77,10.77,%,TWD,,5," 
評等分級：買進（預期未來六個月股價漲輻超過+30%）; 逢低買進（預期未來六個月股價漲輻介於+15%與+30%之間）; 區間操
作（預期未來六個月股價漲跌輻介於-15%與+15%之間）; 逢高賣出（預期未來六個月股價跌輻介於-15%與-30%之間）；賣出（預
期未來六個月股價跌輻超過-30%）。 
本刊所刊載之內容僅做為參考，惟已力求正確與完整，但因時間及市場客觀因素改變所造成產業、市場或個股之相關條件改變，投資人需自行考量
投資之需求與風險，本公司恕不負擔任何法律責任。任何轉載或引用本報告內容必須經本公司同意。 
 
- 5 - 
個股報告 
圖二、公司近幾年產能持續擴充 
望隼產能擴充概況 
 
資料來源：公司簡報 
 
圖三、望隼今年營收及獲利持續成長 
望隼各年度營收及獲利走勢概況 
9 
14 
18 
26 
30 
35 
45 
15.91
2.94
4.64
6.02
10.77
11.81
12.71
0
4
8
12
16
20
0
10
20
30
40
50
2020
2021
2022
2023
2024
2025
2026(F)
營收(左軸)
EPS(右軸)
(億元)
(元)
 
資料來源：公開資訊觀測站；兆豐國際預估 
 
 
",ddc85a6b50a557176f1788a3,21,,PENDING,,PENDING,,PENDING,0.50,ORANGE,STAGE_TABLELIKE_EXPANSION_REVIEW,VRN_1D1_REPORTTEXT_TABLELIKE_EXPANSION,C:\Users\tonyk\OneDrive\VeritasIntelligenceAnalytics\module\VRN\output\_route_lock_runs\RUN_20260525_195119_VRN_GO_M01_60PDF_FULL_V120\full_input_60pdf\20260519兆豐個股報告-望隼(4771).pdf,2026-06-15T16:25:25.767734,288cd30d69f356f2a313784ed4d4327dddc6dda6
33280450a5af073c2547,dc367a89b6fb,4771,,兆豐,2026-05-19,2020,2020,,IS,eps,EPS,11.81,11.81,%,TWD,,5," 
評等分級：買進（預期未來六個月股價漲輻超過+30%）; 逢低買進（預期未來六個月股價漲輻介於+15%與+30%之間）; 區間操
作（預期未來六個月股價漲跌輻介於-15%與+15%之間）; 逢高賣出（預期未來六個月股價跌輻介於-15%與-30%之間）；賣出（預
期未來六個月股價跌輻超過-30%）。 
本刊所刊載之內容僅做為參考，惟已力求正確與完整，但因時間及市場客觀因素改變所造成產業、市場或個股之相關條件改變，投資人需自行考量
投資之需求與風險，本公司恕不負擔任何法律責任。任何轉載或引用本報告內容必須經本公司同意。 
 
- 5 - 
個股報告 
圖二、公司近幾年產能持續擴充 
望隼產能擴充概況 
 
資料來源：公司簡報 
 
圖三、望隼今年營收及獲利持續成長 
望隼各年度營收及獲利走勢概況 
9 
14 
18 
26 
30 
35 
45 
15.91
2.94
4.64
6.02
10.77
11.81
12.71
0
4
8
12
16
20
0
10
20
30
40
50
2020
2021
2022
2023
2024
2025
2026(F)
營收(左軸)
EPS(右軸)
(億元)
(元)
 
資料來源：公開資訊觀測站；兆豐國際預估 
 
 
",ddc85a6b50a557176f1788a3,22,,PENDING,,PENDING,,PENDING,0.50,ORANGE,STAGE_TABLELIKE_EXPANSION_REVIEW,VRN_1D1_REPORTTEXT_TABLELIKE_EXPANSION,C:\Users\tonyk\OneDrive\VeritasIntelligenceAnalytics\module\VRN\output\_route_lock_runs\RUN_20260525_195119_VRN_GO_M01_60PDF_FULL_V120\full_input_60pdf\20260519兆豐個股報告-望隼(4771).pdf,2026-06-15T16:25:25.767743,f35d1593c42d257facd42db594bb9af871510e68
33280450a5af073c2547,dc367a89b6fb,4771,,兆豐,2026-05-19,2020,2020,,IS,eps,EPS,12.71,12.71,%,TWD,,5," 
評等分級：買進（預期未來六個月股價漲輻超過+30%）; 逢低買進（預期未來六個月股價漲輻介於+15%與+30%之間）; 區間操
作（預期未來六個月股價漲跌輻介於-15%與+15%之間）; 逢高賣出（預期未來六個月股價跌輻介於-15%與-30%之間）；賣出（預
期未來六個月股價跌輻超過-30%）。 
本刊所刊載之內容僅做為參考，惟已力求正確與完整，但因時間及市場客觀因素改變所造成產業、市場或個股之相關條件改變，投資人需自行考量
投資之需求與風險，本公司恕不負擔任何法律責任。任何轉載或引用本報告內容必須經本公司同意。 
 
- 5 - 
個股報告 
圖二、公司近幾年產能持續擴充 
望隼產能擴充概況 
 
資料來源：公司簡報 
 
圖三、望隼今年營收及獲利持續成長 
望隼各年度營收及獲利走勢概況 
9 
14 
18 
26 
30 
35 
45 
15.91
2.94
4.64
6.02
10.77
11.81
12.71
0
4
8
12
16
20
0
10
20
30
40
50
2020
2021
2022
2023
2024
2025
2026(F)
營收(左軸)
EPS(右軸)
(億元)
(元)
 
資料來源：公開資訊觀測站；兆豐國際預估 
 
 
",ddc85a6b50a557176f1788a3,23,,PENDING,,PENDING,,PENDING,0.50,ORANGE,STAGE_TABLELIKE_EXPANSION_REVIEW,VRN_1D1_REPORTTEXT_TABLELIKE_EXPANSION,C:\Users\tonyk\OneDrive\VeritasIntelligenceAnalytics\module\VRN\output\_route_lock_runs\RUN_20260525_195119_VRN_GO_M01_60PDF_FULL_V120\full_input_60pdf\20260519兆豐個股報告-望隼(4771).pdf,2026-06-15T16:25:25.767752,9bb60df755977232511ed6c318725e39754c0cac
33280450a5af073c2547,dc367a89b6fb,4771,,兆豐,2026-05-19,2020,2020,,IS,eps,EPS,0.0,0,%,TWD,,5," 
評等分級：買進（預期未來六個月股價漲輻超過+30%）; 逢低買進（預期未來六個月股價漲輻介於+15%與+30%之間）; 區間操
作（預期未來六個月股價漲跌輻介於-15%與+15%之間）; 逢高賣出（預期未來六個月股價跌輻介於-15%與-30%之間）；賣出（預
期未來六個月股價跌輻超過-30%）。 
本刊所刊載之內容僅做為參考，惟已力求正確與完整，但因時間及市場客觀因素改變所造成產業、市場或個股之相關條件改變，投資人需自行考量
投資之需求與風險，本公司恕不負擔任何法律責任。任何轉載或引用本報告內容必須經本公司同意。 
 
- 5 - 
個股報告 
圖二、公司近幾年產能持續擴充 
望隼產能擴充概況 
 
資料來源：公司簡報 
 
圖三、望隼今年營收及獲利持續成長 
望隼各年度營收及獲利走勢概況 
9 
14 
18 
26 
30 
35 
45 
15.91
2.94
4.64
6.02
10.77
11.81
12.71
0
4
8
12
16
20
0
10
20
30
40
50
2020
2021
2022
2023
2024
2025
2026(F)
營收(左軸)
EPS(右軸)
(億元)
(元)
 
資料來源：公開資訊觀測站；兆豐國際預估 
 
 
",ddc85a6b50a557176f1788a3,24,,PENDING,,PENDING,,PENDING,0.50,ORANGE,STAGE_TABLELIKE_EXPANSION_REVIEW,VRN_1D1_REPORTTEXT_TABLELIKE_EXPANSION,C:\Users\tonyk\OneDrive\VeritasIntelligenceAnalytics\module\VRN\output\_route_lock_runs\RUN_20260525_195119_VRN_GO_M01_60PDF_FULL_V120\full_input_60pdf\20260519兆豐個股報告-望隼(4771).pdf,2026-06-15T16:25:25.767761,362cb0770b352dcfc870f2c52d49cbb6da58c1d6
33280450a5af073c2547,dc367a89b6fb,4771,,兆豐,2026-05-19,2020,2020,,IS,eps,EPS,4.0,4,%,TWD,,5," 
評等分級：買進（預期未來六個月股價漲輻超過+30%）; 逢低買進（預期未來六個月股價漲輻介於+15%與+30%之間）; 區間操
作（預期未來六個月股價漲跌輻介於-15%與+15%之間）; 逢高賣出（預期未來六個月股價跌輻介於-15%與-30%之間）；賣出（預
期未來六個月股價跌輻超過-30%）。 
本刊所刊載之內容僅做為參考，惟已力求正確與完整，但因時間及市場客觀因素改變所造成產業、市場或個股之相關條件改變，投資人需自行考量
投資之需求與風險，本公司恕不負擔任何法律責任。任何轉載或引用本報告內容必須經本公司同意。 
 
- 5 - 
個股報告 
圖二、公司近幾年產能持續擴充 
望隼產能擴充概況 
 
資料來源：公司簡報 
 
圖三、望隼今年營收及獲利持續成長 
望隼各年度營收及獲利走勢概況 
9 
14 
18 
26 
30 
35 
45 
15.91
2.94
4.64
6.02
10.77
11.81
12.71
0
4
8
12
16
20
0
10
20
30
40
50
2020
2021
2022
2023
2024
2025
2026(F)
營收(左軸)
EPS(右軸)
(億元)
(元)
 
資料來源：公開資訊觀測站；兆豐國際預估 
 
 
",ddc85a6b50a557176f1788a3,25,,PENDING,,PENDING,,PENDING,0.50,ORANGE,STAGE_TABLELIKE_EXPANSION_REVIEW,VRN_1D1_REPORTTEXT_TABLELIKE_EXPANSION,C:\Users\tonyk\OneDrive\VeritasIntelligenceAnalytics\module\VRN\output\_route_lock_runs\RUN_20260525_195119_VRN_GO_M01_60PDF_FULL_V120\full_input_60pdf\20260519兆豐個股報告-望隼(4771).pdf,2026-06-15T16:25:25.767770,62d225407027dacd7b621e5514da4b30b0344bdf
33280450a5af073c2547,dc367a89b6fb,4771,,兆豐,2026-05-19,2020,2020,,IS,eps,EPS,8.0,8,%,TWD,,5," 
評等分級：買進（預期未來六個月股價漲輻超過+30%）; 逢低買進（預期未來六個月股價漲輻介於+15%與+30%之間）; 區間操
作（預期未來六個月股價漲跌輻介於-15%與+15%之間）; 逢高賣出（預期未來六個月股價跌輻介於-15%與-30%之間）；賣出（預
期未來六個月股價跌輻超過-30%）。 
本刊所刊載之內容僅做為參考，惟已力求正確與完整，但因時間及市場客觀因素改變所造成產業、市場或個股之相關條件改變，投資人需自行考量
投資之需求與風險，本公司恕不負擔任何法律責任。任何轉載或引用本報告內容必須經本公司同意。 
 
- 5 - 
個股報告 
圖二、公司近幾年產能持續擴充 
望隼產能擴充概況 
 
資料來源：公司簡報 
 
圖三、望隼今年營收及獲利持續成長 
望隼各年度營收及獲利走勢概況 
9 
14 
18 
26 
30 
35 
45 
15.91
2.94
4.64
6.02
10.77
11.81
12.71
0
4
8
12
16
20
0
10
20
30
40
50
2020
2021
2022
2023
2024
2025
2026(F)
營收(左軸)
EPS(右軸)
(億元)
(元)
 
資料來源：公開資訊觀測站；兆豐國際預估 
 
 
",ddc85a6b50a557176f1788a3,26,,PENDING,,PENDING,,PENDING,0.50,ORANGE,STAGE_TABLELIKE_EXPANSION_REVIEW,VRN_1D1_REPORTTEXT_TABLELIKE_EXPANSION,C:\Users\tonyk\OneDrive\VeritasIntelligenceAnalytics\module\VRN\output\_route_lock_runs\RUN_20260525_195119_VRN_GO_M01_60PDF_FULL_V120\full_input_60pdf\20260519兆豐個股報告-望隼(4771).pdf,2026-06-15T16:25:25.767783,6ef22ba234e2d0d656ea4273cab5dff487673250
33280450a5af073c2547,dc367a89b6fb,4771,,兆豐,2026-05-19,2020,2020,,IS,eps,EPS,12.0,12,%,TWD,,5," 
評等分級：買進（預期未來六個月股價漲輻超過+30%）; 逢低買進（預期未來六個月股價漲輻介於+15%與+30%之間）; 區間操
作（預期未來六個月股價漲跌輻介於-15%與+15%之間）; 逢高賣出（預期未來六個月股價跌輻介於-15%與-30%之間）；賣出（預
期未來六個月股價跌輻超過-30%）。 
本刊所刊載之內容僅做為參考，惟已力求正確與完整，但因時間及市場客觀因素改變所造成產業、市場或個股之相關條件改變，投資人需自行考量
投資之需求與風險，本公司恕不負擔任何法律責任。任何轉載或引用本報告內容必須經本公司同意。 
 
- 5 - 
個股報告 
圖二、公司近幾年產能持續擴充 
望隼產能擴充概況 
 
資料來源：公司簡報 
 
圖三、望隼今年營收及獲利持續成長 
望隼各年度營收及獲利走勢概況 
9 
14 
18 
26 
30 
35 
45 
15.91
2.94
4.64
6.02
10.77
11.81
12.71
0
4
8
12
16
20
0
10
20
30
40
50
2020
2021
2022
2023
2024
2025
2026(F)
營收(左軸)
EPS(右軸)
(億元)
(元)
 
資料來源：公開資訊觀測站；兆豐國際預估 
 
 
",ddc85a6b50a557176f1788a3,27,,PENDING,,PENDING,,PENDING,0.50,ORANGE,STAGE_TABLELIKE_EXPANSION_REVIEW,VRN_1D1_REPORTTEXT_TABLELIKE_EXPANSION,C:\Users\tonyk\OneDrive\VeritasIntelligenceAnalytics\module\VRN\output\_route_lock_runs\RUN_20260525_195119_VRN_GO_M01_60PDF_FULL_V120\full_input_60pdf\20260519兆豐個股報告-望隼(4771).pdf,2026-06-15T16:25:25.767798,34a7259416dc826ce736e484e4ab591d5c517b1d
33280450a5af073c2547,dc367a89b6fb,4771,,兆豐,2026-05-19,2020,2020,,IS,eps,EPS,16.0,16,%,TWD,,5," 
評等分級：買進（預期未來六個月股價漲輻超過+30%）; 逢低買進（預期未來六個月股價漲輻介於+15%與+30%之間）; 區間操
作（預期未來六個月股價漲跌輻介於-15%與+15%之間）; 逢高賣出（預期未來六個月股價跌輻介於-15%與-30%之間）；賣出（預
期未來六個月股價跌輻超過-30%）。 
本刊所刊載之內容僅做為參考，惟已力求正確與完整，但因時間及市場客觀因素改變所造成產業、市場或個股之相關條件改變，投資人需自行考量
投資之需求與風險，本公司恕不負擔任何法律責任。任何轉載或引用本報告內容必須經本公司同意。 
 
- 5 - 
個股報告 
圖二、公司近幾年產能持續擴充 
望隼產能擴充概況 
 
資料來源：公司簡報 
 
圖三、望隼今年營收及獲利持續成長 
望隼各年度營收及獲利走勢概況 
9 
14 
18 
26 
30 
35 
45 
15.91
2.94
4.64
6.02
10.77
11.81
12.71
0
4
8
12
16
20
0
10
20
30
40
50
2020
2021
2022
2023
2024
2025
2026(F)
營收(左軸)
EPS(右軸)
(億元)
(元)
 
資料來源：公開資訊觀測站；兆豐國際預估 
 
 
",ddc85a6b50a557176f1788a3,28,,PENDING,,PENDING,,PENDING,0.50,ORANGE,STAGE_TABLELIKE_EXPANSION_REVIEW,VRN_1D1_REPORTTEXT_TABLELIKE_EXPANSION,C:\Users\tonyk\OneDrive\VeritasIntelligenceAnalytics\module\VRN\output\_route_lock_runs\RUN_20260525_195119_VRN_GO_M01_60PDF_FULL_V120\full_input_60pdf\20260519兆豐個股報告-望隼(4771).pdf,2026-06-15T16:25:25.767810,12b06f71b06733b2c3a0806739b1f26d8b372904
33280450a5af073c2547,dc367a89b6fb,4771,,兆豐,2026-05-19,2020,2020,,IS,eps,EPS,20.0,20,%,TWD,,5," 
評等分級：買進（預期未來六個月股價漲輻超過+30%）; 逢低買進（預期未來六個月股價漲輻介於+15%與+30%之間）; 區間操
作（預期未來六個月股價漲跌輻介於-15%與+15%之間）; 逢高賣出（預期未來六個月股價跌輻介於-15%與-30%之間）；賣出（預
期未來六個月股價跌輻超過-30%）。 
本刊所刊載之內容僅做為參考，惟已力求正確與完整，但因時間及市場客觀因素改變所造成產業、市場或個股之相關條件改變，投資人需自行考量
投資之需求與風險，本公司恕不負擔任何法律責任。任何轉載或引用本報告內容必須經本公司同意。 
 
- 5 - 
個股報告 
圖二、公司近幾年產能持續擴充 
望隼產能擴充概況 
 
資料來源：公司簡報 
 
圖三、望隼今年營收及獲利持續成長 
望隼各年度營收及獲利走勢概況 
9 
14 
18 
26 
30 
35 
45 
15.91
2.94
4.64
6.02
10.77
11.81
12.71
0
4
8
12
16
20
0
10
20
30
40
50
2020
2021
2022
2023
2024
2025
2026(F)
營收(左軸)
EPS(右軸)
(億元)
(元)
 
資料來源：公開資訊觀測站；兆豐國際預估 
 
 
",ddc85a6b50a557176f1788a3,29,,PENDING,,PENDING,,PENDING,0.50,ORANGE,STAGE_TABLELIKE_EXPANSION_REVIEW,VRN_1D1_REPORTTEXT_TABLELIKE_EXPANSION,C:\Users\tonyk\OneDrive\VeritasIntelligenceAnalytics\module\VRN\output\_route_lock_runs\RUN_20260525_195119_VRN_GO_M01_60PDF_FULL_V120\full_input_60pdf\20260519兆豐個股報告-望隼(4771).pdf,2026-06-15T16:25:25.767823,786fac20fc1749ca89804ffd05a62bd75d31cfe2
33280450a5af073c2547,dc367a89b6fb,4771,,兆豐,2026-05-19,2020,2020,,IS,eps,EPS,0.0,0,%,TWD,,5," 
評等分級：買進（預期未來六個月股價漲輻超過+30%）; 逢低買進（預期未來六個月股價漲輻介於+15%與+30%之間）; 區間操
作（預期未來六個月股價漲跌輻介於-15%與+15%之間）; 逢高賣出（預期未來六個月股價跌輻介於-15%與-30%之間）；賣出（預
期未來六個月股價跌輻超過-30%）。 
本刊所刊載之內容僅做為參考，惟已力求正確與完整，但因時間及市場客觀因素改變所造成產業、市場或個股之相關條件改變，投資人需自行考量
投資之需求與風險，本公司恕不負擔任何法律責任。任何轉載或引用本報告內容必須經本公司同意。 
 
- 5 - 
個股報告 
圖二、公司近幾年產能持續擴充 
望隼產能擴充概況 
 
資料來源：公司簡報 
 
圖三、望隼今年營收及獲利持續成長 
望隼各年度營收及獲利走勢概況 
9 
14 
18 
26 
30 
35 
45 
15.91
2.94
4.64
6.02
10.77
11.81
12.71
0
4
8
12
16
20
0
10
20
30
40
50
2020
2021
2022
2023
2024
2025
2026(F)
營收(左軸)
EPS(右軸)
(億元)
(元)
 
資料來源：公開資訊觀測站；兆豐國際預估 
 
 
",ddc85a6b50a557176f1788a3,30,,PENDING,,PENDING,,PENDING,0.50,ORANGE,STAGE_TABLELIKE_EXPANSION_REVIEW,VRN_1D1_REPORTTEXT_TABLELIKE_EXPANSION,C:\Users\tonyk\OneDrive\VeritasIntelligenceAnalytics\module\VRN\output\_route_lock_runs\RUN_20260525_195119_VRN_GO_M01_60PDF_FULL_V120\full_input_60pdf\20260519兆豐個股報告-望隼(4771).pdf,2026-06-15T16:25:25.767836,f6a5765b7e1296bc1941025c3ed3478b826c081c
33280450a5af073c2547,dc367a89b6fb,4771,,兆豐,2026-05-19,2020,2020,,IS,eps,EPS,10.0,10,%,TWD,,5," 
評等分級：買進（預期未來六個月股價漲輻超過+30%）; 逢低買進（預期未來六個月股價漲輻介於+15%與+30%之間）; 區間操
作（預期未來六個月股價漲跌輻介於-15%與+15%之間）; 逢高賣出（預期未來六個月股價跌輻介於-15%與-30%之間）；賣出（預
期未來六個月股價跌輻超過-30%）。 
本刊所刊載之內容僅做為參考，惟已力求正確與完整，但因時間及市場客觀因素改變所造成產業、市場或個股之相關條件改變，投資人需自行考量
投資之需求與風險，本公司恕不負擔任何法律責任。任何轉載或引用本報告內容必須經本公司同意。 
 
- 5 - 
個股報告 
圖二、公司近幾年產能持續擴充 
望隼產能擴充概況 
 
資料來源：公司簡報 
 
圖三、望隼今年營收及獲利持續成長 
望隼各年度營收及獲利走勢概況 
9 
14 
18 
26 
30 
35 
45 
15.91
2.94
4.64
6.02
10.77
11.81
12.71
0
4
8
12
16
20
0
10
20
30
40
50
2020
2021
2022
2023
2024
2025
2026(F)
營收(左軸)
EPS(右軸)
(億元)
(元)
 
資料來源：公開資訊觀測站；兆豐國際預估 
 
 
",ddc85a6b50a557176f1788a3,31,,PENDING,,PENDING,,PENDING,0.50,ORANGE,STAGE_TABLELIKE_EXPANSION_REVIEW,VRN_1D1_REPORTTEXT_TABLELIKE_EXPANSION,C:\Users\tonyk\OneDrive\VeritasIntelligenceAnalytics\module\VRN\output\_route_lock_runs\RUN_20260525_195119_VRN_GO_M01_60PDF_FULL_V120\full_input_60pdf\20260519兆豐個股報告-望隼(4771).pdf,2026-06-15T16:25:25.767848,6cfd536c03697cf8a96fe2c28416e08c7b21abd5
33280450a5af073c2547,dc367a89b6fb,4771,,兆豐,2026-05-19,2020,2020,,IS,eps,EPS,20.0,20,%,TWD,,5," 
評等分級：買進（預期未來六個月股價漲輻超過+30%）; 逢低買進（預期未來六個月股價漲輻介於+15%與+30%之間）; 區間操
作（預期未來六個月股價漲跌輻介於-15%與+15%之間）; 逢高賣出（預期未來六個月股價跌輻介於-15%與-30%之間）；賣出（預
期未來六個月股價跌輻超過-30%）。 
本刊所刊載之內容僅做為參考，惟已力求正確與完整，但因時間及市場客觀因素改變所造成產業、市場或個股之相關條件改變，投資人需自行考量
投資之需求與風險，本公司恕不負擔任何法律責任。任何轉載或引用本報告內容必須經本公司同意。 
 
- 5 - 
個股報告 
圖二、公司近幾年產能持續擴充 
望隼產能擴充概況 
 
資料來源：公司簡報 
 
圖三、望隼今年營收及獲利持續成長 
望隼各年度營收及獲利走勢概況 
9 
14 
18 
26 
30 
35 
45 
15.91
2.94
4.64
6.02
10.77
11.81
12.71
0
4
8
12
16
20
0
10
20
30
40
50
2020
2021
2022
2023
2024
2025
2026(F)
營收(左軸)
EPS(右軸)
(億元)
(元)
 
資料來源：公開資訊觀測站；兆豐國際預估 
 
 
",ddc85a6b50a557176f1788a3,32,,PENDING,,PENDING,,PENDING,0.50,ORANGE,STAGE_TABLELIKE_EXPANSION_REVIEW,VRN_1D1_REPORTTEXT_TABLELIKE_EXPANSION,C:\Users\tonyk\OneDrive\VeritasIntelligenceAnalytics\module\VRN\output\_route_lock_runs\RUN_20260525_195119_VRN_GO_M01_60PDF_FULL_V120\full_input_60pdf\20260519兆豐個股報告-望隼(4771).pdf,2026-06-15T16:25:25.767863,c5ae059e3a27eae2f44a0923812a0e07e586a258
33280450a5af073c2547,dc367a89b6fb,4771,,兆豐,2026-05-19,2020,2020,,IS,eps,EPS,30.0,30,%,TWD,,5," 
評等分級：買進（預期未來六個月股價漲輻超過+30%）; 逢低買進（預期未來六個月股價漲輻介於+15%與+30%之間）; 區間操
作（預期未來六個月股價漲跌輻介於-15%與+15%之間）; 逢高賣出（預期未來六個月股價跌輻介於-15%與-30%之間）；賣出（預
期未來六個月股價跌輻超過-30%）。 
本刊所刊載之內容僅做為參考，惟已力求正確與完整，但因時間及市場客觀因素改變所造成產業、市場或個股之相關條件改變，投資人需自行考量
投資之需求與風險，本公司恕不負擔任何法律責任。任何轉載或引用本報告內容必須經本公司同意。 
 
- 5 - 
個股報告 
圖二、公司近幾年產能持續擴充 
望隼產能擴充概況 
 
資料來源：公司簡報 
 
圖三、望隼今年營收及獲利持續成長 
望隼各年度營收及獲利走勢概況 
9 
14 
18 
26 
30 
35 
45 
15.91
2.94
4.64
6.02
10.77
11.81
12.71
0
4
8
12
16
20
0
10
20
30
40
50
2020
2021
2022
2023
2024
2025
2026(F)
營收(左軸)
EPS(右軸)
(億元)
(元)
 
資料來源：公開資訊觀測站；兆豐國際預估 
 
 
",ddc85a6b50a557176f1788a3,33,,PENDING,,PENDING,,PENDING,0.50,ORANGE,STAGE_TABLELIKE_EXPANSION_REVIEW,VRN_1D1_REPORTTEXT_TABLELIKE_EXPANSION,C:\Users\tonyk\OneDrive\VeritasIntelligenceAnalytics\module\VRN\output\_route_lock_runs\RUN_20260525_195119_VRN_GO_M01_60PDF_FULL_V120\full_input_60pdf\20260519兆豐個股報告-望隼(4771).pdf,2026-06-15T16:25:25.767879,4fdcb45179d4de3a7da31abf849a4db61fcfbabd
33280450a5af073c2547,dc367a89b6fb,4771,,兆豐,2026-05-19,2020,2020,,IS,eps,EPS,40.0,40,%,TWD,,5," 
評等分級：買進（預期未來六個月股價漲輻超過+30%）; 逢低買進（預期未來六個月股價漲輻介於+15%與+30%之間）; 區間操
作（預期未來六個月股價漲跌輻介於-15%與+15%之間）; 逢高賣出（預期未來六個月股價跌輻介於-15%與-30%之間）；賣出（預
期未來六個月股價跌輻超過-30%）。 
本刊所刊載之內容僅做為參考，惟已力求正確與完整，但因時間及市場客觀因素改變所造成產業、市場或個股之相關條件改變，投資人需自行考量
投資之需求與風險，本公司恕不負擔任何法律責任。任何轉載或引用本報告內容必須經本公司同意。 
 
- 5 - 
個股報告 
圖二、公司近幾年產能持續擴充 
望隼產能擴充概況 
 
資料來源：公司簡報 
 
圖三、望隼今年營收及獲利持續成長 
望隼各年度營收及獲利走勢概況 
9 
14 
18 
26 
30 
35 
45 
15.91
2.94
4.64
6.02
10.77
11.81
12.71
0
4
8
12
16
20
0
10
20
30
40
50
2020
2021
2022
2023
2024
2025
2026(F)
營收(左軸)
EPS(右軸)
(億元)
(元)
 
資料來源：公開資訊觀測站；兆豐國際預估 
 
 
",ddc85a6b50a557176f1788a3,34,,PENDING,,PENDING,,PENDING,0.50,ORANGE,STAGE_TABLELIKE_EXPANSION_REVIEW,VRN_1D1_REPORTTEXT_TABLELIKE_EXPANSION,C:\Users\tonyk\OneDrive\VeritasIntelligenceAnalytics\module\VRN\output\_route_lock_runs\RUN_20260525_195119_VRN_GO_M01_60PDF_FULL_V120\full_input_60pdf\20260519兆豐個股報告-望隼(4771).pdf,2026-06-15T16:25:25.767894,42ebec4844a754913593d8eb954a2c2d92b65750
33280450a5af073c2547,dc367a89b6fb,4771,,兆豐,2026-05-19,2020,2020,,IS,eps,EPS,50.0,50,%,TWD,,5," 
評等分級：買進（預期未來六個月股價漲輻超過+30%）; 逢低買進（預期未來六個月股價漲輻介於+15%與+30%之間）; 區間操
作（預期未來六個月股價漲跌輻介於-15%與+15%之間）; 逢高賣出（預期未來六個月股價跌輻介於-15%與-30%之間）；賣出（預
期未來六個月股價跌輻超過-30%）。 
本刊所刊載之內容僅做為參考，惟已力求正確與完整，但因時間及市場客觀因素改變所造成產業、市場或個股之相關條件改變，投資人需自行考量
投資之需求與風險，本公司恕不負擔任何法律責任。任何轉載或引用本報告內容必須經本公司同意。 
 
- 5 - 
個股報告 
圖二、公司近幾年產能持續擴充 
望隼產能擴充概況 
 
資料來源：公司簡報 
 
圖三、望隼今年營收及獲利持續成長 
望隼各年度營收及獲利走勢概況 
9 
14 
18 
26 
30 
35 
45 
15.91
2.94
4.64
6.02
10.77
11.81
12.71
0
4
8
12
16
20
0
10
20
30
40
50
2020
2021
2022
2023
2024
2025
2026(F)
營收(左軸)
EPS(右軸)
(億元)
(元)
 
資料來源：公開資訊觀測站；兆豐國際預估 
 
 
",ddc85a6b50a557176f1788a3,35,,PENDING,,PENDING,,PENDING,0.50,ORANGE,STAGE_TABLELIKE_EXPANSION_REVIEW,VRN_1D1_REPORTTEXT_TABLELIKE_EXPANSION,C:\Users\tonyk\OneDrive\VeritasIntelligenceAnalytics\module\VRN\output\_route_lock_runs\RUN_20260525_195119_VRN_GO_M01_60PDF_FULL_V120\full_input_60pdf\20260519兆豐個股報告-望隼(4771).pdf,2026-06-15T16:25:25.767909,9f5125f50ba487f39e6974e9b023b228becba2cb
33280450a5af073c2547,dc367a89b6fb,4771,,兆豐,2026-05-19,2024Q1,2024,Q1,IS,tax_expense,所得稅費用,30.0,+30%,%,TWD,,7," 
評等分級：買進（預期未來六個月股價漲輻超過+30%）; 逢低買進（預期未來六個月股價漲輻介於+15%與+30%之間）; 區間操
作（預期未來六個月股價漲跌輻介於-15%與+15%之間）; 逢高賣出（預期未來六個月股價跌輻介於-15%與-30%之間）；賣出（預
期未來六個月股價跌輻超過-30%）。 
本刊所刊載之內容僅做為參考，惟已力求正確與完整，但因時間及市場客觀因素改變所造成產業、市場或個股之相關條件改變，投資人需自行考量
投資之需求與風險，本公司恕不負擔任何法律責任。任何轉載或引用本報告內容必須經本公司同意。 
 
- 7 - 
個股報告 
財務報表 
 
季度損益表 
單位：新台幣百萬元 
 4771望隼 
2024 
25Q1 
25Q2 
25Q3 
25Q4 
2025 
26Q1 
26Q2(F) 26Q3(F) 26Q4(F) 2026(F) 
營業收入淨額
 3,002 
 811
 872
 854 
 951
 3,487 
 1,031 
 1,086 
1,137 
1,199 
4,453
營業成本
 1,823 
 475
 517
 512 
 558
 2,061 
 608
 645
678 
711
2,642
營業毛利淨額
 1,179 
 336
 356
 342 
 393
 1,426 
 423 
 441
459 
488
1,811
營業費用
 291 
 97
 100
 107 
 116
 420 
 124 
 128
131 
138
521
營業淨利(損)
 888 
 238
 256
 234 
 277
 1,006 
 298 
 313
328 
350
1,289
營業外收支
 
 
 
 
利息收入
 18 
 3
 7
 4 
 6
 19 
 2 
 2
4 
5
13
財務成本
 29 
 7
 6
 7 
 6
 26 
 6 
 6
8 
8
28
其他利益及損失
 29 
 11
 (74)
 33 
 22
 (8) 
 14 
 2
11
-15
12
其他收支淨額
 14 
 10
 2
 3 
 3
 18 
 3 
 3
3 
5
14
營業外收支淨額合計
 32 
18
-71
32 
24
 3 
13 
1
10 
-13
11
稅前淨利
 920 
25",857530a25cb24b2eb1036434,1,,PENDING,,PENDING,,PENDING,0.50,ORANGE,STAGE_TABLELIKE_EXPANSION_REVIEW,VRN_1D1_REPORTTEXT_TABLELIKE_EXPANSION,C:\Users\tonyk\OneDrive\VeritasIntelligenceAnalytics\module\VRN\output\_route_lock_runs\RUN_20260525_195119_VRN_GO_M01_60PDF_FULL_V120\full_input_60pdf\20260519兆豐個股報告-望隼(4771).pdf,2026-06-15T16:25:25.773847,2dc4bcfb1c7b7928fbc7823c9e18884c3a32aac5
33280450a5af073c2547,dc367a89b6fb,4771,,兆豐,2026-05-19,2024Q1,2024,Q1,IS,tax_expense,所得稅費用,15.0,+15%,%,TWD,,7," 
評等分級：買進（預期未來六個月股價漲輻超過+30%）; 逢低買進（預期未來六個月股價漲輻介於+15%與+30%之間）; 區間操
作（預期未來六個月股價漲跌輻介於-15%與+15%之間）; 逢高賣出（預期未來六個月股價跌輻介於-15%與-30%之間）；賣出（預
期未來六個月股價跌輻超過-30%）。 
本刊所刊載之內容僅做為參考，惟已力求正確與完整，但因時間及市場客觀因素改變所造成產業、市場或個股之相關條件改變，投資人需自行考量
投資之需求與風險，本公司恕不負擔任何法律責任。任何轉載或引用本報告內容必須經本公司同意。 
 
- 7 - 
個股報告 
財務報表 
 
季度損益表 
單位：新台幣百萬元 
 4771望隼 
2024 
25Q1 
25Q2 
25Q3 
25Q4 
2025 
26Q1 
26Q2(F) 26Q3(F) 26Q4(F) 2026(F) 
營業收入淨額
 3,002 
 811
 872
 854 
 951
 3,487 
 1,031 
 1,086 
1,137 
1,199 
4,453
營業成本
 1,823 
 475
 517
 512 
 558
 2,061 
 608
 645
678 
711
2,642
營業毛利淨額
 1,179 
 336
 356
 342 
 393
 1,426 
 423 
 441
459 
488
1,811
營業費用
 291 
 97
 100
 107 
 116
 420 
 124 
 128
131 
138
521
營業淨利(損)
 888 
 238
 256
 234 
 277
 1,006 
 298 
 313
328 
350
1,289
營業外收支
 
 
 
 
利息收入
 18 
 3
 7
 4 
 6
 19 
 2 
 2
4 
5
13
財務成本
 29 
 7
 6
 7 
 6
 26 
 6 
 6
8 
8
28
其他利益及損失
 29 
 11
 (74)
 33 
 22
 (8) 
 14 
 2
11
-15
12
其他收支淨額
 14 
 10
 2
 3 
 3
 18 
 3 
 3
3 
5
14
營業外收支淨額合計
 32 
18
-71
32 
24
 3 
13 
1
10 
-13
11
稅前淨利
 920 
25",857530a25cb24b2eb1036434,2,,PENDING,,PENDING,,PENDING,0.50,ORANGE,STAGE_TABLELIKE_EXPANSION_REVIEW,VRN_1D1_REPORTTEXT_TABLELIKE_EXPANSION,C:\Users\tonyk\OneDrive\VeritasIntelligenceAnalytics\module\VRN\output\_route_lock_runs\RUN_20260525_195119_VRN_GO_M01_60PDF_FULL_V120\full_input_60pdf\20260519兆豐個股報告-望隼(4771).pdf,2026-06-15T16:25:25.773876,7beccb4d5ebcd83d889d964f3768e466760cb5b9
33280450a5af073c2547,dc367a89b6fb,4771,,兆豐,2026-05-19,2024Q1,2024,Q1,IS,tax_expense,所得稅費用,30.0,+30%,%,TWD,,7," 
評等分級：買進（預期未來六個月股價漲輻超過+30%）; 逢低買進（預期未來六個月股價漲輻介於+15%與+30%之間）; 區間操
作（預期未來六個月股價漲跌輻介於-15%與+15%之間）; 逢高賣出（預期未來六個月股價跌輻介於-15%與-30%之間）；賣出（預
期未來六個月股價跌輻超過-30%）。 
本刊所刊載之內容僅做為參考，惟已力求正確與完整，但因時間及市場客觀因素改變所造成產業、市場或個股之相關條件改變，投資人需自行考量
投資之需求與風險，本公司恕不負擔任何法律責任。任何轉載或引用本報告內容必須經本公司同意。 
 
- 7 - 
個股報告 
財務報表 
 
季度損益表 
單位：新台幣百萬元 
 4771望隼 
2024 
25Q1 
25Q2 
25Q3 
25Q4 
2025 
26Q1 
26Q2(F) 26Q3(F) 26Q4(F) 2026(F) 
營業收入淨額
 3,002 
 811
 872
 854 
 951
 3,487 
 1,031 
 1,086 
1,137 
1,199 
4,453
營業成本
 1,823 
 475
 517
 512 
 558
 2,061 
 608
 645
678 
711
2,642
營業毛利淨額
 1,179 
 336
 356
 342 
 393
 1,426 
 423 
 441
459 
488
1,811
營業費用
 291 
 97
 100
 107 
 116
 420 
 124 
 128
131 
138
521
營業淨利(損)
 888 
 238
 256
 234 
 277
 1,006 
 298 
 313
328 
350
1,289
營業外收支
 
 
 
 
利息收入
 18 
 3
 7
 4 
 6
 19 
 2 
 2
4 
5
13
財務成本
 29 
 7
 6
 7 
 6
 26 
 6 
 6
8 
8
28
其他利益及損失
 29 
 11
 (74)
 33 
 22
 (8) 
 14 
 2
11
-15
12
其他收支淨額
 14 
 10
 2
 3 
 3
 18 
 3 
 3
3 
5
14
營業外收支淨額合計
 32 
18
-71
32 
24
 3 
13 
1
10 
-13
11
稅前淨利
 920 
25",857530a25cb24b2eb1036434,3,,PENDING,,PENDING,,PENDING,0.50,ORANGE,STAGE_TABLELIKE_EXPANSION_REVIEW,VRN_1D1_REPORTTEXT_TABLELIKE_EXPANSION,C:\Users\tonyk\OneDrive\VeritasIntelligenceAnalytics\module\VRN\output\_route_lock_runs\RUN_20260525_195119_VRN_GO_M01_60PDF_FULL_V120\full_input_60pdf\20260519兆豐個股報告-望隼(4771).pdf,2026-06-15T16:25:25.773888,e13850623e605cb0579b38002d02e19e6c613049
33280450a5af073c2547,dc367a89b6fb,4771,,兆豐,2026-05-19,2024Q1,2024,Q1,IS,tax_expense,所得稅費用,-15.0,-15%,%,TWD,,7," 
評等分級：買進（預期未來六個月股價漲輻超過+30%）; 逢低買進（預期未來六個月股價漲輻介於+15%與+30%之間）; 區間操
作（預期未來六個月股價漲跌輻介於-15%與+15%之間）; 逢高賣出（預期未來六個月股價跌輻介於-15%與-30%之間）；賣出（預
期未來六個月股價跌輻超過-30%）。 
本刊所刊載之內容僅做為參考，惟已力求正確與完整，但因時間及市場客觀因素改變所造成產業、市場或個股之相關條件改變，投資人需自行考量
投資之需求與風險，本公司恕不負擔任何法律責任。任何轉載或引用本報告內容必須經本公司同意。 
 
- 7 - 
個股報告 
財務報表 
 
季度損益表 
單位：新台幣百萬元 
 4771望隼 
2024 
25Q1 
25Q2 
25Q3 
25Q4 
2025 
26Q1 
26Q2(F) 26Q3(F) 26Q4(F) 2026(F) 
營業收入淨額
 3,002 
 811
 872
 854 
 951
 3,487 
 1,031 
 1,086 
1,137 
1,199 
4,453
營業成本
 1,823 
 475
 517
 512 
 558
 2,061 
 608
 645
678 
711
2,642
營業毛利淨額
 1,179 
 336
 356
 342 
 393
 1,426 
 423 
 441
459 
488
1,811
營業費用
 291 
 97
 100
 107 
 116
 420 
 124 
 128
131 
138
521
營業淨利(損)
 888 
 238
 256
 234 
 277
 1,006 
 298 
 313
328 
350
1,289
營業外收支
 
 
 
 
利息收入
 18 
 3
 7
 4 
 6
 19 
 2 
 2
4 
5
13
財務成本
 29 
 7
 6
 7 
 6
 26 
 6 
 6
8 
8
28
其他利益及損失
 29 
 11
 (74)
 33 
 22
 (8) 
 14 
 2
11
-15
12
其他收支淨額
 14 
 10
 2
 3 
 3
 18 
 3 
 3
3 
5
14
營業外收支淨額合計
 32 
18
-71
32 
24
 3 
13 
1
10 
-13
11
稅前淨利
 920 
25",857530a25cb24b2eb1036434,4,,PENDING,,PENDING,,PENDING,0.50,ORANGE,STAGE_TABLELIKE_EXPANSION_REVIEW,VRN_1D1_REPORTTEXT_TABLELIKE_EXPANSION,C:\Users\tonyk\OneDrive\VeritasIntelligenceAnalytics\module\VRN\output\_route_lock_runs\RUN_20260525_195119_VRN_GO_M01_60PDF_FULL_V120\full_input_60pdf\20260519兆豐個股報告-望隼(4771).pdf,2026-06-15T16:25:25.773898,03b49fd0b28a3669e6f2196e65dc8e4eba9ebced
33280450a5af073c2547,dc367a89b6fb,4771,,兆豐,2026-05-19,2024Q1,2024,Q1,IS,tax_expense,所得稅費用,15.0,+15%,%,TWD,,7," 
評等分級：買進（預期未來六個月股價漲輻超過+30%）; 逢低買進（預期未來六個月股價漲輻介於+15%與+30%之間）; 區間操
作（預期未來六個月股價漲跌輻介於-15%與+15%之間）; 逢高賣出（預期未來六個月股價跌輻介於-15%與-30%之間）；賣出（預
期未來六個月股價跌輻超過-30%）。 
本刊所刊載之內容僅做為參考，惟已力求正確與完整，但因時間及市場客觀因素改變所造成產業、市場或個股之相關條件改變，投資人需自行考量
投資之需求與風險，本公司恕不負擔任何法律責任。任何轉載或引用本報告內容必須經本公司同意。 
 
- 7 - 
個股報告 
財務報表 
 
季度損益表 
單位：新台幣百萬元 
 4771望隼 
2024 
25Q1 
25Q2 
25Q3 
25Q4 
2025 
26Q1 
26Q2(F) 26Q3(F) 26Q4(F) 2026(F) 
營業收入淨額
 3,002 
 811
 872
 854 
 951
 3,487 
 1,031 
 1,086 
1,137 
1,199 
4,453
營業成本
 1,823 
 475
 517
 512 
 558
 2,061 
 608
 645
678 
711
2,642
營業毛利淨額
 1,179 
 336
 356
 342 
 393
 1,426 
 423 
 441
459 
488
1,811
營業費用
 291 
 97
 100
 107 
 116
 420 
 124 
 128
131 
138
521
營業淨利(損)
 888 
 238
 256
 234 
 277
 1,006 
 298 
 313
328 
350
1,289
營業外收支
 
 
 
 
利息收入
 18 
 3
 7
 4 
 6
 19 
 2 
 2
4 
5
13
財務成本
 29 
 7
 6
 7 
 6
 26 
 6 
 6
8 
8
28
其他利益及損失
 29 
 11
 (74)
 33 
 22
 (8) 
 14 
 2
11
-15
12
其他收支淨額
 14 
 10
 2
 3 
 3
 18 
 3 
 3
3 
5
14
營業外收支淨額合計
 32 
18
-71
32 
24
 3 
13 
1
10 
-13
11
稅前淨利
 920 
25",857530a25cb24b2eb1036434,5,,PENDING,,PENDING,,PENDING,0.50,ORANGE,STAGE_TABLELIKE_EXPANSION_REVIEW,VRN_1D1_REPORTTEXT_TABLELIKE_EXPANSION,C:\Users\tonyk\OneDrive\VeritasIntelligenceAnalytics\module\VRN\output\_route_lock_runs\RUN_20260525_195119_VRN_GO_M01_60PDF_FULL_V120\full_input_60pdf\20260519兆豐個股報告-望隼(4771).pdf,2026-06-15T16:25:25.773908,914359dd65d0a33f22468d6fe8e3e861d3b38f22
33280450a5af073c2547,dc367a89b6fb,4771,,兆豐,2026-05-19,2024Q1,2024,Q1,IS,tax_expense,所得稅費用,-15.0,-15%,%,TWD,,7," 
評等分級：買進（預期未來六個月股價漲輻超過+30%）; 逢低買進（預期未來六個月股價漲輻介於+15%與+30%之間）; 區間操
作（預期未來六個月股價漲跌輻介於-15%與+15%之間）; 逢高賣出（預期未來六個月股價跌輻介於-15%與-30%之間）；賣出（預
期未來六個月股價跌輻超過-30%）。 
本刊所刊載之內容僅做為參考，惟已力求正確與完整，但因時間及市場客觀因素改變所造成產業、市場或個股之相關條件改變，投資人需自行考量
投資之需求與風險，本公司恕不負擔任何法律責任。任何轉載或引用本報告內容必須經本公司同意。 
 
- 7 - 
個股報告 
財務報表 
 
季度損益表 
單位：新台幣百萬元 
 4771望隼 
2024 
25Q1 
25Q2 
25Q3 
25Q4 
2025 
26Q1 
26Q2(F) 26Q3(F) 26Q4(F) 2026(F) 
營業收入淨額
 3,002 
 811
 872
 854 
 951
 3,487 
 1,031 
 1,086 
1,137 
1,199 
4,453
營業成本
 1,823 
 475
 517
 512 
 558
 2,061 
 608
 645
678 
711
2,642
營業毛利淨額
 1,179 
 336
 356
 342 
 393
 1,426 
 423 
 441
459 
488
1,811
營業費用
 291 
 97
 100
 107 
 116
 420 
 124 
 128
131 
138
521
營業淨利(損)
 888 
 238
 256
 234 
 277
 1,006 
 298 
 313
328 
350
1,289
營業外收支
 
 
 
 
利息收入
 18 
 3
 7
 4 
 6
 19 
 2 
 2
4 
5
13
財務成本
 29 
 7
 6
 7 
 6
 26 
 6 
 6
8 
8
28
其他利益及損失
 29 
 11
 (74)
 33 
 22
 (8) 
 14 
 2
11
-15
12
其他收支淨額
 14 
 10
 2
 3 
 3
 18 
 3 
 3
3 
5
14
營業外收支淨額合計
 32 
18
-71
32 
24
 3 
13 
1
10 
-13
11
稅前淨利
 920 
25",857530a25cb24b2eb1036434,6,,PENDING,,PENDING,,PENDING,0.50,ORANGE,STAGE_TABLELIKE_EXPANSION_REVIEW,VRN_1D1_REPORTTEXT_TABLELIKE_EXPANSION,C:\Users\tonyk\OneDrive\VeritasIntelligenceAnalytics\module\VRN\output\_route_lock_runs\RUN_20260525_195119_VRN_GO_M01_60PDF_FULL_V120\full_input_60pdf\20260519兆豐個股報告-望隼(4771).pdf,2026-06-15T16:25:25.773918,8983368c07a7a946d6af78cf7f41432d032be011
33280450a5af073c2547,dc367a89b6fb,4771,,兆豐,2026-05-19,2024Q1,2024,Q1,IS,tax_expense,所得稅費用,-30.0,-30%,%,TWD,,7," 
評等分級：買進（預期未來六個月股價漲輻超過+30%）; 逢低買進（預期未來六個月股價漲輻介於+15%與+30%之間）; 區間操
作（預期未來六個月股價漲跌輻介於-15%與+15%之間）; 逢高賣出（預期未來六個月股價跌輻介於-15%與-30%之間）；賣出（預
期未來六個月股價跌輻超過-30%）。 
本刊所刊載之內容僅做為參考，惟已力求正確與完整，但因時間及市場客觀因素改變所造成產業、市場或個股之相關條件改變，投資人需自行考量
投資之需求與風險，本公司恕不負擔任何法律責任。任何轉載或引用本報告內容必須經本公司同意。 
 
- 7 - 
個股報告 
財務報表 
 
季度損益表 
單位：新台幣百萬元 
 4771望隼 
2024 
25Q1 
25Q2 
25Q3 
25Q4 
2025 
26Q1 
26Q2(F) 26Q3(F) 26Q4(F) 2026(F) 
營業收入淨額
 3,002 
 811
 872
 854 
 951
 3,487 
 1,031 
 1,086 
1,137 
1,199 
4,453
營業成本
 1,823 
 475
 517
 512 
 558
 2,061 
 608
 645
678 
711
2,642
營業毛利淨額
 1,179 
 336
 356
 342 
 393
 1,426 
 423 
 441
459 
488
1,811
營業費用
 291 
 97
 100
 107 
 116
 420 
 124 
 128
131 
138
521
營業淨利(損)
 888 
 238
 256
 234 
 277
 1,006 
 298 
 313
328 
350
1,289
營業外收支
 
 
 
 
利息收入
 18 
 3
 7
 4 
 6
 19 
 2 
 2
4 
5
13
財務成本
 29 
 7
 6
 7 
 6
 26 
 6 
 6
8 
8
28
其他利益及損失
 29 
 11
 (74)
 33 
 22
 (8) 
 14 
 2
11
-15
12
其他收支淨額
 14 
 10
 2
 3 
 3
 18 
 3 
 3
3 
5
14
營業外收支淨額合計
 32 
18
-71
32 
24
 3 
13 
1
10 
-13
11
稅前淨利
 920 
25",857530a25cb24b2eb1036434,7,,PENDING,,PENDING,,PENDING,0.50,ORANGE,STAGE_TABLELIKE_EXPANSION_REVIEW,VRN_1D1_REPORTTEXT_TABLELIKE_EXPANSION,C:\Users\tonyk\OneDrive\VeritasIntelligenceAnalytics\module\VRN\output\_route_lock_runs\RUN_20260525_195119_VRN_GO_M01_60PDF_FULL_V120\full_input_60pdf\20260519兆豐個股報告-望隼(4771).pdf,2026-06-15T16:25:25.773927,d33e41f9ac507a756cc8b471251d888dd8d2db8e
33280450a5af073c2547,dc367a89b6fb,4771,,兆豐,2026-05-19,2024Q1,2024,Q1,IS,tax_expense,所得稅費用,-30.0,-30%,%,TWD,,7," 
評等分級：買進（預期未來六個月股價漲輻超過+30%）; 逢低買進（預期未來六個月股價漲輻介於+15%與+30%之間）; 區間操
作（預期未來六個月股價漲跌輻介於-15%與+15%之間）; 逢高賣出（預期未來六個月股價跌輻介於-15%與-30%之間）；賣出（預
期未來六個月股價跌輻超過-30%）。 
本刊所刊載之內容僅做為參考，惟已力求正確與完整，但因時間及市場客觀因素改變所造成產業、市場或個股之相關條件改變，投資人需自行考量
投資之需求與風險，本公司恕不負擔任何法律責任。任何轉載或引用本報告內容必須經本公司同意。 
 
- 7 - 
個股報告 
財務報表 
 
季度損益表 
單位：新台幣百萬元 
 4771望隼 
2024 
25Q1 
25Q2 
25Q3 
25Q4 
2025 
26Q1 
26Q2(F) 26Q3(F) 26Q4(F) 2026(F) 
營業收入淨額
 3,002 
 811
 872
 854 
 951
 3,487 
 1,031 
 1,086 
1,137 
1,199 
4,453
營業成本
 1,823 
 475
 517
 512 
 558
 2,061 
 608
 645
678 
711
2,642
營業毛利淨額
 1,179 
 336
 356
 342 
 393
 1,426 
 423 
 441
459 
488
1,811
營業費用
 291 
 97
 100
 107 
 116
 420 
 124 
 128
131 
138
521
營業淨利(損)
 888 
 238
 256
 234 
 277
 1,006 
 298 
 313
328 
350
1,289
營業外收支
 
 
 
 
利息收入
 18 
 3
 7
 4 
 6
 19 
 2 
 2
4 
5
13
財務成本
 29 
 7
 6
 7 
 6
 26 
 6 
 6
8 
8
28
其他利益及損失
 29 
 11
 (74)
 33 
 22
 (8) 
 14 
 2
11
-15
12
其他收支淨額
 14 
 10
 2
 3 
 3
 18 
 3 
 3
3 
5
14
營業外收支淨額合計
 32 
18
-71
32 
24
 3 
13 
1
10 
-13
11
稅前淨利
 920 
25",857530a25cb24b2eb1036434,8,,PENDING,,PENDING,,PENDING,0.50,ORANGE,STAGE_TABLELIKE_EXPANSION_REVIEW,VRN_1D1_REPORTTEXT_TABLELIKE_EXPANSION,C:\Users\tonyk\OneDrive\VeritasIntelligenceAnalytics\module\VRN\output\_route_lock_runs\RUN_20260525_195119_VRN_GO_M01_60PDF_FULL_V120\full_input_60pdf\20260519兆豐個股報告-望隼(4771).pdf,2026-06-15T16:25:25.773937,69da4187b52230a4a8736cbb93767630a16e831f
33280450a5af073c2547,dc367a89b6fb,4771,,兆豐,2026-05-19,2024Q1,2024,Q1,IS,tax_expense,所得稅費用,7.0,7,%,TWD,,7," 
評等分級：買進（預期未來六個月股價漲輻超過+30%）; 逢低買進（預期未來六個月股價漲輻介於+15%與+30%之間）; 區間操
作（預期未來六個月股價漲跌輻介於-15%與+15%之間）; 逢高賣出（預期未來六個月股價跌輻介於-15%與-30%之間）；賣出（預
期未來六個月股價跌輻超過-30%）。 
本刊所刊載之內容僅做為參考，惟已力求正確與完整，但因時間及市場客觀因素改變所造成產業、市場或個股之相關條件改變，投資人需自行考量
投資之需求與風險，本公司恕不負擔任何法律責任。任何轉載或引用本報告內容必須經本公司同意。 
 
- 7 - 
個股報告 
財務報表 
 
季度損益表 
單位：新台幣百萬元 
 4771望隼 
2024 
25Q1 
25Q2 
25Q3 
25Q4 
2025 
26Q1 
26Q2(F) 26Q3(F) 26Q4(F) 2026(F) 
營業收入淨額
 3,002 
 811
 872
 854 
 951
 3,487 
 1,031 
 1,086 
1,137 
1,199 
4,453
營業成本
 1,823 
 475
 517
 512 
 558
 2,061 
 608
 645
678 
711
2,642
營業毛利淨額
 1,179 
 336
 356
 342 
 393
 1,426 
 423 
 441
459 
488
1,811
營業費用
 291 
 97
 100
 107 
 116
 420 
 124 
 128
131 
138
521
營業淨利(損)
 888 
 238
 256
 234 
 277
 1,006 
 298 
 313
328 
350
1,289
營業外收支
 
 
 
 
利息收入
 18 
 3
 7
 4 
 6
 19 
 2 
 2
4 
5
13
財務成本
 29 
 7
 6
 7 
 6
 26 
 6 
 6
8 
8
28
其他利益及損失
 29 
 11
 (74)
 33 
 22
 (8) 
 14 
 2
11
-15
12
其他收支淨額
 14 
 10
 2
 3 
 3
 18 
 3 
 3
3 
5
14
營業外收支淨額合計
 32 
18
-71
32 
24
 3 
13 
1
10 
-13
11
稅前淨利
 920 
25",857530a25cb24b2eb1036434,9,,PENDING,,PENDING,,PENDING,0.50,ORANGE,STAGE_TABLELIKE_EXPANSION_REVIEW,VRN_1D1_REPORTTEXT_TABLELIKE_EXPANSION,C:\Users\tonyk\OneDrive\VeritasIntelligenceAnalytics\module\VRN\output\_route_lock_runs\RUN_20260525_195119_VRN_GO_M01_60PDF_FULL_V120\full_input_60pdf\20260519兆豐個股報告-望隼(4771).pdf,2026-06-15T16:25:25.773948,032dcdc33f5960f93ea3e358d568e29019d6351b
33280450a5af073c2547,dc367a89b6fb,4771,,兆豐,2026-05-19,2024Q1,2024,Q1,IS,tax_expense,所得稅費用,4771.0,4771,%,TWD,,7," 
評等分級：買進（預期未來六個月股價漲輻超過+30%）; 逢低買進（預期未來六個月股價漲輻介於+15%與+30%之間）; 區間操
作（預期未來六個月股價漲跌輻介於-15%與+15%之間）; 逢高賣出（預期未來六個月股價跌輻介於-15%與-30%之間）；賣出（預
期未來六個月股價跌輻超過-30%）。 
本刊所刊載之內容僅做為參考，惟已力求正確與完整，但因時間及市場客觀因素改變所造成產業、市場或個股之相關條件改變，投資人需自行考量
投資之需求與風險，本公司恕不負擔任何法律責任。任何轉載或引用本報告內容必須經本公司同意。 
 
- 7 - 
個股報告 
財務報表 
 
季度損益表 
單位：新台幣百萬元 
 4771望隼 
2024 
25Q1 
25Q2 
25Q3 
25Q4 
2025 
26Q1 
26Q2(F) 26Q3(F) 26Q4(F) 2026(F) 
營業收入淨額
 3,002 
 811
 872
 854 
 951
 3,487 
 1,031 
 1,086 
1,137 
1,199 
4,453
營業成本
 1,823 
 475
 517
 512 
 558
 2,061 
 608
 645
678 
711
2,642
營業毛利淨額
 1,179 
 336
 356
 342 
 393
 1,426 
 423 
 441
459 
488
1,811
營業費用
 291 
 97
 100
 107 
 116
 420 
 124 
 128
131 
138
521
營業淨利(損)
 888 
 238
 256
 234 
 277
 1,006 
 298 
 313
328 
350
1,289
營業外收支
 
 
 
 
利息收入
 18 
 3
 7
 4 
 6
 19 
 2 
 2
4 
5
13
財務成本
 29 
 7
 6
 7 
 6
 26 
 6 
 6
8 
8
28
其他利益及損失
 29 
 11
 (74)
 33 
 22
 (8) 
 14 
 2
11
-15
12
其他收支淨額
 14 
 10
 2
 3 
 3
 18 
 3 
 3
3 
5
14
營業外收支淨額合計
 32 
18
-71
32 
24
 3 
13 
1
10 
-13
11
稅前淨利
 920 
25",857530a25cb24b2eb1036434,10,,PENDING,,PENDING,,PENDING,0.50,ORANGE,STAGE_TABLELIKE_EXPANSION_REVIEW,VRN_1D1_REPORTTEXT_TABLELIKE_EXPANSION,C:\Users\tonyk\OneDrive\VeritasIntelligenceAnalytics\module\VRN\output\_route_lock_runs\RUN_20260525_195119_VRN_GO_M01_60PDF_FULL_V120\full_input_60pdf\20260519兆豐個股報告-望隼(4771).pdf,2026-06-15T16:25:25.773962,6ab4ead31826dc97544ca6ca1506885779fd05b1
33280450a5af073c2547,dc367a89b6fb,4771,,兆豐,2026-05-19,2024Q1,2024,Q1,IS,tax_expense,所得稅費用,3002.0,"3,002",%,TWD,,7," 
評等分級：買進（預期未來六個月股價漲輻超過+30%）; 逢低買進（預期未來六個月股價漲輻介於+15%與+30%之間）; 區間操
作（預期未來六個月股價漲跌輻介於-15%與+15%之間）; 逢高賣出（預期未來六個月股價跌輻介於-15%與-30%之間）；賣出（預
期未來六個月股價跌輻超過-30%）。 
本刊所刊載之內容僅做為參考，惟已力求正確與完整，但因時間及市場客觀因素改變所造成產業、市場或個股之相關條件改變，投資人需自行考量
投資之需求與風險，本公司恕不負擔任何法律責任。任何轉載或引用本報告內容必須經本公司同意。 
 
- 7 - 
個股報告 
財務報表 
 
季度損益表 
單位：新台幣百萬元 
 4771望隼 
2024 
25Q1 
25Q2 
25Q3 
25Q4 
2025 
26Q1 
26Q2(F) 26Q3(F) 26Q4(F) 2026(F) 
營業收入淨額
 3,002 
 811
 872
 854 
 951
 3,487 
 1,031 
 1,086 
1,137 
1,199 
4,453
營業成本
 1,823 
 475
 517
 512 
 558
 2,061 
 608
 645
678 
711
2,642
營業毛利淨額
 1,179 
 336
 356
 342 
 393
 1,426 
 423 
 441
459 
488
1,811
營業費用
 291 
 97
 100
 107 
 116
 420 
 124 
 128
131 
138
521
營業淨利(損)
 888 
 238
 256
 234 
 277
 1,006 
 298 
 313
328 
350
1,289
營業外收支
 
 
 
 
利息收入
 18 
 3
 7
 4 
 6
 19 
 2 
 2
4 
5
13
財務成本
 29 
 7
 6
 7 
 6
 26 
 6 
 6
8 
8
28
其他利益及損失
 29 
 11
 (74)
 33 
 22
 (8) 
 14 
 2
11
-15
12
其他收支淨額
 14 
 10
 2
 3 
 3
 18 
 3 
 3
3 
5
14
營業外收支淨額合計
 32 
18
-71
32 
24
 3 
13 
1
10 
-13
11
稅前淨利
 920 
25",857530a25cb24b2eb1036434,11,,PENDING,,PENDING,,PENDING,0.50,ORANGE,STAGE_TABLELIKE_EXPANSION_REVIEW,VRN_1D1_REPORTTEXT_TABLELIKE_EXPANSION,C:\Users\tonyk\OneDrive\VeritasIntelligenceAnalytics\module\VRN\output\_route_lock_runs\RUN_20260525_195119_VRN_GO_M01_60PDF_FULL_V120\full_input_60pdf\20260519兆豐個股報告-望隼(4771).pdf,2026-06-15T16:25:25.773972,070081b9e7fbc600fc4a5d8186fdd445bca18f12
33280450a5af073c2547,dc367a89b6fb,4771,,兆豐,2026-05-19,2024Q1,2024,Q1,IS,tax_expense,所得稅費用,811.0,811,%,TWD,,7," 
評等分級：買進（預期未來六個月股價漲輻超過+30%）; 逢低買進（預期未來六個月股價漲輻介於+15%與+30%之間）; 區間操
作（預期未來六個月股價漲跌輻介於-15%與+15%之間）; 逢高賣出（預期未來六個月股價跌輻介於-15%與-30%之間）；賣出（預
期未來六個月股價跌輻超過-30%）。 
本刊所刊載之內容僅做為參考，惟已力求正確與完整，但因時間及市場客觀因素改變所造成產業、市場或個股之相關條件改變，投資人需自行考量
投資之需求與風險，本公司恕不負擔任何法律責任。任何轉載或引用本報告內容必須經本公司同意。 
 
- 7 - 
個股報告 
財務報表 
 
季度損益表 
單位：新台幣百萬元 
 4771望隼 
2024 
25Q1 
25Q2 
25Q3 
25Q4 
2025 
26Q1 
26Q2(F) 26Q3(F) 26Q4(F) 2026(F) 
營業收入淨額
 3,002 
 811
 872
 854 
 951
 3,487 
 1,031 
 1,086 
1,137 
1,199 
4,453
營業成本
 1,823 
 475
 517
 512 
 558
 2,061 
 608
 645
678 
711
2,642
營業毛利淨額
 1,179 
 336
 356
 342 
 393
 1,426 
 423 
 441
459 
488
1,811
營業費用
 291 
 97
 100
 107 
 116
 420 
 124 
 128
131 
138
521
營業淨利(損)
 888 
 238
 256
 234 
 277
 1,006 
 298 
 313
328 
350
1,289
營業外收支
 
 
 
 
利息收入
 18 
 3
 7
 4 
 6
 19 
 2 
 2
4 
5
13
財務成本
 29 
 7
 6
 7 
 6
 26 
 6 
 6
8 
8
28
其他利益及損失
 29 
 11
 (74)
 33 
 22
 (8) 
 14 
 2
11
-15
12
其他收支淨額
 14 
 10
 2
 3 
 3
 18 
 3 
 3
3 
5
14
營業外收支淨額合計
 32 
18
-71
32 
24
 3 
13 
1
10 
-13
11
稅前淨利
 920 
25",857530a25cb24b2eb1036434,12,,PENDING,,PENDING,,PENDING,0.50,ORANGE,STAGE_TABLELIKE_EXPANSION_REVIEW,VRN_1D1_REPORTTEXT_TABLELIKE_EXPANSION,C:\Users\tonyk\OneDrive\VeritasIntelligenceAnalytics\module\VRN\output\_route_lock_runs\RUN_20260525_195119_VRN_GO_M01_60PDF_FULL_V120\full_input_60pdf\20260519兆豐個股報告-望隼(4771).pdf,2026-06-15T16:25:25.773982,76bcca727121a057d18a6d514629f7c1c7710e6a
33280450a5af073c2547,dc367a89b6fb,4771,,兆豐,2026-05-19,2024Q1,2024,Q1,IS,tax_expense,所得稅費用,872.0,872,%,TWD,,7," 
評等分級：買進（預期未來六個月股價漲輻超過+30%）; 逢低買進（預期未來六個月股價漲輻介於+15%與+30%之間）; 區間操
作（預期未來六個月股價漲跌輻介於-15%與+15%之間）; 逢高賣出（預期未來六個月股價跌輻介於-15%與-30%之間）；賣出（預
期未來六個月股價跌輻超過-30%）。 
本刊所刊載之內容僅做為參考，惟已力求正確與完整，但因時間及市場客觀因素改變所造成產業、市場或個股之相關條件改變，投資人需自行考量
投資之需求與風險，本公司恕不負擔任何法律責任。任何轉載或引用本報告內容必須經本公司同意。 
 
- 7 - 
個股報告 
財務報表 
 
季度損益表 
單位：新台幣百萬元 
 4771望隼 
2024 
25Q1 
25Q2 
25Q3 
25Q4 
2025 
26Q1 
26Q2(F) 26Q3(F) 26Q4(F) 2026(F) 
營業收入淨額
 3,002 
 811
 872
 854 
 951
 3,487 
 1,031 
 1,086 
1,137 
1,199 
4,453
營業成本
 1,823 
 475
 517
 512 
 558
 2,061 
 608
 645
678 
711
2,642
營業毛利淨額
 1,179 
 336
 356
 342 
 393
 1,426 
 423 
 441
459 
488
1,811
營業費用
 291 
 97
 100
 107 
 116
 420 
 124 
 128
131 
138
521
營業淨利(損)
 888 
 238
 256
 234 
 277
 1,006 
 298 
 313
328 
350
1,289
營業外收支
 
 
 
 
利息收入
 18 
 3
 7
 4 
 6
 19 
 2 
 2
4 
5
13
財務成本
 29 
 7
 6
 7 
 6
 26 
 6 
 6
8 
8
28
其他利益及損失
 29 
 11
 (74)
 33 
 22
 (8) 
 14 
 2
11
-15
12
其他收支淨額
 14 
 10
 2
 3 
 3
 18 
 3 
 3
3 
5
14
營業外收支淨額合計
 32 
18
-71
32 
24
 3 
13 
1
10 
-13
11
稅前淨利
 920 
25",857530a25cb24b2eb1036434,13,,PENDING,,PENDING,,PENDING,0.50,ORANGE,STAGE_TABLELIKE_EXPANSION_REVIEW,VRN_1D1_REPORTTEXT_TABLELIKE_EXPANSION,C:\Users\tonyk\OneDrive\VeritasIntelligenceAnalytics\module\VRN\output\_route_lock_runs\RUN_20260525_195119_VRN_GO_M01_60PDF_FULL_V120\full_input_60pdf\20260519兆豐個股報告-望隼(4771).pdf,2026-06-15T16:25:25.773991,5e3142f8efb4fa7a0111bd1440130202fc7abd65
33280450a5af073c2547,dc367a89b6fb,4771,,兆豐,2026-05-19,2024Q1,2024,Q1,IS,tax_expense,所得稅費用,854.0,854,%,TWD,,7," 
評等分級：買進（預期未來六個月股價漲輻超過+30%）; 逢低買進（預期未來六個月股價漲輻介於+15%與+30%之間）; 區間操
作（預期未來六個月股價漲跌輻介於-15%與+15%之間）; 逢高賣出（預期未來六個月股價跌輻介於-15%與-30%之間）；賣出（預
期未來六個月股價跌輻超過-30%）。 
本刊所刊載之內容僅做為參考，惟已力求正確與完整，但因時間及市場客觀因素改變所造成產業、市場或個股之相關條件改變，投資人需自行考量
投資之需求與風險，本公司恕不負擔任何法律責任。任何轉載或引用本報告內容必須經本公司同意。 
 
- 7 - 
個股報告 
財務報表 
 
季度損益表 
單位：新台幣百萬元 
 4771望隼 
2024 
25Q1 
25Q2 
25Q3 
25Q4 
2025 
26Q1 
26Q2(F) 26Q3(F) 26Q4(F) 2026(F) 
營業收入淨額
 3,002 
 811
 872
 854 
 951
 3,487 
 1,031 
 1,086 
1,137 
1,199 
4,453
營業成本
 1,823 
 475
 517
 512 
 558
 2,061 
 608
 645
678 
711
2,642
營業毛利淨額
 1,179 
 336
 356
 342 
 393
 1,426 
 423 
 441
459 
488
1,811
營業費用
 291 
 97
 100
 107 
 116
 420 
 124 
 128
131 
138
521
營業淨利(損)
 888 
 238
 256
 234 
 277
 1,006 
 298 
 313
328 
350
1,289
營業外收支
 
 
 
 
利息收入
 18 
 3
 7
 4 
 6
 19 
 2 
 2
4 
5
13
財務成本
 29 
 7
 6
 7 
 6
 26 
 6 
 6
8 
8
28
其他利益及損失
 29 
 11
 (74)
 33 
 22
 (8) 
 14 
 2
11
-15
12
其他收支淨額
 14 
 10
 2
 3 
 3
 18 
 3 
 3
3 
5
14
營業外收支淨額合計
 32 
18
-71
32 
24
 3 
13 
1
10 
-13
11
稅前淨利
 920 
25",857530a25cb24b2eb1036434,14,,PENDING,,PENDING,,PENDING,0.50,ORANGE,STAGE_TABLELIKE_EXPANSION_REVIEW,VRN_1D1_REPORTTEXT_TABLELIKE_EXPANSION,C:\Users\tonyk\OneDrive\VeritasIntelligenceAnalytics\module\VRN\output\_route_lock_runs\RUN_20260525_195119_VRN_GO_M01_60PDF_FULL_V120\full_input_60pdf\20260519兆豐個股報告-望隼(4771).pdf,2026-06-15T16:25:25.774001,8d537f857b8bf784645b72b18bd927e2ee4bdb22
33280450a5af073c2547,dc367a89b6fb,4771,,兆豐,2026-05-19,2024Q1,2024,Q1,IS,tax_expense,所得稅費用,951.0,951,%,TWD,,7," 
評等分級：買進（預期未來六個月股價漲輻超過+30%）; 逢低買進（預期未來六個月股價漲輻介於+15%與+30%之間）; 區間操
作（預期未來六個月股價漲跌輻介於-15%與+15%之間）; 逢高賣出（預期未來六個月股價跌輻介於-15%與-30%之間）；賣出（預
期未來六個月股價跌輻超過-30%）。 
本刊所刊載之內容僅做為參考，惟已力求正確與完整，但因時間及市場客觀因素改變所造成產業、市場或個股之相關條件改變，投資人需自行考量
投資之需求與風險，本公司恕不負擔任何法律責任。任何轉載或引用本報告內容必須經本公司同意。 
 
- 7 - 
個股報告 
財務報表 
 
季度損益表 
單位：新台幣百萬元 
 4771望隼 
2024 
25Q1 
25Q2 
25Q3 
25Q4 
2025 
26Q1 
26Q2(F) 26Q3(F) 26Q4(F) 2026(F) 
營業收入淨額
 3,002 
 811
 872
 854 
 951
 3,487 
 1,031 
 1,086 
1,137 
1,199 
4,453
營業成本
 1,823 
 475
 517
 512 
 558
 2,061 
 608
 645
678 
711
2,642
營業毛利淨額
 1,179 
 336
 356
 342 
 393
 1,426 
 423 
 441
459 
488
1,811
營業費用
 291 
 97
 100
 107 
 116
 420 
 124 
 128
131 
138
521
營業淨利(損)
 888 
 238
 256
 234 
 277
 1,006 
 298 
 313
328 
350
1,289
營業外收支
 
 
 
 
利息收入
 18 
 3
 7
 4 
 6
 19 
 2 
 2
4 
5
13
財務成本
 29 
 7
 6
 7 
 6
 26 
 6 
 6
8 
8
28
其他利益及損失
 29 
 11
 (74)
 33 
 22
 (8) 
 14 
 2
11
-15
12
其他收支淨額
 14 
 10
 2
 3 
 3
 18 
 3 
 3
3 
5
14
營業外收支淨額合計
 32 
18
-71
32 
24
 3 
13 
1
10 
-13
11
稅前淨利
 920 
25",857530a25cb24b2eb1036434,15,,PENDING,,PENDING,,PENDING,0.50,ORANGE,STAGE_TABLELIKE_EXPANSION_REVIEW,VRN_1D1_REPORTTEXT_TABLELIKE_EXPANSION,C:\Users\tonyk\OneDrive\VeritasIntelligenceAnalytics\module\VRN\output\_route_lock_runs\RUN_20260525_195119_VRN_GO_M01_60PDF_FULL_V120\full_input_60pdf\20260519兆豐個股報告-望隼(4771).pdf,2026-06-15T16:25:25.774010,faa5ccd183fc9e339b11e688e83d9408ddfbe53a
33280450a5af073c2547,dc367a89b6fb,4771,,兆豐,2026-05-19,2024Q1,2024,Q1,IS,tax_expense,所得稅費用,3487.0,"3,487",%,TWD,,7," 
評等分級：買進（預期未來六個月股價漲輻超過+30%）; 逢低買進（預期未來六個月股價漲輻介於+15%與+30%之間）; 區間操
作（預期未來六個月股價漲跌輻介於-15%與+15%之間）; 逢高賣出（預期未來六個月股價跌輻介於-15%與-30%之間）；賣出（預
期未來六個月股價跌輻超過-30%）。 
本刊所刊載之內容僅做為參考，惟已力求正確與完整，但因時間及市場客觀因素改變所造成產業、市場或個股之相關條件改變，投資人需自行考量
投資之需求與風險，本公司恕不負擔任何法律責任。任何轉載或引用本報告內容必須經本公司同意。 
 
- 7 - 
個股報告 
財務報表 
 
季度損益表 
單位：新台幣百萬元 
 4771望隼 
2024 
25Q1 
25Q2 
25Q3 
25Q4 
2025 
26Q1 
26Q2(F) 26Q3(F) 26Q4(F) 2026(F) 
營業收入淨額
 3,002 
 811
 872
 854 
 951
 3,487 
 1,031 
 1,086 
1,137 
1,199 
4,453
營業成本
 1,823 
 475
 517
 512 
 558
 2,061 
 608
 645
678 
711
2,642
營業毛利淨額
 1,179 
 336
 356
 342 
 393
 1,426 
 423 
 441
459 
488
1,811
營業費用
 291 
 97
 100
 107 
 116
 420 
 124 
 128
131 
138
521
營業淨利(損)
 888 
 238
 256
 234 
 277
 1,006 
 298 
 313
328 
350
1,289
營業外收支
 
 
 
 
利息收入
 18 
 3
 7
 4 
 6
 19 
 2 
 2
4 
5
13
財務成本
 29 
 7
 6
 7 
 6
 26 
 6 
 6
8 
8
28
其他利益及損失
 29 
 11
 (74)
 33 
 22
 (8) 
 14 
 2
11
-15
12
其他收支淨額
 14 
 10
 2
 3 
 3
 18 
 3 
 3
3 
5
14
營業外收支淨額合計
 32 
18
-71
32 
24
 3 
13 
1
10 
-13
11
稅前淨利
 920 
25",857530a25cb24b2eb1036434,16,,PENDING,,PENDING,,PENDING,0.50,ORANGE,STAGE_TABLELIKE_EXPANSION_REVIEW,VRN_1D1_REPORTTEXT_TABLELIKE_EXPANSION,C:\Users\tonyk\OneDrive\VeritasIntelligenceAnalytics\module\VRN\output\_route_lock_runs\RUN_20260525_195119_VRN_GO_M01_60PDF_FULL_V120\full_input_60pdf\20260519兆豐個股報告-望隼(4771).pdf,2026-06-15T16:25:25.774020,e08e900706413c15d2ff35886afe0ed03b7759fa
33280450a5af073c2547,dc367a89b6fb,4771,,兆豐,2026-05-19,2024Q1,2024,Q1,IS,tax_expense,所得稅費用,1031.0,"1,031",%,TWD,,7," 
評等分級：買進（預期未來六個月股價漲輻超過+30%）; 逢低買進（預期未來六個月股價漲輻介於+15%與+30%之間）; 區間操
作（預期未來六個月股價漲跌輻介於-15%與+15%之間）; 逢高賣出（預期未來六個月股價跌輻介於-15%與-30%之間）；賣出（預
期未來六個月股價跌輻超過-30%）。 
本刊所刊載之內容僅做為參考，惟已力求正確與完整，但因時間及市場客觀因素改變所造成產業、市場或個股之相關條件改變，投資人需自行考量
投資之需求與風險，本公司恕不負擔任何法律責任。任何轉載或引用本報告內容必須經本公司同意。 
 
- 7 - 
個股報告 
財務報表 
 
季度損益表 
單位：新台幣百萬元 
 4771望隼 
2024 
25Q1 
25Q2 
25Q3 
25Q4 
2025 
26Q1 
26Q2(F) 26Q3(F) 26Q4(F) 2026(F) 
營業收入淨額
 3,002 
 811
 872
 854 
 951
 3,487 
 1,031 
 1,086 
1,137 
1,199 
4,453
營業成本
 1,823 
 475
 517
 512 
 558
 2,061 
 608
 645
678 
711
2,642
營業毛利淨額
 1,179 
 336
 356
 342 
 393
 1,426 
 423 
 441
459 
488
1,811
營業費用
 291 
 97
 100
 107 
 116
 420 
 124 
 128
131 
138
521
營業淨利(損)
 888 
 238
 256
 234 
 277
 1,006 
 298 
 313
328 
350
1,289
營業外收支
 
 
 
 
利息收入
 18 
 3
 7
 4 
 6
 19 
 2 
 2
4 
5
13
財務成本
 29 
 7
 6
 7 
 6
 26 
 6 
 6
8 
8
28
其他利益及損失
 29 
 11
 (74)
 33 
 22
 (8) 
 14 
 2
11
-15
12
其他收支淨額
 14 
 10
 2
 3 
 3
 18 
 3 
 3
3 
5
14
營業外收支淨額合計
 32 
18
-71
32 
24
 3 
13 
1
10 
-13
11
稅前淨利
 920 
25",857530a25cb24b2eb1036434,17,,PENDING,,PENDING,,PENDING,0.50,ORANGE,STAGE_TABLELIKE_EXPANSION_REVIEW,VRN_1D1_REPORTTEXT_TABLELIKE_EXPANSION,C:\Users\tonyk\OneDrive\VeritasIntelligenceAnalytics\module\VRN\output\_route_lock_runs\RUN_20260525_195119_VRN_GO_M01_60PDF_FULL_V120\full_input_60pdf\20260519兆豐個股報告-望隼(4771).pdf,2026-06-15T16:25:25.774030,8d945874d37fa390f4ae3f10af748c3132d20cfb
33280450a5af073c2547,dc367a89b6fb,4771,,兆豐,2026-05-19,2024Q1,2024,Q1,IS,tax_expense,所得稅費用,1086.0,"1,086",%,TWD,,7," 
評等分級：買進（預期未來六個月股價漲輻超過+30%）; 逢低買進（預期未來六個月股價漲輻介於+15%與+30%之間）; 區間操
作（預期未來六個月股價漲跌輻介於-15%與+15%之間）; 逢高賣出（預期未來六個月股價跌輻介於-15%與-30%之間）；賣出（預
期未來六個月股價跌輻超過-30%）。 
本刊所刊載之內容僅做為參考，惟已力求正確與完整，但因時間及市場客觀因素改變所造成產業、市場或個股之相關條件改變，投資人需自行考量
投資之需求與風險，本公司恕不負擔任何法律責任。任何轉載或引用本報告內容必須經本公司同意。 
 
- 7 - 
個股報告 
財務報表 
 
季度損益表 
單位：新台幣百萬元 
 4771望隼 
2024 
25Q1 
25Q2 
25Q3 
25Q4 
2025 
26Q1 
26Q2(F) 26Q3(F) 26Q4(F) 2026(F) 
營業收入淨額
 3,002 
 811
 872
 854 
 951
 3,487 
 1,031 
 1,086 
1,137 
1,199 
4,453
營業成本
 1,823 
 475
 517
 512 
 558
 2,061 
 608
 645
678 
711
2,642
營業毛利淨額
 1,179 
 336
 356
 342 
 393
 1,426 
 423 
 441
459 
488
1,811
營業費用
 291 
 97
 100
 107 
 116
 420 
 124 
 128
131 
138
521
營業淨利(損)
 888 
 238
 256
 234 
 277
 1,006 
 298 
 313
328 
350
1,289
營業外收支
 
 
 
 
利息收入
 18 
 3
 7
 4 
 6
 19 
 2 
 2
4 
5
13
財務成本
 29 
 7
 6
 7 
 6
 26 
 6 
 6
8 
8
28
其他利益及損失
 29 
 11
 (74)
 33 
 22
 (8) 
 14 
 2
11
-15
12
其他收支淨額
 14 
 10
 2
 3 
 3
 18 
 3 
 3
3 
5
14
營業外收支淨額合計
 32 
18
-71
32 
24
 3 
13 
1
10 
-13
11
稅前淨利
 920 
25",857530a25cb24b2eb1036434,18,,PENDING,,PENDING,,PENDING,0.50,ORANGE,STAGE_TABLELIKE_EXPANSION_REVIEW,VRN_1D1_REPORTTEXT_TABLELIKE_EXPANSION,C:\Users\tonyk\OneDrive\VeritasIntelligenceAnalytics\module\VRN\output\_route_lock_runs\RUN_20260525_195119_VRN_GO_M01_60PDF_FULL_V120\full_input_60pdf\20260519兆豐個股報告-望隼(4771).pdf,2026-06-15T16:25:25.774039,5619e695c58ba2289d425739f2239c367c5be712
33280450a5af073c2547,dc367a89b6fb,4771,,兆豐,2026-05-19,2024Q1,2024,Q1,IS,tax_expense,所得稅費用,1137.0,"1,137",%,TWD,,7," 
評等分級：買進（預期未來六個月股價漲輻超過+30%）; 逢低買進（預期未來六個月股價漲輻介於+15%與+30%之間）; 區間操
作（預期未來六個月股價漲跌輻介於-15%與+15%之間）; 逢高賣出（預期未來六個月股價跌輻介於-15%與-30%之間）；賣出（預
期未來六個月股價跌輻超過-30%）。 
本刊所刊載之內容僅做為參考，惟已力求正確與完整，但因時間及市場客觀因素改變所造成產業、市場或個股之相關條件改變，投資人需自行考量
投資之需求與風險，本公司恕不負擔任何法律責任。任何轉載或引用本報告內容必須經本公司同意。 
 
- 7 - 
個股報告 
財務報表 
 
季度損益表 
單位：新台幣百萬元 
 4771望隼 
2024 
25Q1 
25Q2 
25Q3 
25Q4 
2025 
26Q1 
26Q2(F) 26Q3(F) 26Q4(F) 2026(F) 
營業收入淨額
 3,002 
 811
 872
 854 
 951
 3,487 
 1,031 
 1,086 
1,137 
1,199 
4,453
營業成本
 1,823 
 475
 517
 512 
 558
 2,061 
 608
 645
678 
711
2,642
營業毛利淨額
 1,179 
 336
 356
 342 
 393
 1,426 
 423 
 441
459 
488
1,811
營業費用
 291 
 97
 100
 107 
 116
 420 
 124 
 128
131 
138
521
營業淨利(損)
 888 
 238
 256
 234 
 277
 1,006 
 298 
 313
328 
350
1,289
營業外收支
 
 
 
 
利息收入
 18 
 3
 7
 4 
 6
 19 
 2 
 2
4 
5
13
財務成本
 29 
 7
 6
 7 
 6
 26 
 6 
 6
8 
8
28
其他利益及損失
 29 
 11
 (74)
 33 
 22
 (8) 
 14 
 2
11
-15
12
其他收支淨額
 14 
 10
 2
 3 
 3
 18 
 3 
 3
3 
5
14
營業外收支淨額合計
 32 
18
-71
32 
24
 3 
13 
1
10 
-13
11
稅前淨利
 920 
25",857530a25cb24b2eb1036434,19,,PENDING,,PENDING,,PENDING,0.50,ORANGE,STAGE_TABLELIKE_EXPANSION_REVIEW,VRN_1D1_REPORTTEXT_TABLELIKE_EXPANSION,C:\Users\tonyk\OneDrive\VeritasIntelligenceAnalytics\module\VRN\output\_route_lock_runs\RUN_20260525_195119_VRN_GO_M01_60PDF_FULL_V120\full_input_60pdf\20260519兆豐個股報告-望隼(4771).pdf,2026-06-15T16:25:25.774049,c84bb0cda62e9da4bec9120d325fd3b02206e978
33280450a5af073c2547,dc367a89b6fb,4771,,兆豐,2026-05-19,2024Q1,2024,Q1,IS,tax_expense,所得稅費用,1199.0,"1,199",%,TWD,,7," 
評等分級：買進（預期未來六個月股價漲輻超過+30%）; 逢低買進（預期未來六個月股價漲輻介於+15%與+30%之間）; 區間操
作（預期未來六個月股價漲跌輻介於-15%與+15%之間）; 逢高賣出（預期未來六個月股價跌輻介於-15%與-30%之間）；賣出（預
期未來六個月股價跌輻超過-30%）。 
本刊所刊載之內容僅做為參考，惟已力求正確與完整，但因時間及市場客觀因素改變所造成產業、市場或個股之相關條件改變，投資人需自行考量
投資之需求與風險，本公司恕不負擔任何法律責任。任何轉載或引用本報告內容必須經本公司同意。 
 
- 7 - 
個股報告 
財務報表 
 
季度損益表 
單位：新台幣百萬元 
 4771望隼 
2024 
25Q1 
25Q2 
25Q3 
25Q4 
2025 
26Q1 
26Q2(F) 26Q3(F) 26Q4(F) 2026(F) 
營業收入淨額
 3,002 
 811
 872
 854 
 951
 3,487 
 1,031 
 1,086 
1,137 
1,199 
4,453
營業成本
 1,823 
 475
 517
 512 
 558
 2,061 
 608
 645
678 
711
2,642
營業毛利淨額
 1,179 
 336
 356
 342 
 393
 1,426 
 423 
 441
459 
488
1,811
營業費用
 291 
 97
 100
 107 
 116
 420 
 124 
 128
131 
138
521
營業淨利(損)
 888 
 238
 256
 234 
 277
 1,006 
 298 
 313
328 
350
1,289
營業外收支
 
 
 
 
利息收入
 18 
 3
 7
 4 
 6
 19 
 2 
 2
4 
5
13
財務成本
 29 
 7
 6
 7 
 6
 26 
 6 
 6
8 
8
28
其他利益及損失
 29 
 11
 (74)
 33 
 22
 (8) 
 14 
 2
11
-15
12
其他收支淨額
 14 
 10
 2
 3 
 3
 18 
 3 
 3
3 
5
14
營業外收支淨額合計
 32 
18
-71
32 
24
 3 
13 
1
10 
-13
11
稅前淨利
 920 
25",857530a25cb24b2eb1036434,20,,PENDING,,PENDING,,PENDING,0.50,ORANGE,STAGE_TABLELIKE_EXPANSION_REVIEW,VRN_1D1_REPORTTEXT_TABLELIKE_EXPANSION,C:\Users\tonyk\OneDrive\VeritasIntelligenceAnalytics\module\VRN\output\_route_lock_runs\RUN_20260525_195119_VRN_GO_M01_60PDF_FULL_V120\full_input_60pdf\20260519兆豐個股報告-望隼(4771).pdf,2026-06-15T16:25:25.774061,ca34afe704e9000e20050515ffa96630185353bc
33280450a5af073c2547,dc367a89b6fb,4771,,兆豐,2026-05-19,2024Q1,2024,Q1,IS,tax_expense,所得稅費用,4453.0,"4,453",%,TWD,,7," 
評等分級：買進（預期未來六個月股價漲輻超過+30%）; 逢低買進（預期未來六個月股價漲輻介於+15%與+30%之間）; 區間操
作（預期未來六個月股價漲跌輻介於-15%與+15%之間）; 逢高賣出（預期未來六個月股價跌輻介於-15%與-30%之間）；賣出（預
期未來六個月股價跌輻超過-30%）。 
本刊所刊載之內容僅做為參考，惟已力求正確與完整，但因時間及市場客觀因素改變所造成產業、市場或個股之相關條件改變，投資人需自行考量
投資之需求與風險，本公司恕不負擔任何法律責任。任何轉載或引用本報告內容必須經本公司同意。 
 
- 7 - 
個股報告 
財務報表 
 
季度損益表 
單位：新台幣百萬元 
 4771望隼 
2024 
25Q1 
25Q2 
25Q3 
25Q4 
2025 
26Q1 
26Q2(F) 26Q3(F) 26Q4(F) 2026(F) 
營業收入淨額
 3,002 
 811
 872
 854 
 951
 3,487 
 1,031 
 1,086 
1,137 
1,199 
4,453
營業成本
 1,823 
 475
 517
 512 
 558
 2,061 
 608
 645
678 
711
2,642
營業毛利淨額
 1,179 
 336
 356
 342 
 393
 1,426 
 423 
 441
459 
488
1,811
營業費用
 291 
 97
 100
 107 
 116
 420 
 124 
 128
131 
138
521
營業淨利(損)
 888 
 238
 256
 234 
 277
 1,006 
 298 
 313
328 
350
1,289
營業外收支
 
 
 
 
利息收入
 18 
 3
 7
 4 
 6
 19 
 2 
 2
4 
5
13
財務成本
 29 
 7
 6
 7 
 6
 26 
 6 
 6
8 
8
28
其他利益及損失
 29 
 11
 (74)
 33 
 22
 (8) 
 14 
 2
11
-15
12
其他收支淨額
 14 
 10
 2
 3 
 3
 18 
 3 
 3
3 
5
14
營業外收支淨額合計
 32 
18
-71
32 
24
 3 
13 
1
10 
-13
11
稅前淨利
 920 
25",857530a25cb24b2eb1036434,21,,PENDING,,PENDING,,PENDING,0.50,ORANGE,STAGE_TABLELIKE_EXPANSION_REVIEW,VRN_1D1_REPORTTEXT_TABLELIKE_EXPANSION,C:\Users\tonyk\OneDrive\VeritasIntelligenceAnalytics\module\VRN\output\_route_lock_runs\RUN_20260525_195119_VRN_GO_M01_60PDF_FULL_V120\full_input_60pdf\20260519兆豐個股報告-望隼(4771).pdf,2026-06-15T16:25:25.774071,2cf9f1e7f81d522f617df55dee5339c2b8bee4d2
33280450a5af073c2547,dc367a89b6fb,4771,,兆豐,2026-05-19,2024Q1,2024,Q1,IS,tax_expense,所得稅費用,1823.0,"1,823",%,TWD,,7," 
評等分級：買進（預期未來六個月股價漲輻超過+30%）; 逢低買進（預期未來六個月股價漲輻介於+15%與+30%之間）; 區間操
作（預期未來六個月股價漲跌輻介於-15%與+15%之間）; 逢高賣出（預期未來六個月股價跌輻介於-15%與-30%之間）；賣出（預
期未來六個月股價跌輻超過-30%）。 
本刊所刊載之內容僅做為參考，惟已力求正確與完整，但因時間及市場客觀因素改變所造成產業、市場或個股之相關條件改變，投資人需自行考量
投資之需求與風險，本公司恕不負擔任何法律責任。任何轉載或引用本報告內容必須經本公司同意。 
 
- 7 - 
個股報告 
財務報表 
 
季度損益表 
單位：新台幣百萬元 
 4771望隼 
2024 
25Q1 
25Q2 
25Q3 
25Q4 
2025 
26Q1 
26Q2(F) 26Q3(F) 26Q4(F) 2026(F) 
營業收入淨額
 3,002 
 811
 872
 854 
 951
 3,487 
 1,031 
 1,086 
1,137 
1,199 
4,453
營業成本
 1,823 
 475
 517
 512 
 558
 2,061 
 608
 645
678 
711
2,642
營業毛利淨額
 1,179 
 336
 356
 342 
 393
 1,426 
 423 
 441
459 
488
1,811
營業費用
 291 
 97
 100
 107 
 116
 420 
 124 
 128
131 
138
521
營業淨利(損)
 888 
 238
 256
 234 
 277
 1,006 
 298 
 313
328 
350
1,289
營業外收支
 
 
 
 
利息收入
 18 
 3
 7
 4 
 6
 19 
 2 
 2
4 
5
13
財務成本
 29 
 7
 6
 7 
 6
 26 
 6 
 6
8 
8
28
其他利益及損失
 29 
 11
 (74)
 33 
 22
 (8) 
 14 
 2
11
-15
12
其他收支淨額
 14 
 10
 2
 3 
 3
 18 
 3 
 3
3 
5
14
營業外收支淨額合計
 32 
18
-71
32 
24
 3 
13 
1
10 
-13
11
稅前淨利
 920 
25",857530a25cb24b2eb1036434,22,,PENDING,,PENDING,,PENDING,0.50,ORANGE,STAGE_TABLELIKE_EXPANSION_REVIEW,VRN_1D1_REPORTTEXT_TABLELIKE_EXPANSION,C:\Users\tonyk\OneDrive\VeritasIntelligenceAnalytics\module\VRN\output\_route_lock_runs\RUN_20260525_195119_VRN_GO_M01_60PDF_FULL_V120\full_input_60pdf\20260519兆豐個股報告-望隼(4771).pdf,2026-06-15T16:25:25.774080,d69e7e6306e5aa180d2289ac8e4218edb2abe8df
33280450a5af073c2547,dc367a89b6fb,4771,,兆豐,2026-05-19,2024Q1,2024,Q1,IS,tax_expense,所得稅費用,475.0,475,%,TWD,,7," 
評等分級：買進（預期未來六個月股價漲輻超過+30%）; 逢低買進（預期未來六個月股價漲輻介於+15%與+30%之間）; 區間操
作（預期未來六個月股價漲跌輻介於-15%與+15%之間）; 逢高賣出（預期未來六個月股價跌輻介於-15%與-30%之間）；賣出（預
期未來六個月股價跌輻超過-30%）。 
本刊所刊載之內容僅做為參考，惟已力求正確與完整，但因時間及市場客觀因素改變所造成產業、市場或個股之相關條件改變，投資人需自行考量
投資之需求與風險，本公司恕不負擔任何法律責任。任何轉載或引用本報告內容必須經本公司同意。 
 
- 7 - 
個股報告 
財務報表 
 
季度損益表 
單位：新台幣百萬元 
 4771望隼 
2024 
25Q1 
25Q2 
25Q3 
25Q4 
2025 
26Q1 
26Q2(F) 26Q3(F) 26Q4(F) 2026(F) 
營業收入淨額
 3,002 
 811
 872
 854 
 951
 3,487 
 1,031 
 1,086 
1,137 
1,199 
4,453
營業成本
 1,823 
 475
 517
 512 
 558
 2,061 
 608
 645
678 
711
2,642
營業毛利淨額
 1,179 
 336
 356
 342 
 393
 1,426 
 423 
 441
459 
488
1,811
營業費用
 291 
 97
 100
 107 
 116
 420 
 124 
 128
131 
138
521
營業淨利(損)
 888 
 238
 256
 234 
 277
 1,006 
 298 
 313
328 
350
1,289
營業外收支
 
 
 
 
利息收入
 18 
 3
 7
 4 
 6
 19 
 2 
 2
4 
5
13
財務成本
 29 
 7
 6
 7 
 6
 26 
 6 
 6
8 
8
28
其他利益及損失
 29 
 11
 (74)
 33 
 22
 (8) 
 14 
 2
11
-15
12
其他收支淨額
 14 
 10
 2
 3 
 3
 18 
 3 
 3
3 
5
14
營業外收支淨額合計
 32 
18
-71
32 
24
 3 
13 
1
10 
-13
11
稅前淨利
 920 
25",857530a25cb24b2eb1036434,23,,PENDING,,PENDING,,PENDING,0.50,ORANGE,STAGE_TABLELIKE_EXPANSION_REVIEW,VRN_1D1_REPORTTEXT_TABLELIKE_EXPANSION,C:\Users\tonyk\OneDrive\VeritasIntelligenceAnalytics\module\VRN\output\_route_lock_runs\RUN_20260525_195119_VRN_GO_M01_60PDF_FULL_V120\full_input_60pdf\20260519兆豐個股報告-望隼(4771).pdf,2026-06-15T16:25:25.774209,ff5af0547249e009ab073d1073ada58cce87b795
33280450a5af073c2547,dc367a89b6fb,4771,,兆豐,2026-05-19,2024Q1,2024,Q1,IS,tax_expense,所得稅費用,517.0,517,%,TWD,,7," 
評等分級：買進（預期未來六個月股價漲輻超過+30%）; 逢低買進（預期未來六個月股價漲輻介於+15%與+30%之間）; 區間操
作（預期未來六個月股價漲跌輻介於-15%與+15%之間）; 逢高賣出（預期未來六個月股價跌輻介於-15%與-30%之間）；賣出（預
期未來六個月股價跌輻超過-30%）。 
本刊所刊載之內容僅做為參考，惟已力求正確與完整，但因時間及市場客觀因素改變所造成產業、市場或個股之相關條件改變，投資人需自行考量
投資之需求與風險，本公司恕不負擔任何法律責任。任何轉載或引用本報告內容必須經本公司同意。 
 
- 7 - 
個股報告 
財務報表 
 
季度損益表 
單位：新台幣百萬元 
 4771望隼 
2024 
25Q1 
25Q2 
25Q3 
25Q4 
2025 
26Q1 
26Q2(F) 26Q3(F) 26Q4(F) 2026(F) 
營業收入淨額
 3,002 
 811
 872
 854 
 951
 3,487 
 1,031 
 1,086 
1,137 
1,199 
4,453
營業成本
 1,823 
 475
 517
 512 
 558
 2,061 
 608
 645
678 
711
2,642
營業毛利淨額
 1,179 
 336
 356
 342 
 393
 1,426 
 423 
 441
459 
488
1,811
營業費用
 291 
 97
 100
 107 
 116
 420 
 124 
 128
131 
138
521
營業淨利(損)
 888 
 238
 256
 234 
 277
 1,006 
 298 
 313
328 
350
1,289
營業外收支
 
 
 
 
利息收入
 18 
 3
 7
 4 
 6
 19 
 2 
 2
4 
5
13
財務成本
 29 
 7
 6
 7 
 6
 26 
 6 
 6
8 
8
28
其他利益及損失
 29 
 11
 (74)
 33 
 22
 (8) 
 14 
 2
11
-15
12
其他收支淨額
 14 
 10
 2
 3 
 3
 18 
 3 
 3
3 
5
14
營業外收支淨額合計
 32 
18
-71
32 
24
 3 
13 
1
10 
-13
11
稅前淨利
 920 
25",857530a25cb24b2eb1036434,24,,PENDING,,PENDING,,PENDING,0.50,ORANGE,STAGE_TABLELIKE_EXPANSION_REVIEW,VRN_1D1_REPORTTEXT_TABLELIKE_EXPANSION,C:\Users\tonyk\OneDrive\VeritasIntelligenceAnalytics\module\VRN\output\_route_lock_runs\RUN_20260525_195119_VRN_GO_M01_60PDF_FULL_V120\full_input_60pdf\20260519兆豐個股報告-望隼(4771).pdf,2026-06-15T16:25:25.774220,d4ed8e92850483dcfc4e44b6ce0fc89772d60bbd
33280450a5af073c2547,dc367a89b6fb,4771,,兆豐,2026-05-19,2024Q1,2024,Q1,IS,tax_expense,所得稅費用,512.0,512,%,TWD,,7," 
評等分級：買進（預期未來六個月股價漲輻超過+30%）; 逢低買進（預期未來六個月股價漲輻介於+15%與+30%之間）; 區間操
作（預期未來六個月股價漲跌輻介於-15%與+15%之間）; 逢高賣出（預期未來六個月股價跌輻介於-15%與-30%之間）；賣出（預
期未來六個月股價跌輻超過-30%）。 
本刊所刊載之內容僅做為參考，惟已力求正確與完整，但因時間及市場客觀因素改變所造成產業、市場或個股之相關條件改變，投資人需自行考量
投資之需求與風險，本公司恕不負擔任何法律責任。任何轉載或引用本報告內容必須經本公司同意。 
 
- 7 - 
個股報告 
財務報表 
 
季度損益表 
單位：新台幣百萬元 
 4771望隼 
2024 
25Q1 
25Q2 
25Q3 
25Q4 
2025 
26Q1 
26Q2(F) 26Q3(F) 26Q4(F) 2026(F) 
營業收入淨額
 3,002 
 811
 872
 854 
 951
 3,487 
 1,031 
 1,086 
1,137 
1,199 
4,453
營業成本
 1,823 
 475
 517
 512 
 558
 2,061 
 608
 645
678 
711
2,642
營業毛利淨額
 1,179 
 336
 356
 342 
 393
 1,426 
 423 
 441
459 
488
1,811
營業費用
 291 
 97
 100
 107 
 116
 420 
 124 
 128
131 
138
521
營業淨利(損)
 888 
 238
 256
 234 
 277
 1,006 
 298 
 313
328 
350
1,289
營業外收支
 
 
 
 
利息收入
 18 
 3
 7
 4 
 6
 19 
 2 
 2
4 
5
13
財務成本
 29 
 7
 6
 7 
 6
 26 
 6 
 6
8 
8
28
其他利益及損失
 29 
 11
 (74)
 33 
 22
 (8) 
 14 
 2
11
-15
12
其他收支淨額
 14 
 10
 2
 3 
 3
 18 
 3 
 3
3 
5
14
營業外收支淨額合計
 32 
18
-71
32 
24
 3 
13 
1
10 
-13
11
稅前淨利
 920 
25",857530a25cb24b2eb1036434,25,,PENDING,,PENDING,,PENDING,0.50,ORANGE,STAGE_TABLELIKE_EXPANSION_REVIEW,VRN_1D1_REPORTTEXT_TABLELIKE_EXPANSION,C:\Users\tonyk\OneDrive\VeritasIntelligenceAnalytics\module\VRN\output\_route_lock_runs\RUN_20260525_195119_VRN_GO_M01_60PDF_FULL_V120\full_input_60pdf\20260519兆豐個股報告-望隼(4771).pdf,2026-06-15T16:25:25.774230,37aa532036d401b706bdb1f000dae0c9b850dbd3
33280450a5af073c2547,dc367a89b6fb,4771,,兆豐,2026-05-19,2024Q1,2024,Q1,IS,tax_expense,所得稅費用,558.0,558,%,TWD,,7," 
評等分級：買進（預期未來六個月股價漲輻超過+30%）; 逢低買進（預期未來六個月股價漲輻介於+15%與+30%之間）; 區間操
作（預期未來六個月股價漲跌輻介於-15%與+15%之間）; 逢高賣出（預期未來六個月股價跌輻介於-15%與-30%之間）；賣出（預
期未來六個月股價跌輻超過-30%）。 
本刊所刊載之內容僅做為參考，惟已力求正確與完整，但因時間及市場客觀因素改變所造成產業、市場或個股之相關條件改變，投資人需自行考量
投資之需求與風險，本公司恕不負擔任何法律責任。任何轉載或引用本報告內容必須經本公司同意。 
 
- 7 - 
個股報告 
財務報表 
 
季度損益表 
單位：新台幣百萬元 
 4771望隼 
2024 
25Q1 
25Q2 
25Q3 
25Q4 
2025 
26Q1 
26Q2(F) 26Q3(F) 26Q4(F) 2026(F) 
營業收入淨額
 3,002 
 811
 872
 854 
 951
 3,487 
 1,031 
 1,086 
1,137 
1,199 
4,453
營業成本
 1,823 
 475
 517
 512 
 558
 2,061 
 608
 645
678 
711
2,642
營業毛利淨額
 1,179 
 336
 356
 342 
 393
 1,426 
 423 
 441
459 
488
1,811
營業費用
 291 
 97
 100
 107 
 116
 420 
 124 
 128
131 
138
521
營業淨利(損)
 888 
 238
 256
 234 
 277
 1,006 
 298 
 313
328 
350
1,289
營業外收支
 
 
 
 
利息收入
 18 
 3
 7
 4 
 6
 19 
 2 
 2
4 
5
13
財務成本
 29 
 7
 6
 7 
 6
 26 
 6 
 6
8 
8
28
其他利益及損失
 29 
 11
 (74)
 33 
 22
 (8) 
 14 
 2
11
-15
12
其他收支淨額
 14 
 10
 2
 3 
 3
 18 
 3 
 3
3 
5
14
營業外收支淨額合計
 32 
18
-71
32 
24
 3 
13 
1
10 
-13
11
稅前淨利
 920 
25",857530a25cb24b2eb1036434,26,,PENDING,,PENDING,,PENDING,0.50,ORANGE,STAGE_TABLELIKE_EXPANSION_REVIEW,VRN_1D1_REPORTTEXT_TABLELIKE_EXPANSION,C:\Users\tonyk\OneDrive\VeritasIntelligenceAnalytics\module\VRN\output\_route_lock_runs\RUN_20260525_195119_VRN_GO_M01_60PDF_FULL_V120\full_input_60pdf\20260519兆豐個股報告-望隼(4771).pdf,2026-06-15T16:25:25.774240,6c68f1f74f445e71066bcb75c5f9cadab726ec5a
33280450a5af073c2547,dc367a89b6fb,4771,,兆豐,2026-05-19,2024Q1,2024,Q1,IS,tax_expense,所得稅費用,2061.0,"2,061",%,TWD,,7," 
評等分級：買進（預期未來六個月股價漲輻超過+30%）; 逢低買進（預期未來六個月股價漲輻介於+15%與+30%之間）; 區間操
作（預期未來六個月股價漲跌輻介於-15%與+15%之間）; 逢高賣出（預期未來六個月股價跌輻介於-15%與-30%之間）；賣出（預
期未來六個月股價跌輻超過-30%）。 
本刊所刊載之內容僅做為參考，惟已力求正確與完整，但因時間及市場客觀因素改變所造成產業、市場或個股之相關條件改變，投資人需自行考量
投資之需求與風險，本公司恕不負擔任何法律責任。任何轉載或引用本報告內容必須經本公司同意。 
 
- 7 - 
個股報告 
財務報表 
 
季度損益表 
單位：新台幣百萬元 
 4771望隼 
2024 
25Q1 
25Q2 
25Q3 
25Q4 
2025 
26Q1 
26Q2(F) 26Q3(F) 26Q4(F) 2026(F) 
營業收入淨額
 3,002 
 811
 872
 854 
 951
 3,487 
 1,031 
 1,086 
1,137 
1,199 
4,453
營業成本
 1,823 
 475
 517
 512 
 558
 2,061 
 608
 645
678 
711
2,642
營業毛利淨額
 1,179 
 336
 356
 342 
 393
 1,426 
 423 
 441
459 
488
1,811
營業費用
 291 
 97
 100
 107 
 116
 420 
 124 
 128
131 
138
521
營業淨利(損)
 888 
 238
 256
 234 
 277
 1,006 
 298 
 313
328 
350
1,289
營業外收支
 
 
 
 
利息收入
 18 
 3
 7
 4 
 6
 19 
 2 
 2
4 
5
13
財務成本
 29 
 7
 6
 7 
 6
 26 
 6 
 6
8 
8
28
其他利益及損失
 29 
 11
 (74)
 33 
 22
 (8) 
 14 
 2
11
-15
12
其他收支淨額
 14 
 10
 2
 3 
 3
 18 
 3 
 3
3 
5
14
營業外收支淨額合計
 32 
18
-71
32 
24
 3 
13 
1
10 
-13
11
稅前淨利
 920 
25",857530a25cb24b2eb1036434,27,,PENDING,,PENDING,,PENDING,0.50,ORANGE,STAGE_TABLELIKE_EXPANSION_REVIEW,VRN_1D1_REPORTTEXT_TABLELIKE_EXPANSION,C:\Users\tonyk\OneDrive\VeritasIntelligenceAnalytics\module\VRN\output\_route_lock_runs\RUN_20260525_195119_VRN_GO_M01_60PDF_FULL_V120\full_input_60pdf\20260519兆豐個股報告-望隼(4771).pdf,2026-06-15T16:25:25.774249,add177dd054b79823ba0d2ba28cb53ccef9f701b
33280450a5af073c2547,dc367a89b6fb,4771,,兆豐,2026-05-19,2024Q1,2024,Q1,IS,tax_expense,所得稅費用,608.0,608,%,TWD,,7," 
評等分級：買進（預期未來六個月股價漲輻超過+30%）; 逢低買進（預期未來六個月股價漲輻介於+15%與+30%之間）; 區間操
作（預期未來六個月股價漲跌輻介於-15%與+15%之間）; 逢高賣出（預期未來六個月股價跌輻介於-15%與-30%之間）；賣出（預
期未來六個月股價跌輻超過-30%）。 
本刊所刊載之內容僅做為參考，惟已力求正確與完整，但因時間及市場客觀因素改變所造成產業、市場或個股之相關條件改變，投資人需自行考量
投資之需求與風險，本公司恕不負擔任何法律責任。任何轉載或引用本報告內容必須經本公司同意。 
 
- 7 - 
個股報告 
財務報表 
 
季度損益表 
單位：新台幣百萬元 
 4771望隼 
2024 
25Q1 
25Q2 
25Q3 
25Q4 
2025 
26Q1 
26Q2(F) 26Q3(F) 26Q4(F) 2026(F) 
營業收入淨額
 3,002 
 811
 872
 854 
 951
 3,487 
 1,031 
 1,086 
1,137 
1,199 
4,453
營業成本
 1,823 
 475
 517
 512 
 558
 2,061 
 608
 645
678 
711
2,642
營業毛利淨額
 1,179 
 336
 356
 342 
 393
 1,426 
 423 
 441
459 
488
1,811
營業費用
 291 
 97
 100
 107 
 116
 420 
 124 
 128
131 
138
521
營業淨利(損)
 888 
 238
 256
 234 
 277
 1,006 
 298 
 313
328 
350
1,289
營業外收支
 
 
 
 
利息收入
 18 
 3
 7
 4 
 6
 19 
 2 
 2
4 
5
13
財務成本
 29 
 7
 6
 7 
 6
 26 
 6 
 6
8 
8
28
其他利益及損失
 29 
 11
 (74)
 33 
 22
 (8) 
 14 
 2
11
-15
12
其他收支淨額
 14 
 10
 2
 3 
 3
 18 
 3 
 3
3 
5
14
營業外收支淨額合計
 32 
18
-71
32 
24
 3 
13 
1
10 
-13
11
稅前淨利
 920 
25",857530a25cb24b2eb1036434,28,,PENDING,,PENDING,,PENDING,0.50,ORANGE,STAGE_TABLELIKE_EXPANSION_REVIEW,VRN_1D1_REPORTTEXT_TABLELIKE_EXPANSION,C:\Users\tonyk\OneDrive\VeritasIntelligenceAnalytics\module\VRN\output\_route_lock_runs\RUN_20260525_195119_VRN_GO_M01_60PDF_FULL_V120\full_input_60pdf\20260519兆豐個股報告-望隼(4771).pdf,2026-06-15T16:25:25.774259,b36d96ad733491343e01366b1171921d3b8af976
33280450a5af073c2547,dc367a89b6fb,4771,,兆豐,2026-05-19,2024Q1,2024,Q1,IS,tax_expense,所得稅費用,645.0,645,%,TWD,,7," 
評等分級：買進（預期未來六個月股價漲輻超過+30%）; 逢低買進（預期未來六個月股價漲輻介於+15%與+30%之間）; 區間操
作（預期未來六個月股價漲跌輻介於-15%與+15%之間）; 逢高賣出（預期未來六個月股價跌輻介於-15%與-30%之間）；賣出（預
期未來六個月股價跌輻超過-30%）。 
本刊所刊載之內容僅做為參考，惟已力求正確與完整，但因時間及市場客觀因素改變所造成產業、市場或個股之相關條件改變，投資人需自行考量
投資之需求與風險，本公司恕不負擔任何法律責任。任何轉載或引用本報告內容必須經本公司同意。 
 
- 7 - 
個股報告 
財務報表 
 
季度損益表 
單位：新台幣百萬元 
 4771望隼 
2024 
25Q1 
25Q2 
25Q3 
25Q4 
2025 
26Q1 
26Q2(F) 26Q3(F) 26Q4(F) 2026(F) 
營業收入淨額
 3,002 
 811
 872
 854 
 951
 3,487 
 1,031 
 1,086 
1,137 
1,199 
4,453
營業成本
 1,823 
 475
 517
 512 
 558
 2,061 
 608
 645
678 
711
2,642
營業毛利淨額
 1,179 
 336
 356
 342 
 393
 1,426 
 423 
 441
459 
488
1,811
營業費用
 291 
 97
 100
 107 
 116
 420 
 124 
 128
131 
138
521
營業淨利(損)
 888 
 238
 256
 234 
 277
 1,006 
 298 
 313
328 
350
1,289
營業外收支
 
 
 
 
利息收入
 18 
 3
 7
 4 
 6
 19 
 2 
 2
4 
5
13
財務成本
 29 
 7
 6
 7 
 6
 26 
 6 
 6
8 
8
28
其他利益及損失
 29 
 11
 (74)
 33 
 22
 (8) 
 14 
 2
11
-15
12
其他收支淨額
 14 
 10
 2
 3 
 3
 18 
 3 
 3
3 
5
14
營業外收支淨額合計
 32 
18
-71
32 
24
 3 
13 
1
10 
-13
11
稅前淨利
 920 
25",857530a25cb24b2eb1036434,29,,PENDING,,PENDING,,PENDING,0.50,ORANGE,STAGE_TABLELIKE_EXPANSION_REVIEW,VRN_1D1_REPORTTEXT_TABLELIKE_EXPANSION,C:\Users\tonyk\OneDrive\VeritasIntelligenceAnalytics\module\VRN\output\_route_lock_runs\RUN_20260525_195119_VRN_GO_M01_60PDF_FULL_V120\full_input_60pdf\20260519兆豐個股報告-望隼(4771).pdf,2026-06-15T16:25:25.774269,83831f4dd291276b47ad5034b6b41f689bddaac7
33280450a5af073c2547,dc367a89b6fb,4771,,兆豐,2026-05-19,2024Q1,2024,Q1,IS,tax_expense,所得稅費用,678.0,678,%,TWD,,7," 
評等分級：買進（預期未來六個月股價漲輻超過+30%）; 逢低買進（預期未來六個月股價漲輻介於+15%與+30%之間）; 區間操
作（預期未來六個月股價漲跌輻介於-15%與+15%之間）; 逢高賣出（預期未來六個月股價跌輻介於-15%與-30%之間）；賣出（預
期未來六個月股價跌輻超過-30%）。 
本刊所刊載之內容僅做為參考，惟已力求正確與完整，但因時間及市場客觀因素改變所造成產業、市場或個股之相關條件改變，投資人需自行考量
投資之需求與風險，本公司恕不負擔任何法律責任。任何轉載或引用本報告內容必須經本公司同意。 
 
- 7 - 
個股報告 
財務報表 
 
季度損益表 
單位：新台幣百萬元 
 4771望隼 
2024 
25Q1 
25Q2 
25Q3 
25Q4 
2025 
26Q1 
26Q2(F) 26Q3(F) 26Q4(F) 2026(F) 
營業收入淨額
 3,002 
 811
 872
 854 
 951
 3,487 
 1,031 
 1,086 
1,137 
1,199 
4,453
營業成本
 1,823 
 475
 517
 512 
 558
 2,061 
 608
 645
678 
711
2,642
營業毛利淨額
 1,179 
 336
 356
 342 
 393
 1,426 
 423 
 441
459 
488
1,811
營業費用
 291 
 97
 100
 107 
 116
 420 
 124 
 128
131 
138
521
營業淨利(損)
 888 
 238
 256
 234 
 277
 1,006 
 298 
 313
328 
350
1,289
營業外收支
 
 
 
 
利息收入
 18 
 3
 7
 4 
 6
 19 
 2 
 2
4 
5
13
財務成本
 29 
 7
 6
 7 
 6
 26 
 6 
 6
8 
8
28
其他利益及損失
 29 
 11
 (74)
 33 
 22
 (8) 
 14 
 2
11
-15
12
其他收支淨額
 14 
 10
 2
 3 
 3
 18 
 3 
 3
3 
5
14
營業外收支淨額合計
 32 
18
-71
32 
24
 3 
13 
1
10 
-13
11
稅前淨利
 920 
25",857530a25cb24b2eb1036434,30,,PENDING,,PENDING,,PENDING,0.50,ORANGE,STAGE_TABLELIKE_EXPANSION_REVIEW,VRN_1D1_REPORTTEXT_TABLELIKE_EXPANSION,C:\Users\tonyk\OneDrive\VeritasIntelligenceAnalytics\module\VRN\output\_route_lock_runs\RUN_20260525_195119_VRN_GO_M01_60PDF_FULL_V120\full_input_60pdf\20260519兆豐個股報告-望隼(4771).pdf,2026-06-15T16:25:25.774279,ef516cabb0513255c125ffae5e34cc991054bc5b
33280450a5af073c2547,dc367a89b6fb,4771,,兆豐,2026-05-19,2024Q1,2024,Q1,IS,tax_expense,所得稅費用,711.0,711,%,TWD,,7," 
評等分級：買進（預期未來六個月股價漲輻超過+30%）; 逢低買進（預期未來六個月股價漲輻介於+15%與+30%之間）; 區間操
作（預期未來六個月股價漲跌輻介於-15%與+15%之間）; 逢高賣出（預期未來六個月股價跌輻介於-15%與-30%之間）；賣出（預
期未來六個月股價跌輻超過-30%）。 
本刊所刊載之內容僅做為參考，惟已力求正確與完整，但因時間及市場客觀因素改變所造成產業、市場或個股之相關條件改變，投資人需自行考量
投資之需求與風險，本公司恕不負擔任何法律責任。任何轉載或引用本報告內容必須經本公司同意。 
 
- 7 - 
個股報告 
財務報表 
 
季度損益表 
單位：新台幣百萬元 
 4771望隼 
2024 
25Q1 
25Q2 
25Q3 
25Q4 
2025 
26Q1 
26Q2(F) 26Q3(F) 26Q4(F) 2026(F) 
營業收入淨額
 3,002 
 811
 872
 854 
 951
 3,487 
 1,031 
 1,086 
1,137 
1,199 
4,453
營業成本
 1,823 
 475
 517
 512 
 558
 2,061 
 608
 645
678 
711
2,642
營業毛利淨額
 1,179 
 336
 356
 342 
 393
 1,426 
 423 
 441
459 
488
1,811
營業費用
 291 
 97
 100
 107 
 116
 420 
 124 
 128
131 
138
521
營業淨利(損)
 888 
 238
 256
 234 
 277
 1,006 
 298 
 313
328 
350
1,289
營業外收支
 
 
 
 
利息收入
 18 
 3
 7
 4 
 6
 19 
 2 
 2
4 
5
13
財務成本
 29 
 7
 6
 7 
 6
 26 
 6 
 6
8 
8
28
其他利益及損失
 29 
 11
 (74)
 33 
 22
 (8) 
 14 
 2
11
-15
12
其他收支淨額
 14 
 10
 2
 3 
 3
 18 
 3 
 3
3 
5
14
營業外收支淨額合計
 32 
18
-71
32 
24
 3 
13 
1
10 
-13
11
稅前淨利
 920 
25",857530a25cb24b2eb1036434,31,,PENDING,,PENDING,,PENDING,0.50,ORANGE,STAGE_TABLELIKE_EXPANSION_REVIEW,VRN_1D1_REPORTTEXT_TABLELIKE_EXPANSION,C:\Users\tonyk\OneDrive\VeritasIntelligenceAnalytics\module\VRN\output\_route_lock_runs\RUN_20260525_195119_VRN_GO_M01_60PDF_FULL_V120\full_input_60pdf\20260519兆豐個股報告-望隼(4771).pdf,2026-06-15T16:25:25.774289,1f2bf7279c64d11fc0182f9d0843f6c3c23a61fa
33280450a5af073c2547,dc367a89b6fb,4771,,兆豐,2026-05-19,2024Q1,2024,Q1,IS,tax_expense,所得稅費用,2642.0,"2,642",%,TWD,,7," 
評等分級：買進（預期未來六個月股價漲輻超過+30%）; 逢低買進（預期未來六個月股價漲輻介於+15%與+30%之間）; 區間操
作（預期未來六個月股價漲跌輻介於-15%與+15%之間）; 逢高賣出（預期未來六個月股價跌輻介於-15%與-30%之間）；賣出（預
期未來六個月股價跌輻超過-30%）。 
本刊所刊載之內容僅做為參考，惟已力求正確與完整，但因時間及市場客觀因素改變所造成產業、市場或個股之相關條件改變，投資人需自行考量
投資之需求與風險，本公司恕不負擔任何法律責任。任何轉載或引用本報告內容必須經本公司同意。 
 
- 7 - 
個股報告 
財務報表 
 
季度損益表 
單位：新台幣百萬元 
 4771望隼 
2024 
25Q1 
25Q2 
25Q3 
25Q4 
2025 
26Q1 
26Q2(F) 26Q3(F) 26Q4(F) 2026(F) 
營業收入淨額
 3,002 
 811
 872
 854 
 951
 3,487 
 1,031 
 1,086 
1,137 
1,199 
4,453
營業成本
 1,823 
 475
 517
 512 
 558
 2,061 
 608
 645
678 
711
2,642
營業毛利淨額
 1,179 
 336
 356
 342 
 393
 1,426 
 423 
 441
459 
488
1,811
營業費用
 291 
 97
 100
 107 
 116
 420 
 124 
 128
131 
138
521
營業淨利(損)
 888 
 238
 256
 234 
 277
 1,006 
 298 
 313
328 
350
1,289
營業外收支
 
 
 
 
利息收入
 18 
 3
 7
 4 
 6
 19 
 2 
 2
4 
5
13
財務成本
 29 
 7
 6
 7 
 6
 26 
 6 
 6
8 
8
28
其他利益及損失
 29 
 11
 (74)
 33 
 22
 (8) 
 14 
 2
11
-15
12
其他收支淨額
 14 
 10
 2
 3 
 3
 18 
 3 
 3
3 
5
14
營業外收支淨額合計
 32 
18
-71
32 
24
 3 
13 
1
10 
-13
11
稅前淨利
 920 
25",857530a25cb24b2eb1036434,32,,PENDING,,PENDING,,PENDING,0.50,ORANGE,STAGE_TABLELIKE_EXPANSION_REVIEW,VRN_1D1_REPORTTEXT_TABLELIKE_EXPANSION,C:\Users\tonyk\OneDrive\VeritasIntelligenceAnalytics\module\VRN\output\_route_lock_runs\RUN_20260525_195119_VRN_GO_M01_60PDF_FULL_V120\full_input_60pdf\20260519兆豐個股報告-望隼(4771).pdf,2026-06-15T16:25:25.774298,72715fde5a0bca0dd3d3ec3f92eba1bb984ea5e1
33280450a5af073c2547,dc367a89b6fb,4771,,兆豐,2026-05-19,2024Q1,2024,Q1,IS,tax_expense,所得稅費用,1179.0,"1,179",%,TWD,,7," 
評等分級：買進（預期未來六個月股價漲輻超過+30%）; 逢低買進（預期未來六個月股價漲輻介於+15%與+30%之間）; 區間操
作（預期未來六個月股價漲跌輻介於-15%與+15%之間）; 逢高賣出（預期未來六個月股價跌輻介於-15%與-30%之間）；賣出（預
期未來六個月股價跌輻超過-30%）。 
本刊所刊載之內容僅做為參考，惟已力求正確與完整，但因時間及市場客觀因素改變所造成產業、市場或個股之相關條件改變，投資人需自行考量
投資之需求與風險，本公司恕不負擔任何法律責任。任何轉載或引用本報告內容必須經本公司同意。 
 
- 7 - 
個股報告 
財務報表 
 
季度損益表 
單位：新台幣百萬元 
 4771望隼 
2024 
25Q1 
25Q2 
25Q3 
25Q4 
2025 
26Q1 
26Q2(F) 26Q3(F) 26Q4(F) 2026(F) 
營業收入淨額
 3,002 
 811
 872
 854 
 951
 3,487 
 1,031 
 1,086 
1,137 
1,199 
4,453
營業成本
 1,823 
 475
 517
 512 
 558
 2,061 
 608
 645
678 
711
2,642
營業毛利淨額
 1,179 
 336
 356
 342 
 393
 1,426 
 423 
 441
459 
488
1,811
營業費用
 291 
 97
 100
 107 
 116
 420 
 124 
 128
131 
138
521
營業淨利(損)
 888 
 238
 256
 234 
 277
 1,006 
 298 
 313
328 
350
1,289
營業外收支
 
 
 
 
利息收入
 18 
 3
 7
 4 
 6
 19 
 2 
 2
4 
5
13
財務成本
 29 
 7
 6
 7 
 6
 26 
 6 
 6
8 
8
28
其他利益及損失
 29 
 11
 (74)
 33 
 22
 (8) 
 14 
 2
11
-15
12
其他收支淨額
 14 
 10
 2
 3 
 3
 18 
 3 
 3
3 
5
14
營業外收支淨額合計
 32 
18
-71
32 
24
 3 
13 
1
10 
-13
11
稅前淨利
 920 
25",857530a25cb24b2eb1036434,33,,PENDING,,PENDING,,PENDING,0.50,ORANGE,STAGE_TABLELIKE_EXPANSION_REVIEW,VRN_1D1_REPORTTEXT_TABLELIKE_EXPANSION,C:\Users\tonyk\OneDrive\VeritasIntelligenceAnalytics\module\VRN\output\_route_lock_runs\RUN_20260525_195119_VRN_GO_M01_60PDF_FULL_V120\full_input_60pdf\20260519兆豐個股報告-望隼(4771).pdf,2026-06-15T16:25:25.774307,7f9640df159d8b3e9be40c1bbeb5ee8ec85918a3
33280450a5af073c2547,dc367a89b6fb,4771,,兆豐,2026-05-19,2024Q1,2024,Q1,IS,tax_expense,所得稅費用,336.0,336,%,TWD,,7," 
評等分級：買進（預期未來六個月股價漲輻超過+30%）; 逢低買進（預期未來六個月股價漲輻介於+15%與+30%之間）; 區間操
作（預期未來六個月股價漲跌輻介於-15%與+15%之間）; 逢高賣出（預期未來六個月股價跌輻介於-15%與-30%之間）；賣出（預
期未來六個月股價跌輻超過-30%）。 
本刊所刊載之內容僅做為參考，惟已力求正確與完整，但因時間及市場客觀因素改變所造成產業、市場或個股之相關條件改變，投資人需自行考量
投資之需求與風險，本公司恕不負擔任何法律責任。任何轉載或引用本報告內容必須經本公司同意。 
 
- 7 - 
個股報告 
財務報表 
 
季度損益表 
單位：新台幣百萬元 
 4771望隼 
2024 
25Q1 
25Q2 
25Q3 
25Q4 
2025 
26Q1 
26Q2(F) 26Q3(F) 26Q4(F) 2026(F) 
營業收入淨額
 3,002 
 811
 872
 854 
 951
 3,487 
 1,031 
 1,086 
1,137 
1,199 
4,453
營業成本
 1,823 
 475
 517
 512 
 558
 2,061 
 608
 645
678 
711
2,642
營業毛利淨額
 1,179 
 336
 356
 342 
 393
 1,426 
 423 
 441
459 
488
1,811
營業費用
 291 
 97
 100
 107 
 116
 420 
 124 
 128
131 
138
521
營業淨利(損)
 888 
 238
 256
 234 
 277
 1,006 
 298 
 313
328 
350
1,289
營業外收支
 
 
 
 
利息收入
 18 
 3
 7
 4 
 6
 19 
 2 
 2
4 
5
13
財務成本
 29 
 7
 6
 7 
 6
 26 
 6 
 6
8 
8
28
其他利益及損失
 29 
 11
 (74)
 33 
 22
 (8) 
 14 
 2
11
-15
12
其他收支淨額
 14 
 10
 2
 3 
 3
 18 
 3 
 3
3 
5
14
營業外收支淨額合計
 32 
18
-71
32 
24
 3 
13 
1
10 
-13
11
稅前淨利
 920 
25",857530a25cb24b2eb1036434,34,,PENDING,,PENDING,,PENDING,0.50,ORANGE,STAGE_TABLELIKE_EXPANSION_REVIEW,VRN_1D1_REPORTTEXT_TABLELIKE_EXPANSION,C:\Users\tonyk\OneDrive\VeritasIntelligenceAnalytics\module\VRN\output\_route_lock_runs\RUN_20260525_195119_VRN_GO_M01_60PDF_FULL_V120\full_input_60pdf\20260519兆豐個股報告-望隼(4771).pdf,2026-06-15T16:25:25.774317,02cd61ce7c2aeb6d4870249972210b2973275ef6
33280450a5af073c2547,dc367a89b6fb,4771,,兆豐,2026-05-19,2024Q1,2024,Q1,IS,tax_expense,所得稅費用,356.0,356,%,TWD,,7," 
評等分級：買進（預期未來六個月股價漲輻超過+30%）; 逢低買進（預期未來六個月股價漲輻介於+15%與+30%之間）; 區間操
作（預期未來六個月股價漲跌輻介於-15%與+15%之間）; 逢高賣出（預期未來六個月股價跌輻介於-15%與-30%之間）；賣出（預
期未來六個月股價跌輻超過-30%）。 
本刊所刊載之內容僅做為參考，惟已力求正確與完整，但因時間及市場客觀因素改變所造成產業、市場或個股之相關條件改變，投資人需自行考量
投資之需求與風險，本公司恕不負擔任何法律責任。任何轉載或引用本報告內容必須經本公司同意。 
 
- 7 - 
個股報告 
財務報表 
 
季度損益表 
單位：新台幣百萬元 
 4771望隼 
2024 
25Q1 
25Q2 
25Q3 
25Q4 
2025 
26Q1 
26Q2(F) 26Q3(F) 26Q4(F) 2026(F) 
營業收入淨額
 3,002 
 811
 872
 854 
 951
 3,487 
 1,031 
 1,086 
1,137 
1,199 
4,453
營業成本
 1,823 
 475
 517
 512 
 558
 2,061 
 608
 645
678 
711
2,642
營業毛利淨額
 1,179 
 336
 356
 342 
 393
 1,426 
 423 
 441
459 
488
1,811
營業費用
 291 
 97
 100
 107 
 116
 420 
 124 
 128
131 
138
521
營業淨利(損)
 888 
 238
 256
 234 
 277
 1,006 
 298 
 313
328 
350
1,289
營業外收支
 
 
 
 
利息收入
 18 
 3
 7
 4 
 6
 19 
 2 
 2
4 
5
13
財務成本
 29 
 7
 6
 7 
 6
 26 
 6 
 6
8 
8
28
其他利益及損失
 29 
 11
 (74)
 33 
 22
 (8) 
 14 
 2
11
-15
12
其他收支淨額
 14 
 10
 2
 3 
 3
 18 
 3 
 3
3 
5
14
營業外收支淨額合計
 32 
18
-71
32 
24
 3 
13 
1
10 
-13
11
稅前淨利
 920 
25",857530a25cb24b2eb1036434,35,,PENDING,,PENDING,,PENDING,0.50,ORANGE,STAGE_TABLELIKE_EXPANSION_REVIEW,VRN_1D1_REPORTTEXT_TABLELIKE_EXPANSION,C:\Users\tonyk\OneDrive\VeritasIntelligenceAnalytics\module\VRN\output\_route_lock_runs\RUN_20260525_195119_VRN_GO_M01_60PDF_FULL_V120\full_input_60pdf\20260519兆豐個股報告-望隼(4771).pdf,2026-06-15T16:25:25.774326,6c16fb7cb7360ea20bb72ce0c7314c8470e7b63f
33280450a5af073c2547,dc367a89b6fb,4771,,兆豐,2026-05-19,2024Q1,2024,Q1,IS,tax_expense,所得稅費用,342.0,342,%,TWD,,7," 
評等分級：買進（預期未來六個月股價漲輻超過+30%）; 逢低買進（預期未來六個月股價漲輻介於+15%與+30%之間）; 區間操
作（預期未來六個月股價漲跌輻介於-15%與+15%之間）; 逢高賣出（預期未來六個月股價跌輻介於-15%與-30%之間）；賣出（預
期未來六個月股價跌輻超過-30%）。 
本刊所刊載之內容僅做為參考，惟已力求正確與完整，但因時間及市場客觀因素改變所造成產業、市場或個股之相關條件改變，投資人需自行考量
投資之需求與風險，本公司恕不負擔任何法律責任。任何轉載或引用本報告內容必須經本公司同意。 
 
- 7 - 
個股報告 
財務報表 
 
季度損益表 
單位：新台幣百萬元 
 4771望隼 
2024 
25Q1 
25Q2 
25Q3 
25Q4 
2025 
26Q1 
26Q2(F) 26Q3(F) 26Q4(F) 2026(F) 
營業收入淨額
 3,002 
 811
 872
 854 
 951
 3,487 
 1,031 
 1,086 
1,137 
1,199 
4,453
營業成本
 1,823 
 475
 517
 512 
 558
 2,061 
 608
 645
678 
711
2,642
營業毛利淨額
 1,179 
 336
 356
 342 
 393
 1,426 
 423 
 441
459 
488
1,811
營業費用
 291 
 97
 100
 107 
 116
 420 
 124 
 128
131 
138
521
營業淨利(損)
 888 
 238
 256
 234 
 277
 1,006 
 298 
 313
328 
350
1,289
營業外收支
 
 
 
 
利息收入
 18 
 3
 7
 4 
 6
 19 
 2 
 2
4 
5
13
財務成本
 29 
 7
 6
 7 
 6
 26 
 6 
 6
8 
8
28
其他利益及損失
 29 
 11
 (74)
 33 
 22
 (8) 
 14 
 2
11
-15
12
其他收支淨額
 14 
 10
 2
 3 
 3
 18 
 3 
 3
3 
5
14
營業外收支淨額合計
 32 
18
-71
32 
24
 3 
13 
1
10 
-13
11
稅前淨利
 920 
25",857530a25cb24b2eb1036434,36,,PENDING,,PENDING,,PENDING,0.50,ORANGE,STAGE_TABLELIKE_EXPANSION_REVIEW,VRN_1D1_REPORTTEXT_TABLELIKE_EXPANSION,C:\Users\tonyk\OneDrive\VeritasIntelligenceAnalytics\module\VRN\output\_route_lock_runs\RUN_20260525_195119_VRN_GO_M01_60PDF_FULL_V120\full_input_60pdf\20260519兆豐個股報告-望隼(4771).pdf,2026-06-15T16:25:25.774336,7b692677ab21d1fc918f1484b101466c02e0e2d5
33280450a5af073c2547,dc367a89b6fb,4771,,兆豐,2026-05-19,2024Q1,2024,Q1,IS,tax_expense,所得稅費用,393.0,393,%,TWD,,7," 
評等分級：買進（預期未來六個月股價漲輻超過+30%）; 逢低買進（預期未來六個月股價漲輻介於+15%與+30%之間）; 區間操
作（預期未來六個月股價漲跌輻介於-15%與+15%之間）; 逢高賣出（預期未來六個月股價跌輻介於-15%與-30%之間）；賣出（預
期未來六個月股價跌輻超過-30%）。 
本刊所刊載之內容僅做為參考，惟已力求正確與完整，但因時間及市場客觀因素改變所造成產業、市場或個股之相關條件改變，投資人需自行考量
投資之需求與風險，本公司恕不負擔任何法律責任。任何轉載或引用本報告內容必須經本公司同意。 
 
- 7 - 
個股報告 
財務報表 
 
季度損益表 
單位：新台幣百萬元 
 4771望隼 
2024 
25Q1 
25Q2 
25Q3 
25Q4 
2025 
26Q1 
26Q2(F) 26Q3(F) 26Q4(F) 2026(F) 
營業收入淨額
 3,002 
 811
 872
 854 
 951
 3,487 
 1,031 
 1,086 
1,137 
1,199 
4,453
營業成本
 1,823 
 475
 517
 512 
 558
 2,061 
 608
 645
678 
711
2,642
營業毛利淨額
 1,179 
 336
 356
 342 
 393
 1,426 
 423 
 441
459 
488
1,811
營業費用
 291 
 97
 100
 107 
 116
 420 
 124 
 128
131 
138
521
營業淨利(損)
 888 
 238
 256
 234 
 277
 1,006 
 298 
 313
328 
350
1,289
營業外收支
 
 
 
 
利息收入
 18 
 3
 7
 4 
 6
 19 
 2 
 2
4 
5
13
財務成本
 29 
 7
 6
 7 
 6
 26 
 6 
 6
8 
8
28
其他利益及損失
 29 
 11
 (74)
 33 
 22
 (8) 
 14 
 2
11
-15
12
其他收支淨額
 14 
 10
 2
 3 
 3
 18 
 3 
 3
3 
5
14
營業外收支淨額合計
 32 
18
-71
32 
24
 3 
13 
1
10 
-13
11
稅前淨利
 920 
25",857530a25cb24b2eb1036434,37,,PENDING,,PENDING,,PENDING,0.50,ORANGE,STAGE_TABLELIKE_EXPANSION_REVIEW,VRN_1D1_REPORTTEXT_TABLELIKE_EXPANSION,C:\Users\tonyk\OneDrive\VeritasIntelligenceAnalytics\module\VRN\output\_route_lock_runs\RUN_20260525_195119_VRN_GO_M01_60PDF_FULL_V120\full_input_60pdf\20260519兆豐個股報告-望隼(4771).pdf,2026-06-15T16:25:25.774345,c119c175ea147e6c2af3ca23f8ed679d460da13b
33280450a5af073c2547,dc367a89b6fb,4771,,兆豐,2026-05-19,2024Q1,2024,Q1,IS,tax_expense,所得稅費用,1426.0,"1,426",%,TWD,,7," 
評等分級：買進（預期未來六個月股價漲輻超過+30%）; 逢低買進（預期未來六個月股價漲輻介於+15%與+30%之間）; 區間操
作（預期未來六個月股價漲跌輻介於-15%與+15%之間）; 逢高賣出（預期未來六個月股價跌輻介於-15%與-30%之間）；賣出（預
期未來六個月股價跌輻超過-30%）。 
本刊所刊載之內容僅做為參考，惟已力求正確與完整，但因時間及市場客觀因素改變所造成產業、市場或個股之相關條件改變，投資人需自行考量
投資之需求與風險，本公司恕不負擔任何法律責任。任何轉載或引用本報告內容必須經本公司同意。 
 
- 7 - 
個股報告 
財務報表 
 
季度損益表 
單位：新台幣百萬元 
 4771望隼 
2024 
25Q1 
25Q2 
25Q3 
25Q4 
2025 
26Q1 
26Q2(F) 26Q3(F) 26Q4(F) 2026(F) 
營業收入淨額
 3,002 
 811
 872
 854 
 951
 3,487 
 1,031 
 1,086 
1,137 
1,199 
4,453
營業成本
 1,823 
 475
 517
 512 
 558
 2,061 
 608
 645
678 
711
2,642
營業毛利淨額
 1,179 
 336
 356
 342 
 393
 1,426 
 423 
 441
459 
488
1,811
營業費用
 291 
 97
 100
 107 
 116
 420 
 124 
 128
131 
138
521
營業淨利(損)
 888 
 238
 256
 234 
 277
 1,006 
 298 
 313
328 
350
1,289
營業外收支
 
 
 
 
利息收入
 18 
 3
 7
 4 
 6
 19 
 2 
 2
4 
5
13
財務成本
 29 
 7
 6
 7 
 6
 26 
 6 
 6
8 
8
28
其他利益及損失
 29 
 11
 (74)
 33 
 22
 (8) 
 14 
 2
11
-15
12
其他收支淨額
 14 
 10
 2
 3 
 3
 18 
 3 
 3
3 
5
14
營業外收支淨額合計
 32 
18
-71
32 
24
 3 
13 
1
10 
-13
11
稅前淨利
 920 
25",857530a25cb24b2eb1036434,38,,PENDING,,PENDING,,PENDING,0.50,ORANGE,STAGE_TABLELIKE_EXPANSION_REVIEW,VRN_1D1_REPORTTEXT_TABLELIKE_EXPANSION,C:\Users\tonyk\OneDrive\VeritasIntelligenceAnalytics\module\VRN\output\_route_lock_runs\RUN_20260525_195119_VRN_GO_M01_60PDF_FULL_V120\full_input_60pdf\20260519兆豐個股報告-望隼(4771).pdf,2026-06-15T16:25:25.774355,22d1536411c694456629b3da9aaa60eca2223fbb
33280450a5af073c2547,dc367a89b6fb,4771,,兆豐,2026-05-19,2024Q1,2024,Q1,IS,tax_expense,所得稅費用,423.0,423,%,TWD,,7," 
評等分級：買進（預期未來六個月股價漲輻超過+30%）; 逢低買進（預期未來六個月股價漲輻介於+15%與+30%之間）; 區間操
作（預期未來六個月股價漲跌輻介於-15%與+15%之間）; 逢高賣出（預期未來六個月股價跌輻介於-15%與-30%之間）；賣出（預
期未來六個月股價跌輻超過-30%）。 
本刊所刊載之內容僅做為參考，惟已力求正確與完整，但因時間及市場客觀因素改變所造成產業、市場或個股之相關條件改變，投資人需自行考量
投資之需求與風險，本公司恕不負擔任何法律責任。任何轉載或引用本報告內容必須經本公司同意。 
 
- 7 - 
個股報告 
財務報表 
 
季度損益表 
單位：新台幣百萬元 
 4771望隼 
2024 
25Q1 
25Q2 
25Q3 
25Q4 
2025 
26Q1 
26Q2(F) 26Q3(F) 26Q4(F) 2026(F) 
營業收入淨額
 3,002 
 811
 872
 854 
 951
 3,487 
 1,031 
 1,086 
1,137 
1,199 
4,453
營業成本
 1,823 
 475
 517
 512 
 558
 2,061 
 608
 645
678 
711
2,642
營業毛利淨額
 1,179 
 336
 356
 342 
 393
 1,426 
 423 
 441
459 
488
1,811
營業費用
 291 
 97
 100
 107 
 116
 420 
 124 
 128
131 
138
521
營業淨利(損)
 888 
 238
 256
 234 
 277
 1,006 
 298 
 313
328 
350
1,289
營業外收支
 
 
 
 
利息收入
 18 
 3
 7
 4 
 6
 19 
 2 
 2
4 
5
13
財務成本
 29 
 7
 6
 7 
 6
 26 
 6 
 6
8 
8
28
其他利益及損失
 29 
 11
 (74)
 33 
 22
 (8) 
 14 
 2
11
-15
12
其他收支淨額
 14 
 10
 2
 3 
 3
 18 
 3 
 3
3 
5
14
營業外收支淨額合計
 32 
18
-71
32 
24
 3 
13 
1
10 
-13
11
稅前淨利
 920 
25",857530a25cb24b2eb1036434,39,,PENDING,,PENDING,,PENDING,0.50,ORANGE,STAGE_TABLELIKE_EXPANSION_REVIEW,VRN_1D1_REPORTTEXT_TABLELIKE_EXPANSION,C:\Users\tonyk\OneDrive\VeritasIntelligenceAnalytics\module\VRN\output\_route_lock_runs\RUN_20260525_195119_VRN_GO_M01_60PDF_FULL_V120\full_input_60pdf\20260519兆豐個股報告-望隼(4771).pdf,2026-06-15T16:25:25.774364,eccf4e2f41b8f06d63ad8c411d26691177215c2d
33280450a5af073c2547,dc367a89b6fb,4771,,兆豐,2026-05-19,2024Q1,2024,Q1,IS,tax_expense,所得稅費用,441.0,441,%,TWD,,7," 
評等分級：買進（預期未來六個月股價漲輻超過+30%）; 逢低買進（預期未來六個月股價漲輻介於+15%與+30%之間）; 區間操
作（預期未來六個月股價漲跌輻介於-15%與+15%之間）; 逢高賣出（預期未來六個月股價跌輻介於-15%與-30%之間）；賣出（預
期未來六個月股價跌輻超過-30%）。 
本刊所刊載之內容僅做為參考，惟已力求正確與完整，但因時間及市場客觀因素改變所造成產業、市場或個股之相關條件改變，投資人需自行考量
投資之需求與風險，本公司恕不負擔任何法律責任。任何轉載或引用本報告內容必須經本公司同意。 
 
- 7 - 
個股報告 
財務報表 
 
季度損益表 
單位：新台幣百萬元 
 4771望隼 
2024 
25Q1 
25Q2 
25Q3 
25Q4 
2025 
26Q1 
26Q2(F) 26Q3(F) 26Q4(F) 2026(F) 
營業收入淨額
 3,002 
 811
 872
 854 
 951
 3,487 
 1,031 
 1,086 
1,137 
1,199 
4,453
營業成本
 1,823 
 475
 517
 512 
 558
 2,061 
 608
 645
678 
711
2,642
營業毛利淨額
 1,179 
 336
 356
 342 
 393
 1,426 
 423 
 441
459 
488
1,811
營業費用
 291 
 97
 100
 107 
 116
 420 
 124 
 128
131 
138
521
營業淨利(損)
 888 
 238
 256
 234 
 277
 1,006 
 298 
 313
328 
350
1,289
營業外收支
 
 
 
 
利息收入
 18 
 3
 7
 4 
 6
 19 
 2 
 2
4 
5
13
財務成本
 29 
 7
 6
 7 
 6
 26 
 6 
 6
8 
8
28
其他利益及損失
 29 
 11
 (74)
 33 
 22
 (8) 
 14 
 2
11
-15
12
其他收支淨額
 14 
 10
 2
 3 
 3
 18 
 3 
 3
3 
5
14
營業外收支淨額合計
 32 
18
-71
32 
24
 3 
13 
1
10 
-13
11
稅前淨利
 920 
25",857530a25cb24b2eb1036434,40,,PENDING,,PENDING,,PENDING,0.50,ORANGE,STAGE_TABLELIKE_EXPANSION_REVIEW,VRN_1D1_REPORTTEXT_TABLELIKE_EXPANSION,C:\Users\tonyk\OneDrive\VeritasIntelligenceAnalytics\module\VRN\output\_route_lock_runs\RUN_20260525_195119_VRN_GO_M01_60PDF_FULL_V120\full_input_60pdf\20260519兆豐個股報告-望隼(4771).pdf,2026-06-15T16:25:25.774374,6feaf4a008c6e745a42d6ec5c788c926b2245619
33280450a5af073c2547,dc367a89b6fb,4771,,兆豐,2026-05-19,2024Q1,2024,Q1,IS,tax_expense,所得稅費用,459.0,459,%,TWD,,7," 
評等分級：買進（預期未來六個月股價漲輻超過+30%）; 逢低買進（預期未來六個月股價漲輻介於+15%與+30%之間）; 區間操
作（預期未來六個月股價漲跌輻介於-15%與+15%之間）; 逢高賣出（預期未來六個月股價跌輻介於-15%與-30%之間）；賣出（預
期未來六個月股價跌輻超過-30%）。 
本刊所刊載之內容僅做為參考，惟已力求正確與完整，但因時間及市場客觀因素改變所造成產業、市場或個股之相關條件改變，投資人需自行考量
投資之需求與風險，本公司恕不負擔任何法律責任。任何轉載或引用本報告內容必須經本公司同意。 
 
- 7 - 
個股報告 
財務報表 
 
季度損益表 
單位：新台幣百萬元 
 4771望隼 
2024 
25Q1 
25Q2 
25Q3 
25Q4 
2025 
26Q1 
26Q2(F) 26Q3(F) 26Q4(F) 2026(F) 
營業收入淨額
 3,002 
 811
 872
 854 
 951
 3,487 
 1,031 
 1,086 
1,137 
1,199 
4,453
營業成本
 1,823 
 475
 517
 512 
 558
 2,061 
 608
 645
678 
711
2,642
營業毛利淨額
 1,179 
 336
 356
 342 
 393
 1,426 
 423 
 441
459 
488
1,811
營業費用
 291 
 97
 100
 107 
 116
 420 
 124 
 128
131 
138
521
營業淨利(損)
 888 
 238
 256
 234 
 277
 1,006 
 298 
 313
328 
350
1,289
營業外收支
 
 
 
 
利息收入
 18 
 3
 7
 4 
 6
 19 
 2 
 2
4 
5
13
財務成本
 29 
 7
 6
 7 
 6
 26 
 6 
 6
8 
8
28
其他利益及損失
 29 
 11
 (74)
 33 
 22
 (8) 
 14 
 2
11
-15
12
其他收支淨額
 14 
 10
 2
 3 
 3
 18 
 3 
 3
3 
5
14
營業外收支淨額合計
 32 
18
-71
32 
24
 3 
13 
1
10 
-13
11
稅前淨利
 920 
25",857530a25cb24b2eb1036434,41,,PENDING,,PENDING,,PENDING,0.50,ORANGE,STAGE_TABLELIKE_EXPANSION_REVIEW,VRN_1D1_REPORTTEXT_TABLELIKE_EXPANSION,C:\Users\tonyk\OneDrive\VeritasIntelligenceAnalytics\module\VRN\output\_route_lock_runs\RUN_20260525_195119_VRN_GO_M01_60PDF_FULL_V120\full_input_60pdf\20260519兆豐個股報告-望隼(4771).pdf,2026-06-15T16:25:25.774383,c79feba37ed7d7c66ff1360cfa484e7ca3263367
33280450a5af073c2547,dc367a89b6fb,4771,,兆豐,2026-05-19,2024Q1,2024,Q1,IS,tax_expense,所得稅費用,488.0,488,%,TWD,,7," 
評等分級：買進（預期未來六個月股價漲輻超過+30%）; 逢低買進（預期未來六個月股價漲輻介於+15%與+30%之間）; 區間操
作（預期未來六個月股價漲跌輻介於-15%與+15%之間）; 逢高賣出（預期未來六個月股價跌輻介於-15%與-30%之間）；賣出（預
期未來六個月股價跌輻超過-30%）。 
本刊所刊載之內容僅做為參考，惟已力求正確與完整，但因時間及市場客觀因素改變所造成產業、市場或個股之相關條件改變，投資人需自行考量
投資之需求與風險，本公司恕不負擔任何法律責任。任何轉載或引用本報告內容必須經本公司同意。 
 
- 7 - 
個股報告 
財務報表 
 
季度損益表 
單位：新台幣百萬元 
 4771望隼 
2024 
25Q1 
25Q2 
25Q3 
25Q4 
2025 
26Q1 
26Q2(F) 26Q3(F) 26Q4(F) 2026(F) 
營業收入淨額
 3,002 
 811
 872
 854 
 951
 3,487 
 1,031 
 1,086 
1,137 
1,199 
4,453
營業成本
 1,823 
 475
 517
 512 
 558
 2,061 
 608
 645
678 
711
2,642
營業毛利淨額
 1,179 
 336
 356
 342 
 393
 1,426 
 423 
 441
459 
488
1,811
營業費用
 291 
 97
 100
 107 
 116
 420 
 124 
 128
131 
138
521
營業淨利(損)
 888 
 238
 256
 234 
 277
 1,006 
 298 
 313
328 
350
1,289
營業外收支
 
 
 
 
利息收入
 18 
 3
 7
 4 
 6
 19 
 2 
 2
4 
5
13
財務成本
 29 
 7
 6
 7 
 6
 26 
 6 
 6
8 
8
28
其他利益及損失
 29 
 11
 (74)
 33 
 22
 (8) 
 14 
 2
11
-15
12
其他收支淨額
 14 
 10
 2
 3 
 3
 18 
 3 
 3
3 
5
14
營業外收支淨額合計
 32 
18
-71
32 
24
 3 
13 
1
10 
-13
11
稅前淨利
 920 
25",857530a25cb24b2eb1036434,42,,PENDING,,PENDING,,PENDING,0.50,ORANGE,STAGE_TABLELIKE_EXPANSION_REVIEW,VRN_1D1_REPORTTEXT_TABLELIKE_EXPANSION,C:\Users\tonyk\OneDrive\VeritasIntelligenceAnalytics\module\VRN\output\_route_lock_runs\RUN_20260525_195119_VRN_GO_M01_60PDF_FULL_V120\full_input_60pdf\20260519兆豐個股報告-望隼(4771).pdf,2026-06-15T16:25:25.774396,1193e6f69e6669f6c9c7db45be4581ee260d548c
33280450a5af073c2547,dc367a89b6fb,4771,,兆豐,2026-05-19,2024Q1,2024,Q1,IS,tax_expense,所得稅費用,1811.0,"1,811",%,TWD,,7," 
評等分級：買進（預期未來六個月股價漲輻超過+30%）; 逢低買進（預期未來六個月股價漲輻介於+15%與+30%之間）; 區間操
作（預期未來六個月股價漲跌輻介於-15%與+15%之間）; 逢高賣出（預期未來六個月股價跌輻介於-15%與-30%之間）；賣出（預
期未來六個月股價跌輻超過-30%）。 
本刊所刊載之內容僅做為參考，惟已力求正確與完整，但因時間及市場客觀因素改變所造成產業、市場或個股之相關條件改變，投資人需自行考量
投資之需求與風險，本公司恕不負擔任何法律責任。任何轉載或引用本報告內容必須經本公司同意。 
 
- 7 - 
個股報告 
財務報表 
 
季度損益表 
單位：新台幣百萬元 
 4771望隼 
2024 
25Q1 
25Q2 
25Q3 
25Q4 
2025 
26Q1 
26Q2(F) 26Q3(F) 26Q4(F) 2026(F) 
營業收入淨額
 3,002 
 811
 872
 854 
 951
 3,487 
 1,031 
 1,086 
1,137 
1,199 
4,453
營業成本
 1,823 
 475
 517
 512 
 558
 2,061 
 608
 645
678 
711
2,642
營業毛利淨額
 1,179 
 336
 356
 342 
 393
 1,426 
 423 
 441
459 
488
1,811
營業費用
 291 
 97
 100
 107 
 116
 420 
 124 
 128
131 
138
521
營業淨利(損)
 888 
 238
 256
 234 
 277
 1,006 
 298 
 313
328 
350
1,289
營業外收支
 
 
 
 
利息收入
 18 
 3
 7
 4 
 6
 19 
 2 
 2
4 
5
13
財務成本
 29 
 7
 6
 7 
 6
 26 
 6 
 6
8 
8
28
其他利益及損失
 29 
 11
 (74)
 33 
 22
 (8) 
 14 
 2
11
-15
12
其他收支淨額
 14 
 10
 2
 3 
 3
 18 
 3 
 3
3 
5
14
營業外收支淨額合計
 32 
18
-71
32 
24
 3 
13 
1
10 
-13
11
稅前淨利
 920 
25",857530a25cb24b2eb1036434,43,,PENDING,,PENDING,,PENDING,0.50,ORANGE,STAGE_TABLELIKE_EXPANSION_REVIEW,VRN_1D1_REPORTTEXT_TABLELIKE_EXPANSION,C:\Users\tonyk\OneDrive\VeritasIntelligenceAnalytics\module\VRN\output\_route_lock_runs\RUN_20260525_195119_VRN_GO_M01_60PDF_FULL_V120\full_input_60pdf\20260519兆豐個股報告-望隼(4771).pdf,2026-06-15T16:25:25.774405,1f4472a1c88128dbcc8d014837da5d1ebeceea75
33280450a5af073c2547,dc367a89b6fb,4771,,兆豐,2026-05-19,2024Q1,2024,Q1,IS,tax_expense,所得稅費用,291.0,291,%,TWD,,7," 
評等分級：買進（預期未來六個月股價漲輻超過+30%）; 逢低買進（預期未來六個月股價漲輻介於+15%與+30%之間）; 區間操
作（預期未來六個月股價漲跌輻介於-15%與+15%之間）; 逢高賣出（預期未來六個月股價跌輻介於-15%與-30%之間）；賣出（預
期未來六個月股價跌輻超過-30%）。 
本刊所刊載之內容僅做為參考，惟已力求正確與完整，但因時間及市場客觀因素改變所造成產業、市場或個股之相關條件改變，投資人需自行考量
投資之需求與風險，本公司恕不負擔任何法律責任。任何轉載或引用本報告內容必須經本公司同意。 
 
- 7 - 
個股報告 
財務報表 
 
季度損益表 
單位：新台幣百萬元 
 4771望隼 
2024 
25Q1 
25Q2 
25Q3 
25Q4 
2025 
26Q1 
26Q2(F) 26Q3(F) 26Q4(F) 2026(F) 
營業收入淨額
 3,002 
 811
 872
 854 
 951
 3,487 
 1,031 
 1,086 
1,137 
1,199 
4,453
營業成本
 1,823 
 475
 517
 512 
 558
 2,061 
 608
 645
678 
711
2,642
營業毛利淨額
 1,179 
 336
 356
 342 
 393
 1,426 
 423 
 441
459 
488
1,811
營業費用
 291 
 97
 100
 107 
 116
 420 
 124 
 128
131 
138
521
營業淨利(損)
 888 
 238
 256
 234 
 277
 1,006 
 298 
 313
328 
350
1,289
營業外收支
 
 
 
 
利息收入
 18 
 3
 7
 4 
 6
 19 
 2 
 2
4 
5
13
財務成本
 29 
 7
 6
 7 
 6
 26 
 6 
 6
8 
8
28
其他利益及損失
 29 
 11
 (74)
 33 
 22
 (8) 
 14 
 2
11
-15
12
其他收支淨額
 14 
 10
 2
 3 
 3
 18 
 3 
 3
3 
5
14
營業外收支淨額合計
 32 
18
-71
32 
24
 3 
13 
1
10 
-13
11
稅前淨利
 920 
25",857530a25cb24b2eb1036434,44,,PENDING,,PENDING,,PENDING,0.50,ORANGE,STAGE_TABLELIKE_EXPANSION_REVIEW,VRN_1D1_REPORTTEXT_TABLELIKE_EXPANSION,C:\Users\tonyk\OneDrive\VeritasIntelligenceAnalytics\module\VRN\output\_route_lock_runs\RUN_20260525_195119_VRN_GO_M01_60PDF_FULL_V120\full_input_60pdf\20260519兆豐個股報告-望隼(4771).pdf,2026-06-15T16:25:25.774415,1decbe2a9705fe6ec84bf746f5d2eebf27bcc52b
33280450a5af073c2547,dc367a89b6fb,4771,,兆豐,2026-05-19,2024Q1,2024,Q1,IS,tax_expense,所得稅費用,97.0,97,%,TWD,,7," 
評等分級：買進（預期未來六個月股價漲輻超過+30%）; 逢低買進（預期未來六個月股價漲輻介於+15%與+30%之間）; 區間操
作（預期未來六個月股價漲跌輻介於-15%與+15%之間）; 逢高賣出（預期未來六個月股價跌輻介於-15%與-30%之間）；賣出（預
期未來六個月股價跌輻超過-30%）。 
本刊所刊載之內容僅做為參考，惟已力求正確與完整，但因時間及市場客觀因素改變所造成產業、市場或個股之相關條件改變，投資人需自行考量
投資之需求與風險，本公司恕不負擔任何法律責任。任何轉載或引用本報告內容必須經本公司同意。 
 
- 7 - 
個股報告 
財務報表 
 
季度損益表 
單位：新台幣百萬元 
 4771望隼 
2024 
25Q1 
25Q2 
25Q3 
25Q4 
2025 
26Q1 
26Q2(F) 26Q3(F) 26Q4(F) 2026(F) 
營業收入淨額
 3,002 
 811
 872
 854 
 951
 3,487 
 1,031 
 1,086 
1,137 
1,199 
4,453
營業成本
 1,823 
 475
 517
 512 
 558
 2,061 
 608
 645
678 
711
2,642
營業毛利淨額
 1,179 
 336
 356
 342 
 393
 1,426 
 423 
 441
459 
488
1,811
營業費用
 291 
 97
 100
 107 
 116
 420 
 124 
 128
131 
138
521
營業淨利(損)
 888 
 238
 256
 234 
 277
 1,006 
 298 
 313
328 
350
1,289
營業外收支
 
 
 
 
利息收入
 18 
 3
 7
 4 
 6
 19 
 2 
 2
4 
5
13
財務成本
 29 
 7
 6
 7 
 6
 26 
 6 
 6
8 
8
28
其他利益及損失
 29 
 11
 (74)
 33 
 22
 (8) 
 14 
 2
11
-15
12
其他收支淨額
 14 
 10
 2
 3 
 3
 18 
 3 
 3
3 
5
14
營業外收支淨額合計
 32 
18
-71
32 
24
 3 
13 
1
10 
-13
11
稅前淨利
 920 
25",857530a25cb24b2eb1036434,45,,PENDING,,PENDING,,PENDING,0.50,ORANGE,STAGE_TABLELIKE_EXPANSION_REVIEW,VRN_1D1_REPORTTEXT_TABLELIKE_EXPANSION,C:\Users\tonyk\OneDrive\VeritasIntelligenceAnalytics\module\VRN\output\_route_lock_runs\RUN_20260525_195119_VRN_GO_M01_60PDF_FULL_V120\full_input_60pdf\20260519兆豐個股報告-望隼(4771).pdf,2026-06-15T16:25:25.774424,badad2062c7311f0a6901ee7f456bb716bbbfa9f
33280450a5af073c2547,dc367a89b6fb,4771,,兆豐,2026-05-19,2024Q1,2024,Q1,IS,tax_expense,所得稅費用,100.0,100,%,TWD,,7," 
評等分級：買進（預期未來六個月股價漲輻超過+30%）; 逢低買進（預期未來六個月股價漲輻介於+15%與+30%之間）; 區間操
作（預期未來六個月股價漲跌輻介於-15%與+15%之間）; 逢高賣出（預期未來六個月股價跌輻介於-15%與-30%之間）；賣出（預
期未來六個月股價跌輻超過-30%）。 
本刊所刊載之內容僅做為參考，惟已力求正確與完整，但因時間及市場客觀因素改變所造成產業、市場或個股之相關條件改變，投資人需自行考量
投資之需求與風險，本公司恕不負擔任何法律責任。任何轉載或引用本報告內容必須經本公司同意。 
 
- 7 - 
個股報告 
財務報表 
 
季度損益表 
單位：新台幣百萬元 
 4771望隼 
2024 
25Q1 
25Q2 
25Q3 
25Q4 
2025 
26Q1 
26Q2(F) 26Q3(F) 26Q4(F) 2026(F) 
營業收入淨額
 3,002 
 811
 872
 854 
 951
 3,487 
 1,031 
 1,086 
1,137 
1,199 
4,453
營業成本
 1,823 
 475
 517
 512 
 558
 2,061 
 608
 645
678 
711
2,642
營業毛利淨額
 1,179 
 336
 356
 342 
 393
 1,426 
 423 
 441
459 
488
1,811
營業費用
 291 
 97
 100
 107 
 116
 420 
 124 
 128
131 
138
521
營業淨利(損)
 888 
 238
 256
 234 
 277
 1,006 
 298 
 313
328 
350
1,289
營業外收支
 
 
 
 
利息收入
 18 
 3
 7
 4 
 6
 19 
 2 
 2
4 
5
13
財務成本
 29 
 7
 6
 7 
 6
 26 
 6 
 6
8 
8
28
其他利益及損失
 29 
 11
 (74)
 33 
 22
 (8) 
 14 
 2
11
-15
12
其他收支淨額
 14 
 10
 2
 3 
 3
 18 
 3 
 3
3 
5
14
營業外收支淨額合計
 32 
18
-71
32 
24
 3 
13 
1
10 
-13
11
稅前淨利
 920 
25",857530a25cb24b2eb1036434,46,,PENDING,,PENDING,,PENDING,0.50,ORANGE,STAGE_TABLELIKE_EXPANSION_REVIEW,VRN_1D1_REPORTTEXT_TABLELIKE_EXPANSION,C:\Users\tonyk\OneDrive\VeritasIntelligenceAnalytics\module\VRN\output\_route_lock_runs\RUN_20260525_195119_VRN_GO_M01_60PDF_FULL_V120\full_input_60pdf\20260519兆豐個股報告-望隼(4771).pdf,2026-06-15T16:25:25.774434,384a3b0688f1ae0ab8c6570b380c470e188d2d12
33280450a5af073c2547,dc367a89b6fb,4771,,兆豐,2026-05-19,2024Q1,2024,Q1,IS,tax_expense,所得稅費用,107.0,107,%,TWD,,7," 
評等分級：買進（預期未來六個月股價漲輻超過+30%）; 逢低買進（預期未來六個月股價漲輻介於+15%與+30%之間）; 區間操
作（預期未來六個月股價漲跌輻介於-15%與+15%之間）; 逢高賣出（預期未來六個月股價跌輻介於-15%與-30%之間）；賣出（預
期未來六個月股價跌輻超過-30%）。 
本刊所刊載之內容僅做為參考，惟已力求正確與完整，但因時間及市場客觀因素改變所造成產業、市場或個股之相關條件改變，投資人需自行考量
投資之需求與風險，本公司恕不負擔任何法律責任。任何轉載或引用本報告內容必須經本公司同意。 
 
- 7 - 
個股報告 
財務報表 
 
季度損益表 
單位：新台幣百萬元 
 4771望隼 
2024 
25Q1 
25Q2 
25Q3 
25Q4 
2025 
26Q1 
26Q2(F) 26Q3(F) 26Q4(F) 2026(F) 
營業收入淨額
 3,002 
 811
 872
 854 
 951
 3,487 
 1,031 
 1,086 
1,137 
1,199 
4,453
營業成本
 1,823 
 475
 517
 512 
 558
 2,061 
 608
 645
678 
711
2,642
營業毛利淨額
 1,179 
 336
 356
 342 
 393
 1,426 
 423 
 441
459 
488
1,811
營業費用
 291 
 97
 100
 107 
 116
 420 
 124 
 128
131 
138
521
營業淨利(損)
 888 
 238
 256
 234 
 277
 1,006 
 298 
 313
328 
350
1,289
營業外收支
 
 
 
 
利息收入
 18 
 3
 7
 4 
 6
 19 
 2 
 2
4 
5
13
財務成本
 29 
 7
 6
 7 
 6
 26 
 6 
 6
8 
8
28
其他利益及損失
 29 
 11
 (74)
 33 
 22
 (8) 
 14 
 2
11
-15
12
其他收支淨額
 14 
 10
 2
 3 
 3
 18 
 3 
 3
3 
5
14
營業外收支淨額合計
 32 
18
-71
32 
24
 3 
13 
1
10 
-13
11
稅前淨利
 920 
25",857530a25cb24b2eb1036434,47,,PENDING,,PENDING,,PENDING,0.50,ORANGE,STAGE_TABLELIKE_EXPANSION_REVIEW,VRN_1D1_REPORTTEXT_TABLELIKE_EXPANSION,C:\Users\tonyk\OneDrive\VeritasIntelligenceAnalytics\module\VRN\output\_route_lock_runs\RUN_20260525_195119_VRN_GO_M01_60PDF_FULL_V120\full_input_60pdf\20260519兆豐個股報告-望隼(4771).pdf,2026-06-15T16:25:25.774443,b64c9e62d2dfdd0b936d6531d77a9fbbc71a2a78
33280450a5af073c2547,dc367a89b6fb,4771,,兆豐,2026-05-19,2024Q1,2024,Q1,IS,tax_expense,所得稅費用,116.0,116,%,TWD,,7," 
評等分級：買進（預期未來六個月股價漲輻超過+30%）; 逢低買進（預期未來六個月股價漲輻介於+15%與+30%之間）; 區間操
作（預期未來六個月股價漲跌輻介於-15%與+15%之間）; 逢高賣出（預期未來六個月股價跌輻介於-15%與-30%之間）；賣出（預
期未來六個月股價跌輻超過-30%）。 
本刊所刊載之內容僅做為參考，惟已力求正確與完整，但因時間及市場客觀因素改變所造成產業、市場或個股之相關條件改變，投資人需自行考量
投資之需求與風險，本公司恕不負擔任何法律責任。任何轉載或引用本報告內容必須經本公司同意。 
 
- 7 - 
個股報告 
財務報表 
 
季度損益表 
單位：新台幣百萬元 
 4771望隼 
2024 
25Q1 
25Q2 
25Q3 
25Q4 
2025 
26Q1 
26Q2(F) 26Q3(F) 26Q4(F) 2026(F) 
營業收入淨額
 3,002 
 811
 872
 854 
 951
 3,487 
 1,031 
 1,086 
1,137 
1,199 
4,453
營業成本
 1,823 
 475
 517
 512 
 558
 2,061 
 608
 645
678 
711
2,642
營業毛利淨額
 1,179 
 336
 356
 342 
 393
 1,426 
 423 
 441
459 
488
1,811
營業費用
 291 
 97
 100
 107 
 116
 420 
 124 
 128
131 
138
521
營業淨利(損)
 888 
 238
 256
 234 
 277
 1,006 
 298 
 313
328 
350
1,289
營業外收支
 
 
 
 
利息收入
 18 
 3
 7
 4 
 6
 19 
 2 
 2
4 
5
13
財務成本
 29 
 7
 6
 7 
 6
 26 
 6 
 6
8 
8
28
其他利益及損失
 29 
 11
 (74)
 33 
 22
 (8) 
 14 
 2
11
-15
12
其他收支淨額
 14 
 10
 2
 3 
 3
 18 
 3 
 3
3 
5
14
營業外收支淨額合計
 32 
18
-71
32 
24
 3 
13 
1
10 
-13
11
稅前淨利
 920 
25",857530a25cb24b2eb1036434,48,,PENDING,,PENDING,,PENDING,0.50,ORANGE,STAGE_TABLELIKE_EXPANSION_REVIEW,VRN_1D1_REPORTTEXT_TABLELIKE_EXPANSION,C:\Users\tonyk\OneDrive\VeritasIntelligenceAnalytics\module\VRN\output\_route_lock_runs\RUN_20260525_195119_VRN_GO_M01_60PDF_FULL_V120\full_input_60pdf\20260519兆豐個股報告-望隼(4771).pdf,2026-06-15T16:25:25.774453,7adf1bf80bdfb7d9b461fde2b47bccac876a8cc9
33280450a5af073c2547,dc367a89b6fb,4771,,兆豐,2026-05-19,2024Q1,2024,Q1,IS,tax_expense,所得稅費用,420.0,420,%,TWD,,7," 
評等分級：買進（預期未來六個月股價漲輻超過+30%）; 逢低買進（預期未來六個月股價漲輻介於+15%與+30%之間）; 區間操
作（預期未來六個月股價漲跌輻介於-15%與+15%之間）; 逢高賣出（預期未來六個月股價跌輻介於-15%與-30%之間）；賣出（預
期未來六個月股價跌輻超過-30%）。 
本刊所刊載之內容僅做為參考，惟已力求正確與完整，但因時間及市場客觀因素改變所造成產業、市場或個股之相關條件改變，投資人需自行考量
投資之需求與風險，本公司恕不負擔任何法律責任。任何轉載或引用本報告內容必須經本公司同意。 
 
- 7 - 
個股報告 
財務報表 
 
季度損益表 
單位：新台幣百萬元 
 4771望隼 
2024 
25Q1 
25Q2 
25Q3 
25Q4 
2025 
26Q1 
26Q2(F) 26Q3(F) 26Q4(F) 2026(F) 
營業收入淨額
 3,002 
 811
 872
 854 
 951
 3,487 
 1,031 
 1,086 
1,137 
1,199 
4,453
營業成本
 1,823 
 475
 517
 512 
 558
 2,061 
 608
 645
678 
711
2,642
營業毛利淨額
 1,179 
 336
 356
 342 
 393
 1,426 
 423 
 441
459 
488
1,811
營業費用
 291 
 97
 100
 107 
 116
 420 
 124 
 128
131 
138
521
營業淨利(損)
 888 
 238
 256
 234 
 277
 1,006 
 298 
 313
328 
350
1,289
營業外收支
 
 
 
 
利息收入
 18 
 3
 7
 4 
 6
 19 
 2 
 2
4 
5
13
財務成本
 29 
 7
 6
 7 
 6
 26 
 6 
 6
8 
8
28
其他利益及損失
 29 
 11
 (74)
 33 
 22
 (8) 
 14 
 2
11
-15
12
其他收支淨額
 14 
 10
 2
 3 
 3
 18 
 3 
 3
3 
5
14
營業外收支淨額合計
 32 
18
-71
32 
24
 3 
13 
1
10 
-13
11
稅前淨利
 920 
25",857530a25cb24b2eb1036434,49,,PENDING,,PENDING,,PENDING,0.50,ORANGE,STAGE_TABLELIKE_EXPANSION_REVIEW,VRN_1D1_REPORTTEXT_TABLELIKE_EXPANSION,C:\Users\tonyk\OneDrive\VeritasIntelligenceAnalytics\module\VRN\output\_route_lock_runs\RUN_20260525_195119_VRN_GO_M01_60PDF_FULL_V120\full_input_60pdf\20260519兆豐個股報告-望隼(4771).pdf,2026-06-15T16:25:25.774463,02b08885d118d76eb573a73f6bf06ffb8ef190ce
33280450a5af073c2547,dc367a89b6fb,4771,,兆豐,2026-05-19,2024Q1,2024,Q1,IS,tax_expense,所得稅費用,124.0,124,%,TWD,,7," 
評等分級：買進（預期未來六個月股價漲輻超過+30%）; 逢低買進（預期未來六個月股價漲輻介於+15%與+30%之間）; 區間操
作（預期未來六個月股價漲跌輻介於-15%與+15%之間）; 逢高賣出（預期未來六個月股價跌輻介於-15%與-30%之間）；賣出（預
期未來六個月股價跌輻超過-30%）。 
本刊所刊載之內容僅做為參考，惟已力求正確與完整，但因時間及市場客觀因素改變所造成產業、市場或個股之相關條件改變，投資人需自行考量
投資之需求與風險，本公司恕不負擔任何法律責任。任何轉載或引用本報告內容必須經本公司同意。 
 
- 7 - 
個股報告 
財務報表 
 
季度損益表 
單位：新台幣百萬元 
 4771望隼 
2024 
25Q1 
25Q2 
25Q3 
25Q4 
2025 
26Q1 
26Q2(F) 26Q3(F) 26Q4(F) 2026(F) 
營業收入淨額
 3,002 
 811
 872
 854 
 951
 3,487 
 1,031 
 1,086 
1,137 
1,199 
4,453
營業成本
 1,823 
 475
 517
 512 
 558
 2,061 
 608
 645
678 
711
2,642
營業毛利淨額
 1,179 
 336
 356
 342 
 393
 1,426 
 423 
 441
459 
488
1,811
營業費用
 291 
 97
 100
 107 
 116
 420 
 124 
 128
131 
138
521
營業淨利(損)
 888 
 238
 256
 234 
 277
 1,006 
 298 
 313
328 
350
1,289
營業外收支
 
 
 
 
利息收入
 18 
 3
 7
 4 
 6
 19 
 2 
 2
4 
5
13
財務成本
 29 
 7
 6
 7 
 6
 26 
 6 
 6
8 
8
28
其他利益及損失
 29 
 11
 (74)
 33 
 22
 (8) 
 14 
 2
11
-15
12
其他收支淨額
 14 
 10
 2
 3 
 3
 18 
 3 
 3
3 
5
14
營業外收支淨額合計
 32 
18
-71
32 
24
 3 
13 
1
10 
-13
11
稅前淨利
 920 
25",857530a25cb24b2eb1036434,50,,PENDING,,PENDING,,PENDING,0.50,ORANGE,STAGE_TABLELIKE_EXPANSION_REVIEW,VRN_1D1_REPORTTEXT_TABLELIKE_EXPANSION,C:\Users\tonyk\OneDrive\VeritasIntelligenceAnalytics\module\VRN\output\_route_lock_runs\RUN_20260525_195119_VRN_GO_M01_60PDF_FULL_V120\full_input_60pdf\20260519兆豐個股報告-望隼(4771).pdf,2026-06-15T16:25:25.774472,17e77a45ae03d0cf12e7fb454856e835654beeef
33280450a5af073c2547,dc367a89b6fb,4771,,兆豐,2026-05-19,2024Q1,2024,Q1,IS,tax_expense,所得稅費用,128.0,128,%,TWD,,7," 
評等分級：買進（預期未來六個月股價漲輻超過+30%）; 逢低買進（預期未來六個月股價漲輻介於+15%與+30%之間）; 區間操
作（預期未來六個月股價漲跌輻介於-15%與+15%之間）; 逢高賣出（預期未來六個月股價跌輻介於-15%與-30%之間）；賣出（預
期未來六個月股價跌輻超過-30%）。 
本刊所刊載之內容僅做為參考，惟已力求正確與完整，但因時間及市場客觀因素改變所造成產業、市場或個股之相關條件改變，投資人需自行考量
投資之需求與風險，本公司恕不負擔任何法律責任。任何轉載或引用本報告內容必須經本公司同意。 
 
- 7 - 
個股報告 
財務報表 
 
季度損益表 
單位：新台幣百萬元 
 4771望隼 
2024 
25Q1 
25Q2 
25Q3 
25Q4 
2025 
26Q1 
26Q2(F) 26Q3(F) 26Q4(F) 2026(F) 
營業收入淨額
 3,002 
 811
 872
 854 
 951
 3,487 
 1,031 
 1,086 
1,137 
1,199 
4,453
營業成本
 1,823 
 475
 517
 512 
 558
 2,061 
 608
 645
678 
711
2,642
營業毛利淨額
 1,179 
 336
 356
 342 
 393
 1,426 
 423 
 441
459 
488
1,811
營業費用
 291 
 97
 100
 107 
 116
 420 
 124 
 128
131 
138
521
營業淨利(損)
 888 
 238
 256
 234 
 277
 1,006 
 298 
 313
328 
350
1,289
營業外收支
 
 
 
 
利息收入
 18 
 3
 7
 4 
 6
 19 
 2 
 2
4 
5
13
財務成本
 29 
 7
 6
 7 
 6
 26 
 6 
 6
8 
8
28
其他利益及損失
 29 
 11
 (74)
 33 
 22
 (8) 
 14 
 2
11
-15
12
其他收支淨額
 14 
 10
 2
 3 
 3
 18 
 3 
 3
3 
5
14
營業外收支淨額合計
 32 
18
-71
32 
24
 3 
13 
1
10 
-13
11
稅前淨利
 920 
25",857530a25cb24b2eb1036434,51,,PENDING,,PENDING,,PENDING,0.50,ORANGE,STAGE_TABLELIKE_EXPANSION_REVIEW,VRN_1D1_REPORTTEXT_TABLELIKE_EXPANSION,C:\Users\tonyk\OneDrive\VeritasIntelligenceAnalytics\module\VRN\output\_route_lock_runs\RUN_20260525_195119_VRN_GO_M01_60PDF_FULL_V120\full_input_60pdf\20260519兆豐個股報告-望隼(4771).pdf,2026-06-15T16:25:25.774481,c69fd3c19160f36d3f432373ab0890fee2d93ff3
33280450a5af073c2547,dc367a89b6fb,4771,,兆豐,2026-05-19,2024Q1,2024,Q1,IS,tax_expense,所得稅費用,131.0,131,%,TWD,,7," 
評等分級：買進（預期未來六個月股價漲輻超過+30%）; 逢低買進（預期未來六個月股價漲輻介於+15%與+30%之間）; 區間操
作（預期未來六個月股價漲跌輻介於-15%與+15%之間）; 逢高賣出（預期未來六個月股價跌輻介於-15%與-30%之間）；賣出（預
期未來六個月股價跌輻超過-30%）。 
本刊所刊載之內容僅做為參考，惟已力求正確與完整，但因時間及市場客觀因素改變所造成產業、市場或個股之相關條件改變，投資人需自行考量
投資之需求與風險，本公司恕不負擔任何法律責任。任何轉載或引用本報告內容必須經本公司同意。 
 
- 7 - 
個股報告 
財務報表 
 
季度損益表 
單位：新台幣百萬元 
 4771望隼 
2024 
25Q1 
25Q2 
25Q3 
25Q4 
2025 
26Q1 
26Q2(F) 26Q3(F) 26Q4(F) 2026(F) 
營業收入淨額
 3,002 
 811
 872
 854 
 951
 3,487 
 1,031 
 1,086 
1,137 
1,199 
4,453
營業成本
 1,823 
 475
 517
 512 
 558
 2,061 
 608
 645
678 
711
2,642
營業毛利淨額
 1,179 
 336
 356
 342 
 393
 1,426 
 423 
 441
459 
488
1,811
營業費用
 291 
 97
 100
 107 
 116
 420 
 124 
 128
131 
138
521
營業淨利(損)
 888 
 238
 256
 234 
 277
 1,006 
 298 
 313
328 
350
1,289
營業外收支
 
 
 
 
利息收入
 18 
 3
 7
 4 
 6
 19 
 2 
 2
4 
5
13
財務成本
 29 
 7
 6
 7 
 6
 26 
 6 
 6
8 
8
28
其他利益及損失
 29 
 11
 (74)
 33 
 22
 (8) 
 14 
 2
11
-15
12
其他收支淨額
 14 
 10
 2
 3 
 3
 18 
 3 
 3
3 
5
14
營業外收支淨額合計
 32 
18
-71
32 
24
 3 
13 
1
10 
-13
11
稅前淨利
 920 
25",857530a25cb24b2eb1036434,52,,PENDING,,PENDING,,PENDING,0.50,ORANGE,STAGE_TABLELIKE_EXPANSION_REVIEW,VRN_1D1_REPORTTEXT_TABLELIKE_EXPANSION,C:\Users\tonyk\OneDrive\VeritasIntelligenceAnalytics\module\VRN\output\_route_lock_runs\RUN_20260525_195119_VRN_GO_M01_60PDF_FULL_V120\full_input_60pdf\20260519兆豐個股報告-望隼(4771).pdf,2026-06-15T16:25:25.774491,7faa4ec8dfaa8e3c97a6b2316945ba6f85e46bc0
33280450a5af073c2547,dc367a89b6fb,4771,,兆豐,2026-05-19,2024Q1,2024,Q1,IS,tax_expense,所得稅費用,138.0,138,%,TWD,,7," 
評等分級：買進（預期未來六個月股價漲輻超過+30%）; 逢低買進（預期未來六個月股價漲輻介於+15%與+30%之間）; 區間操
作（預期未來六個月股價漲跌輻介於-15%與+15%之間）; 逢高賣出（預期未來六個月股價跌輻介於-15%與-30%之間）；賣出（預
期未來六個月股價跌輻超過-30%）。 
本刊所刊載之內容僅做為參考，惟已力求正確與完整，但因時間及市場客觀因素改變所造成產業、市場或個股之相關條件改變，投資人需自行考量
投資之需求與風險，本公司恕不負擔任何法律責任。任何轉載或引用本報告內容必須經本公司同意。 
 
- 7 - 
個股報告 
財務報表 
 
季度損益表 
單位：新台幣百萬元 
 4771望隼 
2024 
25Q1 
25Q2 
25Q3 
25Q4 
2025 
26Q1 
26Q2(F) 26Q3(F) 26Q4(F) 2026(F) 
營業收入淨額
 3,002 
 811
 872
 854 
 951
 3,487 
 1,031 
 1,086 
1,137 
1,199 
4,453
營業成本
 1,823 
 475
 517
 512 
 558
 2,061 
 608
 645
678 
711
2,642
營業毛利淨額
 1,179 
 336
 356
 342 
 393
 1,426 
 423 
 441
459 
488
1,811
營業費用
 291 
 97
 100
 107 
 116
 420 
 124 
 128
131 
138
521
營業淨利(損)
 888 
 238
 256
 234 
 277
 1,006 
 298 
 313
328 
350
1,289
營業外收支
 
 
 
 
利息收入
 18 
 3
 7
 4 
 6
 19 
 2 
 2
4 
5
13
財務成本
 29 
 7
 6
 7 
 6
 26 
 6 
 6
8 
8
28
其他利益及損失
 29 
 11
 (74)
 33 
 22
 (8) 
 14 
 2
11
-15
12
其他收支淨額
 14 
 10
 2
 3 
 3
 18 
 3 
 3
3 
5
14
營業外收支淨額合計
 32 
18
-71
32 
24
 3 
13 
1
10 
-13
11
稅前淨利
 920 
25",857530a25cb24b2eb1036434,53,,PENDING,,PENDING,,PENDING,0.50,ORANGE,STAGE_TABLELIKE_EXPANSION_REVIEW,VRN_1D1_REPORTTEXT_TABLELIKE_EXPANSION,C:\Users\tonyk\OneDrive\VeritasIntelligenceAnalytics\module\VRN\output\_route_lock_runs\RUN_20260525_195119_VRN_GO_M01_60PDF_FULL_V120\full_input_60pdf\20260519兆豐個股報告-望隼(4771).pdf,2026-06-15T16:25:25.774500,edb61947e069d13fb2e101844e90aef779759411
33280450a5af073c2547,dc367a89b6fb,4771,,兆豐,2026-05-19,2024Q1,2024,Q1,IS,tax_expense,所得稅費用,521.0,521,%,TWD,,7," 
評等分級：買進（預期未來六個月股價漲輻超過+30%）; 逢低買進（預期未來六個月股價漲輻介於+15%與+30%之間）; 區間操
作（預期未來六個月股價漲跌輻介於-15%與+15%之間）; 逢高賣出（預期未來六個月股價跌輻介於-15%與-30%之間）；賣出（預
期未來六個月股價跌輻超過-30%）。 
本刊所刊載之內容僅做為參考，惟已力求正確與完整，但因時間及市場客觀因素改變所造成產業、市場或個股之相關條件改變，投資人需自行考量
投資之需求與風險，本公司恕不負擔任何法律責任。任何轉載或引用本報告內容必須經本公司同意。 
 
- 7 - 
個股報告 
財務報表 
 
季度損益表 
單位：新台幣百萬元 
 4771望隼 
2024 
25Q1 
25Q2 
25Q3 
25Q4 
2025 
26Q1 
26Q2(F) 26Q3(F) 26Q4(F) 2026(F) 
營業收入淨額
 3,002 
 811
 872
 854 
 951
 3,487 
 1,031 
 1,086 
1,137 
1,199 
4,453
營業成本
 1,823 
 475
 517
 512 
 558
 2,061 
 608
 645
678 
711
2,642
營業毛利淨額
 1,179 
 336
 356
 342 
 393
 1,426 
 423 
 441
459 
488
1,811
營業費用
 291 
 97
 100
 107 
 116
 420 
 124 
 128
131 
138
521
營業淨利(損)
 888 
 238
 256
 234 
 277
 1,006 
 298 
 313
328 
350
1,289
營業外收支
 
 
 
 
利息收入
 18 
 3
 7
 4 
 6
 19 
 2 
 2
4 
5
13
財務成本
 29 
 7
 6
 7 
 6
 26 
 6 
 6
8 
8
28
其他利益及損失
 29 
 11
 (74)
 33 
 22
 (8) 
 14 
 2
11
-15
12
其他收支淨額
 14 
 10
 2
 3 
 3
 18 
 3 
 3
3 
5
14
營業外收支淨額合計
 32 
18
-71
32 
24
 3 
13 
1
10 
-13
11
稅前淨利
 920 
25",857530a25cb24b2eb1036434,54,,PENDING,,PENDING,,PENDING,0.50,ORANGE,STAGE_TABLELIKE_EXPANSION_REVIEW,VRN_1D1_REPORTTEXT_TABLELIKE_EXPANSION,C:\Users\tonyk\OneDrive\VeritasIntelligenceAnalytics\module\VRN\output\_route_lock_runs\RUN_20260525_195119_VRN_GO_M01_60PDF_FULL_V120\full_input_60pdf\20260519兆豐個股報告-望隼(4771).pdf,2026-06-15T16:25:25.774509,73a3c2d5c47f7cd3f6c56fe184845acdd39c3d86
33280450a5af073c2547,dc367a89b6fb,4771,,兆豐,2026-05-19,2024Q1,2024,Q1,IS,tax_expense,所得稅費用,888.0,888,%,TWD,,7," 
評等分級：買進（預期未來六個月股價漲輻超過+30%）; 逢低買進（預期未來六個月股價漲輻介於+15%與+30%之間）; 區間操
作（預期未來六個月股價漲跌輻介於-15%與+15%之間）; 逢高賣出（預期未來六個月股價跌輻介於-15%與-30%之間）；賣出（預
期未來六個月股價跌輻超過-30%）。 
本刊所刊載之內容僅做為參考，惟已力求正確與完整，但因時間及市場客觀因素改變所造成產業、市場或個股之相關條件改變，投資人需自行考量
投資之需求與風險，本公司恕不負擔任何法律責任。任何轉載或引用本報告內容必須經本公司同意。 
 
- 7 - 
個股報告 
財務報表 
 
季度損益表 
單位：新台幣百萬元 
 4771望隼 
2024 
25Q1 
25Q2 
25Q3 
25Q4 
2025 
26Q1 
26Q2(F) 26Q3(F) 26Q4(F) 2026(F) 
營業收入淨額
 3,002 
 811
 872
 854 
 951
 3,487 
 1,031 
 1,086 
1,137 
1,199 
4,453
營業成本
 1,823 
 475
 517
 512 
 558
 2,061 
 608
 645
678 
711
2,642
營業毛利淨額
 1,179 
 336
 356
 342 
 393
 1,426 
 423 
 441
459 
488
1,811
營業費用
 291 
 97
 100
 107 
 116
 420 
 124 
 128
131 
138
521
營業淨利(損)
 888 
 238
 256
 234 
 277
 1,006 
 298 
 313
328 
350
1,289
營業外收支
 
 
 
 
利息收入
 18 
 3
 7
 4 
 6
 19 
 2 
 2
4 
5
13
財務成本
 29 
 7
 6
 7 
 6
 26 
 6 
 6
8 
8
28
其他利益及損失
 29 
 11
 (74)
 33 
 22
 (8) 
 14 
 2
11
-15
12
其他收支淨額
 14 
 10
 2
 3 
 3
 18 
 3 
 3
3 
5
14
營業外收支淨額合計
 32 
18
-71
32 
24
 3 
13 
1
10 
-13
11
稅前淨利
 920 
25",857530a25cb24b2eb1036434,55,,PENDING,,PENDING,,PENDING,0.50,ORANGE,STAGE_TABLELIKE_EXPANSION_REVIEW,VRN_1D1_REPORTTEXT_TABLELIKE_EXPANSION,C:\Users\tonyk\OneDrive\VeritasIntelligenceAnalytics\module\VRN\output\_route_lock_runs\RUN_20260525_195119_VRN_GO_M01_60PDF_FULL_V120\full_input_60pdf\20260519兆豐個股報告-望隼(4771).pdf,2026-06-15T16:25:25.774519,8bd4988f129edaf96351658cd3d1ef3927c44257
33280450a5af073c2547,dc367a89b6fb,4771,,兆豐,2026-05-19,2024Q1,2024,Q1,IS,tax_expense,所得稅費用,238.0,238,%,TWD,,7," 
評等分級：買進（預期未來六個月股價漲輻超過+30%）; 逢低買進（預期未來六個月股價漲輻介於+15%與+30%之間）; 區間操
作（預期未來六個月股價漲跌輻介於-15%與+15%之間）; 逢高賣出（預期未來六個月股價跌輻介於-15%與-30%之間）；賣出（預
期未來六個月股價跌輻超過-30%）。 
本刊所刊載之內容僅做為參考，惟已力求正確與完整，但因時間及市場客觀因素改變所造成產業、市場或個股之相關條件改變，投資人需自行考量
投資之需求與風險，本公司恕不負擔任何法律責任。任何轉載或引用本報告內容必須經本公司同意。 
 
- 7 - 
個股報告 
財務報表 
 
季度損益表 
單位：新台幣百萬元 
 4771望隼 
2024 
25Q1 
25Q2 
25Q3 
25Q4 
2025 
26Q1 
26Q2(F) 26Q3(F) 26Q4(F) 2026(F) 
營業收入淨額
 3,002 
 811
 872
 854 
 951
 3,487 
 1,031 
 1,086 
1,137 
1,199 
4,453
營業成本
 1,823 
 475
 517
 512 
 558
 2,061 
 608
 645
678 
711
2,642
營業毛利淨額
 1,179 
 336
 356
 342 
 393
 1,426 
 423 
 441
459 
488
1,811
營業費用
 291 
 97
 100
 107 
 116
 420 
 124 
 128
131 
138
521
營業淨利(損)
 888 
 238
 256
 234 
 277
 1,006 
 298 
 313
328 
350
1,289
營業外收支
 
 
 
 
利息收入
 18 
 3
 7
 4 
 6
 19 
 2 
 2
4 
5
13
財務成本
 29 
 7
 6
 7 
 6
 26 
 6 
 6
8 
8
28
其他利益及損失
 29 
 11
 (74)
 33 
 22
 (8) 
 14 
 2
11
-15
12
其他收支淨額
 14 
 10
 2
 3 
 3
 18 
 3 
 3
3 
5
14
營業外收支淨額合計
 32 
18
-71
32 
24
 3 
13 
1
10 
-13
11
稅前淨利
 920 
25",857530a25cb24b2eb1036434,56,,PENDING,,PENDING,,PENDING,0.50,ORANGE,STAGE_TABLELIKE_EXPANSION_REVIEW,VRN_1D1_REPORTTEXT_TABLELIKE_EXPANSION,C:\Users\tonyk\OneDrive\VeritasIntelligenceAnalytics\module\VRN\output\_route_lock_runs\RUN_20260525_195119_VRN_GO_M01_60PDF_FULL_V120\full_input_60pdf\20260519兆豐個股報告-望隼(4771).pdf,2026-06-15T16:25:25.774528,7a5377a20848400b0d36a5ede3c31dc5b077f44d
33280450a5af073c2547,dc367a89b6fb,4771,,兆豐,2026-05-19,2024Q1,2024,Q1,IS,tax_expense,所得稅費用,256.0,256,%,TWD,,7," 
評等分級：買進（預期未來六個月股價漲輻超過+30%）; 逢低買進（預期未來六個月股價漲輻介於+15%與+30%之間）; 區間操
作（預期未來六個月股價漲跌輻介於-15%與+15%之間）; 逢高賣出（預期未來六個月股價跌輻介於-15%與-30%之間）；賣出（預
期未來六個月股價跌輻超過-30%）。 
本刊所刊載之內容僅做為參考，惟已力求正確與完整，但因時間及市場客觀因素改變所造成產業、市場或個股之相關條件改變，投資人需自行考量
投資之需求與風險，本公司恕不負擔任何法律責任。任何轉載或引用本報告內容必須經本公司同意。 
 
- 7 - 
個股報告 
財務報表 
 
季度損益表 
單位：新台幣百萬元 
 4771望隼 
2024 
25Q1 
25Q2 
25Q3 
25Q4 
2025 
26Q1 
26Q2(F) 26Q3(F) 26Q4(F) 2026(F) 
營業收入淨額
 3,002 
 811
 872
 854 
 951
 3,487 
 1,031 
 1,086 
1,137 
1,199 
4,453
營業成本
 1,823 
 475
 517
 512 
 558
 2,061 
 608
 645
678 
711
2,642
營業毛利淨額
 1,179 
 336
 356
 342 
 393
 1,426 
 423 
 441
459 
488
1,811
營業費用
 291 
 97
 100
 107 
 116
 420 
 124 
 128
131 
138
521
營業淨利(損)
 888 
 238
 256
 234 
 277
 1,006 
 298 
 313
328 
350
1,289
營業外收支
 
 
 
 
利息收入
 18 
 3
 7
 4 
 6
 19 
 2 
 2
4 
5
13
財務成本
 29 
 7
 6
 7 
 6
 26 
 6 
 6
8 
8
28
其他利益及損失
 29 
 11
 (74)
 33 
 22
 (8) 
 14 
 2
11
-15
12
其他收支淨額
 14 
 10
 2
 3 
 3
 18 
 3 
 3
3 
5
14
營業外收支淨額合計
 32 
18
-71
32 
24
 3 
13 
1
10 
-13
11
稅前淨利
 920 
25",857530a25cb24b2eb1036434,57,,PENDING,,PENDING,,PENDING,0.50,ORANGE,STAGE_TABLELIKE_EXPANSION_REVIEW,VRN_1D1_REPORTTEXT_TABLELIKE_EXPANSION,C:\Users\tonyk\OneDrive\VeritasIntelligenceAnalytics\module\VRN\output\_route_lock_runs\RUN_20260525_195119_VRN_GO_M01_60PDF_FULL_V120\full_input_60pdf\20260519兆豐個股報告-望隼(4771).pdf,2026-06-15T16:25:25.774538,a8fbb474c9313ee0ae35494365c5af81d06d3a62
33280450a5af073c2547,dc367a89b6fb,4771,,兆豐,2026-05-19,2024Q1,2024,Q1,IS,tax_expense,所得稅費用,234.0,234,%,TWD,,7," 
評等分級：買進（預期未來六個月股價漲輻超過+30%）; 逢低買進（預期未來六個月股價漲輻介於+15%與+30%之間）; 區間操
作（預期未來六個月股價漲跌輻介於-15%與+15%之間）; 逢高賣出（預期未來六個月股價跌輻介於-15%與-30%之間）；賣出（預
期未來六個月股價跌輻超過-30%）。 
本刊所刊載之內容僅做為參考，惟已力求正確與完整，但因時間及市場客觀因素改變所造成產業、市場或個股之相關條件改變，投資人需自行考量
投資之需求與風險，本公司恕不負擔任何法律責任。任何轉載或引用本報告內容必須經本公司同意。 
 
- 7 - 
個股報告 
財務報表 
 
季度損益表 
單位：新台幣百萬元 
 4771望隼 
2024 
25Q1 
25Q2 
25Q3 
25Q4 
2025 
26Q1 
26Q2(F) 26Q3(F) 26Q4(F) 2026(F) 
營業收入淨額
 3,002 
 811
 872
 854 
 951
 3,487 
 1,031 
 1,086 
1,137 
1,199 
4,453
營業成本
 1,823 
 475
 517
 512 
 558
 2,061 
 608
 645
678 
711
2,642
營業毛利淨額
 1,179 
 336
 356
 342 
 393
 1,426 
 423 
 441
459 
488
1,811
營業費用
 291 
 97
 100
 107 
 116
 420 
 124 
 128
131 
138
521
營業淨利(損)
 888 
 238
 256
 234 
 277
 1,006 
 298 
 313
328 
350
1,289
營業外收支
 
 
 
 
利息收入
 18 
 3
 7
 4 
 6
 19 
 2 
 2
4 
5
13
財務成本
 29 
 7
 6
 7 
 6
 26 
 6 
 6
8 
8
28
其他利益及損失
 29 
 11
 (74)
 33 
 22
 (8) 
 14 
 2
11
-15
12
其他收支淨額
 14 
 10
 2
 3 
 3
 18 
 3 
 3
3 
5
14
營業外收支淨額合計
 32 
18
-71
32 
24
 3 
13 
1
10 
-13
11
稅前淨利
 920 
25",857530a25cb24b2eb1036434,58,,PENDING,,PENDING,,PENDING,0.50,ORANGE,STAGE_TABLELIKE_EXPANSION_REVIEW,VRN_1D1_REPORTTEXT_TABLELIKE_EXPANSION,C:\Users\tonyk\OneDrive\VeritasIntelligenceAnalytics\module\VRN\output\_route_lock_runs\RUN_20260525_195119_VRN_GO_M01_60PDF_FULL_V120\full_input_60pdf\20260519兆豐個股報告-望隼(4771).pdf,2026-06-15T16:25:25.774547,a4b363ae9bce223563c35a4be670e88251860ac3
33280450a5af073c2547,dc367a89b6fb,4771,,兆豐,2026-05-19,2024Q1,2024,Q1,IS,tax_expense,所得稅費用,277.0,277,%,TWD,,7," 
評等分級：買進（預期未來六個月股價漲輻超過+30%）; 逢低買進（預期未來六個月股價漲輻介於+15%與+30%之間）; 區間操
作（預期未來六個月股價漲跌輻介於-15%與+15%之間）; 逢高賣出（預期未來六個月股價跌輻介於-15%與-30%之間）；賣出（預
期未來六個月股價跌輻超過-30%）。 
本刊所刊載之內容僅做為參考，惟已力求正確與完整，但因時間及市場客觀因素改變所造成產業、市場或個股之相關條件改變，投資人需自行考量
投資之需求與風險，本公司恕不負擔任何法律責任。任何轉載或引用本報告內容必須經本公司同意。 
 
- 7 - 
個股報告 
財務報表 
 
季度損益表 
單位：新台幣百萬元 
 4771望隼 
2024 
25Q1 
25Q2 
25Q3 
25Q4 
2025 
26Q1 
26Q2(F) 26Q3(F) 26Q4(F) 2026(F) 
營業收入淨額
 3,002 
 811
 872
 854 
 951
 3,487 
 1,031 
 1,086 
1,137 
1,199 
4,453
營業成本
 1,823 
 475
 517
 512 
 558
 2,061 
 608
 645
678 
711
2,642
營業毛利淨額
 1,179 
 336
 356
 342 
 393
 1,426 
 423 
 441
459 
488
1,811
營業費用
 291 
 97
 100
 107 
 116
 420 
 124 
 128
131 
138
521
營業淨利(損)
 888 
 238
 256
 234 
 277
 1,006 
 298 
 313
328 
350
1,289
營業外收支
 
 
 
 
利息收入
 18 
 3
 7
 4 
 6
 19 
 2 
 2
4 
5
13
財務成本
 29 
 7
 6
 7 
 6
 26 
 6 
 6
8 
8
28
其他利益及損失
 29 
 11
 (74)
 33 
 22
 (8) 
 14 
 2
11
-15
12
其他收支淨額
 14 
 10
 2
 3 
 3
 18 
 3 
 3
3 
5
14
營業外收支淨額合計
 32 
18
-71
32 
24
 3 
13 
1
10 
-13
11
稅前淨利
 920 
25",857530a25cb24b2eb1036434,59,,PENDING,,PENDING,,PENDING,0.50,ORANGE,STAGE_TABLELIKE_EXPANSION_REVIEW,VRN_1D1_REPORTTEXT_TABLELIKE_EXPANSION,C:\Users\tonyk\OneDrive\VeritasIntelligenceAnalytics\module\VRN\output\_route_lock_runs\RUN_20260525_195119_VRN_GO_M01_60PDF_FULL_V120\full_input_60pdf\20260519兆豐個股報告-望隼(4771).pdf,2026-06-15T16:25:25.774557,592e60d055b03475db4c051cace315ba0995614e
33280450a5af073c2547,dc367a89b6fb,4771,,兆豐,2026-05-19,2024Q1,2024,Q1,IS,tax_expense,所得稅費用,1006.0,"1,006",%,TWD,,7," 
評等分級：買進（預期未來六個月股價漲輻超過+30%）; 逢低買進（預期未來六個月股價漲輻介於+15%與+30%之間）; 區間操
作（預期未來六個月股價漲跌輻介於-15%與+15%之間）; 逢高賣出（預期未來六個月股價跌輻介於-15%與-30%之間）；賣出（預
期未來六個月股價跌輻超過-30%）。 
本刊所刊載之內容僅做為參考，惟已力求正確與完整，但因時間及市場客觀因素改變所造成產業、市場或個股之相關條件改變，投資人需自行考量
投資之需求與風險，本公司恕不負擔任何法律責任。任何轉載或引用本報告內容必須經本公司同意。 
 
- 7 - 
個股報告 
財務報表 
 
季度損益表 
單位：新台幣百萬元 
 4771望隼 
2024 
25Q1 
25Q2 
25Q3 
25Q4 
2025 
26Q1 
26Q2(F) 26Q3(F) 26Q4(F) 2026(F) 
營業收入淨額
 3,002 
 811
 872
 854 
 951
 3,487 
 1,031 
 1,086 
1,137 
1,199 
4,453
營業成本
 1,823 
 475
 517
 512 
 558
 2,061 
 608
 645
678 
711
2,642
營業毛利淨額
 1,179 
 336
 356
 342 
 393
 1,426 
 423 
 441
459 
488
1,811
營業費用
 291 
 97
 100
 107 
 116
 420 
 124 
 128
131 
138
521
營業淨利(損)
 888 
 238
 256
 234 
 277
 1,006 
 298 
 313
328 
350
1,289
營業外收支
 
 
 
 
利息收入
 18 
 3
 7
 4 
 6
 19 
 2 
 2
4 
5
13
財務成本
 29 
 7
 6
 7 
 6
 26 
 6 
 6
8 
8
28
其他利益及損失
 29 
 11
 (74)
 33 
 22
 (8) 
 14 
 2
11
-15
12
其他收支淨額
 14 
 10
 2
 3 
 3
 18 
 3 
 3
3 
5
14
營業外收支淨額合計
 32 
18
-71
32 
24
 3 
13 
1
10 
-13
11
稅前淨利
 920 
25",857530a25cb24b2eb1036434,60,,PENDING,,PENDING,,PENDING,0.50,ORANGE,STAGE_TABLELIKE_EXPANSION_REVIEW,VRN_1D1_REPORTTEXT_TABLELIKE_EXPANSION,C:\Users\tonyk\OneDrive\VeritasIntelligenceAnalytics\module\VRN\output\_route_lock_runs\RUN_20260525_195119_VRN_GO_M01_60PDF_FULL_V120\full_input_60pdf\20260519兆豐個股報告-望隼(4771).pdf,2026-06-15T16:25:25.774566,d60c4b47c9a1b39717d3bfe877f79bcc0d7793c4
33280450a5af073c2547,dc367a89b6fb,4771,,兆豐,2026-05-19,2024Q1,2024,Q1,IS,tax_expense,所得稅費用,298.0,298,%,TWD,,7," 
評等分級：買進（預期未來六個月股價漲輻超過+30%）; 逢低買進（預期未來六個月股價漲輻介於+15%與+30%之間）; 區間操
作（預期未來六個月股價漲跌輻介於-15%與+15%之間）; 逢高賣出（預期未來六個月股價跌輻介於-15%與-30%之間）；賣出（預
期未來六個月股價跌輻超過-30%）。 
本刊所刊載之內容僅做為參考，惟已力求正確與完整，但因時間及市場客觀因素改變所造成產業、市場或個股之相關條件改變，投資人需自行考量
投資之需求與風險，本公司恕不負擔任何法律責任。任何轉載或引用本報告內容必須經本公司同意。 
 
- 7 - 
個股報告 
財務報表 
 
季度損益表 
單位：新台幣百萬元 
 4771望隼 
2024 
25Q1 
25Q2 
25Q3 
25Q4 
2025 
26Q1 
26Q2(F) 26Q3(F) 26Q4(F) 2026(F) 
營業收入淨額
 3,002 
 811
 872
 854 
 951
 3,487 
 1,031 
 1,086 
1,137 
1,199 
4,453
營業成本
 1,823 
 475
 517
 512 
 558
 2,061 
 608
 645
678 
711
2,642
營業毛利淨額
 1,179 
 336
 356
 342 
 393
 1,426 
 423 
 441
459 
488
1,811
營業費用
 291 
 97
 100
 107 
 116
 420 
 124 
 128
131 
138
521
營業淨利(損)
 888 
 238
 256
 234 
 277
 1,006 
 298 
 313
328 
350
1,289
營業外收支
 
 
 
 
利息收入
 18 
 3
 7
 4 
 6
 19 
 2 
 2
4 
5
13
財務成本
 29 
 7
 6
 7 
 6
 26 
 6 
 6
8 
8
28
其他利益及損失
 29 
 11
 (74)
 33 
 22
 (8) 
 14 
 2
11
-15
12
其他收支淨額
 14 
 10
 2
 3 
 3
 18 
 3 
 3
3 
5
14
營業外收支淨額合計
 32 
18
-71
32 
24
 3 
13 
1
10 
-13
11
稅前淨利
 920 
25",857530a25cb24b2eb1036434,61,,PENDING,,PENDING,,PENDING,0.50,ORANGE,STAGE_TABLELIKE_EXPANSION_REVIEW,VRN_1D1_REPORTTEXT_TABLELIKE_EXPANSION,C:\Users\tonyk\OneDrive\VeritasIntelligenceAnalytics\module\VRN\output\_route_lock_runs\RUN_20260525_195119_VRN_GO_M01_60PDF_FULL_V120\full_input_60pdf\20260519兆豐個股報告-望隼(4771).pdf,2026-06-15T16:25:25.774578,ecde698f5f05255be507ff7c985a8812fcefe3c7
33280450a5af073c2547,dc367a89b6fb,4771,,兆豐,2026-05-19,2024Q1,2024,Q1,IS,tax_expense,所得稅費用,313.0,313,%,TWD,,7," 
評等分級：買進（預期未來六個月股價漲輻超過+30%）; 逢低買進（預期未來六個月股價漲輻介於+15%與+30%之間）; 區間操
作（預期未來六個月股價漲跌輻介於-15%與+15%之間）; 逢高賣出（預期未來六個月股價跌輻介於-15%與-30%之間）；賣出（預
期未來六個月股價跌輻超過-30%）。 
本刊所刊載之內容僅做為參考，惟已力求正確與完整，但因時間及市場客觀因素改變所造成產業、市場或個股之相關條件改變，投資人需自行考量
投資之需求與風險，本公司恕不負擔任何法律責任。任何轉載或引用本報告內容必須經本公司同意。 
 
- 7 - 
個股報告 
財務報表 
 
季度損益表 
單位：新台幣百萬元 
 4771望隼 
2024 
25Q1 
25Q2 
25Q3 
25Q4 
2025 
26Q1 
26Q2(F) 26Q3(F) 26Q4(F) 2026(F) 
營業收入淨額
 3,002 
 811
 872
 854 
 951
 3,487 
 1,031 
 1,086 
1,137 
1,199 
4,453
營業成本
 1,823 
 475
 517
 512 
 558
 2,061 
 608
 645
678 
711
2,642
營業毛利淨額
 1,179 
 336
 356
 342 
 393
 1,426 
 423 
 441
459 
488
1,811
營業費用
 291 
 97
 100
 107 
 116
 420 
 124 
 128
131 
138
521
營業淨利(損)
 888 
 238
 256
 234 
 277
 1,006 
 298 
 313
328 
350
1,289
營業外收支
 
 
 
 
利息收入
 18 
 3
 7
 4 
 6
 19 
 2 
 2
4 
5
13
財務成本
 29 
 7
 6
 7 
 6
 26 
 6 
 6
8 
8
28
其他利益及損失
 29 
 11
 (74)
 33 
 22
 (8) 
 14 
 2
11
-15
12
其他收支淨額
 14 
 10
 2
 3 
 3
 18 
 3 
 3
3 
5
14
營業外收支淨額合計
 32 
18
-71
32 
24
 3 
13 
1
10 
-13
11
稅前淨利
 920 
25",857530a25cb24b2eb1036434,62,,PENDING,,PENDING,,PENDING,0.50,ORANGE,STAGE_TABLELIKE_EXPANSION_REVIEW,VRN_1D1_REPORTTEXT_TABLELIKE_EXPANSION,C:\Users\tonyk\OneDrive\VeritasIntelligenceAnalytics\module\VRN\output\_route_lock_runs\RUN_20260525_195119_VRN_GO_M01_60PDF_FULL_V120\full_input_60pdf\20260519兆豐個股報告-望隼(4771).pdf,2026-06-15T16:25:25.774587,5b767dbdd7de7afcd8e1e8ffc64924b11adac93f
33280450a5af073c2547,dc367a89b6fb,4771,,兆豐,2026-05-19,2024Q1,2024,Q1,IS,tax_expense,所得稅費用,328.0,328,%,TWD,,7," 
評等分級：買進（預期未來六個月股價漲輻超過+30%）; 逢低買進（預期未來六個月股價漲輻介於+15%與+30%之間）; 區間操
作（預期未來六個月股價漲跌輻介於-15%與+15%之間）; 逢高賣出（預期未來六個月股價跌輻介於-15%與-30%之間）；賣出（預
期未來六個月股價跌輻超過-30%）。 
本刊所刊載之內容僅做為參考，惟已力求正確與完整，但因時間及市場客觀因素改變所造成產業、市場或個股之相關條件改變，投資人需自行考量
投資之需求與風險，本公司恕不負擔任何法律責任。任何轉載或引用本報告內容必須經本公司同意。 
 
- 7 - 
個股報告 
財務報表 
 
季度損益表 
單位：新台幣百萬元 
 4771望隼 
2024 
25Q1 
25Q2 
25Q3 
25Q4 
2025 
26Q1 
26Q2(F) 26Q3(F) 26Q4(F) 2026(F) 
營業收入淨額
 3,002 
 811
 872
 854 
 951
 3,487 
 1,031 
 1,086 
1,137 
1,199 
4,453
營業成本
 1,823 
 475
 517
 512 
 558
 2,061 
 608
 645
678 
711
2,642
營業毛利淨額
 1,179 
 336
 356
 342 
 393
 1,426 
 423 
 441
459 
488
1,811
營業費用
 291 
 97
 100
 107 
 116
 420 
 124 
 128
131 
138
521
營業淨利(損)
 888 
 238
 256
 234 
 277
 1,006 
 298 
 313
328 
350
1,289
營業外收支
 
 
 
 
利息收入
 18 
 3
 7
 4 
 6
 19 
 2 
 2
4 
5
13
財務成本
 29 
 7
 6
 7 
 6
 26 
 6 
 6
8 
8
28
其他利益及損失
 29 
 11
 (74)
 33 
 22
 (8) 
 14 
 2
11
-15
12
其他收支淨額
 14 
 10
 2
 3 
 3
 18 
 3 
 3
3 
5
14
營業外收支淨額合計
 32 
18
-71
32 
24
 3 
13 
1
10 
-13
11
稅前淨利
 920 
25",857530a25cb24b2eb1036434,63,,PENDING,,PENDING,,PENDING,0.50,ORANGE,STAGE_TABLELIKE_EXPANSION_REVIEW,VRN_1D1_REPORTTEXT_TABLELIKE_EXPANSION,C:\Users\tonyk\OneDrive\VeritasIntelligenceAnalytics\module\VRN\output\_route_lock_runs\RUN_20260525_195119_VRN_GO_M01_60PDF_FULL_V120\full_input_60pdf\20260519兆豐個股報告-望隼(4771).pdf,2026-06-15T16:25:25.774599,2991fadeb5d6073564ae929fbc82e22d8ef49a79
33280450a5af073c2547,dc367a89b6fb,4771,,兆豐,2026-05-19,2024Q1,2024,Q1,IS,tax_expense,所得稅費用,350.0,350,%,TWD,,7," 
評等分級：買進（預期未來六個月股價漲輻超過+30%）; 逢低買進（預期未來六個月股價漲輻介於+15%與+30%之間）; 區間操
作（預期未來六個月股價漲跌輻介於-15%與+15%之間）; 逢高賣出（預期未來六個月股價跌輻介於-15%與-30%之間）；賣出（預
期未來六個月股價跌輻超過-30%）。 
本刊所刊載之內容僅做為參考，惟已力求正確與完整，但因時間及市場客觀因素改變所造成產業、市場或個股之相關條件改變，投資人需自行考量
投資之需求與風險，本公司恕不負擔任何法律責任。任何轉載或引用本報告內容必須經本公司同意。 
 
- 7 - 
個股報告 
財務報表 
 
季度損益表 
單位：新台幣百萬元 
 4771望隼 
2024 
25Q1 
25Q2 
25Q3 
25Q4 
2025 
26Q1 
26Q2(F) 26Q3(F) 26Q4(F) 2026(F) 
營業收入淨額
 3,002 
 811
 872
 854 
 951
 3,487 
 1,031 
 1,086 
1,137 
1,199 
4,453
營業成本
 1,823 
 475
 517
 512 
 558
 2,061 
 608
 645
678 
711
2,642
營業毛利淨額
 1,179 
 336
 356
 342 
 393
 1,426 
 423 
 441
459 
488
1,811
營業費用
 291 
 97
 100
 107 
 116
 420 
 124 
 128
131 
138
521
營業淨利(損)
 888 
 238
 256
 234 
 277
 1,006 
 298 
 313
328 
350
1,289
營業外收支
 
 
 
 
利息收入
 18 
 3
 7
 4 
 6
 19 
 2 
 2
4 
5
13
財務成本
 29 
 7
 6
 7 
 6
 26 
 6 
 6
8 
8
28
其他利益及損失
 29 
 11
 (74)
 33 
 22
 (8) 
 14 
 2
11
-15
12
其他收支淨額
 14 
 10
 2
 3 
 3
 18 
 3 
 3
3 
5
14
營業外收支淨額合計
 32 
18
-71
32 
24
 3 
13 
1
10 
-13
11
稅前淨利
 920 
25",857530a25cb24b2eb1036434,64,,PENDING,,PENDING,,PENDING,0.50,ORANGE,STAGE_TABLELIKE_EXPANSION_REVIEW,VRN_1D1_REPORTTEXT_TABLELIKE_EXPANSION,C:\Users\tonyk\OneDrive\VeritasIntelligenceAnalytics\module\VRN\output\_route_lock_runs\RUN_20260525_195119_VRN_GO_M01_60PDF_FULL_V120\full_input_60pdf\20260519兆豐個股報告-望隼(4771).pdf,2026-06-15T16:25:25.774608,056adf39e665ffbbf8c57b4370bead11543c186a
33280450a5af073c2547,dc367a89b6fb,4771,,兆豐,2026-05-19,2024Q1,2024,Q1,IS,tax_expense,所得稅費用,1289.0,"1,289",%,TWD,,7," 
評等分級：買進（預期未來六個月股價漲輻超過+30%）; 逢低買進（預期未來六個月股價漲輻介於+15%與+30%之間）; 區間操
作（預期未來六個月股價漲跌輻介於-15%與+15%之間）; 逢高賣出（預期未來六個月股價跌輻介於-15%與-30%之間）；賣出（預
期未來六個月股價跌輻超過-30%）。 
本刊所刊載之內容僅做為參考，惟已力求正確與完整，但因時間及市場客觀因素改變所造成產業、市場或個股之相關條件改變，投資人需自行考量
投資之需求與風險，本公司恕不負擔任何法律責任。任何轉載或引用本報告內容必須經本公司同意。 
 
- 7 - 
個股報告 
財務報表 
 
季度損益表 
單位：新台幣百萬元 
 4771望隼 
2024 
25Q1 
25Q2 
25Q3 
25Q4 
2025 
26Q1 
26Q2(F) 26Q3(F) 26Q4(F) 2026(F) 
營業收入淨額
 3,002 
 811
 872
 854 
 951
 3,487 
 1,031 
 1,086 
1,137 
1,199 
4,453
營業成本
 1,823 
 475
 517
 512 
 558
 2,061 
 608
 645
678 
711
2,642
營業毛利淨額
 1,179 
 336
 356
 342 
 393
 1,426 
 423 
 441
459 
488
1,811
營業費用
 291 
 97
 100
 107 
 116
 420 
 124 
 128
131 
138
521
營業淨利(損)
 888 
 238
 256
 234 
 277
 1,006 
 298 
 313
328 
350
1,289
營業外收支
 
 
 
 
利息收入
 18 
 3
 7
 4 
 6
 19 
 2 
 2
4 
5
13
財務成本
 29 
 7
 6
 7 
 6
 26 
 6 
 6
8 
8
28
其他利益及損失
 29 
 11
 (74)
 33 
 22
 (8) 
 14 
 2
11
-15
12
其他收支淨額
 14 
 10
 2
 3 
 3
 18 
 3 
 3
3 
5
14
營業外收支淨額合計
 32 
18
-71
32 
24
 3 
13 
1
10 
-13
11
稅前淨利
 920 
25",857530a25cb24b2eb1036434,65,,PENDING,,PENDING,,PENDING,0.50,ORANGE,STAGE_TABLELIKE_EXPANSION_REVIEW,VRN_1D1_REPORTTEXT_TABLELIKE_EXPANSION,C:\Users\tonyk\OneDrive\VeritasIntelligenceAnalytics\module\VRN\output\_route_lock_runs\RUN_20260525_195119_VRN_GO_M01_60PDF_FULL_V120\full_input_60pdf\20260519兆豐個股報告-望隼(4771).pdf,2026-06-15T16:25:25.774618,a84e5b6703593a75bbe441c32efcc4f108b425ad
33280450a5af073c2547,dc367a89b6fb,4771,,兆豐,2026-05-19,2024Q1,2024,Q1,IS,tax_expense,所得稅費用,18.0,18,%,TWD,,7," 
評等分級：買進（預期未來六個月股價漲輻超過+30%）; 逢低買進（預期未來六個月股價漲輻介於+15%與+30%之間）; 區間操
作（預期未來六個月股價漲跌輻介於-15%與+15%之間）; 逢高賣出（預期未來六個月股價跌輻介於-15%與-30%之間）；賣出（預
期未來六個月股價跌輻超過-30%）。 
本刊所刊載之內容僅做為參考，惟已力求正確與完整，但因時間及市場客觀因素改變所造成產業、市場或個股之相關條件改變，投資人需自行考量
投資之需求與風險，本公司恕不負擔任何法律責任。任何轉載或引用本報告內容必須經本公司同意。 
 
- 7 - 
個股報告 
財務報表 
 
季度損益表 
單位：新台幣百萬元 
 4771望隼 
2024 
25Q1 
25Q2 
25Q3 
25Q4 
2025 
26Q1 
26Q2(F) 26Q3(F) 26Q4(F) 2026(F) 
營業收入淨額
 3,002 
 811
 872
 854 
 951
 3,487 
 1,031 
 1,086 
1,137 
1,199 
4,453
營業成本
 1,823 
 475
 517
 512 
 558
 2,061 
 608
 645
678 
711
2,642
營業毛利淨額
 1,179 
 336
 356
 342 
 393
 1,426 
 423 
 441
459 
488
1,811
營業費用
 291 
 97
 100
 107 
 116
 420 
 124 
 128
131 
138
521
營業淨利(損)
 888 
 238
 256
 234 
 277
 1,006 
 298 
 313
328 
350
1,289
營業外收支
 
 
 
 
利息收入
 18 
 3
 7
 4 
 6
 19 
 2 
 2
4 
5
13
財務成本
 29 
 7
 6
 7 
 6
 26 
 6 
 6
8 
8
28
其他利益及損失
 29 
 11
 (74)
 33 
 22
 (8) 
 14 
 2
11
-15
12
其他收支淨額
 14 
 10
 2
 3 
 3
 18 
 3 
 3
3 
5
14
營業外收支淨額合計
 32 
18
-71
32 
24
 3 
13 
1
10 
-13
11
稅前淨利
 920 
25",857530a25cb24b2eb1036434,66,,PENDING,,PENDING,,PENDING,0.50,ORANGE,STAGE_TABLELIKE_EXPANSION_REVIEW,VRN_1D1_REPORTTEXT_TABLELIKE_EXPANSION,C:\Users\tonyk\OneDrive\VeritasIntelligenceAnalytics\module\VRN\output\_route_lock_runs\RUN_20260525_195119_VRN_GO_M01_60PDF_FULL_V120\full_input_60pdf\20260519兆豐個股報告-望隼(4771).pdf,2026-06-15T16:25:25.774627,b1086bbe5fa8e0ec18addf82fd44447cdabdeabf
33280450a5af073c2547,dc367a89b6fb,4771,,兆豐,2026-05-19,2024Q1,2024,Q1,IS,tax_expense,所得稅費用,3.0,3,%,TWD,,7," 
評等分級：買進（預期未來六個月股價漲輻超過+30%）; 逢低買進（預期未來六個月股價漲輻介於+15%與+30%之間）; 區間操
作（預期未來六個月股價漲跌輻介於-15%與+15%之間）; 逢高賣出（預期未來六個月股價跌輻介於-15%與-30%之間）；賣出（預
期未來六個月股價跌輻超過-30%）。 
本刊所刊載之內容僅做為參考，惟已力求正確與完整，但因時間及市場客觀因素改變所造成產業、市場或個股之相關條件改變，投資人需自行考量
投資之需求與風險，本公司恕不負擔任何法律責任。任何轉載或引用本報告內容必須經本公司同意。 
 
- 7 - 
個股報告 
財務報表 
 
季度損益表 
單位：新台幣百萬元 
 4771望隼 
2024 
25Q1 
25Q2 
25Q3 
25Q4 
2025 
26Q1 
26Q2(F) 26Q3(F) 26Q4(F) 2026(F) 
營業收入淨額
 3,002 
 811
 872
 854 
 951
 3,487 
 1,031 
 1,086 
1,137 
1,199 
4,453
營業成本
 1,823 
 475
 517
 512 
 558
 2,061 
 608
 645
678 
711
2,642
營業毛利淨額
 1,179 
 336
 356
 342 
 393
 1,426 
 423 
 441
459 
488
1,811
營業費用
 291 
 97
 100
 107 
 116
 420 
 124 
 128
131 
138
521
營業淨利(損)
 888 
 238
 256
 234 
 277
 1,006 
 298 
 313
328 
350
1,289
營業外收支
 
 
 
 
利息收入
 18 
 3
 7
 4 
 6
 19 
 2 
 2
4 
5
13
財務成本
 29 
 7
 6
 7 
 6
 26 
 6 
 6
8 
8
28
其他利益及損失
 29 
 11
 (74)
 33 
 22
 (8) 
 14 
 2
11
-15
12
其他收支淨額
 14 
 10
 2
 3 
 3
 18 
 3 
 3
3 
5
14
營業外收支淨額合計
 32 
18
-71
32 
24
 3 
13 
1
10 
-13
11
稅前淨利
 920 
25",857530a25cb24b2eb1036434,67,,PENDING,,PENDING,,PENDING,0.50,ORANGE,STAGE_TABLELIKE_EXPANSION_REVIEW,VRN_1D1_REPORTTEXT_TABLELIKE_EXPANSION,C:\Users\tonyk\OneDrive\VeritasIntelligenceAnalytics\module\VRN\output\_route_lock_runs\RUN_20260525_195119_VRN_GO_M01_60PDF_FULL_V120\full_input_60pdf\20260519兆豐個股報告-望隼(4771).pdf,2026-06-15T16:25:25.774637,c28cda307f6b3f1b88dc3e2488d929806b4329e6
33280450a5af073c2547,dc367a89b6fb,4771,,兆豐,2026-05-19,2024Q1,2024,Q1,IS,tax_expense,所得稅費用,7.0,7,%,TWD,,7," 
評等分級：買進（預期未來六個月股價漲輻超過+30%）; 逢低買進（預期未來六個月股價漲輻介於+15%與+30%之間）; 區間操
作（預期未來六個月股價漲跌輻介於-15%與+15%之間）; 逢高賣出（預期未來六個月股價跌輻介於-15%與-30%之間）；賣出（預
期未來六個月股價跌輻超過-30%）。 
本刊所刊載之內容僅做為參考，惟已力求正確與完整，但因時間及市場客觀因素改變所造成產業、市場或個股之相關條件改變，投資人需自行考量
投資之需求與風險，本公司恕不負擔任何法律責任。任何轉載或引用本報告內容必須經本公司同意。 
 
- 7 - 
個股報告 
財務報表 
 
季度損益表 
單位：新台幣百萬元 
 4771望隼 
2024 
25Q1 
25Q2 
25Q3 
25Q4 
2025 
26Q1 
26Q2(F) 26Q3(F) 26Q4(F) 2026(F) 
營業收入淨額
 3,002 
 811
 872
 854 
 951
 3,487 
 1,031 
 1,086 
1,137 
1,199 
4,453
營業成本
 1,823 
 475
 517
 512 
 558
 2,061 
 608
 645
678 
711
2,642
營業毛利淨額
 1,179 
 336
 356
 342 
 393
 1,426 
 423 
 441
459 
488
1,811
營業費用
 291 
 97
 100
 107 
 116
 420 
 124 
 128
131 
138
521
營業淨利(損)
 888 
 238
 256
 234 
 277
 1,006 
 298 
 313
328 
350
1,289
營業外收支
 
 
 
 
利息收入
 18 
 3
 7
 4 
 6
 19 
 2 
 2
4 
5
13
財務成本
 29 
 7
 6
 7 
 6
 26 
 6 
 6
8 
8
28
其他利益及損失
 29 
 11
 (74)
 33 
 22
 (8) 
 14 
 2
11
-15
12
其他收支淨額
 14 
 10
 2
 3 
 3
 18 
 3 
 3
3 
5
14
營業外收支淨額合計
 32 
18
-71
32 
24
 3 
13 
1
10 
-13
11
稅前淨利
 920 
25",857530a25cb24b2eb1036434,68,,PENDING,,PENDING,,PENDING,0.50,ORANGE,STAGE_TABLELIKE_EXPANSION_REVIEW,VRN_1D1_REPORTTEXT_TABLELIKE_EXPANSION,C:\Users\tonyk\OneDrive\VeritasIntelligenceAnalytics\module\VRN\output\_route_lock_runs\RUN_20260525_195119_VRN_GO_M01_60PDF_FULL_V120\full_input_60pdf\20260519兆豐個股報告-望隼(4771).pdf,2026-06-15T16:25:25.774646,74a60e23586592be2076e032db73a989e82e6357
33280450a5af073c2547,dc367a89b6fb,4771,,兆豐,2026-05-19,2024Q1,2024,Q1,IS,tax_expense,所得稅費用,4.0,4,%,TWD,,7," 
評等分級：買進（預期未來六個月股價漲輻超過+30%）; 逢低買進（預期未來六個月股價漲輻介於+15%與+30%之間）; 區間操
作（預期未來六個月股價漲跌輻介於-15%與+15%之間）; 逢高賣出（預期未來六個月股價跌輻介於-15%與-30%之間）；賣出（預
期未來六個月股價跌輻超過-30%）。 
本刊所刊載之內容僅做為參考，惟已力求正確與完整，但因時間及市場客觀因素改變所造成產業、市場或個股之相關條件改變，投資人需自行考量
投資之需求與風險，本公司恕不負擔任何法律責任。任何轉載或引用本報告內容必須經本公司同意。 
 
- 7 - 
個股報告 
財務報表 
 
季度損益表 
單位：新台幣百萬元 
 4771望隼 
2024 
25Q1 
25Q2 
25Q3 
25Q4 
2025 
26Q1 
26Q2(F) 26Q3(F) 26Q4(F) 2026(F) 
營業收入淨額
 3,002 
 811
 872
 854 
 951
 3,487 
 1,031 
 1,086 
1,137 
1,199 
4,453
營業成本
 1,823 
 475
 517
 512 
 558
 2,061 
 608
 645
678 
711
2,642
營業毛利淨額
 1,179 
 336
 356
 342 
 393
 1,426 
 423 
 441
459 
488
1,811
營業費用
 291 
 97
 100
 107 
 116
 420 
 124 
 128
131 
138
521
營業淨利(損)
 888 
 238
 256
 234 
 277
 1,006 
 298 
 313
328 
350
1,289
營業外收支
 
 
 
 
利息收入
 18 
 3
 7
 4 
 6
 19 
 2 
 2
4 
5
13
財務成本
 29 
 7
 6
 7 
 6
 26 
 6 
 6
8 
8
28
其他利益及損失
 29 
 11
 (74)
 33 
 22
 (8) 
 14 
 2
11
-15
12
其他收支淨額
 14 
 10
 2
 3 
 3
 18 
 3 
 3
3 
5
14
營業外收支淨額合計
 32 
18
-71
32 
24
 3 
13 
1
10 
-13
11
稅前淨利
 920 
25",857530a25cb24b2eb1036434,69,,PENDING,,PENDING,,PENDING,0.50,ORANGE,STAGE_TABLELIKE_EXPANSION_REVIEW,VRN_1D1_REPORTTEXT_TABLELIKE_EXPANSION,C:\Users\tonyk\OneDrive\VeritasIntelligenceAnalytics\module\VRN\output\_route_lock_runs\RUN_20260525_195119_VRN_GO_M01_60PDF_FULL_V120\full_input_60pdf\20260519兆豐個股報告-望隼(4771).pdf,2026-06-15T16:25:25.774751,bb3a3172d8d552b4dc9ca86a9657b0e890c7412b
33280450a5af073c2547,dc367a89b6fb,4771,,兆豐,2026-05-19,2024Q1,2024,Q1,IS,tax_expense,所得稅費用,6.0,6,%,TWD,,7," 
評等分級：買進（預期未來六個月股價漲輻超過+30%）; 逢低買進（預期未來六個月股價漲輻介於+15%與+30%之間）; 區間操
作（預期未來六個月股價漲跌輻介於-15%與+15%之間）; 逢高賣出（預期未來六個月股價跌輻介於-15%與-30%之間）；賣出（預
期未來六個月股價跌輻超過-30%）。 
本刊所刊載之內容僅做為參考，惟已力求正確與完整，但因時間及市場客觀因素改變所造成產業、市場或個股之相關條件改變，投資人需自行考量
投資之需求與風險，本公司恕不負擔任何法律責任。任何轉載或引用本報告內容必須經本公司同意。 
 
- 7 - 
個股報告 
財務報表 
 
季度損益表 
單位：新台幣百萬元 
 4771望隼 
2024 
25Q1 
25Q2 
25Q3 
25Q4 
2025 
26Q1 
26Q2(F) 26Q3(F) 26Q4(F) 2026(F) 
營業收入淨額
 3,002 
 811
 872
 854 
 951
 3,487 
 1,031 
 1,086 
1,137 
1,199 
4,453
營業成本
 1,823 
 475
 517
 512 
 558
 2,061 
 608
 645
678 
711
2,642
營業毛利淨額
 1,179 
 336
 356
 342 
 393
 1,426 
 423 
 441
459 
488
1,811
營業費用
 291 
 97
 100
 107 
 116
 420 
 124 
 128
131 
138
521
營業淨利(損)
 888 
 238
 256
 234 
 277
 1,006 
 298 
 313
328 
350
1,289
營業外收支
 
 
 
 
利息收入
 18 
 3
 7
 4 
 6
 19 
 2 
 2
4 
5
13
財務成本
 29 
 7
 6
 7 
 6
 26 
 6 
 6
8 
8
28
其他利益及損失
 29 
 11
 (74)
 33 
 22
 (8) 
 14 
 2
11
-15
12
其他收支淨額
 14 
 10
 2
 3 
 3
 18 
 3 
 3
3 
5
14
營業外收支淨額合計
 32 
18
-71
32 
24
 3 
13 
1
10 
-13
11
稅前淨利
 920 
25",857530a25cb24b2eb1036434,70,,PENDING,,PENDING,,PENDING,0.50,ORANGE,STAGE_TABLELIKE_EXPANSION_REVIEW,VRN_1D1_REPORTTEXT_TABLELIKE_EXPANSION,C:\Users\tonyk\OneDrive\VeritasIntelligenceAnalytics\module\VRN\output\_route_lock_runs\RUN_20260525_195119_VRN_GO_M01_60PDF_FULL_V120\full_input_60pdf\20260519兆豐個股報告-望隼(4771).pdf,2026-06-15T16:25:25.774763,d8b1561c1ab503820f4b9f00f22f1616d9282567
33280450a5af073c2547,dc367a89b6fb,4771,,兆豐,2026-05-19,2024Q1,2024,Q1,IS,tax_expense,所得稅費用,19.0,19,%,TWD,,7," 
評等分級：買進（預期未來六個月股價漲輻超過+30%）; 逢低買進（預期未來六個月股價漲輻介於+15%與+30%之間）; 區間操
作（預期未來六個月股價漲跌輻介於-15%與+15%之間）; 逢高賣出（預期未來六個月股價跌輻介於-15%與-30%之間）；賣出（預
期未來六個月股價跌輻超過-30%）。 
本刊所刊載之內容僅做為參考，惟已力求正確與完整，但因時間及市場客觀因素改變所造成產業、市場或個股之相關條件改變，投資人需自行考量
投資之需求與風險，本公司恕不負擔任何法律責任。任何轉載或引用本報告內容必須經本公司同意。 
 
- 7 - 
個股報告 
財務報表 
 
季度損益表 
單位：新台幣百萬元 
 4771望隼 
2024 
25Q1 
25Q2 
25Q3 
25Q4 
2025 
26Q1 
26Q2(F) 26Q3(F) 26Q4(F) 2026(F) 
營業收入淨額
 3,002 
 811
 872
 854 
 951
 3,487 
 1,031 
 1,086 
1,137 
1,199 
4,453
營業成本
 1,823 
 475
 517
 512 
 558
 2,061 
 608
 645
678 
711
2,642
營業毛利淨額
 1,179 
 336
 356
 342 
 393
 1,426 
 423 
 441
459 
488
1,811
營業費用
 291 
 97
 100
 107 
 116
 420 
 124 
 128
131 
138
521
營業淨利(損)
 888 
 238
 256
 234 
 277
 1,006 
 298 
 313
328 
350
1,289
營業外收支
 
 
 
 
利息收入
 18 
 3
 7
 4 
 6
 19 
 2 
 2
4 
5
13
財務成本
 29 
 7
 6
 7 
 6
 26 
 6 
 6
8 
8
28
其他利益及損失
 29 
 11
 (74)
 33 
 22
 (8) 
 14 
 2
11
-15
12
其他收支淨額
 14 
 10
 2
 3 
 3
 18 
 3 
 3
3 
5
14
營業外收支淨額合計
 32 
18
-71
32 
24
 3 
13 
1
10 
-13
11
稅前淨利
 920 
25",857530a25cb24b2eb1036434,71,,PENDING,,PENDING,,PENDING,0.50,ORANGE,STAGE_TABLELIKE_EXPANSION_REVIEW,VRN_1D1_REPORTTEXT_TABLELIKE_EXPANSION,C:\Users\tonyk\OneDrive\VeritasIntelligenceAnalytics\module\VRN\output\_route_lock_runs\RUN_20260525_195119_VRN_GO_M01_60PDF_FULL_V120\full_input_60pdf\20260519兆豐個股報告-望隼(4771).pdf,2026-06-15T16:25:25.774772,673877f1d5815eddca909c93f3e79ad3843d9a3b
33280450a5af073c2547,dc367a89b6fb,4771,,兆豐,2026-05-19,2024Q1,2024,Q1,IS,tax_expense,所得稅費用,2.0,2,%,TWD,,7," 
評等分級：買進（預期未來六個月股價漲輻超過+30%）; 逢低買進（預期未來六個月股價漲輻介於+15%與+30%之間）; 區間操
作（預期未來六個月股價漲跌輻介於-15%與+15%之間）; 逢高賣出（預期未來六個月股價跌輻介於-15%與-30%之間）；賣出（預
期未來六個月股價跌輻超過-30%）。 
本刊所刊載之內容僅做為參考，惟已力求正確與完整，但因時間及市場客觀因素改變所造成產業、市場或個股之相關條件改變，投資人需自行考量
投資之需求與風險，本公司恕不負擔任何法律責任。任何轉載或引用本報告內容必須經本公司同意。 
 
- 7 - 
個股報告 
財務報表 
 
季度損益表 
單位：新台幣百萬元 
 4771望隼 
2024 
25Q1 
25Q2 
25Q3 
25Q4 
2025 
26Q1 
26Q2(F) 26Q3(F) 26Q4(F) 2026(F) 
營業收入淨額
 3,002 
 811
 872
 854 
 951
 3,487 
 1,031 
 1,086 
1,137 
1,199 
4,453
營業成本
 1,823 
 475
 517
 512 
 558
 2,061 
 608
 645
678 
711
2,642
營業毛利淨額
 1,179 
 336
 356
 342 
 393
 1,426 
 423 
 441
459 
488
1,811
營業費用
 291 
 97
 100
 107 
 116
 420 
 124 
 128
131 
138
521
營業淨利(損)
 888 
 238
 256
 234 
 277
 1,006 
 298 
 313
328 
350
1,289
營業外收支
 
 
 
 
利息收入
 18 
 3
 7
 4 
 6
 19 
 2 
 2
4 
5
13
財務成本
 29 
 7
 6
 7 
 6
 26 
 6 
 6
8 
8
28
其他利益及損失
 29 
 11
 (74)
 33 
 22
 (8) 
 14 
 2
11
-15
12
其他收支淨額
 14 
 10
 2
 3 
 3
 18 
 3 
 3
3 
5
14
營業外收支淨額合計
 32 
18
-71
32 
24
 3 
13 
1
10 
-13
11
稅前淨利
 920 
25",857530a25cb24b2eb1036434,72,,PENDING,,PENDING,,PENDING,0.50,ORANGE,STAGE_TABLELIKE_EXPANSION_REVIEW,VRN_1D1_REPORTTEXT_TABLELIKE_EXPANSION,C:\Users\tonyk\OneDrive\VeritasIntelligenceAnalytics\module\VRN\output\_route_lock_runs\RUN_20260525_195119_VRN_GO_M01_60PDF_FULL_V120\full_input_60pdf\20260519兆豐個股報告-望隼(4771).pdf,2026-06-15T16:25:25.774792,247390f1c998f63cfa624e8ee93c77131eb44c22
33280450a5af073c2547,dc367a89b6fb,4771,,兆豐,2026-05-19,2024Q1,2024,Q1,IS,tax_expense,所得稅費用,2.0,2,%,TWD,,7," 
評等分級：買進（預期未來六個月股價漲輻超過+30%）; 逢低買進（預期未來六個月股價漲輻介於+15%與+30%之間）; 區間操
作（預期未來六個月股價漲跌輻介於-15%與+15%之間）; 逢高賣出（預期未來六個月股價跌輻介於-15%與-30%之間）；賣出（預
期未來六個月股價跌輻超過-30%）。 
本刊所刊載之內容僅做為參考，惟已力求正確與完整，但因時間及市場客觀因素改變所造成產業、市場或個股之相關條件改變，投資人需自行考量
投資之需求與風險，本公司恕不負擔任何法律責任。任何轉載或引用本報告內容必須經本公司同意。 
 
- 7 - 
個股報告 
財務報表 
 
季度損益表 
單位：新台幣百萬元 
 4771望隼 
2024 
25Q1 
25Q2 
25Q3 
25Q4 
2025 
26Q1 
26Q2(F) 26Q3(F) 26Q4(F) 2026(F) 
營業收入淨額
 3,002 
 811
 872
 854 
 951
 3,487 
 1,031 
 1,086 
1,137 
1,199 
4,453
營業成本
 1,823 
 475
 517
 512 
 558
 2,061 
 608
 645
678 
711
2,642
營業毛利淨額
 1,179 
 336
 356
 342 
 393
 1,426 
 423 
 441
459 
488
1,811
營業費用
 291 
 97
 100
 107 
 116
 420 
 124 
 128
131 
138
521
營業淨利(損)
 888 
 238
 256
 234 
 277
 1,006 
 298 
 313
328 
350
1,289
營業外收支
 
 
 
 
利息收入
 18 
 3
 7
 4 
 6
 19 
 2 
 2
4 
5
13
財務成本
 29 
 7
 6
 7 
 6
 26 
 6 
 6
8 
8
28
其他利益及損失
 29 
 11
 (74)
 33 
 22
 (8) 
 14 
 2
11
-15
12
其他收支淨額
 14 
 10
 2
 3 
 3
 18 
 3 
 3
3 
5
14
營業外收支淨額合計
 32 
18
-71
32 
24
 3 
13 
1
10 
-13
11
稅前淨利
 920 
25",857530a25cb24b2eb1036434,73,,PENDING,,PENDING,,PENDING,0.50,ORANGE,STAGE_TABLELIKE_EXPANSION_REVIEW,VRN_1D1_REPORTTEXT_TABLELIKE_EXPANSION,C:\Users\tonyk\OneDrive\VeritasIntelligenceAnalytics\module\VRN\output\_route_lock_runs\RUN_20260525_195119_VRN_GO_M01_60PDF_FULL_V120\full_input_60pdf\20260519兆豐個股報告-望隼(4771).pdf,2026-06-15T16:25:25.774802,e46bb16fa44a8fdea6219518de8314360565eb81
33280450a5af073c2547,dc367a89b6fb,4771,,兆豐,2026-05-19,2024Q1,2024,Q1,IS,tax_expense,所得稅費用,4.0,4,%,TWD,,7," 
評等分級：買進（預期未來六個月股價漲輻超過+30%）; 逢低買進（預期未來六個月股價漲輻介於+15%與+30%之間）; 區間操
作（預期未來六個月股價漲跌輻介於-15%與+15%之間）; 逢高賣出（預期未來六個月股價跌輻介於-15%與-30%之間）；賣出（預
期未來六個月股價跌輻超過-30%）。 
本刊所刊載之內容僅做為參考，惟已力求正確與完整，但因時間及市場客觀因素改變所造成產業、市場或個股之相關條件改變，投資人需自行考量
投資之需求與風險，本公司恕不負擔任何法律責任。任何轉載或引用本報告內容必須經本公司同意。 
 
- 7 - 
個股報告 
財務報表 
 
季度損益表 
單位：新台幣百萬元 
 4771望隼 
2024 
25Q1 
25Q2 
25Q3 
25Q4 
2025 
26Q1 
26Q2(F) 26Q3(F) 26Q4(F) 2026(F) 
營業收入淨額
 3,002 
 811
 872
 854 
 951
 3,487 
 1,031 
 1,086 
1,137 
1,199 
4,453
營業成本
 1,823 
 475
 517
 512 
 558
 2,061 
 608
 645
678 
711
2,642
營業毛利淨額
 1,179 
 336
 356
 342 
 393
 1,426 
 423 
 441
459 
488
1,811
營業費用
 291 
 97
 100
 107 
 116
 420 
 124 
 128
131 
138
521
營業淨利(損)
 888 
 238
 256
 234 
 277
 1,006 
 298 
 313
328 
350
1,289
營業外收支
 
 
 
 
利息收入
 18 
 3
 7
 4 
 6
 19 
 2 
 2
4 
5
13
財務成本
 29 
 7
 6
 7 
 6
 26 
 6 
 6
8 
8
28
其他利益及損失
 29 
 11
 (74)
 33 
 22
 (8) 
 14 
 2
11
-15
12
其他收支淨額
 14 
 10
 2
 3 
 3
 18 
 3 
 3
3 
5
14
營業外收支淨額合計
 32 
18
-71
32 
24
 3 
13 
1
10 
-13
11
稅前淨利
 920 
25",857530a25cb24b2eb1036434,74,,PENDING,,PENDING,,PENDING,0.50,ORANGE,STAGE_TABLELIKE_EXPANSION_REVIEW,VRN_1D1_REPORTTEXT_TABLELIKE_EXPANSION,C:\Users\tonyk\OneDrive\VeritasIntelligenceAnalytics\module\VRN\output\_route_lock_runs\RUN_20260525_195119_VRN_GO_M01_60PDF_FULL_V120\full_input_60pdf\20260519兆豐個股報告-望隼(4771).pdf,2026-06-15T16:25:25.774812,88ea169c3f0a5fcfcd90ee3912d131c3e64fd602
33280450a5af073c2547,dc367a89b6fb,4771,,兆豐,2026-05-19,2024Q1,2024,Q1,IS,tax_expense,所得稅費用,5.0,5,%,TWD,,7," 
評等分級：買進（預期未來六個月股價漲輻超過+30%）; 逢低買進（預期未來六個月股價漲輻介於+15%與+30%之間）; 區間操
作（預期未來六個月股價漲跌輻介於-15%與+15%之間）; 逢高賣出（預期未來六個月股價跌輻介於-15%與-30%之間）；賣出（預
期未來六個月股價跌輻超過-30%）。 
本刊所刊載之內容僅做為參考，惟已力求正確與完整，但因時間及市場客觀因素改變所造成產業、市場或個股之相關條件改變，投資人需自行考量
投資之需求與風險，本公司恕不負擔任何法律責任。任何轉載或引用本報告內容必須經本公司同意。 
 
- 7 - 
個股報告 
財務報表 
 
季度損益表 
單位：新台幣百萬元 
 4771望隼 
2024 
25Q1 
25Q2 
25Q3 
25Q4 
2025 
26Q1 
26Q2(F) 26Q3(F) 26Q4(F) 2026(F) 
營業收入淨額
 3,002 
 811
 872
 854 
 951
 3,487 
 1,031 
 1,086 
1,137 
1,199 
4,453
營業成本
 1,823 
 475
 517
 512 
 558
 2,061 
 608
 645
678 
711
2,642
營業毛利淨額
 1,179 
 336
 356
 342 
 393
 1,426 
 423 
 441
459 
488
1,811
營業費用
 291 
 97
 100
 107 
 116
 420 
 124 
 128
131 
138
521
營業淨利(損)
 888 
 238
 256
 234 
 277
 1,006 
 298 
 313
328 
350
1,289
營業外收支
 
 
 
 
利息收入
 18 
 3
 7
 4 
 6
 19 
 2 
 2
4 
5
13
財務成本
 29 
 7
 6
 7 
 6
 26 
 6 
 6
8 
8
28
其他利益及損失
 29 
 11
 (74)
 33 
 22
 (8) 
 14 
 2
11
-15
12
其他收支淨額
 14 
 10
 2
 3 
 3
 18 
 3 
 3
3 
5
14
營業外收支淨額合計
 32 
18
-71
32 
24
 3 
13 
1
10 
-13
11
稅前淨利
 920 
25",857530a25cb24b2eb1036434,75,,PENDING,,PENDING,,PENDING,0.50,ORANGE,STAGE_TABLELIKE_EXPANSION_REVIEW,VRN_1D1_REPORTTEXT_TABLELIKE_EXPANSION,C:\Users\tonyk\OneDrive\VeritasIntelligenceAnalytics\module\VRN\output\_route_lock_runs\RUN_20260525_195119_VRN_GO_M01_60PDF_FULL_V120\full_input_60pdf\20260519兆豐個股報告-望隼(4771).pdf,2026-06-15T16:25:25.774822,e26254f4968a167317a0df0c0cf8a727c21f1bac
33280450a5af073c2547,dc367a89b6fb,4771,,兆豐,2026-05-19,2024Q1,2024,Q1,IS,tax_expense,所得稅費用,13.0,13,%,TWD,,7," 
評等分級：買進（預期未來六個月股價漲輻超過+30%）; 逢低買進（預期未來六個月股價漲輻介於+15%與+30%之間）; 區間操
作（預期未來六個月股價漲跌輻介於-15%與+15%之間）; 逢高賣出（預期未來六個月股價跌輻介於-15%與-30%之間）；賣出（預
期未來六個月股價跌輻超過-30%）。 
本刊所刊載之內容僅做為參考，惟已力求正確與完整，但因時間及市場客觀因素改變所造成產業、市場或個股之相關條件改變，投資人需自行考量
投資之需求與風險，本公司恕不負擔任何法律責任。任何轉載或引用本報告內容必須經本公司同意。 
 
- 7 - 
個股報告 
財務報表 
 
季度損益表 
單位：新台幣百萬元 
 4771望隼 
2024 
25Q1 
25Q2 
25Q3 
25Q4 
2025 
26Q1 
26Q2(F) 26Q3(F) 26Q4(F) 2026(F) 
營業收入淨額
 3,002 
 811
 872
 854 
 951
 3,487 
 1,031 
 1,086 
1,137 
1,199 
4,453
營業成本
 1,823 
 475
 517
 512 
 558
 2,061 
 608
 645
678 
711
2,642
營業毛利淨額
 1,179 
 336
 356
 342 
 393
 1,426 
 423 
 441
459 
488
1,811
營業費用
 291 
 97
 100
 107 
 116
 420 
 124 
 128
131 
138
521
營業淨利(損)
 888 
 238
 256
 234 
 277
 1,006 
 298 
 313
328 
350
1,289
營業外收支
 
 
 
 
利息收入
 18 
 3
 7
 4 
 6
 19 
 2 
 2
4 
5
13
財務成本
 29 
 7
 6
 7 
 6
 26 
 6 
 6
8 
8
28
其他利益及損失
 29 
 11
 (74)
 33 
 22
 (8) 
 14 
 2
11
-15
12
其他收支淨額
 14 
 10
 2
 3 
 3
 18 
 3 
 3
3 
5
14
營業外收支淨額合計
 32 
18
-71
32 
24
 3 
13 
1
10 
-13
11
稅前淨利
 920 
25",857530a25cb24b2eb1036434,76,,PENDING,,PENDING,,PENDING,0.50,ORANGE,STAGE_TABLELIKE_EXPANSION_REVIEW,VRN_1D1_REPORTTEXT_TABLELIKE_EXPANSION,C:\Users\tonyk\OneDrive\VeritasIntelligenceAnalytics\module\VRN\output\_route_lock_runs\RUN_20260525_195119_VRN_GO_M01_60PDF_FULL_V120\full_input_60pdf\20260519兆豐個股報告-望隼(4771).pdf,2026-06-15T16:25:25.774831,b5c4acee74e7b47e37586949df03d4096b8b5a9b
33280450a5af073c2547,dc367a89b6fb,4771,,兆豐,2026-05-19,2024Q1,2024,Q1,IS,tax_expense,所得稅費用,29.0,29,%,TWD,,7," 
評等分級：買進（預期未來六個月股價漲輻超過+30%）; 逢低買進（預期未來六個月股價漲輻介於+15%與+30%之間）; 區間操
作（預期未來六個月股價漲跌輻介於-15%與+15%之間）; 逢高賣出（預期未來六個月股價跌輻介於-15%與-30%之間）；賣出（預
期未來六個月股價跌輻超過-30%）。 
本刊所刊載之內容僅做為參考，惟已力求正確與完整，但因時間及市場客觀因素改變所造成產業、市場或個股之相關條件改變，投資人需自行考量
投資之需求與風險，本公司恕不負擔任何法律責任。任何轉載或引用本報告內容必須經本公司同意。 
 
- 7 - 
個股報告 
財務報表 
 
季度損益表 
單位：新台幣百萬元 
 4771望隼 
2024 
25Q1 
25Q2 
25Q3 
25Q4 
2025 
26Q1 
26Q2(F) 26Q3(F) 26Q4(F) 2026(F) 
營業收入淨額
 3,002 
 811
 872
 854 
 951
 3,487 
 1,031 
 1,086 
1,137 
1,199 
4,453
營業成本
 1,823 
 475
 517
 512 
 558
 2,061 
 608
 645
678 
711
2,642
營業毛利淨額
 1,179 
 336
 356
 342 
 393
 1,426 
 423 
 441
459 
488
1,811
營業費用
 291 
 97
 100
 107 
 116
 420 
 124 
 128
131 
138
521
營業淨利(損)
 888 
 238
 256
 234 
 277
 1,006 
 298 
 313
328 
350
1,289
營業外收支
 
 
 
 
利息收入
 18 
 3
 7
 4 
 6
 19 
 2 
 2
4 
5
13
財務成本
 29 
 7
 6
 7 
 6
 26 
 6 
 6
8 
8
28
其他利益及損失
 29 
 11
 (74)
 33 
 22
 (8) 
 14 
 2
11
-15
12
其他收支淨額
 14 
 10
 2
 3 
 3
 18 
 3 
 3
3 
5
14
營業外收支淨額合計
 32 
18
-71
32 
24
 3 
13 
1
10 
-13
11
稅前淨利
 920 
25",857530a25cb24b2eb1036434,77,,PENDING,,PENDING,,PENDING,0.50,ORANGE,STAGE_TABLELIKE_EXPANSION_REVIEW,VRN_1D1_REPORTTEXT_TABLELIKE_EXPANSION,C:\Users\tonyk\OneDrive\VeritasIntelligenceAnalytics\module\VRN\output\_route_lock_runs\RUN_20260525_195119_VRN_GO_M01_60PDF_FULL_V120\full_input_60pdf\20260519兆豐個股報告-望隼(4771).pdf,2026-06-15T16:25:25.774841,4824ac2942e6d5908ef76ed31bd9785368b4094a
33280450a5af073c2547,dc367a89b6fb,4771,,兆豐,2026-05-19,2024Q1,2024,Q1,IS,tax_expense,所得稅費用,7.0,7,%,TWD,,7," 
評等分級：買進（預期未來六個月股價漲輻超過+30%）; 逢低買進（預期未來六個月股價漲輻介於+15%與+30%之間）; 區間操
作（預期未來六個月股價漲跌輻介於-15%與+15%之間）; 逢高賣出（預期未來六個月股價跌輻介於-15%與-30%之間）；賣出（預
期未來六個月股價跌輻超過-30%）。 
本刊所刊載之內容僅做為參考，惟已力求正確與完整，但因時間及市場客觀因素改變所造成產業、市場或個股之相關條件改變，投資人需自行考量
投資之需求與風險，本公司恕不負擔任何法律責任。任何轉載或引用本報告內容必須經本公司同意。 
 
- 7 - 
個股報告 
財務報表 
 
季度損益表 
單位：新台幣百萬元 
 4771望隼 
2024 
25Q1 
25Q2 
25Q3 
25Q4 
2025 
26Q1 
26Q2(F) 26Q3(F) 26Q4(F) 2026(F) 
營業收入淨額
 3,002 
 811
 872
 854 
 951
 3,487 
 1,031 
 1,086 
1,137 
1,199 
4,453
營業成本
 1,823 
 475
 517
 512 
 558
 2,061 
 608
 645
678 
711
2,642
營業毛利淨額
 1,179 
 336
 356
 342 
 393
 1,426 
 423 
 441
459 
488
1,811
營業費用
 291 
 97
 100
 107 
 116
 420 
 124 
 128
131 
138
521
營業淨利(損)
 888 
 238
 256
 234 
 277
 1,006 
 298 
 313
328 
350
1,289
營業外收支
 
 
 
 
利息收入
 18 
 3
 7
 4 
 6
 19 
 2 
 2
4 
5
13
財務成本
 29 
 7
 6
 7 
 6
 26 
 6 
 6
8 
8
28
其他利益及損失
 29 
 11
 (74)
 33 
 22
 (8) 
 14 
 2
11
-15
12
其他收支淨額
 14 
 10
 2
 3 
 3
 18 
 3 
 3
3 
5
14
營業外收支淨額合計
 32 
18
-71
32 
24
 3 
13 
1
10 
-13
11
稅前淨利
 920 
25",857530a25cb24b2eb1036434,78,,PENDING,,PENDING,,PENDING,0.50,ORANGE,STAGE_TABLELIKE_EXPANSION_REVIEW,VRN_1D1_REPORTTEXT_TABLELIKE_EXPANSION,C:\Users\tonyk\OneDrive\VeritasIntelligenceAnalytics\module\VRN\output\_route_lock_runs\RUN_20260525_195119_VRN_GO_M01_60PDF_FULL_V120\full_input_60pdf\20260519兆豐個股報告-望隼(4771).pdf,2026-06-15T16:25:25.774850,4fca606799a5f02d736a85c5a8491700ac0cfd75
33280450a5af073c2547,dc367a89b6fb,4771,,兆豐,2026-05-19,2024Q1,2024,Q1,IS,tax_expense,所得稅費用,6.0,6,%,TWD,,7," 
評等分級：買進（預期未來六個月股價漲輻超過+30%）; 逢低買進（預期未來六個月股價漲輻介於+15%與+30%之間）; 區間操
作（預期未來六個月股價漲跌輻介於-15%與+15%之間）; 逢高賣出（預期未來六個月股價跌輻介於-15%與-30%之間）；賣出（預
期未來六個月股價跌輻超過-30%）。 
本刊所刊載之內容僅做為參考，惟已力求正確與完整，但因時間及市場客觀因素改變所造成產業、市場或個股之相關條件改變，投資人需自行考量
投資之需求與風險，本公司恕不負擔任何法律責任。任何轉載或引用本報告內容必須經本公司同意。 
 
- 7 - 
個股報告 
財務報表 
 
季度損益表 
單位：新台幣百萬元 
 4771望隼 
2024 
25Q1 
25Q2 
25Q3 
25Q4 
2025 
26Q1 
26Q2(F) 26Q3(F) 26Q4(F) 2026(F) 
營業收入淨額
 3,002 
 811
 872
 854 
 951
 3,487 
 1,031 
 1,086 
1,137 
1,199 
4,453
營業成本
 1,823 
 475
 517
 512 
 558
 2,061 
 608
 645
678 
711
2,642
營業毛利淨額
 1,179 
 336
 356
 342 
 393
 1,426 
 423 
 441
459 
488
1,811
營業費用
 291 
 97
 100
 107 
 116
 420 
 124 
 128
131 
138
521
營業淨利(損)
 888 
 238
 256
 234 
 277
 1,006 
 298 
 313
328 
350
1,289
營業外收支
 
 
 
 
利息收入
 18 
 3
 7
 4 
 6
 19 
 2 
 2
4 
5
13
財務成本
 29 
 7
 6
 7 
 6
 26 
 6 
 6
8 
8
28
其他利益及損失
 29 
 11
 (74)
 33 
 22
 (8) 
 14 
 2
11
-15
12
其他收支淨額
 14 
 10
 2
 3 
 3
 18 
 3 
 3
3 
5
14
營業外收支淨額合計
 32 
18
-71
32 
24
 3 
13 
1
10 
-13
11
稅前淨利
 920 
25",857530a25cb24b2eb1036434,79,,PENDING,,PENDING,,PENDING,0.50,ORANGE,STAGE_TABLELIKE_EXPANSION_REVIEW,VRN_1D1_REPORTTEXT_TABLELIKE_EXPANSION,C:\Users\tonyk\OneDrive\VeritasIntelligenceAnalytics\module\VRN\output\_route_lock_runs\RUN_20260525_195119_VRN_GO_M01_60PDF_FULL_V120\full_input_60pdf\20260519兆豐個股報告-望隼(4771).pdf,2026-06-15T16:25:25.774860,f6d7d323ff902ae8ed135df144f491f8a2f8ee7e
33280450a5af073c2547,dc367a89b6fb,4771,,兆豐,2026-05-19,2024Q1,2024,Q1,IS,tax_expense,所得稅費用,7.0,7,%,TWD,,7," 
評等分級：買進（預期未來六個月股價漲輻超過+30%）; 逢低買進（預期未來六個月股價漲輻介於+15%與+30%之間）; 區間操
作（預期未來六個月股價漲跌輻介於-15%與+15%之間）; 逢高賣出（預期未來六個月股價跌輻介於-15%與-30%之間）；賣出（預
期未來六個月股價跌輻超過-30%）。 
本刊所刊載之內容僅做為參考，惟已力求正確與完整，但因時間及市場客觀因素改變所造成產業、市場或個股之相關條件改變，投資人需自行考量
投資之需求與風險，本公司恕不負擔任何法律責任。任何轉載或引用本報告內容必須經本公司同意。 
 
- 7 - 
個股報告 
財務報表 
 
季度損益表 
單位：新台幣百萬元 
 4771望隼 
2024 
25Q1 
25Q2 
25Q3 
25Q4 
2025 
26Q1 
26Q2(F) 26Q3(F) 26Q4(F) 2026(F) 
營業收入淨額
 3,002 
 811
 872
 854 
 951
 3,487 
 1,031 
 1,086 
1,137 
1,199 
4,453
營業成本
 1,823 
 475
 517
 512 
 558
 2,061 
 608
 645
678 
711
2,642
營業毛利淨額
 1,179 
 336
 356
 342 
 393
 1,426 
 423 
 441
459 
488
1,811
營業費用
 291 
 97
 100
 107 
 116
 420 
 124 
 128
131 
138
521
營業淨利(損)
 888 
 238
 256
 234 
 277
 1,006 
 298 
 313
328 
350
1,289
營業外收支
 
 
 
 
利息收入
 18 
 3
 7
 4 
 6
 19 
 2 
 2
4 
5
13
財務成本
 29 
 7
 6
 7 
 6
 26 
 6 
 6
8 
8
28
其他利益及損失
 29 
 11
 (74)
 33 
 22
 (8) 
 14 
 2
11
-15
12
其他收支淨額
 14 
 10
 2
 3 
 3
 18 
 3 
 3
3 
5
14
營業外收支淨額合計
 32 
18
-71
32 
24
 3 
13 
1
10 
-13
11
稅前淨利
 920 
25",857530a25cb24b2eb1036434,80,,PENDING,,PENDING,,PENDING,0.50,ORANGE,STAGE_TABLELIKE_EXPANSION_REVIEW,VRN_1D1_REPORTTEXT_TABLELIKE_EXPANSION,C:\Users\tonyk\OneDrive\VeritasIntelligenceAnalytics\module\VRN\output\_route_lock_runs\RUN_20260525_195119_VRN_GO_M01_60PDF_FULL_V120\full_input_60pdf\20260519兆豐個股報告-望隼(4771).pdf,2026-06-15T16:25:25.774869,c2053364c9c5d28f9e52c063b9da4ad592d7bb05
33280450a5af073c2547,dc367a89b6fb,4771,,兆豐,2026-05-19,2024Q1,2024,Q1,IS,tax_expense,所得稅費用,6.0,6,%,TWD,,7," 
評等分級：買進（預期未來六個月股價漲輻超過+30%）; 逢低買進（預期未來六個月股價漲輻介於+15%與+30%之間）; 區間操
作（預期未來六個月股價漲跌輻介於-15%與+15%之間）; 逢高賣出（預期未來六個月股價跌輻介於-15%與-30%之間）；賣出（預
期未來六個月股價跌輻超過-30%）。 
本刊所刊載之內容僅做為參考，惟已力求正確與完整，但因時間及市場客觀因素改變所造成產業、市場或個股之相關條件改變，投資人需自行考量
投資之需求與風險，本公司恕不負擔任何法律責任。任何轉載或引用本報告內容必須經本公司同意。 
 
- 7 - 
個股報告 
財務報表 
 
季度損益表 
單位：新台幣百萬元 
 4771望隼 
2024 
25Q1 
25Q2 
25Q3 
25Q4 
2025 
26Q1 
26Q2(F) 26Q3(F) 26Q4(F) 2026(F) 
營業收入淨額
 3,002 
 811
 872
 854 
 951
 3,487 
 1,031 
 1,086 
1,137 
1,199 
4,453
營業成本
 1,823 
 475
 517
 512 
 558
 2,061 
 608
 645
678 
711
2,642
營業毛利淨額
 1,179 
 336
 356
 342 
 393
 1,426 
 423 
 441
459 
488
1,811
營業費用
 291 
 97
 100
 107 
 116
 420 
 124 
 128
131 
138
521
營業淨利(損)
 888 
 238
 256
 234 
 277
 1,006 
 298 
 313
328 
350
1,289
營業外收支
 
 
 
 
利息收入
 18 
 3
 7
 4 
 6
 19 
 2 
 2
4 
5
13
財務成本
 29 
 7
 6
 7 
 6
 26 
 6 
 6
8 
8
28
其他利益及損失
 29 
 11
 (74)
 33 
 22
 (8) 
 14 
 2
11
-15
12
其他收支淨額
 14 
 10
 2
 3 
 3
 18 
 3 
 3
3 
5
14
營業外收支淨額合計
 32 
18
-71
32 
24
 3 
13 
1
10 
-13
11
稅前淨利
 920 
25",857530a25cb24b2eb1036434,81,,PENDING,,PENDING,,PENDING,0.50,ORANGE,STAGE_TABLELIKE_EXPANSION_REVIEW,VRN_1D1_REPORTTEXT_TABLELIKE_EXPANSION,C:\Users\tonyk\OneDrive\VeritasIntelligenceAnalytics\module\VRN\output\_route_lock_runs\RUN_20260525_195119_VRN_GO_M01_60PDF_FULL_V120\full_input_60pdf\20260519兆豐個股報告-望隼(4771).pdf,2026-06-15T16:25:25.774878,aec451114394230374952ef195b2c3c120a02b3b
33280450a5af073c2547,dc367a89b6fb,4771,,兆豐,2026-05-19,2024Q1,2024,Q1,IS,tax_expense,所得稅費用,26.0,26,%,TWD,,7," 
評等分級：買進（預期未來六個月股價漲輻超過+30%）; 逢低買進（預期未來六個月股價漲輻介於+15%與+30%之間）; 區間操
作（預期未來六個月股價漲跌輻介於-15%與+15%之間）; 逢高賣出（預期未來六個月股價跌輻介於-15%與-30%之間）；賣出（預
期未來六個月股價跌輻超過-30%）。 
本刊所刊載之內容僅做為參考，惟已力求正確與完整，但因時間及市場客觀因素改變所造成產業、市場或個股之相關條件改變，投資人需自行考量
投資之需求與風險，本公司恕不負擔任何法律責任。任何轉載或引用本報告內容必須經本公司同意。 
 
- 7 - 
個股報告 
財務報表 
 
季度損益表 
單位：新台幣百萬元 
 4771望隼 
2024 
25Q1 
25Q2 
25Q3 
25Q4 
2025 
26Q1 
26Q2(F) 26Q3(F) 26Q4(F) 2026(F) 
營業收入淨額
 3,002 
 811
 872
 854 
 951
 3,487 
 1,031 
 1,086 
1,137 
1,199 
4,453
營業成本
 1,823 
 475
 517
 512 
 558
 2,061 
 608
 645
678 
711
2,642
營業毛利淨額
 1,179 
 336
 356
 342 
 393
 1,426 
 423 
 441
459 
488
1,811
營業費用
 291 
 97
 100
 107 
 116
 420 
 124 
 128
131 
138
521
營業淨利(損)
 888 
 238
 256
 234 
 277
 1,006 
 298 
 313
328 
350
1,289
營業外收支
 
 
 
 
利息收入
 18 
 3
 7
 4 
 6
 19 
 2 
 2
4 
5
13
財務成本
 29 
 7
 6
 7 
 6
 26 
 6 
 6
8 
8
28
其他利益及損失
 29 
 11
 (74)
 33 
 22
 (8) 
 14 
 2
11
-15
12
其他收支淨額
 14 
 10
 2
 3 
 3
 18 
 3 
 3
3 
5
14
營業外收支淨額合計
 32 
18
-71
32 
24
 3 
13 
1
10 
-13
11
稅前淨利
 920 
25",857530a25cb24b2eb1036434,82,,PENDING,,PENDING,,PENDING,0.50,ORANGE,STAGE_TABLELIKE_EXPANSION_REVIEW,VRN_1D1_REPORTTEXT_TABLELIKE_EXPANSION,C:\Users\tonyk\OneDrive\VeritasIntelligenceAnalytics\module\VRN\output\_route_lock_runs\RUN_20260525_195119_VRN_GO_M01_60PDF_FULL_V120\full_input_60pdf\20260519兆豐個股報告-望隼(4771).pdf,2026-06-15T16:25:25.774887,0dfc59cba239f6a90c94f0f7456ba38946bf6ccd
33280450a5af073c2547,dc367a89b6fb,4771,,兆豐,2026-05-19,2024Q1,2024,Q1,IS,tax_expense,所得稅費用,6.0,6,%,TWD,,7," 
評等分級：買進（預期未來六個月股價漲輻超過+30%）; 逢低買進（預期未來六個月股價漲輻介於+15%與+30%之間）; 區間操
作（預期未來六個月股價漲跌輻介於-15%與+15%之間）; 逢高賣出（預期未來六個月股價跌輻介於-15%與-30%之間）；賣出（預
期未來六個月股價跌輻超過-30%）。 
本刊所刊載之內容僅做為參考，惟已力求正確與完整，但因時間及市場客觀因素改變所造成產業、市場或個股之相關條件改變，投資人需自行考量
投資之需求與風險，本公司恕不負擔任何法律責任。任何轉載或引用本報告內容必須經本公司同意。 
 
- 7 - 
個股報告 
財務報表 
 
季度損益表 
單位：新台幣百萬元 
 4771望隼 
2024 
25Q1 
25Q2 
25Q3 
25Q4 
2025 
26Q1 
26Q2(F) 26Q3(F) 26Q4(F) 2026(F) 
營業收入淨額
 3,002 
 811
 872
 854 
 951
 3,487 
 1,031 
 1,086 
1,137 
1,199 
4,453
營業成本
 1,823 
 475
 517
 512 
 558
 2,061 
 608
 645
678 
711
2,642
營業毛利淨額
 1,179 
 336
 356
 342 
 393
 1,426 
 423 
 441
459 
488
1,811
營業費用
 291 
 97
 100
 107 
 116
 420 
 124 
 128
131 
138
521
營業淨利(損)
 888 
 238
 256
 234 
 277
 1,006 
 298 
 313
328 
350
1,289
營業外收支
 
 
 
 
利息收入
 18 
 3
 7
 4 
 6
 19 
 2 
 2
4 
5
13
財務成本
 29 
 7
 6
 7 
 6
 26 
 6 
 6
8 
8
28
其他利益及損失
 29 
 11
 (74)
 33 
 22
 (8) 
 14 
 2
11
-15
12
其他收支淨額
 14 
 10
 2
 3 
 3
 18 
 3 
 3
3 
5
14
營業外收支淨額合計
 32 
18
-71
32 
24
 3 
13 
1
10 
-13
11
稅前淨利
 920 
25",857530a25cb24b2eb1036434,83,,PENDING,,PENDING,,PENDING,0.50,ORANGE,STAGE_TABLELIKE_EXPANSION_REVIEW,VRN_1D1_REPORTTEXT_TABLELIKE_EXPANSION,C:\Users\tonyk\OneDrive\VeritasIntelligenceAnalytics\module\VRN\output\_route_lock_runs\RUN_20260525_195119_VRN_GO_M01_60PDF_FULL_V120\full_input_60pdf\20260519兆豐個股報告-望隼(4771).pdf,2026-06-15T16:25:25.774897,e57c0fa844c0484fd4c52ec27644c0ca51a31319
33280450a5af073c2547,dc367a89b6fb,4771,,兆豐,2026-05-19,2024Q1,2024,Q1,IS,tax_expense,所得稅費用,6.0,6,%,TWD,,7," 
評等分級：買進（預期未來六個月股價漲輻超過+30%）; 逢低買進（預期未來六個月股價漲輻介於+15%與+30%之間）; 區間操
作（預期未來六個月股價漲跌輻介於-15%與+15%之間）; 逢高賣出（預期未來六個月股價跌輻介於-15%與-30%之間）；賣出（預
期未來六個月股價跌輻超過-30%）。 
本刊所刊載之內容僅做為參考，惟已力求正確與完整，但因時間及市場客觀因素改變所造成產業、市場或個股之相關條件改變，投資人需自行考量
投資之需求與風險，本公司恕不負擔任何法律責任。任何轉載或引用本報告內容必須經本公司同意。 
 
- 7 - 
個股報告 
財務報表 
 
季度損益表 
單位：新台幣百萬元 
 4771望隼 
2024 
25Q1 
25Q2 
25Q3 
25Q4 
2025 
26Q1 
26Q2(F) 26Q3(F) 26Q4(F) 2026(F) 
營業收入淨額
 3,002 
 811
 872
 854 
 951
 3,487 
 1,031 
 1,086 
1,137 
1,199 
4,453
營業成本
 1,823 
 475
 517
 512 
 558
 2,061 
 608
 645
678 
711
2,642
營業毛利淨額
 1,179 
 336
 356
 342 
 393
 1,426 
 423 
 441
459 
488
1,811
營業費用
 291 
 97
 100
 107 
 116
 420 
 124 
 128
131 
138
521
營業淨利(損)
 888 
 238
 256
 234 
 277
 1,006 
 298 
 313
328 
350
1,289
營業外收支
 
 
 
 
利息收入
 18 
 3
 7
 4 
 6
 19 
 2 
 2
4 
5
13
財務成本
 29 
 7
 6
 7 
 6
 26 
 6 
 6
8 
8
28
其他利益及損失
 29 
 11
 (74)
 33 
 22
 (8) 
 14 
 2
11
-15
12
其他收支淨額
 14 
 10
 2
 3 
 3
 18 
 3 
 3
3 
5
14
營業外收支淨額合計
 32 
18
-71
32 
24
 3 
13 
1
10 
-13
11
稅前淨利
 920 
25",857530a25cb24b2eb1036434,84,,PENDING,,PENDING,,PENDING,0.50,ORANGE,STAGE_TABLELIKE_EXPANSION_REVIEW,VRN_1D1_REPORTTEXT_TABLELIKE_EXPANSION,C:\Users\tonyk\OneDrive\VeritasIntelligenceAnalytics\module\VRN\output\_route_lock_runs\RUN_20260525_195119_VRN_GO_M01_60PDF_FULL_V120\full_input_60pdf\20260519兆豐個股報告-望隼(4771).pdf,2026-06-15T16:25:25.774907,2d83f1ef38cd0affea2575da268c43ece65f8905
33280450a5af073c2547,dc367a89b6fb,4771,,兆豐,2026-05-19,2024Q1,2024,Q1,IS,tax_expense,所得稅費用,8.0,8,%,TWD,,7," 
評等分級：買進（預期未來六個月股價漲輻超過+30%）; 逢低買進（預期未來六個月股價漲輻介於+15%與+30%之間）; 區間操
作（預期未來六個月股價漲跌輻介於-15%與+15%之間）; 逢高賣出（預期未來六個月股價跌輻介於-15%與-30%之間）；賣出（預
期未來六個月股價跌輻超過-30%）。 
本刊所刊載之內容僅做為參考，惟已力求正確與完整，但因時間及市場客觀因素改變所造成產業、市場或個股之相關條件改變，投資人需自行考量
投資之需求與風險，本公司恕不負擔任何法律責任。任何轉載或引用本報告內容必須經本公司同意。 
 
- 7 - 
個股報告 
財務報表 
 
季度損益表 
單位：新台幣百萬元 
 4771望隼 
2024 
25Q1 
25Q2 
25Q3 
25Q4 
2025 
26Q1 
26Q2(F) 26Q3(F) 26Q4(F) 2026(F) 
營業收入淨額
 3,002 
 811
 872
 854 
 951
 3,487 
 1,031 
 1,086 
1,137 
1,199 
4,453
營業成本
 1,823 
 475
 517
 512 
 558
 2,061 
 608
 645
678 
711
2,642
營業毛利淨額
 1,179 
 336
 356
 342 
 393
 1,426 
 423 
 441
459 
488
1,811
營業費用
 291 
 97
 100
 107 
 116
 420 
 124 
 128
131 
138
521
營業淨利(損)
 888 
 238
 256
 234 
 277
 1,006 
 298 
 313
328 
350
1,289
營業外收支
 
 
 
 
利息收入
 18 
 3
 7
 4 
 6
 19 
 2 
 2
4 
5
13
財務成本
 29 
 7
 6
 7 
 6
 26 
 6 
 6
8 
8
28
其他利益及損失
 29 
 11
 (74)
 33 
 22
 (8) 
 14 
 2
11
-15
12
其他收支淨額
 14 
 10
 2
 3 
 3
 18 
 3 
 3
3 
5
14
營業外收支淨額合計
 32 
18
-71
32 
24
 3 
13 
1
10 
-13
11
稅前淨利
 920 
25",857530a25cb24b2eb1036434,85,,PENDING,,PENDING,,PENDING,0.50,ORANGE,STAGE_TABLELIKE_EXPANSION_REVIEW,VRN_1D1_REPORTTEXT_TABLELIKE_EXPANSION,C:\Users\tonyk\OneDrive\VeritasIntelligenceAnalytics\module\VRN\output\_route_lock_runs\RUN_20260525_195119_VRN_GO_M01_60PDF_FULL_V120\full_input_60pdf\20260519兆豐個股報告-望隼(4771).pdf,2026-06-15T16:25:25.774916,76e22ac7fc1e2488cc6925165df087eaa013ab19
33280450a5af073c2547,dc367a89b6fb,4771,,兆豐,2026-05-19,2024Q1,2024,Q1,IS,tax_expense,所得稅費用,8.0,8,%,TWD,,7," 
評等分級：買進（預期未來六個月股價漲輻超過+30%）; 逢低買進（預期未來六個月股價漲輻介於+15%與+30%之間）; 區間操
作（預期未來六個月股價漲跌輻介於-15%與+15%之間）; 逢高賣出（預期未來六個月股價跌輻介於-15%與-30%之間）；賣出（預
期未來六個月股價跌輻超過-30%）。 
本刊所刊載之內容僅做為參考，惟已力求正確與完整，但因時間及市場客觀因素改變所造成產業、市場或個股之相關條件改變，投資人需自行考量
投資之需求與風險，本公司恕不負擔任何法律責任。任何轉載或引用本報告內容必須經本公司同意。 
 
- 7 - 
個股報告 
財務報表 
 
季度損益表 
單位：新台幣百萬元 
 4771望隼 
2024 
25Q1 
25Q2 
25Q3 
25Q4 
2025 
26Q1 
26Q2(F) 26Q3(F) 26Q4(F) 2026(F) 
營業收入淨額
 3,002 
 811
 872
 854 
 951
 3,487 
 1,031 
 1,086 
1,137 
1,199 
4,453
營業成本
 1,823 
 475
 517
 512 
 558
 2,061 
 608
 645
678 
711
2,642
營業毛利淨額
 1,179 
 336
 356
 342 
 393
 1,426 
 423 
 441
459 
488
1,811
營業費用
 291 
 97
 100
 107 
 116
 420 
 124 
 128
131 
138
521
營業淨利(損)
 888 
 238
 256
 234 
 277
 1,006 
 298 
 313
328 
350
1,289
營業外收支
 
 
 
 
利息收入
 18 
 3
 7
 4 
 6
 19 
 2 
 2
4 
5
13
財務成本
 29 
 7
 6
 7 
 6
 26 
 6 
 6
8 
8
28
其他利益及損失
 29 
 11
 (74)
 33 
 22
 (8) 
 14 
 2
11
-15
12
其他收支淨額
 14 
 10
 2
 3 
 3
 18 
 3 
 3
3 
5
14
營業外收支淨額合計
 32 
18
-71
32 
24
 3 
13 
1
10 
-13
11
稅前淨利
 920 
25",857530a25cb24b2eb1036434,86,,PENDING,,PENDING,,PENDING,0.50,ORANGE,STAGE_TABLELIKE_EXPANSION_REVIEW,VRN_1D1_REPORTTEXT_TABLELIKE_EXPANSION,C:\Users\tonyk\OneDrive\VeritasIntelligenceAnalytics\module\VRN\output\_route_lock_runs\RUN_20260525_195119_VRN_GO_M01_60PDF_FULL_V120\full_input_60pdf\20260519兆豐個股報告-望隼(4771).pdf,2026-06-15T16:25:25.774925,85fb73a9b78cb1f42dd3af0121ccdb1a7fb3695a
33280450a5af073c2547,dc367a89b6fb,4771,,兆豐,2026-05-19,2024Q1,2024,Q1,IS,tax_expense,所得稅費用,28.0,28,%,TWD,,7," 
評等分級：買進（預期未來六個月股價漲輻超過+30%）; 逢低買進（預期未來六個月股價漲輻介於+15%與+30%之間）; 區間操
作（預期未來六個月股價漲跌輻介於-15%與+15%之間）; 逢高賣出（預期未來六個月股價跌輻介於-15%與-30%之間）；賣出（預
期未來六個月股價跌輻超過-30%）。 
本刊所刊載之內容僅做為參考，惟已力求正確與完整，但因時間及市場客觀因素改變所造成產業、市場或個股之相關條件改變，投資人需自行考量
投資之需求與風險，本公司恕不負擔任何法律責任。任何轉載或引用本報告內容必須經本公司同意。 
 
- 7 - 
個股報告 
財務報表 
 
季度損益表 
單位：新台幣百萬元 
 4771望隼 
2024 
25Q1 
25Q2 
25Q3 
25Q4 
2025 
26Q1 
26Q2(F) 26Q3(F) 26Q4(F) 2026(F) 
營業收入淨額
 3,002 
 811
 872
 854 
 951
 3,487 
 1,031 
 1,086 
1,137 
1,199 
4,453
營業成本
 1,823 
 475
 517
 512 
 558
 2,061 
 608
 645
678 
711
2,642
營業毛利淨額
 1,179 
 336
 356
 342 
 393
 1,426 
 423 
 441
459 
488
1,811
營業費用
 291 
 97
 100
 107 
 116
 420 
 124 
 128
131 
138
521
營業淨利(損)
 888 
 238
 256
 234 
 277
 1,006 
 298 
 313
328 
350
1,289
營業外收支
 
 
 
 
利息收入
 18 
 3
 7
 4 
 6
 19 
 2 
 2
4 
5
13
財務成本
 29 
 7
 6
 7 
 6
 26 
 6 
 6
8 
8
28
其他利益及損失
 29 
 11
 (74)
 33 
 22
 (8) 
 14 
 2
11
-15
12
其他收支淨額
 14 
 10
 2
 3 
 3
 18 
 3 
 3
3 
5
14
營業外收支淨額合計
 32 
18
-71
32 
24
 3 
13 
1
10 
-13
11
稅前淨利
 920 
25",857530a25cb24b2eb1036434,87,,PENDING,,PENDING,,PENDING,0.50,ORANGE,STAGE_TABLELIKE_EXPANSION_REVIEW,VRN_1D1_REPORTTEXT_TABLELIKE_EXPANSION,C:\Users\tonyk\OneDrive\VeritasIntelligenceAnalytics\module\VRN\output\_route_lock_runs\RUN_20260525_195119_VRN_GO_M01_60PDF_FULL_V120\full_input_60pdf\20260519兆豐個股報告-望隼(4771).pdf,2026-06-15T16:25:25.774935,9ab2de7635b8e77ca4cfdd96e99aa059ac2b7bd3
33280450a5af073c2547,dc367a89b6fb,4771,,兆豐,2026-05-19,2024Q1,2024,Q1,IS,tax_expense,所得稅費用,29.0,29,%,TWD,,7," 
評等分級：買進（預期未來六個月股價漲輻超過+30%）; 逢低買進（預期未來六個月股價漲輻介於+15%與+30%之間）; 區間操
作（預期未來六個月股價漲跌輻介於-15%與+15%之間）; 逢高賣出（預期未來六個月股價跌輻介於-15%與-30%之間）；賣出（預
期未來六個月股價跌輻超過-30%）。 
本刊所刊載之內容僅做為參考，惟已力求正確與完整，但因時間及市場客觀因素改變所造成產業、市場或個股之相關條件改變，投資人需自行考量
投資之需求與風險，本公司恕不負擔任何法律責任。任何轉載或引用本報告內容必須經本公司同意。 
 
- 7 - 
個股報告 
財務報表 
 
季度損益表 
單位：新台幣百萬元 
 4771望隼 
2024 
25Q1 
25Q2 
25Q3 
25Q4 
2025 
26Q1 
26Q2(F) 26Q3(F) 26Q4(F) 2026(F) 
營業收入淨額
 3,002 
 811
 872
 854 
 951
 3,487 
 1,031 
 1,086 
1,137 
1,199 
4,453
營業成本
 1,823 
 475
 517
 512 
 558
 2,061 
 608
 645
678 
711
2,642
營業毛利淨額
 1,179 
 336
 356
 342 
 393
 1,426 
 423 
 441
459 
488
1,811
營業費用
 291 
 97
 100
 107 
 116
 420 
 124 
 128
131 
138
521
營業淨利(損)
 888 
 238
 256
 234 
 277
 1,006 
 298 
 313
328 
350
1,289
營業外收支
 
 
 
 
利息收入
 18 
 3
 7
 4 
 6
 19 
 2 
 2
4 
5
13
財務成本
 29 
 7
 6
 7 
 6
 26 
 6 
 6
8 
8
28
其他利益及損失
 29 
 11
 (74)
 33 
 22
 (8) 
 14 
 2
11
-15
12
其他收支淨額
 14 
 10
 2
 3 
 3
 18 
 3 
 3
3 
5
14
營業外收支淨額合計
 32 
18
-71
32 
24
 3 
13 
1
10 
-13
11
稅前淨利
 920 
25",857530a25cb24b2eb1036434,88,,PENDING,,PENDING,,PENDING,0.50,ORANGE,STAGE_TABLELIKE_EXPANSION_REVIEW,VRN_1D1_REPORTTEXT_TABLELIKE_EXPANSION,C:\Users\tonyk\OneDrive\VeritasIntelligenceAnalytics\module\VRN\output\_route_lock_runs\RUN_20260525_195119_VRN_GO_M01_60PDF_FULL_V120\full_input_60pdf\20260519兆豐個股報告-望隼(4771).pdf,2026-06-15T16:25:25.774944,11840728f88ee074b7dbe1f7f014839621ef0656
33280450a5af073c2547,dc367a89b6fb,4771,,兆豐,2026-05-19,2024Q1,2024,Q1,IS,tax_expense,所得稅費用,11.0,11,%,TWD,,7," 
評等分級：買進（預期未來六個月股價漲輻超過+30%）; 逢低買進（預期未來六個月股價漲輻介於+15%與+30%之間）; 區間操
作（預期未來六個月股價漲跌輻介於-15%與+15%之間）; 逢高賣出（預期未來六個月股價跌輻介於-15%與-30%之間）；賣出（預
期未來六個月股價跌輻超過-30%）。 
本刊所刊載之內容僅做為參考，惟已力求正確與完整，但因時間及市場客觀因素改變所造成產業、市場或個股之相關條件改變，投資人需自行考量
投資之需求與風險，本公司恕不負擔任何法律責任。任何轉載或引用本報告內容必須經本公司同意。 
 
- 7 - 
個股報告 
財務報表 
 
季度損益表 
單位：新台幣百萬元 
 4771望隼 
2024 
25Q1 
25Q2 
25Q3 
25Q4 
2025 
26Q1 
26Q2(F) 26Q3(F) 26Q4(F) 2026(F) 
營業收入淨額
 3,002 
 811
 872
 854 
 951
 3,487 
 1,031 
 1,086 
1,137 
1,199 
4,453
營業成本
 1,823 
 475
 517
 512 
 558
 2,061 
 608
 645
678 
711
2,642
營業毛利淨額
 1,179 
 336
 356
 342 
 393
 1,426 
 423 
 441
459 
488
1,811
營業費用
 291 
 97
 100
 107 
 116
 420 
 124 
 128
131 
138
521
營業淨利(損)
 888 
 238
 256
 234 
 277
 1,006 
 298 
 313
328 
350
1,289
營業外收支
 
 
 
 
利息收入
 18 
 3
 7
 4 
 6
 19 
 2 
 2
4 
5
13
財務成本
 29 
 7
 6
 7 
 6
 26 
 6 
 6
8 
8
28
其他利益及損失
 29 
 11
 (74)
 33 
 22
 (8) 
 14 
 2
11
-15
12
其他收支淨額
 14 
 10
 2
 3 
 3
 18 
 3 
 3
3 
5
14
營業外收支淨額合計
 32 
18
-71
32 
24
 3 
13 
1
10 
-13
11
稅前淨利
 920 
25",857530a25cb24b2eb1036434,89,,PENDING,,PENDING,,PENDING,0.50,ORANGE,STAGE_TABLELIKE_EXPANSION_REVIEW,VRN_1D1_REPORTTEXT_TABLELIKE_EXPANSION,C:\Users\tonyk\OneDrive\VeritasIntelligenceAnalytics\module\VRN\output\_route_lock_runs\RUN_20260525_195119_VRN_GO_M01_60PDF_FULL_V120\full_input_60pdf\20260519兆豐個股報告-望隼(4771).pdf,2026-06-15T16:25:25.774954,6af565375aeaa206f6a631e324cfd24030319668
33280450a5af073c2547,dc367a89b6fb,4771,,兆豐,2026-05-19,2024Q1,2024,Q1,IS,tax_expense,所得稅費用,-74.0,(74),%,TWD,,7," 
評等分級：買進（預期未來六個月股價漲輻超過+30%）; 逢低買進（預期未來六個月股價漲輻介於+15%與+30%之間）; 區間操
作（預期未來六個月股價漲跌輻介於-15%與+15%之間）; 逢高賣出（預期未來六個月股價跌輻介於-15%與-30%之間）；賣出（預
期未來六個月股價跌輻超過-30%）。 
本刊所刊載之內容僅做為參考，惟已力求正確與完整，但因時間及市場客觀因素改變所造成產業、市場或個股之相關條件改變，投資人需自行考量
投資之需求與風險，本公司恕不負擔任何法律責任。任何轉載或引用本報告內容必須經本公司同意。 
 
- 7 - 
個股報告 
財務報表 
 
季度損益表 
單位：新台幣百萬元 
 4771望隼 
2024 
25Q1 
25Q2 
25Q3 
25Q4 
2025 
26Q1 
26Q2(F) 26Q3(F) 26Q4(F) 2026(F) 
營業收入淨額
 3,002 
 811
 872
 854 
 951
 3,487 
 1,031 
 1,086 
1,137 
1,199 
4,453
營業成本
 1,823 
 475
 517
 512 
 558
 2,061 
 608
 645
678 
711
2,642
營業毛利淨額
 1,179 
 336
 356
 342 
 393
 1,426 
 423 
 441
459 
488
1,811
營業費用
 291 
 97
 100
 107 
 116
 420 
 124 
 128
131 
138
521
營業淨利(損)
 888 
 238
 256
 234 
 277
 1,006 
 298 
 313
328 
350
1,289
營業外收支
 
 
 
 
利息收入
 18 
 3
 7
 4 
 6
 19 
 2 
 2
4 
5
13
財務成本
 29 
 7
 6
 7 
 6
 26 
 6 
 6
8 
8
28
其他利益及損失
 29 
 11
 (74)
 33 
 22
 (8) 
 14 
 2
11
-15
12
其他收支淨額
 14 
 10
 2
 3 
 3
 18 
 3 
 3
3 
5
14
營業外收支淨額合計
 32 
18
-71
32 
24
 3 
13 
1
10 
-13
11
稅前淨利
 920 
25",857530a25cb24b2eb1036434,90,,PENDING,,PENDING,,PENDING,0.50,ORANGE,STAGE_TABLELIKE_EXPANSION_REVIEW,VRN_1D1_REPORTTEXT_TABLELIKE_EXPANSION,C:\Users\tonyk\OneDrive\VeritasIntelligenceAnalytics\module\VRN\output\_route_lock_runs\RUN_20260525_195119_VRN_GO_M01_60PDF_FULL_V120\full_input_60pdf\20260519兆豐個股報告-望隼(4771).pdf,2026-06-15T16:25:25.774964,e2bde90ffa6bffbb7e2f95a3e0548c2c238f4955
33280450a5af073c2547,dc367a89b6fb,4771,,兆豐,2026-05-19,2024Q1,2024,Q1,IS,tax_expense,所得稅費用,33.0,33,%,TWD,,7," 
評等分級：買進（預期未來六個月股價漲輻超過+30%）; 逢低買進（預期未來六個月股價漲輻介於+15%與+30%之間）; 區間操
作（預期未來六個月股價漲跌輻介於-15%與+15%之間）; 逢高賣出（預期未來六個月股價跌輻介於-15%與-30%之間）；賣出（預
期未來六個月股價跌輻超過-30%）。 
本刊所刊載之內容僅做為參考，惟已力求正確與完整，但因時間及市場客觀因素改變所造成產業、市場或個股之相關條件改變，投資人需自行考量
投資之需求與風險，本公司恕不負擔任何法律責任。任何轉載或引用本報告內容必須經本公司同意。 
 
- 7 - 
個股報告 
財務報表 
 
季度損益表 
單位：新台幣百萬元 
 4771望隼 
2024 
25Q1 
25Q2 
25Q3 
25Q4 
2025 
26Q1 
26Q2(F) 26Q3(F) 26Q4(F) 2026(F) 
營業收入淨額
 3,002 
 811
 872
 854 
 951
 3,487 
 1,031 
 1,086 
1,137 
1,199 
4,453
營業成本
 1,823 
 475
 517
 512 
 558
 2,061 
 608
 645
678 
711
2,642
營業毛利淨額
 1,179 
 336
 356
 342 
 393
 1,426 
 423 
 441
459 
488
1,811
營業費用
 291 
 97
 100
 107 
 116
 420 
 124 
 128
131 
138
521
營業淨利(損)
 888 
 238
 256
 234 
 277
 1,006 
 298 
 313
328 
350
1,289
營業外收支
 
 
 
 
利息收入
 18 
 3
 7
 4 
 6
 19 
 2 
 2
4 
5
13
財務成本
 29 
 7
 6
 7 
 6
 26 
 6 
 6
8 
8
28
其他利益及損失
 29 
 11
 (74)
 33 
 22
 (8) 
 14 
 2
11
-15
12
其他收支淨額
 14 
 10
 2
 3 
 3
 18 
 3 
 3
3 
5
14
營業外收支淨額合計
 32 
18
-71
32 
24
 3 
13 
1
10 
-13
11
稅前淨利
 920 
25",857530a25cb24b2eb1036434,91,,PENDING,,PENDING,,PENDING,0.50,ORANGE,STAGE_TABLELIKE_EXPANSION_REVIEW,VRN_1D1_REPORTTEXT_TABLELIKE_EXPANSION,C:\Users\tonyk\OneDrive\VeritasIntelligenceAnalytics\module\VRN\output\_route_lock_runs\RUN_20260525_195119_VRN_GO_M01_60PDF_FULL_V120\full_input_60pdf\20260519兆豐個股報告-望隼(4771).pdf,2026-06-15T16:25:25.774973,33825cac6b94eb0d42adc13892c28eb30e537465
33280450a5af073c2547,dc367a89b6fb,4771,,兆豐,2026-05-19,2024Q1,2024,Q1,IS,tax_expense,所得稅費用,22.0,22,%,TWD,,7," 
評等分級：買進（預期未來六個月股價漲輻超過+30%）; 逢低買進（預期未來六個月股價漲輻介於+15%與+30%之間）; 區間操
作（預期未來六個月股價漲跌輻介於-15%與+15%之間）; 逢高賣出（預期未來六個月股價跌輻介於-15%與-30%之間）；賣出（預
期未來六個月股價跌輻超過-30%）。 
本刊所刊載之內容僅做為參考，惟已力求正確與完整，但因時間及市場客觀因素改變所造成產業、市場或個股之相關條件改變，投資人需自行考量
投資之需求與風險，本公司恕不負擔任何法律責任。任何轉載或引用本報告內容必須經本公司同意。 
 
- 7 - 
個股報告 
財務報表 
 
季度損益表 
單位：新台幣百萬元 
 4771望隼 
2024 
25Q1 
25Q2 
25Q3 
25Q4 
2025 
26Q1 
26Q2(F) 26Q3(F) 26Q4(F) 2026(F) 
營業收入淨額
 3,002 
 811
 872
 854 
 951
 3,487 
 1,031 
 1,086 
1,137 
1,199 
4,453
營業成本
 1,823 
 475
 517
 512 
 558
 2,061 
 608
 645
678 
711
2,642
營業毛利淨額
 1,179 
 336
 356
 342 
 393
 1,426 
 423 
 441
459 
488
1,811
營業費用
 291 
 97
 100
 107 
 116
 420 
 124 
 128
131 
138
521
營業淨利(損)
 888 
 238
 256
 234 
 277
 1,006 
 298 
 313
328 
350
1,289
營業外收支
 
 
 
 
利息收入
 18 
 3
 7
 4 
 6
 19 
 2 
 2
4 
5
13
財務成本
 29 
 7
 6
 7 
 6
 26 
 6 
 6
8 
8
28
其他利益及損失
 29 
 11
 (74)
 33 
 22
 (8) 
 14 
 2
11
-15
12
其他收支淨額
 14 
 10
 2
 3 
 3
 18 
 3 
 3
3 
5
14
營業外收支淨額合計
 32 
18
-71
32 
24
 3 
13 
1
10 
-13
11
稅前淨利
 920 
25",857530a25cb24b2eb1036434,92,,PENDING,,PENDING,,PENDING,0.50,ORANGE,STAGE_TABLELIKE_EXPANSION_REVIEW,VRN_1D1_REPORTTEXT_TABLELIKE_EXPANSION,C:\Users\tonyk\OneDrive\VeritasIntelligenceAnalytics\module\VRN\output\_route_lock_runs\RUN_20260525_195119_VRN_GO_M01_60PDF_FULL_V120\full_input_60pdf\20260519兆豐個股報告-望隼(4771).pdf,2026-06-15T16:25:25.774982,df8859e80044e3ad491c57d9bc43ed2790eae8a2
33280450a5af073c2547,dc367a89b6fb,4771,,兆豐,2026-05-19,2024Q1,2024,Q1,IS,tax_expense,所得稅費用,-8.0,(8),%,TWD,,7," 
評等分級：買進（預期未來六個月股價漲輻超過+30%）; 逢低買進（預期未來六個月股價漲輻介於+15%與+30%之間）; 區間操
作（預期未來六個月股價漲跌輻介於-15%與+15%之間）; 逢高賣出（預期未來六個月股價跌輻介於-15%與-30%之間）；賣出（預
期未來六個月股價跌輻超過-30%）。 
本刊所刊載之內容僅做為參考，惟已力求正確與完整，但因時間及市場客觀因素改變所造成產業、市場或個股之相關條件改變，投資人需自行考量
投資之需求與風險，本公司恕不負擔任何法律責任。任何轉載或引用本報告內容必須經本公司同意。 
 
- 7 - 
個股報告 
財務報表 
 
季度損益表 
單位：新台幣百萬元 
 4771望隼 
2024 
25Q1 
25Q2 
25Q3 
25Q4 
2025 
26Q1 
26Q2(F) 26Q3(F) 26Q4(F) 2026(F) 
營業收入淨額
 3,002 
 811
 872
 854 
 951
 3,487 
 1,031 
 1,086 
1,137 
1,199 
4,453
營業成本
 1,823 
 475
 517
 512 
 558
 2,061 
 608
 645
678 
711
2,642
營業毛利淨額
 1,179 
 336
 356
 342 
 393
 1,426 
 423 
 441
459 
488
1,811
營業費用
 291 
 97
 100
 107 
 116
 420 
 124 
 128
131 
138
521
營業淨利(損)
 888 
 238
 256
 234 
 277
 1,006 
 298 
 313
328 
350
1,289
營業外收支
 
 
 
 
利息收入
 18 
 3
 7
 4 
 6
 19 
 2 
 2
4 
5
13
財務成本
 29 
 7
 6
 7 
 6
 26 
 6 
 6
8 
8
28
其他利益及損失
 29 
 11
 (74)
 33 
 22
 (8) 
 14 
 2
11
-15
12
其他收支淨額
 14 
 10
 2
 3 
 3
 18 
 3 
 3
3 
5
14
營業外收支淨額合計
 32 
18
-71
32 
24
 3 
13 
1
10 
-13
11
稅前淨利
 920 
25",857530a25cb24b2eb1036434,93,,PENDING,,PENDING,,PENDING,0.50,ORANGE,STAGE_TABLELIKE_EXPANSION_REVIEW,VRN_1D1_REPORTTEXT_TABLELIKE_EXPANSION,C:\Users\tonyk\OneDrive\VeritasIntelligenceAnalytics\module\VRN\output\_route_lock_runs\RUN_20260525_195119_VRN_GO_M01_60PDF_FULL_V120\full_input_60pdf\20260519兆豐個股報告-望隼(4771).pdf,2026-06-15T16:25:25.774992,d57a616cb6d87fecd6be861ace526969e5b101bd
33280450a5af073c2547,dc367a89b6fb,4771,,兆豐,2026-05-19,2024Q1,2024,Q1,IS,tax_expense,所得稅費用,14.0,14,%,TWD,,7," 
評等分級：買進（預期未來六個月股價漲輻超過+30%）; 逢低買進（預期未來六個月股價漲輻介於+15%與+30%之間）; 區間操
作（預期未來六個月股價漲跌輻介於-15%與+15%之間）; 逢高賣出（預期未來六個月股價跌輻介於-15%與-30%之間）；賣出（預
期未來六個月股價跌輻超過-30%）。 
本刊所刊載之內容僅做為參考，惟已力求正確與完整，但因時間及市場客觀因素改變所造成產業、市場或個股之相關條件改變，投資人需自行考量
投資之需求與風險，本公司恕不負擔任何法律責任。任何轉載或引用本報告內容必須經本公司同意。 
 
- 7 - 
個股報告 
財務報表 
 
季度損益表 
單位：新台幣百萬元 
 4771望隼 
2024 
25Q1 
25Q2 
25Q3 
25Q4 
2025 
26Q1 
26Q2(F) 26Q3(F) 26Q4(F) 2026(F) 
營業收入淨額
 3,002 
 811
 872
 854 
 951
 3,487 
 1,031 
 1,086 
1,137 
1,199 
4,453
營業成本
 1,823 
 475
 517
 512 
 558
 2,061 
 608
 645
678 
711
2,642
營業毛利淨額
 1,179 
 336
 356
 342 
 393
 1,426 
 423 
 441
459 
488
1,811
營業費用
 291 
 97
 100
 107 
 116
 420 
 124 
 128
131 
138
521
營業淨利(損)
 888 
 238
 256
 234 
 277
 1,006 
 298 
 313
328 
350
1,289
營業外收支
 
 
 
 
利息收入
 18 
 3
 7
 4 
 6
 19 
 2 
 2
4 
5
13
財務成本
 29 
 7
 6
 7 
 6
 26 
 6 
 6
8 
8
28
其他利益及損失
 29 
 11
 (74)
 33 
 22
 (8) 
 14 
 2
11
-15
12
其他收支淨額
 14 
 10
 2
 3 
 3
 18 
 3 
 3
3 
5
14
營業外收支淨額合計
 32 
18
-71
32 
24
 3 
13 
1
10 
-13
11
稅前淨利
 920 
25",857530a25cb24b2eb1036434,94,,PENDING,,PENDING,,PENDING,0.50,ORANGE,STAGE_TABLELIKE_EXPANSION_REVIEW,VRN_1D1_REPORTTEXT_TABLELIKE_EXPANSION,C:\Users\tonyk\OneDrive\VeritasIntelligenceAnalytics\module\VRN\output\_route_lock_runs\RUN_20260525_195119_VRN_GO_M01_60PDF_FULL_V120\full_input_60pdf\20260519兆豐個股報告-望隼(4771).pdf,2026-06-15T16:25:25.775001,d1d2ffac289ae8751b1139c2f469d40eef2d0538
33280450a5af073c2547,dc367a89b6fb,4771,,兆豐,2026-05-19,2024Q1,2024,Q1,IS,tax_expense,所得稅費用,2.0,2,%,TWD,,7," 
評等分級：買進（預期未來六個月股價漲輻超過+30%）; 逢低買進（預期未來六個月股價漲輻介於+15%與+30%之間）; 區間操
作（預期未來六個月股價漲跌輻介於-15%與+15%之間）; 逢高賣出（預期未來六個月股價跌輻介於-15%與-30%之間）；賣出（預
期未來六個月股價跌輻超過-30%）。 
本刊所刊載之內容僅做為參考，惟已力求正確與完整，但因時間及市場客觀因素改變所造成產業、市場或個股之相關條件改變，投資人需自行考量
投資之需求與風險，本公司恕不負擔任何法律責任。任何轉載或引用本報告內容必須經本公司同意。 
 
- 7 - 
個股報告 
財務報表 
 
季度損益表 
單位：新台幣百萬元 
 4771望隼 
2024 
25Q1 
25Q2 
25Q3 
25Q4 
2025 
26Q1 
26Q2(F) 26Q3(F) 26Q4(F) 2026(F) 
營業收入淨額
 3,002 
 811
 872
 854 
 951
 3,487 
 1,031 
 1,086 
1,137 
1,199 
4,453
營業成本
 1,823 
 475
 517
 512 
 558
 2,061 
 608
 645
678 
711
2,642
營業毛利淨額
 1,179 
 336
 356
 342 
 393
 1,426 
 423 
 441
459 
488
1,811
營業費用
 291 
 97
 100
 107 
 116
 420 
 124 
 128
131 
138
521
營業淨利(損)
 888 
 238
 256
 234 
 277
 1,006 
 298 
 313
328 
350
1,289
營業外收支
 
 
 
 
利息收入
 18 
 3
 7
 4 
 6
 19 
 2 
 2
4 
5
13
財務成本
 29 
 7
 6
 7 
 6
 26 
 6 
 6
8 
8
28
其他利益及損失
 29 
 11
 (74)
 33 
 22
 (8) 
 14 
 2
11
-15
12
其他收支淨額
 14 
 10
 2
 3 
 3
 18 
 3 
 3
3 
5
14
營業外收支淨額合計
 32 
18
-71
32 
24
 3 
13 
1
10 
-13
11
稅前淨利
 920 
25",857530a25cb24b2eb1036434,95,,PENDING,,PENDING,,PENDING,0.50,ORANGE,STAGE_TABLELIKE_EXPANSION_REVIEW,VRN_1D1_REPORTTEXT_TABLELIKE_EXPANSION,C:\Users\tonyk\OneDrive\VeritasIntelligenceAnalytics\module\VRN\output\_route_lock_runs\RUN_20260525_195119_VRN_GO_M01_60PDF_FULL_V120\full_input_60pdf\20260519兆豐個股報告-望隼(4771).pdf,2026-06-15T16:25:25.775011,6eec41cad5c6d2666541ab4b15d6a8d480fd7868
33280450a5af073c2547,dc367a89b6fb,4771,,兆豐,2026-05-19,2024Q1,2024,Q1,IS,tax_expense,所得稅費用,11.0,11,%,TWD,,7," 
評等分級：買進（預期未來六個月股價漲輻超過+30%）; 逢低買進（預期未來六個月股價漲輻介於+15%與+30%之間）; 區間操
作（預期未來六個月股價漲跌輻介於-15%與+15%之間）; 逢高賣出（預期未來六個月股價跌輻介於-15%與-30%之間）；賣出（預
期未來六個月股價跌輻超過-30%）。 
本刊所刊載之內容僅做為參考，惟已力求正確與完整，但因時間及市場客觀因素改變所造成產業、市場或個股之相關條件改變，投資人需自行考量
投資之需求與風險，本公司恕不負擔任何法律責任。任何轉載或引用本報告內容必須經本公司同意。 
 
- 7 - 
個股報告 
財務報表 
 
季度損益表 
單位：新台幣百萬元 
 4771望隼 
2024 
25Q1 
25Q2 
25Q3 
25Q4 
2025 
26Q1 
26Q2(F) 26Q3(F) 26Q4(F) 2026(F) 
營業收入淨額
 3,002 
 811
 872
 854 
 951
 3,487 
 1,031 
 1,086 
1,137 
1,199 
4,453
營業成本
 1,823 
 475
 517
 512 
 558
 2,061 
 608
 645
678 
711
2,642
營業毛利淨額
 1,179 
 336
 356
 342 
 393
 1,426 
 423 
 441
459 
488
1,811
營業費用
 291 
 97
 100
 107 
 116
 420 
 124 
 128
131 
138
521
營業淨利(損)
 888 
 238
 256
 234 
 277
 1,006 
 298 
 313
328 
350
1,289
營業外收支
 
 
 
 
利息收入
 18 
 3
 7
 4 
 6
 19 
 2 
 2
4 
5
13
財務成本
 29 
 7
 6
 7 
 6
 26 
 6 
 6
8 
8
28
其他利益及損失
 29 
 11
 (74)
 33 
 22
 (8) 
 14 
 2
11
-15
12
其他收支淨額
 14 
 10
 2
 3 
 3
 18 
 3 
 3
3 
5
14
營業外收支淨額合計
 32 
18
-71
32 
24
 3 
13 
1
10 
-13
11
稅前淨利
 920 
25",857530a25cb24b2eb1036434,96,,PENDING,,PENDING,,PENDING,0.50,ORANGE,STAGE_TABLELIKE_EXPANSION_REVIEW,VRN_1D1_REPORTTEXT_TABLELIKE_EXPANSION,C:\Users\tonyk\OneDrive\VeritasIntelligenceAnalytics\module\VRN\output\_route_lock_runs\RUN_20260525_195119_VRN_GO_M01_60PDF_FULL_V120\full_input_60pdf\20260519兆豐個股報告-望隼(4771).pdf,2026-06-15T16:25:25.775020,d766638a8c23b418e8ee8cc3b66cfb1f6f0ee48b
33280450a5af073c2547,dc367a89b6fb,4771,,兆豐,2026-05-19,2024Q1,2024,Q1,IS,tax_expense,所得稅費用,-15.0,-15,%,TWD,,7," 
評等分級：買進（預期未來六個月股價漲輻超過+30%）; 逢低買進（預期未來六個月股價漲輻介於+15%與+30%之間）; 區間操
作（預期未來六個月股價漲跌輻介於-15%與+15%之間）; 逢高賣出（預期未來六個月股價跌輻介於-15%與-30%之間）；賣出（預
期未來六個月股價跌輻超過-30%）。 
本刊所刊載之內容僅做為參考，惟已力求正確與完整，但因時間及市場客觀因素改變所造成產業、市場或個股之相關條件改變，投資人需自行考量
投資之需求與風險，本公司恕不負擔任何法律責任。任何轉載或引用本報告內容必須經本公司同意。 
 
- 7 - 
個股報告 
財務報表 
 
季度損益表 
單位：新台幣百萬元 
 4771望隼 
2024 
25Q1 
25Q2 
25Q3 
25Q4 
2025 
26Q1 
26Q2(F) 26Q3(F) 26Q4(F) 2026(F) 
營業收入淨額
 3,002 
 811
 872
 854 
 951
 3,487 
 1,031 
 1,086 
1,137 
1,199 
4,453
營業成本
 1,823 
 475
 517
 512 
 558
 2,061 
 608
 645
678 
711
2,642
營業毛利淨額
 1,179 
 336
 356
 342 
 393
 1,426 
 423 
 441
459 
488
1,811
營業費用
 291 
 97
 100
 107 
 116
 420 
 124 
 128
131 
138
521
營業淨利(損)
 888 
 238
 256
 234 
 277
 1,006 
 298 
 313
328 
350
1,289
營業外收支
 
 
 
 
利息收入
 18 
 3
 7
 4 
 6
 19 
 2 
 2
4 
5
13
財務成本
 29 
 7
 6
 7 
 6
 26 
 6 
 6
8 
8
28
其他利益及損失
 29 
 11
 (74)
 33 
 22
 (8) 
 14 
 2
11
-15
12
其他收支淨額
 14 
 10
 2
 3 
 3
 18 
 3 
 3
3 
5
14
營業外收支淨額合計
 32 
18
-71
32 
24
 3 
13 
1
10 
-13
11
稅前淨利
 920 
25",857530a25cb24b2eb1036434,97,,PENDING,,PENDING,,PENDING,0.50,ORANGE,STAGE_TABLELIKE_EXPANSION_REVIEW,VRN_1D1_REPORTTEXT_TABLELIKE_EXPANSION,C:\Users\tonyk\OneDrive\VeritasIntelligenceAnalytics\module\VRN\output\_route_lock_runs\RUN_20260525_195119_VRN_GO_M01_60PDF_FULL_V120\full_input_60pdf\20260519兆豐個股報告-望隼(4771).pdf,2026-06-15T16:25:25.775030,52282859b3b3008cf42545926fb768d09ef67baa
33280450a5af073c2547,dc367a89b6fb,4771,,兆豐,2026-05-19,2024Q1,2024,Q1,IS,tax_expense,所得稅費用,12.0,12,%,TWD,,7," 
評等分級：買進（預期未來六個月股價漲輻超過+30%）; 逢低買進（預期未來六個月股價漲輻介於+15%與+30%之間）; 區間操
作（預期未來六個月股價漲跌輻介於-15%與+15%之間）; 逢高賣出（預期未來六個月股價跌輻介於-15%與-30%之間）；賣出（預
期未來六個月股價跌輻超過-30%）。 
本刊所刊載之內容僅做為參考，惟已力求正確與完整，但因時間及市場客觀因素改變所造成產業、市場或個股之相關條件改變，投資人需自行考量
投資之需求與風險，本公司恕不負擔任何法律責任。任何轉載或引用本報告內容必須經本公司同意。 
 
- 7 - 
個股報告 
財務報表 
 
季度損益表 
單位：新台幣百萬元 
 4771望隼 
2024 
25Q1 
25Q2 
25Q3 
25Q4 
2025 
26Q1 
26Q2(F) 26Q3(F) 26Q4(F) 2026(F) 
營業收入淨額
 3,002 
 811
 872
 854 
 951
 3,487 
 1,031 
 1,086 
1,137 
1,199 
4,453
營業成本
 1,823 
 475
 517
 512 
 558
 2,061 
 608
 645
678 
711
2,642
營業毛利淨額
 1,179 
 336
 356
 342 
 393
 1,426 
 423 
 441
459 
488
1,811
營業費用
 291 
 97
 100
 107 
 116
 420 
 124 
 128
131 
138
521
營業淨利(損)
 888 
 238
 256
 234 
 277
 1,006 
 298 
 313
328 
350
1,289
營業外收支
 
 
 
 
利息收入
 18 
 3
 7
 4 
 6
 19 
 2 
 2
4 
5
13
財務成本
 29 
 7
 6
 7 
 6
 26 
 6 
 6
8 
8
28
其他利益及損失
 29 
 11
 (74)
 33 
 22
 (8) 
 14 
 2
11
-15
12
其他收支淨額
 14 
 10
 2
 3 
 3
 18 
 3 
 3
3 
5
14
營業外收支淨額合計
 32 
18
-71
32 
24
 3 
13 
1
10 
-13
11
稅前淨利
 920 
25",857530a25cb24b2eb1036434,98,,PENDING,,PENDING,,PENDING,0.50,ORANGE,STAGE_TABLELIKE_EXPANSION_REVIEW,VRN_1D1_REPORTTEXT_TABLELIKE_EXPANSION,C:\Users\tonyk\OneDrive\VeritasIntelligenceAnalytics\module\VRN\output\_route_lock_runs\RUN_20260525_195119_VRN_GO_M01_60PDF_FULL_V120\full_input_60pdf\20260519兆豐個股報告-望隼(4771).pdf,2026-06-15T16:25:25.775039,3cec2c6bba92187d74b9f91781bd82b447f825e3
33280450a5af073c2547,dc367a89b6fb,4771,,兆豐,2026-05-19,2024Q1,2024,Q1,IS,tax_expense,所得稅費用,14.0,14,%,TWD,,7," 
評等分級：買進（預期未來六個月股價漲輻超過+30%）; 逢低買進（預期未來六個月股價漲輻介於+15%與+30%之間）; 區間操
作（預期未來六個月股價漲跌輻介於-15%與+15%之間）; 逢高賣出（預期未來六個月股價跌輻介於-15%與-30%之間）；賣出（預
期未來六個月股價跌輻超過-30%）。 
本刊所刊載之內容僅做為參考，惟已力求正確與完整，但因時間及市場客觀因素改變所造成產業、市場或個股之相關條件改變，投資人需自行考量
投資之需求與風險，本公司恕不負擔任何法律責任。任何轉載或引用本報告內容必須經本公司同意。 
 
- 7 - 
個股報告 
財務報表 
 
季度損益表 
單位：新台幣百萬元 
 4771望隼 
2024 
25Q1 
25Q2 
25Q3 
25Q4 
2025 
26Q1 
26Q2(F) 26Q3(F) 26Q4(F) 2026(F) 
營業收入淨額
 3,002 
 811
 872
 854 
 951
 3,487 
 1,031 
 1,086 
1,137 
1,199 
4,453
營業成本
 1,823 
 475
 517
 512 
 558
 2,061 
 608
 645
678 
711
2,642
營業毛利淨額
 1,179 
 336
 356
 342 
 393
 1,426 
 423 
 441
459 
488
1,811
營業費用
 291 
 97
 100
 107 
 116
 420 
 124 
 128
131 
138
521
營業淨利(損)
 888 
 238
 256
 234 
 277
 1,006 
 298 
 313
328 
350
1,289
營業外收支
 
 
 
 
利息收入
 18 
 3
 7
 4 
 6
 19 
 2 
 2
4 
5
13
財務成本
 29 
 7
 6
 7 
 6
 26 
 6 
 6
8 
8
28
其他利益及損失
 29 
 11
 (74)
 33 
 22
 (8) 
 14 
 2
11
-15
12
其他收支淨額
 14 
 10
 2
 3 
 3
 18 
 3 
 3
3 
5
14
營業外收支淨額合計
 32 
18
-71
32 
24
 3 
13 
1
10 
-13
11
稅前淨利
 920 
25",857530a25cb24b2eb1036434,99,,PENDING,,PENDING,,PENDING,0.50,ORANGE,STAGE_TABLELIKE_EXPANSION_REVIEW,VRN_1D1_REPORTTEXT_TABLELIKE_EXPANSION,C:\Users\tonyk\OneDrive\VeritasIntelligenceAnalytics\module\VRN\output\_route_lock_runs\RUN_20260525_195119_VRN_GO_M01_60PDF_FULL_V120\full_input_60pdf\20260519兆豐個股報告-望隼(4771).pdf,2026-06-15T16:25:25.775049,c0f79f7a435a763b32d6fbdb467d8639d35c6e5e
33280450a5af073c2547,dc367a89b6fb,4771,,兆豐,2026-05-19,2024Q1,2024,Q1,IS,tax_expense,所得稅費用,10.0,10,%,TWD,,7," 
評等分級：買進（預期未來六個月股價漲輻超過+30%）; 逢低買進（預期未來六個月股價漲輻介於+15%與+30%之間）; 區間操
作（預期未來六個月股價漲跌輻介於-15%與+15%之間）; 逢高賣出（預期未來六個月股價跌輻介於-15%與-30%之間）；賣出（預
期未來六個月股價跌輻超過-30%）。 
本刊所刊載之內容僅做為參考，惟已力求正確與完整，但因時間及市場客觀因素改變所造成產業、市場或個股之相關條件改變，投資人需自行考量
投資之需求與風險，本公司恕不負擔任何法律責任。任何轉載或引用本報告內容必須經本公司同意。 
 
- 7 - 
個股報告 
財務報表 
 
季度損益表 
單位：新台幣百萬元 
 4771望隼 
2024 
25Q1 
25Q2 
25Q3 
25Q4 
2025 
26Q1 
26Q2(F) 26Q3(F) 26Q4(F) 2026(F) 
營業收入淨額
 3,002 
 811
 872
 854 
 951
 3,487 
 1,031 
 1,086 
1,137 
1,199 
4,453
營業成本
 1,823 
 475
 517
 512 
 558
 2,061 
 608
 645
678 
711
2,642
營業毛利淨額
 1,179 
 336
 356
 342 
 393
 1,426 
 423 
 441
459 
488
1,811
營業費用
 291 
 97
 100
 107 
 116
 420 
 124 
 128
131 
138
521
營業淨利(損)
 888 
 238
 256
 234 
 277
 1,006 
 298 
 313
328 
350
1,289
營業外收支
 
 
 
 
利息收入
 18 
 3
 7
 4 
 6
 19 
 2 
 2
4 
5
13
財務成本
 29 
 7
 6
 7 
 6
 26 
 6 
 6
8 
8
28
其他利益及損失
 29 
 11
 (74)
 33 
 22
 (8) 
 14 
 2
11
-15
12
其他收支淨額
 14 
 10
 2
 3 
 3
 18 
 3 
 3
3 
5
14
營業外收支淨額合計
 32 
18
-71
32 
24
 3 
13 
1
10 
-13
11
稅前淨利
 920 
25",857530a25cb24b2eb1036434,100,,PENDING,,PENDING,,PENDING,0.50,ORANGE,STAGE_TABLELIKE_EXPANSION_REVIEW,VRN_1D1_REPORTTEXT_TABLELIKE_EXPANSION,C:\Users\tonyk\OneDrive\VeritasIntelligenceAnalytics\module\VRN\output\_route_lock_runs\RUN_20260525_195119_VRN_GO_M01_60PDF_FULL_V120\full_input_60pdf\20260519兆豐個股報告-望隼(4771).pdf,2026-06-15T16:25:25.775058,abd3e3dcff303fc9e23f2a41b43a0f729a995e73
33280450a5af073c2547,dc367a89b6fb,4771,,兆豐,2026-05-19,2024Q1,2024,Q1,IS,tax_expense,所得稅費用,2.0,2,%,TWD,,7," 
評等分級：買進（預期未來六個月股價漲輻超過+30%）; 逢低買進（預期未來六個月股價漲輻介於+15%與+30%之間）; 區間操
作（預期未來六個月股價漲跌輻介於-15%與+15%之間）; 逢高賣出（預期未來六個月股價跌輻介於-15%與-30%之間）；賣出（預
期未來六個月股價跌輻超過-30%）。 
本刊所刊載之內容僅做為參考，惟已力求正確與完整，但因時間及市場客觀因素改變所造成產業、市場或個股之相關條件改變，投資人需自行考量
投資之需求與風險，本公司恕不負擔任何法律責任。任何轉載或引用本報告內容必須經本公司同意。 
 
- 7 - 
個股報告 
財務報表 
 
季度損益表 
單位：新台幣百萬元 
 4771望隼 
2024 
25Q1 
25Q2 
25Q3 
25Q4 
2025 
26Q1 
26Q2(F) 26Q3(F) 26Q4(F) 2026(F) 
營業收入淨額
 3,002 
 811
 872
 854 
 951
 3,487 
 1,031 
 1,086 
1,137 
1,199 
4,453
營業成本
 1,823 
 475
 517
 512 
 558
 2,061 
 608
 645
678 
711
2,642
營業毛利淨額
 1,179 
 336
 356
 342 
 393
 1,426 
 423 
 441
459 
488
1,811
營業費用
 291 
 97
 100
 107 
 116
 420 
 124 
 128
131 
138
521
營業淨利(損)
 888 
 238
 256
 234 
 277
 1,006 
 298 
 313
328 
350
1,289
營業外收支
 
 
 
 
利息收入
 18 
 3
 7
 4 
 6
 19 
 2 
 2
4 
5
13
財務成本
 29 
 7
 6
 7 
 6
 26 
 6 
 6
8 
8
28
其他利益及損失
 29 
 11
 (74)
 33 
 22
 (8) 
 14 
 2
11
-15
12
其他收支淨額
 14 
 10
 2
 3 
 3
 18 
 3 
 3
3 
5
14
營業外收支淨額合計
 32 
18
-71
32 
24
 3 
13 
1
10 
-13
11
稅前淨利
 920 
25",857530a25cb24b2eb1036434,101,,PENDING,,PENDING,,PENDING,0.50,ORANGE,STAGE_TABLELIKE_EXPANSION_REVIEW,VRN_1D1_REPORTTEXT_TABLELIKE_EXPANSION,C:\Users\tonyk\OneDrive\VeritasIntelligenceAnalytics\module\VRN\output\_route_lock_runs\RUN_20260525_195119_VRN_GO_M01_60PDF_FULL_V120\full_input_60pdf\20260519兆豐個股報告-望隼(4771).pdf,2026-06-15T16:25:25.775068,17bb8310dd867beb0185def01637d97758d1ab77
33280450a5af073c2547,dc367a89b6fb,4771,,兆豐,2026-05-19,2024Q1,2024,Q1,IS,tax_expense,所得稅費用,3.0,3,%,TWD,,7," 
評等分級：買進（預期未來六個月股價漲輻超過+30%）; 逢低買進（預期未來六個月股價漲輻介於+15%與+30%之間）; 區間操
作（預期未來六個月股價漲跌輻介於-15%與+15%之間）; 逢高賣出（預期未來六個月股價跌輻介於-15%與-30%之間）；賣出（預
期未來六個月股價跌輻超過-30%）。 
本刊所刊載之內容僅做為參考，惟已力求正確與完整，但因時間及市場客觀因素改變所造成產業、市場或個股之相關條件改變，投資人需自行考量
投資之需求與風險，本公司恕不負擔任何法律責任。任何轉載或引用本報告內容必須經本公司同意。 
 
- 7 - 
個股報告 
財務報表 
 
季度損益表 
單位：新台幣百萬元 
 4771望隼 
2024 
25Q1 
25Q2 
25Q3 
25Q4 
2025 
26Q1 
26Q2(F) 26Q3(F) 26Q4(F) 2026(F) 
營業收入淨額
 3,002 
 811
 872
 854 
 951
 3,487 
 1,031 
 1,086 
1,137 
1,199 
4,453
營業成本
 1,823 
 475
 517
 512 
 558
 2,061 
 608
 645
678 
711
2,642
營業毛利淨額
 1,179 
 336
 356
 342 
 393
 1,426 
 423 
 441
459 
488
1,811
營業費用
 291 
 97
 100
 107 
 116
 420 
 124 
 128
131 
138
521
營業淨利(損)
 888 
 238
 256
 234 
 277
 1,006 
 298 
 313
328 
350
1,289
營業外收支
 
 
 
 
利息收入
 18 
 3
 7
 4 
 6
 19 
 2 
 2
4 
5
13
財務成本
 29 
 7
 6
 7 
 6
 26 
 6 
 6
8 
8
28
其他利益及損失
 29 
 11
 (74)
 33 
 22
 (8) 
 14 
 2
11
-15
12
其他收支淨額
 14 
 10
 2
 3 
 3
 18 
 3 
 3
3 
5
14
營業外收支淨額合計
 32 
18
-71
32 
24
 3 
13 
1
10 
-13
11
稅前淨利
 920 
25",857530a25cb24b2eb1036434,102,,PENDING,,PENDING,,PENDING,0.50,ORANGE,STAGE_TABLELIKE_EXPANSION_REVIEW,VRN_1D1_REPORTTEXT_TABLELIKE_EXPANSION,C:\Users\tonyk\OneDrive\VeritasIntelligenceAnalytics\module\VRN\output\_route_lock_runs\RUN_20260525_195119_VRN_GO_M01_60PDF_FULL_V120\full_input_60pdf\20260519兆豐個股報告-望隼(4771).pdf,2026-06-15T16:25:25.775077,38a1db429838621a9eebc3b8111eafd837a66c60
33280450a5af073c2547,dc367a89b6fb,4771,,兆豐,2026-05-19,2024Q1,2024,Q1,IS,tax_expense,所得稅費用,3.0,3,%,TWD,,7," 
評等分級：買進（預期未來六個月股價漲輻超過+30%）; 逢低買進（預期未來六個月股價漲輻介於+15%與+30%之間）; 區間操
作（預期未來六個月股價漲跌輻介於-15%與+15%之間）; 逢高賣出（預期未來六個月股價跌輻介於-15%與-30%之間）；賣出（預
期未來六個月股價跌輻超過-30%）。 
本刊所刊載之內容僅做為參考，惟已力求正確與完整，但因時間及市場客觀因素改變所造成產業、市場或個股之相關條件改變，投資人需自行考量
投資之需求與風險，本公司恕不負擔任何法律責任。任何轉載或引用本報告內容必須經本公司同意。 
 
- 7 - 
個股報告 
財務報表 
 
季度損益表 
單位：新台幣百萬元 
 4771望隼 
2024 
25Q1 
25Q2 
25Q3 
25Q4 
2025 
26Q1 
26Q2(F) 26Q3(F) 26Q4(F) 2026(F) 
營業收入淨額
 3,002 
 811
 872
 854 
 951
 3,487 
 1,031 
 1,086 
1,137 
1,199 
4,453
營業成本
 1,823 
 475
 517
 512 
 558
 2,061 
 608
 645
678 
711
2,642
營業毛利淨額
 1,179 
 336
 356
 342 
 393
 1,426 
 423 
 441
459 
488
1,811
營業費用
 291 
 97
 100
 107 
 116
 420 
 124 
 128
131 
138
521
營業淨利(損)
 888 
 238
 256
 234 
 277
 1,006 
 298 
 313
328 
350
1,289
營業外收支
 
 
 
 
利息收入
 18 
 3
 7
 4 
 6
 19 
 2 
 2
4 
5
13
財務成本
 29 
 7
 6
 7 
 6
 26 
 6 
 6
8 
8
28
其他利益及損失
 29 
 11
 (74)
 33 
 22
 (8) 
 14 
 2
11
-15
12
其他收支淨額
 14 
 10
 2
 3 
 3
 18 
 3 
 3
3 
5
14
營業外收支淨額合計
 32 
18
-71
32 
24
 3 
13 
1
10 
-13
11
稅前淨利
 920 
25",857530a25cb24b2eb1036434,103,,PENDING,,PENDING,,PENDING,0.50,ORANGE,STAGE_TABLELIKE_EXPANSION_REVIEW,VRN_1D1_REPORTTEXT_TABLELIKE_EXPANSION,C:\Users\tonyk\OneDrive\VeritasIntelligenceAnalytics\module\VRN\output\_route_lock_runs\RUN_20260525_195119_VRN_GO_M01_60PDF_FULL_V120\full_input_60pdf\20260519兆豐個股報告-望隼(4771).pdf,2026-06-15T16:25:25.775086,d870a23264bb7e48d50039a2e04e3b26589e3b61
33280450a5af073c2547,dc367a89b6fb,4771,,兆豐,2026-05-19,2024Q1,2024,Q1,IS,tax_expense,所得稅費用,18.0,18,%,TWD,,7," 
評等分級：買進（預期未來六個月股價漲輻超過+30%）; 逢低買進（預期未來六個月股價漲輻介於+15%與+30%之間）; 區間操
作（預期未來六個月股價漲跌輻介於-15%與+15%之間）; 逢高賣出（預期未來六個月股價跌輻介於-15%與-30%之間）；賣出（預
期未來六個月股價跌輻超過-30%）。 
本刊所刊載之內容僅做為參考，惟已力求正確與完整，但因時間及市場客觀因素改變所造成產業、市場或個股之相關條件改變，投資人需自行考量
投資之需求與風險，本公司恕不負擔任何法律責任。任何轉載或引用本報告內容必須經本公司同意。 
 
- 7 - 
個股報告 
財務報表 
 
季度損益表 
單位：新台幣百萬元 
 4771望隼 
2024 
25Q1 
25Q2 
25Q3 
25Q4 
2025 
26Q1 
26Q2(F) 26Q3(F) 26Q4(F) 2026(F) 
營業收入淨額
 3,002 
 811
 872
 854 
 951
 3,487 
 1,031 
 1,086 
1,137 
1,199 
4,453
營業成本
 1,823 
 475
 517
 512 
 558
 2,061 
 608
 645
678 
711
2,642
營業毛利淨額
 1,179 
 336
 356
 342 
 393
 1,426 
 423 
 441
459 
488
1,811
營業費用
 291 
 97
 100
 107 
 116
 420 
 124 
 128
131 
138
521
營業淨利(損)
 888 
 238
 256
 234 
 277
 1,006 
 298 
 313
328 
350
1,289
營業外收支
 
 
 
 
利息收入
 18 
 3
 7
 4 
 6
 19 
 2 
 2
4 
5
13
財務成本
 29 
 7
 6
 7 
 6
 26 
 6 
 6
8 
8
28
其他利益及損失
 29 
 11
 (74)
 33 
 22
 (8) 
 14 
 2
11
-15
12
其他收支淨額
 14 
 10
 2
 3 
 3
 18 
 3 
 3
3 
5
14
營業外收支淨額合計
 32 
18
-71
32 
24
 3 
13 
1
10 
-13
11
稅前淨利
 920 
25",857530a25cb24b2eb1036434,104,,PENDING,,PENDING,,PENDING,0.50,ORANGE,STAGE_TABLELIKE_EXPANSION_REVIEW,VRN_1D1_REPORTTEXT_TABLELIKE_EXPANSION,C:\Users\tonyk\OneDrive\VeritasIntelligenceAnalytics\module\VRN\output\_route_lock_runs\RUN_20260525_195119_VRN_GO_M01_60PDF_FULL_V120\full_input_60pdf\20260519兆豐個股報告-望隼(4771).pdf,2026-06-15T16:25:25.775096,86a3b02e8873502ca9095b5c05cacd16bd3817ae
33280450a5af073c2547,dc367a89b6fb,4771,,兆豐,2026-05-19,2024Q1,2024,Q1,IS,tax_expense,所得稅費用,3.0,3,%,TWD,,7," 
評等分級：買進（預期未來六個月股價漲輻超過+30%）; 逢低買進（預期未來六個月股價漲輻介於+15%與+30%之間）; 區間操
作（預期未來六個月股價漲跌輻介於-15%與+15%之間）; 逢高賣出（預期未來六個月股價跌輻介於-15%與-30%之間）；賣出（預
期未來六個月股價跌輻超過-30%）。 
本刊所刊載之內容僅做為參考，惟已力求正確與完整，但因時間及市場客觀因素改變所造成產業、市場或個股之相關條件改變，投資人需自行考量
投資之需求與風險，本公司恕不負擔任何法律責任。任何轉載或引用本報告內容必須經本公司同意。 
 
- 7 - 
個股報告 
財務報表 
 
季度損益表 
單位：新台幣百萬元 
 4771望隼 
2024 
25Q1 
25Q2 
25Q3 
25Q4 
2025 
26Q1 
26Q2(F) 26Q3(F) 26Q4(F) 2026(F) 
營業收入淨額
 3,002 
 811
 872
 854 
 951
 3,487 
 1,031 
 1,086 
1,137 
1,199 
4,453
營業成本
 1,823 
 475
 517
 512 
 558
 2,061 
 608
 645
678 
711
2,642
營業毛利淨額
 1,179 
 336
 356
 342 
 393
 1,426 
 423 
 441
459 
488
1,811
營業費用
 291 
 97
 100
 107 
 116
 420 
 124 
 128
131 
138
521
營業淨利(損)
 888 
 238
 256
 234 
 277
 1,006 
 298 
 313
328 
350
1,289
營業外收支
 
 
 
 
利息收入
 18 
 3
 7
 4 
 6
 19 
 2 
 2
4 
5
13
財務成本
 29 
 7
 6
 7 
 6
 26 
 6 
 6
8 
8
28
其他利益及損失
 29 
 11
 (74)
 33 
 22
 (8) 
 14 
 2
11
-15
12
其他收支淨額
 14 
 10
 2
 3 
 3
 18 
 3 
 3
3 
5
14
營業外收支淨額合計
 32 
18
-71
32 
24
 3 
13 
1
10 
-13
11
稅前淨利
 920 
25",857530a25cb24b2eb1036434,105,,PENDING,,PENDING,,PENDING,0.50,ORANGE,STAGE_TABLELIKE_EXPANSION_REVIEW,VRN_1D1_REPORTTEXT_TABLELIKE_EXPANSION,C:\Users\tonyk\OneDrive\VeritasIntelligenceAnalytics\module\VRN\output\_route_lock_runs\RUN_20260525_195119_VRN_GO_M01_60PDF_FULL_V120\full_input_60pdf\20260519兆豐個股報告-望隼(4771).pdf,2026-06-15T16:25:25.775109,e17f516b0247272cc788f58c54634986acfdbfff
33280450a5af073c2547,dc367a89b6fb,4771,,兆豐,2026-05-19,2024Q1,2024,Q1,IS,tax_expense,所得稅費用,3.0,3,%,TWD,,7," 
評等分級：買進（預期未來六個月股價漲輻超過+30%）; 逢低買進（預期未來六個月股價漲輻介於+15%與+30%之間）; 區間操
作（預期未來六個月股價漲跌輻介於-15%與+15%之間）; 逢高賣出（預期未來六個月股價跌輻介於-15%與-30%之間）；賣出（預
期未來六個月股價跌輻超過-30%）。 
本刊所刊載之內容僅做為參考，惟已力求正確與完整，但因時間及市場客觀因素改變所造成產業、市場或個股之相關條件改變，投資人需自行考量
投資之需求與風險，本公司恕不負擔任何法律責任。任何轉載或引用本報告內容必須經本公司同意。 
 
- 7 - 
個股報告 
財務報表 
 
季度損益表 
單位：新台幣百萬元 
 4771望隼 
2024 
25Q1 
25Q2 
25Q3 
25Q4 
2025 
26Q1 
26Q2(F) 26Q3(F) 26Q4(F) 2026(F) 
營業收入淨額
 3,002 
 811
 872
 854 
 951
 3,487 
 1,031 
 1,086 
1,137 
1,199 
4,453
營業成本
 1,823 
 475
 517
 512 
 558
 2,061 
 608
 645
678 
711
2,642
營業毛利淨額
 1,179 
 336
 356
 342 
 393
 1,426 
 423 
 441
459 
488
1,811
營業費用
 291 
 97
 100
 107 
 116
 420 
 124 
 128
131 
138
521
營業淨利(損)
 888 
 238
 256
 234 
 277
 1,006 
 298 
 313
328 
350
1,289
營業外收支
 
 
 
 
利息收入
 18 
 3
 7
 4 
 6
 19 
 2 
 2
4 
5
13
財務成本
 29 
 7
 6
 7 
 6
 26 
 6 
 6
8 
8
28
其他利益及損失
 29 
 11
 (74)
 33 
 22
 (8) 
 14 
 2
11
-15
12
其他收支淨額
 14 
 10
 2
 3 
 3
 18 
 3 
 3
3 
5
14
營業外收支淨額合計
 32 
18
-71
32 
24
 3 
13 
1
10 
-13
11
稅前淨利
 920 
25",857530a25cb24b2eb1036434,106,,PENDING,,PENDING,,PENDING,0.50,ORANGE,STAGE_TABLELIKE_EXPANSION_REVIEW,VRN_1D1_REPORTTEXT_TABLELIKE_EXPANSION,C:\Users\tonyk\OneDrive\VeritasIntelligenceAnalytics\module\VRN\output\_route_lock_runs\RUN_20260525_195119_VRN_GO_M01_60PDF_FULL_V120\full_input_60pdf\20260519兆豐個股報告-望隼(4771).pdf,2026-06-15T16:25:25.775120,a60e534aa07d0cff21830982fe3e34364153b646
33280450a5af073c2547,dc367a89b6fb,4771,,兆豐,2026-05-19,2024Q1,2024,Q1,IS,tax_expense,所得稅費用,3.0,3,%,TWD,,7," 
評等分級：買進（預期未來六個月股價漲輻超過+30%）; 逢低買進（預期未來六個月股價漲輻介於+15%與+30%之間）; 區間操
作（預期未來六個月股價漲跌輻介於-15%與+15%之間）; 逢高賣出（預期未來六個月股價跌輻介於-15%與-30%之間）；賣出（預
期未來六個月股價跌輻超過-30%）。 
本刊所刊載之內容僅做為參考，惟已力求正確與完整，但因時間及市場客觀因素改變所造成產業、市場或個股之相關條件改變，投資人需自行考量
投資之需求與風險，本公司恕不負擔任何法律責任。任何轉載或引用本報告內容必須經本公司同意。 
 
- 7 - 
個股報告 
財務報表 
 
季度損益表 
單位：新台幣百萬元 
 4771望隼 
2024 
25Q1 
25Q2 
25Q3 
25Q4 
2025 
26Q1 
26Q2(F) 26Q3(F) 26Q4(F) 2026(F) 
營業收入淨額
 3,002 
 811
 872
 854 
 951
 3,487 
 1,031 
 1,086 
1,137 
1,199 
4,453
營業成本
 1,823 
 475
 517
 512 
 558
 2,061 
 608
 645
678 
711
2,642
營業毛利淨額
 1,179 
 336
 356
 342 
 393
 1,426 
 423 
 441
459 
488
1,811
營業費用
 291 
 97
 100
 107 
 116
 420 
 124 
 128
131 
138
521
營業淨利(損)
 888 
 238
 256
 234 
 277
 1,006 
 298 
 313
328 
350
1,289
營業外收支
 
 
 
 
利息收入
 18 
 3
 7
 4 
 6
 19 
 2 
 2
4 
5
13
財務成本
 29 
 7
 6
 7 
 6
 26 
 6 
 6
8 
8
28
其他利益及損失
 29 
 11
 (74)
 33 
 22
 (8) 
 14 
 2
11
-15
12
其他收支淨額
 14 
 10
 2
 3 
 3
 18 
 3 
 3
3 
5
14
營業外收支淨額合計
 32 
18
-71
32 
24
 3 
13 
1
10 
-13
11
稅前淨利
 920 
25",857530a25cb24b2eb1036434,107,,PENDING,,PENDING,,PENDING,0.50,ORANGE,STAGE_TABLELIKE_EXPANSION_REVIEW,VRN_1D1_REPORTTEXT_TABLELIKE_EXPANSION,C:\Users\tonyk\OneDrive\VeritasIntelligenceAnalytics\module\VRN\output\_route_lock_runs\RUN_20260525_195119_VRN_GO_M01_60PDF_FULL_V120\full_input_60pdf\20260519兆豐個股報告-望隼(4771).pdf,2026-06-15T16:25:25.775129,dfcd3a642cc8b81bc53e63bebf93412cd9020d7f
33280450a5af073c2547,dc367a89b6fb,4771,,兆豐,2026-05-19,2024Q1,2024,Q1,IS,tax_expense,所得稅費用,5.0,5,%,TWD,,7," 
評等分級：買進（預期未來六個月股價漲輻超過+30%）; 逢低買進（預期未來六個月股價漲輻介於+15%與+30%之間）; 區間操
作（預期未來六個月股價漲跌輻介於-15%與+15%之間）; 逢高賣出（預期未來六個月股價跌輻介於-15%與-30%之間）；賣出（預
期未來六個月股價跌輻超過-30%）。 
本刊所刊載之內容僅做為參考，惟已力求正確與完整，但因時間及市場客觀因素改變所造成產業、市場或個股之相關條件改變，投資人需自行考量
投資之需求與風險，本公司恕不負擔任何法律責任。任何轉載或引用本報告內容必須經本公司同意。 
 
- 7 - 
個股報告 
財務報表 
 
季度損益表 
單位：新台幣百萬元 
 4771望隼 
2024 
25Q1 
25Q2 
25Q3 
25Q4 
2025 
26Q1 
26Q2(F) 26Q3(F) 26Q4(F) 2026(F) 
營業收入淨額
 3,002 
 811
 872
 854 
 951
 3,487 
 1,031 
 1,086 
1,137 
1,199 
4,453
營業成本
 1,823 
 475
 517
 512 
 558
 2,061 
 608
 645
678 
711
2,642
營業毛利淨額
 1,179 
 336
 356
 342 
 393
 1,426 
 423 
 441
459 
488
1,811
營業費用
 291 
 97
 100
 107 
 116
 420 
 124 
 128
131 
138
521
營業淨利(損)
 888 
 238
 256
 234 
 277
 1,006 
 298 
 313
328 
350
1,289
營業外收支
 
 
 
 
利息收入
 18 
 3
 7
 4 
 6
 19 
 2 
 2
4 
5
13
財務成本
 29 
 7
 6
 7 
 6
 26 
 6 
 6
8 
8
28
其他利益及損失
 29 
 11
 (74)
 33 
 22
 (8) 
 14 
 2
11
-15
12
其他收支淨額
 14 
 10
 2
 3 
 3
 18 
 3 
 3
3 
5
14
營業外收支淨額合計
 32 
18
-71
32 
24
 3 
13 
1
10 
-13
11
稅前淨利
 920 
25",857530a25cb24b2eb1036434,108,,PENDING,,PENDING,,PENDING,0.50,ORANGE,STAGE_TABLELIKE_EXPANSION_REVIEW,VRN_1D1_REPORTTEXT_TABLELIKE_EXPANSION,C:\Users\tonyk\OneDrive\VeritasIntelligenceAnalytics\module\VRN\output\_route_lock_runs\RUN_20260525_195119_VRN_GO_M01_60PDF_FULL_V120\full_input_60pdf\20260519兆豐個股報告-望隼(4771).pdf,2026-06-15T16:25:25.775139,5d79eb2a85fb773bb01eadefcbc26b635d5babce
33280450a5af073c2547,dc367a89b6fb,4771,,兆豐,2026-05-19,2024Q1,2024,Q1,IS,tax_expense,所得稅費用,14.0,14,%,TWD,,7," 
評等分級：買進（預期未來六個月股價漲輻超過+30%）; 逢低買進（預期未來六個月股價漲輻介於+15%與+30%之間）; 區間操
作（預期未來六個月股價漲跌輻介於-15%與+15%之間）; 逢高賣出（預期未來六個月股價跌輻介於-15%與-30%之間）；賣出（預
期未來六個月股價跌輻超過-30%）。 
本刊所刊載之內容僅做為參考，惟已力求正確與完整，但因時間及市場客觀因素改變所造成產業、市場或個股之相關條件改變，投資人需自行考量
投資之需求與風險，本公司恕不負擔任何法律責任。任何轉載或引用本報告內容必須經本公司同意。 
 
- 7 - 
個股報告 
財務報表 
 
季度損益表 
單位：新台幣百萬元 
 4771望隼 
2024 
25Q1 
25Q2 
25Q3 
25Q4 
2025 
26Q1 
26Q2(F) 26Q3(F) 26Q4(F) 2026(F) 
營業收入淨額
 3,002 
 811
 872
 854 
 951
 3,487 
 1,031 
 1,086 
1,137 
1,199 
4,453
營業成本
 1,823 
 475
 517
 512 
 558
 2,061 
 608
 645
678 
711
2,642
營業毛利淨額
 1,179 
 336
 356
 342 
 393
 1,426 
 423 
 441
459 
488
1,811
營業費用
 291 
 97
 100
 107 
 116
 420 
 124 
 128
131 
138
521
營業淨利(損)
 888 
 238
 256
 234 
 277
 1,006 
 298 
 313
328 
350
1,289
營業外收支
 
 
 
 
利息收入
 18 
 3
 7
 4 
 6
 19 
 2 
 2
4 
5
13
財務成本
 29 
 7
 6
 7 
 6
 26 
 6 
 6
8 
8
28
其他利益及損失
 29 
 11
 (74)
 33 
 22
 (8) 
 14 
 2
11
-15
12
其他收支淨額
 14 
 10
 2
 3 
 3
 18 
 3 
 3
3 
5
14
營業外收支淨額合計
 32 
18
-71
32 
24
 3 
13 
1
10 
-13
11
稅前淨利
 920 
25",857530a25cb24b2eb1036434,109,,PENDING,,PENDING,,PENDING,0.50,ORANGE,STAGE_TABLELIKE_EXPANSION_REVIEW,VRN_1D1_REPORTTEXT_TABLELIKE_EXPANSION,C:\Users\tonyk\OneDrive\VeritasIntelligenceAnalytics\module\VRN\output\_route_lock_runs\RUN_20260525_195119_VRN_GO_M01_60PDF_FULL_V120\full_input_60pdf\20260519兆豐個股報告-望隼(4771).pdf,2026-06-15T16:25:25.775148,02f0808e71498bef6d62e21d0c58ca1995476046
33280450a5af073c2547,dc367a89b6fb,4771,,兆豐,2026-05-19,2024Q1,2024,Q1,IS,tax_expense,所得稅費用,32.0,32,%,TWD,,7," 
評等分級：買進（預期未來六個月股價漲輻超過+30%）; 逢低買進（預期未來六個月股價漲輻介於+15%與+30%之間）; 區間操
作（預期未來六個月股價漲跌輻介於-15%與+15%之間）; 逢高賣出（預期未來六個月股價跌輻介於-15%與-30%之間）；賣出（預
期未來六個月股價跌輻超過-30%）。 
本刊所刊載之內容僅做為參考，惟已力求正確與完整，但因時間及市場客觀因素改變所造成產業、市場或個股之相關條件改變，投資人需自行考量
投資之需求與風險，本公司恕不負擔任何法律責任。任何轉載或引用本報告內容必須經本公司同意。 
 
- 7 - 
個股報告 
財務報表 
 
季度損益表 
單位：新台幣百萬元 
 4771望隼 
2024 
25Q1 
25Q2 
25Q3 
25Q4 
2025 
26Q1 
26Q2(F) 26Q3(F) 26Q4(F) 2026(F) 
營業收入淨額
 3,002 
 811
 872
 854 
 951
 3,487 
 1,031 
 1,086 
1,137 
1,199 
4,453
營業成本
 1,823 
 475
 517
 512 
 558
 2,061 
 608
 645
678 
711
2,642
營業毛利淨額
 1,179 
 336
 356
 342 
 393
 1,426 
 423 
 441
459 
488
1,811
營業費用
 291 
 97
 100
 107 
 116
 420 
 124 
 128
131 
138
521
營業淨利(損)
 888 
 238
 256
 234 
 277
 1,006 
 298 
 313
328 
350
1,289
營業外收支
 
 
 
 
利息收入
 18 
 3
 7
 4 
 6
 19 
 2 
 2
4 
5
13
財務成本
 29 
 7
 6
 7 
 6
 26 
 6 
 6
8 
8
28
其他利益及損失
 29 
 11
 (74)
 33 
 22
 (8) 
 14 
 2
11
-15
12
其他收支淨額
 14 
 10
 2
 3 
 3
 18 
 3 
 3
3 
5
14
營業外收支淨額合計
 32 
18
-71
32 
24
 3 
13 
1
10 
-13
11
稅前淨利
 920 
25",857530a25cb24b2eb1036434,110,,PENDING,,PENDING,,PENDING,0.50,ORANGE,STAGE_TABLELIKE_EXPANSION_REVIEW,VRN_1D1_REPORTTEXT_TABLELIKE_EXPANSION,C:\Users\tonyk\OneDrive\VeritasIntelligenceAnalytics\module\VRN\output\_route_lock_runs\RUN_20260525_195119_VRN_GO_M01_60PDF_FULL_V120\full_input_60pdf\20260519兆豐個股報告-望隼(4771).pdf,2026-06-15T16:25:25.775158,77a7b7b7d31b52b34de02d73e6ebacf18f3fa2d7
33280450a5af073c2547,dc367a89b6fb,4771,,兆豐,2026-05-19,2024Q1,2024,Q1,IS,tax_expense,所得稅費用,18.0,18,%,TWD,,7," 
評等分級：買進（預期未來六個月股價漲輻超過+30%）; 逢低買進（預期未來六個月股價漲輻介於+15%與+30%之間）; 區間操
作（預期未來六個月股價漲跌輻介於-15%與+15%之間）; 逢高賣出（預期未來六個月股價跌輻介於-15%與-30%之間）；賣出（預
期未來六個月股價跌輻超過-30%）。 
本刊所刊載之內容僅做為參考，惟已力求正確與完整，但因時間及市場客觀因素改變所造成產業、市場或個股之相關條件改變，投資人需自行考量
投資之需求與風險，本公司恕不負擔任何法律責任。任何轉載或引用本報告內容必須經本公司同意。 
 
- 7 - 
個股報告 
財務報表 
 
季度損益表 
單位：新台幣百萬元 
 4771望隼 
2024 
25Q1 
25Q2 
25Q3 
25Q4 
2025 
26Q1 
26Q2(F) 26Q3(F) 26Q4(F) 2026(F) 
營業收入淨額
 3,002 
 811
 872
 854 
 951
 3,487 
 1,031 
 1,086 
1,137 
1,199 
4,453
營業成本
 1,823 
 475
 517
 512 
 558
 2,061 
 608
 645
678 
711
2,642
營業毛利淨額
 1,179 
 336
 356
 342 
 393
 1,426 
 423 
 441
459 
488
1,811
營業費用
 291 
 97
 100
 107 
 116
 420 
 124 
 128
131 
138
521
營業淨利(損)
 888 
 238
 256
 234 
 277
 1,006 
 298 
 313
328 
350
1,289
營業外收支
 
 
 
 
利息收入
 18 
 3
 7
 4 
 6
 19 
 2 
 2
4 
5
13
財務成本
 29 
 7
 6
 7 
 6
 26 
 6 
 6
8 
8
28
其他利益及損失
 29 
 11
 (74)
 33 
 22
 (8) 
 14 
 2
11
-15
12
其他收支淨額
 14 
 10
 2
 3 
 3
 18 
 3 
 3
3 
5
14
營業外收支淨額合計
 32 
18
-71
32 
24
 3 
13 
1
10 
-13
11
稅前淨利
 920 
25",857530a25cb24b2eb1036434,111,,PENDING,,PENDING,,PENDING,0.50,ORANGE,STAGE_TABLELIKE_EXPANSION_REVIEW,VRN_1D1_REPORTTEXT_TABLELIKE_EXPANSION,C:\Users\tonyk\OneDrive\VeritasIntelligenceAnalytics\module\VRN\output\_route_lock_runs\RUN_20260525_195119_VRN_GO_M01_60PDF_FULL_V120\full_input_60pdf\20260519兆豐個股報告-望隼(4771).pdf,2026-06-15T16:25:25.775167,e0027a2436d59c4ff2fdc1a3026ee340d43d7ecc
33280450a5af073c2547,dc367a89b6fb,4771,,兆豐,2026-05-19,2024Q1,2024,Q1,IS,tax_expense,所得稅費用,-71.0,-71,%,TWD,,7," 
評等分級：買進（預期未來六個月股價漲輻超過+30%）; 逢低買進（預期未來六個月股價漲輻介於+15%與+30%之間）; 區間操
作（預期未來六個月股價漲跌輻介於-15%與+15%之間）; 逢高賣出（預期未來六個月股價跌輻介於-15%與-30%之間）；賣出（預
期未來六個月股價跌輻超過-30%）。 
本刊所刊載之內容僅做為參考，惟已力求正確與完整，但因時間及市場客觀因素改變所造成產業、市場或個股之相關條件改變，投資人需自行考量
投資之需求與風險，本公司恕不負擔任何法律責任。任何轉載或引用本報告內容必須經本公司同意。 
 
- 7 - 
個股報告 
財務報表 
 
季度損益表 
單位：新台幣百萬元 
 4771望隼 
2024 
25Q1 
25Q2 
25Q3 
25Q4 
2025 
26Q1 
26Q2(F) 26Q3(F) 26Q4(F) 2026(F) 
營業收入淨額
 3,002 
 811
 872
 854 
 951
 3,487 
 1,031 
 1,086 
1,137 
1,199 
4,453
營業成本
 1,823 
 475
 517
 512 
 558
 2,061 
 608
 645
678 
711
2,642
營業毛利淨額
 1,179 
 336
 356
 342 
 393
 1,426 
 423 
 441
459 
488
1,811
營業費用
 291 
 97
 100
 107 
 116
 420 
 124 
 128
131 
138
521
營業淨利(損)
 888 
 238
 256
 234 
 277
 1,006 
 298 
 313
328 
350
1,289
營業外收支
 
 
 
 
利息收入
 18 
 3
 7
 4 
 6
 19 
 2 
 2
4 
5
13
財務成本
 29 
 7
 6
 7 
 6
 26 
 6 
 6
8 
8
28
其他利益及損失
 29 
 11
 (74)
 33 
 22
 (8) 
 14 
 2
11
-15
12
其他收支淨額
 14 
 10
 2
 3 
 3
 18 
 3 
 3
3 
5
14
營業外收支淨額合計
 32 
18
-71
32 
24
 3 
13 
1
10 
-13
11
稅前淨利
 920 
25",857530a25cb24b2eb1036434,112,,PENDING,,PENDING,,PENDING,0.50,ORANGE,STAGE_TABLELIKE_EXPANSION_REVIEW,VRN_1D1_REPORTTEXT_TABLELIKE_EXPANSION,C:\Users\tonyk\OneDrive\VeritasIntelligenceAnalytics\module\VRN\output\_route_lock_runs\RUN_20260525_195119_VRN_GO_M01_60PDF_FULL_V120\full_input_60pdf\20260519兆豐個股報告-望隼(4771).pdf,2026-06-15T16:25:25.775177,0b895eec082708125e546aa2e08a49df9253bce7
33280450a5af073c2547,dc367a89b6fb,4771,,兆豐,2026-05-19,2024Q1,2024,Q1,IS,tax_expense,所得稅費用,32.0,32,%,TWD,,7," 
評等分級：買進（預期未來六個月股價漲輻超過+30%）; 逢低買進（預期未來六個月股價漲輻介於+15%與+30%之間）; 區間操
作（預期未來六個月股價漲跌輻介於-15%與+15%之間）; 逢高賣出（預期未來六個月股價跌輻介於-15%與-30%之間）；賣出（預
期未來六個月股價跌輻超過-30%）。 
本刊所刊載之內容僅做為參考，惟已力求正確與完整，但因時間及市場客觀因素改變所造成產業、市場或個股之相關條件改變，投資人需自行考量
投資之需求與風險，本公司恕不負擔任何法律責任。任何轉載或引用本報告內容必須經本公司同意。 
 
- 7 - 
個股報告 
財務報表 
 
季度損益表 
單位：新台幣百萬元 
 4771望隼 
2024 
25Q1 
25Q2 
25Q3 
25Q4 
2025 
26Q1 
26Q2(F) 26Q3(F) 26Q4(F) 2026(F) 
營業收入淨額
 3,002 
 811
 872
 854 
 951
 3,487 
 1,031 
 1,086 
1,137 
1,199 
4,453
營業成本
 1,823 
 475
 517
 512 
 558
 2,061 
 608
 645
678 
711
2,642
營業毛利淨額
 1,179 
 336
 356
 342 
 393
 1,426 
 423 
 441
459 
488
1,811
營業費用
 291 
 97
 100
 107 
 116
 420 
 124 
 128
131 
138
521
營業淨利(損)
 888 
 238
 256
 234 
 277
 1,006 
 298 
 313
328 
350
1,289
營業外收支
 
 
 
 
利息收入
 18 
 3
 7
 4 
 6
 19 
 2 
 2
4 
5
13
財務成本
 29 
 7
 6
 7 
 6
 26 
 6 
 6
8 
8
28
其他利益及損失
 29 
 11
 (74)
 33 
 22
 (8) 
 14 
 2
11
-15
12
其他收支淨額
 14 
 10
 2
 3 
 3
 18 
 3 
 3
3 
5
14
營業外收支淨額合計
 32 
18
-71
32 
24
 3 
13 
1
10 
-13
11
稅前淨利
 920 
25",857530a25cb24b2eb1036434,113,,PENDING,,PENDING,,PENDING,0.50,ORANGE,STAGE_TABLELIKE_EXPANSION_REVIEW,VRN_1D1_REPORTTEXT_TABLELIKE_EXPANSION,C:\Users\tonyk\OneDrive\VeritasIntelligenceAnalytics\module\VRN\output\_route_lock_runs\RUN_20260525_195119_VRN_GO_M01_60PDF_FULL_V120\full_input_60pdf\20260519兆豐個股報告-望隼(4771).pdf,2026-06-15T16:25:25.775202,427438d492334d7be980451b7e84f9c5ea641927
33280450a5af073c2547,dc367a89b6fb,4771,,兆豐,2026-05-19,2024Q1,2024,Q1,IS,tax_expense,所得稅費用,24.0,24,%,TWD,,7," 
評等分級：買進（預期未來六個月股價漲輻超過+30%）; 逢低買進（預期未來六個月股價漲輻介於+15%與+30%之間）; 區間操
作（預期未來六個月股價漲跌輻介於-15%與+15%之間）; 逢高賣出（預期未來六個月股價跌輻介於-15%與-30%之間）；賣出（預
期未來六個月股價跌輻超過-30%）。 
本刊所刊載之內容僅做為參考，惟已力求正確與完整，但因時間及市場客觀因素改變所造成產業、市場或個股之相關條件改變，投資人需自行考量
投資之需求與風險，本公司恕不負擔任何法律責任。任何轉載或引用本報告內容必須經本公司同意。 
 
- 7 - 
個股報告 
財務報表 
 
季度損益表 
單位：新台幣百萬元 
 4771望隼 
2024 
25Q1 
25Q2 
25Q3 
25Q4 
2025 
26Q1 
26Q2(F) 26Q3(F) 26Q4(F) 2026(F) 
營業收入淨額
 3,002 
 811
 872
 854 
 951
 3,487 
 1,031 
 1,086 
1,137 
1,199 
4,453
營業成本
 1,823 
 475
 517
 512 
 558
 2,061 
 608
 645
678 
711
2,642
營業毛利淨額
 1,179 
 336
 356
 342 
 393
 1,426 
 423 
 441
459 
488
1,811
營業費用
 291 
 97
 100
 107 
 116
 420 
 124 
 128
131 
138
521
營業淨利(損)
 888 
 238
 256
 234 
 277
 1,006 
 298 
 313
328 
350
1,289
營業外收支
 
 
 
 
利息收入
 18 
 3
 7
 4 
 6
 19 
 2 
 2
4 
5
13
財務成本
 29 
 7
 6
 7 
 6
 26 
 6 
 6
8 
8
28
其他利益及損失
 29 
 11
 (74)
 33 
 22
 (8) 
 14 
 2
11
-15
12
其他收支淨額
 14 
 10
 2
 3 
 3
 18 
 3 
 3
3 
5
14
營業外收支淨額合計
 32 
18
-71
32 
24
 3 
13 
1
10 
-13
11
稅前淨利
 920 
25",857530a25cb24b2eb1036434,114,,PENDING,,PENDING,,PENDING,0.50,ORANGE,STAGE_TABLELIKE_EXPANSION_REVIEW,VRN_1D1_REPORTTEXT_TABLELIKE_EXPANSION,C:\Users\tonyk\OneDrive\VeritasIntelligenceAnalytics\module\VRN\output\_route_lock_runs\RUN_20260525_195119_VRN_GO_M01_60PDF_FULL_V120\full_input_60pdf\20260519兆豐個股報告-望隼(4771).pdf,2026-06-15T16:25:25.775213,741e2859f7b9b878cb2d216ab068c6702b81992a
33280450a5af073c2547,dc367a89b6fb,4771,,兆豐,2026-05-19,2024Q1,2024,Q1,IS,tax_expense,所得稅費用,3.0,3,%,TWD,,7," 
評等分級：買進（預期未來六個月股價漲輻超過+30%）; 逢低買進（預期未來六個月股價漲輻介於+15%與+30%之間）; 區間操
作（預期未來六個月股價漲跌輻介於-15%與+15%之間）; 逢高賣出（預期未來六個月股價跌輻介於-15%與-30%之間）；賣出（預
期未來六個月股價跌輻超過-30%）。 
本刊所刊載之內容僅做為參考，惟已力求正確與完整，但因時間及市場客觀因素改變所造成產業、市場或個股之相關條件改變，投資人需自行考量
投資之需求與風險，本公司恕不負擔任何法律責任。任何轉載或引用本報告內容必須經本公司同意。 
 
- 7 - 
個股報告 
財務報表 
 
季度損益表 
單位：新台幣百萬元 
 4771望隼 
2024 
25Q1 
25Q2 
25Q3 
25Q4 
2025 
26Q1 
26Q2(F) 26Q3(F) 26Q4(F) 2026(F) 
營業收入淨額
 3,002 
 811
 872
 854 
 951
 3,487 
 1,031 
 1,086 
1,137 
1,199 
4,453
營業成本
 1,823 
 475
 517
 512 
 558
 2,061 
 608
 645
678 
711
2,642
營業毛利淨額
 1,179 
 336
 356
 342 
 393
 1,426 
 423 
 441
459 
488
1,811
營業費用
 291 
 97
 100
 107 
 116
 420 
 124 
 128
131 
138
521
營業淨利(損)
 888 
 238
 256
 234 
 277
 1,006 
 298 
 313
328 
350
1,289
營業外收支
 
 
 
 
利息收入
 18 
 3
 7
 4 
 6
 19 
 2 
 2
4 
5
13
財務成本
 29 
 7
 6
 7 
 6
 26 
 6 
 6
8 
8
28
其他利益及損失
 29 
 11
 (74)
 33 
 22
 (8) 
 14 
 2
11
-15
12
其他收支淨額
 14 
 10
 2
 3 
 3
 18 
 3 
 3
3 
5
14
營業外收支淨額合計
 32 
18
-71
32 
24
 3 
13 
1
10 
-13
11
稅前淨利
 920 
25",857530a25cb24b2eb1036434,115,,PENDING,,PENDING,,PENDING,0.50,ORANGE,STAGE_TABLELIKE_EXPANSION_REVIEW,VRN_1D1_REPORTTEXT_TABLELIKE_EXPANSION,C:\Users\tonyk\OneDrive\VeritasIntelligenceAnalytics\module\VRN\output\_route_lock_runs\RUN_20260525_195119_VRN_GO_M01_60PDF_FULL_V120\full_input_60pdf\20260519兆豐個股報告-望隼(4771).pdf,2026-06-15T16:25:25.775222,9830b8a89933a7ea1e3780959430af8fa32ee328
33280450a5af073c2547,dc367a89b6fb,4771,,兆豐,2026-05-19,2024Q1,2024,Q1,IS,tax_expense,所得稅費用,13.0,13,%,TWD,,7," 
評等分級：買進（預期未來六個月股價漲輻超過+30%）; 逢低買進（預期未來六個月股價漲輻介於+15%與+30%之間）; 區間操
作（預期未來六個月股價漲跌輻介於-15%與+15%之間）; 逢高賣出（預期未來六個月股價跌輻介於-15%與-30%之間）；賣出（預
期未來六個月股價跌輻超過-30%）。 
本刊所刊載之內容僅做為參考，惟已力求正確與完整，但因時間及市場客觀因素改變所造成產業、市場或個股之相關條件改變，投資人需自行考量
投資之需求與風險，本公司恕不負擔任何法律責任。任何轉載或引用本報告內容必須經本公司同意。 
 
- 7 - 
個股報告 
財務報表 
 
季度損益表 
單位：新台幣百萬元 
 4771望隼 
2024 
25Q1 
25Q2 
25Q3 
25Q4 
2025 
26Q1 
26Q2(F) 26Q3(F) 26Q4(F) 2026(F) 
營業收入淨額
 3,002 
 811
 872
 854 
 951
 3,487 
 1,031 
 1,086 
1,137 
1,199 
4,453
營業成本
 1,823 
 475
 517
 512 
 558
 2,061 
 608
 645
678 
711
2,642
營業毛利淨額
 1,179 
 336
 356
 342 
 393
 1,426 
 423 
 441
459 
488
1,811
營業費用
 291 
 97
 100
 107 
 116
 420 
 124 
 128
131 
138
521
營業淨利(損)
 888 
 238
 256
 234 
 277
 1,006 
 298 
 313
328 
350
1,289
營業外收支
 
 
 
 
利息收入
 18 
 3
 7
 4 
 6
 19 
 2 
 2
4 
5
13
財務成本
 29 
 7
 6
 7 
 6
 26 
 6 
 6
8 
8
28
其他利益及損失
 29 
 11
 (74)
 33 
 22
 (8) 
 14 
 2
11
-15
12
其他收支淨額
 14 
 10
 2
 3 
 3
 18 
 3 
 3
3 
5
14
營業外收支淨額合計
 32 
18
-71
32 
24
 3 
13 
1
10 
-13
11
稅前淨利
 920 
25",857530a25cb24b2eb1036434,116,,PENDING,,PENDING,,PENDING,0.50,ORANGE,STAGE_TABLELIKE_EXPANSION_REVIEW,VRN_1D1_REPORTTEXT_TABLELIKE_EXPANSION,C:\Users\tonyk\OneDrive\VeritasIntelligenceAnalytics\module\VRN\output\_route_lock_runs\RUN_20260525_195119_VRN_GO_M01_60PDF_FULL_V120\full_input_60pdf\20260519兆豐個股報告-望隼(4771).pdf,2026-06-15T16:25:25.775232,22aea40ff688ea444b32e69734316089b965e047
33280450a5af073c2547,dc367a89b6fb,4771,,兆豐,2026-05-19,2024Q1,2024,Q1,IS,tax_expense,所得稅費用,1.0,1,%,TWD,,7," 
評等分級：買進（預期未來六個月股價漲輻超過+30%）; 逢低買進（預期未來六個月股價漲輻介於+15%與+30%之間）; 區間操
作（預期未來六個月股價漲跌輻介於-15%與+15%之間）; 逢高賣出（預期未來六個月股價跌輻介於-15%與-30%之間）；賣出（預
期未來六個月股價跌輻超過-30%）。 
本刊所刊載之內容僅做為參考，惟已力求正確與完整，但因時間及市場客觀因素改變所造成產業、市場或個股之相關條件改變，投資人需自行考量
投資之需求與風險，本公司恕不負擔任何法律責任。任何轉載或引用本報告內容必須經本公司同意。 
 
- 7 - 
個股報告 
財務報表 
 
季度損益表 
單位：新台幣百萬元 
 4771望隼 
2024 
25Q1 
25Q2 
25Q3 
25Q4 
2025 
26Q1 
26Q2(F) 26Q3(F) 26Q4(F) 2026(F) 
營業收入淨額
 3,002 
 811
 872
 854 
 951
 3,487 
 1,031 
 1,086 
1,137 
1,199 
4,453
營業成本
 1,823 
 475
 517
 512 
 558
 2,061 
 608
 645
678 
711
2,642
營業毛利淨額
 1,179 
 336
 356
 342 
 393
 1,426 
 423 
 441
459 
488
1,811
營業費用
 291 
 97
 100
 107 
 116
 420 
 124 
 128
131 
138
521
營業淨利(損)
 888 
 238
 256
 234 
 277
 1,006 
 298 
 313
328 
350
1,289
營業外收支
 
 
 
 
利息收入
 18 
 3
 7
 4 
 6
 19 
 2 
 2
4 
5
13
財務成本
 29 
 7
 6
 7 
 6
 26 
 6 
 6
8 
8
28
其他利益及損失
 29 
 11
 (74)
 33 
 22
 (8) 
 14 
 2
11
-15
12
其他收支淨額
 14 
 10
 2
 3 
 3
 18 
 3 
 3
3 
5
14
營業外收支淨額合計
 32 
18
-71
32 
24
 3 
13 
1
10 
-13
11
稅前淨利
 920 
25",857530a25cb24b2eb1036434,117,,PENDING,,PENDING,,PENDING,0.50,ORANGE,STAGE_TABLELIKE_EXPANSION_REVIEW,VRN_1D1_REPORTTEXT_TABLELIKE_EXPANSION,C:\Users\tonyk\OneDrive\VeritasIntelligenceAnalytics\module\VRN\output\_route_lock_runs\RUN_20260525_195119_VRN_GO_M01_60PDF_FULL_V120\full_input_60pdf\20260519兆豐個股報告-望隼(4771).pdf,2026-06-15T16:25:25.775241,85da6fc166588d0eca1222e142a9f3495fb884c9
33280450a5af073c2547,dc367a89b6fb,4771,,兆豐,2026-05-19,2024Q1,2024,Q1,IS,tax_expense,所得稅費用,10.0,10,%,TWD,,7," 
評等分級：買進（預期未來六個月股價漲輻超過+30%）; 逢低買進（預期未來六個月股價漲輻介於+15%與+30%之間）; 區間操
作（預期未來六個月股價漲跌輻介於-15%與+15%之間）; 逢高賣出（預期未來六個月股價跌輻介於-15%與-30%之間）；賣出（預
期未來六個月股價跌輻超過-30%）。 
本刊所刊載之內容僅做為參考，惟已力求正確與完整，但因時間及市場客觀因素改變所造成產業、市場或個股之相關條件改變，投資人需自行考量
投資之需求與風險，本公司恕不負擔任何法律責任。任何轉載或引用本報告內容必須經本公司同意。 
 
- 7 - 
個股報告 
財務報表 
 
季度損益表 
單位：新台幣百萬元 
 4771望隼 
2024 
25Q1 
25Q2 
25Q3 
25Q4 
2025 
26Q1 
26Q2(F) 26Q3(F) 26Q4(F) 2026(F) 
營業收入淨額
 3,002 
 811
 872
 854 
 951
 3,487 
 1,031 
 1,086 
1,137 
1,199 
4,453
營業成本
 1,823 
 475
 517
 512 
 558
 2,061 
 608
 645
678 
711
2,642
營業毛利淨額
 1,179 
 336
 356
 342 
 393
 1,426 
 423 
 441
459 
488
1,811
營業費用
 291 
 97
 100
 107 
 116
 420 
 124 
 128
131 
138
521
營業淨利(損)
 888 
 238
 256
 234 
 277
 1,006 
 298 
 313
328 
350
1,289
營業外收支
 
 
 
 
利息收入
 18 
 3
 7
 4 
 6
 19 
 2 
 2
4 
5
13
財務成本
 29 
 7
 6
 7 
 6
 26 
 6 
 6
8 
8
28
其他利益及損失
 29 
 11
 (74)
 33 
 22
 (8) 
 14 
 2
11
-15
12
其他收支淨額
 14 
 10
 2
 3 
 3
 18 
 3 
 3
3 
5
14
營業外收支淨額合計
 32 
18
-71
32 
24
 3 
13 
1
10 
-13
11
稅前淨利
 920 
25",857530a25cb24b2eb1036434,118,,PENDING,,PENDING,,PENDING,0.50,ORANGE,STAGE_TABLELIKE_EXPANSION_REVIEW,VRN_1D1_REPORTTEXT_TABLELIKE_EXPANSION,C:\Users\tonyk\OneDrive\VeritasIntelligenceAnalytics\module\VRN\output\_route_lock_runs\RUN_20260525_195119_VRN_GO_M01_60PDF_FULL_V120\full_input_60pdf\20260519兆豐個股報告-望隼(4771).pdf,2026-06-15T16:25:25.775251,4891a822b03269dc0dff91895d1f0fe51966da93
33280450a5af073c2547,dc367a89b6fb,4771,,兆豐,2026-05-19,2024Q1,2024,Q1,IS,tax_expense,所得稅費用,-13.0,-13,%,TWD,,7," 
評等分級：買進（預期未來六個月股價漲輻超過+30%）; 逢低買進（預期未來六個月股價漲輻介於+15%與+30%之間）; 區間操
作（預期未來六個月股價漲跌輻介於-15%與+15%之間）; 逢高賣出（預期未來六個月股價跌輻介於-15%與-30%之間）；賣出（預
期未來六個月股價跌輻超過-30%）。 
本刊所刊載之內容僅做為參考，惟已力求正確與完整，但因時間及市場客觀因素改變所造成產業、市場或個股之相關條件改變，投資人需自行考量
投資之需求與風險，本公司恕不負擔任何法律責任。任何轉載或引用本報告內容必須經本公司同意。 
 
- 7 - 
個股報告 
財務報表 
 
季度損益表 
單位：新台幣百萬元 
 4771望隼 
2024 
25Q1 
25Q2 
25Q3 
25Q4 
2025 
26Q1 
26Q2(F) 26Q3(F) 26Q4(F) 2026(F) 
營業收入淨額
 3,002 
 811
 872
 854 
 951
 3,487 
 1,031 
 1,086 
1,137 
1,199 
4,453
營業成本
 1,823 
 475
 517
 512 
 558
 2,061 
 608
 645
678 
711
2,642
營業毛利淨額
 1,179 
 336
 356
 342 
 393
 1,426 
 423 
 441
459 
488
1,811
營業費用
 291 
 97
 100
 107 
 116
 420 
 124 
 128
131 
138
521
營業淨利(損)
 888 
 238
 256
 234 
 277
 1,006 
 298 
 313
328 
350
1,289
營業外收支
 
 
 
 
利息收入
 18 
 3
 7
 4 
 6
 19 
 2 
 2
4 
5
13
財務成本
 29 
 7
 6
 7 
 6
 26 
 6 
 6
8 
8
28
其他利益及損失
 29 
 11
 (74)
 33 
 22
 (8) 
 14 
 2
11
-15
12
其他收支淨額
 14 
 10
 2
 3 
 3
 18 
 3 
 3
3 
5
14
營業外收支淨額合計
 32 
18
-71
32 
24
 3 
13 
1
10 
-13
11
稅前淨利
 920 
25",857530a25cb24b2eb1036434,119,,PENDING,,PENDING,,PENDING,0.50,ORANGE,STAGE_TABLELIKE_EXPANSION_REVIEW,VRN_1D1_REPORTTEXT_TABLELIKE_EXPANSION,C:\Users\tonyk\OneDrive\VeritasIntelligenceAnalytics\module\VRN\output\_route_lock_runs\RUN_20260525_195119_VRN_GO_M01_60PDF_FULL_V120\full_input_60pdf\20260519兆豐個股報告-望隼(4771).pdf,2026-06-15T16:25:25.775260,87f552abee5cae412800d3384d9c9fda57cc92c3
33280450a5af073c2547,dc367a89b6fb,4771,,兆豐,2026-05-19,2024Q1,2024,Q1,IS,tax_expense,所得稅費用,11.0,11,%,TWD,,7," 
評等分級：買進（預期未來六個月股價漲輻超過+30%）; 逢低買進（預期未來六個月股價漲輻介於+15%與+30%之間）; 區間操
作（預期未來六個月股價漲跌輻介於-15%與+15%之間）; 逢高賣出（預期未來六個月股價跌輻介於-15%與-30%之間）；賣出（預
期未來六個月股價跌輻超過-30%）。 
本刊所刊載之內容僅做為參考，惟已力求正確與完整，但因時間及市場客觀因素改變所造成產業、市場或個股之相關條件改變，投資人需自行考量
投資之需求與風險，本公司恕不負擔任何法律責任。任何轉載或引用本報告內容必須經本公司同意。 
 
- 7 - 
個股報告 
財務報表 
 
季度損益表 
單位：新台幣百萬元 
 4771望隼 
2024 
25Q1 
25Q2 
25Q3 
25Q4 
2025 
26Q1 
26Q2(F) 26Q3(F) 26Q4(F) 2026(F) 
營業收入淨額
 3,002 
 811
 872
 854 
 951
 3,487 
 1,031 
 1,086 
1,137 
1,199 
4,453
營業成本
 1,823 
 475
 517
 512 
 558
 2,061 
 608
 645
678 
711
2,642
營業毛利淨額
 1,179 
 336
 356
 342 
 393
 1,426 
 423 
 441
459 
488
1,811
營業費用
 291 
 97
 100
 107 
 116
 420 
 124 
 128
131 
138
521
營業淨利(損)
 888 
 238
 256
 234 
 277
 1,006 
 298 
 313
328 
350
1,289
營業外收支
 
 
 
 
利息收入
 18 
 3
 7
 4 
 6
 19 
 2 
 2
4 
5
13
財務成本
 29 
 7
 6
 7 
 6
 26 
 6 
 6
8 
8
28
其他利益及損失
 29 
 11
 (74)
 33 
 22
 (8) 
 14 
 2
11
-15
12
其他收支淨額
 14 
 10
 2
 3 
 3
 18 
 3 
 3
3 
5
14
營業外收支淨額合計
 32 
18
-71
32 
24
 3 
13 
1
10 
-13
11
稅前淨利
 920 
25",857530a25cb24b2eb1036434,120,,PENDING,,PENDING,,PENDING,0.50,ORANGE,STAGE_TABLELIKE_EXPANSION_REVIEW,VRN_1D1_REPORTTEXT_TABLELIKE_EXPANSION,C:\Users\tonyk\OneDrive\VeritasIntelligenceAnalytics\module\VRN\output\_route_lock_runs\RUN_20260525_195119_VRN_GO_M01_60PDF_FULL_V120\full_input_60pdf\20260519兆豐個股報告-望隼(4771).pdf,2026-06-15T16:25:25.775269,59cf6b6eae515c61d1d67000b754ca3aeb8b4535
33280450a5af073c2547,dc367a89b6fb,4771,,兆豐,2026-05-19,2024Q1,2024,Q1,IS,tax_expense,所得稅費用,920.0,920,%,TWD,,7," 
評等分級：買進（預期未來六個月股價漲輻超過+30%）; 逢低買進（預期未來六個月股價漲輻介於+15%與+30%之間）; 區間操
作（預期未來六個月股價漲跌輻介於-15%與+15%之間）; 逢高賣出（預期未來六個月股價跌輻介於-15%與-30%之間）；賣出（預
期未來六個月股價跌輻超過-30%）。 
本刊所刊載之內容僅做為參考，惟已力求正確與完整，但因時間及市場客觀因素改變所造成產業、市場或個股之相關條件改變，投資人需自行考量
投資之需求與風險，本公司恕不負擔任何法律責任。任何轉載或引用本報告內容必須經本公司同意。 
 
- 7 - 
個股報告 
財務報表 
 
季度損益表 
單位：新台幣百萬元 
 4771望隼 
2024 
25Q1 
25Q2 
25Q3 
25Q4 
2025 
26Q1 
26Q2(F) 26Q3(F) 26Q4(F) 2026(F) 
營業收入淨額
 3,002 
 811
 872
 854 
 951
 3,487 
 1,031 
 1,086 
1,137 
1,199 
4,453
營業成本
 1,823 
 475
 517
 512 
 558
 2,061 
 608
 645
678 
711
2,642
營業毛利淨額
 1,179 
 336
 356
 342 
 393
 1,426 
 423 
 441
459 
488
1,811
營業費用
 291 
 97
 100
 107 
 116
 420 
 124 
 128
131 
138
521
營業淨利(損)
 888 
 238
 256
 234 
 277
 1,006 
 298 
 313
328 
350
1,289
營業外收支
 
 
 
 
利息收入
 18 
 3
 7
 4 
 6
 19 
 2 
 2
4 
5
13
財務成本
 29 
 7
 6
 7 
 6
 26 
 6 
 6
8 
8
28
其他利益及損失
 29 
 11
 (74)
 33 
 22
 (8) 
 14 
 2
11
-15
12
其他收支淨額
 14 
 10
 2
 3 
 3
 18 
 3 
 3
3 
5
14
營業外收支淨額合計
 32 
18
-71
32 
24
 3 
13 
1
10 
-13
11
稅前淨利
 920 
25",857530a25cb24b2eb1036434,121,,PENDING,,PENDING,,PENDING,0.50,ORANGE,STAGE_TABLELIKE_EXPANSION_REVIEW,VRN_1D1_REPORTTEXT_TABLELIKE_EXPANSION,C:\Users\tonyk\OneDrive\VeritasIntelligenceAnalytics\module\VRN\output\_route_lock_runs\RUN_20260525_195119_VRN_GO_M01_60PDF_FULL_V120\full_input_60pdf\20260519兆豐個股報告-望隼(4771).pdf,2026-06-15T16:25:25.775279,1433f2b5d0074fbc4dc79115f0fb223a77ee5662
33280450a5af073c2547,dc367a89b6fb,4771,,兆豐,2026-05-19,2024Q1,2024,Q1,IS,tax_expense,所得稅費用,256.0,256,%,TWD,,7," 
評等分級：買進（預期未來六個月股價漲輻超過+30%）; 逢低買進（預期未來六個月股價漲輻介於+15%與+30%之間）; 區間操
作（預期未來六個月股價漲跌輻介於-15%與+15%之間）; 逢高賣出（預期未來六個月股價跌輻介於-15%與-30%之間）；賣出（預
期未來六個月股價跌輻超過-30%）。 
本刊所刊載之內容僅做為參考，惟已力求正確與完整，但因時間及市場客觀因素改變所造成產業、市場或個股之相關條件改變，投資人需自行考量
投資之需求與風險，本公司恕不負擔任何法律責任。任何轉載或引用本報告內容必須經本公司同意。 
 
- 7 - 
個股報告 
財務報表 
 
季度損益表 
單位：新台幣百萬元 
 4771望隼 
2024 
25Q1 
25Q2 
25Q3 
25Q4 
2025 
26Q1 
26Q2(F) 26Q3(F) 26Q4(F) 2026(F) 
營業收入淨額
 3,002 
 811
 872
 854 
 951
 3,487 
 1,031 
 1,086 
1,137 
1,199 
4,453
營業成本
 1,823 
 475
 517
 512 
 558
 2,061 
 608
 645
678 
711
2,642
營業毛利淨額
 1,179 
 336
 356
 342 
 393
 1,426 
 423 
 441
459 
488
1,811
營業費用
 291 
 97
 100
 107 
 116
 420 
 124 
 128
131 
138
521
營業淨利(損)
 888 
 238
 256
 234 
 277
 1,006 
 298 
 313
328 
350
1,289
營業外收支
 
 
 
 
利息收入
 18 
 3
 7
 4 
 6
 19 
 2 
 2
4 
5
13
財務成本
 29 
 7
 6
 7 
 6
 26 
 6 
 6
8 
8
28
其他利益及損失
 29 
 11
 (74)
 33 
 22
 (8) 
 14 
 2
11
-15
12
其他收支淨額
 14 
 10
 2
 3 
 3
 18 
 3 
 3
3 
5
14
營業外收支淨額合計
 32 
18
-71
32 
24
 3 
13 
1
10 
-13
11
稅前淨利
 920 
25",857530a25cb24b2eb1036434,122,,PENDING,,PENDING,,PENDING,0.50,ORANGE,STAGE_TABLELIKE_EXPANSION_REVIEW,VRN_1D1_REPORTTEXT_TABLELIKE_EXPANSION,C:\Users\tonyk\OneDrive\VeritasIntelligenceAnalytics\module\VRN\output\_route_lock_runs\RUN_20260525_195119_VRN_GO_M01_60PDF_FULL_V120\full_input_60pdf\20260519兆豐個股報告-望隼(4771).pdf,2026-06-15T16:25:25.775288,1a6a52710a2f7adccd3e4f2f8abf1c95537ad0bd
33280450a5af073c2547,dc367a89b6fb,4771,,兆豐,2026-05-19,2024Q1,2024,Q1,IS,tax_expense,所得稅費用,185.0,185,%,TWD,,7," 
評等分級：買進（預期未來六個月股價漲輻超過+30%）; 逢低買進（預期未來六個月股價漲輻介於+15%與+30%之間）; 區間操
作（預期未來六個月股價漲跌輻介於-15%與+15%之間）; 逢高賣出（預期未來六個月股價跌輻介於-15%與-30%之間）；賣出（預
期未來六個月股價跌輻超過-30%）。 
本刊所刊載之內容僅做為參考，惟已力求正確與完整，但因時間及市場客觀因素改變所造成產業、市場或個股之相關條件改變，投資人需自行考量
投資之需求與風險，本公司恕不負擔任何法律責任。任何轉載或引用本報告內容必須經本公司同意。 
 
- 7 - 
個股報告 
財務報表 
 
季度損益表 
單位：新台幣百萬元 
 4771望隼 
2024 
25Q1 
25Q2 
25Q3 
25Q4 
2025 
26Q1 
26Q2(F) 26Q3(F) 26Q4(F) 2026(F) 
營業收入淨額
 3,002 
 811
 872
 854 
 951
 3,487 
 1,031 
 1,086 
1,137 
1,199 
4,453
營業成本
 1,823 
 475
 517
 512 
 558
 2,061 
 608
 645
678 
711
2,642
營業毛利淨額
 1,179 
 336
 356
 342 
 393
 1,426 
 423 
 441
459 
488
1,811
營業費用
 291 
 97
 100
 107 
 116
 420 
 124 
 128
131 
138
521
營業淨利(損)
 888 
 238
 256
 234 
 277
 1,006 
 298 
 313
328 
350
1,289
營業外收支
 
 
 
 
利息收入
 18 
 3
 7
 4 
 6
 19 
 2 
 2
4 
5
13
財務成本
 29 
 7
 6
 7 
 6
 26 
 6 
 6
8 
8
28
其他利益及損失
 29 
 11
 (74)
 33 
 22
 (8) 
 14 
 2
11
-15
12
其他收支淨額
 14 
 10
 2
 3 
 3
 18 
 3 
 3
3 
5
14
營業外收支淨額合計
 32 
18
-71
32 
24
 3 
13 
1
10 
-13
11
稅前淨利
 920 
25",857530a25cb24b2eb1036434,123,,PENDING,,PENDING,,PENDING,0.50,ORANGE,STAGE_TABLELIKE_EXPANSION_REVIEW,VRN_1D1_REPORTTEXT_TABLELIKE_EXPANSION,C:\Users\tonyk\OneDrive\VeritasIntelligenceAnalytics\module\VRN\output\_route_lock_runs\RUN_20260525_195119_VRN_GO_M01_60PDF_FULL_V120\full_input_60pdf\20260519兆豐個股報告-望隼(4771).pdf,2026-06-15T16:25:25.775297,85e63b045dadd2cca5276129beabba411dfc5ae6
33280450a5af073c2547,dc367a89b6fb,4771,,兆豐,2026-05-19,2024Q1,2024,Q1,IS,tax_expense,所得稅費用,267.0,267,%,TWD,,7," 
評等分級：買進（預期未來六個月股價漲輻超過+30%）; 逢低買進（預期未來六個月股價漲輻介於+15%與+30%之間）; 區間操
作（預期未來六個月股價漲跌輻介於-15%與+15%之間）; 逢高賣出（預期未來六個月股價跌輻介於-15%與-30%之間）；賣出（預
期未來六個月股價跌輻超過-30%）。 
本刊所刊載之內容僅做為參考，惟已力求正確與完整，但因時間及市場客觀因素改變所造成產業、市場或個股之相關條件改變，投資人需自行考量
投資之需求與風險，本公司恕不負擔任何法律責任。任何轉載或引用本報告內容必須經本公司同意。 
 
- 7 - 
個股報告 
財務報表 
 
季度損益表 
單位：新台幣百萬元 
 4771望隼 
2024 
25Q1 
25Q2 
25Q3 
25Q4 
2025 
26Q1 
26Q2(F) 26Q3(F) 26Q4(F) 2026(F) 
營業收入淨額
 3,002 
 811
 872
 854 
 951
 3,487 
 1,031 
 1,086 
1,137 
1,199 
4,453
營業成本
 1,823 
 475
 517
 512 
 558
 2,061 
 608
 645
678 
711
2,642
營業毛利淨額
 1,179 
 336
 356
 342 
 393
 1,426 
 423 
 441
459 
488
1,811
營業費用
 291 
 97
 100
 107 
 116
 420 
 124 
 128
131 
138
521
營業淨利(損)
 888 
 238
 256
 234 
 277
 1,006 
 298 
 313
328 
350
1,289
營業外收支
 
 
 
 
利息收入
 18 
 3
 7
 4 
 6
 19 
 2 
 2
4 
5
13
財務成本
 29 
 7
 6
 7 
 6
 26 
 6 
 6
8 
8
28
其他利益及損失
 29 
 11
 (74)
 33 
 22
 (8) 
 14 
 2
11
-15
12
其他收支淨額
 14 
 10
 2
 3 
 3
 18 
 3 
 3
3 
5
14
營業外收支淨額合計
 32 
18
-71
32 
24
 3 
13 
1
10 
-13
11
稅前淨利
 920 
25",857530a25cb24b2eb1036434,124,,PENDING,,PENDING,,PENDING,0.50,ORANGE,STAGE_TABLELIKE_EXPANSION_REVIEW,VRN_1D1_REPORTTEXT_TABLELIKE_EXPANSION,C:\Users\tonyk\OneDrive\VeritasIntelligenceAnalytics\module\VRN\output\_route_lock_runs\RUN_20260525_195119_VRN_GO_M01_60PDF_FULL_V120\full_input_60pdf\20260519兆豐個股報告-望隼(4771).pdf,2026-06-15T16:25:25.775307,0a044a57f2283bc9e642e792568cb1070dffb6e1
33280450a5af073c2547,dc367a89b6fb,4771,,兆豐,2026-05-19,2024Q1,2024,Q1,IS,tax_expense,所得稅費用,301.0,301,%,TWD,,7," 
評等分級：買進（預期未來六個月股價漲輻超過+30%）; 逢低買進（預期未來六個月股價漲輻介於+15%與+30%之間）; 區間操
作（預期未來六個月股價漲跌輻介於-15%與+15%之間）; 逢高賣出（預期未來六個月股價跌輻介於-15%與-30%之間）；賣出（預
期未來六個月股價跌輻超過-30%）。 
本刊所刊載之內容僅做為參考，惟已力求正確與完整，但因時間及市場客觀因素改變所造成產業、市場或個股之相關條件改變，投資人需自行考量
投資之需求與風險，本公司恕不負擔任何法律責任。任何轉載或引用本報告內容必須經本公司同意。 
 
- 7 - 
個股報告 
財務報表 
 
季度損益表 
單位：新台幣百萬元 
 4771望隼 
2024 
25Q1 
25Q2 
25Q3 
25Q4 
2025 
26Q1 
26Q2(F) 26Q3(F) 26Q4(F) 2026(F) 
營業收入淨額
 3,002 
 811
 872
 854 
 951
 3,487 
 1,031 
 1,086 
1,137 
1,199 
4,453
營業成本
 1,823 
 475
 517
 512 
 558
 2,061 
 608
 645
678 
711
2,642
營業毛利淨額
 1,179 
 336
 356
 342 
 393
 1,426 
 423 
 441
459 
488
1,811
營業費用
 291 
 97
 100
 107 
 116
 420 
 124 
 128
131 
138
521
營業淨利(損)
 888 
 238
 256
 234 
 277
 1,006 
 298 
 313
328 
350
1,289
營業外收支
 
 
 
 
利息收入
 18 
 3
 7
 4 
 6
 19 
 2 
 2
4 
5
13
財務成本
 29 
 7
 6
 7 
 6
 26 
 6 
 6
8 
8
28
其他利益及損失
 29 
 11
 (74)
 33 
 22
 (8) 
 14 
 2
11
-15
12
其他收支淨額
 14 
 10
 2
 3 
 3
 18 
 3 
 3
3 
5
14
營業外收支淨額合計
 32 
18
-71
32 
24
 3 
13 
1
10 
-13
11
稅前淨利
 920 
25",857530a25cb24b2eb1036434,125,,PENDING,,PENDING,,PENDING,0.50,ORANGE,STAGE_TABLELIKE_EXPANSION_REVIEW,VRN_1D1_REPORTTEXT_TABLELIKE_EXPANSION,C:\Users\tonyk\OneDrive\VeritasIntelligenceAnalytics\module\VRN\output\_route_lock_runs\RUN_20260525_195119_VRN_GO_M01_60PDF_FULL_V120\full_input_60pdf\20260519兆豐個股報告-望隼(4771).pdf,2026-06-15T16:25:25.775316,5b14778e705ac0a2aadacc5d8d5c70305945ad9b
33280450a5af073c2547,dc367a89b6fb,4771,,兆豐,2026-05-19,2024Q1,2024,Q1,IS,tax_expense,所得稅費用,1009.0,"1,009",%,TWD,,7," 
評等分級：買進（預期未來六個月股價漲輻超過+30%）; 逢低買進（預期未來六個月股價漲輻介於+15%與+30%之間）; 區間操
作（預期未來六個月股價漲跌輻介於-15%與+15%之間）; 逢高賣出（預期未來六個月股價跌輻介於-15%與-30%之間）；賣出（預
期未來六個月股價跌輻超過-30%）。 
本刊所刊載之內容僅做為參考，惟已力求正確與完整，但因時間及市場客觀因素改變所造成產業、市場或個股之相關條件改變，投資人需自行考量
投資之需求與風險，本公司恕不負擔任何法律責任。任何轉載或引用本報告內容必須經本公司同意。 
 
- 7 - 
個股報告 
財務報表 
 
季度損益表 
單位：新台幣百萬元 
 4771望隼 
2024 
25Q1 
25Q2 
25Q3 
25Q4 
2025 
26Q1 
26Q2(F) 26Q3(F) 26Q4(F) 2026(F) 
營業收入淨額
 3,002 
 811
 872
 854 
 951
 3,487 
 1,031 
 1,086 
1,137 
1,199 
4,453
營業成本
 1,823 
 475
 517
 512 
 558
 2,061 
 608
 645
678 
711
2,642
營業毛利淨額
 1,179 
 336
 356
 342 
 393
 1,426 
 423 
 441
459 
488
1,811
營業費用
 291 
 97
 100
 107 
 116
 420 
 124 
 128
131 
138
521
營業淨利(損)
 888 
 238
 256
 234 
 277
 1,006 
 298 
 313
328 
350
1,289
營業外收支
 
 
 
 
利息收入
 18 
 3
 7
 4 
 6
 19 
 2 
 2
4 
5
13
財務成本
 29 
 7
 6
 7 
 6
 26 
 6 
 6
8 
8
28
其他利益及損失
 29 
 11
 (74)
 33 
 22
 (8) 
 14 
 2
11
-15
12
其他收支淨額
 14 
 10
 2
 3 
 3
 18 
 3 
 3
3 
5
14
營業外收支淨額合計
 32 
18
-71
32 
24
 3 
13 
1
10 
-13
11
稅前淨利
 920 
25",857530a25cb24b2eb1036434,126,,PENDING,,PENDING,,PENDING,0.50,ORANGE,STAGE_TABLELIKE_EXPANSION_REVIEW,VRN_1D1_REPORTTEXT_TABLELIKE_EXPANSION,C:\Users\tonyk\OneDrive\VeritasIntelligenceAnalytics\module\VRN\output\_route_lock_runs\RUN_20260525_195119_VRN_GO_M01_60PDF_FULL_V120\full_input_60pdf\20260519兆豐個股報告-望隼(4771).pdf,2026-06-15T16:25:25.775325,cd93bda9f36346807cc6ce9648a13be1f4940f37
33280450a5af073c2547,dc367a89b6fb,4771,,兆豐,2026-05-19,2024Q1,2024,Q1,IS,tax_expense,所得稅費用,311.0,311,%,TWD,,7," 
評等分級：買進（預期未來六個月股價漲輻超過+30%）; 逢低買進（預期未來六個月股價漲輻介於+15%與+30%之間）; 區間操
作（預期未來六個月股價漲跌輻介於-15%與+15%之間）; 逢高賣出（預期未來六個月股價跌輻介於-15%與-30%之間）；賣出（預
期未來六個月股價跌輻超過-30%）。 
本刊所刊載之內容僅做為參考，惟已力求正確與完整，但因時間及市場客觀因素改變所造成產業、市場或個股之相關條件改變，投資人需自行考量
投資之需求與風險，本公司恕不負擔任何法律責任。任何轉載或引用本報告內容必須經本公司同意。 
 
- 7 - 
個股報告 
財務報表 
 
季度損益表 
單位：新台幣百萬元 
 4771望隼 
2024 
25Q1 
25Q2 
25Q3 
25Q4 
2025 
26Q1 
26Q2(F) 26Q3(F) 26Q4(F) 2026(F) 
營業收入淨額
 3,002 
 811
 872
 854 
 951
 3,487 
 1,031 
 1,086 
1,137 
1,199 
4,453
營業成本
 1,823 
 475
 517
 512 
 558
 2,061 
 608
 645
678 
711
2,642
營業毛利淨額
 1,179 
 336
 356
 342 
 393
 1,426 
 423 
 441
459 
488
1,811
營業費用
 291 
 97
 100
 107 
 116
 420 
 124 
 128
131 
138
521
營業淨利(損)
 888 
 238
 256
 234 
 277
 1,006 
 298 
 313
328 
350
1,289
營業外收支
 
 
 
 
利息收入
 18 
 3
 7
 4 
 6
 19 
 2 
 2
4 
5
13
財務成本
 29 
 7
 6
 7 
 6
 26 
 6 
 6
8 
8
28
其他利益及損失
 29 
 11
 (74)
 33 
 22
 (8) 
 14 
 2
11
-15
12
其他收支淨額
 14 
 10
 2
 3 
 3
 18 
 3 
 3
3 
5
14
營業外收支淨額合計
 32 
18
-71
32 
24
 3 
13 
1
10 
-13
11
稅前淨利
 920 
25",857530a25cb24b2eb1036434,127,,PENDING,,PENDING,,PENDING,0.50,ORANGE,STAGE_TABLELIKE_EXPANSION_REVIEW,VRN_1D1_REPORTTEXT_TABLELIKE_EXPANSION,C:\Users\tonyk\OneDrive\VeritasIntelligenceAnalytics\module\VRN\output\_route_lock_runs\RUN_20260525_195119_VRN_GO_M01_60PDF_FULL_V120\full_input_60pdf\20260519兆豐個股報告-望隼(4771).pdf,2026-06-15T16:25:25.775334,a64f92d0f4193578375045e919a0789bfb0c6cd3
33280450a5af073c2547,dc367a89b6fb,4771,,兆豐,2026-05-19,2024Q1,2024,Q1,IS,tax_expense,所得稅費用,314.0,314,%,TWD,,7," 
評等分級：買進（預期未來六個月股價漲輻超過+30%）; 逢低買進（預期未來六個月股價漲輻介於+15%與+30%之間）; 區間操
作（預期未來六個月股價漲跌輻介於-15%與+15%之間）; 逢高賣出（預期未來六個月股價跌輻介於-15%與-30%之間）；賣出（預
期未來六個月股價跌輻超過-30%）。 
本刊所刊載之內容僅做為參考，惟已力求正確與完整，但因時間及市場客觀因素改變所造成產業、市場或個股之相關條件改變，投資人需自行考量
投資之需求與風險，本公司恕不負擔任何法律責任。任何轉載或引用本報告內容必須經本公司同意。 
 
- 7 - 
個股報告 
財務報表 
 
季度損益表 
單位：新台幣百萬元 
 4771望隼 
2024 
25Q1 
25Q2 
25Q3 
25Q4 
2025 
26Q1 
26Q2(F) 26Q3(F) 26Q4(F) 2026(F) 
營業收入淨額
 3,002 
 811
 872
 854 
 951
 3,487 
 1,031 
 1,086 
1,137 
1,199 
4,453
營業成本
 1,823 
 475
 517
 512 
 558
 2,061 
 608
 645
678 
711
2,642
營業毛利淨額
 1,179 
 336
 356
 342 
 393
 1,426 
 423 
 441
459 
488
1,811
營業費用
 291 
 97
 100
 107 
 116
 420 
 124 
 128
131 
138
521
營業淨利(損)
 888 
 238
 256
 234 
 277
 1,006 
 298 
 313
328 
350
1,289
營業外收支
 
 
 
 
利息收入
 18 
 3
 7
 4 
 6
 19 
 2 
 2
4 
5
13
財務成本
 29 
 7
 6
 7 
 6
 26 
 6 
 6
8 
8
28
其他利益及損失
 29 
 11
 (74)
 33 
 22
 (8) 
 14 
 2
11
-15
12
其他收支淨額
 14 
 10
 2
 3 
 3
 18 
 3 
 3
3 
5
14
營業外收支淨額合計
 32 
18
-71
32 
24
 3 
13 
1
10 
-13
11
稅前淨利
 920 
25",857530a25cb24b2eb1036434,128,,PENDING,,PENDING,,PENDING,0.50,ORANGE,STAGE_TABLELIKE_EXPANSION_REVIEW,VRN_1D1_REPORTTEXT_TABLELIKE_EXPANSION,C:\Users\tonyk\OneDrive\VeritasIntelligenceAnalytics\module\VRN\output\_route_lock_runs\RUN_20260525_195119_VRN_GO_M01_60PDF_FULL_V120\full_input_60pdf\20260519兆豐個股報告-望隼(4771).pdf,2026-06-15T16:25:25.775344,ff39fce0ce9721ec7171f26184b13ab03d43cd20
33280450a5af073c2547,dc367a89b6fb,4771,,兆豐,2026-05-19,2024Q1,2024,Q1,IS,tax_expense,所得稅費用,338.0,338,%,TWD,,7," 
評等分級：買進（預期未來六個月股價漲輻超過+30%）; 逢低買進（預期未來六個月股價漲輻介於+15%與+30%之間）; 區間操
作（預期未來六個月股價漲跌輻介於-15%與+15%之間）; 逢高賣出（預期未來六個月股價跌輻介於-15%與-30%之間）；賣出（預
期未來六個月股價跌輻超過-30%）。 
本刊所刊載之內容僅做為參考，惟已力求正確與完整，但因時間及市場客觀因素改變所造成產業、市場或個股之相關條件改變，投資人需自行考量
投資之需求與風險，本公司恕不負擔任何法律責任。任何轉載或引用本報告內容必須經本公司同意。 
 
- 7 - 
個股報告 
財務報表 
 
季度損益表 
單位：新台幣百萬元 
 4771望隼 
2024 
25Q1 
25Q2 
25Q3 
25Q4 
2025 
26Q1 
26Q2(F) 26Q3(F) 26Q4(F) 2026(F) 
營業收入淨額
 3,002 
 811
 872
 854 
 951
 3,487 
 1,031 
 1,086 
1,137 
1,199 
4,453
營業成本
 1,823 
 475
 517
 512 
 558
 2,061 
 608
 645
678 
711
2,642
營業毛利淨額
 1,179 
 336
 356
 342 
 393
 1,426 
 423 
 441
459 
488
1,811
營業費用
 291 
 97
 100
 107 
 116
 420 
 124 
 128
131 
138
521
營業淨利(損)
 888 
 238
 256
 234 
 277
 1,006 
 298 
 313
328 
350
1,289
營業外收支
 
 
 
 
利息收入
 18 
 3
 7
 4 
 6
 19 
 2 
 2
4 
5
13
財務成本
 29 
 7
 6
 7 
 6
 26 
 6 
 6
8 
8
28
其他利益及損失
 29 
 11
 (74)
 33 
 22
 (8) 
 14 
 2
11
-15
12
其他收支淨額
 14 
 10
 2
 3 
 3
 18 
 3 
 3
3 
5
14
營業外收支淨額合計
 32 
18
-71
32 
24
 3 
13 
1
10 
-13
11
稅前淨利
 920 
25",857530a25cb24b2eb1036434,129,,PENDING,,PENDING,,PENDING,0.50,ORANGE,STAGE_TABLELIKE_EXPANSION_REVIEW,VRN_1D1_REPORTTEXT_TABLELIKE_EXPANSION,C:\Users\tonyk\OneDrive\VeritasIntelligenceAnalytics\module\VRN\output\_route_lock_runs\RUN_20260525_195119_VRN_GO_M01_60PDF_FULL_V120\full_input_60pdf\20260519兆豐個股報告-望隼(4771).pdf,2026-06-15T16:25:25.775353,9c0877b66712ca2916f2d9a8a59423eefb386217
33280450a5af073c2547,dc367a89b6fb,4771,,兆豐,2026-05-19,2024Q1,2024,Q1,IS,tax_expense,所得稅費用,337.0,337,%,TWD,,7," 
評等分級：買進（預期未來六個月股價漲輻超過+30%）; 逢低買進（預期未來六個月股價漲輻介於+15%與+30%之間）; 區間操
作（預期未來六個月股價漲跌輻介於-15%與+15%之間）; 逢高賣出（預期未來六個月股價跌輻介於-15%與-30%之間）；賣出（預
期未來六個月股價跌輻超過-30%）。 
本刊所刊載之內容僅做為參考，惟已力求正確與完整，但因時間及市場客觀因素改變所造成產業、市場或個股之相關條件改變，投資人需自行考量
投資之需求與風險，本公司恕不負擔任何法律責任。任何轉載或引用本報告內容必須經本公司同意。 
 
- 7 - 
個股報告 
財務報表 
 
季度損益表 
單位：新台幣百萬元 
 4771望隼 
2024 
25Q1 
25Q2 
25Q3 
25Q4 
2025 
26Q1 
26Q2(F) 26Q3(F) 26Q4(F) 2026(F) 
營業收入淨額
 3,002 
 811
 872
 854 
 951
 3,487 
 1,031 
 1,086 
1,137 
1,199 
4,453
營業成本
 1,823 
 475
 517
 512 
 558
 2,061 
 608
 645
678 
711
2,642
營業毛利淨額
 1,179 
 336
 356
 342 
 393
 1,426 
 423 
 441
459 
488
1,811
營業費用
 291 
 97
 100
 107 
 116
 420 
 124 
 128
131 
138
521
營業淨利(損)
 888 
 238
 256
 234 
 277
 1,006 
 298 
 313
328 
350
1,289
營業外收支
 
 
 
 
利息收入
 18 
 3
 7
 4 
 6
 19 
 2 
 2
4 
5
13
財務成本
 29 
 7
 6
 7 
 6
 26 
 6 
 6
8 
8
28
其他利益及損失
 29 
 11
 (74)
 33 
 22
 (8) 
 14 
 2
11
-15
12
其他收支淨額
 14 
 10
 2
 3 
 3
 18 
 3 
 3
3 
5
14
營業外收支淨額合計
 32 
18
-71
32 
24
 3 
13 
1
10 
-13
11
稅前淨利
 920 
25",857530a25cb24b2eb1036434,130,,PENDING,,PENDING,,PENDING,0.50,ORANGE,STAGE_TABLELIKE_EXPANSION_REVIEW,VRN_1D1_REPORTTEXT_TABLELIKE_EXPANSION,C:\Users\tonyk\OneDrive\VeritasIntelligenceAnalytics\module\VRN\output\_route_lock_runs\RUN_20260525_195119_VRN_GO_M01_60PDF_FULL_V120\full_input_60pdf\20260519兆豐個股報告-望隼(4771).pdf,2026-06-15T16:25:25.775362,d06ffd7fe5cf18197ce54b24d6cbfd31291662b9
33280450a5af073c2547,dc367a89b6fb,4771,,兆豐,2026-05-19,2024Q1,2024,Q1,IS,tax_expense,所得稅費用,1300.0,"1,300",%,TWD,,7," 
評等分級：買進（預期未來六個月股價漲輻超過+30%）; 逢低買進（預期未來六個月股價漲輻介於+15%與+30%之間）; 區間操
作（預期未來六個月股價漲跌輻介於-15%與+15%之間）; 逢高賣出（預期未來六個月股價跌輻介於-15%與-30%之間）；賣出（預
期未來六個月股價跌輻超過-30%）。 
本刊所刊載之內容僅做為參考，惟已力求正確與完整，但因時間及市場客觀因素改變所造成產業、市場或個股之相關條件改變，投資人需自行考量
投資之需求與風險，本公司恕不負擔任何法律責任。任何轉載或引用本報告內容必須經本公司同意。 
 
- 7 - 
個股報告 
財務報表 
 
季度損益表 
單位：新台幣百萬元 
 4771望隼 
2024 
25Q1 
25Q2 
25Q3 
25Q4 
2025 
26Q1 
26Q2(F) 26Q3(F) 26Q4(F) 2026(F) 
營業收入淨額
 3,002 
 811
 872
 854 
 951
 3,487 
 1,031 
 1,086 
1,137 
1,199 
4,453
營業成本
 1,823 
 475
 517
 512 
 558
 2,061 
 608
 645
678 
711
2,642
營業毛利淨額
 1,179 
 336
 356
 342 
 393
 1,426 
 423 
 441
459 
488
1,811
營業費用
 291 
 97
 100
 107 
 116
 420 
 124 
 128
131 
138
521
營業淨利(損)
 888 
 238
 256
 234 
 277
 1,006 
 298 
 313
328 
350
1,289
營業外收支
 
 
 
 
利息收入
 18 
 3
 7
 4 
 6
 19 
 2 
 2
4 
5
13
財務成本
 29 
 7
 6
 7 
 6
 26 
 6 
 6
8 
8
28
其他利益及損失
 29 
 11
 (74)
 33 
 22
 (8) 
 14 
 2
11
-15
12
其他收支淨額
 14 
 10
 2
 3 
 3
 18 
 3 
 3
3 
5
14
營業外收支淨額合計
 32 
18
-71
32 
24
 3 
13 
1
10 
-13
11
稅前淨利
 920 
25",857530a25cb24b2eb1036434,131,,PENDING,,PENDING,,PENDING,0.50,ORANGE,STAGE_TABLELIKE_EXPANSION_REVIEW,VRN_1D1_REPORTTEXT_TABLELIKE_EXPANSION,C:\Users\tonyk\OneDrive\VeritasIntelligenceAnalytics\module\VRN\output\_route_lock_runs\RUN_20260525_195119_VRN_GO_M01_60PDF_FULL_V120\full_input_60pdf\20260519兆豐個股報告-望隼(4771).pdf,2026-06-15T16:25:25.775372,25cb09993abdddebc14dd994d9a2311ff315480d
33280450a5af073c2547,dc367a89b6fb,4771,,兆豐,2026-05-19,2024Q1,2024,Q1,IS,tax_expense,所得稅費用,191.0,191,%,TWD,,7," 
評等分級：買進（預期未來六個月股價漲輻超過+30%）; 逢低買進（預期未來六個月股價漲輻介於+15%與+30%之間）; 區間操
作（預期未來六個月股價漲跌輻介於-15%與+15%之間）; 逢高賣出（預期未來六個月股價跌輻介於-15%與-30%之間）；賣出（預
期未來六個月股價跌輻超過-30%）。 
本刊所刊載之內容僅做為參考，惟已力求正確與完整，但因時間及市場客觀因素改變所造成產業、市場或個股之相關條件改變，投資人需自行考量
投資之需求與風險，本公司恕不負擔任何法律責任。任何轉載或引用本報告內容必須經本公司同意。 
 
- 7 - 
個股報告 
財務報表 
 
季度損益表 
單位：新台幣百萬元 
 4771望隼 
2024 
25Q1 
25Q2 
25Q3 
25Q4 
2025 
26Q1 
26Q2(F) 26Q3(F) 26Q4(F) 2026(F) 
營業收入淨額
 3,002 
 811
 872
 854 
 951
 3,487 
 1,031 
 1,086 
1,137 
1,199 
4,453
營業成本
 1,823 
 475
 517
 512 
 558
 2,061 
 608
 645
678 
711
2,642
營業毛利淨額
 1,179 
 336
 356
 342 
 393
 1,426 
 423 
 441
459 
488
1,811
營業費用
 291 
 97
 100
 107 
 116
 420 
 124 
 128
131 
138
521
營業淨利(損)
 888 
 238
 256
 234 
 277
 1,006 
 298 
 313
328 
350
1,289
營業外收支
 
 
 
 
利息收入
 18 
 3
 7
 4 
 6
 19 
 2 
 2
4 
5
13
財務成本
 29 
 7
 6
 7 
 6
 26 
 6 
 6
8 
8
28
其他利益及損失
 29 
 11
 (74)
 33 
 22
 (8) 
 14 
 2
11
-15
12
其他收支淨額
 14 
 10
 2
 3 
 3
 18 
 3 
 3
3 
5
14
營業外收支淨額合計
 32 
18
-71
32 
24
 3 
13 
1
10 
-13
11
稅前淨利
 920 
25",857530a25cb24b2eb1036434,132,,PENDING,,PENDING,,PENDING,0.50,ORANGE,STAGE_TABLELIKE_EXPANSION_REVIEW,VRN_1D1_REPORTTEXT_TABLELIKE_EXPANSION,C:\Users\tonyk\OneDrive\VeritasIntelligenceAnalytics\module\VRN\output\_route_lock_runs\RUN_20260525_195119_VRN_GO_M01_60PDF_FULL_V120\full_input_60pdf\20260519兆豐個股報告-望隼(4771).pdf,2026-06-15T16:25:25.775381,f0fdff840fd704a7cebf98264207d613e457084d
33280450a5af073c2547,dc367a89b6fb,4771,,兆豐,2026-05-19,2024Q1,2024,Q1,IS,tax_expense,所得稅費用,55.0,55,%,TWD,,7," 
評等分級：買進（預期未來六個月股價漲輻超過+30%）; 逢低買進（預期未來六個月股價漲輻介於+15%與+30%之間）; 區間操
作（預期未來六個月股價漲跌輻介於-15%與+15%之間）; 逢高賣出（預期未來六個月股價跌輻介於-15%與-30%之間）；賣出（預
期未來六個月股價跌輻超過-30%）。 
本刊所刊載之內容僅做為參考，惟已力求正確與完整，但因時間及市場客觀因素改變所造成產業、市場或個股之相關條件改變，投資人需自行考量
投資之需求與風險，本公司恕不負擔任何法律責任。任何轉載或引用本報告內容必須經本公司同意。 
 
- 7 - 
個股報告 
財務報表 
 
季度損益表 
單位：新台幣百萬元 
 4771望隼 
2024 
25Q1 
25Q2 
25Q3 
25Q4 
2025 
26Q1 
26Q2(F) 26Q3(F) 26Q4(F) 2026(F) 
營業收入淨額
 3,002 
 811
 872
 854 
 951
 3,487 
 1,031 
 1,086 
1,137 
1,199 
4,453
營業成本
 1,823 
 475
 517
 512 
 558
 2,061 
 608
 645
678 
711
2,642
營業毛利淨額
 1,179 
 336
 356
 342 
 393
 1,426 
 423 
 441
459 
488
1,811
營業費用
 291 
 97
 100
 107 
 116
 420 
 124 
 128
131 
138
521
營業淨利(損)
 888 
 238
 256
 234 
 277
 1,006 
 298 
 313
328 
350
1,289
營業外收支
 
 
 
 
利息收入
 18 
 3
 7
 4 
 6
 19 
 2 
 2
4 
5
13
財務成本
 29 
 7
 6
 7 
 6
 26 
 6 
 6
8 
8
28
其他利益及損失
 29 
 11
 (74)
 33 
 22
 (8) 
 14 
 2
11
-15
12
其他收支淨額
 14 
 10
 2
 3 
 3
 18 
 3 
 3
3 
5
14
營業外收支淨額合計
 32 
18
-71
32 
24
 3 
13 
1
10 
-13
11
稅前淨利
 920 
25",857530a25cb24b2eb1036434,133,,PENDING,,PENDING,,PENDING,0.50,ORANGE,STAGE_TABLELIKE_EXPANSION_REVIEW,VRN_1D1_REPORTTEXT_TABLELIKE_EXPANSION,C:\Users\tonyk\OneDrive\VeritasIntelligenceAnalytics\module\VRN\output\_route_lock_runs\RUN_20260525_195119_VRN_GO_M01_60PDF_FULL_V120\full_input_60pdf\20260519兆豐個股報告-望隼(4771).pdf,2026-06-15T16:25:25.775390,8afbd40924dc006590ec72882f254fd99f823f12
33280450a5af073c2547,dc367a89b6fb,4771,,兆豐,2026-05-19,2024Q1,2024,Q1,IS,tax_expense,所得稅費用,19.0,19,%,TWD,,7," 
評等分級：買進（預期未來六個月股價漲輻超過+30%）; 逢低買進（預期未來六個月股價漲輻介於+15%與+30%之間）; 區間操
作（預期未來六個月股價漲跌輻介於-15%與+15%之間）; 逢高賣出（預期未來六個月股價跌輻介於-15%與-30%之間）；賣出（預
期未來六個月股價跌輻超過-30%）。 
本刊所刊載之內容僅做為參考，惟已力求正確與完整，但因時間及市場客觀因素改變所造成產業、市場或個股之相關條件改變，投資人需自行考量
投資之需求與風險，本公司恕不負擔任何法律責任。任何轉載或引用本報告內容必須經本公司同意。 
 
- 7 - 
個股報告 
財務報表 
 
季度損益表 
單位：新台幣百萬元 
 4771望隼 
2024 
25Q1 
25Q2 
25Q3 
25Q4 
2025 
26Q1 
26Q2(F) 26Q3(F) 26Q4(F) 2026(F) 
營業收入淨額
 3,002 
 811
 872
 854 
 951
 3,487 
 1,031 
 1,086 
1,137 
1,199 
4,453
營業成本
 1,823 
 475
 517
 512 
 558
 2,061 
 608
 645
678 
711
2,642
營業毛利淨額
 1,179 
 336
 356
 342 
 393
 1,426 
 423 
 441
459 
488
1,811
營業費用
 291 
 97
 100
 107 
 116
 420 
 124 
 128
131 
138
521
營業淨利(損)
 888 
 238
 256
 234 
 277
 1,006 
 298 
 313
328 
350
1,289
營業外收支
 
 
 
 
利息收入
 18 
 3
 7
 4 
 6
 19 
 2 
 2
4 
5
13
財務成本
 29 
 7
 6
 7 
 6
 26 
 6 
 6
8 
8
28
其他利益及損失
 29 
 11
 (74)
 33 
 22
 (8) 
 14 
 2
11
-15
12
其他收支淨額
 14 
 10
 2
 3 
 3
 18 
 3 
 3
3 
5
14
營業外收支淨額合計
 32 
18
-71
32 
24
 3 
13 
1
10 
-13
11
稅前淨利
 920 
25",857530a25cb24b2eb1036434,134,,PENDING,,PENDING,,PENDING,0.50,ORANGE,STAGE_TABLELIKE_EXPANSION_REVIEW,VRN_1D1_REPORTTEXT_TABLELIKE_EXPANSION,C:\Users\tonyk\OneDrive\VeritasIntelligenceAnalytics\module\VRN\output\_route_lock_runs\RUN_20260525_195119_VRN_GO_M01_60PDF_FULL_V120\full_input_60pdf\20260519兆豐個股報告-望隼(4771).pdf,2026-06-15T16:25:25.775400,0d4e08cb895fe5e4d84dfc1f5eabb652941acca9
33280450a5af073c2547,dc367a89b6fb,4771,,兆豐,2026-05-19,2024Q1,2024,Q1,IS,tax_expense,所得稅費用,56.0,56,%,TWD,,7," 
評等分級：買進（預期未來六個月股價漲輻超過+30%）; 逢低買進（預期未來六個月股價漲輻介於+15%與+30%之間）; 區間操
作（預期未來六個月股價漲跌輻介於-15%與+15%之間）; 逢高賣出（預期未來六個月股價跌輻介於-15%與-30%之間）；賣出（預
期未來六個月股價跌輻超過-30%）。 
本刊所刊載之內容僅做為參考，惟已力求正確與完整，但因時間及市場客觀因素改變所造成產業、市場或個股之相關條件改變，投資人需自行考量
投資之需求與風險，本公司恕不負擔任何法律責任。任何轉載或引用本報告內容必須經本公司同意。 
 
- 7 - 
個股報告 
財務報表 
 
季度損益表 
單位：新台幣百萬元 
 4771望隼 
2024 
25Q1 
25Q2 
25Q3 
25Q4 
2025 
26Q1 
26Q2(F) 26Q3(F) 26Q4(F) 2026(F) 
營業收入淨額
 3,002 
 811
 872
 854 
 951
 3,487 
 1,031 
 1,086 
1,137 
1,199 
4,453
營業成本
 1,823 
 475
 517
 512 
 558
 2,061 
 608
 645
678 
711
2,642
營業毛利淨額
 1,179 
 336
 356
 342 
 393
 1,426 
 423 
 441
459 
488
1,811
營業費用
 291 
 97
 100
 107 
 116
 420 
 124 
 128
131 
138
521
營業淨利(損)
 888 
 238
 256
 234 
 277
 1,006 
 298 
 313
328 
350
1,289
營業外收支
 
 
 
 
利息收入
 18 
 3
 7
 4 
 6
 19 
 2 
 2
4 
5
13
財務成本
 29 
 7
 6
 7 
 6
 26 
 6 
 6
8 
8
28
其他利益及損失
 29 
 11
 (74)
 33 
 22
 (8) 
 14 
 2
11
-15
12
其他收支淨額
 14 
 10
 2
 3 
 3
 18 
 3 
 3
3 
5
14
營業外收支淨額合計
 32 
18
-71
32 
24
 3 
13 
1
10 
-13
11
稅前淨利
 920 
25",857530a25cb24b2eb1036434,135,,PENDING,,PENDING,,PENDING,0.50,ORANGE,STAGE_TABLELIKE_EXPANSION_REVIEW,VRN_1D1_REPORTTEXT_TABLELIKE_EXPANSION,C:\Users\tonyk\OneDrive\VeritasIntelligenceAnalytics\module\VRN\output\_route_lock_runs\RUN_20260525_195119_VRN_GO_M01_60PDF_FULL_V120\full_input_60pdf\20260519兆豐個股報告-望隼(4771).pdf,2026-06-15T16:25:25.775409,60c7ed47759b698dc1eab85d85fd050a35c0740e
33280450a5af073c2547,dc367a89b6fb,4771,,兆豐,2026-05-19,2024Q1,2024,Q1,IS,tax_expense,所得稅費用,72.0,72,%,TWD,,7," 
評等分級：買進（預期未來六個月股價漲輻超過+30%）; 逢低買進（預期未來六個月股價漲輻介於+15%與+30%之間）; 區間操
作（預期未來六個月股價漲跌輻介於-15%與+15%之間）; 逢高賣出（預期未來六個月股價跌輻介於-15%與-30%之間）；賣出（預
期未來六個月股價跌輻超過-30%）。 
本刊所刊載之內容僅做為參考，惟已力求正確與完整，但因時間及市場客觀因素改變所造成產業、市場或個股之相關條件改變，投資人需自行考量
投資之需求與風險，本公司恕不負擔任何法律責任。任何轉載或引用本報告內容必須經本公司同意。 
 
- 7 - 
個股報告 
財務報表 
 
季度損益表 
單位：新台幣百萬元 
 4771望隼 
2024 
25Q1 
25Q2 
25Q3 
25Q4 
2025 
26Q1 
26Q2(F) 26Q3(F) 26Q4(F) 2026(F) 
營業收入淨額
 3,002 
 811
 872
 854 
 951
 3,487 
 1,031 
 1,086 
1,137 
1,199 
4,453
營業成本
 1,823 
 475
 517
 512 
 558
 2,061 
 608
 645
678 
711
2,642
營業毛利淨額
 1,179 
 336
 356
 342 
 393
 1,426 
 423 
 441
459 
488
1,811
營業費用
 291 
 97
 100
 107 
 116
 420 
 124 
 128
131 
138
521
營業淨利(損)
 888 
 238
 256
 234 
 277
 1,006 
 298 
 313
328 
350
1,289
營業外收支
 
 
 
 
利息收入
 18 
 3
 7
 4 
 6
 19 
 2 
 2
4 
5
13
財務成本
 29 
 7
 6
 7 
 6
 26 
 6 
 6
8 
8
28
其他利益及損失
 29 
 11
 (74)
 33 
 22
 (8) 
 14 
 2
11
-15
12
其他收支淨額
 14 
 10
 2
 3 
 3
 18 
 3 
 3
3 
5
14
營業外收支淨額合計
 32 
18
-71
32 
24
 3 
13 
1
10 
-13
11
稅前淨利
 920 
25",857530a25cb24b2eb1036434,136,,PENDING,,PENDING,,PENDING,0.50,ORANGE,STAGE_TABLELIKE_EXPANSION_REVIEW,VRN_1D1_REPORTTEXT_TABLELIKE_EXPANSION,C:\Users\tonyk\OneDrive\VeritasIntelligenceAnalytics\module\VRN\output\_route_lock_runs\RUN_20260525_195119_VRN_GO_M01_60PDF_FULL_V120\full_input_60pdf\20260519兆豐個股報告-望隼(4771).pdf,2026-06-15T16:25:25.775418,cc3be5cfe7574bd7d8ab36a952d9654731a248df
33280450a5af073c2547,dc367a89b6fb,4771,,兆豐,2026-05-19,2024Q1,2024,Q1,IS,tax_expense,所得稅費用,201.0,201,%,TWD,,7," 
評等分級：買進（預期未來六個月股價漲輻超過+30%）; 逢低買進（預期未來六個月股價漲輻介於+15%與+30%之間）; 區間操
作（預期未來六個月股價漲跌輻介於-15%與+15%之間）; 逢高賣出（預期未來六個月股價跌輻介於-15%與-30%之間）；賣出（預
期未來六個月股價跌輻超過-30%）。 
本刊所刊載之內容僅做為參考，惟已力求正確與完整，但因時間及市場客觀因素改變所造成產業、市場或個股之相關條件改變，投資人需自行考量
投資之需求與風險，本公司恕不負擔任何法律責任。任何轉載或引用本報告內容必須經本公司同意。 
 
- 7 - 
個股報告 
財務報表 
 
季度損益表 
單位：新台幣百萬元 
 4771望隼 
2024 
25Q1 
25Q2 
25Q3 
25Q4 
2025 
26Q1 
26Q2(F) 26Q3(F) 26Q4(F) 2026(F) 
營業收入淨額
 3,002 
 811
 872
 854 
 951
 3,487 
 1,031 
 1,086 
1,137 
1,199 
4,453
營業成本
 1,823 
 475
 517
 512 
 558
 2,061 
 608
 645
678 
711
2,642
營業毛利淨額
 1,179 
 336
 356
 342 
 393
 1,426 
 423 
 441
459 
488
1,811
營業費用
 291 
 97
 100
 107 
 116
 420 
 124 
 128
131 
138
521
營業淨利(損)
 888 
 238
 256
 234 
 277
 1,006 
 298 
 313
328 
350
1,289
營業外收支
 
 
 
 
利息收入
 18 
 3
 7
 4 
 6
 19 
 2 
 2
4 
5
13
財務成本
 29 
 7
 6
 7 
 6
 26 
 6 
 6
8 
8
28
其他利益及損失
 29 
 11
 (74)
 33 
 22
 (8) 
 14 
 2
11
-15
12
其他收支淨額
 14 
 10
 2
 3 
 3
 18 
 3 
 3
3 
5
14
營業外收支淨額合計
 32 
18
-71
32 
24
 3 
13 
1
10 
-13
11
稅前淨利
 920 
25",857530a25cb24b2eb1036434,137,,PENDING,,PENDING,,PENDING,0.50,ORANGE,STAGE_TABLELIKE_EXPANSION_REVIEW,VRN_1D1_REPORTTEXT_TABLELIKE_EXPANSION,C:\Users\tonyk\OneDrive\VeritasIntelligenceAnalytics\module\VRN\output\_route_lock_runs\RUN_20260525_195119_VRN_GO_M01_60PDF_FULL_V120\full_input_60pdf\20260519兆豐個股報告-望隼(4771).pdf,2026-06-15T16:25:25.775428,eb52808ffc700c35e905ac7f3fe3a908560f3bdb
33280450a5af073c2547,dc367a89b6fb,4771,,兆豐,2026-05-19,2024Q1,2024,Q1,IS,tax_expense,所得稅費用,69.0,69,%,TWD,,7," 
評等分級：買進（預期未來六個月股價漲輻超過+30%）; 逢低買進（預期未來六個月股價漲輻介於+15%與+30%之間）; 區間操
作（預期未來六個月股價漲跌輻介於-15%與+15%之間）; 逢高賣出（預期未來六個月股價跌輻介於-15%與-30%之間）；賣出（預
期未來六個月股價跌輻超過-30%）。 
本刊所刊載之內容僅做為參考，惟已力求正確與完整，但因時間及市場客觀因素改變所造成產業、市場或個股之相關條件改變，投資人需自行考量
投資之需求與風險，本公司恕不負擔任何法律責任。任何轉載或引用本報告內容必須經本公司同意。 
 
- 7 - 
個股報告 
財務報表 
 
季度損益表 
單位：新台幣百萬元 
 4771望隼 
2024 
25Q1 
25Q2 
25Q3 
25Q4 
2025 
26Q1 
26Q2(F) 26Q3(F) 26Q4(F) 2026(F) 
營業收入淨額
 3,002 
 811
 872
 854 
 951
 3,487 
 1,031 
 1,086 
1,137 
1,199 
4,453
營業成本
 1,823 
 475
 517
 512 
 558
 2,061 
 608
 645
678 
711
2,642
營業毛利淨額
 1,179 
 336
 356
 342 
 393
 1,426 
 423 
 441
459 
488
1,811
營業費用
 291 
 97
 100
 107 
 116
 420 
 124 
 128
131 
138
521
營業淨利(損)
 888 
 238
 256
 234 
 277
 1,006 
 298 
 313
328 
350
1,289
營業外收支
 
 
 
 
利息收入
 18 
 3
 7
 4 
 6
 19 
 2 
 2
4 
5
13
財務成本
 29 
 7
 6
 7 
 6
 26 
 6 
 6
8 
8
28
其他利益及損失
 29 
 11
 (74)
 33 
 22
 (8) 
 14 
 2
11
-15
12
其他收支淨額
 14 
 10
 2
 3 
 3
 18 
 3 
 3
3 
5
14
營業外收支淨額合計
 32 
18
-71
32 
24
 3 
13 
1
10 
-13
11
稅前淨利
 920 
25",857530a25cb24b2eb1036434,138,,PENDING,,PENDING,,PENDING,0.50,ORANGE,STAGE_TABLELIKE_EXPANSION_REVIEW,VRN_1D1_REPORTTEXT_TABLELIKE_EXPANSION,C:\Users\tonyk\OneDrive\VeritasIntelligenceAnalytics\module\VRN\output\_route_lock_runs\RUN_20260525_195119_VRN_GO_M01_60PDF_FULL_V120\full_input_60pdf\20260519兆豐個股報告-望隼(4771).pdf,2026-06-15T16:25:25.775437,ec44657af3fc560accbd4319ce4f16b5eca1d3f2
33280450a5af073c2547,dc367a89b6fb,4771,,兆豐,2026-05-19,2024Q1,2024,Q1,IS,tax_expense,所得稅費用,64.0,64,%,TWD,,7," 
評等分級：買進（預期未來六個月股價漲輻超過+30%）; 逢低買進（預期未來六個月股價漲輻介於+15%與+30%之間）; 區間操
作（預期未來六個月股價漲跌輻介於-15%與+15%之間）; 逢高賣出（預期未來六個月股價跌輻介於-15%與-30%之間）；賣出（預
期未來六個月股價跌輻超過-30%）。 
本刊所刊載之內容僅做為參考，惟已力求正確與完整，但因時間及市場客觀因素改變所造成產業、市場或個股之相關條件改變，投資人需自行考量
投資之需求與風險，本公司恕不負擔任何法律責任。任何轉載或引用本報告內容必須經本公司同意。 
 
- 7 - 
個股報告 
財務報表 
 
季度損益表 
單位：新台幣百萬元 
 4771望隼 
2024 
25Q1 
25Q2 
25Q3 
25Q4 
2025 
26Q1 
26Q2(F) 26Q3(F) 26Q4(F) 2026(F) 
營業收入淨額
 3,002 
 811
 872
 854 
 951
 3,487 
 1,031 
 1,086 
1,137 
1,199 
4,453
營業成本
 1,823 
 475
 517
 512 
 558
 2,061 
 608
 645
678 
711
2,642
營業毛利淨額
 1,179 
 336
 356
 342 
 393
 1,426 
 423 
 441
459 
488
1,811
營業費用
 291 
 97
 100
 107 
 116
 420 
 124 
 128
131 
138
521
營業淨利(損)
 888 
 238
 256
 234 
 277
 1,006 
 298 
 313
328 
350
1,289
營業外收支
 
 
 
 
利息收入
 18 
 3
 7
 4 
 6
 19 
 2 
 2
4 
5
13
財務成本
 29 
 7
 6
 7 
 6
 26 
 6 
 6
8 
8
28
其他利益及損失
 29 
 11
 (74)
 33 
 22
 (8) 
 14 
 2
11
-15
12
其他收支淨額
 14 
 10
 2
 3 
 3
 18 
 3 
 3
3 
5
14
營業外收支淨額合計
 32 
18
-71
32 
24
 3 
13 
1
10 
-13
11
稅前淨利
 920 
25",857530a25cb24b2eb1036434,139,,PENDING,,PENDING,,PENDING,0.50,ORANGE,STAGE_TABLELIKE_EXPANSION_REVIEW,VRN_1D1_REPORTTEXT_TABLELIKE_EXPANSION,C:\Users\tonyk\OneDrive\VeritasIntelligenceAnalytics\module\VRN\output\_route_lock_runs\RUN_20260525_195119_VRN_GO_M01_60PDF_FULL_V120\full_input_60pdf\20260519兆豐個股報告-望隼(4771).pdf,2026-06-15T16:25:25.775446,059b7ba84da5900a8d6cb7564d79286a4c5461be
33280450a5af073c2547,dc367a89b6fb,4771,,兆豐,2026-05-19,2024Q1,2024,Q1,IS,tax_expense,所得稅費用,68.0,68,%,TWD,,7," 
評等分級：買進（預期未來六個月股價漲輻超過+30%）; 逢低買進（預期未來六個月股價漲輻介於+15%與+30%之間）; 區間操
作（預期未來六個月股價漲跌輻介於-15%與+15%之間）; 逢高賣出（預期未來六個月股價跌輻介於-15%與-30%之間）；賣出（預
期未來六個月股價跌輻超過-30%）。 
本刊所刊載之內容僅做為參考，惟已力求正確與完整，但因時間及市場客觀因素改變所造成產業、市場或個股之相關條件改變，投資人需自行考量
投資之需求與風險，本公司恕不負擔任何法律責任。任何轉載或引用本報告內容必須經本公司同意。 
 
- 7 - 
個股報告 
財務報表 
 
季度損益表 
單位：新台幣百萬元 
 4771望隼 
2024 
25Q1 
25Q2 
25Q3 
25Q4 
2025 
26Q1 
26Q2(F) 26Q3(F) 26Q4(F) 2026(F) 
營業收入淨額
 3,002 
 811
 872
 854 
 951
 3,487 
 1,031 
 1,086 
1,137 
1,199 
4,453
營業成本
 1,823 
 475
 517
 512 
 558
 2,061 
 608
 645
678 
711
2,642
營業毛利淨額
 1,179 
 336
 356
 342 
 393
 1,426 
 423 
 441
459 
488
1,811
營業費用
 291 
 97
 100
 107 
 116
 420 
 124 
 128
131 
138
521
營業淨利(損)
 888 
 238
 256
 234 
 277
 1,006 
 298 
 313
328 
350
1,289
營業外收支
 
 
 
 
利息收入
 18 
 3
 7
 4 
 6
 19 
 2 
 2
4 
5
13
財務成本
 29 
 7
 6
 7 
 6
 26 
 6 
 6
8 
8
28
其他利益及損失
 29 
 11
 (74)
 33 
 22
 (8) 
 14 
 2
11
-15
12
其他收支淨額
 14 
 10
 2
 3 
 3
 18 
 3 
 3
3 
5
14
營業外收支淨額合計
 32 
18
-71
32 
24
 3 
13 
1
10 
-13
11
稅前淨利
 920 
25",857530a25cb24b2eb1036434,140,,PENDING,,PENDING,,PENDING,0.50,ORANGE,STAGE_TABLELIKE_EXPANSION_REVIEW,VRN_1D1_REPORTTEXT_TABLELIKE_EXPANSION,C:\Users\tonyk\OneDrive\VeritasIntelligenceAnalytics\module\VRN\output\_route_lock_runs\RUN_20260525_195119_VRN_GO_M01_60PDF_FULL_V120\full_input_60pdf\20260519兆豐個股報告-望隼(4771).pdf,2026-06-15T16:25:25.775456,d380d7d29811e83cc338f646a2fceb93e253f66c
33280450a5af073c2547,dc367a89b6fb,4771,,兆豐,2026-05-19,2024Q1,2024,Q1,IS,tax_expense,所得稅費用,68.0,68,%,TWD,,7," 
評等分級：買進（預期未來六個月股價漲輻超過+30%）; 逢低買進（預期未來六個月股價漲輻介於+15%與+30%之間）; 區間操
作（預期未來六個月股價漲跌輻介於-15%與+15%之間）; 逢高賣出（預期未來六個月股價跌輻介於-15%與-30%之間）；賣出（預
期未來六個月股價跌輻超過-30%）。 
本刊所刊載之內容僅做為參考，惟已力求正確與完整，但因時間及市場客觀因素改變所造成產業、市場或個股之相關條件改變，投資人需自行考量
投資之需求與風險，本公司恕不負擔任何法律責任。任何轉載或引用本報告內容必須經本公司同意。 
 
- 7 - 
個股報告 
財務報表 
 
季度損益表 
單位：新台幣百萬元 
 4771望隼 
2024 
25Q1 
25Q2 
25Q3 
25Q4 
2025 
26Q1 
26Q2(F) 26Q3(F) 26Q4(F) 2026(F) 
營業收入淨額
 3,002 
 811
 872
 854 
 951
 3,487 
 1,031 
 1,086 
1,137 
1,199 
4,453
營業成本
 1,823 
 475
 517
 512 
 558
 2,061 
 608
 645
678 
711
2,642
營業毛利淨額
 1,179 
 336
 356
 342 
 393
 1,426 
 423 
 441
459 
488
1,811
營業費用
 291 
 97
 100
 107 
 116
 420 
 124 
 128
131 
138
521
營業淨利(損)
 888 
 238
 256
 234 
 277
 1,006 
 298 
 313
328 
350
1,289
營業外收支
 
 
 
 
利息收入
 18 
 3
 7
 4 
 6
 19 
 2 
 2
4 
5
13
財務成本
 29 
 7
 6
 7 
 6
 26 
 6 
 6
8 
8
28
其他利益及損失
 29 
 11
 (74)
 33 
 22
 (8) 
 14 
 2
11
-15
12
其他收支淨額
 14 
 10
 2
 3 
 3
 18 
 3 
 3
3 
5
14
營業外收支淨額合計
 32 
18
-71
32 
24
 3 
13 
1
10 
-13
11
稅前淨利
 920 
25",857530a25cb24b2eb1036434,141,,PENDING,,PENDING,,PENDING,0.50,ORANGE,STAGE_TABLELIKE_EXPANSION_REVIEW,VRN_1D1_REPORTTEXT_TABLELIKE_EXPANSION,C:\Users\tonyk\OneDrive\VeritasIntelligenceAnalytics\module\VRN\output\_route_lock_runs\RUN_20260525_195119_VRN_GO_M01_60PDF_FULL_V120\full_input_60pdf\20260519兆豐個股報告-望隼(4771).pdf,2026-06-15T16:25:25.775465,02226ec880a4e76b0bfa6487401a879acd77e643
33280450a5af073c2547,dc367a89b6fb,4771,,兆豐,2026-05-19,2024Q1,2024,Q1,IS,tax_expense,所得稅費用,269.0,269,%,TWD,,7," 
評等分級：買進（預期未來六個月股價漲輻超過+30%）; 逢低買進（預期未來六個月股價漲輻介於+15%與+30%之間）; 區間操
作（預期未來六個月股價漲跌輻介於-15%與+15%之間）; 逢高賣出（預期未來六個月股價跌輻介於-15%與-30%之間）；賣出（預
期未來六個月股價跌輻超過-30%）。 
本刊所刊載之內容僅做為參考，惟已力求正確與完整，但因時間及市場客觀因素改變所造成產業、市場或個股之相關條件改變，投資人需自行考量
投資之需求與風險，本公司恕不負擔任何法律責任。任何轉載或引用本報告內容必須經本公司同意。 
 
- 7 - 
個股報告 
財務報表 
 
季度損益表 
單位：新台幣百萬元 
 4771望隼 
2024 
25Q1 
25Q2 
25Q3 
25Q4 
2025 
26Q1 
26Q2(F) 26Q3(F) 26Q4(F) 2026(F) 
營業收入淨額
 3,002 
 811
 872
 854 
 951
 3,487 
 1,031 
 1,086 
1,137 
1,199 
4,453
營業成本
 1,823 
 475
 517
 512 
 558
 2,061 
 608
 645
678 
711
2,642
營業毛利淨額
 1,179 
 336
 356
 342 
 393
 1,426 
 423 
 441
459 
488
1,811
營業費用
 291 
 97
 100
 107 
 116
 420 
 124 
 128
131 
138
521
營業淨利(損)
 888 
 238
 256
 234 
 277
 1,006 
 298 
 313
328 
350
1,289
營業外收支
 
 
 
 
利息收入
 18 
 3
 7
 4 
 6
 19 
 2 
 2
4 
5
13
財務成本
 29 
 7
 6
 7 
 6
 26 
 6 
 6
8 
8
28
其他利益及損失
 29 
 11
 (74)
 33 
 22
 (8) 
 14 
 2
11
-15
12
其他收支淨額
 14 
 10
 2
 3 
 3
 18 
 3 
 3
3 
5
14
營業外收支淨額合計
 32 
18
-71
32 
24
 3 
13 
1
10 
-13
11
稅前淨利
 920 
25",857530a25cb24b2eb1036434,142,,PENDING,,PENDING,,PENDING,0.50,ORANGE,STAGE_TABLELIKE_EXPANSION_REVIEW,VRN_1D1_REPORTTEXT_TABLELIKE_EXPANSION,C:\Users\tonyk\OneDrive\VeritasIntelligenceAnalytics\module\VRN\output\_route_lock_runs\RUN_20260525_195119_VRN_GO_M01_60PDF_FULL_V120\full_input_60pdf\20260519兆豐個股報告-望隼(4771).pdf,2026-06-15T16:25:25.775475,3e70e3b6c094a140f8c7050476d364a0c7df243d
33280450a5af073c2547,dc367a89b6fb,4771,,兆豐,2026-05-19,2024Q1,2024,Q1,IS,tax_expense,所得稅費用,59.0,59,%,TWD,,7," 
評等分級：買進（預期未來六個月股價漲輻超過+30%）; 逢低買進（預期未來六個月股價漲輻介於+15%與+30%之間）; 區間操
作（預期未來六個月股價漲跌輻介於-15%與+15%之間）; 逢高賣出（預期未來六個月股價跌輻介於-15%與-30%之間）；賣出（預
期未來六個月股價跌輻超過-30%）。 
本刊所刊載之內容僅做為參考，惟已力求正確與完整，但因時間及市場客觀因素改變所造成產業、市場或個股之相關條件改變，投資人需自行考量
投資之需求與風險，本公司恕不負擔任何法律責任。任何轉載或引用本報告內容必須經本公司同意。 
 
- 7 - 
個股報告 
財務報表 
 
季度損益表 
單位：新台幣百萬元 
 4771望隼 
2024 
25Q1 
25Q2 
25Q3 
25Q4 
2025 
26Q1 
26Q2(F) 26Q3(F) 26Q4(F) 2026(F) 
營業收入淨額
 3,002 
 811
 872
 854 
 951
 3,487 
 1,031 
 1,086 
1,137 
1,199 
4,453
營業成本
 1,823 
 475
 517
 512 
 558
 2,061 
 608
 645
678 
711
2,642
營業毛利淨額
 1,179 
 336
 356
 342 
 393
 1,426 
 423 
 441
459 
488
1,811
營業費用
 291 
 97
 100
 107 
 116
 420 
 124 
 128
131 
138
521
營業淨利(損)
 888 
 238
 256
 234 
 277
 1,006 
 298 
 313
328 
350
1,289
營業外收支
 
 
 
 
利息收入
 18 
 3
 7
 4 
 6
 19 
 2 
 2
4 
5
13
財務成本
 29 
 7
 6
 7 
 6
 26 
 6 
 6
8 
8
28
其他利益及損失
 29 
 11
 (74)
 33 
 22
 (8) 
 14 
 2
11
-15
12
其他收支淨額
 14 
 10
 2
 3 
 3
 18 
 3 
 3
3 
5
14
營業外收支淨額合計
 32 
18
-71
32 
24
 3 
13 
1
10 
-13
11
稅前淨利
 920 
25",857530a25cb24b2eb1036434,143,,PENDING,,PENDING,,PENDING,0.50,ORANGE,STAGE_TABLELIKE_EXPANSION_REVIEW,VRN_1D1_REPORTTEXT_TABLELIKE_EXPANSION,C:\Users\tonyk\OneDrive\VeritasIntelligenceAnalytics\module\VRN\output\_route_lock_runs\RUN_20260525_195119_VRN_GO_M01_60PDF_FULL_V120\full_input_60pdf\20260519兆豐個股報告-望隼(4771).pdf,2026-06-15T16:25:25.775577,9613798feda5508499b8d125d4dc766bdc2eb2dc
33280450a5af073c2547,dc367a89b6fb,4771,,兆豐,2026-05-19,2024Q1,2024,Q1,IS,tax_expense,所得稅費用,9.0,9,%,TWD,,7," 
評等分級：買進（預期未來六個月股價漲輻超過+30%）; 逢低買進（預期未來六個月股價漲輻介於+15%與+30%之間）; 區間操
作（預期未來六個月股價漲跌輻介於-15%與+15%之間）; 逢高賣出（預期未來六個月股價跌輻介於-15%與-30%之間）；賣出（預
期未來六個月股價跌輻超過-30%）。 
本刊所刊載之內容僅做為參考，惟已力求正確與完整，但因時間及市場客觀因素改變所造成產業、市場或個股之相關條件改變，投資人需自行考量
投資之需求與風險，本公司恕不負擔任何法律責任。任何轉載或引用本報告內容必須經本公司同意。 
 
- 7 - 
個股報告 
財務報表 
 
季度損益表 
單位：新台幣百萬元 
 4771望隼 
2024 
25Q1 
25Q2 
25Q3 
25Q4 
2025 
26Q1 
26Q2(F) 26Q3(F) 26Q4(F) 2026(F) 
營業收入淨額
 3,002 
 811
 872
 854 
 951
 3,487 
 1,031 
 1,086 
1,137 
1,199 
4,453
營業成本
 1,823 
 475
 517
 512 
 558
 2,061 
 608
 645
678 
711
2,642
營業毛利淨額
 1,179 
 336
 356
 342 
 393
 1,426 
 423 
 441
459 
488
1,811
營業費用
 291 
 97
 100
 107 
 116
 420 
 124 
 128
131 
138
521
營業淨利(損)
 888 
 238
 256
 234 
 277
 1,006 
 298 
 313
328 
350
1,289
營業外收支
 
 
 
 
利息收入
 18 
 3
 7
 4 
 6
 19 
 2 
 2
4 
5
13
財務成本
 29 
 7
 6
 7 
 6
 26 
 6 
 6
8 
8
28
其他利益及損失
 29 
 11
 (74)
 33 
 22
 (8) 
 14 
 2
11
-15
12
其他收支淨額
 14 
 10
 2
 3 
 3
 18 
 3 
 3
3 
5
14
營業外收支淨額合計
 32 
18
-71
32 
24
 3 
13 
1
10 
-13
11
稅前淨利
 920 
25",857530a25cb24b2eb1036434,144,,PENDING,,PENDING,,PENDING,0.50,ORANGE,STAGE_TABLELIKE_EXPANSION_REVIEW,VRN_1D1_REPORTTEXT_TABLELIKE_EXPANSION,C:\Users\tonyk\OneDrive\VeritasIntelligenceAnalytics\module\VRN\output\_route_lock_runs\RUN_20260525_195119_VRN_GO_M01_60PDF_FULL_V120\full_input_60pdf\20260519兆豐個股報告-望隼(4771).pdf,2026-06-15T16:25:25.775588,df4accfd1d6e9533f17f388c43a030518a31e06d
33280450a5af073c2547,dc367a89b6fb,4771,,兆豐,2026-05-19,2024Q1,2024,Q1,IS,tax_expense,所得稅費用,16.0,16,%,TWD,,7," 
評等分級：買進（預期未來六個月股價漲輻超過+30%）; 逢低買進（預期未來六個月股價漲輻介於+15%與+30%之間）; 區間操
作（預期未來六個月股價漲跌輻介於-15%與+15%之間）; 逢高賣出（預期未來六個月股價跌輻介於-15%與-30%之間）；賣出（預
期未來六個月股價跌輻超過-30%）。 
本刊所刊載之內容僅做為參考，惟已力求正確與完整，但因時間及市場客觀因素改變所造成產業、市場或個股之相關條件改變，投資人需自行考量
投資之需求與風險，本公司恕不負擔任何法律責任。任何轉載或引用本報告內容必須經本公司同意。 
 
- 7 - 
個股報告 
財務報表 
 
季度損益表 
單位：新台幣百萬元 
 4771望隼 
2024 
25Q1 
25Q2 
25Q3 
25Q4 
2025 
26Q1 
26Q2(F) 26Q3(F) 26Q4(F) 2026(F) 
營業收入淨額
 3,002 
 811
 872
 854 
 951
 3,487 
 1,031 
 1,086 
1,137 
1,199 
4,453
營業成本
 1,823 
 475
 517
 512 
 558
 2,061 
 608
 645
678 
711
2,642
營業毛利淨額
 1,179 
 336
 356
 342 
 393
 1,426 
 423 
 441
459 
488
1,811
營業費用
 291 
 97
 100
 107 
 116
 420 
 124 
 128
131 
138
521
營業淨利(損)
 888 
 238
 256
 234 
 277
 1,006 
 298 
 313
328 
350
1,289
營業外收支
 
 
 
 
利息收入
 18 
 3
 7
 4 
 6
 19 
 2 
 2
4 
5
13
財務成本
 29 
 7
 6
 7 
 6
 26 
 6 
 6
8 
8
28
其他利益及損失
 29 
 11
 (74)
 33 
 22
 (8) 
 14 
 2
11
-15
12
其他收支淨額
 14 
 10
 2
 3 
 3
 18 
 3 
 3
3 
5
14
營業外收支淨額合計
 32 
18
-71
32 
24
 3 
13 
1
10 
-13
11
稅前淨利
 920 
25",857530a25cb24b2eb1036434,145,,PENDING,,PENDING,,PENDING,0.50,ORANGE,STAGE_TABLELIKE_EXPANSION_REVIEW,VRN_1D1_REPORTTEXT_TABLELIKE_EXPANSION,C:\Users\tonyk\OneDrive\VeritasIntelligenceAnalytics\module\VRN\output\_route_lock_runs\RUN_20260525_195119_VRN_GO_M01_60PDF_FULL_V120\full_input_60pdf\20260519兆豐個股報告-望隼(4771).pdf,2026-06-15T16:25:25.775597,f6e1e6a80cd5d39414e5fd6ce3ea56a7fc40b277
33280450a5af073c2547,dc367a89b6fb,4771,,兆豐,2026-05-19,2024Q1,2024,Q1,IS,tax_expense,所得稅費用,19.0,19,%,TWD,,7," 
評等分級：買進（預期未來六個月股價漲輻超過+30%）; 逢低買進（預期未來六個月股價漲輻介於+15%與+30%之間）; 區間操
作（預期未來六個月股價漲跌輻介於-15%與+15%之間）; 逢高賣出（預期未來六個月股價跌輻介於-15%與-30%之間）；賣出（預
期未來六個月股價跌輻超過-30%）。 
本刊所刊載之內容僅做為參考，惟已力求正確與完整，但因時間及市場客觀因素改變所造成產業、市場或個股之相關條件改變，投資人需自行考量
投資之需求與風險，本公司恕不負擔任何法律責任。任何轉載或引用本報告內容必須經本公司同意。 
 
- 7 - 
個股報告 
財務報表 
 
季度損益表 
單位：新台幣百萬元 
 4771望隼 
2024 
25Q1 
25Q2 
25Q3 
25Q4 
2025 
26Q1 
26Q2(F) 26Q3(F) 26Q4(F) 2026(F) 
營業收入淨額
 3,002 
 811
 872
 854 
 951
 3,487 
 1,031 
 1,086 
1,137 
1,199 
4,453
營業成本
 1,823 
 475
 517
 512 
 558
 2,061 
 608
 645
678 
711
2,642
營業毛利淨額
 1,179 
 336
 356
 342 
 393
 1,426 
 423 
 441
459 
488
1,811
營業費用
 291 
 97
 100
 107 
 116
 420 
 124 
 128
131 
138
521
營業淨利(損)
 888 
 238
 256
 234 
 277
 1,006 
 298 
 313
328 
350
1,289
營業外收支
 
 
 
 
利息收入
 18 
 3
 7
 4 
 6
 19 
 2 
 2
4 
5
13
財務成本
 29 
 7
 6
 7 
 6
 26 
 6 
 6
8 
8
28
其他利益及損失
 29 
 11
 (74)
 33 
 22
 (8) 
 14 
 2
11
-15
12
其他收支淨額
 14 
 10
 2
 3 
 3
 18 
 3 
 3
3 
5
14
營業外收支淨額合計
 32 
18
-71
32 
24
 3 
13 
1
10 
-13
11
稅前淨利
 920 
25",857530a25cb24b2eb1036434,146,,PENDING,,PENDING,,PENDING,0.50,ORANGE,STAGE_TABLELIKE_EXPANSION_REVIEW,VRN_1D1_REPORTTEXT_TABLELIKE_EXPANSION,C:\Users\tonyk\OneDrive\VeritasIntelligenceAnalytics\module\VRN\output\_route_lock_runs\RUN_20260525_195119_VRN_GO_M01_60PDF_FULL_V120\full_input_60pdf\20260519兆豐個股報告-望隼(4771).pdf,2026-06-15T16:25:25.775607,2126f35ae7b491edd678fcec5c33cc19a6e9eed1
33280450a5af073c2547,dc367a89b6fb,4771,,兆豐,2026-05-19,2024Q1,2024,Q1,IS,tax_expense,所得稅費用,24.0,24,%,TWD,,7," 
評等分級：買進（預期未來六個月股價漲輻超過+30%）; 逢低買進（預期未來六個月股價漲輻介於+15%與+30%之間）; 區間操
作（預期未來六個月股價漲跌輻介於-15%與+15%之間）; 逢高賣出（預期未來六個月股價跌輻介於-15%與-30%之間）；賣出（預
期未來六個月股價跌輻超過-30%）。 
本刊所刊載之內容僅做為參考，惟已力求正確與完整，但因時間及市場客觀因素改變所造成產業、市場或個股之相關條件改變，投資人需自行考量
投資之需求與風險，本公司恕不負擔任何法律責任。任何轉載或引用本報告內容必須經本公司同意。 
 
- 7 - 
個股報告 
財務報表 
 
季度損益表 
單位：新台幣百萬元 
 4771望隼 
2024 
25Q1 
25Q2 
25Q3 
25Q4 
2025 
26Q1 
26Q2(F) 26Q3(F) 26Q4(F) 2026(F) 
營業收入淨額
 3,002 
 811
 872
 854 
 951
 3,487 
 1,031 
 1,086 
1,137 
1,199 
4,453
營業成本
 1,823 
 475
 517
 512 
 558
 2,061 
 608
 645
678 
711
2,642
營業毛利淨額
 1,179 
 336
 356
 342 
 393
 1,426 
 423 
 441
459 
488
1,811
營業費用
 291 
 97
 100
 107 
 116
 420 
 124 
 128
131 
138
521
營業淨利(損)
 888 
 238
 256
 234 
 277
 1,006 
 298 
 313
328 
350
1,289
營業外收支
 
 
 
 
利息收入
 18 
 3
 7
 4 
 6
 19 
 2 
 2
4 
5
13
財務成本
 29 
 7
 6
 7 
 6
 26 
 6 
 6
8 
8
28
其他利益及損失
 29 
 11
 (74)
 33 
 22
 (8) 
 14 
 2
11
-15
12
其他收支淨額
 14 
 10
 2
 3 
 3
 18 
 3 
 3
3 
5
14
營業外收支淨額合計
 32 
18
-71
32 
24
 3 
13 
1
10 
-13
11
稅前淨利
 920 
25",857530a25cb24b2eb1036434,147,,PENDING,,PENDING,,PENDING,0.50,ORANGE,STAGE_TABLELIKE_EXPANSION_REVIEW,VRN_1D1_REPORTTEXT_TABLELIKE_EXPANSION,C:\Users\tonyk\OneDrive\VeritasIntelligenceAnalytics\module\VRN\output\_route_lock_runs\RUN_20260525_195119_VRN_GO_M01_60PDF_FULL_V120\full_input_60pdf\20260519兆豐個股報告-望隼(4771).pdf,2026-06-15T16:25:25.775618,7d84a4b18195ad09e38a6e69293b5398e20a8126
33280450a5af073c2547,dc367a89b6fb,4771,,兆豐,2026-05-19,2024Q1,2024,Q1,IS,tax_expense,所得稅費用,67.0,67,%,TWD,,7," 
評等分級：買進（預期未來六個月股價漲輻超過+30%）; 逢低買進（預期未來六個月股價漲輻介於+15%與+30%之間）; 區間操
作（預期未來六個月股價漲跌輻介於-15%與+15%之間）; 逢高賣出（預期未來六個月股價跌輻介於-15%與-30%之間）；賣出（預
期未來六個月股價跌輻超過-30%）。 
本刊所刊載之內容僅做為參考，惟已力求正確與完整，但因時間及市場客觀因素改變所造成產業、市場或個股之相關條件改變，投資人需自行考量
投資之需求與風險，本公司恕不負擔任何法律責任。任何轉載或引用本報告內容必須經本公司同意。 
 
- 7 - 
個股報告 
財務報表 
 
季度損益表 
單位：新台幣百萬元 
 4771望隼 
2024 
25Q1 
25Q2 
25Q3 
25Q4 
2025 
26Q1 
26Q2(F) 26Q3(F) 26Q4(F) 2026(F) 
營業收入淨額
 3,002 
 811
 872
 854 
 951
 3,487 
 1,031 
 1,086 
1,137 
1,199 
4,453
營業成本
 1,823 
 475
 517
 512 
 558
 2,061 
 608
 645
678 
711
2,642
營業毛利淨額
 1,179 
 336
 356
 342 
 393
 1,426 
 423 
 441
459 
488
1,811
營業費用
 291 
 97
 100
 107 
 116
 420 
 124 
 128
131 
138
521
營業淨利(損)
 888 
 238
 256
 234 
 277
 1,006 
 298 
 313
328 
350
1,289
營業外收支
 
 
 
 
利息收入
 18 
 3
 7
 4 
 6
 19 
 2 
 2
4 
5
13
財務成本
 29 
 7
 6
 7 
 6
 26 
 6 
 6
8 
8
28
其他利益及損失
 29 
 11
 (74)
 33 
 22
 (8) 
 14 
 2
11
-15
12
其他收支淨額
 14 
 10
 2
 3 
 3
 18 
 3 
 3
3 
5
14
營業外收支淨額合計
 32 
18
-71
32 
24
 3 
13 
1
10 
-13
11
稅前淨利
 920 
25",857530a25cb24b2eb1036434,148,,PENDING,,PENDING,,PENDING,0.50,ORANGE,STAGE_TABLELIKE_EXPANSION_REVIEW,VRN_1D1_REPORTTEXT_TABLELIKE_EXPANSION,C:\Users\tonyk\OneDrive\VeritasIntelligenceAnalytics\module\VRN\output\_route_lock_runs\RUN_20260525_195119_VRN_GO_M01_60PDF_FULL_V120\full_input_60pdf\20260519兆豐個股報告-望隼(4771).pdf,2026-06-15T16:25:25.775627,b69e1ca66e7cda53ec2a0033d49792ccb3cba1ac
33280450a5af073c2547,dc367a89b6fb,4771,,兆豐,2026-05-19,2024Q1,2024,Q1,IS,tax_expense,所得稅費用,27.0,27,%,TWD,,7," 
評等分級：買進（預期未來六個月股價漲輻超過+30%）; 逢低買進（預期未來六個月股價漲輻介於+15%與+30%之間）; 區間操
作（預期未來六個月股價漲跌輻介於-15%與+15%之間）; 逢高賣出（預期未來六個月股價跌輻介於-15%與-30%之間）；賣出（預
期未來六個月股價跌輻超過-30%）。 
本刊所刊載之內容僅做為參考，惟已力求正確與完整，但因時間及市場客觀因素改變所造成產業、市場或個股之相關條件改變，投資人需自行考量
投資之需求與風險，本公司恕不負擔任何法律責任。任何轉載或引用本報告內容必須經本公司同意。 
 
- 7 - 
個股報告 
財務報表 
 
季度損益表 
單位：新台幣百萬元 
 4771望隼 
2024 
25Q1 
25Q2 
25Q3 
25Q4 
2025 
26Q1 
26Q2(F) 26Q3(F) 26Q4(F) 2026(F) 
營業收入淨額
 3,002 
 811
 872
 854 
 951
 3,487 
 1,031 
 1,086 
1,137 
1,199 
4,453
營業成本
 1,823 
 475
 517
 512 
 558
 2,061 
 608
 645
678 
711
2,642
營業毛利淨額
 1,179 
 336
 356
 342 
 393
 1,426 
 423 
 441
459 
488
1,811
營業費用
 291 
 97
 100
 107 
 116
 420 
 124 
 128
131 
138
521
營業淨利(損)
 888 
 238
 256
 234 
 277
 1,006 
 298 
 313
328 
350
1,289
營業外收支
 
 
 
 
利息收入
 18 
 3
 7
 4 
 6
 19 
 2 
 2
4 
5
13
財務成本
 29 
 7
 6
 7 
 6
 26 
 6 
 6
8 
8
28
其他利益及損失
 29 
 11
 (74)
 33 
 22
 (8) 
 14 
 2
11
-15
12
其他收支淨額
 14 
 10
 2
 3 
 3
 18 
 3 
 3
3 
5
14
營業外收支淨額合計
 32 
18
-71
32 
24
 3 
13 
1
10 
-13
11
稅前淨利
 920 
25",857530a25cb24b2eb1036434,149,,PENDING,,PENDING,,PENDING,0.50,ORANGE,STAGE_TABLELIKE_EXPANSION_REVIEW,VRN_1D1_REPORTTEXT_TABLELIKE_EXPANSION,C:\Users\tonyk\OneDrive\VeritasIntelligenceAnalytics\module\VRN\output\_route_lock_runs\RUN_20260525_195119_VRN_GO_M01_60PDF_FULL_V120\full_input_60pdf\20260519兆豐個股報告-望隼(4771).pdf,2026-06-15T16:25:25.775637,f6af1d3daf9c004d1b005fb717ffe5babca11ac2
33280450a5af073c2547,dc367a89b6fb,4771,,兆豐,2026-05-19,2024Q1,2024,Q1,IS,tax_expense,所得稅費用,27.0,27,%,TWD,,7," 
評等分級：買進（預期未來六個月股價漲輻超過+30%）; 逢低買進（預期未來六個月股價漲輻介於+15%與+30%之間）; 區間操
作（預期未來六個月股價漲跌輻介於-15%與+15%之間）; 逢高賣出（預期未來六個月股價跌輻介於-15%與-30%之間）；賣出（預
期未來六個月股價跌輻超過-30%）。 
本刊所刊載之內容僅做為參考，惟已力求正確與完整，但因時間及市場客觀因素改變所造成產業、市場或個股之相關條件改變，投資人需自行考量
投資之需求與風險，本公司恕不負擔任何法律責任。任何轉載或引用本報告內容必須經本公司同意。 
 
- 7 - 
個股報告 
財務報表 
 
季度損益表 
單位：新台幣百萬元 
 4771望隼 
2024 
25Q1 
25Q2 
25Q3 
25Q4 
2025 
26Q1 
26Q2(F) 26Q3(F) 26Q4(F) 2026(F) 
營業收入淨額
 3,002 
 811
 872
 854 
 951
 3,487 
 1,031 
 1,086 
1,137 
1,199 
4,453
營業成本
 1,823 
 475
 517
 512 
 558
 2,061 
 608
 645
678 
711
2,642
營業毛利淨額
 1,179 
 336
 356
 342 
 393
 1,426 
 423 
 441
459 
488
1,811
營業費用
 291 
 97
 100
 107 
 116
 420 
 124 
 128
131 
138
521
營業淨利(損)
 888 
 238
 256
 234 
 277
 1,006 
 298 
 313
328 
350
1,289
營業外收支
 
 
 
 
利息收入
 18 
 3
 7
 4 
 6
 19 
 2 
 2
4 
5
13
財務成本
 29 
 7
 6
 7 
 6
 26 
 6 
 6
8 
8
28
其他利益及損失
 29 
 11
 (74)
 33 
 22
 (8) 
 14 
 2
11
-15
12
其他收支淨額
 14 
 10
 2
 3 
 3
 18 
 3 
 3
3 
5
14
營業外收支淨額合計
 32 
18
-71
32 
24
 3 
13 
1
10 
-13
11
稅前淨利
 920 
25",857530a25cb24b2eb1036434,150,,PENDING,,PENDING,,PENDING,0.50,ORANGE,STAGE_TABLELIKE_EXPANSION_REVIEW,VRN_1D1_REPORTTEXT_TABLELIKE_EXPANSION,C:\Users\tonyk\OneDrive\VeritasIntelligenceAnalytics\module\VRN\output\_route_lock_runs\RUN_20260525_195119_VRN_GO_M01_60PDF_FULL_V120\full_input_60pdf\20260519兆豐個股報告-望隼(4771).pdf,2026-06-15T16:25:25.775646,905e7480c0c2eb8c0c1c75337c4c1bc83c5127d4
33280450a5af073c2547,dc367a89b6fb,4771,,兆豐,2026-05-19,2024Q1,2024,Q1,IS,tax_expense,所得稅費用,22.0,22,%,TWD,,7," 
評等分級：買進（預期未來六個月股價漲輻超過+30%）; 逢低買進（預期未來六個月股價漲輻介於+15%與+30%之間）; 區間操
作（預期未來六個月股價漲跌輻介於-15%與+15%之間）; 逢高賣出（預期未來六個月股價跌輻介於-15%與-30%之間）；賣出（預
期未來六個月股價跌輻超過-30%）。 
本刊所刊載之內容僅做為參考，惟已力求正確與完整，但因時間及市場客觀因素改變所造成產業、市場或個股之相關條件改變，投資人需自行考量
投資之需求與風險，本公司恕不負擔任何法律責任。任何轉載或引用本報告內容必須經本公司同意。 
 
- 7 - 
個股報告 
財務報表 
 
季度損益表 
單位：新台幣百萬元 
 4771望隼 
2024 
25Q1 
25Q2 
25Q3 
25Q4 
2025 
26Q1 
26Q2(F) 26Q3(F) 26Q4(F) 2026(F) 
營業收入淨額
 3,002 
 811
 872
 854 
 951
 3,487 
 1,031 
 1,086 
1,137 
1,199 
4,453
營業成本
 1,823 
 475
 517
 512 
 558
 2,061 
 608
 645
678 
711
2,642
營業毛利淨額
 1,179 
 336
 356
 342 
 393
 1,426 
 423 
 441
459 
488
1,811
營業費用
 291 
 97
 100
 107 
 116
 420 
 124 
 128
131 
138
521
營業淨利(損)
 888 
 238
 256
 234 
 277
 1,006 
 298 
 313
328 
350
1,289
營業外收支
 
 
 
 
利息收入
 18 
 3
 7
 4 
 6
 19 
 2 
 2
4 
5
13
財務成本
 29 
 7
 6
 7 
 6
 26 
 6 
 6
8 
8
28
其他利益及損失
 29 
 11
 (74)
 33 
 22
 (8) 
 14 
 2
11
-15
12
其他收支淨額
 14 
 10
 2
 3 
 3
 18 
 3 
 3
3 
5
14
營業外收支淨額合計
 32 
18
-71
32 
24
 3 
13 
1
10 
-13
11
稅前淨利
 920 
25",857530a25cb24b2eb1036434,151,,PENDING,,PENDING,,PENDING,0.50,ORANGE,STAGE_TABLELIKE_EXPANSION_REVIEW,VRN_1D1_REPORTTEXT_TABLELIKE_EXPANSION,C:\Users\tonyk\OneDrive\VeritasIntelligenceAnalytics\module\VRN\output\_route_lock_runs\RUN_20260525_195119_VRN_GO_M01_60PDF_FULL_V120\full_input_60pdf\20260519兆豐個股報告-望隼(4771).pdf,2026-06-15T16:25:25.775655,624c851f6e9181e0411457e7d5000263abff87fd
33280450a5af073c2547,dc367a89b6fb,4771,,兆豐,2026-05-19,2024Q1,2024,Q1,IS,tax_expense,所得稅費用,21.0,21,%,TWD,,7," 
評等分級：買進（預期未來六個月股價漲輻超過+30%）; 逢低買進（預期未來六個月股價漲輻介於+15%與+30%之間）; 區間操
作（預期未來六個月股價漲跌輻介於-15%與+15%之間）; 逢高賣出（預期未來六個月股價跌輻介於-15%與-30%之間）；賣出（預
期未來六個月股價跌輻超過-30%）。 
本刊所刊載之內容僅做為參考，惟已力求正確與完整，但因時間及市場客觀因素改變所造成產業、市場或個股之相關條件改變，投資人需自行考量
投資之需求與風險，本公司恕不負擔任何法律責任。任何轉載或引用本報告內容必須經本公司同意。 
 
- 7 - 
個股報告 
財務報表 
 
季度損益表 
單位：新台幣百萬元 
 4771望隼 
2024 
25Q1 
25Q2 
25Q3 
25Q4 
2025 
26Q1 
26Q2(F) 26Q3(F) 26Q4(F) 2026(F) 
營業收入淨額
 3,002 
 811
 872
 854 
 951
 3,487 
 1,031 
 1,086 
1,137 
1,199 
4,453
營業成本
 1,823 
 475
 517
 512 
 558
 2,061 
 608
 645
678 
711
2,642
營業毛利淨額
 1,179 
 336
 356
 342 
 393
 1,426 
 423 
 441
459 
488
1,811
營業費用
 291 
 97
 100
 107 
 116
 420 
 124 
 128
131 
138
521
營業淨利(損)
 888 
 238
 256
 234 
 277
 1,006 
 298 
 313
328 
350
1,289
營業外收支
 
 
 
 
利息收入
 18 
 3
 7
 4 
 6
 19 
 2 
 2
4 
5
13
財務成本
 29 
 7
 6
 7 
 6
 26 
 6 
 6
8 
8
28
其他利益及損失
 29 
 11
 (74)
 33 
 22
 (8) 
 14 
 2
11
-15
12
其他收支淨額
 14 
 10
 2
 3 
 3
 18 
 3 
 3
3 
5
14
營業外收支淨額合計
 32 
18
-71
32 
24
 3 
13 
1
10 
-13
11
稅前淨利
 920 
25",857530a25cb24b2eb1036434,152,,PENDING,,PENDING,,PENDING,0.50,ORANGE,STAGE_TABLELIKE_EXPANSION_REVIEW,VRN_1D1_REPORTTEXT_TABLELIKE_EXPANSION,C:\Users\tonyk\OneDrive\VeritasIntelligenceAnalytics\module\VRN\output\_route_lock_runs\RUN_20260525_195119_VRN_GO_M01_60PDF_FULL_V120\full_input_60pdf\20260519兆豐個股報告-望隼(4771).pdf,2026-06-15T16:25:25.775665,66d1de10b11a62267366687d09b1044fef8ae04e
33280450a5af073c2547,dc367a89b6fb,4771,,兆豐,2026-05-19,2024Q1,2024,Q1,IS,tax_expense,所得稅費用,97.0,97,%,TWD,,7," 
評等分級：買進（預期未來六個月股價漲輻超過+30%）; 逢低買進（預期未來六個月股價漲輻介於+15%與+30%之間）; 區間操
作（預期未來六個月股價漲跌輻介於-15%與+15%之間）; 逢高賣出（預期未來六個月股價跌輻介於-15%與-30%之間）；賣出（預
期未來六個月股價跌輻超過-30%）。 
本刊所刊載之內容僅做為參考，惟已力求正確與完整，但因時間及市場客觀因素改變所造成產業、市場或個股之相關條件改變，投資人需自行考量
投資之需求與風險，本公司恕不負擔任何法律責任。任何轉載或引用本報告內容必須經本公司同意。 
 
- 7 - 
個股報告 
財務報表 
 
季度損益表 
單位：新台幣百萬元 
 4771望隼 
2024 
25Q1 
25Q2 
25Q3 
25Q4 
2025 
26Q1 
26Q2(F) 26Q3(F) 26Q4(F) 2026(F) 
營業收入淨額
 3,002 
 811
 872
 854 
 951
 3,487 
 1,031 
 1,086 
1,137 
1,199 
4,453
營業成本
 1,823 
 475
 517
 512 
 558
 2,061 
 608
 645
678 
711
2,642
營業毛利淨額
 1,179 
 336
 356
 342 
 393
 1,426 
 423 
 441
459 
488
1,811
營業費用
 291 
 97
 100
 107 
 116
 420 
 124 
 128
131 
138
521
營業淨利(損)
 888 
 238
 256
 234 
 277
 1,006 
 298 
 313
328 
350
1,289
營業外收支
 
 
 
 
利息收入
 18 
 3
 7
 4 
 6
 19 
 2 
 2
4 
5
13
財務成本
 29 
 7
 6
 7 
 6
 26 
 6 
 6
8 
8
28
其他利益及損失
 29 
 11
 (74)
 33 
 22
 (8) 
 14 
 2
11
-15
12
其他收支淨額
 14 
 10
 2
 3 
 3
 18 
 3 
 3
3 
5
14
營業外收支淨額合計
 32 
18
-71
32 
24
 3 
13 
1
10 
-13
11
稅前淨利
 920 
25",857530a25cb24b2eb1036434,153,,PENDING,,PENDING,,PENDING,0.50,ORANGE,STAGE_TABLELIKE_EXPANSION_REVIEW,VRN_1D1_REPORTTEXT_TABLELIKE_EXPANSION,C:\Users\tonyk\OneDrive\VeritasIntelligenceAnalytics\module\VRN\output\_route_lock_runs\RUN_20260525_195119_VRN_GO_M01_60PDF_FULL_V120\full_input_60pdf\20260519兆豐個股報告-望隼(4771).pdf,2026-06-15T16:25:25.775674,cd61f135a355b930c3bf34efb08c127d2c0db626
33280450a5af073c2547,dc367a89b6fb,4771,,兆豐,2026-05-19,2024Q1,2024,Q1,IS,tax_expense,所得稅費用,670.0,670,%,TWD,,7," 
評等分級：買進（預期未來六個月股價漲輻超過+30%）; 逢低買進（預期未來六個月股價漲輻介於+15%與+30%之間）; 區間操
作（預期未來六個月股價漲跌輻介於-15%與+15%之間）; 逢高賣出（預期未來六個月股價跌輻介於-15%與-30%之間）；賣出（預
期未來六個月股價跌輻超過-30%）。 
本刊所刊載之內容僅做為參考，惟已力求正確與完整，但因時間及市場客觀因素改變所造成產業、市場或個股之相關條件改變，投資人需自行考量
投資之需求與風險，本公司恕不負擔任何法律責任。任何轉載或引用本報告內容必須經本公司同意。 
 
- 7 - 
個股報告 
財務報表 
 
季度損益表 
單位：新台幣百萬元 
 4771望隼 
2024 
25Q1 
25Q2 
25Q3 
25Q4 
2025 
26Q1 
26Q2(F) 26Q3(F) 26Q4(F) 2026(F) 
營業收入淨額
 3,002 
 811
 872
 854 
 951
 3,487 
 1,031 
 1,086 
1,137 
1,199 
4,453
營業成本
 1,823 
 475
 517
 512 
 558
 2,061 
 608
 645
678 
711
2,642
營業毛利淨額
 1,179 
 336
 356
 342 
 393
 1,426 
 423 
 441
459 
488
1,811
營業費用
 291 
 97
 100
 107 
 116
 420 
 124 
 128
131 
138
521
營業淨利(損)
 888 
 238
 256
 234 
 277
 1,006 
 298 
 313
328 
350
1,289
營業外收支
 
 
 
 
利息收入
 18 
 3
 7
 4 
 6
 19 
 2 
 2
4 
5
13
財務成本
 29 
 7
 6
 7 
 6
 26 
 6 
 6
8 
8
28
其他利益及損失
 29 
 11
 (74)
 33 
 22
 (8) 
 14 
 2
11
-15
12
其他收支淨額
 14 
 10
 2
 3 
 3
 18 
 3 
 3
3 
5
14
營業外收支淨額合計
 32 
18
-71
32 
24
 3 
13 
1
10 
-13
11
稅前淨利
 920 
25",857530a25cb24b2eb1036434,154,,PENDING,,PENDING,,PENDING,0.50,ORANGE,STAGE_TABLELIKE_EXPANSION_REVIEW,VRN_1D1_REPORTTEXT_TABLELIKE_EXPANSION,C:\Users\tonyk\OneDrive\VeritasIntelligenceAnalytics\module\VRN\output\_route_lock_runs\RUN_20260525_195119_VRN_GO_M01_60PDF_FULL_V120\full_input_60pdf\20260519兆豐個股報告-望隼(4771).pdf,2026-06-15T16:25:25.775683,eda2bf533e24882a6a325be156333f331a8f6e13
33280450a5af073c2547,dc367a89b6fb,4771,,兆豐,2026-05-19,2024Q1,2024,Q1,IS,tax_expense,所得稅費用,193.0,193,%,TWD,,7," 
評等分級：買進（預期未來六個月股價漲輻超過+30%）; 逢低買進（預期未來六個月股價漲輻介於+15%與+30%之間）; 區間操
作（預期未來六個月股價漲跌輻介於-15%與+15%之間）; 逢高賣出（預期未來六個月股價跌輻介於-15%與-30%之間）；賣出（預
期未來六個月股價跌輻超過-30%）。 
本刊所刊載之內容僅做為參考，惟已力求正確與完整，但因時間及市場客觀因素改變所造成產業、市場或個股之相關條件改變，投資人需自行考量
投資之需求與風險，本公司恕不負擔任何法律責任。任何轉載或引用本報告內容必須經本公司同意。 
 
- 7 - 
個股報告 
財務報表 
 
季度損益表 
單位：新台幣百萬元 
 4771望隼 
2024 
25Q1 
25Q2 
25Q3 
25Q4 
2025 
26Q1 
26Q2(F) 26Q3(F) 26Q4(F) 2026(F) 
營業收入淨額
 3,002 
 811
 872
 854 
 951
 3,487 
 1,031 
 1,086 
1,137 
1,199 
4,453
營業成本
 1,823 
 475
 517
 512 
 558
 2,061 
 608
 645
678 
711
2,642
營業毛利淨額
 1,179 
 336
 356
 342 
 393
 1,426 
 423 
 441
459 
488
1,811
營業費用
 291 
 97
 100
 107 
 116
 420 
 124 
 128
131 
138
521
營業淨利(損)
 888 
 238
 256
 234 
 277
 1,006 
 298 
 313
328 
350
1,289
營業外收支
 
 
 
 
利息收入
 18 
 3
 7
 4 
 6
 19 
 2 
 2
4 
5
13
財務成本
 29 
 7
 6
 7 
 6
 26 
 6 
 6
8 
8
28
其他利益及損失
 29 
 11
 (74)
 33 
 22
 (8) 
 14 
 2
11
-15
12
其他收支淨額
 14 
 10
 2
 3 
 3
 18 
 3 
 3
3 
5
14
營業外收支淨額合計
 32 
18
-71
32 
24
 3 
13 
1
10 
-13
11
稅前淨利
 920 
25",857530a25cb24b2eb1036434,155,,PENDING,,PENDING,,PENDING,0.50,ORANGE,STAGE_TABLELIKE_EXPANSION_REVIEW,VRN_1D1_REPORTTEXT_TABLELIKE_EXPANSION,C:\Users\tonyk\OneDrive\VeritasIntelligenceAnalytics\module\VRN\output\_route_lock_runs\RUN_20260525_195119_VRN_GO_M01_60PDF_FULL_V120\full_input_60pdf\20260519兆豐個股報告-望隼(4771).pdf,2026-06-15T16:25:25.775695,6b4f850f63a34bce0b0eceec44b37219fdc3cecc
33280450a5af073c2547,dc367a89b6fb,4771,,兆豐,2026-05-19,2024Q1,2024,Q1,IS,tax_expense,所得稅費用,150.0,150,%,TWD,,7," 
評等分級：買進（預期未來六個月股價漲輻超過+30%）; 逢低買進（預期未來六個月股價漲輻介於+15%與+30%之間）; 區間操
作（預期未來六個月股價漲跌輻介於-15%與+15%之間）; 逢高賣出（預期未來六個月股價跌輻介於-15%與-30%之間）；賣出（預
期未來六個月股價跌輻超過-30%）。 
本刊所刊載之內容僅做為參考，惟已力求正確與完整，但因時間及市場客觀因素改變所造成產業、市場或個股之相關條件改變，投資人需自行考量
投資之需求與風險，本公司恕不負擔任何法律責任。任何轉載或引用本報告內容必須經本公司同意。 
 
- 7 - 
個股報告 
財務報表 
 
季度損益表 
單位：新台幣百萬元 
 4771望隼 
2024 
25Q1 
25Q2 
25Q3 
25Q4 
2025 
26Q1 
26Q2(F) 26Q3(F) 26Q4(F) 2026(F) 
營業收入淨額
 3,002 
 811
 872
 854 
 951
 3,487 
 1,031 
 1,086 
1,137 
1,199 
4,453
營業成本
 1,823 
 475
 517
 512 
 558
 2,061 
 608
 645
678 
711
2,642
營業毛利淨額
 1,179 
 336
 356
 342 
 393
 1,426 
 423 
 441
459 
488
1,811
營業費用
 291 
 97
 100
 107 
 116
 420 
 124 
 128
131 
138
521
營業淨利(損)
 888 
 238
 256
 234 
 277
 1,006 
 298 
 313
328 
350
1,289
營業外收支
 
 
 
 
利息收入
 18 
 3
 7
 4 
 6
 19 
 2 
 2
4 
5
13
財務成本
 29 
 7
 6
 7 
 6
 26 
 6 
 6
8 
8
28
其他利益及損失
 29 
 11
 (74)
 33 
 22
 (8) 
 14 
 2
11
-15
12
其他收支淨額
 14 
 10
 2
 3 
 3
 18 
 3 
 3
3 
5
14
營業外收支淨額合計
 32 
18
-71
32 
24
 3 
13 
1
10 
-13
11
稅前淨利
 920 
25",857530a25cb24b2eb1036434,156,,PENDING,,PENDING,,PENDING,0.50,ORANGE,STAGE_TABLELIKE_EXPANSION_REVIEW,VRN_1D1_REPORTTEXT_TABLELIKE_EXPANSION,C:\Users\tonyk\OneDrive\VeritasIntelligenceAnalytics\module\VRN\output\_route_lock_runs\RUN_20260525_195119_VRN_GO_M01_60PDF_FULL_V120\full_input_60pdf\20260519兆豐個股報告-望隼(4771).pdf,2026-06-15T16:25:25.775704,bb5dc40393703b8e09c7c1fa83ad3f5852a9a752
33280450a5af073c2547,dc367a89b6fb,4771,,兆豐,2026-05-19,2024Q1,2024,Q1,IS,tax_expense,所得稅費用,193.0,193,%,TWD,,7," 
評等分級：買進（預期未來六個月股價漲輻超過+30%）; 逢低買進（預期未來六個月股價漲輻介於+15%與+30%之間）; 區間操
作（預期未來六個月股價漲跌輻介於-15%與+15%之間）; 逢高賣出（預期未來六個月股價跌輻介於-15%與-30%之間）；賣出（預
期未來六個月股價跌輻超過-30%）。 
本刊所刊載之內容僅做為參考，惟已力求正確與完整，但因時間及市場客觀因素改變所造成產業、市場或個股之相關條件改變，投資人需自行考量
投資之需求與風險，本公司恕不負擔任何法律責任。任何轉載或引用本報告內容必須經本公司同意。 
 
- 7 - 
個股報告 
財務報表 
 
季度損益表 
單位：新台幣百萬元 
 4771望隼 
2024 
25Q1 
25Q2 
25Q3 
25Q4 
2025 
26Q1 
26Q2(F) 26Q3(F) 26Q4(F) 2026(F) 
營業收入淨額
 3,002 
 811
 872
 854 
 951
 3,487 
 1,031 
 1,086 
1,137 
1,199 
4,453
營業成本
 1,823 
 475
 517
 512 
 558
 2,061 
 608
 645
678 
711
2,642
營業毛利淨額
 1,179 
 336
 356
 342 
 393
 1,426 
 423 
 441
459 
488
1,811
營業費用
 291 
 97
 100
 107 
 116
 420 
 124 
 128
131 
138
521
營業淨利(損)
 888 
 238
 256
 234 
 277
 1,006 
 298 
 313
328 
350
1,289
營業外收支
 
 
 
 
利息收入
 18 
 3
 7
 4 
 6
 19 
 2 
 2
4 
5
13
財務成本
 29 
 7
 6
 7 
 6
 26 
 6 
 6
8 
8
28
其他利益及損失
 29 
 11
 (74)
 33 
 22
 (8) 
 14 
 2
11
-15
12
其他收支淨額
 14 
 10
 2
 3 
 3
 18 
 3 
 3
3 
5
14
營業外收支淨額合計
 32 
18
-71
32 
24
 3 
13 
1
10 
-13
11
稅前淨利
 920 
25",857530a25cb24b2eb1036434,157,,PENDING,,PENDING,,PENDING,0.50,ORANGE,STAGE_TABLELIKE_EXPANSION_REVIEW,VRN_1D1_REPORTTEXT_TABLELIKE_EXPANSION,C:\Users\tonyk\OneDrive\VeritasIntelligenceAnalytics\module\VRN\output\_route_lock_runs\RUN_20260525_195119_VRN_GO_M01_60PDF_FULL_V120\full_input_60pdf\20260519兆豐個股報告-望隼(4771).pdf,2026-06-15T16:25:25.775714,dcea90d7100e3ef9c26de3bafb2644c53691edc1
33280450a5af073c2547,dc367a89b6fb,4771,,兆豐,2026-05-19,2024Q1,2024,Q1,IS,tax_expense,所得稅費用,206.0,206,%,TWD,,7," 
評等分級：買進（預期未來六個月股價漲輻超過+30%）; 逢低買進（預期未來六個月股價漲輻介於+15%與+30%之間）; 區間操
作（預期未來六個月股價漲跌輻介於-15%與+15%之間）; 逢高賣出（預期未來六個月股價跌輻介於-15%與-30%之間）；賣出（預
期未來六個月股價跌輻超過-30%）。 
本刊所刊載之內容僅做為參考，惟已力求正確與完整，但因時間及市場客觀因素改變所造成產業、市場或個股之相關條件改變，投資人需自行考量
投資之需求與風險，本公司恕不負擔任何法律責任。任何轉載或引用本報告內容必須經本公司同意。 
 
- 7 - 
個股報告 
財務報表 
 
季度損益表 
單位：新台幣百萬元 
 4771望隼 
2024 
25Q1 
25Q2 
25Q3 
25Q4 
2025 
26Q1 
26Q2(F) 26Q3(F) 26Q4(F) 2026(F) 
營業收入淨額
 3,002 
 811
 872
 854 
 951
 3,487 
 1,031 
 1,086 
1,137 
1,199 
4,453
營業成本
 1,823 
 475
 517
 512 
 558
 2,061 
 608
 645
678 
711
2,642
營業毛利淨額
 1,179 
 336
 356
 342 
 393
 1,426 
 423 
 441
459 
488
1,811
營業費用
 291 
 97
 100
 107 
 116
 420 
 124 
 128
131 
138
521
營業淨利(損)
 888 
 238
 256
 234 
 277
 1,006 
 298 
 313
328 
350
1,289
營業外收支
 
 
 
 
利息收入
 18 
 3
 7
 4 
 6
 19 
 2 
 2
4 
5
13
財務成本
 29 
 7
 6
 7 
 6
 26 
 6 
 6
8 
8
28
其他利益及損失
 29 
 11
 (74)
 33 
 22
 (8) 
 14 
 2
11
-15
12
其他收支淨額
 14 
 10
 2
 3 
 3
 18 
 3 
 3
3 
5
14
營業外收支淨額合計
 32 
18
-71
32 
24
 3 
13 
1
10 
-13
11
稅前淨利
 920 
25",857530a25cb24b2eb1036434,158,,PENDING,,PENDING,,PENDING,0.50,ORANGE,STAGE_TABLELIKE_EXPANSION_REVIEW,VRN_1D1_REPORTTEXT_TABLELIKE_EXPANSION,C:\Users\tonyk\OneDrive\VeritasIntelligenceAnalytics\module\VRN\output\_route_lock_runs\RUN_20260525_195119_VRN_GO_M01_60PDF_FULL_V120\full_input_60pdf\20260519兆豐個股報告-望隼(4771).pdf,2026-06-15T16:25:25.775723,2da44527a63c5630d0fd2b255b585ad168732e66
33280450a5af073c2547,dc367a89b6fb,4771,,兆豐,2026-05-19,2024Q1,2024,Q1,IS,tax_expense,所得稅費用,741.0,741,%,TWD,,7," 
評等分級：買進（預期未來六個月股價漲輻超過+30%）; 逢低買進（預期未來六個月股價漲輻介於+15%與+30%之間）; 區間操
作（預期未來六個月股價漲跌輻介於-15%與+15%之間）; 逢高賣出（預期未來六個月股價跌輻介於-15%與-30%之間）；賣出（預
期未來六個月股價跌輻超過-30%）。 
本刊所刊載之內容僅做為參考，惟已力求正確與完整，但因時間及市場客觀因素改變所造成產業、市場或個股之相關條件改變，投資人需自行考量
投資之需求與風險，本公司恕不負擔任何法律責任。任何轉載或引用本報告內容必須經本公司同意。 
 
- 7 - 
個股報告 
財務報表 
 
季度損益表 
單位：新台幣百萬元 
 4771望隼 
2024 
25Q1 
25Q2 
25Q3 
25Q4 
2025 
26Q1 
26Q2(F) 26Q3(F) 26Q4(F) 2026(F) 
營業收入淨額
 3,002 
 811
 872
 854 
 951
 3,487 
 1,031 
 1,086 
1,137 
1,199 
4,453
營業成本
 1,823 
 475
 517
 512 
 558
 2,061 
 608
 645
678 
711
2,642
營業毛利淨額
 1,179 
 336
 356
 342 
 393
 1,426 
 423 
 441
459 
488
1,811
營業費用
 291 
 97
 100
 107 
 116
 420 
 124 
 128
131 
138
521
營業淨利(損)
 888 
 238
 256
 234 
 277
 1,006 
 298 
 313
328 
350
1,289
營業外收支
 
 
 
 
利息收入
 18 
 3
 7
 4 
 6
 19 
 2 
 2
4 
5
13
財務成本
 29 
 7
 6
 7 
 6
 26 
 6 
 6
8 
8
28
其他利益及損失
 29 
 11
 (74)
 33 
 22
 (8) 
 14 
 2
11
-15
12
其他收支淨額
 14 
 10
 2
 3 
 3
 18 
 3 
 3
3 
5
14
營業外收支淨額合計
 32 
18
-71
32 
24
 3 
13 
1
10 
-13
11
稅前淨利
 920 
25",857530a25cb24b2eb1036434,159,,PENDING,,PENDING,,PENDING,0.50,ORANGE,STAGE_TABLELIKE_EXPANSION_REVIEW,VRN_1D1_REPORTTEXT_TABLELIKE_EXPANSION,C:\Users\tonyk\OneDrive\VeritasIntelligenceAnalytics\module\VRN\output\_route_lock_runs\RUN_20260525_195119_VRN_GO_M01_60PDF_FULL_V120\full_input_60pdf\20260519兆豐個股報告-望隼(4771).pdf,2026-06-15T16:25:25.775733,583d088c07526219ad8ee9eef1ed05dc02d318f1
33280450a5af073c2547,dc367a89b6fb,4771,,兆豐,2026-05-19,2024Q1,2024,Q1,IS,tax_expense,所得稅費用,215.0,215,%,TWD,,7," 
評等分級：買進（預期未來六個月股價漲輻超過+30%）; 逢低買進（預期未來六個月股價漲輻介於+15%與+30%之間）; 區間操
作（預期未來六個月股價漲跌輻介於-15%與+15%之間）; 逢高賣出（預期未來六個月股價跌輻介於-15%與-30%之間）；賣出（預
期未來六個月股價跌輻超過-30%）。 
本刊所刊載之內容僅做為參考，惟已力求正確與完整，但因時間及市場客觀因素改變所造成產業、市場或個股之相關條件改變，投資人需自行考量
投資之需求與風險，本公司恕不負擔任何法律責任。任何轉載或引用本報告內容必須經本公司同意。 
 
- 7 - 
個股報告 
財務報表 
 
季度損益表 
單位：新台幣百萬元 
 4771望隼 
2024 
25Q1 
25Q2 
25Q3 
25Q4 
2025 
26Q1 
26Q2(F) 26Q3(F) 26Q4(F) 2026(F) 
營業收入淨額
 3,002 
 811
 872
 854 
 951
 3,487 
 1,031 
 1,086 
1,137 
1,199 
4,453
營業成本
 1,823 
 475
 517
 512 
 558
 2,061 
 608
 645
678 
711
2,642
營業毛利淨額
 1,179 
 336
 356
 342 
 393
 1,426 
 423 
 441
459 
488
1,811
營業費用
 291 
 97
 100
 107 
 116
 420 
 124 
 128
131 
138
521
營業淨利(損)
 888 
 238
 256
 234 
 277
 1,006 
 298 
 313
328 
350
1,289
營業外收支
 
 
 
 
利息收入
 18 
 3
 7
 4 
 6
 19 
 2 
 2
4 
5
13
財務成本
 29 
 7
 6
 7 
 6
 26 
 6 
 6
8 
8
28
其他利益及損失
 29 
 11
 (74)
 33 
 22
 (8) 
 14 
 2
11
-15
12
其他收支淨額
 14 
 10
 2
 3 
 3
 18 
 3 
 3
3 
5
14
營業外收支淨額合計
 32 
18
-71
32 
24
 3 
13 
1
10 
-13
11
稅前淨利
 920 
25",857530a25cb24b2eb1036434,160,,PENDING,,PENDING,,PENDING,0.50,ORANGE,STAGE_TABLELIKE_EXPANSION_REVIEW,VRN_1D1_REPORTTEXT_TABLELIKE_EXPANSION,C:\Users\tonyk\OneDrive\VeritasIntelligenceAnalytics\module\VRN\output\_route_lock_runs\RUN_20260525_195119_VRN_GO_M01_60PDF_FULL_V120\full_input_60pdf\20260519兆豐個股報告-望隼(4771).pdf,2026-06-15T16:25:25.775742,9bcba9cb96c4d451e7e9a7f7484a74454d60d7b4
33280450a5af073c2547,dc367a89b6fb,4771,,兆豐,2026-05-19,2024Q1,2024,Q1,IS,tax_expense,所得稅費用,223.0,223,%,TWD,,7," 
評等分級：買進（預期未來六個月股價漲輻超過+30%）; 逢低買進（預期未來六個月股價漲輻介於+15%與+30%之間）; 區間操
作（預期未來六個月股價漲跌輻介於-15%與+15%之間）; 逢高賣出（預期未來六個月股價跌輻介於-15%與-30%之間）；賣出（預
期未來六個月股價跌輻超過-30%）。 
本刊所刊載之內容僅做為參考，惟已力求正確與完整，但因時間及市場客觀因素改變所造成產業、市場或個股之相關條件改變，投資人需自行考量
投資之需求與風險，本公司恕不負擔任何法律責任。任何轉載或引用本報告內容必須經本公司同意。 
 
- 7 - 
個股報告 
財務報表 
 
季度損益表 
單位：新台幣百萬元 
 4771望隼 
2024 
25Q1 
25Q2 
25Q3 
25Q4 
2025 
26Q1 
26Q2(F) 26Q3(F) 26Q4(F) 2026(F) 
營業收入淨額
 3,002 
 811
 872
 854 
 951
 3,487 
 1,031 
 1,086 
1,137 
1,199 
4,453
營業成本
 1,823 
 475
 517
 512 
 558
 2,061 
 608
 645
678 
711
2,642
營業毛利淨額
 1,179 
 336
 356
 342 
 393
 1,426 
 423 
 441
459 
488
1,811
營業費用
 291 
 97
 100
 107 
 116
 420 
 124 
 128
131 
138
521
營業淨利(損)
 888 
 238
 256
 234 
 277
 1,006 
 298 
 313
328 
350
1,289
營業外收支
 
 
 
 
利息收入
 18 
 3
 7
 4 
 6
 19 
 2 
 2
4 
5
13
財務成本
 29 
 7
 6
 7 
 6
 26 
 6 
 6
8 
8
28
其他利益及損失
 29 
 11
 (74)
 33 
 22
 (8) 
 14 
 2
11
-15
12
其他收支淨額
 14 
 10
 2
 3 
 3
 18 
 3 
 3
3 
5
14
營業外收支淨額合計
 32 
18
-71
32 
24
 3 
13 
1
10 
-13
11
稅前淨利
 920 
25",857530a25cb24b2eb1036434,161,,PENDING,,PENDING,,PENDING,0.50,ORANGE,STAGE_TABLELIKE_EXPANSION_REVIEW,VRN_1D1_REPORTTEXT_TABLELIKE_EXPANSION,C:\Users\tonyk\OneDrive\VeritasIntelligenceAnalytics\module\VRN\output\_route_lock_runs\RUN_20260525_195119_VRN_GO_M01_60PDF_FULL_V120\full_input_60pdf\20260519兆豐個股報告-望隼(4771).pdf,2026-06-15T16:25:25.775752,886ea5a0d0fddf310b078caf332cc0618284ca26
33280450a5af073c2547,dc367a89b6fb,4771,,兆豐,2026-05-19,2024Q1,2024,Q1,IS,tax_expense,所得稅費用,248.0,248,%,TWD,,7," 
評等分級：買進（預期未來六個月股價漲輻超過+30%）; 逢低買進（預期未來六個月股價漲輻介於+15%與+30%之間）; 區間操
作（預期未來六個月股價漲跌輻介於-15%與+15%之間）; 逢高賣出（預期未來六個月股價跌輻介於-15%與-30%之間）；賣出（預
期未來六個月股價跌輻超過-30%）。 
本刊所刊載之內容僅做為參考，惟已力求正確與完整，但因時間及市場客觀因素改變所造成產業、市場或個股之相關條件改變，投資人需自行考量
投資之需求與風險，本公司恕不負擔任何法律責任。任何轉載或引用本報告內容必須經本公司同意。 
 
- 7 - 
個股報告 
財務報表 
 
季度損益表 
單位：新台幣百萬元 
 4771望隼 
2024 
25Q1 
25Q2 
25Q3 
25Q4 
2025 
26Q1 
26Q2(F) 26Q3(F) 26Q4(F) 2026(F) 
營業收入淨額
 3,002 
 811
 872
 854 
 951
 3,487 
 1,031 
 1,086 
1,137 
1,199 
4,453
營業成本
 1,823 
 475
 517
 512 
 558
 2,061 
 608
 645
678 
711
2,642
營業毛利淨額
 1,179 
 336
 356
 342 
 393
 1,426 
 423 
 441
459 
488
1,811
營業費用
 291 
 97
 100
 107 
 116
 420 
 124 
 128
131 
138
521
營業淨利(損)
 888 
 238
 256
 234 
 277
 1,006 
 298 
 313
328 
350
1,289
營業外收支
 
 
 
 
利息收入
 18 
 3
 7
 4 
 6
 19 
 2 
 2
4 
5
13
財務成本
 29 
 7
 6
 7 
 6
 26 
 6 
 6
8 
8
28
其他利益及損失
 29 
 11
 (74)
 33 
 22
 (8) 
 14 
 2
11
-15
12
其他收支淨額
 14 
 10
 2
 3 
 3
 18 
 3 
 3
3 
5
14
營業外收支淨額合計
 32 
18
-71
32 
24
 3 
13 
1
10 
-13
11
稅前淨利
 920 
25",857530a25cb24b2eb1036434,162,,PENDING,,PENDING,,PENDING,0.50,ORANGE,STAGE_TABLELIKE_EXPANSION_REVIEW,VRN_1D1_REPORTTEXT_TABLELIKE_EXPANSION,C:\Users\tonyk\OneDrive\VeritasIntelligenceAnalytics\module\VRN\output\_route_lock_runs\RUN_20260525_195119_VRN_GO_M01_60PDF_FULL_V120\full_input_60pdf\20260519兆豐個股報告-望隼(4771).pdf,2026-06-15T16:25:25.775761,9882975608d8b73895b0eba7a8648b95cc9c9135
33280450a5af073c2547,dc367a89b6fb,4771,,兆豐,2026-05-19,2024Q1,2024,Q1,IS,tax_expense,所得稅費用,248.0,248,%,TWD,,7," 
評等分級：買進（預期未來六個月股價漲輻超過+30%）; 逢低買進（預期未來六個月股價漲輻介於+15%與+30%之間）; 區間操
作（預期未來六個月股價漲跌輻介於-15%與+15%之間）; 逢高賣出（預期未來六個月股價跌輻介於-15%與-30%之間）；賣出（預
期未來六個月股價跌輻超過-30%）。 
本刊所刊載之內容僅做為參考，惟已力求正確與完整，但因時間及市場客觀因素改變所造成產業、市場或個股之相關條件改變，投資人需自行考量
投資之需求與風險，本公司恕不負擔任何法律責任。任何轉載或引用本報告內容必須經本公司同意。 
 
- 7 - 
個股報告 
財務報表 
 
季度損益表 
單位：新台幣百萬元 
 4771望隼 
2024 
25Q1 
25Q2 
25Q3 
25Q4 
2025 
26Q1 
26Q2(F) 26Q3(F) 26Q4(F) 2026(F) 
營業收入淨額
 3,002 
 811
 872
 854 
 951
 3,487 
 1,031 
 1,086 
1,137 
1,199 
4,453
營業成本
 1,823 
 475
 517
 512 
 558
 2,061 
 608
 645
678 
711
2,642
營業毛利淨額
 1,179 
 336
 356
 342 
 393
 1,426 
 423 
 441
459 
488
1,811
營業費用
 291 
 97
 100
 107 
 116
 420 
 124 
 128
131 
138
521
營業淨利(損)
 888 
 238
 256
 234 
 277
 1,006 
 298 
 313
328 
350
1,289
營業外收支
 
 
 
 
利息收入
 18 
 3
 7
 4 
 6
 19 
 2 
 2
4 
5
13
財務成本
 29 
 7
 6
 7 
 6
 26 
 6 
 6
8 
8
28
其他利益及損失
 29 
 11
 (74)
 33 
 22
 (8) 
 14 
 2
11
-15
12
其他收支淨額
 14 
 10
 2
 3 
 3
 18 
 3 
 3
3 
5
14
營業外收支淨額合計
 32 
18
-71
32 
24
 3 
13 
1
10 
-13
11
稅前淨利
 920 
25",857530a25cb24b2eb1036434,163,,PENDING,,PENDING,,PENDING,0.50,ORANGE,STAGE_TABLELIKE_EXPANSION_REVIEW,VRN_1D1_REPORTTEXT_TABLELIKE_EXPANSION,C:\Users\tonyk\OneDrive\VeritasIntelligenceAnalytics\module\VRN\output\_route_lock_runs\RUN_20260525_195119_VRN_GO_M01_60PDF_FULL_V120\full_input_60pdf\20260519兆豐個股報告-望隼(4771).pdf,2026-06-15T16:25:25.775773,57b0bf52fb78667ade621b3a41bbf966edaec937
33280450a5af073c2547,dc367a89b6fb,4771,,兆豐,2026-05-19,2024Q1,2024,Q1,IS,tax_expense,所得稅費用,934.0,934,%,TWD,,7," 
評等分級：買進（預期未來六個月股價漲輻超過+30%）; 逢低買進（預期未來六個月股價漲輻介於+15%與+30%之間）; 區間操
作（預期未來六個月股價漲跌輻介於-15%與+15%之間）; 逢高賣出（預期未來六個月股價跌輻介於-15%與-30%之間）；賣出（預
期未來六個月股價跌輻超過-30%）。 
本刊所刊載之內容僅做為參考，惟已力求正確與完整，但因時間及市場客觀因素改變所造成產業、市場或個股之相關條件改變，投資人需自行考量
投資之需求與風險，本公司恕不負擔任何法律責任。任何轉載或引用本報告內容必須經本公司同意。 
 
- 7 - 
個股報告 
財務報表 
 
季度損益表 
單位：新台幣百萬元 
 4771望隼 
2024 
25Q1 
25Q2 
25Q3 
25Q4 
2025 
26Q1 
26Q2(F) 26Q3(F) 26Q4(F) 2026(F) 
營業收入淨額
 3,002 
 811
 872
 854 
 951
 3,487 
 1,031 
 1,086 
1,137 
1,199 
4,453
營業成本
 1,823 
 475
 517
 512 
 558
 2,061 
 608
 645
678 
711
2,642
營業毛利淨額
 1,179 
 336
 356
 342 
 393
 1,426 
 423 
 441
459 
488
1,811
營業費用
 291 
 97
 100
 107 
 116
 420 
 124 
 128
131 
138
521
營業淨利(損)
 888 
 238
 256
 234 
 277
 1,006 
 298 
 313
328 
350
1,289
營業外收支
 
 
 
 
利息收入
 18 
 3
 7
 4 
 6
 19 
 2 
 2
4 
5
13
財務成本
 29 
 7
 6
 7 
 6
 26 
 6 
 6
8 
8
28
其他利益及損失
 29 
 11
 (74)
 33 
 22
 (8) 
 14 
 2
11
-15
12
其他收支淨額
 14 
 10
 2
 3 
 3
 18 
 3 
 3
3 
5
14
營業外收支淨額合計
 32 
18
-71
32 
24
 3 
13 
1
10 
-13
11
稅前淨利
 920 
25",857530a25cb24b2eb1036434,164,,PENDING,,PENDING,,PENDING,0.50,ORANGE,STAGE_TABLELIKE_EXPANSION_REVIEW,VRN_1D1_REPORTTEXT_TABLELIKE_EXPANSION,C:\Users\tonyk\OneDrive\VeritasIntelligenceAnalytics\module\VRN\output\_route_lock_runs\RUN_20260525_195119_VRN_GO_M01_60PDF_FULL_V120\full_input_60pdf\20260519兆豐個股報告-望隼(4771).pdf,2026-06-15T16:25:25.775783,6390fc235f70db2babdf28737dc7b9119206b56c
33280450a5af073c2547,dc367a89b6fb,4771,,兆豐,2026-05-19,2024Q1,2024,Q1,IS,tax_expense,所得稅費用,579.0,579,%,TWD,,7," 
評等分級：買進（預期未來六個月股價漲輻超過+30%）; 逢低買進（預期未來六個月股價漲輻介於+15%與+30%之間）; 區間操
作（預期未來六個月股價漲跌輻介於-15%與+15%之間）; 逢高賣出（預期未來六個月股價跌輻介於-15%與-30%之間）；賣出（預
期未來六個月股價跌輻超過-30%）。 
本刊所刊載之內容僅做為參考，惟已力求正確與完整，但因時間及市場客觀因素改變所造成產業、市場或個股之相關條件改變，投資人需自行考量
投資之需求與風險，本公司恕不負擔任何法律責任。任何轉載或引用本報告內容必須經本公司同意。 
 
- 7 - 
個股報告 
財務報表 
 
季度損益表 
單位：新台幣百萬元 
 4771望隼 
2024 
25Q1 
25Q2 
25Q3 
25Q4 
2025 
26Q1 
26Q2(F) 26Q3(F) 26Q4(F) 2026(F) 
營業收入淨額
 3,002 
 811
 872
 854 
 951
 3,487 
 1,031 
 1,086 
1,137 
1,199 
4,453
營業成本
 1,823 
 475
 517
 512 
 558
 2,061 
 608
 645
678 
711
2,642
營業毛利淨額
 1,179 
 336
 356
 342 
 393
 1,426 
 423 
 441
459 
488
1,811
營業費用
 291 
 97
 100
 107 
 116
 420 
 124 
 128
131 
138
521
營業淨利(損)
 888 
 238
 256
 234 
 277
 1,006 
 298 
 313
328 
350
1,289
營業外收支
 
 
 
 
利息收入
 18 
 3
 7
 4 
 6
 19 
 2 
 2
4 
5
13
財務成本
 29 
 7
 6
 7 
 6
 26 
 6 
 6
8 
8
28
其他利益及損失
 29 
 11
 (74)
 33 
 22
 (8) 
 14 
 2
11
-15
12
其他收支淨額
 14 
 10
 2
 3 
 3
 18 
 3 
 3
3 
5
14
營業外收支淨額合計
 32 
18
-71
32 
24
 3 
13 
1
10 
-13
11
稅前淨利
 920 
25",857530a25cb24b2eb1036434,165,,PENDING,,PENDING,,PENDING,0.50,ORANGE,STAGE_TABLELIKE_EXPANSION_REVIEW,VRN_1D1_REPORTTEXT_TABLELIKE_EXPANSION,C:\Users\tonyk\OneDrive\VeritasIntelligenceAnalytics\module\VRN\output\_route_lock_runs\RUN_20260525_195119_VRN_GO_M01_60PDF_FULL_V120\full_input_60pdf\20260519兆豐個股報告-望隼(4771).pdf,2026-06-15T16:25:25.775792,09921417427585f0d9000759e63e3d7c392c2977
33280450a5af073c2547,dc367a89b6fb,4771,,兆豐,2026-05-19,2024Q1,2024,Q1,IS,tax_expense,所得稅費用,580.0,580,%,TWD,,7," 
評等分級：買進（預期未來六個月股價漲輻超過+30%）; 逢低買進（預期未來六個月股價漲輻介於+15%與+30%之間）; 區間操
作（預期未來六個月股價漲跌輻介於-15%與+15%之間）; 逢高賣出（預期未來六個月股價跌輻介於-15%與-30%之間）；賣出（預
期未來六個月股價跌輻超過-30%）。 
本刊所刊載之內容僅做為參考，惟已力求正確與完整，但因時間及市場客觀因素改變所造成產業、市場或個股之相關條件改變，投資人需自行考量
投資之需求與風險，本公司恕不負擔任何法律責任。任何轉載或引用本報告內容必須經本公司同意。 
 
- 7 - 
個股報告 
財務報表 
 
季度損益表 
單位：新台幣百萬元 
 4771望隼 
2024 
25Q1 
25Q2 
25Q3 
25Q4 
2025 
26Q1 
26Q2(F) 26Q3(F) 26Q4(F) 2026(F) 
營業收入淨額
 3,002 
 811
 872
 854 
 951
 3,487 
 1,031 
 1,086 
1,137 
1,199 
4,453
營業成本
 1,823 
 475
 517
 512 
 558
 2,061 
 608
 645
678 
711
2,642
營業毛利淨額
 1,179 
 336
 356
 342 
 393
 1,426 
 423 
 441
459 
488
1,811
營業費用
 291 
 97
 100
 107 
 116
 420 
 124 
 128
131 
138
521
營業淨利(損)
 888 
 238
 256
 234 
 277
 1,006 
 298 
 313
328 
350
1,289
營業外收支
 
 
 
 
利息收入
 18 
 3
 7
 4 
 6
 19 
 2 
 2
4 
5
13
財務成本
 29 
 7
 6
 7 
 6
 26 
 6 
 6
8 
8
28
其他利益及損失
 29 
 11
 (74)
 33 
 22
 (8) 
 14 
 2
11
-15
12
其他收支淨額
 14 
 10
 2
 3 
 3
 18 
 3 
 3
3 
5
14
營業外收支淨額合計
 32 
18
-71
32 
24
 3 
13 
1
10 
-13
11
稅前淨利
 920 
25",857530a25cb24b2eb1036434,166,,PENDING,,PENDING,,PENDING,0.50,ORANGE,STAGE_TABLELIKE_EXPANSION_REVIEW,VRN_1D1_REPORTTEXT_TABLELIKE_EXPANSION,C:\Users\tonyk\OneDrive\VeritasIntelligenceAnalytics\module\VRN\output\_route_lock_runs\RUN_20260525_195119_VRN_GO_M01_60PDF_FULL_V120\full_input_60pdf\20260519兆豐個股報告-望隼(4771).pdf,2026-06-15T16:25:25.775801,4c9cc82407e2d3ae92edf1f5bd9e0612e9fedfdf
33280450a5af073c2547,dc367a89b6fb,4771,,兆豐,2026-05-19,2024Q1,2024,Q1,IS,tax_expense,所得稅費用,584.0,584,%,TWD,,7," 
評等分級：買進（預期未來六個月股價漲輻超過+30%）; 逢低買進（預期未來六個月股價漲輻介於+15%與+30%之間）; 區間操
作（預期未來六個月股價漲跌輻介於-15%與+15%之間）; 逢高賣出（預期未來六個月股價跌輻介於-15%與-30%之間）；賣出（預
期未來六個月股價跌輻超過-30%）。 
本刊所刊載之內容僅做為參考，惟已力求正確與完整，但因時間及市場客觀因素改變所造成產業、市場或個股之相關條件改變，投資人需自行考量
投資之需求與風險，本公司恕不負擔任何法律責任。任何轉載或引用本報告內容必須經本公司同意。 
 
- 7 - 
個股報告 
財務報表 
 
季度損益表 
單位：新台幣百萬元 
 4771望隼 
2024 
25Q1 
25Q2 
25Q3 
25Q4 
2025 
26Q1 
26Q2(F) 26Q3(F) 26Q4(F) 2026(F) 
營業收入淨額
 3,002 
 811
 872
 854 
 951
 3,487 
 1,031 
 1,086 
1,137 
1,199 
4,453
營業成本
 1,823 
 475
 517
 512 
 558
 2,061 
 608
 645
678 
711
2,642
營業毛利淨額
 1,179 
 336
 356
 342 
 393
 1,426 
 423 
 441
459 
488
1,811
營業費用
 291 
 97
 100
 107 
 116
 420 
 124 
 128
131 
138
521
營業淨利(損)
 888 
 238
 256
 234 
 277
 1,006 
 298 
 313
328 
350
1,289
營業外收支
 
 
 
 
利息收入
 18 
 3
 7
 4 
 6
 19 
 2 
 2
4 
5
13
財務成本
 29 
 7
 6
 7 
 6
 26 
 6 
 6
8 
8
28
其他利益及損失
 29 
 11
 (74)
 33 
 22
 (8) 
 14 
 2
11
-15
12
其他收支淨額
 14 
 10
 2
 3 
 3
 18 
 3 
 3
3 
5
14
營業外收支淨額合計
 32 
18
-71
32 
24
 3 
13 
1
10 
-13
11
稅前淨利
 920 
25",857530a25cb24b2eb1036434,167,,PENDING,,PENDING,,PENDING,0.50,ORANGE,STAGE_TABLELIKE_EXPANSION_REVIEW,VRN_1D1_REPORTTEXT_TABLELIKE_EXPANSION,C:\Users\tonyk\OneDrive\VeritasIntelligenceAnalytics\module\VRN\output\_route_lock_runs\RUN_20260525_195119_VRN_GO_M01_60PDF_FULL_V120\full_input_60pdf\20260519兆豐個股報告-望隼(4771).pdf,2026-06-15T16:25:25.775811,17b4eee7a222d7a751b2049504ae56aee5b88b8b
33280450a5af073c2547,dc367a89b6fb,4771,,兆豐,2026-05-19,2024Q1,2024,Q1,IS,tax_expense,所得稅費用,585.0,585,%,TWD,,7," 
評等分級：買進（預期未來六個月股價漲輻超過+30%）; 逢低買進（預期未來六個月股價漲輻介於+15%與+30%之間）; 區間操
作（預期未來六個月股價漲跌輻介於-15%與+15%之間）; 逢高賣出（預期未來六個月股價跌輻介於-15%與-30%之間）；賣出（預
期未來六個月股價跌輻超過-30%）。 
本刊所刊載之內容僅做為參考，惟已力求正確與完整，但因時間及市場客觀因素改變所造成產業、市場或個股之相關條件改變，投資人需自行考量
投資之需求與風險，本公司恕不負擔任何法律責任。任何轉載或引用本報告內容必須經本公司同意。 
 
- 7 - 
個股報告 
財務報表 
 
季度損益表 
單位：新台幣百萬元 
 4771望隼 
2024 
25Q1 
25Q2 
25Q3 
25Q4 
2025 
26Q1 
26Q2(F) 26Q3(F) 26Q4(F) 2026(F) 
營業收入淨額
 3,002 
 811
 872
 854 
 951
 3,487 
 1,031 
 1,086 
1,137 
1,199 
4,453
營業成本
 1,823 
 475
 517
 512 
 558
 2,061 
 608
 645
678 
711
2,642
營業毛利淨額
 1,179 
 336
 356
 342 
 393
 1,426 
 423 
 441
459 
488
1,811
營業費用
 291 
 97
 100
 107 
 116
 420 
 124 
 128
131 
138
521
營業淨利(損)
 888 
 238
 256
 234 
 277
 1,006 
 298 
 313
328 
350
1,289
營業外收支
 
 
 
 
利息收入
 18 
 3
 7
 4 
 6
 19 
 2 
 2
4 
5
13
財務成本
 29 
 7
 6
 7 
 6
 26 
 6 
 6
8 
8
28
其他利益及損失
 29 
 11
 (74)
 33 
 22
 (8) 
 14 
 2
11
-15
12
其他收支淨額
 14 
 10
 2
 3 
 3
 18 
 3 
 3
3 
5
14
營業外收支淨額合計
 32 
18
-71
32 
24
 3 
13 
1
10 
-13
11
稅前淨利
 920 
25",857530a25cb24b2eb1036434,168,,PENDING,,PENDING,,PENDING,0.50,ORANGE,STAGE_TABLELIKE_EXPANSION_REVIEW,VRN_1D1_REPORTTEXT_TABLELIKE_EXPANSION,C:\Users\tonyk\OneDrive\VeritasIntelligenceAnalytics\module\VRN\output\_route_lock_runs\RUN_20260525_195119_VRN_GO_M01_60PDF_FULL_V120\full_input_60pdf\20260519兆豐個股報告-望隼(4771).pdf,2026-06-15T16:25:25.775820,531670cc911dc9f9bb646853fd9334b25652e490
33280450a5af073c2547,dc367a89b6fb,4771,,兆豐,2026-05-19,2024Q1,2024,Q1,IS,tax_expense,所得稅費用,585.0,585,%,TWD,,7," 
評等分級：買進（預期未來六個月股價漲輻超過+30%）; 逢低買進（預期未來六個月股價漲輻介於+15%與+30%之間）; 區間操
作（預期未來六個月股價漲跌輻介於-15%與+15%之間）; 逢高賣出（預期未來六個月股價跌輻介於-15%與-30%之間）；賣出（預
期未來六個月股價跌輻超過-30%）。 
本刊所刊載之內容僅做為參考，惟已力求正確與完整，但因時間及市場客觀因素改變所造成產業、市場或個股之相關條件改變，投資人需自行考量
投資之需求與風險，本公司恕不負擔任何法律責任。任何轉載或引用本報告內容必須經本公司同意。 
 
- 7 - 
個股報告 
財務報表 
 
季度損益表 
單位：新台幣百萬元 
 4771望隼 
2024 
25Q1 
25Q2 
25Q3 
25Q4 
2025 
26Q1 
26Q2(F) 26Q3(F) 26Q4(F) 2026(F) 
營業收入淨額
 3,002 
 811
 872
 854 
 951
 3,487 
 1,031 
 1,086 
1,137 
1,199 
4,453
營業成本
 1,823 
 475
 517
 512 
 558
 2,061 
 608
 645
678 
711
2,642
營業毛利淨額
 1,179 
 336
 356
 342 
 393
 1,426 
 423 
 441
459 
488
1,811
營業費用
 291 
 97
 100
 107 
 116
 420 
 124 
 128
131 
138
521
營業淨利(損)
 888 
 238
 256
 234 
 277
 1,006 
 298 
 313
328 
350
1,289
營業外收支
 
 
 
 
利息收入
 18 
 3
 7
 4 
 6
 19 
 2 
 2
4 
5
13
財務成本
 29 
 7
 6
 7 
 6
 26 
 6 
 6
8 
8
28
其他利益及損失
 29 
 11
 (74)
 33 
 22
 (8) 
 14 
 2
11
-15
12
其他收支淨額
 14 
 10
 2
 3 
 3
 18 
 3 
 3
3 
5
14
營業外收支淨額合計
 32 
18
-71
32 
24
 3 
13 
1
10 
-13
11
稅前淨利
 920 
25",857530a25cb24b2eb1036434,169,,PENDING,,PENDING,,PENDING,0.50,ORANGE,STAGE_TABLELIKE_EXPANSION_REVIEW,VRN_1D1_REPORTTEXT_TABLELIKE_EXPANSION,C:\Users\tonyk\OneDrive\VeritasIntelligenceAnalytics\module\VRN\output\_route_lock_runs\RUN_20260525_195119_VRN_GO_M01_60PDF_FULL_V120\full_input_60pdf\20260519兆豐個股報告-望隼(4771).pdf,2026-06-15T16:25:25.775830,d7fca5af2fb863be2bb47fc4d2506eeebc187ce3
33280450a5af073c2547,dc367a89b6fb,4771,,兆豐,2026-05-19,2024Q1,2024,Q1,IS,tax_expense,所得稅費用,585.0,585,%,TWD,,7," 
評等分級：買進（預期未來六個月股價漲輻超過+30%）; 逢低買進（預期未來六個月股價漲輻介於+15%與+30%之間）; 區間操
作（預期未來六個月股價漲跌輻介於-15%與+15%之間）; 逢高賣出（預期未來六個月股價跌輻介於-15%與-30%之間）；賣出（預
期未來六個月股價跌輻超過-30%）。 
本刊所刊載之內容僅做為參考，惟已力求正確與完整，但因時間及市場客觀因素改變所造成產業、市場或個股之相關條件改變，投資人需自行考量
投資之需求與風險，本公司恕不負擔任何法律責任。任何轉載或引用本報告內容必須經本公司同意。 
 
- 7 - 
個股報告 
財務報表 
 
季度損益表 
單位：新台幣百萬元 
 4771望隼 
2024 
25Q1 
25Q2 
25Q3 
25Q4 
2025 
26Q1 
26Q2(F) 26Q3(F) 26Q4(F) 2026(F) 
營業收入淨額
 3,002 
 811
 872
 854 
 951
 3,487 
 1,031 
 1,086 
1,137 
1,199 
4,453
營業成本
 1,823 
 475
 517
 512 
 558
 2,061 
 608
 645
678 
711
2,642
營業毛利淨額
 1,179 
 336
 356
 342 
 393
 1,426 
 423 
 441
459 
488
1,811
營業費用
 291 
 97
 100
 107 
 116
 420 
 124 
 128
131 
138
521
營業淨利(損)
 888 
 238
 256
 234 
 277
 1,006 
 298 
 313
328 
350
1,289
營業外收支
 
 
 
 
利息收入
 18 
 3
 7
 4 
 6
 19 
 2 
 2
4 
5
13
財務成本
 29 
 7
 6
 7 
 6
 26 
 6 
 6
8 
8
28
其他利益及損失
 29 
 11
 (74)
 33 
 22
 (8) 
 14 
 2
11
-15
12
其他收支淨額
 14 
 10
 2
 3 
 3
 18 
 3 
 3
3 
5
14
營業外收支淨額合計
 32 
18
-71
32 
24
 3 
13 
1
10 
-13
11
稅前淨利
 920 
25",857530a25cb24b2eb1036434,170,,PENDING,,PENDING,,PENDING,0.50,ORANGE,STAGE_TABLELIKE_EXPANSION_REVIEW,VRN_1D1_REPORTTEXT_TABLELIKE_EXPANSION,C:\Users\tonyk\OneDrive\VeritasIntelligenceAnalytics\module\VRN\output\_route_lock_runs\RUN_20260525_195119_VRN_GO_M01_60PDF_FULL_V120\full_input_60pdf\20260519兆豐個股報告-望隼(4771).pdf,2026-06-15T16:25:25.775841,ea71217757cbedbcfcd699f04f10c413d5465b41
33280450a5af073c2547,dc367a89b6fb,4771,,兆豐,2026-05-19,2024Q1,2024,Q1,IS,tax_expense,所得稅費用,587.0,587,%,TWD,,7," 
評等分級：買進（預期未來六個月股價漲輻超過+30%）; 逢低買進（預期未來六個月股價漲輻介於+15%與+30%之間）; 區間操
作（預期未來六個月股價漲跌輻介於-15%與+15%之間）; 逢高賣出（預期未來六個月股價跌輻介於-15%與-30%之間）；賣出（預
期未來六個月股價跌輻超過-30%）。 
本刊所刊載之內容僅做為參考，惟已力求正確與完整，但因時間及市場客觀因素改變所造成產業、市場或個股之相關條件改變，投資人需自行考量
投資之需求與風險，本公司恕不負擔任何法律責任。任何轉載或引用本報告內容必須經本公司同意。 
 
- 7 - 
個股報告 
財務報表 
 
季度損益表 
單位：新台幣百萬元 
 4771望隼 
2024 
25Q1 
25Q2 
25Q3 
25Q4 
2025 
26Q1 
26Q2(F) 26Q3(F) 26Q4(F) 2026(F) 
營業收入淨額
 3,002 
 811
 872
 854 
 951
 3,487 
 1,031 
 1,086 
1,137 
1,199 
4,453
營業成本
 1,823 
 475
 517
 512 
 558
 2,061 
 608
 645
678 
711
2,642
營業毛利淨額
 1,179 
 336
 356
 342 
 393
 1,426 
 423 
 441
459 
488
1,811
營業費用
 291 
 97
 100
 107 
 116
 420 
 124 
 128
131 
138
521
營業淨利(損)
 888 
 238
 256
 234 
 277
 1,006 
 298 
 313
328 
350
1,289
營業外收支
 
 
 
 
利息收入
 18 
 3
 7
 4 
 6
 19 
 2 
 2
4 
5
13
財務成本
 29 
 7
 6
 7 
 6
 26 
 6 
 6
8 
8
28
其他利益及損失
 29 
 11
 (74)
 33 
 22
 (8) 
 14 
 2
11
-15
12
其他收支淨額
 14 
 10
 2
 3 
 3
 18 
 3 
 3
3 
5
14
營業外收支淨額合計
 32 
18
-71
32 
24
 3 
13 
1
10 
-13
11
稅前淨利
 920 
25",857530a25cb24b2eb1036434,171,,PENDING,,PENDING,,PENDING,0.50,ORANGE,STAGE_TABLELIKE_EXPANSION_REVIEW,VRN_1D1_REPORTTEXT_TABLELIKE_EXPANSION,C:\Users\tonyk\OneDrive\VeritasIntelligenceAnalytics\module\VRN\output\_route_lock_runs\RUN_20260525_195119_VRN_GO_M01_60PDF_FULL_V120\full_input_60pdf\20260519兆豐個股報告-望隼(4771).pdf,2026-06-15T16:25:25.775851,96eefb998b3079f9aeefc7b441f1572a8c1cd421
33280450a5af073c2547,dc367a89b6fb,4771,,兆豐,2026-05-19,2024Q1,2024,Q1,IS,tax_expense,所得稅費用,587.0,587,%,TWD,,7," 
評等分級：買進（預期未來六個月股價漲輻超過+30%）; 逢低買進（預期未來六個月股價漲輻介於+15%與+30%之間）; 區間操
作（預期未來六個月股價漲跌輻介於-15%與+15%之間）; 逢高賣出（預期未來六個月股價跌輻介於-15%與-30%之間）；賣出（預
期未來六個月股價跌輻超過-30%）。 
本刊所刊載之內容僅做為參考，惟已力求正確與完整，但因時間及市場客觀因素改變所造成產業、市場或個股之相關條件改變，投資人需自行考量
投資之需求與風險，本公司恕不負擔任何法律責任。任何轉載或引用本報告內容必須經本公司同意。 
 
- 7 - 
個股報告 
財務報表 
 
季度損益表 
單位：新台幣百萬元 
 4771望隼 
2024 
25Q1 
25Q2 
25Q3 
25Q4 
2025 
26Q1 
26Q2(F) 26Q3(F) 26Q4(F) 2026(F) 
營業收入淨額
 3,002 
 811
 872
 854 
 951
 3,487 
 1,031 
 1,086 
1,137 
1,199 
4,453
營業成本
 1,823 
 475
 517
 512 
 558
 2,061 
 608
 645
678 
711
2,642
營業毛利淨額
 1,179 
 336
 356
 342 
 393
 1,426 
 423 
 441
459 
488
1,811
營業費用
 291 
 97
 100
 107 
 116
 420 
 124 
 128
131 
138
521
營業淨利(損)
 888 
 238
 256
 234 
 277
 1,006 
 298 
 313
328 
350
1,289
營業外收支
 
 
 
 
利息收入
 18 
 3
 7
 4 
 6
 19 
 2 
 2
4 
5
13
財務成本
 29 
 7
 6
 7 
 6
 26 
 6 
 6
8 
8
28
其他利益及損失
 29 
 11
 (74)
 33 
 22
 (8) 
 14 
 2
11
-15
12
其他收支淨額
 14 
 10
 2
 3 
 3
 18 
 3 
 3
3 
5
14
營業外收支淨額合計
 32 
18
-71
32 
24
 3 
13 
1
10 
-13
11
稅前淨利
 920 
25",857530a25cb24b2eb1036434,172,,PENDING,,PENDING,,PENDING,0.50,ORANGE,STAGE_TABLELIKE_EXPANSION_REVIEW,VRN_1D1_REPORTTEXT_TABLELIKE_EXPANSION,C:\Users\tonyk\OneDrive\VeritasIntelligenceAnalytics\module\VRN\output\_route_lock_runs\RUN_20260525_195119_VRN_GO_M01_60PDF_FULL_V120\full_input_60pdf\20260519兆豐個股報告-望隼(4771).pdf,2026-06-15T16:25:25.775860,34bee1bb7add82c9019d0dce4344d222f46b4476
33280450a5af073c2547,dc367a89b6fb,4771,,兆豐,2026-05-19,2024Q1,2024,Q1,IS,tax_expense,所得稅費用,587.0,587,%,TWD,,7," 
評等分級：買進（預期未來六個月股價漲輻超過+30%）; 逢低買進（預期未來六個月股價漲輻介於+15%與+30%之間）; 區間操
作（預期未來六個月股價漲跌輻介於-15%與+15%之間）; 逢高賣出（預期未來六個月股價跌輻介於-15%與-30%之間）；賣出（預
期未來六個月股價跌輻超過-30%）。 
本刊所刊載之內容僅做為參考，惟已力求正確與完整，但因時間及市場客觀因素改變所造成產業、市場或個股之相關條件改變，投資人需自行考量
投資之需求與風險，本公司恕不負擔任何法律責任。任何轉載或引用本報告內容必須經本公司同意。 
 
- 7 - 
個股報告 
財務報表 
 
季度損益表 
單位：新台幣百萬元 
 4771望隼 
2024 
25Q1 
25Q2 
25Q3 
25Q4 
2025 
26Q1 
26Q2(F) 26Q3(F) 26Q4(F) 2026(F) 
營業收入淨額
 3,002 
 811
 872
 854 
 951
 3,487 
 1,031 
 1,086 
1,137 
1,199 
4,453
營業成本
 1,823 
 475
 517
 512 
 558
 2,061 
 608
 645
678 
711
2,642
營業毛利淨額
 1,179 
 336
 356
 342 
 393
 1,426 
 423 
 441
459 
488
1,811
營業費用
 291 
 97
 100
 107 
 116
 420 
 124 
 128
131 
138
521
營業淨利(損)
 888 
 238
 256
 234 
 277
 1,006 
 298 
 313
328 
350
1,289
營業外收支
 
 
 
 
利息收入
 18 
 3
 7
 4 
 6
 19 
 2 
 2
4 
5
13
財務成本
 29 
 7
 6
 7 
 6
 26 
 6 
 6
8 
8
28
其他利益及損失
 29 
 11
 (74)
 33 
 22
 (8) 
 14 
 2
11
-15
12
其他收支淨額
 14 
 10
 2
 3 
 3
 18 
 3 
 3
3 
5
14
營業外收支淨額合計
 32 
18
-71
32 
24
 3 
13 
1
10 
-13
11
稅前淨利
 920 
25",857530a25cb24b2eb1036434,173,,PENDING,,PENDING,,PENDING,0.50,ORANGE,STAGE_TABLELIKE_EXPANSION_REVIEW,VRN_1D1_REPORTTEXT_TABLELIKE_EXPANSION,C:\Users\tonyk\OneDrive\VeritasIntelligenceAnalytics\module\VRN\output\_route_lock_runs\RUN_20260525_195119_VRN_GO_M01_60PDF_FULL_V120\full_input_60pdf\20260519兆豐個股報告-望隼(4771).pdf,2026-06-15T16:25:25.775870,95d605fd296d0732ea23d60928ab5366bc99d7b2
33280450a5af073c2547,dc367a89b6fb,4771,,兆豐,2026-05-19,2024Q1,2024,Q1,IS,tax_expense,所得稅費用,587.0,587,%,TWD,,7," 
評等分級：買進（預期未來六個月股價漲輻超過+30%）; 逢低買進（預期未來六個月股價漲輻介於+15%與+30%之間）; 區間操
作（預期未來六個月股價漲跌輻介於-15%與+15%之間）; 逢高賣出（預期未來六個月股價跌輻介於-15%與-30%之間）；賣出（預
期未來六個月股價跌輻超過-30%）。 
本刊所刊載之內容僅做為參考，惟已力求正確與完整，但因時間及市場客觀因素改變所造成產業、市場或個股之相關條件改變，投資人需自行考量
投資之需求與風險，本公司恕不負擔任何法律責任。任何轉載或引用本報告內容必須經本公司同意。 
 
- 7 - 
個股報告 
財務報表 
 
季度損益表 
單位：新台幣百萬元 
 4771望隼 
2024 
25Q1 
25Q2 
25Q3 
25Q4 
2025 
26Q1 
26Q2(F) 26Q3(F) 26Q4(F) 2026(F) 
營業收入淨額
 3,002 
 811
 872
 854 
 951
 3,487 
 1,031 
 1,086 
1,137 
1,199 
4,453
營業成本
 1,823 
 475
 517
 512 
 558
 2,061 
 608
 645
678 
711
2,642
營業毛利淨額
 1,179 
 336
 356
 342 
 393
 1,426 
 423 
 441
459 
488
1,811
營業費用
 291 
 97
 100
 107 
 116
 420 
 124 
 128
131 
138
521
營業淨利(損)
 888 
 238
 256
 234 
 277
 1,006 
 298 
 313
328 
350
1,289
營業外收支
 
 
 
 
利息收入
 18 
 3
 7
 4 
 6
 19 
 2 
 2
4 
5
13
財務成本
 29 
 7
 6
 7 
 6
 26 
 6 
 6
8 
8
28
其他利益及損失
 29 
 11
 (74)
 33 
 22
 (8) 
 14 
 2
11
-15
12
其他收支淨額
 14 
 10
 2
 3 
 3
 18 
 3 
 3
3 
5
14
營業外收支淨額合計
 32 
18
-71
32 
24
 3 
13 
1
10 
-13
11
稅前淨利
 920 
25",857530a25cb24b2eb1036434,174,,PENDING,,PENDING,,PENDING,0.50,ORANGE,STAGE_TABLELIKE_EXPANSION_REVIEW,VRN_1D1_REPORTTEXT_TABLELIKE_EXPANSION,C:\Users\tonyk\OneDrive\VeritasIntelligenceAnalytics\module\VRN\output\_route_lock_runs\RUN_20260525_195119_VRN_GO_M01_60PDF_FULL_V120\full_input_60pdf\20260519兆豐個股報告-望隼(4771).pdf,2026-06-15T16:25:25.775879,e736cc5f9cbe8aa60f0ce48116747138b15b3ff1
33280450a5af073c2547,dc367a89b6fb,4771,,兆豐,2026-05-19,2024Q1,2024,Q1,IS,tax_expense,所得稅費用,587.0,587,%,TWD,,7," 
評等分級：買進（預期未來六個月股價漲輻超過+30%）; 逢低買進（預期未來六個月股價漲輻介於+15%與+30%之間）; 區間操
作（預期未來六個月股價漲跌輻介於-15%與+15%之間）; 逢高賣出（預期未來六個月股價跌輻介於-15%與-30%之間）；賣出（預
期未來六個月股價跌輻超過-30%）。 
本刊所刊載之內容僅做為參考，惟已力求正確與完整，但因時間及市場客觀因素改變所造成產業、市場或個股之相關條件改變，投資人需自行考量
投資之需求與風險，本公司恕不負擔任何法律責任。任何轉載或引用本報告內容必須經本公司同意。 
 
- 7 - 
個股報告 
財務報表 
 
季度損益表 
單位：新台幣百萬元 
 4771望隼 
2024 
25Q1 
25Q2 
25Q3 
25Q4 
2025 
26Q1 
26Q2(F) 26Q3(F) 26Q4(F) 2026(F) 
營業收入淨額
 3,002 
 811
 872
 854 
 951
 3,487 
 1,031 
 1,086 
1,137 
1,199 
4,453
營業成本
 1,823 
 475
 517
 512 
 558
 2,061 
 608
 645
678 
711
2,642
營業毛利淨額
 1,179 
 336
 356
 342 
 393
 1,426 
 423 
 441
459 
488
1,811
營業費用
 291 
 97
 100
 107 
 116
 420 
 124 
 128
131 
138
521
營業淨利(損)
 888 
 238
 256
 234 
 277
 1,006 
 298 
 313
328 
350
1,289
營業外收支
 
 
 
 
利息收入
 18 
 3
 7
 4 
 6
 19 
 2 
 2
4 
5
13
財務成本
 29 
 7
 6
 7 
 6
 26 
 6 
 6
8 
8
28
其他利益及損失
 29 
 11
 (74)
 33 
 22
 (8) 
 14 
 2
11
-15
12
其他收支淨額
 14 
 10
 2
 3 
 3
 18 
 3 
 3
3 
5
14
營業外收支淨額合計
 32 
18
-71
32 
24
 3 
13 
1
10 
-13
11
稅前淨利
 920 
25",857530a25cb24b2eb1036434,175,,PENDING,,PENDING,,PENDING,0.50,ORANGE,STAGE_TABLELIKE_EXPANSION_REVIEW,VRN_1D1_REPORTTEXT_TABLELIKE_EXPANSION,C:\Users\tonyk\OneDrive\VeritasIntelligenceAnalytics\module\VRN\output\_route_lock_runs\RUN_20260525_195119_VRN_GO_M01_60PDF_FULL_V120\full_input_60pdf\20260519兆豐個股報告-望隼(4771).pdf,2026-06-15T16:25:25.775889,3b598fa0230d3780161508dec3a132aa1249636e
33280450a5af073c2547,dc367a89b6fb,4771,,兆豐,2026-05-19,2024Q1,2024,Q1,IS,tax_expense,所得稅費用,11.81,11.81,%,TWD,,7," 
評等分級：買進（預期未來六個月股價漲輻超過+30%）; 逢低買進（預期未來六個月股價漲輻介於+15%與+30%之間）; 區間操
作（預期未來六個月股價漲跌輻介於-15%與+15%之間）; 逢高賣出（預期未來六個月股價跌輻介於-15%與-30%之間）；賣出（預
期未來六個月股價跌輻超過-30%）。 
本刊所刊載之內容僅做為參考，惟已力求正確與完整，但因時間及市場客觀因素改變所造成產業、市場或個股之相關條件改變，投資人需自行考量
投資之需求與風險，本公司恕不負擔任何法律責任。任何轉載或引用本報告內容必須經本公司同意。 
 
- 7 - 
個股報告 
財務報表 
 
季度損益表 
單位：新台幣百萬元 
 4771望隼 
2024 
25Q1 
25Q2 
25Q3 
25Q4 
2025 
26Q1 
26Q2(F) 26Q3(F) 26Q4(F) 2026(F) 
營業收入淨額
 3,002 
 811
 872
 854 
 951
 3,487 
 1,031 
 1,086 
1,137 
1,199 
4,453
營業成本
 1,823 
 475
 517
 512 
 558
 2,061 
 608
 645
678 
711
2,642
營業毛利淨額
 1,179 
 336
 356
 342 
 393
 1,426 
 423 
 441
459 
488
1,811
營業費用
 291 
 97
 100
 107 
 116
 420 
 124 
 128
131 
138
521
營業淨利(損)
 888 
 238
 256
 234 
 277
 1,006 
 298 
 313
328 
350
1,289
營業外收支
 
 
 
 
利息收入
 18 
 3
 7
 4 
 6
 19 
 2 
 2
4 
5
13
財務成本
 29 
 7
 6
 7 
 6
 26 
 6 
 6
8 
8
28
其他利益及損失
 29 
 11
 (74)
 33 
 22
 (8) 
 14 
 2
11
-15
12
其他收支淨額
 14 
 10
 2
 3 
 3
 18 
 3 
 3
3 
5
14
營業外收支淨額合計
 32 
18
-71
32 
24
 3 
13 
1
10 
-13
11
稅前淨利
 920 
25",857530a25cb24b2eb1036434,176,,PENDING,,PENDING,,PENDING,0.50,ORANGE,STAGE_TABLELIKE_EXPANSION_REVIEW,VRN_1D1_REPORTTEXT_TABLELIKE_EXPANSION,C:\Users\tonyk\OneDrive\VeritasIntelligenceAnalytics\module\VRN\output\_route_lock_runs\RUN_20260525_195119_VRN_GO_M01_60PDF_FULL_V120\full_input_60pdf\20260519兆豐個股報告-望隼(4771).pdf,2026-06-15T16:25:25.775898,da1e93bcbecf71815c04159d33e021cf281d29d9
33280450a5af073c2547,dc367a89b6fb,4771,,兆豐,2026-05-19,2024Q1,2024,Q1,IS,tax_expense,所得稅費用,3.32,3.32,%,TWD,,7," 
評等分級：買進（預期未來六個月股價漲輻超過+30%）; 逢低買進（預期未來六個月股價漲輻介於+15%與+30%之間）; 區間操
作（預期未來六個月股價漲跌輻介於-15%與+15%之間）; 逢高賣出（預期未來六個月股價跌輻介於-15%與-30%之間）；賣出（預
期未來六個月股價跌輻超過-30%）。 
本刊所刊載之內容僅做為參考，惟已力求正確與完整，但因時間及市場客觀因素改變所造成產業、市場或個股之相關條件改變，投資人需自行考量
投資之需求與風險，本公司恕不負擔任何法律責任。任何轉載或引用本報告內容必須經本公司同意。 
 
- 7 - 
個股報告 
財務報表 
 
季度損益表 
單位：新台幣百萬元 
 4771望隼 
2024 
25Q1 
25Q2 
25Q3 
25Q4 
2025 
26Q1 
26Q2(F) 26Q3(F) 26Q4(F) 2026(F) 
營業收入淨額
 3,002 
 811
 872
 854 
 951
 3,487 
 1,031 
 1,086 
1,137 
1,199 
4,453
營業成本
 1,823 
 475
 517
 512 
 558
 2,061 
 608
 645
678 
711
2,642
營業毛利淨額
 1,179 
 336
 356
 342 
 393
 1,426 
 423 
 441
459 
488
1,811
營業費用
 291 
 97
 100
 107 
 116
 420 
 124 
 128
131 
138
521
營業淨利(損)
 888 
 238
 256
 234 
 277
 1,006 
 298 
 313
328 
350
1,289
營業外收支
 
 
 
 
利息收入
 18 
 3
 7
 4 
 6
 19 
 2 
 2
4 
5
13
財務成本
 29 
 7
 6
 7 
 6
 26 
 6 
 6
8 
8
28
其他利益及損失
 29 
 11
 (74)
 33 
 22
 (8) 
 14 
 2
11
-15
12
其他收支淨額
 14 
 10
 2
 3 
 3
 18 
 3 
 3
3 
5
14
營業外收支淨額合計
 32 
18
-71
32 
24
 3 
13 
1
10 
-13
11
稅前淨利
 920 
25",857530a25cb24b2eb1036434,177,,PENDING,,PENDING,,PENDING,0.50,ORANGE,STAGE_TABLELIKE_EXPANSION_REVIEW,VRN_1D1_REPORTTEXT_TABLELIKE_EXPANSION,C:\Users\tonyk\OneDrive\VeritasIntelligenceAnalytics\module\VRN\output\_route_lock_runs\RUN_20260525_195119_VRN_GO_M01_60PDF_FULL_V120\full_input_60pdf\20260519兆豐個股報告-望隼(4771).pdf,2026-06-15T16:25:25.775908,4e563d65c44d6a2acc0e1c0595bdda4625e4a8aa
33280450a5af073c2547,dc367a89b6fb,4771,,兆豐,2026-05-19,2024Q1,2024,Q1,IS,tax_expense,所得稅費用,2.58,2.58,%,TWD,,7," 
評等分級：買進（預期未來六個月股價漲輻超過+30%）; 逢低買進（預期未來六個月股價漲輻介於+15%與+30%之間）; 區間操
作（預期未來六個月股價漲跌輻介於-15%與+15%之間）; 逢高賣出（預期未來六個月股價跌輻介於-15%與-30%之間）；賣出（預
期未來六個月股價跌輻超過-30%）。 
本刊所刊載之內容僅做為參考，惟已力求正確與完整，但因時間及市場客觀因素改變所造成產業、市場或個股之相關條件改變，投資人需自行考量
投資之需求與風險，本公司恕不負擔任何法律責任。任何轉載或引用本報告內容必須經本公司同意。 
 
- 7 - 
個股報告 
財務報表 
 
季度損益表 
單位：新台幣百萬元 
 4771望隼 
2024 
25Q1 
25Q2 
25Q3 
25Q4 
2025 
26Q1 
26Q2(F) 26Q3(F) 26Q4(F) 2026(F) 
營業收入淨額
 3,002 
 811
 872
 854 
 951
 3,487 
 1,031 
 1,086 
1,137 
1,199 
4,453
營業成本
 1,823 
 475
 517
 512 
 558
 2,061 
 608
 645
678 
711
2,642
營業毛利淨額
 1,179 
 336
 356
 342 
 393
 1,426 
 423 
 441
459 
488
1,811
營業費用
 291 
 97
 100
 107 
 116
 420 
 124 
 128
131 
138
521
營業淨利(損)
 888 
 238
 256
 234 
 277
 1,006 
 298 
 313
328 
350
1,289
營業外收支
 
 
 
 
利息收入
 18 
 3
 7
 4 
 6
 19 
 2 
 2
4 
5
13
財務成本
 29 
 7
 6
 7 
 6
 26 
 6 
 6
8 
8
28
其他利益及損失
 29 
 11
 (74)
 33 
 22
 (8) 
 14 
 2
11
-15
12
其他收支淨額
 14 
 10
 2
 3 
 3
 18 
 3 
 3
3 
5
14
營業外收支淨額合計
 32 
18
-71
32 
24
 3 
13 
1
10 
-13
11
稅前淨利
 920 
25",857530a25cb24b2eb1036434,178,,PENDING,,PENDING,,PENDING,0.50,ORANGE,STAGE_TABLELIKE_EXPANSION_REVIEW,VRN_1D1_REPORTTEXT_TABLELIKE_EXPANSION,C:\Users\tonyk\OneDrive\VeritasIntelligenceAnalytics\module\VRN\output\_route_lock_runs\RUN_20260525_195119_VRN_GO_M01_60PDF_FULL_V120\full_input_60pdf\20260519兆豐個股報告-望隼(4771).pdf,2026-06-15T16:25:25.775917,e24bb98dc1d923833cae8bb9609e19de129038df
33280450a5af073c2547,dc367a89b6fb,4771,,兆豐,2026-05-19,2024Q1,2024,Q1,IS,tax_expense,所得稅費用,3.3,3.30,%,TWD,,7," 
評等分級：買進（預期未來六個月股價漲輻超過+30%）; 逢低買進（預期未來六個月股價漲輻介於+15%與+30%之間）; 區間操
作（預期未來六個月股價漲跌輻介於-15%與+15%之間）; 逢高賣出（預期未來六個月股價跌輻介於-15%與-30%之間）；賣出（預
期未來六個月股價跌輻超過-30%）。 
本刊所刊載之內容僅做為參考，惟已力求正確與完整，但因時間及市場客觀因素改變所造成產業、市場或個股之相關條件改變，投資人需自行考量
投資之需求與風險，本公司恕不負擔任何法律責任。任何轉載或引用本報告內容必須經本公司同意。 
 
- 7 - 
個股報告 
財務報表 
 
季度損益表 
單位：新台幣百萬元 
 4771望隼 
2024 
25Q1 
25Q2 
25Q3 
25Q4 
2025 
26Q1 
26Q2(F) 26Q3(F) 26Q4(F) 2026(F) 
營業收入淨額
 3,002 
 811
 872
 854 
 951
 3,487 
 1,031 
 1,086 
1,137 
1,199 
4,453
營業成本
 1,823 
 475
 517
 512 
 558
 2,061 
 608
 645
678 
711
2,642
營業毛利淨額
 1,179 
 336
 356
 342 
 393
 1,426 
 423 
 441
459 
488
1,811
營業費用
 291 
 97
 100
 107 
 116
 420 
 124 
 128
131 
138
521
營業淨利(損)
 888 
 238
 256
 234 
 277
 1,006 
 298 
 313
328 
350
1,289
營業外收支
 
 
 
 
利息收入
 18 
 3
 7
 4 
 6
 19 
 2 
 2
4 
5
13
財務成本
 29 
 7
 6
 7 
 6
 26 
 6 
 6
8 
8
28
其他利益及損失
 29 
 11
 (74)
 33 
 22
 (8) 
 14 
 2
11
-15
12
其他收支淨額
 14 
 10
 2
 3 
 3
 18 
 3 
 3
3 
5
14
營業外收支淨額合計
 32 
18
-71
32 
24
 3 
13 
1
10 
-13
11
稅前淨利
 920 
25",857530a25cb24b2eb1036434,179,,PENDING,,PENDING,,PENDING,0.50,ORANGE,STAGE_TABLELIKE_EXPANSION_REVIEW,VRN_1D1_REPORTTEXT_TABLELIKE_EXPANSION,C:\Users\tonyk\OneDrive\VeritasIntelligenceAnalytics\module\VRN\output\_route_lock_runs\RUN_20260525_195119_VRN_GO_M01_60PDF_FULL_V120\full_input_60pdf\20260519兆豐個股報告-望隼(4771).pdf,2026-06-15T16:25:25.775926,ceaba51b17248340a8b1e365fcfdfc01bfa2304f
33280450a5af073c2547,dc367a89b6fb,4771,,兆豐,2026-05-19,2024Q1,2024,Q1,IS,tax_expense,所得稅費用,3.51,3.51,%,TWD,,7," 
評等分級：買進（預期未來六個月股價漲輻超過+30%）; 逢低買進（預期未來六個月股價漲輻介於+15%與+30%之間）; 區間操
作（預期未來六個月股價漲跌輻介於-15%與+15%之間）; 逢高賣出（預期未來六個月股價跌輻介於-15%與-30%之間）；賣出（預
期未來六個月股價跌輻超過-30%）。 
本刊所刊載之內容僅做為參考，惟已力求正確與完整，但因時間及市場客觀因素改變所造成產業、市場或個股之相關條件改變，投資人需自行考量
投資之需求與風險，本公司恕不負擔任何法律責任。任何轉載或引用本報告內容必須經本公司同意。 
 
- 7 - 
個股報告 
財務報表 
 
季度損益表 
單位：新台幣百萬元 
 4771望隼 
2024 
25Q1 
25Q2 
25Q3 
25Q4 
2025 
26Q1 
26Q2(F) 26Q3(F) 26Q4(F) 2026(F) 
營業收入淨額
 3,002 
 811
 872
 854 
 951
 3,487 
 1,031 
 1,086 
1,137 
1,199 
4,453
營業成本
 1,823 
 475
 517
 512 
 558
 2,061 
 608
 645
678 
711
2,642
營業毛利淨額
 1,179 
 336
 356
 342 
 393
 1,426 
 423 
 441
459 
488
1,811
營業費用
 291 
 97
 100
 107 
 116
 420 
 124 
 128
131 
138
521
營業淨利(損)
 888 
 238
 256
 234 
 277
 1,006 
 298 
 313
328 
350
1,289
營業外收支
 
 
 
 
利息收入
 18 
 3
 7
 4 
 6
 19 
 2 
 2
4 
5
13
財務成本
 29 
 7
 6
 7 
 6
 26 
 6 
 6
8 
8
28
其他利益及損失
 29 
 11
 (74)
 33 
 22
 (8) 
 14 
 2
11
-15
12
其他收支淨額
 14 
 10
 2
 3 
 3
 18 
 3 
 3
3 
5
14
營業外收支淨額合計
 32 
18
-71
32 
24
 3 
13 
1
10 
-13
11
稅前淨利
 920 
25",857530a25cb24b2eb1036434,180,,PENDING,,PENDING,,PENDING,0.50,ORANGE,STAGE_TABLELIKE_EXPANSION_REVIEW,VRN_1D1_REPORTTEXT_TABLELIKE_EXPANSION,C:\Users\tonyk\OneDrive\VeritasIntelligenceAnalytics\module\VRN\output\_route_lock_runs\RUN_20260525_195119_VRN_GO_M01_60PDF_FULL_V120\full_input_60pdf\20260519兆豐個股報告-望隼(4771).pdf,2026-06-15T16:25:25.775936,392ac9ce6067f3152c533980bed0b45153281c54
33280450a5af073c2547,dc367a89b6fb,4771,,兆豐,2026-05-19,2024Q1,2024,Q1,IS,tax_expense,所得稅費用,12.71,12.71,%,TWD,,7," 
評等分級：買進（預期未來六個月股價漲輻超過+30%）; 逢低買進（預期未來六個月股價漲輻介於+15%與+30%之間）; 區間操
作（預期未來六個月股價漲跌輻介於-15%與+15%之間）; 逢高賣出（預期未來六個月股價跌輻介於-15%與-30%之間）；賣出（預
期未來六個月股價跌輻超過-30%）。 
本刊所刊載之內容僅做為參考，惟已力求正確與完整，但因時間及市場客觀因素改變所造成產業、市場或個股之相關條件改變，投資人需自行考量
投資之需求與風險，本公司恕不負擔任何法律責任。任何轉載或引用本報告內容必須經本公司同意。 
 
- 7 - 
個股報告 
財務報表 
 
季度損益表 
單位：新台幣百萬元 
 4771望隼 
2024 
25Q1 
25Q2 
25Q3 
25Q4 
2025 
26Q1 
26Q2(F) 26Q3(F) 26Q4(F) 2026(F) 
營業收入淨額
 3,002 
 811
 872
 854 
 951
 3,487 
 1,031 
 1,086 
1,137 
1,199 
4,453
營業成本
 1,823 
 475
 517
 512 
 558
 2,061 
 608
 645
678 
711
2,642
營業毛利淨額
 1,179 
 336
 356
 342 
 393
 1,426 
 423 
 441
459 
488
1,811
營業費用
 291 
 97
 100
 107 
 116
 420 
 124 
 128
131 
138
521
營業淨利(損)
 888 
 238
 256
 234 
 277
 1,006 
 298 
 313
328 
350
1,289
營業外收支
 
 
 
 
利息收入
 18 
 3
 7
 4 
 6
 19 
 2 
 2
4 
5
13
財務成本
 29 
 7
 6
 7 
 6
 26 
 6 
 6
8 
8
28
其他利益及損失
 29 
 11
 (74)
 33 
 22
 (8) 
 14 
 2
11
-15
12
其他收支淨額
 14 
 10
 2
 3 
 3
 18 
 3 
 3
3 
5
14
營業外收支淨額合計
 32 
18
-71
32 
24
 3 
13 
1
10 
-13
11
稅前淨利
 920 
25",857530a25cb24b2eb1036434,181,,PENDING,,PENDING,,PENDING,0.50,ORANGE,STAGE_TABLELIKE_EXPANSION_REVIEW,VRN_1D1_REPORTTEXT_TABLELIKE_EXPANSION,C:\Users\tonyk\OneDrive\VeritasIntelligenceAnalytics\module\VRN\output\_route_lock_runs\RUN_20260525_195119_VRN_GO_M01_60PDF_FULL_V120\full_input_60pdf\20260519兆豐個股報告-望隼(4771).pdf,2026-06-15T16:25:25.775945,2b09d6e963f578f9177a99d86d03c90541a2dbbb
33280450a5af073c2547,dc367a89b6fb,4771,,兆豐,2026-05-19,2024Q1,2024,Q1,IS,tax_expense,所得稅費用,3.66,3.66,%,TWD,,7," 
評等分級：買進（預期未來六個月股價漲輻超過+30%）; 逢低買進（預期未來六個月股價漲輻介於+15%與+30%之間）; 區間操
作（預期未來六個月股價漲跌輻介於-15%與+15%之間）; 逢高賣出（預期未來六個月股價跌輻介於-15%與-30%之間）；賣出（預
期未來六個月股價跌輻超過-30%）。 
本刊所刊載之內容僅做為參考，惟已力求正確與完整，但因時間及市場客觀因素改變所造成產業、市場或個股之相關條件改變，投資人需自行考量
投資之需求與風險，本公司恕不負擔任何法律責任。任何轉載或引用本報告內容必須經本公司同意。 
 
- 7 - 
個股報告 
財務報表 
 
季度損益表 
單位：新台幣百萬元 
 4771望隼 
2024 
25Q1 
25Q2 
25Q3 
25Q4 
2025 
26Q1 
26Q2(F) 26Q3(F) 26Q4(F) 2026(F) 
營業收入淨額
 3,002 
 811
 872
 854 
 951
 3,487 
 1,031 
 1,086 
1,137 
1,199 
4,453
營業成本
 1,823 
 475
 517
 512 
 558
 2,061 
 608
 645
678 
711
2,642
營業毛利淨額
 1,179 
 336
 356
 342 
 393
 1,426 
 423 
 441
459 
488
1,811
營業費用
 291 
 97
 100
 107 
 116
 420 
 124 
 128
131 
138
521
營業淨利(損)
 888 
 238
 256
 234 
 277
 1,006 
 298 
 313
328 
350
1,289
營業外收支
 
 
 
 
利息收入
 18 
 3
 7
 4 
 6
 19 
 2 
 2
4 
5
13
財務成本
 29 
 7
 6
 7 
 6
 26 
 6 
 6
8 
8
28
其他利益及損失
 29 
 11
 (74)
 33 
 22
 (8) 
 14 
 2
11
-15
12
其他收支淨額
 14 
 10
 2
 3 
 3
 18 
 3 
 3
3 
5
14
營業外收支淨額合計
 32 
18
-71
32 
24
 3 
13 
1
10 
-13
11
稅前淨利
 920 
25",857530a25cb24b2eb1036434,182,,PENDING,,PENDING,,PENDING,0.50,ORANGE,STAGE_TABLELIKE_EXPANSION_REVIEW,VRN_1D1_REPORTTEXT_TABLELIKE_EXPANSION,C:\Users\tonyk\OneDrive\VeritasIntelligenceAnalytics\module\VRN\output\_route_lock_runs\RUN_20260525_195119_VRN_GO_M01_60PDF_FULL_V120\full_input_60pdf\20260519兆豐個股報告-望隼(4771).pdf,2026-06-15T16:25:25.775955,c5a9bedc00aa0452a2967f79ab9ff897f0249659
33280450a5af073c2547,dc367a89b6fb,4771,,兆豐,2026-05-19,2024Q1,2024,Q1,IS,tax_expense,所得稅費用,3.8,3.80,%,TWD,,7," 
評等分級：買進（預期未來六個月股價漲輻超過+30%）; 逢低買進（預期未來六個月股價漲輻介於+15%與+30%之間）; 區間操
作（預期未來六個月股價漲跌輻介於-15%與+15%之間）; 逢高賣出（預期未來六個月股價跌輻介於-15%與-30%之間）；賣出（預
期未來六個月股價跌輻超過-30%）。 
本刊所刊載之內容僅做為參考，惟已力求正確與完整，但因時間及市場客觀因素改變所造成產業、市場或個股之相關條件改變，投資人需自行考量
投資之需求與風險，本公司恕不負擔任何法律責任。任何轉載或引用本報告內容必須經本公司同意。 
 
- 7 - 
個股報告 
財務報表 
 
季度損益表 
單位：新台幣百萬元 
 4771望隼 
2024 
25Q1 
25Q2 
25Q3 
25Q4 
2025 
26Q1 
26Q2(F) 26Q3(F) 26Q4(F) 2026(F) 
營業收入淨額
 3,002 
 811
 872
 854 
 951
 3,487 
 1,031 
 1,086 
1,137 
1,199 
4,453
營業成本
 1,823 
 475
 517
 512 
 558
 2,061 
 608
 645
678 
711
2,642
營業毛利淨額
 1,179 
 336
 356
 342 
 393
 1,426 
 423 
 441
459 
488
1,811
營業費用
 291 
 97
 100
 107 
 116
 420 
 124 
 128
131 
138
521
營業淨利(損)
 888 
 238
 256
 234 
 277
 1,006 
 298 
 313
328 
350
1,289
營業外收支
 
 
 
 
利息收入
 18 
 3
 7
 4 
 6
 19 
 2 
 2
4 
5
13
財務成本
 29 
 7
 6
 7 
 6
 26 
 6 
 6
8 
8
28
其他利益及損失
 29 
 11
 (74)
 33 
 22
 (8) 
 14 
 2
11
-15
12
其他收支淨額
 14 
 10
 2
 3 
 3
 18 
 3 
 3
3 
5
14
營業外收支淨額合計
 32 
18
-71
32 
24
 3 
13 
1
10 
-13
11
稅前淨利
 920 
25",857530a25cb24b2eb1036434,183,,PENDING,,PENDING,,PENDING,0.50,ORANGE,STAGE_TABLELIKE_EXPANSION_REVIEW,VRN_1D1_REPORTTEXT_TABLELIKE_EXPANSION,C:\Users\tonyk\OneDrive\VeritasIntelligenceAnalytics\module\VRN\output\_route_lock_runs\RUN_20260525_195119_VRN_GO_M01_60PDF_FULL_V120\full_input_60pdf\20260519兆豐個股報告-望隼(4771).pdf,2026-06-15T16:25:25.775964,0917d82a55b5528f538cd5e44f3c79158ca13c03
33280450a5af073c2547,dc367a89b6fb,4771,,兆豐,2026-05-19,2024Q1,2024,Q1,IS,tax_expense,所得稅費用,4.22,4.22,%,TWD,,7," 
評等分級：買進（預期未來六個月股價漲輻超過+30%）; 逢低買進（預期未來六個月股價漲輻介於+15%與+30%之間）; 區間操
作（預期未來六個月股價漲跌輻介於-15%與+15%之間）; 逢高賣出（預期未來六個月股價跌輻介於-15%與-30%之間）；賣出（預
期未來六個月股價跌輻超過-30%）。 
本刊所刊載之內容僅做為參考，惟已力求正確與完整，但因時間及市場客觀因素改變所造成產業、市場或個股之相關條件改變，投資人需自行考量
投資之需求與風險，本公司恕不負擔任何法律責任。任何轉載或引用本報告內容必須經本公司同意。 
 
- 7 - 
個股報告 
財務報表 
 
季度損益表 
單位：新台幣百萬元 
 4771望隼 
2024 
25Q1 
25Q2 
25Q3 
25Q4 
2025 
26Q1 
26Q2(F) 26Q3(F) 26Q4(F) 2026(F) 
營業收入淨額
 3,002 
 811
 872
 854 
 951
 3,487 
 1,031 
 1,086 
1,137 
1,199 
4,453
營業成本
 1,823 
 475
 517
 512 
 558
 2,061 
 608
 645
678 
711
2,642
營業毛利淨額
 1,179 
 336
 356
 342 
 393
 1,426 
 423 
 441
459 
488
1,811
營業費用
 291 
 97
 100
 107 
 116
 420 
 124 
 128
131 
138
521
營業淨利(損)
 888 
 238
 256
 234 
 277
 1,006 
 298 
 313
328 
350
1,289
營業外收支
 
 
 
 
利息收入
 18 
 3
 7
 4 
 6
 19 
 2 
 2
4 
5
13
財務成本
 29 
 7
 6
 7 
 6
 26 
 6 
 6
8 
8
28
其他利益及損失
 29 
 11
 (74)
 33 
 22
 (8) 
 14 
 2
11
-15
12
其他收支淨額
 14 
 10
 2
 3 
 3
 18 
 3 
 3
3 
5
14
營業外收支淨額合計
 32 
18
-71
32 
24
 3 
13 
1
10 
-13
11
稅前淨利
 920 
25",857530a25cb24b2eb1036434,184,,PENDING,,PENDING,,PENDING,0.50,ORANGE,STAGE_TABLELIKE_EXPANSION_REVIEW,VRN_1D1_REPORTTEXT_TABLELIKE_EXPANSION,C:\Users\tonyk\OneDrive\VeritasIntelligenceAnalytics\module\VRN\output\_route_lock_runs\RUN_20260525_195119_VRN_GO_M01_60PDF_FULL_V120\full_input_60pdf\20260519兆豐個股報告-望隼(4771).pdf,2026-06-15T16:25:25.775973,a20d20263afcca57d676fe0bb5c376244af9b4a7
33280450a5af073c2547,dc367a89b6fb,4771,,兆豐,2026-05-19,2024Q1,2024,Q1,IS,tax_expense,所得稅費用,4.22,4.22,%,TWD,,7," 
評等分級：買進（預期未來六個月股價漲輻超過+30%）; 逢低買進（預期未來六個月股價漲輻介於+15%與+30%之間）; 區間操
作（預期未來六個月股價漲跌輻介於-15%與+15%之間）; 逢高賣出（預期未來六個月股價跌輻介於-15%與-30%之間）；賣出（預
期未來六個月股價跌輻超過-30%）。 
本刊所刊載之內容僅做為參考，惟已力求正確與完整，但因時間及市場客觀因素改變所造成產業、市場或個股之相關條件改變，投資人需自行考量
投資之需求與風險，本公司恕不負擔任何法律責任。任何轉載或引用本報告內容必須經本公司同意。 
 
- 7 - 
個股報告 
財務報表 
 
季度損益表 
單位：新台幣百萬元 
 4771望隼 
2024 
25Q1 
25Q2 
25Q3 
25Q4 
2025 
26Q1 
26Q2(F) 26Q3(F) 26Q4(F) 2026(F) 
營業收入淨額
 3,002 
 811
 872
 854 
 951
 3,487 
 1,031 
 1,086 
1,137 
1,199 
4,453
營業成本
 1,823 
 475
 517
 512 
 558
 2,061 
 608
 645
678 
711
2,642
營業毛利淨額
 1,179 
 336
 356
 342 
 393
 1,426 
 423 
 441
459 
488
1,811
營業費用
 291 
 97
 100
 107 
 116
 420 
 124 
 128
131 
138
521
營業淨利(損)
 888 
 238
 256
 234 
 277
 1,006 
 298 
 313
328 
350
1,289
營業外收支
 
 
 
 
利息收入
 18 
 3
 7
 4 
 6
 19 
 2 
 2
4 
5
13
財務成本
 29 
 7
 6
 7 
 6
 26 
 6 
 6
8 
8
28
其他利益及損失
 29 
 11
 (74)
 33 
 22
 (8) 
 14 
 2
11
-15
12
其他收支淨額
 14 
 10
 2
 3 
 3
 18 
 3 
 3
3 
5
14
營業外收支淨額合計
 32 
18
-71
32 
24
 3 
13 
1
10 
-13
11
稅前淨利
 920 
25",857530a25cb24b2eb1036434,185,,PENDING,,PENDING,,PENDING,0.50,ORANGE,STAGE_TABLELIKE_EXPANSION_REVIEW,VRN_1D1_REPORTTEXT_TABLELIKE_EXPANSION,C:\Users\tonyk\OneDrive\VeritasIntelligenceAnalytics\module\VRN\output\_route_lock_runs\RUN_20260525_195119_VRN_GO_M01_60PDF_FULL_V120\full_input_60pdf\20260519兆豐個股報告-望隼(4771).pdf,2026-06-15T16:25:25.775983,81775e9968736c3b2a2ae1f1adf348180486c66d
33280450a5af073c2547,dc367a89b6fb,4771,,兆豐,2026-05-19,2024Q1,2024,Q1,IS,tax_expense,所得稅費用,15.91,15.91,%,TWD,,7," 
評等分級：買進（預期未來六個月股價漲輻超過+30%）; 逢低買進（預期未來六個月股價漲輻介於+15%與+30%之間）; 區間操
作（預期未來六個月股價漲跌輻介於-15%與+15%之間）; 逢高賣出（預期未來六個月股價跌輻介於-15%與-30%之間）；賣出（預
期未來六個月股價跌輻超過-30%）。 
本刊所刊載之內容僅做為參考，惟已力求正確與完整，但因時間及市場客觀因素改變所造成產業、市場或個股之相關條件改變，投資人需自行考量
投資之需求與風險，本公司恕不負擔任何法律責任。任何轉載或引用本報告內容必須經本公司同意。 
 
- 7 - 
個股報告 
財務報表 
 
季度損益表 
單位：新台幣百萬元 
 4771望隼 
2024 
25Q1 
25Q2 
25Q3 
25Q4 
2025 
26Q1 
26Q2(F) 26Q3(F) 26Q4(F) 2026(F) 
營業收入淨額
 3,002 
 811
 872
 854 
 951
 3,487 
 1,031 
 1,086 
1,137 
1,199 
4,453
營業成本
 1,823 
 475
 517
 512 
 558
 2,061 
 608
 645
678 
711
2,642
營業毛利淨額
 1,179 
 336
 356
 342 
 393
 1,426 
 423 
 441
459 
488
1,811
營業費用
 291 
 97
 100
 107 
 116
 420 
 124 
 128
131 
138
521
營業淨利(損)
 888 
 238
 256
 234 
 277
 1,006 
 298 
 313
328 
350
1,289
營業外收支
 
 
 
 
利息收入
 18 
 3
 7
 4 
 6
 19 
 2 
 2
4 
5
13
財務成本
 29 
 7
 6
 7 
 6
 26 
 6 
 6
8 
8
28
其他利益及損失
 29 
 11
 (74)
 33 
 22
 (8) 
 14 
 2
11
-15
12
其他收支淨額
 14 
 10
 2
 3 
 3
 18 
 3 
 3
3 
5
14
營業外收支淨額合計
 32 
18
-71
32 
24
 3 
13 
1
10 
-13
11
稅前淨利
 920 
25",857530a25cb24b2eb1036434,186,,PENDING,,PENDING,,PENDING,0.50,ORANGE,STAGE_TABLELIKE_EXPANSION_REVIEW,VRN_1D1_REPORTTEXT_TABLELIKE_EXPANSION,C:\Users\tonyk\OneDrive\VeritasIntelligenceAnalytics\module\VRN\output\_route_lock_runs\RUN_20260525_195119_VRN_GO_M01_60PDF_FULL_V120\full_input_60pdf\20260519兆豐個股報告-望隼(4771).pdf,2026-06-15T16:25:25.775993,a06788949b679af45e61a22daecd8d459080ac50
33280450a5af073c2547,dc367a89b6fb,4771,,兆豐,2026-05-19,2024Q1,2024,Q1,IS,tax_expense,所得稅費用,6.4,6.4,%,TWD,,7," 
評等分級：買進（預期未來六個月股價漲輻超過+30%）; 逢低買進（預期未來六個月股價漲輻介於+15%與+30%之間）; 區間操
作（預期未來六個月股價漲跌輻介於-15%與+15%之間）; 逢高賣出（預期未來六個月股價跌輻介於-15%與-30%之間）；賣出（預
期未來六個月股價跌輻超過-30%）。 
本刊所刊載之內容僅做為參考，惟已力求正確與完整，但因時間及市場客觀因素改變所造成產業、市場或個股之相關條件改變，投資人需自行考量
投資之需求與風險，本公司恕不負擔任何法律責任。任何轉載或引用本報告內容必須經本公司同意。 
 
- 7 - 
個股報告 
財務報表 
 
季度損益表 
單位：新台幣百萬元 
 4771望隼 
2024 
25Q1 
25Q2 
25Q3 
25Q4 
2025 
26Q1 
26Q2(F) 26Q3(F) 26Q4(F) 2026(F) 
營業收入淨額
 3,002 
 811
 872
 854 
 951
 3,487 
 1,031 
 1,086 
1,137 
1,199 
4,453
營業成本
 1,823 
 475
 517
 512 
 558
 2,061 
 608
 645
678 
711
2,642
營業毛利淨額
 1,179 
 336
 356
 342 
 393
 1,426 
 423 
 441
459 
488
1,811
營業費用
 291 
 97
 100
 107 
 116
 420 
 124 
 128
131 
138
521
營業淨利(損)
 888 
 238
 256
 234 
 277
 1,006 
 298 
 313
328 
350
1,289
營業外收支
 
 
 
 
利息收入
 18 
 3
 7
 4 
 6
 19 
 2 
 2
4 
5
13
財務成本
 29 
 7
 6
 7 
 6
 26 
 6 
 6
8 
8
28
其他利益及損失
 29 
 11
 (74)
 33 
 22
 (8) 
 14 
 2
11
-15
12
其他收支淨額
 14 
 10
 2
 3 
 3
 18 
 3 
 3
3 
5
14
營業外收支淨額合計
 32 
18
-71
32 
24
 3 
13 
1
10 
-13
11
稅前淨利
 920 
25",857530a25cb24b2eb1036434,187,,PENDING,,PENDING,,PENDING,0.50,ORANGE,STAGE_TABLELIKE_EXPANSION_REVIEW,VRN_1D1_REPORTTEXT_TABLELIKE_EXPANSION,C:\Users\tonyk\OneDrive\VeritasIntelligenceAnalytics\module\VRN\output\_route_lock_runs\RUN_20260525_195119_VRN_GO_M01_60PDF_FULL_V120\full_input_60pdf\20260519兆豐個股報告-望隼(4771).pdf,2026-06-15T16:25:25.776002,250fabc1bc74c12da37a2d2b1fc4cf14ffe29507
33280450a5af073c2547,dc367a89b6fb,4771,,兆豐,2026-05-19,2024Q1,2024,Q1,IS,tax_expense,所得稅費用,7.6,7.6,%,TWD,,7," 
評等分級：買進（預期未來六個月股價漲輻超過+30%）; 逢低買進（預期未來六個月股價漲輻介於+15%與+30%之間）; 區間操
作（預期未來六個月股價漲跌輻介於-15%與+15%之間）; 逢高賣出（預期未來六個月股價跌輻介於-15%與-30%之間）；賣出（預
期未來六個月股價跌輻超過-30%）。 
本刊所刊載之內容僅做為參考，惟已力求正確與完整，但因時間及市場客觀因素改變所造成產業、市場或個股之相關條件改變，投資人需自行考量
投資之需求與風險，本公司恕不負擔任何法律責任。任何轉載或引用本報告內容必須經本公司同意。 
 
- 7 - 
個股報告 
財務報表 
 
季度損益表 
單位：新台幣百萬元 
 4771望隼 
2024 
25Q1 
25Q2 
25Q3 
25Q4 
2025 
26Q1 
26Q2(F) 26Q3(F) 26Q4(F) 2026(F) 
營業收入淨額
 3,002 
 811
 872
 854 
 951
 3,487 
 1,031 
 1,086 
1,137 
1,199 
4,453
營業成本
 1,823 
 475
 517
 512 
 558
 2,061 
 608
 645
678 
711
2,642
營業毛利淨額
 1,179 
 336
 356
 342 
 393
 1,426 
 423 
 441
459 
488
1,811
營業費用
 291 
 97
 100
 107 
 116
 420 
 124 
 128
131 
138
521
營業淨利(損)
 888 
 238
 256
 234 
 277
 1,006 
 298 
 313
328 
350
1,289
營業外收支
 
 
 
 
利息收入
 18 
 3
 7
 4 
 6
 19 
 2 
 2
4 
5
13
財務成本
 29 
 7
 6
 7 
 6
 26 
 6 
 6
8 
8
28
其他利益及損失
 29 
 11
 (74)
 33 
 22
 (8) 
 14 
 2
11
-15
12
其他收支淨額
 14 
 10
 2
 3 
 3
 18 
 3 
 3
3 
5
14
營業外收支淨額合計
 32 
18
-71
32 
24
 3 
13 
1
10 
-13
11
稅前淨利
 920 
25",857530a25cb24b2eb1036434,188,,PENDING,,PENDING,,PENDING,0.50,ORANGE,STAGE_TABLELIKE_EXPANSION_REVIEW,VRN_1D1_REPORTTEXT_TABLELIKE_EXPANSION,C:\Users\tonyk\OneDrive\VeritasIntelligenceAnalytics\module\VRN\output\_route_lock_runs\RUN_20260525_195119_VRN_GO_M01_60PDF_FULL_V120\full_input_60pdf\20260519兆豐個股報告-望隼(4771).pdf,2026-06-15T16:25:25.776012,8d749f04371a6debcdc4ba7721fc195f9b307e94
33280450a5af073c2547,dc367a89b6fb,4771,,兆豐,2026-05-19,2024Q1,2024,Q1,IS,tax_expense,所得稅費用,-2.2,-2.2,%,TWD,,7," 
評等分級：買進（預期未來六個月股價漲輻超過+30%）; 逢低買進（預期未來六個月股價漲輻介於+15%與+30%之間）; 區間操
作（預期未來六個月股價漲跌輻介於-15%與+15%之間）; 逢高賣出（預期未來六個月股價跌輻介於-15%與-30%之間）；賣出（預
期未來六個月股價跌輻超過-30%）。 
本刊所刊載之內容僅做為參考，惟已力求正確與完整，但因時間及市場客觀因素改變所造成產業、市場或個股之相關條件改變，投資人需自行考量
投資之需求與風險，本公司恕不負擔任何法律責任。任何轉載或引用本報告內容必須經本公司同意。 
 
- 7 - 
個股報告 
財務報表 
 
季度損益表 
單位：新台幣百萬元 
 4771望隼 
2024 
25Q1 
25Q2 
25Q3 
25Q4 
2025 
26Q1 
26Q2(F) 26Q3(F) 26Q4(F) 2026(F) 
營業收入淨額
 3,002 
 811
 872
 854 
 951
 3,487 
 1,031 
 1,086 
1,137 
1,199 
4,453
營業成本
 1,823 
 475
 517
 512 
 558
 2,061 
 608
 645
678 
711
2,642
營業毛利淨額
 1,179 
 336
 356
 342 
 393
 1,426 
 423 
 441
459 
488
1,811
營業費用
 291 
 97
 100
 107 
 116
 420 
 124 
 128
131 
138
521
營業淨利(損)
 888 
 238
 256
 234 
 277
 1,006 
 298 
 313
328 
350
1,289
營業外收支
 
 
 
 
利息收入
 18 
 3
 7
 4 
 6
 19 
 2 
 2
4 
5
13
財務成本
 29 
 7
 6
 7 
 6
 26 
 6 
 6
8 
8
28
其他利益及損失
 29 
 11
 (74)
 33 
 22
 (8) 
 14 
 2
11
-15
12
其他收支淨額
 14 
 10
 2
 3 
 3
 18 
 3 
 3
3 
5
14
營業外收支淨額合計
 32 
18
-71
32 
24
 3 
13 
1
10 
-13
11
稅前淨利
 920 
25",857530a25cb24b2eb1036434,189,,PENDING,,PENDING,,PENDING,0.50,ORANGE,STAGE_TABLELIKE_EXPANSION_REVIEW,VRN_1D1_REPORTTEXT_TABLELIKE_EXPANSION,C:\Users\tonyk\OneDrive\VeritasIntelligenceAnalytics\module\VRN\output\_route_lock_runs\RUN_20260525_195119_VRN_GO_M01_60PDF_FULL_V120\full_input_60pdf\20260519兆豐個股報告-望隼(4771).pdf,2026-06-15T16:25:25.776021,ed7e242567163e80625baae6557465efaeb36a27
33280450a5af073c2547,dc367a89b6fb,4771,,兆豐,2026-05-19,2024Q1,2024,Q1,IS,tax_expense,所得稅費用,11.4,11.4,%,TWD,,7," 
評等分級：買進（預期未來六個月股價漲輻超過+30%）; 逢低買進（預期未來六個月股價漲輻介於+15%與+30%之間）; 區間操
作（預期未來六個月股價漲跌輻介於-15%與+15%之間）; 逢高賣出（預期未來六個月股價跌輻介於-15%與-30%之間）；賣出（預
期未來六個月股價跌輻超過-30%）。 
本刊所刊載之內容僅做為參考，惟已力求正確與完整，但因時間及市場客觀因素改變所造成產業、市場或個股之相關條件改變，投資人需自行考量
投資之需求與風險，本公司恕不負擔任何法律責任。任何轉載或引用本報告內容必須經本公司同意。 
 
- 7 - 
個股報告 
財務報表 
 
季度損益表 
單位：新台幣百萬元 
 4771望隼 
2024 
25Q1 
25Q2 
25Q3 
25Q4 
2025 
26Q1 
26Q2(F) 26Q3(F) 26Q4(F) 2026(F) 
營業收入淨額
 3,002 
 811
 872
 854 
 951
 3,487 
 1,031 
 1,086 
1,137 
1,199 
4,453
營業成本
 1,823 
 475
 517
 512 
 558
 2,061 
 608
 645
678 
711
2,642
營業毛利淨額
 1,179 
 336
 356
 342 
 393
 1,426 
 423 
 441
459 
488
1,811
營業費用
 291 
 97
 100
 107 
 116
 420 
 124 
 128
131 
138
521
營業淨利(損)
 888 
 238
 256
 234 
 277
 1,006 
 298 
 313
328 
350
1,289
營業外收支
 
 
 
 
利息收入
 18 
 3
 7
 4 
 6
 19 
 2 
 2
4 
5
13
財務成本
 29 
 7
 6
 7 
 6
 26 
 6 
 6
8 
8
28
其他利益及損失
 29 
 11
 (74)
 33 
 22
 (8) 
 14 
 2
11
-15
12
其他收支淨額
 14 
 10
 2
 3 
 3
 18 
 3 
 3
3 
5
14
營業外收支淨額合計
 32 
18
-71
32 
24
 3 
13 
1
10 
-13
11
稅前淨利
 920 
25",857530a25cb24b2eb1036434,190,,PENDING,,PENDING,,PENDING,0.50,ORANGE,STAGE_TABLELIKE_EXPANSION_REVIEW,VRN_1D1_REPORTTEXT_TABLELIKE_EXPANSION,C:\Users\tonyk\OneDrive\VeritasIntelligenceAnalytics\module\VRN\output\_route_lock_runs\RUN_20260525_195119_VRN_GO_M01_60PDF_FULL_V120\full_input_60pdf\20260519兆豐個股報告-望隼(4771).pdf,2026-06-15T16:25:25.776033,955fde179c5c58c92b82e8ab3e57894d90cd533e
33280450a5af073c2547,dc367a89b6fb,4771,,兆豐,2026-05-19,2024Q1,2024,Q1,IS,tax_expense,所得稅費用,8.4,8.4,%,TWD,,7," 
評等分級：買進（預期未來六個月股價漲輻超過+30%）; 逢低買進（預期未來六個月股價漲輻介於+15%與+30%之間）; 區間操
作（預期未來六個月股價漲跌輻介於-15%與+15%之間）; 逢高賣出（預期未來六個月股價跌輻介於-15%與-30%之間）；賣出（預
期未來六個月股價跌輻超過-30%）。 
本刊所刊載之內容僅做為參考，惟已力求正確與完整，但因時間及市場客觀因素改變所造成產業、市場或個股之相關條件改變，投資人需自行考量
投資之需求與風險，本公司恕不負擔任何法律責任。任何轉載或引用本報告內容必須經本公司同意。 
 
- 7 - 
個股報告 
財務報表 
 
季度損益表 
單位：新台幣百萬元 
 4771望隼 
2024 
25Q1 
25Q2 
25Q3 
25Q4 
2025 
26Q1 
26Q2(F) 26Q3(F) 26Q4(F) 2026(F) 
營業收入淨額
 3,002 
 811
 872
 854 
 951
 3,487 
 1,031 
 1,086 
1,137 
1,199 
4,453
營業成本
 1,823 
 475
 517
 512 
 558
 2,061 
 608
 645
678 
711
2,642
營業毛利淨額
 1,179 
 336
 356
 342 
 393
 1,426 
 423 
 441
459 
488
1,811
營業費用
 291 
 97
 100
 107 
 116
 420 
 124 
 128
131 
138
521
營業淨利(損)
 888 
 238
 256
 234 
 277
 1,006 
 298 
 313
328 
350
1,289
營業外收支
 
 
 
 
利息收入
 18 
 3
 7
 4 
 6
 19 
 2 
 2
4 
5
13
財務成本
 29 
 7
 6
 7 
 6
 26 
 6 
 6
8 
8
28
其他利益及損失
 29 
 11
 (74)
 33 
 22
 (8) 
 14 
 2
11
-15
12
其他收支淨額
 14 
 10
 2
 3 
 3
 18 
 3 
 3
3 
5
14
營業外收支淨額合計
 32 
18
-71
32 
24
 3 
13 
1
10 
-13
11
稅前淨利
 920 
25",857530a25cb24b2eb1036434,191,,PENDING,,PENDING,,PENDING,0.50,ORANGE,STAGE_TABLELIKE_EXPANSION_REVIEW,VRN_1D1_REPORTTEXT_TABLELIKE_EXPANSION,C:\Users\tonyk\OneDrive\VeritasIntelligenceAnalytics\module\VRN\output\_route_lock_runs\RUN_20260525_195119_VRN_GO_M01_60PDF_FULL_V120\full_input_60pdf\20260519兆豐個股報告-望隼(4771).pdf,2026-06-15T16:25:25.776042,4fbfbc393a54c6b486f6a90f9e6973f0aa7967e3
33280450a5af073c2547,dc367a89b6fb,4771,,兆豐,2026-05-19,2024Q1,2024,Q1,IS,tax_expense,所得稅費用,5.4,5.4,%,TWD,,7," 
評等分級：買進（預期未來六個月股價漲輻超過+30%）; 逢低買進（預期未來六個月股價漲輻介於+15%與+30%之間）; 區間操
作（預期未來六個月股價漲跌輻介於-15%與+15%之間）; 逢高賣出（預期未來六個月股價跌輻介於-15%與-30%之間）；賣出（預
期未來六個月股價跌輻超過-30%）。 
本刊所刊載之內容僅做為參考，惟已力求正確與完整，但因時間及市場客觀因素改變所造成產業、市場或個股之相關條件改變，投資人需自行考量
投資之需求與風險，本公司恕不負擔任何法律責任。任何轉載或引用本報告內容必須經本公司同意。 
 
- 7 - 
個股報告 
財務報表 
 
季度損益表 
單位：新台幣百萬元 
 4771望隼 
2024 
25Q1 
25Q2 
25Q3 
25Q4 
2025 
26Q1 
26Q2(F) 26Q3(F) 26Q4(F) 2026(F) 
營業收入淨額
 3,002 
 811
 872
 854 
 951
 3,487 
 1,031 
 1,086 
1,137 
1,199 
4,453
營業成本
 1,823 
 475
 517
 512 
 558
 2,061 
 608
 645
678 
711
2,642
營業毛利淨額
 1,179 
 336
 356
 342 
 393
 1,426 
 423 
 441
459 
488
1,811
營業費用
 291 
 97
 100
 107 
 116
 420 
 124 
 128
131 
138
521
營業淨利(損)
 888 
 238
 256
 234 
 277
 1,006 
 298 
 313
328 
350
1,289
營業外收支
 
 
 
 
利息收入
 18 
 3
 7
 4 
 6
 19 
 2 
 2
4 
5
13
財務成本
 29 
 7
 6
 7 
 6
 26 
 6 
 6
8 
8
28
其他利益及損失
 29 
 11
 (74)
 33 
 22
 (8) 
 14 
 2
11
-15
12
其他收支淨額
 14 
 10
 2
 3 
 3
 18 
 3 
 3
3 
5
14
營業外收支淨額合計
 32 
18
-71
32 
24
 3 
13 
1
10 
-13
11
稅前淨利
 920 
25",857530a25cb24b2eb1036434,192,,PENDING,,PENDING,,PENDING,0.50,ORANGE,STAGE_TABLELIKE_EXPANSION_REVIEW,VRN_1D1_REPORTTEXT_TABLELIKE_EXPANSION,C:\Users\tonyk\OneDrive\VeritasIntelligenceAnalytics\module\VRN\output\_route_lock_runs\RUN_20260525_195119_VRN_GO_M01_60PDF_FULL_V120\full_input_60pdf\20260519兆豐個股報告-望隼(4771).pdf,2026-06-15T16:25:25.776052,fd2c8c8b7413d1657a16f50dce408057f5aa2f49
33280450a5af073c2547,dc367a89b6fb,4771,,兆豐,2026-05-19,2024Q1,2024,Q1,IS,tax_expense,所得稅費用,4.7,4.7,%,TWD,,7," 
評等分級：買進（預期未來六個月股價漲輻超過+30%）; 逢低買進（預期未來六個月股價漲輻介於+15%與+30%之間）; 區間操
作（預期未來六個月股價漲跌輻介於-15%與+15%之間）; 逢高賣出（預期未來六個月股價跌輻介於-15%與-30%之間）；賣出（預
期未來六個月股價跌輻超過-30%）。 
本刊所刊載之內容僅做為參考，惟已力求正確與完整，但因時間及市場客觀因素改變所造成產業、市場或個股之相關條件改變，投資人需自行考量
投資之需求與風險，本公司恕不負擔任何法律責任。任何轉載或引用本報告內容必須經本公司同意。 
 
- 7 - 
個股報告 
財務報表 
 
季度損益表 
單位：新台幣百萬元 
 4771望隼 
2024 
25Q1 
25Q2 
25Q3 
25Q4 
2025 
26Q1 
26Q2(F) 26Q3(F) 26Q4(F) 2026(F) 
營業收入淨額
 3,002 
 811
 872
 854 
 951
 3,487 
 1,031 
 1,086 
1,137 
1,199 
4,453
營業成本
 1,823 
 475
 517
 512 
 558
 2,061 
 608
 645
678 
711
2,642
營業毛利淨額
 1,179 
 336
 356
 342 
 393
 1,426 
 423 
 441
459 
488
1,811
營業費用
 291 
 97
 100
 107 
 116
 420 
 124 
 128
131 
138
521
營業淨利(損)
 888 
 238
 256
 234 
 277
 1,006 
 298 
 313
328 
350
1,289
營業外收支
 
 
 
 
利息收入
 18 
 3
 7
 4 
 6
 19 
 2 
 2
4 
5
13
財務成本
 29 
 7
 6
 7 
 6
 26 
 6 
 6
8 
8
28
其他利益及損失
 29 
 11
 (74)
 33 
 22
 (8) 
 14 
 2
11
-15
12
其他收支淨額
 14 
 10
 2
 3 
 3
 18 
 3 
 3
3 
5
14
營業外收支淨額合計
 32 
18
-71
32 
24
 3 
13 
1
10 
-13
11
稅前淨利
 920 
25",857530a25cb24b2eb1036434,193,,PENDING,,PENDING,,PENDING,0.50,ORANGE,STAGE_TABLELIKE_EXPANSION_REVIEW,VRN_1D1_REPORTTEXT_TABLELIKE_EXPANSION,C:\Users\tonyk\OneDrive\VeritasIntelligenceAnalytics\module\VRN\output\_route_lock_runs\RUN_20260525_195119_VRN_GO_M01_60PDF_FULL_V120\full_input_60pdf\20260519兆豐個股報告-望隼(4771).pdf,2026-06-15T16:25:25.776061,1ff9a30e69c5a96a7ef314581db10a5bd9329da4
33280450a5af073c2547,dc367a89b6fb,4771,,兆豐,2026-05-19,2024Q1,2024,Q1,IS,tax_expense,所得稅費用,5.5,5.5,%,TWD,,7," 
評等分級：買進（預期未來六個月股價漲輻超過+30%）; 逢低買進（預期未來六個月股價漲輻介於+15%與+30%之間）; 區間操
作（預期未來六個月股價漲跌輻介於-15%與+15%之間）; 逢高賣出（預期未來六個月股價跌輻介於-15%與-30%之間）；賣出（預
期未來六個月股價跌輻超過-30%）。 
本刊所刊載之內容僅做為參考，惟已力求正確與完整，但因時間及市場客觀因素改變所造成產業、市場或個股之相關條件改變，投資人需自行考量
投資之需求與風險，本公司恕不負擔任何法律責任。任何轉載或引用本報告內容必須經本公司同意。 
 
- 7 - 
個股報告 
財務報表 
 
季度損益表 
單位：新台幣百萬元 
 4771望隼 
2024 
25Q1 
25Q2 
25Q3 
25Q4 
2025 
26Q1 
26Q2(F) 26Q3(F) 26Q4(F) 2026(F) 
營業收入淨額
 3,002 
 811
 872
 854 
 951
 3,487 
 1,031 
 1,086 
1,137 
1,199 
4,453
營業成本
 1,823 
 475
 517
 512 
 558
 2,061 
 608
 645
678 
711
2,642
營業毛利淨額
 1,179 
 336
 356
 342 
 393
 1,426 
 423 
 441
459 
488
1,811
營業費用
 291 
 97
 100
 107 
 116
 420 
 124 
 128
131 
138
521
營業淨利(損)
 888 
 238
 256
 234 
 277
 1,006 
 298 
 313
328 
350
1,289
營業外收支
 
 
 
 
利息收入
 18 
 3
 7
 4 
 6
 19 
 2 
 2
4 
5
13
財務成本
 29 
 7
 6
 7 
 6
 26 
 6 
 6
8 
8
28
其他利益及損失
 29 
 11
 (74)
 33 
 22
 (8) 
 14 
 2
11
-15
12
其他收支淨額
 14 
 10
 2
 3 
 3
 18 
 3 
 3
3 
5
14
營業外收支淨額合計
 32 
18
-71
32 
24
 3 
13 
1
10 
-13
11
稅前淨利
 920 
25",857530a25cb24b2eb1036434,194,,PENDING,,PENDING,,PENDING,0.50,ORANGE,STAGE_TABLELIKE_EXPANSION_REVIEW,VRN_1D1_REPORTTEXT_TABLELIKE_EXPANSION,C:\Users\tonyk\OneDrive\VeritasIntelligenceAnalytics\module\VRN\output\_route_lock_runs\RUN_20260525_195119_VRN_GO_M01_60PDF_FULL_V120\full_input_60pdf\20260519兆豐個股報告-望隼(4771).pdf,2026-06-15T16:25:25.776071,4d6981d721f16c8e5cb1e0c3fe6e8096fea2d411
33280450a5af073c2547,dc367a89b6fb,4771,,兆豐,2026-05-19,2024Q1,2024,Q1,IS,tax_expense,所得稅費用,9.3,9.3,%,TWD,,7," 
評等分級：買進（預期未來六個月股價漲輻超過+30%）; 逢低買進（預期未來六個月股價漲輻介於+15%與+30%之間）; 區間操
作（預期未來六個月股價漲跌輻介於-15%與+15%之間）; 逢高賣出（預期未來六個月股價跌輻介於-15%與-30%之間）；賣出（預
期未來六個月股價跌輻超過-30%）。 
本刊所刊載之內容僅做為參考，惟已力求正確與完整，但因時間及市場客觀因素改變所造成產業、市場或個股之相關條件改變，投資人需自行考量
投資之需求與風險，本公司恕不負擔任何法律責任。任何轉載或引用本報告內容必須經本公司同意。 
 
- 7 - 
個股報告 
財務報表 
 
季度損益表 
單位：新台幣百萬元 
 4771望隼 
2024 
25Q1 
25Q2 
25Q3 
25Q4 
2025 
26Q1 
26Q2(F) 26Q3(F) 26Q4(F) 2026(F) 
營業收入淨額
 3,002 
 811
 872
 854 
 951
 3,487 
 1,031 
 1,086 
1,137 
1,199 
4,453
營業成本
 1,823 
 475
 517
 512 
 558
 2,061 
 608
 645
678 
711
2,642
營業毛利淨額
 1,179 
 336
 356
 342 
 393
 1,426 
 423 
 441
459 
488
1,811
營業費用
 291 
 97
 100
 107 
 116
 420 
 124 
 128
131 
138
521
營業淨利(損)
 888 
 238
 256
 234 
 277
 1,006 
 298 
 313
328 
350
1,289
營業外收支
 
 
 
 
利息收入
 18 
 3
 7
 4 
 6
 19 
 2 
 2
4 
5
13
財務成本
 29 
 7
 6
 7 
 6
 26 
 6 
 6
8 
8
28
其他利益及損失
 29 
 11
 (74)
 33 
 22
 (8) 
 14 
 2
11
-15
12
其他收支淨額
 14 
 10
 2
 3 
 3
 18 
 3 
 3
3 
5
14
營業外收支淨額合計
 32 
18
-71
32 
24
 3 
13 
1
10 
-13
11
稅前淨利
 920 
25",857530a25cb24b2eb1036434,195,,PENDING,,PENDING,,PENDING,0.50,ORANGE,STAGE_TABLELIKE_EXPANSION_REVIEW,VRN_1D1_REPORTTEXT_TABLELIKE_EXPANSION,C:\Users\tonyk\OneDrive\VeritasIntelligenceAnalytics\module\VRN\output\_route_lock_runs\RUN_20260525_195119_VRN_GO_M01_60PDF_FULL_V120\full_input_60pdf\20260519兆豐個股報告-望隼(4771).pdf,2026-06-15T16:25:25.776080,e0f62d7eb2f2ac442b6bc6739830655a72692614
33280450a5af073c2547,dc367a89b6fb,4771,,兆豐,2026-05-19,2024Q1,2024,Q1,IS,tax_expense,所得稅費用,5.9,5.9,%,TWD,,7," 
評等分級：買進（預期未來六個月股價漲輻超過+30%）; 逢低買進（預期未來六個月股價漲輻介於+15%與+30%之間）; 區間操
作（預期未來六個月股價漲跌輻介於-15%與+15%之間）; 逢高賣出（預期未來六個月股價跌輻介於-15%與-30%之間）；賣出（預
期未來六個月股價跌輻超過-30%）。 
本刊所刊載之內容僅做為參考，惟已力求正確與完整，但因時間及市場客觀因素改變所造成產業、市場或個股之相關條件改變，投資人需自行考量
投資之需求與風險，本公司恕不負擔任何法律責任。任何轉載或引用本報告內容必須經本公司同意。 
 
- 7 - 
個股報告 
財務報表 
 
季度損益表 
單位：新台幣百萬元 
 4771望隼 
2024 
25Q1 
25Q2 
25Q3 
25Q4 
2025 
26Q1 
26Q2(F) 26Q3(F) 26Q4(F) 2026(F) 
營業收入淨額
 3,002 
 811
 872
 854 
 951
 3,487 
 1,031 
 1,086 
1,137 
1,199 
4,453
營業成本
 1,823 
 475
 517
 512 
 558
 2,061 
 608
 645
678 
711
2,642
營業毛利淨額
 1,179 
 336
 356
 342 
 393
 1,426 
 423 
 441
459 
488
1,811
營業費用
 291 
 97
 100
 107 
 116
 420 
 124 
 128
131 
138
521
營業淨利(損)
 888 
 238
 256
 234 
 277
 1,006 
 298 
 313
328 
350
1,289
營業外收支
 
 
 
 
利息收入
 18 
 3
 7
 4 
 6
 19 
 2 
 2
4 
5
13
財務成本
 29 
 7
 6
 7 
 6
 26 
 6 
 6
8 
8
28
其他利益及損失
 29 
 11
 (74)
 33 
 22
 (8) 
 14 
 2
11
-15
12
其他收支淨額
 14 
 10
 2
 3 
 3
 18 
 3 
 3
3 
5
14
營業外收支淨額合計
 32 
18
-71
32 
24
 3 
13 
1
10 
-13
11
稅前淨利
 920 
25",857530a25cb24b2eb1036434,196,,PENDING,,PENDING,,PENDING,0.50,ORANGE,STAGE_TABLELIKE_EXPANSION_REVIEW,VRN_1D1_REPORTTEXT_TABLELIKE_EXPANSION,C:\Users\tonyk\OneDrive\VeritasIntelligenceAnalytics\module\VRN\output\_route_lock_runs\RUN_20260525_195119_VRN_GO_M01_60PDF_FULL_V120\full_input_60pdf\20260519兆豐個股報告-望隼(4771).pdf,2026-06-15T16:25:25.776090,bb3b66e6a03dd3839cf356e12f74d924052e53e4
33280450a5af073c2547,dc367a89b6fb,4771,,兆豐,2026-05-19,2024Q1,2024,Q1,IS,tax_expense,所得稅費用,-4.0,-4.0,%,TWD,,7," 
評等分級：買進（預期未來六個月股價漲輻超過+30%）; 逢低買進（預期未來六個月股價漲輻介於+15%與+30%之間）; 區間操
作（預期未來六個月股價漲跌輻介於-15%與+15%之間）; 逢高賣出（預期未來六個月股價跌輻介於-15%與-30%之間）；賣出（預
期未來六個月股價跌輻超過-30%）。 
本刊所刊載之內容僅做為參考，惟已力求正確與完整，但因時間及市場客觀因素改變所造成產業、市場或個股之相關條件改變，投資人需自行考量
投資之需求與風險，本公司恕不負擔任何法律責任。任何轉載或引用本報告內容必須經本公司同意。 
 
- 7 - 
個股報告 
財務報表 
 
季度損益表 
單位：新台幣百萬元 
 4771望隼 
2024 
25Q1 
25Q2 
25Q3 
25Q4 
2025 
26Q1 
26Q2(F) 26Q3(F) 26Q4(F) 2026(F) 
營業收入淨額
 3,002 
 811
 872
 854 
 951
 3,487 
 1,031 
 1,086 
1,137 
1,199 
4,453
營業成本
 1,823 
 475
 517
 512 
 558
 2,061 
 608
 645
678 
711
2,642
營業毛利淨額
 1,179 
 336
 356
 342 
 393
 1,426 
 423 
 441
459 
488
1,811
營業費用
 291 
 97
 100
 107 
 116
 420 
 124 
 128
131 
138
521
營業淨利(損)
 888 
 238
 256
 234 
 277
 1,006 
 298 
 313
328 
350
1,289
營業外收支
 
 
 
 
利息收入
 18 
 3
 7
 4 
 6
 19 
 2 
 2
4 
5
13
財務成本
 29 
 7
 6
 7 
 6
 26 
 6 
 6
8 
8
28
其他利益及損失
 29 
 11
 (74)
 33 
 22
 (8) 
 14 
 2
11
-15
12
其他收支淨額
 14 
 10
 2
 3 
 3
 18 
 3 
 3
3 
5
14
營業外收支淨額合計
 32 
18
-71
32 
24
 3 
13 
1
10 
-13
11
稅前淨利
 920 
25",857530a25cb24b2eb1036434,197,,PENDING,,PENDING,,PENDING,0.50,ORANGE,STAGE_TABLELIKE_EXPANSION_REVIEW,VRN_1D1_REPORTTEXT_TABLELIKE_EXPANSION,C:\Users\tonyk\OneDrive\VeritasIntelligenceAnalytics\module\VRN\output\_route_lock_runs\RUN_20260525_195119_VRN_GO_M01_60PDF_FULL_V120\full_input_60pdf\20260519兆豐個股報告-望隼(4771).pdf,2026-06-15T16:25:25.776099,05b3762630567cc023d8f370b8791d3b67436330
33280450a5af073c2547,dc367a89b6fb,4771,,兆豐,2026-05-19,2024Q1,2024,Q1,IS,tax_expense,所得稅費用,15.1,15.1,%,TWD,,7," 
評等分級：買進（預期未來六個月股價漲輻超過+30%）; 逢低買進（預期未來六個月股價漲輻介於+15%與+30%之間）; 區間操
作（預期未來六個月股價漲跌輻介於-15%與+15%之間）; 逢高賣出（預期未來六個月股價跌輻介於-15%與-30%之間）；賣出（預
期未來六個月股價跌輻超過-30%）。 
本刊所刊載之內容僅做為參考，惟已力求正確與完整，但因時間及市場客觀因素改變所造成產業、市場或個股之相關條件改變，投資人需自行考量
投資之需求與風險，本公司恕不負擔任何法律責任。任何轉載或引用本報告內容必須經本公司同意。 
 
- 7 - 
個股報告 
財務報表 
 
季度損益表 
單位：新台幣百萬元 
 4771望隼 
2024 
25Q1 
25Q2 
25Q3 
25Q4 
2025 
26Q1 
26Q2(F) 26Q3(F) 26Q4(F) 2026(F) 
營業收入淨額
 3,002 
 811
 872
 854 
 951
 3,487 
 1,031 
 1,086 
1,137 
1,199 
4,453
營業成本
 1,823 
 475
 517
 512 
 558
 2,061 
 608
 645
678 
711
2,642
營業毛利淨額
 1,179 
 336
 356
 342 
 393
 1,426 
 423 
 441
459 
488
1,811
營業費用
 291 
 97
 100
 107 
 116
 420 
 124 
 128
131 
138
521
營業淨利(損)
 888 
 238
 256
 234 
 277
 1,006 
 298 
 313
328 
350
1,289
營業外收支
 
 
 
 
利息收入
 18 
 3
 7
 4 
 6
 19 
 2 
 2
4 
5
13
財務成本
 29 
 7
 6
 7 
 6
 26 
 6 
 6
8 
8
28
其他利益及損失
 29 
 11
 (74)
 33 
 22
 (8) 
 14 
 2
11
-15
12
其他收支淨額
 14 
 10
 2
 3 
 3
 18 
 3 
 3
3 
5
14
營業外收支淨額合計
 32 
18
-71
32 
24
 3 
13 
1
10 
-13
11
稅前淨利
 920 
25",857530a25cb24b2eb1036434,198,,PENDING,,PENDING,,PENDING,0.50,ORANGE,STAGE_TABLELIKE_EXPANSION_REVIEW,VRN_1D1_REPORTTEXT_TABLELIKE_EXPANSION,C:\Users\tonyk\OneDrive\VeritasIntelligenceAnalytics\module\VRN\output\_route_lock_runs\RUN_20260525_195119_VRN_GO_M01_60PDF_FULL_V120\full_input_60pdf\20260519兆豐個股報告-望隼(4771).pdf,2026-06-15T16:25:25.776111,3dcace3ae7a0473cce79264acd350125c49a0c91
33280450a5af073c2547,dc367a89b6fb,4771,,兆豐,2026-05-19,2024Q1,2024,Q1,IS,tax_expense,所得稅費用,7.5,7.5,%,TWD,,7," 
評等分級：買進（預期未來六個月股價漲輻超過+30%）; 逢低買進（預期未來六個月股價漲輻介於+15%與+30%之間）; 區間操
作（預期未來六個月股價漲跌輻介於-15%與+15%之間）; 逢高賣出（預期未來六個月股價跌輻介於-15%與-30%之間）；賣出（預
期未來六個月股價跌輻超過-30%）。 
本刊所刊載之內容僅做為參考，惟已力求正確與完整，但因時間及市場客觀因素改變所造成產業、市場或個股之相關條件改變，投資人需自行考量
投資之需求與風險，本公司恕不負擔任何法律責任。任何轉載或引用本報告內容必須經本公司同意。 
 
- 7 - 
個股報告 
財務報表 
 
季度損益表 
單位：新台幣百萬元 
 4771望隼 
2024 
25Q1 
25Q2 
25Q3 
25Q4 
2025 
26Q1 
26Q2(F) 26Q3(F) 26Q4(F) 2026(F) 
營業收入淨額
 3,002 
 811
 872
 854 
 951
 3,487 
 1,031 
 1,086 
1,137 
1,199 
4,453
營業成本
 1,823 
 475
 517
 512 
 558
 2,061 
 608
 645
678 
711
2,642
營業毛利淨額
 1,179 
 336
 356
 342 
 393
 1,426 
 423 
 441
459 
488
1,811
營業費用
 291 
 97
 100
 107 
 116
 420 
 124 
 128
131 
138
521
營業淨利(損)
 888 
 238
 256
 234 
 277
 1,006 
 298 
 313
328 
350
1,289
營業外收支
 
 
 
 
利息收入
 18 
 3
 7
 4 
 6
 19 
 2 
 2
4 
5
13
財務成本
 29 
 7
 6
 7 
 6
 26 
 6 
 6
8 
8
28
其他利益及損失
 29 
 11
 (74)
 33 
 22
 (8) 
 14 
 2
11
-15
12
其他收支淨額
 14 
 10
 2
 3 
 3
 18 
 3 
 3
3 
5
14
營業外收支淨額合計
 32 
18
-71
32 
24
 3 
13 
1
10 
-13
11
稅前淨利
 920 
25",857530a25cb24b2eb1036434,199,,PENDING,,PENDING,,PENDING,0.50,ORANGE,STAGE_TABLELIKE_EXPANSION_REVIEW,VRN_1D1_REPORTTEXT_TABLELIKE_EXPANSION,C:\Users\tonyk\OneDrive\VeritasIntelligenceAnalytics\module\VRN\output\_route_lock_runs\RUN_20260525_195119_VRN_GO_M01_60PDF_FULL_V120\full_input_60pdf\20260519兆豐個股報告-望隼(4771).pdf,2026-06-15T16:25:25.776121,ab7efe310e09daa05cc9a69163ea38ef9e7b1fe0
33280450a5af073c2547,dc367a89b6fb,4771,,兆豐,2026-05-19,2024Q1,2024,Q1,IS,tax_expense,所得稅費用,4.4,4.4,%,TWD,,7," 
評等分級：買進（預期未來六個月股價漲輻超過+30%）; 逢低買進（預期未來六個月股價漲輻介於+15%與+30%之間）; 區間操
作（預期未來六個月股價漲跌輻介於-15%與+15%之間）; 逢高賣出（預期未來六個月股價跌輻介於-15%與-30%之間）；賣出（預
期未來六個月股價跌輻超過-30%）。 
本刊所刊載之內容僅做為參考，惟已力求正確與完整，但因時間及市場客觀因素改變所造成產業、市場或個股之相關條件改變，投資人需自行考量
投資之需求與風險，本公司恕不負擔任何法律責任。任何轉載或引用本報告內容必須經本公司同意。 
 
- 7 - 
個股報告 
財務報表 
 
季度損益表 
單位：新台幣百萬元 
 4771望隼 
2024 
25Q1 
25Q2 
25Q3 
25Q4 
2025 
26Q1 
26Q2(F) 26Q3(F) 26Q4(F) 2026(F) 
營業收入淨額
 3,002 
 811
 872
 854 
 951
 3,487 
 1,031 
 1,086 
1,137 
1,199 
4,453
營業成本
 1,823 
 475
 517
 512 
 558
 2,061 
 608
 645
678 
711
2,642
營業毛利淨額
 1,179 
 336
 356
 342 
 393
 1,426 
 423 
 441
459 
488
1,811
營業費用
 291 
 97
 100
 107 
 116
 420 
 124 
 128
131 
138
521
營業淨利(損)
 888 
 238
 256
 234 
 277
 1,006 
 298 
 313
328 
350
1,289
營業外收支
 
 
 
 
利息收入
 18 
 3
 7
 4 
 6
 19 
 2 
 2
4 
5
13
財務成本
 29 
 7
 6
 7 
 6
 26 
 6 
 6
8 
8
28
其他利益及損失
 29 
 11
 (74)
 33 
 22
 (8) 
 14 
 2
11
-15
12
其他收支淨額
 14 
 10
 2
 3 
 3
 18 
 3 
 3
3 
5
14
營業外收支淨額合計
 32 
18
-71
32 
24
 3 
13 
1
10 
-13
11
稅前淨利
 920 
25",857530a25cb24b2eb1036434,200,,PENDING,,PENDING,,PENDING,0.50,ORANGE,STAGE_TABLELIKE_EXPANSION_REVIEW,VRN_1D1_REPORTTEXT_TABLELIKE_EXPANSION,C:\Users\tonyk\OneDrive\VeritasIntelligenceAnalytics\module\VRN\output\_route_lock_runs\RUN_20260525_195119_VRN_GO_M01_60PDF_FULL_V120\full_input_60pdf\20260519兆豐個股報告-望隼(4771).pdf,2026-06-15T16:25:25.776131,1d9c2d49314aba9230c7dd580ba822bf62327bf7
33280450a5af073c2547,dc367a89b6fb,4771,,兆豐,2026-05-19,2024Q1,2024,Q1,IS,tax_expense,所得稅費用,4.1,4.1,%,TWD,,7," 
評等分級：買進（預期未來六個月股價漲輻超過+30%）; 逢低買進（預期未來六個月股價漲輻介於+15%與+30%之間）; 區間操
作（預期未來六個月股價漲跌輻介於-15%與+15%之間）; 逢高賣出（預期未來六個月股價跌輻介於-15%與-30%之間）；賣出（預
期未來六個月股價跌輻超過-30%）。 
本刊所刊載之內容僅做為參考，惟已力求正確與完整，但因時間及市場客觀因素改變所造成產業、市場或個股之相關條件改變，投資人需自行考量
投資之需求與風險，本公司恕不負擔任何法律責任。任何轉載或引用本報告內容必須經本公司同意。 
 
- 7 - 
個股報告 
財務報表 
 
季度損益表 
單位：新台幣百萬元 
 4771望隼 
2024 
25Q1 
25Q2 
25Q3 
25Q4 
2025 
26Q1 
26Q2(F) 26Q3(F) 26Q4(F) 2026(F) 
營業收入淨額
 3,002 
 811
 872
 854 
 951
 3,487 
 1,031 
 1,086 
1,137 
1,199 
4,453
營業成本
 1,823 
 475
 517
 512 
 558
 2,061 
 608
 645
678 
711
2,642
營業毛利淨額
 1,179 
 336
 356
 342 
 393
 1,426 
 423 
 441
459 
488
1,811
營業費用
 291 
 97
 100
 107 
 116
 420 
 124 
 128
131 
138
521
營業淨利(損)
 888 
 238
 256
 234 
 277
 1,006 
 298 
 313
328 
350
1,289
營業外收支
 
 
 
 
利息收入
 18 
 3
 7
 4 
 6
 19 
 2 
 2
4 
5
13
財務成本
 29 
 7
 6
 7 
 6
 26 
 6 
 6
8 
8
28
其他利益及損失
 29 
 11
 (74)
 33 
 22
 (8) 
 14 
 2
11
-15
12
其他收支淨額
 14 
 10
 2
 3 
 3
 18 
 3 
 3
3 
5
14
營業外收支淨額合計
 32 
18
-71
32 
24
 3 
13 
1
10 
-13
11
稅前淨利
 920 
25",857530a25cb24b2eb1036434,201,,PENDING,,PENDING,,PENDING,0.50,ORANGE,STAGE_TABLELIKE_EXPANSION_REVIEW,VRN_1D1_REPORTTEXT_TABLELIKE_EXPANSION,C:\Users\tonyk\OneDrive\VeritasIntelligenceAnalytics\module\VRN\output\_route_lock_runs\RUN_20260525_195119_VRN_GO_M01_60PDF_FULL_V120\full_input_60pdf\20260519兆豐個股報告-望隼(4771).pdf,2026-06-15T16:25:25.776140,02114b6a1c4a962f479d5173e5701a660a93a4b2
33280450a5af073c2547,dc367a89b6fb,4771,,兆豐,2026-05-19,2024Q1,2024,Q1,IS,tax_expense,所得稅費用,6.3,6.3,%,TWD,,7," 
評等分級：買進（預期未來六個月股價漲輻超過+30%）; 逢低買進（預期未來六個月股價漲輻介於+15%與+30%之間）; 區間操
作（預期未來六個月股價漲跌輻介於-15%與+15%之間）; 逢高賣出（預期未來六個月股價跌輻介於-15%與-30%之間）；賣出（預
期未來六個月股價跌輻超過-30%）。 
本刊所刊載之內容僅做為參考，惟已力求正確與完整，但因時間及市場客觀因素改變所造成產業、市場或個股之相關條件改變，投資人需自行考量
投資之需求與風險，本公司恕不負擔任何法律責任。任何轉載或引用本報告內容必須經本公司同意。 
 
- 7 - 
個股報告 
財務報表 
 
季度損益表 
單位：新台幣百萬元 
 4771望隼 
2024 
25Q1 
25Q2 
25Q3 
25Q4 
2025 
26Q1 
26Q2(F) 26Q3(F) 26Q4(F) 2026(F) 
營業收入淨額
 3,002 
 811
 872
 854 
 951
 3,487 
 1,031 
 1,086 
1,137 
1,199 
4,453
營業成本
 1,823 
 475
 517
 512 
 558
 2,061 
 608
 645
678 
711
2,642
營業毛利淨額
 1,179 
 336
 356
 342 
 393
 1,426 
 423 
 441
459 
488
1,811
營業費用
 291 
 97
 100
 107 
 116
 420 
 124 
 128
131 
138
521
營業淨利(損)
 888 
 238
 256
 234 
 277
 1,006 
 298 
 313
328 
350
1,289
營業外收支
 
 
 
 
利息收入
 18 
 3
 7
 4 
 6
 19 
 2 
 2
4 
5
13
財務成本
 29 
 7
 6
 7 
 6
 26 
 6 
 6
8 
8
28
其他利益及損失
 29 
 11
 (74)
 33 
 22
 (8) 
 14 
 2
11
-15
12
其他收支淨額
 14 
 10
 2
 3 
 3
 18 
 3 
 3
3 
5
14
營業外收支淨額合計
 32 
18
-71
32 
24
 3 
13 
1
10 
-13
11
稅前淨利
 920 
25",857530a25cb24b2eb1036434,202,,PENDING,,PENDING,,PENDING,0.50,ORANGE,STAGE_TABLELIKE_EXPANSION_REVIEW,VRN_1D1_REPORTTEXT_TABLELIKE_EXPANSION,C:\Users\tonyk\OneDrive\VeritasIntelligenceAnalytics\module\VRN\output\_route_lock_runs\RUN_20260525_195119_VRN_GO_M01_60PDF_FULL_V120\full_input_60pdf\20260519兆豐個股報告-望隼(4771).pdf,2026-06-15T16:25:25.776150,e11b7a3e806b96e3ad8042a6746d26e3013dfa26
33280450a5af073c2547,dc367a89b6fb,4771,,兆豐,2026-05-19,2024Q1,2024,Q1,IS,tax_expense,所得稅費用,7.5,7.5,%,TWD,,7," 
評等分級：買進（預期未來六個月股價漲輻超過+30%）; 逢低買進（預期未來六個月股價漲輻介於+15%與+30%之間）; 區間操
作（預期未來六個月股價漲跌輻介於-15%與+15%之間）; 逢高賣出（預期未來六個月股價跌輻介於-15%與-30%之間）；賣出（預
期未來六個月股價跌輻超過-30%）。 
本刊所刊載之內容僅做為參考，惟已力求正確與完整，但因時間及市場客觀因素改變所造成產業、市場或個股之相關條件改變，投資人需自行考量
投資之需求與風險，本公司恕不負擔任何法律責任。任何轉載或引用本報告內容必須經本公司同意。 
 
- 7 - 
個股報告 
財務報表 
 
季度損益表 
單位：新台幣百萬元 
 4771望隼 
2024 
25Q1 
25Q2 
25Q3 
25Q4 
2025 
26Q1 
26Q2(F) 26Q3(F) 26Q4(F) 2026(F) 
營業收入淨額
 3,002 
 811
 872
 854 
 951
 3,487 
 1,031 
 1,086 
1,137 
1,199 
4,453
營業成本
 1,823 
 475
 517
 512 
 558
 2,061 
 608
 645
678 
711
2,642
營業毛利淨額
 1,179 
 336
 356
 342 
 393
 1,426 
 423 
 441
459 
488
1,811
營業費用
 291 
 97
 100
 107 
 116
 420 
 124 
 128
131 
138
521
營業淨利(損)
 888 
 238
 256
 234 
 277
 1,006 
 298 
 313
328 
350
1,289
營業外收支
 
 
 
 
利息收入
 18 
 3
 7
 4 
 6
 19 
 2 
 2
4 
5
13
財務成本
 29 
 7
 6
 7 
 6
 26 
 6 
 6
8 
8
28
其他利益及損失
 29 
 11
 (74)
 33 
 22
 (8) 
 14 
 2
11
-15
12
其他收支淨額
 14 
 10
 2
 3 
 3
 18 
 3 
 3
3 
5
14
營業外收支淨額合計
 32 
18
-71
32 
24
 3 
13 
1
10 
-13
11
稅前淨利
 920 
25",857530a25cb24b2eb1036434,203,,PENDING,,PENDING,,PENDING,0.50,ORANGE,STAGE_TABLELIKE_EXPANSION_REVIEW,VRN_1D1_REPORTTEXT_TABLELIKE_EXPANSION,C:\Users\tonyk\OneDrive\VeritasIntelligenceAnalytics\module\VRN\output\_route_lock_runs\RUN_20260525_195119_VRN_GO_M01_60PDF_FULL_V120\full_input_60pdf\20260519兆豐個股報告-望隼(4771).pdf,2026-06-15T16:25:25.776160,74a3c4836c647d81cc04e52ff053d1cb3a7af84c
33280450a5af073c2547,dc367a89b6fb,4771,,兆豐,2026-05-19,2024Q1,2024,Q1,IS,tax_expense,所得稅費用,7.4,7.4,%,TWD,,7," 
評等分級：買進（預期未來六個月股價漲輻超過+30%）; 逢低買進（預期未來六個月股價漲輻介於+15%與+30%之間）; 區間操
作（預期未來六個月股價漲跌輻介於-15%與+15%之間）; 逢高賣出（預期未來六個月股價跌輻介於-15%與-30%之間）；賣出（預
期未來六個月股價跌輻超過-30%）。 
本刊所刊載之內容僅做為參考，惟已力求正確與完整，但因時間及市場客觀因素改變所造成產業、市場或個股之相關條件改變，投資人需自行考量
投資之需求與風險，本公司恕不負擔任何法律責任。任何轉載或引用本報告內容必須經本公司同意。 
 
- 7 - 
個股報告 
財務報表 
 
季度損益表 
單位：新台幣百萬元 
 4771望隼 
2024 
25Q1 
25Q2 
25Q3 
25Q4 
2025 
26Q1 
26Q2(F) 26Q3(F) 26Q4(F) 2026(F) 
營業收入淨額
 3,002 
 811
 872
 854 
 951
 3,487 
 1,031 
 1,086 
1,137 
1,199 
4,453
營業成本
 1,823 
 475
 517
 512 
 558
 2,061 
 608
 645
678 
711
2,642
營業毛利淨額
 1,179 
 336
 356
 342 
 393
 1,426 
 423 
 441
459 
488
1,811
營業費用
 291 
 97
 100
 107 
 116
 420 
 124 
 128
131 
138
521
營業淨利(損)
 888 
 238
 256
 234 
 277
 1,006 
 298 
 313
328 
350
1,289
營業外收支
 
 
 
 
利息收入
 18 
 3
 7
 4 
 6
 19 
 2 
 2
4 
5
13
財務成本
 29 
 7
 6
 7 
 6
 26 
 6 
 6
8 
8
28
其他利益及損失
 29 
 11
 (74)
 33 
 22
 (8) 
 14 
 2
11
-15
12
其他收支淨額
 14 
 10
 2
 3 
 3
 18 
 3 
 3
3 
5
14
營業外收支淨額合計
 32 
18
-71
32 
24
 3 
13 
1
10 
-13
11
稅前淨利
 920 
25",857530a25cb24b2eb1036434,204,,PENDING,,PENDING,,PENDING,0.50,ORANGE,STAGE_TABLELIKE_EXPANSION_REVIEW,VRN_1D1_REPORTTEXT_TABLELIKE_EXPANSION,C:\Users\tonyk\OneDrive\VeritasIntelligenceAnalytics\module\VRN\output\_route_lock_runs\RUN_20260525_195119_VRN_GO_M01_60PDF_FULL_V120\full_input_60pdf\20260519兆豐個股報告-望隼(4771).pdf,2026-06-15T16:25:25.776169,3ec967e357427483133c9213f34c12c29e9a3f9a
33280450a5af073c2547,dc367a89b6fb,4771,,兆豐,2026-05-19,2024Q1,2024,Q1,IS,tax_expense,所得稅費用,-8.5,-8.5,%,TWD,,7," 
評等分級：買進（預期未來六個月股價漲輻超過+30%）; 逢低買進（預期未來六個月股價漲輻介於+15%與+30%之間）; 區間操
作（預期未來六個月股價漲跌輻介於-15%與+15%之間）; 逢高賣出（預期未來六個月股價跌輻介於-15%與-30%之間）；賣出（預
期未來六個月股價跌輻超過-30%）。 
本刊所刊載之內容僅做為參考，惟已力求正確與完整，但因時間及市場客觀因素改變所造成產業、市場或個股之相關條件改變，投資人需自行考量
投資之需求與風險，本公司恕不負擔任何法律責任。任何轉載或引用本報告內容必須經本公司同意。 
 
- 7 - 
個股報告 
財務報表 
 
季度損益表 
單位：新台幣百萬元 
 4771望隼 
2024 
25Q1 
25Q2 
25Q3 
25Q4 
2025 
26Q1 
26Q2(F) 26Q3(F) 26Q4(F) 2026(F) 
營業收入淨額
 3,002 
 811
 872
 854 
 951
 3,487 
 1,031 
 1,086 
1,137 
1,199 
4,453
營業成本
 1,823 
 475
 517
 512 
 558
 2,061 
 608
 645
678 
711
2,642
營業毛利淨額
 1,179 
 336
 356
 342 
 393
 1,426 
 423 
 441
459 
488
1,811
營業費用
 291 
 97
 100
 107 
 116
 420 
 124 
 128
131 
138
521
營業淨利(損)
 888 
 238
 256
 234 
 277
 1,006 
 298 
 313
328 
350
1,289
營業外收支
 
 
 
 
利息收入
 18 
 3
 7
 4 
 6
 19 
 2 
 2
4 
5
13
財務成本
 29 
 7
 6
 7 
 6
 26 
 6 
 6
8 
8
28
其他利益及損失
 29 
 11
 (74)
 33 
 22
 (8) 
 14 
 2
11
-15
12
其他收支淨額
 14 
 10
 2
 3 
 3
 18 
 3 
 3
3 
5
14
營業外收支淨額合計
 32 
18
-71
32 
24
 3 
13 
1
10 
-13
11
稅前淨利
 920 
25",857530a25cb24b2eb1036434,205,,PENDING,,PENDING,,PENDING,0.50,ORANGE,STAGE_TABLELIKE_EXPANSION_REVIEW,VRN_1D1_REPORTTEXT_TABLELIKE_EXPANSION,C:\Users\tonyk\OneDrive\VeritasIntelligenceAnalytics\module\VRN\output\_route_lock_runs\RUN_20260525_195119_VRN_GO_M01_60PDF_FULL_V120\full_input_60pdf\20260519兆豐個股報告-望隼(4771).pdf,2026-06-15T16:25:25.776178,4aa50c41321e8b8d07a60ab4ba9380865fc9a71f
33280450a5af073c2547,dc367a89b6fb,4771,,兆豐,2026-05-19,2024Q1,2024,Q1,IS,tax_expense,所得稅費用,18.1,18.1,%,TWD,,7," 
評等分級：買進（預期未來六個月股價漲輻超過+30%）; 逢低買進（預期未來六個月股價漲輻介於+15%與+30%之間）; 區間操
作（預期未來六個月股價漲跌輻介於-15%與+15%之間）; 逢高賣出（預期未來六個月股價跌輻介於-15%與-30%之間）；賣出（預
期未來六個月股價跌輻超過-30%）。 
本刊所刊載之內容僅做為參考，惟已力求正確與完整，但因時間及市場客觀因素改變所造成產業、市場或個股之相關條件改變，投資人需自行考量
投資之需求與風險，本公司恕不負擔任何法律責任。任何轉載或引用本報告內容必須經本公司同意。 
 
- 7 - 
個股報告 
財務報表 
 
季度損益表 
單位：新台幣百萬元 
 4771望隼 
2024 
25Q1 
25Q2 
25Q3 
25Q4 
2025 
26Q1 
26Q2(F) 26Q3(F) 26Q4(F) 2026(F) 
營業收入淨額
 3,002 
 811
 872
 854 
 951
 3,487 
 1,031 
 1,086 
1,137 
1,199 
4,453
營業成本
 1,823 
 475
 517
 512 
 558
 2,061 
 608
 645
678 
711
2,642
營業毛利淨額
 1,179 
 336
 356
 342 
 393
 1,426 
 423 
 441
459 
488
1,811
營業費用
 291 
 97
 100
 107 
 116
 420 
 124 
 128
131 
138
521
營業淨利(損)
 888 
 238
 256
 234 
 277
 1,006 
 298 
 313
328 
350
1,289
營業外收支
 
 
 
 
利息收入
 18 
 3
 7
 4 
 6
 19 
 2 
 2
4 
5
13
財務成本
 29 
 7
 6
 7 
 6
 26 
 6 
 6
8 
8
28
其他利益及損失
 29 
 11
 (74)
 33 
 22
 (8) 
 14 
 2
11
-15
12
其他收支淨額
 14 
 10
 2
 3 
 3
 18 
 3 
 3
3 
5
14
營業外收支淨額合計
 32 
18
-71
32 
24
 3 
13 
1
10 
-13
11
稅前淨利
 920 
25",857530a25cb24b2eb1036434,206,,PENDING,,PENDING,,PENDING,0.50,ORANGE,STAGE_TABLELIKE_EXPANSION_REVIEW,VRN_1D1_REPORTTEXT_TABLELIKE_EXPANSION,C:\Users\tonyk\OneDrive\VeritasIntelligenceAnalytics\module\VRN\output\_route_lock_runs\RUN_20260525_195119_VRN_GO_M01_60PDF_FULL_V120\full_input_60pdf\20260519兆豐個股報告-望隼(4771).pdf,2026-06-15T16:25:25.776188,8a5357acfdc858df877f3aeea5bb6387a87f7c3b
33280450a5af073c2547,dc367a89b6fb,4771,,兆豐,2026-05-19,2024Q1,2024,Q1,IS,tax_expense,所得稅費用,7.7,7.7,%,TWD,,7," 
評等分級：買進（預期未來六個月股價漲輻超過+30%）; 逢低買進（預期未來六個月股價漲輻介於+15%與+30%之間）; 區間操
作（預期未來六個月股價漲跌輻介於-15%與+15%之間）; 逢高賣出（預期未來六個月股價跌輻介於-15%與-30%之間）；賣出（預
期未來六個月股價跌輻超過-30%）。 
本刊所刊載之內容僅做為參考，惟已力求正確與完整，但因時間及市場客觀因素改變所造成產業、市場或個股之相關條件改變，投資人需自行考量
投資之需求與風險，本公司恕不負擔任何法律責任。任何轉載或引用本報告內容必須經本公司同意。 
 
- 7 - 
個股報告 
財務報表 
 
季度損益表 
單位：新台幣百萬元 
 4771望隼 
2024 
25Q1 
25Q2 
25Q3 
25Q4 
2025 
26Q1 
26Q2(F) 26Q3(F) 26Q4(F) 2026(F) 
營業收入淨額
 3,002 
 811
 872
 854 
 951
 3,487 
 1,031 
 1,086 
1,137 
1,199 
4,453
營業成本
 1,823 
 475
 517
 512 
 558
 2,061 
 608
 645
678 
711
2,642
營業毛利淨額
 1,179 
 336
 356
 342 
 393
 1,426 
 423 
 441
459 
488
1,811
營業費用
 291 
 97
 100
 107 
 116
 420 
 124 
 128
131 
138
521
營業淨利(損)
 888 
 238
 256
 234 
 277
 1,006 
 298 
 313
328 
350
1,289
營業外收支
 
 
 
 
利息收入
 18 
 3
 7
 4 
 6
 19 
 2 
 2
4 
5
13
財務成本
 29 
 7
 6
 7 
 6
 26 
 6 
 6
8 
8
28
其他利益及損失
 29 
 11
 (74)
 33 
 22
 (8) 
 14 
 2
11
-15
12
其他收支淨額
 14 
 10
 2
 3 
 3
 18 
 3 
 3
3 
5
14
營業外收支淨額合計
 32 
18
-71
32 
24
 3 
13 
1
10 
-13
11
稅前淨利
 920 
25",857530a25cb24b2eb1036434,207,,PENDING,,PENDING,,PENDING,0.50,ORANGE,STAGE_TABLELIKE_EXPANSION_REVIEW,VRN_1D1_REPORTTEXT_TABLELIKE_EXPANSION,C:\Users\tonyk\OneDrive\VeritasIntelligenceAnalytics\module\VRN\output\_route_lock_runs\RUN_20260525_195119_VRN_GO_M01_60PDF_FULL_V120\full_input_60pdf\20260519兆豐個股報告-望隼(4771).pdf,2026-06-15T16:25:25.776197,66f0d041ce4e0abe87c634c427176ac9a4cc671b
33280450a5af073c2547,dc367a89b6fb,4771,,兆豐,2026-05-19,2024Q1,2024,Q1,IS,tax_expense,所得稅費用,5.0,5.0,%,TWD,,7," 
評等分級：買進（預期未來六個月股價漲輻超過+30%）; 逢低買進（預期未來六個月股價漲輻介於+15%與+30%之間）; 區間操
作（預期未來六個月股價漲跌輻介於-15%與+15%之間）; 逢高賣出（預期未來六個月股價跌輻介於-15%與-30%之間）；賣出（預
期未來六個月股價跌輻超過-30%）。 
本刊所刊載之內容僅做為參考，惟已力求正確與完整，但因時間及市場客觀因素改變所造成產業、市場或個股之相關條件改變，投資人需自行考量
投資之需求與風險，本公司恕不負擔任何法律責任。任何轉載或引用本報告內容必須經本公司同意。 
 
- 7 - 
個股報告 
財務報表 
 
季度損益表 
單位：新台幣百萬元 
 4771望隼 
2024 
25Q1 
25Q2 
25Q3 
25Q4 
2025 
26Q1 
26Q2(F) 26Q3(F) 26Q4(F) 2026(F) 
營業收入淨額
 3,002 
 811
 872
 854 
 951
 3,487 
 1,031 
 1,086 
1,137 
1,199 
4,453
營業成本
 1,823 
 475
 517
 512 
 558
 2,061 
 608
 645
678 
711
2,642
營業毛利淨額
 1,179 
 336
 356
 342 
 393
 1,426 
 423 
 441
459 
488
1,811
營業費用
 291 
 97
 100
 107 
 116
 420 
 124 
 128
131 
138
521
營業淨利(損)
 888 
 238
 256
 234 
 277
 1,006 
 298 
 313
328 
350
1,289
營業外收支
 
 
 
 
利息收入
 18 
 3
 7
 4 
 6
 19 
 2 
 2
4 
5
13
財務成本
 29 
 7
 6
 7 
 6
 26 
 6 
 6
8 
8
28
其他利益及損失
 29 
 11
 (74)
 33 
 22
 (8) 
 14 
 2
11
-15
12
其他收支淨額
 14 
 10
 2
 3 
 3
 18 
 3 
 3
3 
5
14
營業外收支淨額合計
 32 
18
-71
32 
24
 3 
13 
1
10 
-13
11
稅前淨利
 920 
25",857530a25cb24b2eb1036434,208,,PENDING,,PENDING,,PENDING,0.50,ORANGE,STAGE_TABLELIKE_EXPANSION_REVIEW,VRN_1D1_REPORTTEXT_TABLELIKE_EXPANSION,C:\Users\tonyk\OneDrive\VeritasIntelligenceAnalytics\module\VRN\output\_route_lock_runs\RUN_20260525_195119_VRN_GO_M01_60PDF_FULL_V120\full_input_60pdf\20260519兆豐個股報告-望隼(4771).pdf,2026-06-15T16:25:25.776206,90e39b2a6097ee0be2156ec60cc9f299b2d28dfb
33280450a5af073c2547,dc367a89b6fb,4771,,兆豐,2026-05-19,2024Q1,2024,Q1,IS,tax_expense,所得稅費用,4.8,4.8,%,TWD,,7," 
評等分級：買進（預期未來六個月股價漲輻超過+30%）; 逢低買進（預期未來六個月股價漲輻介於+15%與+30%之間）; 區間操
作（預期未來六個月股價漲跌輻介於-15%與+15%之間）; 逢高賣出（預期未來六個月股價跌輻介於-15%與-30%之間）；賣出（預
期未來六個月股價跌輻超過-30%）。 
本刊所刊載之內容僅做為參考，惟已力求正確與完整，但因時間及市場客觀因素改變所造成產業、市場或個股之相關條件改變，投資人需自行考量
投資之需求與風險，本公司恕不負擔任何法律責任。任何轉載或引用本報告內容必須經本公司同意。 
 
- 7 - 
個股報告 
財務報表 
 
季度損益表 
單位：新台幣百萬元 
 4771望隼 
2024 
25Q1 
25Q2 
25Q3 
25Q4 
2025 
26Q1 
26Q2(F) 26Q3(F) 26Q4(F) 2026(F) 
營業收入淨額
 3,002 
 811
 872
 854 
 951
 3,487 
 1,031 
 1,086 
1,137 
1,199 
4,453
營業成本
 1,823 
 475
 517
 512 
 558
 2,061 
 608
 645
678 
711
2,642
營業毛利淨額
 1,179 
 336
 356
 342 
 393
 1,426 
 423 
 441
459 
488
1,811
營業費用
 291 
 97
 100
 107 
 116
 420 
 124 
 128
131 
138
521
營業淨利(損)
 888 
 238
 256
 234 
 277
 1,006 
 298 
 313
328 
350
1,289
營業外收支
 
 
 
 
利息收入
 18 
 3
 7
 4 
 6
 19 
 2 
 2
4 
5
13
財務成本
 29 
 7
 6
 7 
 6
 26 
 6 
 6
8 
8
28
其他利益及損失
 29 
 11
 (74)
 33 
 22
 (8) 
 14 
 2
11
-15
12
其他收支淨額
 14 
 10
 2
 3 
 3
 18 
 3 
 3
3 
5
14
營業外收支淨額合計
 32 
18
-71
32 
24
 3 
13 
1
10 
-13
11
稅前淨利
 920 
25",857530a25cb24b2eb1036434,209,,PENDING,,PENDING,,PENDING,0.50,ORANGE,STAGE_TABLELIKE_EXPANSION_REVIEW,VRN_1D1_REPORTTEXT_TABLELIKE_EXPANSION,C:\Users\tonyk\OneDrive\VeritasIntelligenceAnalytics\module\VRN\output\_route_lock_runs\RUN_20260525_195119_VRN_GO_M01_60PDF_FULL_V120\full_input_60pdf\20260519兆豐個股報告-望隼(4771).pdf,2026-06-15T16:25:25.776216,779252b68f0baf13ad39803a1ce31e935f9d00e0
33280450a5af073c2547,dc367a89b6fb,4771,,兆豐,2026-05-19,2024Q1,2024,Q1,IS,tax_expense,所得稅費用,6.7,6.7,%,TWD,,7," 
評等分級：買進（預期未來六個月股價漲輻超過+30%）; 逢低買進（預期未來六個月股價漲輻介於+15%與+30%之間）; 區間操
作（預期未來六個月股價漲跌輻介於-15%與+15%之間）; 逢高賣出（預期未來六個月股價跌輻介於-15%與-30%之間）；賣出（預
期未來六個月股價跌輻超過-30%）。 
本刊所刊載之內容僅做為參考，惟已力求正確與完整，但因時間及市場客觀因素改變所造成產業、市場或個股之相關條件改變，投資人需自行考量
投資之需求與風險，本公司恕不負擔任何法律責任。任何轉載或引用本報告內容必須經本公司同意。 
 
- 7 - 
個股報告 
財務報表 
 
季度損益表 
單位：新台幣百萬元 
 4771望隼 
2024 
25Q1 
25Q2 
25Q3 
25Q4 
2025 
26Q1 
26Q2(F) 26Q3(F) 26Q4(F) 2026(F) 
營業收入淨額
 3,002 
 811
 872
 854 
 951
 3,487 
 1,031 
 1,086 
1,137 
1,199 
4,453
營業成本
 1,823 
 475
 517
 512 
 558
 2,061 
 608
 645
678 
711
2,642
營業毛利淨額
 1,179 
 336
 356
 342 
 393
 1,426 
 423 
 441
459 
488
1,811
營業費用
 291 
 97
 100
 107 
 116
 420 
 124 
 128
131 
138
521
營業淨利(損)
 888 
 238
 256
 234 
 277
 1,006 
 298 
 313
328 
350
1,289
營業外收支
 
 
 
 
利息收入
 18 
 3
 7
 4 
 6
 19 
 2 
 2
4 
5
13
財務成本
 29 
 7
 6
 7 
 6
 26 
 6 
 6
8 
8
28
其他利益及損失
 29 
 11
 (74)
 33 
 22
 (8) 
 14 
 2
11
-15
12
其他收支淨額
 14 
 10
 2
 3 
 3
 18 
 3 
 3
3 
5
14
營業外收支淨額合計
 32 
18
-71
32 
24
 3 
13 
1
10 
-13
11
稅前淨利
 920 
25",857530a25cb24b2eb1036434,210,,PENDING,,PENDING,,PENDING,0.50,ORANGE,STAGE_TABLELIKE_EXPANSION_REVIEW,VRN_1D1_REPORTTEXT_TABLELIKE_EXPANSION,C:\Users\tonyk\OneDrive\VeritasIntelligenceAnalytics\module\VRN\output\_route_lock_runs\RUN_20260525_195119_VRN_GO_M01_60PDF_FULL_V120\full_input_60pdf\20260519兆豐個股報告-望隼(4771).pdf,2026-06-15T16:25:25.776225,938c81a8ccd2a1bceffedcc406e87cc2eeef3b76
33280450a5af073c2547,dc367a89b6fb,4771,,兆豐,2026-05-19,2024Q1,2024,Q1,IS,tax_expense,所得稅費用,11.0,11.0,%,TWD,,7," 
評等分級：買進（預期未來六個月股價漲輻超過+30%）; 逢低買進（預期未來六個月股價漲輻介於+15%與+30%之間）; 區間操
作（預期未來六個月股價漲跌輻介於-15%與+15%之間）; 逢高賣出（預期未來六個月股價跌輻介於-15%與-30%之間）；賣出（預
期未來六個月股價跌輻超過-30%）。 
本刊所刊載之內容僅做為參考，惟已力求正確與完整，但因時間及市場客觀因素改變所造成產業、市場或個股之相關條件改變，投資人需自行考量
投資之需求與風險，本公司恕不負擔任何法律責任。任何轉載或引用本報告內容必須經本公司同意。 
 
- 7 - 
個股報告 
財務報表 
 
季度損益表 
單位：新台幣百萬元 
 4771望隼 
2024 
25Q1 
25Q2 
25Q3 
25Q4 
2025 
26Q1 
26Q2(F) 26Q3(F) 26Q4(F) 2026(F) 
營業收入淨額
 3,002 
 811
 872
 854 
 951
 3,487 
 1,031 
 1,086 
1,137 
1,199 
4,453
營業成本
 1,823 
 475
 517
 512 
 558
 2,061 
 608
 645
678 
711
2,642
營業毛利淨額
 1,179 
 336
 356
 342 
 393
 1,426 
 423 
 441
459 
488
1,811
營業費用
 291 
 97
 100
 107 
 116
 420 
 124 
 128
131 
138
521
營業淨利(損)
 888 
 238
 256
 234 
 277
 1,006 
 298 
 313
328 
350
1,289
營業外收支
 
 
 
 
利息收入
 18 
 3
 7
 4 
 6
 19 
 2 
 2
4 
5
13
財務成本
 29 
 7
 6
 7 
 6
 26 
 6 
 6
8 
8
28
其他利益及損失
 29 
 11
 (74)
 33 
 22
 (8) 
 14 
 2
11
-15
12
其他收支淨額
 14 
 10
 2
 3 
 3
 18 
 3 
 3
3 
5
14
營業外收支淨額合計
 32 
18
-71
32 
24
 3 
13 
1
10 
-13
11
稅前淨利
 920 
25",857530a25cb24b2eb1036434,211,,PENDING,,PENDING,,PENDING,0.50,ORANGE,STAGE_TABLELIKE_EXPANSION_REVIEW,VRN_1D1_REPORTTEXT_TABLELIKE_EXPANSION,C:\Users\tonyk\OneDrive\VeritasIntelligenceAnalytics\module\VRN\output\_route_lock_runs\RUN_20260525_195119_VRN_GO_M01_60PDF_FULL_V120\full_input_60pdf\20260519兆豐個股報告-望隼(4771).pdf,2026-06-15T16:25:25.776235,5bb0c7983144816d794918a4cfdea22b1f89d4be
33280450a5af073c2547,dc367a89b6fb,4771,,兆豐,2026-05-19,2024Q1,2024,Q1,IS,tax_expense,所得稅費用,-27.9,-27.9,%,TWD,,7," 
評等分級：買進（預期未來六個月股價漲輻超過+30%）; 逢低買進（預期未來六個月股價漲輻介於+15%與+30%之間）; 區間操
作（預期未來六個月股價漲跌輻介於-15%與+15%之間）; 逢高賣出（預期未來六個月股價跌輻介於-15%與-30%之間）；賣出（預
期未來六個月股價跌輻超過-30%）。 
本刊所刊載之內容僅做為參考，惟已力求正確與完整，但因時間及市場客觀因素改變所造成產業、市場或個股之相關條件改變，投資人需自行考量
投資之需求與風險，本公司恕不負擔任何法律責任。任何轉載或引用本報告內容必須經本公司同意。 
 
- 7 - 
個股報告 
財務報表 
 
季度損益表 
單位：新台幣百萬元 
 4771望隼 
2024 
25Q1 
25Q2 
25Q3 
25Q4 
2025 
26Q1 
26Q2(F) 26Q3(F) 26Q4(F) 2026(F) 
營業收入淨額
 3,002 
 811
 872
 854 
 951
 3,487 
 1,031 
 1,086 
1,137 
1,199 
4,453
營業成本
 1,823 
 475
 517
 512 
 558
 2,061 
 608
 645
678 
711
2,642
營業毛利淨額
 1,179 
 336
 356
 342 
 393
 1,426 
 423 
 441
459 
488
1,811
營業費用
 291 
 97
 100
 107 
 116
 420 
 124 
 128
131 
138
521
營業淨利(損)
 888 
 238
 256
 234 
 277
 1,006 
 298 
 313
328 
350
1,289
營業外收支
 
 
 
 
利息收入
 18 
 3
 7
 4 
 6
 19 
 2 
 2
4 
5
13
財務成本
 29 
 7
 6
 7 
 6
 26 
 6 
 6
8 
8
28
其他利益及損失
 29 
 11
 (74)
 33 
 22
 (8) 
 14 
 2
11
-15
12
其他收支淨額
 14 
 10
 2
 3 
 3
 18 
 3 
 3
3 
5
14
營業外收支淨額合計
 32 
18
-71
32 
24
 3 
13 
1
10 
-13
11
稅前淨利
 920 
25",857530a25cb24b2eb1036434,212,,PENDING,,PENDING,,PENDING,0.50,ORANGE,STAGE_TABLELIKE_EXPANSION_REVIEW,VRN_1D1_REPORTTEXT_TABLELIKE_EXPANSION,C:\Users\tonyk\OneDrive\VeritasIntelligenceAnalytics\module\VRN\output\_route_lock_runs\RUN_20260525_195119_VRN_GO_M01_60PDF_FULL_V120\full_input_60pdf\20260519兆豐個股報告-望隼(4771).pdf,2026-06-15T16:25:25.776244,249314d282caf25ead3ad2e3ca9c5acec8b57afc
33280450a5af073c2547,dc367a89b6fb,4771,,兆豐,2026-05-19,2024Q1,2024,Q1,IS,tax_expense,所得稅費用,44.5,44.5,%,TWD,,7," 
評等分級：買進（預期未來六個月股價漲輻超過+30%）; 逢低買進（預期未來六個月股價漲輻介於+15%與+30%之間）; 區間操
作（預期未來六個月股價漲跌輻介於-15%與+15%之間）; 逢高賣出（預期未來六個月股價跌輻介於-15%與-30%之間）；賣出（預
期未來六個月股價跌輻超過-30%）。 
本刊所刊載之內容僅做為參考，惟已力求正確與完整，但因時間及市場客觀因素改變所造成產業、市場或個股之相關條件改變，投資人需自行考量
投資之需求與風險，本公司恕不負擔任何法律責任。任何轉載或引用本報告內容必須經本公司同意。 
 
- 7 - 
個股報告 
財務報表 
 
季度損益表 
單位：新台幣百萬元 
 4771望隼 
2024 
25Q1 
25Q2 
25Q3 
25Q4 
2025 
26Q1 
26Q2(F) 26Q3(F) 26Q4(F) 2026(F) 
營業收入淨額
 3,002 
 811
 872
 854 
 951
 3,487 
 1,031 
 1,086 
1,137 
1,199 
4,453
營業成本
 1,823 
 475
 517
 512 
 558
 2,061 
 608
 645
678 
711
2,642
營業毛利淨額
 1,179 
 336
 356
 342 
 393
 1,426 
 423 
 441
459 
488
1,811
營業費用
 291 
 97
 100
 107 
 116
 420 
 124 
 128
131 
138
521
營業淨利(損)
 888 
 238
 256
 234 
 277
 1,006 
 298 
 313
328 
350
1,289
營業外收支
 
 
 
 
利息收入
 18 
 3
 7
 4 
 6
 19 
 2 
 2
4 
5
13
財務成本
 29 
 7
 6
 7 
 6
 26 
 6 
 6
8 
8
28
其他利益及損失
 29 
 11
 (74)
 33 
 22
 (8) 
 14 
 2
11
-15
12
其他收支淨額
 14 
 10
 2
 3 
 3
 18 
 3 
 3
3 
5
14
營業外收支淨額合計
 32 
18
-71
32 
24
 3 
13 
1
10 
-13
11
稅前淨利
 920 
25",857530a25cb24b2eb1036434,213,,PENDING,,PENDING,,PENDING,0.50,ORANGE,STAGE_TABLELIKE_EXPANSION_REVIEW,VRN_1D1_REPORTTEXT_TABLELIKE_EXPANSION,C:\Users\tonyk\OneDrive\VeritasIntelligenceAnalytics\module\VRN\output\_route_lock_runs\RUN_20260525_195119_VRN_GO_M01_60PDF_FULL_V120\full_input_60pdf\20260519兆豐個股報告-望隼(4771).pdf,2026-06-15T16:25:25.776253,769a3500cea1655df63c1f97ae2294a5a2074442
33280450a5af073c2547,dc367a89b6fb,4771,,兆豐,2026-05-19,2024Q1,2024,Q1,IS,tax_expense,所得稅費用,12.9,12.9,%,TWD,,7," 
評等分級：買進（預期未來六個月股價漲輻超過+30%）; 逢低買進（預期未來六個月股價漲輻介於+15%與+30%之間）; 區間操
作（預期未來六個月股價漲跌輻介於-15%與+15%之間）; 逢高賣出（預期未來六個月股價跌輻介於-15%與-30%之間）；賣出（預
期未來六個月股價跌輻超過-30%）。 
本刊所刊載之內容僅做為參考，惟已力求正確與完整，但因時間及市場客觀因素改變所造成產業、市場或個股之相關條件改變，投資人需自行考量
投資之需求與風險，本公司恕不負擔任何法律責任。任何轉載或引用本報告內容必須經本公司同意。 
 
- 7 - 
個股報告 
財務報表 
 
季度損益表 
單位：新台幣百萬元 
 4771望隼 
2024 
25Q1 
25Q2 
25Q3 
25Q4 
2025 
26Q1 
26Q2(F) 26Q3(F) 26Q4(F) 2026(F) 
營業收入淨額
 3,002 
 811
 872
 854 
 951
 3,487 
 1,031 
 1,086 
1,137 
1,199 
4,453
營業成本
 1,823 
 475
 517
 512 
 558
 2,061 
 608
 645
678 
711
2,642
營業毛利淨額
 1,179 
 336
 356
 342 
 393
 1,426 
 423 
 441
459 
488
1,811
營業費用
 291 
 97
 100
 107 
 116
 420 
 124 
 128
131 
138
521
營業淨利(損)
 888 
 238
 256
 234 
 277
 1,006 
 298 
 313
328 
350
1,289
營業外收支
 
 
 
 
利息收入
 18 
 3
 7
 4 
 6
 19 
 2 
 2
4 
5
13
財務成本
 29 
 7
 6
 7 
 6
 26 
 6 
 6
8 
8
28
其他利益及損失
 29 
 11
 (74)
 33 
 22
 (8) 
 14 
 2
11
-15
12
其他收支淨額
 14 
 10
 2
 3 
 3
 18 
 3 
 3
3 
5
14
營業外收支淨額合計
 32 
18
-71
32 
24
 3 
13 
1
10 
-13
11
稅前淨利
 920 
25",857530a25cb24b2eb1036434,214,,PENDING,,PENDING,,PENDING,0.50,ORANGE,STAGE_TABLELIKE_EXPANSION_REVIEW,VRN_1D1_REPORTTEXT_TABLELIKE_EXPANSION,C:\Users\tonyk\OneDrive\VeritasIntelligenceAnalytics\module\VRN\output\_route_lock_runs\RUN_20260525_195119_VRN_GO_M01_60PDF_FULL_V120\full_input_60pdf\20260519兆豐個股報告-望隼(4771).pdf,2026-06-15T16:25:25.776264,a918d9c51698b223dc13fe543c0ce7c8e4b409b4
33280450a5af073c2547,dc367a89b6fb,4771,,兆豐,2026-05-19,2024Q1,2024,Q1,IS,tax_expense,所得稅費用,3.1,3.1,%,TWD,,7," 
評等分級：買進（預期未來六個月股價漲輻超過+30%）; 逢低買進（預期未來六個月股價漲輻介於+15%與+30%之間）; 區間操
作（預期未來六個月股價漲跌輻介於-15%與+15%之間）; 逢高賣出（預期未來六個月股價跌輻介於-15%與-30%之間）；賣出（預
期未來六個月股價跌輻超過-30%）。 
本刊所刊載之內容僅做為參考，惟已力求正確與完整，但因時間及市場客觀因素改變所造成產業、市場或個股之相關條件改變，投資人需自行考量
投資之需求與風險，本公司恕不負擔任何法律責任。任何轉載或引用本報告內容必須經本公司同意。 
 
- 7 - 
個股報告 
財務報表 
 
季度損益表 
單位：新台幣百萬元 
 4771望隼 
2024 
25Q1 
25Q2 
25Q3 
25Q4 
2025 
26Q1 
26Q2(F) 26Q3(F) 26Q4(F) 2026(F) 
營業收入淨額
 3,002 
 811
 872
 854 
 951
 3,487 
 1,031 
 1,086 
1,137 
1,199 
4,453
營業成本
 1,823 
 475
 517
 512 
 558
 2,061 
 608
 645
678 
711
2,642
營業毛利淨額
 1,179 
 336
 356
 342 
 393
 1,426 
 423 
 441
459 
488
1,811
營業費用
 291 
 97
 100
 107 
 116
 420 
 124 
 128
131 
138
521
營業淨利(損)
 888 
 238
 256
 234 
 277
 1,006 
 298 
 313
328 
350
1,289
營業外收支
 
 
 
 
利息收入
 18 
 3
 7
 4 
 6
 19 
 2 
 2
4 
5
13
財務成本
 29 
 7
 6
 7 
 6
 26 
 6 
 6
8 
8
28
其他利益及損失
 29 
 11
 (74)
 33 
 22
 (8) 
 14 
 2
11
-15
12
其他收支淨額
 14 
 10
 2
 3 
 3
 18 
 3 
 3
3 
5
14
營業外收支淨額合計
 32 
18
-71
32 
24
 3 
13 
1
10 
-13
11
稅前淨利
 920 
25",857530a25cb24b2eb1036434,215,,PENDING,,PENDING,,PENDING,0.50,ORANGE,STAGE_TABLELIKE_EXPANSION_REVIEW,VRN_1D1_REPORTTEXT_TABLELIKE_EXPANSION,C:\Users\tonyk\OneDrive\VeritasIntelligenceAnalytics\module\VRN\output\_route_lock_runs\RUN_20260525_195119_VRN_GO_M01_60PDF_FULL_V120\full_input_60pdf\20260519兆豐個股報告-望隼(4771).pdf,2026-06-15T16:25:25.776274,7554698856938a779c3abc6fdb33ae0947c8d531
33280450a5af073c2547,dc367a89b6fb,4771,,兆豐,2026-05-19,2024Q1,2024,Q1,IS,tax_expense,所得稅費用,1.1,1.1,%,TWD,,7," 
評等分級：買進（預期未來六個月股價漲輻超過+30%）; 逢低買進（預期未來六個月股價漲輻介於+15%與+30%之間）; 區間操
作（預期未來六個月股價漲跌輻介於-15%與+15%之間）; 逢高賣出（預期未來六個月股價跌輻介於-15%與-30%之間）；賣出（預
期未來六個月股價跌輻超過-30%）。 
本刊所刊載之內容僅做為參考，惟已力求正確與完整，但因時間及市場客觀因素改變所造成產業、市場或個股之相關條件改變，投資人需自行考量
投資之需求與風險，本公司恕不負擔任何法律責任。任何轉載或引用本報告內容必須經本公司同意。 
 
- 7 - 
個股報告 
財務報表 
 
季度損益表 
單位：新台幣百萬元 
 4771望隼 
2024 
25Q1 
25Q2 
25Q3 
25Q4 
2025 
26Q1 
26Q2(F) 26Q3(F) 26Q4(F) 2026(F) 
營業收入淨額
 3,002 
 811
 872
 854 
 951
 3,487 
 1,031 
 1,086 
1,137 
1,199 
4,453
營業成本
 1,823 
 475
 517
 512 
 558
 2,061 
 608
 645
678 
711
2,642
營業毛利淨額
 1,179 
 336
 356
 342 
 393
 1,426 
 423 
 441
459 
488
1,811
營業費用
 291 
 97
 100
 107 
 116
 420 
 124 
 128
131 
138
521
營業淨利(損)
 888 
 238
 256
 234 
 277
 1,006 
 298 
 313
328 
350
1,289
營業外收支
 
 
 
 
利息收入
 18 
 3
 7
 4 
 6
 19 
 2 
 2
4 
5
13
財務成本
 29 
 7
 6
 7 
 6
 26 
 6 
 6
8 
8
28
其他利益及損失
 29 
 11
 (74)
 33 
 22
 (8) 
 14 
 2
11
-15
12
其他收支淨額
 14 
 10
 2
 3 
 3
 18 
 3 
 3
3 
5
14
營業外收支淨額合計
 32 
18
-71
32 
24
 3 
13 
1
10 
-13
11
稅前淨利
 920 
25",857530a25cb24b2eb1036434,216,,PENDING,,PENDING,,PENDING,0.50,ORANGE,STAGE_TABLELIKE_EXPANSION_REVIEW,VRN_1D1_REPORTTEXT_TABLELIKE_EXPANSION,C:\Users\tonyk\OneDrive\VeritasIntelligenceAnalytics\module\VRN\output\_route_lock_runs\RUN_20260525_195119_VRN_GO_M01_60PDF_FULL_V120\full_input_60pdf\20260519兆豐個股報告-望隼(4771).pdf,2026-06-15T16:25:25.776284,7ea77da51677330d09066d772617ddb31cc1826b
33280450a5af073c2547,dc367a89b6fb,4771,,兆豐,2026-05-19,2024Q1,2024,Q1,IS,tax_expense,所得稅費用,7.6,7.6,%,TWD,,7," 
評等分級：買進（預期未來六個月股價漲輻超過+30%）; 逢低買進（預期未來六個月股價漲輻介於+15%與+30%之間）; 區間操
作（預期未來六個月股價漲跌輻介於-15%與+15%之間）; 逢高賣出（預期未來六個月股價跌輻介於-15%與-30%之間）；賣出（預
期未來六個月股價跌輻超過-30%）。 
本刊所刊載之內容僅做為參考，惟已力求正確與完整，但因時間及市場客觀因素改變所造成產業、市場或個股之相關條件改變，投資人需自行考量
投資之需求與風險，本公司恕不負擔任何法律責任。任何轉載或引用本報告內容必須經本公司同意。 
 
- 7 - 
個股報告 
財務報表 
 
季度損益表 
單位：新台幣百萬元 
 4771望隼 
2024 
25Q1 
25Q2 
25Q3 
25Q4 
2025 
26Q1 
26Q2(F) 26Q3(F) 26Q4(F) 2026(F) 
營業收入淨額
 3,002 
 811
 872
 854 
 951
 3,487 
 1,031 
 1,086 
1,137 
1,199 
4,453
營業成本
 1,823 
 475
 517
 512 
 558
 2,061 
 608
 645
678 
711
2,642
營業毛利淨額
 1,179 
 336
 356
 342 
 393
 1,426 
 423 
 441
459 
488
1,811
營業費用
 291 
 97
 100
 107 
 116
 420 
 124 
 128
131 
138
521
營業淨利(損)
 888 
 238
 256
 234 
 277
 1,006 
 298 
 313
328 
350
1,289
營業外收支
 
 
 
 
利息收入
 18 
 3
 7
 4 
 6
 19 
 2 
 2
4 
5
13
財務成本
 29 
 7
 6
 7 
 6
 26 
 6 
 6
8 
8
28
其他利益及損失
 29 
 11
 (74)
 33 
 22
 (8) 
 14 
 2
11
-15
12
其他收支淨額
 14 
 10
 2
 3 
 3
 18 
 3 
 3
3 
5
14
營業外收支淨額合計
 32 
18
-71
32 
24
 3 
13 
1
10 
-13
11
稅前淨利
 920 
25",857530a25cb24b2eb1036434,217,,PENDING,,PENDING,,PENDING,0.50,ORANGE,STAGE_TABLELIKE_EXPANSION_REVIEW,VRN_1D1_REPORTTEXT_TABLELIKE_EXPANSION,C:\Users\tonyk\OneDrive\VeritasIntelligenceAnalytics\module\VRN\output\_route_lock_runs\RUN_20260525_195119_VRN_GO_M01_60PDF_FULL_V120\full_input_60pdf\20260519兆豐個股報告-望隼(4771).pdf,2026-06-15T16:25:25.776293,e5a4470fc6ddef9b39fb3e4feea8e6c7f570f80d
33280450a5af073c2547,dc367a89b6fb,4771,,兆豐,2026-05-19,2024Q1,2024,Q1,IS,tax_expense,所得稅費用,-0.3,-0.3,%,TWD,,7," 
評等分級：買進（預期未來六個月股價漲輻超過+30%）; 逢低買進（預期未來六個月股價漲輻介於+15%與+30%之間）; 區間操
作（預期未來六個月股價漲跌輻介於-15%與+15%之間）; 逢高賣出（預期未來六個月股價跌輻介於-15%與-30%之間）；賣出（預
期未來六個月股價跌輻超過-30%）。 
本刊所刊載之內容僅做為參考，惟已力求正確與完整，但因時間及市場客觀因素改變所造成產業、市場或個股之相關條件改變，投資人需自行考量
投資之需求與風險，本公司恕不負擔任何法律責任。任何轉載或引用本報告內容必須經本公司同意。 
 
- 7 - 
個股報告 
財務報表 
 
季度損益表 
單位：新台幣百萬元 
 4771望隼 
2024 
25Q1 
25Q2 
25Q3 
25Q4 
2025 
26Q1 
26Q2(F) 26Q3(F) 26Q4(F) 2026(F) 
營業收入淨額
 3,002 
 811
 872
 854 
 951
 3,487 
 1,031 
 1,086 
1,137 
1,199 
4,453
營業成本
 1,823 
 475
 517
 512 
 558
 2,061 
 608
 645
678 
711
2,642
營業毛利淨額
 1,179 
 336
 356
 342 
 393
 1,426 
 423 
 441
459 
488
1,811
營業費用
 291 
 97
 100
 107 
 116
 420 
 124 
 128
131 
138
521
營業淨利(損)
 888 
 238
 256
 234 
 277
 1,006 
 298 
 313
328 
350
1,289
營業外收支
 
 
 
 
利息收入
 18 
 3
 7
 4 
 6
 19 
 2 
 2
4 
5
13
財務成本
 29 
 7
 6
 7 
 6
 26 
 6 
 6
8 
8
28
其他利益及損失
 29 
 11
 (74)
 33 
 22
 (8) 
 14 
 2
11
-15
12
其他收支淨額
 14 
 10
 2
 3 
 3
 18 
 3 
 3
3 
5
14
營業外收支淨額合計
 32 
18
-71
32 
24
 3 
13 
1
10 
-13
11
稅前淨利
 920 
25",857530a25cb24b2eb1036434,218,,PENDING,,PENDING,,PENDING,0.50,ORANGE,STAGE_TABLELIKE_EXPANSION_REVIEW,VRN_1D1_REPORTTEXT_TABLELIKE_EXPANSION,C:\Users\tonyk\OneDrive\VeritasIntelligenceAnalytics\module\VRN\output\_route_lock_runs\RUN_20260525_195119_VRN_GO_M01_60PDF_FULL_V120\full_input_60pdf\20260519兆豐個股報告-望隼(4771).pdf,2026-06-15T16:25:25.776303,6fca314cb17b582e13df77aa4d7f45520cbf65f9
33280450a5af073c2547,dc367a89b6fb,4771,,兆豐,2026-05-19,2024Q1,2024,Q1,IS,tax_expense,所得稅費用,13.9,13.9,%,TWD,,7," 
評等分級：買進（預期未來六個月股價漲輻超過+30%）; 逢低買進（預期未來六個月股價漲輻介於+15%與+30%之間）; 區間操
作（預期未來六個月股價漲跌輻介於-15%與+15%之間）; 逢高賣出（預期未來六個月股價跌輻介於-15%與-30%之間）；賣出（預
期未來六個月股價跌輻超過-30%）。 
本刊所刊載之內容僅做為參考，惟已力求正確與完整，但因時間及市場客觀因素改變所造成產業、市場或個股之相關條件改變，投資人需自行考量
投資之需求與風險，本公司恕不負擔任何法律責任。任何轉載或引用本報告內容必須經本公司同意。 
 
- 7 - 
個股報告 
財務報表 
 
季度損益表 
單位：新台幣百萬元 
 4771望隼 
2024 
25Q1 
25Q2 
25Q3 
25Q4 
2025 
26Q1 
26Q2(F) 26Q3(F) 26Q4(F) 2026(F) 
營業收入淨額
 3,002 
 811
 872
 854 
 951
 3,487 
 1,031 
 1,086 
1,137 
1,199 
4,453
營業成本
 1,823 
 475
 517
 512 
 558
 2,061 
 608
 645
678 
711
2,642
營業毛利淨額
 1,179 
 336
 356
 342 
 393
 1,426 
 423 
 441
459 
488
1,811
營業費用
 291 
 97
 100
 107 
 116
 420 
 124 
 128
131 
138
521
營業淨利(損)
 888 
 238
 256
 234 
 277
 1,006 
 298 
 313
328 
350
1,289
營業外收支
 
 
 
 
利息收入
 18 
 3
 7
 4 
 6
 19 
 2 
 2
4 
5
13
財務成本
 29 
 7
 6
 7 
 6
 26 
 6 
 6
8 
8
28
其他利益及損失
 29 
 11
 (74)
 33 
 22
 (8) 
 14 
 2
11
-15
12
其他收支淨額
 14 
 10
 2
 3 
 3
 18 
 3 
 3
3 
5
14
營業外收支淨額合計
 32 
18
-71
32 
24
 3 
13 
1
10 
-13
11
稅前淨利
 920 
25",857530a25cb24b2eb1036434,219,,PENDING,,PENDING,,PENDING,0.50,ORANGE,STAGE_TABLELIKE_EXPANSION_REVIEW,VRN_1D1_REPORTTEXT_TABLELIKE_EXPANSION,C:\Users\tonyk\OneDrive\VeritasIntelligenceAnalytics\module\VRN\output\_route_lock_runs\RUN_20260525_195119_VRN_GO_M01_60PDF_FULL_V120\full_input_60pdf\20260519兆豐個股報告-望隼(4771).pdf,2026-06-15T16:25:25.776312,170bedd98bf34d2fc6bd03356ffe61c50ca81ed2
33280450a5af073c2547,dc367a89b6fb,4771,,兆豐,2026-05-19,2024Q1,2024,Q1,IS,tax_expense,所得稅費用,-22.3,-22.3,%,TWD,,7," 
評等分級：買進（預期未來六個月股價漲輻超過+30%）; 逢低買進（預期未來六個月股價漲輻介於+15%與+30%之間）; 區間操
作（預期未來六個月股價漲跌輻介於-15%與+15%之間）; 逢高賣出（預期未來六個月股價跌輻介於-15%與-30%之間）；賣出（預
期未來六個月股價跌輻超過-30%）。 
本刊所刊載之內容僅做為參考，惟已力求正確與完整，但因時間及市場客觀因素改變所造成產業、市場或個股之相關條件改變，投資人需自行考量
投資之需求與風險，本公司恕不負擔任何法律責任。任何轉載或引用本報告內容必須經本公司同意。 
 
- 7 - 
個股報告 
財務報表 
 
季度損益表 
單位：新台幣百萬元 
 4771望隼 
2024 
25Q1 
25Q2 
25Q3 
25Q4 
2025 
26Q1 
26Q2(F) 26Q3(F) 26Q4(F) 2026(F) 
營業收入淨額
 3,002 
 811
 872
 854 
 951
 3,487 
 1,031 
 1,086 
1,137 
1,199 
4,453
營業成本
 1,823 
 475
 517
 512 
 558
 2,061 
 608
 645
678 
711
2,642
營業毛利淨額
 1,179 
 336
 356
 342 
 393
 1,426 
 423 
 441
459 
488
1,811
營業費用
 291 
 97
 100
 107 
 116
 420 
 124 
 128
131 
138
521
營業淨利(損)
 888 
 238
 256
 234 
 277
 1,006 
 298 
 313
328 
350
1,289
營業外收支
 
 
 
 
利息收入
 18 
 3
 7
 4 
 6
 19 
 2 
 2
4 
5
13
財務成本
 29 
 7
 6
 7 
 6
 26 
 6 
 6
8 
8
28
其他利益及損失
 29 
 11
 (74)
 33 
 22
 (8) 
 14 
 2
11
-15
12
其他收支淨額
 14 
 10
 2
 3 
 3
 18 
 3 
 3
3 
5
14
營業外收支淨額合計
 32 
18
-71
32 
24
 3 
13 
1
10 
-13
11
稅前淨利
 920 
25",857530a25cb24b2eb1036434,220,,PENDING,,PENDING,,PENDING,0.50,ORANGE,STAGE_TABLELIKE_EXPANSION_REVIEW,VRN_1D1_REPORTTEXT_TABLELIKE_EXPANSION,C:\Users\tonyk\OneDrive\VeritasIntelligenceAnalytics\module\VRN\output\_route_lock_runs\RUN_20260525_195119_VRN_GO_M01_60PDF_FULL_V120\full_input_60pdf\20260519兆豐個股報告-望隼(4771).pdf,2026-06-15T16:25:25.776321,8a0ff45428e2be89fe60156d02396a3f86ea8ec2
33280450a5af073c2547,dc367a89b6fb,4771,,兆豐,2026-05-19,2024Q1,2024,Q1,IS,tax_expense,所得稅費用,28.8,28.8,%,TWD,,7," 
評等分級：買進（預期未來六個月股價漲輻超過+30%）; 逢低買進（預期未來六個月股價漲輻介於+15%與+30%之間）; 區間操
作（預期未來六個月股價漲跌輻介於-15%與+15%之間）; 逢高賣出（預期未來六個月股價跌輻介於-15%與-30%之間）；賣出（預
期未來六個月股價跌輻超過-30%）。 
本刊所刊載之內容僅做為參考，惟已力求正確與完整，但因時間及市場客觀因素改變所造成產業、市場或個股之相關條件改變，投資人需自行考量
投資之需求與風險，本公司恕不負擔任何法律責任。任何轉載或引用本報告內容必須經本公司同意。 
 
- 7 - 
個股報告 
財務報表 
 
季度損益表 
單位：新台幣百萬元 
 4771望隼 
2024 
25Q1 
25Q2 
25Q3 
25Q4 
2025 
26Q1 
26Q2(F) 26Q3(F) 26Q4(F) 2026(F) 
營業收入淨額
 3,002 
 811
 872
 854 
 951
 3,487 
 1,031 
 1,086 
1,137 
1,199 
4,453
營業成本
 1,823 
 475
 517
 512 
 558
 2,061 
 608
 645
678 
711
2,642
營業毛利淨額
 1,179 
 336
 356
 342 
 393
 1,426 
 423 
 441
459 
488
1,811
營業費用
 291 
 97
 100
 107 
 116
 420 
 124 
 128
131 
138
521
營業淨利(損)
 888 
 238
 256
 234 
 277
 1,006 
 298 
 313
328 
350
1,289
營業外收支
 
 
 
 
利息收入
 18 
 3
 7
 4 
 6
 19 
 2 
 2
4 
5
13
財務成本
 29 
 7
 6
 7 
 6
 26 
 6 
 6
8 
8
28
其他利益及損失
 29 
 11
 (74)
 33 
 22
 (8) 
 14 
 2
11
-15
12
其他收支淨額
 14 
 10
 2
 3 
 3
 18 
 3 
 3
3 
5
14
營業外收支淨額合計
 32 
18
-71
32 
24
 3 
13 
1
10 
-13
11
稅前淨利
 920 
25",857530a25cb24b2eb1036434,221,,PENDING,,PENDING,,PENDING,0.50,ORANGE,STAGE_TABLELIKE_EXPANSION_REVIEW,VRN_1D1_REPORTTEXT_TABLELIKE_EXPANSION,C:\Users\tonyk\OneDrive\VeritasIntelligenceAnalytics\module\VRN\output\_route_lock_runs\RUN_20260525_195119_VRN_GO_M01_60PDF_FULL_V120\full_input_60pdf\20260519兆豐個股報告-望隼(4771).pdf,2026-06-15T16:25:25.776331,ef2352b9b62139a44a575b9296cb9000d8eb84b7
33280450a5af073c2547,dc367a89b6fb,4771,,兆豐,2026-05-19,2024Q1,2024,Q1,IS,tax_expense,所得稅費用,6.6,6.6,%,TWD,,7," 
評等分級：買進（預期未來六個月股價漲輻超過+30%）; 逢低買進（預期未來六個月股價漲輻介於+15%與+30%之間）; 區間操
作（預期未來六個月股價漲跌輻介於-15%與+15%之間）; 逢高賣出（預期未來六個月股價跌輻介於-15%與-30%之間）；賣出（預
期未來六個月股價跌輻超過-30%）。 
本刊所刊載之內容僅做為參考，惟已力求正確與完整，但因時間及市場客觀因素改變所造成產業、市場或個股之相關條件改變，投資人需自行考量
投資之需求與風險，本公司恕不負擔任何法律責任。任何轉載或引用本報告內容必須經本公司同意。 
 
- 7 - 
個股報告 
財務報表 
 
季度損益表 
單位：新台幣百萬元 
 4771望隼 
2024 
25Q1 
25Q2 
25Q3 
25Q4 
2025 
26Q1 
26Q2(F) 26Q3(F) 26Q4(F) 2026(F) 
營業收入淨額
 3,002 
 811
 872
 854 
 951
 3,487 
 1,031 
 1,086 
1,137 
1,199 
4,453
營業成本
 1,823 
 475
 517
 512 
 558
 2,061 
 608
 645
678 
711
2,642
營業毛利淨額
 1,179 
 336
 356
 342 
 393
 1,426 
 423 
 441
459 
488
1,811
營業費用
 291 
 97
 100
 107 
 116
 420 
 124 
 128
131 
138
521
營業淨利(損)
 888 
 238
 256
 234 
 277
 1,006 
 298 
 313
328 
350
1,289
營業外收支
 
 
 
 
利息收入
 18 
 3
 7
 4 
 6
 19 
 2 
 2
4 
5
13
財務成本
 29 
 7
 6
 7 
 6
 26 
 6 
 6
8 
8
28
其他利益及損失
 29 
 11
 (74)
 33 
 22
 (8) 
 14 
 2
11
-15
12
其他收支淨額
 14 
 10
 2
 3 
 3
 18 
 3 
 3
3 
5
14
營業外收支淨額合計
 32 
18
-71
32 
24
 3 
13 
1
10 
-13
11
稅前淨利
 920 
25",857530a25cb24b2eb1036434,222,,PENDING,,PENDING,,PENDING,0.50,ORANGE,STAGE_TABLELIKE_EXPANSION_REVIEW,VRN_1D1_REPORTTEXT_TABLELIKE_EXPANSION,C:\Users\tonyk\OneDrive\VeritasIntelligenceAnalytics\module\VRN\output\_route_lock_runs\RUN_20260525_195119_VRN_GO_M01_60PDF_FULL_V120\full_input_60pdf\20260519兆豐個股報告-望隼(4771).pdf,2026-06-15T16:25:25.776340,a024a1e50a10401613a1d62758a6d8fff7c9deba
33280450a5af073c2547,dc367a89b6fb,4771,,兆豐,2026-05-19,2024Q1,2024,Q1,IS,tax_expense,所得稅費用,4.5,4.5,%,TWD,,7," 
評等分級：買進（預期未來六個月股價漲輻超過+30%）; 逢低買進（預期未來六個月股價漲輻介於+15%與+30%之間）; 區間操
作（預期未來六個月股價漲跌輻介於-15%與+15%之間）; 逢高賣出（預期未來六個月股價跌輻介於-15%與-30%之間）；賣出（預
期未來六個月股價跌輻超過-30%）。 
本刊所刊載之內容僅做為參考，惟已力求正確與完整，但因時間及市場客觀因素改變所造成產業、市場或個股之相關條件改變，投資人需自行考量
投資之需求與風險，本公司恕不負擔任何法律責任。任何轉載或引用本報告內容必須經本公司同意。 
 
- 7 - 
個股報告 
財務報表 
 
季度損益表 
單位：新台幣百萬元 
 4771望隼 
2024 
25Q1 
25Q2 
25Q3 
25Q4 
2025 
26Q1 
26Q2(F) 26Q3(F) 26Q4(F) 2026(F) 
營業收入淨額
 3,002 
 811
 872
 854 
 951
 3,487 
 1,031 
 1,086 
1,137 
1,199 
4,453
營業成本
 1,823 
 475
 517
 512 
 558
 2,061 
 608
 645
678 
711
2,642
營業毛利淨額
 1,179 
 336
 356
 342 
 393
 1,426 
 423 
 441
459 
488
1,811
營業費用
 291 
 97
 100
 107 
 116
 420 
 124 
 128
131 
138
521
營業淨利(損)
 888 
 238
 256
 234 
 277
 1,006 
 298 
 313
328 
350
1,289
營業外收支
 
 
 
 
利息收入
 18 
 3
 7
 4 
 6
 19 
 2 
 2
4 
5
13
財務成本
 29 
 7
 6
 7 
 6
 26 
 6 
 6
8 
8
28
其他利益及損失
 29 
 11
 (74)
 33 
 22
 (8) 
 14 
 2
11
-15
12
其他收支淨額
 14 
 10
 2
 3 
 3
 18 
 3 
 3
3 
5
14
營業外收支淨額合計
 32 
18
-71
32 
24
 3 
13 
1
10 
-13
11
稅前淨利
 920 
25",857530a25cb24b2eb1036434,223,,PENDING,,PENDING,,PENDING,0.50,ORANGE,STAGE_TABLELIKE_EXPANSION_REVIEW,VRN_1D1_REPORTTEXT_TABLELIKE_EXPANSION,C:\Users\tonyk\OneDrive\VeritasIntelligenceAnalytics\module\VRN\output\_route_lock_runs\RUN_20260525_195119_VRN_GO_M01_60PDF_FULL_V120\full_input_60pdf\20260519兆豐個股報告-望隼(4771).pdf,2026-06-15T16:25:25.776350,2982be5bc4f514eadaa737eaec2107ea7fd6df25
33280450a5af073c2547,dc367a89b6fb,4771,,兆豐,2026-05-19,2024Q1,2024,Q1,IS,tax_expense,所得稅費用,3.8,3.8,%,TWD,,7," 
評等分級：買進（預期未來六個月股價漲輻超過+30%）; 逢低買進（預期未來六個月股價漲輻介於+15%與+30%之間）; 區間操
作（預期未來六個月股價漲跌輻介於-15%與+15%之間）; 逢高賣出（預期未來六個月股價跌輻介於-15%與-30%之間）；賣出（預
期未來六個月股價跌輻超過-30%）。 
本刊所刊載之內容僅做為參考，惟已力求正確與完整，但因時間及市場客觀因素改變所造成產業、市場或個股之相關條件改變，投資人需自行考量
投資之需求與風險，本公司恕不負擔任何法律責任。任何轉載或引用本報告內容必須經本公司同意。 
 
- 7 - 
個股報告 
財務報表 
 
季度損益表 
單位：新台幣百萬元 
 4771望隼 
2024 
25Q1 
25Q2 
25Q3 
25Q4 
2025 
26Q1 
26Q2(F) 26Q3(F) 26Q4(F) 2026(F) 
營業收入淨額
 3,002 
 811
 872
 854 
 951
 3,487 
 1,031 
 1,086 
1,137 
1,199 
4,453
營業成本
 1,823 
 475
 517
 512 
 558
 2,061 
 608
 645
678 
711
2,642
營業毛利淨額
 1,179 
 336
 356
 342 
 393
 1,426 
 423 
 441
459 
488
1,811
營業費用
 291 
 97
 100
 107 
 116
 420 
 124 
 128
131 
138
521
營業淨利(損)
 888 
 238
 256
 234 
 277
 1,006 
 298 
 313
328 
350
1,289
營業外收支
 
 
 
 
利息收入
 18 
 3
 7
 4 
 6
 19 
 2 
 2
4 
5
13
財務成本
 29 
 7
 6
 7 
 6
 26 
 6 
 6
8 
8
28
其他利益及損失
 29 
 11
 (74)
 33 
 22
 (8) 
 14 
 2
11
-15
12
其他收支淨額
 14 
 10
 2
 3 
 3
 18 
 3 
 3
3 
5
14
營業外收支淨額合計
 32 
18
-71
32 
24
 3 
13 
1
10 
-13
11
稅前淨利
 920 
25",857530a25cb24b2eb1036434,224,,PENDING,,PENDING,,PENDING,0.50,ORANGE,STAGE_TABLELIKE_EXPANSION_REVIEW,VRN_1D1_REPORTTEXT_TABLELIKE_EXPANSION,C:\Users\tonyk\OneDrive\VeritasIntelligenceAnalytics\module\VRN\output\_route_lock_runs\RUN_20260525_195119_VRN_GO_M01_60PDF_FULL_V120\full_input_60pdf\20260519兆豐個股報告-望隼(4771).pdf,2026-06-15T16:25:25.776359,965326a632567a7e82dffcfe67722eb77d593aec
33280450a5af073c2547,dc367a89b6fb,4771,,兆豐,2026-05-19,2024Q1,2024,Q1,IS,tax_expense,所得稅費用,11.2,11.2,%,TWD,,7," 
評等分級：買進（預期未來六個月股價漲輻超過+30%）; 逢低買進（預期未來六個月股價漲輻介於+15%與+30%之間）; 區間操
作（預期未來六個月股價漲跌輻介於-15%與+15%之間）; 逢高賣出（預期未來六個月股價跌輻介於-15%與-30%之間）；賣出（預
期未來六個月股價跌輻超過-30%）。 
本刊所刊載之內容僅做為參考，惟已力求正確與完整，但因時間及市場客觀因素改變所造成產業、市場或個股之相關條件改變，投資人需自行考量
投資之需求與風險，本公司恕不負擔任何法律責任。任何轉載或引用本報告內容必須經本公司同意。 
 
- 7 - 
個股報告 
財務報表 
 
季度損益表 
單位：新台幣百萬元 
 4771望隼 
2024 
25Q1 
25Q2 
25Q3 
25Q4 
2025 
26Q1 
26Q2(F) 26Q3(F) 26Q4(F) 2026(F) 
營業收入淨額
 3,002 
 811
 872
 854 
 951
 3,487 
 1,031 
 1,086 
1,137 
1,199 
4,453
營業成本
 1,823 
 475
 517
 512 
 558
 2,061 
 608
 645
678 
711
2,642
營業毛利淨額
 1,179 
 336
 356
 342 
 393
 1,426 
 423 
 441
459 
488
1,811
營業費用
 291 
 97
 100
 107 
 116
 420 
 124 
 128
131 
138
521
營業淨利(損)
 888 
 238
 256
 234 
 277
 1,006 
 298 
 313
328 
350
1,289
營業外收支
 
 
 
 
利息收入
 18 
 3
 7
 4 
 6
 19 
 2 
 2
4 
5
13
財務成本
 29 
 7
 6
 7 
 6
 26 
 6 
 6
8 
8
28
其他利益及損失
 29 
 11
 (74)
 33 
 22
 (8) 
 14 
 2
11
-15
12
其他收支淨額
 14 
 10
 2
 3 
 3
 18 
 3 
 3
3 
5
14
營業外收支淨額合計
 32 
18
-71
32 
24
 3 
13 
1
10 
-13
11
稅前淨利
 920 
25",857530a25cb24b2eb1036434,225,,PENDING,,PENDING,,PENDING,0.50,ORANGE,STAGE_TABLELIKE_EXPANSION_REVIEW,VRN_1D1_REPORTTEXT_TABLELIKE_EXPANSION,C:\Users\tonyk\OneDrive\VeritasIntelligenceAnalytics\module\VRN\output\_route_lock_runs\RUN_20260525_195119_VRN_GO_M01_60PDF_FULL_V120\full_input_60pdf\20260519兆豐個股報告-望隼(4771).pdf,2026-06-15T16:25:25.776368,a532a2b3791801a5be95c699ece826ee2c1475fb
33280450a5af073c2547,dc367a89b6fb,4771,,兆豐,2026-05-19,2024Q1,2024,Q1,IS,tax_expense,所得稅費用,0.0,0.0,%,TWD,,7," 
評等分級：買進（預期未來六個月股價漲輻超過+30%）; 逢低買進（預期未來六個月股價漲輻介於+15%與+30%之間）; 區間操
作（預期未來六個月股價漲跌輻介於-15%與+15%之間）; 逢高賣出（預期未來六個月股價跌輻介於-15%與-30%之間）；賣出（預
期未來六個月股價跌輻超過-30%）。 
本刊所刊載之內容僅做為參考，惟已力求正確與完整，但因時間及市場客觀因素改變所造成產業、市場或個股之相關條件改變，投資人需自行考量
投資之需求與風險，本公司恕不負擔任何法律責任。任何轉載或引用本報告內容必須經本公司同意。 
 
- 7 - 
個股報告 
財務報表 
 
季度損益表 
單位：新台幣百萬元 
 4771望隼 
2024 
25Q1 
25Q2 
25Q3 
25Q4 
2025 
26Q1 
26Q2(F) 26Q3(F) 26Q4(F) 2026(F) 
營業收入淨額
 3,002 
 811
 872
 854 
 951
 3,487 
 1,031 
 1,086 
1,137 
1,199 
4,453
營業成本
 1,823 
 475
 517
 512 
 558
 2,061 
 608
 645
678 
711
2,642
營業毛利淨額
 1,179 
 336
 356
 342 
 393
 1,426 
 423 
 441
459 
488
1,811
營業費用
 291 
 97
 100
 107 
 116
 420 
 124 
 128
131 
138
521
營業淨利(損)
 888 
 238
 256
 234 
 277
 1,006 
 298 
 313
328 
350
1,289
營業外收支
 
 
 
 
利息收入
 18 
 3
 7
 4 
 6
 19 
 2 
 2
4 
5
13
財務成本
 29 
 7
 6
 7 
 6
 26 
 6 
 6
8 
8
28
其他利益及損失
 29 
 11
 (74)
 33 
 22
 (8) 
 14 
 2
11
-15
12
其他收支淨額
 14 
 10
 2
 3 
 3
 18 
 3 
 3
3 
5
14
營業外收支淨額合計
 32 
18
-71
32 
24
 3 
13 
1
10 
-13
11
稅前淨利
 920 
25",857530a25cb24b2eb1036434,226,,PENDING,,PENDING,,PENDING,0.50,ORANGE,STAGE_TABLELIKE_EXPANSION_REVIEW,VRN_1D1_REPORTTEXT_TABLELIKE_EXPANSION,C:\Users\tonyk\OneDrive\VeritasIntelligenceAnalytics\module\VRN\output\_route_lock_runs\RUN_20260525_195119_VRN_GO_M01_60PDF_FULL_V120\full_input_60pdf\20260519兆豐個股報告-望隼(4771).pdf,2026-06-15T16:25:25.776378,6c65d2218729430745cd7d967ef846b5f3240515
33280450a5af073c2547,dc367a89b6fb,4771,,兆豐,2026-05-19,2024Q1,2024,Q1,IS,tax_expense,所得稅費用,16.7,16.7,%,TWD,,7," 
評等分級：買進（預期未來六個月股價漲輻超過+30%）; 逢低買進（預期未來六個月股價漲輻介於+15%與+30%之間）; 區間操
作（預期未來六個月股價漲跌輻介於-15%與+15%之間）; 逢高賣出（預期未來六個月股價跌輻介於-15%與-30%之間）；賣出（預
期未來六個月股價跌輻超過-30%）。 
本刊所刊載之內容僅做為參考，惟已力求正確與完整，但因時間及市場客觀因素改變所造成產業、市場或個股之相關條件改變，投資人需自行考量
投資之需求與風險，本公司恕不負擔任何法律責任。任何轉載或引用本報告內容必須經本公司同意。 
 
- 7 - 
個股報告 
財務報表 
 
季度損益表 
單位：新台幣百萬元 
 4771望隼 
2024 
25Q1 
25Q2 
25Q3 
25Q4 
2025 
26Q1 
26Q2(F) 26Q3(F) 26Q4(F) 2026(F) 
營業收入淨額
 3,002 
 811
 872
 854 
 951
 3,487 
 1,031 
 1,086 
1,137 
1,199 
4,453
營業成本
 1,823 
 475
 517
 512 
 558
 2,061 
 608
 645
678 
711
2,642
營業毛利淨額
 1,179 
 336
 356
 342 
 393
 1,426 
 423 
 441
459 
488
1,811
營業費用
 291 
 97
 100
 107 
 116
 420 
 124 
 128
131 
138
521
營業淨利(損)
 888 
 238
 256
 234 
 277
 1,006 
 298 
 313
328 
350
1,289
營業外收支
 
 
 
 
利息收入
 18 
 3
 7
 4 
 6
 19 
 2 
 2
4 
5
13
財務成本
 29 
 7
 6
 7 
 6
 26 
 6 
 6
8 
8
28
其他利益及損失
 29 
 11
 (74)
 33 
 22
 (8) 
 14 
 2
11
-15
12
其他收支淨額
 14 
 10
 2
 3 
 3
 18 
 3 
 3
3 
5
14
營業外收支淨額合計
 32 
18
-71
32 
24
 3 
13 
1
10 
-13
11
稅前淨利
 920 
25",857530a25cb24b2eb1036434,227,,PENDING,,PENDING,,PENDING,0.50,ORANGE,STAGE_TABLELIKE_EXPANSION_REVIEW,VRN_1D1_REPORTTEXT_TABLELIKE_EXPANSION,C:\Users\tonyk\OneDrive\VeritasIntelligenceAnalytics\module\VRN\output\_route_lock_runs\RUN_20260525_195119_VRN_GO_M01_60PDF_FULL_V120\full_input_60pdf\20260519兆豐個股報告-望隼(4771).pdf,2026-06-15T16:25:25.776387,96abb3e192b110e999ab7888b85f88c774bf9296
33280450a5af073c2547,dc367a89b6fb,4771,,兆豐,2026-05-19,2024Q1,2024,Q1,IS,tax_expense,所得稅費用,5.5,5.5,%,TWD,,7," 
評等分級：買進（預期未來六個月股價漲輻超過+30%）; 逢低買進（預期未來六個月股價漲輻介於+15%與+30%之間）; 區間操
作（預期未來六個月股價漲跌輻介於-15%與+15%之間）; 逢高賣出（預期未來六個月股價跌輻介於-15%與-30%之間）；賣出（預
期未來六個月股價跌輻超過-30%）。 
本刊所刊載之內容僅做為參考，惟已力求正確與完整，但因時間及市場客觀因素改變所造成產業、市場或個股之相關條件改變，投資人需自行考量
投資之需求與風險，本公司恕不負擔任何法律責任。任何轉載或引用本報告內容必須經本公司同意。 
 
- 7 - 
個股報告 
財務報表 
 
季度損益表 
單位：新台幣百萬元 
 4771望隼 
2024 
25Q1 
25Q2 
25Q3 
25Q4 
2025 
26Q1 
26Q2(F) 26Q3(F) 26Q4(F) 2026(F) 
營業收入淨額
 3,002 
 811
 872
 854 
 951
 3,487 
 1,031 
 1,086 
1,137 
1,199 
4,453
營業成本
 1,823 
 475
 517
 512 
 558
 2,061 
 608
 645
678 
711
2,642
營業毛利淨額
 1,179 
 336
 356
 342 
 393
 1,426 
 423 
 441
459 
488
1,811
營業費用
 291 
 97
 100
 107 
 116
 420 
 124 
 128
131 
138
521
營業淨利(損)
 888 
 238
 256
 234 
 277
 1,006 
 298 
 313
328 
350
1,289
營業外收支
 
 
 
 
利息收入
 18 
 3
 7
 4 
 6
 19 
 2 
 2
4 
5
13
財務成本
 29 
 7
 6
 7 
 6
 26 
 6 
 6
8 
8
28
其他利益及損失
 29 
 11
 (74)
 33 
 22
 (8) 
 14 
 2
11
-15
12
其他收支淨額
 14 
 10
 2
 3 
 3
 18 
 3 
 3
3 
5
14
營業外收支淨額合計
 32 
18
-71
32 
24
 3 
13 
1
10 
-13
11
稅前淨利
 920 
25",857530a25cb24b2eb1036434,228,,PENDING,,PENDING,,PENDING,0.50,ORANGE,STAGE_TABLELIKE_EXPANSION_REVIEW,VRN_1D1_REPORTTEXT_TABLELIKE_EXPANSION,C:\Users\tonyk\OneDrive\VeritasIntelligenceAnalytics\module\VRN\output\_route_lock_runs\RUN_20260525_195119_VRN_GO_M01_60PDF_FULL_V120\full_input_60pdf\20260519兆豐個股報告-望隼(4771).pdf,2026-06-15T16:25:25.776397,d3a762f28ee743a89a7267569974553c1ff41966
33280450a5af073c2547,dc367a89b6fb,4771,,兆豐,2026-05-19,2024Q1,2024,Q1,IS,tax_expense,所得稅費用,19.5,19.5,%,TWD,,7," 
評等分級：買進（預期未來六個月股價漲輻超過+30%）; 逢低買進（預期未來六個月股價漲輻介於+15%與+30%之間）; 區間操
作（預期未來六個月股價漲跌輻介於-15%與+15%之間）; 逢高賣出（預期未來六個月股價跌輻介於-15%與-30%之間）；賣出（預
期未來六個月股價跌輻超過-30%）。 
本刊所刊載之內容僅做為參考，惟已力求正確與完整，但因時間及市場客觀因素改變所造成產業、市場或個股之相關條件改變，投資人需自行考量
投資之需求與風險，本公司恕不負擔任何法律責任。任何轉載或引用本報告內容必須經本公司同意。 
 
- 7 - 
個股報告 
財務報表 
 
季度損益表 
單位：新台幣百萬元 
 4771望隼 
2024 
25Q1 
25Q2 
25Q3 
25Q4 
2025 
26Q1 
26Q2(F) 26Q3(F) 26Q4(F) 2026(F) 
營業收入淨額
 3,002 
 811
 872
 854 
 951
 3,487 
 1,031 
 1,086 
1,137 
1,199 
4,453
營業成本
 1,823 
 475
 517
 512 
 558
 2,061 
 608
 645
678 
711
2,642
營業毛利淨額
 1,179 
 336
 356
 342 
 393
 1,426 
 423 
 441
459 
488
1,811
營業費用
 291 
 97
 100
 107 
 116
 420 
 124 
 128
131 
138
521
營業淨利(損)
 888 
 238
 256
 234 
 277
 1,006 
 298 
 313
328 
350
1,289
營業外收支
 
 
 
 
利息收入
 18 
 3
 7
 4 
 6
 19 
 2 
 2
4 
5
13
財務成本
 29 
 7
 6
 7 
 6
 26 
 6 
 6
8 
8
28
其他利益及損失
 29 
 11
 (74)
 33 
 22
 (8) 
 14 
 2
11
-15
12
其他收支淨額
 14 
 10
 2
 3 
 3
 18 
 3 
 3
3 
5
14
營業外收支淨額合計
 32 
18
-71
32 
24
 3 
13 
1
10 
-13
11
稅前淨利
 920 
25",857530a25cb24b2eb1036434,229,,PENDING,,PENDING,,PENDING,0.50,ORANGE,STAGE_TABLELIKE_EXPANSION_REVIEW,VRN_1D1_REPORTTEXT_TABLELIKE_EXPANSION,C:\Users\tonyk\OneDrive\VeritasIntelligenceAnalytics\module\VRN\output\_route_lock_runs\RUN_20260525_195119_VRN_GO_M01_60PDF_FULL_V120\full_input_60pdf\20260519兆豐個股報告-望隼(4771).pdf,2026-06-15T16:25:25.776406,5cf6ea9ba067583b3146734412c55ac2bb2b8a23
33280450a5af073c2547,dc367a89b6fb,4771,,兆豐,2026-05-19,2024Q1,2024,Q1,IS,tax_expense,所得稅費用,15.0,15.0,%,TWD,,7," 
評等分級：買進（預期未來六個月股價漲輻超過+30%）; 逢低買進（預期未來六個月股價漲輻介於+15%與+30%之間）; 區間操
作（預期未來六個月股價漲跌輻介於-15%與+15%之間）; 逢高賣出（預期未來六個月股價跌輻介於-15%與-30%之間）；賣出（預
期未來六個月股價跌輻超過-30%）。 
本刊所刊載之內容僅做為參考，惟已力求正確與完整，但因時間及市場客觀因素改變所造成產業、市場或個股之相關條件改變，投資人需自行考量
投資之需求與風險，本公司恕不負擔任何法律責任。任何轉載或引用本報告內容必須經本公司同意。 
 
- 7 - 
個股報告 
財務報表 
 
季度損益表 
單位：新台幣百萬元 
 4771望隼 
2024 
25Q1 
25Q2 
25Q3 
25Q4 
2025 
26Q1 
26Q2(F) 26Q3(F) 26Q4(F) 2026(F) 
營業收入淨額
 3,002 
 811
 872
 854 
 951
 3,487 
 1,031 
 1,086 
1,137 
1,199 
4,453
營業成本
 1,823 
 475
 517
 512 
 558
 2,061 
 608
 645
678 
711
2,642
營業毛利淨額
 1,179 
 336
 356
 342 
 393
 1,426 
 423 
 441
459 
488
1,811
營業費用
 291 
 97
 100
 107 
 116
 420 
 124 
 128
131 
138
521
營業淨利(損)
 888 
 238
 256
 234 
 277
 1,006 
 298 
 313
328 
350
1,289
營業外收支
 
 
 
 
利息收入
 18 
 3
 7
 4 
 6
 19 
 2 
 2
4 
5
13
財務成本
 29 
 7
 6
 7 
 6
 26 
 6 
 6
8 
8
28
其他利益及損失
 29 
 11
 (74)
 33 
 22
 (8) 
 14 
 2
11
-15
12
其他收支淨額
 14 
 10
 2
 3 
 3
 18 
 3 
 3
3 
5
14
營業外收支淨額合計
 32 
18
-71
32 
24
 3 
13 
1
10 
-13
11
稅前淨利
 920 
25",857530a25cb24b2eb1036434,230,,PENDING,,PENDING,,PENDING,0.50,ORANGE,STAGE_TABLELIKE_EXPANSION_REVIEW,VRN_1D1_REPORTTEXT_TABLELIKE_EXPANSION,C:\Users\tonyk\OneDrive\VeritasIntelligenceAnalytics\module\VRN\output\_route_lock_runs\RUN_20260525_195119_VRN_GO_M01_60PDF_FULL_V120\full_input_60pdf\20260519兆豐個股報告-望隼(4771).pdf,2026-06-15T16:25:25.776416,f0c122befa13251cf0f8b0cc94a2390ffed59aca
33280450a5af073c2547,dc367a89b6fb,4771,,兆豐,2026-05-19,2024Q1,2024,Q1,IS,tax_expense,所得稅費用,24.8,24.8,%,TWD,,7," 
評等分級：買進（預期未來六個月股價漲輻超過+30%）; 逢低買進（預期未來六個月股價漲輻介於+15%與+30%之間）; 區間操
作（預期未來六個月股價漲跌輻介於-15%與+15%之間）; 逢高賣出（預期未來六個月股價跌輻介於-15%與-30%之間）；賣出（預
期未來六個月股價跌輻超過-30%）。 
本刊所刊載之內容僅做為參考，惟已力求正確與完整，但因時間及市場客觀因素改變所造成產業、市場或個股之相關條件改變，投資人需自行考量
投資之需求與風險，本公司恕不負擔任何法律責任。任何轉載或引用本報告內容必須經本公司同意。 
 
- 7 - 
個股報告 
財務報表 
 
季度損益表 
單位：新台幣百萬元 
 4771望隼 
2024 
25Q1 
25Q2 
25Q3 
25Q4 
2025 
26Q1 
26Q2(F) 26Q3(F) 26Q4(F) 2026(F) 
營業收入淨額
 3,002 
 811
 872
 854 
 951
 3,487 
 1,031 
 1,086 
1,137 
1,199 
4,453
營業成本
 1,823 
 475
 517
 512 
 558
 2,061 
 608
 645
678 
711
2,642
營業毛利淨額
 1,179 
 336
 356
 342 
 393
 1,426 
 423 
 441
459 
488
1,811
營業費用
 291 
 97
 100
 107 
 116
 420 
 124 
 128
131 
138
521
營業淨利(損)
 888 
 238
 256
 234 
 277
 1,006 
 298 
 313
328 
350
1,289
營業外收支
 
 
 
 
利息收入
 18 
 3
 7
 4 
 6
 19 
 2 
 2
4 
5
13
財務成本
 29 
 7
 6
 7 
 6
 26 
 6 
 6
8 
8
28
其他利益及損失
 29 
 11
 (74)
 33 
 22
 (8) 
 14 
 2
11
-15
12
其他收支淨額
 14 
 10
 2
 3 
 3
 18 
 3 
 3
3 
5
14
營業外收支淨額合計
 32 
18
-71
32 
24
 3 
13 
1
10 
-13
11
稅前淨利
 920 
25",857530a25cb24b2eb1036434,231,,PENDING,,PENDING,,PENDING,0.50,ORANGE,STAGE_TABLELIKE_EXPANSION_REVIEW,VRN_1D1_REPORTTEXT_TABLELIKE_EXPANSION,C:\Users\tonyk\OneDrive\VeritasIntelligenceAnalytics\module\VRN\output\_route_lock_runs\RUN_20260525_195119_VRN_GO_M01_60PDF_FULL_V120\full_input_60pdf\20260519兆豐個股報告-望隼(4771).pdf,2026-06-15T16:25:25.776426,aa339c15f94d740d938b5e6c58a8337c70e0d1d1
33280450a5af073c2547,dc367a89b6fb,4771,,兆豐,2026-05-19,2024Q1,2024,Q1,IS,tax_expense,所得稅費用,16.2,16.2,%,TWD,,7," 
評等分級：買進（預期未來六個月股價漲輻超過+30%）; 逢低買進（預期未來六個月股價漲輻介於+15%與+30%之間）; 區間操
作（預期未來六個月股價漲跌輻介於-15%與+15%之間）; 逢高賣出（預期未來六個月股價跌輻介於-15%與-30%之間）；賣出（預
期未來六個月股價跌輻超過-30%）。 
本刊所刊載之內容僅做為參考，惟已力求正確與完整，但因時間及市場客觀因素改變所造成產業、市場或個股之相關條件改變，投資人需自行考量
投資之需求與風險，本公司恕不負擔任何法律責任。任何轉載或引用本報告內容必須經本公司同意。 
 
- 7 - 
個股報告 
財務報表 
 
季度損益表 
單位：新台幣百萬元 
 4771望隼 
2024 
25Q1 
25Q2 
25Q3 
25Q4 
2025 
26Q1 
26Q2(F) 26Q3(F) 26Q4(F) 2026(F) 
營業收入淨額
 3,002 
 811
 872
 854 
 951
 3,487 
 1,031 
 1,086 
1,137 
1,199 
4,453
營業成本
 1,823 
 475
 517
 512 
 558
 2,061 
 608
 645
678 
711
2,642
營業毛利淨額
 1,179 
 336
 356
 342 
 393
 1,426 
 423 
 441
459 
488
1,811
營業費用
 291 
 97
 100
 107 
 116
 420 
 124 
 128
131 
138
521
營業淨利(損)
 888 
 238
 256
 234 
 277
 1,006 
 298 
 313
328 
350
1,289
營業外收支
 
 
 
 
利息收入
 18 
 3
 7
 4 
 6
 19 
 2 
 2
4 
5
13
財務成本
 29 
 7
 6
 7 
 6
 26 
 6 
 6
8 
8
28
其他利益及損失
 29 
 11
 (74)
 33 
 22
 (8) 
 14 
 2
11
-15
12
其他收支淨額
 14 
 10
 2
 3 
 3
 18 
 3 
 3
3 
5
14
營業外收支淨額合計
 32 
18
-71
32 
24
 3 
13 
1
10 
-13
11
稅前淨利
 920 
25",857530a25cb24b2eb1036434,232,,PENDING,,PENDING,,PENDING,0.50,ORANGE,STAGE_TABLELIKE_EXPANSION_REVIEW,VRN_1D1_REPORTTEXT_TABLELIKE_EXPANSION,C:\Users\tonyk\OneDrive\VeritasIntelligenceAnalytics\module\VRN\output\_route_lock_runs\RUN_20260525_195119_VRN_GO_M01_60PDF_FULL_V120\full_input_60pdf\20260519兆豐個股報告-望隼(4771).pdf,2026-06-15T16:25:25.776435,b6d22c3b6802d6f0b14f9558880763b49a0821a8
33280450a5af073c2547,dc367a89b6fb,4771,,兆豐,2026-05-19,2024Q1,2024,Q1,IS,tax_expense,所得稅費用,27.2,27.2,%,TWD,,7," 
評等分級：買進（預期未來六個月股價漲輻超過+30%）; 逢低買進（預期未來六個月股價漲輻介於+15%與+30%之間）; 區間操
作（預期未來六個月股價漲跌輻介於-15%與+15%之間）; 逢高賣出（預期未來六個月股價跌輻介於-15%與-30%之間）；賣出（預
期未來六個月股價跌輻超過-30%）。 
本刊所刊載之內容僅做為參考，惟已力求正確與完整，但因時間及市場客觀因素改變所造成產業、市場或個股之相關條件改變，投資人需自行考量
投資之需求與風險，本公司恕不負擔任何法律責任。任何轉載或引用本報告內容必須經本公司同意。 
 
- 7 - 
個股報告 
財務報表 
 
季度損益表 
單位：新台幣百萬元 
 4771望隼 
2024 
25Q1 
25Q2 
25Q3 
25Q4 
2025 
26Q1 
26Q2(F) 26Q3(F) 26Q4(F) 2026(F) 
營業收入淨額
 3,002 
 811
 872
 854 
 951
 3,487 
 1,031 
 1,086 
1,137 
1,199 
4,453
營業成本
 1,823 
 475
 517
 512 
 558
 2,061 
 608
 645
678 
711
2,642
營業毛利淨額
 1,179 
 336
 356
 342 
 393
 1,426 
 423 
 441
459 
488
1,811
營業費用
 291 
 97
 100
 107 
 116
 420 
 124 
 128
131 
138
521
營業淨利(損)
 888 
 238
 256
 234 
 277
 1,006 
 298 
 313
328 
350
1,289
營業外收支
 
 
 
 
利息收入
 18 
 3
 7
 4 
 6
 19 
 2 
 2
4 
5
13
財務成本
 29 
 7
 6
 7 
 6
 26 
 6 
 6
8 
8
28
其他利益及損失
 29 
 11
 (74)
 33 
 22
 (8) 
 14 
 2
11
-15
12
其他收支淨額
 14 
 10
 2
 3 
 3
 18 
 3 
 3
3 
5
14
營業外收支淨額合計
 32 
18
-71
32 
24
 3 
13 
1
10 
-13
11
稅前淨利
 920 
25",857530a25cb24b2eb1036434,233,,PENDING,,PENDING,,PENDING,0.50,ORANGE,STAGE_TABLELIKE_EXPANSION_REVIEW,VRN_1D1_REPORTTEXT_TABLELIKE_EXPANSION,C:\Users\tonyk\OneDrive\VeritasIntelligenceAnalytics\module\VRN\output\_route_lock_runs\RUN_20260525_195119_VRN_GO_M01_60PDF_FULL_V120\full_input_60pdf\20260519兆豐個股報告-望隼(4771).pdf,2026-06-15T16:25:25.776447,8cc909b882b5bdcbf770f2e685527d62c9600d32
33280450a5af073c2547,dc367a89b6fb,4771,,兆豐,2026-05-19,2024Q1,2024,Q1,IS,tax_expense,所得稅費用,24.5,24.5,%,TWD,,7," 
評等分級：買進（預期未來六個月股價漲輻超過+30%）; 逢低買進（預期未來六個月股價漲輻介於+15%與+30%之間）; 區間操
作（預期未來六個月股價漲跌輻介於-15%與+15%之間）; 逢高賣出（預期未來六個月股價跌輻介於-15%與-30%之間）；賣出（預
期未來六個月股價跌輻超過-30%）。 
本刊所刊載之內容僅做為參考，惟已力求正確與完整，但因時間及市場客觀因素改變所造成產業、市場或個股之相關條件改變，投資人需自行考量
投資之需求與風險，本公司恕不負擔任何法律責任。任何轉載或引用本報告內容必須經本公司同意。 
 
- 7 - 
個股報告 
財務報表 
 
季度損益表 
單位：新台幣百萬元 
 4771望隼 
2024 
25Q1 
25Q2 
25Q3 
25Q4 
2025 
26Q1 
26Q2(F) 26Q3(F) 26Q4(F) 2026(F) 
營業收入淨額
 3,002 
 811
 872
 854 
 951
 3,487 
 1,031 
 1,086 
1,137 
1,199 
4,453
營業成本
 1,823 
 475
 517
 512 
 558
 2,061 
 608
 645
678 
711
2,642
營業毛利淨額
 1,179 
 336
 356
 342 
 393
 1,426 
 423 
 441
459 
488
1,811
營業費用
 291 
 97
 100
 107 
 116
 420 
 124 
 128
131 
138
521
營業淨利(損)
 888 
 238
 256
 234 
 277
 1,006 
 298 
 313
328 
350
1,289
營業外收支
 
 
 
 
利息收入
 18 
 3
 7
 4 
 6
 19 
 2 
 2
4 
5
13
財務成本
 29 
 7
 6
 7 
 6
 26 
 6 
 6
8 
8
28
其他利益及損失
 29 
 11
 (74)
 33 
 22
 (8) 
 14 
 2
11
-15
12
其他收支淨額
 14 
 10
 2
 3 
 3
 18 
 3 
 3
3 
5
14
營業外收支淨額合計
 32 
18
-71
32 
24
 3 
13 
1
10 
-13
11
稅前淨利
 920 
25",857530a25cb24b2eb1036434,234,,PENDING,,PENDING,,PENDING,0.50,ORANGE,STAGE_TABLELIKE_EXPANSION_REVIEW,VRN_1D1_REPORTTEXT_TABLELIKE_EXPANSION,C:\Users\tonyk\OneDrive\VeritasIntelligenceAnalytics\module\VRN\output\_route_lock_runs\RUN_20260525_195119_VRN_GO_M01_60PDF_FULL_V120\full_input_60pdf\20260519兆豐個股報告-望隼(4771).pdf,2026-06-15T16:25:25.776459,a51ff5b1341151d36e44f191861a6efd839cf89d
33280450a5af073c2547,dc367a89b6fb,4771,,兆豐,2026-05-19,2024Q1,2024,Q1,IS,tax_expense,所得稅費用,33.2,33.2,%,TWD,,7," 
評等分級：買進（預期未來六個月股價漲輻超過+30%）; 逢低買進（預期未來六個月股價漲輻介於+15%與+30%之間）; 區間操
作（預期未來六個月股價漲跌輻介於-15%與+15%之間）; 逢高賣出（預期未來六個月股價跌輻介於-15%與-30%之間）；賣出（預
期未來六個月股價跌輻超過-30%）。 
本刊所刊載之內容僅做為參考，惟已力求正確與完整，但因時間及市場客觀因素改變所造成產業、市場或個股之相關條件改變，投資人需自行考量
投資之需求與風險，本公司恕不負擔任何法律責任。任何轉載或引用本報告內容必須經本公司同意。 
 
- 7 - 
個股報告 
財務報表 
 
季度損益表 
單位：新台幣百萬元 
 4771望隼 
2024 
25Q1 
25Q2 
25Q3 
25Q4 
2025 
26Q1 
26Q2(F) 26Q3(F) 26Q4(F) 2026(F) 
營業收入淨額
 3,002 
 811
 872
 854 
 951
 3,487 
 1,031 
 1,086 
1,137 
1,199 
4,453
營業成本
 1,823 
 475
 517
 512 
 558
 2,061 
 608
 645
678 
711
2,642
營業毛利淨額
 1,179 
 336
 356
 342 
 393
 1,426 
 423 
 441
459 
488
1,811
營業費用
 291 
 97
 100
 107 
 116
 420 
 124 
 128
131 
138
521
營業淨利(損)
 888 
 238
 256
 234 
 277
 1,006 
 298 
 313
328 
350
1,289
營業外收支
 
 
 
 
利息收入
 18 
 3
 7
 4 
 6
 19 
 2 
 2
4 
5
13
財務成本
 29 
 7
 6
 7 
 6
 26 
 6 
 6
8 
8
28
其他利益及損失
 29 
 11
 (74)
 33 
 22
 (8) 
 14 
 2
11
-15
12
其他收支淨額
 14 
 10
 2
 3 
 3
 18 
 3 
 3
3 
5
14
營業外收支淨額合計
 32 
18
-71
32 
24
 3 
13 
1
10 
-13
11
稅前淨利
 920 
25",857530a25cb24b2eb1036434,235,,PENDING,,PENDING,,PENDING,0.50,ORANGE,STAGE_TABLELIKE_EXPANSION_REVIEW,VRN_1D1_REPORTTEXT_TABLELIKE_EXPANSION,C:\Users\tonyk\OneDrive\VeritasIntelligenceAnalytics\module\VRN\output\_route_lock_runs\RUN_20260525_195119_VRN_GO_M01_60PDF_FULL_V120\full_input_60pdf\20260519兆豐個股報告-望隼(4771).pdf,2026-06-15T16:25:25.776469,967a6d05b95eb682d7866eaacf44282d15a74da5
33280450a5af073c2547,dc367a89b6fb,4771,,兆豐,2026-05-19,2024Q1,2024,Q1,IS,tax_expense,所得稅費用,26.1,26.1,%,TWD,,7," 
評等分級：買進（預期未來六個月股價漲輻超過+30%）; 逢低買進（預期未來六個月股價漲輻介於+15%與+30%之間）; 區間操
作（預期未來六個月股價漲跌輻介於-15%與+15%之間）; 逢高賣出（預期未來六個月股價跌輻介於-15%與-30%之間）；賣出（預
期未來六個月股價跌輻超過-30%）。 
本刊所刊載之內容僅做為參考，惟已力求正確與完整，但因時間及市場客觀因素改變所造成產業、市場或個股之相關條件改變，投資人需自行考量
投資之需求與風險，本公司恕不負擔任何法律責任。任何轉載或引用本報告內容必須經本公司同意。 
 
- 7 - 
個股報告 
財務報表 
 
季度損益表 
單位：新台幣百萬元 
 4771望隼 
2024 
25Q1 
25Q2 
25Q3 
25Q4 
2025 
26Q1 
26Q2(F) 26Q3(F) 26Q4(F) 2026(F) 
營業收入淨額
 3,002 
 811
 872
 854 
 951
 3,487 
 1,031 
 1,086 
1,137 
1,199 
4,453
營業成本
 1,823 
 475
 517
 512 
 558
 2,061 
 608
 645
678 
711
2,642
營業毛利淨額
 1,179 
 336
 356
 342 
 393
 1,426 
 423 
 441
459 
488
1,811
營業費用
 291 
 97
 100
 107 
 116
 420 
 124 
 128
131 
138
521
營業淨利(損)
 888 
 238
 256
 234 
 277
 1,006 
 298 
 313
328 
350
1,289
營業外收支
 
 
 
 
利息收入
 18 
 3
 7
 4 
 6
 19 
 2 
 2
4 
5
13
財務成本
 29 
 7
 6
 7 
 6
 26 
 6 
 6
8 
8
28
其他利益及損失
 29 
 11
 (74)
 33 
 22
 (8) 
 14 
 2
11
-15
12
其他收支淨額
 14 
 10
 2
 3 
 3
 18 
 3 
 3
3 
5
14
營業外收支淨額合計
 32 
18
-71
32 
24
 3 
13 
1
10 
-13
11
稅前淨利
 920 
25",857530a25cb24b2eb1036434,236,,PENDING,,PENDING,,PENDING,0.50,ORANGE,STAGE_TABLELIKE_EXPANSION_REVIEW,VRN_1D1_REPORTTEXT_TABLELIKE_EXPANSION,C:\Users\tonyk\OneDrive\VeritasIntelligenceAnalytics\module\VRN\output\_route_lock_runs\RUN_20260525_195119_VRN_GO_M01_60PDF_FULL_V120\full_input_60pdf\20260519兆豐個股報告-望隼(4771).pdf,2026-06-15T16:25:25.776478,48126085a1b89e916ab1365c90cabdb14683abf3
33280450a5af073c2547,dc367a89b6fb,4771,,兆豐,2026-05-19,2024Q1,2024,Q1,IS,tax_expense,所得稅費用,27.7,27.7,%,TWD,,7," 
評等分級：買進（預期未來六個月股價漲輻超過+30%）; 逢低買進（預期未來六個月股價漲輻介於+15%與+30%之間）; 區間操
作（預期未來六個月股價漲跌輻介於-15%與+15%之間）; 逢高賣出（預期未來六個月股價跌輻介於-15%與-30%之間）；賣出（預
期未來六個月股價跌輻超過-30%）。 
本刊所刊載之內容僅做為參考，惟已力求正確與完整，但因時間及市場客觀因素改變所造成產業、市場或個股之相關條件改變，投資人需自行考量
投資之需求與風險，本公司恕不負擔任何法律責任。任何轉載或引用本報告內容必須經本公司同意。 
 
- 7 - 
個股報告 
財務報表 
 
季度損益表 
單位：新台幣百萬元 
 4771望隼 
2024 
25Q1 
25Q2 
25Q3 
25Q4 
2025 
26Q1 
26Q2(F) 26Q3(F) 26Q4(F) 2026(F) 
營業收入淨額
 3,002 
 811
 872
 854 
 951
 3,487 
 1,031 
 1,086 
1,137 
1,199 
4,453
營業成本
 1,823 
 475
 517
 512 
 558
 2,061 
 608
 645
678 
711
2,642
營業毛利淨額
 1,179 
 336
 356
 342 
 393
 1,426 
 423 
 441
459 
488
1,811
營業費用
 291 
 97
 100
 107 
 116
 420 
 124 
 128
131 
138
521
營業淨利(損)
 888 
 238
 256
 234 
 277
 1,006 
 298 
 313
328 
350
1,289
營業外收支
 
 
 
 
利息收入
 18 
 3
 7
 4 
 6
 19 
 2 
 2
4 
5
13
財務成本
 29 
 7
 6
 7 
 6
 26 
 6 
 6
8 
8
28
其他利益及損失
 29 
 11
 (74)
 33 
 22
 (8) 
 14 
 2
11
-15
12
其他收支淨額
 14 
 10
 2
 3 
 3
 18 
 3 
 3
3 
5
14
營業外收支淨額合計
 32 
18
-71
32 
24
 3 
13 
1
10 
-13
11
稅前淨利
 920 
25",857530a25cb24b2eb1036434,237,,PENDING,,PENDING,,PENDING,0.50,ORANGE,STAGE_TABLELIKE_EXPANSION_REVIEW,VRN_1D1_REPORTTEXT_TABLELIKE_EXPANSION,C:\Users\tonyk\OneDrive\VeritasIntelligenceAnalytics\module\VRN\output\_route_lock_runs\RUN_20260525_195119_VRN_GO_M01_60PDF_FULL_V120\full_input_60pdf\20260519兆豐個股報告-望隼(4771).pdf,2026-06-15T16:25:25.776488,7b8dbb79f6c98070353e245604263bb8748e8abe
33280450a5af073c2547,dc367a89b6fb,4771,,兆豐,2026-05-19,2024Q1,2024,Q1,IS,tax_expense,所得稅費用,15.0,15.0,%,TWD,,7," 
評等分級：買進（預期未來六個月股價漲輻超過+30%）; 逢低買進（預期未來六個月股價漲輻介於+15%與+30%之間）; 區間操
作（預期未來六個月股價漲跌輻介於-15%與+15%之間）; 逢高賣出（預期未來六個月股價跌輻介於-15%與-30%之間）；賣出（預
期未來六個月股價跌輻超過-30%）。 
本刊所刊載之內容僅做為參考，惟已力求正確與完整，但因時間及市場客觀因素改變所造成產業、市場或個股之相關條件改變，投資人需自行考量
投資之需求與風險，本公司恕不負擔任何法律責任。任何轉載或引用本報告內容必須經本公司同意。 
 
- 7 - 
個股報告 
財務報表 
 
季度損益表 
單位：新台幣百萬元 
 4771望隼 
2024 
25Q1 
25Q2 
25Q3 
25Q4 
2025 
26Q1 
26Q2(F) 26Q3(F) 26Q4(F) 2026(F) 
營業收入淨額
 3,002 
 811
 872
 854 
 951
 3,487 
 1,031 
 1,086 
1,137 
1,199 
4,453
營業成本
 1,823 
 475
 517
 512 
 558
 2,061 
 608
 645
678 
711
2,642
營業毛利淨額
 1,179 
 336
 356
 342 
 393
 1,426 
 423 
 441
459 
488
1,811
營業費用
 291 
 97
 100
 107 
 116
 420 
 124 
 128
131 
138
521
營業淨利(損)
 888 
 238
 256
 234 
 277
 1,006 
 298 
 313
328 
350
1,289
營業外收支
 
 
 
 
利息收入
 18 
 3
 7
 4 
 6
 19 
 2 
 2
4 
5
13
財務成本
 29 
 7
 6
 7 
 6
 26 
 6 
 6
8 
8
28
其他利益及損失
 29 
 11
 (74)
 33 
 22
 (8) 
 14 
 2
11
-15
12
其他收支淨額
 14 
 10
 2
 3 
 3
 18 
 3 
 3
3 
5
14
營業外收支淨額合計
 32 
18
-71
32 
24
 3 
13 
1
10 
-13
11
稅前淨利
 920 
25",857530a25cb24b2eb1036434,238,,PENDING,,PENDING,,PENDING,0.50,ORANGE,STAGE_TABLELIKE_EXPANSION_REVIEW,VRN_1D1_REPORTTEXT_TABLELIKE_EXPANSION,C:\Users\tonyk\OneDrive\VeritasIntelligenceAnalytics\module\VRN\output\_route_lock_runs\RUN_20260525_195119_VRN_GO_M01_60PDF_FULL_V120\full_input_60pdf\20260519兆豐個股報告-望隼(4771).pdf,2026-06-15T16:25:25.776497,dd58f3da3c377a3f434817c82b8b974dbe18d558
33280450a5af073c2547,dc367a89b6fb,4771,,兆豐,2026-05-19,2024Q1,2024,Q1,IS,tax_expense,所得稅費用,8.2,8.2,%,TWD,,7," 
評等分級：買進（預期未來六個月股價漲輻超過+30%）; 逢低買進（預期未來六個月股價漲輻介於+15%與+30%之間）; 區間操
作（預期未來六個月股價漲跌輻介於-15%與+15%之間）; 逢高賣出（預期未來六個月股價跌輻介於-15%與-30%之間）；賣出（預
期未來六個月股價跌輻超過-30%）。 
本刊所刊載之內容僅做為參考，惟已力求正確與完整，但因時間及市場客觀因素改變所造成產業、市場或個股之相關條件改變，投資人需自行考量
投資之需求與風險，本公司恕不負擔任何法律責任。任何轉載或引用本報告內容必須經本公司同意。 
 
- 7 - 
個股報告 
財務報表 
 
季度損益表 
單位：新台幣百萬元 
 4771望隼 
2024 
25Q1 
25Q2 
25Q3 
25Q4 
2025 
26Q1 
26Q2(F) 26Q3(F) 26Q4(F) 2026(F) 
營業收入淨額
 3,002 
 811
 872
 854 
 951
 3,487 
 1,031 
 1,086 
1,137 
1,199 
4,453
營業成本
 1,823 
 475
 517
 512 
 558
 2,061 
 608
 645
678 
711
2,642
營業毛利淨額
 1,179 
 336
 356
 342 
 393
 1,426 
 423 
 441
459 
488
1,811
營業費用
 291 
 97
 100
 107 
 116
 420 
 124 
 128
131 
138
521
營業淨利(損)
 888 
 238
 256
 234 
 277
 1,006 
 298 
 313
328 
350
1,289
營業外收支
 
 
 
 
利息收入
 18 
 3
 7
 4 
 6
 19 
 2 
 2
4 
5
13
財務成本
 29 
 7
 6
 7 
 6
 26 
 6 
 6
8 
8
28
其他利益及損失
 29 
 11
 (74)
 33 
 22
 (8) 
 14 
 2
11
-15
12
其他收支淨額
 14 
 10
 2
 3 
 3
 18 
 3 
 3
3 
5
14
營業外收支淨額合計
 32 
18
-71
32 
24
 3 
13 
1
10 
-13
11
稅前淨利
 920 
25",857530a25cb24b2eb1036434,239,,PENDING,,PENDING,,PENDING,0.50,ORANGE,STAGE_TABLELIKE_EXPANSION_REVIEW,VRN_1D1_REPORTTEXT_TABLELIKE_EXPANSION,C:\Users\tonyk\OneDrive\VeritasIntelligenceAnalytics\module\VRN\output\_route_lock_runs\RUN_20260525_195119_VRN_GO_M01_60PDF_FULL_V120\full_input_60pdf\20260519兆豐個股報告-望隼(4771).pdf,2026-06-15T16:25:25.776506,a5a58a139c55de126886739ef86a06ad66275063
33280450a5af073c2547,dc367a89b6fb,4771,,兆豐,2026-05-19,2024Q1,2024,Q1,IS,tax_expense,所得稅費用,25.1,25.1,%,TWD,,7," 
評等分級：買進（預期未來六個月股價漲輻超過+30%）; 逢低買進（預期未來六個月股價漲輻介於+15%與+30%之間）; 區間操
作（預期未來六個月股價漲跌輻介於-15%與+15%之間）; 逢高賣出（預期未來六個月股價跌輻介於-15%與-30%之間）；賣出（預
期未來六個月股價跌輻超過-30%）。 
本刊所刊載之內容僅做為參考，惟已力求正確與完整，但因時間及市場客觀因素改變所造成產業、市場或個股之相關條件改變，投資人需自行考量
投資之需求與風險，本公司恕不負擔任何法律責任。任何轉載或引用本報告內容必須經本公司同意。 
 
- 7 - 
個股報告 
財務報表 
 
季度損益表 
單位：新台幣百萬元 
 4771望隼 
2024 
25Q1 
25Q2 
25Q3 
25Q4 
2025 
26Q1 
26Q2(F) 26Q3(F) 26Q4(F) 2026(F) 
營業收入淨額
 3,002 
 811
 872
 854 
 951
 3,487 
 1,031 
 1,086 
1,137 
1,199 
4,453
營業成本
 1,823 
 475
 517
 512 
 558
 2,061 
 608
 645
678 
711
2,642
營業毛利淨額
 1,179 
 336
 356
 342 
 393
 1,426 
 423 
 441
459 
488
1,811
營業費用
 291 
 97
 100
 107 
 116
 420 
 124 
 128
131 
138
521
營業淨利(損)
 888 
 238
 256
 234 
 277
 1,006 
 298 
 313
328 
350
1,289
營業外收支
 
 
 
 
利息收入
 18 
 3
 7
 4 
 6
 19 
 2 
 2
4 
5
13
財務成本
 29 
 7
 6
 7 
 6
 26 
 6 
 6
8 
8
28
其他利益及損失
 29 
 11
 (74)
 33 
 22
 (8) 
 14 
 2
11
-15
12
其他收支淨額
 14 
 10
 2
 3 
 3
 18 
 3 
 3
3 
5
14
營業外收支淨額合計
 32 
18
-71
32 
24
 3 
13 
1
10 
-13
11
稅前淨利
 920 
25",857530a25cb24b2eb1036434,240,,PENDING,,PENDING,,PENDING,0.50,ORANGE,STAGE_TABLELIKE_EXPANSION_REVIEW,VRN_1D1_REPORTTEXT_TABLELIKE_EXPANSION,C:\Users\tonyk\OneDrive\VeritasIntelligenceAnalytics\module\VRN\output\_route_lock_runs\RUN_20260525_195119_VRN_GO_M01_60PDF_FULL_V120\full_input_60pdf\20260519兆豐個股報告-望隼(4771).pdf,2026-06-15T16:25:25.776518,c26f11944f62311b15e78c1eda78e292f0e49b44
33280450a5af073c2547,dc367a89b6fb,4771,,兆豐,2026-05-19,2024Q1,2024,Q1,IS,tax_expense,所得稅費用,23.3,23.3,%,TWD,,7," 
評等分級：買進（預期未來六個月股價漲輻超過+30%）; 逢低買進（預期未來六個月股價漲輻介於+15%與+30%之間）; 區間操
作（預期未來六個月股價漲跌輻介於-15%與+15%之間）; 逢高賣出（預期未來六個月股價跌輻介於-15%與-30%之間）；賣出（預
期未來六個月股價跌輻超過-30%）。 
本刊所刊載之內容僅做為參考，惟已力求正確與完整，但因時間及市場客觀因素改變所造成產業、市場或個股之相關條件改變，投資人需自行考量
投資之需求與風險，本公司恕不負擔任何法律責任。任何轉載或引用本報告內容必須經本公司同意。 
 
- 7 - 
個股報告 
財務報表 
 
季度損益表 
單位：新台幣百萬元 
 4771望隼 
2024 
25Q1 
25Q2 
25Q3 
25Q4 
2025 
26Q1 
26Q2(F) 26Q3(F) 26Q4(F) 2026(F) 
營業收入淨額
 3,002 
 811
 872
 854 
 951
 3,487 
 1,031 
 1,086 
1,137 
1,199 
4,453
營業成本
 1,823 
 475
 517
 512 
 558
 2,061 
 608
 645
678 
711
2,642
營業毛利淨額
 1,179 
 336
 356
 342 
 393
 1,426 
 423 
 441
459 
488
1,811
營業費用
 291 
 97
 100
 107 
 116
 420 
 124 
 128
131 
138
521
營業淨利(損)
 888 
 238
 256
 234 
 277
 1,006 
 298 
 313
328 
350
1,289
營業外收支
 
 
 
 
利息收入
 18 
 3
 7
 4 
 6
 19 
 2 
 2
4 
5
13
財務成本
 29 
 7
 6
 7 
 6
 26 
 6 
 6
8 
8
28
其他利益及損失
 29 
 11
 (74)
 33 
 22
 (8) 
 14 
 2
11
-15
12
其他收支淨額
 14 
 10
 2
 3 
 3
 18 
 3 
 3
3 
5
14
營業外收支淨額合計
 32 
18
-71
32 
24
 3 
13 
1
10 
-13
11
稅前淨利
 920 
25",857530a25cb24b2eb1036434,241,,PENDING,,PENDING,,PENDING,0.50,ORANGE,STAGE_TABLELIKE_EXPANSION_REVIEW,VRN_1D1_REPORTTEXT_TABLELIKE_EXPANSION,C:\Users\tonyk\OneDrive\VeritasIntelligenceAnalytics\module\VRN\output\_route_lock_runs\RUN_20260525_195119_VRN_GO_M01_60PDF_FULL_V120\full_input_60pdf\20260519兆豐個股報告-望隼(4771).pdf,2026-06-15T16:25:25.776527,8c7bce2bc3cfeae24406448a56df151cc1af4944
33280450a5af073c2547,dc367a89b6fb,4771,,兆豐,2026-05-19,2024Q1,2024,Q1,IS,tax_expense,所得稅費用,27.9,27.9,%,TWD,,7," 
評等分級：買進（預期未來六個月股價漲輻超過+30%）; 逢低買進（預期未來六個月股價漲輻介於+15%與+30%之間）; 區間操
作（預期未來六個月股價漲跌輻介於-15%與+15%之間）; 逢高賣出（預期未來六個月股價跌輻介於-15%與-30%之間）；賣出（預
期未來六個月股價跌輻超過-30%）。 
本刊所刊載之內容僅做為參考，惟已力求正確與完整，但因時間及市場客觀因素改變所造成產業、市場或個股之相關條件改變，投資人需自行考量
投資之需求與風險，本公司恕不負擔任何法律責任。任何轉載或引用本報告內容必須經本公司同意。 
 
- 7 - 
個股報告 
財務報表 
 
季度損益表 
單位：新台幣百萬元 
 4771望隼 
2024 
25Q1 
25Q2 
25Q3 
25Q4 
2025 
26Q1 
26Q2(F) 26Q3(F) 26Q4(F) 2026(F) 
營業收入淨額
 3,002 
 811
 872
 854 
 951
 3,487 
 1,031 
 1,086 
1,137 
1,199 
4,453
營業成本
 1,823 
 475
 517
 512 
 558
 2,061 
 608
 645
678 
711
2,642
營業毛利淨額
 1,179 
 336
 356
 342 
 393
 1,426 
 423 
 441
459 
488
1,811
營業費用
 291 
 97
 100
 107 
 116
 420 
 124 
 128
131 
138
521
營業淨利(損)
 888 
 238
 256
 234 
 277
 1,006 
 298 
 313
328 
350
1,289
營業外收支
 
 
 
 
利息收入
 18 
 3
 7
 4 
 6
 19 
 2 
 2
4 
5
13
財務成本
 29 
 7
 6
 7 
 6
 26 
 6 
 6
8 
8
28
其他利益及損失
 29 
 11
 (74)
 33 
 22
 (8) 
 14 
 2
11
-15
12
其他收支淨額
 14 
 10
 2
 3 
 3
 18 
 3 
 3
3 
5
14
營業外收支淨額合計
 32 
18
-71
32 
24
 3 
13 
1
10 
-13
11
稅前淨利
 920 
25",857530a25cb24b2eb1036434,242,,PENDING,,PENDING,,PENDING,0.50,ORANGE,STAGE_TABLELIKE_EXPANSION_REVIEW,VRN_1D1_REPORTTEXT_TABLELIKE_EXPANSION,C:\Users\tonyk\OneDrive\VeritasIntelligenceAnalytics\module\VRN\output\_route_lock_runs\RUN_20260525_195119_VRN_GO_M01_60PDF_FULL_V120\full_input_60pdf\20260519兆豐個股報告-望隼(4771).pdf,2026-06-15T16:25:25.776537,cf6f3cdaeb14817cb666f59a862badac7e1df2f7
33280450a5af073c2547,dc367a89b6fb,4771,,兆豐,2026-05-19,2024Q1,2024,Q1,IS,tax_expense,所得稅費用,21.0,21.0,%,TWD,,7," 
評等分級：買進（預期未來六個月股價漲輻超過+30%）; 逢低買進（預期未來六個月股價漲輻介於+15%與+30%之間）; 區間操
作（預期未來六個月股價漲跌輻介於-15%與+15%之間）; 逢高賣出（預期未來六個月股價跌輻介於-15%與-30%之間）；賣出（預
期未來六個月股價跌輻超過-30%）。 
本刊所刊載之內容僅做為參考，惟已力求正確與完整，但因時間及市場客觀因素改變所造成產業、市場或個股之相關條件改變，投資人需自行考量
投資之需求與風險，本公司恕不負擔任何法律責任。任何轉載或引用本報告內容必須經本公司同意。 
 
- 7 - 
個股報告 
財務報表 
 
季度損益表 
單位：新台幣百萬元 
 4771望隼 
2024 
25Q1 
25Q2 
25Q3 
25Q4 
2025 
26Q1 
26Q2(F) 26Q3(F) 26Q4(F) 2026(F) 
營業收入淨額
 3,002 
 811
 872
 854 
 951
 3,487 
 1,031 
 1,086 
1,137 
1,199 
4,453
營業成本
 1,823 
 475
 517
 512 
 558
 2,061 
 608
 645
678 
711
2,642
營業毛利淨額
 1,179 
 336
 356
 342 
 393
 1,426 
 423 
 441
459 
488
1,811
營業費用
 291 
 97
 100
 107 
 116
 420 
 124 
 128
131 
138
521
營業淨利(損)
 888 
 238
 256
 234 
 277
 1,006 
 298 
 313
328 
350
1,289
營業外收支
 
 
 
 
利息收入
 18 
 3
 7
 4 
 6
 19 
 2 
 2
4 
5
13
財務成本
 29 
 7
 6
 7 
 6
 26 
 6 
 6
8 
8
28
其他利益及損失
 29 
 11
 (74)
 33 
 22
 (8) 
 14 
 2
11
-15
12
其他收支淨額
 14 
 10
 2
 3 
 3
 18 
 3 
 3
3 
5
14
營業外收支淨額合計
 32 
18
-71
32 
24
 3 
13 
1
10 
-13
11
稅前淨利
 920 
25",857530a25cb24b2eb1036434,243,,PENDING,,PENDING,,PENDING,0.50,ORANGE,STAGE_TABLELIKE_EXPANSION_REVIEW,VRN_1D1_REPORTTEXT_TABLELIKE_EXPANSION,C:\Users\tonyk\OneDrive\VeritasIntelligenceAnalytics\module\VRN\output\_route_lock_runs\RUN_20260525_195119_VRN_GO_M01_60PDF_FULL_V120\full_input_60pdf\20260519兆豐個股報告-望隼(4771).pdf,2026-06-15T16:25:25.776546,57f24ac1ab391fc7b68b8f5805a0b9676ef56a66
33280450a5af073c2547,dc367a89b6fb,4771,,兆豐,2026-05-19,2024Q1,2024,Q1,IS,tax_expense,所得稅費用,25.8,25.8,%,TWD,,7," 
評等分級：買進（預期未來六個月股價漲輻超過+30%）; 逢低買進（預期未來六個月股價漲輻介於+15%與+30%之間）; 區間操
作（預期未來六個月股價漲跌輻介於-15%與+15%之間）; 逢高賣出（預期未來六個月股價跌輻介於-15%與-30%之間）；賣出（預
期未來六個月股價跌輻超過-30%）。 
本刊所刊載之內容僅做為參考，惟已力求正確與完整，但因時間及市場客觀因素改變所造成產業、市場或個股之相關條件改變，投資人需自行考量
投資之需求與風險，本公司恕不負擔任何法律責任。任何轉載或引用本報告內容必須經本公司同意。 
 
- 7 - 
個股報告 
財務報表 
 
季度損益表 
單位：新台幣百萬元 
 4771望隼 
2024 
25Q1 
25Q2 
25Q3 
25Q4 
2025 
26Q1 
26Q2(F) 26Q3(F) 26Q4(F) 2026(F) 
營業收入淨額
 3,002 
 811
 872
 854 
 951
 3,487 
 1,031 
 1,086 
1,137 
1,199 
4,453
營業成本
 1,823 
 475
 517
 512 
 558
 2,061 
 608
 645
678 
711
2,642
營業毛利淨額
 1,179 
 336
 356
 342 
 393
 1,426 
 423 
 441
459 
488
1,811
營業費用
 291 
 97
 100
 107 
 116
 420 
 124 
 128
131 
138
521
營業淨利(損)
 888 
 238
 256
 234 
 277
 1,006 
 298 
 313
328 
350
1,289
營業外收支
 
 
 
 
利息收入
 18 
 3
 7
 4 
 6
 19 
 2 
 2
4 
5
13
財務成本
 29 
 7
 6
 7 
 6
 26 
 6 
 6
8 
8
28
其他利益及損失
 29 
 11
 (74)
 33 
 22
 (8) 
 14 
 2
11
-15
12
其他收支淨額
 14 
 10
 2
 3 
 3
 18 
 3 
 3
3 
5
14
營業外收支淨額合計
 32 
18
-71
32 
24
 3 
13 
1
10 
-13
11
稅前淨利
 920 
25",857530a25cb24b2eb1036434,244,,PENDING,,PENDING,,PENDING,0.50,ORANGE,STAGE_TABLELIKE_EXPANSION_REVIEW,VRN_1D1_REPORTTEXT_TABLELIKE_EXPANSION,C:\Users\tonyk\OneDrive\VeritasIntelligenceAnalytics\module\VRN\output\_route_lock_runs\RUN_20260525_195119_VRN_GO_M01_60PDF_FULL_V120\full_input_60pdf\20260519兆豐個股報告-望隼(4771).pdf,2026-06-15T16:25:25.776555,dc83e9594f16f144f1d507dcba92373ade8b489f
33280450a5af073c2547,dc367a89b6fb,4771,,兆豐,2026-05-19,2024Q1,2024,Q1,IS,tax_expense,所得稅費用,24.0,24.0,%,TWD,,7," 
評等分級：買進（預期未來六個月股價漲輻超過+30%）; 逢低買進（預期未來六個月股價漲輻介於+15%與+30%之間）; 區間操
作（預期未來六個月股價漲跌輻介於-15%與+15%之間）; 逢高賣出（預期未來六個月股價跌輻介於-15%與-30%之間）；賣出（預
期未來六個月股價跌輻超過-30%）。 
本刊所刊載之內容僅做為參考，惟已力求正確與完整，但因時間及市場客觀因素改變所造成產業、市場或個股之相關條件改變，投資人需自行考量
投資之需求與風險，本公司恕不負擔任何法律責任。任何轉載或引用本報告內容必須經本公司同意。 
 
- 7 - 
個股報告 
財務報表 
 
季度損益表 
單位：新台幣百萬元 
 4771望隼 
2024 
25Q1 
25Q2 
25Q3 
25Q4 
2025 
26Q1 
26Q2(F) 26Q3(F) 26Q4(F) 2026(F) 
營業收入淨額
 3,002 
 811
 872
 854 
 951
 3,487 
 1,031 
 1,086 
1,137 
1,199 
4,453
營業成本
 1,823 
 475
 517
 512 
 558
 2,061 
 608
 645
678 
711
2,642
營業毛利淨額
 1,179 
 336
 356
 342 
 393
 1,426 
 423 
 441
459 
488
1,811
營業費用
 291 
 97
 100
 107 
 116
 420 
 124 
 128
131 
138
521
營業淨利(損)
 888 
 238
 256
 234 
 277
 1,006 
 298 
 313
328 
350
1,289
營業外收支
 
 
 
 
利息收入
 18 
 3
 7
 4 
 6
 19 
 2 
 2
4 
5
13
財務成本
 29 
 7
 6
 7 
 6
 26 
 6 
 6
8 
8
28
其他利益及損失
 29 
 11
 (74)
 33 
 22
 (8) 
 14 
 2
11
-15
12
其他收支淨額
 14 
 10
 2
 3 
 3
 18 
 3 
 3
3 
5
14
營業外收支淨額合計
 32 
18
-71
32 
24
 3 
13 
1
10 
-13
11
稅前淨利
 920 
25",857530a25cb24b2eb1036434,245,,PENDING,,PENDING,,PENDING,0.50,ORANGE,STAGE_TABLELIKE_EXPANSION_REVIEW,VRN_1D1_REPORTTEXT_TABLELIKE_EXPANSION,C:\Users\tonyk\OneDrive\VeritasIntelligenceAnalytics\module\VRN\output\_route_lock_runs\RUN_20260525_195119_VRN_GO_M01_60PDF_FULL_V120\full_input_60pdf\20260519兆豐個股報告-望隼(4771).pdf,2026-06-15T16:25:25.776565,ead9a1138c7e2cdb3338553a6875103c920ce0ac
33280450a5af073c2547,dc367a89b6fb,4771,,兆豐,2026-05-19,2024Q1,2024,Q1,IS,tax_expense,所得稅費用,34.4,34.4,%,TWD,,7," 
評等分級：買進（預期未來六個月股價漲輻超過+30%）; 逢低買進（預期未來六個月股價漲輻介於+15%與+30%之間）; 區間操
作（預期未來六個月股價漲跌輻介於-15%與+15%之間）; 逢高賣出（預期未來六個月股價跌輻介於-15%與-30%之間）；賣出（預
期未來六個月股價跌輻超過-30%）。 
本刊所刊載之內容僅做為參考，惟已力求正確與完整，但因時間及市場客觀因素改變所造成產業、市場或個股之相關條件改變，投資人需自行考量
投資之需求與風險，本公司恕不負擔任何法律責任。任何轉載或引用本報告內容必須經本公司同意。 
 
- 7 - 
個股報告 
財務報表 
 
季度損益表 
單位：新台幣百萬元 
 4771望隼 
2024 
25Q1 
25Q2 
25Q3 
25Q4 
2025 
26Q1 
26Q2(F) 26Q3(F) 26Q4(F) 2026(F) 
營業收入淨額
 3,002 
 811
 872
 854 
 951
 3,487 
 1,031 
 1,086 
1,137 
1,199 
4,453
營業成本
 1,823 
 475
 517
 512 
 558
 2,061 
 608
 645
678 
711
2,642
營業毛利淨額
 1,179 
 336
 356
 342 
 393
 1,426 
 423 
 441
459 
488
1,811
營業費用
 291 
 97
 100
 107 
 116
 420 
 124 
 128
131 
138
521
營業淨利(損)
 888 
 238
 256
 234 
 277
 1,006 
 298 
 313
328 
350
1,289
營業外收支
 
 
 
 
利息收入
 18 
 3
 7
 4 
 6
 19 
 2 
 2
4 
5
13
財務成本
 29 
 7
 6
 7 
 6
 26 
 6 
 6
8 
8
28
其他利益及損失
 29 
 11
 (74)
 33 
 22
 (8) 
 14 
 2
11
-15
12
其他收支淨額
 14 
 10
 2
 3 
 3
 18 
 3 
 3
3 
5
14
營業外收支淨額合計
 32 
18
-71
32 
24
 3 
13 
1
10 
-13
11
稅前淨利
 920 
25",857530a25cb24b2eb1036434,246,,PENDING,,PENDING,,PENDING,0.50,ORANGE,STAGE_TABLELIKE_EXPANSION_REVIEW,VRN_1D1_REPORTTEXT_TABLELIKE_EXPANSION,C:\Users\tonyk\OneDrive\VeritasIntelligenceAnalytics\module\VRN\output\_route_lock_runs\RUN_20260525_195119_VRN_GO_M01_60PDF_FULL_V120\full_input_60pdf\20260519兆豐個股報告-望隼(4771).pdf,2026-06-15T16:25:25.776574,ff92b7d3372e6934d3530aefd20a9bcba1aeccf3
33280450a5af073c2547,dc367a89b6fb,4771,,兆豐,2026-05-19,2024Q1,2024,Q1,IS,tax_expense,所得稅費用,24.2,24.2,%,TWD,,7," 
評等分級：買進（預期未來六個月股價漲輻超過+30%）; 逢低買進（預期未來六個月股價漲輻介於+15%與+30%之間）; 區間操
作（預期未來六個月股價漲跌輻介於-15%與+15%之間）; 逢高賣出（預期未來六個月股價跌輻介於-15%與-30%之間）；賣出（預
期未來六個月股價跌輻超過-30%）。 
本刊所刊載之內容僅做為參考，惟已力求正確與完整，但因時間及市場客觀因素改變所造成產業、市場或個股之相關條件改變，投資人需自行考量
投資之需求與風險，本公司恕不負擔任何法律責任。任何轉載或引用本報告內容必須經本公司同意。 
 
- 7 - 
個股報告 
財務報表 
 
季度損益表 
單位：新台幣百萬元 
 4771望隼 
2024 
25Q1 
25Q2 
25Q3 
25Q4 
2025 
26Q1 
26Q2(F) 26Q3(F) 26Q4(F) 2026(F) 
營業收入淨額
 3,002 
 811
 872
 854 
 951
 3,487 
 1,031 
 1,086 
1,137 
1,199 
4,453
營業成本
 1,823 
 475
 517
 512 
 558
 2,061 
 608
 645
678 
711
2,642
營業毛利淨額
 1,179 
 336
 356
 342 
 393
 1,426 
 423 
 441
459 
488
1,811
營業費用
 291 
 97
 100
 107 
 116
 420 
 124 
 128
131 
138
521
營業淨利(損)
 888 
 238
 256
 234 
 277
 1,006 
 298 
 313
328 
350
1,289
營業外收支
 
 
 
 
利息收入
 18 
 3
 7
 4 
 6
 19 
 2 
 2
4 
5
13
財務成本
 29 
 7
 6
 7 
 6
 26 
 6 
 6
8 
8
28
其他利益及損失
 29 
 11
 (74)
 33 
 22
 (8) 
 14 
 2
11
-15
12
其他收支淨額
 14 
 10
 2
 3 
 3
 18 
 3 
 3
3 
5
14
營業外收支淨額合計
 32 
18
-71
32 
24
 3 
13 
1
10 
-13
11
稅前淨利
 920 
25",857530a25cb24b2eb1036434,247,,PENDING,,PENDING,,PENDING,0.50,ORANGE,STAGE_TABLELIKE_EXPANSION_REVIEW,VRN_1D1_REPORTTEXT_TABLELIKE_EXPANSION,C:\Users\tonyk\OneDrive\VeritasIntelligenceAnalytics\module\VRN\output\_route_lock_runs\RUN_20260525_195119_VRN_GO_M01_60PDF_FULL_V120\full_input_60pdf\20260519兆豐個股報告-望隼(4771).pdf,2026-06-15T16:25:25.776584,5264a3d725e79b39d635086c39482ba50393fe37
33280450a5af073c2547,dc367a89b6fb,4771,,兆豐,2026-05-19,2024Q1,2024,Q1,IS,tax_expense,所得稅費用,27.0,27.0,%,TWD,,7," 
評等分級：買進（預期未來六個月股價漲輻超過+30%）; 逢低買進（預期未來六個月股價漲輻介於+15%與+30%之間）; 區間操
作（預期未來六個月股價漲跌輻介於-15%與+15%之間）; 逢高賣出（預期未來六個月股價跌輻介於-15%與-30%之間）；賣出（預
期未來六個月股價跌輻超過-30%）。 
本刊所刊載之內容僅做為參考，惟已力求正確與完整，但因時間及市場客觀因素改變所造成產業、市場或個股之相關條件改變，投資人需自行考量
投資之需求與風險，本公司恕不負擔任何法律責任。任何轉載或引用本報告內容必須經本公司同意。 
 
- 7 - 
個股報告 
財務報表 
 
季度損益表 
單位：新台幣百萬元 
 4771望隼 
2024 
25Q1 
25Q2 
25Q3 
25Q4 
2025 
26Q1 
26Q2(F) 26Q3(F) 26Q4(F) 2026(F) 
營業收入淨額
 3,002 
 811
 872
 854 
 951
 3,487 
 1,031 
 1,086 
1,137 
1,199 
4,453
營業成本
 1,823 
 475
 517
 512 
 558
 2,061 
 608
 645
678 
711
2,642
營業毛利淨額
 1,179 
 336
 356
 342 
 393
 1,426 
 423 
 441
459 
488
1,811
營業費用
 291 
 97
 100
 107 
 116
 420 
 124 
 128
131 
138
521
營業淨利(損)
 888 
 238
 256
 234 
 277
 1,006 
 298 
 313
328 
350
1,289
營業外收支
 
 
 
 
利息收入
 18 
 3
 7
 4 
 6
 19 
 2 
 2
4 
5
13
財務成本
 29 
 7
 6
 7 
 6
 26 
 6 
 6
8 
8
28
其他利益及損失
 29 
 11
 (74)
 33 
 22
 (8) 
 14 
 2
11
-15
12
其他收支淨額
 14 
 10
 2
 3 
 3
 18 
 3 
 3
3 
5
14
營業外收支淨額合計
 32 
18
-71
32 
24
 3 
13 
1
10 
-13
11
稅前淨利
 920 
25",857530a25cb24b2eb1036434,248,,PENDING,,PENDING,,PENDING,0.50,ORANGE,STAGE_TABLELIKE_EXPANSION_REVIEW,VRN_1D1_REPORTTEXT_TABLELIKE_EXPANSION,C:\Users\tonyk\OneDrive\VeritasIntelligenceAnalytics\module\VRN\output\_route_lock_runs\RUN_20260525_195119_VRN_GO_M01_60PDF_FULL_V120\full_input_60pdf\20260519兆豐個股報告-望隼(4771).pdf,2026-06-15T16:25:25.776593,65e802ab6d3a152dad5e612161d7294d7926dc15
33280450a5af073c2547,dc367a89b6fb,4771,,兆豐,2026-05-19,2024Q1,2024,Q1,IS,tax_expense,所得稅費用,6.7,6.7,%,TWD,,7," 
評等分級：買進（預期未來六個月股價漲輻超過+30%）; 逢低買進（預期未來六個月股價漲輻介於+15%與+30%之間）; 區間操
作（預期未來六個月股價漲跌輻介於-15%與+15%之間）; 逢高賣出（預期未來六個月股價跌輻介於-15%與-30%之間）；賣出（預
期未來六個月股價跌輻超過-30%）。 
本刊所刊載之內容僅做為參考，惟已力求正確與完整，但因時間及市場客觀因素改變所造成產業、市場或個股之相關條件改變，投資人需自行考量
投資之需求與風險，本公司恕不負擔任何法律責任。任何轉載或引用本報告內容必須經本公司同意。 
 
- 7 - 
個股報告 
財務報表 
 
季度損益表 
單位：新台幣百萬元 
 4771望隼 
2024 
25Q1 
25Q2 
25Q3 
25Q4 
2025 
26Q1 
26Q2(F) 26Q3(F) 26Q4(F) 2026(F) 
營業收入淨額
 3,002 
 811
 872
 854 
 951
 3,487 
 1,031 
 1,086 
1,137 
1,199 
4,453
營業成本
 1,823 
 475
 517
 512 
 558
 2,061 
 608
 645
678 
711
2,642
營業毛利淨額
 1,179 
 336
 356
 342 
 393
 1,426 
 423 
 441
459 
488
1,811
營業費用
 291 
 97
 100
 107 
 116
 420 
 124 
 128
131 
138
521
營業淨利(損)
 888 
 238
 256
 234 
 277
 1,006 
 298 
 313
328 
350
1,289
營業外收支
 
 
 
 
利息收入
 18 
 3
 7
 4 
 6
 19 
 2 
 2
4 
5
13
財務成本
 29 
 7
 6
 7 
 6
 26 
 6 
 6
8 
8
28
其他利益及損失
 29 
 11
 (74)
 33 
 22
 (8) 
 14 
 2
11
-15
12
其他收支淨額
 14 
 10
 2
 3 
 3
 18 
 3 
 3
3 
5
14
營業外收支淨額合計
 32 
18
-71
32 
24
 3 
13 
1
10 
-13
11
稅前淨利
 920 
25",857530a25cb24b2eb1036434,249,,PENDING,,PENDING,,PENDING,0.50,ORANGE,STAGE_TABLELIKE_EXPANSION_REVIEW,VRN_1D1_REPORTTEXT_TABLELIKE_EXPANSION,C:\Users\tonyk\OneDrive\VeritasIntelligenceAnalytics\module\VRN\output\_route_lock_runs\RUN_20260525_195119_VRN_GO_M01_60PDF_FULL_V120\full_input_60pdf\20260519兆豐個股報告-望隼(4771).pdf,2026-06-15T16:25:25.776602,3408f15a94fec5682508cba730d2b4067cd7f157
33280450a5af073c2547,dc367a89b6fb,4771,,兆豐,2026-05-19,2024Q1,2024,Q1,IS,tax_expense,所得稅費用,-0.3,-0.3,%,TWD,,7," 
評等分級：買進（預期未來六個月股價漲輻超過+30%）; 逢低買進（預期未來六個月股價漲輻介於+15%與+30%之間）; 區間操
作（預期未來六個月股價漲跌輻介於-15%與+15%之間）; 逢高賣出（預期未來六個月股價跌輻介於-15%與-30%之間）；賣出（預
期未來六個月股價跌輻超過-30%）。 
本刊所刊載之內容僅做為參考，惟已力求正確與完整，但因時間及市場客觀因素改變所造成產業、市場或個股之相關條件改變，投資人需自行考量
投資之需求與風險，本公司恕不負擔任何法律責任。任何轉載或引用本報告內容必須經本公司同意。 
 
- 7 - 
個股報告 
財務報表 
 
季度損益表 
單位：新台幣百萬元 
 4771望隼 
2024 
25Q1 
25Q2 
25Q3 
25Q4 
2025 
26Q1 
26Q2(F) 26Q3(F) 26Q4(F) 2026(F) 
營業收入淨額
 3,002 
 811
 872
 854 
 951
 3,487 
 1,031 
 1,086 
1,137 
1,199 
4,453
營業成本
 1,823 
 475
 517
 512 
 558
 2,061 
 608
 645
678 
711
2,642
營業毛利淨額
 1,179 
 336
 356
 342 
 393
 1,426 
 423 
 441
459 
488
1,811
營業費用
 291 
 97
 100
 107 
 116
 420 
 124 
 128
131 
138
521
營業淨利(損)
 888 
 238
 256
 234 
 277
 1,006 
 298 
 313
328 
350
1,289
營業外收支
 
 
 
 
利息收入
 18 
 3
 7
 4 
 6
 19 
 2 
 2
4 
5
13
財務成本
 29 
 7
 6
 7 
 6
 26 
 6 
 6
8 
8
28
其他利益及損失
 29 
 11
 (74)
 33 
 22
 (8) 
 14 
 2
11
-15
12
其他收支淨額
 14 
 10
 2
 3 
 3
 18 
 3 
 3
3 
5
14
營業外收支淨額合計
 32 
18
-71
32 
24
 3 
13 
1
10 
-13
11
稅前淨利
 920 
25",857530a25cb24b2eb1036434,250,,PENDING,,PENDING,,PENDING,0.50,ORANGE,STAGE_TABLELIKE_EXPANSION_REVIEW,VRN_1D1_REPORTTEXT_TABLELIKE_EXPANSION,C:\Users\tonyk\OneDrive\VeritasIntelligenceAnalytics\module\VRN\output\_route_lock_runs\RUN_20260525_195119_VRN_GO_M01_60PDF_FULL_V120\full_input_60pdf\20260519兆豐個股報告-望隼(4771).pdf,2026-06-15T16:25:25.776612,2657cf60530f04ccd25133427b896257cab942e4
33280450a5af073c2547,dc367a89b6fb,4771,,兆豐,2026-05-19,2024Q1,2024,Q1,IS,tax_expense,所得稅費用,15.5,15.5,%,TWD,,7," 
評等分級：買進（預期未來六個月股價漲輻超過+30%）; 逢低買進（預期未來六個月股價漲輻介於+15%與+30%之間）; 區間操
作（預期未來六個月股價漲跌輻介於-15%與+15%之間）; 逢高賣出（預期未來六個月股價跌輻介於-15%與-30%之間）；賣出（預
期未來六個月股價跌輻超過-30%）。 
本刊所刊載之內容僅做為參考，惟已力求正確與完整，但因時間及市場客觀因素改變所造成產業、市場或個股之相關條件改變，投資人需自行考量
投資之需求與風險，本公司恕不負擔任何法律責任。任何轉載或引用本報告內容必須經本公司同意。 
 
- 7 - 
個股報告 
財務報表 
 
季度損益表 
單位：新台幣百萬元 
 4771望隼 
2024 
25Q1 
25Q2 
25Q3 
25Q4 
2025 
26Q1 
26Q2(F) 26Q3(F) 26Q4(F) 2026(F) 
營業收入淨額
 3,002 
 811
 872
 854 
 951
 3,487 
 1,031 
 1,086 
1,137 
1,199 
4,453
營業成本
 1,823 
 475
 517
 512 
 558
 2,061 
 608
 645
678 
711
2,642
營業毛利淨額
 1,179 
 336
 356
 342 
 393
 1,426 
 423 
 441
459 
488
1,811
營業費用
 291 
 97
 100
 107 
 116
 420 
 124 
 128
131 
138
521
營業淨利(損)
 888 
 238
 256
 234 
 277
 1,006 
 298 
 313
328 
350
1,289
營業外收支
 
 
 
 
利息收入
 18 
 3
 7
 4 
 6
 19 
 2 
 2
4 
5
13
財務成本
 29 
 7
 6
 7 
 6
 26 
 6 
 6
8 
8
28
其他利益及損失
 29 
 11
 (74)
 33 
 22
 (8) 
 14 
 2
11
-15
12
其他收支淨額
 14 
 10
 2
 3 
 3
 18 
 3 
 3
3 
5
14
營業外收支淨額合計
 32 
18
-71
32 
24
 3 
13 
1
10 
-13
11
稅前淨利
 920 
25",857530a25cb24b2eb1036434,251,,PENDING,,PENDING,,PENDING,0.50,ORANGE,STAGE_TABLELIKE_EXPANSION_REVIEW,VRN_1D1_REPORTTEXT_TABLELIKE_EXPANSION,C:\Users\tonyk\OneDrive\VeritasIntelligenceAnalytics\module\VRN\output\_route_lock_runs\RUN_20260525_195119_VRN_GO_M01_60PDF_FULL_V120\full_input_60pdf\20260519兆豐個股報告-望隼(4771).pdf,2026-06-15T16:25:25.776621,7cd3f98063a633bdeb0a5f90506f55d3370d9ac9
33280450a5af073c2547,dc367a89b6fb,4771,,兆豐,2026-05-19,2024Q1,2024,Q1,IS,tax_expense,所得稅費用,14.3,14.3,%,TWD,,7," 
評等分級：買進（預期未來六個月股價漲輻超過+30%）; 逢低買進（預期未來六個月股價漲輻介於+15%與+30%之間）; 區間操
作（預期未來六個月股價漲跌輻介於-15%與+15%之間）; 逢高賣出（預期未來六個月股價跌輻介於-15%與-30%之間）；賣出（預
期未來六個月股價跌輻超過-30%）。 
本刊所刊載之內容僅做為參考，惟已力求正確與完整，但因時間及市場客觀因素改變所造成產業、市場或個股之相關條件改變，投資人需自行考量
投資之需求與風險，本公司恕不負擔任何法律責任。任何轉載或引用本報告內容必須經本公司同意。 
 
- 7 - 
個股報告 
財務報表 
 
季度損益表 
單位：新台幣百萬元 
 4771望隼 
2024 
25Q1 
25Q2 
25Q3 
25Q4 
2025 
26Q1 
26Q2(F) 26Q3(F) 26Q4(F) 2026(F) 
營業收入淨額
 3,002 
 811
 872
 854 
 951
 3,487 
 1,031 
 1,086 
1,137 
1,199 
4,453
營業成本
 1,823 
 475
 517
 512 
 558
 2,061 
 608
 645
678 
711
2,642
營業毛利淨額
 1,179 
 336
 356
 342 
 393
 1,426 
 423 
 441
459 
488
1,811
營業費用
 291 
 97
 100
 107 
 116
 420 
 124 
 128
131 
138
521
營業淨利(損)
 888 
 238
 256
 234 
 277
 1,006 
 298 
 313
328 
350
1,289
營業外收支
 
 
 
 
利息收入
 18 
 3
 7
 4 
 6
 19 
 2 
 2
4 
5
13
財務成本
 29 
 7
 6
 7 
 6
 26 
 6 
 6
8 
8
28
其他利益及損失
 29 
 11
 (74)
 33 
 22
 (8) 
 14 
 2
11
-15
12
其他收支淨額
 14 
 10
 2
 3 
 3
 18 
 3 
 3
3 
5
14
營業外收支淨額合計
 32 
18
-71
32 
24
 3 
13 
1
10 
-13
11
稅前淨利
 920 
25",857530a25cb24b2eb1036434,252,,PENDING,,PENDING,,PENDING,0.50,ORANGE,STAGE_TABLELIKE_EXPANSION_REVIEW,VRN_1D1_REPORTTEXT_TABLELIKE_EXPANSION,C:\Users\tonyk\OneDrive\VeritasIntelligenceAnalytics\module\VRN\output\_route_lock_runs\RUN_20260525_195119_VRN_GO_M01_60PDF_FULL_V120\full_input_60pdf\20260519兆豐個股報告-望隼(4771).pdf,2026-06-15T16:25:25.776630,fc36366bbd3e12ad5dbcc59631db3329b337359e
33280450a5af073c2547,dc367a89b6fb,4771,,兆豐,2026-05-19,2024Q1,2024,Q1,IS,tax_expense,所得稅費用,24.8,24.8,%,TWD,,7," 
評等分級：買進（預期未來六個月股價漲輻超過+30%）; 逢低買進（預期未來六個月股價漲輻介於+15%與+30%之間）; 區間操
作（預期未來六個月股價漲跌輻介於-15%與+15%之間）; 逢高賣出（預期未來六個月股價跌輻介於-15%與-30%之間）；賣出（預
期未來六個月股價跌輻超過-30%）。 
本刊所刊載之內容僅做為參考，惟已力求正確與完整，但因時間及市場客觀因素改變所造成產業、市場或個股之相關條件改變，投資人需自行考量
投資之需求與風險，本公司恕不負擔任何法律責任。任何轉載或引用本報告內容必須經本公司同意。 
 
- 7 - 
個股報告 
財務報表 
 
季度損益表 
單位：新台幣百萬元 
 4771望隼 
2024 
25Q1 
25Q2 
25Q3 
25Q4 
2025 
26Q1 
26Q2(F) 26Q3(F) 26Q4(F) 2026(F) 
營業收入淨額
 3,002 
 811
 872
 854 
 951
 3,487 
 1,031 
 1,086 
1,137 
1,199 
4,453
營業成本
 1,823 
 475
 517
 512 
 558
 2,061 
 608
 645
678 
711
2,642
營業毛利淨額
 1,179 
 336
 356
 342 
 393
 1,426 
 423 
 441
459 
488
1,811
營業費用
 291 
 97
 100
 107 
 116
 420 
 124 
 128
131 
138
521
營業淨利(損)
 888 
 238
 256
 234 
 277
 1,006 
 298 
 313
328 
350
1,289
營業外收支
 
 
 
 
利息收入
 18 
 3
 7
 4 
 6
 19 
 2 
 2
4 
5
13
財務成本
 29 
 7
 6
 7 
 6
 26 
 6 
 6
8 
8
28
其他利益及損失
 29 
 11
 (74)
 33 
 22
 (8) 
 14 
 2
11
-15
12
其他收支淨額
 14 
 10
 2
 3 
 3
 18 
 3 
 3
3 
5
14
營業外收支淨額合計
 32 
18
-71
32 
24
 3 
13 
1
10 
-13
11
稅前淨利
 920 
25",857530a25cb24b2eb1036434,253,,PENDING,,PENDING,,PENDING,0.50,ORANGE,STAGE_TABLELIKE_EXPANSION_REVIEW,VRN_1D1_REPORTTEXT_TABLELIKE_EXPANSION,C:\Users\tonyk\OneDrive\VeritasIntelligenceAnalytics\module\VRN\output\_route_lock_runs\RUN_20260525_195119_VRN_GO_M01_60PDF_FULL_V120\full_input_60pdf\20260519兆豐個股報告-望隼(4771).pdf,2026-06-15T16:25:25.776640,6499043b6957c473e0836727d4e863a4434fb545
33280450a5af073c2547,dc367a89b6fb,4771,,兆豐,2026-05-19,2024Q1,2024,Q1,IS,tax_expense,所得稅費用,13.3,13.3,%,TWD,,7," 
評等分級：買進（預期未來六個月股價漲輻超過+30%）; 逢低買進（預期未來六個月股價漲輻介於+15%與+30%之間）; 區間操
作（預期未來六個月股價漲跌輻介於-15%與+15%之間）; 逢高賣出（預期未來六個月股價跌輻介於-15%與-30%之間）；賣出（預
期未來六個月股價跌輻超過-30%）。 
本刊所刊載之內容僅做為參考，惟已力求正確與完整，但因時間及市場客觀因素改變所造成產業、市場或個股之相關條件改變，投資人需自行考量
投資之需求與風險，本公司恕不負擔任何法律責任。任何轉載或引用本報告內容必須經本公司同意。 
 
- 7 - 
個股報告 
財務報表 
 
季度損益表 
單位：新台幣百萬元 
 4771望隼 
2024 
25Q1 
25Q2 
25Q3 
25Q4 
2025 
26Q1 
26Q2(F) 26Q3(F) 26Q4(F) 2026(F) 
營業收入淨額
 3,002 
 811
 872
 854 
 951
 3,487 
 1,031 
 1,086 
1,137 
1,199 
4,453
營業成本
 1,823 
 475
 517
 512 
 558
 2,061 
 608
 645
678 
711
2,642
營業毛利淨額
 1,179 
 336
 356
 342 
 393
 1,426 
 423 
 441
459 
488
1,811
營業費用
 291 
 97
 100
 107 
 116
 420 
 124 
 128
131 
138
521
營業淨利(損)
 888 
 238
 256
 234 
 277
 1,006 
 298 
 313
328 
350
1,289
營業外收支
 
 
 
 
利息收入
 18 
 3
 7
 4 
 6
 19 
 2 
 2
4 
5
13
財務成本
 29 
 7
 6
 7 
 6
 26 
 6 
 6
8 
8
28
其他利益及損失
 29 
 11
 (74)
 33 
 22
 (8) 
 14 
 2
11
-15
12
其他收支淨額
 14 
 10
 2
 3 
 3
 18 
 3 
 3
3 
5
14
營業外收支淨額合計
 32 
18
-71
32 
24
 3 
13 
1
10 
-13
11
稅前淨利
 920 
25",857530a25cb24b2eb1036434,254,,PENDING,,PENDING,,PENDING,0.50,ORANGE,STAGE_TABLELIKE_EXPANSION_REVIEW,VRN_1D1_REPORTTEXT_TABLELIKE_EXPANSION,C:\Users\tonyk\OneDrive\VeritasIntelligenceAnalytics\module\VRN\output\_route_lock_runs\RUN_20260525_195119_VRN_GO_M01_60PDF_FULL_V120\full_input_60pdf\20260519兆豐個股報告-望隼(4771).pdf,2026-06-15T16:25:25.776649,04a887873ed5f5ef689d5808ebb5ec8d55b2d102
33280450a5af073c2547,dc367a89b6fb,4771,,兆豐,2026-05-19,2024Q1,2024,Q1,IS,tax_expense,所得稅費用,25.0,25.0,%,TWD,,7," 
評等分級：買進（預期未來六個月股價漲輻超過+30%）; 逢低買進（預期未來六個月股價漲輻介於+15%與+30%之間）; 區間操
作（預期未來六個月股價漲跌輻介於-15%與+15%之間）; 逢高賣出（預期未來六個月股價跌輻介於-15%與-30%之間）；賣出（預
期未來六個月股價跌輻超過-30%）。 
本刊所刊載之內容僅做為參考，惟已力求正確與完整，但因時間及市場客觀因素改變所造成產業、市場或個股之相關條件改變，投資人需自行考量
投資之需求與風險，本公司恕不負擔任何法律責任。任何轉載或引用本報告內容必須經本公司同意。 
 
- 7 - 
個股報告 
財務報表 
 
季度損益表 
單位：新台幣百萬元 
 4771望隼 
2024 
25Q1 
25Q2 
25Q3 
25Q4 
2025 
26Q1 
26Q2(F) 26Q3(F) 26Q4(F) 2026(F) 
營業收入淨額
 3,002 
 811
 872
 854 
 951
 3,487 
 1,031 
 1,086 
1,137 
1,199 
4,453
營業成本
 1,823 
 475
 517
 512 
 558
 2,061 
 608
 645
678 
711
2,642
營業毛利淨額
 1,179 
 336
 356
 342 
 393
 1,426 
 423 
 441
459 
488
1,811
營業費用
 291 
 97
 100
 107 
 116
 420 
 124 
 128
131 
138
521
營業淨利(損)
 888 
 238
 256
 234 
 277
 1,006 
 298 
 313
328 
350
1,289
營業外收支
 
 
 
 
利息收入
 18 
 3
 7
 4 
 6
 19 
 2 
 2
4 
5
13
財務成本
 29 
 7
 6
 7 
 6
 26 
 6 
 6
8 
8
28
其他利益及損失
 29 
 11
 (74)
 33 
 22
 (8) 
 14 
 2
11
-15
12
其他收支淨額
 14 
 10
 2
 3 
 3
 18 
 3 
 3
3 
5
14
營業外收支淨額合計
 32 
18
-71
32 
24
 3 
13 
1
10 
-13
11
稅前淨利
 920 
25",857530a25cb24b2eb1036434,255,,PENDING,,PENDING,,PENDING,0.50,ORANGE,STAGE_TABLELIKE_EXPANSION_REVIEW,VRN_1D1_REPORTTEXT_TABLELIKE_EXPANSION,C:\Users\tonyk\OneDrive\VeritasIntelligenceAnalytics\module\VRN\output\_route_lock_runs\RUN_20260525_195119_VRN_GO_M01_60PDF_FULL_V120\full_input_60pdf\20260519兆豐個股報告-望隼(4771).pdf,2026-06-15T16:25:25.776658,3ec7788376338c7287a5ff1e80d5b1ceb9c2918e
33280450a5af073c2547,dc367a89b6fb,4771,,兆豐,2026-05-19,2024Q1,2024,Q1,IS,tax_expense,所得稅費用,22.2,22.2,%,TWD,,7," 
評等分級：買進（預期未來六個月股價漲輻超過+30%）; 逢低買進（預期未來六個月股價漲輻介於+15%與+30%之間）; 區間操
作（預期未來六個月股價漲跌輻介於-15%與+15%之間）; 逢高賣出（預期未來六個月股價跌輻介於-15%與-30%之間）；賣出（預
期未來六個月股價跌輻超過-30%）。 
本刊所刊載之內容僅做為參考，惟已力求正確與完整，但因時間及市場客觀因素改變所造成產業、市場或個股之相關條件改變，投資人需自行考量
投資之需求與風險，本公司恕不負擔任何法律責任。任何轉載或引用本報告內容必須經本公司同意。 
 
- 7 - 
個股報告 
財務報表 
 
季度損益表 
單位：新台幣百萬元 
 4771望隼 
2024 
25Q1 
25Q2 
25Q3 
25Q4 
2025 
26Q1 
26Q2(F) 26Q3(F) 26Q4(F) 2026(F) 
營業收入淨額
 3,002 
 811
 872
 854 
 951
 3,487 
 1,031 
 1,086 
1,137 
1,199 
4,453
營業成本
 1,823 
 475
 517
 512 
 558
 2,061 
 608
 645
678 
711
2,642
營業毛利淨額
 1,179 
 336
 356
 342 
 393
 1,426 
 423 
 441
459 
488
1,811
營業費用
 291 
 97
 100
 107 
 116
 420 
 124 
 128
131 
138
521
營業淨利(損)
 888 
 238
 256
 234 
 277
 1,006 
 298 
 313
328 
350
1,289
營業外收支
 
 
 
 
利息收入
 18 
 3
 7
 4 
 6
 19 
 2 
 2
4 
5
13
財務成本
 29 
 7
 6
 7 
 6
 26 
 6 
 6
8 
8
28
其他利益及損失
 29 
 11
 (74)
 33 
 22
 (8) 
 14 
 2
11
-15
12
其他收支淨額
 14 
 10
 2
 3 
 3
 18 
 3 
 3
3 
5
14
營業外收支淨額合計
 32 
18
-71
32 
24
 3 
13 
1
10 
-13
11
稅前淨利
 920 
25",857530a25cb24b2eb1036434,256,,PENDING,,PENDING,,PENDING,0.50,ORANGE,STAGE_TABLELIKE_EXPANSION_REVIEW,VRN_1D1_REPORTTEXT_TABLELIKE_EXPANSION,C:\Users\tonyk\OneDrive\VeritasIntelligenceAnalytics\module\VRN\output\_route_lock_runs\RUN_20260525_195119_VRN_GO_M01_60PDF_FULL_V120\full_input_60pdf\20260519兆豐個股報告-望隼(4771).pdf,2026-06-15T16:25:25.776668,a662d3802dc4e06a2d03f6db41cddf3fd998cc1d
33280450a5af073c2547,dc367a89b6fb,4771,,兆豐,2026-05-19,2024Q1,2024,Q1,IS,tax_expense,所得稅費用,39.9,39.9,%,TWD,,7," 
評等分級：買進（預期未來六個月股價漲輻超過+30%）; 逢低買進（預期未來六個月股價漲輻介於+15%與+30%之間）; 區間操
作（預期未來六個月股價漲跌輻介於-15%與+15%之間）; 逢高賣出（預期未來六個月股價跌輻介於-15%與-30%之間）；賣出（預
期未來六個月股價跌輻超過-30%）。 
本刊所刊載之內容僅做為參考，惟已力求正確與完整，但因時間及市場客觀因素改變所造成產業、市場或個股之相關條件改變，投資人需自行考量
投資之需求與風險，本公司恕不負擔任何法律責任。任何轉載或引用本報告內容必須經本公司同意。 
 
- 7 - 
個股報告 
財務報表 
 
季度損益表 
單位：新台幣百萬元 
 4771望隼 
2024 
25Q1 
25Q2 
25Q3 
25Q4 
2025 
26Q1 
26Q2(F) 26Q3(F) 26Q4(F) 2026(F) 
營業收入淨額
 3,002 
 811
 872
 854 
 951
 3,487 
 1,031 
 1,086 
1,137 
1,199 
4,453
營業成本
 1,823 
 475
 517
 512 
 558
 2,061 
 608
 645
678 
711
2,642
營業毛利淨額
 1,179 
 336
 356
 342 
 393
 1,426 
 423 
 441
459 
488
1,811
營業費用
 291 
 97
 100
 107 
 116
 420 
 124 
 128
131 
138
521
營業淨利(損)
 888 
 238
 256
 234 
 277
 1,006 
 298 
 313
328 
350
1,289
營業外收支
 
 
 
 
利息收入
 18 
 3
 7
 4 
 6
 19 
 2 
 2
4 
5
13
財務成本
 29 
 7
 6
 7 
 6
 26 
 6 
 6
8 
8
28
其他利益及損失
 29 
 11
 (74)
 33 
 22
 (8) 
 14 
 2
11
-15
12
其他收支淨額
 14 
 10
 2
 3 
 3
 18 
 3 
 3
3 
5
14
營業外收支淨額合計
 32 
18
-71
32 
24
 3 
13 
1
10 
-13
11
稅前淨利
 920 
25",857530a25cb24b2eb1036434,257,,PENDING,,PENDING,,PENDING,0.50,ORANGE,STAGE_TABLELIKE_EXPANSION_REVIEW,VRN_1D1_REPORTTEXT_TABLELIKE_EXPANSION,C:\Users\tonyk\OneDrive\VeritasIntelligenceAnalytics\module\VRN\output\_route_lock_runs\RUN_20260525_195119_VRN_GO_M01_60PDF_FULL_V120\full_input_60pdf\20260519兆豐個股報告-望隼(4771).pdf,2026-06-15T16:25:25.776677,a11011024ba3b7f34a1d1124b1d4f79afd698a0c
33280450a5af073c2547,dc367a89b6fb,4771,,兆豐,2026-05-19,2024Q1,2024,Q1,IS,tax_expense,所得稅費用,26.4,26.4,%,TWD,,7," 
評等分級：買進（預期未來六個月股價漲輻超過+30%）; 逢低買進（預期未來六個月股價漲輻介於+15%與+30%之間）; 區間操
作（預期未來六個月股價漲跌輻介於-15%與+15%之間）; 逢高賣出（預期未來六個月股價跌輻介於-15%與-30%之間）；賣出（預
期未來六個月股價跌輻超過-30%）。 
本刊所刊載之內容僅做為參考，惟已力求正確與完整，但因時間及市場客觀因素改變所造成產業、市場或個股之相關條件改變，投資人需自行考量
投資之需求與風險，本公司恕不負擔任何法律責任。任何轉載或引用本報告內容必須經本公司同意。 
 
- 7 - 
個股報告 
財務報表 
 
季度損益表 
單位：新台幣百萬元 
 4771望隼 
2024 
25Q1 
25Q2 
25Q3 
25Q4 
2025 
26Q1 
26Q2(F) 26Q3(F) 26Q4(F) 2026(F) 
營業收入淨額
 3,002 
 811
 872
 854 
 951
 3,487 
 1,031 
 1,086 
1,137 
1,199 
4,453
營業成本
 1,823 
 475
 517
 512 
 558
 2,061 
 608
 645
678 
711
2,642
營業毛利淨額
 1,179 
 336
 356
 342 
 393
 1,426 
 423 
 441
459 
488
1,811
營業費用
 291 
 97
 100
 107 
 116
 420 
 124 
 128
131 
138
521
營業淨利(損)
 888 
 238
 256
 234 
 277
 1,006 
 298 
 313
328 
350
1,289
營業外收支
 
 
 
 
利息收入
 18 
 3
 7
 4 
 6
 19 
 2 
 2
4 
5
13
財務成本
 29 
 7
 6
 7 
 6
 26 
 6 
 6
8 
8
28
其他利益及損失
 29 
 11
 (74)
 33 
 22
 (8) 
 14 
 2
11
-15
12
其他收支淨額
 14 
 10
 2
 3 
 3
 18 
 3 
 3
3 
5
14
營業外收支淨額合計
 32 
18
-71
32 
24
 3 
13 
1
10 
-13
11
稅前淨利
 920 
25",857530a25cb24b2eb1036434,258,,PENDING,,PENDING,,PENDING,0.50,ORANGE,STAGE_TABLELIKE_EXPANSION_REVIEW,VRN_1D1_REPORTTEXT_TABLELIKE_EXPANSION,C:\Users\tonyk\OneDrive\VeritasIntelligenceAnalytics\module\VRN\output\_route_lock_runs\RUN_20260525_195119_VRN_GO_M01_60PDF_FULL_V120\full_input_60pdf\20260519兆豐個股報告-望隼(4771).pdf,2026-06-15T16:25:25.776687,f92573e89342c2a379118138606a698cdf7f22b5
33280450a5af073c2547,dc367a89b6fb,4771,,兆豐,2026-05-19,2024Q1,2024,Q1,IS,tax_expense,所得稅費用,28.2,28.2,%,TWD,,7," 
評等分級：買進（預期未來六個月股價漲輻超過+30%）; 逢低買進（預期未來六個月股價漲輻介於+15%與+30%之間）; 區間操
作（預期未來六個月股價漲跌輻介於-15%與+15%之間）; 逢高賣出（預期未來六個月股價跌輻介於-15%與-30%之間）；賣出（預
期未來六個月股價跌輻超過-30%）。 
本刊所刊載之內容僅做為參考，惟已力求正確與完整，但因時間及市場客觀因素改變所造成產業、市場或個股之相關條件改變，投資人需自行考量
投資之需求與風險，本公司恕不負擔任何法律責任。任何轉載或引用本報告內容必須經本公司同意。 
 
- 7 - 
個股報告 
財務報表 
 
季度損益表 
單位：新台幣百萬元 
 4771望隼 
2024 
25Q1 
25Q2 
25Q3 
25Q4 
2025 
26Q1 
26Q2(F) 26Q3(F) 26Q4(F) 2026(F) 
營業收入淨額
 3,002 
 811
 872
 854 
 951
 3,487 
 1,031 
 1,086 
1,137 
1,199 
4,453
營業成本
 1,823 
 475
 517
 512 
 558
 2,061 
 608
 645
678 
711
2,642
營業毛利淨額
 1,179 
 336
 356
 342 
 393
 1,426 
 423 
 441
459 
488
1,811
營業費用
 291 
 97
 100
 107 
 116
 420 
 124 
 128
131 
138
521
營業淨利(損)
 888 
 238
 256
 234 
 277
 1,006 
 298 
 313
328 
350
1,289
營業外收支
 
 
 
 
利息收入
 18 
 3
 7
 4 
 6
 19 
 2 
 2
4 
5
13
財務成本
 29 
 7
 6
 7 
 6
 26 
 6 
 6
8 
8
28
其他利益及損失
 29 
 11
 (74)
 33 
 22
 (8) 
 14 
 2
11
-15
12
其他收支淨額
 14 
 10
 2
 3 
 3
 18 
 3 
 3
3 
5
14
營業外收支淨額合計
 32 
18
-71
32 
24
 3 
13 
1
10 
-13
11
稅前淨利
 920 
25",857530a25cb24b2eb1036434,259,,PENDING,,PENDING,,PENDING,0.50,ORANGE,STAGE_TABLELIKE_EXPANSION_REVIEW,VRN_1D1_REPORTTEXT_TABLELIKE_EXPANSION,C:\Users\tonyk\OneDrive\VeritasIntelligenceAnalytics\module\VRN\output\_route_lock_runs\RUN_20260525_195119_VRN_GO_M01_60PDF_FULL_V120\full_input_60pdf\20260519兆豐個股報告-望隼(4771).pdf,2026-06-15T16:25:25.776696,d12c22a5a8ca33d3e02f0f7b8f5f22912dc58447
33280450a5af073c2547,dc367a89b6fb,4771,,兆豐,2026-05-19,2024Q1,2024,Q1,IS,tax_expense,所得稅費用,10.3,10.3,%,TWD,,7," 
評等分級：買進（預期未來六個月股價漲輻超過+30%）; 逢低買進（預期未來六個月股價漲輻介於+15%與+30%之間）; 區間操
作（預期未來六個月股價漲跌輻介於-15%與+15%之間）; 逢高賣出（預期未來六個月股價跌輻介於-15%與-30%之間）；賣出（預
期未來六個月股價跌輻超過-30%）。 
本刊所刊載之內容僅做為參考，惟已力求正確與完整，但因時間及市場客觀因素改變所造成產業、市場或個股之相關條件改變，投資人需自行考量
投資之需求與風險，本公司恕不負擔任何法律責任。任何轉載或引用本報告內容必須經本公司同意。 
 
- 7 - 
個股報告 
財務報表 
 
季度損益表 
單位：新台幣百萬元 
 4771望隼 
2024 
25Q1 
25Q2 
25Q3 
25Q4 
2025 
26Q1 
26Q2(F) 26Q3(F) 26Q4(F) 2026(F) 
營業收入淨額
 3,002 
 811
 872
 854 
 951
 3,487 
 1,031 
 1,086 
1,137 
1,199 
4,453
營業成本
 1,823 
 475
 517
 512 
 558
 2,061 
 608
 645
678 
711
2,642
營業毛利淨額
 1,179 
 336
 356
 342 
 393
 1,426 
 423 
 441
459 
488
1,811
營業費用
 291 
 97
 100
 107 
 116
 420 
 124 
 128
131 
138
521
營業淨利(損)
 888 
 238
 256
 234 
 277
 1,006 
 298 
 313
328 
350
1,289
營業外收支
 
 
 
 
利息收入
 18 
 3
 7
 4 
 6
 19 
 2 
 2
4 
5
13
財務成本
 29 
 7
 6
 7 
 6
 26 
 6 
 6
8 
8
28
其他利益及損失
 29 
 11
 (74)
 33 
 22
 (8) 
 14 
 2
11
-15
12
其他收支淨額
 14 
 10
 2
 3 
 3
 18 
 3 
 3
3 
5
14
營業外收支淨額合計
 32 
18
-71
32 
24
 3 
13 
1
10 
-13
11
稅前淨利
 920 
25",857530a25cb24b2eb1036434,260,,PENDING,,PENDING,,PENDING,0.50,ORANGE,STAGE_TABLELIKE_EXPANSION_REVIEW,VRN_1D1_REPORTTEXT_TABLELIKE_EXPANSION,C:\Users\tonyk\OneDrive\VeritasIntelligenceAnalytics\module\VRN\output\_route_lock_runs\RUN_20260525_195119_VRN_GO_M01_60PDF_FULL_V120\full_input_60pdf\20260519兆豐個股報告-望隼(4771).pdf,2026-06-15T16:25:25.776706,6a1a5d55867a61e7b8c781cbb401da6d45442e86
33280450a5af073c2547,dc367a89b6fb,4771,,兆豐,2026-05-19,2024Q1,2024,Q1,IS,tax_expense,所得稅費用,1.2,1.2,%,TWD,,7," 
評等分級：買進（預期未來六個月股價漲輻超過+30%）; 逢低買進（預期未來六個月股價漲輻介於+15%與+30%之間）; 區間操
作（預期未來六個月股價漲跌輻介於-15%與+15%之間）; 逢高賣出（預期未來六個月股價跌輻介於-15%與-30%之間）；賣出（預
期未來六個月股價跌輻超過-30%）。 
本刊所刊載之內容僅做為參考，惟已力求正確與完整，但因時間及市場客觀因素改變所造成產業、市場或個股之相關條件改變，投資人需自行考量
投資之需求與風險，本公司恕不負擔任何法律責任。任何轉載或引用本報告內容必須經本公司同意。 
 
- 7 - 
個股報告 
財務報表 
 
季度損益表 
單位：新台幣百萬元 
 4771望隼 
2024 
25Q1 
25Q2 
25Q3 
25Q4 
2025 
26Q1 
26Q2(F) 26Q3(F) 26Q4(F) 2026(F) 
營業收入淨額
 3,002 
 811
 872
 854 
 951
 3,487 
 1,031 
 1,086 
1,137 
1,199 
4,453
營業成本
 1,823 
 475
 517
 512 
 558
 2,061 
 608
 645
678 
711
2,642
營業毛利淨額
 1,179 
 336
 356
 342 
 393
 1,426 
 423 
 441
459 
488
1,811
營業費用
 291 
 97
 100
 107 
 116
 420 
 124 
 128
131 
138
521
營業淨利(損)
 888 
 238
 256
 234 
 277
 1,006 
 298 
 313
328 
350
1,289
營業外收支
 
 
 
 
利息收入
 18 
 3
 7
 4 
 6
 19 
 2 
 2
4 
5
13
財務成本
 29 
 7
 6
 7 
 6
 26 
 6 
 6
8 
8
28
其他利益及損失
 29 
 11
 (74)
 33 
 22
 (8) 
 14 
 2
11
-15
12
其他收支淨額
 14 
 10
 2
 3 
 3
 18 
 3 
 3
3 
5
14
營業外收支淨額合計
 32 
18
-71
32 
24
 3 
13 
1
10 
-13
11
稅前淨利
 920 
25",857530a25cb24b2eb1036434,261,,PENDING,,PENDING,,PENDING,0.50,ORANGE,STAGE_TABLELIKE_EXPANSION_REVIEW,VRN_1D1_REPORTTEXT_TABLELIKE_EXPANSION,C:\Users\tonyk\OneDrive\VeritasIntelligenceAnalytics\module\VRN\output\_route_lock_runs\RUN_20260525_195119_VRN_GO_M01_60PDF_FULL_V120\full_input_60pdf\20260519兆豐個股報告-望隼(4771).pdf,2026-06-15T16:25:25.776715,2b63aa0ae894060e7a61df00d296dc5439d89c41
33280450a5af073c2547,dc367a89b6fb,4771,,兆豐,2026-05-19,2024Q1,2024,Q1,IS,tax_expense,所得稅費用,-20.4,-20.4,%,TWD,,7," 
評等分級：買進（預期未來六個月股價漲輻超過+30%）; 逢低買進（預期未來六個月股價漲輻介於+15%與+30%之間）; 區間操
作（預期未來六個月股價漲跌輻介於-15%與+15%之間）; 逢高賣出（預期未來六個月股價跌輻介於-15%與-30%之間）；賣出（預
期未來六個月股價跌輻超過-30%）。 
本刊所刊載之內容僅做為參考，惟已力求正確與完整，但因時間及市場客觀因素改變所造成產業、市場或個股之相關條件改變，投資人需自行考量
投資之需求與風險，本公司恕不負擔任何法律責任。任何轉載或引用本報告內容必須經本公司同意。 
 
- 7 - 
個股報告 
財務報表 
 
季度損益表 
單位：新台幣百萬元 
 4771望隼 
2024 
25Q1 
25Q2 
25Q3 
25Q4 
2025 
26Q1 
26Q2(F) 26Q3(F) 26Q4(F) 2026(F) 
營業收入淨額
 3,002 
 811
 872
 854 
 951
 3,487 
 1,031 
 1,086 
1,137 
1,199 
4,453
營業成本
 1,823 
 475
 517
 512 
 558
 2,061 
 608
 645
678 
711
2,642
營業毛利淨額
 1,179 
 336
 356
 342 
 393
 1,426 
 423 
 441
459 
488
1,811
營業費用
 291 
 97
 100
 107 
 116
 420 
 124 
 128
131 
138
521
營業淨利(損)
 888 
 238
 256
 234 
 277
 1,006 
 298 
 313
328 
350
1,289
營業外收支
 
 
 
 
利息收入
 18 
 3
 7
 4 
 6
 19 
 2 
 2
4 
5
13
財務成本
 29 
 7
 6
 7 
 6
 26 
 6 
 6
8 
8
28
其他利益及損失
 29 
 11
 (74)
 33 
 22
 (8) 
 14 
 2
11
-15
12
其他收支淨額
 14 
 10
 2
 3 
 3
 18 
 3 
 3
3 
5
14
營業外收支淨額合計
 32 
18
-71
32 
24
 3 
13 
1
10 
-13
11
稅前淨利
 920 
25",857530a25cb24b2eb1036434,262,,PENDING,,PENDING,,PENDING,0.50,ORANGE,STAGE_TABLELIKE_EXPANSION_REVIEW,VRN_1D1_REPORTTEXT_TABLELIKE_EXPANSION,C:\Users\tonyk\OneDrive\VeritasIntelligenceAnalytics\module\VRN\output\_route_lock_runs\RUN_20260525_195119_VRN_GO_M01_60PDF_FULL_V120\full_input_60pdf\20260519兆豐個股報告-望隼(4771).pdf,2026-06-15T16:25:25.776725,b08c1165d27af654e31ccf39fea4bcec1e7475a6
33280450a5af073c2547,dc367a89b6fb,4771,,兆豐,2026-05-19,2024Q1,2024,Q1,IS,tax_expense,所得稅費用,30.9,30.9,%,TWD,,7," 
評等分級：買進（預期未來六個月股價漲輻超過+30%）; 逢低買進（預期未來六個月股價漲輻介於+15%與+30%之間）; 區間操
作（預期未來六個月股價漲跌輻介於-15%與+15%之間）; 逢高賣出（預期未來六個月股價跌輻介於-15%與-30%之間）；賣出（預
期未來六個月股價跌輻超過-30%）。 
本刊所刊載之內容僅做為參考，惟已力求正確與完整，但因時間及市場客觀因素改變所造成產業、市場或個股之相關條件改變，投資人需自行考量
投資之需求與風險，本公司恕不負擔任何法律責任。任何轉載或引用本報告內容必須經本公司同意。 
 
- 7 - 
個股報告 
財務報表 
 
季度損益表 
單位：新台幣百萬元 
 4771望隼 
2024 
25Q1 
25Q2 
25Q3 
25Q4 
2025 
26Q1 
26Q2(F) 26Q3(F) 26Q4(F) 2026(F) 
營業收入淨額
 3,002 
 811
 872
 854 
 951
 3,487 
 1,031 
 1,086 
1,137 
1,199 
4,453
營業成本
 1,823 
 475
 517
 512 
 558
 2,061 
 608
 645
678 
711
2,642
營業毛利淨額
 1,179 
 336
 356
 342 
 393
 1,426 
 423 
 441
459 
488
1,811
營業費用
 291 
 97
 100
 107 
 116
 420 
 124 
 128
131 
138
521
營業淨利(損)
 888 
 238
 256
 234 
 277
 1,006 
 298 
 313
328 
350
1,289
營業外收支
 
 
 
 
利息收入
 18 
 3
 7
 4 
 6
 19 
 2 
 2
4 
5
13
財務成本
 29 
 7
 6
 7 
 6
 26 
 6 
 6
8 
8
28
其他利益及損失
 29 
 11
 (74)
 33 
 22
 (8) 
 14 
 2
11
-15
12
其他收支淨額
 14 
 10
 2
 3 
 3
 18 
 3 
 3
3 
5
14
營業外收支淨額合計
 32 
18
-71
32 
24
 3 
13 
1
10 
-13
11
稅前淨利
 920 
25",857530a25cb24b2eb1036434,263,,PENDING,,PENDING,,PENDING,0.50,ORANGE,STAGE_TABLELIKE_EXPANSION_REVIEW,VRN_1D1_REPORTTEXT_TABLELIKE_EXPANSION,C:\Users\tonyk\OneDrive\VeritasIntelligenceAnalytics\module\VRN\output\_route_lock_runs\RUN_20260525_195119_VRN_GO_M01_60PDF_FULL_V120\full_input_60pdf\20260519兆豐個股報告-望隼(4771).pdf,2026-06-15T16:25:25.776734,679208593623c83b5da29b89dd46cc9bdf137b0c
33280450a5af073c2547,dc367a89b6fb,4771,,兆豐,2026-05-19,2024Q1,2024,Q1,IS,tax_expense,所得稅費用,30.5,30.5,%,TWD,,7," 
評等分級：買進（預期未來六個月股價漲輻超過+30%）; 逢低買進（預期未來六個月股價漲輻介於+15%與+30%之間）; 區間操
作（預期未來六個月股價漲跌輻介於-15%與+15%之間）; 逢高賣出（預期未來六個月股價跌輻介於-15%與-30%之間）；賣出（預
期未來六個月股價跌輻超過-30%）。 
本刊所刊載之內容僅做為參考，惟已力求正確與完整，但因時間及市場客觀因素改變所造成產業、市場或個股之相關條件改變，投資人需自行考量
投資之需求與風險，本公司恕不負擔任何法律責任。任何轉載或引用本報告內容必須經本公司同意。 
 
- 7 - 
個股報告 
財務報表 
 
季度損益表 
單位：新台幣百萬元 
 4771望隼 
2024 
25Q1 
25Q2 
25Q3 
25Q4 
2025 
26Q1 
26Q2(F) 26Q3(F) 26Q4(F) 2026(F) 
營業收入淨額
 3,002 
 811
 872
 854 
 951
 3,487 
 1,031 
 1,086 
1,137 
1,199 
4,453
營業成本
 1,823 
 475
 517
 512 
 558
 2,061 
 608
 645
678 
711
2,642
營業毛利淨額
 1,179 
 336
 356
 342 
 393
 1,426 
 423 
 441
459 
488
1,811
營業費用
 291 
 97
 100
 107 
 116
 420 
 124 
 128
131 
138
521
營業淨利(損)
 888 
 238
 256
 234 
 277
 1,006 
 298 
 313
328 
350
1,289
營業外收支
 
 
 
 
利息收入
 18 
 3
 7
 4 
 6
 19 
 2 
 2
4 
5
13
財務成本
 29 
 7
 6
 7 
 6
 26 
 6 
 6
8 
8
28
其他利益及損失
 29 
 11
 (74)
 33 
 22
 (8) 
 14 
 2
11
-15
12
其他收支淨額
 14 
 10
 2
 3 
 3
 18 
 3 
 3
3 
5
14
營業外收支淨額合計
 32 
18
-71
32 
24
 3 
13 
1
10 
-13
11
稅前淨利
 920 
25",857530a25cb24b2eb1036434,264,,PENDING,,PENDING,,PENDING,0.50,ORANGE,STAGE_TABLELIKE_EXPANSION_REVIEW,VRN_1D1_REPORTTEXT_TABLELIKE_EXPANSION,C:\Users\tonyk\OneDrive\VeritasIntelligenceAnalytics\module\VRN\output\_route_lock_runs\RUN_20260525_195119_VRN_GO_M01_60PDF_FULL_V120\full_input_60pdf\20260519兆豐個股報告-望隼(4771).pdf,2026-06-15T16:25:25.776844,a5e552498d76c957742326df6963221d3cef6540
33280450a5af073c2547,dc367a89b6fb,4771,,兆豐,2026-05-19,2024Q1,2024,Q1,IS,tax_expense,所得稅費用,9.7,9.7,%,TWD,,7," 
評等分級：買進（預期未來六個月股價漲輻超過+30%）; 逢低買進（預期未來六個月股價漲輻介於+15%與+30%之間）; 區間操
作（預期未來六個月股價漲跌輻介於-15%與+15%之間）; 逢高賣出（預期未來六個月股價跌輻介於-15%與-30%之間）；賣出（預
期未來六個月股價跌輻超過-30%）。 
本刊所刊載之內容僅做為參考，惟已力求正確與完整，但因時間及市場客觀因素改變所造成產業、市場或個股之相關條件改變，投資人需自行考量
投資之需求與風險，本公司恕不負擔任何法律責任。任何轉載或引用本報告內容必須經本公司同意。 
 
- 7 - 
個股報告 
財務報表 
 
季度損益表 
單位：新台幣百萬元 
 4771望隼 
2024 
25Q1 
25Q2 
25Q3 
25Q4 
2025 
26Q1 
26Q2(F) 26Q3(F) 26Q4(F) 2026(F) 
營業收入淨額
 3,002 
 811
 872
 854 
 951
 3,487 
 1,031 
 1,086 
1,137 
1,199 
4,453
營業成本
 1,823 
 475
 517
 512 
 558
 2,061 
 608
 645
678 
711
2,642
營業毛利淨額
 1,179 
 336
 356
 342 
 393
 1,426 
 423 
 441
459 
488
1,811
營業費用
 291 
 97
 100
 107 
 116
 420 
 124 
 128
131 
138
521
營業淨利(損)
 888 
 238
 256
 234 
 277
 1,006 
 298 
 313
328 
350
1,289
營業外收支
 
 
 
 
利息收入
 18 
 3
 7
 4 
 6
 19 
 2 
 2
4 
5
13
財務成本
 29 
 7
 6
 7 
 6
 26 
 6 
 6
8 
8
28
其他利益及損失
 29 
 11
 (74)
 33 
 22
 (8) 
 14 
 2
11
-15
12
其他收支淨額
 14 
 10
 2
 3 
 3
 18 
 3 
 3
3 
5
14
營業外收支淨額合計
 32 
18
-71
32 
24
 3 
13 
1
10 
-13
11
稅前淨利
 920 
25",857530a25cb24b2eb1036434,265,,PENDING,,PENDING,,PENDING,0.50,ORANGE,STAGE_TABLELIKE_EXPANSION_REVIEW,VRN_1D1_REPORTTEXT_TABLELIKE_EXPANSION,C:\Users\tonyk\OneDrive\VeritasIntelligenceAnalytics\module\VRN\output\_route_lock_runs\RUN_20260525_195119_VRN_GO_M01_60PDF_FULL_V120\full_input_60pdf\20260519兆豐個股報告-望隼(4771).pdf,2026-06-15T16:25:25.776858,2cb54aaeea6e923998df0d45360cf362946d74ce
33280450a5af073c2547,dc367a89b6fb,4771,,兆豐,2026-05-19,2024Q1,2024,Q1,IS,tax_expense,所得稅費用,21.2,21.2,%,TWD,,7," 
評等分級：買進（預期未來六個月股價漲輻超過+30%）; 逢低買進（預期未來六個月股價漲輻介於+15%與+30%之間）; 區間操
作（預期未來六個月股價漲跌輻介於-15%與+15%之間）; 逢高賣出（預期未來六個月股價跌輻介於-15%與-30%之間）；賣出（預
期未來六個月股價跌輻超過-30%）。 
本刊所刊載之內容僅做為參考，惟已力求正確與完整，但因時間及市場客觀因素改變所造成產業、市場或個股之相關條件改變，投資人需自行考量
投資之需求與風險，本公司恕不負擔任何法律責任。任何轉載或引用本報告內容必須經本公司同意。 
 
- 7 - 
個股報告 
財務報表 
 
季度損益表 
單位：新台幣百萬元 
 4771望隼 
2024 
25Q1 
25Q2 
25Q3 
25Q4 
2025 
26Q1 
26Q2(F) 26Q3(F) 26Q4(F) 2026(F) 
營業收入淨額
 3,002 
 811
 872
 854 
 951
 3,487 
 1,031 
 1,086 
1,137 
1,199 
4,453
營業成本
 1,823 
 475
 517
 512 
 558
 2,061 
 608
 645
678 
711
2,642
營業毛利淨額
 1,179 
 336
 356
 342 
 393
 1,426 
 423 
 441
459 
488
1,811
營業費用
 291 
 97
 100
 107 
 116
 420 
 124 
 128
131 
138
521
營業淨利(損)
 888 
 238
 256
 234 
 277
 1,006 
 298 
 313
328 
350
1,289
營業外收支
 
 
 
 
利息收入
 18 
 3
 7
 4 
 6
 19 
 2 
 2
4 
5
13
財務成本
 29 
 7
 6
 7 
 6
 26 
 6 
 6
8 
8
28
其他利益及損失
 29 
 11
 (74)
 33 
 22
 (8) 
 14 
 2
11
-15
12
其他收支淨額
 14 
 10
 2
 3 
 3
 18 
 3 
 3
3 
5
14
營業外收支淨額合計
 32 
18
-71
32 
24
 3 
13 
1
10 
-13
11
稅前淨利
 920 
25",857530a25cb24b2eb1036434,266,,PENDING,,PENDING,,PENDING,0.50,ORANGE,STAGE_TABLELIKE_EXPANSION_REVIEW,VRN_1D1_REPORTTEXT_TABLELIKE_EXPANSION,C:\Users\tonyk\OneDrive\VeritasIntelligenceAnalytics\module\VRN\output\_route_lock_runs\RUN_20260525_195119_VRN_GO_M01_60PDF_FULL_V120\full_input_60pdf\20260519兆豐個股報告-望隼(4771).pdf,2026-06-15T16:25:25.776868,a1e3f61ab6749e422075bbbc6ce514989fe9dd51
33280450a5af073c2547,dc367a89b6fb,4771,,兆豐,2026-05-19,2024Q1,2024,Q1,IS,tax_expense,所得稅費用,69.9,69.9,%,TWD,,7," 
評等分級：買進（預期未來六個月股價漲輻超過+30%）; 逢低買進（預期未來六個月股價漲輻介於+15%與+30%之間）; 區間操
作（預期未來六個月股價漲跌輻介於-15%與+15%之間）; 逢高賣出（預期未來六個月股價跌輻介於-15%與-30%之間）；賣出（預
期未來六個月股價跌輻超過-30%）。 
本刊所刊載之內容僅做為參考，惟已力求正確與完整，但因時間及市場客觀因素改變所造成產業、市場或個股之相關條件改變，投資人需自行考量
投資之需求與風險，本公司恕不負擔任何法律責任。任何轉載或引用本報告內容必須經本公司同意。 
 
- 7 - 
個股報告 
財務報表 
 
季度損益表 
單位：新台幣百萬元 
 4771望隼 
2024 
25Q1 
25Q2 
25Q3 
25Q4 
2025 
26Q1 
26Q2(F) 26Q3(F) 26Q4(F) 2026(F) 
營業收入淨額
 3,002 
 811
 872
 854 
 951
 3,487 
 1,031 
 1,086 
1,137 
1,199 
4,453
營業成本
 1,823 
 475
 517
 512 
 558
 2,061 
 608
 645
678 
711
2,642
營業毛利淨額
 1,179 
 336
 356
 342 
 393
 1,426 
 423 
 441
459 
488
1,811
營業費用
 291 
 97
 100
 107 
 116
 420 
 124 
 128
131 
138
521
營業淨利(損)
 888 
 238
 256
 234 
 277
 1,006 
 298 
 313
328 
350
1,289
營業外收支
 
 
 
 
利息收入
 18 
 3
 7
 4 
 6
 19 
 2 
 2
4 
5
13
財務成本
 29 
 7
 6
 7 
 6
 26 
 6 
 6
8 
8
28
其他利益及損失
 29 
 11
 (74)
 33 
 22
 (8) 
 14 
 2
11
-15
12
其他收支淨額
 14 
 10
 2
 3 
 3
 18 
 3 
 3
3 
5
14
營業外收支淨額合計
 32 
18
-71
32 
24
 3 
13 
1
10 
-13
11
稅前淨利
 920 
25",857530a25cb24b2eb1036434,267,,PENDING,,PENDING,,PENDING,0.50,ORANGE,STAGE_TABLELIKE_EXPANSION_REVIEW,VRN_1D1_REPORTTEXT_TABLELIKE_EXPANSION,C:\Users\tonyk\OneDrive\VeritasIntelligenceAnalytics\module\VRN\output\_route_lock_runs\RUN_20260525_195119_VRN_GO_M01_60PDF_FULL_V120\full_input_60pdf\20260519兆豐個股報告-望隼(4771).pdf,2026-06-15T16:25:25.776877,aec9179a93fe17b583f3080101245ac9e8835130
33280450a5af073c2547,dc367a89b6fb,4771,,兆豐,2026-05-19,2024Q1,2024,Q1,IS,tax_expense,所得稅費用,26.6,26.6,%,TWD,,7," 
評等分級：買進（預期未來六個月股價漲輻超過+30%）; 逢低買進（預期未來六個月股價漲輻介於+15%與+30%之間）; 區間操
作（預期未來六個月股價漲跌輻介於-15%與+15%之間）; 逢高賣出（預期未來六個月股價跌輻介於-15%與-30%之間）；賣出（預
期未來六個月股價跌輻超過-30%）。 
本刊所刊載之內容僅做為參考，惟已力求正確與完整，但因時間及市場客觀因素改變所造成產業、市場或個股之相關條件改變，投資人需自行考量
投資之需求與風險，本公司恕不負擔任何法律責任。任何轉載或引用本報告內容必須經本公司同意。 
 
- 7 - 
個股報告 
財務報表 
 
季度損益表 
單位：新台幣百萬元 
 4771望隼 
2024 
25Q1 
25Q2 
25Q3 
25Q4 
2025 
26Q1 
26Q2(F) 26Q3(F) 26Q4(F) 2026(F) 
營業收入淨額
 3,002 
 811
 872
 854 
 951
 3,487 
 1,031 
 1,086 
1,137 
1,199 
4,453
營業成本
 1,823 
 475
 517
 512 
 558
 2,061 
 608
 645
678 
711
2,642
營業毛利淨額
 1,179 
 336
 356
 342 
 393
 1,426 
 423 
 441
459 
488
1,811
營業費用
 291 
 97
 100
 107 
 116
 420 
 124 
 128
131 
138
521
營業淨利(損)
 888 
 238
 256
 234 
 277
 1,006 
 298 
 313
328 
350
1,289
營業外收支
 
 
 
 
利息收入
 18 
 3
 7
 4 
 6
 19 
 2 
 2
4 
5
13
財務成本
 29 
 7
 6
 7 
 6
 26 
 6 
 6
8 
8
28
其他利益及損失
 29 
 11
 (74)
 33 
 22
 (8) 
 14 
 2
11
-15
12
其他收支淨額
 14 
 10
 2
 3 
 3
 18 
 3 
 3
3 
5
14
營業外收支淨額合計
 32 
18
-71
32 
24
 3 
13 
1
10 
-13
11
稅前淨利
 920 
25",857530a25cb24b2eb1036434,268,,PENDING,,PENDING,,PENDING,0.50,ORANGE,STAGE_TABLELIKE_EXPANSION_REVIEW,VRN_1D1_REPORTTEXT_TABLELIKE_EXPANSION,C:\Users\tonyk\OneDrive\VeritasIntelligenceAnalytics\module\VRN\output\_route_lock_runs\RUN_20260525_195119_VRN_GO_M01_60PDF_FULL_V120\full_input_60pdf\20260519兆豐個股報告-望隼(4771).pdf,2026-06-15T16:25:25.776887,4785361f71dc055f0ee91a8ea8285ee28e15606c
33280450a5af073c2547,dc367a89b6fb,4771,,兆豐,2026-05-19,2024Q1,2024,Q1,IS,tax_expense,所得稅費用,11.8,11.8,%,TWD,,7," 
評等分級：買進（預期未來六個月股價漲輻超過+30%）; 逢低買進（預期未來六個月股價漲輻介於+15%與+30%之間）; 區間操
作（預期未來六個月股價漲跌輻介於-15%與+15%之間）; 逢高賣出（預期未來六個月股價跌輻介於-15%與-30%之間）；賣出（預
期未來六個月股價跌輻超過-30%）。 
本刊所刊載之內容僅做為參考，惟已力求正確與完整，但因時間及市場客觀因素改變所造成產業、市場或個股之相關條件改變，投資人需自行考量
投資之需求與風險，本公司恕不負擔任何法律責任。任何轉載或引用本報告內容必須經本公司同意。 
 
- 7 - 
個股報告 
財務報表 
 
季度損益表 
單位：新台幣百萬元 
 4771望隼 
2024 
25Q1 
25Q2 
25Q3 
25Q4 
2025 
26Q1 
26Q2(F) 26Q3(F) 26Q4(F) 2026(F) 
營業收入淨額
 3,002 
 811
 872
 854 
 951
 3,487 
 1,031 
 1,086 
1,137 
1,199 
4,453
營業成本
 1,823 
 475
 517
 512 
 558
 2,061 
 608
 645
678 
711
2,642
營業毛利淨額
 1,179 
 336
 356
 342 
 393
 1,426 
 423 
 441
459 
488
1,811
營業費用
 291 
 97
 100
 107 
 116
 420 
 124 
 128
131 
138
521
營業淨利(損)
 888 
 238
 256
 234 
 277
 1,006 
 298 
 313
328 
350
1,289
營業外收支
 
 
 
 
利息收入
 18 
 3
 7
 4 
 6
 19 
 2 
 2
4 
5
13
財務成本
 29 
 7
 6
 7 
 6
 26 
 6 
 6
8 
8
28
其他利益及損失
 29 
 11
 (74)
 33 
 22
 (8) 
 14 
 2
11
-15
12
其他收支淨額
 14 
 10
 2
 3 
 3
 18 
 3 
 3
3 
5
14
營業外收支淨額合計
 32 
18
-71
32 
24
 3 
13 
1
10 
-13
11
稅前淨利
 920 
25",857530a25cb24b2eb1036434,269,,PENDING,,PENDING,,PENDING,0.50,ORANGE,STAGE_TABLELIKE_EXPANSION_REVIEW,VRN_1D1_REPORTTEXT_TABLELIKE_EXPANSION,C:\Users\tonyk\OneDrive\VeritasIntelligenceAnalytics\module\VRN\output\_route_lock_runs\RUN_20260525_195119_VRN_GO_M01_60PDF_FULL_V120\full_input_60pdf\20260519兆豐個股報告-望隼(4771).pdf,2026-06-15T16:25:25.776896,f4a9f7bc16023582332fe762fc4b8a9ee08b966a
33280450a5af073c2547,dc367a89b6fb,4771,,兆豐,2026-05-19,2024Q1,2024,Q1,IS,tax_expense,所得稅費用,28.8,28.8,%,TWD,,7," 
評等分級：買進（預期未來六個月股價漲輻超過+30%）; 逢低買進（預期未來六個月股價漲輻介於+15%與+30%之間）; 區間操
作（預期未來六個月股價漲跌輻介於-15%與+15%之間）; 逢高賣出（預期未來六個月股價跌輻介於-15%與-30%之間）；賣出（預
期未來六個月股價跌輻超過-30%）。 
本刊所刊載之內容僅做為參考，惟已力求正確與完整，但因時間及市場客觀因素改變所造成產業、市場或個股之相關條件改變，投資人需自行考量
投資之需求與風險，本公司恕不負擔任何法律責任。任何轉載或引用本報告內容必須經本公司同意。 
 
- 7 - 
個股報告 
財務報表 
 
季度損益表 
單位：新台幣百萬元 
 4771望隼 
2024 
25Q1 
25Q2 
25Q3 
25Q4 
2025 
26Q1 
26Q2(F) 26Q3(F) 26Q4(F) 2026(F) 
營業收入淨額
 3,002 
 811
 872
 854 
 951
 3,487 
 1,031 
 1,086 
1,137 
1,199 
4,453
營業成本
 1,823 
 475
 517
 512 
 558
 2,061 
 608
 645
678 
711
2,642
營業毛利淨額
 1,179 
 336
 356
 342 
 393
 1,426 
 423 
 441
459 
488
1,811
營業費用
 291 
 97
 100
 107 
 116
 420 
 124 
 128
131 
138
521
營業淨利(損)
 888 
 238
 256
 234 
 277
 1,006 
 298 
 313
328 
350
1,289
營業外收支
 
 
 
 
利息收入
 18 
 3
 7
 4 
 6
 19 
 2 
 2
4 
5
13
財務成本
 29 
 7
 6
 7 
 6
 26 
 6 
 6
8 
8
28
其他利益及損失
 29 
 11
 (74)
 33 
 22
 (8) 
 14 
 2
11
-15
12
其他收支淨額
 14 
 10
 2
 3 
 3
 18 
 3 
 3
3 
5
14
營業外收支淨額合計
 32 
18
-71
32 
24
 3 
13 
1
10 
-13
11
稅前淨利
 920 
25",857530a25cb24b2eb1036434,270,,PENDING,,PENDING,,PENDING,0.50,ORANGE,STAGE_TABLELIKE_EXPANSION_REVIEW,VRN_1D1_REPORTTEXT_TABLELIKE_EXPANSION,C:\Users\tonyk\OneDrive\VeritasIntelligenceAnalytics\module\VRN\output\_route_lock_runs\RUN_20260525_195119_VRN_GO_M01_60PDF_FULL_V120\full_input_60pdf\20260519兆豐個股報告-望隼(4771).pdf,2026-06-15T16:25:25.776906,95983beaecb7d59d7094754254f37e11a5681ff3
33280450a5af073c2547,dc367a89b6fb,4771,,兆豐,2026-05-19,2024Q1,2024,Q1,IS,tax_expense,所得稅費用,19.1,19.1,%,TWD,,7," 
評等分級：買進（預期未來六個月股價漲輻超過+30%）; 逢低買進（預期未來六個月股價漲輻介於+15%與+30%之間）; 區間操
作（預期未來六個月股價漲跌輻介於-15%與+15%之間）; 逢高賣出（預期未來六個月股價跌輻介於-15%與-30%之間）；賣出（預
期未來六個月股價跌輻超過-30%）。 
本刊所刊載之內容僅做為參考，惟已力求正確與完整，但因時間及市場客觀因素改變所造成產業、市場或個股之相關條件改變，投資人需自行考量
投資之需求與風險，本公司恕不負擔任何法律責任。任何轉載或引用本報告內容必須經本公司同意。 
 
- 7 - 
個股報告 
財務報表 
 
季度損益表 
單位：新台幣百萬元 
 4771望隼 
2024 
25Q1 
25Q2 
25Q3 
25Q4 
2025 
26Q1 
26Q2(F) 26Q3(F) 26Q4(F) 2026(F) 
營業收入淨額
 3,002 
 811
 872
 854 
 951
 3,487 
 1,031 
 1,086 
1,137 
1,199 
4,453
營業成本
 1,823 
 475
 517
 512 
 558
 2,061 
 608
 645
678 
711
2,642
營業毛利淨額
 1,179 
 336
 356
 342 
 393
 1,426 
 423 
 441
459 
488
1,811
營業費用
 291 
 97
 100
 107 
 116
 420 
 124 
 128
131 
138
521
營業淨利(損)
 888 
 238
 256
 234 
 277
 1,006 
 298 
 313
328 
350
1,289
營業外收支
 
 
 
 
利息收入
 18 
 3
 7
 4 
 6
 19 
 2 
 2
4 
5
13
財務成本
 29 
 7
 6
 7 
 6
 26 
 6 
 6
8 
8
28
其他利益及損失
 29 
 11
 (74)
 33 
 22
 (8) 
 14 
 2
11
-15
12
其他收支淨額
 14 
 10
 2
 3 
 3
 18 
 3 
 3
3 
5
14
營業外收支淨額合計
 32 
18
-71
32 
24
 3 
13 
1
10 
-13
11
稅前淨利
 920 
25",857530a25cb24b2eb1036434,271,,PENDING,,PENDING,,PENDING,0.50,ORANGE,STAGE_TABLELIKE_EXPANSION_REVIEW,VRN_1D1_REPORTTEXT_TABLELIKE_EXPANSION,C:\Users\tonyk\OneDrive\VeritasIntelligenceAnalytics\module\VRN\output\_route_lock_runs\RUN_20260525_195119_VRN_GO_M01_60PDF_FULL_V120\full_input_60pdf\20260519兆豐個股報告-望隼(4771).pdf,2026-06-15T16:25:25.776915,16ef3e310af7db57ceaaf6cf3d310114d00f76a2
33280450a5af073c2547,dc367a89b6fb,4771,,兆豐,2026-05-19,2024Q1,2024,Q1,IS,tax_expense,所得稅費用,5.4,5.4,%,TWD,,7," 
評等分級：買進（預期未來六個月股價漲輻超過+30%）; 逢低買進（預期未來六個月股價漲輻介於+15%與+30%之間）; 區間操
作（預期未來六個月股價漲跌輻介於-15%與+15%之間）; 逢高賣出（預期未來六個月股價跌輻介於-15%與-30%之間）；賣出（預
期未來六個月股價跌輻超過-30%）。 
本刊所刊載之內容僅做為參考，惟已力求正確與完整，但因時間及市場客觀因素改變所造成產業、市場或個股之相關條件改變，投資人需自行考量
投資之需求與風險，本公司恕不負擔任何法律責任。任何轉載或引用本報告內容必須經本公司同意。 
 
- 7 - 
個股報告 
財務報表 
 
季度損益表 
單位：新台幣百萬元 
 4771望隼 
2024 
25Q1 
25Q2 
25Q3 
25Q4 
2025 
26Q1 
26Q2(F) 26Q3(F) 26Q4(F) 2026(F) 
營業收入淨額
 3,002 
 811
 872
 854 
 951
 3,487 
 1,031 
 1,086 
1,137 
1,199 
4,453
營業成本
 1,823 
 475
 517
 512 
 558
 2,061 
 608
 645
678 
711
2,642
營業毛利淨額
 1,179 
 336
 356
 342 
 393
 1,426 
 423 
 441
459 
488
1,811
營業費用
 291 
 97
 100
 107 
 116
 420 
 124 
 128
131 
138
521
營業淨利(損)
 888 
 238
 256
 234 
 277
 1,006 
 298 
 313
328 
350
1,289
營業外收支
 
 
 
 
利息收入
 18 
 3
 7
 4 
 6
 19 
 2 
 2
4 
5
13
財務成本
 29 
 7
 6
 7 
 6
 26 
 6 
 6
8 
8
28
其他利益及損失
 29 
 11
 (74)
 33 
 22
 (8) 
 14 
 2
11
-15
12
其他收支淨額
 14 
 10
 2
 3 
 3
 18 
 3 
 3
3 
5
14
營業外收支淨額合計
 32 
18
-71
32 
24
 3 
13 
1
10 
-13
11
稅前淨利
 920 
25",857530a25cb24b2eb1036434,272,,PENDING,,PENDING,,PENDING,0.50,ORANGE,STAGE_TABLELIKE_EXPANSION_REVIEW,VRN_1D1_REPORTTEXT_TABLELIKE_EXPANSION,C:\Users\tonyk\OneDrive\VeritasIntelligenceAnalytics\module\VRN\output\_route_lock_runs\RUN_20260525_195119_VRN_GO_M01_60PDF_FULL_V120\full_input_60pdf\20260519兆豐個股報告-望隼(4771).pdf,2026-06-15T16:25:25.776925,76f533a9df50f3d0d2d2b6a237fab7be1118879e
33280450a5af073c2547,dc367a89b6fb,4771,,兆豐,2026-05-19,2024Q1,2024,Q1,IS,tax_expense,所得稅費用,-13.4,-13.4,%,TWD,,7," 
評等分級：買進（預期未來六個月股價漲輻超過+30%）; 逢低買進（預期未來六個月股價漲輻介於+15%與+30%之間）; 區間操
作（預期未來六個月股價漲跌輻介於-15%與+15%之間）; 逢高賣出（預期未來六個月股價跌輻介於-15%與-30%之間）；賣出（預
期未來六個月股價跌輻超過-30%）。 
本刊所刊載之內容僅做為參考，惟已力求正確與完整，但因時間及市場客觀因素改變所造成產業、市場或個股之相關條件改變，投資人需自行考量
投資之需求與風險，本公司恕不負擔任何法律責任。任何轉載或引用本報告內容必須經本公司同意。 
 
- 7 - 
個股報告 
財務報表 
 
季度損益表 
單位：新台幣百萬元 
 4771望隼 
2024 
25Q1 
25Q2 
25Q3 
25Q4 
2025 
26Q1 
26Q2(F) 26Q3(F) 26Q4(F) 2026(F) 
營業收入淨額
 3,002 
 811
 872
 854 
 951
 3,487 
 1,031 
 1,086 
1,137 
1,199 
4,453
營業成本
 1,823 
 475
 517
 512 
 558
 2,061 
 608
 645
678 
711
2,642
營業毛利淨額
 1,179 
 336
 356
 342 
 393
 1,426 
 423 
 441
459 
488
1,811
營業費用
 291 
 97
 100
 107 
 116
 420 
 124 
 128
131 
138
521
營業淨利(損)
 888 
 238
 256
 234 
 277
 1,006 
 298 
 313
328 
350
1,289
營業外收支
 
 
 
 
利息收入
 18 
 3
 7
 4 
 6
 19 
 2 
 2
4 
5
13
財務成本
 29 
 7
 6
 7 
 6
 26 
 6 
 6
8 
8
28
其他利益及損失
 29 
 11
 (74)
 33 
 22
 (8) 
 14 
 2
11
-15
12
其他收支淨額
 14 
 10
 2
 3 
 3
 18 
 3 
 3
3 
5
14
營業外收支淨額合計
 32 
18
-71
32 
24
 3 
13 
1
10 
-13
11
稅前淨利
 920 
25",857530a25cb24b2eb1036434,273,,PENDING,,PENDING,,PENDING,0.50,ORANGE,STAGE_TABLELIKE_EXPANSION_REVIEW,VRN_1D1_REPORTTEXT_TABLELIKE_EXPANSION,C:\Users\tonyk\OneDrive\VeritasIntelligenceAnalytics\module\VRN\output\_route_lock_runs\RUN_20260525_195119_VRN_GO_M01_60PDF_FULL_V120\full_input_60pdf\20260519兆豐個股報告-望隼(4771).pdf,2026-06-15T16:25:25.776934,e292c2702ffdc9aad2da968a9cc1e04d497448ad
33280450a5af073c2547,dc367a89b6fb,4771,,兆豐,2026-05-19,2024Q1,2024,Q1,IS,tax_expense,所得稅費用,33.2,33.2,%,TWD,,7," 
評等分級：買進（預期未來六個月股價漲輻超過+30%）; 逢低買進（預期未來六個月股價漲輻介於+15%與+30%之間）; 區間操
作（預期未來六個月股價漲跌輻介於-15%與+15%之間）; 逢高賣出（預期未來六個月股價跌輻介於-15%與-30%之間）；賣出（預
期未來六個月股價跌輻超過-30%）。 
本刊所刊載之內容僅做為參考，惟已力求正確與完整，但因時間及市場客觀因素改變所造成產業、市場或個股之相關條件改變，投資人需自行考量
投資之需求與風險，本公司恕不負擔任何法律責任。任何轉載或引用本報告內容必須經本公司同意。 
 
- 7 - 
個股報告 
財務報表 
 
季度損益表 
單位：新台幣百萬元 
 4771望隼 
2024 
25Q1 
25Q2 
25Q3 
25Q4 
2025 
26Q1 
26Q2(F) 26Q3(F) 26Q4(F) 2026(F) 
營業收入淨額
 3,002 
 811
 872
 854 
 951
 3,487 
 1,031 
 1,086 
1,137 
1,199 
4,453
營業成本
 1,823 
 475
 517
 512 
 558
 2,061 
 608
 645
678 
711
2,642
營業毛利淨額
 1,179 
 336
 356
 342 
 393
 1,426 
 423 
 441
459 
488
1,811
營業費用
 291 
 97
 100
 107 
 116
 420 
 124 
 128
131 
138
521
營業淨利(損)
 888 
 238
 256
 234 
 277
 1,006 
 298 
 313
328 
350
1,289
營業外收支
 
 
 
 
利息收入
 18 
 3
 7
 4 
 6
 19 
 2 
 2
4 
5
13
財務成本
 29 
 7
 6
 7 
 6
 26 
 6 
 6
8 
8
28
其他利益及損失
 29 
 11
 (74)
 33 
 22
 (8) 
 14 
 2
11
-15
12
其他收支淨額
 14 
 10
 2
 3 
 3
 18 
 3 
 3
3 
5
14
營業外收支淨額合計
 32 
18
-71
32 
24
 3 
13 
1
10 
-13
11
稅前淨利
 920 
25",857530a25cb24b2eb1036434,274,,PENDING,,PENDING,,PENDING,0.50,ORANGE,STAGE_TABLELIKE_EXPANSION_REVIEW,VRN_1D1_REPORTTEXT_TABLELIKE_EXPANSION,C:\Users\tonyk\OneDrive\VeritasIntelligenceAnalytics\module\VRN\output\_route_lock_runs\RUN_20260525_195119_VRN_GO_M01_60PDF_FULL_V120\full_input_60pdf\20260519兆豐個股報告-望隼(4771).pdf,2026-06-15T16:25:25.776944,58cda70fa376e6afea78851a689d30080328f51c
33280450a5af073c2547,dc367a89b6fb,4771,,兆豐,2026-05-19,2024Q1,2024,Q1,IS,tax_expense,所得稅費用,21.4,21.4,%,TWD,,7," 
評等分級：買進（預期未來六個月股價漲輻超過+30%）; 逢低買進（預期未來六個月股價漲輻介於+15%與+30%之間）; 區間操
作（預期未來六個月股價漲跌輻介於-15%與+15%之間）; 逢高賣出（預期未來六個月股價跌輻介於-15%與-30%之間）；賣出（預
期未來六個月股價跌輻超過-30%）。 
本刊所刊載之內容僅做為參考，惟已力求正確與完整，但因時間及市場客觀因素改變所造成產業、市場或個股之相關條件改變，投資人需自行考量
投資之需求與風險，本公司恕不負擔任何法律責任。任何轉載或引用本報告內容必須經本公司同意。 
 
- 7 - 
個股報告 
財務報表 
 
季度損益表 
單位：新台幣百萬元 
 4771望隼 
2024 
25Q1 
25Q2 
25Q3 
25Q4 
2025 
26Q1 
26Q2(F) 26Q3(F) 26Q4(F) 2026(F) 
營業收入淨額
 3,002 
 811
 872
 854 
 951
 3,487 
 1,031 
 1,086 
1,137 
1,199 
4,453
營業成本
 1,823 
 475
 517
 512 
 558
 2,061 
 608
 645
678 
711
2,642
營業毛利淨額
 1,179 
 336
 356
 342 
 393
 1,426 
 423 
 441
459 
488
1,811
營業費用
 291 
 97
 100
 107 
 116
 420 
 124 
 128
131 
138
521
營業淨利(損)
 888 
 238
 256
 234 
 277
 1,006 
 298 
 313
328 
350
1,289
營業外收支
 
 
 
 
利息收入
 18 
 3
 7
 4 
 6
 19 
 2 
 2
4 
5
13
財務成本
 29 
 7
 6
 7 
 6
 26 
 6 
 6
8 
8
28
其他利益及損失
 29 
 11
 (74)
 33 
 22
 (8) 
 14 
 2
11
-15
12
其他收支淨額
 14 
 10
 2
 3 
 3
 18 
 3 
 3
3 
5
14
營業外收支淨額合計
 32 
18
-71
32 
24
 3 
13 
1
10 
-13
11
稅前淨利
 920 
25",857530a25cb24b2eb1036434,275,,PENDING,,PENDING,,PENDING,0.50,ORANGE,STAGE_TABLELIKE_EXPANSION_REVIEW,VRN_1D1_REPORTTEXT_TABLELIKE_EXPANSION,C:\Users\tonyk\OneDrive\VeritasIntelligenceAnalytics\module\VRN\output\_route_lock_runs\RUN_20260525_195119_VRN_GO_M01_60PDF_FULL_V120\full_input_60pdf\20260519兆豐個股報告-望隼(4771).pdf,2026-06-15T16:25:25.776956,17d76c4fd27871261c43756694b4828ec32ab68e
33280450a5af073c2547,dc367a89b6fb,4771,,兆豐,2026-05-19,2024Q1,2024,Q1,IS,tax_expense,所得稅費用,10.6,10.6,%,TWD,,7," 
評等分級：買進（預期未來六個月股價漲輻超過+30%）; 逢低買進（預期未來六個月股價漲輻介於+15%與+30%之間）; 區間操
作（預期未來六個月股價漲跌輻介於-15%與+15%之間）; 逢高賣出（預期未來六個月股價跌輻介於-15%與-30%之間）；賣出（預
期未來六個月股價跌輻超過-30%）。 
本刊所刊載之內容僅做為參考，惟已力求正確與完整，但因時間及市場客觀因素改變所造成產業、市場或個股之相關條件改變，投資人需自行考量
投資之需求與風險，本公司恕不負擔任何法律責任。任何轉載或引用本報告內容必須經本公司同意。 
 
- 7 - 
個股報告 
財務報表 
 
季度損益表 
單位：新台幣百萬元 
 4771望隼 
2024 
25Q1 
25Q2 
25Q3 
25Q4 
2025 
26Q1 
26Q2(F) 26Q3(F) 26Q4(F) 2026(F) 
營業收入淨額
 3,002 
 811
 872
 854 
 951
 3,487 
 1,031 
 1,086 
1,137 
1,199 
4,453
營業成本
 1,823 
 475
 517
 512 
 558
 2,061 
 608
 645
678 
711
2,642
營業毛利淨額
 1,179 
 336
 356
 342 
 393
 1,426 
 423 
 441
459 
488
1,811
營業費用
 291 
 97
 100
 107 
 116
 420 
 124 
 128
131 
138
521
營業淨利(損)
 888 
 238
 256
 234 
 277
 1,006 
 298 
 313
328 
350
1,289
營業外收支
 
 
 
 
利息收入
 18 
 3
 7
 4 
 6
 19 
 2 
 2
4 
5
13
財務成本
 29 
 7
 6
 7 
 6
 26 
 6 
 6
8 
8
28
其他利益及損失
 29 
 11
 (74)
 33 
 22
 (8) 
 14 
 2
11
-15
12
其他收支淨額
 14 
 10
 2
 3 
 3
 18 
 3 
 3
3 
5
14
營業外收支淨額合計
 32 
18
-71
32 
24
 3 
13 
1
10 
-13
11
稅前淨利
 920 
25",857530a25cb24b2eb1036434,276,,PENDING,,PENDING,,PENDING,0.50,ORANGE,STAGE_TABLELIKE_EXPANSION_REVIEW,VRN_1D1_REPORTTEXT_TABLELIKE_EXPANSION,C:\Users\tonyk\OneDrive\VeritasIntelligenceAnalytics\module\VRN\output\_route_lock_runs\RUN_20260525_195119_VRN_GO_M01_60PDF_FULL_V120\full_input_60pdf\20260519兆豐個股報告-望隼(4771).pdf,2026-06-15T16:25:25.776965,3b491a04fd8d9c9a1b2cc8e8a12a1485fb3fc967
33280450a5af073c2547,dc367a89b6fb,4771,,兆豐,2026-05-19,2024Q1,2024,Q1,IS,tax_expense,所得稅費用,11.4,11.4,%,TWD,,7," 
評等分級：買進（預期未來六個月股價漲輻超過+30%）; 逢低買進（預期未來六個月股價漲輻介於+15%與+30%之間）; 區間操
作（預期未來六個月股價漲跌輻介於-15%與+15%之間）; 逢高賣出（預期未來六個月股價跌輻介於-15%與-30%之間）；賣出（預
期未來六個月股價跌輻超過-30%）。 
本刊所刊載之內容僅做為參考，惟已力求正確與完整，但因時間及市場客觀因素改變所造成產業、市場或個股之相關條件改變，投資人需自行考量
投資之需求與風險，本公司恕不負擔任何法律責任。任何轉載或引用本報告內容必須經本公司同意。 
 
- 7 - 
個股報告 
財務報表 
 
季度損益表 
單位：新台幣百萬元 
 4771望隼 
2024 
25Q1 
25Q2 
25Q3 
25Q4 
2025 
26Q1 
26Q2(F) 26Q3(F) 26Q4(F) 2026(F) 
營業收入淨額
 3,002 
 811
 872
 854 
 951
 3,487 
 1,031 
 1,086 
1,137 
1,199 
4,453
營業成本
 1,823 
 475
 517
 512 
 558
 2,061 
 608
 645
678 
711
2,642
營業毛利淨額
 1,179 
 336
 356
 342 
 393
 1,426 
 423 
 441
459 
488
1,811
營業費用
 291 
 97
 100
 107 
 116
 420 
 124 
 128
131 
138
521
營業淨利(損)
 888 
 238
 256
 234 
 277
 1,006 
 298 
 313
328 
350
1,289
營業外收支
 
 
 
 
利息收入
 18 
 3
 7
 4 
 6
 19 
 2 
 2
4 
5
13
財務成本
 29 
 7
 6
 7 
 6
 26 
 6 
 6
8 
8
28
其他利益及損失
 29 
 11
 (74)
 33 
 22
 (8) 
 14 
 2
11
-15
12
其他收支淨額
 14 
 10
 2
 3 
 3
 18 
 3 
 3
3 
5
14
營業外收支淨額合計
 32 
18
-71
32 
24
 3 
13 
1
10 
-13
11
稅前淨利
 920 
25",857530a25cb24b2eb1036434,277,,PENDING,,PENDING,,PENDING,0.50,ORANGE,STAGE_TABLELIKE_EXPANSION_REVIEW,VRN_1D1_REPORTTEXT_TABLELIKE_EXPANSION,C:\Users\tonyk\OneDrive\VeritasIntelligenceAnalytics\module\VRN\output\_route_lock_runs\RUN_20260525_195119_VRN_GO_M01_60PDF_FULL_V120\full_input_60pdf\20260519兆豐個股報告-望隼(4771).pdf,2026-06-15T16:25:25.776975,6bcfeb5e910536160a122834e54b97f2d1976f42
33280450a5af073c2547,dc367a89b6fb,4771,,兆豐,2026-05-19,2024Q1,2024,Q1,IS,tax_expense,所得稅費用,49.0,49.0,%,TWD,,7," 
評等分級：買進（預期未來六個月股價漲輻超過+30%）; 逢低買進（預期未來六個月股價漲輻介於+15%與+30%之間）; 區間操
作（預期未來六個月股價漲跌輻介於-15%與+15%之間）; 逢高賣出（預期未來六個月股價跌輻介於-15%與-30%之間）；賣出（預
期未來六個月股價跌輻超過-30%）。 
本刊所刊載之內容僅做為參考，惟已力求正確與完整，但因時間及市場客觀因素改變所造成產業、市場或個股之相關條件改變，投資人需自行考量
投資之需求與風險，本公司恕不負擔任何法律責任。任何轉載或引用本報告內容必須經本公司同意。 
 
- 7 - 
個股報告 
財務報表 
 
季度損益表 
單位：新台幣百萬元 
 4771望隼 
2024 
25Q1 
25Q2 
25Q3 
25Q4 
2025 
26Q1 
26Q2(F) 26Q3(F) 26Q4(F) 2026(F) 
營業收入淨額
 3,002 
 811
 872
 854 
 951
 3,487 
 1,031 
 1,086 
1,137 
1,199 
4,453
營業成本
 1,823 
 475
 517
 512 
 558
 2,061 
 608
 645
678 
711
2,642
營業毛利淨額
 1,179 
 336
 356
 342 
 393
 1,426 
 423 
 441
459 
488
1,811
營業費用
 291 
 97
 100
 107 
 116
 420 
 124 
 128
131 
138
521
營業淨利(損)
 888 
 238
 256
 234 
 277
 1,006 
 298 
 313
328 
350
1,289
營業外收支
 
 
 
 
利息收入
 18 
 3
 7
 4 
 6
 19 
 2 
 2
4 
5
13
財務成本
 29 
 7
 6
 7 
 6
 26 
 6 
 6
8 
8
28
其他利益及損失
 29 
 11
 (74)
 33 
 22
 (8) 
 14 
 2
11
-15
12
其他收支淨額
 14 
 10
 2
 3 
 3
 18 
 3 
 3
3 
5
14
營業外收支淨額合計
 32 
18
-71
32 
24
 3 
13 
1
10 
-13
11
稅前淨利
 920 
25",857530a25cb24b2eb1036434,278,,PENDING,,PENDING,,PENDING,0.50,ORANGE,STAGE_TABLELIKE_EXPANSION_REVIEW,VRN_1D1_REPORTTEXT_TABLELIKE_EXPANSION,C:\Users\tonyk\OneDrive\VeritasIntelligenceAnalytics\module\VRN\output\_route_lock_runs\RUN_20260525_195119_VRN_GO_M01_60PDF_FULL_V120\full_input_60pdf\20260519兆豐個股報告-望隼(4771).pdf,2026-06-15T16:25:25.776985,9e532c5e60d8372e7d3e36ca62929eb269a4d48c
33280450a5af073c2547,dc367a89b6fb,4771,,兆豐,2026-05-19,2024Q1,2024,Q1,IS,tax_expense,所得稅費用,28.6,28.6,%,TWD,,7," 
評等分級：買進（預期未來六個月股價漲輻超過+30%）; 逢低買進（預期未來六個月股價漲輻介於+15%與+30%之間）; 區間操
作（預期未來六個月股價漲跌輻介於-15%與+15%之間）; 逢高賣出（預期未來六個月股價跌輻介於-15%與-30%之間）；賣出（預
期未來六個月股價跌輻超過-30%）。 
本刊所刊載之內容僅做為參考，惟已力求正確與完整，但因時間及市場客觀因素改變所造成產業、市場或個股之相關條件改變，投資人需自行考量
投資之需求與風險，本公司恕不負擔任何法律責任。任何轉載或引用本報告內容必須經本公司同意。 
 
- 7 - 
個股報告 
財務報表 
 
季度損益表 
單位：新台幣百萬元 
 4771望隼 
2024 
25Q1 
25Q2 
25Q3 
25Q4 
2025 
26Q1 
26Q2(F) 26Q3(F) 26Q4(F) 2026(F) 
營業收入淨額
 3,002 
 811
 872
 854 
 951
 3,487 
 1,031 
 1,086 
1,137 
1,199 
4,453
營業成本
 1,823 
 475
 517
 512 
 558
 2,061 
 608
 645
678 
711
2,642
營業毛利淨額
 1,179 
 336
 356
 342 
 393
 1,426 
 423 
 441
459 
488
1,811
營業費用
 291 
 97
 100
 107 
 116
 420 
 124 
 128
131 
138
521
營業淨利(損)
 888 
 238
 256
 234 
 277
 1,006 
 298 
 313
328 
350
1,289
營業外收支
 
 
 
 
利息收入
 18 
 3
 7
 4 
 6
 19 
 2 
 2
4 
5
13
財務成本
 29 
 7
 6
 7 
 6
 26 
 6 
 6
8 
8
28
其他利益及損失
 29 
 11
 (74)
 33 
 22
 (8) 
 14 
 2
11
-15
12
其他收支淨額
 14 
 10
 2
 3 
 3
 18 
 3 
 3
3 
5
14
營業外收支淨額合計
 32 
18
-71
32 
24
 3 
13 
1
10 
-13
11
稅前淨利
 920 
25",857530a25cb24b2eb1036434,279,,PENDING,,PENDING,,PENDING,0.50,ORANGE,STAGE_TABLELIKE_EXPANSION_REVIEW,VRN_1D1_REPORTTEXT_TABLELIKE_EXPANSION,C:\Users\tonyk\OneDrive\VeritasIntelligenceAnalytics\module\VRN\output\_route_lock_runs\RUN_20260525_195119_VRN_GO_M01_60PDF_FULL_V120\full_input_60pdf\20260519兆豐個股報告-望隼(4771).pdf,2026-06-15T16:25:25.776994,77019db35af5d19572aff2149f92d862c0acbb23
33280450a5af073c2547,dc367a89b6fb,4771,,兆豐,2026-05-19,2024Q1,2024,Q1,IS,tax_expense,所得稅費用,20.7,20.7,%,TWD,,7," 
評等分級：買進（預期未來六個月股價漲輻超過+30%）; 逢低買進（預期未來六個月股價漲輻介於+15%與+30%之間）; 區間操
作（預期未來六個月股價漲跌輻介於-15%與+15%之間）; 逢高賣出（預期未來六個月股價跌輻介於-15%與-30%之間）；賣出（預
期未來六個月股價跌輻超過-30%）。 
本刊所刊載之內容僅做為參考，惟已力求正確與完整，但因時間及市場客觀因素改變所造成產業、市場或個股之相關條件改變，投資人需自行考量
投資之需求與風險，本公司恕不負擔任何法律責任。任何轉載或引用本報告內容必須經本公司同意。 
 
- 7 - 
個股報告 
財務報表 
 
季度損益表 
單位：新台幣百萬元 
 4771望隼 
2024 
25Q1 
25Q2 
25Q3 
25Q4 
2025 
26Q1 
26Q2(F) 26Q3(F) 26Q4(F) 2026(F) 
營業收入淨額
 3,002 
 811
 872
 854 
 951
 3,487 
 1,031 
 1,086 
1,137 
1,199 
4,453
營業成本
 1,823 
 475
 517
 512 
 558
 2,061 
 608
 645
678 
711
2,642
營業毛利淨額
 1,179 
 336
 356
 342 
 393
 1,426 
 423 
 441
459 
488
1,811
營業費用
 291 
 97
 100
 107 
 116
 420 
 124 
 128
131 
138
521
營業淨利(損)
 888 
 238
 256
 234 
 277
 1,006 
 298 
 313
328 
350
1,289
營業外收支
 
 
 
 
利息收入
 18 
 3
 7
 4 
 6
 19 
 2 
 2
4 
5
13
財務成本
 29 
 7
 6
 7 
 6
 26 
 6 
 6
8 
8
28
其他利益及損失
 29 
 11
 (74)
 33 
 22
 (8) 
 14 
 2
11
-15
12
其他收支淨額
 14 
 10
 2
 3 
 3
 18 
 3 
 3
3 
5
14
營業外收支淨額合計
 32 
18
-71
32 
24
 3 
13 
1
10 
-13
11
稅前淨利
 920 
25",857530a25cb24b2eb1036434,280,,PENDING,,PENDING,,PENDING,0.50,ORANGE,STAGE_TABLELIKE_EXPANSION_REVIEW,VRN_1D1_REPORTTEXT_TABLELIKE_EXPANSION,C:\Users\tonyk\OneDrive\VeritasIntelligenceAnalytics\module\VRN\output\_route_lock_runs\RUN_20260525_195119_VRN_GO_M01_60PDF_FULL_V120\full_input_60pdf\20260519兆豐個股報告-望隼(4771).pdf,2026-06-15T16:25:25.777004,b7e3b1b07c6cf0fcf1328c9138abe1ccd4e2ecac
33280450a5af073c2547,dc367a89b6fb,4771,,兆豐,2026-05-19,2024Q1,2024,Q1,IS,tax_expense,所得稅費用,26.1,26.1,%,TWD,,7," 
評等分級：買進（預期未來六個月股價漲輻超過+30%）; 逢低買進（預期未來六個月股價漲輻介於+15%與+30%之間）; 區間操
作（預期未來六個月股價漲跌輻介於-15%與+15%之間）; 逢高賣出（預期未來六個月股價跌輻介於-15%與-30%之間）；賣出（預
期未來六個月股價跌輻超過-30%）。 
本刊所刊載之內容僅做為參考，惟已力求正確與完整，但因時間及市場客觀因素改變所造成產業、市場或個股之相關條件改變，投資人需自行考量
投資之需求與風險，本公司恕不負擔任何法律責任。任何轉載或引用本報告內容必須經本公司同意。 
 
- 7 - 
個股報告 
財務報表 
 
季度損益表 
單位：新台幣百萬元 
 4771望隼 
2024 
25Q1 
25Q2 
25Q3 
25Q4 
2025 
26Q1 
26Q2(F) 26Q3(F) 26Q4(F) 2026(F) 
營業收入淨額
 3,002 
 811
 872
 854 
 951
 3,487 
 1,031 
 1,086 
1,137 
1,199 
4,453
營業成本
 1,823 
 475
 517
 512 
 558
 2,061 
 608
 645
678 
711
2,642
營業毛利淨額
 1,179 
 336
 356
 342 
 393
 1,426 
 423 
 441
459 
488
1,811
營業費用
 291 
 97
 100
 107 
 116
 420 
 124 
 128
131 
138
521
營業淨利(損)
 888 
 238
 256
 234 
 277
 1,006 
 298 
 313
328 
350
1,289
營業外收支
 
 
 
 
利息收入
 18 
 3
 7
 4 
 6
 19 
 2 
 2
4 
5
13
財務成本
 29 
 7
 6
 7 
 6
 26 
 6 
 6
8 
8
28
其他利益及損失
 29 
 11
 (74)
 33 
 22
 (8) 
 14 
 2
11
-15
12
其他收支淨額
 14 
 10
 2
 3 
 3
 18 
 3 
 3
3 
5
14
營業外收支淨額合計
 32 
18
-71
32 
24
 3 
13 
1
10 
-13
11
稅前淨利
 920 
25",857530a25cb24b2eb1036434,281,,PENDING,,PENDING,,PENDING,0.50,ORANGE,STAGE_TABLELIKE_EXPANSION_REVIEW,VRN_1D1_REPORTTEXT_TABLELIKE_EXPANSION,C:\Users\tonyk\OneDrive\VeritasIntelligenceAnalytics\module\VRN\output\_route_lock_runs\RUN_20260525_195119_VRN_GO_M01_60PDF_FULL_V120\full_input_60pdf\20260519兆豐個股報告-望隼(4771).pdf,2026-06-15T16:25:25.777016,ceb914296dffe44d42ba2ebc680b7ddb97340e91
33280450a5af073c2547,dc367a89b6fb,4771,,兆豐,2026-05-19,2024Q1,2024,Q1,IS,tax_expense,所得稅費用,39.3,39.3,%,TWD,,7," 
評等分級：買進（預期未來六個月股價漲輻超過+30%）; 逢低買進（預期未來六個月股價漲輻介於+15%與+30%之間）; 區間操
作（預期未來六個月股價漲跌輻介於-15%與+15%之間）; 逢高賣出（預期未來六個月股價跌輻介於-15%與-30%之間）；賣出（預
期未來六個月股價跌輻超過-30%）。 
本刊所刊載之內容僅做為參考，惟已力求正確與完整，但因時間及市場客觀因素改變所造成產業、市場或個股之相關條件改變，投資人需自行考量
投資之需求與風險，本公司恕不負擔任何法律責任。任何轉載或引用本報告內容必須經本公司同意。 
 
- 7 - 
個股報告 
財務報表 
 
季度損益表 
單位：新台幣百萬元 
 4771望隼 
2024 
25Q1 
25Q2 
25Q3 
25Q4 
2025 
26Q1 
26Q2(F) 26Q3(F) 26Q4(F) 2026(F) 
營業收入淨額
 3,002 
 811
 872
 854 
 951
 3,487 
 1,031 
 1,086 
1,137 
1,199 
4,453
營業成本
 1,823 
 475
 517
 512 
 558
 2,061 
 608
 645
678 
711
2,642
營業毛利淨額
 1,179 
 336
 356
 342 
 393
 1,426 
 423 
 441
459 
488
1,811
營業費用
 291 
 97
 100
 107 
 116
 420 
 124 
 128
131 
138
521
營業淨利(損)
 888 
 238
 256
 234 
 277
 1,006 
 298 
 313
328 
350
1,289
營業外收支
 
 
 
 
利息收入
 18 
 3
 7
 4 
 6
 19 
 2 
 2
4 
5
13
財務成本
 29 
 7
 6
 7 
 6
 26 
 6 
 6
8 
8
28
其他利益及損失
 29 
 11
 (74)
 33 
 22
 (8) 
 14 
 2
11
-15
12
其他收支淨額
 14 
 10
 2
 3 
 3
 18 
 3 
 3
3 
5
14
營業外收支淨額合計
 32 
18
-71
32 
24
 3 
13 
1
10 
-13
11
稅前淨利
 920 
25",857530a25cb24b2eb1036434,282,,PENDING,,PENDING,,PENDING,0.50,ORANGE,STAGE_TABLELIKE_EXPANSION_REVIEW,VRN_1D1_REPORTTEXT_TABLELIKE_EXPANSION,C:\Users\tonyk\OneDrive\VeritasIntelligenceAnalytics\module\VRN\output\_route_lock_runs\RUN_20260525_195119_VRN_GO_M01_60PDF_FULL_V120\full_input_60pdf\20260519兆豐個股報告-望隼(4771).pdf,2026-06-15T16:25:25.777026,978c97bee8d017ad5539aec0cecb423b49405e1a
33280450a5af073c2547,dc367a89b6fb,4771,,兆豐,2026-05-19,2024Q1,2024,Q1,IS,tax_expense,所得稅費用,41.4,41.4,%,TWD,,7," 
評等分級：買進（預期未來六個月股價漲輻超過+30%）; 逢低買進（預期未來六個月股價漲輻介於+15%與+30%之間）; 區間操
作（預期未來六個月股價漲跌輻介於-15%與+15%之間）; 逢高賣出（預期未來六個月股價跌輻介於-15%與-30%之間）；賣出（預
期未來六個月股價跌輻超過-30%）。 
本刊所刊載之內容僅做為參考，惟已力求正確與完整，但因時間及市場客觀因素改變所造成產業、市場或個股之相關條件改變，投資人需自行考量
投資之需求與風險，本公司恕不負擔任何法律責任。任何轉載或引用本報告內容必須經本公司同意。 
 
- 7 - 
個股報告 
財務報表 
 
季度損益表 
單位：新台幣百萬元 
 4771望隼 
2024 
25Q1 
25Q2 
25Q3 
25Q4 
2025 
26Q1 
26Q2(F) 26Q3(F) 26Q4(F) 2026(F) 
營業收入淨額
 3,002 
 811
 872
 854 
 951
 3,487 
 1,031 
 1,086 
1,137 
1,199 
4,453
營業成本
 1,823 
 475
 517
 512 
 558
 2,061 
 608
 645
678 
711
2,642
營業毛利淨額
 1,179 
 336
 356
 342 
 393
 1,426 
 423 
 441
459 
488
1,811
營業費用
 291 
 97
 100
 107 
 116
 420 
 124 
 128
131 
138
521
營業淨利(損)
 888 
 238
 256
 234 
 277
 1,006 
 298 
 313
328 
350
1,289
營業外收支
 
 
 
 
利息收入
 18 
 3
 7
 4 
 6
 19 
 2 
 2
4 
5
13
財務成本
 29 
 7
 6
 7 
 6
 26 
 6 
 6
8 
8
28
其他利益及損失
 29 
 11
 (74)
 33 
 22
 (8) 
 14 
 2
11
-15
12
其他收支淨額
 14 
 10
 2
 3 
 3
 18 
 3 
 3
3 
5
14
營業外收支淨額合計
 32 
18
-71
32 
24
 3 
13 
1
10 
-13
11
稅前淨利
 920 
25",857530a25cb24b2eb1036434,283,,PENDING,,PENDING,,PENDING,0.50,ORANGE,STAGE_TABLELIKE_EXPANSION_REVIEW,VRN_1D1_REPORTTEXT_TABLELIKE_EXPANSION,C:\Users\tonyk\OneDrive\VeritasIntelligenceAnalytics\module\VRN\output\_route_lock_runs\RUN_20260525_195119_VRN_GO_M01_60PDF_FULL_V120\full_input_60pdf\20260519兆豐個股報告-望隼(4771).pdf,2026-06-15T16:25:25.777038,875a8b393f722c5bd1575843636e29ebf510a1bf
33280450a5af073c2547,dc367a89b6fb,4771,,兆豐,2026-05-19,2024Q1,2024,Q1,IS,tax_expense,所得稅費用,40.8,40.8,%,TWD,,7," 
評等分級：買進（預期未來六個月股價漲輻超過+30%）; 逢低買進（預期未來六個月股價漲輻介於+15%與+30%之間）; 區間操
作（預期未來六個月股價漲跌輻介於-15%與+15%之間）; 逢高賣出（預期未來六個月股價跌輻介於-15%與-30%之間）；賣出（預
期未來六個月股價跌輻超過-30%）。 
本刊所刊載之內容僅做為參考，惟已力求正確與完整，但因時間及市場客觀因素改變所造成產業、市場或個股之相關條件改變，投資人需自行考量
投資之需求與風險，本公司恕不負擔任何法律責任。任何轉載或引用本報告內容必須經本公司同意。 
 
- 7 - 
個股報告 
財務報表 
 
季度損益表 
單位：新台幣百萬元 
 4771望隼 
2024 
25Q1 
25Q2 
25Q3 
25Q4 
2025 
26Q1 
26Q2(F) 26Q3(F) 26Q4(F) 2026(F) 
營業收入淨額
 3,002 
 811
 872
 854 
 951
 3,487 
 1,031 
 1,086 
1,137 
1,199 
4,453
營業成本
 1,823 
 475
 517
 512 
 558
 2,061 
 608
 645
678 
711
2,642
營業毛利淨額
 1,179 
 336
 356
 342 
 393
 1,426 
 423 
 441
459 
488
1,811
營業費用
 291 
 97
 100
 107 
 116
 420 
 124 
 128
131 
138
521
營業淨利(損)
 888 
 238
 256
 234 
 277
 1,006 
 298 
 313
328 
350
1,289
營業外收支
 
 
 
 
利息收入
 18 
 3
 7
 4 
 6
 19 
 2 
 2
4 
5
13
財務成本
 29 
 7
 6
 7 
 6
 26 
 6 
 6
8 
8
28
其他利益及損失
 29 
 11
 (74)
 33 
 22
 (8) 
 14 
 2
11
-15
12
其他收支淨額
 14 
 10
 2
 3 
 3
 18 
 3 
 3
3 
5
14
營業外收支淨額合計
 32 
18
-71
32 
24
 3 
13 
1
10 
-13
11
稅前淨利
 920 
25",857530a25cb24b2eb1036434,284,,PENDING,,PENDING,,PENDING,0.50,ORANGE,STAGE_TABLELIKE_EXPANSION_REVIEW,VRN_1D1_REPORTTEXT_TABLELIKE_EXPANSION,C:\Users\tonyk\OneDrive\VeritasIntelligenceAnalytics\module\VRN\output\_route_lock_runs\RUN_20260525_195119_VRN_GO_M01_60PDF_FULL_V120\full_input_60pdf\20260519兆豐個股報告-望隼(4771).pdf,2026-06-15T16:25:25.777048,59eaeffa96f90108a87df47b9da874e47a90c0e4
33280450a5af073c2547,dc367a89b6fb,4771,,兆豐,2026-05-19,2024Q1,2024,Q1,IS,tax_expense,所得稅費用,40.0,40.0,%,TWD,,7," 
評等分級：買進（預期未來六個月股價漲輻超過+30%）; 逢低買進（預期未來六個月股價漲輻介於+15%與+30%之間）; 區間操
作（預期未來六個月股價漲跌輻介於-15%與+15%之間）; 逢高賣出（預期未來六個月股價跌輻介於-15%與-30%之間）；賣出（預
期未來六個月股價跌輻超過-30%）。 
本刊所刊載之內容僅做為參考，惟已力求正確與完整，但因時間及市場客觀因素改變所造成產業、市場或個股之相關條件改變，投資人需自行考量
投資之需求與風險，本公司恕不負擔任何法律責任。任何轉載或引用本報告內容必須經本公司同意。 
 
- 7 - 
個股報告 
財務報表 
 
季度損益表 
單位：新台幣百萬元 
 4771望隼 
2024 
25Q1 
25Q2 
25Q3 
25Q4 
2025 
26Q1 
26Q2(F) 26Q3(F) 26Q4(F) 2026(F) 
營業收入淨額
 3,002 
 811
 872
 854 
 951
 3,487 
 1,031 
 1,086 
1,137 
1,199 
4,453
營業成本
 1,823 
 475
 517
 512 
 558
 2,061 
 608
 645
678 
711
2,642
營業毛利淨額
 1,179 
 336
 356
 342 
 393
 1,426 
 423 
 441
459 
488
1,811
營業費用
 291 
 97
 100
 107 
 116
 420 
 124 
 128
131 
138
521
營業淨利(損)
 888 
 238
 256
 234 
 277
 1,006 
 298 
 313
328 
350
1,289
營業外收支
 
 
 
 
利息收入
 18 
 3
 7
 4 
 6
 19 
 2 
 2
4 
5
13
財務成本
 29 
 7
 6
 7 
 6
 26 
 6 
 6
8 
8
28
其他利益及損失
 29 
 11
 (74)
 33 
 22
 (8) 
 14 
 2
11
-15
12
其他收支淨額
 14 
 10
 2
 3 
 3
 18 
 3 
 3
3 
5
14
營業外收支淨額合計
 32 
18
-71
32 
24
 3 
13 
1
10 
-13
11
稅前淨利
 920 
25",857530a25cb24b2eb1036434,285,,PENDING,,PENDING,,PENDING,0.50,ORANGE,STAGE_TABLELIKE_EXPANSION_REVIEW,VRN_1D1_REPORTTEXT_TABLELIKE_EXPANSION,C:\Users\tonyk\OneDrive\VeritasIntelligenceAnalytics\module\VRN\output\_route_lock_runs\RUN_20260525_195119_VRN_GO_M01_60PDF_FULL_V120\full_input_60pdf\20260519兆豐個股報告-望隼(4771).pdf,2026-06-15T16:25:25.777057,d58600db3f40efeba7d469d9cfb34be64fb04e3a
33280450a5af073c2547,dc367a89b6fb,4771,,兆豐,2026-05-19,2024Q1,2024,Q1,IS,tax_expense,所得稅費用,41.3,41.3,%,TWD,,7," 
評等分級：買進（預期未來六個月股價漲輻超過+30%）; 逢低買進（預期未來六個月股價漲輻介於+15%與+30%之間）; 區間操
作（預期未來六個月股價漲跌輻介於-15%與+15%之間）; 逢高賣出（預期未來六個月股價跌輻介於-15%與-30%之間）；賣出（預
期未來六個月股價跌輻超過-30%）。 
本刊所刊載之內容僅做為參考，惟已力求正確與完整，但因時間及市場客觀因素改變所造成產業、市場或個股之相關條件改變，投資人需自行考量
投資之需求與風險，本公司恕不負擔任何法律責任。任何轉載或引用本報告內容必須經本公司同意。 
 
- 7 - 
個股報告 
財務報表 
 
季度損益表 
單位：新台幣百萬元 
 4771望隼 
2024 
25Q1 
25Q2 
25Q3 
25Q4 
2025 
26Q1 
26Q2(F) 26Q3(F) 26Q4(F) 2026(F) 
營業收入淨額
 3,002 
 811
 872
 854 
 951
 3,487 
 1,031 
 1,086 
1,137 
1,199 
4,453
營業成本
 1,823 
 475
 517
 512 
 558
 2,061 
 608
 645
678 
711
2,642
營業毛利淨額
 1,179 
 336
 356
 342 
 393
 1,426 
 423 
 441
459 
488
1,811
營業費用
 291 
 97
 100
 107 
 116
 420 
 124 
 128
131 
138
521
營業淨利(損)
 888 
 238
 256
 234 
 277
 1,006 
 298 
 313
328 
350
1,289
營業外收支
 
 
 
 
利息收入
 18 
 3
 7
 4 
 6
 19 
 2 
 2
4 
5
13
財務成本
 29 
 7
 6
 7 
 6
 26 
 6 
 6
8 
8
28
其他利益及損失
 29 
 11
 (74)
 33 
 22
 (8) 
 14 
 2
11
-15
12
其他收支淨額
 14 
 10
 2
 3 
 3
 18 
 3 
 3
3 
5
14
營業外收支淨額合計
 32 
18
-71
32 
24
 3 
13 
1
10 
-13
11
稅前淨利
 920 
25",857530a25cb24b2eb1036434,286,,PENDING,,PENDING,,PENDING,0.50,ORANGE,STAGE_TABLELIKE_EXPANSION_REVIEW,VRN_1D1_REPORTTEXT_TABLELIKE_EXPANSION,C:\Users\tonyk\OneDrive\VeritasIntelligenceAnalytics\module\VRN\output\_route_lock_runs\RUN_20260525_195119_VRN_GO_M01_60PDF_FULL_V120\full_input_60pdf\20260519兆豐個股報告-望隼(4771).pdf,2026-06-15T16:25:25.777067,27ae707767bf96802dd4fc519314c8e4f003e5e2
33280450a5af073c2547,dc367a89b6fb,4771,,兆豐,2026-05-19,2024Q1,2024,Q1,IS,tax_expense,所得稅費用,40.9,40.9,%,TWD,,7," 
評等分級：買進（預期未來六個月股價漲輻超過+30%）; 逢低買進（預期未來六個月股價漲輻介於+15%與+30%之間）; 區間操
作（預期未來六個月股價漲跌輻介於-15%與+15%之間）; 逢高賣出（預期未來六個月股價跌輻介於-15%與-30%之間）；賣出（預
期未來六個月股價跌輻超過-30%）。 
本刊所刊載之內容僅做為參考，惟已力求正確與完整，但因時間及市場客觀因素改變所造成產業、市場或個股之相關條件改變，投資人需自行考量
投資之需求與風險，本公司恕不負擔任何法律責任。任何轉載或引用本報告內容必須經本公司同意。 
 
- 7 - 
個股報告 
財務報表 
 
季度損益表 
單位：新台幣百萬元 
 4771望隼 
2024 
25Q1 
25Q2 
25Q3 
25Q4 
2025 
26Q1 
26Q2(F) 26Q3(F) 26Q4(F) 2026(F) 
營業收入淨額
 3,002 
 811
 872
 854 
 951
 3,487 
 1,031 
 1,086 
1,137 
1,199 
4,453
營業成本
 1,823 
 475
 517
 512 
 558
 2,061 
 608
 645
678 
711
2,642
營業毛利淨額
 1,179 
 336
 356
 342 
 393
 1,426 
 423 
 441
459 
488
1,811
營業費用
 291 
 97
 100
 107 
 116
 420 
 124 
 128
131 
138
521
營業淨利(損)
 888 
 238
 256
 234 
 277
 1,006 
 298 
 313
328 
350
1,289
營業外收支
 
 
 
 
利息收入
 18 
 3
 7
 4 
 6
 19 
 2 
 2
4 
5
13
財務成本
 29 
 7
 6
 7 
 6
 26 
 6 
 6
8 
8
28
其他利益及損失
 29 
 11
 (74)
 33 
 22
 (8) 
 14 
 2
11
-15
12
其他收支淨額
 14 
 10
 2
 3 
 3
 18 
 3 
 3
3 
5
14
營業外收支淨額合計
 32 
18
-71
32 
24
 3 
13 
1
10 
-13
11
稅前淨利
 920 
25",857530a25cb24b2eb1036434,287,,PENDING,,PENDING,,PENDING,0.50,ORANGE,STAGE_TABLELIKE_EXPANSION_REVIEW,VRN_1D1_REPORTTEXT_TABLELIKE_EXPANSION,C:\Users\tonyk\OneDrive\VeritasIntelligenceAnalytics\module\VRN\output\_route_lock_runs\RUN_20260525_195119_VRN_GO_M01_60PDF_FULL_V120\full_input_60pdf\20260519兆豐個股報告-望隼(4771).pdf,2026-06-15T16:25:25.777076,4dd6e6d883d9d27faa245ae54c3fa4989211df9e
33280450a5af073c2547,dc367a89b6fb,4771,,兆豐,2026-05-19,2024Q1,2024,Q1,IS,tax_expense,所得稅費用,41.0,41.0,%,TWD,,7," 
評等分級：買進（預期未來六個月股價漲輻超過+30%）; 逢低買進（預期未來六個月股價漲輻介於+15%與+30%之間）; 區間操
作（預期未來六個月股價漲跌輻介於-15%與+15%之間）; 逢高賣出（預期未來六個月股價跌輻介於-15%與-30%之間）；賣出（預
期未來六個月股價跌輻超過-30%）。 
本刊所刊載之內容僅做為參考，惟已力求正確與完整，但因時間及市場客觀因素改變所造成產業、市場或個股之相關條件改變，投資人需自行考量
投資之需求與風險，本公司恕不負擔任何法律責任。任何轉載或引用本報告內容必須經本公司同意。 
 
- 7 - 
個股報告 
財務報表 
 
季度損益表 
單位：新台幣百萬元 
 4771望隼 
2024 
25Q1 
25Q2 
25Q3 
25Q4 
2025 
26Q1 
26Q2(F) 26Q3(F) 26Q4(F) 2026(F) 
營業收入淨額
 3,002 
 811
 872
 854 
 951
 3,487 
 1,031 
 1,086 
1,137 
1,199 
4,453
營業成本
 1,823 
 475
 517
 512 
 558
 2,061 
 608
 645
678 
711
2,642
營業毛利淨額
 1,179 
 336
 356
 342 
 393
 1,426 
 423 
 441
459 
488
1,811
營業費用
 291 
 97
 100
 107 
 116
 420 
 124 
 128
131 
138
521
營業淨利(損)
 888 
 238
 256
 234 
 277
 1,006 
 298 
 313
328 
350
1,289
營業外收支
 
 
 
 
利息收入
 18 
 3
 7
 4 
 6
 19 
 2 
 2
4 
5
13
財務成本
 29 
 7
 6
 7 
 6
 26 
 6 
 6
8 
8
28
其他利益及損失
 29 
 11
 (74)
 33 
 22
 (8) 
 14 
 2
11
-15
12
其他收支淨額
 14 
 10
 2
 3 
 3
 18 
 3 
 3
3 
5
14
營業外收支淨額合計
 32 
18
-71
32 
24
 3 
13 
1
10 
-13
11
稅前淨利
 920 
25",857530a25cb24b2eb1036434,288,,PENDING,,PENDING,,PENDING,0.50,ORANGE,STAGE_TABLELIKE_EXPANSION_REVIEW,VRN_1D1_REPORTTEXT_TABLELIKE_EXPANSION,C:\Users\tonyk\OneDrive\VeritasIntelligenceAnalytics\module\VRN\output\_route_lock_runs\RUN_20260525_195119_VRN_GO_M01_60PDF_FULL_V120\full_input_60pdf\20260519兆豐個股報告-望隼(4771).pdf,2026-06-15T16:25:25.777086,4a07cbdd3fef74c02e3b14face5cadccb7647c92
33280450a5af073c2547,dc367a89b6fb,4771,,兆豐,2026-05-19,2024Q1,2024,Q1,IS,tax_expense,所得稅費用,40.6,40.6,%,TWD,,7," 
評等分級：買進（預期未來六個月股價漲輻超過+30%）; 逢低買進（預期未來六個月股價漲輻介於+15%與+30%之間）; 區間操
作（預期未來六個月股價漲跌輻介於-15%與+15%之間）; 逢高賣出（預期未來六個月股價跌輻介於-15%與-30%之間）；賣出（預
期未來六個月股價跌輻超過-30%）。 
本刊所刊載之內容僅做為參考，惟已力求正確與完整，但因時間及市場客觀因素改變所造成產業、市場或個股之相關條件改變，投資人需自行考量
投資之需求與風險，本公司恕不負擔任何法律責任。任何轉載或引用本報告內容必須經本公司同意。 
 
- 7 - 
個股報告 
財務報表 
 
季度損益表 
單位：新台幣百萬元 
 4771望隼 
2024 
25Q1 
25Q2 
25Q3 
25Q4 
2025 
26Q1 
26Q2(F) 26Q3(F) 26Q4(F) 2026(F) 
營業收入淨額
 3,002 
 811
 872
 854 
 951
 3,487 
 1,031 
 1,086 
1,137 
1,199 
4,453
營業成本
 1,823 
 475
 517
 512 
 558
 2,061 
 608
 645
678 
711
2,642
營業毛利淨額
 1,179 
 336
 356
 342 
 393
 1,426 
 423 
 441
459 
488
1,811
營業費用
 291 
 97
 100
 107 
 116
 420 
 124 
 128
131 
138
521
營業淨利(損)
 888 
 238
 256
 234 
 277
 1,006 
 298 
 313
328 
350
1,289
營業外收支
 
 
 
 
利息收入
 18 
 3
 7
 4 
 6
 19 
 2 
 2
4 
5
13
財務成本
 29 
 7
 6
 7 
 6
 26 
 6 
 6
8 
8
28
其他利益及損失
 29 
 11
 (74)
 33 
 22
 (8) 
 14 
 2
11
-15
12
其他收支淨額
 14 
 10
 2
 3 
 3
 18 
 3 
 3
3 
5
14
營業外收支淨額合計
 32 
18
-71
32 
24
 3 
13 
1
10 
-13
11
稅前淨利
 920 
25",857530a25cb24b2eb1036434,289,,PENDING,,PENDING,,PENDING,0.50,ORANGE,STAGE_TABLELIKE_EXPANSION_REVIEW,VRN_1D1_REPORTTEXT_TABLELIKE_EXPANSION,C:\Users\tonyk\OneDrive\VeritasIntelligenceAnalytics\module\VRN\output\_route_lock_runs\RUN_20260525_195119_VRN_GO_M01_60PDF_FULL_V120\full_input_60pdf\20260519兆豐個股報告-望隼(4771).pdf,2026-06-15T16:25:25.777095,ae133c4275a594d7d625005038fbc709998f817c
33280450a5af073c2547,dc367a89b6fb,4771,,兆豐,2026-05-19,2024Q1,2024,Q1,IS,tax_expense,所得稅費用,40.4,40.4,%,TWD,,7," 
評等分級：買進（預期未來六個月股價漲輻超過+30%）; 逢低買進（預期未來六個月股價漲輻介於+15%與+30%之間）; 區間操
作（預期未來六個月股價漲跌輻介於-15%與+15%之間）; 逢高賣出（預期未來六個月股價跌輻介於-15%與-30%之間）；賣出（預
期未來六個月股價跌輻超過-30%）。 
本刊所刊載之內容僅做為參考，惟已力求正確與完整，但因時間及市場客觀因素改變所造成產業、市場或個股之相關條件改變，投資人需自行考量
投資之需求與風險，本公司恕不負擔任何法律責任。任何轉載或引用本報告內容必須經本公司同意。 
 
- 7 - 
個股報告 
財務報表 
 
季度損益表 
單位：新台幣百萬元 
 4771望隼 
2024 
25Q1 
25Q2 
25Q3 
25Q4 
2025 
26Q1 
26Q2(F) 26Q3(F) 26Q4(F) 2026(F) 
營業收入淨額
 3,002 
 811
 872
 854 
 951
 3,487 
 1,031 
 1,086 
1,137 
1,199 
4,453
營業成本
 1,823 
 475
 517
 512 
 558
 2,061 
 608
 645
678 
711
2,642
營業毛利淨額
 1,179 
 336
 356
 342 
 393
 1,426 
 423 
 441
459 
488
1,811
營業費用
 291 
 97
 100
 107 
 116
 420 
 124 
 128
131 
138
521
營業淨利(損)
 888 
 238
 256
 234 
 277
 1,006 
 298 
 313
328 
350
1,289
營業外收支
 
 
 
 
利息收入
 18 
 3
 7
 4 
 6
 19 
 2 
 2
4 
5
13
財務成本
 29 
 7
 6
 7 
 6
 26 
 6 
 6
8 
8
28
其他利益及損失
 29 
 11
 (74)
 33 
 22
 (8) 
 14 
 2
11
-15
12
其他收支淨額
 14 
 10
 2
 3 
 3
 18 
 3 
 3
3 
5
14
營業外收支淨額合計
 32 
18
-71
32 
24
 3 
13 
1
10 
-13
11
稅前淨利
 920 
25",857530a25cb24b2eb1036434,290,,PENDING,,PENDING,,PENDING,0.50,ORANGE,STAGE_TABLELIKE_EXPANSION_REVIEW,VRN_1D1_REPORTTEXT_TABLELIKE_EXPANSION,C:\Users\tonyk\OneDrive\VeritasIntelligenceAnalytics\module\VRN\output\_route_lock_runs\RUN_20260525_195119_VRN_GO_M01_60PDF_FULL_V120\full_input_60pdf\20260519兆豐個股報告-望隼(4771).pdf,2026-06-15T16:25:25.777104,965d26465b005138dd5090d9cb4cb6bdf5433bb1
33280450a5af073c2547,dc367a89b6fb,4771,,兆豐,2026-05-19,2024Q1,2024,Q1,IS,tax_expense,所得稅費用,40.7,40.7,%,TWD,,7," 
評等分級：買進（預期未來六個月股價漲輻超過+30%）; 逢低買進（預期未來六個月股價漲輻介於+15%與+30%之間）; 區間操
作（預期未來六個月股價漲跌輻介於-15%與+15%之間）; 逢高賣出（預期未來六個月股價跌輻介於-15%與-30%之間）；賣出（預
期未來六個月股價跌輻超過-30%）。 
本刊所刊載之內容僅做為參考，惟已力求正確與完整，但因時間及市場客觀因素改變所造成產業、市場或個股之相關條件改變，投資人需自行考量
投資之需求與風險，本公司恕不負擔任何法律責任。任何轉載或引用本報告內容必須經本公司同意。 
 
- 7 - 
個股報告 
財務報表 
 
季度損益表 
單位：新台幣百萬元 
 4771望隼 
2024 
25Q1 
25Q2 
25Q3 
25Q4 
2025 
26Q1 
26Q2(F) 26Q3(F) 26Q4(F) 2026(F) 
營業收入淨額
 3,002 
 811
 872
 854 
 951
 3,487 
 1,031 
 1,086 
1,137 
1,199 
4,453
營業成本
 1,823 
 475
 517
 512 
 558
 2,061 
 608
 645
678 
711
2,642
營業毛利淨額
 1,179 
 336
 356
 342 
 393
 1,426 
 423 
 441
459 
488
1,811
營業費用
 291 
 97
 100
 107 
 116
 420 
 124 
 128
131 
138
521
營業淨利(損)
 888 
 238
 256
 234 
 277
 1,006 
 298 
 313
328 
350
1,289
營業外收支
 
 
 
 
利息收入
 18 
 3
 7
 4 
 6
 19 
 2 
 2
4 
5
13
財務成本
 29 
 7
 6
 7 
 6
 26 
 6 
 6
8 
8
28
其他利益及損失
 29 
 11
 (74)
 33 
 22
 (8) 
 14 
 2
11
-15
12
其他收支淨額
 14 
 10
 2
 3 
 3
 18 
 3 
 3
3 
5
14
營業外收支淨額合計
 32 
18
-71
32 
24
 3 
13 
1
10 
-13
11
稅前淨利
 920 
25",857530a25cb24b2eb1036434,291,,PENDING,,PENDING,,PENDING,0.50,ORANGE,STAGE_TABLELIKE_EXPANSION_REVIEW,VRN_1D1_REPORTTEXT_TABLELIKE_EXPANSION,C:\Users\tonyk\OneDrive\VeritasIntelligenceAnalytics\module\VRN\output\_route_lock_runs\RUN_20260525_195119_VRN_GO_M01_60PDF_FULL_V120\full_input_60pdf\20260519兆豐個股報告-望隼(4771).pdf,2026-06-15T16:25:25.777114,04d316d950434368d4ce15b350e519384fe2fa08
33280450a5af073c2547,dc367a89b6fb,4771,,兆豐,2026-05-19,2024Q1,2024,Q1,IS,tax_expense,所得稅費用,40.7,40.7,%,TWD,,7," 
評等分級：買進（預期未來六個月股價漲輻超過+30%）; 逢低買進（預期未來六個月股價漲輻介於+15%與+30%之間）; 區間操
作（預期未來六個月股價漲跌輻介於-15%與+15%之間）; 逢高賣出（預期未來六個月股價跌輻介於-15%與-30%之間）；賣出（預
期未來六個月股價跌輻超過-30%）。 
本刊所刊載之內容僅做為參考，惟已力求正確與完整，但因時間及市場客觀因素改變所造成產業、市場或個股之相關條件改變，投資人需自行考量
投資之需求與風險，本公司恕不負擔任何法律責任。任何轉載或引用本報告內容必須經本公司同意。 
 
- 7 - 
個股報告 
財務報表 
 
季度損益表 
單位：新台幣百萬元 
 4771望隼 
2024 
25Q1 
25Q2 
25Q3 
25Q4 
2025 
26Q1 
26Q2(F) 26Q3(F) 26Q4(F) 2026(F) 
營業收入淨額
 3,002 
 811
 872
 854 
 951
 3,487 
 1,031 
 1,086 
1,137 
1,199 
4,453
營業成本
 1,823 
 475
 517
 512 
 558
 2,061 
 608
 645
678 
711
2,642
營業毛利淨額
 1,179 
 336
 356
 342 
 393
 1,426 
 423 
 441
459 
488
1,811
營業費用
 291 
 97
 100
 107 
 116
 420 
 124 
 128
131 
138
521
營業淨利(損)
 888 
 238
 256
 234 
 277
 1,006 
 298 
 313
328 
350
1,289
營業外收支
 
 
 
 
利息收入
 18 
 3
 7
 4 
 6
 19 
 2 
 2
4 
5
13
財務成本
 29 
 7
 6
 7 
 6
 26 
 6 
 6
8 
8
28
其他利益及損失
 29 
 11
 (74)
 33 
 22
 (8) 
 14 
 2
11
-15
12
其他收支淨額
 14 
 10
 2
 3 
 3
 18 
 3 
 3
3 
5
14
營業外收支淨額合計
 32 
18
-71
32 
24
 3 
13 
1
10 
-13
11
稅前淨利
 920 
25",857530a25cb24b2eb1036434,292,,PENDING,,PENDING,,PENDING,0.50,ORANGE,STAGE_TABLELIKE_EXPANSION_REVIEW,VRN_1D1_REPORTTEXT_TABLELIKE_EXPANSION,C:\Users\tonyk\OneDrive\VeritasIntelligenceAnalytics\module\VRN\output\_route_lock_runs\RUN_20260525_195119_VRN_GO_M01_60PDF_FULL_V120\full_input_60pdf\20260519兆豐個股報告-望隼(4771).pdf,2026-06-15T16:25:25.777123,ab3883c1feda028ab0d55dda4df5ca3aca1e64bf
33280450a5af073c2547,dc367a89b6fb,4771,,兆豐,2026-05-19,2024Q1,2024,Q1,IS,tax_expense,所得稅費用,29.6,29.6,%,TWD,,7," 
評等分級：買進（預期未來六個月股價漲輻超過+30%）; 逢低買進（預期未來六個月股價漲輻介於+15%與+30%之間）; 區間操
作（預期未來六個月股價漲跌輻介於-15%與+15%之間）; 逢高賣出（預期未來六個月股價跌輻介於-15%與-30%之間）；賣出（預
期未來六個月股價跌輻超過-30%）。 
本刊所刊載之內容僅做為參考，惟已力求正確與完整，但因時間及市場客觀因素改變所造成產業、市場或個股之相關條件改變，投資人需自行考量
投資之需求與風險，本公司恕不負擔任何法律責任。任何轉載或引用本報告內容必須經本公司同意。 
 
- 7 - 
個股報告 
財務報表 
 
季度損益表 
單位：新台幣百萬元 
 4771望隼 
2024 
25Q1 
25Q2 
25Q3 
25Q4 
2025 
26Q1 
26Q2(F) 26Q3(F) 26Q4(F) 2026(F) 
營業收入淨額
 3,002 
 811
 872
 854 
 951
 3,487 
 1,031 
 1,086 
1,137 
1,199 
4,453
營業成本
 1,823 
 475
 517
 512 
 558
 2,061 
 608
 645
678 
711
2,642
營業毛利淨額
 1,179 
 336
 356
 342 
 393
 1,426 
 423 
 441
459 
488
1,811
營業費用
 291 
 97
 100
 107 
 116
 420 
 124 
 128
131 
138
521
營業淨利(損)
 888 
 238
 256
 234 
 277
 1,006 
 298 
 313
328 
350
1,289
營業外收支
 
 
 
 
利息收入
 18 
 3
 7
 4 
 6
 19 
 2 
 2
4 
5
13
財務成本
 29 
 7
 6
 7 
 6
 26 
 6 
 6
8 
8
28
其他利益及損失
 29 
 11
 (74)
 33 
 22
 (8) 
 14 
 2
11
-15
12
其他收支淨額
 14 
 10
 2
 3 
 3
 18 
 3 
 3
3 
5
14
營業外收支淨額合計
 32 
18
-71
32 
24
 3 
13 
1
10 
-13
11
稅前淨利
 920 
25",857530a25cb24b2eb1036434,293,,PENDING,,PENDING,,PENDING,0.50,ORANGE,STAGE_TABLELIKE_EXPANSION_REVIEW,VRN_1D1_REPORTTEXT_TABLELIKE_EXPANSION,C:\Users\tonyk\OneDrive\VeritasIntelligenceAnalytics\module\VRN\output\_route_lock_runs\RUN_20260525_195119_VRN_GO_M01_60PDF_FULL_V120\full_input_60pdf\20260519兆豐個股報告-望隼(4771).pdf,2026-06-15T16:25:25.777132,9178046fc07cb7b050ab33e9624ef58800044085
33280450a5af073c2547,dc367a89b6fb,4771,,兆豐,2026-05-19,2024Q1,2024,Q1,IS,tax_expense,所得稅費用,29.4,29.4,%,TWD,,7," 
評等分級：買進（預期未來六個月股價漲輻超過+30%）; 逢低買進（預期未來六個月股價漲輻介於+15%與+30%之間）; 區間操
作（預期未來六個月股價漲跌輻介於-15%與+15%之間）; 逢高賣出（預期未來六個月股價跌輻介於-15%與-30%之間）；賣出（預
期未來六個月股價跌輻超過-30%）。 
本刊所刊載之內容僅做為參考，惟已力求正確與完整，但因時間及市場客觀因素改變所造成產業、市場或個股之相關條件改變，投資人需自行考量
投資之需求與風險，本公司恕不負擔任何法律責任。任何轉載或引用本報告內容必須經本公司同意。 
 
- 7 - 
個股報告 
財務報表 
 
季度損益表 
單位：新台幣百萬元 
 4771望隼 
2024 
25Q1 
25Q2 
25Q3 
25Q4 
2025 
26Q1 
26Q2(F) 26Q3(F) 26Q4(F) 2026(F) 
營業收入淨額
 3,002 
 811
 872
 854 
 951
 3,487 
 1,031 
 1,086 
1,137 
1,199 
4,453
營業成本
 1,823 
 475
 517
 512 
 558
 2,061 
 608
 645
678 
711
2,642
營業毛利淨額
 1,179 
 336
 356
 342 
 393
 1,426 
 423 
 441
459 
488
1,811
營業費用
 291 
 97
 100
 107 
 116
 420 
 124 
 128
131 
138
521
營業淨利(損)
 888 
 238
 256
 234 
 277
 1,006 
 298 
 313
328 
350
1,289
營業外收支
 
 
 
 
利息收入
 18 
 3
 7
 4 
 6
 19 
 2 
 2
4 
5
13
財務成本
 29 
 7
 6
 7 
 6
 26 
 6 
 6
8 
8
28
其他利益及損失
 29 
 11
 (74)
 33 
 22
 (8) 
 14 
 2
11
-15
12
其他收支淨額
 14 
 10
 2
 3 
 3
 18 
 3 
 3
3 
5
14
營業外收支淨額合計
 32 
18
-71
32 
24
 3 
13 
1
10 
-13
11
稅前淨利
 920 
25",857530a25cb24b2eb1036434,294,,PENDING,,PENDING,,PENDING,0.50,ORANGE,STAGE_TABLELIKE_EXPANSION_REVIEW,VRN_1D1_REPORTTEXT_TABLELIKE_EXPANSION,C:\Users\tonyk\OneDrive\VeritasIntelligenceAnalytics\module\VRN\output\_route_lock_runs\RUN_20260525_195119_VRN_GO_M01_60PDF_FULL_V120\full_input_60pdf\20260519兆豐個股報告-望隼(4771).pdf,2026-06-15T16:25:25.777145,e4d5e6591a70281fb16b7f170ce6076e80680215
33280450a5af073c2547,dc367a89b6fb,4771,,兆豐,2026-05-19,2024Q1,2024,Q1,IS,tax_expense,所得稅費用,29.4,29.4,%,TWD,,7," 
評等分級：買進（預期未來六個月股價漲輻超過+30%）; 逢低買進（預期未來六個月股價漲輻介於+15%與+30%之間）; 區間操
作（預期未來六個月股價漲跌輻介於-15%與+15%之間）; 逢高賣出（預期未來六個月股價跌輻介於-15%與-30%之間）；賣出（預
期未來六個月股價跌輻超過-30%）。 
本刊所刊載之內容僅做為參考，惟已力求正確與完整，但因時間及市場客觀因素改變所造成產業、市場或個股之相關條件改變，投資人需自行考量
投資之需求與風險，本公司恕不負擔任何法律責任。任何轉載或引用本報告內容必須經本公司同意。 
 
- 7 - 
個股報告 
財務報表 
 
季度損益表 
單位：新台幣百萬元 
 4771望隼 
2024 
25Q1 
25Q2 
25Q3 
25Q4 
2025 
26Q1 
26Q2(F) 26Q3(F) 26Q4(F) 2026(F) 
營業收入淨額
 3,002 
 811
 872
 854 
 951
 3,487 
 1,031 
 1,086 
1,137 
1,199 
4,453
營業成本
 1,823 
 475
 517
 512 
 558
 2,061 
 608
 645
678 
711
2,642
營業毛利淨額
 1,179 
 336
 356
 342 
 393
 1,426 
 423 
 441
459 
488
1,811
營業費用
 291 
 97
 100
 107 
 116
 420 
 124 
 128
131 
138
521
營業淨利(損)
 888 
 238
 256
 234 
 277
 1,006 
 298 
 313
328 
350
1,289
營業外收支
 
 
 
 
利息收入
 18 
 3
 7
 4 
 6
 19 
 2 
 2
4 
5
13
財務成本
 29 
 7
 6
 7 
 6
 26 
 6 
 6
8 
8
28
其他利益及損失
 29 
 11
 (74)
 33 
 22
 (8) 
 14 
 2
11
-15
12
其他收支淨額
 14 
 10
 2
 3 
 3
 18 
 3 
 3
3 
5
14
營業外收支淨額合計
 32 
18
-71
32 
24
 3 
13 
1
10 
-13
11
稅前淨利
 920 
25",857530a25cb24b2eb1036434,295,,PENDING,,PENDING,,PENDING,0.50,ORANGE,STAGE_TABLELIKE_EXPANSION_REVIEW,VRN_1D1_REPORTTEXT_TABLELIKE_EXPANSION,C:\Users\tonyk\OneDrive\VeritasIntelligenceAnalytics\module\VRN\output\_route_lock_runs\RUN_20260525_195119_VRN_GO_M01_60PDF_FULL_V120\full_input_60pdf\20260519兆豐個股報告-望隼(4771).pdf,2026-06-15T16:25:25.777155,e4076d8f423782fab4de8e69a4c042f3a8885d08
33280450a5af073c2547,dc367a89b6fb,4771,,兆豐,2026-05-19,2024Q1,2024,Q1,IS,tax_expense,所得稅費用,27.5,27.5,%,TWD,,7," 
評等分級：買進（預期未來六個月股價漲輻超過+30%）; 逢低買進（預期未來六個月股價漲輻介於+15%與+30%之間）; 區間操
作（預期未來六個月股價漲跌輻介於-15%與+15%之間）; 逢高賣出（預期未來六個月股價跌輻介於-15%與-30%之間）；賣出（預
期未來六個月股價跌輻超過-30%）。 
本刊所刊載之內容僅做為參考，惟已力求正確與完整，但因時間及市場客觀因素改變所造成產業、市場或個股之相關條件改變，投資人需自行考量
投資之需求與風險，本公司恕不負擔任何法律責任。任何轉載或引用本報告內容必須經本公司同意。 
 
- 7 - 
個股報告 
財務報表 
 
季度損益表 
單位：新台幣百萬元 
 4771望隼 
2024 
25Q1 
25Q2 
25Q3 
25Q4 
2025 
26Q1 
26Q2(F) 26Q3(F) 26Q4(F) 2026(F) 
營業收入淨額
 3,002 
 811
 872
 854 
 951
 3,487 
 1,031 
 1,086 
1,137 
1,199 
4,453
營業成本
 1,823 
 475
 517
 512 
 558
 2,061 
 608
 645
678 
711
2,642
營業毛利淨額
 1,179 
 336
 356
 342 
 393
 1,426 
 423 
 441
459 
488
1,811
營業費用
 291 
 97
 100
 107 
 116
 420 
 124 
 128
131 
138
521
營業淨利(損)
 888 
 238
 256
 234 
 277
 1,006 
 298 
 313
328 
350
1,289
營業外收支
 
 
 
 
利息收入
 18 
 3
 7
 4 
 6
 19 
 2 
 2
4 
5
13
財務成本
 29 
 7
 6
 7 
 6
 26 
 6 
 6
8 
8
28
其他利益及損失
 29 
 11
 (74)
 33 
 22
 (8) 
 14 
 2
11
-15
12
其他收支淨額
 14 
 10
 2
 3 
 3
 18 
 3 
 3
3 
5
14
營業外收支淨額合計
 32 
18
-71
32 
24
 3 
13 
1
10 
-13
11
稅前淨利
 920 
25",857530a25cb24b2eb1036434,296,,PENDING,,PENDING,,PENDING,0.50,ORANGE,STAGE_TABLELIKE_EXPANSION_REVIEW,VRN_1D1_REPORTTEXT_TABLELIKE_EXPANSION,C:\Users\tonyk\OneDrive\VeritasIntelligenceAnalytics\module\VRN\output\_route_lock_runs\RUN_20260525_195119_VRN_GO_M01_60PDF_FULL_V120\full_input_60pdf\20260519兆豐個股報告-望隼(4771).pdf,2026-06-15T16:25:25.777164,025fe995eaa80b39f9c838fdce588f2ae971dc85
33280450a5af073c2547,dc367a89b6fb,4771,,兆豐,2026-05-19,2024Q1,2024,Q1,IS,tax_expense,所得稅費用,29.1,29.1,%,TWD,,7," 
評等分級：買進（預期未來六個月股價漲輻超過+30%）; 逢低買進（預期未來六個月股價漲輻介於+15%與+30%之間）; 區間操
作（預期未來六個月股價漲跌輻介於-15%與+15%之間）; 逢高賣出（預期未來六個月股價跌輻介於-15%與-30%之間）；賣出（預
期未來六個月股價跌輻超過-30%）。 
本刊所刊載之內容僅做為參考，惟已力求正確與完整，但因時間及市場客觀因素改變所造成產業、市場或個股之相關條件改變，投資人需自行考量
投資之需求與風險，本公司恕不負擔任何法律責任。任何轉載或引用本報告內容必須經本公司同意。 
 
- 7 - 
個股報告 
財務報表 
 
季度損益表 
單位：新台幣百萬元 
 4771望隼 
2024 
25Q1 
25Q2 
25Q3 
25Q4 
2025 
26Q1 
26Q2(F) 26Q3(F) 26Q4(F) 2026(F) 
營業收入淨額
 3,002 
 811
 872
 854 
 951
 3,487 
 1,031 
 1,086 
1,137 
1,199 
4,453
營業成本
 1,823 
 475
 517
 512 
 558
 2,061 
 608
 645
678 
711
2,642
營業毛利淨額
 1,179 
 336
 356
 342 
 393
 1,426 
 423 
 441
459 
488
1,811
營業費用
 291 
 97
 100
 107 
 116
 420 
 124 
 128
131 
138
521
營業淨利(損)
 888 
 238
 256
 234 
 277
 1,006 
 298 
 313
328 
350
1,289
營業外收支
 
 
 
 
利息收入
 18 
 3
 7
 4 
 6
 19 
 2 
 2
4 
5
13
財務成本
 29 
 7
 6
 7 
 6
 26 
 6 
 6
8 
8
28
其他利益及損失
 29 
 11
 (74)
 33 
 22
 (8) 
 14 
 2
11
-15
12
其他收支淨額
 14 
 10
 2
 3 
 3
 18 
 3 
 3
3 
5
14
營業外收支淨額合計
 32 
18
-71
32 
24
 3 
13 
1
10 
-13
11
稅前淨利
 920 
25",857530a25cb24b2eb1036434,297,,PENDING,,PENDING,,PENDING,0.50,ORANGE,STAGE_TABLELIKE_EXPANSION_REVIEW,VRN_1D1_REPORTTEXT_TABLELIKE_EXPANSION,C:\Users\tonyk\OneDrive\VeritasIntelligenceAnalytics\module\VRN\output\_route_lock_runs\RUN_20260525_195119_VRN_GO_M01_60PDF_FULL_V120\full_input_60pdf\20260519兆豐個股報告-望隼(4771).pdf,2026-06-15T16:25:25.777176,1fbe1d4e1ce389e4f040e90c33a3f01eff605e82
33280450a5af073c2547,dc367a89b6fb,4771,,兆豐,2026-05-19,2024Q1,2024,Q1,IS,tax_expense,所得稅費用,28.9,28.9,%,TWD,,7," 
評等分級：買進（預期未來六個月股價漲輻超過+30%）; 逢低買進（預期未來六個月股價漲輻介於+15%與+30%之間）; 區間操
作（預期未來六個月股價漲跌輻介於-15%與+15%之間）; 逢高賣出（預期未來六個月股價跌輻介於-15%與-30%之間）；賣出（預
期未來六個月股價跌輻超過-30%）。 
本刊所刊載之內容僅做為參考，惟已力求正確與完整，但因時間及市場客觀因素改變所造成產業、市場或個股之相關條件改變，投資人需自行考量
投資之需求與風險，本公司恕不負擔任何法律責任。任何轉載或引用本報告內容必須經本公司同意。 
 
- 7 - 
個股報告 
財務報表 
 
季度損益表 
單位：新台幣百萬元 
 4771望隼 
2024 
25Q1 
25Q2 
25Q3 
25Q4 
2025 
26Q1 
26Q2(F) 26Q3(F) 26Q4(F) 2026(F) 
營業收入淨額
 3,002 
 811
 872
 854 
 951
 3,487 
 1,031 
 1,086 
1,137 
1,199 
4,453
營業成本
 1,823 
 475
 517
 512 
 558
 2,061 
 608
 645
678 
711
2,642
營業毛利淨額
 1,179 
 336
 356
 342 
 393
 1,426 
 423 
 441
459 
488
1,811
營業費用
 291 
 97
 100
 107 
 116
 420 
 124 
 128
131 
138
521
營業淨利(損)
 888 
 238
 256
 234 
 277
 1,006 
 298 
 313
328 
350
1,289
營業外收支
 
 
 
 
利息收入
 18 
 3
 7
 4 
 6
 19 
 2 
 2
4 
5
13
財務成本
 29 
 7
 6
 7 
 6
 26 
 6 
 6
8 
8
28
其他利益及損失
 29 
 11
 (74)
 33 
 22
 (8) 
 14 
 2
11
-15
12
其他收支淨額
 14 
 10
 2
 3 
 3
 18 
 3 
 3
3 
5
14
營業外收支淨額合計
 32 
18
-71
32 
24
 3 
13 
1
10 
-13
11
稅前淨利
 920 
25",857530a25cb24b2eb1036434,298,,PENDING,,PENDING,,PENDING,0.50,ORANGE,STAGE_TABLELIKE_EXPANSION_REVIEW,VRN_1D1_REPORTTEXT_TABLELIKE_EXPANSION,C:\Users\tonyk\OneDrive\VeritasIntelligenceAnalytics\module\VRN\output\_route_lock_runs\RUN_20260525_195119_VRN_GO_M01_60PDF_FULL_V120\full_input_60pdf\20260519兆豐個股報告-望隼(4771).pdf,2026-06-15T16:25:25.777186,c0676a7300e3c38ad27b000c370cbca1dbb8e52e
33280450a5af073c2547,dc367a89b6fb,4771,,兆豐,2026-05-19,2024Q1,2024,Q1,IS,tax_expense,所得稅費用,28.9,28.9,%,TWD,,7," 
評等分級：買進（預期未來六個月股價漲輻超過+30%）; 逢低買進（預期未來六個月股價漲輻介於+15%與+30%之間）; 區間操
作（預期未來六個月股價漲跌輻介於-15%與+15%之間）; 逢高賣出（預期未來六個月股價跌輻介於-15%與-30%之間）；賣出（預
期未來六個月股價跌輻超過-30%）。 
本刊所刊載之內容僅做為參考，惟已力求正確與完整，但因時間及市場客觀因素改變所造成產業、市場或個股之相關條件改變，投資人需自行考量
投資之需求與風險，本公司恕不負擔任何法律責任。任何轉載或引用本報告內容必須經本公司同意。 
 
- 7 - 
個股報告 
財務報表 
 
季度損益表 
單位：新台幣百萬元 
 4771望隼 
2024 
25Q1 
25Q2 
25Q3 
25Q4 
2025 
26Q1 
26Q2(F) 26Q3(F) 26Q4(F) 2026(F) 
營業收入淨額
 3,002 
 811
 872
 854 
 951
 3,487 
 1,031 
 1,086 
1,137 
1,199 
4,453
營業成本
 1,823 
 475
 517
 512 
 558
 2,061 
 608
 645
678 
711
2,642
營業毛利淨額
 1,179 
 336
 356
 342 
 393
 1,426 
 423 
 441
459 
488
1,811
營業費用
 291 
 97
 100
 107 
 116
 420 
 124 
 128
131 
138
521
營業淨利(損)
 888 
 238
 256
 234 
 277
 1,006 
 298 
 313
328 
350
1,289
營業外收支
 
 
 
 
利息收入
 18 
 3
 7
 4 
 6
 19 
 2 
 2
4 
5
13
財務成本
 29 
 7
 6
 7 
 6
 26 
 6 
 6
8 
8
28
其他利益及損失
 29 
 11
 (74)
 33 
 22
 (8) 
 14 
 2
11
-15
12
其他收支淨額
 14 
 10
 2
 3 
 3
 18 
 3 
 3
3 
5
14
營業外收支淨額合計
 32 
18
-71
32 
24
 3 
13 
1
10 
-13
11
稅前淨利
 920 
25",857530a25cb24b2eb1036434,299,,PENDING,,PENDING,,PENDING,0.50,ORANGE,STAGE_TABLELIKE_EXPANSION_REVIEW,VRN_1D1_REPORTTEXT_TABLELIKE_EXPANSION,C:\Users\tonyk\OneDrive\VeritasIntelligenceAnalytics\module\VRN\output\_route_lock_runs\RUN_20260525_195119_VRN_GO_M01_60PDF_FULL_V120\full_input_60pdf\20260519兆豐個股報告-望隼(4771).pdf,2026-06-15T16:25:25.777195,d05c673885f0376b3bf2ede15423a77ff19345b7
