rank,stock_id,name,industry,is_cyclical,date,revenue,prev_max_revenue,is_ath,ath_margin,ath_streak,months_since_prev_ath,ttm_revenue,is_ttm_ath,ttm_margin,ttm_yoy,yoy,base_revenue,base_pct,base_ratio,cagr_2y,n_months,g1_ath,g2_ttm_ath,g3_yoy,g4_base,g5_cagr,verdict,score,gates_passed
1,2455,模擬2455,居家生活,False,2026-05-01,171113306,153023074.0,True,11.82189817987842,16,1,1521725032.0,True,4.858786042370955,39.293966172255644,70.09,100601939,100.0,1.1014656272432966,46.89164844435476,48,True,True,True,True,True,真突破,96.3,5
2,9002,真突破乙,電子零組件業,False,2026-05-01,210407636,188539525.0,True,11.598687861338352,14,1,1897671001.0,True,4.629771865920862,39.779315192705255,66.41,126437427,100.0,1.1169178337877692,47.77793082309885,48,True,True,True,True,True,真突破,96.1,5
3,1977,模擬1977,電器電纜,False,2026-05-01,125354857,111917749.0,True,12.00623504320124,5,1,1128894969.0,True,4.8267147068899785,40.352686251859616,70.84,73375226,100.0,1.1127866327643519,49.50039846212386,48,True,True,True,True,True,真突破,94.9,5
4,2066,模擬2066,化學生技醫療,False,2026-05-01,94997790,86568784.0,True,9.736773015085909,12,1,861869165.0,True,4.7817744704867104,39.812651514343614,70.66,55665912,97.22222222222221,1.0706864396538291,48.34390615558601,48,True,True,True,True,True,真突破,94.4,5
5,2211,模擬2211,其他業,False,2026-05-01,16067231,14671919.0,True,9.510085217891406,6,1,147916019.0,True,4.543262773637102,39.289145757508706,66.69,9639066,100.0,1.0766572116802042,45.59120566529493,48,True,True,True,True,True,真突破,93.8,5
6,2284,模擬2284,貿易百貨業,False,2026-05-01,236379522,216547926.0,True,9.158063236311031,12,1,2111616197.0,True,5.134703589911083,41.38101469188753,77.4,133249700,97.22222222222221,1.0448441779398812,49.58001834236774,48,True,True,True,True,True,真突破,93.3,5
7,1082,模擬1082,綜合,False,2026-05-01,252969692,231815239.0,True,9.125566158314546,6,1,2342750405.0,True,4.565492741798516,39.82652168866514,67.88,150681550,94.44444444444444,1.0869646567028808,47.15494811247814,48,True,True,True,True,True,真突破,93.1,5
8,1905,模擬1905,農業科技業,False,2026-05-01,166338996,154598962.0,True,7.593863405111345,15,1,1521720874.0,True,4.550211646931968,39.53269232360122,66.15,100110990,100.0,1.1048486167917153,45.73878575800971,48,True,True,True,True,True,真突破,91.9,5
9,1682,模擬1682,資訊服務業,False,2026-05-01,176479574,164177163.0,True,7.493375311887918,6,1,1619584867.0,True,4.490515473226053,39.38303123745519,65.12,106877363,100.0,1.1114776112696045,45.99543451592054,48,True,True,True,True,True,真突破,91.8,5
10,2454,聯發科,半導體業,False,2026-05-01,49340573,45549279.0,True,8.323499478443996,10,1,452805980.0,True,4.690685120875204,39.71160037342616,69.83,29052519,94.44444444444444,1.0618906491474653,45.253091503784674,48,True,True,True,True,True,真突破,91.4,5
11,1455,模擬1455,運動休閒,False,2026-05-01,209186210,195160926.0,True,7.186522572658838,11,1,1911348831.0,True,4.716135877496974,39.11219141227396,69.93,123104149,97.22222222222221,1.0968817953451946,47.520782133200214,48,True,True,True,True,True,真突破,91.2,5
12,1760,模擬1760,綠能環保,False,2026-05-01,246279060,230376820.0,True,6.902708354078335,7,1,2284085860.0,True,4.235417300230115,38.3037493266839,60.47,153469370,100.0,1.126936502330656,44.88805936780062,48,True,True,True,True,True,真突破,90.6,5
13,1306,模擬1306,觀光事業,False,2026-05-01,232852951,213433777.0,True,9.098453990251043,5,1,2159703642.0,True,4.647550457205352,38.657321700692115,70.04,136937360,88.88888888888889,1.0527528647793944,46.88054182956123,48,True,True,True,True,True,真突破,89.9,5
14,3661,世芯-KY,半導體業,False,2026-05-01,31925969,29816930.0,True,7.073293595282948,13,1,296502860.0,True,4.499708401046321,40.09730124406856,66.64,19158695,100.0,1.0721702256683117,45.84032319185025,48,True,True,True,True,True,真突破,89.8,5
15,9001,真突破甲,半導體業,False,2026-05-01,244880971,229215380.0,True,6.8344414759602845,14,1,2277311820.0,True,4.383513843873832,39.83718516758821,64.08,149246828,100.0,1.0868638997477862,46.763225998503714,48,True,True,True,True,True,真突破,89.6,5
16,1231,模擬1231,半導體業,False,2026-05-01,79005864,74582610.0,True,5.930677405899321,6,1,726445345.0,True,4.511677090631316,39.1550570324368,65.82,47645858,100.0,1.092477025005098,46.54314482789539,48,True,True,True,True,True,真突破,88.8,5
17,3081,聯亞,光電業,False,2026-05-01,174826058,164876995.0,True,6.03423358122217,14,1,1627418612.0,True,4.4648591832884055,40.272172118265104,66.07,105269702,100.0,1.063193047826931,47.17366788701749,48,True,True,True,True,True,真突破,87.9,5
18,1011,模擬1011,汽車工業,False,2026-05-01,146883333,139342007.0,True,5.41209801865421,13,1,1356031450.0,True,4.515928002139269,38.78830225606607,66.36,88291877,100.0,1.0801424629786718,46.915262951096956,48,True,True,True,True,True,真突破,87.7,5
19,1531,模擬1531,電子零組件業,False,2026-05-01,41192026,38789043.0,True,6.1950046047797525,5,1,379422413.0,True,4.518178750336022,38.680887136088124,66.16,24790111,100.0,1.0864800500541179,46.40330385500295,48,True,True,True,True,True,真突破,87.4,5
20,9003,真突破丙,電機機械,False,2026-05-01,175174164,166710387.0,True,5.076934408412126,8,1,1617414230.0,True,4.411974912697025,38.76407212550521,63.98,106829599,100.0,1.0953860593098153,46.514674965447014,48,True,True,True,True,True,真突破,87.4,5
21,2373,模擬2373,電腦及週邊設備業,False,2026-05-01,52763468,50154096.0,True,5.202709665029159,5,1,487665391.0,True,4.351339187605707,39.27832957051427,62.71,32428343,100.0,1.1233036097021951,45.65853949642575,48,True,True,True,True,True,真突破,86.6,5
22,1608,模擬1608,生技醫療業,False,2026-05-01,44601279,42216922.0,True,5.647870301866154,5,1,414492676.0,True,4.427577238154945,38.364799869656395,65.02,27027393,100.0,1.0713795290442318,45.63044686301969,48,True,True,True,True,True,真突破,85.8,5
23,2140,模擬2140,食品工業,False,2026-05-01,169409038,162429564.0,True,4.296923434455557,12,1,1576094359.0,True,4.554317873052383,40.32933704680344,68.14,100755396,97.22222222222221,1.0731021056874093,47.44665189123416,48,True,True,True,True,True,真突破,85.6,5
24,1384,模擬1384,光電業,False,2026-05-01,37509903,36450366.0,True,2.906793857707757,13,1,349824056.0,True,4.229776875631486,39.31795583127198,60.89,23313598,100.0,1.1154891089490742,46.098677366796295,48,True,True,True,True,True,真突破,84.2,5
25,1519,華城,電機機械,False,2026-05-01,188992371,181936715.0,True,3.8780825519467044,5,1,1757998768.0,True,4.220366690392674,38.04901053172791,60.43,117802836,100.0,1.1201857219411286,45.38566499981946,48,True,True,True,True,True,真突破,84.2,5
26,2884,玉山金,金融保險,False,2026-05-01,129111899,105357444.0,True,22.546536911051106,1,3,1077695963.0,True,5.712227673535564,16.18880951293409,82.16,70877910,69.44444444444444,0.9238688142157779,56.88541567529168,48,True,True,True,True,True,真突破,72.5,5
27,2270,模擬2270,半導體業,False,2026-05-01,79261301,73478206.0,True,7.870490196780255,1,7,705534675.0,True,4.230027985605878,20.469780675146954,56.56,50628176,63.888888888888886,0.9807820904094179,25.21029433979727,48,True,True,True,True,True,真突破,68.0,5
28,1214,模擬1214,造紙工業,True,2026-05-01,33112469,48395843.0,False,-31.579931358980563,0,41,367269356.0,True,2.56442109477959,29.566897077562658,305.62,8163515,2.7777777777777777,0.27931298609172034,2.1830426767970756,48,False,True,True,False,False,排除·週期股,,2
29,1374,模擬1374,金融保險業,False,2026-05-01,18488833,26186164.0,False,-29.394649021521445,0,41,215752792.0,False,-4.045450175652143,0.3039735926555931,297.13,4655555,2.7777777777777777,0.25527216747060044,31.146553144039846,48,False,False,True,False,True,假突破·低基期,,2
30,1604,模擬1604,塑膠工業,True,2026-05-01,88881788,114556930.0,False,-22.412561160638646,0,42,804004904.0,False,-11.787196247467769,7.324377408943694,285.12,23078863,2.7777777777777777,0.33785251387609455,13.129339156828678,48,False,False,True,False,False,排除·週期股,,1
31,2254,模擬2254,玻璃陶瓷,True,2026-05-01,95590942,137350485.0,False,-30.4036370894504,0,42,976252709.0,False,-14.241474730447257,12.600309830210454,266.13,26108236,5.555555555555555,0.2946008467960075,-2.4460152955033343,48,False,False,True,False,False,排除·週期股,,1
32,2012,春雨,鋼鐵工業,True,2026-05-01,33333024,55765782.0,False,-40.226743345946446,0,43,350217374.0,False,-19.575369186774903,6.313872244179541,251.3,9488605,2.7777777777777777,0.3090740746772812,-2.0445788544198873,48,False,False,True,False,False,排除·週期股,,1
33,2414,模擬2414,化學工業,True,2026-05-01,54716416,92748894.0,False,-41.00585609139446,0,42,626339938.0,False,-11.20158211876372,15.253560969020175,243.84,15913463,2.7777777777777777,0.29423002821562244,-0.8967742146443691,48,False,False,True,False,False,排除·週期股,,1
34,2105,正新,橡膠工業,True,2026-05-01,62484134,88828460.0,False,-29.6575286794345,0,23,740069346.0,False,-8.481778889341317,8.802666271771553,243.69,18180327,2.7777777777777777,0.27700224511766613,-2.126931985558722,48,False,False,True,False,False,排除·週期股,,1
35,2027,大成鋼,鋼鐵工業,True,2026-05-01,93703386,158368208.0,False,-40.831946523004156,0,42,1118908153.0,False,-11.652026025406915,21.98875176398467,243.23,27300529,2.7777777777777777,0.3540628305130311,6.25536029081406,48,False,False,True,False,False,排除·週期股,,1
36,2022,聚亨,鋼鐵工業,True,2026-05-01,62961873,97329612.0,False,-35.31067091893883,0,3,809880511.0,False,-4.015728463848134,18.016314668332754,240.59,18485967,2.7777777777777777,0.2610408649570469,-10.939228349612707,48,False,False,True,False,False,排除·週期股,,1
37,1115,模擬1115,化學工業,True,2026-05-01,32820955,49114013.0,False,-33.17394976460181,0,5,361264478.0,False,-2.335608510215925,17.891014309528973,239.67,9662624,5.555555555555555,0.3089071749288432,-0.4051933321594037,48,False,False,True,False,False,排除·週期股,,1
38,2101,南港,橡膠工業,True,2026-05-01,17005535,28321904.0,False,-39.95624376101268,0,42,231948100.0,True,0.19946487906765675,25.483414681461227,233.2,5103772,2.7777777777777777,0.29630034725699483,-7.0568775273423086,48,False,True,True,False,False,排除·週期股,,2
39,2040,模擬2040,塑膠工業,True,2026-05-01,69975844,123566780.0,False,-43.37001902938638,0,42,857733383.0,False,-12.295436325809462,9.064489259113383,214.76,22231379,2.7777777777777777,0.3241789354390815,1.3479085245494238,48,False,False,True,False,False,排除·週期股,,1
40,9957,燁聯,鋼鐵工業,True,2026-05-01,66973305,97953847.0,False,-31.62769298892365,0,43,703044648.0,False,-10.886779311384121,12.998578500653025,205.39,21930289,2.7777777777777777,0.3629307544858593,-4.562349297311363,48,False,False,True,False,False,排除·週期股,,1
41,2069,模擬2069,橡膠工業,True,2026-05-01,43374360,69405846.0,False,-37.50618643853142,0,43,524494173.0,False,-9.475132419202204,9.480714843410155,202.77,14325866,2.7777777777777777,0.3173122273321723,1.4688196989100843,48,False,False,True,False,False,排除·週期股,,1
42,1406,模擬1406,電子商務,False,2026-05-01,6397602,7756053.0,False,-17.514720438346664,0,7,67738217.0,True,6.544726943953338,29.101928178710736,202.34,2116028,2.7777777777777777,0.47531275940676093,36.232617571401434,48,False,True,True,False,True,假突破·低基期,,3
43,1099,模擬1099,鋼鐵工業,True,2026-05-01,3428712,5954806.0,False,-42.421096505914726,0,44,43353721.0,False,-9.403098954712252,12.32006787850526,201.66,1136625,2.7777777777777777,0.2977159850401401,-2.9987629116876025,48,False,False,True,False,False,排除·週期股,,1
44,1494,模擬1494,半導體業,False,2026-05-01,17823972,24755044.0,False,-27.99862524986827,0,7,180349460.0,False,-7.543957366394327,20.81522377933687,193.57,6071509,2.7777777777777777,0.4333956187668912,1.6462667401459408,48,False,False,True,False,False,假突破·低基期,,1
45,2108,模擬2108,航運業,True,2026-05-01,23439464,43806178.0,False,-46.49278921343012,0,42,310783124.0,False,-4.118543804917907,30.0025871417682,192.85,8003962,2.7777777777777777,0.3617829956619509,1.1497645897222908,48,False,False,True,False,False,排除·週期股,,1
46,2171,模擬2171,玻璃陶瓷,True,2026-05-01,12508937,20954978.0,False,-40.30565434141711,0,5,152560266.0,False,-4.879039594217782,18.154475539444604,190.78,4301793,2.7777777777777777,0.36389962333053966,-0.048130792637557374,48,False,False,True,False,False,排除·週期股,,1
47,1777,模擬1777,塑膠工業,True,2026-05-01,87546318,153510887.0,False,-42.97061289210061,0,4,1144813371.0,True,4.753886966166321,27.11739807280771,179.32,31342177,5.555555555555555,0.3978029576638988,15.72083636646271,48,False,True,True,False,True,排除·週期股,,3
48,2236,模擬2236,橡膠工業,True,2026-05-01,15441268,26131013.0,False,-40.90826865380228,0,43,189718530.0,False,-7.699521179042179,23.85994126347899,179.24,5529689,5.555555555555555,0.3502401370028994,-5.224303219350457,48,False,False,True,False,False,排除·週期股,,1
49,2615,萬海,航運業,True,2026-05-01,63674028,111387204.0,False,-42.83541940778045,0,42,706452136.0,False,-15.796579382408126,0.8196995694209175,177.33,22959407,8.333333333333332,0.3578719247889656,-1.8951101907982881,48,False,False,True,False,False,排除·週期股,,1
50,1312,國喬,塑膠工業,True,2026-05-01,37397983,65493913.0,False,-42.89853623496278,0,5,485834537.0,False,-6.817965287092253,21.93003129707347,176.71,13515149,2.7777777777777777,0.32436120297343907,-12.587820071548405,48,False,False,True,False,False,排除·週期股,,1
51,1051,模擬1051,農業科技業,False,2026-05-01,69234150,97623888.0,False,-29.0807286839467,0,7,857930012.0,True,5.36658191849595,21.9599983180657,171.11,25537642,2.7777777777777777,0.4132849090455398,-3.9134494033827627,48,False,True,True,False,False,假突破·低基期,,2
52,1072,模擬1072,航運業,True,2026-05-01,91260616,131649931.0,False,-30.679328650768532,0,5,1091819738.0,False,-5.179361463500487,24.8588960736577,166.54,34238386,2.7777777777777777,0.39759794694617,-9.286999159234345,48,False,False,True,False,False,排除·週期股,,1
53,6806,森崴能源,光電業,False,2026-05-01,53855295,79614613.0,False,-32.35501251510197,0,8,679763989.0,True,5.192150457875111,14.53421743246659,165.26,20303011,2.7777777777777777,0.40475114147814006,8.815132513324864,48,False,True,True,False,False,假突破·低基期,,2
54,1988,模擬1988,玻璃陶瓷,True,2026-05-01,67527790,96601883.0,False,-30.096818092044852,0,5,782435150.0,False,-4.115616362379592,23.161076531759008,162.66,25709471,13.88888888888889,0.41940396120102374,4.958605553222695,48,False,False,True,False,False,排除·週期股,,1
55,2637,慧洋-KY,航運業,True,2026-05-01,65895765,97810791.0,False,-32.6293506817668,0,44,769913564.0,False,-6.393114370109587,16.548547347483233,161.24,25224040,5.555555555555555,0.3824344253508865,1.7892589524470814,48,False,False,True,False,False,排除·週期股,,1
56,1710,東聯,化學工業,True,2026-05-01,30619236,48310146.0,False,-36.61945049803824,0,41,390054928.0,False,-4.783563299706195,27.530462083078255,160.87,11737524,8.333333333333332,0.39813609934607447,-2.6579870292048335,48,False,False,True,False,False,排除·週期股,,1
57,2031,新光鋼,鋼鐵工業,True,2026-05-01,80775358,134308841.0,False,-39.858495242319904,0,3,975021659.0,False,-5.145895209122009,17.306470700153454,160.79,30973430,5.555555555555555,0.4000673206317522,-4.378041094950524,48,False,False,True,False,False,排除·週期股,,1
58,1301,台塑,塑膠工業,True,2026-05-01,91150088,146661076.0,False,-37.84984367631395,0,3,1100505240.0,False,-2.193531007670513,14.002732658906258,160.24,35026044,5.555555555555555,0.4393630901499023,5.407143107591872,48,False,False,True,False,False,排除·週期股,,1
59,1259,模擬1259,塑膠工業,True,2026-05-01,35902560,65150650.0,False,-44.89301334675863,0,42,472947103.0,False,-0.6986090386101096,40.42399059064723,156.87,13976921,8.333333333333332,0.4853495202150329,13.045519287805707,48,False,False,True,False,False,排除·週期股,,1
60,1402,模擬1402,金融保險業,False,2026-05-01,109688729,102353429.0,True,7.166638256936175,1,4,959085712.0,True,6.335551342375734,24.000439974750897,156.36,42786363,16.666666666666664,0.6519763258990895,46.73601738987696,48,True,True,True,False,True,假突破·低基期,,4
61,2177,模擬2177,綠能環保,False,2026-05-01,122715654,153497198.0,False,-20.05348918486447,0,6,1325634962.0,True,5.8576579693124575,16.368296485509237,148.61,49361337,5.555555555555555,0.513332304096663,46.2877717471327,48,False,True,True,False,True,假突破·低基期,,3
62,1387,模擬1387,造紙工業,True,2026-05-01,82674651,164007471.0,False,-49.590923818342404,0,43,1053633934.0,False,-13.220782930056462,18.67309885083177,141.48,34236318,5.555555555555555,0.3749838808866595,-13.291918771704236,48,False,False,True,False,False,排除·週期股,,1
63,1410,模擬1410,半導體業,False,2026-05-01,42547255,44445817.0,False,-4.271632581306806,0,5,387596783.0,True,6.06224507703188,33.08148369108075,138.2,17861868,25.0,0.7673571700696358,40.067747970278035,48,False,True,True,False,True,假突破·低基期,,3
64,1735,模擬1735,電子商務,False,2026-05-01,19067667,18451067.0,True,3.3418121564460224,1,37,161842017.0,False,-25.208425770296937,3.447682143392905,136.72,8054930,11.11111111111111,0.4582422743122964,3.1435718657625733,48,True,False,True,False,False,假突破·低基期,,2
65,1090,模擬1090,塑膠工業,True,2026-05-01,16230256,34356558.0,False,-52.75936547543558,0,41,242068065.0,False,-12.763769133918501,13.612291920394949,136.42,6865115,5.555555555555555,0.360166636054327,1.8182548670898635,48,False,False,True,False,False,排除·週期股,,1
66,1707,模擬1707,化學工業,True,2026-05-01,25998241,50854362.0,False,-48.87706781180344,0,44,414911673.0,True,3.4754926313019796,63.82445343437701,135.9,11020943,5.555555555555555,0.45217008813956977,-10.76929406555729,48,False,True,True,False,False,排除·週期股,,2
67,2234,模擬2234,金融保險業,False,2026-05-01,29232079,30582412.0,False,-4.415390780818729,0,17,279606156.0,True,3.2574596055629623,9.557364413002322,134.27,12478190,5.555555555555555,0.5616411590732315,30.872483539491657,48,False,False,True,False,True,假突破·低基期,,2
68,9101,低基期假象甲,光電業,False,2026-05-01,42607397,43369798.0,False,-1.7579076573056684,0,32,380992229.0,False,-24.89834877806638,3.5360615114798266,133.5,18246961,2.7777777777777777,0.43996449558259343,1.128839635330925,48,False,False,True,False,False,假突破·低基期,,1
69,1951,模擬1951,食品工業,False,2026-05-01,44295694,45240692.0,False,-2.088823044528143,0,34,388537029.0,False,-26.02723006574581,3.5679150329940956,132.38,19062041,5.555555555555555,0.4477596223305338,-0.20792864735721395,48,False,False,True,False,False,假突破·低基期,,1
70,2149,模擬2149,綠能環保,False,2026-05-01,139810143,158399381.0,False,-11.7356759115113,0,3,1509650384.0,True,5.483617328292678,31.220963061264406,130.74,60591360,13.88888888888889,0.6069106479852764,19.831641290187708,48,False,True,True,False,True,假突破·低基期,,3
71,1675,模擬1675,其他業,False,2026-05-01,20512890,20835293.0,False,-1.5473888464155539,0,19,180001786.0,False,-25.410810698166575,3.2507007627231355,130.72,8890644,2.7777777777777777,0.45538063029487297,1.1217264345867228,48,False,False,True,False,False,假突破·低基期,,1
72,1279,模擬1279,金融保險業,False,2026-05-01,71407477,72488928.0,False,-1.491884388192355,0,26,623852631.0,False,-25.455890511450264,2.6462724315156727,128.71,31222382,11.11111111111111,0.45823010428107636,3.0443710527958467,48,False,False,True,False,False,假突破·低基期,,1
73,2010,春源,鋼鐵工業,True,2026-05-01,70789645,186981746.0,False,-62.14087924925036,0,42,1138675748.0,False,-4.868435875633315,21.57203901504172,127.9,31061094,2.7777777777777777,0.3456254989194298,-16.330334823880822,48,False,False,True,False,False,排除·週期股,,1
74,1449,模擬1449,汽車工業,False,2026-05-01,18213651,18885243.0,False,-3.556173463057899,0,29,163304878.0,False,-25.751051037953165,3.03190364885515,127.59,8002825,2.7777777777777777,0.44767243422300407,-0.6198486538017911,48,False,False,True,False,False,假突破·低基期,,1
75,2076,模擬2076,資訊服務業,False,2026-05-01,63155855,65967969.0,False,-4.262847625337685,0,40,559539708.0,False,-25.346631418617037,3.003488221925843,126.52,27881459,8.333333333333332,0.45851933222653635,1.9637585945623703,48,False,False,True,False,False,假突破·低基期,,1
76,1622,模擬1622,光電業,False,2026-05-01,80234452,84156074.0,False,-4.659939340801477,0,44,702257383.0,False,-26.64355298003195,1.9588124005363916,126.07,35491020,11.11111111111111,0.4514353390026462,-0.6440207865870184,48,False,False,True,False,False,假突破·低基期,,1
77,1392,模擬1392,電器電纜,False,2026-05-01,51552284,84154142.0,False,-38.74064570701701,0,9,689655937.0,True,3.5918644016654566,14.066659581743357,125.75,22835949,2.7777777777777777,0.40987454895929754,-18.13585952510326,48,False,True,True,False,False,假突破·低基期,,2
78,2358,模擬2358,生技醫療業,False,2026-05-01,79278804,81936971.0,False,-3.244160685412689,0,30,704422928.0,False,-26.106351458930522,3.5337116163095317,125.59,35143410,11.11111111111111,0.4638708938935857,-1.0323443416513034,48,False,False,True,False,False,假突破·低基期,,1
79,2005,模擬2005,電機機械,False,2026-05-01,57714156,59715670.0,False,-3.3517400039219214,0,20,513740288.0,False,-25.308908928930673,4.049812315906842,125.29,25617776,16.666666666666664,0.45653469016339754,0.37546481080907856,48,False,False,True,False,False,假突破·低基期,,1
80,2357,模擬2357,油電燃氣業,True,2026-05-01,17359193,35721048.0,False,-51.40346106306848,0,41,265100398.0,False,-5.053396621709649,22.76315107890494,125.01,7714845,5.555555555555555,0.3694820913604611,-11.8899933145872,48,False,False,True,False,False,排除·週期股,,1
81,1343,模擬1343,運動休閒,False,2026-05-01,58314660,61665378.0,False,-5.433710306616457,0,24,523513683.0,False,-25.35634420414077,3.3822967596318643,124.64,25959476,8.333333333333332,0.45230471983316867,-2.754799761950444,48,False,False,True,False,False,假突破·低基期,,1
82,1173,模擬1173,綜合,False,2026-05-01,29886499,31382995.0,False,-4.76849325566282,0,37,266705218.0,False,-26.368985936022614,2.8606189480200994,124.36,13320883,8.333333333333332,0.4525416051639864,-0.41838084905095885,48,False,False,True,False,False,假突破·低基期,,1
83,1680,模擬1680,水泥工業,True,2026-05-01,25625511,42083550.0,False,-39.10801013697751,0,19,331982724.0,False,-13.525768065155741,4.695907526753396,122.26,11529455,8.333333333333332,0.36341109999795274,1.9559601440565677,48,False,False,True,False,False,排除·週期股,,1
84,1007,模擬1007,其他電子業,False,2026-05-01,49730717,52273508.0,False,-4.864397086187521,0,27,458307971.0,False,-25.172666823511257,3.383225914209942,121.98,22403320,2.7777777777777777,0.4417979802826187,-1.3805787127919134,48,False,False,True,False,False,假突破·低基期,,1
85,1502,模擬1502,數位雲端,False,2026-05-01,24701009,26247643.0,False,-5.89246813513884,0,21,226928602.0,False,-25.87170252031982,3.026711713462893,121.31,11161156,2.7777777777777777,0.4521038678016701,-2.0644354202274506,48,False,False,True,False,False,假突破·低基期,,1
86,1120,模擬1120,電腦及週邊設備業,False,2026-05-01,53779249,55825533.0,False,-3.6654983661329354,0,22,479527270.0,False,-26.00671714947681,1.9785273974371131,120.26,24416378,11.11111111111111,0.4611653192956602,0.015308674417724433,48,False,False,True,False,False,假突破·低基期,,1
87,9102,低基期假象乙,紡織纖維,False,2026-05-01,75478476,76653657.0,False,-1.5331049371851924,0,25,667262655.0,False,-24.75852927196677,3.8286948871343096,119.52,34383203,16.666666666666664,0.473850574088914,0.8440302431905522,48,False,False,True,False,False,假突破·低基期,,1
88,1788,模擬1788,綠能環保,False,2026-05-01,77600828,81187454.0,False,-4.417709662382075,0,23,701804690.0,False,-25.6733632418346,2.84159796551664,117.91,35611853,13.88888888888889,0.4600443050899516,-0.4680465766446873,48,False,False,True,False,False,假突破·低基期,,1
89,2542,模擬2542,電器電纜,False,2026-05-01,45751508,49437623.0,False,-7.4560927008970435,0,32,413182747.0,False,-26.350924602309355,2.607771415940685,117.79,21007337,11.11111111111111,0.46364050835875337,-0.06771035412486137,48,False,False,True,False,False,假突破·低基期,,1
90,1226,模擬1226,農業科技業,False,2026-05-01,22368236,23451582.0,False,-4.619500722808379,0,35,207070173.0,False,-24.736167812609988,3.88471622611839,117.04,10306102,11.11111111111111,0.46496443515196495,0.2329081525201726,48,False,False,True,False,False,假突破·低基期,,1
91,2184,模擬2184,半導體業,False,2026-05-01,59575543,63186546.0,False,-5.714828913104386,0,41,548652115.0,False,-25.434992555392576,4.645515726246385,116.56,27509960,13.88888888888889,0.46495288715627725,-2.5016010684244416,48,False,False,True,False,False,假突破·低基期,,1
92,1309,台達化,塑膠工業,True,2026-05-01,31907309,71914616.0,False,-55.63167715447441,0,43,495471648.0,False,-12.422922724486718,21.389868629511955,116.49,14738767,2.7777777777777777,0.3718483656149441,-24.856812475229507,48,False,False,True,False,False,排除·週期股,,1
93,1486,模擬1486,油電燃氣業,True,2026-05-01,40808996,90233359.0,False,-54.77393676544835,0,43,572574834.0,False,-14.348845222322149,19.2723679983996,116.17,18878486,8.333333333333332,0.37839601960404917,-16.18153340799968,48,False,False,True,False,False,排除·週期股,,1
94,1110,東泥,水泥工業,True,2026-05-01,3339784,6167647.0,False,-45.84994893514496,0,41,50407791.0,False,-8.124531363997855,18.97177962959047,116.16,1545042,16.666666666666664,0.338477652154987,-15.570044695531838,48,False,False,True,False,False,排除·週期股,,1
95,1562,模擬1562,電子通路業,False,2026-05-01,21459483,22900547.0,False,-6.292705584718128,0,26,193145189.0,False,-26.019231885989726,2.34485019149111,116.15,9928268,16.666666666666664,0.4649898944237283,-0.5999196783395222,48,False,False,True,False,False,假突破·低基期,,1
96,2487,模擬2487,紡織纖維,False,2026-05-01,18746590,19692649.0,False,-4.804122594172067,0,39,170255045.0,False,-26.39248462775833,2.962765727382166,115.9,8682973,11.11111111111111,0.4709815885114416,0.14103004325505264,48,False,False,True,False,False,假突破·低基期,,1
97,2292,模擬2292,文化創意業,False,2026-05-01,28234088,30595881.0,False,-7.719316858370573,0,30,257375429.0,False,-25.82345689378782,2.6393623673388156,115.86,13080037,11.11111111111111,0.4635838134923951,-0.7927164044989832,48,False,False,True,False,False,假突破·低基期,,1
98,2290,模擬2290,塑膠工業,True,2026-05-01,45540382,78964600.0,False,-42.3281039858367,0,42,588601992.0,False,-11.309869818502927,5.550065661655923,115.2,21162251,8.333333333333332,0.4127538329410671,-1.4032369976895387,48,False,False,True,False,False,排除·週期股,,1
99,1539,模擬1539,汽車工業,False,2026-05-01,83634720,152381092.0,False,-45.1147652885963,0,6,1329922766.0,True,3.1694789258935208,7.831256703394018,114.91,38915327,2.7777777777777777,0.3954399887820568,-5.681129212122937,48,False,False,True,False,False,假突破·低基期,,1
100,2131,模擬2131,通信網路業,False,2026-05-01,30756995,32311137.0,False,-4.80992668255531,0,40,283848121.0,False,-25.0808590998993,3.75961650747505,114.17,14361241,13.88888888888889,0.4666216233757362,-1.3554523908907878,48,False,False,True,False,False,假突破·低基期,,1
101,2239,模擬2239,化學生技醫療,False,2026-05-01,20000475,21558282.0,False,-7.226025710211969,0,37,186908794.0,False,-25.68565819809432,3.4091416141037945,113.9,9350521,16.666666666666664,0.4522696601670673,-2.494174442214092,48,False,False,True,False,False,假突破·低基期,,1
102,1843,模擬1843,建材營造業,False,2026-05-01,19356083,20263611.0,False,-4.478609464028893,0,40,176591460.0,False,-25.88905984890936,3.1672691513709106,113.54,9064321,8.333333333333332,0.4687484881858129,-1.9533744421214916,48,False,False,True,False,False,假突破·低基期,,1
103,1060,模擬1060,電子零組件業,False,2026-05-01,61324240,66210858.0,False,-7.380387669949839,0,35,563785587.0,False,-26.63602753742731,3.006989566499141,113.05,28784320,8.333333333333332,0.4689523254915245,-2.278034518684513,48,False,False,True,False,False,假突破·低基期,,1
104,2281,模擬2281,水泥工業,True,2026-05-01,3206216,7120174.0,False,-54.96997685730713,0,43,50985340.0,True,1.9590729791320483,44.2485024256277,110.02,1526595,13.88888888888889,0.47212574804001917,-4.2391605794877885,48,False,True,True,False,False,排除·週期股,,2
105,1277,模擬1277,化學工業,True,2026-05-01,46966405,99875059.0,False,-52.97484129646421,0,7,768635436.0,True,0.3831439861405217,28.239395088458743,109.44,22424290,2.7777777777777777,0.367792910732432,-16.92605215294911,48,False,True,True,False,False,排除·週期股,,2
106,2298,模擬2298,半導體業,False,2026-05-01,134393916,143359938.0,False,-6.254203318642615,0,6,1239495897.0,True,2.0301034334317736,10.339414375647781,108.85,64349261,16.666666666666664,0.6570861252113384,14.16501949910276,48,False,True,True,False,False,假突破·低基期,,2
107,2517,模擬2517,橡膠工業,True,2026-05-01,23693672,57106563.0,False,-58.50972155337032,0,5,440067580.0,True,1.9156873355234971,41.38005192220358,106.82,11456283,5.555555555555555,0.37336512377134307,-22.99799021998169,48,False,True,True,False,False,排除·週期股,,2
108,1621,模擬1621,電腦及週邊設備業,False,2026-05-01,63113984,65945641.0,False,-4.2939259624453445,0,17,585836999.0,True,5.7990028252039805,13.589283307320542,103.57,31003375,41.66666666666667,0.7277959854988586,22.5904069437195,48,False,True,True,False,True,假突破·低基期,,3
109,2008,模擬2008,航運業,True,2026-05-01,58697837,140095400.0,False,-58.10152438980866,0,43,1049806099.0,False,-7.704313413061847,31.430296831535177,98.69,29542505,2.7777777777777777,0.36805736304314374,-18.460499674442588,48,False,False,True,False,False,排除·週期股,,1
110,9201,單月暴衝甲,其他電子業,False,2026-05-01,143243868,73408987.0,True,95.13124190094055,1,13,787010960.0,False,-8.688422608190848,-8.688422608190848,97.78,72426827,88.88888888888889,1.0144821535764954,59.318141913365395,48,True,False,True,True,True,單月暴衝·TTM未創高,,4
111,2153,模擬2153,橡膠工業,True,2026-05-01,9825523,19105240.0,False,-48.571580362246166,0,44,136100455.0,False,-16.431858473545745,15.323967030538688,92.11,5114465,8.333333333333332,0.44723109199460925,-7.466087886643081,48,False,False,True,False,False,排除·週期股,,1
112,4768,晶呈科技,半導體業,False,2026-05-01,137951514,201717090.0,False,-31.611389991794947,0,1,1859967255.0,True,3.686597155951321,40.3813739547183,92.08,71820016,13.88888888888889,0.712564137517129,37.53610688590845,48,False,True,True,False,True,假突破·低基期,,3
113,2288,模擬2288,建材營造業,False,2026-05-01,111283296,120926338.0,False,-7.974310774216942,0,2,1012218287.0,True,5.53974581973633,8.551107072546206,91.37,58152298,41.66666666666667,0.7336775821107481,35.58267389783056,48,False,False,True,False,True,假突破·低基期,,2
114,1635,模擬1635,橡膠工業,True,2026-05-01,11972467,25844430.0,False,-53.6748653384888,0,4,198149627.0,False,-7.170964439699146,9.827519643421878,91.29,6258816,5.555555555555555,0.37680848102283965,-9.07088387426036,48,False,False,True,False,False,排除·週期股,,1
115,2205,模擬2205,綠能環保,False,2026-05-01,110869685,124731958.0,False,-11.113649799356152,0,19,1011377028.0,False,-8.934092334580912,-7.040199955795757,89.09,58632583,33.33333333333333,0.6735963190794909,16.80742451536077,48,False,False,True,False,True,假突破·低基期,,2
116,3260,威剛,半導體業,False,2026-05-01,89459649,107227863.0,False,-16.57051954863634,0,5,872009787.0,True,1.8004117178047396,13.813338240756256,87.03,47831278,44.44444444444444,0.8148437914382376,76.08792546622713,48,False,True,True,False,True,假突破·低基期,,3
117,1394,模擬1394,食品工業,False,2026-05-01,10943321,12631513.0,False,-13.364923109369398,0,6,115722818.0,True,3.064501844713474,12.975785784225824,86.23,5876224,16.666666666666664,0.6860853968623881,10.33097418376121,48,False,True,True,False,False,假突破·低基期,,2
118,6505,台塑化,油電燃氣業,True,2026-05-01,48392772,95213958.0,False,-49.174708187217675,0,44,727713297.0,True,2.4207594373913954,43.48121626920918,85.99,26019677,27.77777777777778,0.5917516393452317,9.016752118894878,48,False,True,True,False,False,排除·週期股,,2
119,1720,模擬1720,橡膠工業,True,2026-05-01,6964197,15981526.0,False,-56.423454180783494,0,42,114745198.0,False,-4.5618484399688075,36.491063416342406,83.81,3788727,13.88888888888889,0.4798687276375224,-10.615120701429259,48,False,False,True,False,False,排除·週期股,,1
120,2123,模擬2123,農業科技業,False,2026-05-01,66164880,135493759.0,False,-51.1675810839376,0,29,822105288.0,False,-23.404387129037254,-13.60463687709672,83.81,35997164,2.7777777777777777,0.42268785048390445,0.021361827664967414,48,False,False,True,False,False,假突破·低基期,,1
121,1423,模擬1423,水泥工業,True,2026-05-01,8752200,19966592.0,False,-56.165779317772405,0,42,153012856.0,True,2.6065947348919316,41.51940690037821,81.84,4813241,13.88888888888889,0.4552058883083011,-14.306724913410129,48,False,True,True,False,False,排除·週期股,,2
122,2296,模擬2296,綜合,False,2026-05-01,78691425,101082103.0,False,-22.150981563966866,0,20,719513009.0,False,-9.587907651172278,-3.0773593043344927,81.57,43339776,16.666666666666664,0.7144757844787659,14.351473831968642,48,False,False,True,False,False,假突破·低基期,,1
123,2213,模擬2213,電腦及週邊設備業,False,2026-05-01,6628180,7145291.0,False,-7.237088034623085,0,16,57366305.0,False,-11.848277749070668,-8.371195408687516,81.37,3654533,13.88888888888889,0.741554732718045,42.693296896033274,48,False,False,True,False,True,假突破·低基期,,2
124,1428,模擬1428,建材營造業,False,2026-05-01,57226823,109691463.0,False,-47.82928275831274,0,5,796190191.0,True,2.8112851349063384,11.304802913140644,80.82,31648736,2.7777777777777777,0.4915162498927726,-6.595177433645638,48,False,True,True,False,False,假突破·低基期,,2
125,2015,豐興,鋼鐵工業,True,2026-05-01,79269897,142396129.0,False,-44.33142420606111,0,43,1140170871.0,False,-6.395834645818709,39.8516698631354,78.56,44395102,25.0,0.5617514685996423,-4.6368975018305285,48,False,False,True,False,False,排除·週期股,,1
126,1438,模擬1438,半導體業,False,2026-05-01,65719129,121989254.0,False,-46.12711624582933,0,6,971609394.0,True,3.0622994460032693,17.842143417154443,78.34,36849611,13.88888888888889,0.5617430970172049,2.1145851103689273,48,False,True,True,False,False,假突破·低基期,,2
127,2523,模擬2523,生技醫療業,False,2026-05-01,29531129,44875187.0,False,-34.192744422435496,0,3,379028498.0,True,1.982088658439607,15.388249220609463,77.86,16603164,8.333333333333332,0.5825170103338647,14.016696976238062,48,False,True,True,False,False,假突破·低基期,,2
128,1639,模擬1639,生技醫療業,False,2026-05-01,27544580,39987418.0,False,-31.11688281548961,0,1,349981442.0,True,3.5641733578761103,23.210237068960595,77.71,15499927,30.555555555555557,0.662516303053567,7.707584028915138,48,False,True,True,False,False,假突破·低基期,,2
129,1434,模擬1434,電子商務,False,2026-05-01,44181341,80566709.0,False,-45.16179008875738,0,2,640490422.0,True,3.076607218191163,44.10293769874494,76.27,25064128,19.444444444444446,0.6489450812575344,16.078686916803964,48,False,True,True,False,True,假突破·低基期,,3
130,2094,模擬2094,電子商務,False,2026-05-01,84998065,155980194.0,False,-45.50714240039989,0,3,1231608653.0,True,3.048850514087875,17.09136874692787,75.04,48559127,5.555555555555555,0.5883384141234678,13.180343539756034,48,False,True,True,False,False,假突破·低基期,,2
131,1364,模擬1364,電器電纜,False,2026-05-01,35152846,43913837.0,False,-19.95041107430444,0,16,391043719.0,True,1.9849912871913622,4.990716193464606,74.62,20131151,11.11111111111111,0.6425625743319483,12.234222833552511,48,False,False,True,False,False,假突破·低基期,,1
132,3211,順達,電子零組件業,False,2026-05-01,119924667,189338148.0,False,-36.66111754721505,0,6,1678560358.0,True,3.1431560029566263,43.802083053121386,74.38,68772683,27.77777777777778,0.7329220973423461,32.65019838069878,48,False,True,True,False,True,假突破·低基期,,3
133,2561,模擬2561,電腦及週邊設備業,False,2026-05-01,120884876,133632591.0,False,-9.53937576500331,0,7,1093013165.0,True,0.756138332241818,23.40588682232432,74.37,69325138,58.333333333333336,0.9521680483365551,44.110652965947075,48,False,True,True,True,True,高YoY·未創新高,,4
134,1360,模擬1360,鋼鐵工業,True,2026-05-01,23040250,42240858.0,False,-45.45506154254727,0,5,334396306.0,True,0.6675142740224738,31.164192777673815,73.65,13268458,27.77777777777778,0.5960512830787384,1.0066949834571348,48,False,True,True,False,False,排除·週期股,,2
135,1553,模擬1553,化學生技醫療,False,2026-05-01,111487838,156847666.0,False,-28.919670376223515,0,18,1337445534.0,True,3.6628106284668505,13.737407243611631,73.57,64230681,25.0,0.6852572874587516,20.362670612066445,48,False,True,True,False,True,假突破·低基期,,3
136,2563,模擬2563,通信網路業,False,2026-05-01,27424082,30506428.0,False,-10.103923015831285,0,2,294998227.0,True,3.9382217515699036,14.404840357498582,73.3,15824652,36.11111111111111,0.72006922099151,22.4277297881589,48,False,True,True,False,True,假突破·低基期,,3
137,2159,模擬2159,通信網路業,False,2026-05-01,59984849,94297587.0,False,-36.38771583837028,0,18,829621463.0,True,2.313005605605034,14.163660326926486,72.63,34746813,8.333333333333332,0.6149218481659052,10.177830152508815,48,False,True,True,False,False,假突破·低基期,,2
138,1422,模擬1422,食品工業,False,2026-05-01,81487784,90967365.0,False,-10.420859172957242,0,3,820345752.0,True,3.3924155453330274,10.870609744221893,72.03,47368023,19.444444444444446,0.7783872587296253,19.565351254279495,48,False,True,True,False,True,假突破·低基期,,3
139,1601,模擬1601,紡織纖維,False,2026-05-01,127740856,193795994.0,False,-34.084883096190325,0,6,1681458207.0,True,3.1831915370095,32.18981422535363,68.37,75868032,16.666666666666664,0.6960743425580699,15.767745816266432,48,False,True,True,False,True,假突破·低基期,,3
140,1332,模擬1332,資訊服務業,False,2026-05-01,20745633,28114404.0,False,-26.209949177652845,0,31,226109983.0,True,2.456112589411674,8.6004022802042,67.02,12420827,13.88888888888889,0.7223806872459532,22.93019967966705,48,False,False,True,False,True,假突破·低基期,,2
141,2435,模擬2435,其他業,False,2026-05-01,20830526,17174018.0,True,21.290929123283785,1,4,158849242.0,False,-0.9263193223519983,17.594874920689698,66.79,12489299,63.888888888888886,1.1353494295344324,68.90183911832102,48,True,False,True,True,True,單月暴衝·TTM未創高,,4
142,1160,模擬1160,航運業,True,2026-05-01,33034450,95555841.0,False,-65.42916722380163,0,6,677653427.0,False,-0.18365966443911752,52.384097127182685,66.7,19816699,5.555555555555555,0.48432797476832157,-23.853730086954105,48,False,False,True,False,False,排除·週期股,,1
143,1342,模擬1342,水泥工業,True,2026-05-01,18181322,46940904.0,False,-61.26763557855639,0,42,336240609.0,False,-10.81186227987624,34.524707952004974,65.25,11002226,8.333333333333332,0.47181195870799597,-28.384290803163026,48,False,False,True,False,False,排除·週期股,,1
144,2002,中鋼,鋼鐵工業,True,2026-05-01,59759081,133041009.0,False,-55.08221002743598,0,43,1122542186.0,False,-4.4788583429052675,40.262299510543585,63.89,36462098,11.11111111111111,0.5257919115534495,-10.80827659293664,48,False,False,True,False,False,排除·週期股,,1
145,1551,模擬1551,農業科技業,False,2026-05-01,89167381,94521621.0,False,-5.664566417031713,0,28,743185458.0,False,-11.141811493263031,-7.800706832071535,63.78,54444454,25.0,0.7592926049827736,2.5713278862501854,48,False,False,True,False,False,假突破·低基期,,1
146,1796,模擬1796,化學工業,True,2026-05-01,43022462,101795613.0,False,-57.73642818969026,0,42,697384959.0,False,-0.14185474780263885,39.34674244897855,63.73,26275823,13.88888888888889,0.5861347764831936,-10.666821478960642,48,False,False,True,False,False,排除·週期股,,1
147,1464,模擬1464,綜合,False,2026-05-01,78866694,117009053.0,False,-32.59778454920065,0,18,1029758048.0,True,0.7494540439783037,5.779191048631005,63.05,48369749,13.88888888888889,0.6577735233890288,21.117165028751515,48,False,False,True,False,True,假突破·低基期,,2
148,2147,模擬2147,生技醫療業,False,2026-05-01,52019482,89282481.0,False,-41.73607025996511,0,16,739799313.0,True,2.74877420411046,34.29087956490848,61.41,32228090,11.11111111111111,0.7387129777683841,9.12846535181937,48,False,True,True,False,False,假突破·低基期,,2
149,2282,模擬2282,食品工業,False,2026-05-01,55411257,70973602.0,False,-21.926948275782877,0,45,612596636.0,False,-4.290868142072024,13.244164260567736,60.93,34432160,19.444444444444446,0.775827681343104,40.257932300233975,48,False,False,True,False,True,假突破·低基期,,2
150,2305,模擬2305,電子通路業,False,2026-05-01,136838767,166307747.0,False,-17.71954736420066,0,7,1376900847.0,True,3.441333276033065,25.01287791192017,60.88,85056059,61.111111111111114,0.9289125777789415,8.967182880158475,48,False,True,True,True,False,假突破·兩年無成長,,3
151,6275,元山,電子零組件業,False,2026-05-01,98119894,110312285.0,False,-11.052613949570533,0,4,973592605.0,True,3.958255262610577,18.136951777222077,60.72,61049937,52.77777777777778,0.9062102788086828,23.95223735701095,48,False,True,True,True,True,高YoY·未創新高,,4
152,1711,永光,光電業,False,2026-05-01,135323955,157872837.0,False,-14.28293962944367,0,5,1364586986.0,True,3.8848365477667013,19.353276241986794,60.54,84294396,50.0,0.8543290565662623,8.064677350548877,48,False,True,True,False,False,假突破·低基期,,2
153,1460,模擬1460,文化創意業,False,2026-05-01,11871182,15966628.0,False,-25.65003706480792,0,16,141399889.0,False,-2.1992298010385603,1.1434237263216351,59.45,7445287,5.555555555555555,0.6206391361369692,6.754681030194054,48,False,False,True,False,False,假突破·低基期,,1
154,1075,模擬1075,生技醫療業,False,2026-05-01,17757203,30241531.0,False,-41.28206339817915,0,33,237873667.0,False,-4.544938402137399,11.968399010492714,58.1,11231335,8.333333333333332,0.6226932456513955,5.32150586370963,48,False,False,True,False,False,假突破·低基期,,1
155,2543,模擬2543,汽車工業,False,2026-05-01,127507408,148240670.0,False,-13.986217142704493,0,8,1157597279.0,True,4.197620270538915,28.931448338801992,57.66,80873389,63.888888888888886,1.0525211761555548,23.53396638589853,48,False,True,True,True,True,高YoY·未創新高,,4
156,2155,模擬2155,其他業,False,2026-05-01,119734548,109529420.0,True,9.317248279046852,1,39,939710471.0,False,-4.331126879957036,3.6522842601016015,57.56,75993292,44.44444444444444,0.942794515925329,11.34852385177596,48,True,False,True,True,False,假突破·兩年無成長,,3
157,1408,模擬1408,綜合,False,2026-05-01,53226564,99399251.0,False,-46.451745395948706,0,30,788098920.0,False,-0.29260750185937656,13.997961191187368,56.82,33940982,2.7777777777777777,0.6147023826308751,5.950892865020907,48,False,False,True,False,False,假突破·低基期,,1
158,2167,模擬2167,汽車工業,False,2026-05-01,14434526,14806983.0,False,-2.515414517596193,0,1,146097933.0,True,3.6783792698328766,16.04086001838285,56.03,9251154,41.66666666666667,0.8627803400711803,22.32091258866753,48,False,True,True,False,True,假突破·低基期,,3
159,1665,模擬1665,運動休閒,False,2026-05-01,90670453,137695480.0,False,-34.151467426527006,0,4,1017423348.0,True,3.2801828156558965,21.726376117914437,55.37,58357046,47.22222222222222,0.8806578158742094,23.614869574929,48,False,True,True,False,True,假突破·低基期,,3
160,1055,模擬1055,其他業,False,2026-05-01,47981871,54606192.0,False,-12.131080299464935,0,9,517476663.0,False,-0.13701549194071738,6.5991010202614,54.94,30967804,19.444444444444446,0.7780372130911519,23.284629252681555,48,False,False,True,False,True,假突破·低基期,,2
161,2003,模擬2003,其他電子業,False,2026-05-01,59104001,93013480.0,False,-36.456521140806686,0,8,708122945.0,True,0.8859331498269007,6.622960840213854,54.83,38174019,25.0,0.6523272983177085,6.448864060328319,48,False,False,True,False,False,假突破·低基期,,1
162,2229,模擬2229,運動休閒,False,2026-05-01,131707053,170476439.0,False,-22.741785449894337,0,5,1413821469.0,True,3.387934984364782,25.1917999925513,54.26,85377322,55.55555555555556,0.9492262646048873,34.91319018424546,48,False,True,True,True,True,高YoY·未創新高,,4
163,1039,模擬1039,汽車工業,False,2026-05-01,63339606,81703358.0,False,-22.476128826920426,0,5,728295290.0,True,1.0130911565866318,15.30015609490858,53.97,41138671,25.0,0.8241398438611217,13.893267363662588,48,False,True,True,False,False,假突破·低基期,,2
164,2466,模擬2466,航運業,True,2026-05-01,5884959,13545616.0,False,-56.554511806624376,0,7,120076829.0,True,1.743112801572111,61.63220124763487,53.74,3827744,16.666666666666664,0.5243153104556945,-24.098706599990972,48,False,True,True,False,False,排除·週期股,,2
165,1388,模擬1388,資訊服務業,False,2026-05-01,35955100,44021269.0,False,-18.32334501760956,0,8,399639352.0,True,1.4951338853246288,14.168663831144102,53.72,23389560,38.88888888888889,0.8634139613120145,65.81529752542019,48,False,True,True,False,True,假突破·低基期,,3
166,1169,模擬1169,水泥工業,True,2026-05-01,69094335,142252105.0,False,-51.428251272626156,0,43,1074288007.0,True,2.295422449369666,49.08257399606326,53.58,44988224,27.77777777777778,0.6169870029690809,-9.32693972087353,48,False,True,True,False,False,排除·週期股,,2
167,3044,健鼎,電子零組件業,False,2026-05-01,97007089,175913148.0,False,-44.85512305197336,0,6,1421731201.0,False,-2.861178183409885,23.05211346813847,53.18,63329051,27.77777777777778,0.6966111428026448,10.86874901015118,48,False,False,True,False,False,假突破·低基期,,1
168,1662,模擬1662,油電燃氣業,True,2026-05-01,7940474,14976009.0,False,-46.97870440649441,0,6,131534961.0,True,2.139077986422011,61.12165670472691,53.12,5185764,33.33333333333333,0.7390621905811173,4.239750715509638,48,False,True,True,False,False,排除·週期股,,2
169,1366,模擬1366,食品工業,False,2026-05-01,110494523,127434400.0,False,-13.293017427005582,0,7,1150128492.0,True,1.1629082657058198,20.982894459707357,52.49,72459186,33.33333333333333,0.96026365536829,22.92998255971397,48,False,True,True,False,True,假突破·低基期,,3
170,1681,模擬1681,電子通路業,False,2026-05-01,111143239,110129205.0,True,0.9207675656970338,1,16,946164273.0,False,-2.969574876283998,-2.794511612807793,52.13,73057265,52.77777777777778,0.944477211291088,21.88542341125683,48,True,False,True,True,True,單月暴衝·TTM未創高,,4
171,1673,模擬1673,化學生技醫療,False,2026-05-01,99517942,124431436.0,False,-20.02186489272695,0,8,1076298881.0,False,-3.0378218049145977,11.210712222887098,51.93,65502471,38.88888888888889,0.8483837209568894,23.700206067439368,48,False,False,True,False,True,假突破·低基期,,2
172,1869,模擬1869,鋼鐵工業,True,2026-05-01,13210353,31914059.0,False,-58.60647810421107,0,44,236397832.0,False,-1.6433254373779183,41.48616914825449,51.38,8726892,16.666666666666664,0.547802839005928,-11.962324063810325,48,False,False,True,False,False,排除·週期股,,1
173,1506,模擬1506,水泥工業,True,2026-05-01,47748181,120997613.0,False,-60.537914909114775,0,5,899632633.0,True,1.8258725742515525,54.222785820114595,51.02,31616578,25.0,0.6023366064656688,-12.975580926549613,48,False,True,True,False,False,排除·週期股,,2
174,1047,模擬1047,生技醫療業,False,2026-05-01,15640399,16141028.0,False,-3.1015930336035558,0,7,143921493.0,False,-0.3779755515330496,9.988948716709679,50.7,10378792,44.44444444444444,0.9693756522215062,34.02097049804374,48,False,False,True,True,True,高YoY·未創新高,,3
175,1067,模擬1067,汽車工業,False,2026-05-01,87802561,110570103.0,False,-20.59104711153249,0,9,988867528.0,True,3.0592939243142103,13.72120604456304,50.22,58448232,36.11111111111111,0.8796533612424909,29.982775876114264,48,False,True,True,False,True,假突破·低基期,,3
176,1484,模擬1484,建材營造業,False,2026-05-01,73293768,116662782.0,False,-37.174678382005325,0,14,954786820.0,False,-4.423756159693914,1.8910397097529508,50.2,48796836,13.88888888888889,0.6151859044357798,-14.896401398245695,48,False,False,True,False,False,假突破·低基期,,1
177,1352,模擬1352,綜合,False,2026-05-01,115983382,182559001.0,False,-36.4680013778121,0,18,1225854561.0,False,-5.671682284380031,-1.5691195419127668,49.92,77366042,41.66666666666667,0.734832024424988,20.777821099424433,48,False,False,True,False,True,假突破·低基期,,2
178,1627,模擬1627,其他電子業,False,2026-05-01,32339302,36329318.0,False,-10.982909175448874,0,6,325634886.0,True,0.8153178333921707,7.730772680466913,49.74,21597668,44.44444444444444,0.9428389120463536,48.629911355604015,48,False,False,True,True,True,高YoY·未創新高,,3
179,2248,模擬2248,資訊服務業,False,2026-05-01,72168026,89007561.0,False,-18.919218559421036,0,6,710111913.0,True,3.314628607098058,15.945734492402664,49.61,48236693,33.33333333333333,0.9641347177623409,5.156133940739793,48,False,True,True,False,False,假突破·低基期,,2
180,1719,模擬1719,汽車工業,False,2026-05-01,8302252,10705345.0,False,-22.447599773757876,0,46,86558819.0,False,-4.273038474048951,1.9512181734954392,49.12,5567661,22.22222222222222,0.7959994873153805,23.228878545508813,48,False,False,True,False,True,假突破·低基期,,2
181,1061,模擬1061,電子通路業,False,2026-05-01,20960994,34174185.0,False,-38.66424612613293,0,6,241867053.0,True,2.923617421780267,19.996059088313434,48.76,14090591,30.555555555555557,0.8670725799151707,7.395332398236132,48,False,True,True,False,False,假突破·低基期,,2
182,2490,模擬2490,居家生活,False,2026-05-01,66148813,78722214.0,False,-15.971858972360709,0,8,750279514.0,True,2.957687358723926,17.445739905439517,48.33,44595374,33.33333333333333,0.8364145841721792,10.044196388816374,48,False,True,True,False,False,假突破·低基期,,2
183,2294,模擬2294,電子商務,False,2026-05-01,52207124,73674098.0,False,-29.137749334915508,0,4,658735336.0,True,1.6707133488864212,23.11824359347412,47.57,35379001,44.44444444444444,0.7766601417396486,11.91299118505147,48,False,True,True,False,False,假突破·低基期,,2
184,2036,模擬2036,綜合,False,2026-05-01,20963616,30695233.0,False,-31.704001074043,0,30,235716367.0,False,-3.4126600844485933,-1.3183993043384135,47.34,14228014,27.77777777777778,0.70795605133771,3.9324847804458996,48,False,False,True,False,False,假突破·低基期,,1
185,1031,模擬1031,通信網路業,False,2026-05-01,136827365,171831493.0,False,-20.37119470294074,0,2,1592128410.0,True,2.837069554450755,25.603946997746352,47.28,92903719,63.888888888888886,0.8659565867667585,38.38072855011632,48,False,True,True,False,True,假突破·低基期,,3
186,1470,模擬1470,電子零組件業,False,2026-05-01,71949438,105580218.0,False,-31.853296609029545,0,18,805483851.0,True,2.9239642524757192,5.0516668541114695,46.64,49066468,19.444444444444446,0.8446643201027924,20.27419905721135,48,False,False,True,False,True,假突破·低基期,,2
187,2262,模擬2262,金融保險業,False,2026-05-01,73853948,100378001.0,False,-26.424169375518847,0,18,864140546.0,False,-3.823722588712586,-2.314858309201151,46.03,50576182,13.88888888888889,0.691530703843874,10.112648151399096,48,False,False,True,False,False,假突破·低基期,,1
188,1444,模擬1444,資訊服務業,False,2026-05-01,55114328,91423262.0,False,-39.71520289879834,0,4,758058749.0,True,1.551274434427552,12.816726159285153,45.86,37785806,13.88888888888889,0.6416132603154473,-3.0818777751982163,48,False,True,True,False,False,假突破·低基期,,2
189,1043,模擬1043,觀光事業,False,2026-05-01,40431025,70862967.0,False,-42.94477537188077,0,14,646589459.0,False,-0.9717976942510753,5.1018477971663145,45.84,27722154,8.333333333333332,0.5280561360060244,16.68592353437026,48,False,False,True,False,True,假突破·低基期,,2
190,6205,詮欣,汽車工業,False,2026-05-01,170398487,176303010.0,False,-3.349076683375962,0,2,1684693326.0,True,3.219815355371547,20.76255223965202,44.59,117846548,77.77777777777779,0.9983828477462012,25.849762750338478,48,False,True,True,True,True,高YoY·未創新高,,4
191,2252,模擬2252,電器電纜,False,2026-05-01,82098317,124327167.0,False,-33.96590706518713,0,29,1005187620.0,True,2.581911981798579,17.989325848908557,44.54,56798477,25.0,0.782852228910007,17.882893471966344,48,False,True,True,False,True,假突破·低基期,,3
192,2121,模擬2121,綠能環保,False,2026-05-01,29473427,43080737.0,False,-31.58560170407484,0,5,407459489.0,True,1.8676588398075733,17.191517605998353,44.15,20446397,19.444444444444446,0.6675963727227953,-6.045559101136289,48,False,True,True,False,False,假突破·低基期,,2
193,1693,模擬1693,運動休閒,False,2026-05-01,132844565,156808287.0,False,-15.282178294569338,0,5,1388961703.0,True,2.745748644470103,19.84441341662673,43.75,92413085,66.66666666666666,0.928692294010105,28.60205860724607,48,False,True,True,True,True,高YoY·未創新高,,4
194,2143,模擬2143,觀光事業,False,2026-05-01,105917054,146293098.0,False,-27.599418258269438,0,9,1333023228.0,False,-1.5920799626765736,33.4665471132952,43.69,73713914,38.88888888888889,0.9470356640398047,21.982295222315763,48,False,False,True,False,True,假突破·低基期,,2
195,1559,模擬1559,通信網路業,False,2026-05-01,8156304,9361364.0,False,-12.872696756583768,0,7,88203191.0,True,2.892340196711829,20.119950820694644,43.68,5676881,72.22222222222221,0.8888339325298745,8.563099253734174,48,False,True,True,False,False,假突破·低基期,,2
196,1046,模擬1046,建材營造業,False,2026-05-01,159731154,161980480.0,False,-1.3886401620738509,0,5,1741987539.0,True,2.8625933904329326,30.40141253916495,43.57,111252870,83.33333333333334,0.9924037223626094,35.151500648747856,48,False,True,True,True,True,高YoY·未創新高,,4
197,1610,模擬1610,金融保險業,False,2026-05-01,114768995,144677268.0,False,-20.672406531757293,0,6,1132324461.0,True,3.1563371686324837,26.530881897742265,43.24,80122575,77.77777777777779,1.0487677907897495,31.107359691818882,48,False,True,True,True,True,高YoY·未創新高,,4
198,3362,先進光,光電業,False,2026-05-01,92708969,104381900.0,False,-11.182907189848045,0,31,846028347.0,False,-14.388096923071958,-10.639981787728757,42.58,65020424,16.666666666666664,0.858838105027158,17.66633654115164,48,False,False,True,False,True,假突破·低基期,,2
199,2319,模擬2319,觀光事業,False,2026-05-01,61750581,118648518.0,False,-47.955033875770795,0,42,940106010.0,False,-3.58460100833371,1.1110858517254796,41.65,43594321,5.555555555555555,0.5412857836589627,11.169029576836763,48,False,False,True,False,False,假突破·低基期,,1
200,2163,模擬2163,其他電子業,False,2026-05-01,143110743,142860105.0,True,0.1754429621901865,1,18,1335367609.0,True,3.1160675513728586,5.379015451779279,41.45,101171392,77.77777777777779,0.983803263992024,21.57100358919073,48,True,False,True,True,True,單月暴衝·TTM未創高,,4
201,2325,模擬2325,綠能環保,False,2026-05-01,18147217,24601955.0,False,-26.23668728765661,0,9,219872575.0,True,2.1641635702007056,16.32555036321246,41.41,12833466,44.44444444444444,0.8051588272299056,22.181596108344117,48,False,True,True,False,True,假突破·低基期,,3
202,1350,模擬1350,電子商務,False,2026-05-01,10498513,14487597.0,False,-27.534476559501208,0,9,124731017.0,False,-1.056647372010855,5.834371467028143,41.19,7435794,36.11111111111111,0.7396237075063292,20.821246795228742,48,False,False,True,False,True,假突破·低基期,,2
203,1498,模擬1498,電子零組件業,False,2026-05-01,19264010,25540105.0,False,-24.573489419875138,0,4,213231228.0,True,0.8251852949411109,33.12386002854977,41.16,13646602,58.333333333333336,0.9736892876641877,10.862016838870826,48,False,True,True,True,False,假突破·兩年無成長,,3
204,2554,模擬2554,文化創意業,False,2026-05-01,102146748,115636126.0,False,-11.665366582758052,0,6,1211311999.0,True,2.4780407545978766,31.190723963927034,40.2,72855785,75.0,0.9318350113046849,27.52342421237215,48,False,True,True,True,True,高YoY·未創新高,,4
205,2886,兆豐金,金融保險,False,2026-05-01,114923598,124817788.0,False,-7.926907020656381,0,5,1339784068.0,True,2.5204183973375205,27.216178302071746,40.18,81985609,75.0,0.933220267891133,30.793884705597364,48,False,True,True,True,True,高YoY·未創新高,,4
206,1700,模擬1700,電子商務,False,2026-05-01,107116352,112091132.0,False,-4.438156624201106,0,4,1222891766.0,True,2.5747697917159584,27.646495150917172,40.17,76420063,77.77777777777779,0.9591710996287639,30.54542642338145,48,False,True,True,True,True,高YoY·未創新高,,4
207,1984,模擬1984,運動休閒,False,2026-05-01,33639552,43984119.0,False,-23.5188682533348,0,6,416120331.0,True,2.370453722036747,12.757076825997139,40.14,24004018,27.77777777777778,0.7708004664039352,19.27529061773199,48,False,True,True,False,True,假突破·低基期,,3
208,2475,模擬2475,通信網路業,False,2026-05-01,56974153,69009061.0,False,-17.439605503399036,0,4,616051819.0,False,-1.3136244747050552,8.561875451656942,39.95,40711757,30.555555555555557,0.9372814377787845,24.94297664154763,48,False,False,True,False,True,假突破·低基期,,2
209,1541,模擬1541,紡織纖維,False,2026-05-01,122126935,148069883.0,False,-17.520745930487436,0,6,1333281448.0,True,2.683046766669772,33.103216203898135,39.91,87289086,80.55555555555556,1.055723231534557,20.26731211365116,48,False,True,True,True,True,高YoY·未創新高,,4
210,2431,模擬2431,農業科技業,False,2026-05-01,91282295,143708656.0,False,-36.48100431751307,0,6,1114143258.0,True,2.386193532995984,20.697710284660452,39.75,65316280,58.333333333333336,0.7928267716434599,-4.8752349653761184,48,False,True,True,False,False,假突破·低基期,,2
211,1683,模擬1683,其他電子業,False,2026-05-01,67488474,91184911.0,False,-25.987234883631128,0,18,756861002.0,False,-0.5909125976722329,8.459060996093704,39.68,48317922,33.33333333333333,0.8712067149342315,40.09607979259475,48,False,False,True,False,True,假突破·低基期,,2
212,9958,世紀鋼,電機機械,False,2026-05-01,134460282,150233322.0,False,-10.49902897041709,0,5,1637950024.0,True,2.3846948078282137,29.68298910447318,39.61,96309942,75.0,0.8927456649540743,24.667683737076818,48,False,True,True,False,True,假突破·低基期,,3
213,1620,模擬1620,半導體業,False,2026-05-01,11636328,12090073.0,False,-3.753037719457941,0,7,133549211.0,True,2.5335550046904576,27.41284649832558,39.58,8336391,75.0,0.9507797259839014,29.590799583227057,48,False,True,True,True,True,高YoY·未創新高,,4
214,2214,模擬2214,光電業,False,2026-05-01,41734040,45207653.0,False,-7.683683556852639,0,5,484369188.0,True,2.501558571431839,26.84019820319272,39.52,29912972,77.77777777777779,0.9168676464007248,27.521281487294715,48,False,True,True,True,True,高YoY·未創新高,,4
215,2024,模擬2024,建材營造業,False,2026-05-01,24845398,31970675.0,False,-22.286914492734354,0,29,257048027.0,False,-6.05924082405167,4.614839574038632,38.85,17893427,19.444444444444446,0.8363051729215867,8.224436104754606,48,False,False,True,False,False,假突破·低基期,,1
216,1637,模擬1637,運動休閒,False,2026-05-01,83591355,102686905.0,False,-18.595895942135954,0,20,888939051.0,True,2.698318776564146,13.932043455907106,38.77,60235170,38.88888888888889,0.8876748729116885,1.5694263377962647,48,False,True,True,False,False,假突破·低基期,,2
217,1603,模擬1603,觀光事業,False,2026-05-01,111138870,135717253.0,False,-18.109991513017142,0,5,1153122875.0,True,2.7083921355270713,25.929970451633544,37.67,80731336,83.33333333333334,1.0755524740051976,24.8417593671453,48,False,True,True,True,True,高YoY·未創新高,,4
218,2498,模擬2498,文化創意業,False,2026-05-01,145079191,154128141.0,False,-5.87105634395474,0,5,1667037709.0,True,2.432535563963878,27.358289862094985,37.53,105490905,80.55555555555556,0.9634590621705648,33.744073801286035,48,False,True,True,True,True,高YoY·未創新高,,4
219,2145,模擬2145,運動休閒,False,2026-05-01,138390828,187008679.0,False,-25.99764420559326,0,5,1710144206.0,True,2.2576302815102256,48.26353080311105,37.52,100634493,72.22222222222221,1.0155419521146776,30.12489866098196,48,False,True,True,True,True,高YoY·未創新高,,4
220,2197,模擬2197,紡織纖維,False,2026-05-01,62776714,58412710.0,True,7.4709836266798835,1,5,551781701.0,False,-2.8785620855845906,5.423825897679446,37.52,45648530,88.88888888888889,1.0802536072255273,29.071162746897162,48,True,False,True,True,True,單月暴衝·TTM未創高,,4
221,2566,模擬2566,資訊服務業,False,2026-05-01,23250769,26198340.0,False,-11.250983840960915,0,6,277699068.0,True,2.3357790647062115,27.97819815641096,37.48,16912383,75.0,0.9252057663653416,28.01801701475948,48,False,True,True,True,True,高YoY·未創新高,,4
222,1716,模擬1716,電器電纜,False,2026-05-01,115488612,146262664.0,False,-21.040264930495177,0,2,1444588801.0,True,2.226332053930835,45.77699746036055,37.44,84027693,52.77777777777778,1.0138090483294884,18.159004949623746,48,False,True,True,True,True,高YoY·未創新高,,4
223,1688,模擬1688,食品工業,False,2026-05-01,164211770,173249169.0,False,-5.216416939927715,0,5,1882335463.0,True,2.430158789918435,30.335168661155887,37.35,119553301,80.55555555555556,0.9698617200741843,34.022819102769894,48,False,True,True,True,True,高YoY·未創新高,,4
224,1369,模擬1369,化學工業,True,2026-05-01,54471991,117656866.0,False,-53.70266704197271,0,43,953126994.0,True,0.12701894017794757,53.783407083169934,37.31,39671710,22.22222222222222,0.7532150615786103,-20.170216075512258,48,False,True,True,False,False,排除·週期股,,2
225,1076,模擬1076,金融保險業,False,2026-05-01,90494927,99726763.0,False,-9.257129904035889,0,5,1063769445.0,True,2.3591767923092144,28.740047400813552,37.16,65977143,77.77777777777779,0.9347395997818015,30.994765362159683,48,False,True,True,True,True,高YoY·未創新高,,4
226,1032,模擬1032,電子零組件業,False,2026-05-01,16584055,17873130.0,False,-7.212362915728809,0,6,191283778.0,True,2.3976031211637716,26.743859317359853,37.0,12105214,77.77777777777779,0.9319935806371729,31.088252616047107,48,False,True,True,True,True,高YoY·未創新高,,4
227,2508,模擬2508,化學工業,True,2026-05-01,58343731,152084629.0,False,-61.637325623485594,0,5,1110730407.0,False,-4.391208534130575,31.705851709372723,36.85,42633957,16.666666666666664,0.5391540642196192,-21.490116533219783,48,False,False,True,False,False,排除·週期股,,1
228,2577,模擬2577,鋼鐵工業,True,2026-05-01,10914915,23834078.0,False,-54.20458471269583,0,6,193185549.0,True,1.5437614470311445,71.46997722207765,36.81,7977931,33.33333333333333,0.8207618748388014,-3.646060876920265,48,False,True,True,False,False,排除·週期股,,2
229,2077,模擬2077,其他電子業,False,2026-05-01,15996945,17937100.0,False,-10.816436324712464,0,6,190445840.0,True,2.30396131847046,26.516528358726312,36.63,11707963,77.77777777777779,0.9277993430259668,28.960933676916213,48,False,True,True,True,True,高YoY·未創新高,,4
230,1041,模擬1041,紡織纖維,False,2026-05-01,75799045,101578989.0,False,-25.37920908033452,0,3,831462096.0,True,1.8661753958765015,7.490867038738891,36.58,55497430,55.55555555555556,0.8461543534008384,-1.1216744134634693,48,False,False,True,False,False,假突破·低基期,,1
231,1411,模擬1411,電腦及週邊設備業,False,2026-05-01,142971175,155391605.0,False,-7.9929864937040795,0,4,1658960482.0,True,2.3597326682394337,25.311897677018756,36.52,104726612,77.77777777777779,0.9293562279226663,27.312274701700744,48,False,True,True,True,True,高YoY·未創新高,,4
232,2138,模擬2138,電器電纜,False,2026-05-01,41977478,46881068.0,False,-10.459637992888727,0,5,499052220.0,True,2.2923336353879886,31.90507891077545,36.32,30793901,80.55555555555556,0.9626016160030579,28.302746230344322,48,False,True,True,True,True,高YoY·未創新高,,4
233,1660,模擬1660,食品工業,False,2026-05-01,73739619,80990605.0,False,-8.952872990638848,0,6,857444638.0,True,2.3399255759880777,29.90796095598447,36.21,54134791,86.11111111111111,1.0085690601303612,31.39889539987348,48,False,True,True,True,True,高YoY·未創新高,,4
234,1401,模擬1401,生技醫療業,False,2026-05-01,29280255,33230942.0,False,-11.888579625579077,0,5,345419706.0,True,2.294610559344834,23.34126831167871,35.98,21532010,75.0,0.9184823021185997,25.976874996113565,48,False,True,True,True,True,高YoY·未創新高,,4
235,2429,模擬2429,綠能環保,False,2026-05-01,57573020,69656502.0,False,-17.347242042099676,0,8,576476284.0,False,-6.914105772807034,-4.97141157065516,35.79,42398770,47.22222222222222,0.8083285729056932,2.2573749818906474,48,False,False,True,False,False,假突破·低基期,,1
236,1480,模擬1480,貿易百貨業,False,2026-05-01,36491308,45481524.0,False,-19.76674308451054,0,3,416097611.0,True,2.3655661907399095,12.168390116514406,35.78,26875707,38.88888888888889,0.8867081848534859,64.4655454600373,48,False,True,True,False,True,假突破·低基期,,3
237,4746,台耀,生技醫療業,False,2026-05-01,130646224,147247708.0,False,-11.274527953942748,0,5,1568802852.0,True,2.2412700942222363,26.862091071339744,35.73,96255895,77.77777777777779,0.9387762552079142,27.857341821282766,48,False,True,True,True,True,高YoY·未創新高,,4
238,1602,模擬1602,貿易百貨業,False,2026-05-01,33716940,36785719.0,False,-8.342310775548523,0,6,391883994.0,True,2.3159125331723374,29.931697928750765,35.7,24846677,80.55555555555556,0.9748237422238581,33.144855819568456,48,False,True,True,True,True,高YoY·未創新高,,4
239,1437,模擬1437,其他業,False,2026-05-01,99250533,109505136.0,False,-9.364495013274999,0,6,1170128658.0,True,2.2742927674242797,28.369865376670745,35.53,73230161,77.77777777777779,0.9446589483612216,26.768517790566392,48,False,True,True,True,True,高YoY·未創新高,,4
240,1487,模擬1487,綠能環保,False,2026-05-01,52308018,56113369.0,False,-6.7815407768512355,0,6,599289045.0,True,2.3343788166005908,26.220541831662292,35.38,38637464,77.77777777777779,0.9620910379383945,35.892611852705514,48,False,True,True,True,True,高YoY·未創新高,,4
241,2072,世紀風電,電機機械,False,2026-05-01,34680050,36718674.0,False,-5.552008768072614,0,20,320653796.0,False,-9.66616715216806,4.207592117470305,35.35,25622002,41.66666666666667,0.9840540207285421,12.900649516501538,48,False,False,True,True,False,假突破·兩年無成長,,2
242,1430,模擬1430,金融保險業,False,2026-05-01,126037523,171402476.0,False,-26.466918132501192,0,7,1592027848.0,True,2.106770628217447,23.60245695864873,35.25,93189187,55.55555555555556,0.9235717080253463,15.44133466192883,48,False,True,True,True,True,高YoY·未創新高,,4
243,2510,模擬2510,資訊服務業,False,2026-05-01,87450534,99130165.0,False,-11.782115968434026,0,5,1028995583.0,True,2.261812426199805,28.369110001525687,35.18,64691354,77.77777777777779,0.9610769529530291,37.64793798025281,48,False,True,True,True,True,高YoY·未創新高,,4
244,5263,僑威,電子零組件業,False,2026-05-01,63788649,121400778.0,False,-47.456144803289476,0,6,1022133442.0,False,-2.0709004503961737,6.565210577841563,35.09,47219619,11.11111111111111,0.5971308465937675,23.860630852228383,48,False,False,True,False,True,假突破·低基期,,2
245,2276,模擬2276,資訊服務業,False,2026-05-01,77188089,98803996.0,False,-21.877563534980915,0,6,816575241.0,False,-2.6377526204246937,5.716849924062362,35.05,57153828,41.66666666666667,0.8661308552567083,10.50921629817636,48,False,False,True,False,False,假突破·低基期,,1
246,1062,模擬1062,資訊服務業,False,2026-05-01,85223180,92047769.0,False,-7.414181868981529,0,6,979608040.0,True,2.2876206802854515,26.31002053730438,34.6,63314648,80.55555555555556,0.962456823067492,27.692686496759535,48,False,True,True,True,True,高YoY·未創新高,,4
247,1439,模擬1439,電腦及週邊設備業,False,2026-05-01,100933992,115370606.0,False,-12.513251425584082,0,6,1209651710.0,True,2.1837522697797374,30.523349129385945,34.43,75082723,80.55555555555556,0.981616992575418,29.475200863050134,48,False,True,True,True,True,高YoY·未創新高,,4
248,2437,模擬2437,電腦及週邊設備業,False,2026-05-01,48266538,69778422.0,False,-30.828848494166294,0,31,647672430.0,True,1.4260903936801572,20.269568164791686,34.38,35916819,13.88888888888889,0.7759552556499412,-6.641911432981528,48,False,True,True,False,False,假突破·低基期,,2
249,2311,模擬2311,化學工業,True,2026-05-01,22208310,61095723.0,False,-63.649975956582104,0,5,504508437.0,True,1.133927913507038,68.86968928603908,34.18,16551690,16.666666666666664,0.624784131756124,-14.39306424955723,48,False,True,True,False,False,排除·週期股,,2
250,2190,模擬2190,資訊服務業,False,2026-05-01,77149829,80177296.0,False,-3.7759654553578326,0,5,883553867.0,True,2.270503939033275,24.21633647417627,34.09,57534080,83.33333333333334,0.9964821116260363,30.548013135389198,48,False,True,True,True,True,高YoY·未創新高,,4
251,1019,模擬1019,生技醫療業,False,2026-05-01,86544975,112813996.0,False,-23.285249996817768,0,6,894388083.0,True,2.517909394704665,15.662856283022553,34.02,64578197,47.22222222222222,0.930973830716553,1.7508633166184895,48,False,True,True,True,False,假突破·兩年無成長,,3
252,2524,模擬2524,金融保險業,False,2026-05-01,72842707,78692282.0,False,-7.433479944068722,0,4,843149837.0,True,2.23721553201659,29.18740480001867,33.92,54392401,83.33333333333334,0.9926290735630957,29.190089050259793,48,False,True,True,True,True,高YoY·未創新高,,4
253,2380,模擬2380,資訊服務業,False,2026-05-01,72975393,109969962.0,False,-33.64061269749279,0,9,864918802.0,False,-7.434662624054855,0.7092789028773749,33.9,54500591,25.0,0.7511118816011337,-2.9166281286116646,48,False,False,True,False,False,假突破·低基期,,1
254,1370,模擬1370,居家生活,False,2026-05-01,11429138,14767649.0,False,-22.60692274037661,0,16,127855246.0,False,-4.928279342136044,1.963824830959937,33.88,8536756,52.77777777777778,0.8071703587075129,17.11711890441674,48,False,False,True,False,True,假突破·低基期,,2
255,2268,模擬2268,綜合,False,2026-05-01,105510664,123337712.0,False,-14.453850092500497,0,29,961155029.0,False,-6.048990715682079,-5.414342642110482,33.77,78875402,55.55555555555556,0.9152828810783626,10.932054525752811,48,False,False,True,True,False,假突破·兩年無成長,,2
256,1373,模擬1373,生技醫療業,False,2026-05-01,132576744,146303769.0,False,-9.382550493282238,0,5,1549522325.0,True,2.2040437285299586,25.209704142507384,33.7,99161090,77.77777777777779,0.9459004634713468,26.271045877820033,48,False,True,True,True,True,高YoY·未創新高,,4
257,1104,環泥,水泥工業,True,2026-05-01,53692338,137069336.0,False,-60.8283372730426,0,5,1082613791.0,True,1.2642166622552464,64.89675312330706,33.64,40176622,25.0,0.6641131753916388,-7.874515060247333,48,False,True,True,False,False,排除·週期股,,2
258,1376,模擬1376,文化創意業,False,2026-05-01,25767814,32545761.0,False,-20.82589803323388,0,5,263866316.0,False,-0.7949810274472724,5.176667599904894,33.47,19306484,38.88888888888889,0.8793994234215965,9.081270715339219,48,False,False,True,False,False,假突破·低基期,,1
259,1040,模擬1040,食品工業,False,2026-05-01,136185457,159912309.0,False,-14.837414423176142,0,5,1623843221.0,True,2.1440101831206704,26.05643001186713,33.38,102100870,77.77777777777779,0.923814244868976,27.95887881698893,48,False,True,True,True,True,高YoY·未創新高,,4
260,1467,模擬1467,電腦及週邊設備業,False,2026-05-01,136869535,151491696.0,False,-9.652120470022329,0,4,1634856448.0,True,2.13631142388242,22.068915530375133,33.3,102674424,72.22222222222221,0.9146182728697039,19.733285261441445,48,False,True,True,True,True,高YoY·未創新高,,4
261,2504,模擬2504,半導體業,False,2026-05-01,80839355,92546616.0,False,-12.650123263286039,0,6,958098488.0,True,2.15283282055323,28.839859379698108,33.29,60647787,80.55555555555556,0.956648879761931,28.18079049203368,48,False,True,True,True,True,高YoY·未創新高,,4
262,8210,勤誠,電腦及週邊設備業,False,2026-05-01,42974736,94498682.0,False,-54.52345462342003,0,6,735806074.0,True,1.4796577375097097,15.972929594643448,33.27,32246072,11.11111111111111,0.5830052926424294,2.6053591067965343,48,False,True,True,False,False,假突破·低基期,,2
263,1003,模擬1003,通信網路業,False,2026-05-01,91842692,128188491.0,False,-28.35340264673215,0,17,1043158557.0,False,-7.334252571665479,-6.338394255958757,33.25,68927064,27.77777777777778,0.7537621982588489,27.242530601626804,48,False,False,True,False,True,假突破·低基期,,2
264,2278,模擬2278,數位雲端,False,2026-05-01,33699317,46042220.0,False,-26.807792934398034,0,7,440179625.0,True,1.9456408602738007,20.033700598647663,33.21,25298453,22.22222222222222,0.8475075665194677,3.5210856924341893,48,False,True,True,False,False,假突破·低基期,,2
265,2233,宇隆,汽車工業,False,2026-05-01,113343329,125334273.0,False,-9.567170824854909,0,18,1166104784.0,True,2.4774683610990333,6.230607453737602,33.11,85151886,58.333333333333336,0.9259192293147429,8.198196735314633,48,False,False,True,True,False,假突破·兩年無成長,,2
266,2200,模擬2200,居家生活,False,2026-05-01,25208530,27679803.0,False,-8.92807293462312,0,5,290129126.0,True,2.207328795189323,26.93313339441554,33.08,18942733,83.33333333333334,0.9921278627453486,29.43564134483765,48,False,True,True,True,True,高YoY·未創新高,,4
267,1600,模擬1600,食品工業,False,2026-05-01,77680264,85134494.0,False,-8.755828160557344,0,6,901607276.0,True,2.1871364971443263,28.179443289580576,33.05,58382941,80.55555555555556,0.9931379884407998,27.77401416273124,48,False,True,True,True,True,高YoY·未創新高,,4
268,1497,模擬1497,通信網路業,False,2026-05-01,153153029,170525973.0,False,-10.18785801034544,0,3,1856104663.0,True,2.087279265214259,29.79960839792195,32.94,115203063,77.77777777777779,0.9440004564514177,25.323340270716344,48,False,True,True,True,True,高YoY·未創新高,,4
269,2550,模擬2550,建材營造業,False,2026-05-01,50486238,52527820.0,False,-3.8866680551372546,0,5,569161167.0,True,2.2443271823114674,28.89033473412099,32.88,37992793,86.11111111111111,1.0241551018071193,27.21149540005907,48,False,True,True,True,True,高YoY·未創新高,,4
270,1694,模擬1694,建材營造業,False,2026-05-01,179205692,209474113.0,False,-14.449719140235718,0,5,2181647421.0,True,2.0675388681006712,28.455169631259245,32.73,135012985,77.77777777777779,0.9278036300474819,25.269322463628896,48,False,True,True,True,True,高YoY·未創新高,,4
271,1548,模擬1548,金融保險業,False,2026-05-01,91156653,99206095.0,False,-8.113858326950574,0,3,1050547991.0,True,2.180111062576784,26.592955689064567,32.61,68742200,83.33333333333334,0.9841348903679613,33.27892662854133,48,False,True,True,True,True,高YoY·未創新高,,4
272,2518,模擬2518,貿易百貨業,False,2026-05-01,21450301,24178117.0,False,-11.282168913319424,0,6,253548004.0,True,2.1238171311544596,26.15552328553743,32.59,16177392,77.77777777777779,0.9657059427710869,26.482762474702536,48,False,True,True,True,True,高YoY·未創新高,,4
273,2120,模擬2120,金融保險業,False,2026-05-01,79592302,85241573.0,False,-6.627365968481136,0,5,918815722.0,True,2.16802192430412,27.603151689475713,32.44,60094884,83.33333333333334,1.0022835079496812,32.91373517459888,48,False,True,True,True,True,高YoY·未創新高,,4
274,1404,模擬1404,文化創意業,False,2026-05-01,58022778,84419513.0,False,-31.26852319084096,0,8,762229497.0,True,1.4190599951130256,35.38770662080781,32.38,43830707,63.888888888888886,1.0062599586246261,17.929693300920402,48,False,True,True,True,True,高YoY·未創新高,,4
275,2081,模擬2081,汽車工業,False,2026-05-01,7557594,8793239.0,False,-14.052216708769095,0,5,91845950.0,True,2.0475371832457734,25.801506328875522,32.25,5714747,80.55555555555556,0.9433120301543081,26.49322535840963,48,False,True,True,True,True,高YoY·未創新高,,4
276,2382,廣達,電腦及週邊設備業,False,2026-05-01,139116588,147288165.0,False,-5.548020100596673,0,5,1600434436.0,True,2.163660006246637,27.11150073059425,32.21,105221992,83.33333333333334,0.9980328634371446,29.76084967571937,48,False,True,True,True,True,高YoY·未創新高,,4
277,1056,模擬1056,半導體業,False,2026-05-01,77350710,89063127.0,False,-13.15069141913241,0,4,918206869.0,True,2.0931426042370083,29.342859725710536,32.17,58525372,83.33333333333334,0.990422418018591,26.835046765356886,48,False,True,True,True,True,高YoY·未創新高,,4
278,1002,模擬1002,光電業,False,2026-05-01,143613939,164280836.0,False,-12.580223903900755,0,6,1690457455.0,True,2.1055623393790635,29.907765516688144,32.05,108754295,86.11111111111111,1.001130823511408,32.14329889336695,48,False,True,True,True,True,高YoY·未創新高,,4
279,2387,模擬2387,汽車工業,False,2026-05-01,62945861,86591124.0,False,-27.30679763436261,0,5,868984043.0,True,0.7380047565487491,28.19003314398678,32.05,47668295,61.111111111111114,0.8232701636687502,32.01217693903003,48,False,True,True,False,True,假突破·低基期,,3
280,1556,模擬1556,半導體業,False,2026-05-01,172688011,181955713.0,False,-5.09338335532229,0,5,1972793081.0,True,2.169283251920473,28.565885954276805,32.02,130801185,86.11111111111111,1.0219980469153565,34.33473680080452,48,False,True,True,True,True,高YoY·未創新高,,4
281,1087,模擬1087,通信網路業,False,2026-05-01,57454665,61453980.0,False,-6.507820974329082,0,8,539817422.0,False,-4.52953778984665,3.7886981831507516,32.01,43522031,58.333333333333336,1.0008542508702565,20.50833631802682,48,False,False,True,True,True,高YoY·未創新高,,3
282,6805,富世達,電子零組件業,False,2026-05-01,45775141,59556839.0,False,-23.140412136379506,0,6,569237723.0,True,1.517103783270679,11.057827718734892,31.98,34682297,25.0,0.7912900027015699,18.652514570215484,48,False,True,True,False,True,假突破·低基期,,3
283,2488,模擬2488,塑膠工業,True,2026-05-01,7167182,16042342.0,False,-55.32334368635203,0,44,118900085.0,False,-13.429677320747558,10.918641337357315,31.93,5432715,22.22222222222222,0.5614798130803548,-19.715511379959207,48,False,False,True,False,False,排除·週期股,,1
284,1020,模擬1020,金融保險業,False,2026-05-01,40296676,46605803.0,False,-13.53721338091739,0,6,501042503.0,True,1.980918147424915,25.226244884466965,31.84,30564226,75.0,0.8959443676715798,24.949322074225734,48,False,True,True,False,True,假突破·低基期,,3
285,1641,模擬1641,綠能環保,False,2026-05-01,24786620,32084790.0,False,-22.746510106502182,0,3,241362403.0,True,0.6622413506936597,17.34266423808275,31.75,18813062,69.44444444444444,1.0409924637717085,4.113118335624799,48,False,True,True,True,False,假突破·兩年無成長,,3
286,2073,模擬2073,通信網路業,False,2026-05-01,176819573,195993214.0,False,-9.782808602750915,0,7,2112094055.0,True,2.0488086944554285,29.211433980056633,31.55,134415583,80.55555555555556,0.954943561847664,26.75514061858277,48,False,True,True,True,True,高YoY·未創新高,,4
287,2332,模擬2332,綜合,False,2026-05-01,33261854,39501700.0,False,-15.79639863600807,0,7,385190087.0,False,-0.4819515460349755,30.186779947311738,31.45,25303736,72.22222222222221,1.0338856239020802,16.922649119817645,48,False,False,True,True,True,高YoY·未創新高,,3
288,1678,模擬1678,光電業,False,2026-05-01,109470693,125620854.0,False,-12.85627384765271,0,6,1304085775.0,True,2.043669667668535,22.734295231411174,31.33,83353242,75.0,0.9526771979672568,26.965034231872732,48,False,True,True,True,True,高YoY·未創新高,,4
289,1501,模擬1501,其他電子業,False,2026-05-01,31478328,35745708.0,False,-11.938160519858776,0,6,378908338.0,True,2.0209270876787144,24.03528653905429,31.31,23972553,75.0,0.9512969574477449,26.417961895955354,48,False,True,True,True,True,高YoY·未創新高,,4
290,2579,模擬2579,文化創意業,False,2026-05-01,102135976,129424487.0,False,-21.084503892992057,0,6,1303271777.0,True,1.903904933984757,14.822748237389249,31.3,77786511,36.11111111111111,0.8260050783167101,17.504670103809318,48,False,True,True,False,True,假突破·低基期,,3
291,2321,模擬2321,運動休閒,False,2026-05-01,96033291,133102366.0,False,-27.850049637735218,0,2,1078512421.0,False,-1.7608898546045082,17.33465176434894,31.18,73209016,63.888888888888886,0.8672245135787998,7.739111854946179,48,False,False,True,False,False,假突破·低基期,,1
292,2124,模擬2124,電子商務,False,2026-05-01,145588275,163034842.0,False,-10.701127922091647,0,5,1720879575.0,True,2.049433420027569,21.011708439098854,31.13,111028278,75.0,0.9357945986738203,24.328279034804122,48,False,True,True,True,True,高YoY·未創新高,,4
293,2617,台航,航運業,True,2026-05-01,7076508,17359179.0,False,-59.23477717465786,0,5,134735692.0,True,0.6477721137878589,59.17578567085518,30.91,5405740,30.555555555555557,0.7295199619540955,-16.531369102521086,48,False,True,True,False,False,排除·週期股,,2
294,2226,模擬2226,貿易百貨業,False,2026-05-01,27810226,30982027.0,False,-10.23755159725347,0,3,337276140.0,True,1.9819379962435324,25.55301444202658,30.84,21255532,75.0,0.915112945596487,26.684052967501025,48,False,True,True,True,True,高YoY·未創新高,,4
295,1453,模擬1453,觀光事業,False,2026-05-01,32670388,36869110.0,False,-11.388183766844385,0,5,387096939.0,True,2.022383213170209,25.159904358711806,30.7,24996990,80.55555555555556,0.9800495709953514,26.704290703349407,48,False,True,True,True,True,高YoY·未創新高,,4
296,3708,上緯投控,電機機械,False,2026-05-01,23609937,26594013.0,False,-11.220856363422849,0,6,277627544.0,True,2.0273734702102475,27.26231660115417,30.49,18093234,80.55555555555556,0.9912200395113288,31.97361970142829,48,False,True,True,True,True,高YoY·未創新高,,4
297,2465,模擬2465,農業科技業,False,2026-05-01,145270440,163858250.0,False,-11.343835296666482,0,5,1755217580.0,True,1.9697672486397977,25.21199651085486,30.45,111364605,77.77777777777779,0.9268327162464797,28.19922746990653,48,False,True,True,True,True,高YoY·未創新高,,4
298,2182,模擬2182,綜合,False,2026-05-01,9586882,10584182.0,False,-9.42255150185437,0,5,117312826.0,True,1.9442005249300287,27.943076289077506,30.44,7349583,77.77777777777779,0.9352633173305154,25.192954192638183,48,False,True,True,True,True,高YoY·未創新高,,4
299,2386,模擬2386,電器電纜,False,2026-05-01,42243902,45820883.0,False,-7.80644275231448,0,3,500120017.0,True,2.010156239485905,26.23957696223618,30.43,32388811,83.33333333333334,0.9933271969077715,25.61291121282059,48,False,True,True,True,True,高YoY·未創新高,,4
300,2178,模擬2178,文化創意業,False,2026-05-01,63117285,71655508.0,False,-11.915654830051581,0,4,766013611.0,True,1.9597036242741561,27.603542391969626,30.42,48394217,77.77777777777779,0.9617141646453269,27.213471517620768,48,False,True,True,True,True,高YoY·未創新高,,4
301,2250,模擬2250,數位雲端,False,2026-05-01,64657229,72728372.0,False,-11.097653883961545,0,4,686913133.0,True,2.236265943231741,35.6368482526976,30.27,49632028,88.88888888888889,1.2458375276866225,18.970605884158932,48,False,True,True,True,True,高YoY·未創新高,,4
302,2136,模擬2136,數位雲端,False,2026-05-01,45411542,50025917.0,False,-9.22396884798733,0,6,539931622.0,True,1.9884657479728451,23.483495419123244,30.18,34884513,77.77777777777779,0.9639551589487809,22.896397327890682,48,False,True,True,True,True,高YoY·未創新高,,4
303,2485,模擬2485,汽車工業,False,2026-05-01,16729097,18618567.0,False,-10.148310554727436,0,6,194656959.0,True,2.0330890205643826,27.137852202530823,30.18,12850405,83.33333333333334,0.9947105899473536,31.04114662348647,48,False,True,True,True,True,高YoY·未創新高,,4
304,2266,模擬2266,電子商務,False,2026-05-01,12403187,23684532.0,False,-47.63169903462733,0,5,184533071.0,True,1.579416667847422,15.1057865266506,30.09,9533958,13.88888888888889,0.6600358410594294,3.461230140586724,48,False,True,True,False,False,假突破·低基期,,2
305,5608,四維航,航運業,True,2026-05-01,28523112,66588744.0,False,-57.16526504839917,0,5,534485797.0,True,1.2482803128788689,59.57864439680591,30.04,21933488,27.77777777777778,0.753161569409842,-21.938639756400224,48,False,True,True,False,False,排除·週期股,,2
306,1698,模擬1698,鋼鐵工業,True,2026-05-01,42613006,98829465.0,False,-56.8822860672169,0,7,838520172.0,True,1.0653335215164317,72.29095616720859,26.17,33774133,30.555555555555557,0.738837228263075,-23.71450046129683,48,False,True,False,False,False,排除·週期股,,1
307,2453,模擬2453,油電燃氣業,True,2026-05-01,32777740,92364637.0,False,-64.5126738277551,0,44,695735125.0,False,-2.4826374104941373,62.82964800556097,25.55,26106523,22.22222222222222,0.738250201939453,-18.171211037139212,48,False,False,False,False,False,排除·週期股,,0
308,1314,中石化,塑膠工業,True,2026-05-01,16711944,42491445.0,False,-60.669861898083255,0,4,327635714.0,False,-3.2567769486218423,43.61427793220718,25.35,13331808,22.22222222222222,0.6367914419958683,-24.656754354735543,48,False,False,False,False,False,排除·週期股,,0
309,2402,模擬2402,鋼鐵工業,True,2026-05-01,41218928,101730425.0,False,-59.482202104237736,0,28,873830337.0,True,0.9044556767109801,59.43431112411419,23.46,33386362,30.555555555555557,0.6278252594290133,-28.56012535446665,48,False,True,False,False,False,排除·週期股,,1
310,1323,模擬1323,油電燃氣業,True,2026-05-01,36405603,84001350.0,False,-56.660692953148974,0,6,707194455.0,True,0.9598452807934033,60.25249115493128,22.65,29682165,30.555555555555557,0.7455828661880238,-9.266263955861454,48,False,True,False,False,False,排除·週期股,,1
311,1878,模擬1878,化學工業,True,2026-05-01,15537416,38682234.0,False,-59.833198878844485,0,6,297274222.0,True,0.07729916418042215,65.84052661817293,19.61,12990081,27.77777777777778,0.8590113013506926,-14.552016200562324,48,False,True,False,False,False,排除·週期股,,1
312,1703,模擬1703,其他業,False,2026-05-01,17332094,16931945.0,True,2.3632784065859003,1,6,157144918.0,True,1.4578901791513,7.52143868241657,18.09,14677633,88.88888888888889,1.3875344617566023,30.762275512323868,48,True,False,False,True,True,創高·YoY未達門檻,,3
313,2526,模擬2526,造紙工業,True,2026-05-01,38030021,92186208.0,False,-58.7465177003484,0,43,708701208.0,True,0.7730638777394105,60.19480124791243,16.68,32593337,33.33333333333333,0.7817948527042056,-13.807584703760389,48,False,True,False,False,False,排除·週期股,,1
314,1142,模擬1142,玻璃陶瓷,True,2026-05-01,34750044,116596703.0,False,-70.19637510676438,0,7,907986295.0,False,-0.7362623893810039,78.27902985998915,9.8,31648195,19.444444444444446,0.7332238516332716,-26.758578994108404,48,False,False,False,False,False,排除·週期股,,0
315,2424,模擬2424,橡膠工業,True,2026-05-01,50300677,139485311.0,False,-63.93836982590948,0,6,1067640170.0,True,0.3488878113768079,78.49650427515478,7.97,46588761,36.11111111111111,0.9454005885402003,-11.677614453065866,48,False,True,False,False,False,排除·週期股,,1
316,1759,模擬1759,航運業,True,2026-05-01,32250334,64988755.0,False,-50.37551650281653,0,4,553741497.0,False,-0.6886194560798864,58.62143677645171,5.79,30485905,41.66666666666667,1.0144278064958454,-11.252700508903002,48,False,False,False,True,False,排除·週期股,,1
317,1351,模擬1351,塑膠工業,True,2026-05-01,17343518,55625973.0,False,-68.8211871817505,0,6,389979810.0,True,0.240456661381927,66.16010845277864,5.7,16408035,27.77777777777778,0.8130057150592488,-26.188186264758762,48,False,True,False,False,False,排除·週期股,,1
318,1695,模擬1695,生技醫療業,False,2026-05-01,153076504,147269550.0,True,3.943078525058308,1,12,1349594841.0,False,-2.2032103824703553,1.1376992250928142,3.94,147269550,100.0,1.4405029457015637,28.030052954558805,48,True,False,False,True,True,創高·YoY未達門檻,,3
319,1495,模擬1495,航運業,True,2026-05-01,3426073,10153294.0,False,-66.25653704108242,0,7,85029860.0,True,0.11645223915766056,77.73627409348968,2.97,3327169,25.0,0.8303472382186899,-23.967968071312185,48,False,True,False,False,False,排除·週期股,,1
320,1887,模擬1887,橡膠工業,True,2026-05-01,36311656,121109588.0,False,-70.01752165154753,0,6,852373127.0,True,0.06521219744923812,64.96236539987297,1.55,35756167,30.555555555555557,0.8164605170194494,-21.839571161949365,48,False,True,False,False,False,排除·週期股,,1
321,1979,模擬1979,造紙工業,True,2026-05-01,26561320,79909961.0,False,-66.76093985329314,0,7,599792005.0,True,0.053718786987722034,56.75703830385244,1.23,26239292,33.33333333333333,0.7675155264478098,-20.93714411022579,48,False,True,False,False,False,排除·週期股,,1
322,1653,模擬1653,玻璃陶瓷,True,2026-05-01,24326156,76875830.0,False,-68.35656148362885,0,29,564970129.0,False,-1.8858537674950049,60.21069285058791,0.61,24179650,22.22222222222222,0.7746145960293571,-22.41131318404973,48,False,False,False,False,False,排除·週期股,,0
323,2126,模擬2126,塑膠工業,True,2026-05-01,48846909,103191765.0,False,-52.66394658527258,0,42,910644736.0,True,0.004816929271722614,68.30137863735082,0.09,48803046,41.66666666666667,1.1758940477645337,-14.068059220550344,48,False,True,False,True,False,排除·週期股,,2
324,1063,模擬1063,油電燃氣業,True,2026-05-01,21378788,55781528.0,False,-61.67407246355818,0,5,473851990.0,False,-0.018819845757866993,53.67945983905882,-0.42,21467983,33.33333333333333,0.8360326868477386,-26.36140451745549,48,False,False,False,False,False,排除·週期股,,0
325,2017,官田鋼,鋼鐵工業,True,2026-05-01,3520675,10836035.0,False,-67.50956415330884,0,5,86160947.0,False,-0.09288268173914815,67.12783497851706,-2.22,3600778,30.555555555555557,0.8680693162694922,-21.59378733050564,48,False,False,False,False,False,排除·週期股,,0
326,2601,益航,航運業,True,2026-05-01,5920571,15720549.0,False,-62.338649877940014,0,6,127227559.0,False,-1.980147636770213,59.63916189525924,-4.58,6204464,38.88888888888889,0.9420011198711541,-25.225082475159954,48,False,False,False,False,False,排除·週期股,,0
327,1133,模擬1133,造紙工業,True,2026-05-01,31487281,92340701.0,False,-65.90097252997896,0,8,728650674.0,False,-10.456785255031209,60.80947040556743,-8.51,34417073,36.11111111111111,0.9675048837922052,-28.48318788112769,48,False,False,False,False,False,排除·週期股,,0
328,1468,模擬1468,造紙工業,True,2026-05-01,33986125,131644259.0,False,-74.18335956450635,0,5,924327329.0,False,-0.7378125066772157,82.24938630275209,-11.26,38300157,33.33333333333333,0.922994054159334,-24.81508933702541,48,False,False,False,False,False,排除·週期股,,0
329,1723,中碳,化學工業,True,2026-05-01,25558828,77039453.0,False,-66.82371563567567,0,7,602159707.0,False,-0.5880895234736228,63.48184035172244,-12.23,29121015,36.11111111111111,1.0400040098756937,-22.351293419346863,48,False,False,False,False,False,排除·週期股,,0
330,2613,中櫃,航運業,True,2026-05-01,37505328,105740170.0,False,-64.53067173998302,0,46,879470868.0,False,-2.8511508225165794,58.78919909375904,-12.23,42731101,36.11111111111111,0.9945341596807853,-20.670918415655304,48,False,False,False,False,False,排除·週期股,,0
331,1250,模擬1250,水泥工業,True,2026-05-01,10940327,28161665.0,False,-61.15170392091518,0,29,238576223.0,False,-0.8068025441790749,60.406702174854956,-15.06,12880822,44.44444444444444,1.0797090889400125,-26.999926070580095,48,False,False,False,True,False,排除·週期股,,1
332,1851,模擬1851,水泥工業,True,2026-05-01,34127398,100191511.0,False,-65.93783479320918,0,6,814368219.0,False,-2.8764114618311853,64.83363472678576,-15.67,40469483,36.11111111111111,0.9897778391169063,-26.45463567969788,48,False,False,False,False,False,排除·週期股,,0
333,1036,模擬1036,橡膠工業,True,2026-05-01,42492792,130041611.0,False,-67.32369610524127,0,8,1013397221.0,False,-4.553014167991076,71.48063592842627,-18.07,51866922,38.88888888888889,1.006394135053612,-30.480223790578354,48,False,False,False,False,False,排除·週期股,,0
334,1689,模擬1689,塑膠工業,True,2026-05-01,39029099,107927519.0,False,-63.83767609815991,0,5,838416206.0,False,-1.4680506587242403,65.75529495292001,-20.49,49084734,47.22222222222222,1.2478296391766075,-20.222589514779987,48,False,False,False,True,False,排除·週期股,,1
335,1802,台玻,玻璃陶瓷,True,2026-05-01,32525165,107887329.0,False,-69.85265526408574,0,7,786234012.0,False,-1.1040081234196975,74.82336638550518,-21.25,41302151,44.44444444444444,1.2130836743301365,-24.058111826333917,48,False,False,False,True,False,排除·週期股,,1
336,1594,模擬1594,水泥工業,True,2026-05-01,14455527,47205005.0,False,-69.3771306665469,0,6,328228645.0,False,-3.480018296380094,69.77501451302277,-22.09,18553007,41.66666666666667,1.1822224097045557,-27.02622689893863,48,False,False,False,True,False,排除·週期股,,1
337,2608,嘉里大榮,航運業,True,2026-05-01,12177349,33833906.0,False,-64.00844466494647,0,7,257607649.0,False,-3.883399085496353,71.65200130662208,-22.21,15654413,47.22222222222222,1.4020391097152192,-21.953540243971005,48,False,False,False,True,False,排除·週期股,,1
338,2393,模擬2393,塑膠工業,True,2026-05-01,35205742,127119005.0,False,-72.30489492896834,0,6,962692691.0,False,-1.0463418896882293,81.96666062318042,-22.43,45385312,41.66666666666667,1.1048068272478617,-33.637991673305464,48,False,False,False,True,False,排除·週期股,,1
339,2117,模擬2117,水泥工業,True,2026-05-01,41954495,102822020.0,False,-59.196974539111366,0,31,551482406.0,False,-39.45554105717434,-25.323606089834172,-23.88,55113499,50.0,0.8098500758655416,22.469196392033375,48,False,False,False,False,True,排除·週期股,,1
340,1196,模擬1196,化學工業,True,2026-05-01,35648529,112998868.0,False,-68.45231316830537,0,8,944738641.0,False,-2.387155438827804,76.87985427882941,-24.96,47505317,38.88888888888889,1.0939858365877018,-29.780139413622763,48,False,False,False,False,False,排除·週期股,,0
341,1750,模擬1750,油電燃氣業,True,2026-05-01,47916165,138859477.0,False,-65.49305381583714,0,7,1030402559.0,False,-6.166535988745414,60.779068112761145,-25.12,63993819,44.44444444444444,1.2119464081214086,-15.318342482550051,48,False,False,False,True,False,排除·週期股,,1
342,1517,模擬1517,塑膠工業,True,2026-05-01,44054969,121858216.0,False,-63.84735437124731,0,5,995545309.0,False,-1.6280417916560763,70.5449669110541,-26.14,59649971,47.22222222222222,1.314567073018683,-19.331267608070423,48,False,False,False,True,False,排除·週期股,,1
343,1546,模擬1546,橡膠工業,True,2026-05-01,15306249,60178573.0,False,-74.56528422500148,0,28,461918796.0,False,-2.729961950895099,73.06602530660355,-28.99,21555510,27.77777777777778,0.9212943265704037,-19.39787265629257,48,False,False,False,False,False,排除·週期股,,0
344,1232,模擬1232,油電燃氣業,True,2026-05-01,50606327,138202120.0,False,-63.38238009662949,0,30,1063461222.0,False,-11.388957128314258,57.02557693965065,-29.8,72086141,50.0,1.3879273258983824,-17.919642809391135,48,False,False,False,True,False,排除·週期股,,1
345,1671,模擬1671,航運業,True,2026-05-01,24727574,86017128.0,False,-71.25273236279175,0,6,695858595.0,False,-1.5269578917080917,68.71440616420539,-30.38,35517804,38.88888888888889,1.1244971446470238,-29.22930358125623,48,False,False,False,False,False,排除·週期股,,0
346,1151,模擬1151,油電燃氣業,True,2026-05-01,1639800,7789054.0,False,-78.94737923244594,0,6,55155664.0,False,-1.2866814311592645,68.73365015699184,-30.48,2358728,33.33333333333333,0.8942734308932979,-33.48090870442556,48,False,False,False,False,False,排除·週期股,,0
347,5609,中菲行,航運業,True,2026-05-01,30366739,132526577.0,False,-77.08630247048485,0,7,972167166.0,False,-5.571815671512937,70.97066124032037,-31.4,44267710,33.33333333333333,0.9234153877039181,-31.480211579500295,48,False,False,False,False,False,排除·週期股,,0
348,2384,模擬2384,水泥工業,True,2026-05-01,27778680,67941804.0,False,-59.11400880671347,0,32,377021283.0,False,-37.70467765527166,-26.77680720379524,-31.9,40793809,52.77777777777778,0.8820751432767976,30.831865820388128,48,False,False,False,False,True,排除·週期股,,1
349,2477,模擬2477,水泥工業,True,2026-05-01,39348171,124934903.0,False,-68.5050613918514,0,7,1059735095.0,False,-1.7575713392133596,74.56729837048495,-32.52,58306986,44.44444444444444,1.1849455644733533,-26.362477913101124,48,False,False,False,True,False,排除·週期股,,1
350,1313,聯成,塑膠工業,True,2026-05-01,18033195,72217094.0,False,-75.02918768789007,0,28,549084364.0,False,-2.518257331522411,78.90828165581797,-32.54,26733313,41.66666666666667,1.0609014302437103,-27.570106326478726,48,False,False,False,True,False,排除·週期股,,1
351,1997,模擬1997,油電燃氣業,True,2026-05-01,3659173,10912059.0,False,-66.46670440473241,0,17,56692665.0,False,-35.393355740646456,-24.559383771355815,-33.56,5507157,52.77777777777778,0.8802450870034407,28.161551963432775,48,False,False,False,False,True,排除·週期股,,1
352,2097,模擬2097,油電燃氣業,True,2026-05-01,8255485,30305183.0,False,-72.7588346851428,0,7,230262283.0,False,-3.8976291100702776,76.26299786062198,-33.98,12504637,52.77777777777778,1.174943832671866,-12.637622207415644,48,False,False,False,True,False,排除·週期股,,1
353,1644,模擬1644,造紙工業,True,2026-05-01,43361264,140013990.0,False,-69.03076328301194,0,30,1048405511.0,False,-6.750855928629251,69.71244997303027,-35.06,66766326,52.77777777777778,1.354835115995649,-24.34805551697924,48,False,False,False,True,False,排除·週期股,,1
354,2443,模擬2443,玻璃陶瓷,True,2026-05-01,47901494,134726497.0,False,-64.44538003537642,0,32,693707175.0,False,-36.70375583217486,-19.78100380415777,-35.29,74027979,61.111111111111114,1.1111124219283566,30.685924255414232,48,False,False,False,True,True,排除·週期股,,2
355,2562,模擬2562,水泥工業,True,2026-05-01,42450709,135851847.0,False,-68.75220327332023,0,28,1034935963.0,False,-9.394070592969861,64.93574900078171,-35.51,65830096,55.55555555555556,1.373294797690273,-27.269241595606942,48,False,False,False,True,False,排除·週期股,,1
356,2334,模擬2334,造紙工業,True,2026-05-01,38970286,156580813.0,False,-75.11171052611662,0,6,1193694773.0,False,-1.771935236542066,74.38315348807971,-35.59,60503336,41.66666666666667,1.1135744371272118,-36.93609562424588,48,False,False,False,True,False,排除·週期股,,1
357,2544,模擬2544,油電燃氣業,True,2026-05-01,21556740,50769711.0,False,-57.540156176977256,0,30,303972175.0,False,-35.57996702074797,-25.12700035709069,-36.05,33710931,58.333333333333336,0.9516212478142568,30.081628091652757,48,False,False,False,True,True,排除·週期股,,2
358,2198,模擬2198,水泥工業,True,2026-05-01,33423637,70114773.0,False,-52.3301073797957,0,16,371032871.0,False,-39.71125206848455,-32.415574366559255,-36.11,52317996,72.22222222222221,1.1475026133991284,50.782318074392975,48,False,False,False,True,True,排除·週期股,,2
359,1896,模擬1896,造紙工業,True,2026-05-01,10604801,32183048.0,False,-67.04848776287442,0,5,271591401.0,False,-3.039392168834243,77.33962627729139,-36.86,16794608,58.333333333333336,1.412474751792453,-7.808506915187352,48,False,False,False,True,False,排除·週期股,,1
360,1842,模擬1842,航運業,True,2026-05-01,9253953,25869322.0,False,-64.22808065862723,0,31,147275682.0,False,-32.33610141833029,-5.103429212093092,-36.99,14686359,66.66666666666666,1.100824961416601,15.867250813868484,48,False,False,False,True,True,排除·週期股,,2
361,1583,模擬1583,航運業,True,2026-05-01,32945994,98861293.0,False,-66.6745265004778,0,47,796665560.0,False,-9.187136627899939,57.84429337174759,-37.84,53004484,55.55555555555556,1.2606714000952368,-22.26440219677278,48,False,False,False,True,False,排除·週期股,,1
362,1333,模擬1333,航運業,True,2026-05-01,1883079,4966247.0,False,-62.082453812708074,0,15,28868033.0,False,-37.24043089956069,-22.246421354424417,-37.87,3030651,61.111111111111114,1.0120359659761813,23.437515603546764,48,False,False,False,True,True,排除·週期股,,2
363,2225,模擬2225,化學工業,True,2026-05-01,21327085,51273963.0,False,-58.4056239226135,0,32,262323873.0,False,-37.34332931646597,-28.618969119498683,-37.87,34326134,75.0,0.9994236289423521,41.60597794596175,48,False,False,False,True,True,排除·週期股,,2
364,2050,模擬2050,鋼鐵工業,True,2026-05-01,7069555,29868755.0,False,-76.33126991734339,0,29,210234061.0,False,-5.845208921674649,73.61594724040211,-38.0,11402050,44.44444444444444,1.142976031089774,-21.699134262316143,48,False,False,False,True,False,排除·週期股,,1
365,1943,模擬1943,塑膠工業,True,2026-05-01,21805112,80315628.0,False,-72.85072339843997,0,30,581195525.0,False,-6.233545268126061,59.07772925325303,-38.3,35338809,50.0,1.1826311806902148,-18.65570331189551,48,False,False,False,True,False,排除·週期股,,1
366,1081,模擬1081,水泥工業,True,2026-05-01,19358909,80760891.0,False,-76.02935188023123,0,6,568631196.0,False,-6.970649248400484,60.03158331183138,-40.39,32478272,44.44444444444444,1.1583925763058593,-31.1100444099501,48,False,False,False,True,False,排除·週期股,,1
367,2272,模擬2272,航運業,True,2026-05-01,26463276,68476366.0,False,-61.354146626297315,0,33,341287802.0,False,-37.4265713163873,-25.621815023947903,-40.55,44515681,72.22222222222221,1.203266417625098,29.56810961083289,48,False,False,False,True,True,排除·週期股,,2
368,1405,模擬1405,油電燃氣業,True,2026-05-01,4365892,20052035.0,False,-78.22718741514265,0,7,143505307.0,False,-13.446888143486069,72.73198561387153,-40.63,7354077,41.66666666666667,1.0346688521015173,-32.24114895251851,48,False,False,False,True,False,排除·週期股,,1
369,2038,海光,鋼鐵工業,True,2026-05-01,57656449,131839912.0,False,-56.267834129015505,0,32,706604981.0,False,-40.91698046160977,-36.08166397624775,-41.66,98828435,75.0,1.0277385013733884,37.73706632548455,48,False,False,False,True,True,排除·週期股,,2
370,1970,模擬1970,橡膠工業,True,2026-05-01,9115390,23237107.0,False,-60.77226825180948,0,32,119105416.0,False,-37.36580352780562,-29.909149852596105,-41.89,15686019,66.66666666666666,1.068017503591431,34.111501547391995,48,False,False,False,True,True,排除·週期股,,2
371,1303,南亞,塑膠工業,True,2026-05-01,37509311,124964065.0,False,-69.9839221779477,0,28,1073593442.0,False,-2.7164419340525936,67.23643118864841,-43.58,66477084,58.333333333333336,1.3302920445306379,-21.907229028123176,48,False,False,False,True,False,排除·週期股,,1
372,1565,模擬1565,玻璃陶瓷,True,2026-05-01,19427826,68701114.0,False,-71.7212358448802,0,7,535887972.0,False,-3.505801506733741,66.14235532304198,-44.02,34706371,63.888888888888886,1.262559882826848,-19.553448611179824,48,False,False,False,True,False,排除·週期股,,1
373,2079,模擬2079,造紙工業,True,2026-05-01,30805873,106234149.0,False,-71.00191107098716,0,29,815305854.0,False,-6.452703341015365,61.05831434820806,-44.2,55210500,58.333333333333336,1.30923597382211,-19.387122484755757,48,False,False,False,True,False,排除·週期股,,1
374,1018,模擬1018,鋼鐵工業,True,2026-05-01,20273455,68312516.0,False,-70.32248819528182,0,31,358573825.0,False,-37.333928906028206,-21.165790371236028,-44.76,36698357,55.55555555555556,0.8938333237004475,10.319890875314307,48,False,False,False,False,False,排除·週期股,,0
375,2370,模擬2370,航運業,True,2026-05-01,21089719,99292962.0,False,-78.76010688451413,0,29,720974257.0,False,-11.637295217313293,52.096101190714705,-45.32,38572653,36.11111111111111,0.918538971955543,-32.3287346120825,48,False,False,False,False,False,排除·週期股,,0
376,2346,模擬2346,玻璃陶瓷,True,2026-05-01,35256960,138297860.0,False,-74.50650357134954,0,31,977454720.0,False,-14.19412775853387,50.6824870885449,-45.88,65151150,50.0,1.2931438593775832,-33.526250718665075,48,False,False,False,True,False,排除·週期股,,1
377,1626,模擬1626,化學工業,True,2026-05-01,21889110,91622655.0,False,-76.10950042868765,0,7,659210617.0,False,-11.298907397888502,62.42217055502004,-46.17,40667160,50.0,1.19933109987168,-32.02211694063617,48,False,False,False,True,False,排除·週期股,,1
378,1223,模擬1223,玻璃陶瓷,True,2026-05-01,46430921,113475470.0,False,-59.08285640940725,0,30,638105986.0,False,-36.069564758095574,-25.02505879661617,-46.37,86578534,77.77777777777779,1.2538104924296651,38.200184885949874,48,False,False,False,True,True,排除·週期股,,2
379,1555,模擬1555,造紙工業,True,2026-05-01,6817250,24187897.0,False,-71.81544968543565,0,7,176543621.0,False,-7.442197241308723,65.7561525757188,-46.76,12805704,66.66666666666666,1.4968482002339654,-26.81575438226542,48,False,False,False,True,False,排除·週期股,,1
380,2323,模擬2323,橡膠工業,True,2026-05-01,22155025,90762815.0,False,-75.59019627145764,0,31,675468472.0,False,-12.195047355297717,50.07924376189558,-47.05,41838192,50.0,1.1560856426237023,-18.921771388042774,48,False,False,False,True,False,排除·週期股,,1
381,1741,模擬1741,玻璃陶瓷,True,2026-05-01,34789975,103117639.0,False,-66.2618584585708,0,30,563083649.0,False,-37.304920867994895,-26.017636982532967,-47.12,65788333,63.888888888888886,0.996239807373008,20.630264321414813,48,False,False,False,True,True,排除·週期股,,2
382,2605,新興,航運業,True,2026-05-01,6533954,22023289.0,False,-70.33161577273948,0,32,107794349.0,False,-37.766542824639394,-22.18265433490172,-47.17,12367486,63.888888888888886,1.0742873939843052,24.60003920791376,48,False,False,False,True,True,排除·週期股,,2
383,1718,中纖,化學工業,True,2026-05-01,12585609,56367421.0,False,-77.67219294989565,0,8,404110792.0,False,-4.16792173654168,72.59576305160806,-48.34,24360789,58.333333333333336,1.281853548607946,-26.412775198625795,48,False,False,False,True,False,排除·週期股,,1
384,2028,威致,鋼鐵工業,True,2026-05-01,21016886,95991127.0,False,-78.10538676142431,0,30,615383686.0,False,-16.196632908516307,62.782186592099556,-48.37,40703692,63.888888888888886,1.4065326027491176,-17.93662939468239,48,False,False,False,True,False,排除·週期股,,1
385,1574,模擬1574,油電燃氣業,True,2026-05-01,24985260,77229229.0,False,-67.64792252425569,0,31,399026751.0,False,-38.58163055611524,-20.401423817335473,-48.97,48959243,66.66666666666666,1.115614799506269,7.907579511143981,48,False,False,False,True,False,排除·週期股,,1
386,1103,嘉泥,水泥工業,True,2026-05-01,33146276,125319242.0,False,-73.5505294550058,0,8,917485285.0,False,-9.94437469762971,66.95182131154218,-49.18,65218569,63.888888888888886,1.467349508385506,-25.131430393374654,48,False,False,False,True,False,排除·週期股,,1
387,1295,模擬1295,造紙工業,True,2026-05-01,25621155,113934764.0,False,-77.5124342206914,0,6,814387910.0,False,-3.9965316487511227,78.32816106472498,-49.47,50702125,58.333333333333336,1.332882546988154,-28.826172654507232,48,False,False,False,True,False,排除·週期股,,1
388,2135,模擬2135,鋼鐵工業,True,2026-05-01,26775047,111207018.0,False,-75.92323984444938,0,9,723890964.0,False,-21.09285727192588,19.081078389927075,-49.91,53457166,47.22222222222222,1.0846533421592734,-12.165348901065709,48,False,False,False,True,False,排除·週期股,,1
389,1815,模擬1815,造紙工業,True,2026-05-01,39605829,114684349.0,False,-65.46535831144666,0,15,595277270.0,False,-37.973066618741804,-30.620829593789622,-49.98,79172783,75.0,1.1418012420044725,24.487861090256892,48,False,False,False,True,True,排除·週期股,,2
390,2014,中鴻,鋼鐵工業,True,2026-05-01,42273922,140723967.0,False,-69.95968568737122,0,30,1006553233.0,False,-11.026024873523665,50.70757048192598,-50.21,84905260,77.77777777777779,1.6552694260274095,-19.551547576985364,48,False,False,False,True,False,排除·週期股,,1
391,2207,模擬2207,塑膠工業,True,2026-05-01,27168118,102181501.0,False,-73.41190163178362,0,29,745801815.0,False,-9.90698288269094,56.80621985390415,-50.48,54864949,63.888888888888886,1.4822912767340692,-27.74437439091888,48,False,False,False,True,False,排除·週期股,,1
392,2216,模擬2216,鋼鐵工業,True,2026-05-01,27420365,95488997.0,False,-71.28426744287617,0,31,433761544.0,False,-43.54346881151019,-37.969599340052426,-50.5,55396832,63.888888888888886,0.945326968347935,13.198930052410729,48,False,False,False,True,False,排除·週期股,,1
393,2535,模擬2535,玻璃陶瓷,True,2026-05-01,27634688,99345586.0,False,-72.18327546027056,0,6,745426062.0,False,-10.470138925813021,48.75620324756645,-50.75,56111475,66.66666666666666,1.4589720528911958,-20.21853378789471,48,False,False,False,True,False,排除·週期股,,1
394,2245,模擬2245,造紙工業,True,2026-05-01,15208538,55838507.0,False,-72.7633512837297,0,7,433343727.0,False,-10.36857237181813,59.273819001074536,-51.18,31152728,63.888888888888886,1.5014137114540365,-27.594903671591986,48,False,False,False,True,False,排除·週期股,,1
395,2586,模擬2586,化學工業,True,2026-05-01,25688293,117489776.0,False,-78.13572050728908,0,30,803314704.0,False,-14.362005253837983,43.92666876773421,-51.35,52804866,50.0,1.1981721254128732,-22.20760916468729,48,False,False,False,True,False,排除·週期股,,1
396,2006,東和鋼鐵,鋼鐵工業,True,2026-05-01,12314652,46337558.0,False,-73.4240375809187,0,28,331086176.0,False,-13.929432695681076,51.637225084682,-51.44,25359201,69.44444444444444,1.7109765301409212,-26.120303279455282,48,False,False,False,True,False,排除·週期股,,1
397,1961,模擬1961,化學工業,True,2026-05-01,21800287,73571312.0,False,-70.36849499163478,0,33,356054070.0,False,-39.32409270647105,-28.49137862109504,-51.77,45201858,75.0,1.058477804053253,9.870245817262479,48,False,False,False,True,False,排除·週期股,,1
398,2609,陽明,航運業,True,2026-05-01,12891190,33273935.0,False,-61.25739261076275,0,31,203465786.0,False,-33.18123898801335,-20.55514839675958,-51.91,26808602,77.77777777777779,1.2346927705659316,19.56241761236772,48,False,False,False,True,True,排除·週期股,,2
399,2499,模擬2499,鋼鐵工業,True,2026-05-01,20265766,66897003.0,False,-69.7060180707946,0,28,476689417.0,False,-17.894202517517133,40.8010669832779,-52.13,42335098,75.0,1.6256377474246315,-12.274856811298662,48,False,False,False,True,False,排除·週期股,,1
400,1952,模擬1952,鋼鐵工業,True,2026-05-01,29608639,120915695.0,False,-75.51298944276836,0,6,950095371.0,False,-4.32351947168006,59.46876648337651,-52.56,62408942,55.55555555555556,1.253843390979598,-32.40476955126823,48,False,False,False,True,False,排除·週期股,,1
401,1916,模擬1916,油電燃氣業,True,2026-05-01,18147710,78121898.0,False,-76.77000883926297,0,30,528234890.0,False,-14.566225114659403,46.912868918083106,-52.67,38342825,61.111111111111114,1.3827462819568601,-19.459412847000735,48,False,False,False,True,False,排除·週期股,,1
402,1178,模擬1178,塑膠工業,True,2026-05-01,7745780,27898105.0,False,-72.23546187097654,0,33,157583644.0,False,-34.76644175408212,-11.102108325132832,-53.17,16540044,61.111111111111114,1.096857389256244,7.36565857399516,48,False,False,False,True,False,排除·週期股,,1
403,2263,模擬2263,油電燃氣業,True,2026-05-01,7625970,23322568.0,False,-67.30218559122649,0,33,170735399.0,False,-23.595197378112466,10.416240282871335,-53.37,16353588,69.44444444444444,1.3219459673913128,-0.48865993756973536,48,False,False,False,True,False,排除·週期股,,1
404,1527,模擬1527,鋼鐵工業,True,2026-05-01,13675341,55839656.0,False,-75.50962527419581,0,28,375737343.0,False,-23.988643482360615,24.861775269453478,-53.59,29466881,61.111111111111114,1.3769947947405194,-19.940274384931257,48,False,False,False,True,False,排除·週期股,,1
405,1722,台肥,化學工業,True,2026-05-01,3156784,10861723.0,False,-70.93661843521511,0,8,82581108.0,False,-5.789356863667782,51.13918672651903,-53.92,6850091,66.66666666666666,1.5469608156643397,-14.867067922037947,48,False,False,False,True,False,排除·週期股,,1
406,1806,模擬1806,橡膠工業,True,2026-05-01,21715568,86482622.0,False,-74.89025251801455,0,30,638991588.0,False,-14.833293039665241,46.53595685988849,-54.23,47440977,66.66666666666666,1.404876904268243,-20.718985110511557,48,False,False,False,True,False,排除·週期股,,1
407,1925,模擬1925,航運業,True,2026-05-01,15262682,60418367.0,False,-74.7383407433041,0,8,434631661.0,False,-11.348815026822434,54.13171219577628,-54.31,33405835,66.66666666666666,1.4229405984111128,-21.141173066507058,48,False,False,False,True,False,排除·週期股,,1
408,1860,模擬1860,塑膠工業,True,2026-05-01,8112443,23501004.0,False,-65.48044075053134,0,33,133524910.0,False,-33.11670795951984,-14.002789229070245,-54.34,17766217,86.11111111111111,1.3985321102506247,37.46513166674883,48,False,False,False,True,True,排除·週期股,,2
409,2607,榮運,航運業,True,2026-05-01,32076516,130367828.0,False,-75.3953743863862,0,7,983150210.0,False,-6.518942977761643,70.27341174220645,-54.9,71121423,63.888888888888886,1.5324032816905948,-29.683144342331037,48,False,False,False,True,False,排除·週期股,,1
410,1304,台聚,塑膠工業,True,2026-05-01,35955961,160678330.0,False,-77.62239562733816,0,8,1101361380.0,False,-4.365336751590387,66.22749339256127,-55.09,80063296,63.888888888888886,1.484276452294105,-27.401916021128038,48,False,False,False,True,False,排除·週期股,,1
411,2020,美亞,鋼鐵工業,True,2026-05-01,16251017,77392669.0,False,-79.0018651508194,0,8,508418608.0,False,-13.491843100038315,50.63848618057732,-55.32,36371840,63.888888888888886,1.346180508751285,-25.640882187498892,48,False,False,False,True,False,排除·週期股,,1
412,1308,亞聚,塑膠工業,True,2026-05-01,21714677,75975689.0,False,-71.41891401603479,0,33,394788497.0,False,-36.342902378398264,-12.569492475321498,-55.88,49216982,69.44444444444444,1.406775660831372,9.086794534668208,48,False,False,False,True,False,排除·週期股,,1
413,2299,模擬2299,鋼鐵工業,True,2026-05-01,15849228,58976683.0,False,-73.12628111011261,0,31,416685574.0,False,-14.737654794803746,39.2633023066324,-56.05,36059932,75.0,1.574602719364984,-20.705052213366315,48,False,False,False,True,False,排除·週期股,,1
414,2553,模擬2553,航運業,True,2026-05-01,7208516,28897277.0,False,-75.05468767870413,0,29,210482877.0,False,-11.57496496634387,58.60673229656426,-56.2,16459507,63.888888888888886,1.604122249861511,-36.40191787126235,48,False,False,False,True,False,排除·週期股,,1
415,1027,模擬1027,化學工業,True,2026-05-01,4021747,20703104.0,False,-80.57418346543591,0,31,151935155.0,False,-11.572959154314876,56.511865582656085,-56.26,9195000,44.44444444444444,1.1724697223561094,-33.29093893748817,48,False,False,False,True,False,排除·週期股,,1
416,2636,台驊投控,航運業,True,2026-05-01,20370548,76571781.0,False,-73.39679483228946,0,30,476376256.0,False,-24.15661603247009,19.71488835161992,-57.28,47684374,75.0,1.6769251923645008,-12.250576462683316,48,False,False,False,True,False,排除·週期股,,1
417,2023,燁輝,鋼鐵工業,True,2026-05-01,17580798,77802653.0,False,-77.40334381656626,0,7,600339701.0,False,-6.243858826406945,71.23731854091344,-57.31,41186016,58.333333333333336,1.4334129379649776,-30.614702787081338,48,False,False,False,True,False,排除·週期股,,1
418,1268,模擬1268,鋼鐵工業,True,2026-05-01,31058964,109005926.0,False,-71.50708668811272,0,30,595734913.0,False,-38.472152678243695,-13.379792737654384,-57.34,72813748,75.0,1.3272443399137124,-5.6532074369142755,48,False,False,False,True,False,排除·週期股,,1
419,2603,長榮,航運業,True,2026-05-01,20290057,66817771.0,False,-69.63374159847385,0,32,387780072.0,False,-34.80146459509347,-22.993548608894542,-57.34,47565649,69.44444444444444,1.196969088635289,25.25974965674567,48,False,False,False,True,True,排除·週期股,,2
420,2026,模擬2026,水泥工業,True,2026-05-01,1957399,7423546.0,False,-73.6325605041041,0,30,41790382.0,False,-30.58763746395623,-1.0625276032196207,-57.61,4617268,75.0,1.3585596278757195,-6.619441983867147,48,False,False,False,True,False,排除·週期股,,1
421,1124,模擬1124,橡膠工業,True,2026-05-01,30009704,138064852.0,False,-78.26405231651572,0,30,782179500.0,False,-27.231537189824618,9.677562189722554,-57.62,70818618,63.888888888888886,1.1901534842271924,4.100936244954556,48,False,False,False,True,False,排除·週期股,,1
422,1054,模擬1054,玻璃陶瓷,True,2026-05-01,27555027,84810709.0,False,-67.50996740281938,0,30,462114805.0,False,-38.123657415258116,-25.31499999714748,-57.94,65514616,75.0,1.2774231617860214,9.110268993354499,48,False,False,False,True,False,排除·週期股,,1
423,1477,模擬1477,玻璃陶瓷,True,2026-05-01,5935387,24244956.0,False,-75.5190852893278,0,28,168339404.0,False,-16.908344510279893,27.501617634216302,-58.51,14305398,69.44444444444444,1.5329593430950996,-15.395296610775432,48,False,False,False,True,False,排除·週期股,,1
424,1108,幸福,水泥工業,True,2026-05-01,31097278,121845316.0,False,-74.47806857015333,0,31,754228789.0,False,-27.682446050903554,3.6187547057100256,-58.54,75007532,66.66666666666666,1.424953912594163,-14.775393589571662,48,False,False,False,True,False,排除·週期股,,1
425,1616,模擬1616,鋼鐵工業,True,2026-05-01,3803317,11822777.0,False,-67.83059513006124,0,31,74132413.0,False,-28.142299980284125,-7.151365351530425,-58.79,9229636,86.11111111111111,1.4070543002601552,7.104631805537864,48,False,False,False,True,False,排除·週期股,,1
426,1934,模擬1934,水泥工業,True,2026-05-01,24309399,79794895.0,False,-69.53514507413037,0,32,504948499.0,False,-31.037491841568997,-7.43197813150932,-58.95,59216763,75.0,1.4837737018682113,-7.413025261689221,48,False,False,False,True,False,排除·週期股,,1
427,2606,裕民,航運業,True,2026-05-01,26086589,112260761.0,False,-76.76250475444398,0,31,828098852.0,False,-15.203636001040199,39.16295565917414,-59.23,63977315,66.66666666666666,1.3033101270020848,-22.272568955528293,48,False,False,False,True,False,排除·週期股,,1
428,1045,模擬1045,造紙工業,True,2026-05-01,27354095,95420650.0,False,-71.33314958554568,0,31,576385405.0,False,-32.12556075080055,-5.507222303252435,-59.49,67519094,75.0,1.481935697811171,-8.733488090412022,48,False,False,False,True,False,排除·週期股,,1
429,1906,模擬1906,玻璃陶瓷,True,2026-05-01,24538077,111154852.0,False,-77.92442114897513,0,29,713769918.0,False,-13.373608754049016,50.20391071794514,-59.83,61081577,66.66666666666666,1.7128711978651805,-24.544265102771746,48,False,False,False,True,False,排除·週期股,,1
430,2612,中航,航運業,True,2026-05-01,6380208,29825814.0,False,-78.60843630286168,0,30,165749947.0,False,-29.415624421844043,6.626676021512035,-59.94,15926219,61.111111111111114,1.419443921818111,-22.878630004188636,48,False,False,False,True,False,排除·週期股,,1
431,2189,模擬2189,航運業,True,2026-05-01,15713543,53399921.0,False,-70.5738459800343,0,32,325408140.0,False,-28.680332369829596,-8.50974297942586,-59.95,39229946,77.77777777777779,1.459522272366577,8.357361591586843,48,False,False,False,True,False,排除·週期股,,1
432,1833,模擬1833,油電燃氣業,True,2026-05-01,30691313,123256565.0,False,-75.0996525012684,0,30,665299535.0,False,-34.12158370773839,-12.483954284206122,-59.99,76714668,72.22222222222221,1.1829945695279405,-5.877393625229621,48,False,False,False,True,False,排除·週期股,,1
433,1904,正隆,造紙工業,True,2026-05-01,4634897,18075154.0,False,-74.35763479525541,0,9,130105101.0,False,-12.371204865531105,48.61963587537805,-60.05,11602841,77.77777777777779,1.81817300020755,-11.996714272941967,48,False,False,False,True,False,排除·週期股,,1
434,2180,模擬2180,油電燃氣業,True,2026-05-01,18284244,60939051.0,False,-69.9958504440773,0,31,381731908.0,False,-28.292711935942194,2.340891760984909,-60.43,46207119,83.33333333333334,1.5921410449954847,6.59465009910849,48,False,False,False,True,False,排除·週期股,,1
435,1310,台苯,塑膠工業,True,2026-05-01,21031266,83075358.0,False,-74.68411029898903,0,32,497125226.0,False,-29.520629446637514,-4.7110143854416915,-60.6,53382096,63.888888888888886,1.4660822232206276,4.866276243792544,48,False,False,False,True,False,排除·週期股,,1
436,1000,模擬1000,水泥工業,True,2026-05-01,33185161,136039975.0,False,-75.60631645220458,0,7,1135521704.0,False,-7.699300189388958,72.91081373290183,-60.75,84547080,69.44444444444444,1.709006050302606,-32.41678801327065,48,False,False,False,True,False,排除·週期股,,1
437,1459,模擬1459,橡膠工業,True,2026-05-01,20474373,81166756.0,False,-74.77492755777993,0,30,513510813.0,False,-24.67333419921236,10.674091805758469,-60.89,52349523,75.0,1.5521561461369957,-13.318293031497586,48,False,False,False,True,False,排除·週期股,,1
438,1441,模擬1441,鋼鐵工業,True,2026-05-01,32283263,134149257.0,False,-75.93481788721348,0,7,970459228.0,False,-20.175100858411753,33.92244924375019,-60.92,82599037,72.22222222222221,1.4141792088646854,-33.27772410215047,48,False,False,False,True,False,排除·週期股,,1
439,1311,模擬1311,玻璃陶瓷,True,2026-05-01,14413721,63356351.0,False,-77.24976143275676,0,6,478558497.0,False,-10.792830648410801,51.659917399910825,-61.58,37517930,72.22222222222221,1.5120872188753558,-27.02586076336415,48,False,False,False,True,False,排除·週期股,,1
440,1101,台泥,水泥工業,True,2026-05-01,3578829,16502485.0,False,-78.31339340711413,0,30,127689010.0,False,-10.209857553152746,51.46821572795086,-61.64,9330004,66.66666666666666,1.2795718633925275,-32.339449184046174,48,False,False,False,True,False,排除·週期股,,1
441,1205,模擬1205,橡膠工業,True,2026-05-01,30416651,142019097.0,False,-78.58270356415518,0,9,979824375.0,False,-9.13604339794979,65.18926739394489,-61.66,79336512,72.22222222222221,1.6108052547979475,-23.790718437667703,48,False,False,False,True,False,排除·週期股,,1
442,1378,模擬1378,橡膠工業,True,2026-05-01,31681189,172098887.0,False,-81.59128768799069,0,29,1041485990.0,False,-15.166475361440723,38.20921009689309,-61.83,83008446,69.44444444444444,1.3648043835424002,-28.672020431541934,48,False,False,False,True,False,排除·週期股,,1
443,1102,亞泥,水泥工業,True,2026-05-01,31102533,150145053.0,False,-79.28500980981372,0,32,763671198.0,False,-35.98605711837634,-14.800333147389422,-62.22,82319989,61.111111111111114,1.157127392630385,-8.752840662133343,48,False,False,False,True,False,排除·週期股,,1
444,1241,模擬1241,航運業,True,2026-05-01,28634908,118288861.0,False,-75.79238843123191,0,28,737042332.0,False,-23.851593788517377,26.339559217201657,-62.25,75858881,80.55555555555556,2.000717905941688,-13.582025867821844,48,False,False,False,True,False,排除·週期股,,1
445,1326,台化,塑膠工業,True,2026-05-01,33612707,122650598.0,False,-72.59474674554787,0,30,761048089.0,False,-30.116455991364234,7.175585788361372,-62.9,90592323,80.55555555555556,1.7949777082423652,-6.583208112191475,48,False,False,False,True,False,排除·週期股,,1
446,2060,模擬2060,化學工業,True,2026-05-01,22525299,97145430.0,False,-76.81280632552658,0,29,628276973.0,False,-24.692386430230464,24.24696357363374,-63.24,61275514,80.55555555555556,1.5938540463062805,-21.846420113759592,48,False,False,False,True,False,排除·週期股,,1
447,1537,模擬1537,化學工業,True,2026-05-01,23876738,100901517.0,False,-76.33659164906311,0,31,479582189.0,False,-40.61202580828248,-21.953860956674585,-63.38,65197478,75.0,1.1821236981109893,6.06503295958376,48,False,False,False,True,False,排除·週期股,,1
448,2162,模擬2162,造紙工業,True,2026-05-01,31608321,136705491.0,False,-76.87852860277573,0,29,1012344974.0,False,-11.59522567172191,45.80375725884085,-63.45,86469033,77.77777777777779,1.6259617376480928,-27.689376744829765,48,False,False,False,True,False,排除·週期股,,1
449,1286,模擬1286,橡膠工業,True,2026-05-01,18306421,87279220.0,False,-79.0254530230678,0,31,552429665.0,False,-21.016919381962328,33.78279346871149,-63.66,50377555,80.55555555555556,1.6497359131896827,-20.851998110213067,48,False,False,False,True,False,排除·週期股,,1
450,1414,模擬1414,航運業,True,2026-05-01,27604663,148442300.0,False,-81.40377574316756,0,31,999589448.0,False,-15.521595727428672,34.17434817102165,-64.39,77523990,58.333333333333336,1.4655051094808962,-26.85387458020142,48,False,False,False,True,False,排除·週期股,,1
451,1187,模擬1187,鋼鐵工業,True,2026-05-01,10487920,49410831.0,False,-78.77404652433391,0,31,265688023.0,False,-30.231828499782477,0.2524785901407478,-64.88,29860710,77.77777777777779,1.353783839002569,-4.355958633898338,48,False,False,False,True,False,排除·週期股,,1
452,1432,模擬1432,塑膠工業,True,2026-05-01,5542655,25086443.0,False,-77.90577564144905,0,31,175641218.0,False,-10.874550299283914,50.01065671253278,-65.46,16048810,77.77777777777779,1.860215155340352,-23.141466759985953,48,False,False,False,True,False,排除·週期股,,1
453,2144,模擬2144,化學工業,True,2026-05-01,22410172,96275966.0,False,-76.72298401036038,0,32,592885569.0,False,-28.186779794601314,4.491724617952819,-65.63,65209248,72.22222222222221,1.5430595605852373,-3.5757059551591364,48,False,False,False,True,False,排除·週期股,,1
454,1907,永豐餘,造紙工業,True,2026-05-01,24383300,103509690.0,False,-76.44346147689168,0,6,802844855.0,False,-14.090929715307698,37.18656615971134,-66.0,71719858,80.55555555555556,1.5054366848169891,-31.236679822889755,48,False,False,False,True,False,排除·週期股,,1
455,1109,信大,水泥工業,True,2026-05-01,27108360,107744399.0,False,-74.84012138765561,0,31,620546339.0,False,-26.799925372405088,0.10122357388930858,-66.47,80856414,88.88888888888889,1.8446624073592655,-10.37725660071801,48,False,False,False,True,False,排除·週期股,,1
456,2029,盛餘,鋼鐵工業,True,2026-05-01,25305251,117584308.0,False,-78.47905776678977,0,30,805695203.0,False,-18.263473777699545,36.23216022519207,-66.94,76536282,77.77777777777779,1.7305323711024543,-25.67899966130224,48,False,False,False,True,False,排除·週期股,,1
457,1824,模擬1824,玻璃陶瓷,True,2026-05-01,27547465,149297528.0,False,-81.54861278078228,0,30,882658549.0,False,-26.408067071804265,2.5972964536923326,-67.31,84263850,69.44444444444444,1.2568635752213582,-17.814121947666294,48,False,False,False,True,False,排除·週期股,,1
458,2433,模擬2433,造紙工業,True,2026-05-01,19648688,100578416.0,False,-80.46430955921994,0,7,718698405.0,False,-12.840194664768756,50.58769119336253,-67.33,60148737,77.77777777777779,1.6933869500272567,-33.5920513346493,48,False,False,False,True,False,排除·週期股,,1
459,1786,模擬1786,鋼鐵工業,True,2026-05-01,9091765,41492778.0,False,-78.08831936969851,0,31,261976830.0,False,-27.037208020668015,1.7317229775860143,-67.48,27958937,72.22222222222221,1.5950850912693213,-12.916564288636645,48,False,False,False,True,False,排除·週期股,,1
460,1727,中華化,化學工業,True,2026-05-01,14576769,68558687.0,False,-78.73826113385165,0,30,400342176.0,False,-29.599373621067716,-5.095676853508058,-68.68,46544979,77.77777777777779,1.4026377949866968,-15.617423880834668,48,False,False,False,True,False,排除·週期股,,1
461,1305,華夏,塑膠工業,True,2026-05-01,27598804,146761429.0,False,-81.19478381475831,0,30,1034317980.0,False,-12.89008033296658,57.25046866529719,-68.88,88698322,75.0,1.7679343716792364,-26.819858462314606,48,False,False,False,True,False,排除·週期股,,1
462,1732,模擬1732,造紙工業,True,2026-05-01,29880718,143574658.0,False,-79.18802773676119,0,29,972642961.0,False,-16.22253881629342,33.9551583717995,-69.55,98122228,83.33333333333334,1.9109480454295575,-22.968480264941483,48,False,False,False,True,False,排除·週期股,,1
463,2641,正德,航運業,True,2026-05-01,16879683,70511258.0,False,-76.06101000211909,0,31,420872977.0,False,-32.444428612158504,-12.322986915531098,-70.11,56468795,88.88888888888889,1.4425571855397403,2.6018529648087263,48,False,False,False,True,False,排除·週期股,,1
464,2088,模擬2088,玻璃陶瓷,True,2026-05-01,11327516,59696513.0,False,-81.02482803308796,0,31,350417905.0,False,-22.245086930521406,15.272146015477283,-71.29,39459007,83.33333333333334,1.6094175648201996,-20.803558572465974,48,False,False,False,True,False,排除·週期股,,1
465,1009,模擬1009,塑膠工業,True,2026-05-01,22590981,126176908.0,False,-82.09578808192066,0,29,770060709.0,False,-22.297815352609852,17.869720068091176,-72.39,81810479,86.11111111111111,1.8135577154325366,-14.995388081082162,48,False,False,False,True,False,排除·週期股,,1
466,1450,模擬1450,化學工業,True,2026-05-01,21301991,119032948.0,False,-82.10412212927802,0,30,824955638.0,False,-20.821591323721233,29.519051719590863,-74.88,84813132,83.33333333333334,1.8020401247524092,-32.17620360305031,48,False,False,False,True,False,排除·週期股,,1
467,1768,模擬1768,水泥工業,True,2026-05-01,24935121,133745046.0,False,-81.35622832714118,0,30,720494824.0,False,-22.93430462948638,10.043432278301868,-75.04,99903961,97.22222222222221,2.077299724718796,-25.351660252622622,48,False,False,False,True,False,排除·週期股,,1
468,1396,模擬1396,玻璃陶瓷,True,2026-05-01,26562243,127043783.0,False,-79.0920560040313,0,7,834552725.0,False,-20.25303581812188,17.68459179362405,-76.41,112596094,94.44444444444444,2.2168502013889264,-33.28501867843025,48,False,False,False,True,False,排除·週期股,,1
